address,symbol,prediction
0x04e1dd13ef029f573cf717f094a6b601b9e03550,AAVE,-0.000007748604
0x04e1dd13ef029f573cf717f094a6b601b9e03550,ADA,-0.004076481
0x04e1dd13ef029f573cf717f094a6b601b9e03550,ALGO,-0.01869303
0x04e1dd13ef029f573cf717f094a6b601b9e03550,APE,-0.0014515519
0x04e1dd13ef029f573cf717f094a6b601b9e03550,APT,-0.007039845
0x04e1dd13ef029f573cf717f094a6b601b9e03550,ATOM,-0.0045178533
0x04e1dd13ef029f573cf717f094a6b601b9e03550,AVAX,-0.005234003
0x04e1dd13ef029f573cf717f094a6b601b9e03550,AXS,-0.0025588274
0x04e1dd13ef029f573cf717f094a6b601b9e03550,BAL,-0.014000416
0x04e1dd13ef029f573cf717f094a6b601b9e03550,BCH,-0.003445506
0x04e1dd13ef029f573cf717f094a6b601b9e03550,BLUR,-0.006788254
0x04e1dd13ef029f573cf717f094a6b601b9e03550,BNB,-0.0036485791
0x04e1dd13ef029f573cf717f094a6b601b9e03550,BONK,-0.019982517
0x04e1dd13ef029f573cf717f094a6b601b9e03550,BTC,-0.0043576956
0x04e1dd13ef029f573cf717f094a6b601b9e03550,C98,0.0054758787
0x04e1dd13ef029f573cf717f094a6b601b9e03550,CAKE,-0.0119192
0x04e1dd13ef029f573cf717f094a6b601b9e03550,COMP,-0.021682024
0x04e1dd13ef029f573cf717f094a6b601b9e03550,CRV,-0.008378506
0x04e1dd13ef029f573cf717f094a6b601b9e03550,CVX,0.0017799139
0x04e1dd13ef029f573cf717f094a6b601b9e03550,DAI,-0.00003427267
0x04e1dd13ef029f573cf717f094a6b601b9e03550,DAO,-0.0010447502
0x04e1dd13ef029f573cf717f094a6b601b9e03550,DOGE,-0.004482329
0x04e1dd13ef029f573cf717f094a6b601b9e03550,DOT,-0.002652824
0x04e1dd13ef029f573cf717f094a6b601b9e03550,DYDX,-0.014541447
0x04e1dd13ef029f573cf717f094a6b601b9e03550,EOS,-0.005967915
0x04e1dd13ef029f573cf717f094a6b601b9e03550,ETC,-0.001840353
0x04e1dd13ef029f573cf717f094a6b601b9e03550,ETH,-0.0076084137
0x04e1dd13ef029f573cf717f094a6b601b9e03550,FET,-0.02397132
0x04e1dd13ef029f573cf717f094a6b601b9e03550,FIL,-0.00006556511
0x04e1dd13ef029f573cf717f094a6b601b9e03550,FRAX,0.0016326904
0x04e1dd13ef029f573cf717f094a6b601b9e03550,FTM,-0.00012665987
0x04e1dd13ef029f573cf717f094a6b601b9e03550,FXS,-0.00048977137
0x04e1dd13ef029f573cf717f094a6b601b9e03550,GRT,-0.006391585
0x04e1dd13ef029f573cf717f094a6b601b9e03550,HAI,-0.006444216
0x04e1dd13ef029f573cf717f094a6b601b9e03550,HERO,-0.010640681
0x04e1dd13ef029f573cf717f094a6b601b9e03550,ICP,-0.01722461
0x04e1dd13ef029f573cf717f094a6b601b9e03550,IMX,-0.013631284
0x04e1dd13ef029f573cf717f094a6b601b9e03550,INJ,-0.008467078
0x04e1dd13ef029f573cf717f094a6b601b9e03550,LDO,-0.0008228421
0x04e1dd13ef029f573cf717f094a6b601b9e03550,LINK,-0.0114578605
0x04e1dd13ef029f573cf717f094a6b601b9e03550,LTC,-0.00239712
0x04e1dd13ef029f573cf717f094a6b601b9e03550,MATIC,-0.0028316379
0x04e1dd13ef029f573cf717f094a6b601b9e03550,MAV,-0.00088626146
0x04e1dd13ef029f573cf717f094a6b601b9e03550,MBOX,-0.017778695
0x04e1dd13ef029f573cf717f094a6b601b9e03550,MKR,-0.022304833
0x04e1dd13ef029f573cf717f094a6b601b9e03550,MOON,-0.005503118
0x04e1dd13ef029f573cf717f094a6b601b9e03550,NEAR,0.0009636879
0x04e1dd13ef029f573cf717f094a6b601b9e03550,OP,-0.003992319
0x04e1dd13ef029f573cf717f094a6b601b9e03550,PENDLE,-0.0015380383
0x04e1dd13ef029f573cf717f094a6b601b9e03550,PEPE,-0.0038723946
0x04e1dd13ef029f573cf717f094a6b601b9e03550,PERP,-0.011336207
0x04e1dd13ef029f573cf717f094a6b601b9e03550,PIT,-0.013625085
0x04e1dd13ef029f573cf717f094a6b601b9e03550,POLS,-0.0021203756
0x04e1dd13ef029f573cf717f094a6b601b9e03550,PYTH,-0.02290517
0x04e1dd13ef029f573cf717f094a6b601b9e03550,QUACK,-0.0038437843
0x04e1dd13ef029f573cf717f094a6b601b9e03550,RDNT,-0.004974246
0x04e1dd13ef029f573cf717f094a6b601b9e03550,RNDR,-0.009723067
0x04e1dd13ef029f573cf717f094a6b601b9e03550,RPL,-0.0025171041
0x04e1dd13ef029f573cf717f094a6b601b9e03550,RUNE,-0.00954181
0x04e1dd13ef029f573cf717f094a6b601b9e03550,SFP,-0.025708497
0x04e1dd13ef029f573cf717f094a6b601b9e03550,SFUND,-0.008746862
0x04e1dd13ef029f573cf717f094a6b601b9e03550,SHIB,-0.002454698
0x04e1dd13ef029f573cf717f094a6b601b9e03550,SOL,-0.00330621
0x04e1dd13ef029f573cf717f094a6b601b9e03550,STG,-0.0015543699
0x04e1dd13ef029f573cf717f094a6b601b9e03550,SUI,-0.0031548142
0x04e1dd13ef029f573cf717f094a6b601b9e03550,SUSHI,-0.011519134
0x04e1dd13ef029f573cf717f094a6b601b9e03550,TIA,-0.00771904
0x04e1dd13ef029f573cf717f094a6b601b9e03550,TOKEN,-0.027525961
0x04e1dd13ef029f573cf717f094a6b601b9e03550,TRX,-0.010791361
0x04e1dd13ef029f573cf717f094a6b601b9e03550,UNI,-0.0010329485
0x04e1dd13ef029f573cf717f094a6b601b9e03550,USDT,-0.0040891767
0x04e1dd13ef029f573cf717f094a6b601b9e03550,XLM,-0.014089584
0x04e1dd13ef029f573cf717f094a6b601b9e03550,XMR,-0.0030177832
0x04e1dd13ef029f573cf717f094a6b601b9e03550,XRP,-0.0065869093
0x04e1dd13ef029f573cf717f094a6b601b9e03550,XTZ,0.002114296
0x04e1dd13ef029f573cf717f094a6b601b9e03550,XVS,-0.017029524
0x04e1dd13ef029f573cf717f094a6b601b9e03550,YFI,0.00009846687
0x05af269c4ff706ae439648c97b788fa391539dec,AAVE,-0.0393904854651044
0x05af269c4ff706ae439648c97b788fa391539dec,ADA,0.1071501383035707
0x05af269c4ff706ae439648c97b788fa391539dec,ALGO,-0.0092750875755205
0x05af269c4ff706ae439648c97b788fa391539dec,APE,-0.157980971786794
0x05af269c4ff706ae439648c97b788fa391539dec,APT,-0.0902081741848127
0x05af269c4ff706ae439648c97b788fa391539dec,ATOM,-0.0435131127715104
0x05af269c4ff706ae439648c97b788fa391539dec,AVAX,0.1859844793459694
0x05af269c4ff706ae439648c97b788fa391539dec,AXS,0.2140509061895862
0x05af269c4ff706ae439648c97b788fa391539dec,BAL,-0.1439850488465584
0x05af269c4ff706ae439648c97b788fa391539dec,BCH,0.2233763177471522
0x05af269c4ff706ae439648c97b788fa391539dec,BLUR,-0.0255469378398833
0x05af269c4ff706ae439648c97b788fa391539dec,BNB,0.0309668812178429
0x05af269c4ff706ae439648c97b788fa391539dec,BONK,0.2189459373275575
0x05af269c4ff706ae439648c97b788fa391539dec,BTC,-0.0773370553508093
0x05af269c4ff706ae439648c97b788fa391539dec,C98,-0.1501531738986171
0x05af269c4ff706ae439648c97b788fa391539dec,CAKE,0.2030279266205942
0x05af269c4ff706ae439648c97b788fa391539dec,COMP,0.0226931683897494
0x05af269c4ff706ae439648c97b788fa391539dec,CRV,0.058905670723184
0x05af269c4ff706ae439648c97b788fa391539dec,CVX,-0.1444960604844222
0x05af269c4ff706ae439648c97b788fa391539dec,DAI,0.0029108118631217
0x05af269c4ff706ae439648c97b788fa391539dec,DAO,-0.1152420865652351
0x05af269c4ff706ae439648c97b788fa391539dec,DOGE,0.9139882601537224
0x05af269c4ff706ae439648c97b788fa391539dec,DOT,0.0495086322820544
0x05af269c4ff706ae439648c97b788fa391539dec,DYDX,-0.142551959242435
0x05af269c4ff706ae439648c97b788fa391539dec,EOS,-0.1279412469197037
0x05af269c4ff706ae439648c97b788fa391539dec,ETC,0.3964866929075004
0x05af269c4ff706ae439648c97b788fa391539dec,ETH,-0.026439104821694
0x05af269c4ff706ae439648c97b788fa391539dec,FET,0.0078644385229126
0x05af269c4ff706ae439648c97b788fa391539dec,FIL,0.1175615013951645
0x05af269c4ff706ae439648c97b788fa391539dec,FRAX,-0.0007170530218765
0x05af269c4ff706ae439648c97b788fa391539dec,FTM,0.1656890660987489
0x05af269c4ff706ae439648c97b788fa391539dec,FXS,-0.0710526793649227
0x05af269c4ff706ae439648c97b788fa391539dec,GRT,-0.1564843670208625
0x05af269c4ff706ae439648c97b788fa391539dec,HAI,0.0461158268299193
0x05af269c4ff706ae439648c97b788fa391539dec,HERO,0.0672121880048834
0x05af269c4ff706ae439648c97b788fa391539dec,ICP,0.1541859153618721
0x05af269c4ff706ae439648c97b788fa391539dec,IMX,0.0074893176056677
0x05af269c4ff706ae439648c97b788fa391539dec,INJ,-0.0705446131316997
0x05af269c4ff706ae439648c97b788fa391539dec,LDO,0.2338511590498955
0x05af269c4ff706ae439648c97b788fa391539dec,LINK,0.0626474926937603
0x05af269c4ff706ae439648c97b788fa391539dec,LTC,-0.095304147301278
0x05af269c4ff706ae439648c97b788fa391539dec,MATIC,-0.0054700293586681
0x05af269c4ff706ae439648c97b788fa391539dec,MAV,-0.1282625643372476
0x05af269c4ff706ae439648c97b788fa391539dec,MBOX,-0.0784125213170026
0x05af269c4ff706ae439648c97b788fa391539dec,MKR,0.1717741056293147
0x05af269c4ff706ae439648c97b788fa391539dec,MOON,0.2690064162397517
0x05af269c4ff706ae439648c97b788fa391539dec,NEAR,-0.0480384254546559
0x05af269c4ff706ae439648c97b788fa391539dec,OP,0.0783608684170499
0x05af269c4ff706ae439648c97b788fa391539dec,PENDLE,-0.0473743410345127
0x05af269c4ff706ae439648c97b788fa391539dec,PEPE,0.8831402714186132
0x05af269c4ff706ae439648c97b788fa391539dec,PERP,0.1041963258447598
0x05af269c4ff706ae439648c97b788fa391539dec,PIT,0.0749184482313964
0x05af269c4ff706ae439648c97b788fa391539dec,POLS,-0.0900088131365227
0x05af269c4ff706ae439648c97b788fa391539dec,PYTH,-0.0632915206066368
0x05af269c4ff706ae439648c97b788fa391539dec,QUACK,-0.0402553999607744
0x05af269c4ff706ae439648c97b788fa391539dec,RDNT,-0.1703447665962679
0x05af269c4ff706ae439648c97b788fa391539dec,RNDR,0.0467095754944114
0x05af269c4ff706ae439648c97b788fa391539dec,RPL,0.1546124137102571
0x05af269c4ff706ae439648c97b788fa391539dec,RUNE,-0.0352917321020218
0x05af269c4ff706ae439648c97b788fa391539dec,SFP,-0.0291070807164242
0x05af269c4ff706ae439648c97b788fa391539dec,SFUND,0.1181348998874768
0x05af269c4ff706ae439648c97b788fa391539dec,SHIB,0.531761590447246
0x05af269c4ff706ae439648c97b788fa391539dec,SOL,-0.1016194270537131
0x05af269c4ff706ae439648c97b788fa391539dec,STG,-0.0529181936530646
0x05af269c4ff706ae439648c97b788fa391539dec,SUI,0.0678270428924516
0x05af269c4ff706ae439648c97b788fa391539dec,SUSHI,-0.0711079835958695
0x05af269c4ff706ae439648c97b788fa391539dec,TIA,-0.0690775114328342
0x05af269c4ff706ae439648c97b788fa391539dec,TOKEN,0.1347948498109571
0x05af269c4ff706ae439648c97b788fa391539dec,TRX,0.1411241354931566
0x05af269c4ff706ae439648c97b788fa391539dec,UNI,-0.10813970746166
0x05af269c4ff706ae439648c97b788fa391539dec,USDT,0.0007501731933032
0x05af269c4ff706ae439648c97b788fa391539dec,XLM,0.0808944698141602
0x05af269c4ff706ae439648c97b788fa391539dec,XMR,-0.0361325952437219
0x05af269c4ff706ae439648c97b788fa391539dec,XRP,0.0963551243932221
0x05af269c4ff706ae439648c97b788fa391539dec,XTZ,-0.0800506235001822
0x05af269c4ff706ae439648c97b788fa391539dec,XVS,-0.1334051981399422
0x05af269c4ff706ae439648c97b788fa391539dec,YFI,-0.0765975514747377
0x063af2c2952d7799ce1eac2f1a85c7b4aa4fe553,AAVE,0.031263474
0x063af2c2952d7799ce1eac2f1a85c7b4aa4fe553,ADA,0.025512211
0x063af2c2952d7799ce1eac2f1a85c7b4aa4fe553,ALGO,0.013773959
0x063af2c2952d7799ce1eac2f1a85c7b4aa4fe553,APE,0.00028369002
0x063af2c2952d7799ce1eac2f1a85c7b4aa4fe553,APT,0.008297117
0x063af2c2952d7799ce1eac2f1a85c7b4aa4fe553,ATOM,0.03332959
0x063af2c2952d7799ce1eac2f1a85c7b4aa4fe553,AVAX,0.029699288
0x063af2c2952d7799ce1eac2f1a85c7b4aa4fe553,AXS,0.008733289
0x063af2c2952d7799ce1eac2f1a85c7b4aa4fe553,BAL,0.018222071
0x063af2c2952d7799ce1eac2f1a85c7b4aa4fe553,BCH,0.0024298287
0x063af2c2952d7799ce1eac2f1a85c7b4aa4fe553,BLUR,0.003574742
0x063af2c2952d7799ce1eac2f1a85c7b4aa4fe553,BNB,-0.011630233
0x063af2c2952d7799ce1eac2f1a85c7b4aa4fe553,BONK,0.01109391
0x063af2c2952d7799ce1eac2f1a85c7b4aa4fe553,BTC,0.010975907
0x063af2c2952d7799ce1eac2f1a85c7b4aa4fe553,C98,0.018476246
0x063af2c2952d7799ce1eac2f1a85c7b4aa4fe553,CAKE,0.029361444
0x063af2c2952d7799ce1eac2f1a85c7b4aa4fe553,COMP,-0.0008128062
0x063af2c2952d7799ce1eac2f1a85c7b4aa4fe553,CRV,0.005790898
0x063af2c2952d7799ce1eac2f1a85c7b4aa4fe553,CVX,0.019021662
0x063af2c2952d7799ce1eac2f1a85c7b4aa4fe553,DAI,0.021267708
0x063af2c2952d7799ce1eac2f1a85c7b4aa4fe553,DAO,0.005958577
0x063af2c2952d7799ce1eac2f1a85c7b4aa4fe553,DOGE,0.0067291316
0x063af2c2952d7799ce1eac2f1a85c7b4aa4fe553,DOT,0.01265814
0x063af2c2952d7799ce1eac2f1a85c7b4aa4fe553,DYDX,0.014425941
0x063af2c2952d7799ce1eac2f1a85c7b4aa4fe553,EOS,0.01438109
0x063af2c2952d7799ce1eac2f1a85c7b4aa4fe553,ETC,0.015201075
0x063af2c2952d7799ce1eac2f1a85c7b4aa4fe553,ETH,-0.005690996
0x063af2c2952d7799ce1eac2f1a85c7b4aa4fe553,FET,0.021141278
0x063af2c2952d7799ce1eac2f1a85c7b4aa4fe553,FIL,0.0038560203
0x063af2c2952d7799ce1eac2f1a85c7b4aa4fe553,FRAX,0.030346822
0x063af2c2952d7799ce1eac2f1a85c7b4aa4fe553,FTM,0.011613931
0x063af2c2952d7799ce1eac2f1a85c7b4aa4fe553,FXS,0.053188264
0x063af2c2952d7799ce1eac2f1a85c7b4aa4fe553,GRT,0.028633816
0x063af2c2952d7799ce1eac2f1a85c7b4aa4fe553,HAI,-0.0096057085
0x063af2c2952d7799ce1eac2f1a85c7b4aa4fe553,HERO,0.011470339
0x063af2c2952d7799ce1eac2f1a85c7b4aa4fe553,ICP,0.008471993
0x063af2c2952d7799ce1eac2f1a85c7b4aa4fe553,IMX,0.0023429012
0x063af2c2952d7799ce1eac2f1a85c7b4aa4fe553,INJ,0.03679827
0x063af2c2952d7799ce1eac2f1a85c7b4aa4fe553,LDO,0.01131392
0x063af2c2952d7799ce1eac2f1a85c7b4aa4fe553,LINK,0.0051223356
0x063af2c2952d7799ce1eac2f1a85c7b4aa4fe553,LTC,-0.00997251
0x063af2c2952d7799ce1eac2f1a85c7b4aa4fe553,MATIC,-0.0040355036
0x063af2c2952d7799ce1eac2f1a85c7b4aa4fe553,MAV,-0.01699557
0x063af2c2952d7799ce1eac2f1a85c7b4aa4fe553,MBOX,0.0119189145
0x063af2c2952d7799ce1eac2f1a85c7b4aa4fe553,MKR,0.012829187
0x063af2c2952d7799ce1eac2f1a85c7b4aa4fe553,MOON,-0.008919727
0x063af2c2952d7799ce1eac2f1a85c7b4aa4fe553,NEAR,-0.008841463
0x063af2c2952d7799ce1eac2f1a85c7b4aa4fe553,OP,-0.01783956
0x063af2c2952d7799ce1eac2f1a85c7b4aa4fe553,PENDLE,0.023483858
0x063af2c2952d7799ce1eac2f1a85c7b4aa4fe553,PEPE,0.01128608
0x063af2c2952d7799ce1eac2f1a85c7b4aa4fe553,PERP,0.015796168
0x063af2c2952d7799ce1eac2f1a85c7b4aa4fe553,PIT,0.031381585
0x063af2c2952d7799ce1eac2f1a85c7b4aa4fe553,POLS,0.01677712
0x063af2c2952d7799ce1eac2f1a85c7b4aa4fe553,PYTH,0.02880551
0x063af2c2952d7799ce1eac2f1a85c7b4aa4fe553,QUACK,0.011124925
0x063af2c2952d7799ce1eac2f1a85c7b4aa4fe553,RDNT,0.019612614
0x063af2c2952d7799ce1eac2f1a85c7b4aa4fe553,RNDR,-0.004393221
0x063af2c2952d7799ce1eac2f1a85c7b4aa4fe553,RPL,0.018880712
0x063af2c2952d7799ce1eac2f1a85c7b4aa4fe553,RUNE,0.0005737869
0x063af2c2952d7799ce1eac2f1a85c7b4aa4fe553,SFP,0.023847038
0x063af2c2952d7799ce1eac2f1a85c7b4aa4fe553,SFUND,0.0106480755
0x063af2c2952d7799ce1eac2f1a85c7b4aa4fe553,SHIB,-0.008492656
0x063af2c2952d7799ce1eac2f1a85c7b4aa4fe553,SOL,0.00031156614
0x063af2c2952d7799ce1eac2f1a85c7b4aa4fe553,STG,0.02316411
0x063af2c2952d7799ce1eac2f1a85c7b4aa4fe553,SUI,0.01808696
0x063af2c2952d7799ce1eac2f1a85c7b4aa4fe553,SUSHI,0.02133062
0x063af2c2952d7799ce1eac2f1a85c7b4aa4fe553,TIA,0.046071157
0x063af2c2952d7799ce1eac2f1a85c7b4aa4fe553,TOKEN,-0.0049838
0x063af2c2952d7799ce1eac2f1a85c7b4aa4fe553,TRX,0.001535867
0x063af2c2952d7799ce1eac2f1a85c7b4aa4fe553,UNI,0.042938285
0x063af2c2952d7799ce1eac2f1a85c7b4aa4fe553,USDT,0.004926163
0x063af2c2952d7799ce1eac2f1a85c7b4aa4fe553,XLM,-0.00057124335
0x063af2c2952d7799ce1eac2f1a85c7b4aa4fe553,XMR,0.0045243837
0x063af2c2952d7799ce1eac2f1a85c7b4aa4fe553,XRP,-0.0003964591
0x063af2c2952d7799ce1eac2f1a85c7b4aa4fe553,XTZ,0.04636223
0x063af2c2952d7799ce1eac2f1a85c7b4aa4fe553,XVS,0.0012333291
0x063af2c2952d7799ce1eac2f1a85c7b4aa4fe553,YFI,0.01617103
0x0651efb6e070e659c6e030cea8d5e25b016d684e,AAVE,0.0247613036487332
0x0651efb6e070e659c6e030cea8d5e25b016d684e,ADA,0.0102460664815356
0x0651efb6e070e659c6e030cea8d5e25b016d684e,ALGO,0.021052931287345
0x0651efb6e070e659c6e030cea8d5e25b016d684e,APE,-0.0017769696354576
0x0651efb6e070e659c6e030cea8d5e25b016d684e,APT,0.0055717159919058
0x0651efb6e070e659c6e030cea8d5e25b016d684e,ATOM,0.0124688668755602
0x0651efb6e070e659c6e030cea8d5e25b016d684e,AVAX,0.0131769163444629
0x0651efb6e070e659c6e030cea8d5e25b016d684e,AXS,0.0059711237955114
0x0651efb6e070e659c6e030cea8d5e25b016d684e,BAL,0.0046098502443168
0x0651efb6e070e659c6e030cea8d5e25b016d684e,BCH,0.0025432926712056
0x0651efb6e070e659c6e030cea8d5e25b016d684e,BLUR,0.0018116504059433
0x0651efb6e070e659c6e030cea8d5e25b016d684e,BNB,0.0179845311324238
0x0651efb6e070e659c6e030cea8d5e25b016d684e,BONK,0.0066910190758129
0x0651efb6e070e659c6e030cea8d5e25b016d684e,BTC,0.0090268558426257
0x0651efb6e070e659c6e030cea8d5e25b016d684e,C98,0.0008970012818423
0x0651efb6e070e659c6e030cea8d5e25b016d684e,CAKE,0.0280418483886183
0x0651efb6e070e659c6e030cea8d5e25b016d684e,COMP,0.0171697079160365
0x0651efb6e070e659c6e030cea8d5e25b016d684e,CRV,0.0243267311241392
0x0651efb6e070e659c6e030cea8d5e25b016d684e,CVX,0.0074221778202415
0x0651efb6e070e659c6e030cea8d5e25b016d684e,DAI,0.0203538843867679
0x0651efb6e070e659c6e030cea8d5e25b016d684e,DAO,0.019297813469251
0x0651efb6e070e659c6e030cea8d5e25b016d684e,DOGE,0.0301055423023722
0x0651efb6e070e659c6e030cea8d5e25b016d684e,DOT,0.0087715386000948
0x0651efb6e070e659c6e030cea8d5e25b016d684e,DYDX,-0.0121053927388233
0x0651efb6e070e659c6e030cea8d5e25b016d684e,EOS,0.0011551389760284
0x0651efb6e070e659c6e030cea8d5e25b016d684e,ETC,0.018754852364621
0x0651efb6e070e659c6e030cea8d5e25b016d684e,ETH,0.0010323929789945
0x0651efb6e070e659c6e030cea8d5e25b016d684e,FET,0.0043166172804226
0x0651efb6e070e659c6e030cea8d5e25b016d684e,FIL,0.0051383142706788
0x0651efb6e070e659c6e030cea8d5e25b016d684e,FRAX,0.0162793658298039
0x0651efb6e070e659c6e030cea8d5e25b016d684e,FTM,0.0200592413869627
0x0651efb6e070e659c6e030cea8d5e25b016d684e,FXS,0.0224547310652799
0x0651efb6e070e659c6e030cea8d5e25b016d684e,GRT,0.0149403579853634
0x0651efb6e070e659c6e030cea8d5e25b016d684e,HAI,0.0258985474449708
0x0651efb6e070e659c6e030cea8d5e25b016d684e,HERO,0.0042036911381723
0x0651efb6e070e659c6e030cea8d5e25b016d684e,ICP,0.0134260895709158
0x0651efb6e070e659c6e030cea8d5e25b016d684e,IMX,0.0025864042089957
0x0651efb6e070e659c6e030cea8d5e25b016d684e,INJ,0.0173170800641749
0x0651efb6e070e659c6e030cea8d5e25b016d684e,LDO,0.0045794302677085
0x0651efb6e070e659c6e030cea8d5e25b016d684e,LINK,0.0141828661539114
0x0651efb6e070e659c6e030cea8d5e25b016d684e,LTC,0.0183744958686607
0x0651efb6e070e659c6e030cea8d5e25b016d684e,MATIC,0.0126442166623242
0x0651efb6e070e659c6e030cea8d5e25b016d684e,MAV,-0.0025724285969307
0x0651efb6e070e659c6e030cea8d5e25b016d684e,MBOX,0.0044025381822503
0x0651efb6e070e659c6e030cea8d5e25b016d684e,MKR,0.0226002306235177
0x0651efb6e070e659c6e030cea8d5e25b016d684e,MOON,0.0230328253045372
0x0651efb6e070e659c6e030cea8d5e25b016d684e,NEAR,0.0064339268867824
0x0651efb6e070e659c6e030cea8d5e25b016d684e,OP,0.0080501634316876
0x0651efb6e070e659c6e030cea8d5e25b016d684e,PENDLE,0.0028914253243716
0x0651efb6e070e659c6e030cea8d5e25b016d684e,PEPE,0.0221470345509721
0x0651efb6e070e659c6e030cea8d5e25b016d684e,PERP,0.0040341451614128
0x0651efb6e070e659c6e030cea8d5e25b016d684e,PIT,0.0095123016128831
0x0651efb6e070e659c6e030cea8d5e25b016d684e,POLS,0.0098911293880276
0x0651efb6e070e659c6e030cea8d5e25b016d684e,PYTH,0.0055974441365905
0x0651efb6e070e659c6e030cea8d5e25b016d684e,QUACK,0.0060052892887962
0x0651efb6e070e659c6e030cea8d5e25b016d684e,RDNT,0.0036740208925158
0x0651efb6e070e659c6e030cea8d5e25b016d684e,RNDR,-0.0009587758017635
0x0651efb6e070e659c6e030cea8d5e25b016d684e,RPL,0.004905995157453
0x0651efb6e070e659c6e030cea8d5e25b016d684e,RUNE,0.0013165759791608
0x0651efb6e070e659c6e030cea8d5e25b016d684e,SFP,0.0139876484306216
0x0651efb6e070e659c6e030cea8d5e25b016d684e,SFUND,0.0035329173105806
0x0651efb6e070e659c6e030cea8d5e25b016d684e,SHIB,0.0301325464081577
0x0651efb6e070e659c6e030cea8d5e25b016d684e,SOL,0.020499975791194
0x0651efb6e070e659c6e030cea8d5e25b016d684e,STG,0.0056624968502857
0x0651efb6e070e659c6e030cea8d5e25b016d684e,SUI,0.0123741996175521
0x0651efb6e070e659c6e030cea8d5e25b016d684e,SUSHI,0.0043121147379281
0x0651efb6e070e659c6e030cea8d5e25b016d684e,TIA,0.0013384465998302
0x0651efb6e070e659c6e030cea8d5e25b016d684e,TOKEN,0.0066401471809015
0x0651efb6e070e659c6e030cea8d5e25b016d684e,TRX,0.0284242923380442
0x0651efb6e070e659c6e030cea8d5e25b016d684e,UNI,0.0329354288719098
0x0651efb6e070e659c6e030cea8d5e25b016d684e,USDT,0.004192631299192
0x0651efb6e070e659c6e030cea8d5e25b016d684e,XLM,0.0129236567238839
0x0651efb6e070e659c6e030cea8d5e25b016d684e,XMR,0.01713828946905
0x0651efb6e070e659c6e030cea8d5e25b016d684e,XRP,0.0135465997161565
0x0651efb6e070e659c6e030cea8d5e25b016d684e,XTZ,0.0020114979698362
0x0651efb6e070e659c6e030cea8d5e25b016d684e,XVS,0.005499529489977
0x0651efb6e070e659c6e030cea8d5e25b016d684e,YFI,0.0043394804359587
0x0b7da83317cbea4634d96ad2f53a1d8c65f2e17a,AAVE,0.018926563
0x0b7da83317cbea4634d96ad2f53a1d8c65f2e17a,ADA,0.04514695
0x0b7da83317cbea4634d96ad2f53a1d8c65f2e17a,ALGO,0.009988763
0x0b7da83317cbea4634d96ad2f53a1d8c65f2e17a,APE,0.004890104
0x0b7da83317cbea4634d96ad2f53a1d8c65f2e17a,APT,0.014885729
0x0b7da83317cbea4634d96ad2f53a1d8c65f2e17a,ATOM,0.0038205073
0x0b7da83317cbea4634d96ad2f53a1d8c65f2e17a,AVAX,0.011898194
0x0b7da83317cbea4634d96ad2f53a1d8c65f2e17a,AXS,0.00085788534
0x0b7da83317cbea4634d96ad2f53a1d8c65f2e17a,BAL,0.0017928798
0x0b7da83317cbea4634d96ad2f53a1d8c65f2e17a,BCH,0.008401038
0x0b7da83317cbea4634d96ad2f53a1d8c65f2e17a,BLUR,0.016994845
0x0b7da83317cbea4634d96ad2f53a1d8c65f2e17a,BNB,0.022345643
0x0b7da83317cbea4634d96ad2f53a1d8c65f2e17a,BONK,-0.00023929862
0x0b7da83317cbea4634d96ad2f53a1d8c65f2e17a,BTC,0.054529876
0x0b7da83317cbea4634d96ad2f53a1d8c65f2e17a,C98,0.0007282935
0x0b7da83317cbea4634d96ad2f53a1d8c65f2e17a,CAKE,0.03488788
0x0b7da83317cbea4634d96ad2f53a1d8c65f2e17a,COMP,0.0016789674
0x0b7da83317cbea4634d96ad2f53a1d8c65f2e17a,CRV,0.024537975
0x0b7da83317cbea4634d96ad2f53a1d8c65f2e17a,CVX,0.0097732805
0x0b7da83317cbea4634d96ad2f53a1d8c65f2e17a,DAI,0.013452452
0x0b7da83317cbea4634d96ad2f53a1d8c65f2e17a,DAO,0.007612956
0x0b7da83317cbea4634d96ad2f53a1d8c65f2e17a,DOGE,0.030962886
0x0b7da83317cbea4634d96ad2f53a1d8c65f2e17a,DOT,0.0023057475
0x0b7da83317cbea4634d96ad2f53a1d8c65f2e17a,DYDX,0.005464279
0x0b7da83317cbea4634d96ad2f53a1d8c65f2e17a,EOS,0.0014927315
0x0b7da83317cbea4634d96ad2f53a1d8c65f2e17a,ETC,0.011047288
0x0b7da83317cbea4634d96ad2f53a1d8c65f2e17a,ETH,0.009998871
0x0b7da83317cbea4634d96ad2f53a1d8c65f2e17a,FET,0.019366749
0x0b7da83317cbea4634d96ad2f53a1d8c65f2e17a,FIL,0.0037820227
0x0b7da83317cbea4634d96ad2f53a1d8c65f2e17a,FRAX,0.0026858612
0x0b7da83317cbea4634d96ad2f53a1d8c65f2e17a,FTM,0.016384944
0x0b7da83317cbea4634d96ad2f53a1d8c65f2e17a,FXS,0.009903605
0x0b7da83317cbea4634d96ad2f53a1d8c65f2e17a,GRT,0.004466481
0x0b7da83317cbea4634d96ad2f53a1d8c65f2e17a,HAI,0.0016634625
0x0b7da83317cbea4634d96ad2f53a1d8c65f2e17a,HERO,0.000118392476
0x0b7da83317cbea4634d96ad2f53a1d8c65f2e17a,ICP,0.030779146
0x0b7da83317cbea4634d96ad2f53a1d8c65f2e17a,IMX,0.0052715107
0x0b7da83317cbea4634d96ad2f53a1d8c65f2e17a,INJ,0.019994482
0x0b7da83317cbea4634d96ad2f53a1d8c65f2e17a,LDO,0.006232594
0x0b7da83317cbea4634d96ad2f53a1d8c65f2e17a,LINK,-0.00017308674
0x0b7da83317cbea4634d96ad2f53a1d8c65f2e17a,LTC,0.0070868293
0x0b7da83317cbea4634d96ad2f53a1d8c65f2e17a,MATIC,0.02121713
0x0b7da83317cbea4634d96ad2f53a1d8c65f2e17a,MAV,0.019047013
0x0b7da83317cbea4634d96ad2f53a1d8c65f2e17a,MBOX,0.0012016551
0x0b7da83317cbea4634d96ad2f53a1d8c65f2e17a,MKR,0.011270234
0x0b7da83317cbea4634d96ad2f53a1d8c65f2e17a,MOON,0.028490243
0x0b7da83317cbea4634d96ad2f53a1d8c65f2e17a,NEAR,0.00926016
0x0b7da83317cbea4634d96ad2f53a1d8c65f2e17a,OP,0.026052875
0x0b7da83317cbea4634d96ad2f53a1d8c65f2e17a,PENDLE,0.0060894554
0x0b7da83317cbea4634d96ad2f53a1d8c65f2e17a,PEPE,0.012792512
0x0b7da83317cbea4634d96ad2f53a1d8c65f2e17a,PERP,0.0040826346
0x0b7da83317cbea4634d96ad2f53a1d8c65f2e17a,PIT,0.004493844
0x0b7da83317cbea4634d96ad2f53a1d8c65f2e17a,POLS,0.014687948
0x0b7da83317cbea4634d96ad2f53a1d8c65f2e17a,PYTH,0.00042375026
0x0b7da83317cbea4634d96ad2f53a1d8c65f2e17a,QUACK,0.0026126553
0x0b7da83317cbea4634d96ad2f53a1d8c65f2e17a,RDNT,0.0016967554
0x0b7da83317cbea4634d96ad2f53a1d8c65f2e17a,RNDR,0.01789648
0x0b7da83317cbea4634d96ad2f53a1d8c65f2e17a,RPL,0.005488894
0x0b7da83317cbea4634d96ad2f53a1d8c65f2e17a,RUNE,0.0013488119
0x0b7da83317cbea4634d96ad2f53a1d8c65f2e17a,SFP,0.013641605
0x0b7da83317cbea4634d96ad2f53a1d8c65f2e17a,SFUND,0.000776374
0x0b7da83317cbea4634d96ad2f53a1d8c65f2e17a,SHIB,0.029291274
0x0b7da83317cbea4634d96ad2f53a1d8c65f2e17a,SOL,0.006241572
0x0b7da83317cbea4634d96ad2f53a1d8c65f2e17a,STG,0.0045792493
0x0b7da83317cbea4634d96ad2f53a1d8c65f2e17a,SUI,0.017092
0x0b7da83317cbea4634d96ad2f53a1d8c65f2e17a,SUSHI,0.004055905
0x0b7da83317cbea4634d96ad2f53a1d8c65f2e17a,TIA,0.018424954
0x0b7da83317cbea4634d96ad2f53a1d8c65f2e17a,TOKEN,0.005110471
0x0b7da83317cbea4634d96ad2f53a1d8c65f2e17a,TRX,0.020049144
0x0b7da83317cbea4634d96ad2f53a1d8c65f2e17a,UNI,0.017586444
0x0b7da83317cbea4634d96ad2f53a1d8c65f2e17a,USDT,0.041464753
0x0b7da83317cbea4634d96ad2f53a1d8c65f2e17a,XLM,0.029686768
0x0b7da83317cbea4634d96ad2f53a1d8c65f2e17a,XMR,0.01716813
0x0b7da83317cbea4634d96ad2f53a1d8c65f2e17a,XRP,0.006221359
0x0b7da83317cbea4634d96ad2f53a1d8c65f2e17a,XTZ,0.0036319015
0x0b7da83317cbea4634d96ad2f53a1d8c65f2e17a,XVS,0.0004933445
0x0b7da83317cbea4634d96ad2f53a1d8c65f2e17a,YFI,-0.000028788345
0x14186932e2c83b9e2bd5d39c04265cfb4646859b,AAVE,0.020010516
0x14186932e2c83b9e2bd5d39c04265cfb4646859b,ADA,0.022021763
0x14186932e2c83b9e2bd5d39c04265cfb4646859b,ALGO,0.02063757
0x14186932e2c83b9e2bd5d39c04265cfb4646859b,APE,0.019598547
0x14186932e2c83b9e2bd5d39c04265cfb4646859b,APT,0.019341573
0x14186932e2c83b9e2bd5d39c04265cfb4646859b,ATOM,0.019764729
0x14186932e2c83b9e2bd5d39c04265cfb4646859b,AVAX,0.019366397
0x14186932e2c83b9e2bd5d39c04265cfb4646859b,AXS,0.02031014
0x14186932e2c83b9e2bd5d39c04265cfb4646859b,BAL,0.019625701
0x14186932e2c83b9e2bd5d39c04265cfb4646859b,BCH,0.02223883
0x14186932e2c83b9e2bd5d39c04265cfb4646859b,BLUR,0.019341573
0x14186932e2c83b9e2bd5d39c04265cfb4646859b,BNB,0.022446087
0x14186932e2c83b9e2bd5d39c04265cfb4646859b,BONK,0.020594267
0x14186932e2c83b9e2bd5d39c04265cfb4646859b,BTC,0.022109827
0x14186932e2c83b9e2bd5d39c04265cfb4646859b,C98,0.019341573
0x14186932e2c83b9e2bd5d39c04265cfb4646859b,CAKE,0.021775568
0x14186932e2c83b9e2bd5d39c04265cfb4646859b,COMP,0.02070978
0x14186932e2c83b9e2bd5d39c04265cfb4646859b,CRV,0.021235047
0x14186932e2c83b9e2bd5d39c04265cfb4646859b,CVX,0.01931442
0x14186932e2c83b9e2bd5d39c04265cfb4646859b,DAI,0.02138991
0x14186932e2c83b9e2bd5d39c04265cfb4646859b,DAO,0.021505825
0x14186932e2c83b9e2bd5d39c04265cfb4646859b,DOGE,0.021944981
0x14186932e2c83b9e2bd5d39c04265cfb4646859b,DOT,0.019701565
0x14186932e2c83b9e2bd5d39c04265cfb4646859b,DYDX,0.019625701
0x14186932e2c83b9e2bd5d39c04265cfb4646859b,EOS,0.01931442
0x14186932e2c83b9e2bd5d39c04265cfb4646859b,ETC,0.021208035
0x14186932e2c83b9e2bd5d39c04265cfb4646859b,ETH,0.023234725
0x14186932e2c83b9e2bd5d39c04265cfb4646859b,FET,0.019920293
0x14186932e2c83b9e2bd5d39c04265cfb4646859b,FIL,0.01931442
0x14186932e2c83b9e2bd5d39c04265cfb4646859b,FRAX,0.020253131
0x14186932e2c83b9e2bd5d39c04265cfb4646859b,FTM,0.02341413
0x14186932e2c83b9e2bd5d39c04265cfb4646859b,FXS,0.020537259
0x14186932e2c83b9e2bd5d39c04265cfb4646859b,GRT,0.02051184
0x14186932e2c83b9e2bd5d39c04265cfb4646859b,HAI,0.022826219
0x14186932e2c83b9e2bd5d39c04265cfb4646859b,HERO,0.019341573
0x14186932e2c83b9e2bd5d39c04265cfb4646859b,ICP,0.0197661
0x14186932e2c83b9e2bd5d39c04265cfb4646859b,IMX,0.019341573
0x14186932e2c83b9e2bd5d39c04265cfb4646859b,INJ,0.019726388
0x14186932e2c83b9e2bd5d39c04265cfb4646859b,LDO,0.019341573
0x14186932e2c83b9e2bd5d39c04265cfb4646859b,LINK,0.02042559
0x14186932e2c83b9e2bd5d39c04265cfb4646859b,LTC,0.020737432
0x14186932e2c83b9e2bd5d39c04265cfb4646859b,MATIC,0.021247542
0x14186932e2c83b9e2bd5d39c04265cfb4646859b,MAV,0.019341573
0x14186932e2c83b9e2bd5d39c04265cfb4646859b,MBOX,0.019341573
0x14186932e2c83b9e2bd5d39c04265cfb4646859b,MKR,0.024669997
0x14186932e2c83b9e2bd5d39c04265cfb4646859b,MOON,0.02167783
0x14186932e2c83b9e2bd5d39c04265cfb4646859b,NEAR,0.01931442
0x14186932e2c83b9e2bd5d39c04265cfb4646859b,OP,0.021324378
0x14186932e2c83b9e2bd5d39c04265cfb4646859b,PENDLE,0.019625701
0x14186932e2c83b9e2bd5d39c04265cfb4646859b,PEPE,0.022216283
0x14186932e2c83b9e2bd5d39c04265cfb4646859b,PERP,0.01931442
0x14186932e2c83b9e2bd5d39c04265cfb4646859b,PIT,0.019341573
0x14186932e2c83b9e2bd5d39c04265cfb4646859b,POLS,0.019341573
0x14186932e2c83b9e2bd5d39c04265cfb4646859b,PYTH,0.019598547
0x14186932e2c83b9e2bd5d39c04265cfb4646859b,QUACK,0.019341573
0x14186932e2c83b9e2bd5d39c04265cfb4646859b,RDNT,0.019341573
0x14186932e2c83b9e2bd5d39c04265cfb4646859b,RNDR,0.020528598
0x14186932e2c83b9e2bd5d39c04265cfb4646859b,RPL,0.019341573
0x14186932e2c83b9e2bd5d39c04265cfb4646859b,RUNE,0.02031014
0x14186932e2c83b9e2bd5d39c04265cfb4646859b,SFP,0.019625701
0x14186932e2c83b9e2bd5d39c04265cfb4646859b,SFUND,0.019341573
0x14186932e2c83b9e2bd5d39c04265cfb4646859b,SHIB,0.022506509
0x14186932e2c83b9e2bd5d39c04265cfb4646859b,SOL,0.022701614
0x14186932e2c83b9e2bd5d39c04265cfb4646859b,STG,0.019341573
0x14186932e2c83b9e2bd5d39c04265cfb4646859b,SUI,0.020177267
0x14186932e2c83b9e2bd5d39c04265cfb4646859b,SUSHI,0.019341573
0x14186932e2c83b9e2bd5d39c04265cfb4646859b,TIA,0.020594267
0x14186932e2c83b9e2bd5d39c04265cfb4646859b,TOKEN,0.019341573
0x14186932e2c83b9e2bd5d39c04265cfb4646859b,TRX,0.022747897
0x14186932e2c83b9e2bd5d39c04265cfb4646859b,UNI,0.02241795
0x14186932e2c83b9e2bd5d39c04265cfb4646859b,USDT,0.021820866
0x14186932e2c83b9e2bd5d39c04265cfb4646859b,XLM,0.019341573
0x14186932e2c83b9e2bd5d39c04265cfb4646859b,XMR,0.02118478
0x14186932e2c83b9e2bd5d39c04265cfb4646859b,XRP,0.022278301
0x14186932e2c83b9e2bd5d39c04265cfb4646859b,XTZ,0.019341573
0x14186932e2c83b9e2bd5d39c04265cfb4646859b,XVS,0.019341573
0x14186932e2c83b9e2bd5d39c04265cfb4646859b,YFI,0.019341573
0x181a5bac1f070befbba81a97b68d0e788b4f9189,AAVE,-0.0410472367521046
0x181a5bac1f070befbba81a97b68d0e788b4f9189,ADA,0.1223696743617954
0x181a5bac1f070befbba81a97b68d0e788b4f9189,ALGO,0.0095481910252505
0x181a5bac1f070befbba81a97b68d0e788b4f9189,APE,-0.1442596820872808
0x181a5bac1f070befbba81a97b68d0e788b4f9189,APT,-0.0779304114402139
0x181a5bac1f070befbba81a97b68d0e788b4f9189,ATOM,-0.0321872196527754
0x181a5bac1f070befbba81a97b68d0e788b4f9189,AVAX,0.199765153553542
0x181a5bac1f070befbba81a97b68d0e788b4f9189,AXS,0.2395564031072155
0x181a5bac1f070befbba81a97b68d0e788b4f9189,BAL,-0.1179780188409789
0x181a5bac1f070befbba81a97b68d0e788b4f9189,BCH,0.2569352491032377
0x181a5bac1f070befbba81a97b68d0e788b4f9189,BLUR,-0.0038881251568523
0x181a5bac1f070befbba81a97b68d0e788b4f9189,BNB,0.0285708699071126
0x181a5bac1f070befbba81a97b68d0e788b4f9189,BONK,0.2902935645369939
0x181a5bac1f070befbba81a97b68d0e788b4f9189,BTC,-0.0850293873053391
0x181a5bac1f070befbba81a97b68d0e788b4f9189,C98,-0.1334378264545582
0x181a5bac1f070befbba81a97b68d0e788b4f9189,CAKE,0.2137693033876725
0x181a5bac1f070befbba81a97b68d0e788b4f9189,COMP,0.0384540758060827
0x181a5bac1f070befbba81a97b68d0e788b4f9189,CRV,0.1028515835367213
0x181a5bac1f070befbba81a97b68d0e788b4f9189,CVX,-0.1209168651921281
0x181a5bac1f070befbba81a97b68d0e788b4f9189,DAI,0.0029752140166664
0x181a5bac1f070befbba81a97b68d0e788b4f9189,DAO,-0.1021232456790069
0x181a5bac1f070befbba81a97b68d0e788b4f9189,DOGE,0.9781560162823356
0x181a5bac1f070befbba81a97b68d0e788b4f9189,DOT,0.04667010488177
0x181a5bac1f070befbba81a97b68d0e788b4f9189,DYDX,-0.1219119825212833
0x181a5bac1f070befbba81a97b68d0e788b4f9189,EOS,-0.1039921526249634
0x181a5bac1f070befbba81a97b68d0e788b4f9189,ETC,0.4023173076909954
0x181a5bac1f070befbba81a97b68d0e788b4f9189,ETH,-0.0297706805772529
0x181a5bac1f070befbba81a97b68d0e788b4f9189,FET,0.030670116328279
0x181a5bac1f070befbba81a97b68d0e788b4f9189,FIL,0.1410010290836377
0x181a5bac1f070befbba81a97b68d0e788b4f9189,FRAX,-0.0008830355667123
0x181a5bac1f070befbba81a97b68d0e788b4f9189,FTM,0.194081514180753
0x181a5bac1f070befbba81a97b68d0e788b4f9189,FXS,-0.0477634470188812
0x181a5bac1f070befbba81a97b68d0e788b4f9189,GRT,-0.1329830137425999
0x181a5bac1f070befbba81a97b68d0e788b4f9189,HAI,0.0587007501063963
0x181a5bac1f070befbba81a97b68d0e788b4f9189,HERO,0.0807579633710556
0x181a5bac1f070befbba81a97b68d0e788b4f9189,ICP,0.170313593177498
0x181a5bac1f070befbba81a97b68d0e788b4f9189,IMX,0.0225286849074956
0x181a5bac1f070befbba81a97b68d0e788b4f9189,INJ,-0.0570037595384994
0x181a5bac1f070befbba81a97b68d0e788b4f9189,LDO,0.2979133116293297
0x181a5bac1f070befbba81a97b68d0e788b4f9189,LINK,0.0692045987832529
0x181a5bac1f070befbba81a97b68d0e788b4f9189,LTC,-0.0927292302732274
0x181a5bac1f070befbba81a97b68d0e788b4f9189,MATIC,0.0030414959887546
0x181a5bac1f070befbba81a97b68d0e788b4f9189,MAV,-0.1102834444873625
0x181a5bac1f070befbba81a97b68d0e788b4f9189,MBOX,-0.0555416729246137
0x181a5bac1f070befbba81a97b68d0e788b4f9189,MKR,0.1916934639535286
0x181a5bac1f070befbba81a97b68d0e788b4f9189,MOON,0.3013818416749613
0x181a5bac1f070befbba81a97b68d0e788b4f9189,NEAR,-0.0284133210992232
0x181a5bac1f070befbba81a97b68d0e788b4f9189,OP,0.1007951294636425
0x181a5bac1f070befbba81a97b68d0e788b4f9189,PENDLE,-0.0209379782075178
0x181a5bac1f070befbba81a97b68d0e788b4f9189,PEPE,0.9971522537179088
0x181a5bac1f070befbba81a97b68d0e788b4f9189,PERP,0.13254645238912
0x181a5bac1f070befbba81a97b68d0e788b4f9189,PIT,0.0944430447837332
0x181a5bac1f070befbba81a97b68d0e788b4f9189,POLS,-0.0528277893132679
0x181a5bac1f070befbba81a97b68d0e788b4f9189,PYTH,-0.0502281147493676
0x181a5bac1f070befbba81a97b68d0e788b4f9189,QUACK,-0.0284431309544404
0x181a5bac1f070befbba81a97b68d0e788b4f9189,RDNT,-0.1520318879944999
0x181a5bac1f070befbba81a97b68d0e788b4f9189,RNDR,0.0803968147609863
0x181a5bac1f070befbba81a97b68d0e788b4f9189,RPL,0.2025631301293089
0x181a5bac1f070befbba81a97b68d0e788b4f9189,RUNE,0.0038837184746487
0x181a5bac1f070befbba81a97b68d0e788b4f9189,SFP,-0.0220418603348438
0x181a5bac1f070befbba81a97b68d0e788b4f9189,SFUND,0.1453145650256724
0x181a5bac1f070befbba81a97b68d0e788b4f9189,SHIB,0.5959562966698002
0x181a5bac1f070befbba81a97b68d0e788b4f9189,SOL,-0.0927004167067911
0x181a5bac1f070befbba81a97b68d0e788b4f9189,STG,-0.0348426059446793
0x181a5bac1f070befbba81a97b68d0e788b4f9189,SUI,0.0787593782580249
0x181a5bac1f070befbba81a97b68d0e788b4f9189,SUSHI,-0.0475178847301019
0x181a5bac1f070befbba81a97b68d0e788b4f9189,TIA,-0.0576954891450139
0x181a5bac1f070befbba81a97b68d0e788b4f9189,TOKEN,0.163445943999388
0x181a5bac1f070befbba81a97b68d0e788b4f9189,TRX,0.1447950379720363
0x181a5bac1f070befbba81a97b68d0e788b4f9189,UNI,-0.101746067127593
0x181a5bac1f070befbba81a97b68d0e788b4f9189,USDT,0.0012075849759935
0x181a5bac1f070befbba81a97b68d0e788b4f9189,XLM,0.1202528954309217
0x181a5bac1f070befbba81a97b68d0e788b4f9189,XMR,-0.0230487457850259
0x181a5bac1f070befbba81a97b68d0e788b4f9189,XRP,0.1155464894197053
0x181a5bac1f070befbba81a97b68d0e788b4f9189,XTZ,-0.0632754723879834
0x181a5bac1f070befbba81a97b68d0e788b4f9189,XVS,-0.1147307555521466
0x181a5bac1f070befbba81a97b68d0e788b4f9189,YFI,-0.075098025835194
0x1b1d704cfd260f0eeca05d495d4818ebeac2922f,AAVE,0.0909090909090909
0x1b1d704cfd260f0eeca05d495d4818ebeac2922f,ADA,0.0
0x1b1d704cfd260f0eeca05d495d4818ebeac2922f,ALGO,0.0
0x1b1d704cfd260f0eeca05d495d4818ebeac2922f,APE,0.0
0x1b1d704cfd260f0eeca05d495d4818ebeac2922f,APT,0.0909090909090909
0x1b1d704cfd260f0eeca05d495d4818ebeac2922f,ATOM,0.0
0x1b1d704cfd260f0eeca05d495d4818ebeac2922f,AVAX,0.0909090909090909
0x1b1d704cfd260f0eeca05d495d4818ebeac2922f,AXS,0.0
0x1b1d704cfd260f0eeca05d495d4818ebeac2922f,BAL,0.0
0x1b1d704cfd260f0eeca05d495d4818ebeac2922f,BCH,-0.0
0x1b1d704cfd260f0eeca05d495d4818ebeac2922f,BLUR,0.0909090909090909
0x1b1d704cfd260f0eeca05d495d4818ebeac2922f,BNB,-0.0
0x1b1d704cfd260f0eeca05d495d4818ebeac2922f,BONK,0.0
0x1b1d704cfd260f0eeca05d495d4818ebeac2922f,BTC,0.0
0x1b1d704cfd260f0eeca05d495d4818ebeac2922f,C98,0.0
0x1b1d704cfd260f0eeca05d495d4818ebeac2922f,CAKE,0.0
0x1b1d704cfd260f0eeca05d495d4818ebeac2922f,COMP,0.0
0x1b1d704cfd260f0eeca05d495d4818ebeac2922f,CRV,0.0
0x1b1d704cfd260f0eeca05d495d4818ebeac2922f,CVX,0.0
0x1b1d704cfd260f0eeca05d495d4818ebeac2922f,DAI,-0.0
0x1b1d704cfd260f0eeca05d495d4818ebeac2922f,DAO,0.0
0x1b1d704cfd260f0eeca05d495d4818ebeac2922f,DOGE,0.0
0x1b1d704cfd260f0eeca05d495d4818ebeac2922f,DOT,0.0
0x1b1d704cfd260f0eeca05d495d4818ebeac2922f,DYDX,0.0
0x1b1d704cfd260f0eeca05d495d4818ebeac2922f,EOS,0.0
0x1b1d704cfd260f0eeca05d495d4818ebeac2922f,ETC,0.0
0x1b1d704cfd260f0eeca05d495d4818ebeac2922f,ETH,0.0
0x1b1d704cfd260f0eeca05d495d4818ebeac2922f,FET,0.0
0x1b1d704cfd260f0eeca05d495d4818ebeac2922f,FIL,0.0
0x1b1d704cfd260f0eeca05d495d4818ebeac2922f,FRAX,-0.0
0x1b1d704cfd260f0eeca05d495d4818ebeac2922f,FTM,0.0909090909090909
0x1b1d704cfd260f0eeca05d495d4818ebeac2922f,FXS,0.0
0x1b1d704cfd260f0eeca05d495d4818ebeac2922f,GRT,0.0
0x1b1d704cfd260f0eeca05d495d4818ebeac2922f,HAI,0.0
0x1b1d704cfd260f0eeca05d495d4818ebeac2922f,HERO,0.0
0x1b1d704cfd260f0eeca05d495d4818ebeac2922f,ICP,0.0
0x1b1d704cfd260f0eeca05d495d4818ebeac2922f,IMX,0.0909090909090909
0x1b1d704cfd260f0eeca05d495d4818ebeac2922f,INJ,0.0
0x1b1d704cfd260f0eeca05d495d4818ebeac2922f,LDO,0.0
0x1b1d704cfd260f0eeca05d495d4818ebeac2922f,LINK,0.0
0x1b1d704cfd260f0eeca05d495d4818ebeac2922f,LTC,0.0
0x1b1d704cfd260f0eeca05d495d4818ebeac2922f,MATIC,0.0
0x1b1d704cfd260f0eeca05d495d4818ebeac2922f,MAV,0.0
0x1b1d704cfd260f0eeca05d495d4818ebeac2922f,MBOX,0.0
0x1b1d704cfd260f0eeca05d495d4818ebeac2922f,MKR,-0.0
0x1b1d704cfd260f0eeca05d495d4818ebeac2922f,MOON,0.0
0x1b1d704cfd260f0eeca05d495d4818ebeac2922f,NEAR,0.0909090909090909
0x1b1d704cfd260f0eeca05d495d4818ebeac2922f,OP,0.0
0x1b1d704cfd260f0eeca05d495d4818ebeac2922f,PENDLE,0.0
0x1b1d704cfd260f0eeca05d495d4818ebeac2922f,PEPE,0.0
0x1b1d704cfd260f0eeca05d495d4818ebeac2922f,PERP,0.0909090909090909
0x1b1d704cfd260f0eeca05d495d4818ebeac2922f,PIT,0.0
0x1b1d704cfd260f0eeca05d495d4818ebeac2922f,POLS,0.0
0x1b1d704cfd260f0eeca05d495d4818ebeac2922f,PYTH,0.0
0x1b1d704cfd260f0eeca05d495d4818ebeac2922f,QUACK,0.0
0x1b1d704cfd260f0eeca05d495d4818ebeac2922f,RDNT,0.0
0x1b1d704cfd260f0eeca05d495d4818ebeac2922f,RNDR,0.0909090909090909
0x1b1d704cfd260f0eeca05d495d4818ebeac2922f,RPL,0.0
0x1b1d704cfd260f0eeca05d495d4818ebeac2922f,RUNE,0.0
0x1b1d704cfd260f0eeca05d495d4818ebeac2922f,SFP,0.0
0x1b1d704cfd260f0eeca05d495d4818ebeac2922f,SFUND,0.0
0x1b1d704cfd260f0eeca05d495d4818ebeac2922f,SHIB,0.0
0x1b1d704cfd260f0eeca05d495d4818ebeac2922f,SOL,0.0
0x1b1d704cfd260f0eeca05d495d4818ebeac2922f,STG,0.0
0x1b1d704cfd260f0eeca05d495d4818ebeac2922f,SUI,0.0909090909090909
0x1b1d704cfd260f0eeca05d495d4818ebeac2922f,SUSHI,0.0
0x1b1d704cfd260f0eeca05d495d4818ebeac2922f,TIA,0.0
0x1b1d704cfd260f0eeca05d495d4818ebeac2922f,TOKEN,0.0
0x1b1d704cfd260f0eeca05d495d4818ebeac2922f,TRX,0.0
0x1b1d704cfd260f0eeca05d495d4818ebeac2922f,UNI,0.0
0x1b1d704cfd260f0eeca05d495d4818ebeac2922f,USDT,-0.0
0x1b1d704cfd260f0eeca05d495d4818ebeac2922f,XLM,0.0
0x1b1d704cfd260f0eeca05d495d4818ebeac2922f,XMR,-0.0
0x1b1d704cfd260f0eeca05d495d4818ebeac2922f,XRP,0.0
0x1b1d704cfd260f0eeca05d495d4818ebeac2922f,XTZ,0.0
0x1b1d704cfd260f0eeca05d495d4818ebeac2922f,XVS,0.0909090909090909
0x1b1d704cfd260f0eeca05d495d4818ebeac2922f,YFI,0.0
0x1be48b2b7594fe7e47701bc7e7bb83beaf84ecc0,AAVE,0.036635526
0x1be48b2b7594fe7e47701bc7e7bb83beaf84ecc0,ADA,-0.02068972
0x1be48b2b7594fe7e47701bc7e7bb83beaf84ecc0,ALGO,0.0038121752
0x1be48b2b7594fe7e47701bc7e7bb83beaf84ecc0,APE,-0.0038884685
0x1be48b2b7594fe7e47701bc7e7bb83beaf84ecc0,APT,0.0076299463
0x1be48b2b7594fe7e47701bc7e7bb83beaf84ecc0,ATOM,0.0035863381
0x1be48b2b7594fe7e47701bc7e7bb83beaf84ecc0,AVAX,0.01014456
0x1be48b2b7594fe7e47701bc7e7bb83beaf84ecc0,AXS,0.003625652
0x1be48b2b7594fe7e47701bc7e7bb83beaf84ecc0,BAL,0.00380306
0x1be48b2b7594fe7e47701bc7e7bb83beaf84ecc0,BCH,0.00820923
0x1be48b2b7594fe7e47701bc7e7bb83beaf84ecc0,BLUR,-0.014562836
0x1be48b2b7594fe7e47701bc7e7bb83beaf84ecc0,BNB,-0.015389642
0x1be48b2b7594fe7e47701bc7e7bb83beaf84ecc0,BONK,-0.00021633349
0x1be48b2b7594fe7e47701bc7e7bb83beaf84ecc0,BTC,0.0052848663
0x1be48b2b7594fe7e47701bc7e7bb83beaf84ecc0,C98,0.011143797
0x1be48b2b7594fe7e47701bc7e7bb83beaf84ecc0,CAKE,-0.0006312092
0x1be48b2b7594fe7e47701bc7e7bb83beaf84ecc0,COMP,0.00056689896
0x1be48b2b7594fe7e47701bc7e7bb83beaf84ecc0,CRV,0.0039424603
0x1be48b2b7594fe7e47701bc7e7bb83beaf84ecc0,CVX,-0.0003374142
0x1be48b2b7594fe7e47701bc7e7bb83beaf84ecc0,DAI,0.008030698
0x1be48b2b7594fe7e47701bc7e7bb83beaf84ecc0,DAO,0.006577722
0x1be48b2b7594fe7e47701bc7e7bb83beaf84ecc0,DOGE,-0.0056317016
0x1be48b2b7594fe7e47701bc7e7bb83beaf84ecc0,DOT,0.025554512
0x1be48b2b7594fe7e47701bc7e7bb83beaf84ecc0,DYDX,-0.005369333
0x1be48b2b7594fe7e47701bc7e7bb83beaf84ecc0,EOS,-0.006093272
0x1be48b2b7594fe7e47701bc7e7bb83beaf84ecc0,ETC,-0.00043014664
0x1be48b2b7594fe7e47701bc7e7bb83beaf84ecc0,ETH,-0.01422507
0x1be48b2b7594fe7e47701bc7e7bb83beaf84ecc0,FET,0.0027767026
0x1be48b2b7594fe7e47701bc7e7bb83beaf84ecc0,FIL,0.0121071115
0x1be48b2b7594fe7e47701bc7e7bb83beaf84ecc0,FRAX,0.02329717
0x1be48b2b7594fe7e47701bc7e7bb83beaf84ecc0,FTM,-0.011308332
0x1be48b2b7594fe7e47701bc7e7bb83beaf84ecc0,FXS,0.040845755
0x1be48b2b7594fe7e47701bc7e7bb83beaf84ecc0,GRT,-0.012489337
0x1be48b2b7594fe7e47701bc7e7bb83beaf84ecc0,HAI,0.017225781
0x1be48b2b7594fe7e47701bc7e7bb83beaf84ecc0,HERO,-0.0017085862
0x1be48b2b7594fe7e47701bc7e7bb83beaf84ecc0,ICP,-0.009051785
0x1be48b2b7594fe7e47701bc7e7bb83beaf84ecc0,IMX,-0.012264501
0x1be48b2b7594fe7e47701bc7e7bb83beaf84ecc0,INJ,0.024879005
0x1be48b2b7594fe7e47701bc7e7bb83beaf84ecc0,LDO,0.008439278
0x1be48b2b7594fe7e47701bc7e7bb83beaf84ecc0,LINK,0.00014009945
0x1be48b2b7594fe7e47701bc7e7bb83beaf84ecc0,LTC,-0.0061438186
0x1be48b2b7594fe7e47701bc7e7bb83beaf84ecc0,MATIC,0.02269727
0x1be48b2b7594fe7e47701bc7e7bb83beaf84ecc0,MAV,0.0043561216
0x1be48b2b7594fe7e47701bc7e7bb83beaf84ecc0,MBOX,-0.0134225935
0x1be48b2b7594fe7e47701bc7e7bb83beaf84ecc0,MKR,0.006059288
0x1be48b2b7594fe7e47701bc7e7bb83beaf84ecc0,MOON,0.005981404
0x1be48b2b7594fe7e47701bc7e7bb83beaf84ecc0,NEAR,-0.0031517495
0x1be48b2b7594fe7e47701bc7e7bb83beaf84ecc0,OP,-0.025569016
0x1be48b2b7594fe7e47701bc7e7bb83beaf84ecc0,PENDLE,-0.033896808
0x1be48b2b7594fe7e47701bc7e7bb83beaf84ecc0,PEPE,-0.009176354
0x1be48b2b7594fe7e47701bc7e7bb83beaf84ecc0,PERP,0.0021869286
0x1be48b2b7594fe7e47701bc7e7bb83beaf84ecc0,PIT,0.02504065
0x1be48b2b7594fe7e47701bc7e7bb83beaf84ecc0,POLS,0.013168726
0x1be48b2b7594fe7e47701bc7e7bb83beaf84ecc0,PYTH,0.006382263
0x1be48b2b7594fe7e47701bc7e7bb83beaf84ecc0,QUACK,-0.0027516114
0x1be48b2b7594fe7e47701bc7e7bb83beaf84ecc0,RDNT,-0.0013476162
0x1be48b2b7594fe7e47701bc7e7bb83beaf84ecc0,RNDR,-0.00076420617
0x1be48b2b7594fe7e47701bc7e7bb83beaf84ecc0,RPL,-0.0047209244
0x1be48b2b7594fe7e47701bc7e7bb83beaf84ecc0,RUNE,-0.027574182
0x1be48b2b7594fe7e47701bc7e7bb83beaf84ecc0,SFP,-0.011524352
0x1be48b2b7594fe7e47701bc7e7bb83beaf84ecc0,SFUND,-0.005229749
0x1be48b2b7594fe7e47701bc7e7bb83beaf84ecc0,SHIB,-0.028280912
0x1be48b2b7594fe7e47701bc7e7bb83beaf84ecc0,SOL,0.0061807367
0x1be48b2b7594fe7e47701bc7e7bb83beaf84ecc0,STG,-0.0017523263
0x1be48b2b7594fe7e47701bc7e7bb83beaf84ecc0,SUI,-0.022281328
0x1be48b2b7594fe7e47701bc7e7bb83beaf84ecc0,SUSHI,0.0060157
0x1be48b2b7594fe7e47701bc7e7bb83beaf84ecc0,TIA,0.006305587
0x1be48b2b7594fe7e47701bc7e7bb83beaf84ecc0,TOKEN,-0.00218561
0x1be48b2b7594fe7e47701bc7e7bb83beaf84ecc0,TRX,0.020049416
0x1be48b2b7594fe7e47701bc7e7bb83beaf84ecc0,UNI,0.018910019
0x1be48b2b7594fe7e47701bc7e7bb83beaf84ecc0,USDT,0.015530747
0x1be48b2b7594fe7e47701bc7e7bb83beaf84ecc0,XLM,-0.004527007
0x1be48b2b7594fe7e47701bc7e7bb83beaf84ecc0,XMR,0.0008854961
0x1be48b2b7594fe7e47701bc7e7bb83beaf84ecc0,XRP,0.034940034
0x1be48b2b7594fe7e47701bc7e7bb83beaf84ecc0,XTZ,0.021709073
0x1be48b2b7594fe7e47701bc7e7bb83beaf84ecc0,XVS,-0.01101839
0x1be48b2b7594fe7e47701bc7e7bb83beaf84ecc0,YFI,0.004628596
0x1bfb6731ff80e75bf84bfe40a108723c5eb23d4f,AAVE,0.023397045
0x1bfb6731ff80e75bf84bfe40a108723c5eb23d4f,ADA,-0.00007579423
0x1bfb6731ff80e75bf84bfe40a108723c5eb23d4f,ALGO,0.000636294
0x1bfb6731ff80e75bf84bfe40a108723c5eb23d4f,APE,-0.0012167902
0x1bfb6731ff80e75bf84bfe40a108723c5eb23d4f,APT,0.014339255
0x1bfb6731ff80e75bf84bfe40a108723c5eb23d4f,ATOM,0.010895263
0x1bfb6731ff80e75bf84bfe40a108723c5eb23d4f,AVAX,0.010766382
0x1bfb6731ff80e75bf84bfe40a108723c5eb23d4f,AXS,-0.0016242836
0x1bfb6731ff80e75bf84bfe40a108723c5eb23d4f,BAL,0.0044878735
0x1bfb6731ff80e75bf84bfe40a108723c5eb23d4f,BCH,-0.0075778714
0x1bfb6731ff80e75bf84bfe40a108723c5eb23d4f,BLUR,0.00012823915
0x1bfb6731ff80e75bf84bfe40a108723c5eb23d4f,BNB,0.0020162198
0x1bfb6731ff80e75bf84bfe40a108723c5eb23d4f,BONK,-0.000108146756
0x1bfb6731ff80e75bf84bfe40a108723c5eb23d4f,BTC,-0.021054681
0x1bfb6731ff80e75bf84bfe40a108723c5eb23d4f,C98,0.011183806
0x1bfb6731ff80e75bf84bfe40a108723c5eb23d4f,CAKE,0.005239277
0x1bfb6731ff80e75bf84bfe40a108723c5eb23d4f,COMP,-0.0072248
0x1bfb6731ff80e75bf84bfe40a108723c5eb23d4f,CRV,0.0030827068
0x1bfb6731ff80e75bf84bfe40a108723c5eb23d4f,CVX,-0.0063908934
0x1bfb6731ff80e75bf84bfe40a108723c5eb23d4f,DAI,0.029790629
0x1bfb6731ff80e75bf84bfe40a108723c5eb23d4f,DAO,0.0012350347
0x1bfb6731ff80e75bf84bfe40a108723c5eb23d4f,DOGE,0.004674611
0x1bfb6731ff80e75bf84bfe40a108723c5eb23d4f,DOT,0.042792354
0x1bfb6731ff80e75bf84bfe40a108723c5eb23d4f,DYDX,-0.008478106
0x1bfb6731ff80e75bf84bfe40a108723c5eb23d4f,EOS,0.0043671206
0x1bfb6731ff80e75bf84bfe40a108723c5eb23d4f,ETC,-0.0058211912
0x1bfb6731ff80e75bf84bfe40a108723c5eb23d4f,ETH,-0.06335686
0x1bfb6731ff80e75bf84bfe40a108723c5eb23d4f,FET,0.008754062
0x1bfb6731ff80e75bf84bfe40a108723c5eb23d4f,FIL,0.0019824628
0x1bfb6731ff80e75bf84bfe40a108723c5eb23d4f,FRAX,0.012269837
0x1bfb6731ff80e75bf84bfe40a108723c5eb23d4f,FTM,-0.002260133
0x1bfb6731ff80e75bf84bfe40a108723c5eb23d4f,FXS,0.030932201
0x1bfb6731ff80e75bf84bfe40a108723c5eb23d4f,GRT,-0.0040898235
0x1bfb6731ff80e75bf84bfe40a108723c5eb23d4f,HAI,0.0014519755
0x1bfb6731ff80e75bf84bfe40a108723c5eb23d4f,HERO,-0.0045328243
0x1bfb6731ff80e75bf84bfe40a108723c5eb23d4f,ICP,-0.0074735787
0x1bfb6731ff80e75bf84bfe40a108723c5eb23d4f,IMX,-0.0048444956
0x1bfb6731ff80e75bf84bfe40a108723c5eb23d4f,INJ,0.049823646
0x1bfb6731ff80e75bf84bfe40a108723c5eb23d4f,LDO,0.0077594914
0x1bfb6731ff80e75bf84bfe40a108723c5eb23d4f,LINK,0.013052903
0x1bfb6731ff80e75bf84bfe40a108723c5eb23d4f,LTC,-0.002981338
0x1bfb6731ff80e75bf84bfe40a108723c5eb23d4f,MATIC,-0.005437902
0x1bfb6731ff80e75bf84bfe40a108723c5eb23d4f,MAV,-0.010166308
0x1bfb6731ff80e75bf84bfe40a108723c5eb23d4f,MBOX,-0.011155595
0x1bfb6731ff80e75bf84bfe40a108723c5eb23d4f,MKR,-0.013528063
0x1bfb6731ff80e75bf84bfe40a108723c5eb23d4f,MOON,-0.002777783
0x1bfb6731ff80e75bf84bfe40a108723c5eb23d4f,NEAR,-0.027548332
0x1bfb6731ff80e75bf84bfe40a108723c5eb23d4f,OP,-0.038063932
0x1bfb6731ff80e75bf84bfe40a108723c5eb23d4f,PENDLE,-0.00026188974
0x1bfb6731ff80e75bf84bfe40a108723c5eb23d4f,PEPE,-0.0000022888212
0x1bfb6731ff80e75bf84bfe40a108723c5eb23d4f,PERP,-0.0002586131
0x1bfb6731ff80e75bf84bfe40a108723c5eb23d4f,PIT,0.017318081
0x1bfb6731ff80e75bf84bfe40a108723c5eb23d4f,POLS,0.00012332744
0x1bfb6731ff80e75bf84bfe40a108723c5eb23d4f,PYTH,0.0018452777
0x1bfb6731ff80e75bf84bfe40a108723c5eb23d4f,QUACK,-0.0009163081
0x1bfb6731ff80e75bf84bfe40a108723c5eb23d4f,RDNT,-0.0026773342
0x1bfb6731ff80e75bf84bfe40a108723c5eb23d4f,RNDR,-0.021396006
0x1bfb6731ff80e75bf84bfe40a108723c5eb23d4f,RPL,-0.011675109
0x1bfb6731ff80e75bf84bfe40a108723c5eb23d4f,RUNE,-0.036492575
0x1bfb6731ff80e75bf84bfe40a108723c5eb23d4f,SFP,0.01608953
0x1bfb6731ff80e75bf84bfe40a108723c5eb23d4f,SFUND,-0.00021328681
0x1bfb6731ff80e75bf84bfe40a108723c5eb23d4f,SHIB,0.012887951
0x1bfb6731ff80e75bf84bfe40a108723c5eb23d4f,SOL,0.0041456968
0x1bfb6731ff80e75bf84bfe40a108723c5eb23d4f,STG,-0.0009859602
0x1bfb6731ff80e75bf84bfe40a108723c5eb23d4f,SUI,-0.010419263
0x1bfb6731ff80e75bf84bfe40a108723c5eb23d4f,SUSHI,-0.0029732997
0x1bfb6731ff80e75bf84bfe40a108723c5eb23d4f,TIA,0.0033282666
0x1bfb6731ff80e75bf84bfe40a108723c5eb23d4f,TOKEN,-0.0048377756
0x1bfb6731ff80e75bf84bfe40a108723c5eb23d4f,TRX,0.0031231649
0x1bfb6731ff80e75bf84bfe40a108723c5eb23d4f,UNI,0.016638406
0x1bfb6731ff80e75bf84bfe40a108723c5eb23d4f,USDT,-0.0103080645
0x1bfb6731ff80e75bf84bfe40a108723c5eb23d4f,XLM,-0.0027113915
0x1bfb6731ff80e75bf84bfe40a108723c5eb23d4f,XMR,-0.0016389698
0x1bfb6731ff80e75bf84bfe40a108723c5eb23d4f,XRP,-0.046341296
0x1bfb6731ff80e75bf84bfe40a108723c5eb23d4f,XTZ,0.037316818
0x1bfb6731ff80e75bf84bfe40a108723c5eb23d4f,XVS,-0.0021946582
0x1bfb6731ff80e75bf84bfe40a108723c5eb23d4f,YFI,0.0021666014
0x1ddbf0ae77f367e99e38398d9694d8ea86d003f3,AAVE,0.0018297166850621
0x1ddbf0ae77f367e99e38398d9694d8ea86d003f3,ADA,-0.0146653446171565
0x1ddbf0ae77f367e99e38398d9694d8ea86d003f3,ALGO,-0.0110264698984214
0x1ddbf0ae77f367e99e38398d9694d8ea86d003f3,APE,-0.0041575060072322
0x1ddbf0ae77f367e99e38398d9694d8ea86d003f3,APT,0.0017222107900858
0x1ddbf0ae77f367e99e38398d9694d8ea86d003f3,ATOM,0.000465493851843
0x1ddbf0ae77f367e99e38398d9694d8ea86d003f3,AVAX,0.0033568108137993
0x1ddbf0ae77f367e99e38398d9694d8ea86d003f3,AXS,0.0015829493784467
0x1ddbf0ae77f367e99e38398d9694d8ea86d003f3,BAL,0.0035422156574745
0x1ddbf0ae77f367e99e38398d9694d8ea86d003f3,BCH,0.003431112296766
0x1ddbf0ae77f367e99e38398d9694d8ea86d003f3,BLUR,0.0110770622854825
0x1ddbf0ae77f367e99e38398d9694d8ea86d003f3,BNB,-0.0114248071060819
0x1ddbf0ae77f367e99e38398d9694d8ea86d003f3,BONK,-0.0130792612463927
0x1ddbf0ae77f367e99e38398d9694d8ea86d003f3,BTC,0.0612191412883477
0x1ddbf0ae77f367e99e38398d9694d8ea86d003f3,C98,0.0007957109059409
0x1ddbf0ae77f367e99e38398d9694d8ea86d003f3,CAKE,-0.020441421936229
0x1ddbf0ae77f367e99e38398d9694d8ea86d003f3,COMP,0.0109372548673105
0x1ddbf0ae77f367e99e38398d9694d8ea86d003f3,CRV,0.0008273331917179
0x1ddbf0ae77f367e99e38398d9694d8ea86d003f3,CVX,-0.0044717088908503
0x1ddbf0ae77f367e99e38398d9694d8ea86d003f3,DAI,0.0068872809108939
0x1ddbf0ae77f367e99e38398d9694d8ea86d003f3,DAO,0.0071582268496381
0x1ddbf0ae77f367e99e38398d9694d8ea86d003f3,DOGE,-0.0153557029074688
0x1ddbf0ae77f367e99e38398d9694d8ea86d003f3,DOT,-0.0036692256903618
0x1ddbf0ae77f367e99e38398d9694d8ea86d003f3,DYDX,-0.0010973882174723
0x1ddbf0ae77f367e99e38398d9694d8ea86d003f3,EOS,-0.0120086515297309
0x1ddbf0ae77f367e99e38398d9694d8ea86d003f3,ETC,-0.006370885749418
0x1ddbf0ae77f367e99e38398d9694d8ea86d003f3,ETH,0.077360050910965
0x1ddbf0ae77f367e99e38398d9694d8ea86d003f3,FET,0.0043109565152262
0x1ddbf0ae77f367e99e38398d9694d8ea86d003f3,FIL,-0.0038733260123076
0x1ddbf0ae77f367e99e38398d9694d8ea86d003f3,FRAX,-0.0077523779821907
0x1ddbf0ae77f367e99e38398d9694d8ea86d003f3,FTM,0.0062273674606791
0x1ddbf0ae77f367e99e38398d9694d8ea86d003f3,FXS,-0.0051404378068586
0x1ddbf0ae77f367e99e38398d9694d8ea86d003f3,GRT,0.0051579103706076
0x1ddbf0ae77f367e99e38398d9694d8ea86d003f3,HAI,-0.0126072556646305
0x1ddbf0ae77f367e99e38398d9694d8ea86d003f3,HERO,-0.0019172434129867
0x1ddbf0ae77f367e99e38398d9694d8ea86d003f3,ICP,-0.0016649665145539
0x1ddbf0ae77f367e99e38398d9694d8ea86d003f3,IMX,0.0124985635095039
0x1ddbf0ae77f367e99e38398d9694d8ea86d003f3,INJ,-0.0066007983340786
0x1ddbf0ae77f367e99e38398d9694d8ea86d003f3,LDO,0.0137798398134001
0x1ddbf0ae77f367e99e38398d9694d8ea86d003f3,LINK,0.0028333071425024
0x1ddbf0ae77f367e99e38398d9694d8ea86d003f3,LTC,-0.0008355443264497
0x1ddbf0ae77f367e99e38398d9694d8ea86d003f3,MATIC,0.0129522804619153
0x1ddbf0ae77f367e99e38398d9694d8ea86d003f3,MAV,0.000918897428163
0x1ddbf0ae77f367e99e38398d9694d8ea86d003f3,MBOX,0.0048121825579865
0x1ddbf0ae77f367e99e38398d9694d8ea86d003f3,MKR,0.0018738947599214
0x1ddbf0ae77f367e99e38398d9694d8ea86d003f3,MOON,-0.0006778575981915
0x1ddbf0ae77f367e99e38398d9694d8ea86d003f3,NEAR,0.0151271545216258
0x1ddbf0ae77f367e99e38398d9694d8ea86d003f3,OP,0.0953886095328628
0x1ddbf0ae77f367e99e38398d9694d8ea86d003f3,PENDLE,0.0082577419680291
0x1ddbf0ae77f367e99e38398d9694d8ea86d003f3,PEPE,-0.0203271697274983
0x1ddbf0ae77f367e99e38398d9694d8ea86d003f3,PERP,0.01425560262942
0x1ddbf0ae77f367e99e38398d9694d8ea86d003f3,PIT,0.0145107945416549
0x1ddbf0ae77f367e99e38398d9694d8ea86d003f3,POLS,0.0482287956155183
0x1ddbf0ae77f367e99e38398d9694d8ea86d003f3,PYTH,-0.0036401247153931
0x1ddbf0ae77f367e99e38398d9694d8ea86d003f3,QUACK,0.003312027467482
0x1ddbf0ae77f367e99e38398d9694d8ea86d003f3,RDNT,0.0184448840995582
0x1ddbf0ae77f367e99e38398d9694d8ea86d003f3,RNDR,0.0129203149023479
0x1ddbf0ae77f367e99e38398d9694d8ea86d003f3,RPL,0.0013260653490351
0x1ddbf0ae77f367e99e38398d9694d8ea86d003f3,RUNE,-0.0057147825328908
0x1ddbf0ae77f367e99e38398d9694d8ea86d003f3,SFP,0.0013260653490351
0x1ddbf0ae77f367e99e38398d9694d8ea86d003f3,SFUND,0.003312027467482
0x1ddbf0ae77f367e99e38398d9694d8ea86d003f3,SHIB,-0.0079910555478185
0x1ddbf0ae77f367e99e38398d9694d8ea86d003f3,SOL,0.0186133507233368
0x1ddbf0ae77f367e99e38398d9694d8ea86d003f3,STG,0.0021789090138884
0x1ddbf0ae77f367e99e38398d9694d8ea86d003f3,SUI,0.0106294721915594
0x1ddbf0ae77f367e99e38398d9694d8ea86d003f3,SUSHI,0.0163483681290788
0x1ddbf0ae77f367e99e38398d9694d8ea86d003f3,TIA,0.0177446747644015
0x1ddbf0ae77f367e99e38398d9694d8ea86d003f3,TOKEN,0.0037798510057246
0x1ddbf0ae77f367e99e38398d9694d8ea86d003f3,TRX,0.0029377699835368
0x1ddbf0ae77f367e99e38398d9694d8ea86d003f3,UNI,-0.0019717145132062
0x1ddbf0ae77f367e99e38398d9694d8ea86d003f3,USDT,0.0982819922833806
0x1ddbf0ae77f367e99e38398d9694d8ea86d003f3,XLM,-0.0078358716615267
0x1ddbf0ae77f367e99e38398d9694d8ea86d003f3,XMR,0.0630734563359671
0x1ddbf0ae77f367e99e38398d9694d8ea86d003f3,XRP,0.0047989623899516
0x1ddbf0ae77f367e99e38398d9694d8ea86d003f3,XTZ,0.001071791059716
0x1ddbf0ae77f367e99e38398d9694d8ea86d003f3,XVS,0.003312027467482
0x1ddbf0ae77f367e99e38398d9694d8ea86d003f3,YFI,0.003312027467482
0x1e2e7903fb871f38362a8760871d1648eaa12536,AAVE,0.0
0x1e2e7903fb871f38362a8760871d1648eaa12536,ADA,0.0
0x1e2e7903fb871f38362a8760871d1648eaa12536,ALGO,0.0
0x1e2e7903fb871f38362a8760871d1648eaa12536,APE,-0.05
0x1e2e7903fb871f38362a8760871d1648eaa12536,APT,-0.05
0x1e2e7903fb871f38362a8760871d1648eaa12536,ATOM,0.0
0x1e2e7903fb871f38362a8760871d1648eaa12536,AVAX,-0.05
0x1e2e7903fb871f38362a8760871d1648eaa12536,AXS,0.05
0x1e2e7903fb871f38362a8760871d1648eaa12536,BAL,0.05
0x1e2e7903fb871f38362a8760871d1648eaa12536,BCH,0.0
0x1e2e7903fb871f38362a8760871d1648eaa12536,BLUR,-0.05
0x1e2e7903fb871f38362a8760871d1648eaa12536,BNB,0.05
0x1e2e7903fb871f38362a8760871d1648eaa12536,BONK,0.0
0x1e2e7903fb871f38362a8760871d1648eaa12536,BTC,0.05
0x1e2e7903fb871f38362a8760871d1648eaa12536,C98,0.0
0x1e2e7903fb871f38362a8760871d1648eaa12536,CAKE,0.0
0x1e2e7903fb871f38362a8760871d1648eaa12536,COMP,0.0
0x1e2e7903fb871f38362a8760871d1648eaa12536,CRV,-0.05
0x1e2e7903fb871f38362a8760871d1648eaa12536,CVX,0.0
0x1e2e7903fb871f38362a8760871d1648eaa12536,DAI,0.0
0x1e2e7903fb871f38362a8760871d1648eaa12536,DAO,0.05
0x1e2e7903fb871f38362a8760871d1648eaa12536,DOGE,0.05
0x1e2e7903fb871f38362a8760871d1648eaa12536,DOT,0.0
0x1e2e7903fb871f38362a8760871d1648eaa12536,DYDX,0.0
0x1e2e7903fb871f38362a8760871d1648eaa12536,EOS,0.05
0x1e2e7903fb871f38362a8760871d1648eaa12536,ETC,0.0
0x1e2e7903fb871f38362a8760871d1648eaa12536,ETH,0.05
0x1e2e7903fb871f38362a8760871d1648eaa12536,FET,0.0
0x1e2e7903fb871f38362a8760871d1648eaa12536,FIL,0.0
0x1e2e7903fb871f38362a8760871d1648eaa12536,FRAX,0.0
0x1e2e7903fb871f38362a8760871d1648eaa12536,FTM,0.0
0x1e2e7903fb871f38362a8760871d1648eaa12536,FXS,0.0
0x1e2e7903fb871f38362a8760871d1648eaa12536,GRT,0.0
0x1e2e7903fb871f38362a8760871d1648eaa12536,HAI,0.0
0x1e2e7903fb871f38362a8760871d1648eaa12536,HERO,0.0
0x1e2e7903fb871f38362a8760871d1648eaa12536,ICP,0.0
0x1e2e7903fb871f38362a8760871d1648eaa12536,IMX,-0.05
0x1e2e7903fb871f38362a8760871d1648eaa12536,INJ,0.0
0x1e2e7903fb871f38362a8760871d1648eaa12536,LDO,0.0
0x1e2e7903fb871f38362a8760871d1648eaa12536,LINK,0.0
0x1e2e7903fb871f38362a8760871d1648eaa12536,LTC,0.0
0x1e2e7903fb871f38362a8760871d1648eaa12536,MATIC,0.0
0x1e2e7903fb871f38362a8760871d1648eaa12536,MAV,0.0
0x1e2e7903fb871f38362a8760871d1648eaa12536,MBOX,0.0
0x1e2e7903fb871f38362a8760871d1648eaa12536,MKR,0.0
0x1e2e7903fb871f38362a8760871d1648eaa12536,MOON,0.0
0x1e2e7903fb871f38362a8760871d1648eaa12536,NEAR,-0.05
0x1e2e7903fb871f38362a8760871d1648eaa12536,OP,0.0
0x1e2e7903fb871f38362a8760871d1648eaa12536,PENDLE,0.0
0x1e2e7903fb871f38362a8760871d1648eaa12536,PEPE,0.0
0x1e2e7903fb871f38362a8760871d1648eaa12536,PERP,0.0
0x1e2e7903fb871f38362a8760871d1648eaa12536,PIT,0.0
0x1e2e7903fb871f38362a8760871d1648eaa12536,POLS,0.05
0x1e2e7903fb871f38362a8760871d1648eaa12536,PYTH,0.0
0x1e2e7903fb871f38362a8760871d1648eaa12536,QUACK,0.0
0x1e2e7903fb871f38362a8760871d1648eaa12536,RDNT,0.0
0x1e2e7903fb871f38362a8760871d1648eaa12536,RNDR,0.0
0x1e2e7903fb871f38362a8760871d1648eaa12536,RPL,-0.05
0x1e2e7903fb871f38362a8760871d1648eaa12536,RUNE,0.0
0x1e2e7903fb871f38362a8760871d1648eaa12536,SFP,0.0
0x1e2e7903fb871f38362a8760871d1648eaa12536,SFUND,0.0
0x1e2e7903fb871f38362a8760871d1648eaa12536,SHIB,0.0
0x1e2e7903fb871f38362a8760871d1648eaa12536,SOL,0.0
0x1e2e7903fb871f38362a8760871d1648eaa12536,STG,0.0
0x1e2e7903fb871f38362a8760871d1648eaa12536,SUI,0.0
0x1e2e7903fb871f38362a8760871d1648eaa12536,SUSHI,0.0
0x1e2e7903fb871f38362a8760871d1648eaa12536,TIA,0.0
0x1e2e7903fb871f38362a8760871d1648eaa12536,TOKEN,0.0
0x1e2e7903fb871f38362a8760871d1648eaa12536,TRX,0.0
0x1e2e7903fb871f38362a8760871d1648eaa12536,UNI,0.0
0x1e2e7903fb871f38362a8760871d1648eaa12536,USDT,0.0
0x1e2e7903fb871f38362a8760871d1648eaa12536,XLM,-0.05
0x1e2e7903fb871f38362a8760871d1648eaa12536,XMR,0.0
0x1e2e7903fb871f38362a8760871d1648eaa12536,XRP,0.0
0x1e2e7903fb871f38362a8760871d1648eaa12536,XTZ,0.0
0x1e2e7903fb871f38362a8760871d1648eaa12536,XVS,-0.05
0x1e2e7903fb871f38362a8760871d1648eaa12536,YFI,0.05
0x2b23c36232eac432433a919aedd9a169031661c2,AAVE,0.0446587454992719
0x2b23c36232eac432433a919aedd9a169031661c2,ADA,0.0220652782679857
0x2b23c36232eac432433a919aedd9a169031661c2,ALGO,0.0104354901208533
0x2b23c36232eac432433a919aedd9a169031661c2,APE,0.0040441364464131
0x2b23c36232eac432433a919aedd9a169031661c2,APT,0.0168548320881873
0x2b23c36232eac432433a919aedd9a169031661c2,ATOM,0.0471476417678647
0x2b23c36232eac432433a919aedd9a169031661c2,AVAX,0.0110424431904595
0x2b23c36232eac432433a919aedd9a169031661c2,AXS,0.0089249853182548
0x2b23c36232eac432433a919aedd9a169031661c2,BAL,0.0126727956098102
0x2b23c36232eac432433a919aedd9a169031661c2,BCH,0.0083995087801417
0x2b23c36232eac432433a919aedd9a169031661c2,BLUR,0.0050634358569145
0x2b23c36232eac432433a919aedd9a169031661c2,BNB,-0.0027227175825535
0x2b23c36232eac432433a919aedd9a169031661c2,BONK,0.001585637684978
0x2b23c36232eac432433a919aedd9a169031661c2,BTC,0.0013263197307764
0x2b23c36232eac432433a919aedd9a169031661c2,C98,0.0092296071993177
0x2b23c36232eac432433a919aedd9a169031661c2,CAKE,0.0042340011110453
0x2b23c36232eac432433a919aedd9a169031661c2,COMP,0.0199310618939298
0x2b23c36232eac432433a919aedd9a169031661c2,CRV,-0.0205859838064972
0x2b23c36232eac432433a919aedd9a169031661c2,CVX,0.0170744865899777
0x2b23c36232eac432433a919aedd9a169031661c2,DAI,0.0209400855033477
0x2b23c36232eac432433a919aedd9a169031661c2,DAO,0.0060220696620714
0x2b23c36232eac432433a919aedd9a169031661c2,DOGE,-0.0232878747908786
0x2b23c36232eac432433a919aedd9a169031661c2,DOT,0.0154933102934485
0x2b23c36232eac432433a919aedd9a169031661c2,DYDX,-0.0040456251053344
0x2b23c36232eac432433a919aedd9a169031661c2,EOS,0.0172830444043023
0x2b23c36232eac432433a919aedd9a169031661c2,ETC,0.0023748635358149
0x2b23c36232eac432433a919aedd9a169031661c2,ETH,-0.0054143294911515
0x2b23c36232eac432433a919aedd9a169031661c2,FET,0.000954662245375
0x2b23c36232eac432433a919aedd9a169031661c2,FIL,0.0155463237358222
0x2b23c36232eac432433a919aedd9a169031661c2,FRAX,0.0280026377452702
0x2b23c36232eac432433a919aedd9a169031661c2,FTM,-0.0072178136491154
0x2b23c36232eac432433a919aedd9a169031661c2,FXS,0.0390662446154799
0x2b23c36232eac432433a919aedd9a169031661c2,GRT,-0.0032215951515303
0x2b23c36232eac432433a919aedd9a169031661c2,HAI,-0.0062843477859117
0x2b23c36232eac432433a919aedd9a169031661c2,HERO,0.0104213478445321
0x2b23c36232eac432433a919aedd9a169031661c2,ICP,-0.0053071925200253
0x2b23c36232eac432433a919aedd9a169031661c2,IMX,0.0001745547128959
0x2b23c36232eac432433a919aedd9a169031661c2,INJ,0.0393120910200943
0x2b23c36232eac432433a919aedd9a169031661c2,LDO,0.0179185212101287
0x2b23c36232eac432433a919aedd9a169031661c2,LINK,0.0128152692291362
0x2b23c36232eac432433a919aedd9a169031661c2,LTC,0.0121682439942352
0x2b23c36232eac432433a919aedd9a169031661c2,MATIC,0.000632986455849
0x2b23c36232eac432433a919aedd9a169031661c2,MAV,-0.0155147861002328
0x2b23c36232eac432433a919aedd9a169031661c2,MBOX,-0.0033256014720858
0x2b23c36232eac432433a919aedd9a169031661c2,MKR,-0.0121980842273833
0x2b23c36232eac432433a919aedd9a169031661c2,MOON,-0.0004810671767823
0x2b23c36232eac432433a919aedd9a169031661c2,NEAR,-0.0095050766800488
0x2b23c36232eac432433a919aedd9a169031661c2,OP,-0.0067883271847487
0x2b23c36232eac432433a919aedd9a169031661c2,PENDLE,0.0049692422127817
0x2b23c36232eac432433a919aedd9a169031661c2,PEPE,-0.0061577538147463
0x2b23c36232eac432433a919aedd9a169031661c2,PERP,0.0059369938942287
0x2b23c36232eac432433a919aedd9a169031661c2,PIT,0.0279203298968936
0x2b23c36232eac432433a919aedd9a169031661c2,POLS,0.0127334763097521
0x2b23c36232eac432433a919aedd9a169031661c2,PYTH,0.0143431209868006
0x2b23c36232eac432433a919aedd9a169031661c2,QUACK,0.008502140979219
0x2b23c36232eac432433a919aedd9a169031661c2,RDNT,0.0021392224476473
0x2b23c36232eac432433a919aedd9a169031661c2,RNDR,-0.0053316721789865
0x2b23c36232eac432433a919aedd9a169031661c2,RPL,0.0010515963105283
0x2b23c36232eac432433a919aedd9a169031661c2,RUNE,-0.0033522466795192
0x2b23c36232eac432433a919aedd9a169031661c2,SFP,0.0142183601631672
0x2b23c36232eac432433a919aedd9a169031661c2,SFUND,0.0075235376734987
0x2b23c36232eac432433a919aedd9a169031661c2,SHIB,-0.0002653307613243
0x2b23c36232eac432433a919aedd9a169031661c2,SOL,-0.0205931529266743
0x2b23c36232eac432433a919aedd9a169031661c2,STG,0.0115151728137561
0x2b23c36232eac432433a919aedd9a169031661c2,SUI,0.0089040662513859
0x2b23c36232eac432433a919aedd9a169031661c2,SUSHI,0.012191601178613
0x2b23c36232eac432433a919aedd9a169031661c2,TIA,0.023827982921425
0x2b23c36232eac432433a919aedd9a169031661c2,TOKEN,0.0113896269308709
0x2b23c36232eac432433a919aedd9a169031661c2,TRX,-0.0002903803024669
0x2b23c36232eac432433a919aedd9a169031661c2,UNI,0.0181909313189011
0x2b23c36232eac432433a919aedd9a169031661c2,USDT,0.0010042781269854
0x2b23c36232eac432433a919aedd9a169031661c2,XLM,-0.0047183778994005
0x2b23c36232eac432433a919aedd9a169031661c2,XMR,0.0189527977240938
0x2b23c36232eac432433a919aedd9a169031661c2,XRP,-0.0253678923529354
0x2b23c36232eac432433a919aedd9a169031661c2,XTZ,0.0443172357287935
0x2b23c36232eac432433a919aedd9a169031661c2,XVS,0.01425900194864
0x2b23c36232eac432433a919aedd9a169031661c2,YFI,0.0126035299735949
0x2e85c8101e01810adb4c1f6e878d7b0d8bbd70a1,AAVE,0.0446748475
0x2e85c8101e01810adb4c1f6e878d7b0d8bbd70a1,ADA,0.021294333
0x2e85c8101e01810adb4c1f6e878d7b0d8bbd70a1,ALGO,0.0147219665
0x2e85c8101e01810adb4c1f6e878d7b0d8bbd70a1,APE,0.0240289405
0x2e85c8101e01810adb4c1f6e878d7b0d8bbd70a1,APT,0.007106683515
0x2e85c8101e01810adb4c1f6e878d7b0d8bbd70a1,ATOM,0.031073653
0x2e85c8101e01810adb4c1f6e878d7b0d8bbd70a1,AVAX,0.042370976
0x2e85c8101e01810adb4c1f6e878d7b0d8bbd70a1,AXS,0.0229784415
0x2e85c8101e01810adb4c1f6e878d7b0d8bbd70a1,BAL,0.01772351125
0x2e85c8101e01810adb4c1f6e878d7b0d8bbd70a1,BCH,0.0153337609
0x2e85c8101e01810adb4c1f6e878d7b0d8bbd70a1,BLUR,0.0177397855
0x2e85c8101e01810adb4c1f6e878d7b0d8bbd70a1,BNB,0.0147812
0x2e85c8101e01810adb4c1f6e878d7b0d8bbd70a1,BONK,0.01081383505
0x2e85c8101e01810adb4c1f6e878d7b0d8bbd70a1,BTC,0.03895993
0x2e85c8101e01810adb4c1f6e878d7b0d8bbd70a1,C98,0.01427503285
0x2e85c8101e01810adb4c1f6e878d7b0d8bbd70a1,CAKE,0.0240317094999999
0x2e85c8101e01810adb4c1f6e878d7b0d8bbd70a1,COMP,0.028444414
0x2e85c8101e01810adb4c1f6e878d7b0d8bbd70a1,CRV,0.026222518
0x2e85c8101e01810adb4c1f6e878d7b0d8bbd70a1,CVX,0.0203756995
0x2e85c8101e01810adb4c1f6e878d7b0d8bbd70a1,DAI,0.01102240825
0x2e85c8101e01810adb4c1f6e878d7b0d8bbd70a1,DAO,0.0221319359999999
0x2e85c8101e01810adb4c1f6e878d7b0d8bbd70a1,DOGE,0.02590532365
0x2e85c8101e01810adb4c1f6e878d7b0d8bbd70a1,DOT,0.0991468869999999
0x2e85c8101e01810adb4c1f6e878d7b0d8bbd70a1,DYDX,0.016052117
0x2e85c8101e01810adb4c1f6e878d7b0d8bbd70a1,EOS,0.00691994775
0x2e85c8101e01810adb4c1f6e878d7b0d8bbd70a1,ETC,0.022383562
0x2e85c8101e01810adb4c1f6e878d7b0d8bbd70a1,ETH,0.180570872
0x2e85c8101e01810adb4c1f6e878d7b0d8bbd70a1,FET,0.0190554025
0x2e85c8101e01810adb4c1f6e878d7b0d8bbd70a1,FIL,0.030656902
0x2e85c8101e01810adb4c1f6e878d7b0d8bbd70a1,FRAX,0.018886026
0x2e85c8101e01810adb4c1f6e878d7b0d8bbd70a1,FTM,0.0180342325
0x2e85c8101e01810adb4c1f6e878d7b0d8bbd70a1,FXS,0.0360812245
0x2e85c8101e01810adb4c1f6e878d7b0d8bbd70a1,GRT,0.0368775275
0x2e85c8101e01810adb4c1f6e878d7b0d8bbd70a1,HAI,0.016804545
0x2e85c8101e01810adb4c1f6e878d7b0d8bbd70a1,HERO,0.0171969
0x2e85c8101e01810adb4c1f6e878d7b0d8bbd70a1,ICP,0.033257777625
0x2e85c8101e01810adb4c1f6e878d7b0d8bbd70a1,IMX,0.0214305069999999
0x2e85c8101e01810adb4c1f6e878d7b0d8bbd70a1,INJ,0.03900228
0x2e85c8101e01810adb4c1f6e878d7b0d8bbd70a1,LDO,0.0478003025
0x2e85c8101e01810adb4c1f6e878d7b0d8bbd70a1,LINK,0.0351954955
0x2e85c8101e01810adb4c1f6e878d7b0d8bbd70a1,LTC,0.01761739805
0x2e85c8101e01810adb4c1f6e878d7b0d8bbd70a1,MATIC,0.0382600233
0x2e85c8101e01810adb4c1f6e878d7b0d8bbd70a1,MAV,0.018403171
0x2e85c8101e01810adb4c1f6e878d7b0d8bbd70a1,MBOX,0.031461673
0x2e85c8101e01810adb4c1f6e878d7b0d8bbd70a1,MKR,0.01284375785
0x2e85c8101e01810adb4c1f6e878d7b0d8bbd70a1,MOON,0.051373792
0x2e85c8101e01810adb4c1f6e878d7b0d8bbd70a1,NEAR,0.027494928
0x2e85c8101e01810adb4c1f6e878d7b0d8bbd70a1,OP,0.0167361634999999
0x2e85c8101e01810adb4c1f6e878d7b0d8bbd70a1,PENDLE,0.02057108
0x2e85c8101e01810adb4c1f6e878d7b0d8bbd70a1,PEPE,0.049087156
0x2e85c8101e01810adb4c1f6e878d7b0d8bbd70a1,PERP,0.0198214805
0x2e85c8101e01810adb4c1f6e878d7b0d8bbd70a1,PIT,0.02403959
0x2e85c8101e01810adb4c1f6e878d7b0d8bbd70a1,POLS,0.0238286425
0x2e85c8101e01810adb4c1f6e878d7b0d8bbd70a1,PYTH,0.013898499
0x2e85c8101e01810adb4c1f6e878d7b0d8bbd70a1,QUACK,0.0253166365
0x2e85c8101e01810adb4c1f6e878d7b0d8bbd70a1,RDNT,0.022554362
0x2e85c8101e01810adb4c1f6e878d7b0d8bbd70a1,RNDR,0.0183781334999999
0x2e85c8101e01810adb4c1f6e878d7b0d8bbd70a1,RPL,0.043029942
0x2e85c8101e01810adb4c1f6e878d7b0d8bbd70a1,RUNE,0.00989685915
0x2e85c8101e01810adb4c1f6e878d7b0d8bbd70a1,SFP,0.0060225239
0x2e85c8101e01810adb4c1f6e878d7b0d8bbd70a1,SFUND,0.0174424465
0x2e85c8101e01810adb4c1f6e878d7b0d8bbd70a1,SHIB,0.0339803695
0x2e85c8101e01810adb4c1f6e878d7b0d8bbd70a1,SOL,0.0150529165
0x2e85c8101e01810adb4c1f6e878d7b0d8bbd70a1,STG,0.019018221
0x2e85c8101e01810adb4c1f6e878d7b0d8bbd70a1,SUI,0.0350699354999999
0x2e85c8101e01810adb4c1f6e878d7b0d8bbd70a1,SUSHI,0.023336343
0x2e85c8101e01810adb4c1f6e878d7b0d8bbd70a1,TIA,0.019735215
0x2e85c8101e01810adb4c1f6e878d7b0d8bbd70a1,TOKEN,0.022773575
0x2e85c8101e01810adb4c1f6e878d7b0d8bbd70a1,TRX,0.0352984545
0x2e85c8101e01810adb4c1f6e878d7b0d8bbd70a1,UNI,0.03726431
0x2e85c8101e01810adb4c1f6e878d7b0d8bbd70a1,USDT,0.0228989494999999
0x2e85c8101e01810adb4c1f6e878d7b0d8bbd70a1,XLM,0.029986431
0x2e85c8101e01810adb4c1f6e878d7b0d8bbd70a1,XMR,0.0177237565
0x2e85c8101e01810adb4c1f6e878d7b0d8bbd70a1,XRP,0.0103325635
0x2e85c8101e01810adb4c1f6e878d7b0d8bbd70a1,XTZ,0.0264245784999999
0x2e85c8101e01810adb4c1f6e878d7b0d8bbd70a1,XVS,0.019562381
0x2e85c8101e01810adb4c1f6e878d7b0d8bbd70a1,YFI,0.027817867
0x3e04d3e08ea54c34f721ac007107fe7a4bd957d5,AAVE,0.091612615
0x3e04d3e08ea54c34f721ac007107fe7a4bd957d5,ADA,-0.022176076
0x3e04d3e08ea54c34f721ac007107fe7a4bd957d5,ALGO,0.0023238251
0x3e04d3e08ea54c34f721ac007107fe7a4bd957d5,APE,-0.007681596
0x3e04d3e08ea54c34f721ac007107fe7a4bd957d5,APT,-0.031404145
0x3e04d3e08ea54c34f721ac007107fe7a4bd957d5,ATOM,-0.0014824336
0x3e04d3e08ea54c34f721ac007107fe7a4bd957d5,AVAX,0.0209151
0x3e04d3e08ea54c34f721ac007107fe7a4bd957d5,AXS,0.006299153
0x3e04d3e08ea54c34f721ac007107fe7a4bd957d5,BAL,-0.001262376
0x3e04d3e08ea54c34f721ac007107fe7a4bd957d5,BCH,0.048761774
0x3e04d3e08ea54c34f721ac007107fe7a4bd957d5,BLUR,-0.007834668
0x3e04d3e08ea54c34f721ac007107fe7a4bd957d5,BNB,-0.021187466
0x3e04d3e08ea54c34f721ac007107fe7a4bd957d5,BONK,-0.0016695216
0x3e04d3e08ea54c34f721ac007107fe7a4bd957d5,BTC,0.0007122789
0x3e04d3e08ea54c34f721ac007107fe7a4bd957d5,C98,0.010773336
0x3e04d3e08ea54c34f721ac007107fe7a4bd957d5,CAKE,0.006032017
0x3e04d3e08ea54c34f721ac007107fe7a4bd957d5,COMP,0.006711695
0x3e04d3e08ea54c34f721ac007107fe7a4bd957d5,CRV,-0.019669442
0x3e04d3e08ea54c34f721ac007107fe7a4bd957d5,CVX,0.0044754813
0x3e04d3e08ea54c34f721ac007107fe7a4bd957d5,DAI,0.009145243
0x3e04d3e08ea54c34f721ac007107fe7a4bd957d5,DAO,-0.0073367236
0x3e04d3e08ea54c34f721ac007107fe7a4bd957d5,DOGE,0.0015391754
0x3e04d3e08ea54c34f721ac007107fe7a4bd957d5,DOT,0.0553243
0x3e04d3e08ea54c34f721ac007107fe7a4bd957d5,DYDX,-0.02541928
0x3e04d3e08ea54c34f721ac007107fe7a4bd957d5,EOS,-0.0054853805
0x3e04d3e08ea54c34f721ac007107fe7a4bd957d5,ETC,-0.0025087656
0x3e04d3e08ea54c34f721ac007107fe7a4bd957d5,ETH,-0.016985169
0x3e04d3e08ea54c34f721ac007107fe7a4bd957d5,FET,-0.00850771
0x3e04d3e08ea54c34f721ac007107fe7a4bd957d5,FIL,0.01055968
0x3e04d3e08ea54c34f721ac007107fe7a4bd957d5,FRAX,0.017569935
0x3e04d3e08ea54c34f721ac007107fe7a4bd957d5,FTM,-0.017433485
0x3e04d3e08ea54c34f721ac007107fe7a4bd957d5,FXS,0.039399486
0x3e04d3e08ea54c34f721ac007107fe7a4bd957d5,GRT,0.004472274
0x3e04d3e08ea54c34f721ac007107fe7a4bd957d5,HAI,-0.014491536
0x3e04d3e08ea54c34f721ac007107fe7a4bd957d5,HERO,-0.00229809
0x3e04d3e08ea54c34f721ac007107fe7a4bd957d5,ICP,-0.0075316136
0x3e04d3e08ea54c34f721ac007107fe7a4bd957d5,IMX,-0.025118057
0x3e04d3e08ea54c34f721ac007107fe7a4bd957d5,INJ,0.034563456
0x3e04d3e08ea54c34f721ac007107fe7a4bd957d5,LDO,-0.0114299515
0x3e04d3e08ea54c34f721ac007107fe7a4bd957d5,LINK,0.048705947
0x3e04d3e08ea54c34f721ac007107fe7a4bd957d5,LTC,-0.029593032
0x3e04d3e08ea54c34f721ac007107fe7a4bd957d5,MATIC,0.0071691787
0x3e04d3e08ea54c34f721ac007107fe7a4bd957d5,MAV,-0.00094966654
0x3e04d3e08ea54c34f721ac007107fe7a4bd957d5,MBOX,-0.014117121
0x3e04d3e08ea54c34f721ac007107fe7a4bd957d5,MKR,-0.011067583
0x3e04d3e08ea54c34f721ac007107fe7a4bd957d5,MOON,-0.01014648
0x3e04d3e08ea54c34f721ac007107fe7a4bd957d5,NEAR,-0.019265886
0x3e04d3e08ea54c34f721ac007107fe7a4bd957d5,OP,-0.04206224
0x3e04d3e08ea54c34f721ac007107fe7a4bd957d5,PENDLE,-0.011308016
0x3e04d3e08ea54c34f721ac007107fe7a4bd957d5,PEPE,-0.004214885
0x3e04d3e08ea54c34f721ac007107fe7a4bd957d5,PERP,-0.010264924
0x3e04d3e08ea54c34f721ac007107fe7a4bd957d5,PIT,0.019555464
0x3e04d3e08ea54c34f721ac007107fe7a4bd957d5,POLS,0.0142219225
0x3e04d3e08ea54c34f721ac007107fe7a4bd957d5,PYTH,0.00013661264
0x3e04d3e08ea54c34f721ac007107fe7a4bd957d5,QUACK,0.0021604337
0x3e04d3e08ea54c34f721ac007107fe7a4bd957d5,RDNT,-0.0044396287
0x3e04d3e08ea54c34f721ac007107fe7a4bd957d5,RNDR,-0.0028192485
0x3e04d3e08ea54c34f721ac007107fe7a4bd957d5,RPL,-0.013104763
0x3e04d3e08ea54c34f721ac007107fe7a4bd957d5,RUNE,-0.029692223
0x3e04d3e08ea54c34f721ac007107fe7a4bd957d5,SFP,0.0047474704
0x3e04d3e08ea54c34f721ac007107fe7a4bd957d5,SFUND,-0.0051542283
0x3e04d3e08ea54c34f721ac007107fe7a4bd957d5,SHIB,-0.011136288
0x3e04d3e08ea54c34f721ac007107fe7a4bd957d5,SOL,0.013967077
0x3e04d3e08ea54c34f721ac007107fe7a4bd957d5,STG,-0.009487302
0x3e04d3e08ea54c34f721ac007107fe7a4bd957d5,SUI,-0.012888409
0x3e04d3e08ea54c34f721ac007107fe7a4bd957d5,SUSHI,-0.0012051153
0x3e04d3e08ea54c34f721ac007107fe7a4bd957d5,TIA,0.0014893374
0x3e04d3e08ea54c34f721ac007107fe7a4bd957d5,TOKEN,-0.006764147
0x3e04d3e08ea54c34f721ac007107fe7a4bd957d5,TRX,0.027164023
0x3e04d3e08ea54c34f721ac007107fe7a4bd957d5,UNI,-0.0006407676
0x3e04d3e08ea54c34f721ac007107fe7a4bd957d5,USDT,-0.0073247706
0x3e04d3e08ea54c34f721ac007107fe7a4bd957d5,XLM,0.00962017
0x3e04d3e08ea54c34f721ac007107fe7a4bd957d5,XMR,-0.0022668033
0x3e04d3e08ea54c34f721ac007107fe7a4bd957d5,XRP,0.03710426
0x3e04d3e08ea54c34f721ac007107fe7a4bd957d5,XTZ,0.0044310777
0x3e04d3e08ea54c34f721ac007107fe7a4bd957d5,XVS,-0.0023419505
0x3e04d3e08ea54c34f721ac007107fe7a4bd957d5,YFI,-0.0013675225
0x3ebab08d24031caa95c4290b28f66e71bbe418e5,AAVE,0.0308476221659981
0x3ebab08d24031caa95c4290b28f66e71bbe418e5,ADA,0.0004925610553918
0x3ebab08d24031caa95c4290b28f66e71bbe418e5,ALGO,0.0151197436272366
0x3ebab08d24031caa95c4290b28f66e71bbe418e5,APE,0.0024104660534099
0x3ebab08d24031caa95c4290b28f66e71bbe418e5,APT,-0.0033302847128807
0x3ebab08d24031caa95c4290b28f66e71bbe418e5,ATOM,0.0127979526182208
0x3ebab08d24031caa95c4290b28f66e71bbe418e5,AVAX,0.0169793565551683
0x3ebab08d24031caa95c4290b28f66e71bbe418e5,AXS,0.0097281293370121
0x3ebab08d24031caa95c4290b28f66e71bbe418e5,BAL,0.010988519379168
0x3ebab08d24031caa95c4290b28f66e71bbe418e5,BCH,0.0226651669096093
0x3ebab08d24031caa95c4290b28f66e71bbe418e5,BLUR,-0.0001008496470068
0x3ebab08d24031caa95c4290b28f66e71bbe418e5,BNB,-0.0109270615729466
0x3ebab08d24031caa95c4290b28f66e71bbe418e5,BONK,-0.016566530396453
0x3ebab08d24031caa95c4290b28f66e71bbe418e5,BTC,-0.01974443374384
0x3ebab08d24031caa95c4290b28f66e71bbe418e5,C98,0.0133500850549866
0x3ebab08d24031caa95c4290b28f66e71bbe418e5,CAKE,0.0128623710730434
0x3ebab08d24031caa95c4290b28f66e71bbe418e5,COMP,0.0127833959923148
0x3ebab08d24031caa95c4290b28f66e71bbe418e5,CRV,-0.0012963801792993
0x3ebab08d24031caa95c4290b28f66e71bbe418e5,CVX,0.0045574083348371
0x3ebab08d24031caa95c4290b28f66e71bbe418e5,DAI,0.00972173912645
0x3ebab08d24031caa95c4290b28f66e71bbe418e5,DAO,-0.0104353575928829
0x3ebab08d24031caa95c4290b28f66e71bbe418e5,DOGE,0.0029620857651866
0x3ebab08d24031caa95c4290b28f66e71bbe418e5,DOT,0.0459958823401204
0x3ebab08d24031caa95c4290b28f66e71bbe418e5,DYDX,0.0004571956433421
0x3ebab08d24031caa95c4290b28f66e71bbe418e5,EOS,0.0106806621563218
0x3ebab08d24031caa95c4290b28f66e71bbe418e5,ETC,0.0014664201207549
0x3ebab08d24031caa95c4290b28f66e71bbe418e5,ETH,-0.0174454574747282
0x3ebab08d24031caa95c4290b28f66e71bbe418e5,FET,-0.0106758909335932
0x3ebab08d24031caa95c4290b28f66e71bbe418e5,FIL,0.0172900261593575
0x3ebab08d24031caa95c4290b28f66e71bbe418e5,FRAX,0.028759683400864
0x3ebab08d24031caa95c4290b28f66e71bbe418e5,FTM,-0.0002233266436934
0x3ebab08d24031caa95c4290b28f66e71bbe418e5,FXS,0.0242235578138023
0x3ebab08d24031caa95c4290b28f66e71bbe418e5,GRT,0.0052138119392524
0x3ebab08d24031caa95c4290b28f66e71bbe418e5,HAI,0.0150520324776946
0x3ebab08d24031caa95c4290b28f66e71bbe418e5,HERO,0.0030208099406095
0x3ebab08d24031caa95c4290b28f66e71bbe418e5,ICP,-0.0003260549317951
0x3ebab08d24031caa95c4290b28f66e71bbe418e5,IMX,-0.004843418242068
0x3ebab08d24031caa95c4290b28f66e71bbe418e5,INJ,0.0302116958084408
0x3ebab08d24031caa95c4290b28f66e71bbe418e5,LDO,0.0170868579070808
0x3ebab08d24031caa95c4290b28f66e71bbe418e5,LINK,0.0013188642538157
0x3ebab08d24031caa95c4290b28f66e71bbe418e5,LTC,0.0220529286113701
0x3ebab08d24031caa95c4290b28f66e71bbe418e5,MATIC,-0.0144863198175865
0x3ebab08d24031caa95c4290b28f66e71bbe418e5,MAV,0.0165607398441951
0x3ebab08d24031caa95c4290b28f66e71bbe418e5,MBOX,0.0009827944224567
0x3ebab08d24031caa95c4290b28f66e71bbe418e5,MKR,-0.0003075885752284
0x3ebab08d24031caa95c4290b28f66e71bbe418e5,MOON,0.0281019273396832
0x3ebab08d24031caa95c4290b28f66e71bbe418e5,NEAR,-0.0247850805357272
0x3ebab08d24031caa95c4290b28f66e71bbe418e5,OP,-0.0050396789393398
0x3ebab08d24031caa95c4290b28f66e71bbe418e5,PENDLE,0.009768936187512
0x3ebab08d24031caa95c4290b28f66e71bbe418e5,PEPE,0.0086313067666206
0x3ebab08d24031caa95c4290b28f66e71bbe418e5,PERP,0.0154467214340006
0x3ebab08d24031caa95c4290b28f66e71bbe418e5,PIT,0.0138809951142011
0x3ebab08d24031caa95c4290b28f66e71bbe418e5,POLS,0.0082060605478125
0x3ebab08d24031caa95c4290b28f66e71bbe418e5,PYTH,0.0001359999426223
0x3ebab08d24031caa95c4290b28f66e71bbe418e5,QUACK,0.0054725043793093
0x3ebab08d24031caa95c4290b28f66e71bbe418e5,RDNT,0.0013489845490438
0x3ebab08d24031caa95c4290b28f66e71bbe418e5,RNDR,-0.0391027924422172
0x3ebab08d24031caa95c4290b28f66e71bbe418e5,RPL,0.0052644744840443
0x3ebab08d24031caa95c4290b28f66e71bbe418e5,RUNE,-0.0026144225199702
0x3ebab08d24031caa95c4290b28f66e71bbe418e5,SFP,0.0055377559021364
0x3ebab08d24031caa95c4290b28f66e71bbe418e5,SFUND,0.004962423557724
0x3ebab08d24031caa95c4290b28f66e71bbe418e5,SHIB,-0.0169367002624927
0x3ebab08d24031caa95c4290b28f66e71bbe418e5,SOL,-0.0136849367143475
0x3ebab08d24031caa95c4290b28f66e71bbe418e5,STG,0.0077174386723716
0x3ebab08d24031caa95c4290b28f66e71bbe418e5,SUI,-0.0097020164424729
0x3ebab08d24031caa95c4290b28f66e71bbe418e5,SUSHI,-0.0004259530306854
0x3ebab08d24031caa95c4290b28f66e71bbe418e5,TIA,0.0097987638540252
0x3ebab08d24031caa95c4290b28f66e71bbe418e5,TOKEN,-0.003561630518904
0x3ebab08d24031caa95c4290b28f66e71bbe418e5,TRX,0.0023762229791347
0x3ebab08d24031caa95c4290b28f66e71bbe418e5,UNI,0.0056960052159792
0x3ebab08d24031caa95c4290b28f66e71bbe418e5,USDT,0.0009446384853603
0x3ebab08d24031caa95c4290b28f66e71bbe418e5,XLM,-0.0194689771294435
0x3ebab08d24031caa95c4290b28f66e71bbe418e5,XMR,0.0089378612172797
0x3ebab08d24031caa95c4290b28f66e71bbe418e5,XRP,0.0034220823601463
0x3ebab08d24031caa95c4290b28f66e71bbe418e5,XTZ,0.0247456461185974
0x3ebab08d24031caa95c4290b28f66e71bbe418e5,XVS,-0.0004353513963297
0x3ebab08d24031caa95c4290b28f66e71bbe418e5,YFI,0.0052667893599396
0x427ae6048c7d2ded45a07ea46f2873d0f9dddb35,AAVE,-150.53128569792386
0x427ae6048c7d2ded45a07ea46f2873d0f9dddb35,ADA,-116.96167029807776
0x427ae6048c7d2ded45a07ea46f2873d0f9dddb35,ALGO,-7.495264453149616
0x427ae6048c7d2ded45a07ea46f2873d0f9dddb35,APE,-296.36409823220487
0x427ae6048c7d2ded45a07ea46f2873d0f9dddb35,APT,-140.9374229413482
0x427ae6048c7d2ded45a07ea46f2873d0f9dddb35,ATOM,67.55541553503485
0x427ae6048c7d2ded45a07ea46f2873d0f9dddb35,AVAX,-36.15223478576212
0x427ae6048c7d2ded45a07ea46f2873d0f9dddb35,AXS,-88.65759971233672
0x427ae6048c7d2ded45a07ea46f2873d0f9dddb35,BAL,2.948221332511366
0x427ae6048c7d2ded45a07ea46f2873d0f9dddb35,BCH,176.64667941717587
0x427ae6048c7d2ded45a07ea46f2873d0f9dddb35,BLUR,104.84354585976632
0x427ae6048c7d2ded45a07ea46f2873d0f9dddb35,BNB,-189.44726762975927
0x427ae6048c7d2ded45a07ea46f2873d0f9dddb35,BONK,208.61586813362936
0x427ae6048c7d2ded45a07ea46f2873d0f9dddb35,BTC,3.486746599050548
0x427ae6048c7d2ded45a07ea46f2873d0f9dddb35,C98,26.949280945257957
0x427ae6048c7d2ded45a07ea46f2873d0f9dddb35,CAKE,-92.76363352277144
0x427ae6048c7d2ded45a07ea46f2873d0f9dddb35,COMP,105.47506677149268
0x427ae6048c7d2ded45a07ea46f2873d0f9dddb35,CRV,7.278285315997778
0x427ae6048c7d2ded45a07ea46f2873d0f9dddb35,CVX,176.1457307849295
0x427ae6048c7d2ded45a07ea46f2873d0f9dddb35,DAI,-91.19246042691516
0x427ae6048c7d2ded45a07ea46f2873d0f9dddb35,DAO,-111.0914200761905
0x427ae6048c7d2ded45a07ea46f2873d0f9dddb35,DOGE,101.5867348285351
0x427ae6048c7d2ded45a07ea46f2873d0f9dddb35,DOT,-1.1500304354754007
0x427ae6048c7d2ded45a07ea46f2873d0f9dddb35,DYDX,262.9194830949802
0x427ae6048c7d2ded45a07ea46f2873d0f9dddb35,EOS,137.08147180806532
0x427ae6048c7d2ded45a07ea46f2873d0f9dddb35,ETC,-131.19253175872916
0x427ae6048c7d2ded45a07ea46f2873d0f9dddb35,ETH,19.875032801248324
0x427ae6048c7d2ded45a07ea46f2873d0f9dddb35,FET,-247.13396254502285
0x427ae6048c7d2ded45a07ea46f2873d0f9dddb35,FIL,-103.23684281610366
0x427ae6048c7d2ded45a07ea46f2873d0f9dddb35,FRAX,108.20402036914194
0x427ae6048c7d2ded45a07ea46f2873d0f9dddb35,FTM,-28.50453922353796
0x427ae6048c7d2ded45a07ea46f2873d0f9dddb35,FXS,-146.91047376881238
0x427ae6048c7d2ded45a07ea46f2873d0f9dddb35,GRT,-103.14483678780137
0x427ae6048c7d2ded45a07ea46f2873d0f9dddb35,HAI,53.98941321887793
0x427ae6048c7d2ded45a07ea46f2873d0f9dddb35,HERO,47.5164884712724
0x427ae6048c7d2ded45a07ea46f2873d0f9dddb35,ICP,-11.42917940715381
0x427ae6048c7d2ded45a07ea46f2873d0f9dddb35,IMX,-141.28156374041328
0x427ae6048c7d2ded45a07ea46f2873d0f9dddb35,INJ,-100.22335002045536
0x427ae6048c7d2ded45a07ea46f2873d0f9dddb35,LDO,149.19275862081696
0x427ae6048c7d2ded45a07ea46f2873d0f9dddb35,LINK,-271.6714890264215
0x427ae6048c7d2ded45a07ea46f2873d0f9dddb35,LTC,19.121988854903577
0x427ae6048c7d2ded45a07ea46f2873d0f9dddb35,MATIC,-310.9783867016461
0x427ae6048c7d2ded45a07ea46f2873d0f9dddb35,MAV,-68.95817765421361
0x427ae6048c7d2ded45a07ea46f2873d0f9dddb35,MBOX,-53.35646496731971
0x427ae6048c7d2ded45a07ea46f2873d0f9dddb35,MKR,148.04559155529907
0x427ae6048c7d2ded45a07ea46f2873d0f9dddb35,MOON,-114.46468839386506
0x427ae6048c7d2ded45a07ea46f2873d0f9dddb35,NEAR,107.97035126061031
0x427ae6048c7d2ded45a07ea46f2873d0f9dddb35,OP,-178.55018026965348
0x427ae6048c7d2ded45a07ea46f2873d0f9dddb35,PENDLE,-27.94913254279743
0x427ae6048c7d2ded45a07ea46f2873d0f9dddb35,PEPE,146.93733378560808
0x427ae6048c7d2ded45a07ea46f2873d0f9dddb35,PERP,-17.307683557624443
0x427ae6048c7d2ded45a07ea46f2873d0f9dddb35,PIT,155.16916801951132
0x427ae6048c7d2ded45a07ea46f2873d0f9dddb35,POLS,-161.04537931442275
0x427ae6048c7d2ded45a07ea46f2873d0f9dddb35,PYTH,106.94493085923844
0x427ae6048c7d2ded45a07ea46f2873d0f9dddb35,QUACK,-70.30833421494026
0x427ae6048c7d2ded45a07ea46f2873d0f9dddb35,RDNT,-26.114465581706668
0x427ae6048c7d2ded45a07ea46f2873d0f9dddb35,RNDR,-12.740303751382214
0x427ae6048c7d2ded45a07ea46f2873d0f9dddb35,RPL,13.352742234747382
0x427ae6048c7d2ded45a07ea46f2873d0f9dddb35,RUNE,-108.77590622557337
0x427ae6048c7d2ded45a07ea46f2873d0f9dddb35,SFP,-53.11915633464514
0x427ae6048c7d2ded45a07ea46f2873d0f9dddb35,SFUND,-11.26924319257182
0x427ae6048c7d2ded45a07ea46f2873d0f9dddb35,SHIB,241.57097414480492
0x427ae6048c7d2ded45a07ea46f2873d0f9dddb35,SOL,142.28218951398554
0x427ae6048c7d2ded45a07ea46f2873d0f9dddb35,STG,-6.8427839110972855
0x427ae6048c7d2ded45a07ea46f2873d0f9dddb35,SUI,-17.01849525267096
0x427ae6048c7d2ded45a07ea46f2873d0f9dddb35,SUSHI,-32.42261990956274
0x427ae6048c7d2ded45a07ea46f2873d0f9dddb35,TIA,109.47413656985876
0x427ae6048c7d2ded45a07ea46f2873d0f9dddb35,TOKEN,-48.57433675691914
0x427ae6048c7d2ded45a07ea46f2873d0f9dddb35,TRX,-315.6799350498056
0x427ae6048c7d2ded45a07ea46f2873d0f9dddb35,UNI,63.54856646568231
0x427ae6048c7d2ded45a07ea46f2873d0f9dddb35,USDT,-85.43306205524698
0x427ae6048c7d2ded45a07ea46f2873d0f9dddb35,XLM,184.90688573326943
0x427ae6048c7d2ded45a07ea46f2873d0f9dddb35,XMR,-126.15646338428265
0x427ae6048c7d2ded45a07ea46f2873d0f9dddb35,XRP,91.16253819732653
0x427ae6048c7d2ded45a07ea46f2873d0f9dddb35,XTZ,137.46568784881077
0x427ae6048c7d2ded45a07ea46f2873d0f9dddb35,XVS,32.606584815409065
0x427ae6048c7d2ded45a07ea46f2873d0f9dddb35,YFI,-90.99189348432168
0x43af3c47d12d940eef4d4ff380bad2edd905f951,AAVE,0.020247206
0x43af3c47d12d940eef4d4ff380bad2edd905f951,ADA,0.024841353
0x43af3c47d12d940eef4d4ff380bad2edd905f951,ALGO,0.019148283
0x43af3c47d12d940eef4d4ff380bad2edd905f951,APE,-0.007228315
0x43af3c47d12d940eef4d4ff380bad2edd905f951,APT,0.0016954988
0x43af3c47d12d940eef4d4ff380bad2edd905f951,ATOM,0.0027654916
0x43af3c47d12d940eef4d4ff380bad2edd905f951,AVAX,0.02035404
0x43af3c47d12d940eef4d4ff380bad2edd905f951,AXS,-0.0095405355
0x43af3c47d12d940eef4d4ff380bad2edd905f951,BAL,-0.03326968
0x43af3c47d12d940eef4d4ff380bad2edd905f951,BCH,-0.009216137
0x43af3c47d12d940eef4d4ff380bad2edd905f951,BLUR,-0.017035082
0x43af3c47d12d940eef4d4ff380bad2edd905f951,BNB,0.003223665
0x43af3c47d12d940eef4d4ff380bad2edd905f951,BONK,-0.001952678
0x43af3c47d12d940eef4d4ff380bad2edd905f951,BTC,-0.0135774985
0x43af3c47d12d940eef4d4ff380bad2edd905f951,C98,-0.021048203
0x43af3c47d12d940eef4d4ff380bad2edd905f951,CAKE,0.026659727
0x43af3c47d12d940eef4d4ff380bad2edd905f951,COMP,-0.019694556
0x43af3c47d12d940eef4d4ff380bad2edd905f951,CRV,-0.0065882355
0x43af3c47d12d940eef4d4ff380bad2edd905f951,CVX,-0.005336687
0x43af3c47d12d940eef4d4ff380bad2edd905f951,DAI,-0.012706704
0x43af3c47d12d940eef4d4ff380bad2edd905f951,DAO,0.004573591
0x43af3c47d12d940eef4d4ff380bad2edd905f951,DOGE,-0.0069276914
0x43af3c47d12d940eef4d4ff380bad2edd905f951,DOT,0.0074691325
0x43af3c47d12d940eef4d4ff380bad2edd905f951,DYDX,-0.022098068
0x43af3c47d12d940eef4d4ff380bad2edd905f951,EOS,-0.017419934
0x43af3c47d12d940eef4d4ff380bad2edd905f951,ETC,0.00025197119
0x43af3c47d12d940eef4d4ff380bad2edd905f951,ETH,0.015976645
0x43af3c47d12d940eef4d4ff380bad2edd905f951,FET,-0.0119607225
0x43af3c47d12d940eef4d4ff380bad2edd905f951,FIL,-0.016835619
0x43af3c47d12d940eef4d4ff380bad2edd905f951,FRAX,-0.014903314
0x43af3c47d12d940eef4d4ff380bad2edd905f951,FTM,0.0004695803
0x43af3c47d12d940eef4d4ff380bad2edd905f951,FXS,-0.024180993
0x43af3c47d12d940eef4d4ff380bad2edd905f951,GRT,-0.0060621947
0x43af3c47d12d940eef4d4ff380bad2edd905f951,HAI,-0.0032375455
0x43af3c47d12d940eef4d4ff380bad2edd905f951,HERO,-0.002762027
0x43af3c47d12d940eef4d4ff380bad2edd905f951,ICP,-0.015443549
0x43af3c47d12d940eef4d4ff380bad2edd905f951,IMX,-0.008415379
0x43af3c47d12d940eef4d4ff380bad2edd905f951,INJ,-0.0038612783
0x43af3c47d12d940eef4d4ff380bad2edd905f951,LDO,0.011246055
0x43af3c47d12d940eef4d4ff380bad2edd905f951,LINK,0.017279021
0x43af3c47d12d940eef4d4ff380bad2edd905f951,LTC,0.02566798
0x43af3c47d12d940eef4d4ff380bad2edd905f951,MATIC,-0.0017682016
0x43af3c47d12d940eef4d4ff380bad2edd905f951,MAV,-0.022056356
0x43af3c47d12d940eef4d4ff380bad2edd905f951,MBOX,0.0034544915
0x43af3c47d12d940eef4d4ff380bad2edd905f951,MKR,0.011896789
0x43af3c47d12d940eef4d4ff380bad2edd905f951,MOON,0.0616702
0x43af3c47d12d940eef4d4ff380bad2edd905f951,NEAR,-0.012945056
0x43af3c47d12d940eef4d4ff380bad2edd905f951,OP,-0.037334897
0x43af3c47d12d940eef4d4ff380bad2edd905f951,PENDLE,-0.0064592734
0x43af3c47d12d940eef4d4ff380bad2edd905f951,PEPE,0.023270652
0x43af3c47d12d940eef4d4ff380bad2edd905f951,PERP,-0.017088622
0x43af3c47d12d940eef4d4ff380bad2edd905f951,PIT,0.019747198
0x43af3c47d12d940eef4d4ff380bad2edd905f951,POLS,0.064003244
0x43af3c47d12d940eef4d4ff380bad2edd905f951,PYTH,-0.0013996586
0x43af3c47d12d940eef4d4ff380bad2edd905f951,QUACK,-0.0019918978
0x43af3c47d12d940eef4d4ff380bad2edd905f951,RDNT,-0.026890121
0x43af3c47d12d940eef4d4ff380bad2edd905f951,RNDR,-0.02252873
0x43af3c47d12d940eef4d4ff380bad2edd905f951,RPL,-0.00032894313
0x43af3c47d12d940eef4d4ff380bad2edd905f951,RUNE,-0.0018159151
0x43af3c47d12d940eef4d4ff380bad2edd905f951,SFP,-0.009102568
0x43af3c47d12d940eef4d4ff380bad2edd905f951,SFUND,-0.042401653
0x43af3c47d12d940eef4d4ff380bad2edd905f951,SHIB,0.034370318
0x43af3c47d12d940eef4d4ff380bad2edd905f951,SOL,-0.0004863739
0x43af3c47d12d940eef4d4ff380bad2edd905f951,STG,0.016013548
0x43af3c47d12d940eef4d4ff380bad2edd905f951,SUI,0.02993901
0x43af3c47d12d940eef4d4ff380bad2edd905f951,SUSHI,-0.021819662
0x43af3c47d12d940eef4d4ff380bad2edd905f951,TIA,-0.012697987
0x43af3c47d12d940eef4d4ff380bad2edd905f951,TOKEN,0.05016868
0x43af3c47d12d940eef4d4ff380bad2edd905f951,TRX,-0.013891369
0x43af3c47d12d940eef4d4ff380bad2edd905f951,UNI,0.017595746
0x43af3c47d12d940eef4d4ff380bad2edd905f951,USDT,-0.012278773
0x43af3c47d12d940eef4d4ff380bad2edd905f951,XLM,0.0049737617
0x43af3c47d12d940eef4d4ff380bad2edd905f951,XMR,0.019961521
0x43af3c47d12d940eef4d4ff380bad2edd905f951,XRP,0.0023545623
0x43af3c47d12d940eef4d4ff380bad2edd905f951,XTZ,-0.011314385
0x43af3c47d12d940eef4d4ff380bad2edd905f951,XVS,-0.0021098554
0x43af3c47d12d940eef4d4ff380bad2edd905f951,YFI,0.00053071976
0x49451c6af70feef6ef29b8c78bc17d4bdaf9fdaa,AAVE,0.48862594
0x49451c6af70feef6ef29b8c78bc17d4bdaf9fdaa,ADA,0.52503735
0x49451c6af70feef6ef29b8c78bc17d4bdaf9fdaa,ALGO,0.54149
0x49451c6af70feef6ef29b8c78bc17d4bdaf9fdaa,APE,0.5275745
0x49451c6af70feef6ef29b8c78bc17d4bdaf9fdaa,APT,0.5281807
0x49451c6af70feef6ef29b8c78bc17d4bdaf9fdaa,ATOM,0.5649264
0x49451c6af70feef6ef29b8c78bc17d4bdaf9fdaa,AVAX,0.5556808
0x49451c6af70feef6ef29b8c78bc17d4bdaf9fdaa,AXS,0.50817025
0x49451c6af70feef6ef29b8c78bc17d4bdaf9fdaa,BAL,0.52532005
0x49451c6af70feef6ef29b8c78bc17d4bdaf9fdaa,BCH,0.5412763
0x49451c6af70feef6ef29b8c78bc17d4bdaf9fdaa,BLUR,0.44467875
0x49451c6af70feef6ef29b8c78bc17d4bdaf9fdaa,BNB,0.56984156
0x49451c6af70feef6ef29b8c78bc17d4bdaf9fdaa,BONK,0.43082568
0x49451c6af70feef6ef29b8c78bc17d4bdaf9fdaa,BTC,0.5305354
0x49451c6af70feef6ef29b8c78bc17d4bdaf9fdaa,C98,0.50481576
0x49451c6af70feef6ef29b8c78bc17d4bdaf9fdaa,CAKE,0.53280824
0x49451c6af70feef6ef29b8c78bc17d4bdaf9fdaa,COMP,0.5644509
0x49451c6af70feef6ef29b8c78bc17d4bdaf9fdaa,CRV,0.49525926
0x49451c6af70feef6ef29b8c78bc17d4bdaf9fdaa,CVX,0.47677892
0x49451c6af70feef6ef29b8c78bc17d4bdaf9fdaa,DAI,0.5886852
0x49451c6af70feef6ef29b8c78bc17d4bdaf9fdaa,DAO,0.51223254
0x49451c6af70feef6ef29b8c78bc17d4bdaf9fdaa,DOGE,0.49858806
0x49451c6af70feef6ef29b8c78bc17d4bdaf9fdaa,DOT,0.5730906
0x49451c6af70feef6ef29b8c78bc17d4bdaf9fdaa,DYDX,0.47688442
0x49451c6af70feef6ef29b8c78bc17d4bdaf9fdaa,EOS,0.5395879
0x49451c6af70feef6ef29b8c78bc17d4bdaf9fdaa,ETC,0.5314086
0x49451c6af70feef6ef29b8c78bc17d4bdaf9fdaa,ETH,0.53351563
0x49451c6af70feef6ef29b8c78bc17d4bdaf9fdaa,FET,0.51398337
0x49451c6af70feef6ef29b8c78bc17d4bdaf9fdaa,FIL,0.5329461
0x49451c6af70feef6ef29b8c78bc17d4bdaf9fdaa,FRAX,0.56446266
0x49451c6af70feef6ef29b8c78bc17d4bdaf9fdaa,FTM,0.462949
0x49451c6af70feef6ef29b8c78bc17d4bdaf9fdaa,FXS,0.507371
0x49451c6af70feef6ef29b8c78bc17d4bdaf9fdaa,GRT,0.5135092
0x49451c6af70feef6ef29b8c78bc17d4bdaf9fdaa,HAI,0.50188655
0x49451c6af70feef6ef29b8c78bc17d4bdaf9fdaa,HERO,0.50978136
0x49451c6af70feef6ef29b8c78bc17d4bdaf9fdaa,ICP,0.45582867
0x49451c6af70feef6ef29b8c78bc17d4bdaf9fdaa,IMX,0.5377184
0x49451c6af70feef6ef29b8c78bc17d4bdaf9fdaa,INJ,0.5146364
0x49451c6af70feef6ef29b8c78bc17d4bdaf9fdaa,LDO,0.47726786
0x49451c6af70feef6ef29b8c78bc17d4bdaf9fdaa,LINK,0.5584471
0x49451c6af70feef6ef29b8c78bc17d4bdaf9fdaa,LTC,0.5685873
0x49451c6af70feef6ef29b8c78bc17d4bdaf9fdaa,MATIC,0.51016647
0x49451c6af70feef6ef29b8c78bc17d4bdaf9fdaa,MAV,0.48833463
0x49451c6af70feef6ef29b8c78bc17d4bdaf9fdaa,MBOX,0.5323733
0x49451c6af70feef6ef29b8c78bc17d4bdaf9fdaa,MKR,0.4920951
0x49451c6af70feef6ef29b8c78bc17d4bdaf9fdaa,MOON,0.53376967
0x49451c6af70feef6ef29b8c78bc17d4bdaf9fdaa,NEAR,0.49604228
0x49451c6af70feef6ef29b8c78bc17d4bdaf9fdaa,OP,0.52488095
0x49451c6af70feef6ef29b8c78bc17d4bdaf9fdaa,PENDLE,0.4982459
0x49451c6af70feef6ef29b8c78bc17d4bdaf9fdaa,PEPE,0.5162891
0x49451c6af70feef6ef29b8c78bc17d4bdaf9fdaa,PERP,0.41894767
0x49451c6af70feef6ef29b8c78bc17d4bdaf9fdaa,PIT,0.5204674
0x49451c6af70feef6ef29b8c78bc17d4bdaf9fdaa,POLS,0.512633
0x49451c6af70feef6ef29b8c78bc17d4bdaf9fdaa,PYTH,0.48561934
0x49451c6af70feef6ef29b8c78bc17d4bdaf9fdaa,QUACK,0.5281309
0x49451c6af70feef6ef29b8c78bc17d4bdaf9fdaa,RDNT,0.56291157
0x49451c6af70feef6ef29b8c78bc17d4bdaf9fdaa,RNDR,0.5504725
0x49451c6af70feef6ef29b8c78bc17d4bdaf9fdaa,RPL,0.51184726
0x49451c6af70feef6ef29b8c78bc17d4bdaf9fdaa,RUNE,0.47172466
0x49451c6af70feef6ef29b8c78bc17d4bdaf9fdaa,SFP,0.49914083
0x49451c6af70feef6ef29b8c78bc17d4bdaf9fdaa,SFUND,0.53550994
0x49451c6af70feef6ef29b8c78bc17d4bdaf9fdaa,SHIB,0.5406863
0x49451c6af70feef6ef29b8c78bc17d4bdaf9fdaa,SOL,0.48572838
0x49451c6af70feef6ef29b8c78bc17d4bdaf9fdaa,STG,0.5502088
0x49451c6af70feef6ef29b8c78bc17d4bdaf9fdaa,SUI,0.43308178
0x49451c6af70feef6ef29b8c78bc17d4bdaf9fdaa,SUSHI,0.5440374
0x49451c6af70feef6ef29b8c78bc17d4bdaf9fdaa,TIA,0.5043932
0x49451c6af70feef6ef29b8c78bc17d4bdaf9fdaa,TOKEN,0.443233
0x49451c6af70feef6ef29b8c78bc17d4bdaf9fdaa,TRX,0.5924724
0x49451c6af70feef6ef29b8c78bc17d4bdaf9fdaa,UNI,0.59691644
0x49451c6af70feef6ef29b8c78bc17d4bdaf9fdaa,USDT,0.5533225
0x49451c6af70feef6ef29b8c78bc17d4bdaf9fdaa,XLM,0.49073115
0x49451c6af70feef6ef29b8c78bc17d4bdaf9fdaa,XMR,0.6199695
0x49451c6af70feef6ef29b8c78bc17d4bdaf9fdaa,XRP,0.52436113
0x49451c6af70feef6ef29b8c78bc17d4bdaf9fdaa,XTZ,0.5398892
0x49451c6af70feef6ef29b8c78bc17d4bdaf9fdaa,XVS,0.49343207
0x49451c6af70feef6ef29b8c78bc17d4bdaf9fdaa,YFI,0.5549688
0x521c9c1d68f8684b098be00a5cf479e9aaebf0f7,AAVE,0.015737431
0x521c9c1d68f8684b098be00a5cf479e9aaebf0f7,ADA,0.017518537
0x521c9c1d68f8684b098be00a5cf479e9aaebf0f7,ALGO,0.015773568
0x521c9c1d68f8684b098be00a5cf479e9aaebf0f7,APE,0.015019037
0x521c9c1d68f8684b098be00a5cf479e9aaebf0f7,APT,0.013327013
0x521c9c1d68f8684b098be00a5cf479e9aaebf0f7,ATOM,0.014778145
0x521c9c1d68f8684b098be00a5cf479e9aaebf0f7,AVAX,0.018254703
0x521c9c1d68f8684b098be00a5cf479e9aaebf0f7,AXS,0.011597326
0x521c9c1d68f8684b098be00a5cf479e9aaebf0f7,BAL,0.011077434
0x521c9c1d68f8684b098be00a5cf479e9aaebf0f7,BCH,0.019480212
0x521c9c1d68f8684b098be00a5cf479e9aaebf0f7,BLUR,0.012860481
0x521c9c1d68f8684b098be00a5cf479e9aaebf0f7,BNB,0.018757222
0x521c9c1d68f8684b098be00a5cf479e9aaebf0f7,BONK,0.0130815
0x521c9c1d68f8684b098be00a5cf479e9aaebf0f7,BTC,0.026936317
0x521c9c1d68f8684b098be00a5cf479e9aaebf0f7,C98,0.009985536
0x521c9c1d68f8684b098be00a5cf479e9aaebf0f7,CAKE,0.017564945
0x521c9c1d68f8684b098be00a5cf479e9aaebf0f7,COMP,0.016433991
0x521c9c1d68f8684b098be00a5cf479e9aaebf0f7,CRV,0.015370004
0x521c9c1d68f8684b098be00a5cf479e9aaebf0f7,CVX,0.013108274
0x521c9c1d68f8684b098be00a5cf479e9aaebf0f7,DAI,0.01612955
0x521c9c1d68f8684b098be00a5cf479e9aaebf0f7,DAO,0.014589592
0x521c9c1d68f8684b098be00a5cf479e9aaebf0f7,DOGE,0.017454168
0x521c9c1d68f8684b098be00a5cf479e9aaebf0f7,DOT,0.017132955
0x521c9c1d68f8684b098be00a5cf479e9aaebf0f7,DYDX,0.013561733
0x521c9c1d68f8684b098be00a5cf479e9aaebf0f7,EOS,0.013372406
0x521c9c1d68f8684b098be00a5cf479e9aaebf0f7,ETC,0.019411225
0x521c9c1d68f8684b098be00a5cf479e9aaebf0f7,ETH,0.026898451
0x521c9c1d68f8684b098be00a5cf479e9aaebf0f7,FET,0.017955013
0x521c9c1d68f8684b098be00a5cf479e9aaebf0f7,FIL,0.012156261
0x521c9c1d68f8684b098be00a5cf479e9aaebf0f7,FRAX,0.015548031
0x521c9c1d68f8684b098be00a5cf479e9aaebf0f7,FTM,0.015296847
0x521c9c1d68f8684b098be00a5cf479e9aaebf0f7,FXS,0.0132738175
0x521c9c1d68f8684b098be00a5cf479e9aaebf0f7,GRT,0.0131658465
0x521c9c1d68f8684b098be00a5cf479e9aaebf0f7,HAI,0.013760398
0x521c9c1d68f8684b098be00a5cf479e9aaebf0f7,HERO,0.008554883
0x521c9c1d68f8684b098be00a5cf479e9aaebf0f7,ICP,0.013146448
0x521c9c1d68f8684b098be00a5cf479e9aaebf0f7,IMX,0.01153017
0x521c9c1d68f8684b098be00a5cf479e9aaebf0f7,INJ,0.015176344
0x521c9c1d68f8684b098be00a5cf479e9aaebf0f7,LDO,0.012228747
0x521c9c1d68f8684b098be00a5cf479e9aaebf0f7,LINK,0.01677064
0x521c9c1d68f8684b098be00a5cf479e9aaebf0f7,LTC,0.018725568
0x521c9c1d68f8684b098be00a5cf479e9aaebf0f7,MATIC,0.017526023
0x521c9c1d68f8684b098be00a5cf479e9aaebf0f7,MAV,0.011455427
0x521c9c1d68f8684b098be00a5cf479e9aaebf0f7,MBOX,0.011514795
0x521c9c1d68f8684b098be00a5cf479e9aaebf0f7,MKR,0.015261085
0x521c9c1d68f8684b098be00a5cf479e9aaebf0f7,MOON,0.018532693
0x521c9c1d68f8684b098be00a5cf479e9aaebf0f7,NEAR,0.011783634
0x521c9c1d68f8684b098be00a5cf479e9aaebf0f7,OP,0.018342273
0x521c9c1d68f8684b098be00a5cf479e9aaebf0f7,PENDLE,0.013561217
0x521c9c1d68f8684b098be00a5cf479e9aaebf0f7,PEPE,0.018197075
0x521c9c1d68f8684b098be00a5cf479e9aaebf0f7,PERP,0.01167403
0x521c9c1d68f8684b098be00a5cf479e9aaebf0f7,PIT,0.011896736
0x521c9c1d68f8684b098be00a5cf479e9aaebf0f7,POLS,0.013096155
0x521c9c1d68f8684b098be00a5cf479e9aaebf0f7,PYTH,0.011388287
0x521c9c1d68f8684b098be00a5cf479e9aaebf0f7,QUACK,0.010408976
0x521c9c1d68f8684b098be00a5cf479e9aaebf0f7,RDNT,0.011709507
0x521c9c1d68f8684b098be00a5cf479e9aaebf0f7,RNDR,0.014351173
0x521c9c1d68f8684b098be00a5cf479e9aaebf0f7,RPL,0.012170995
0x521c9c1d68f8684b098be00a5cf479e9aaebf0f7,RUNE,0.014335067
0x521c9c1d68f8684b098be00a5cf479e9aaebf0f7,SFP,0.011406602
0x521c9c1d68f8684b098be00a5cf479e9aaebf0f7,SFUND,0.008533483
0x521c9c1d68f8684b098be00a5cf479e9aaebf0f7,SHIB,0.016032951
0x521c9c1d68f8684b098be00a5cf479e9aaebf0f7,SOL,0.023138164
0x521c9c1d68f8684b098be00a5cf479e9aaebf0f7,STG,0.0096737
0x521c9c1d68f8684b098be00a5cf479e9aaebf0f7,SUI,0.015221382
0x521c9c1d68f8684b098be00a5cf479e9aaebf0f7,SUSHI,0.011093432
0x521c9c1d68f8684b098be00a5cf479e9aaebf0f7,TIA,0.014357442
0x521c9c1d68f8684b098be00a5cf479e9aaebf0f7,TOKEN,0.009577264
0x521c9c1d68f8684b098be00a5cf479e9aaebf0f7,TRX,0.019367201
0x521c9c1d68f8684b098be00a5cf479e9aaebf0f7,UNI,0.016179921
0x521c9c1d68f8684b098be00a5cf479e9aaebf0f7,USDT,0.01931435
0x521c9c1d68f8684b098be00a5cf479e9aaebf0f7,XLM,0.013934192
0x521c9c1d68f8684b098be00a5cf479e9aaebf0f7,XMR,0.016514258
0x521c9c1d68f8684b098be00a5cf479e9aaebf0f7,XRP,0.02034268
0x521c9c1d68f8684b098be00a5cf479e9aaebf0f7,XTZ,0.013468669
0x521c9c1d68f8684b098be00a5cf479e9aaebf0f7,XVS,0.011143083
0x521c9c1d68f8684b098be00a5cf479e9aaebf0f7,YFI,0.010378779
0x56d3fc9aa7062fd7b893c1ae33b365776ae1ee9d,AAVE,0.0356266599376629
0x56d3fc9aa7062fd7b893c1ae33b365776ae1ee9d,ADA,0.0079569497128893
0x56d3fc9aa7062fd7b893c1ae33b365776ae1ee9d,ALGO,0.0096133137603807
0x56d3fc9aa7062fd7b893c1ae33b365776ae1ee9d,APE,-0.0045997620421947
0x56d3fc9aa7062fd7b893c1ae33b365776ae1ee9d,APT,-0.0035063323534808
0x56d3fc9aa7062fd7b893c1ae33b365776ae1ee9d,ATOM,0.0078318310701636
0x56d3fc9aa7062fd7b893c1ae33b365776ae1ee9d,AVAX,0.0090199506206124
0x56d3fc9aa7062fd7b893c1ae33b365776ae1ee9d,AXS,0.0051745335315562
0x56d3fc9aa7062fd7b893c1ae33b365776ae1ee9d,BAL,0.0076923001929591
0x56d3fc9aa7062fd7b893c1ae33b365776ae1ee9d,BCH,0.0020009424438735
0x56d3fc9aa7062fd7b893c1ae33b365776ae1ee9d,BLUR,-0.0035579387108437
0x56d3fc9aa7062fd7b893c1ae33b365776ae1ee9d,BNB,-0.0139190885462569
0x56d3fc9aa7062fd7b893c1ae33b365776ae1ee9d,BONK,-0.0170726896690671
0x56d3fc9aa7062fd7b893c1ae33b365776ae1ee9d,BTC,-0.0269562348838274
0x56d3fc9aa7062fd7b893c1ae33b365776ae1ee9d,C98,0.0101062466169728
0x56d3fc9aa7062fd7b893c1ae33b365776ae1ee9d,CAKE,0.0099590727199845
0x56d3fc9aa7062fd7b893c1ae33b365776ae1ee9d,COMP,0.0206152931284322
0x56d3fc9aa7062fd7b893c1ae33b365776ae1ee9d,CRV,-0.0016261063965596
0x56d3fc9aa7062fd7b893c1ae33b365776ae1ee9d,CVX,0.0029800913540362
0x56d3fc9aa7062fd7b893c1ae33b365776ae1ee9d,DAI,0.0102939504929735
0x56d3fc9aa7062fd7b893c1ae33b365776ae1ee9d,DAO,0.002235546655083
0x56d3fc9aa7062fd7b893c1ae33b365776ae1ee9d,DOGE,0.0013490731517457
0x56d3fc9aa7062fd7b893c1ae33b365776ae1ee9d,DOT,0.020505493544321
0x56d3fc9aa7062fd7b893c1ae33b365776ae1ee9d,DYDX,-0.00008025545140488406
0x56d3fc9aa7062fd7b893c1ae33b365776ae1ee9d,EOS,0.0006710300002653
0x56d3fc9aa7062fd7b893c1ae33b365776ae1ee9d,ETC,0.0080646029535172
0x56d3fc9aa7062fd7b893c1ae33b365776ae1ee9d,ETH,-0.0063868953368065
0x56d3fc9aa7062fd7b893c1ae33b365776ae1ee9d,FET,-0.0001818271794272
0x56d3fc9aa7062fd7b893c1ae33b365776ae1ee9d,FIL,0.0027933189250608
0x56d3fc9aa7062fd7b893c1ae33b365776ae1ee9d,FRAX,0.023102925834836
0x56d3fc9aa7062fd7b893c1ae33b365776ae1ee9d,FTM,-0.0034856073612607
0x56d3fc9aa7062fd7b893c1ae33b365776ae1ee9d,FXS,0.0172806876894354
0x56d3fc9aa7062fd7b893c1ae33b365776ae1ee9d,GRT,-0.0021777001978819
0x56d3fc9aa7062fd7b893c1ae33b365776ae1ee9d,HAI,0.0072749399243521
0x56d3fc9aa7062fd7b893c1ae33b365776ae1ee9d,HERO,0.0044531407798028
0x56d3fc9aa7062fd7b893c1ae33b365776ae1ee9d,ICP,-0.0053590487487811
0x56d3fc9aa7062fd7b893c1ae33b365776ae1ee9d,IMX,-0.0078934011388361
0x56d3fc9aa7062fd7b893c1ae33b365776ae1ee9d,INJ,0.0084191551616263
0x56d3fc9aa7062fd7b893c1ae33b365776ae1ee9d,LDO,0.0089214142611598
0x56d3fc9aa7062fd7b893c1ae33b365776ae1ee9d,LINK,0.0001684990876376
0x56d3fc9aa7062fd7b893c1ae33b365776ae1ee9d,LTC,0.0019014775296423
0x56d3fc9aa7062fd7b893c1ae33b365776ae1ee9d,MATIC,0.0173230580983195
0x56d3fc9aa7062fd7b893c1ae33b365776ae1ee9d,MAV,-0.0051037240301398
0x56d3fc9aa7062fd7b893c1ae33b365776ae1ee9d,MBOX,-0.0007664133317257
0x56d3fc9aa7062fd7b893c1ae33b365776ae1ee9d,MKR,0.0116027991344895
0x56d3fc9aa7062fd7b893c1ae33b365776ae1ee9d,MOON,0.0017190256775536
0x56d3fc9aa7062fd7b893c1ae33b365776ae1ee9d,NEAR,-0.0098979734114678
0x56d3fc9aa7062fd7b893c1ae33b365776ae1ee9d,OP,-0.0242171105783617
0x56d3fc9aa7062fd7b893c1ae33b365776ae1ee9d,PENDLE,0.0049671870822751
0x56d3fc9aa7062fd7b893c1ae33b365776ae1ee9d,PEPE,-0.0045738595256305
0x56d3fc9aa7062fd7b893c1ae33b365776ae1ee9d,PERP,-0.0050192875161459
0x56d3fc9aa7062fd7b893c1ae33b365776ae1ee9d,PIT,0.0068126561351727
0x56d3fc9aa7062fd7b893c1ae33b365776ae1ee9d,POLS,0.0105743227981657
0x56d3fc9aa7062fd7b893c1ae33b365776ae1ee9d,PYTH,0.0001354489424655
0x56d3fc9aa7062fd7b893c1ae33b365776ae1ee9d,QUACK,0.0123064916688577
0x56d3fc9aa7062fd7b893c1ae33b365776ae1ee9d,RDNT,0.0050223728274643
0x56d3fc9aa7062fd7b893c1ae33b365776ae1ee9d,RNDR,0.0042589077678704
0x56d3fc9aa7062fd7b893c1ae33b365776ae1ee9d,RPL,0.0003740683553281
0x56d3fc9aa7062fd7b893c1ae33b365776ae1ee9d,RUNE,-0.0256636413856382
0x56d3fc9aa7062fd7b893c1ae33b365776ae1ee9d,SFP,0.0320479140002474
0x56d3fc9aa7062fd7b893c1ae33b365776ae1ee9d,SFUND,0.0043603652129401
0x56d3fc9aa7062fd7b893c1ae33b365776ae1ee9d,SHIB,0.0008084647602137
0x56d3fc9aa7062fd7b893c1ae33b365776ae1ee9d,SOL,-0.0071072909912933
0x56d3fc9aa7062fd7b893c1ae33b365776ae1ee9d,STG,0.0100662008618802
0x56d3fc9aa7062fd7b893c1ae33b365776ae1ee9d,SUI,0.0047112775922498
0x56d3fc9aa7062fd7b893c1ae33b365776ae1ee9d,SUSHI,0.0010731768360077
0x56d3fc9aa7062fd7b893c1ae33b365776ae1ee9d,TIA,-0.0073407758322588
0x56d3fc9aa7062fd7b893c1ae33b365776ae1ee9d,TOKEN,-0.0013975799135422
0x56d3fc9aa7062fd7b893c1ae33b365776ae1ee9d,TRX,0.0261468198430209
0x56d3fc9aa7062fd7b893c1ae33b365776ae1ee9d,UNI,0.0045533525513392
0x56d3fc9aa7062fd7b893c1ae33b365776ae1ee9d,USDT,0.0106717723719811
0x56d3fc9aa7062fd7b893c1ae33b365776ae1ee9d,XLM,-0.0011239471867507
0x56d3fc9aa7062fd7b893c1ae33b365776ae1ee9d,XMR,0.018480864079555
0x56d3fc9aa7062fd7b893c1ae33b365776ae1ee9d,XRP,-0.004780044930171
0x56d3fc9aa7062fd7b893c1ae33b365776ae1ee9d,XTZ,0.0254264466895811
0x56d3fc9aa7062fd7b893c1ae33b365776ae1ee9d,XVS,0.0145513621055847
0x56d3fc9aa7062fd7b893c1ae33b365776ae1ee9d,YFI,0.0103688945346215
0x5888ee085c125948e874bf1641cfa24661f2786b,AAVE,300.3669758751191
0x5888ee085c125948e874bf1641cfa24661f2786b,ADA,-97.39683426280988
0x5888ee085c125948e874bf1641cfa24661f2786b,ALGO,-73.55693999777824
0x5888ee085c125948e874bf1641cfa24661f2786b,APE,84.61642340853916
0x5888ee085c125948e874bf1641cfa24661f2786b,APT,3.6539961456712606
0x5888ee085c125948e874bf1641cfa24661f2786b,ATOM,-22.461482001610868
0x5888ee085c125948e874bf1641cfa24661f2786b,AVAX,297.2964648587353
0x5888ee085c125948e874bf1641cfa24661f2786b,AXS,-22.179946021026208
0x5888ee085c125948e874bf1641cfa24661f2786b,BAL,-10.1420360525111
0x5888ee085c125948e874bf1641cfa24661f2786b,BCH,120.46497107496089
0x5888ee085c125948e874bf1641cfa24661f2786b,BLUR,-8.714141834758587
0x5888ee085c125948e874bf1641cfa24661f2786b,BNB,187.35294829408136
0x5888ee085c125948e874bf1641cfa24661f2786b,BONK,53.48667942820522
0x5888ee085c125948e874bf1641cfa24661f2786b,BTC,218.6962981495117
0x5888ee085c125948e874bf1641cfa24661f2786b,C98,69.72680554090246
0x5888ee085c125948e874bf1641cfa24661f2786b,CAKE,-70.72007120996847
0x5888ee085c125948e874bf1641cfa24661f2786b,COMP,-25.22395209433038
0x5888ee085c125948e874bf1641cfa24661f2786b,CRV,68.81674993837903
0x5888ee085c125948e874bf1641cfa24661f2786b,CVX,32.322517345013225
0x5888ee085c125948e874bf1641cfa24661f2786b,DAI,-13.624277077601874
0x5888ee085c125948e874bf1641cfa24661f2786b,DAO,-5.935335880450782
0x5888ee085c125948e874bf1641cfa24661f2786b,DOGE,166.07515172927037
0x5888ee085c125948e874bf1641cfa24661f2786b,DOT,0.5192276304679037
0x5888ee085c125948e874bf1641cfa24661f2786b,DYDX,8.803495233173061
0x5888ee085c125948e874bf1641cfa24661f2786b,EOS,-11.423069830876187
0x5888ee085c125948e874bf1641cfa24661f2786b,ETC,104.63630317421593
0x5888ee085c125948e874bf1641cfa24661f2786b,ETH,154.0116223624665
0x5888ee085c125948e874bf1641cfa24661f2786b,FET,-8.79125754477852
0x5888ee085c125948e874bf1641cfa24661f2786b,FIL,-26.663466466754127
0x5888ee085c125948e874bf1641cfa24661f2786b,FRAX,54.41828435854039
0x5888ee085c125948e874bf1641cfa24661f2786b,FTM,175.16661517963152
0x5888ee085c125948e874bf1641cfa24661f2786b,FXS,3.0713028027682867
0x5888ee085c125948e874bf1641cfa24661f2786b,GRT,-21.753498802380207
0x5888ee085c125948e874bf1641cfa24661f2786b,HAI,4.106921740382785
0x5888ee085c125948e874bf1641cfa24661f2786b,HERO,-8.91293591366509
0x5888ee085c125948e874bf1641cfa24661f2786b,ICP,-18.810745575304068
0x5888ee085c125948e874bf1641cfa24661f2786b,IMX,-31.2898669040127
0x5888ee085c125948e874bf1641cfa24661f2786b,INJ,-7.20166204847856
0x5888ee085c125948e874bf1641cfa24661f2786b,LDO,56.3913363722985
0x5888ee085c125948e874bf1641cfa24661f2786b,LINK,-51.95670019660672
0x5888ee085c125948e874bf1641cfa24661f2786b,LTC,145.64440069730358
0x5888ee085c125948e874bf1641cfa24661f2786b,MATIC,-48.77983531034791
0x5888ee085c125948e874bf1641cfa24661f2786b,MAV,-1.6905336270636138
0x5888ee085c125948e874bf1641cfa24661f2786b,MBOX,49.56309924832083
0x5888ee085c125948e874bf1641cfa24661f2786b,MKR,-30.230411206399182
0x5888ee085c125948e874bf1641cfa24661f2786b,MOON,146.62865752919743
0x5888ee085c125948e874bf1641cfa24661f2786b,NEAR,-23.688570051061504
0x5888ee085c125948e874bf1641cfa24661f2786b,OP,56.254451367624085
0x5888ee085c125948e874bf1641cfa24661f2786b,PENDLE,-15.2138978166026
0x5888ee085c125948e874bf1641cfa24661f2786b,PEPE,89.48659679315824
0x5888ee085c125948e874bf1641cfa24661f2786b,PERP,35.99243214260821
0x5888ee085c125948e874bf1641cfa24661f2786b,PIT,-26.31449650678716
0x5888ee085c125948e874bf1641cfa24661f2786b,POLS,-9.425460258658154
0x5888ee085c125948e874bf1641cfa24661f2786b,PYTH,-36.73304345435134
0x5888ee085c125948e874bf1641cfa24661f2786b,QUACK,-13.25907779549293
0x5888ee085c125948e874bf1641cfa24661f2786b,RDNT,180.17745138250987
0x5888ee085c125948e874bf1641cfa24661f2786b,RNDR,-16.534891819450646
0x5888ee085c125948e874bf1641cfa24661f2786b,RPL,-3.997520724836624
0x5888ee085c125948e874bf1641cfa24661f2786b,RUNE,36.3567086254147
0x5888ee085c125948e874bf1641cfa24661f2786b,SFP,-26.14161918218973
0x5888ee085c125948e874bf1641cfa24661f2786b,SFUND,-14.375613497266858
0x5888ee085c125948e874bf1641cfa24661f2786b,SHIB,-38.42349685953069
0x5888ee085c125948e874bf1641cfa24661f2786b,SOL,202.1033470001597
0x5888ee085c125948e874bf1641cfa24661f2786b,STG,-6.017511824835595
0x5888ee085c125948e874bf1641cfa24661f2786b,SUI,25.73502403013924
0x5888ee085c125948e874bf1641cfa24661f2786b,SUSHI,0.5570309075452765
0x5888ee085c125948e874bf1641cfa24661f2786b,TIA,-17.8292937455959
0x5888ee085c125948e874bf1641cfa24661f2786b,TOKEN,-27.33842474910007
0x5888ee085c125948e874bf1641cfa24661f2786b,TRX,225.94354446060797
0x5888ee085c125948e874bf1641cfa24661f2786b,UNI,16.639096719355692
0x5888ee085c125948e874bf1641cfa24661f2786b,USDT,174.23167591883265
0x5888ee085c125948e874bf1641cfa24661f2786b,XLM,96.92568186396836
0x5888ee085c125948e874bf1641cfa24661f2786b,XMR,-18.547880528364537
0x5888ee085c125948e874bf1641cfa24661f2786b,XRP,216.70685973356228
0x5888ee085c125948e874bf1641cfa24661f2786b,XTZ,-20.569225519154816
0x5888ee085c125948e874bf1641cfa24661f2786b,XVS,10.355663020621032
0x5888ee085c125948e874bf1641cfa24661f2786b,YFI,-6.044696511999768
0x5dbda63f6d8b260b4963e6ab832bcd6cf7bf6e94,AAVE,390.2924592451287
0x5dbda63f6d8b260b4963e6ab832bcd6cf7bf6e94,ADA,-112.3214866321181
0x5dbda63f6d8b260b4963e6ab832bcd6cf7bf6e94,ALGO,-133.8889179168995
0x5dbda63f6d8b260b4963e6ab832bcd6cf7bf6e94,APE,138.8640554406946
0x5dbda63f6d8b260b4963e6ab832bcd6cf7bf6e94,APT,-15.452105040926837
0x5dbda63f6d8b260b4963e6ab832bcd6cf7bf6e94,ATOM,-55.10006014955921
0x5dbda63f6d8b260b4963e6ab832bcd6cf7bf6e94,AVAX,403.9909450736523
0x5dbda63f6d8b260b4963e6ab832bcd6cf7bf6e94,AXS,-55.88867712932056
0x5dbda63f6d8b260b4963e6ab832bcd6cf7bf6e94,BAL,-41.667247750562304
0x5dbda63f6d8b260b4963e6ab832bcd6cf7bf6e94,BCH,210.2141454365156
0x5dbda63f6d8b260b4963e6ab832bcd6cf7bf6e94,BLUR,9.371312416507426
0x5dbda63f6d8b260b4963e6ab832bcd6cf7bf6e94,BNB,284.5477670177514
0x5dbda63f6d8b260b4963e6ab832bcd6cf7bf6e94,BONK,83.50508712414842
0x5dbda63f6d8b260b4963e6ab832bcd6cf7bf6e94,BTC,268.2905717967689
0x5dbda63f6d8b260b4963e6ab832bcd6cf7bf6e94,C98,106.89233087938229
0x5dbda63f6d8b260b4963e6ab832bcd6cf7bf6e94,CAKE,-79.67025477256529
0x5dbda63f6d8b260b4963e6ab832bcd6cf7bf6e94,COMP,-38.06918887367645
0x5dbda63f6d8b260b4963e6ab832bcd6cf7bf6e94,CRV,110.11183232024534
0x5dbda63f6d8b260b4963e6ab832bcd6cf7bf6e94,CVX,38.34020701377036
0x5dbda63f6d8b260b4963e6ab832bcd6cf7bf6e94,DAI,-62.071647599351486
0x5dbda63f6d8b260b4963e6ab832bcd6cf7bf6e94,DAO,-12.259741667960345
0x5dbda63f6d8b260b4963e6ab832bcd6cf7bf6e94,DOGE,296.56956575699934
0x5dbda63f6d8b260b4963e6ab832bcd6cf7bf6e94,DOT,-55.4483080946348
0x5dbda63f6d8b260b4963e6ab832bcd6cf7bf6e94,DYDX,-13.007562720312114
0x5dbda63f6d8b260b4963e6ab832bcd6cf7bf6e94,EOS,-26.37514043349287
0x5dbda63f6d8b260b4963e6ab832bcd6cf7bf6e94,ETC,110.6169111013353
0x5dbda63f6d8b260b4963e6ab832bcd6cf7bf6e94,ETH,193.83036753936204
0x5dbda63f6d8b260b4963e6ab832bcd6cf7bf6e94,FET,59.49242029214291
0x5dbda63f6d8b260b4963e6ab832bcd6cf7bf6e94,FIL,-46.08267992049076
0x5dbda63f6d8b260b4963e6ab832bcd6cf7bf6e94,FRAX,60.85966250181987
0x5dbda63f6d8b260b4963e6ab832bcd6cf7bf6e94,FTM,278.1216465770982
0x5dbda63f6d8b260b4963e6ab832bcd6cf7bf6e94,FXS,-17.308622806890327
0x5dbda63f6d8b260b4963e6ab832bcd6cf7bf6e94,GRT,-40.59689953429046
0x5dbda63f6d8b260b4963e6ab832bcd6cf7bf6e94,HAI,30.843527080802502
0x5dbda63f6d8b260b4963e6ab832bcd6cf7bf6e94,HERO,-28.92356283951409
0x5dbda63f6d8b260b4963e6ab832bcd6cf7bf6e94,ICP,-46.41249741214023
0x5dbda63f6d8b260b4963e6ab832bcd6cf7bf6e94,IMX,-57.03495317291807
0x5dbda63f6d8b260b4963e6ab832bcd6cf7bf6e94,INJ,8.89606324151896
0x5dbda63f6d8b260b4963e6ab832bcd6cf7bf6e94,LDO,87.75315766263891
0x5dbda63f6d8b260b4963e6ab832bcd6cf7bf6e94,LINK,-78.87177230152325
0x5dbda63f6d8b260b4963e6ab832bcd6cf7bf6e94,LTC,256.5294092529592
0x5dbda63f6d8b260b4963e6ab832bcd6cf7bf6e94,MATIC,-36.49188600468747
0x5dbda63f6d8b260b4963e6ab832bcd6cf7bf6e94,MAV,19.507401977798025
0x5dbda63f6d8b260b4963e6ab832bcd6cf7bf6e94,MBOX,83.8132755602918
0x5dbda63f6d8b260b4963e6ab832bcd6cf7bf6e94,MKR,-54.72522062397809
0x5dbda63f6d8b260b4963e6ab832bcd6cf7bf6e94,MOON,188.74383552970843
0x5dbda63f6d8b260b4963e6ab832bcd6cf7bf6e94,NEAR,-49.58979908360841
0x5dbda63f6d8b260b4963e6ab832bcd6cf7bf6e94,OP,38.0358219178261
0x5dbda63f6d8b260b4963e6ab832bcd6cf7bf6e94,PENDLE,-45.44363414238053
0x5dbda63f6d8b260b4963e6ab832bcd6cf7bf6e94,PEPE,175.7756157351044
0x5dbda63f6d8b260b4963e6ab832bcd6cf7bf6e94,PERP,75.53431097779432
0x5dbda63f6d8b260b4963e6ab832bcd6cf7bf6e94,PIT,-69.93890248781305
0x5dbda63f6d8b260b4963e6ab832bcd6cf7bf6e94,POLS,-38.67626315026335
0x5dbda63f6d8b260b4963e6ab832bcd6cf7bf6e94,PYTH,-64.60878610123505
0x5dbda63f6d8b260b4963e6ab832bcd6cf7bf6e94,QUACK,-14.730234192097988
0x5dbda63f6d8b260b4963e6ab832bcd6cf7bf6e94,RDNT,276.9318332144453
0x5dbda63f6d8b260b4963e6ab832bcd6cf7bf6e94,RNDR,-20.61526063074177
0x5dbda63f6d8b260b4963e6ab832bcd6cf7bf6e94,RPL,89.25528548093956
0x5dbda63f6d8b260b4963e6ab832bcd6cf7bf6e94,RUNE,66.70851191196883
0x5dbda63f6d8b260b4963e6ab832bcd6cf7bf6e94,SFP,-48.25977301671228
0x5dbda63f6d8b260b4963e6ab832bcd6cf7bf6e94,SFUND,-53.6776660145909
0x5dbda63f6d8b260b4963e6ab832bcd6cf7bf6e94,SHIB,-65.33073383108163
0x5dbda63f6d8b260b4963e6ab832bcd6cf7bf6e94,SOL,228.6678313157308
0x5dbda63f6d8b260b4963e6ab832bcd6cf7bf6e94,STG,-6.069006446795687
0x5dbda63f6d8b260b4963e6ab832bcd6cf7bf6e94,SUI,69.57304659778926
0x5dbda63f6d8b260b4963e6ab832bcd6cf7bf6e94,SUSHI,-21.33924218481484
0x5dbda63f6d8b260b4963e6ab832bcd6cf7bf6e94,TIA,-10.918141322753293
0x5dbda63f6d8b260b4963e6ab832bcd6cf7bf6e94,TOKEN,-33.75363143274618
0x5dbda63f6d8b260b4963e6ab832bcd6cf7bf6e94,TRX,390.680614846865
0x5dbda63f6d8b260b4963e6ab832bcd6cf7bf6e94,UNI,29.835784924691527
0x5dbda63f6d8b260b4963e6ab832bcd6cf7bf6e94,USDT,216.0425001902285
0x5dbda63f6d8b260b4963e6ab832bcd6cf7bf6e94,XLM,148.6292391202685
0x5dbda63f6d8b260b4963e6ab832bcd6cf7bf6e94,XMR,-26.12425418080028
0x5dbda63f6d8b260b4963e6ab832bcd6cf7bf6e94,XRP,197.45651547275128
0x5dbda63f6d8b260b4963e6ab832bcd6cf7bf6e94,XTZ,-28.17501446493833
0x5dbda63f6d8b260b4963e6ab832bcd6cf7bf6e94,XVS,22.673213192763843
0x5dbda63f6d8b260b4963e6ab832bcd6cf7bf6e94,YFI,-39.94178184576486
0x5f05ab6ed6106d6c962823e481bd9f39c6d60e96,AAVE,0.012758539
0x5f05ab6ed6106d6c962823e481bd9f39c6d60e96,ADA,-0.016313253
0x5f05ab6ed6106d6c962823e481bd9f39c6d60e96,ALGO,0.018109186
0x5f05ab6ed6106d6c962823e481bd9f39c6d60e96,APE,-0.003286429
0x5f05ab6ed6106d6c962823e481bd9f39c6d60e96,APT,0.030022757
0x5f05ab6ed6106d6c962823e481bd9f39c6d60e96,ATOM,0.0046101413
0x5f05ab6ed6106d6c962823e481bd9f39c6d60e96,AVAX,0.040070172
0x5f05ab6ed6106d6c962823e481bd9f39c6d60e96,AXS,0.007225411
0x5f05ab6ed6106d6c962823e481bd9f39c6d60e96,BAL,0.019246258
0x5f05ab6ed6106d6c962823e481bd9f39c6d60e96,BCH,0.013461582
0x5f05ab6ed6106d6c962823e481bd9f39c6d60e96,BLUR,-0.019951701
0x5f05ab6ed6106d6c962823e481bd9f39c6d60e96,BNB,0.015415822
0x5f05ab6ed6106d6c962823e481bd9f39c6d60e96,BONK,0.03423806
0x5f05ab6ed6106d6c962823e481bd9f39c6d60e96,BTC,-0.0141921835
0x5f05ab6ed6106d6c962823e481bd9f39c6d60e96,C98,-0.005156392
0x5f05ab6ed6106d6c962823e481bd9f39c6d60e96,CAKE,0.025784139
0x5f05ab6ed6106d6c962823e481bd9f39c6d60e96,COMP,0.001185889
0x5f05ab6ed6106d6c962823e481bd9f39c6d60e96,CRV,-0.026356649
0x5f05ab6ed6106d6c962823e481bd9f39c6d60e96,CVX,0.0061274706
0x5f05ab6ed6106d6c962823e481bd9f39c6d60e96,DAI,0.012594305
0x5f05ab6ed6106d6c962823e481bd9f39c6d60e96,DAO,0.010874986
0x5f05ab6ed6106d6c962823e481bd9f39c6d60e96,DOGE,-0.004574163
0x5f05ab6ed6106d6c962823e481bd9f39c6d60e96,DOT,0.04287902
0x5f05ab6ed6106d6c962823e481bd9f39c6d60e96,DYDX,-0.01907613
0x5f05ab6ed6106d6c962823e481bd9f39c6d60e96,EOS,0.0015265433
0x5f05ab6ed6106d6c962823e481bd9f39c6d60e96,ETC,-0.0076960907
0x5f05ab6ed6106d6c962823e481bd9f39c6d60e96,ETH,0.049967524
0x5f05ab6ed6106d6c962823e481bd9f39c6d60e96,FET,0.011208524
0x5f05ab6ed6106d6c962823e481bd9f39c6d60e96,FIL,-0.0028604018
0x5f05ab6ed6106d6c962823e481bd9f39c6d60e96,FRAX,0.0085190935
0x5f05ab6ed6106d6c962823e481bd9f39c6d60e96,FTM,0.012835187
0x5f05ab6ed6106d6c962823e481bd9f39c6d60e96,FXS,0.03494133
0x5f05ab6ed6106d6c962823e481bd9f39c6d60e96,GRT,0.0073772403
0x5f05ab6ed6106d6c962823e481bd9f39c6d60e96,HAI,-0.002466363
0x5f05ab6ed6106d6c962823e481bd9f39c6d60e96,HERO,-0.007958759
0x5f05ab6ed6106d6c962823e481bd9f39c6d60e96,ICP,-0.0057742074
0x5f05ab6ed6106d6c962823e481bd9f39c6d60e96,IMX,-0.000018614495
0x5f05ab6ed6106d6c962823e481bd9f39c6d60e96,INJ,0.016924279
0x5f05ab6ed6106d6c962823e481bd9f39c6d60e96,LDO,0.0023471273
0x5f05ab6ed6106d6c962823e481bd9f39c6d60e96,LINK,0.012760447
0x5f05ab6ed6106d6c962823e481bd9f39c6d60e96,LTC,0.02959908
0x5f05ab6ed6106d6c962823e481bd9f39c6d60e96,MATIC,0.02529437
0x5f05ab6ed6106d6c962823e481bd9f39c6d60e96,MAV,-0.019502731
0x5f05ab6ed6106d6c962823e481bd9f39c6d60e96,MBOX,-0.017549826
0x5f05ab6ed6106d6c962823e481bd9f39c6d60e96,MKR,-0.011669387
0x5f05ab6ed6106d6c962823e481bd9f39c6d60e96,MOON,-0.00080611446
0x5f05ab6ed6106d6c962823e481bd9f39c6d60e96,NEAR,-0.025317606
0x5f05ab6ed6106d6c962823e481bd9f39c6d60e96,OP,-0.05273726
0x5f05ab6ed6106d6c962823e481bd9f39c6d60e96,PENDLE,-0.019563444
0x5f05ab6ed6106d6c962823e481bd9f39c6d60e96,PEPE,0.000435109
0x5f05ab6ed6106d6c962823e481bd9f39c6d60e96,PERP,-0.00024106543
0x5f05ab6ed6106d6c962823e481bd9f39c6d60e96,PIT,0.0074821166
0x5f05ab6ed6106d6c962823e481bd9f39c6d60e96,POLS,-0.0007834965
0x5f05ab6ed6106d6c962823e481bd9f39c6d60e96,PYTH,-0.0040752613
0x5f05ab6ed6106d6c962823e481bd9f39c6d60e96,QUACK,0.00036693722
0x5f05ab6ed6106d6c962823e481bd9f39c6d60e96,RDNT,-0.017859211
0x5f05ab6ed6106d6c962823e481bd9f39c6d60e96,RNDR,-0.043753266
0x5f05ab6ed6106d6c962823e481bd9f39c6d60e96,RPL,-0.000381482
0x5f05ab6ed6106d6c962823e481bd9f39c6d60e96,RUNE,-0.000043428558
0x5f05ab6ed6106d6c962823e481bd9f39c6d60e96,SFP,0.02724086
0x5f05ab6ed6106d6c962823e481bd9f39c6d60e96,SFUND,-0.0009503841
0x5f05ab6ed6106d6c962823e481bd9f39c6d60e96,SHIB,0.0000764988
0x5f05ab6ed6106d6c962823e481bd9f39c6d60e96,SOL,0.014491989
0x5f05ab6ed6106d6c962823e481bd9f39c6d60e96,STG,-0.0077058286
0x5f05ab6ed6106d6c962823e481bd9f39c6d60e96,SUI,-0.017367162
0x5f05ab6ed6106d6c962823e481bd9f39c6d60e96,SUSHI,0.0019125871
0x5f05ab6ed6106d6c962823e481bd9f39c6d60e96,TIA,0.021736091
0x5f05ab6ed6106d6c962823e481bd9f39c6d60e96,TOKEN,-0.018560776
0x5f05ab6ed6106d6c962823e481bd9f39c6d60e96,TRX,-0.026133161
0x5f05ab6ed6106d6c962823e481bd9f39c6d60e96,UNI,0.010683251
0x5f05ab6ed6106d6c962823e481bd9f39c6d60e96,USDT,-0.013626084
0x5f05ab6ed6106d6c962823e481bd9f39c6d60e96,XLM,-0.00054600206
0x5f05ab6ed6106d6c962823e481bd9f39c6d60e96,XMR,0.030685643
0x5f05ab6ed6106d6c962823e481bd9f39c6d60e96,XRP,0.023263773
0x5f05ab6ed6106d6c962823e481bd9f39c6d60e96,XTZ,0.041993145
0x5f05ab6ed6106d6c962823e481bd9f39c6d60e96,XVS,0.0018102262
0x5f05ab6ed6106d6c962823e481bd9f39c6d60e96,YFI,0.005542618
0x6317b52d3888a74b093fcaa31a5d723d90b1cf8d,AAVE,-0.0509779453784825
0x6317b52d3888a74b093fcaa31a5d723d90b1cf8d,ADA,0.1108592883748447
0x6317b52d3888a74b093fcaa31a5d723d90b1cf8d,ALGO,0.0076658360111597
0x6317b52d3888a74b093fcaa31a5d723d90b1cf8d,APE,-0.14000885346731
0x6317b52d3888a74b093fcaa31a5d723d90b1cf8d,APT,-0.0787110685887301
0x6317b52d3888a74b093fcaa31a5d723d90b1cf8d,ATOM,-0.0314341308840525
0x6317b52d3888a74b093fcaa31a5d723d90b1cf8d,AVAX,0.1783759488640079
0x6317b52d3888a74b093fcaa31a5d723d90b1cf8d,AXS,0.2454923895868191
0x6317b52d3888a74b093fcaa31a5d723d90b1cf8d,BAL,-0.1136433594422586
0x6317b52d3888a74b093fcaa31a5d723d90b1cf8d,BCH,0.2608434852560385
0x6317b52d3888a74b093fcaa31a5d723d90b1cf8d,BLUR,0.0070260314779519
0x6317b52d3888a74b093fcaa31a5d723d90b1cf8d,BNB,0.0250385913944742
0x6317b52d3888a74b093fcaa31a5d723d90b1cf8d,BONK,0.3105884483453
0x6317b52d3888a74b093fcaa31a5d723d90b1cf8d,BTC,-0.0865292527037349
0x6317b52d3888a74b093fcaa31a5d723d90b1cf8d,C98,-0.125876199211337
0x6317b52d3888a74b093fcaa31a5d723d90b1cf8d,CAKE,0.2060153526743069
0x6317b52d3888a74b093fcaa31a5d723d90b1cf8d,COMP,0.0310756112267132
0x6317b52d3888a74b093fcaa31a5d723d90b1cf8d,CRV,0.0974069130872544
0x6317b52d3888a74b093fcaa31a5d723d90b1cf8d,CVX,-0.1144509726510342
0x6317b52d3888a74b093fcaa31a5d723d90b1cf8d,DAI,0.0028814617612501
0x6317b52d3888a74b093fcaa31a5d723d90b1cf8d,DAO,-0.1061672230458602
0x6317b52d3888a74b093fcaa31a5d723d90b1cf8d,DOGE,1.016712563375842
0x6317b52d3888a74b093fcaa31a5d723d90b1cf8d,DOT,0.0374991024621362
0x6317b52d3888a74b093fcaa31a5d723d90b1cf8d,DYDX,-0.1187842804875577
0x6317b52d3888a74b093fcaa31a5d723d90b1cf8d,EOS,-0.1092336839025263
0x6317b52d3888a74b093fcaa31a5d723d90b1cf8d,ETC,0.4062489531756303
0x6317b52d3888a74b093fcaa31a5d723d90b1cf8d,ETH,-0.0389782119618489
0x6317b52d3888a74b093fcaa31a5d723d90b1cf8d,FET,0.0380134921007468
0x6317b52d3888a74b093fcaa31a5d723d90b1cf8d,FIL,0.1441307346957115
0x6317b52d3888a74b093fcaa31a5d723d90b1cf8d,FRAX,-0.0009560258732501
0x6317b52d3888a74b093fcaa31a5d723d90b1cf8d,FTM,0.2024335037345119
0x6317b52d3888a74b093fcaa31a5d723d90b1cf8d,FXS,-0.0424174192494574
0x6317b52d3888a74b093fcaa31a5d723d90b1cf8d,GRT,-0.1371630934084178
0x6317b52d3888a74b093fcaa31a5d723d90b1cf8d,HAI,0.0640379423036927
0x6317b52d3888a74b093fcaa31a5d723d90b1cf8d,HERO,0.0878314685283847
0x6317b52d3888a74b093fcaa31a5d723d90b1cf8d,ICP,0.1778373080763021
0x6317b52d3888a74b093fcaa31a5d723d90b1cf8d,IMX,0.0268117924837333
0x6317b52d3888a74b093fcaa31a5d723d90b1cf8d,INJ,-0.0569409083600324
0x6317b52d3888a74b093fcaa31a5d723d90b1cf8d,LDO,0.3092822695273579
0x6317b52d3888a74b093fcaa31a5d723d90b1cf8d,LINK,0.0621395523334913
0x6317b52d3888a74b093fcaa31a5d723d90b1cf8d,LTC,-0.1009489226794
0x6317b52d3888a74b093fcaa31a5d723d90b1cf8d,MATIC,0.0032976493987682
0x6317b52d3888a74b093fcaa31a5d723d90b1cf8d,MAV,-0.1041747707001239
0x6317b52d3888a74b093fcaa31a5d723d90b1cf8d,MBOX,-0.0502319111290343
0x6317b52d3888a74b093fcaa31a5d723d90b1cf8d,MKR,0.1889055855511999
0x6317b52d3888a74b093fcaa31a5d723d90b1cf8d,MOON,0.3149568188675736
0x6317b52d3888a74b093fcaa31a5d723d90b1cf8d,NEAR,-0.0183177569071374
0x6317b52d3888a74b093fcaa31a5d723d90b1cf8d,OP,0.1000595330442468
0x6317b52d3888a74b093fcaa31a5d723d90b1cf8d,PENDLE,-0.017275895169901
0x6317b52d3888a74b093fcaa31a5d723d90b1cf8d,PEPE,1.0335892414512675
0x6317b52d3888a74b093fcaa31a5d723d90b1cf8d,PERP,0.1349915615922308
0x6317b52d3888a74b093fcaa31a5d723d90b1cf8d,PIT,0.0992657712476021
0x6317b52d3888a74b093fcaa31a5d723d90b1cf8d,POLS,-0.044301944585517
0x6317b52d3888a74b093fcaa31a5d723d90b1cf8d,PYTH,-0.0456622740525069
0x6317b52d3888a74b093fcaa31a5d723d90b1cf8d,QUACK,-0.0257040524572029
0x6317b52d3888a74b093fcaa31a5d723d90b1cf8d,RDNT,-0.1476840980848603
0x6317b52d3888a74b093fcaa31a5d723d90b1cf8d,RNDR,0.0848206572630666
0x6317b52d3888a74b093fcaa31a5d723d90b1cf8d,RPL,0.2146980998450857
0x6317b52d3888a74b093fcaa31a5d723d90b1cf8d,RUNE,0.0050892384791995
0x6317b52d3888a74b093fcaa31a5d723d90b1cf8d,SFP,-0.0218165977577948
0x6317b52d3888a74b093fcaa31a5d723d90b1cf8d,SFUND,0.1508193751846176
0x6317b52d3888a74b093fcaa31a5d723d90b1cf8d,SHIB,0.611520296414811
0x6317b52d3888a74b093fcaa31a5d723d90b1cf8d,SOL,-0.092359392309457
0x6317b52d3888a74b093fcaa31a5d723d90b1cf8d,STG,-0.03013546003401
0x6317b52d3888a74b093fcaa31a5d723d90b1cf8d,SUI,0.0710522995771325
0x6317b52d3888a74b093fcaa31a5d723d90b1cf8d,SUSHI,-0.0422152101206424
0x6317b52d3888a74b093fcaa31a5d723d90b1cf8d,TIA,-0.0572090815253094
0x6317b52d3888a74b093fcaa31a5d723d90b1cf8d,TOKEN,0.1752341275145433
0x6317b52d3888a74b093fcaa31a5d723d90b1cf8d,TRX,0.1355688606557253
0x6317b52d3888a74b093fcaa31a5d723d90b1cf8d,UNI,-0.1036289104464953
0x6317b52d3888a74b093fcaa31a5d723d90b1cf8d,USDT,0.0007429980425501
0x6317b52d3888a74b093fcaa31a5d723d90b1cf8d,XLM,0.1181613740529496
0x6317b52d3888a74b093fcaa31a5d723d90b1cf8d,XMR,-0.0276126816805901
0x6317b52d3888a74b093fcaa31a5d723d90b1cf8d,XRP,0.1123236517982551
0x6317b52d3888a74b093fcaa31a5d723d90b1cf8d,XTZ,-0.0672379483578689
0x6317b52d3888a74b093fcaa31a5d723d90b1cf8d,XVS,-0.113381786537658
0x6317b52d3888a74b093fcaa31a5d723d90b1cf8d,YFI,-0.060543962475663
0x6cb72d052d57563180474923fdd9f827455637db,AAVE,0.0
0x6cb72d052d57563180474923fdd9f827455637db,ADA,0.0
0x6cb72d052d57563180474923fdd9f827455637db,ALGO,0.0
0x6cb72d052d57563180474923fdd9f827455637db,APE,-0.05
0x6cb72d052d57563180474923fdd9f827455637db,APT,0.0
0x6cb72d052d57563180474923fdd9f827455637db,ATOM,0.0
0x6cb72d052d57563180474923fdd9f827455637db,AVAX,0.0
0x6cb72d052d57563180474923fdd9f827455637db,AXS,0.05
0x6cb72d052d57563180474923fdd9f827455637db,BAL,0.0
0x6cb72d052d57563180474923fdd9f827455637db,BCH,0.0
0x6cb72d052d57563180474923fdd9f827455637db,BLUR,-0.05
0x6cb72d052d57563180474923fdd9f827455637db,BNB,0.0
0x6cb72d052d57563180474923fdd9f827455637db,BONK,0.0
0x6cb72d052d57563180474923fdd9f827455637db,BTC,0.0
0x6cb72d052d57563180474923fdd9f827455637db,C98,0.0
0x6cb72d052d57563180474923fdd9f827455637db,CAKE,0.0
0x6cb72d052d57563180474923fdd9f827455637db,COMP,0.0
0x6cb72d052d57563180474923fdd9f827455637db,CRV,-0.05
0x6cb72d052d57563180474923fdd9f827455637db,CVX,0.0
0x6cb72d052d57563180474923fdd9f827455637db,DAI,0.0
0x6cb72d052d57563180474923fdd9f827455637db,DAO,0.0
0x6cb72d052d57563180474923fdd9f827455637db,DOGE,0.0
0x6cb72d052d57563180474923fdd9f827455637db,DOT,0.0
0x6cb72d052d57563180474923fdd9f827455637db,DYDX,0.0
0x6cb72d052d57563180474923fdd9f827455637db,EOS,0.0
0x6cb72d052d57563180474923fdd9f827455637db,ETC,0.05
0x6cb72d052d57563180474923fdd9f827455637db,ETH,0.05
0x6cb72d052d57563180474923fdd9f827455637db,FET,0.0
0x6cb72d052d57563180474923fdd9f827455637db,FIL,0.0
0x6cb72d052d57563180474923fdd9f827455637db,FRAX,0.0
0x6cb72d052d57563180474923fdd9f827455637db,FTM,0.0
0x6cb72d052d57563180474923fdd9f827455637db,FXS,0.05
0x6cb72d052d57563180474923fdd9f827455637db,GRT,-0.05
0x6cb72d052d57563180474923fdd9f827455637db,HAI,0.0
0x6cb72d052d57563180474923fdd9f827455637db,HERO,0.0
0x6cb72d052d57563180474923fdd9f827455637db,ICP,-0.05
0x6cb72d052d57563180474923fdd9f827455637db,IMX,-0.05
0x6cb72d052d57563180474923fdd9f827455637db,INJ,-0.05
0x6cb72d052d57563180474923fdd9f827455637db,LDO,0.0
0x6cb72d052d57563180474923fdd9f827455637db,LINK,0.05
0x6cb72d052d57563180474923fdd9f827455637db,LTC,0.05
0x6cb72d052d57563180474923fdd9f827455637db,MATIC,0.0
0x6cb72d052d57563180474923fdd9f827455637db,MAV,0.0
0x6cb72d052d57563180474923fdd9f827455637db,MBOX,0.0
0x6cb72d052d57563180474923fdd9f827455637db,MKR,0.0
0x6cb72d052d57563180474923fdd9f827455637db,MOON,0.0
0x6cb72d052d57563180474923fdd9f827455637db,NEAR,0.0
0x6cb72d052d57563180474923fdd9f827455637db,OP,0.05
0x6cb72d052d57563180474923fdd9f827455637db,PENDLE,0.0
0x6cb72d052d57563180474923fdd9f827455637db,PEPE,0.0
0x6cb72d052d57563180474923fdd9f827455637db,PERP,0.0
0x6cb72d052d57563180474923fdd9f827455637db,PIT,0.0
0x6cb72d052d57563180474923fdd9f827455637db,POLS,0.0
0x6cb72d052d57563180474923fdd9f827455637db,PYTH,0.0
0x6cb72d052d57563180474923fdd9f827455637db,QUACK,0.0
0x6cb72d052d57563180474923fdd9f827455637db,RDNT,0.0
0x6cb72d052d57563180474923fdd9f827455637db,RNDR,0.0
0x6cb72d052d57563180474923fdd9f827455637db,RPL,-0.05
0x6cb72d052d57563180474923fdd9f827455637db,RUNE,-0.05
0x6cb72d052d57563180474923fdd9f827455637db,SFP,0.0
0x6cb72d052d57563180474923fdd9f827455637db,SFUND,0.0
0x6cb72d052d57563180474923fdd9f827455637db,SHIB,0.0
0x6cb72d052d57563180474923fdd9f827455637db,SOL,0.05
0x6cb72d052d57563180474923fdd9f827455637db,STG,0.0
0x6cb72d052d57563180474923fdd9f827455637db,SUI,0.0
0x6cb72d052d57563180474923fdd9f827455637db,SUSHI,0.0
0x6cb72d052d57563180474923fdd9f827455637db,TIA,0.0
0x6cb72d052d57563180474923fdd9f827455637db,TOKEN,0.0
0x6cb72d052d57563180474923fdd9f827455637db,TRX,0.0
0x6cb72d052d57563180474923fdd9f827455637db,UNI,0.05
0x6cb72d052d57563180474923fdd9f827455637db,USDT,0.0
0x6cb72d052d57563180474923fdd9f827455637db,XLM,-0.05
0x6cb72d052d57563180474923fdd9f827455637db,XMR,0.0
0x6cb72d052d57563180474923fdd9f827455637db,XRP,0.05
0x6cb72d052d57563180474923fdd9f827455637db,XTZ,0.0
0x6cb72d052d57563180474923fdd9f827455637db,XVS,0.0
0x6cb72d052d57563180474923fdd9f827455637db,YFI,0.0
0x7490eeb68c7585407e254591d784bae7987c1cfb,AAVE,0.0224565929798256
0x7490eeb68c7585407e254591d784bae7987c1cfb,ADA,0.0146200955232493
0x7490eeb68c7585407e254591d784bae7987c1cfb,ALGO,0.0211991416408877
0x7490eeb68c7585407e254591d784bae7987c1cfb,APE,0.0085351332337845
0x7490eeb68c7585407e254591d784bae7987c1cfb,APT,0.0124887965925515
0x7490eeb68c7585407e254591d784bae7987c1cfb,ATOM,0.0157703725536556
0x7490eeb68c7585407e254591d784bae7987c1cfb,AVAX,0.0167480830858651
0x7490eeb68c7585407e254591d784bae7987c1cfb,AXS,0.0126982638155513
0x7490eeb68c7585407e254591d784bae7987c1cfb,BAL,0.0119843513983731
0x7490eeb68c7585407e254591d784bae7987c1cfb,BCH,0.0115814025501585
0x7490eeb68c7585407e254591d784bae7987c1cfb,BLUR,0.0105168509032613
0x7490eeb68c7585407e254591d784bae7987c1cfb,BNB,0.0199281882562963
0x7490eeb68c7585407e254591d784bae7987c1cfb,BONK,0.0129767766460033
0x7490eeb68c7585407e254591d784bae7987c1cfb,BTC,0.0144591064006011
0x7490eeb68c7585407e254591d784bae7987c1cfb,C98,0.010037168207242
0x7490eeb68c7585407e254591d784bae7987c1cfb,CAKE,0.025430204953658
0x7490eeb68c7585407e254591d784bae7987c1cfb,COMP,0.0194540167864559
0x7490eeb68c7585407e254591d784bae7987c1cfb,CRV,0.0232514227570907
0x7490eeb68c7585407e254591d784bae7987c1cfb,CVX,0.0134592611076401
0x7490eeb68c7585407e254591d784bae7987c1cfb,DAI,0.0206886574818098
0x7490eeb68c7585407e254591d784bae7987c1cfb,DAO,0.0188217042820894
0x7490eeb68c7585407e254591d784bae7987c1cfb,DOGE,0.025977636818754
0x7490eeb68c7585407e254591d784bae7987c1cfb,DOT,0.0140783214061333
0x7490eeb68c7585407e254591d784bae7987c1cfb,DYDX,0.0020273573776455
0x7490eeb68c7585407e254591d784bae7987c1cfb,EOS,0.0101725470993533
0x7490eeb68c7585407e254591d784bae7987c1cfb,ETC,0.0199401567062244
0x7490eeb68c7585407e254591d784bae7987c1cfb,ETH,0.0110443053828915
0x7490eeb68c7585407e254591d784bae7987c1cfb,FET,0.0123766774126389
0x7490eeb68c7585407e254591d784bae7987c1cfb,FIL,0.0122615014466648
0x7490eeb68c7585407e254591d784bae7987c1cfb,FRAX,0.0183810934118867
0x7490eeb68c7585407e254591d784bae7987c1cfb,FTM,0.0199906223216306
0x7490eeb68c7585407e254591d784bae7987c1cfb,FXS,0.0214227364483147
0x7490eeb68c7585407e254591d784bae7987c1cfb,GRT,0.017621689853495
0x7490eeb68c7585407e254591d784bae7987c1cfb,HAI,0.0235416807280933
0x7490eeb68c7585407e254591d784bae7987c1cfb,HERO,0.0117713434919372
0x7490eeb68c7585407e254591d784bae7987c1cfb,ICP,0.0166747148210426
0x7490eeb68c7585407e254591d784bae7987c1cfb,IMX,0.0109231662685821
0x7490eeb68c7585407e254591d784bae7987c1cfb,INJ,0.0187437225458856
0x7490eeb68c7585407e254591d784bae7987c1cfb,LDO,0.0120738950502365
0x7490eeb68c7585407e254591d784bae7987c1cfb,LINK,0.0176845706716699
0x7490eeb68c7585407e254591d784bae7987c1cfb,LTC,0.0198449458775911
0x7490eeb68c7585407e254591d784bae7987c1cfb,MATIC,0.0172809598208872
0x7490eeb68c7585407e254591d784bae7987c1cfb,MAV,0.0082176448140111
0x7490eeb68c7585407e254591d784bae7987c1cfb,MBOX,0.0118756277291222
0x7490eeb68c7585407e254591d784bae7987c1cfb,MKR,0.0224000204036502
0x7490eeb68c7585407e254591d784bae7987c1cfb,MOON,0.0218870374661109
0x7490eeb68c7585407e254591d784bae7987c1cfb,NEAR,0.0128494533178649
0x7490eeb68c7585407e254591d784bae7987c1cfb,OP,0.0143732566148608
0x7490eeb68c7585407e254591d784bae7987c1cfb,PENDLE,0.0109834472608876
0x7490eeb68c7585407e254591d784bae7987c1cfb,PEPE,0.0213982023714984
0x7490eeb68c7585407e254591d784bae7987c1cfb,PERP,0.0116824260381419
0x7490eeb68c7585407e254591d784bae7987c1cfb,PIT,0.0145554150200531
0x7490eeb68c7585407e254591d784bae7987c1cfb,POLS,0.0146989221312834
0x7490eeb68c7585407e254591d784bae7987c1cfb,PYTH,0.012402603924488
0x7490eeb68c7585407e254591d784bae7987c1cfb,QUACK,0.0127161817203498
0x7490eeb68c7585407e254591d784bae7987c1cfb,RDNT,0.0114935608485794
0x7490eeb68c7585407e254591d784bae7987c1cfb,RNDR,0.0091693843582416
0x7490eeb68c7585407e254591d784bae7987c1cfb,RPL,0.0119789986969025
0x7490eeb68c7585407e254591d784bae7987c1cfb,RUNE,0.0101575261947328
0x7490eeb68c7585407e254591d784bae7987c1cfb,SFP,0.0169164292044511
0x7490eeb68c7585407e254591d784bae7987c1cfb,SFUND,0.0114195598521129
0x7490eeb68c7585407e254591d784bae7987c1cfb,SHIB,0.0263268430294951
0x7490eeb68c7585407e254591d784bae7987c1cfb,SOL,0.0209093620845688
0x7490eeb68c7585407e254591d784bae7987c1cfb,STG,0.0125364061137845
0x7490eeb68c7585407e254591d784bae7987c1cfb,SUI,0.0160846715477017
0x7490eeb68c7585407e254591d784bae7987c1cfb,SUSHI,0.0118282056517235
0x7490eeb68c7585407e254591d784bae7987c1cfb,TIA,0.0102686817731525
0x7490eeb68c7585407e254591d784bae7987c1cfb,TOKEN,0.013049129445603
0x7490eeb68c7585407e254591d784bae7987c1cfb,TRX,0.024128637043037
0x7490eeb68c7585407e254591d784bae7987c1cfb,UNI,0.0273895527761993
0x7490eeb68c7585407e254591d784bae7987c1cfb,USDT,0.0127405826787238
0x7490eeb68c7585407e254591d784bae7987c1cfb,XLM,0.0163584246134209
0x7490eeb68c7585407e254591d784bae7987c1cfb,XMR,0.019258082520248
0x7490eeb68c7585407e254591d784bae7987c1cfb,XRP,0.0168242462493434
0x7490eeb68c7585407e254591d784bae7987c1cfb,XTZ,0.0106216598575532
0x7490eeb68c7585407e254591d784bae7987c1cfb,XVS,0.0124509387791572
0x7490eeb68c7585407e254591d784bae7987c1cfb,YFI,0.0118425574413485
0x770a3026f8a348bebac2ba84cfc82f4ea01b420a,AAVE,0.010222637
0x770a3026f8a348bebac2ba84cfc82f4ea01b420a,ADA,0.0032408927
0x770a3026f8a348bebac2ba84cfc82f4ea01b420a,ALGO,0.0069352337
0x770a3026f8a348bebac2ba84cfc82f4ea01b420a,APE,0.015198148
0x770a3026f8a348bebac2ba84cfc82f4ea01b420a,APT,0.010594894
0x770a3026f8a348bebac2ba84cfc82f4ea01b420a,ATOM,0.009790653
0x770a3026f8a348bebac2ba84cfc82f4ea01b420a,AVAX,0.01075423
0x770a3026f8a348bebac2ba84cfc82f4ea01b420a,AXS,0.014047711
0x770a3026f8a348bebac2ba84cfc82f4ea01b420a,BAL,0.010642528
0x770a3026f8a348bebac2ba84cfc82f4ea01b420a,BCH,0.004276225
0x770a3026f8a348bebac2ba84cfc82f4ea01b420a,BLUR,0.011164951
0x770a3026f8a348bebac2ba84cfc82f4ea01b420a,BNB,0.019204734
0x770a3026f8a348bebac2ba84cfc82f4ea01b420a,BONK,0.015513626
0x770a3026f8a348bebac2ba84cfc82f4ea01b420a,BTC,0.0016002199
0x770a3026f8a348bebac2ba84cfc82f4ea01b420a,C98,0.010880674
0x770a3026f8a348bebac2ba84cfc82f4ea01b420a,CAKE,0.012435807
0x770a3026f8a348bebac2ba84cfc82f4ea01b420a,COMP,0.016255205
0x770a3026f8a348bebac2ba84cfc82f4ea01b420a,CRV,0.011223504
0x770a3026f8a348bebac2ba84cfc82f4ea01b420a,CVX,0.011164951
0x770a3026f8a348bebac2ba84cfc82f4ea01b420a,DAI,0.012272949
0x770a3026f8a348bebac2ba84cfc82f4ea01b420a,DAO,0.012588221
0x770a3026f8a348bebac2ba84cfc82f4ea01b420a,DOGE,0.009175508
0x770a3026f8a348bebac2ba84cfc82f4ea01b420a,DOT,0.014928364
0x770a3026f8a348bebac2ba84cfc82f4ea01b420a,DYDX,0.011164951
0x770a3026f8a348bebac2ba84cfc82f4ea01b420a,EOS,0.012078165
0x770a3026f8a348bebac2ba84cfc82f4ea01b420a,ETC,0.007863924
0x770a3026f8a348bebac2ba84cfc82f4ea01b420a,ETH,0.0041073957
0x770a3026f8a348bebac2ba84cfc82f4ea01b420a,FET,0.0029977954
0x770a3026f8a348bebac2ba84cfc82f4ea01b420a,FIL,0.015165192
0x770a3026f8a348bebac2ba84cfc82f4ea01b420a,FRAX,0.014686627
0x770a3026f8a348bebac2ba84cfc82f4ea01b420a,FTM,0.009627441
0x770a3026f8a348bebac2ba84cfc82f4ea01b420a,FXS,0.015390878
0x770a3026f8a348bebac2ba84cfc82f4ea01b420a,GRT,0.008899742
0x770a3026f8a348bebac2ba84cfc82f4ea01b420a,HAI,0.0071658352
0x770a3026f8a348bebac2ba84cfc82f4ea01b420a,HERO,0.011164951
0x770a3026f8a348bebac2ba84cfc82f4ea01b420a,ICP,-0.003981674
0x770a3026f8a348bebac2ba84cfc82f4ea01b420a,IMX,0.015720572
0x770a3026f8a348bebac2ba84cfc82f4ea01b420a,INJ,0.013587526
0x770a3026f8a348bebac2ba84cfc82f4ea01b420a,LDO,0.011164951
0x770a3026f8a348bebac2ba84cfc82f4ea01b420a,LINK,0.010197437
0x770a3026f8a348bebac2ba84cfc82f4ea01b420a,LTC,0.0037471815
0x770a3026f8a348bebac2ba84cfc82f4ea01b420a,MATIC,-0.014763835
0x770a3026f8a348bebac2ba84cfc82f4ea01b420a,MAV,0.009555527
0x770a3026f8a348bebac2ba84cfc82f4ea01b420a,MBOX,0.011164951
0x770a3026f8a348bebac2ba84cfc82f4ea01b420a,MKR,0.007340746
0x770a3026f8a348bebac2ba84cfc82f4ea01b420a,MOON,0.004115133
0x770a3026f8a348bebac2ba84cfc82f4ea01b420a,NEAR,0.005732185
0x770a3026f8a348bebac2ba84cfc82f4ea01b420a,OP,-0.003960946
0x770a3026f8a348bebac2ba84cfc82f4ea01b420a,PENDLE,0.015840262
0x770a3026f8a348bebac2ba84cfc82f4ea01b420a,PEPE,0.0088525945
0x770a3026f8a348bebac2ba84cfc82f4ea01b420a,PERP,0.010642528
0x770a3026f8a348bebac2ba84cfc82f4ea01b420a,PIT,0.011164951
0x770a3026f8a348bebac2ba84cfc82f4ea01b420a,POLS,0.011164951
0x770a3026f8a348bebac2ba84cfc82f4ea01b420a,PYTH,0.011164951
0x770a3026f8a348bebac2ba84cfc82f4ea01b420a,QUACK,0.011164951
0x770a3026f8a348bebac2ba84cfc82f4ea01b420a,RDNT,0.011164951
0x770a3026f8a348bebac2ba84cfc82f4ea01b420a,RNDR,0.013349579
0x770a3026f8a348bebac2ba84cfc82f4ea01b420a,RPL,0.011164951
0x770a3026f8a348bebac2ba84cfc82f4ea01b420a,RUNE,0.010135795
0x770a3026f8a348bebac2ba84cfc82f4ea01b420a,SFP,0.01166221
0x770a3026f8a348bebac2ba84cfc82f4ea01b420a,SFUND,0.011164951
0x770a3026f8a348bebac2ba84cfc82f4ea01b420a,SHIB,0.00945389
0x770a3026f8a348bebac2ba84cfc82f4ea01b420a,SOL,0.010391039
0x770a3026f8a348bebac2ba84cfc82f4ea01b420a,STG,0.011164951
0x770a3026f8a348bebac2ba84cfc82f4ea01b420a,SUI,0.018385695
0x770a3026f8a348bebac2ba84cfc82f4ea01b420a,SUSHI,0.011164951
0x770a3026f8a348bebac2ba84cfc82f4ea01b420a,TIA,0.015720572
0x770a3026f8a348bebac2ba84cfc82f4ea01b420a,TOKEN,0.011164951
0x770a3026f8a348bebac2ba84cfc82f4ea01b420a,TRX,0.011035595
0x770a3026f8a348bebac2ba84cfc82f4ea01b420a,UNI,0.013965313
0x770a3026f8a348bebac2ba84cfc82f4ea01b420a,USDT,-0.028496338
0x770a3026f8a348bebac2ba84cfc82f4ea01b420a,XLM,0.0049587605
0x770a3026f8a348bebac2ba84cfc82f4ea01b420a,XMR,0.007816104
0x770a3026f8a348bebac2ba84cfc82f4ea01b420a,XRP,0.0068296264
0x770a3026f8a348bebac2ba84cfc82f4ea01b420a,XTZ,0.010542708
0x770a3026f8a348bebac2ba84cfc82f4ea01b420a,XVS,0.011164951
0x770a3026f8a348bebac2ba84cfc82f4ea01b420a,YFI,0.011164951
0x7824282944b7cc7b8ef86ed9adbe21f49b247f97,AAVE,0.5752295726477845
0x7824282944b7cc7b8ef86ed9adbe21f49b247f97,ADA,0.5688948810319436
0x7824282944b7cc7b8ef86ed9adbe21f49b247f97,ALGO,0.5705030850006335
0x7824282944b7cc7b8ef86ed9adbe21f49b247f97,APE,0.4292184188901757
0x7824282944b7cc7b8ef86ed9adbe21f49b247f97,APT,0.4712145243899026
0x7824282944b7cc7b8ef86ed9adbe21f49b247f97,ATOM,0.6352840610956526
0x7824282944b7cc7b8ef86ed9adbe21f49b247f97,AVAX,0.4478784828351833
0x7824282944b7cc7b8ef86ed9adbe21f49b247f97,AXS,0.6023677462521955
0x7824282944b7cc7b8ef86ed9adbe21f49b247f97,BAL,0.5995151354939326
0x7824282944b7cc7b8ef86ed9adbe21f49b247f97,BCH,0.6001976435462799
0x7824282944b7cc7b8ef86ed9adbe21f49b247f97,BLUR,0.4513393747790665
0x7824282944b7cc7b8ef86ed9adbe21f49b247f97,BNB,0.5634328615831942
0x7824282944b7cc7b8ef86ed9adbe21f49b247f97,BONK,0.48244082566949
0x7824282944b7cc7b8ef86ed9adbe21f49b247f97,BTC,0.6784679915044052
0x7824282944b7cc7b8ef86ed9adbe21f49b247f97,C98,0.5867983763085102
0x7824282944b7cc7b8ef86ed9adbe21f49b247f97,CAKE,0.5386211301956866
0x7824282944b7cc7b8ef86ed9adbe21f49b247f97,COMP,0.6198407314288451
0x7824282944b7cc7b8ef86ed9adbe21f49b247f97,CRV,0.357228382004058
0x7824282944b7cc7b8ef86ed9adbe21f49b247f97,CVX,0.5623074735619673
0x7824282944b7cc7b8ef86ed9adbe21f49b247f97,DAI,0.5257290658430694
0x7824282944b7cc7b8ef86ed9adbe21f49b247f97,DAO,0.6173047046027234
0x7824282944b7cc7b8ef86ed9adbe21f49b247f97,DOGE,0.672299323847759
0x7824282944b7cc7b8ef86ed9adbe21f49b247f97,DOT,0.6518566536459681
0x7824282944b7cc7b8ef86ed9adbe21f49b247f97,DYDX,0.5248504045867565
0x7824282944b7cc7b8ef86ed9adbe21f49b247f97,EOS,0.5604273684041705
0x7824282944b7cc7b8ef86ed9adbe21f49b247f97,ETC,0.5539365641572777
0x7824282944b7cc7b8ef86ed9adbe21f49b247f97,ETH,0.6051766697817086
0x7824282944b7cc7b8ef86ed9adbe21f49b247f97,FET,0.4786462054424576
0x7824282944b7cc7b8ef86ed9adbe21f49b247f97,FIL,0.6074658846441712
0x7824282944b7cc7b8ef86ed9adbe21f49b247f97,FRAX,0.659960977803525
0x7824282944b7cc7b8ef86ed9adbe21f49b247f97,FTM,0.3671762022199291
0x7824282944b7cc7b8ef86ed9adbe21f49b247f97,FXS,0.5179229453548899
0x7824282944b7cc7b8ef86ed9adbe21f49b247f97,GRT,0.4777605784705296
0x7824282944b7cc7b8ef86ed9adbe21f49b247f97,HAI,0.500044865548905
0x7824282944b7cc7b8ef86ed9adbe21f49b247f97,HERO,0.5595821625401499
0x7824282944b7cc7b8ef86ed9adbe21f49b247f97,ICP,0.4699805220869043
0x7824282944b7cc7b8ef86ed9adbe21f49b247f97,IMX,0.4584466087220263
0x7824282944b7cc7b8ef86ed9adbe21f49b247f97,INJ,0.455371166168355
0x7824282944b7cc7b8ef86ed9adbe21f49b247f97,LDO,0.5129299575375564
0x7824282944b7cc7b8ef86ed9adbe21f49b247f97,LINK,0.5821574633519354
0x7824282944b7cc7b8ef86ed9adbe21f49b247f97,LTC,0.5488291924848577
0x7824282944b7cc7b8ef86ed9adbe21f49b247f97,MATIC,0.5225096278304212
0x7824282944b7cc7b8ef86ed9adbe21f49b247f97,MAV,0.481229960534097
0x7824282944b7cc7b8ef86ed9adbe21f49b247f97,MBOX,0.5605121101816406
0x7824282944b7cc7b8ef86ed9adbe21f49b247f97,MKR,0.5576305693004145
0x7824282944b7cc7b8ef86ed9adbe21f49b247f97,MOON,0.5713372480158602
0x7824282944b7cc7b8ef86ed9adbe21f49b247f97,NEAR,0.4714890138266037
0x7824282944b7cc7b8ef86ed9adbe21f49b247f97,OP,0.5717963329892157
0x7824282944b7cc7b8ef86ed9adbe21f49b247f97,PENDLE,0.3609238384141739
0x7824282944b7cc7b8ef86ed9adbe21f49b247f97,PEPE,0.5045163501611559
0x7824282944b7cc7b8ef86ed9adbe21f49b247f97,PERP,0.5511103097174276
0x7824282944b7cc7b8ef86ed9adbe21f49b247f97,PIT,0.6318713392470968
0x7824282944b7cc7b8ef86ed9adbe21f49b247f97,POLS,0.613365906131714
0x7824282944b7cc7b8ef86ed9adbe21f49b247f97,PYTH,0.5768561419360946
0x7824282944b7cc7b8ef86ed9adbe21f49b247f97,QUACK,0.5404324696815941
0x7824282944b7cc7b8ef86ed9adbe21f49b247f97,RDNT,0.5294346301235439
0x7824282944b7cc7b8ef86ed9adbe21f49b247f97,RNDR,0.4959083615455212
0x7824282944b7cc7b8ef86ed9adbe21f49b247f97,RPL,0.5191278925438912
0x7824282944b7cc7b8ef86ed9adbe21f49b247f97,RUNE,0.4335604710476899
0x7824282944b7cc7b8ef86ed9adbe21f49b247f97,SFP,0.5671096313114392
0x7824282944b7cc7b8ef86ed9adbe21f49b247f97,SFUND,0.5464242595841462
0x7824282944b7cc7b8ef86ed9adbe21f49b247f97,SHIB,0.5427933790265697
0x7824282944b7cc7b8ef86ed9adbe21f49b247f97,SOL,0.6381699334027314
0x7824282944b7cc7b8ef86ed9adbe21f49b247f97,STG,0.5436993211705138
0x7824282944b7cc7b8ef86ed9adbe21f49b247f97,SUI,0.4652525978410888
0x7824282944b7cc7b8ef86ed9adbe21f49b247f97,SUSHI,0.4911809847021072
0x7824282944b7cc7b8ef86ed9adbe21f49b247f97,TIA,0.5072121583572282
0x7824282944b7cc7b8ef86ed9adbe21f49b247f97,TOKEN,0.5045577038635721
0x7824282944b7cc7b8ef86ed9adbe21f49b247f97,TRX,0.6536715350249808
0x7824282944b7cc7b8ef86ed9adbe21f49b247f97,UNI,0.6251485789932594
0x7824282944b7cc7b8ef86ed9adbe21f49b247f97,USDT,0.6478651376909296
0x7824282944b7cc7b8ef86ed9adbe21f49b247f97,XLM,0.4944167838725569
0x7824282944b7cc7b8ef86ed9adbe21f49b247f97,XMR,0.5649950103296243
0x7824282944b7cc7b8ef86ed9adbe21f49b247f97,XRP,0.6062097391370594
0x7824282944b7cc7b8ef86ed9adbe21f49b247f97,XTZ,0.6343801610518957
0x7824282944b7cc7b8ef86ed9adbe21f49b247f97,XVS,0.5089737070166765
0x7824282944b7cc7b8ef86ed9adbe21f49b247f97,YFI,0.6701202638964051
0x7de5ac173e8ee69177f6243cf9c70608f6e1ad05,AAVE,0.0135709794611175
0x7de5ac173e8ee69177f6243cf9c70608f6e1ad05,ADA,0.0209413549983226
0x7de5ac173e8ee69177f6243cf9c70608f6e1ad05,ALGO,0.0015779066715895
0x7de5ac173e8ee69177f6243cf9c70608f6e1ad05,APE,0.0019476761471626
0x7de5ac173e8ee69177f6243cf9c70608f6e1ad05,APT,-0.0213772635543812
0x7de5ac173e8ee69177f6243cf9c70608f6e1ad05,ATOM,0.0008123016423392
0x7de5ac173e8ee69177f6243cf9c70608f6e1ad05,AVAX,-0.0296694381815232
0x7de5ac173e8ee69177f6243cf9c70608f6e1ad05,AXS,0.0006909777772547
0x7de5ac173e8ee69177f6243cf9c70608f6e1ad05,BAL,-0.0065811420684393
0x7de5ac173e8ee69177f6243cf9c70608f6e1ad05,BCH,0.0167252472049987
0x7de5ac173e8ee69177f6243cf9c70608f6e1ad05,BLUR,-0.0039262137028717
0x7de5ac173e8ee69177f6243cf9c70608f6e1ad05,BNB,-0.0047843976595126
0x7de5ac173e8ee69177f6243cf9c70608f6e1ad05,BONK,-0.0142355298190888
0x7de5ac173e8ee69177f6243cf9c70608f6e1ad05,BTC,-0.0020723808043356
0x7de5ac173e8ee69177f6243cf9c70608f6e1ad05,C98,0.0008723713146747
0x7de5ac173e8ee69177f6243cf9c70608f6e1ad05,CAKE,0.0027179410935443
0x7de5ac173e8ee69177f6243cf9c70608f6e1ad05,COMP,0.0036846619937048
0x7de5ac173e8ee69177f6243cf9c70608f6e1ad05,CRV,0.0156104147830682
0x7de5ac173e8ee69177f6243cf9c70608f6e1ad05,CVX,-0.0080704248283432
0x7de5ac173e8ee69177f6243cf9c70608f6e1ad05,DAI,0.0204204853863353
0x7de5ac173e8ee69177f6243cf9c70608f6e1ad05,DAO,0.0003018338277189
0x7de5ac173e8ee69177f6243cf9c70608f6e1ad05,DOGE,0.0109695970152757
0x7de5ac173e8ee69177f6243cf9c70608f6e1ad05,DOT,0.0275176798216297
0x7de5ac173e8ee69177f6243cf9c70608f6e1ad05,DYDX,0.0020895356218258
0x7de5ac173e8ee69177f6243cf9c70608f6e1ad05,EOS,0.0029677634820061
0x7de5ac173e8ee69177f6243cf9c70608f6e1ad05,ETC,0.0175234825295729
0x7de5ac173e8ee69177f6243cf9c70608f6e1ad05,ETH,-0.0368058863845338
0x7de5ac173e8ee69177f6243cf9c70608f6e1ad05,FET,0.0004137385389173
0x7de5ac173e8ee69177f6243cf9c70608f6e1ad05,FIL,0.000034889809078753726
0x7de5ac173e8ee69177f6243cf9c70608f6e1ad05,FRAX,0.0216940539695765
0x7de5ac173e8ee69177f6243cf9c70608f6e1ad05,FTM,-0.0161675109650409
0x7de5ac173e8ee69177f6243cf9c70608f6e1ad05,FXS,0.0024646360043351
0x7de5ac173e8ee69177f6243cf9c70608f6e1ad05,GRT,-0.0002036958061029
0x7de5ac173e8ee69177f6243cf9c70608f6e1ad05,HAI,-0.00004714575370429222
0x7de5ac173e8ee69177f6243cf9c70608f6e1ad05,HERO,-0.005574580242345
0x7de5ac173e8ee69177f6243cf9c70608f6e1ad05,ICP,-0.0035669717593079
0x7de5ac173e8ee69177f6243cf9c70608f6e1ad05,IMX,-0.0131981162253228
0x7de5ac173e8ee69177f6243cf9c70608f6e1ad05,INJ,-0.0020408548299231
0x7de5ac173e8ee69177f6243cf9c70608f6e1ad05,LDO,0.0010338465945261
0x7de5ac173e8ee69177f6243cf9c70608f6e1ad05,LINK,0.0056293150074883
0x7de5ac173e8ee69177f6243cf9c70608f6e1ad05,LTC,-0.0041391102540482
0x7de5ac173e8ee69177f6243cf9c70608f6e1ad05,MATIC,0.0050714942256059
0x7de5ac173e8ee69177f6243cf9c70608f6e1ad05,MAV,-0.024118921151876
0x7de5ac173e8ee69177f6243cf9c70608f6e1ad05,MBOX,-0.0114008447905089
0x7de5ac173e8ee69177f6243cf9c70608f6e1ad05,MKR,0.0104122514405415
0x7de5ac173e8ee69177f6243cf9c70608f6e1ad05,MOON,0.0110589939343279
0x7de5ac173e8ee69177f6243cf9c70608f6e1ad05,NEAR,-0.0245314035394532
0x7de5ac173e8ee69177f6243cf9c70608f6e1ad05,OP,-0.0588654123356351
0x7de5ac173e8ee69177f6243cf9c70608f6e1ad05,PENDLE,-0.0083447460776814
0x7de5ac173e8ee69177f6243cf9c70608f6e1ad05,PEPE,-0.0079419388719799
0x7de5ac173e8ee69177f6243cf9c70608f6e1ad05,PERP,-0.0065613790780287
0x7de5ac173e8ee69177f6243cf9c70608f6e1ad05,PIT,0.0014351024723332
0x7de5ac173e8ee69177f6243cf9c70608f6e1ad05,POLS,0.0020595383494399
0x7de5ac173e8ee69177f6243cf9c70608f6e1ad05,PYTH,-0.0216130876170834
0x7de5ac173e8ee69177f6243cf9c70608f6e1ad05,QUACK,-0.0039762294810695
0x7de5ac173e8ee69177f6243cf9c70608f6e1ad05,RDNT,-0.0046210506409542
0x7de5ac173e8ee69177f6243cf9c70608f6e1ad05,RNDR,-0.0037313287057732
0x7de5ac173e8ee69177f6243cf9c70608f6e1ad05,RPL,-0.0002208917183689
0x7de5ac173e8ee69177f6243cf9c70608f6e1ad05,RUNE,-0.0177806361344427
0x7de5ac173e8ee69177f6243cf9c70608f6e1ad05,SFP,0.0139478137913963
0x7de5ac173e8ee69177f6243cf9c70608f6e1ad05,SFUND,-0.0077837824355029
0x7de5ac173e8ee69177f6243cf9c70608f6e1ad05,SHIB,0.0371170230975503
0x7de5ac173e8ee69177f6243cf9c70608f6e1ad05,SOL,-0.0096034211956695
0x7de5ac173e8ee69177f6243cf9c70608f6e1ad05,STG,-0.0027257333710759
0x7de5ac173e8ee69177f6243cf9c70608f6e1ad05,SUI,-0.0054095255091786
0x7de5ac173e8ee69177f6243cf9c70608f6e1ad05,SUSHI,-0.0064890823696714
0x7de5ac173e8ee69177f6243cf9c70608f6e1ad05,TIA,0.0029902941766119
0x7de5ac173e8ee69177f6243cf9c70608f6e1ad05,TOKEN,-0.0158765097446257
0x7de5ac173e8ee69177f6243cf9c70608f6e1ad05,TRX,0.0280206438816446
0x7de5ac173e8ee69177f6243cf9c70608f6e1ad05,UNI,0.011339106112917
0x7de5ac173e8ee69177f6243cf9c70608f6e1ad05,USDT,-0.0032302921808694
0x7de5ac173e8ee69177f6243cf9c70608f6e1ad05,XLM,-0.0236620679321197
0x7de5ac173e8ee69177f6243cf9c70608f6e1ad05,XMR,0.036435777270047
0x7de5ac173e8ee69177f6243cf9c70608f6e1ad05,XRP,0.0034155729418117
0x7de5ac173e8ee69177f6243cf9c70608f6e1ad05,XTZ,0.0125175182841935
0x7de5ac173e8ee69177f6243cf9c70608f6e1ad05,XVS,0.0001590636122344
0x7de5ac173e8ee69177f6243cf9c70608f6e1ad05,YFI,0.0018663925469555
0x8a8e1c4e454e092fc19c6cca2034bd22b29781e7,AAVE,0.0005915165
0x8a8e1c4e454e092fc19c6cca2034bd22b29781e7,ADA,0.000002861023
0x8a8e1c4e454e092fc19c6cca2034bd22b29781e7,ALGO,0.0
0x8a8e1c4e454e092fc19c6cca2034bd22b29781e7,APE,0.0
0x8a8e1c4e454e092fc19c6cca2034bd22b29781e7,APT,0.00046861172
0x8a8e1c4e454e092fc19c6cca2034bd22b29781e7,ATOM,0.0009953976
0x8a8e1c4e454e092fc19c6cca2034bd22b29781e7,AVAX,0.003848195
0x8a8e1c4e454e092fc19c6cca2034bd22b29781e7,AXS,-0.00001001358
0x8a8e1c4e454e092fc19c6cca2034bd22b29781e7,BAL,-0.00039321184
0x8a8e1c4e454e092fc19c6cca2034bd22b29781e7,BCH,0.00024187565
0x8a8e1c4e454e092fc19c6cca2034bd22b29781e7,BLUR,-0.000019490719
0x8a8e1c4e454e092fc19c6cca2034bd22b29781e7,BNB,-0.00008404255
0x8a8e1c4e454e092fc19c6cca2034bd22b29781e7,BONK,0.00085425377
0x8a8e1c4e454e092fc19c6cca2034bd22b29781e7,BTC,0.0009864569
0x8a8e1c4e454e092fc19c6cca2034bd22b29781e7,C98,0.0000038146973
0x8a8e1c4e454e092fc19c6cca2034bd22b29781e7,CAKE,0.0012820959
0x8a8e1c4e454e092fc19c6cca2034bd22b29781e7,COMP,0.0
0x8a8e1c4e454e092fc19c6cca2034bd22b29781e7,CRV,0.0000021457672
0x8a8e1c4e454e092fc19c6cca2034bd22b29781e7,CVX,-0.0002411604
0x8a8e1c4e454e092fc19c6cca2034bd22b29781e7,DAI,-0.00009429455
0x8a8e1c4e454e092fc19c6cca2034bd22b29781e7,DAO,0.0009074211
0x8a8e1c4e454e092fc19c6cca2034bd22b29781e7,DOGE,0.00058329105
0x8a8e1c4e454e092fc19c6cca2034bd22b29781e7,DOT,-0.000033438206
0x8a8e1c4e454e092fc19c6cca2034bd22b29781e7,DYDX,0.0000042915344
0x8a8e1c4e454e092fc19c6cca2034bd22b29781e7,EOS,-0.0006684065
0x8a8e1c4e454e092fc19c6cca2034bd22b29781e7,ETC,0.0008112192
0x8a8e1c4e454e092fc19c6cca2034bd22b29781e7,ETH,0.00036084652
0x8a8e1c4e454e092fc19c6cca2034bd22b29781e7,FET,-0.00036388636
0x8a8e1c4e454e092fc19c6cca2034bd22b29781e7,FIL,0.000019073486
0x8a8e1c4e454e092fc19c6cca2034bd22b29781e7,FRAX,0.0
0x8a8e1c4e454e092fc19c6cca2034bd22b29781e7,FTM,0.00003516674
0x8a8e1c4e454e092fc19c6cca2034bd22b29781e7,FXS,-0.000023126602
0x8a8e1c4e454e092fc19c6cca2034bd22b29781e7,GRT,0.0
0x8a8e1c4e454e092fc19c6cca2034bd22b29781e7,HAI,-0.0011171699
0x8a8e1c4e454e092fc19c6cca2034bd22b29781e7,HERO,-0.00018334389
0x8a8e1c4e454e092fc19c6cca2034bd22b29781e7,ICP,0.00057423115
0x8a8e1c4e454e092fc19c6cca2034bd22b29781e7,IMX,-0.00025248528
0x8a8e1c4e454e092fc19c6cca2034bd22b29781e7,INJ,0.0008790493
0x8a8e1c4e454e092fc19c6cca2034bd22b29781e7,LDO,0.00002503395
0x8a8e1c4e454e092fc19c6cca2034bd22b29781e7,LINK,0.0006123781
0x8a8e1c4e454e092fc19c6cca2034bd22b29781e7,LTC,0.00004196167
0x8a8e1c4e454e092fc19c6cca2034bd22b29781e7,MATIC,0.0016747713
0x8a8e1c4e454e092fc19c6cca2034bd22b29781e7,MAV,-0.0003017187
0x8a8e1c4e454e092fc19c6cca2034bd22b29781e7,MBOX,-0.00015443563
0x8a8e1c4e454e092fc19c6cca2034bd22b29781e7,MKR,-0.0005750656
0x8a8e1c4e454e092fc19c6cca2034bd22b29781e7,MOON,-0.00015753508
0x8a8e1c4e454e092fc19c6cca2034bd22b29781e7,NEAR,-0.0009211898
0x8a8e1c4e454e092fc19c6cca2034bd22b29781e7,OP,0.00029051304
0x8a8e1c4e454e092fc19c6cca2034bd22b29781e7,PENDLE,0.00015115738
0x8a8e1c4e454e092fc19c6cca2034bd22b29781e7,PEPE,-0.00009351969
0x8a8e1c4e454e092fc19c6cca2034bd22b29781e7,PERP,-0.0004131794
0x8a8e1c4e454e092fc19c6cca2034bd22b29781e7,PIT,0.00034034252
0x8a8e1c4e454e092fc19c6cca2034bd22b29781e7,POLS,0.00000166893
0x8a8e1c4e454e092fc19c6cca2034bd22b29781e7,PYTH,-0.00038647652
0x8a8e1c4e454e092fc19c6cca2034bd22b29781e7,QUACK,-0.0001372695
0x8a8e1c4e454e092fc19c6cca2034bd22b29781e7,RDNT,-0.0003914833
0x8a8e1c4e454e092fc19c6cca2034bd22b29781e7,RNDR,-0.000049829483
0x8a8e1c4e454e092fc19c6cca2034bd22b29781e7,RPL,-0.0003747344
0x8a8e1c4e454e092fc19c6cca2034bd22b29781e7,RUNE,-0.00035119057
0x8a8e1c4e454e092fc19c6cca2034bd22b29781e7,SFP,-0.00025564432
0x8a8e1c4e454e092fc19c6cca2034bd22b29781e7,SFUND,-0.00024306774
0x8a8e1c4e454e092fc19c6cca2034bd22b29781e7,SHIB,0.002878189
0x8a8e1c4e454e092fc19c6cca2034bd22b29781e7,SOL,0.0030120611
0x8a8e1c4e454e092fc19c6cca2034bd22b29781e7,STG,-0.00014644861
0x8a8e1c4e454e092fc19c6cca2034bd22b29781e7,SUI,0.00016117096
0x8a8e1c4e454e092fc19c6cca2034bd22b29781e7,SUSHI,-0.00049364567
0x8a8e1c4e454e092fc19c6cca2034bd22b29781e7,TIA,0.0005311966
0x8a8e1c4e454e092fc19c6cca2034bd22b29781e7,TOKEN,-0.00017392635
0x8a8e1c4e454e092fc19c6cca2034bd22b29781e7,TRX,0.0021687746
0x8a8e1c4e454e092fc19c6cca2034bd22b29781e7,UNI,0.0018275976
0x8a8e1c4e454e092fc19c6cca2034bd22b29781e7,USDT,0.0012181997
0x8a8e1c4e454e092fc19c6cca2034bd22b29781e7,XLM,0.00061130524
0x8a8e1c4e454e092fc19c6cca2034bd22b29781e7,XMR,0.004284978
0x8a8e1c4e454e092fc19c6cca2034bd22b29781e7,XRP,0.0007045269
0x8a8e1c4e454e092fc19c6cca2034bd22b29781e7,XTZ,0.00062823296
0x8a8e1c4e454e092fc19c6cca2034bd22b29781e7,XVS,-0.0005788207
0x8a8e1c4e454e092fc19c6cca2034bd22b29781e7,YFI,0.000002026558
0x943b7da96a03cc6d4d440e2f346e18ead42f1d66,AAVE,-0.022554254
0x943b7da96a03cc6d4d440e2f346e18ead42f1d66,ADA,0.016906403
0x943b7da96a03cc6d4d440e2f346e18ead42f1d66,ALGO,0.017483827
0x943b7da96a03cc6d4d440e2f346e18ead42f1d66,APE,0.010473741
0x943b7da96a03cc6d4d440e2f346e18ead42f1d66,APT,0.002716801
0x943b7da96a03cc6d4d440e2f346e18ead42f1d66,ATOM,0.027572365
0x943b7da96a03cc6d4d440e2f346e18ead42f1d66,AVAX,-0.0036850134
0x943b7da96a03cc6d4d440e2f346e18ead42f1d66,AXS,0.02017833
0x943b7da96a03cc6d4d440e2f346e18ead42f1d66,BAL,0.027971668
0x943b7da96a03cc6d4d440e2f346e18ead42f1d66,BCH,0.023369763
0x943b7da96a03cc6d4d440e2f346e18ead42f1d66,BLUR,0.009004167
0x943b7da96a03cc6d4d440e2f346e18ead42f1d66,BNB,0.024206687
0x943b7da96a03cc6d4d440e2f346e18ead42f1d66,BONK,0.015272462
0x943b7da96a03cc6d4d440e2f346e18ead42f1d66,BTC,0.024913223
0x943b7da96a03cc6d4d440e2f346e18ead42f1d66,C98,0.024845535
0x943b7da96a03cc6d4d440e2f346e18ead42f1d66,CAKE,0.013210885
0x943b7da96a03cc6d4d440e2f346e18ead42f1d66,COMP,0.016437514
0x943b7da96a03cc6d4d440e2f346e18ead42f1d66,CRV,-0.0023133152
0x943b7da96a03cc6d4d440e2f346e18ead42f1d66,CVX,0.02569297
0x943b7da96a03cc6d4d440e2f346e18ead42f1d66,DAI,0.02462237
0x943b7da96a03cc6d4d440e2f346e18ead42f1d66,DAO,0.027408525
0x943b7da96a03cc6d4d440e2f346e18ead42f1d66,DOGE,0.02423558
0x943b7da96a03cc6d4d440e2f346e18ead42f1d66,DOT,0.029654663
0x943b7da96a03cc6d4d440e2f346e18ead42f1d66,DYDX,0.022048753
0x943b7da96a03cc6d4d440e2f346e18ead42f1d66,EOS,0.02584483
0x943b7da96a03cc6d4d440e2f346e18ead42f1d66,ETC,0.026694663
0x943b7da96a03cc6d4d440e2f346e18ead42f1d66,ETH,0.02693949
0x943b7da96a03cc6d4d440e2f346e18ead42f1d66,FET,-0.008206797
0x943b7da96a03cc6d4d440e2f346e18ead42f1d66,FIL,0.020852044
0x943b7da96a03cc6d4d440e2f346e18ead42f1d66,FRAX,0.030227574
0x943b7da96a03cc6d4d440e2f346e18ead42f1d66,FTM,-0.008830534
0x943b7da96a03cc6d4d440e2f346e18ead42f1d66,FXS,0.021723533
0x943b7da96a03cc6d4d440e2f346e18ead42f1d66,GRT,0.015428035
0x943b7da96a03cc6d4d440e2f346e18ead42f1d66,HAI,0.024144962
0x943b7da96a03cc6d4d440e2f346e18ead42f1d66,HERO,0.032955818
0x943b7da96a03cc6d4d440e2f346e18ead42f1d66,ICP,0.014052458
0x943b7da96a03cc6d4d440e2f346e18ead42f1d66,IMX,-0.0039888793
0x943b7da96a03cc6d4d440e2f346e18ead42f1d66,INJ,0.010667871
0x943b7da96a03cc6d4d440e2f346e18ead42f1d66,LDO,0.022820998
0x943b7da96a03cc6d4d440e2f346e18ead42f1d66,LINK,0.018832035
0x943b7da96a03cc6d4d440e2f346e18ead42f1d66,LTC,0.023155987
0x943b7da96a03cc6d4d440e2f346e18ead42f1d66,MATIC,-0.0036982838
0x943b7da96a03cc6d4d440e2f346e18ead42f1d66,MAV,-0.004908857
0x943b7da96a03cc6d4d440e2f346e18ead42f1d66,MBOX,0.015043218
0x943b7da96a03cc6d4d440e2f346e18ead42f1d66,MKR,0.022042708
0x943b7da96a03cc6d4d440e2f346e18ead42f1d66,MOON,0.026059566
0x943b7da96a03cc6d4d440e2f346e18ead42f1d66,NEAR,0.010467374
0x943b7da96a03cc6d4d440e2f346e18ead42f1d66,OP,0.022418559
0x943b7da96a03cc6d4d440e2f346e18ead42f1d66,PENDLE,0.0081997095
0x943b7da96a03cc6d4d440e2f346e18ead42f1d66,PEPE,0.01711974
0x943b7da96a03cc6d4d440e2f346e18ead42f1d66,PERP,0.00633021
0x943b7da96a03cc6d4d440e2f346e18ead42f1d66,PIT,0.030685326
0x943b7da96a03cc6d4d440e2f346e18ead42f1d66,POLS,0.02406047
0x943b7da96a03cc6d4d440e2f346e18ead42f1d66,PYTH,0.020895438
0x943b7da96a03cc6d4d440e2f346e18ead42f1d66,QUACK,0.028024187
0x943b7da96a03cc6d4d440e2f346e18ead42f1d66,RDNT,0.02499015
0x943b7da96a03cc6d4d440e2f346e18ead42f1d66,RNDR,-0.0044475733
0x943b7da96a03cc6d4d440e2f346e18ead42f1d66,RPL,0.011928917
0x943b7da96a03cc6d4d440e2f346e18ead42f1d66,RUNE,0.00043345973
0x943b7da96a03cc6d4d440e2f346e18ead42f1d66,SFP,0.01881658
0x943b7da96a03cc6d4d440e2f346e18ead42f1d66,SFUND,0.026880253
0x943b7da96a03cc6d4d440e2f346e18ead42f1d66,SHIB,0.02475567
0x943b7da96a03cc6d4d440e2f346e18ead42f1d66,SOL,0.015200029
0x943b7da96a03cc6d4d440e2f346e18ead42f1d66,STG,0.02605055
0x943b7da96a03cc6d4d440e2f346e18ead42f1d66,SUI,-0.0023001549
0x943b7da96a03cc6d4d440e2f346e18ead42f1d66,SUSHI,0.021947637
0x943b7da96a03cc6d4d440e2f346e18ead42f1d66,TIA,0.019420063
0x943b7da96a03cc6d4d440e2f346e18ead42f1d66,TOKEN,0.0028934628
0x943b7da96a03cc6d4d440e2f346e18ead42f1d66,TRX,-0.009830752
0x943b7da96a03cc6d4d440e2f346e18ead42f1d66,UNI,0.028897343
0x943b7da96a03cc6d4d440e2f346e18ead42f1d66,USDT,0.025983555
0x943b7da96a03cc6d4d440e2f346e18ead42f1d66,XLM,0.015547633
0x943b7da96a03cc6d4d440e2f346e18ead42f1d66,XMR,0.023348413
0x943b7da96a03cc6d4d440e2f346e18ead42f1d66,XRP,0.0151979495
0x943b7da96a03cc6d4d440e2f346e18ead42f1d66,XTZ,0.02538887
0x943b7da96a03cc6d4d440e2f346e18ead42f1d66,XVS,0.006228833
0x943b7da96a03cc6d4d440e2f346e18ead42f1d66,YFI,0.022898942
0x98e41d65e981a882afcb05d41939197da3465b6f,AAVE,0.09614651
0x98e41d65e981a882afcb05d41939197da3465b6f,ADA,0.00047515187
0x98e41d65e981a882afcb05d41939197da3465b6f,ALGO,0.0073947525
0x98e41d65e981a882afcb05d41939197da3465b6f,APE,0.003918802
0x98e41d65e981a882afcb05d41939197da3465b6f,APT,-0.0052447775
0x98e41d65e981a882afcb05d41939197da3465b6f,ATOM,0.0014337199
0x98e41d65e981a882afcb05d41939197da3465b6f,AVAX,0.015743624
0x98e41d65e981a882afcb05d41939197da3465b6f,AXS,-0.00019969254
0x98e41d65e981a882afcb05d41939197da3465b6f,BAL,0.0035261493
0x98e41d65e981a882afcb05d41939197da3465b6f,BCH,0.016690278
0x98e41d65e981a882afcb05d41939197da3465b6f,BLUR,-0.0009916604
0x98e41d65e981a882afcb05d41939197da3465b6f,BNB,-0.020777946
0x98e41d65e981a882afcb05d41939197da3465b6f,BONK,-0.009853447
0x98e41d65e981a882afcb05d41939197da3465b6f,BTC,-0.03423314
0x98e41d65e981a882afcb05d41939197da3465b6f,C98,0.012165169
0x98e41d65e981a882afcb05d41939197da3465b6f,CAKE,-0.007192438
0x98e41d65e981a882afcb05d41939197da3465b6f,COMP,0.0019257106
0x98e41d65e981a882afcb05d41939197da3465b6f,CRV,0.0017097552
0x98e41d65e981a882afcb05d41939197da3465b6f,CVX,0.00093557633
0x98e41d65e981a882afcb05d41939197da3465b6f,DAI,0.013080653
0x98e41d65e981a882afcb05d41939197da3465b6f,DAO,0.008436543
0x98e41d65e981a882afcb05d41939197da3465b6f,DOGE,0.008385865
0x98e41d65e981a882afcb05d41939197da3465b6f,DOT,0.0525579
0x98e41d65e981a882afcb05d41939197da3465b6f,DYDX,-0.013039026
0x98e41d65e981a882afcb05d41939197da3465b6f,EOS,0.000040321214
0x98e41d65e981a882afcb05d41939197da3465b6f,ETC,-0.022896906
0x98e41d65e981a882afcb05d41939197da3465b6f,ETH,-0.028313844
0x98e41d65e981a882afcb05d41939197da3465b6f,FET,-0.006976397
0x98e41d65e981a882afcb05d41939197da3465b6f,FIL,0.0012927463
0x98e41d65e981a882afcb05d41939197da3465b6f,FRAX,0.013829731
0x98e41d65e981a882afcb05d41939197da3465b6f,FTM,0.00059456355
0x98e41d65e981a882afcb05d41939197da3465b6f,FXS,0.04430103
0x98e41d65e981a882afcb05d41939197da3465b6f,GRT,0.004659195
0x98e41d65e981a882afcb05d41939197da3465b6f,HAI,0.0020551349
0x98e41d65e981a882afcb05d41939197da3465b6f,HERO,-0.00013613247
0x98e41d65e981a882afcb05d41939197da3465b6f,ICP,-0.014817085
0x98e41d65e981a882afcb05d41939197da3465b6f,IMX,-0.011304344
0x98e41d65e981a882afcb05d41939197da3465b6f,INJ,0.015009001
0x98e41d65e981a882afcb05d41939197da3465b6f,LDO,-0.0013427204
0x98e41d65e981a882afcb05d41939197da3465b6f,LINK,0.0030216186
0x98e41d65e981a882afcb05d41939197da3465b6f,LTC,-0.03539874
0x98e41d65e981a882afcb05d41939197da3465b6f,MATIC,0.007915284
0x98e41d65e981a882afcb05d41939197da3465b6f,MAV,-0.020843165
0x98e41d65e981a882afcb05d41939197da3465b6f,MBOX,-0.01563943
0x98e41d65e981a882afcb05d41939197da3465b6f,MKR,0.0016935981
0x98e41d65e981a882afcb05d41939197da3465b6f,MOON,0.009095594
0x98e41d65e981a882afcb05d41939197da3465b6f,NEAR,-0.020258859
0x98e41d65e981a882afcb05d41939197da3465b6f,OP,-0.03753705
0x98e41d65e981a882afcb05d41939197da3465b6f,PENDLE,-0.03956987
0x98e41d65e981a882afcb05d41939197da3465b6f,PEPE,0.008048899
0x98e41d65e981a882afcb05d41939197da3465b6f,PERP,-0.0052664396
0x98e41d65e981a882afcb05d41939197da3465b6f,PIT,0.0016458451
0x98e41d65e981a882afcb05d41939197da3465b6f,POLS,0.0109213125
0x98e41d65e981a882afcb05d41939197da3465b6f,PYTH,-0.016562482
0x98e41d65e981a882afcb05d41939197da3465b6f,QUACK,-0.0050232667
0x98e41d65e981a882afcb05d41939197da3465b6f,RDNT,-0.00013633922
0x98e41d65e981a882afcb05d41939197da3465b6f,RNDR,-0.02737075
0x98e41d65e981a882afcb05d41939197da3465b6f,RPL,-0.014784624
0x98e41d65e981a882afcb05d41939197da3465b6f,RUNE,-0.010251147
0x98e41d65e981a882afcb05d41939197da3465b6f,SFP,0.0050652064
0x98e41d65e981a882afcb05d41939197da3465b6f,SFUND,-0.004397245
0x98e41d65e981a882afcb05d41939197da3465b6f,SHIB,0.0021799118
0x98e41d65e981a882afcb05d41939197da3465b6f,SOL,0.047481075
0x98e41d65e981a882afcb05d41939197da3465b6f,STG,-0.008188869
0x98e41d65e981a882afcb05d41939197da3465b6f,SUI,0.002015106
0x98e41d65e981a882afcb05d41939197da3465b6f,SUSHI,-0.016001485
0x98e41d65e981a882afcb05d41939197da3465b6f,TIA,0.013551262
0x98e41d65e981a882afcb05d41939197da3465b6f,TOKEN,-0.004793951
0x98e41d65e981a882afcb05d41939197da3465b6f,TRX,0.053483557
0x98e41d65e981a882afcb05d41939197da3465b6f,UNI,0.011395617
0x98e41d65e981a882afcb05d41939197da3465b6f,USDT,0.0026090906
0x98e41d65e981a882afcb05d41939197da3465b6f,XLM,-0.0031561742
0x98e41d65e981a882afcb05d41939197da3465b6f,XMR,-0.001260882
0x98e41d65e981a882afcb05d41939197da3465b6f,XRP,0.043979228
0x98e41d65e981a882afcb05d41939197da3465b6f,XTZ,0.030697616
0x98e41d65e981a882afcb05d41939197da3465b6f,XVS,-0.015824832
0x98e41d65e981a882afcb05d41939197da3465b6f,YFI,-0.00033751028
0x9aa5c9c4a500ee3bd06798a0fa415298e63412ac,AAVE,-0.1157971
0x9aa5c9c4a500ee3bd06798a0fa415298e63412ac,ADA,0.01599112
0x9aa5c9c4a500ee3bd06798a0fa415298e63412ac,ALGO,-0.031716526
0x9aa5c9c4a500ee3bd06798a0fa415298e63412ac,APE,-0.015974233
0x9aa5c9c4a500ee3bd06798a0fa415298e63412ac,APT,-0.061361
0x9aa5c9c4a500ee3bd06798a0fa415298e63412ac,ATOM,0.012521583
0x9aa5c9c4a500ee3bd06798a0fa415298e63412ac,AVAX,-0.10205031
0x9aa5c9c4a500ee3bd06798a0fa415298e63412ac,AXS,0.020000296
0x9aa5c9c4a500ee3bd06798a0fa415298e63412ac,BAL,0.026389385
0x9aa5c9c4a500ee3bd06798a0fa415298e63412ac,BCH,-0.021131497
0x9aa5c9c4a500ee3bd06798a0fa415298e63412ac,BLUR,-0.043767486
0x9aa5c9c4a500ee3bd06798a0fa415298e63412ac,BNB,0.054816175
0x9aa5c9c4a500ee3bd06798a0fa415298e63412ac,BONK,-0.07385853
0x9aa5c9c4a500ee3bd06798a0fa415298e63412ac,BTC,-0.01773413
0x9aa5c9c4a500ee3bd06798a0fa415298e63412ac,C98,-0.02343067
0x9aa5c9c4a500ee3bd06798a0fa415298e63412ac,CAKE,-0.027211603
0x9aa5c9c4a500ee3bd06798a0fa415298e63412ac,COMP,-0.030051295
0x9aa5c9c4a500ee3bd06798a0fa415298e63412ac,CRV,-0.09488591
0x9aa5c9c4a500ee3bd06798a0fa415298e63412ac,CVX,-0.046847656
0x9aa5c9c4a500ee3bd06798a0fa415298e63412ac,DAI,0.036640607
0x9aa5c9c4a500ee3bd06798a0fa415298e63412ac,DAO,0.013053805
0x9aa5c9c4a500ee3bd06798a0fa415298e63412ac,DOGE,-0.004739103
0x9aa5c9c4a500ee3bd06798a0fa415298e63412ac,DOT,0.016689096
0x9aa5c9c4a500ee3bd06798a0fa415298e63412ac,DYDX,-0.018760297
0x9aa5c9c4a500ee3bd06798a0fa415298e63412ac,EOS,0.022188673
0x9aa5c9c4a500ee3bd06798a0fa415298e63412ac,ETC,0.0638494
0x9aa5c9c4a500ee3bd06798a0fa415298e63412ac,ETH,0.019977516
0x9aa5c9c4a500ee3bd06798a0fa415298e63412ac,FET,-0.25717217
0x9aa5c9c4a500ee3bd06798a0fa415298e63412ac,FIL,0.013409491
0x9aa5c9c4a500ee3bd06798a0fa415298e63412ac,FRAX,0.007908831
0x9aa5c9c4a500ee3bd06798a0fa415298e63412ac,FTM,-0.14302477
0x9aa5c9c4a500ee3bd06798a0fa415298e63412ac,FXS,-0.018823683
0x9aa5c9c4a500ee3bd06798a0fa415298e63412ac,GRT,-0.036906034
0x9aa5c9c4a500ee3bd06798a0fa415298e63412ac,HAI,-0.009904414
0x9aa5c9c4a500ee3bd06798a0fa415298e63412ac,HERO,0.024968825
0x9aa5c9c4a500ee3bd06798a0fa415298e63412ac,ICP,-0.016551573
0x9aa5c9c4a500ee3bd06798a0fa415298e63412ac,IMX,-0.14605919
0x9aa5c9c4a500ee3bd06798a0fa415298e63412ac,INJ,-0.052160632
0x9aa5c9c4a500ee3bd06798a0fa415298e63412ac,LDO,-0.031058583
0x9aa5c9c4a500ee3bd06798a0fa415298e63412ac,LINK,0.027329767
0x9aa5c9c4a500ee3bd06798a0fa415298e63412ac,LTC,0.0064546373
0x9aa5c9c4a500ee3bd06798a0fa415298e63412ac,MATIC,-0.049522407
0x9aa5c9c4a500ee3bd06798a0fa415298e63412ac,MAV,-0.12470501
0x9aa5c9c4a500ee3bd06798a0fa415298e63412ac,MBOX,-0.053722903
0x9aa5c9c4a500ee3bd06798a0fa415298e63412ac,MKR,-0.0059322473
0x9aa5c9c4a500ee3bd06798a0fa415298e63412ac,MOON,0.088260986
0x9aa5c9c4a500ee3bd06798a0fa415298e63412ac,NEAR,-0.07358363
0x9aa5c9c4a500ee3bd06798a0fa415298e63412ac,OP,0.022160616
0x9aa5c9c4a500ee3bd06798a0fa415298e63412ac,PENDLE,-0.10605719
0x9aa5c9c4a500ee3bd06798a0fa415298e63412ac,PEPE,-0.07895979
0x9aa5c9c4a500ee3bd06798a0fa415298e63412ac,PERP,-0.021448541
0x9aa5c9c4a500ee3bd06798a0fa415298e63412ac,PIT,0.005672123
0x9aa5c9c4a500ee3bd06798a0fa415298e63412ac,POLS,-0.012908699
0x9aa5c9c4a500ee3bd06798a0fa415298e63412ac,PYTH,-0.013534606
0x9aa5c9c4a500ee3bd06798a0fa415298e63412ac,QUACK,0.044651546
0x9aa5c9c4a500ee3bd06798a0fa415298e63412ac,RDNT,-0.011186617
0x9aa5c9c4a500ee3bd06798a0fa415298e63412ac,RNDR,-0.2739866
0x9aa5c9c4a500ee3bd06798a0fa415298e63412ac,RPL,-0.045093533
0x9aa5c9c4a500ee3bd06798a0fa415298e63412ac,RUNE,-0.08485371
0x9aa5c9c4a500ee3bd06798a0fa415298e63412ac,SFP,0.0049987547
0x9aa5c9c4a500ee3bd06798a0fa415298e63412ac,SFUND,0.019302113
0x9aa5c9c4a500ee3bd06798a0fa415298e63412ac,SHIB,-0.010356537
0x9aa5c9c4a500ee3bd06798a0fa415298e63412ac,SOL,0.010683826
0x9aa5c9c4a500ee3bd06798a0fa415298e63412ac,STG,0.01052475
0x9aa5c9c4a500ee3bd06798a0fa415298e63412ac,SUI,-0.079484046
0x9aa5c9c4a500ee3bd06798a0fa415298e63412ac,SUSHI,-0.003714686
0x9aa5c9c4a500ee3bd06798a0fa415298e63412ac,TIA,-0.036823027
0x9aa5c9c4a500ee3bd06798a0fa415298e63412ac,TOKEN,-0.026298914
0x9aa5c9c4a500ee3bd06798a0fa415298e63412ac,TRX,0.0012995104
0x9aa5c9c4a500ee3bd06798a0fa415298e63412ac,UNI,0.018218787
0x9aa5c9c4a500ee3bd06798a0fa415298e63412ac,USDT,0.00463296
0x9aa5c9c4a500ee3bd06798a0fa415298e63412ac,XLM,-0.012127385
0x9aa5c9c4a500ee3bd06798a0fa415298e63412ac,XMR,0.08293657
0x9aa5c9c4a500ee3bd06798a0fa415298e63412ac,XRP,0.021248737
0x9aa5c9c4a500ee3bd06798a0fa415298e63412ac,XTZ,-0.008166805
0x9aa5c9c4a500ee3bd06798a0fa415298e63412ac,XVS,-0.006045533
0x9aa5c9c4a500ee3bd06798a0fa415298e63412ac,YFI,0.029261941
0x9c40349fbbb3fdca0dbb8d5a9ec1063476288a01,AAVE,-0.0705528124307756
0x9c40349fbbb3fdca0dbb8d5a9ec1063476288a01,ADA,0.0673359541930766
0x9c40349fbbb3fdca0dbb8d5a9ec1063476288a01,ALGO,-0.0293791434148331
0x9c40349fbbb3fdca0dbb8d5a9ec1063476288a01,APE,-0.1549495040565102
0x9c40349fbbb3fdca0dbb8d5a9ec1063476288a01,APT,-0.0867914140143631
0x9c40349fbbb3fdca0dbb8d5a9ec1063476288a01,ATOM,-0.0517564420441146
0x9c40349fbbb3fdca0dbb8d5a9ec1063476288a01,AVAX,0.1523328241232123
0x9c40349fbbb3fdca0dbb8d5a9ec1063476288a01,AXS,0.2018692855937981
0x9c40349fbbb3fdca0dbb8d5a9ec1063476288a01,BAL,-0.1433096490229322
0x9c40349fbbb3fdca0dbb8d5a9ec1063476288a01,BCH,0.2084830809783745
0x9c40349fbbb3fdca0dbb8d5a9ec1063476288a01,BLUR,-0.025056114055438
0x9c40349fbbb3fdca0dbb8d5a9ec1063476288a01,BNB,0.017828145957002
0x9c40349fbbb3fdca0dbb8d5a9ec1063476288a01,BONK,0.2517164729948585
0x9c40349fbbb3fdca0dbb8d5a9ec1063476288a01,BTC,-0.1002825856243083
0x9c40349fbbb3fdca0dbb8d5a9ec1063476288a01,C98,-0.1535553288618393
0x9c40349fbbb3fdca0dbb8d5a9ec1063476288a01,CAKE,0.1818295738981677
0x9c40349fbbb3fdca0dbb8d5a9ec1063476288a01,COMP,0.0127269807778098
0x9c40349fbbb3fdca0dbb8d5a9ec1063476288a01,CRV,0.0362413944979269
0x9c40349fbbb3fdca0dbb8d5a9ec1063476288a01,CVX,-0.1422632005912394
0x9c40349fbbb3fdca0dbb8d5a9ec1063476288a01,DAI,0.0025450566826955
0x9c40349fbbb3fdca0dbb8d5a9ec1063476288a01,DAO,-0.1262200183921102
0x9c40349fbbb3fdca0dbb8d5a9ec1063476288a01,DOGE,0.8430449138210709
0x9c40349fbbb3fdca0dbb8d5a9ec1063476288a01,DOT,0.0187527796592479
0x9c40349fbbb3fdca0dbb8d5a9ec1063476288a01,DYDX,-0.1419794865687068
0x9c40349fbbb3fdca0dbb8d5a9ec1063476288a01,EOS,-0.1337951180162304
0x9c40349fbbb3fdca0dbb8d5a9ec1063476288a01,ETC,0.3590679181751526
0x9c40349fbbb3fdca0dbb8d5a9ec1063476288a01,ETH,-0.0541910006619701
0x9c40349fbbb3fdca0dbb8d5a9ec1063476288a01,FET,0.0060928378984487
0x9c40349fbbb3fdca0dbb8d5a9ec1063476288a01,FIL,0.1207085216072194
0x9c40349fbbb3fdca0dbb8d5a9ec1063476288a01,FRAX,-0.001080783736508
0x9c40349fbbb3fdca0dbb8d5a9ec1063476288a01,FTM,0.1422115965932301
0x9c40349fbbb3fdca0dbb8d5a9ec1063476288a01,FXS,-0.083677952850133
0x9c40349fbbb3fdca0dbb8d5a9ec1063476288a01,GRT,-0.1657590038082371
0x9c40349fbbb3fdca0dbb8d5a9ec1063476288a01,HAI,0.0356900064533097
0x9c40349fbbb3fdca0dbb8d5a9ec1063476288a01,HERO,0.0663821342299244
0x9c40349fbbb3fdca0dbb8d5a9ec1063476288a01,ICP,0.144205598611589
0x9c40349fbbb3fdca0dbb8d5a9ec1063476288a01,IMX,0.0075014693267281
0x9c40349fbbb3fdca0dbb8d5a9ec1063476288a01,INJ,-0.0765819187379885
0x9c40349fbbb3fdca0dbb8d5a9ec1063476288a01,LDO,0.2456886963401878
0x9c40349fbbb3fdca0dbb8d5a9ec1063476288a01,LINK,0.0416484845342415
0x9c40349fbbb3fdca0dbb8d5a9ec1063476288a01,LTC,-0.1256704655233947
0x9c40349fbbb3fdca0dbb8d5a9ec1063476288a01,MATIC,-0.0236814721816259
0x9c40349fbbb3fdca0dbb8d5a9ec1063476288a01,MAV,-0.1308066966779849
0x9c40349fbbb3fdca0dbb8d5a9ec1063476288a01,MBOX,-0.0735793945809991
0x9c40349fbbb3fdca0dbb8d5a9ec1063476288a01,MKR,0.1449976442572912
0x9c40349fbbb3fdca0dbb8d5a9ec1063476288a01,MOON,0.2067227920232016
0x9c40349fbbb3fdca0dbb8d5a9ec1063476288a01,NEAR,-0.0502967122912869
0x9c40349fbbb3fdca0dbb8d5a9ec1063476288a01,OP,0.0684545339819365
0x9c40349fbbb3fdca0dbb8d5a9ec1063476288a01,PENDLE,-0.0421497290257323
0x9c40349fbbb3fdca0dbb8d5a9ec1063476288a01,PEPE,0.8760934782285854
0x9c40349fbbb3fdca0dbb8d5a9ec1063476288a01,PERP,0.0974477573859853
0x9c40349fbbb3fdca0dbb8d5a9ec1063476288a01,PIT,0.0740936722316021
0x9c40349fbbb3fdca0dbb8d5a9ec1063476288a01,POLS,-0.0828178671128349
0x9c40349fbbb3fdca0dbb8d5a9ec1063476288a01,PYTH,-0.0667057008428591
0x9c40349fbbb3fdca0dbb8d5a9ec1063476288a01,QUACK,-0.0436318201466741
0x9c40349fbbb3fdca0dbb8d5a9ec1063476288a01,RDNT,-0.1704417896450269
0x9c40349fbbb3fdca0dbb8d5a9ec1063476288a01,RNDR,0.0556603801694354
0x9c40349fbbb3fdca0dbb8d5a9ec1063476288a01,RPL,0.1626361530248476
0x9c40349fbbb3fdca0dbb8d5a9ec1063476288a01,RUNE,-0.0290499775503527
0x9c40349fbbb3fdca0dbb8d5a9ec1063476288a01,SFP,-0.0304917571815879
0x9c40349fbbb3fdca0dbb8d5a9ec1063476288a01,SFUND,0.1185642900359004
0x9c40349fbbb3fdca0dbb8d5a9ec1063476288a01,SHIB,0.4991872683331639
0x9c40349fbbb3fdca0dbb8d5a9ec1063476288a01,SOL,-0.1163401201080327
0x9c40349fbbb3fdca0dbb8d5a9ec1063476288a01,STG,-0.0534902651084669
0x9c40349fbbb3fdca0dbb8d5a9ec1063476288a01,SUI,0.0557393938365343
0x9c40349fbbb3fdca0dbb8d5a9ec1063476288a01,SUSHI,-0.0688399846890474
0x9c40349fbbb3fdca0dbb8d5a9ec1063476288a01,TIA,-0.0718242820437421
0x9c40349fbbb3fdca0dbb8d5a9ec1063476288a01,TOKEN,0.1318246074756077
0x9c40349fbbb3fdca0dbb8d5a9ec1063476288a01,TRX,0.0985351469157613
0x9c40349fbbb3fdca0dbb8d5a9ec1063476288a01,UNI,-0.1196358900286127
0x9c40349fbbb3fdca0dbb8d5a9ec1063476288a01,USDT,0.0005009005904788
0x9c40349fbbb3fdca0dbb8d5a9ec1063476288a01,XLM,0.073725005463565
0x9c40349fbbb3fdca0dbb8d5a9ec1063476288a01,XMR,-0.0400519254501861
0x9c40349fbbb3fdca0dbb8d5a9ec1063476288a01,XRP,0.0693597507832174
0x9c40349fbbb3fdca0dbb8d5a9ec1063476288a01,XTZ,-0.0888864309219311
0x9c40349fbbb3fdca0dbb8d5a9ec1063476288a01,XVS,-0.1328640409401831
0x9c40349fbbb3fdca0dbb8d5a9ec1063476288a01,YFI,-0.0894624017757647
0xa16a483a18f00a00b14b93438e8ad21f485b382f,AAVE,0.07319922
0xa16a483a18f00a00b14b93438e8ad21f485b382f,ADA,0.006277062
0xa16a483a18f00a00b14b93438e8ad21f485b382f,ALGO,0.0176661
0xa16a483a18f00a00b14b93438e8ad21f485b382f,APE,0.01154352
0xa16a483a18f00a00b14b93438e8ad21f485b382f,APT,-0.019421136
0xa16a483a18f00a00b14b93438e8ad21f485b382f,ATOM,0.0022610272
0xa16a483a18f00a00b14b93438e8ad21f485b382f,AVAX,0.04469655
0xa16a483a18f00a00b14b93438e8ad21f485b382f,AXS,0.007051746
0xa16a483a18f00a00b14b93438e8ad21f485b382f,BAL,0.00514719
0xa16a483a18f00a00b14b93438e8ad21f485b382f,BCH,0.013862889
0xa16a483a18f00a00b14b93438e8ad21f485b382f,BLUR,0.0001575709
0xa16a483a18f00a00b14b93438e8ad21f485b382f,BNB,0.0062070666
0xa16a483a18f00a00b14b93438e8ad21f485b382f,BONK,-0.0024021976
0xa16a483a18f00a00b14b93438e8ad21f485b382f,BTC,-0.07269948
0xa16a483a18f00a00b14b93438e8ad21f485b382f,C98,0.02275075
0xa16a483a18f00a00b14b93438e8ad21f485b382f,CAKE,-0.0018366808
0xa16a483a18f00a00b14b93438e8ad21f485b382f,COMP,0.007942268
0xa16a483a18f00a00b14b93438e8ad21f485b382f,CRV,-0.0015441634
0xa16a483a18f00a00b14b93438e8ad21f485b382f,CVX,-0.0025011469
0xa16a483a18f00a00b14b93438e8ad21f485b382f,DAI,0.0020905691
0xa16a483a18f00a00b14b93438e8ad21f485b382f,DAO,0.0030344885
0xa16a483a18f00a00b14b93438e8ad21f485b382f,DOGE,-0.0019141632
0xa16a483a18f00a00b14b93438e8ad21f485b382f,DOT,0.09432148
0xa16a483a18f00a00b14b93438e8ad21f485b382f,DYDX,0.00015164442
0xa16a483a18f00a00b14b93438e8ad21f485b382f,EOS,0.021510245
0xa16a483a18f00a00b14b93438e8ad21f485b382f,ETC,0.01072085
0xa16a483a18f00a00b14b93438e8ad21f485b382f,ETH,0.04120629
0xa16a483a18f00a00b14b93438e8ad21f485b382f,FET,0.003057583
0xa16a483a18f00a00b14b93438e8ad21f485b382f,FIL,0.020019796
0xa16a483a18f00a00b14b93438e8ad21f485b382f,FRAX,0.053728614
0xa16a483a18f00a00b14b93438e8ad21f485b382f,FTM,-0.009252466
0xa16a483a18f00a00b14b93438e8ad21f485b382f,FXS,0.0060368865
0xa16a483a18f00a00b14b93438e8ad21f485b382f,GRT,0.010303948
0xa16a483a18f00a00b14b93438e8ad21f485b382f,HAI,-0.014677167
0xa16a483a18f00a00b14b93438e8ad21f485b382f,HERO,-0.00019798333
0xa16a483a18f00a00b14b93438e8ad21f485b382f,ICP,-0.003625751
0xa16a483a18f00a00b14b93438e8ad21f485b382f,IMX,0.0030705922
0xa16a483a18f00a00b14b93438e8ad21f485b382f,INJ,0.02797588
0xa16a483a18f00a00b14b93438e8ad21f485b382f,LDO,0.017081082
0xa16a483a18f00a00b14b93438e8ad21f485b382f,LINK,0.007224868
0xa16a483a18f00a00b14b93438e8ad21f485b382f,LTC,-0.0116429115
0xa16a483a18f00a00b14b93438e8ad21f485b382f,MATIC,0.013853245
0xa16a483a18f00a00b14b93438e8ad21f485b382f,MAV,0.007997792
0xa16a483a18f00a00b14b93438e8ad21f485b382f,MBOX,0.0022719647
0xa16a483a18f00a00b14b93438e8ad21f485b382f,MKR,-0.0051232353
0xa16a483a18f00a00b14b93438e8ad21f485b382f,MOON,0.0042608473
0xa16a483a18f00a00b14b93438e8ad21f485b382f,NEAR,-0.027572045
0xa16a483a18f00a00b14b93438e8ad21f485b382f,OP,-0.0048916605
0xa16a483a18f00a00b14b93438e8ad21f485b382f,PENDLE,-0.030253038
0xa16a483a18f00a00b14b93438e8ad21f485b382f,PEPE,-0.004406949
0xa16a483a18f00a00b14b93438e8ad21f485b382f,PERP,0.010848726
0xa16a483a18f00a00b14b93438e8ad21f485b382f,PIT,0.03184699
0xa16a483a18f00a00b14b93438e8ad21f485b382f,POLS,0.008571902
0xa16a483a18f00a00b14b93438e8ad21f485b382f,PYTH,0.0010730614
0xa16a483a18f00a00b14b93438e8ad21f485b382f,QUACK,0.003741584
0xa16a483a18f00a00b14b93438e8ad21f485b382f,RDNT,0.009143188
0xa16a483a18f00a00b14b93438e8ad21f485b382f,RNDR,0.028461404
0xa16a483a18f00a00b14b93438e8ad21f485b382f,RPL,0.011601095
0xa16a483a18f00a00b14b93438e8ad21f485b382f,RUNE,-0.020318065
0xa16a483a18f00a00b14b93438e8ad21f485b382f,SFP,0.017451106
0xa16a483a18f00a00b14b93438e8ad21f485b382f,SFUND,-0.00040823163
0xa16a483a18f00a00b14b93438e8ad21f485b382f,SHIB,0.016991453
0xa16a483a18f00a00b14b93438e8ad21f485b382f,SOL,0.013927238
0xa16a483a18f00a00b14b93438e8ad21f485b382f,STG,0.0020408814
0xa16a483a18f00a00b14b93438e8ad21f485b382f,SUI,-0.019825006
0xa16a483a18f00a00b14b93438e8ad21f485b382f,SUSHI,0.003064098
0xa16a483a18f00a00b14b93438e8ad21f485b382f,TIA,0.002422995
0xa16a483a18f00a00b14b93438e8ad21f485b382f,TOKEN,-0.0013388514
0xa16a483a18f00a00b14b93438e8ad21f485b382f,TRX,0.0020153415
0xa16a483a18f00a00b14b93438e8ad21f485b382f,UNI,0.035801668
0xa16a483a18f00a00b14b93438e8ad21f485b382f,USDT,-0.0046652453
0xa16a483a18f00a00b14b93438e8ad21f485b382f,XLM,0.00019608246
0xa16a483a18f00a00b14b93438e8ad21f485b382f,XMR,-0.00078034797
0xa16a483a18f00a00b14b93438e8ad21f485b382f,XRP,0.01157826
0xa16a483a18f00a00b14b93438e8ad21f485b382f,XTZ,0.00801115
0xa16a483a18f00a00b14b93438e8ad21f485b382f,XVS,-0.011851158
0xa16a483a18f00a00b14b93438e8ad21f485b382f,YFI,0.0071962774
0xb294a5316e76e84649a3b8ff0ff6ef9788595bed,AAVE,0.0007970333
0xb294a5316e76e84649a3b8ff0ff6ef9788595bed,ADA,0.008497715
0xb294a5316e76e84649a3b8ff0ff6ef9788595bed,ALGO,-0.00039291382
0xb294a5316e76e84649a3b8ff0ff6ef9788595bed,APE,-0.0047683716
0xb294a5316e76e84649a3b8ff0ff6ef9788595bed,APT,-0.0031042695
0xb294a5316e76e84649a3b8ff0ff6ef9788595bed,ATOM,0.0013165474
0xb294a5316e76e84649a3b8ff0ff6ef9788595bed,AVAX,0.0012521744
0xb294a5316e76e84649a3b8ff0ff6ef9788595bed,AXS,0.001957178
0xb294a5316e76e84649a3b8ff0ff6ef9788595bed,BAL,-0.0011030436
0xb294a5316e76e84649a3b8ff0ff6ef9788595bed,BCH,0.009320378
0xb294a5316e76e84649a3b8ff0ff6ef9788595bed,BLUR,-0.0005197525
0xb294a5316e76e84649a3b8ff0ff6ef9788595bed,BNB,0.0011206865
0xb294a5316e76e84649a3b8ff0ff6ef9788595bed,BONK,0.0009120703
0xb294a5316e76e84649a3b8ff0ff6ef9788595bed,BTC,0.0012708902
0xb294a5316e76e84649a3b8ff0ff6ef9788595bed,C98,0.000059843063
0xb294a5316e76e84649a3b8ff0ff6ef9788595bed,CAKE,0.0042358637
0xb294a5316e76e84649a3b8ff0ff6ef9788595bed,COMP,0.002547264
0xb294a5316e76e84649a3b8ff0ff6ef9788595bed,CRV,0.0047587156
0xb294a5316e76e84649a3b8ff0ff6ef9788595bed,CVX,0.0012140274
0xb294a5316e76e84649a3b8ff0ff6ef9788595bed,DAI,0.004842639
0xb294a5316e76e84649a3b8ff0ff6ef9788595bed,DAO,0.00681746
0xb294a5316e76e84649a3b8ff0ff6ef9788595bed,DOGE,0.0021599531
0xb294a5316e76e84649a3b8ff0ff6ef9788595bed,DOT,0.0005031824
0xb294a5316e76e84649a3b8ff0ff6ef9788595bed,DYDX,-0.00636214
0xb294a5316e76e84649a3b8ff0ff6ef9788595bed,EOS,0.0057834387
0xb294a5316e76e84649a3b8ff0ff6ef9788595bed,ETC,0.012114048
0xb294a5316e76e84649a3b8ff0ff6ef9788595bed,ETH,0.0040284395
0xb294a5316e76e84649a3b8ff0ff6ef9788595bed,FET,0.004813671
0xb294a5316e76e84649a3b8ff0ff6ef9788595bed,FIL,0.005206704
0xb294a5316e76e84649a3b8ff0ff6ef9788595bed,FRAX,0.005444765
0xb294a5316e76e84649a3b8ff0ff6ef9788595bed,FTM,-0.00080025196
0xb294a5316e76e84649a3b8ff0ff6ef9788595bed,FXS,0.0020005703
0xb294a5316e76e84649a3b8ff0ff6ef9788595bed,GRT,0.011567473
0xb294a5316e76e84649a3b8ff0ff6ef9788595bed,HAI,-0.0008844137
0xb294a5316e76e84649a3b8ff0ff6ef9788595bed,HERO,-0.000114798546
0xb294a5316e76e84649a3b8ff0ff6ef9788595bed,ICP,-0.00041407347
0xb294a5316e76e84649a3b8ff0ff6ef9788595bed,IMX,0.0016257763
0xb294a5316e76e84649a3b8ff0ff6ef9788595bed,INJ,0.0039134026
0xb294a5316e76e84649a3b8ff0ff6ef9788595bed,LDO,0.005620599
0xb294a5316e76e84649a3b8ff0ff6ef9788595bed,LINK,0.0032695532
0xb294a5316e76e84649a3b8ff0ff6ef9788595bed,LTC,0.0016525984
0xb294a5316e76e84649a3b8ff0ff6ef9788595bed,MATIC,0.01167047
0xb294a5316e76e84649a3b8ff0ff6ef9788595bed,MAV,0.0048686266
0xb294a5316e76e84649a3b8ff0ff6ef9788595bed,MBOX,-0.00026506186
0xb294a5316e76e84649a3b8ff0ff6ef9788595bed,MKR,-0.0023228526
0xb294a5316e76e84649a3b8ff0ff6ef9788595bed,MOON,0.0060691833
0xb294a5316e76e84649a3b8ff0ff6ef9788595bed,NEAR,0.00058460236
0xb294a5316e76e84649a3b8ff0ff6ef9788595bed,OP,0.011903644
0xb294a5316e76e84649a3b8ff0ff6ef9788595bed,PENDLE,0.0050634146
0xb294a5316e76e84649a3b8ff0ff6ef9788595bed,PEPE,0.006144285
0xb294a5316e76e84649a3b8ff0ff6ef9788595bed,PERP,-0.00993675
0xb294a5316e76e84649a3b8ff0ff6ef9788595bed,PIT,0.0000023841858
0xb294a5316e76e84649a3b8ff0ff6ef9788595bed,POLS,0.001963973
0xb294a5316e76e84649a3b8ff0ff6ef9788595bed,PYTH,-0.000058591366
0xb294a5316e76e84649a3b8ff0ff6ef9788595bed,QUACK,0.0070837736
0xb294a5316e76e84649a3b8ff0ff6ef9788595bed,RDNT,0.0007838011
0xb294a5316e76e84649a3b8ff0ff6ef9788595bed,RNDR,-0.00015038252
0xb294a5316e76e84649a3b8ff0ff6ef9788595bed,RPL,0.00067973137
0xb294a5316e76e84649a3b8ff0ff6ef9788595bed,RUNE,0.00024473667
0xb294a5316e76e84649a3b8ff0ff6ef9788595bed,SFP,-0.0034939647
0xb294a5316e76e84649a3b8ff0ff6ef9788595bed,SFUND,-0.00022220612
0xb294a5316e76e84649a3b8ff0ff6ef9788595bed,SHIB,0.008322597
0xb294a5316e76e84649a3b8ff0ff6ef9788595bed,SOL,0.005104542
0xb294a5316e76e84649a3b8ff0ff6ef9788595bed,STG,0.0031881332
0xb294a5316e76e84649a3b8ff0ff6ef9788595bed,SUI,0.0016645193
0xb294a5316e76e84649a3b8ff0ff6ef9788595bed,SUSHI,-0.00048792362
0xb294a5316e76e84649a3b8ff0ff6ef9788595bed,TIA,0.0014487505
0xb294a5316e76e84649a3b8ff0ff6ef9788595bed,TOKEN,-0.002513349
0xb294a5316e76e84649a3b8ff0ff6ef9788595bed,TRX,0.00028431416
0xb294a5316e76e84649a3b8ff0ff6ef9788595bed,UNI,0.0022035837
0xb294a5316e76e84649a3b8ff0ff6ef9788595bed,USDT,0.002068758
0xb294a5316e76e84649a3b8ff0ff6ef9788595bed,XLM,0.011144161
0xb294a5316e76e84649a3b8ff0ff6ef9788595bed,XMR,0.0055681467
0xb294a5316e76e84649a3b8ff0ff6ef9788595bed,XRP,0.00017738342
0xb294a5316e76e84649a3b8ff0ff6ef9788595bed,XTZ,0.0020354986
0xb294a5316e76e84649a3b8ff0ff6ef9788595bed,XVS,0.00025987625
0xb294a5316e76e84649a3b8ff0ff6ef9788595bed,YFI,-0.00012999773
0xb7ece21c962697a3194c0b6e4b81db54433055ab,AAVE,-0.0101309308805211
0xb7ece21c962697a3194c0b6e4b81db54433055ab,ADA,-0.0089852838251459
0xb7ece21c962697a3194c0b6e4b81db54433055ab,ALGO,-0.0087361496073029
0xb7ece21c962697a3194c0b6e4b81db54433055ab,APE,-0.0039834032111905
0xb7ece21c962697a3194c0b6e4b81db54433055ab,APT,-0.0112952114879459
0xb7ece21c962697a3194c0b6e4b81db54433055ab,ATOM,-0.0006478267771658
0xb7ece21c962697a3194c0b6e4b81db54433055ab,AVAX,-0.0093523483177273
0xb7ece21c962697a3194c0b6e4b81db54433055ab,AXS,-0.0014802211777459
0xb7ece21c962697a3194c0b6e4b81db54433055ab,BAL,-0.0021673793506514
0xb7ece21c962697a3194c0b6e4b81db54433055ab,BCH,0.000907266430422
0xb7ece21c962697a3194c0b6e4b81db54433055ab,BLUR,-0.0068115746894185
0xb7ece21c962697a3194c0b6e4b81db54433055ab,BNB,0.0013487405811595
0xb7ece21c962697a3194c0b6e4b81db54433055ab,BONK,-0.0096724197939951
0xb7ece21c962697a3194c0b6e4b81db54433055ab,BTC,0.0046355091709352
0xb7ece21c962697a3194c0b6e4b81db54433055ab,C98,-0.003547344190229
0xb7ece21c962697a3194c0b6e4b81db54433055ab,CAKE,0.0048497228463894
0xb7ece21c962697a3194c0b6e4b81db54433055ab,COMP,0.0014803788750329
0xb7ece21c962697a3194c0b6e4b81db54433055ab,CRV,-0.0054343149677115
0xb7ece21c962697a3194c0b6e4b81db54433055ab,CVX,-0.0020003243816724
0xb7ece21c962697a3194c0b6e4b81db54433055ab,DAI,-0.0009674681924768
0xb7ece21c962697a3194c0b6e4b81db54433055ab,DAO,-0.0032041461852827
0xb7ece21c962697a3194c0b6e4b81db54433055ab,DOGE,0.0026206928367146
0xb7ece21c962697a3194c0b6e4b81db54433055ab,DOT,0.0011357789574282
0xb7ece21c962697a3194c0b6e4b81db54433055ab,DYDX,-0.0017698533591569
0xb7ece21c962697a3194c0b6e4b81db54433055ab,EOS,-0.0002549649580417
0xb7ece21c962697a3194c0b6e4b81db54433055ab,ETC,-0.0008527920244111
0xb7ece21c962697a3194c0b6e4b81db54433055ab,ETH,-0.001434329668981
0xb7ece21c962697a3194c0b6e4b81db54433055ab,FET,-0.0214766317653667
0xb7ece21c962697a3194c0b6e4b81db54433055ab,FIL,-0.00005729007837925293
0xb7ece21c962697a3194c0b6e4b81db54433055ab,FRAX,0.0039413694844695
0xb7ece21c962697a3194c0b6e4b81db54433055ab,FTM,-0.0163957526066628
0xb7ece21c962697a3194c0b6e4b81db54433055ab,FXS,0.0020874831539683
0xb7ece21c962697a3194c0b6e4b81db54433055ab,GRT,0.0014891841453273
0xb7ece21c962697a3194c0b6e4b81db54433055ab,HAI,-0.0045486299132168
0xb7ece21c962697a3194c0b6e4b81db54433055ab,HERO,-0.0010466117309787
0xb7ece21c962697a3194c0b6e4b81db54433055ab,ICP,0.00132603750231
0xb7ece21c962697a3194c0b6e4b81db54433055ab,IMX,-0.010954356230922
0xb7ece21c962697a3194c0b6e4b81db54433055ab,INJ,0.0003992977734454
0xb7ece21c962697a3194c0b6e4b81db54433055ab,LDO,-0.0032753656537445
0xb7ece21c962697a3194c0b6e4b81db54433055ab,LINK,-0.0050531893154511
0xb7ece21c962697a3194c0b6e4b81db54433055ab,LTC,-0.010227901850537
0xb7ece21c962697a3194c0b6e4b81db54433055ab,MATIC,-0.0084492639433304
0xb7ece21c962697a3194c0b6e4b81db54433055ab,MAV,-0.0170668358681845
0xb7ece21c962697a3194c0b6e4b81db54433055ab,MBOX,-0.0041469118147434
0xb7ece21c962697a3194c0b6e4b81db54433055ab,MKR,-0.0013720029967876
0xb7ece21c962697a3194c0b6e4b81db54433055ab,MOON,0.0006703127924147
0xb7ece21c962697a3194c0b6e4b81db54433055ab,NEAR,-0.016350750329581
0xb7ece21c962697a3194c0b6e4b81db54433055ab,OP,-0.0055188085845429
0xb7ece21c962697a3194c0b6e4b81db54433055ab,PENDLE,-0.0096458389833949
0xb7ece21c962697a3194c0b6e4b81db54433055ab,PEPE,-0.0133916152815057
0xb7ece21c962697a3194c0b6e4b81db54433055ab,PERP,-0.0092573847833225
0xb7ece21c962697a3194c0b6e4b81db54433055ab,PIT,-0.0012737622965551
0xb7ece21c962697a3194c0b6e4b81db54433055ab,POLS,-0.0014004538179385
0xb7ece21c962697a3194c0b6e4b81db54433055ab,PYTH,-0.0028919638649641
0xb7ece21c962697a3194c0b6e4b81db54433055ab,QUACK,-0.0011725008843146
0xb7ece21c962697a3194c0b6e4b81db54433055ab,RDNT,-0.0020134902732916
0xb7ece21c962697a3194c0b6e4b81db54433055ab,RNDR,-0.0245218828441355
0xb7ece21c962697a3194c0b6e4b81db54433055ab,RPL,-0.0059115996320104
0xb7ece21c962697a3194c0b6e4b81db54433055ab,RUNE,-0.0160601487658766
0xb7ece21c962697a3194c0b6e4b81db54433055ab,SFP,-0.0048197369670413
0xb7ece21c962697a3194c0b6e4b81db54433055ab,SFUND,-0.0017416724338835
0xb7ece21c962697a3194c0b6e4b81db54433055ab,SHIB,-0.0001583909992848
0xb7ece21c962697a3194c0b6e4b81db54433055ab,SOL,-0.0144318837414179
0xb7ece21c962697a3194c0b6e4b81db54433055ab,STG,-0.0015498195622777
0xb7ece21c962697a3194c0b6e4b81db54433055ab,SUI,-0.0004883675501505
0xb7ece21c962697a3194c0b6e4b81db54433055ab,SUSHI,-0.0015959947672474
0xb7ece21c962697a3194c0b6e4b81db54433055ab,TIA,0.000027632828891114013
0xb7ece21c962697a3194c0b6e4b81db54433055ab,TOKEN,-0.0054428694210843
0xb7ece21c962697a3194c0b6e4b81db54433055ab,TRX,-0.0062858216498831
0xb7ece21c962697a3194c0b6e4b81db54433055ab,UNI,0.0001853452312497
0xb7ece21c962697a3194c0b6e4b81db54433055ab,USDT,-0.004359851584923
0xb7ece21c962697a3194c0b6e4b81db54433055ab,XLM,-0.0011508688519734
0xb7ece21c962697a3194c0b6e4b81db54433055ab,XMR,-0.000184783986326
0xb7ece21c962697a3194c0b6e4b81db54433055ab,XRP,0.0003213797451364
0xb7ece21c962697a3194c0b6e4b81db54433055ab,XTZ,0.0044361235673292
0xb7ece21c962697a3194c0b6e4b81db54433055ab,XVS,-0.0032613787795823
0xb7ece21c962697a3194c0b6e4b81db54433055ab,YFI,-0.0013146053618931
0xc7eabdb28a49c5684f60a31ea957fbeb70fdf489,AAVE,234.6723592065743
0xc7eabdb28a49c5684f60a31ea957fbeb70fdf489,ADA,-76.02451877725578
0xc7eabdb28a49c5684f60a31ea957fbeb70fdf489,ALGO,-57.5293135640586
0xc7eabdb28a49c5684f60a31ea957fbeb70fdf489,APE,66.71951485176913
0xc7eabdb28a49c5684f60a31ea957fbeb70fdf489,APT,2.699040168182884
0xc7eabdb28a49c5684f60a31ea957fbeb70fdf489,ATOM,-17.816334681942106
0xc7eabdb28a49c5684f60a31ea957fbeb70fdf489,AVAX,232.91291309629003
0xc7eabdb28a49c5684f60a31ea957fbeb70fdf489,AXS,-17.58160079162441
0xc7eabdb28a49c5684f60a31ea957fbeb70fdf489,BAL,-8.099622423358698
0xc7eabdb28a49c5684f60a31ea957fbeb70fdf489,BCH,94.83097801736184
0xc7eabdb28a49c5684f60a31ea957fbeb70fdf489,BLUR,-6.979354874622653
0xc7eabdb28a49c5684f60a31ea957fbeb70fdf489,BNB,147.48270888386085
0xc7eabdb28a49c5684f60a31ea957fbeb70fdf489,BONK,41.33942487368631
0xc7eabdb28a49c5684f60a31ea957fbeb70fdf489,BTC,169.6525428527353
0xc7eabdb28a49c5684f60a31ea957fbeb70fdf489,C98,54.07515639591079
0xc7eabdb28a49c5684f60a31ea957fbeb70fdf489,CAKE,-55.20669681519126
0xc7eabdb28a49c5684f60a31ea957fbeb70fdf489,COMP,-19.85200588135944
0xc7eabdb28a49c5684f60a31ea957fbeb70fdf489,CRV,53.982564802640496
0xc7eabdb28a49c5684f60a31ea957fbeb70fdf489,CVX,24.95577005819748
0xc7eabdb28a49c5684f60a31ea957fbeb70fdf489,DAI,-10.862252902776651
0xc7eabdb28a49c5684f60a31ea957fbeb70fdf489,DAO,-5.013326747742786
0xc7eabdb28a49c5684f60a31ea957fbeb70fdf489,DOGE,134.157776902865
0xc7eabdb28a49c5684f60a31ea957fbeb70fdf489,DOT,-0.0230792162486558
0xc7eabdb28a49c5684f60a31ea957fbeb70fdf489,DYDX,6.670032128416277
0xc7eabdb28a49c5684f60a31ea957fbeb70fdf489,EOS,-9.112332568216292
0xc7eabdb28a49c5684f60a31ea957fbeb70fdf489,ETC,81.77284649788795
0xc7eabdb28a49c5684f60a31ea957fbeb70fdf489,ETH,119.46332285781033
0xc7eabdb28a49c5684f60a31ea957fbeb70fdf489,FET,-6.867923234383757
0xc7eabdb28a49c5684f60a31ea957fbeb70fdf489,FIL,-21.071609797940837
0xc7eabdb28a49c5684f60a31ea957fbeb70fdf489,FRAX,42.25090812430006
0xc7eabdb28a49c5684f60a31ea957fbeb70fdf489,FTM,139.47011120853145
0xc7eabdb28a49c5684f60a31ea957fbeb70fdf489,FXS,2.045378174581804
0xc7eabdb28a49c5684f60a31ea957fbeb70fdf489,GRT,-17.131678257882353
0xc7eabdb28a49c5684f60a31ea957fbeb70fdf489,HAI,4.508210273943088
0xc7eabdb28a49c5684f60a31ea957fbeb70fdf489,HERO,-7.128994563717479
0xc7eabdb28a49c5684f60a31ea957fbeb70fdf489,ICP,-14.964834255660037
0xc7eabdb28a49c5684f60a31ea957fbeb70fdf489,IMX,-24.60971347771373
0xc7eabdb28a49c5684f60a31ea957fbeb70fdf489,INJ,-5.596654331624601
0xc7eabdb28a49c5684f60a31ea957fbeb70fdf489,LDO,43.60615226202399
0xc7eabdb28a49c5684f60a31ea957fbeb70fdf489,LINK,-40.73682615281828
0xc7eabdb28a49c5684f60a31ea957fbeb70fdf489,LTC,113.46854935252895
0xc7eabdb28a49c5684f60a31ea957fbeb70fdf489,MATIC,-38.21846590804881
0xc7eabdb28a49c5684f60a31ea957fbeb70fdf489,MAV,-1.4598961870016285
0xc7eabdb28a49c5684f60a31ea957fbeb70fdf489,MBOX,45.24934769293488
0xc7eabdb28a49c5684f60a31ea957fbeb70fdf489,MKR,-23.942453732151574
0xc7eabdb28a49c5684f60a31ea957fbeb70fdf489,MOON,113.84752309268691
0xc7eabdb28a49c5684f60a31ea957fbeb70fdf489,NEAR,-18.55163418562845
0xc7eabdb28a49c5684f60a31ea957fbeb70fdf489,OP,43.35986553056439
0xc7eabdb28a49c5684f60a31ea957fbeb70fdf489,PENDLE,-11.853715228791678
0xc7eabdb28a49c5684f60a31ea957fbeb70fdf489,PEPE,70.40023051420965
0xc7eabdb28a49c5684f60a31ea957fbeb70fdf489,PERP,27.76881078180824
0xc7eabdb28a49c5684f60a31ea957fbeb70fdf489,PIT,-20.69362719572385
0xc7eabdb28a49c5684f60a31ea957fbeb70fdf489,POLS,-7.536318731789209
0xc7eabdb28a49c5684f60a31ea957fbeb70fdf489,PYTH,-28.56395353415992
0xc7eabdb28a49c5684f60a31ea957fbeb70fdf489,QUACK,-10.538115056596563
0xc7eabdb28a49c5684f60a31ea957fbeb70fdf489,RDNT,141.6057763667769
0xc7eabdb28a49c5684f60a31ea957fbeb70fdf489,RNDR,-12.831889974552874
0xc7eabdb28a49c5684f60a31ea957fbeb70fdf489,RPL,-3.226885740102168
0xc7eabdb28a49c5684f60a31ea957fbeb70fdf489,RUNE,28.17129679138825
0xc7eabdb28a49c5684f60a31ea957fbeb70fdf489,SFP,-20.730132407399648
0xc7eabdb28a49c5684f60a31ea957fbeb70fdf489,SFUND,-11.52599447161058
0xc7eabdb28a49c5684f60a31ea957fbeb70fdf489,SHIB,-30.10132490568796
0xc7eabdb28a49c5684f60a31ea957fbeb70fdf489,SOL,157.0170175272811
0xc7eabdb28a49c5684f60a31ea957fbeb70fdf489,STG,-4.291622097744439
0xc7eabdb28a49c5684f60a31ea957fbeb70fdf489,SUI,24.72415210228595
0xc7eabdb28a49c5684f60a31ea957fbeb70fdf489,SUSHI,0.27319740273042
0xc7eabdb28a49c5684f60a31ea957fbeb70fdf489,TIA,-14.019737931421028
0xc7eabdb28a49c5684f60a31ea957fbeb70fdf489,TOKEN,-21.170626492399798
0xc7eabdb28a49c5684f60a31ea957fbeb70fdf489,TRX,175.2623852824803
0xc7eabdb28a49c5684f60a31ea957fbeb70fdf489,UNI,12.7030460776752
0xc7eabdb28a49c5684f60a31ea957fbeb70fdf489,USDT,135.22648400021492
0xc7eabdb28a49c5684f60a31ea957fbeb70fdf489,XLM,75.01658048444881
0xc7eabdb28a49c5684f60a31ea957fbeb70fdf489,XMR,-14.712749761668736
0xc7eabdb28a49c5684f60a31ea957fbeb70fdf489,XRP,168.5276851569963
0xc7eabdb28a49c5684f60a31ea957fbeb70fdf489,XTZ,-16.294838891781637
0xc7eabdb28a49c5684f60a31ea957fbeb70fdf489,XVS,8.110404215566662
0xc7eabdb28a49c5684f60a31ea957fbeb70fdf489,YFI,-5.032650484021815
0xcbe37e37bb9ac19e87e6e495303fab60c3111529,AAVE,-0.0052175170500288
0xcbe37e37bb9ac19e87e6e495303fab60c3111529,ADA,0.0013950575117522
0xcbe37e37bb9ac19e87e6e495303fab60c3111529,ALGO,0.0045635734702302
0xcbe37e37bb9ac19e87e6e495303fab60c3111529,APE,-0.035874851030908
0xcbe37e37bb9ac19e87e6e495303fab60c3111529,APT,-0.0293143692509975
0xcbe37e37bb9ac19e87e6e495303fab60c3111529,ATOM,-0.0043301429134896
0xcbe37e37bb9ac19e87e6e495303fab60c3111529,AVAX,-0.0025418655054394
0xcbe37e37bb9ac19e87e6e495303fab60c3111529,AXS,-0.0048074917076469
0xcbe37e37bb9ac19e87e6e495303fab60c3111529,BAL,-0.009900116151275
0xcbe37e37bb9ac19e87e6e495303fab60c3111529,BCH,-0.0193087865830228
0xcbe37e37bb9ac19e87e6e495303fab60c3111529,BLUR,-0.0249813196804659
0xcbe37e37bb9ac19e87e6e495303fab60c3111529,BNB,-0.0183374676289141
0xcbe37e37bb9ac19e87e6e495303fab60c3111529,BONK,-0.021821592005094
0xcbe37e37bb9ac19e87e6e495303fab60c3111529,BTC,-0.0088717452697785
0xcbe37e37bb9ac19e87e6e495303fab60c3111529,C98,-0.0149419328579968
0xcbe37e37bb9ac19e87e6e495303fab60c3111529,CAKE,0.0438509586603771
0xcbe37e37bb9ac19e87e6e495303fab60c3111529,COMP,-0.00089941616123
0xcbe37e37bb9ac19e87e6e495303fab60c3111529,CRV,-0.0247593575685438
0xcbe37e37bb9ac19e87e6e495303fab60c3111529,CVX,-0.0219868108200338
0xcbe37e37bb9ac19e87e6e495303fab60c3111529,DAI,0.0088678841771934
0xcbe37e37bb9ac19e87e6e495303fab60c3111529,DAO,-0.0074548845100551
0xcbe37e37bb9ac19e87e6e495303fab60c3111529,DOGE,0.0030797474755017
0xcbe37e37bb9ac19e87e6e495303fab60c3111529,DOT,0.0212127282605934
0xcbe37e37bb9ac19e87e6e495303fab60c3111529,DYDX,-0.0212560115535718
0xcbe37e37bb9ac19e87e6e495303fab60c3111529,EOS,-0.0142261732524692
0xcbe37e37bb9ac19e87e6e495303fab60c3111529,ETC,-0.0297746481262878
0xcbe37e37bb9ac19e87e6e495303fab60c3111529,ETH,-0.0052050934645573
0xcbe37e37bb9ac19e87e6e495303fab60c3111529,FET,-0.0056125709697873
0xcbe37e37bb9ac19e87e6e495303fab60c3111529,FIL,-0.003511079213054
0xcbe37e37bb9ac19e87e6e495303fab60c3111529,FRAX,-0.0033500681905529
0xcbe37e37bb9ac19e87e6e495303fab60c3111529,FTM,-0.0016504950852606
0xcbe37e37bb9ac19e87e6e495303fab60c3111529,FXS,0.0076706157427966
0xcbe37e37bb9ac19e87e6e495303fab60c3111529,GRT,0.0072662607847107
0xcbe37e37bb9ac19e87e6e495303fab60c3111529,HAI,0.0033103664389285
0xcbe37e37bb9ac19e87e6e495303fab60c3111529,HERO,-0.0061179116376454
0xcbe37e37bb9ac19e87e6e495303fab60c3111529,ICP,-0.0183620046115822
0xcbe37e37bb9ac19e87e6e495303fab60c3111529,IMX,-0.0356666326560412
0xcbe37e37bb9ac19e87e6e495303fab60c3111529,INJ,-0.0055319327839157
0xcbe37e37bb9ac19e87e6e495303fab60c3111529,LDO,-0.0120719294740466
0xcbe37e37bb9ac19e87e6e495303fab60c3111529,LINK,-0.0085273512184775
0xcbe37e37bb9ac19e87e6e495303fab60c3111529,LTC,0.003566380970313
0xcbe37e37bb9ac19e87e6e495303fab60c3111529,MATIC,-0.0124696564980979
0xcbe37e37bb9ac19e87e6e495303fab60c3111529,MAV,-0.0470795306871207
0xcbe37e37bb9ac19e87e6e495303fab60c3111529,MBOX,-0.0231649501590952
0xcbe37e37bb9ac19e87e6e495303fab60c3111529,MKR,-0.0199531270271473
0xcbe37e37bb9ac19e87e6e495303fab60c3111529,MOON,0.0101141838665828
0xcbe37e37bb9ac19e87e6e495303fab60c3111529,NEAR,-0.0435377178481869
0xcbe37e37bb9ac19e87e6e495303fab60c3111529,OP,-0.0355774439658093
0xcbe37e37bb9ac19e87e6e495303fab60c3111529,PENDLE,-0.0527239460549329
0xcbe37e37bb9ac19e87e6e495303fab60c3111529,PEPE,0.0027030464699086
0xcbe37e37bb9ac19e87e6e495303fab60c3111529,PERP,-0.0244168126414721
0xcbe37e37bb9ac19e87e6e495303fab60c3111529,PIT,-0.0036010617008875
0xcbe37e37bb9ac19e87e6e495303fab60c3111529,POLS,-0.0112280797007052
0xcbe37e37bb9ac19e87e6e495303fab60c3111529,PYTH,-0.0195697723711162
0xcbe37e37bb9ac19e87e6e495303fab60c3111529,QUACK,-0.0102791839797722
0xcbe37e37bb9ac19e87e6e495303fab60c3111529,RDNT,-0.0229696429708476
0xcbe37e37bb9ac19e87e6e495303fab60c3111529,RNDR,-0.0468699467773181
0xcbe37e37bb9ac19e87e6e495303fab60c3111529,RPL,-0.0333364468174661
0xcbe37e37bb9ac19e87e6e495303fab60c3111529,RUNE,-0.0259909013759482
0xcbe37e37bb9ac19e87e6e495303fab60c3111529,SFP,-0.0110999139334799
0xcbe37e37bb9ac19e87e6e495303fab60c3111529,SFUND,-0.0164032026229014
0xcbe37e37bb9ac19e87e6e495303fab60c3111529,SHIB,0.0171465117784778
0xcbe37e37bb9ac19e87e6e495303fab60c3111529,SOL,0.00007667159689638566
0xcbe37e37bb9ac19e87e6e495303fab60c3111529,STG,-0.0144099992964033
0xcbe37e37bb9ac19e87e6e495303fab60c3111529,SUI,-0.0140153169426883
0xcbe37e37bb9ac19e87e6e495303fab60c3111529,SUSHI,-0.0098778547394256
0xcbe37e37bb9ac19e87e6e495303fab60c3111529,TIA,-0.0196454325382413
0xcbe37e37bb9ac19e87e6e495303fab60c3111529,TOKEN,-0.0185245696785368
0xcbe37e37bb9ac19e87e6e495303fab60c3111529,TRX,0.0509315305448418
0xcbe37e37bb9ac19e87e6e495303fab60c3111529,UNI,0.0103726815688007
0xcbe37e37bb9ac19e87e6e495303fab60c3111529,USDT,0.000004076293598785481
0xcbe37e37bb9ac19e87e6e495303fab60c3111529,XLM,-0.0019660418654217
0xcbe37e37bb9ac19e87e6e495303fab60c3111529,XMR,0.0225248464192138
0xcbe37e37bb9ac19e87e6e495303fab60c3111529,XRP,-0.036239139251623
0xcbe37e37bb9ac19e87e6e495303fab60c3111529,XTZ,0.0150446467358629
0xcbe37e37bb9ac19e87e6e495303fab60c3111529,XVS,-0.0169350920130563
0xcbe37e37bb9ac19e87e6e495303fab60c3111529,YFI,-0.0074164220509296
0xcf28560da27700098a0efcb3f5742169948892de,AAVE,0.0008937366133911
0xcf28560da27700098a0efcb3f5742169948892de,ADA,-0.0004159619448411
0xcf28560da27700098a0efcb3f5742169948892de,ALGO,0.0102717272357683
0xcf28560da27700098a0efcb3f5742169948892de,APE,0.0185122451025927
0xcf28560da27700098a0efcb3f5742169948892de,APT,0.0124659299952618
0xcf28560da27700098a0efcb3f5742169948892de,ATOM,0.0302852884557442
0xcf28560da27700098a0efcb3f5742169948892de,AVAX,0.0022218734091715
0xcf28560da27700098a0efcb3f5742169948892de,AXS,0.0125328227928075
0xcf28560da27700098a0efcb3f5742169948892de,BAL,0.0205084611900596
0xcf28560da27700098a0efcb3f5742169948892de,BCH,-0.0020356554888701
0xcf28560da27700098a0efcb3f5742169948892de,BLUR,0.0133798358505452
0xcf28560da27700098a0efcb3f5742169948892de,BNB,0.0008026311734473
0xcf28560da27700098a0efcb3f5742169948892de,BONK,0.0216714113983596
0xcf28560da27700098a0efcb3f5742169948892de,BTC,-0.0049007522084915
0xcf28560da27700098a0efcb3f5742169948892de,C98,0.0484430391475418
0xcf28560da27700098a0efcb3f5742169948892de,CAKE,0.0028602555734208
0xcf28560da27700098a0efcb3f5742169948892de,COMP,0.0068009052623089
0xcf28560da27700098a0efcb3f5742169948892de,CRV,-0.0034563819487787
0xcf28560da27700098a0efcb3f5742169948892de,CVX,0.0143675069912308
0xcf28560da27700098a0efcb3f5742169948892de,DAI,0.0170483419846507
0xcf28560da27700098a0efcb3f5742169948892de,DAO,-0.001580571020246
0xcf28560da27700098a0efcb3f5742169948892de,DOGE,-0.0045492672902939
0xcf28560da27700098a0efcb3f5742169948892de,DOT,0.0338419190214579
0xcf28560da27700098a0efcb3f5742169948892de,DYDX,0.0266130847700105
0xcf28560da27700098a0efcb3f5742169948892de,EOS,0.0619050415836268
0xcf28560da27700098a0efcb3f5742169948892de,ETC,0.0037099865565128
0xcf28560da27700098a0efcb3f5742169948892de,ETH,0.0003434834662302
0xcf28560da27700098a0efcb3f5742169948892de,FET,-0.0206832547120424
0xcf28560da27700098a0efcb3f5742169948892de,FIL,0.0012347304561588
0xcf28560da27700098a0efcb3f5742169948892de,FRAX,0.0156617048136621
0xcf28560da27700098a0efcb3f5742169948892de,FTM,0.0313666702540218
0xcf28560da27700098a0efcb3f5742169948892de,FXS,0.0294621924607313
0xcf28560da27700098a0efcb3f5742169948892de,GRT,0.0084531242033736
0xcf28560da27700098a0efcb3f5742169948892de,HAI,-0.0006471591983124
0xcf28560da27700098a0efcb3f5742169948892de,HERO,0.0139546200482941
0xcf28560da27700098a0efcb3f5742169948892de,ICP,-0.0042988059945838
0xcf28560da27700098a0efcb3f5742169948892de,IMX,0.0118944614035791
0xcf28560da27700098a0efcb3f5742169948892de,INJ,0.0609086627643563
0xcf28560da27700098a0efcb3f5742169948892de,LDO,0.0154305214168526
0xcf28560da27700098a0efcb3f5742169948892de,LINK,-0.007617084709367
0xcf28560da27700098a0efcb3f5742169948892de,LTC,-0.0053016359772045
0xcf28560da27700098a0efcb3f5742169948892de,MATIC,-0.0153393764962977
0xcf28560da27700098a0efcb3f5742169948892de,MAV,-0.0036510594311808
0xcf28560da27700098a0efcb3f5742169948892de,MBOX,0.0037359043115543
0xcf28560da27700098a0efcb3f5742169948892de,MKR,0.0142474905616924
0xcf28560da27700098a0efcb3f5742169948892de,MOON,-0.0216140398498045
0xcf28560da27700098a0efcb3f5742169948892de,NEAR,0.0011468428111918
0xcf28560da27700098a0efcb3f5742169948892de,OP,0.0008917641922044
0xcf28560da27700098a0efcb3f5742169948892de,PENDLE,0.0010051663417213
0xcf28560da27700098a0efcb3f5742169948892de,PEPE,-0.0460271761770566
0xcf28560da27700098a0efcb3f5742169948892de,PERP,0.0086179534861161
0xcf28560da27700098a0efcb3f5742169948892de,PIT,0.0051112275031629
0xcf28560da27700098a0efcb3f5742169948892de,POLS,0.0060975969583425
0xcf28560da27700098a0efcb3f5742169948892de,PYTH,0.00361042098055
0xcf28560da27700098a0efcb3f5742169948892de,QUACK,0.0081618561816188
0xcf28560da27700098a0efcb3f5742169948892de,RDNT,0.0182432178832389
0xcf28560da27700098a0efcb3f5742169948892de,RNDR,0.0063712218658434
0xcf28560da27700098a0efcb3f5742169948892de,RPL,0.0016865226637297
0xcf28560da27700098a0efcb3f5742169948892de,RUNE,-0.0130263144296333
0xcf28560da27700098a0efcb3f5742169948892de,SFP,-0.0030906605304789
0xcf28560da27700098a0efcb3f5742169948892de,SFUND,0.0052125972600452
0xcf28560da27700098a0efcb3f5742169948892de,SHIB,-0.0031205655679155
0xcf28560da27700098a0efcb3f5742169948892de,SOL,-0.0214324829904282
0xcf28560da27700098a0efcb3f5742169948892de,STG,0.0065394278754487
0xcf28560da27700098a0efcb3f5742169948892de,SUI,-0.0068032213552316
0xcf28560da27700098a0efcb3f5742169948892de,SUSHI,0.0072131696905283
0xcf28560da27700098a0efcb3f5742169948892de,TIA,0.001593512910935
0xcf28560da27700098a0efcb3f5742169948892de,TOKEN,-0.0068175219100122
0xcf28560da27700098a0efcb3f5742169948892de,TRX,0.0016094881629473
0xcf28560da27700098a0efcb3f5742169948892de,UNI,0.00004296806310610415
0xcf28560da27700098a0efcb3f5742169948892de,USDT,-0.0229663573812378
0xcf28560da27700098a0efcb3f5742169948892de,XLM,-0.005702838211889
0xcf28560da27700098a0efcb3f5742169948892de,XMR,-0.0269194668716756
0xcf28560da27700098a0efcb3f5742169948892de,XRP,-0.009990270611355
0xcf28560da27700098a0efcb3f5742169948892de,XTZ,0.037465422743638
0xcf28560da27700098a0efcb3f5742169948892de,XVS,0.0137823802367863
0xcf28560da27700098a0efcb3f5742169948892de,YFI,0.0117208684143794
0xe14867e41410bd7232a52b9400476c08b4e535b3,AAVE,0.07056336
0xe14867e41410bd7232a52b9400476c08b4e535b3,ADA,0.015251304
0xe14867e41410bd7232a52b9400476c08b4e535b3,ALGO,0.013632715
0xe14867e41410bd7232a52b9400476c08b4e535b3,APE,0.0012185402
0xe14867e41410bd7232a52b9400476c08b4e535b3,APT,0.0005825141
0xe14867e41410bd7232a52b9400476c08b4e535b3,ATOM,0.004582927
0xe14867e41410bd7232a52b9400476c08b4e535b3,AVAX,-0.0074488963
0xe14867e41410bd7232a52b9400476c08b4e535b3,AXS,0.0077824714
0xe14867e41410bd7232a52b9400476c08b4e535b3,BAL,0.012544165
0xe14867e41410bd7232a52b9400476c08b4e535b3,BCH,0.024940245
0xe14867e41410bd7232a52b9400476c08b4e535b3,BLUR,-0.0027872575
0xe14867e41410bd7232a52b9400476c08b4e535b3,BNB,0.003695586
0xe14867e41410bd7232a52b9400476c08b4e535b3,BONK,-0.004549321
0xe14867e41410bd7232a52b9400476c08b4e535b3,BTC,-0.044247665
0xe14867e41410bd7232a52b9400476c08b4e535b3,C98,0.007699972
0xe14867e41410bd7232a52b9400476c08b4e535b3,CAKE,-0.003873374
0xe14867e41410bd7232a52b9400476c08b4e535b3,COMP,0.013675017
0xe14867e41410bd7232a52b9400476c08b4e535b3,CRV,0.0091326535
0xe14867e41410bd7232a52b9400476c08b4e535b3,CVX,0.0009545317
0xe14867e41410bd7232a52b9400476c08b4e535b3,DAI,0.039797943
0xe14867e41410bd7232a52b9400476c08b4e535b3,DAO,0.008915501
0xe14867e41410bd7232a52b9400476c08b4e535b3,DOGE,0.015552233
0xe14867e41410bd7232a52b9400476c08b4e535b3,DOT,0.053562954
0xe14867e41410bd7232a52b9400476c08b4e535b3,DYDX,-0.0061766747
0xe14867e41410bd7232a52b9400476c08b4e535b3,EOS,0.007330897
0xe14867e41410bd7232a52b9400476c08b4e535b3,ETC,-0.009115686
0xe14867e41410bd7232a52b9400476c08b4e535b3,ETH,-0.05836801
0xe14867e41410bd7232a52b9400476c08b4e535b3,FET,0.0113774985
0xe14867e41410bd7232a52b9400476c08b4e535b3,FIL,0.01983716
0xe14867e41410bd7232a52b9400476c08b4e535b3,FRAX,0.03288064
0xe14867e41410bd7232a52b9400476c08b4e535b3,FTM,-0.0025222313
0xe14867e41410bd7232a52b9400476c08b4e535b3,FXS,0.029284162
0xe14867e41410bd7232a52b9400476c08b4e535b3,GRT,-0.0049975277
0xe14867e41410bd7232a52b9400476c08b4e535b3,HAI,-0.0033903464
0xe14867e41410bd7232a52b9400476c08b4e535b3,HERO,-0.0014762803
0xe14867e41410bd7232a52b9400476c08b4e535b3,ICP,-0.021282174
0xe14867e41410bd7232a52b9400476c08b4e535b3,IMX,-0.027518762
0xe14867e41410bd7232a52b9400476c08b4e535b3,INJ,0.037349433
0xe14867e41410bd7232a52b9400476c08b4e535b3,LDO,0.0034628795
0xe14867e41410bd7232a52b9400476c08b4e535b3,LINK,0.0047684354
0xe14867e41410bd7232a52b9400476c08b4e535b3,LTC,-0.0028131218
0xe14867e41410bd7232a52b9400476c08b4e535b3,MATIC,0.013936268
0xe14867e41410bd7232a52b9400476c08b4e535b3,MAV,-0.032797135
0xe14867e41410bd7232a52b9400476c08b4e535b3,MBOX,-0.022771293
0xe14867e41410bd7232a52b9400476c08b4e535b3,MKR,-0.003351573
0xe14867e41410bd7232a52b9400476c08b4e535b3,MOON,-0.0027840442
0xe14867e41410bd7232a52b9400476c08b4e535b3,NEAR,-0.004166753
0xe14867e41410bd7232a52b9400476c08b4e535b3,OP,-0.02285188
0xe14867e41410bd7232a52b9400476c08b4e535b3,PENDLE,-0.005030495
0xe14867e41410bd7232a52b9400476c08b4e535b3,PEPE,-0.0013665535
0xe14867e41410bd7232a52b9400476c08b4e535b3,PERP,-0.008542748
0xe14867e41410bd7232a52b9400476c08b4e535b3,PIT,0.008836924
0xe14867e41410bd7232a52b9400476c08b4e535b3,POLS,0.017248794
0xe14867e41410bd7232a52b9400476c08b4e535b3,PYTH,-0.005463823
0xe14867e41410bd7232a52b9400476c08b4e535b3,QUACK,-0.0021069115
0xe14867e41410bd7232a52b9400476c08b4e535b3,RDNT,0.006755215
0xe14867e41410bd7232a52b9400476c08b4e535b3,RNDR,-0.011809412
0xe14867e41410bd7232a52b9400476c08b4e535b3,RPL,-0.019382587
0xe14867e41410bd7232a52b9400476c08b4e535b3,RUNE,-0.013794947
0xe14867e41410bd7232a52b9400476c08b4e535b3,SFP,0.005226375
0xe14867e41410bd7232a52b9400476c08b4e535b3,SFUND,-0.0013068963
0xe14867e41410bd7232a52b9400476c08b4e535b3,SHIB,-0.005768794
0xe14867e41410bd7232a52b9400476c08b4e535b3,SOL,0.0053054783
0xe14867e41410bd7232a52b9400476c08b4e535b3,STG,-0.009803635
0xe14867e41410bd7232a52b9400476c08b4e535b3,SUI,0.0012640986
0xe14867e41410bd7232a52b9400476c08b4e535b3,SUSHI,0.005318366
0xe14867e41410bd7232a52b9400476c08b4e535b3,TIA,-0.014129925
0xe14867e41410bd7232a52b9400476c08b4e535b3,TOKEN,0.0010146344
0xe14867e41410bd7232a52b9400476c08b4e535b3,TRX,0.0404744
0xe14867e41410bd7232a52b9400476c08b4e535b3,UNI,0.027981546
0xe14867e41410bd7232a52b9400476c08b4e535b3,USDT,0.00019434212
0xe14867e41410bd7232a52b9400476c08b4e535b3,XLM,0.002483311
0xe14867e41410bd7232a52b9400476c08b4e535b3,XMR,-0.024544064
0xe14867e41410bd7232a52b9400476c08b4e535b3,XRP,0.02206878
0xe14867e41410bd7232a52b9400476c08b4e535b3,XTZ,0.025648797
0xe14867e41410bd7232a52b9400476c08b4e535b3,XVS,-0.009869837
0xe14867e41410bd7232a52b9400476c08b4e535b3,YFI,0.0009790476
0xea8b4bb8c19ee22687093e35469d4fbdc84450cb,AAVE,-0.0107962213225371
0xea8b4bb8c19ee22687093e35469d4fbdc84450cb,ADA,0.0121457489878542
0xea8b4bb8c19ee22687093e35469d4fbdc84450cb,ALGO,-0.0013495276653171
0xea8b4bb8c19ee22687093e35469d4fbdc84450cb,APE,0.0209176788124156
0xea8b4bb8c19ee22687093e35469d4fbdc84450cb,APT,-0.015519568151147
0xea8b4bb8c19ee22687093e35469d4fbdc84450cb,ATOM,0.0074224021592442
0xea8b4bb8c19ee22687093e35469d4fbdc84450cb,AVAX,0.0053981106612685
0xea8b4bb8c19ee22687093e35469d4fbdc84450cb,AXS,0.0006747638326585
0xea8b4bb8c19ee22687093e35469d4fbdc84450cb,BAL,0.0087719298245613
0xea8b4bb8c19ee22687093e35469d4fbdc84450cb,BCH,0.0195681511470985
0xea8b4bb8c19ee22687093e35469d4fbdc84450cb,BLUR,-0.0242914979757084
0xea8b4bb8c19ee22687093e35469d4fbdc84450cb,BNB,0.0
0xea8b4bb8c19ee22687093e35469d4fbdc84450cb,BONK,-0.0006747638326585
0xea8b4bb8c19ee22687093e35469d4fbdc84450cb,BTC,0.024966261808367
0xea8b4bb8c19ee22687093e35469d4fbdc84450cb,C98,-0.0168690958164642
0xea8b4bb8c19ee22687093e35469d4fbdc84450cb,CAKE,0.0026990553306342
0xea8b4bb8c19ee22687093e35469d4fbdc84450cb,COMP,0.0141700404858299
0xea8b4bb8c19ee22687093e35469d4fbdc84450cb,CRV,-0.0161943319838056
0xea8b4bb8c19ee22687093e35469d4fbdc84450cb,CVX,-0.0175438596491228
0xea8b4bb8c19ee22687093e35469d4fbdc84450cb,DAI,0.0236167341430499
0xea8b4bb8c19ee22687093e35469d4fbdc84450cb,DAO,-0.0033738191632928
0xea8b4bb8c19ee22687093e35469d4fbdc84450cb,DOGE,0.0094466936572199
0xea8b4bb8c19ee22687093e35469d4fbdc84450cb,DOT,0.015519568151147
0xea8b4bb8c19ee22687093e35469d4fbdc84450cb,DYDX,-0.0188933873144399
0xea8b4bb8c19ee22687093e35469d4fbdc84450cb,EOS,0.0040485829959514
0xea8b4bb8c19ee22687093e35469d4fbdc84450cb,ETC,0.0080971659919028
0xea8b4bb8c19ee22687093e35469d4fbdc84450cb,ETH,0.0256410256410256
0xea8b4bb8c19ee22687093e35469d4fbdc84450cb,FET,0.0215924426450742
0xea8b4bb8c19ee22687093e35469d4fbdc84450cb,FIL,-0.0040485829959514
0xea8b4bb8c19ee22687093e35469d4fbdc84450cb,FRAX,0.0168690958164642
0xea8b4bb8c19ee22687093e35469d4fbdc84450cb,FTM,-0.0236167341430499
0xea8b4bb8c19ee22687093e35469d4fbdc84450cb,FXS,-0.020242914979757
0xea8b4bb8c19ee22687093e35469d4fbdc84450cb,GRT,0.0013495276653171
0xea8b4bb8c19ee22687093e35469d4fbdc84450cb,HAI,-0.0141700404858299
0xea8b4bb8c19ee22687093e35469d4fbdc84450cb,HERO,0.0047233468286099
0xea8b4bb8c19ee22687093e35469d4fbdc84450cb,ICP,-0.0182186234817813
0xea8b4bb8c19ee22687093e35469d4fbdc84450cb,IMX,0.0107962213225371
0xea8b4bb8c19ee22687093e35469d4fbdc84450cb,INJ,-0.0053981106612685
0xea8b4bb8c19ee22687093e35469d4fbdc84450cb,LDO,-0.0087719298245613
0xea8b4bb8c19ee22687093e35469d4fbdc84450cb,LINK,0.0242914979757084
0xea8b4bb8c19ee22687093e35469d4fbdc84450cb,LTC,0.0128205128205128
0xea8b4bb8c19ee22687093e35469d4fbdc84450cb,MATIC,0.0020242914979757
0xea8b4bb8c19ee22687093e35469d4fbdc84450cb,MAV,-0.0256410256410256
0xea8b4bb8c19ee22687093e35469d4fbdc84450cb,MBOX,-0.0074224021592442
0xea8b4bb8c19ee22687093e35469d4fbdc84450cb,MKR,-0.0134952766531713
0xea8b4bb8c19ee22687093e35469d4fbdc84450cb,MOON,0.0161943319838056
0xea8b4bb8c19ee22687093e35469d4fbdc84450cb,NEAR,-0.0128205128205128
0xea8b4bb8c19ee22687093e35469d4fbdc84450cb,OP,0.0033738191632928
0xea8b4bb8c19ee22687093e35469d4fbdc84450cb,PENDLE,-0.0195681511470985
0xea8b4bb8c19ee22687093e35469d4fbdc84450cb,PEPE,0.0222672064777327
0xea8b4bb8c19ee22687093e35469d4fbdc84450cb,PERP,-0.0229419703103913
0xea8b4bb8c19ee22687093e35469d4fbdc84450cb,PIT,0.0175438596491227
0xea8b4bb8c19ee22687093e35469d4fbdc84450cb,POLS,-0.0020242914979757
0xea8b4bb8c19ee22687093e35469d4fbdc84450cb,PYTH,-0.0148448043184885
0xea8b4bb8c19ee22687093e35469d4fbdc84450cb,QUACK,0.0114709851551956
0xea8b4bb8c19ee22687093e35469d4fbdc84450cb,RDNT,-0.0047233468286099
0xea8b4bb8c19ee22687093e35469d4fbdc84450cb,RNDR,0.0060728744939271
0xea8b4bb8c19ee22687093e35469d4fbdc84450cb,RPL,-0.0114709851551956
0xea8b4bb8c19ee22687093e35469d4fbdc84450cb,RUNE,-0.024966261808367
0xea8b4bb8c19ee22687093e35469d4fbdc84450cb,SFP,-0.0121457489878542
0xea8b4bb8c19ee22687093e35469d4fbdc84450cb,SFUND,-0.0060728744939271
0xea8b4bb8c19ee22687093e35469d4fbdc84450cb,SHIB,0.0188933873144399
0xea8b4bb8c19ee22687093e35469d4fbdc84450cb,SOL,-0.0067476383265856
0xea8b4bb8c19ee22687093e35469d4fbdc84450cb,STG,-0.0080971659919028
0xea8b4bb8c19ee22687093e35469d4fbdc84450cb,SUI,-0.0215924426450742
0xea8b4bb8c19ee22687093e35469d4fbdc84450cb,SUSHI,0.0134952766531713
0xea8b4bb8c19ee22687093e35469d4fbdc84450cb,TIA,-0.0094466936572199
0xea8b4bb8c19ee22687093e35469d4fbdc84450cb,TOKEN,-0.0222672064777327
0xea8b4bb8c19ee22687093e35469d4fbdc84450cb,TRX,0.020242914979757
0xea8b4bb8c19ee22687093e35469d4fbdc84450cb,UNI,0.0182186234817813
0xea8b4bb8c19ee22687093e35469d4fbdc84450cb,USDT,0.0229419703103913
0xea8b4bb8c19ee22687093e35469d4fbdc84450cb,XLM,0.0067476383265856
0xea8b4bb8c19ee22687093e35469d4fbdc84450cb,XMR,0.0101214574898785
0xea8b4bb8c19ee22687093e35469d4fbdc84450cb,XRP,-0.0101214574898785
0xea8b4bb8c19ee22687093e35469d4fbdc84450cb,XTZ,-0.0026990553306342
0xea8b4bb8c19ee22687093e35469d4fbdc84450cb,XVS,-0.0209176788124156
0xea8b4bb8c19ee22687093e35469d4fbdc84450cb,YFI,0.0148448043184885
0xeba5ba85f72e40a9f2b8782c2bd51ec31a5564da,AAVE,0.0370957344028326
0xeba5ba85f72e40a9f2b8782c2bd51ec31a5564da,ADA,0.0030823234617425
0xeba5ba85f72e40a9f2b8782c2bd51ec31a5564da,ALGO,0.0056090914726992
0xeba5ba85f72e40a9f2b8782c2bd51ec31a5564da,APE,0.0020078910861104
0xeba5ba85f72e40a9f2b8782c2bd51ec31a5564da,APT,-0.0087286618424955
0xeba5ba85f72e40a9f2b8782c2bd51ec31a5564da,ATOM,0.0015353796417024
0xeba5ba85f72e40a9f2b8782c2bd51ec31a5564da,AVAX,0.0042442952977954
0xeba5ba85f72e40a9f2b8782c2bd51ec31a5564da,AXS,0.0035736689753933
0xeba5ba85f72e40a9f2b8782c2bd51ec31a5564da,BAL,0.0041370184114533
0xeba5ba85f72e40a9f2b8782c2bd51ec31a5564da,BCH,0.0119676559643576
0xeba5ba85f72e40a9f2b8782c2bd51ec31a5564da,BLUR,-0.0027482416615622
0xeba5ba85f72e40a9f2b8782c2bd51ec31a5564da,BNB,0.0036651271444981
0xeba5ba85f72e40a9f2b8782c2bd51ec31a5564da,BONK,-0.0052942150042846
0xeba5ba85f72e40a9f2b8782c2bd51ec31a5564da,BTC,-0.0341095319735257
0xeba5ba85f72e40a9f2b8782c2bd51ec31a5564da,C98,0.0070362248586303
0xeba5ba85f72e40a9f2b8782c2bd51ec31a5564da,CAKE,-0.0001487445438705
0xeba5ba85f72e40a9f2b8782c2bd51ec31a5564da,COMP,0.0072448784097263
0xeba5ba85f72e40a9f2b8782c2bd51ec31a5564da,CRV,0.0001405033939731
0xeba5ba85f72e40a9f2b8782c2bd51ec31a5564da,CVX,-0.0007551725144768
0xeba5ba85f72e40a9f2b8782c2bd51ec31a5564da,DAI,0.0103825968999152
0xeba5ba85f72e40a9f2b8782c2bd51ec31a5564da,DAO,0.0021055237631071
0xeba5ba85f72e40a9f2b8782c2bd51ec31a5564da,DOGE,0.0041754320377077
0xeba5ba85f72e40a9f2b8782c2bd51ec31a5564da,DOT,0.0453034102280715
0xeba5ba85f72e40a9f2b8782c2bd51ec31a5564da,DYDX,-0.0022131048668115
0xeba5ba85f72e40a9f2b8782c2bd51ec31a5564da,EOS,0.007946322812399
0xeba5ba85f72e40a9f2b8782c2bd51ec31a5564da,ETC,-6.153500253808315E-7
0xeba5ba85f72e40a9f2b8782c2bd51ec31a5564da,ETH,-0.0044500389117384
0xeba5ba85f72e40a9f2b8782c2bd51ec31a5564da,FET,-0.000480431669819
0xeba5ba85f72e40a9f2b8782c2bd51ec31a5564da,FIL,0.0116083702548909
0xeba5ba85f72e40a9f2b8782c2bd51ec31a5564da,FRAX,0.0287739334981728
0xeba5ba85f72e40a9f2b8782c2bd51ec31a5564da,FTM,-0.009024361222371
0xeba5ba85f72e40a9f2b8782c2bd51ec31a5564da,FXS,0.0111582089612724
0xeba5ba85f72e40a9f2b8782c2bd51ec31a5564da,GRT,0.0014996171555726
0xeba5ba85f72e40a9f2b8782c2bd51ec31a5564da,HAI,-0.0070142601949434
0xeba5ba85f72e40a9f2b8782c2bd51ec31a5564da,HERO,-0.0008478659416808
0xeba5ba85f72e40a9f2b8782c2bd51ec31a5564da,ICP,-0.006253836984595
0xeba5ba85f72e40a9f2b8782c2bd51ec31a5564da,IMX,-0.009920751862959
0xeba5ba85f72e40a9f2b8782c2bd51ec31a5564da,INJ,0.0199446724720924
0xeba5ba85f72e40a9f2b8782c2bd51ec31a5564da,LDO,0.0043793736327168
0xeba5ba85f72e40a9f2b8782c2bd51ec31a5564da,LINK,0.0017275503485826
0xeba5ba85f72e40a9f2b8782c2bd51ec31a5564da,LTC,-0.0080515643570251
0xeba5ba85f72e40a9f2b8782c2bd51ec31a5564da,MATIC,0.0049115399898339
0xeba5ba85f72e40a9f2b8782c2bd51ec31a5564da,MAV,-0.0114152126101537
0xeba5ba85f72e40a9f2b8782c2bd51ec31a5564da,MBOX,-0.0062911904280588
0xeba5ba85f72e40a9f2b8782c2bd51ec31a5564da,MKR,-0.0033109837640542
0xeba5ba85f72e40a9f2b8782c2bd51ec31a5564da,MOON,0.0004892467472962
0xeba5ba85f72e40a9f2b8782c2bd51ec31a5564da,NEAR,-0.0157138710333373
0xeba5ba85f72e40a9f2b8782c2bd51ec31a5564da,OP,-0.0105314454727824
0xeba5ba85f72e40a9f2b8782c2bd51ec31a5564da,PENDLE,-0.0144899986662332
0xeba5ba85f72e40a9f2b8782c2bd51ec31a5564da,PEPE,-0.00590568094072
0xeba5ba85f72e40a9f2b8782c2bd51ec31a5564da,PERP,-0.0014452933906131
0xeba5ba85f72e40a9f2b8782c2bd51ec31a5564da,PIT,0.0106725831345387
0xeba5ba85f72e40a9f2b8782c2bd51ec31a5564da,POLS,0.0065661204522443
0xeba5ba85f72e40a9f2b8782c2bd51ec31a5564da,PYTH,-0.0017270618985679
0xeba5ba85f72e40a9f2b8782c2bd51ec31a5564da,QUACK,-0.00001695076779519795
0xeba5ba85f72e40a9f2b8782c2bd51ec31a5564da,RDNT,0.0037162156348176
0xeba5ba85f72e40a9f2b8782c2bd51ec31a5564da,RNDR,-0.0023113851674311
0xeba5ba85f72e40a9f2b8782c2bd51ec31a5564da,RPL,-0.0032762827197048
0xeba5ba85f72e40a9f2b8782c2bd51ec31a5564da,RUNE,-0.0166871298584373
0xeba5ba85f72e40a9f2b8782c2bd51ec31a5564da,SFP,0.004610974434591
0xeba5ba85f72e40a9f2b8782c2bd51ec31a5564da,SFUND,-0.0010801410393206
0xeba5ba85f72e40a9f2b8782c2bd51ec31a5564da,SHIB,0.001852850690517
0xeba5ba85f72e40a9f2b8782c2bd51ec31a5564da,SOL,0.001313261425567
0xeba5ba85f72e40a9f2b8782c2bd51ec31a5564da,STG,-0.0022474004822274
0xeba5ba85f72e40a9f2b8782c2bd51ec31a5564da,SUI,-0.0048663753673862
0xeba5ba85f72e40a9f2b8782c2bd51ec31a5564da,SUSHI,0.0016708048260105
0xeba5ba85f72e40a9f2b8782c2bd51ec31a5564da,TIA,-0.0023213584704749
0xeba5ba85f72e40a9f2b8782c2bd51ec31a5564da,TOKEN,-0.0013265472314379
0xeba5ba85f72e40a9f2b8782c2bd51ec31a5564da,TRX,0.0084205493242577
0xeba5ba85f72e40a9f2b8782c2bd51ec31a5564da,UNI,0.0191158674315127
0xeba5ba85f72e40a9f2b8782c2bd51ec31a5564da,USDT,-0.0023851456729519
0xeba5ba85f72e40a9f2b8782c2bd51ec31a5564da,XLM,0.0003266722160923
0xeba5ba85f72e40a9f2b8782c2bd51ec31a5564da,XMR,-0.0071360416151602
0xeba5ba85f72e40a9f2b8782c2bd51ec31a5564da,XRP,0.0100612298378864
0xeba5ba85f72e40a9f2b8782c2bd51ec31a5564da,XTZ,0.0117881428062533
0xeba5ba85f72e40a9f2b8782c2bd51ec31a5564da,XVS,-0.00814244221016
0xeba5ba85f72e40a9f2b8782c2bd51ec31a5564da,YFI,0.0015196997226275
0xf097ed117dd3930f1eeb91569a6a61b4c52744c8,AAVE,0.08989386
0xf097ed117dd3930f1eeb91569a6a61b4c52744c8,ADA,0.009134821
0xf097ed117dd3930f1eeb91569a6a61b4c52744c8,ALGO,0.0041557294
0xf097ed117dd3930f1eeb91569a6a61b4c52744c8,APE,-0.004087772
0xf097ed117dd3930f1eeb91569a6a61b4c52744c8,APT,-0.009233636
0xf097ed117dd3930f1eeb91569a6a61b4c52744c8,ATOM,0.022749776
0xf097ed117dd3930f1eeb91569a6a61b4c52744c8,AVAX,0.013265782
0xf097ed117dd3930f1eeb91569a6a61b4c52744c8,AXS,0.023264242
0xf097ed117dd3930f1eeb91569a6a61b4c52744c8,BAL,0.0032082328
0xf097ed117dd3930f1eeb91569a6a61b4c52744c8,BCH,0.005632573
0xf097ed117dd3930f1eeb91569a6a61b4c52744c8,BLUR,-0.024498371
0xf097ed117dd3930f1eeb91569a6a61b4c52744c8,BNB,-0.025321981
0xf097ed117dd3930f1eeb91569a6a61b4c52744c8,BONK,0.003806337
0xf097ed117dd3930f1eeb91569a6a61b4c52744c8,BTC,-0.017618548
0xf097ed117dd3930f1eeb91569a6a61b4c52744c8,C98,0.006813596
0xf097ed117dd3930f1eeb91569a6a61b4c52744c8,CAKE,0.016847355
0xf097ed117dd3930f1eeb91569a6a61b4c52744c8,COMP,0.0341967
0xf097ed117dd3930f1eeb91569a6a61b4c52744c8,CRV,0.019927846
0xf097ed117dd3930f1eeb91569a6a61b4c52744c8,CVX,-0.0022513082
0xf097ed117dd3930f1eeb91569a6a61b4c52744c8,DAI,0.026437556
0xf097ed117dd3930f1eeb91569a6a61b4c52744c8,DAO,0.00030464632
0xf097ed117dd3930f1eeb91569a6a61b4c52744c8,DOGE,0.013939423
0xf097ed117dd3930f1eeb91569a6a61b4c52744c8,DOT,0.045961305
0xf097ed117dd3930f1eeb91569a6a61b4c52744c8,DYDX,-0.004732266
0xf097ed117dd3930f1eeb91569a6a61b4c52744c8,EOS,0.004209461
0xf097ed117dd3930f1eeb91569a6a61b4c52744c8,ETC,-0.0013167027
0xf097ed117dd3930f1eeb91569a6a61b4c52744c8,ETH,-0.011227369
0xf097ed117dd3930f1eeb91569a6a61b4c52744c8,FET,-0.009232043
0xf097ed117dd3930f1eeb91569a6a61b4c52744c8,FIL,0.023340894
0xf097ed117dd3930f1eeb91569a6a61b4c52744c8,FRAX,0.015960796
0xf097ed117dd3930f1eeb91569a6a61b4c52744c8,FTM,0.00065249816
0xf097ed117dd3930f1eeb91569a6a61b4c52744c8,FXS,0.05244575
0xf097ed117dd3930f1eeb91569a6a61b4c52744c8,GRT,0.00059292064
0xf097ed117dd3930f1eeb91569a6a61b4c52744c8,HAI,0.0017901612
0xf097ed117dd3930f1eeb91569a6a61b4c52744c8,HERO,-0.0040157037
0xf097ed117dd3930f1eeb91569a6a61b4c52744c8,ICP,-0.011042449
0xf097ed117dd3930f1eeb91569a6a61b4c52744c8,IMX,-0.00066434144
0xf097ed117dd3930f1eeb91569a6a61b4c52744c8,INJ,0.019427758
0xf097ed117dd3930f1eeb91569a6a61b4c52744c8,LDO,-0.0028253922
0xf097ed117dd3930f1eeb91569a6a61b4c52744c8,LINK,0.0058573303
0xf097ed117dd3930f1eeb91569a6a61b4c52744c8,LTC,0.00016618126
0xf097ed117dd3930f1eeb91569a6a61b4c52744c8,MATIC,0.019925404
0xf097ed117dd3930f1eeb91569a6a61b4c52744c8,MAV,-0.012989876
0xf097ed117dd3930f1eeb91569a6a61b4c52744c8,MBOX,-0.02119216
0xf097ed117dd3930f1eeb91569a6a61b4c52744c8,MKR,0.0010545682
0xf097ed117dd3930f1eeb91569a6a61b4c52744c8,MOON,0.02937917
0xf097ed117dd3930f1eeb91569a6a61b4c52744c8,NEAR,-0.022067899
0xf097ed117dd3930f1eeb91569a6a61b4c52744c8,OP,-0.02140733
0xf097ed117dd3930f1eeb91569a6a61b4c52744c8,PENDLE,-0.010360745
0xf097ed117dd3930f1eeb91569a6a61b4c52744c8,PEPE,-0.008542345
0xf097ed117dd3930f1eeb91569a6a61b4c52744c8,PERP,0.007954861
0xf097ed117dd3930f1eeb91569a6a61b4c52744c8,PIT,0.0029697937
0xf097ed117dd3930f1eeb91569a6a61b4c52744c8,POLS,0.008122817
0xf097ed117dd3930f1eeb91569a6a61b4c52744c8,PYTH,0.0010639395
0xf097ed117dd3930f1eeb91569a6a61b4c52744c8,QUACK,-0.0033111265
0xf097ed117dd3930f1eeb91569a6a61b4c52744c8,RDNT,-0.0030295828
0xf097ed117dd3930f1eeb91569a6a61b4c52744c8,RNDR,0.00051971566
0xf097ed117dd3930f1eeb91569a6a61b4c52744c8,RPL,-0.011457278
0xf097ed117dd3930f1eeb91569a6a61b4c52744c8,RUNE,-0.00095484086
0xf097ed117dd3930f1eeb91569a6a61b4c52744c8,SFP,0.019300109
0xf097ed117dd3930f1eeb91569a6a61b4c52744c8,SFUND,-0.0028019084
0xf097ed117dd3930f1eeb91569a6a61b4c52744c8,SHIB,-0.003963005
0xf097ed117dd3930f1eeb91569a6a61b4c52744c8,SOL,0.02652757
0xf097ed117dd3930f1eeb91569a6a61b4c52744c8,STG,-0.00416934
0xf097ed117dd3930f1eeb91569a6a61b4c52744c8,SUI,0.013094057
0xf097ed117dd3930f1eeb91569a6a61b4c52744c8,SUSHI,0.0011884508
0xf097ed117dd3930f1eeb91569a6a61b4c52744c8,TIA,-0.0030966478
0xf097ed117dd3930f1eeb91569a6a61b4c52744c8,TOKEN,-0.015024629
0xf097ed117dd3930f1eeb91569a6a61b4c52744c8,TRX,0.0018707454
0xf097ed117dd3930f1eeb91569a6a61b4c52744c8,UNI,0.016622305
0xf097ed117dd3930f1eeb91569a6a61b4c52744c8,USDT,0.0058206287
0xf097ed117dd3930f1eeb91569a6a61b4c52744c8,XLM,0.0020382565
0xf097ed117dd3930f1eeb91569a6a61b4c52744c8,XMR,-0.0031664015
0xf097ed117dd3930f1eeb91569a6a61b4c52744c8,XRP,0.027296348
0xf097ed117dd3930f1eeb91569a6a61b4c52744c8,XTZ,0.025289018
0xf097ed117dd3930f1eeb91569a6a61b4c52744c8,XVS,-0.0063466444
0xf097ed117dd3930f1eeb91569a6a61b4c52744c8,YFI,0.0028810543
0xf5061bd41966374d89ddeada574602b3784e3d98,AAVE,-0.0635419409140991
0xf5061bd41966374d89ddeada574602b3784e3d98,ADA,0.096164364274999
0xf5061bd41966374d89ddeada574602b3784e3d98,ALGO,-0.0127319874638398
0xf5061bd41966374d89ddeada574602b3784e3d98,APE,-0.1479498165724858
0xf5061bd41966374d89ddeada574602b3784e3d98,APT,-0.0841087768437259
0xf5061bd41966374d89ddeada574602b3784e3d98,ATOM,-0.0434647093299528
0xf5061bd41966374d89ddeada574602b3784e3d98,AVAX,0.1685578215960589
0xf5061bd41966374d89ddeada574602b3784e3d98,AXS,0.2229505370799623
0xf5061bd41966374d89ddeada574602b3784e3d98,BAL,-0.1291320985465661
0xf5061bd41966374d89ddeada574602b3784e3d98,BCH,0.2379826343723322
0xf5061bd41966374d89ddeada574602b3784e3d98,BLUR,-0.0102606597353498
0xf5061bd41966374d89ddeada574602b3784e3d98,BNB,0.0220632989922946
0xf5061bd41966374d89ddeada574602b3784e3d98,BONK,0.2796788969097462
0xf5061bd41966374d89ddeada574602b3784e3d98,BTC,-0.096238370032964
0xf5061bd41966374d89ddeada574602b3784e3d98,C98,-0.1411442809026695
0xf5061bd41966374d89ddeada574602b3784e3d98,CAKE,0.2010630829868973
0xf5061bd41966374d89ddeada574602b3784e3d98,COMP,0.0155111010435592
0xf5061bd41966374d89ddeada574602b3784e3d98,CRV,0.0722460247563975
0xf5061bd41966374d89ddeada574602b3784e3d98,CVX,-0.1264459344260484
0xf5061bd41966374d89ddeada574602b3784e3d98,DAI,0.0026122077238301
0xf5061bd41966374d89ddeada574602b3784e3d98,DAO,-0.1141062804639768
0xf5061bd41966374d89ddeada574602b3784e3d98,DOGE,0.9464218574660426
0xf5061bd41966374d89ddeada574602b3784e3d98,DOT,0.02974407957146
0xf5061bd41966374d89ddeada574602b3784e3d98,DYDX,-0.1311529484238899
0xf5061bd41966374d89ddeada574602b3784e3d98,EOS,-0.1213467066038991
0xf5061bd41966374d89ddeada574602b3784e3d98,ETC,0.3855032676281227
0xf5061bd41966374d89ddeada574602b3784e3d98,ETH,-0.0444278214894928
0xf5061bd41966374d89ddeada574602b3784e3d98,FET,0.0225684264287595
0xf5061bd41966374d89ddeada574602b3784e3d98,FIL,0.1328223861171384
0xf5061bd41966374d89ddeada574602b3784e3d98,FRAX,-0.001087083105493
0xf5061bd41966374d89ddeada574602b3784e3d98,FTM,0.1692938756190292
0xf5061bd41966374d89ddeada574602b3784e3d98,FXS,-0.0679835231325334
0xf5061bd41966374d89ddeada574602b3784e3d98,GRT,-0.1465474466025879
0xf5061bd41966374d89ddeada574602b3784e3d98,HAI,0.0486840953918512
0xf5061bd41966374d89ddeada574602b3784e3d98,HERO,0.077282381350853
0xf5061bd41966374d89ddeada574602b3784e3d98,ICP,0.1590564637723772
0xf5061bd41966374d89ddeada574602b3784e3d98,IMX,0.0155962699415889
0xf5061bd41966374d89ddeada574602b3784e3d98,INJ,-0.0666102046305375
0xf5061bd41966374d89ddeada574602b3784e3d98,LDO,0.2752346892679531
0xf5061bd41966374d89ddeada574602b3784e3d98,LINK,0.0494174753687973
0xf5061bd41966374d89ddeada574602b3784e3d98,LTC,-0.1122462507763656
0xf5061bd41966374d89ddeada574602b3784e3d98,MATIC,-0.0070136266946285
0xf5061bd41966374d89ddeada574602b3784e3d98,MAV,-0.1195541963383809
0xf5061bd41966374d89ddeada574602b3784e3d98,MBOX,-0.0629366011336513
0xf5061bd41966374d89ddeada574602b3784e3d98,MKR,0.1601977198772519
0xf5061bd41966374d89ddeada574602b3784e3d98,MOON,0.2683761469340466
0xf5061bd41966374d89ddeada574602b3784e3d98,NEAR,-0.0410224598623061
0xf5061bd41966374d89ddeada574602b3784e3d98,OP,0.0887122515093836
0xf5061bd41966374d89ddeada574602b3784e3d98,PENDLE,-0.0323312301451565
0xf5061bd41966374d89ddeada574602b3784e3d98,PEPE,0.9710372746788678
0xf5061bd41966374d89ddeada574602b3784e3d98,PERP,0.1114192910725399
0xf5061bd41966374d89ddeada574602b3784e3d98,PIT,0.0869404378912016
0xf5061bd41966374d89ddeada574602b3784e3d98,POLS,-0.0667878094852849
0xf5061bd41966374d89ddeada574602b3784e3d98,PYTH,-0.0569312032490516
0xf5061bd41966374d89ddeada574602b3784e3d98,QUACK,-0.0344726622463227
0xf5061bd41966374d89ddeada574602b3784e3d98,RDNT,-0.1606701746681798
0xf5061bd41966374d89ddeada574602b3784e3d98,RNDR,0.066820842808409
0xf5061bd41966374d89ddeada574602b3784e3d98,RPL,0.1899392731561858
0xf5061bd41966374d89ddeada574602b3784e3d98,RUNE,-0.0101669620152238
0xf5061bd41966374d89ddeada574602b3784e3d98,SFP,-0.0266496887993444
0xf5061bd41966374d89ddeada574602b3784e3d98,SFUND,0.1304350399378797
0xf5061bd41966374d89ddeada574602b3784e3d98,SHIB,0.5721887257184883
0xf5061bd41966374d89ddeada574602b3784e3d98,SOL,-0.0982986603346944
0xf5061bd41966374d89ddeada574602b3784e3d98,STG,-0.0420747942292823
0xf5061bd41966374d89ddeada574602b3784e3d98,SUI,0.0613201168828624
0xf5061bd41966374d89ddeada574602b3784e3d98,SUSHI,-0.0579122734207828
0xf5061bd41966374d89ddeada574602b3784e3d98,TIA,-0.0646038491281541
0xf5061bd41966374d89ddeada574602b3784e3d98,TOKEN,0.1535598333923536
0xf5061bd41966374d89ddeada574602b3784e3d98,TRX,0.118224471708355
0xf5061bd41966374d89ddeada574602b3784e3d98,UNI,-0.1143191019026791
0xf5061bd41966374d89ddeada574602b3784e3d98,USDT,0.0008030217398959
0xf5061bd41966374d89ddeada574602b3784e3d98,XLM,0.0958177471633442
0xf5061bd41966374d89ddeada574602b3784e3d98,XMR,-0.0306840099654514
0xf5061bd41966374d89ddeada574602b3784e3d98,XRP,0.097983544834612
0xf5061bd41966374d89ddeada574602b3784e3d98,XTZ,-0.0735962238078023
0xf5061bd41966374d89ddeada574602b3784e3d98,XVS,-0.1258137202559976
0xf5061bd41966374d89ddeada574602b3784e3d98,YFI,-0.0776043636486792
0xf8d50e3283fb6bf41260f7f294a48587d2a9b1fa,AAVE,0.1164896287190473
0xf8d50e3283fb6bf41260f7f294a48587d2a9b1fa,ADA,0.0682559236624257
0xf8d50e3283fb6bf41260f7f294a48587d2a9b1fa,ALGO,-0.0003450153386367
0xf8d50e3283fb6bf41260f7f294a48587d2a9b1fa,APE,0.0053782375161821
0xf8d50e3283fb6bf41260f7f294a48587d2a9b1fa,APT,-0.0072284229366274
0xf8d50e3283fb6bf41260f7f294a48587d2a9b1fa,ATOM,0.0997642270096118
0xf8d50e3283fb6bf41260f7f294a48587d2a9b1fa,AVAX,0.0352917693906847
0xf8d50e3283fb6bf41260f7f294a48587d2a9b1fa,AXS,0.0460583036795848
0xf8d50e3283fb6bf41260f7f294a48587d2a9b1fa,BAL,0.0492461690382233
0xf8d50e3283fb6bf41260f7f294a48587d2a9b1fa,BCH,-0.0044521267232715
0xf8d50e3283fb6bf41260f7f294a48587d2a9b1fa,BLUR,0.0516917151671983
0xf8d50e3283fb6bf41260f7f294a48587d2a9b1fa,BNB,0.0059355649999143
0xf8d50e3283fb6bf41260f7f294a48587d2a9b1fa,BONK,-0.0016729752168855
0xf8d50e3283fb6bf41260f7f294a48587d2a9b1fa,BTC,0.1016641539281392
0xf8d50e3283fb6bf41260f7f294a48587d2a9b1fa,C98,0.0329643414142378
0xf8d50e3283fb6bf41260f7f294a48587d2a9b1fa,CAKE,0.0382218029527846
0xf8d50e3283fb6bf41260f7f294a48587d2a9b1fa,COMP,0.0533405037351177
0xf8d50e3283fb6bf41260f7f294a48587d2a9b1fa,CRV,-0.0089361597820864
0xf8d50e3283fb6bf41260f7f294a48587d2a9b1fa,CVX,0.0458867541981397
0xf8d50e3283fb6bf41260f7f294a48587d2a9b1fa,DAI,-0.0056882399334518
0xf8d50e3283fb6bf41260f7f294a48587d2a9b1fa,DAO,0.0385823306227086
0xf8d50e3283fb6bf41260f7f294a48587d2a9b1fa,DOGE,0.0012265659668078
0xf8d50e3283fb6bf41260f7f294a48587d2a9b1fa,DOT,0.0496399738661901
0xf8d50e3283fb6bf41260f7f294a48587d2a9b1fa,DYDX,0.102456562217639
0xf8d50e3283fb6bf41260f7f294a48587d2a9b1fa,EOS,0.0178640030608448
0xf8d50e3283fb6bf41260f7f294a48587d2a9b1fa,ETC,-0.0075507109034175
0xf8d50e3283fb6bf41260f7f294a48587d2a9b1fa,ETH,0.1268865256919595
0xf8d50e3283fb6bf41260f7f294a48587d2a9b1fa,FET,-0.0036979071005175
0xf8d50e3283fb6bf41260f7f294a48587d2a9b1fa,FIL,0.0449444054488035
0xf8d50e3283fb6bf41260f7f294a48587d2a9b1fa,FRAX,0.0554860542444657
0xf8d50e3283fb6bf41260f7f294a48587d2a9b1fa,FTM,0.0202684666162748
0xf8d50e3283fb6bf41260f7f294a48587d2a9b1fa,FXS,0.0536396907718752
0xf8d50e3283fb6bf41260f7f294a48587d2a9b1fa,GRT,0.0270136327753837
0xf8d50e3283fb6bf41260f7f294a48587d2a9b1fa,HAI,0.0314212913978721
0xf8d50e3283fb6bf41260f7f294a48587d2a9b1fa,HERO,0.0236991712562498
0xf8d50e3283fb6bf41260f7f294a48587d2a9b1fa,ICP,0.0375409224343376
0xf8d50e3283fb6bf41260f7f294a48587d2a9b1fa,IMX,0.0478538700920435
0xf8d50e3283fb6bf41260f7f294a48587d2a9b1fa,INJ,0.1022698758543808
0xf8d50e3283fb6bf41260f7f294a48587d2a9b1fa,LDO,0.0739984271216942
0xf8d50e3283fb6bf41260f7f294a48587d2a9b1fa,LINK,0.016040122777495
0xf8d50e3283fb6bf41260f7f294a48587d2a9b1fa,LTC,0.000237665865257
0xf8d50e3283fb6bf41260f7f294a48587d2a9b1fa,MATIC,0.029261752232195
0xf8d50e3283fb6bf41260f7f294a48587d2a9b1fa,MAV,0.0440476368383758
0xf8d50e3283fb6bf41260f7f294a48587d2a9b1fa,MBOX,0.0419482077858674
0xf8d50e3283fb6bf41260f7f294a48587d2a9b1fa,MKR,0.0784703148933011
0xf8d50e3283fb6bf41260f7f294a48587d2a9b1fa,MOON,0.0093189189289155
0xf8d50e3283fb6bf41260f7f294a48587d2a9b1fa,NEAR,-0.0113167727117024
0xf8d50e3283fb6bf41260f7f294a48587d2a9b1fa,OP,-0.0097491176885652
0xf8d50e3283fb6bf41260f7f294a48587d2a9b1fa,PENDLE,0.0249617788557236
0xf8d50e3283fb6bf41260f7f294a48587d2a9b1fa,PEPE,0.0314179873771443
0xf8d50e3283fb6bf41260f7f294a48587d2a9b1fa,PERP,0.0332686098800972
0xf8d50e3283fb6bf41260f7f294a48587d2a9b1fa,PIT,0.0530254392075478
0xf8d50e3283fb6bf41260f7f294a48587d2a9b1fa,POLS,0.0690888071884337
0xf8d50e3283fb6bf41260f7f294a48587d2a9b1fa,PYTH,0.00656819308125
0xf8d50e3283fb6bf41260f7f294a48587d2a9b1fa,QUACK,0.0747854055433274
0xf8d50e3283fb6bf41260f7f294a48587d2a9b1fa,RDNT,0.0725556146930606
0xf8d50e3283fb6bf41260f7f294a48587d2a9b1fa,RNDR,0.0112224615748215
0xf8d50e3283fb6bf41260f7f294a48587d2a9b1fa,RPL,0.0382161743817926
0xf8d50e3283fb6bf41260f7f294a48587d2a9b1fa,RUNE,0.0018141281626836
0xf8d50e3283fb6bf41260f7f294a48587d2a9b1fa,SFP,0.0656091424778834
0xf8d50e3283fb6bf41260f7f294a48587d2a9b1fa,SFUND,0.0291352189204093
0xf8d50e3283fb6bf41260f7f294a48587d2a9b1fa,SHIB,0.0180697929758623
0xf8d50e3283fb6bf41260f7f294a48587d2a9b1fa,SOL,0.1355008084539342
0xf8d50e3283fb6bf41260f7f294a48587d2a9b1fa,STG,0.0296446770257676
0xf8d50e3283fb6bf41260f7f294a48587d2a9b1fa,SUI,0.0209967383465952
0xf8d50e3283fb6bf41260f7f294a48587d2a9b1fa,SUSHI,0.0291244623108757
0xf8d50e3283fb6bf41260f7f294a48587d2a9b1fa,TIA,0.0306497836429683
0xf8d50e3283fb6bf41260f7f294a48587d2a9b1fa,TOKEN,0.0039536041777328
0xf8d50e3283fb6bf41260f7f294a48587d2a9b1fa,TRX,0.0598603984697443
0xf8d50e3283fb6bf41260f7f294a48587d2a9b1fa,UNI,0.0860689190832312
0xf8d50e3283fb6bf41260f7f294a48587d2a9b1fa,USDT,0.0330976638391502
0xf8d50e3283fb6bf41260f7f294a48587d2a9b1fa,XLM,0.0177966813464724
0xf8d50e3283fb6bf41260f7f294a48587d2a9b1fa,XMR,-0.0246554808100597
0xf8d50e3283fb6bf41260f7f294a48587d2a9b1fa,XRP,-0.0056323244706823
0xf8d50e3283fb6bf41260f7f294a48587d2a9b1fa,XTZ,0.0653630565633412
0xf8d50e3283fb6bf41260f7f294a48587d2a9b1fa,XVS,0.0518222581937831
0xf8d50e3283fb6bf41260f7f294a48587d2a9b1fa,YFI,0.009425194731963
0xfb2744ba3942d3bbf6717448e82299b731ca7ae7,AAVE,0.0199998043495882
0xfb2744ba3942d3bbf6717448e82299b731ca7ae7,ADA,0.0014167797761076
0xfb2744ba3942d3bbf6717448e82299b731ca7ae7,ALGO,0.0078164780204033
0xfb2744ba3942d3bbf6717448e82299b731ca7ae7,APE,-0.0026020181342052
0xfb2744ba3942d3bbf6717448e82299b731ca7ae7,APT,0.007130766479387
0xfb2744ba3942d3bbf6717448e82299b731ca7ae7,ATOM,0.0121941895317904
0xfb2744ba3942d3bbf6717448e82299b731ca7ae7,AVAX,0.0142059033677269
0xfb2744ba3942d3bbf6717448e82299b731ca7ae7,AXS,0.0022657671026705
0xfb2744ba3942d3bbf6717448e82299b731ca7ae7,BAL,0.0072371072131199
0xfb2744ba3942d3bbf6717448e82299b731ca7ae7,BCH,0.0015699613201119
0xfb2744ba3942d3bbf6717448e82299b731ca7ae7,BLUR,-0.0044442823715047
0xfb2744ba3942d3bbf6717448e82299b731ca7ae7,BNB,-0.0002402115081033
0xfb2744ba3942d3bbf6717448e82299b731ca7ae7,BONK,0.0017398433780658
0xfb2744ba3942d3bbf6717448e82299b731ca7ae7,BTC,-0.010087657789698
0xfb2744ba3942d3bbf6717448e82299b731ca7ae7,C98,0.0040676370071419
0xfb2744ba3942d3bbf6717448e82299b731ca7ae7,CAKE,0.0154420569963079
0xfb2744ba3942d3bbf6717448e82299b731ca7ae7,COMP,0.0005590433532082
0xfb2744ba3942d3bbf6717448e82299b731ca7ae7,CRV,-0.005545469842404
0xfb2744ba3942d3bbf6717448e82299b731ca7ae7,CVX,0.0003977482933659
0xfb2744ba3942d3bbf6717448e82299b731ca7ae7,DAI,0.0190055577121228
0xfb2744ba3942d3bbf6717448e82299b731ca7ae7,DAO,0.0015405058758699
0xfb2744ba3942d3bbf6717448e82299b731ca7ae7,DOGE,0.0004124347036224
0xfb2744ba3942d3bbf6717448e82299b731ca7ae7,DOT,0.0335758902387612
0xfb2744ba3942d3bbf6717448e82299b731ca7ae7,DYDX,-0.0063992103167748
0xfb2744ba3942d3bbf6717448e82299b731ca7ae7,EOS,0.004282001821202
0xfb2744ba3942d3bbf6717448e82299b731ca7ae7,ETC,-0.0025818549286149
0xfb2744ba3942d3bbf6717448e82299b731ca7ae7,ETH,-0.0129370124589042
0xfb2744ba3942d3bbf6717448e82299b731ca7ae7,FET,0.0046390206988115
0xfb2744ba3942d3bbf6717448e82299b731ca7ae7,FIL,0.0022868405371935
0xfb2744ba3942d3bbf6717448e82299b731ca7ae7,FRAX,0.0142748886511009
0xfb2744ba3942d3bbf6717448e82299b731ca7ae7,FTM,0.0004878079405507
0xfb2744ba3942d3bbf6717448e82299b731ca7ae7,FXS,0.0300600442375831
0xfb2744ba3942d3bbf6717448e82299b731ca7ae7,GRT,0.0025769737234351
0xfb2744ba3942d3bbf6717448e82299b731ca7ae7,HAI,0.0001231561187493
0xfb2744ba3942d3bbf6717448e82299b731ca7ae7,HERO,-0.0008556377196119
0xfb2744ba3942d3bbf6717448e82299b731ca7ae7,ICP,-0.0049644263198878
0xfb2744ba3942d3bbf6717448e82299b731ca7ae7,IMX,-0.0049257315487117
0xfb2744ba3942d3bbf6717448e82299b731ca7ae7,INJ,0.0280309945389736
0xfb2744ba3942d3bbf6717448e82299b731ca7ae7,LDO,0.0057545823041657
0xfb2744ba3942d3bbf6717448e82299b731ca7ae7,LINK,0.0074795459267353
0xfb2744ba3942d3bbf6717448e82299b731ca7ae7,LTC,0.0051168948683115
0xfb2744ba3942d3bbf6717448e82299b731ca7ae7,MATIC,-0.00008944159760865604
0xfb2744ba3942d3bbf6717448e82299b731ca7ae7,MAV,-0.0143957716251541
0xfb2744ba3942d3bbf6717448e82299b731ca7ae7,MBOX,-0.0080665053939925
0xfb2744ba3942d3bbf6717448e82299b731ca7ae7,MKR,-0.0072324336054216
0xfb2744ba3942d3bbf6717448e82299b731ca7ae7,MOON,0.0008925758533317
0xfb2744ba3942d3bbf6717448e82299b731ca7ae7,NEAR,-0.0244457428652723
0xfb2744ba3942d3bbf6717448e82299b731ca7ae7,OP,-0.0324785725619881
0xfb2744ba3942d3bbf6717448e82299b731ca7ae7,PENDLE,-0.0042893087459422
0xfb2744ba3942d3bbf6717448e82299b731ca7ae7,PEPE,0.000919437721645
0xfb2744ba3942d3bbf6717448e82299b731ca7ae7,PERP,0.0004111980893926
0xfb2744ba3942d3bbf6717448e82299b731ca7ae7,PIT,0.0131776399744889
0xfb2744ba3942d3bbf6717448e82299b731ca7ae7,POLS,0.0016124076424184
0xfb2744ba3942d3bbf6717448e82299b731ca7ae7,PYTH,0.0005514248478433
0xfb2744ba3942d3bbf6717448e82299b731ca7ae7,QUACK,0.0006142197416898
0xfb2744ba3942d3bbf6717448e82299b731ca7ae7,RDNT,-0.0038094473964253
0xfb2744ba3942d3bbf6717448e82299b731ca7ae7,RNDR,-0.0253495329306057
0xfb2744ba3942d3bbf6717448e82299b731ca7ae7,RPL,-0.0033173084643947
0xfb2744ba3942d3bbf6717448e82299b731ca7ae7,RUNE,-0.0140465483589256
0xfb2744ba3942d3bbf6717448e82299b731ca7ae7,SFP,0.0136552179459591
0xfb2744ba3942d3bbf6717448e82299b731ca7ae7,SFUND,0.00004240259405645233
0xfb2744ba3942d3bbf6717448e82299b731ca7ae7,SHIB,0.0035119253475684
0xfb2744ba3942d3bbf6717448e82299b731ca7ae7,SOL,0.00041874596514
0xfb2744ba3942d3bbf6717448e82299b731ca7ae7,STG,0.0001297439152902
0xfb2744ba3942d3bbf6717448e82299b731ca7ae7,SUI,-0.0059185070466016
0xfb2744ba3942d3bbf6717448e82299b731ca7ae7,SUSHI,0.0005973601213163
0xfb2744ba3942d3bbf6717448e82299b731ca7ae7,TIA,0.0101287103888671
0xfb2744ba3942d3bbf6717448e82299b731ca7ae7,TOKEN,-0.0069392059928392
0xfb2744ba3942d3bbf6717448e82299b731ca7ae7,TRX,0.0013921348230699
0xfb2744ba3942d3bbf6717448e82299b731ca7ae7,UNI,0.0156946452114892
0xfb2744ba3942d3bbf6717448e82299b731ca7ae7,USDT,-0.0046088739469746
0xfb2744ba3942d3bbf6717448e82299b731ca7ae7,XLM,-0.0046510263421003
0xfb2744ba3942d3bbf6717448e82299b731ca7ae7,XMR,0.0111064456414802
0xfb2744ba3942d3bbf6717448e82299b731ca7ae7,XRP,-0.0124266200667969
0xfb2744ba3942d3bbf6717448e82299b731ca7ae7,XTZ,0.0346299707766675
0xfb2744ba3942d3bbf6717448e82299b731ca7ae7,XVS,-0.000147749450264
0xfb2744ba3942d3bbf6717448e82299b731ca7ae7,YFI,0.0042998539946288
0xfb8bc3433016a64a3b8aa23c0275afe7c20feb53,AAVE,-0.011735907096232
0xfb8bc3433016a64a3b8aa23c0275afe7c20feb53,ADA,-0.0104110128874611
0xfb8bc3433016a64a3b8aa23c0275afe7c20feb53,ALGO,-0.0086789480771194
0xfb8bc3433016a64a3b8aa23c0275afe7c20feb53,APE,-0.009079171453812
0xfb8bc3433016a64a3b8aa23c0275afe7c20feb53,APT,-0.009920726175241
0xfb8bc3433016a64a3b8aa23c0275afe7c20feb53,ATOM,-0.009446126799128
0xfb8bc3433016a64a3b8aa23c0275afe7c20feb53,AVAX,-0.0099438905500771
0xfb8bc3433016a64a3b8aa23c0275afe7c20feb53,AXS,-0.009925556442322
0xfb8bc3433016a64a3b8aa23c0275afe7c20feb53,BAL,-0.0095034210834445
0xfb8bc3433016a64a3b8aa23c0275afe7c20feb53,BCH,-0.0098282407470577
0xfb8bc3433016a64a3b8aa23c0275afe7c20feb53,BLUR,-0.009925556442322
0xfb8bc3433016a64a3b8aa23c0275afe7c20feb53,BNB,-0.0088150262419114
0xfb8bc3433016a64a3b8aa23c0275afe7c20feb53,BONK,-0.010181494366073
0xfb8bc3433016a64a3b8aa23c0275afe7c20feb53,BTC,-0.0097562884660328
0xfb8bc3433016a64a3b8aa23c0275afe7c20feb53,C98,-0.010181494366073
0xfb8bc3433016a64a3b8aa23c0275afe7c20feb53,CAKE,-0.0078508779947151
0xfb8bc3433016a64a3b8aa23c0275afe7c20feb53,COMP,-0.0096258922482475
0xfb8bc3433016a64a3b8aa23c0275afe7c20feb53,CRV,-0.0104991157361496
0xfb8bc3433016a64a3b8aa23c0275afe7c20feb53,CVX,-0.0103474418932763
0xfb8bc3433016a64a3b8aa23c0275afe7c20feb53,DAI,-0.0092842964480199
0xfb8bc3433016a64a3b8aa23c0275afe7c20feb53,DAO,-0.010114516471415
0xfb8bc3433016a64a3b8aa23c0275afe7c20feb53,DOGE,-0.0103568562227496
0xfb8bc3433016a64a3b8aa23c0275afe7c20feb53,DOT,-0.0082884968680735
0xfb8bc3433016a64a3b8aa23c0275afe7c20feb53,DYDX,-0.0097174152436998
0xfb8bc3433016a64a3b8aa23c0275afe7c20feb53,EOS,-0.0097174152436998
0xfb8bc3433016a64a3b8aa23c0275afe7c20feb53,ETC,-0.0083289000973594
0xfb8bc3433016a64a3b8aa23c0275afe7c20feb53,ETH,-0.009183894680885
0xfb8bc3433016a64a3b8aa23c0275afe7c20feb53,FET,-0.0162744840423372
0xfb8bc3433016a64a3b8aa23c0275afe7c20feb53,FIL,-0.0092169505127084
0xfb8bc3433016a64a3b8aa23c0275afe7c20feb53,FRAX,-0.0101121388197964
0xfb8bc3433016a64a3b8aa23c0275afe7c20feb53,FTM,-0.0116849105933742
0xfb8bc3433016a64a3b8aa23c0275afe7c20feb53,FXS,-0.0101626148697894
0xfb8bc3433016a64a3b8aa23c0275afe7c20feb53,GRT,-0.0090866940535314
0xfb8bc3433016a64a3b8aa23c0275afe7c20feb53,HAI,-0.0097016736379281
0xfb8bc3433016a64a3b8aa23c0275afe7c20feb53,HERO,-0.009925556442322
0xfb8bc3433016a64a3b8aa23c0275afe7c20feb53,ICP,-0.0084160653711629
0xfb8bc3433016a64a3b8aa23c0275afe7c20feb53,IMX,-0.0114533936684373
0xfb8bc3433016a64a3b8aa23c0275afe7c20feb53,INJ,-0.0075429554089577
0xfb8bc3433016a64a3b8aa23c0275afe7c20feb53,LDO,-0.009925556442322
0xfb8bc3433016a64a3b8aa23c0275afe7c20feb53,LINK,-0.010524705533185
0xfb8bc3433016a64a3b8aa23c0275afe7c20feb53,LTC,-0.0098913069423611
0xfb8bc3433016a64a3b8aa23c0275afe7c20feb53,MATIC,-0.0082139722222141
0xfb8bc3433016a64a3b8aa23c0275afe7c20feb53,MAV,-0.0117092534015569
0xfb8bc3433016a64a3b8aa23c0275afe7c20feb53,MBOX,-0.009925556442322
0xfb8bc3433016a64a3b8aa23c0275afe7c20feb53,MKR,-0.0091764507312168
0xfb8bc3433016a64a3b8aa23c0275afe7c20feb53,MOON,-0.0078624388623402
0xfb8bc3433016a64a3b8aa23c0275afe7c20feb53,NEAR,-0.010825750476428
0xfb8bc3433016a64a3b8aa23c0275afe7c20feb53,OP,-0.0097148779742159
0xfb8bc3433016a64a3b8aa23c0275afe7c20feb53,PENDLE,-0.0112037093376468
0xfb8bc3433016a64a3b8aa23c0275afe7c20feb53,PEPE,-0.008437926816153
0xfb8bc3433016a64a3b8aa23c0275afe7c20feb53,PERP,-0.0096799929802277
0xfb8bc3433016a64a3b8aa23c0275afe7c20feb53,PIT,-0.009925556442322
0xfb8bc3433016a64a3b8aa23c0275afe7c20feb53,POLS,-0.009925556442322
0xfb8bc3433016a64a3b8aa23c0275afe7c20feb53,PYTH,-0.0103474418932763
0xfb8bc3433016a64a3b8aa23c0275afe7c20feb53,QUACK,-0.009925556442322
0xfb8bc3433016a64a3b8aa23c0275afe7c20feb53,RDNT,-0.009925556442322
0xfb8bc3433016a64a3b8aa23c0275afe7c20feb53,RNDR,-0.0139408542869496
0xfb8bc3433016a64a3b8aa23c0275afe7c20feb53,RPL,-0.0102431465457072
0xfb8bc3433016a64a3b8aa23c0275afe7c20feb53,RUNE,-0.0115631687272138
0xfb8bc3433016a64a3b8aa23c0275afe7c20feb53,SFP,-0.0092256425864671
0xfb8bc3433016a64a3b8aa23c0275afe7c20feb53,SFUND,-0.009925556442322
0xfb8bc3433016a64a3b8aa23c0275afe7c20feb53,SHIB,-0.0084229768494049
0xfb8bc3433016a64a3b8aa23c0275afe7c20feb53,SOL,-0.0109930400228056
0xfb8bc3433016a64a3b8aa23c0275afe7c20feb53,STG,-0.009925556442322
0xfb8bc3433016a64a3b8aa23c0275afe7c20feb53,SUI,-0.0096223416880486
0xfb8bc3433016a64a3b8aa23c0275afe7c20feb53,SUSHI,-0.009925556442322
0xfb8bc3433016a64a3b8aa23c0275afe7c20feb53,TIA,-0.009925556442322
0xfb8bc3433016a64a3b8aa23c0275afe7c20feb53,TOKEN,-0.009925556442322
0xfb8bc3433016a64a3b8aa23c0275afe7c20feb53,TRX,-0.0097561214933254
0xfb8bc3433016a64a3b8aa23c0275afe7c20feb53,UNI,-0.0086384517175317
0xfb8bc3433016a64a3b8aa23c0275afe7c20feb53,USDT,-0.008106838449711
0xfb8bc3433016a64a3b8aa23c0275afe7c20feb53,XLM,-0.0100767910101929
0xfb8bc3433016a64a3b8aa23c0275afe7c20feb53,XMR,-0.0090570347653935
0xfb8bc3433016a64a3b8aa23c0275afe7c20feb53,XRP,-0.0086956760875362
0xfb8bc3433016a64a3b8aa23c0275afe7c20feb53,XTZ,-0.0086404472273388
0xfb8bc3433016a64a3b8aa23c0275afe7c20feb53,XVS,-0.009925556442322
0xfb8bc3433016a64a3b8aa23c0275afe7c20feb53,YFI,-0.009925556442322
0xfe3c3f351e6df846566e10119e4295ed69b2cd72,AAVE,0.06408711
0xfe3c3f351e6df846566e10119e4295ed69b2cd72,ADA,-0.018864024
0xfe3c3f351e6df846566e10119e4295ed69b2cd72,ALGO,0.023375202
0xfe3c3f351e6df846566e10119e4295ed69b2cd72,APE,-0.031793978
0xfe3c3f351e6df846566e10119e4295ed69b2cd72,APT,-0.0006032113
0xfe3c3f351e6df846566e10119e4295ed69b2cd72,ATOM,-0.004905514
0xfe3c3f351e6df846566e10119e4295ed69b2cd72,AVAX,0.010133628
0xfe3c3f351e6df846566e10119e4295ed69b2cd72,AXS,-0.00036383886
0xfe3c3f351e6df846566e10119e4295ed69b2cd72,BAL,0.00377953
0xfe3c3f351e6df846566e10119e4295ed69b2cd72,BCH,0.0066824523
0xfe3c3f351e6df846566e10119e4295ed69b2cd72,BLUR,-0.00082999584
0xfe3c3f351e6df846566e10119e4295ed69b2cd72,BNB,-0.00861736
0xfe3c3f351e6df846566e10119e4295ed69b2cd72,BONK,-0.0057259267
0xfe3c3f351e6df846566e10119e4295ed69b2cd72,BTC,-0.038728166
0xfe3c3f351e6df846566e10119e4295ed69b2cd72,C98,0.010831598
0xfe3c3f351e6df846566e10119e4295ed69b2cd72,CAKE,-0.005656548
0xfe3c3f351e6df846566e10119e4295ed69b2cd72,COMP,0.018997235
0xfe3c3f351e6df846566e10119e4295ed69b2cd72,CRV,-0.0042864694
0xfe3c3f351e6df846566e10119e4295ed69b2cd72,CVX,0.0014512115
0xfe3c3f351e6df846566e10119e4295ed69b2cd72,DAI,-0.008806836
0xfe3c3f351e6df846566e10119e4295ed69b2cd72,DAO,0.024751434
0xfe3c3f351e6df846566e10119e4295ed69b2cd72,DOGE,0.013771684
0xfe3c3f351e6df846566e10119e4295ed69b2cd72,DOT,0.035208635
0xfe3c3f351e6df846566e10119e4295ed69b2cd72,DYDX,-0.02457235
0xfe3c3f351e6df846566e10119e4295ed69b2cd72,EOS,0.001409051
0xfe3c3f351e6df846566e10119e4295ed69b2cd72,ETC,-0.035844628
0xfe3c3f351e6df846566e10119e4295ed69b2cd72,ETH,0.008633159
0xfe3c3f351e6df846566e10119e4295ed69b2cd72,FET,0.015151187
0xfe3c3f351e6df846566e10119e4295ed69b2cd72,FIL,-0.0020514063
0xfe3c3f351e6df846566e10119e4295ed69b2cd72,FRAX,0.040449012
0xfe3c3f351e6df846566e10119e4295ed69b2cd72,FTM,0.009510509
0xfe3c3f351e6df846566e10119e4295ed69b2cd72,FXS,0.054877233
0xfe3c3f351e6df846566e10119e4295ed69b2cd72,GRT,-0.0008178323
0xfe3c3f351e6df846566e10119e4295ed69b2cd72,HAI,0.010817236
0xfe3c3f351e6df846566e10119e4295ed69b2cd72,HERO,0.00060717657
0xfe3c3f351e6df846566e10119e4295ed69b2cd72,ICP,-0.016959526
0xfe3c3f351e6df846566e10119e4295ed69b2cd72,IMX,-0.0022061733
0xfe3c3f351e6df846566e10119e4295ed69b2cd72,INJ,0.04549703
0xfe3c3f351e6df846566e10119e4295ed69b2cd72,LDO,-0.011538932
0xfe3c3f351e6df846566e10119e4295ed69b2cd72,LINK,0.01068921
0xfe3c3f351e6df846566e10119e4295ed69b2cd72,LTC,-0.005280628
0xfe3c3f351e6df846566e10119e4295ed69b2cd72,MATIC,0.017279614
0xfe3c3f351e6df846566e10119e4295ed69b2cd72,MAV,-0.0036748515
0xfe3c3f351e6df846566e10119e4295ed69b2cd72,MBOX,-0.0057353918
0xfe3c3f351e6df846566e10119e4295ed69b2cd72,MKR,-0.029433774
0xfe3c3f351e6df846566e10119e4295ed69b2cd72,MOON,-0.031497035
0xfe3c3f351e6df846566e10119e4295ed69b2cd72,NEAR,-0.01878362
0xfe3c3f351e6df846566e10119e4295ed69b2cd72,OP,-0.05839606
0xfe3c3f351e6df846566e10119e4295ed69b2cd72,PENDLE,-0.012905149
0xfe3c3f351e6df846566e10119e4295ed69b2cd72,PEPE,-0.002939601
0xfe3c3f351e6df846566e10119e4295ed69b2cd72,PERP,0.013548427
0xfe3c3f351e6df846566e10119e4295ed69b2cd72,PIT,0.0056208274
0xfe3c3f351e6df846566e10119e4295ed69b2cd72,POLS,0.008664817
0xfe3c3f351e6df846566e10119e4295ed69b2cd72,PYTH,0.0017873617
0xfe3c3f351e6df846566e10119e4295ed69b2cd72,QUACK,-0.004236024
0xfe3c3f351e6df846566e10119e4295ed69b2cd72,RDNT,-0.006194407
0xfe3c3f351e6df846566e10119e4295ed69b2cd72,RNDR,-0.019333394
0xfe3c3f351e6df846566e10119e4295ed69b2cd72,RPL,-0.0008306921
0xfe3c3f351e6df846566e10119e4295ed69b2cd72,RUNE,-0.01462871
0xfe3c3f351e6df846566e10119e4295ed69b2cd72,SFP,0.005768998
0xfe3c3f351e6df846566e10119e4295ed69b2cd72,SFUND,-0.015248053
0xfe3c3f351e6df846566e10119e4295ed69b2cd72,SHIB,-0.00013851092
0xfe3c3f351e6df846566e10119e4295ed69b2cd72,SOL,0.0050585703
0xfe3c3f351e6df846566e10119e4295ed69b2cd72,STG,0.0009843443
0xfe3c3f351e6df846566e10119e4295ed69b2cd72,SUI,-0.007125194
0xfe3c3f351e6df846566e10119e4295ed69b2cd72,SUSHI,-0.0038262282
0xfe3c3f351e6df846566e10119e4295ed69b2cd72,TIA,-0.0030562647
0xfe3c3f351e6df846566e10119e4295ed69b2cd72,TOKEN,-0.00068464555
0xfe3c3f351e6df846566e10119e4295ed69b2cd72,TRX,0.008521558
0xfe3c3f351e6df846566e10119e4295ed69b2cd72,UNI,0.058457512
0xfe3c3f351e6df846566e10119e4295ed69b2cd72,USDT,-0.007343162
0xfe3c3f351e6df846566e10119e4295ed69b2cd72,XLM,0.008104151
0xfe3c3f351e6df846566e10119e4295ed69b2cd72,XMR,0.0015961892
0xfe3c3f351e6df846566e10119e4295ed69b2cd72,XRP,0.053075925
0xfe3c3f351e6df846566e10119e4295ed69b2cd72,XTZ,0.005856413
0xfe3c3f351e6df846566e10119e4295ed69b2cd72,XVS,-0.009096872
0xfe3c3f351e6df846566e10119e4295ed69b2cd72,YFI,-0.00023598298
