address,symbol,prediction
0x04e1dd13ef029f573cf717f094a6b601b9e03550,1INCH,-0.0016772151
0x04e1dd13ef029f573cf717f094a6b601b9e03550,AAVE,-0.00019651651
0x04e1dd13ef029f573cf717f094a6b601b9e03550,ADA,-0.0011771321
0x04e1dd13ef029f573cf717f094a6b601b9e03550,ALGO,-0.013817847
0x04e1dd13ef029f573cf717f094a6b601b9e03550,ATOM,-0.007435143
0x04e1dd13ef029f573cf717f094a6b601b9e03550,AVAX,-0.0022670627
0x04e1dd13ef029f573cf717f094a6b601b9e03550,BCH,-0.0017918348
0x04e1dd13ef029f573cf717f094a6b601b9e03550,BTC,-0.0031873584
0x04e1dd13ef029f573cf717f094a6b601b9e03550,CELO,0.0011085272
0x04e1dd13ef029f573cf717f094a6b601b9e03550,COMP,-0.00119555
0x04e1dd13ef029f573cf717f094a6b601b9e03550,CRV,0.00065767765
0x04e1dd13ef029f573cf717f094a6b601b9e03550,DOGE,-0.005051017
0x04e1dd13ef029f573cf717f094a6b601b9e03550,DOT,-0.0036216974
0x04e1dd13ef029f573cf717f094a6b601b9e03550,ENJ,-0.0065441728
0x04e1dd13ef029f573cf717f094a6b601b9e03550,EOS,0.006970525
0x04e1dd13ef029f573cf717f094a6b601b9e03550,ETC,-0.006563306
0x04e1dd13ef029f573cf717f094a6b601b9e03550,ETH,-0.0036628842
0x04e1dd13ef029f573cf717f094a6b601b9e03550,FIL,-0.004054129
0x04e1dd13ef029f573cf717f094a6b601b9e03550,ICP,-0.0072190166
0x04e1dd13ef029f573cf717f094a6b601b9e03550,LINK,-0.00017738342
0x04e1dd13ef029f573cf717f094a6b601b9e03550,LTC,-0.0034445524
0x04e1dd13ef029f573cf717f094a6b601b9e03550,MATIC,-0.0024722219
0x04e1dd13ef029f573cf717f094a6b601b9e03550,MKR,-0.000007688999
0x04e1dd13ef029f573cf717f094a6b601b9e03550,NEAR,-0.0060584545
0x04e1dd13ef029f573cf717f094a6b601b9e03550,RUNE,-0.007737994
0x04e1dd13ef029f573cf717f094a6b601b9e03550,SNX,-0.0055556893
0x04e1dd13ef029f573cf717f094a6b601b9e03550,SOL,-0.0017994642
0x04e1dd13ef029f573cf717f094a6b601b9e03550,SUSHI,-0.002355516
0x04e1dd13ef029f573cf717f094a6b601b9e03550,TRX,-0.00040864944
0x04e1dd13ef029f573cf717f094a6b601b9e03550,UMA,-0.013128996
0x04e1dd13ef029f573cf717f094a6b601b9e03550,UNI,-0.0016778708
0x04e1dd13ef029f573cf717f094a6b601b9e03550,XLM,-0.009453237
0x04e1dd13ef029f573cf717f094a6b601b9e03550,XMR,-0.0014028549
0x04e1dd13ef029f573cf717f094a6b601b9e03550,XTZ,0.0030156374
0x04e1dd13ef029f573cf717f094a6b601b9e03550,YFI,-0.0034199357
0x04e1dd13ef029f573cf717f094a6b601b9e03550,ZEC,-0.000004351139
0x04e1dd13ef029f573cf717f094a6b601b9e03550,ZRX,0.0040705204
0x05af269c4ff706ae439648c97b788fa391539dec,1INCH,-0.2418454180508342
0x05af269c4ff706ae439648c97b788fa391539dec,AAVE,-0.1197277841620356
0x05af269c4ff706ae439648c97b788fa391539dec,ADA,-0.0047404783462687
0x05af269c4ff706ae439648c97b788fa391539dec,ALGO,-0.0947784214231957
0x05af269c4ff706ae439648c97b788fa391539dec,ATOM,-0.0300005036297573
0x05af269c4ff706ae439648c97b788fa391539dec,AVAX,0.048637079971272
0x05af269c4ff706ae439648c97b788fa391539dec,BCH,0.1517611310706837
0x05af269c4ff706ae439648c97b788fa391539dec,BTC,-0.0305454841846659
0x05af269c4ff706ae439648c97b788fa391539dec,CELO,-0.1249804386288528
0x05af269c4ff706ae439648c97b788fa391539dec,COMP,-0.0456140327938842
0x05af269c4ff706ae439648c97b788fa391539dec,CRV,0.0524593009025461
0x05af269c4ff706ae439648c97b788fa391539dec,DOGE,0.6205015768678963
0x05af269c4ff706ae439648c97b788fa391539dec,DOT,-0.0496664042439592
0x05af269c4ff706ae439648c97b788fa391539dec,ENJ,0.1268977040663089
0x05af269c4ff706ae439648c97b788fa391539dec,EOS,-0.1894456750729434
0x05af269c4ff706ae439648c97b788fa391539dec,ETC,0.2138001739437565
0x05af269c4ff706ae439648c97b788fa391539dec,ETH,-0.0467651721151635
0x05af269c4ff706ae439648c97b788fa391539dec,FIL,0.0212708961377154
0x05af269c4ff706ae439648c97b788fa391539dec,ICP,0.0381420645338125
0x05af269c4ff706ae439648c97b788fa391539dec,LINK,0.0050668173176676
0x05af269c4ff706ae439648c97b788fa391539dec,LTC,-0.1671147723166554
0x05af269c4ff706ae439648c97b788fa391539dec,MATIC,-0.0750182499715015
0x05af269c4ff706ae439648c97b788fa391539dec,MKR,0.2358484630619125
0x05af269c4ff706ae439648c97b788fa391539dec,NEAR,-0.1147342691292394
0x05af269c4ff706ae439648c97b788fa391539dec,RUNE,-0.1258388630197616
0x05af269c4ff706ae439648c97b788fa391539dec,SNX,-0.1005468886376711
0x05af269c4ff706ae439648c97b788fa391539dec,SOL,-0.0897265896178192
0x05af269c4ff706ae439648c97b788fa391539dec,SUSHI,-0.1409509105614253
0x05af269c4ff706ae439648c97b788fa391539dec,TRX,-0.0163892504839244
0x05af269c4ff706ae439648c97b788fa391539dec,UMA,0.1334276851811199
0x05af269c4ff706ae439648c97b788fa391539dec,UNI,-0.1767317419189484
0x05af269c4ff706ae439648c97b788fa391539dec,XLM,-0.0268243943248086
0x05af269c4ff706ae439648c97b788fa391539dec,XMR,-0.0534446808194616
0x05af269c4ff706ae439648c97b788fa391539dec,XTZ,-0.143966159557522
0x05af269c4ff706ae439648c97b788fa391539dec,YFI,-0.0985962063664696
0x05af269c4ff706ae439648c97b788fa391539dec,ZEC,-0.1936229787228211
0x05af269c4ff706ae439648c97b788fa391539dec,ZRX,-0.0828387272821334
0x063af2c2952d7799ce1eac2f1a85c7b4aa4fe553,1INCH,0.00034256963
0x063af2c2952d7799ce1eac2f1a85c7b4aa4fe553,AAVE,-0.033035696
0x063af2c2952d7799ce1eac2f1a85c7b4aa4fe553,ADA,0.03707695
0x063af2c2952d7799ce1eac2f1a85c7b4aa4fe553,ALGO,-0.0070991586
0x063af2c2952d7799ce1eac2f1a85c7b4aa4fe553,ATOM,-0.021434458
0x063af2c2952d7799ce1eac2f1a85c7b4aa4fe553,AVAX,-0.008446953
0x063af2c2952d7799ce1eac2f1a85c7b4aa4fe553,BCH,0.0009683765
0x063af2c2952d7799ce1eac2f1a85c7b4aa4fe553,BTC,0.00072193996
0x063af2c2952d7799ce1eac2f1a85c7b4aa4fe553,CELO,-0.0068030404
0x063af2c2952d7799ce1eac2f1a85c7b4aa4fe553,COMP,0.0040928572
0x063af2c2952d7799ce1eac2f1a85c7b4aa4fe553,CRV,0.001045171
0x063af2c2952d7799ce1eac2f1a85c7b4aa4fe553,DOGE,-0.0031901025
0x063af2c2952d7799ce1eac2f1a85c7b4aa4fe553,DOT,-0.0018169387
0x063af2c2952d7799ce1eac2f1a85c7b4aa4fe553,ENJ,-0.02738623
0x063af2c2952d7799ce1eac2f1a85c7b4aa4fe553,EOS,0.0044955313
0x063af2c2952d7799ce1eac2f1a85c7b4aa4fe553,ETC,-0.06507417
0x063af2c2952d7799ce1eac2f1a85c7b4aa4fe553,ETH,-0.016140297
0x063af2c2952d7799ce1eac2f1a85c7b4aa4fe553,FIL,-0.014409531
0x063af2c2952d7799ce1eac2f1a85c7b4aa4fe553,ICP,-0.024549427
0x063af2c2952d7799ce1eac2f1a85c7b4aa4fe553,LINK,-0.006097903
0x063af2c2952d7799ce1eac2f1a85c7b4aa4fe553,LTC,0.00036830935
0x063af2c2952d7799ce1eac2f1a85c7b4aa4fe553,MATIC,-0.03806052
0x063af2c2952d7799ce1eac2f1a85c7b4aa4fe553,MKR,-0.0084901275
0x063af2c2952d7799ce1eac2f1a85c7b4aa4fe553,NEAR,-0.05020129
0x063af2c2952d7799ce1eac2f1a85c7b4aa4fe553,RUNE,-0.00011313156
0x063af2c2952d7799ce1eac2f1a85c7b4aa4fe553,SNX,-0.045754652
0x063af2c2952d7799ce1eac2f1a85c7b4aa4fe553,SOL,-0.0016416346
0x063af2c2952d7799ce1eac2f1a85c7b4aa4fe553,SUSHI,-0.030282242
0x063af2c2952d7799ce1eac2f1a85c7b4aa4fe553,TRX,-0.03775882
0x063af2c2952d7799ce1eac2f1a85c7b4aa4fe553,UMA,0.011559396
0x063af2c2952d7799ce1eac2f1a85c7b4aa4fe553,UNI,-0.017198188
0x063af2c2952d7799ce1eac2f1a85c7b4aa4fe553,XLM,-0.0076650865
0x063af2c2952d7799ce1eac2f1a85c7b4aa4fe553,XMR,0.0061931866
0x063af2c2952d7799ce1eac2f1a85c7b4aa4fe553,XTZ,-0.027728837
0x063af2c2952d7799ce1eac2f1a85c7b4aa4fe553,YFI,0.012675756
0x063af2c2952d7799ce1eac2f1a85c7b4aa4fe553,ZEC,0.032225136
0x063af2c2952d7799ce1eac2f1a85c7b4aa4fe553,ZRX,-0.046706818
0x0651efb6e070e659c6e030cea8d5e25b016d684e,1INCH,0.0198757260593033
0x0651efb6e070e659c6e030cea8d5e25b016d684e,AAVE,0.0201744434516103
0x0651efb6e070e659c6e030cea8d5e25b016d684e,ADA,0.0212938871229626
0x0651efb6e070e659c6e030cea8d5e25b016d684e,ALGO,0.0192729492771103
0x0651efb6e070e659c6e030cea8d5e25b016d684e,ATOM,0.02123163617737
0x0651efb6e070e659c6e030cea8d5e25b016d684e,AVAX,0.0172831959072013
0x0651efb6e070e659c6e030cea8d5e25b016d684e,BCH,0.0177451098304065
0x0651efb6e070e659c6e030cea8d5e25b016d684e,BTC,0.0198360089958871
0x0651efb6e070e659c6e030cea8d5e25b016d684e,CELO,0.0193658957979457
0x0651efb6e070e659c6e030cea8d5e25b016d684e,COMP,0.0206865282022988
0x0651efb6e070e659c6e030cea8d5e25b016d684e,CRV,0.0227674175450442
0x0651efb6e070e659c6e030cea8d5e25b016d684e,DOGE,0.0227110669045921
0x0651efb6e070e659c6e030cea8d5e25b016d684e,DOT,0.0176918141956743
0x0651efb6e070e659c6e030cea8d5e25b016d684e,ENJ,0.0203582264481911
0x0651efb6e070e659c6e030cea8d5e25b016d684e,EOS,0.0197075912504896
0x0651efb6e070e659c6e030cea8d5e25b016d684e,ETC,0.0176525308081728
0x0651efb6e070e659c6e030cea8d5e25b016d684e,ETH,0.0193305463816364
0x0651efb6e070e659c6e030cea8d5e25b016d684e,FIL,0.0198161199667104
0x0651efb6e070e659c6e030cea8d5e25b016d684e,ICP,0.0217798928874378
0x0651efb6e070e659c6e030cea8d5e25b016d684e,LINK,0.0177818274759692
0x0651efb6e070e659c6e030cea8d5e25b016d684e,LTC,0.0156549340252955
0x0651efb6e070e659c6e030cea8d5e25b016d684e,MATIC,0.0203568682595408
0x0651efb6e070e659c6e030cea8d5e25b016d684e,MKR,0.0177412531238263
0x0651efb6e070e659c6e030cea8d5e25b016d684e,NEAR,0.0227424565040605
0x0651efb6e070e659c6e030cea8d5e25b016d684e,RUNE,0.0204307344894031
0x0651efb6e070e659c6e030cea8d5e25b016d684e,SNX,0.0198904822693288
0x0651efb6e070e659c6e030cea8d5e25b016d684e,SOL,0.0174420097673987
0x0651efb6e070e659c6e030cea8d5e25b016d684e,SUSHI,0.0199525048868849
0x0651efb6e070e659c6e030cea8d5e25b016d684e,TRX,0.0185784006465463
0x0651efb6e070e659c6e030cea8d5e25b016d684e,UMA,0.0167294704451967
0x0651efb6e070e659c6e030cea8d5e25b016d684e,UNI,0.0203893949414353
0x0651efb6e070e659c6e030cea8d5e25b016d684e,XLM,0.0198645106370755
0x0651efb6e070e659c6e030cea8d5e25b016d684e,XMR,0.0188957157757633
0x0651efb6e070e659c6e030cea8d5e25b016d684e,XTZ,0.0190496827864005
0x0651efb6e070e659c6e030cea8d5e25b016d684e,YFI,0.0204882972280799
0x0651efb6e070e659c6e030cea8d5e25b016d684e,ZEC,0.0202487815860221
0x0651efb6e070e659c6e030cea8d5e25b016d684e,ZRX,0.0208322227516455
0x14186932e2c83b9e2bd5d39c04265cfb4646859b,1INCH,0.029831294
0x14186932e2c83b9e2bd5d39c04265cfb4646859b,AAVE,0.029831294
0x14186932e2c83b9e2bd5d39c04265cfb4646859b,ADA,0.029831294
0x14186932e2c83b9e2bd5d39c04265cfb4646859b,ALGO,0.029831294
0x14186932e2c83b9e2bd5d39c04265cfb4646859b,ATOM,0.029831294
0x14186932e2c83b9e2bd5d39c04265cfb4646859b,AVAX,0.029831294
0x14186932e2c83b9e2bd5d39c04265cfb4646859b,BCH,0.029831294
0x14186932e2c83b9e2bd5d39c04265cfb4646859b,BTC,0.029120933
0x14186932e2c83b9e2bd5d39c04265cfb4646859b,CELO,0.029831294
0x14186932e2c83b9e2bd5d39c04265cfb4646859b,COMP,0.029831294
0x14186932e2c83b9e2bd5d39c04265cfb4646859b,CRV,0.029831294
0x14186932e2c83b9e2bd5d39c04265cfb4646859b,DOGE,0.028424393
0x14186932e2c83b9e2bd5d39c04265cfb4646859b,DOT,0.029831294
0x14186932e2c83b9e2bd5d39c04265cfb4646859b,ENJ,0.029831294
0x14186932e2c83b9e2bd5d39c04265cfb4646859b,EOS,0.029831294
0x14186932e2c83b9e2bd5d39c04265cfb4646859b,ETC,0.029831294
0x14186932e2c83b9e2bd5d39c04265cfb4646859b,ETH,0.029323278
0x14186932e2c83b9e2bd5d39c04265cfb4646859b,FIL,0.029831294
0x14186932e2c83b9e2bd5d39c04265cfb4646859b,ICP,0.029831294
0x14186932e2c83b9e2bd5d39c04265cfb4646859b,LINK,0.029831294
0x14186932e2c83b9e2bd5d39c04265cfb4646859b,LTC,0.029513419
0x14186932e2c83b9e2bd5d39c04265cfb4646859b,MATIC,0.029494002
0x14186932e2c83b9e2bd5d39c04265cfb4646859b,MKR,0.029831294
0x14186932e2c83b9e2bd5d39c04265cfb4646859b,NEAR,0.029831294
0x14186932e2c83b9e2bd5d39c04265cfb4646859b,RUNE,0.029831294
0x14186932e2c83b9e2bd5d39c04265cfb4646859b,SNX,0.029831294
0x14186932e2c83b9e2bd5d39c04265cfb4646859b,SOL,0.028424393
0x14186932e2c83b9e2bd5d39c04265cfb4646859b,SUSHI,0.029831294
0x14186932e2c83b9e2bd5d39c04265cfb4646859b,TRX,0.028424393
0x14186932e2c83b9e2bd5d39c04265cfb4646859b,UMA,0.029831294
0x14186932e2c83b9e2bd5d39c04265cfb4646859b,UNI,0.029831294
0x14186932e2c83b9e2bd5d39c04265cfb4646859b,XLM,0.029831294
0x14186932e2c83b9e2bd5d39c04265cfb4646859b,XMR,0.029438809
0x14186932e2c83b9e2bd5d39c04265cfb4646859b,XTZ,0.029831294
0x14186932e2c83b9e2bd5d39c04265cfb4646859b,YFI,0.029831294
0x14186932e2c83b9e2bd5d39c04265cfb4646859b,ZEC,0.029831294
0x14186932e2c83b9e2bd5d39c04265cfb4646859b,ZRX,0.029831294
0x181a5bac1f070befbba81a97b68d0e788b4f9189,1INCH,-0.2330984866514627
0x181a5bac1f070befbba81a97b68d0e788b4f9189,AAVE,-0.1111491453614308
0x181a5bac1f070befbba81a97b68d0e788b4f9189,ADA,-0.0078113619257635
0x181a5bac1f070befbba81a97b68d0e788b4f9189,ALGO,-0.0498168444983744
0x181a5bac1f070befbba81a97b68d0e788b4f9189,ATOM,-0.0549295565462203
0x181a5bac1f070befbba81a97b68d0e788b4f9189,AVAX,0.0432735321766981
0x181a5bac1f070befbba81a97b68d0e788b4f9189,BCH,0.132578933844598
0x181a5bac1f070befbba81a97b68d0e788b4f9189,BTC,-0.0482682141526047
0x181a5bac1f070befbba81a97b68d0e788b4f9189,CELO,-0.1425798465881134
0x181a5bac1f070befbba81a97b68d0e788b4f9189,COMP,-0.0275770224300192
0x181a5bac1f070befbba81a97b68d0e788b4f9189,CRV,0.0814772162672693
0x181a5bac1f070befbba81a97b68d0e788b4f9189,DOGE,0.8485755651655238
0x181a5bac1f070befbba81a97b68d0e788b4f9189,DOT,-0.049473231119418
0x181a5bac1f070befbba81a97b68d0e788b4f9189,ENJ,0.1427776957779345
0x181a5bac1f070befbba81a97b68d0e788b4f9189,EOS,-0.2110314933121493
0x181a5bac1f070befbba81a97b68d0e788b4f9189,ETC,0.0928296967698077
0x181a5bac1f070befbba81a97b68d0e788b4f9189,ETH,-0.037457141642944
0x181a5bac1f070befbba81a97b68d0e788b4f9189,FIL,-0.0478444648198558
0x181a5bac1f070befbba81a97b68d0e788b4f9189,ICP,0.0485525830788068
0x181a5bac1f070befbba81a97b68d0e788b4f9189,LINK,-0.003992688769195
0x181a5bac1f070befbba81a97b68d0e788b4f9189,LTC,-0.1081186432257191
0x181a5bac1f070befbba81a97b68d0e788b4f9189,MATIC,-0.0793185251510733
0x181a5bac1f070befbba81a97b68d0e788b4f9189,MKR,0.225695748622971
0x181a5bac1f070befbba81a97b68d0e788b4f9189,NEAR,-0.0870657581978067
0x181a5bac1f070befbba81a97b68d0e788b4f9189,RUNE,-0.0970709252815513
0x181a5bac1f070befbba81a97b68d0e788b4f9189,SNX,-0.1102706083376345
0x181a5bac1f070befbba81a97b68d0e788b4f9189,SOL,-0.1157968546530194
0x181a5bac1f070befbba81a97b68d0e788b4f9189,SUSHI,-0.1598486022401193
0x181a5bac1f070befbba81a97b68d0e788b4f9189,TRX,-0.04308316352521
0x181a5bac1f070befbba81a97b68d0e788b4f9189,UMA,0.1682992566081478
0x181a5bac1f070befbba81a97b68d0e788b4f9189,UNI,-0.1760119985138423
0x181a5bac1f070befbba81a97b68d0e788b4f9189,XLM,-0.066592226766749
0x181a5bac1f070befbba81a97b68d0e788b4f9189,XMR,-0.0523004217257802
0x181a5bac1f070befbba81a97b68d0e788b4f9189,XTZ,-0.1253479470820085
0x181a5bac1f070befbba81a97b68d0e788b4f9189,YFI,-0.11007720718586
0x181a5bac1f070befbba81a97b68d0e788b4f9189,ZEC,-0.2045916697605295
0x181a5bac1f070befbba81a97b68d0e788b4f9189,ZRX,-0.0756237124353824
0x1b1d704cfd260f0eeca05d495d4818ebeac2922f,1INCH,0.1111111111111111
0x1b1d704cfd260f0eeca05d495d4818ebeac2922f,AAVE,0.0
0x1b1d704cfd260f0eeca05d495d4818ebeac2922f,ADA,-0.0
0x1b1d704cfd260f0eeca05d495d4818ebeac2922f,ALGO,-0.0
0x1b1d704cfd260f0eeca05d495d4818ebeac2922f,ATOM,0.0
0x1b1d704cfd260f0eeca05d495d4818ebeac2922f,AVAX,-0.0
0x1b1d704cfd260f0eeca05d495d4818ebeac2922f,BCH,-0.0
0x1b1d704cfd260f0eeca05d495d4818ebeac2922f,BTC,-0.0
0x1b1d704cfd260f0eeca05d495d4818ebeac2922f,CELO,0.1111111111111111
0x1b1d704cfd260f0eeca05d495d4818ebeac2922f,COMP,0.1111111111111111
0x1b1d704cfd260f0eeca05d495d4818ebeac2922f,CRV,0.1111111111111111
0x1b1d704cfd260f0eeca05d495d4818ebeac2922f,DOGE,-0.0
0x1b1d704cfd260f0eeca05d495d4818ebeac2922f,DOT,0.0
0x1b1d704cfd260f0eeca05d495d4818ebeac2922f,ENJ,0.1111111111111111
0x1b1d704cfd260f0eeca05d495d4818ebeac2922f,EOS,0.0
0x1b1d704cfd260f0eeca05d495d4818ebeac2922f,ETC,0.0
0x1b1d704cfd260f0eeca05d495d4818ebeac2922f,ETH,0.0
0x1b1d704cfd260f0eeca05d495d4818ebeac2922f,FIL,-0.0
0x1b1d704cfd260f0eeca05d495d4818ebeac2922f,ICP,-0.0
0x1b1d704cfd260f0eeca05d495d4818ebeac2922f,LINK,0.0
0x1b1d704cfd260f0eeca05d495d4818ebeac2922f,LTC,0.0
0x1b1d704cfd260f0eeca05d495d4818ebeac2922f,MATIC,0.1111111111111111
0x1b1d704cfd260f0eeca05d495d4818ebeac2922f,MKR,0.1111111111111111
0x1b1d704cfd260f0eeca05d495d4818ebeac2922f,NEAR,0.0
0x1b1d704cfd260f0eeca05d495d4818ebeac2922f,RUNE,0.0
0x1b1d704cfd260f0eeca05d495d4818ebeac2922f,SNX,0.0
0x1b1d704cfd260f0eeca05d495d4818ebeac2922f,SOL,0.0
0x1b1d704cfd260f0eeca05d495d4818ebeac2922f,SUSHI,0.1111111111111111
0x1b1d704cfd260f0eeca05d495d4818ebeac2922f,TRX,0.0
0x1b1d704cfd260f0eeca05d495d4818ebeac2922f,UMA,0.1111111111111111
0x1b1d704cfd260f0eeca05d495d4818ebeac2922f,UNI,-0.0
0x1b1d704cfd260f0eeca05d495d4818ebeac2922f,XLM,0.0
0x1b1d704cfd260f0eeca05d495d4818ebeac2922f,XMR,0.0
0x1b1d704cfd260f0eeca05d495d4818ebeac2922f,XTZ,0.0
0x1b1d704cfd260f0eeca05d495d4818ebeac2922f,YFI,0.0
0x1b1d704cfd260f0eeca05d495d4818ebeac2922f,ZEC,0.0
0x1b1d704cfd260f0eeca05d495d4818ebeac2922f,ZRX,0.0
0x1be48b2b7594fe7e47701bc7e7bb83beaf84ecc0,1INCH,-0.0043610423
0x1be48b2b7594fe7e47701bc7e7bb83beaf84ecc0,AAVE,-0.012989629
0x1be48b2b7594fe7e47701bc7e7bb83beaf84ecc0,ADA,0.00022007442
0x1be48b2b7594fe7e47701bc7e7bb83beaf84ecc0,ALGO,-0.019141648
0x1be48b2b7594fe7e47701bc7e7bb83beaf84ecc0,ATOM,0.00003122466
0x1be48b2b7594fe7e47701bc7e7bb83beaf84ecc0,AVAX,-0.0027022932
0x1be48b2b7594fe7e47701bc7e7bb83beaf84ecc0,BCH,-0.019910086
0x1be48b2b7594fe7e47701bc7e7bb83beaf84ecc0,BTC,-0.0020985275
0x1be48b2b7594fe7e47701bc7e7bb83beaf84ecc0,CELO,-0.016474621
0x1be48b2b7594fe7e47701bc7e7bb83beaf84ecc0,COMP,0.0005898699
0x1be48b2b7594fe7e47701bc7e7bb83beaf84ecc0,CRV,-0.00016364336
0x1be48b2b7594fe7e47701bc7e7bb83beaf84ecc0,DOGE,-0.010924425
0x1be48b2b7594fe7e47701bc7e7bb83beaf84ecc0,DOT,-0.0049589695
0x1be48b2b7594fe7e47701bc7e7bb83beaf84ecc0,ENJ,-0.0047118114
0x1be48b2b7594fe7e47701bc7e7bb83beaf84ecc0,EOS,0.018487064
0x1be48b2b7594fe7e47701bc7e7bb83beaf84ecc0,ETC,-0.040922843
0x1be48b2b7594fe7e47701bc7e7bb83beaf84ecc0,ETH,0.009017257
0x1be48b2b7594fe7e47701bc7e7bb83beaf84ecc0,FIL,-0.018512469
0x1be48b2b7594fe7e47701bc7e7bb83beaf84ecc0,ICP,-0.040724985
0x1be48b2b7594fe7e47701bc7e7bb83beaf84ecc0,LINK,-0.00494285
0x1be48b2b7594fe7e47701bc7e7bb83beaf84ecc0,LTC,-0.006924078
0x1be48b2b7594fe7e47701bc7e7bb83beaf84ecc0,MATIC,0.005282504
0x1be48b2b7594fe7e47701bc7e7bb83beaf84ecc0,MKR,0.04515508
0x1be48b2b7594fe7e47701bc7e7bb83beaf84ecc0,NEAR,-0.011943393
0x1be48b2b7594fe7e47701bc7e7bb83beaf84ecc0,RUNE,-0.009956534
0x1be48b2b7594fe7e47701bc7e7bb83beaf84ecc0,SNX,-0.004296024
0x1be48b2b7594fe7e47701bc7e7bb83beaf84ecc0,SOL,-0.0311854
0x1be48b2b7594fe7e47701bc7e7bb83beaf84ecc0,SUSHI,-0.0071283253
0x1be48b2b7594fe7e47701bc7e7bb83beaf84ecc0,TRX,-0.013773106
0x1be48b2b7594fe7e47701bc7e7bb83beaf84ecc0,UMA,-0.0000034384843
0x1be48b2b7594fe7e47701bc7e7bb83beaf84ecc0,UNI,0.00021219457
0x1be48b2b7594fe7e47701bc7e7bb83beaf84ecc0,XLM,0.0076158363
0x1be48b2b7594fe7e47701bc7e7bb83beaf84ecc0,XMR,0.0051805587
0x1be48b2b7594fe7e47701bc7e7bb83beaf84ecc0,XTZ,0.0009953455
0x1be48b2b7594fe7e47701bc7e7bb83beaf84ecc0,YFI,-0.009013981
0x1be48b2b7594fe7e47701bc7e7bb83beaf84ecc0,ZEC,-0.019206928
0x1be48b2b7594fe7e47701bc7e7bb83beaf84ecc0,ZRX,-0.014557043
0x1bfb6731ff80e75bf84bfe40a108723c5eb23d4f,1INCH,-0.0074387567245554
0x1bfb6731ff80e75bf84bfe40a108723c5eb23d4f,AAVE,-0.0397393602364041
0x1bfb6731ff80e75bf84bfe40a108723c5eb23d4f,ADA,0.0305282359636989
0x1bfb6731ff80e75bf84bfe40a108723c5eb23d4f,ALGO,-0.0379228881419923
0x1bfb6731ff80e75bf84bfe40a108723c5eb23d4f,ATOM,-0.0249173038457546
0x1bfb6731ff80e75bf84bfe40a108723c5eb23d4f,AVAX,-0.0059226047605204
0x1bfb6731ff80e75bf84bfe40a108723c5eb23d4f,BCH,0.0052374181757507
0x1bfb6731ff80e75bf84bfe40a108723c5eb23d4f,BTC,-0.0094219694918781
0x1bfb6731ff80e75bf84bfe40a108723c5eb23d4f,CELO,-0.0346553126309983
0x1bfb6731ff80e75bf84bfe40a108723c5eb23d4f,COMP,-0.0171732326997367
0x1bfb6731ff80e75bf84bfe40a108723c5eb23d4f,CRV,-0.00006037961012772581
0x1bfb6731ff80e75bf84bfe40a108723c5eb23d4f,DOGE,-0.0224338309843043
0x1bfb6731ff80e75bf84bfe40a108723c5eb23d4f,DOT,-0.0021547412719308
0x1bfb6731ff80e75bf84bfe40a108723c5eb23d4f,ENJ,-0.0147881669238643
0x1bfb6731ff80e75bf84bfe40a108723c5eb23d4f,EOS,0.0001361805331073
0x1bfb6731ff80e75bf84bfe40a108723c5eb23d4f,ETC,-0.0678121778886786
0x1bfb6731ff80e75bf84bfe40a108723c5eb23d4f,ETH,-0.0005617311332659
0x1bfb6731ff80e75bf84bfe40a108723c5eb23d4f,FIL,-0.0141577991507752
0x1bfb6731ff80e75bf84bfe40a108723c5eb23d4f,ICP,-0.0299044940116898
0x1bfb6731ff80e75bf84bfe40a108723c5eb23d4f,LINK,0.0006459566349677
0x1bfb6731ff80e75bf84bfe40a108723c5eb23d4f,LTC,-0.0020628409383848
0x1bfb6731ff80e75bf84bfe40a108723c5eb23d4f,MATIC,-0.0063630911366141
0x1bfb6731ff80e75bf84bfe40a108723c5eb23d4f,MKR,-0.0208449980349669
0x1bfb6731ff80e75bf84bfe40a108723c5eb23d4f,NEAR,-0.0540999122671162
0x1bfb6731ff80e75bf84bfe40a108723c5eb23d4f,RUNE,-0.0269480133221651
0x1bfb6731ff80e75bf84bfe40a108723c5eb23d4f,SNX,-0.0120392579127422
0x1bfb6731ff80e75bf84bfe40a108723c5eb23d4f,SOL,-0.0135017982491565
0x1bfb6731ff80e75bf84bfe40a108723c5eb23d4f,SUSHI,-0.0326418318381841
0x1bfb6731ff80e75bf84bfe40a108723c5eb23d4f,TRX,-0.0119802989587856
0x1bfb6731ff80e75bf84bfe40a108723c5eb23d4f,UMA,0.0182858242917564
0x1bfb6731ff80e75bf84bfe40a108723c5eb23d4f,UNI,-0.0148645898893971
0x1bfb6731ff80e75bf84bfe40a108723c5eb23d4f,XLM,-0.016989872000287
0x1bfb6731ff80e75bf84bfe40a108723c5eb23d4f,XMR,-0.0250519929008106
0x1bfb6731ff80e75bf84bfe40a108723c5eb23d4f,XTZ,-0.0387827111371775
0x1bfb6731ff80e75bf84bfe40a108723c5eb23d4f,YFI,-0.0180004129095773
0x1bfb6731ff80e75bf84bfe40a108723c5eb23d4f,ZEC,-0.0257112550451844
0x1bfb6731ff80e75bf84bfe40a108723c5eb23d4f,ZRX,-0.0421285352349868
0x2b23c36232eac432433a919aedd9a169031661c2,1INCH,-0.0031231064
0x2b23c36232eac432433a919aedd9a169031661c2,AAVE,-0.013087966
0x2b23c36232eac432433a919aedd9a169031661c2,ADA,0.010446684
0x2b23c36232eac432433a919aedd9a169031661c2,ALGO,-0.030630078
0x2b23c36232eac432433a919aedd9a169031661c2,ATOM,0.0050473125
0x2b23c36232eac432433a919aedd9a169031661c2,AVAX,0.003943914
0x2b23c36232eac432433a919aedd9a169031661c2,BCH,0.00603672
0x2b23c36232eac432433a919aedd9a169031661c2,BTC,0.0035487504
0x2b23c36232eac432433a919aedd9a169031661c2,CELO,-0.0014849296
0x2b23c36232eac432433a919aedd9a169031661c2,COMP,-0.002554967
0x2b23c36232eac432433a919aedd9a169031661c2,CRV,0.00087874354
0x2b23c36232eac432433a919aedd9a169031661c2,DOGE,-0.024284454
0x2b23c36232eac432433a919aedd9a169031661c2,DOT,-0.028582089
0x2b23c36232eac432433a919aedd9a169031661c2,ENJ,-0.012163957
0x2b23c36232eac432433a919aedd9a169031661c2,EOS,0.032241154
0x2b23c36232eac432433a919aedd9a169031661c2,ETC,-0.04851455
0x2b23c36232eac432433a919aedd9a169031661c2,ETH,0.00727886
0x2b23c36232eac432433a919aedd9a169031661c2,FIL,0.002569512
0x2b23c36232eac432433a919aedd9a169031661c2,ICP,-0.026085747
0x2b23c36232eac432433a919aedd9a169031661c2,LINK,0.005270784
0x2b23c36232eac432433a919aedd9a169031661c2,LTC,-0.0078104986
0x2b23c36232eac432433a919aedd9a169031661c2,MATIC,-0.020043151
0x2b23c36232eac432433a919aedd9a169031661c2,MKR,-0.0022904791
0x2b23c36232eac432433a919aedd9a169031661c2,NEAR,-0.021460999
0x2b23c36232eac432433a919aedd9a169031661c2,RUNE,-0.0006747945
0x2b23c36232eac432433a919aedd9a169031661c2,SNX,0.00036761365
0x2b23c36232eac432433a919aedd9a169031661c2,SOL,-0.014529828
0x2b23c36232eac432433a919aedd9a169031661c2,SUSHI,0.0029665392
0x2b23c36232eac432433a919aedd9a169031661c2,TRX,0.0013058694
0x2b23c36232eac432433a919aedd9a169031661c2,UMA,0.0052554086
0x2b23c36232eac432433a919aedd9a169031661c2,UNI,-0.01865342
0x2b23c36232eac432433a919aedd9a169031661c2,XLM,0.00023376966
0x2b23c36232eac432433a919aedd9a169031661c2,XMR,-0.029102795
0x2b23c36232eac432433a919aedd9a169031661c2,XTZ,-0.012802605
0x2b23c36232eac432433a919aedd9a169031661c2,YFI,0.0024261628
0x2b23c36232eac432433a919aedd9a169031661c2,ZEC,-0.012750056
0x2b23c36232eac432433a919aedd9a169031661c2,ZRX,-0.037765834
0x2e85c8101e01810adb4c1f6e878d7b0d8bbd70a1,1INCH,0.0072813359999999
0x2e85c8101e01810adb4c1f6e878d7b0d8bbd70a1,AAVE,0.012172644
0x2e85c8101e01810adb4c1f6e878d7b0d8bbd70a1,ADA,0.021006933
0x2e85c8101e01810adb4c1f6e878d7b0d8bbd70a1,ALGO,-0.0002453408385
0x2e85c8101e01810adb4c1f6e878d7b0d8bbd70a1,ATOM,0.0059789704
0x2e85c8101e01810adb4c1f6e878d7b0d8bbd70a1,AVAX,-0.0085084399999999
0x2e85c8101e01810adb4c1f6e878d7b0d8bbd70a1,BCH,0.0266180325
0x2e85c8101e01810adb4c1f6e878d7b0d8bbd70a1,BTC,0.0792742415
0x2e85c8101e01810adb4c1f6e878d7b0d8bbd70a1,CELO,0.0125373798
0x2e85c8101e01810adb4c1f6e878d7b0d8bbd70a1,COMP,0.0057648225
0x2e85c8101e01810adb4c1f6e878d7b0d8bbd70a1,CRV,0.0234791104999999
0x2e85c8101e01810adb4c1f6e878d7b0d8bbd70a1,DOGE,-0.0044540775
0x2e85c8101e01810adb4c1f6e878d7b0d8bbd70a1,DOT,-0.0042018362
0x2e85c8101e01810adb4c1f6e878d7b0d8bbd70a1,ENJ,0.00588374085
0x2e85c8101e01810adb4c1f6e878d7b0d8bbd70a1,EOS,0.019901141
0x2e85c8101e01810adb4c1f6e878d7b0d8bbd70a1,ETC,-0.0074838445
0x2e85c8101e01810adb4c1f6e878d7b0d8bbd70a1,ETH,-0.0002853526999999
0x2e85c8101e01810adb4c1f6e878d7b0d8bbd70a1,FIL,0.0170451993499999
0x2e85c8101e01810adb4c1f6e878d7b0d8bbd70a1,ICP,0.0205624574
0x2e85c8101e01810adb4c1f6e878d7b0d8bbd70a1,LINK,-0.0015597503499999
0x2e85c8101e01810adb4c1f6e878d7b0d8bbd70a1,LTC,-0.0035393392
0x2e85c8101e01810adb4c1f6e878d7b0d8bbd70a1,MATIC,0.001046923
0x2e85c8101e01810adb4c1f6e878d7b0d8bbd70a1,MKR,0.0116091119499999
0x2e85c8101e01810adb4c1f6e878d7b0d8bbd70a1,NEAR,-0.00628766365
0x2e85c8101e01810adb4c1f6e878d7b0d8bbd70a1,RUNE,0.00887246565
0x2e85c8101e01810adb4c1f6e878d7b0d8bbd70a1,SNX,0.0138629069999999
0x2e85c8101e01810adb4c1f6e878d7b0d8bbd70a1,SOL,0.2653894164
0x2e85c8101e01810adb4c1f6e878d7b0d8bbd70a1,SUSHI,0.00601995735
0x2e85c8101e01810adb4c1f6e878d7b0d8bbd70a1,TRX,0.0085123465
0x2e85c8101e01810adb4c1f6e878d7b0d8bbd70a1,UMA,0.0236645573499999
0x2e85c8101e01810adb4c1f6e878d7b0d8bbd70a1,UNI,0.005068062475
0x2e85c8101e01810adb4c1f6e878d7b0d8bbd70a1,XLM,0.0154427575
0x2e85c8101e01810adb4c1f6e878d7b0d8bbd70a1,XMR,0.0356223035
0x2e85c8101e01810adb4c1f6e878d7b0d8bbd70a1,XTZ,0.00981694925
0x2e85c8101e01810adb4c1f6e878d7b0d8bbd70a1,YFI,0.0235818143
0x2e85c8101e01810adb4c1f6e878d7b0d8bbd70a1,ZEC,0.046441324
0x2e85c8101e01810adb4c1f6e878d7b0d8bbd70a1,ZRX,0.0125681075
0x3e04d3e08ea54c34f721ac007107fe7a4bd957d5,1INCH,-0.0136612883888374
0x3e04d3e08ea54c34f721ac007107fe7a4bd957d5,AAVE,-0.0289062363212348
0x3e04d3e08ea54c34f721ac007107fe7a4bd957d5,ADA,0.0042163116231977
0x3e04d3e08ea54c34f721ac007107fe7a4bd957d5,ALGO,-0.0032121914831346
0x3e04d3e08ea54c34f721ac007107fe7a4bd957d5,ATOM,-0.0078653749160137
0x3e04d3e08ea54c34f721ac007107fe7a4bd957d5,AVAX,-0.0082798524090752
0x3e04d3e08ea54c34f721ac007107fe7a4bd957d5,BCH,0.0053286527164574
0x3e04d3e08ea54c34f721ac007107fe7a4bd957d5,BTC,-0.00193609038744
0x3e04d3e08ea54c34f721ac007107fe7a4bd957d5,CELO,-0.0157240771226655
0x3e04d3e08ea54c34f721ac007107fe7a4bd957d5,COMP,-0.0150171559999852
0x3e04d3e08ea54c34f721ac007107fe7a4bd957d5,CRV,0.007822216158088
0x3e04d3e08ea54c34f721ac007107fe7a4bd957d5,DOGE,-0.0026674823152042
0x3e04d3e08ea54c34f721ac007107fe7a4bd957d5,DOT,-0.006116728542842
0x3e04d3e08ea54c34f721ac007107fe7a4bd957d5,ENJ,-0.0033559288474378
0x3e04d3e08ea54c34f721ac007107fe7a4bd957d5,EOS,-0.0308250256364928
0x3e04d3e08ea54c34f721ac007107fe7a4bd957d5,ETC,-0.0148421867440571
0x3e04d3e08ea54c34f721ac007107fe7a4bd957d5,ETH,-0.0046702249812855
0x3e04d3e08ea54c34f721ac007107fe7a4bd957d5,FIL,-0.0336319217760483
0x3e04d3e08ea54c34f721ac007107fe7a4bd957d5,ICP,-0.0118305707488029
0x3e04d3e08ea54c34f721ac007107fe7a4bd957d5,LINK,0.0029377305941316
0x3e04d3e08ea54c34f721ac007107fe7a4bd957d5,LTC,-0.0112070213166654
0x3e04d3e08ea54c34f721ac007107fe7a4bd957d5,MATIC,-0.0004652936284847
0x3e04d3e08ea54c34f721ac007107fe7a4bd957d5,MKR,-0.0013215926063255
0x3e04d3e08ea54c34f721ac007107fe7a4bd957d5,NEAR,-0.0200049723586401
0x3e04d3e08ea54c34f721ac007107fe7a4bd957d5,RUNE,-0.0022936324043453
0x3e04d3e08ea54c34f721ac007107fe7a4bd957d5,SNX,-0.0232114672403659
0x3e04d3e08ea54c34f721ac007107fe7a4bd957d5,SOL,-0.0027431143369663
0x3e04d3e08ea54c34f721ac007107fe7a4bd957d5,SUSHI,-0.0168746965295004
0x3e04d3e08ea54c34f721ac007107fe7a4bd957d5,TRX,0.0029715720484531
0x3e04d3e08ea54c34f721ac007107fe7a4bd957d5,UMA,0.004671019137167
0x3e04d3e08ea54c34f721ac007107fe7a4bd957d5,UNI,-0.0046794753629905
0x3e04d3e08ea54c34f721ac007107fe7a4bd957d5,XLM,-0.0221754499117229
0x3e04d3e08ea54c34f721ac007107fe7a4bd957d5,XMR,0.0049649748252463
0x3e04d3e08ea54c34f721ac007107fe7a4bd957d5,XTZ,-0.050450882056816
0x3e04d3e08ea54c34f721ac007107fe7a4bd957d5,YFI,-0.0224785417323624
0x3e04d3e08ea54c34f721ac007107fe7a4bd957d5,ZEC,0.0005228528495705
0x3e04d3e08ea54c34f721ac007107fe7a4bd957d5,ZRX,-0.0217162456450188
0x3ebab08d24031caa95c4290b28f66e71bbe418e5,1INCH,-0.0068919477
0x3ebab08d24031caa95c4290b28f66e71bbe418e5,AAVE,-0.0015584318
0x3ebab08d24031caa95c4290b28f66e71bbe418e5,ADA,0.0062338365
0x3ebab08d24031caa95c4290b28f66e71bbe418e5,ALGO,-0.040733695
0x3ebab08d24031caa95c4290b28f66e71bbe418e5,ATOM,-0.011077847
0x3ebab08d24031caa95c4290b28f66e71bbe418e5,AVAX,-0.016909657
0x3ebab08d24031caa95c4290b28f66e71bbe418e5,BCH,0.0030163282
0x3ebab08d24031caa95c4290b28f66e71bbe418e5,BTC,0.0015917026
0x3ebab08d24031caa95c4290b28f66e71bbe418e5,CELO,-0.0052567967
0x3ebab08d24031caa95c4290b28f66e71bbe418e5,COMP,0.0063123857
0x3ebab08d24031caa95c4290b28f66e71bbe418e5,CRV,-0.007812329
0x3ebab08d24031caa95c4290b28f66e71bbe418e5,DOGE,-0.024949221
0x3ebab08d24031caa95c4290b28f66e71bbe418e5,DOT,-0.0051378156
0x3ebab08d24031caa95c4290b28f66e71bbe418e5,ENJ,-0.015855717
0x3ebab08d24031caa95c4290b28f66e71bbe418e5,EOS,-0.0030131142
0x3ebab08d24031caa95c4290b28f66e71bbe418e5,ETC,-0.049638487
0x3ebab08d24031caa95c4290b28f66e71bbe418e5,ETH,0.0139034
0x3ebab08d24031caa95c4290b28f66e71bbe418e5,FIL,-0.004015389
0x3ebab08d24031caa95c4290b28f66e71bbe418e5,ICP,-0.0158559
0x3ebab08d24031caa95c4290b28f66e71bbe418e5,LINK,0.0029759784
0x3ebab08d24031caa95c4290b28f66e71bbe418e5,LTC,0.013784941
0x3ebab08d24031caa95c4290b28f66e71bbe418e5,MATIC,-0.016971145
0x3ebab08d24031caa95c4290b28f66e71bbe418e5,MKR,0.007973087
0x3ebab08d24031caa95c4290b28f66e71bbe418e5,NEAR,-0.06534066
0x3ebab08d24031caa95c4290b28f66e71bbe418e5,RUNE,-0.060896154
0x3ebab08d24031caa95c4290b28f66e71bbe418e5,SNX,-0.015830215
0x3ebab08d24031caa95c4290b28f66e71bbe418e5,SOL,-0.021226317
0x3ebab08d24031caa95c4290b28f66e71bbe418e5,SUSHI,-0.04281983
0x3ebab08d24031caa95c4290b28f66e71bbe418e5,TRX,-0.0047750445
0x3ebab08d24031caa95c4290b28f66e71bbe418e5,UMA,0.009005927
0x3ebab08d24031caa95c4290b28f66e71bbe418e5,UNI,-0.004365097
0x3ebab08d24031caa95c4290b28f66e71bbe418e5,XLM,-0.002270739
0x3ebab08d24031caa95c4290b28f66e71bbe418e5,XMR,-0.026105957
0x3ebab08d24031caa95c4290b28f66e71bbe418e5,XTZ,-0.021431196
0x3ebab08d24031caa95c4290b28f66e71bbe418e5,YFI,0.0074799247
0x3ebab08d24031caa95c4290b28f66e71bbe418e5,ZEC,-0.018141393
0x3ebab08d24031caa95c4290b28f66e71bbe418e5,ZRX,-0.039384272
0x427ae6048c7d2ded45a07ea46f2873d0f9dddb35,1INCH,0.4718983252416767
0x427ae6048c7d2ded45a07ea46f2873d0f9dddb35,AAVE,0.5164113975450206
0x427ae6048c7d2ded45a07ea46f2873d0f9dddb35,ADA,0.496020589850299
0x427ae6048c7d2ded45a07ea46f2873d0f9dddb35,ALGO,0.4828972999408238
0x427ae6048c7d2ded45a07ea46f2873d0f9dddb35,ATOM,0.4907829451807353
0x427ae6048c7d2ded45a07ea46f2873d0f9dddb35,AVAX,0.4635710362455618
0x427ae6048c7d2ded45a07ea46f2873d0f9dddb35,BCH,0.5210735811809338
0x427ae6048c7d2ded45a07ea46f2873d0f9dddb35,BTC,0.5263195185444502
0x427ae6048c7d2ded45a07ea46f2873d0f9dddb35,CELO,0.4529053654082824
0x427ae6048c7d2ded45a07ea46f2873d0f9dddb35,COMP,0.435479035229685
0x427ae6048c7d2ded45a07ea46f2873d0f9dddb35,CRV,0.516546695120233
0x427ae6048c7d2ded45a07ea46f2873d0f9dddb35,DOGE,0.4978970379778725
0x427ae6048c7d2ded45a07ea46f2873d0f9dddb35,DOT,0.490855759069945
0x427ae6048c7d2ded45a07ea46f2873d0f9dddb35,ENJ,0.5175665521700432
0x427ae6048c7d2ded45a07ea46f2873d0f9dddb35,EOS,0.4835929819006317
0x427ae6048c7d2ded45a07ea46f2873d0f9dddb35,ETC,0.4438280922704981
0x427ae6048c7d2ded45a07ea46f2873d0f9dddb35,ETH,0.5031382873581259
0x427ae6048c7d2ded45a07ea46f2873d0f9dddb35,FIL,0.4840655387325684
0x427ae6048c7d2ded45a07ea46f2873d0f9dddb35,ICP,0.4125477131629886
0x427ae6048c7d2ded45a07ea46f2873d0f9dddb35,LINK,0.4887337442478389
0x427ae6048c7d2ded45a07ea46f2873d0f9dddb35,LTC,0.524431805009927
0x427ae6048c7d2ded45a07ea46f2873d0f9dddb35,MATIC,0.5041169792372621
0x427ae6048c7d2ded45a07ea46f2873d0f9dddb35,MKR,0.4824142053843383
0x427ae6048c7d2ded45a07ea46f2873d0f9dddb35,NEAR,0.465861538177638
0x427ae6048c7d2ded45a07ea46f2873d0f9dddb35,RUNE,0.5305692901239542
0x427ae6048c7d2ded45a07ea46f2873d0f9dddb35,SNX,0.4823705671662565
0x427ae6048c7d2ded45a07ea46f2873d0f9dddb35,SOL,0.4923565922281524
0x427ae6048c7d2ded45a07ea46f2873d0f9dddb35,SUSHI,0.5194330120721471
0x427ae6048c7d2ded45a07ea46f2873d0f9dddb35,TRX,0.484675249207964
0x427ae6048c7d2ded45a07ea46f2873d0f9dddb35,UMA,0.4846120353112427
0x427ae6048c7d2ded45a07ea46f2873d0f9dddb35,UNI,0.4832042229599469
0x427ae6048c7d2ded45a07ea46f2873d0f9dddb35,XLM,0.5347438417838004
0x427ae6048c7d2ded45a07ea46f2873d0f9dddb35,XMR,0.5034471381015694
0x427ae6048c7d2ded45a07ea46f2873d0f9dddb35,XTZ,0.4121503327959465
0x427ae6048c7d2ded45a07ea46f2873d0f9dddb35,YFI,0.5468268417426593
0x427ae6048c7d2ded45a07ea46f2873d0f9dddb35,ZEC,0.4692039998275119
0x427ae6048c7d2ded45a07ea46f2873d0f9dddb35,ZRX,0.4842577519120675
0x49451c6af70feef6ef29b8c78bc17d4bdaf9fdaa,1INCH,-0.0587244316952983
0x49451c6af70feef6ef29b8c78bc17d4bdaf9fdaa,AAVE,-0.0894505032008638
0x49451c6af70feef6ef29b8c78bc17d4bdaf9fdaa,ADA,-0.1010067344676525
0x49451c6af70feef6ef29b8c78bc17d4bdaf9fdaa,ALGO,0.1132189988862895
0x49451c6af70feef6ef29b8c78bc17d4bdaf9fdaa,ATOM,-0.0888207159340828
0x49451c6af70feef6ef29b8c78bc17d4bdaf9fdaa,AVAX,-0.0496334681909368
0x49451c6af70feef6ef29b8c78bc17d4bdaf9fdaa,BCH,0.1955189954433522
0x49451c6af70feef6ef29b8c78bc17d4bdaf9fdaa,BTC,-0.0910042766700808
0x49451c6af70feef6ef29b8c78bc17d4bdaf9fdaa,CELO,-0.0048737045665854
0x49451c6af70feef6ef29b8c78bc17d4bdaf9fdaa,COMP,0.1570315680961271
0x49451c6af70feef6ef29b8c78bc17d4bdaf9fdaa,CRV,0.0005737297021307
0x49451c6af70feef6ef29b8c78bc17d4bdaf9fdaa,DOGE,-0.0078779254957976
0x49451c6af70feef6ef29b8c78bc17d4bdaf9fdaa,DOT,-0.0438193045563907
0x49451c6af70feef6ef29b8c78bc17d4bdaf9fdaa,ENJ,-0.0011487110614797
0x49451c6af70feef6ef29b8c78bc17d4bdaf9fdaa,EOS,0.0415901224339968
0x49451c6af70feef6ef29b8c78bc17d4bdaf9fdaa,ETC,-0.0299049852460212
0x49451c6af70feef6ef29b8c78bc17d4bdaf9fdaa,ETH,-0.0375800605665793
0x49451c6af70feef6ef29b8c78bc17d4bdaf9fdaa,FIL,0.0394272875906698
0x49451c6af70feef6ef29b8c78bc17d4bdaf9fdaa,ICP,0.105070239263812
0x49451c6af70feef6ef29b8c78bc17d4bdaf9fdaa,LINK,-0.0464020183606346
0x49451c6af70feef6ef29b8c78bc17d4bdaf9fdaa,LTC,0.0698058141334014
0x49451c6af70feef6ef29b8c78bc17d4bdaf9fdaa,MATIC,-0.0552040753705994
0x49451c6af70feef6ef29b8c78bc17d4bdaf9fdaa,MKR,-0.0259597236183897
0x49451c6af70feef6ef29b8c78bc17d4bdaf9fdaa,NEAR,-0.1299956874320372
0x49451c6af70feef6ef29b8c78bc17d4bdaf9fdaa,RUNE,0.0562070715954232
0x49451c6af70feef6ef29b8c78bc17d4bdaf9fdaa,SNX,0.0051430159220359
0x49451c6af70feef6ef29b8c78bc17d4bdaf9fdaa,SOL,-0.1118292336957699
0x49451c6af70feef6ef29b8c78bc17d4bdaf9fdaa,SUSHI,0.0141621431329785
0x49451c6af70feef6ef29b8c78bc17d4bdaf9fdaa,TRX,0.0899568312840647
0x49451c6af70feef6ef29b8c78bc17d4bdaf9fdaa,UMA,0.0855250502657755
0x49451c6af70feef6ef29b8c78bc17d4bdaf9fdaa,UNI,-0.0674248074778753
0x49451c6af70feef6ef29b8c78bc17d4bdaf9fdaa,XLM,-0.0338146676209758
0x49451c6af70feef6ef29b8c78bc17d4bdaf9fdaa,XMR,0.0476556074515787
0x49451c6af70feef6ef29b8c78bc17d4bdaf9fdaa,XTZ,-0.0084931035345834
0x49451c6af70feef6ef29b8c78bc17d4bdaf9fdaa,YFI,-0.014690427921224
0x49451c6af70feef6ef29b8c78bc17d4bdaf9fdaa,ZEC,0.10446967960689
0x49451c6af70feef6ef29b8c78bc17d4bdaf9fdaa,ZRX,0.0488308593982554
0x521c9c1d68f8684b098be00a5cf479e9aaebf0f7,1INCH,0.009934845
0x521c9c1d68f8684b098be00a5cf479e9aaebf0f7,AAVE,0.012112154
0x521c9c1d68f8684b098be00a5cf479e9aaebf0f7,ADA,0.015919253
0x521c9c1d68f8684b098be00a5cf479e9aaebf0f7,ALGO,0.0147933895
0x521c9c1d68f8684b098be00a5cf479e9aaebf0f7,ATOM,0.018403705
0x521c9c1d68f8684b098be00a5cf479e9aaebf0f7,AVAX,0.01823048
0x521c9c1d68f8684b098be00a5cf479e9aaebf0f7,BCH,0.013972812
0x521c9c1d68f8684b098be00a5cf479e9aaebf0f7,BTC,0.024454115
0x521c9c1d68f8684b098be00a5cf479e9aaebf0f7,CELO,0.009815878
0x521c9c1d68f8684b098be00a5cf479e9aaebf0f7,COMP,0.01298388
0x521c9c1d68f8684b098be00a5cf479e9aaebf0f7,CRV,0.014973858
0x521c9c1d68f8684b098be00a5cf479e9aaebf0f7,DOGE,0.01778943
0x521c9c1d68f8684b098be00a5cf479e9aaebf0f7,DOT,0.013976816
0x521c9c1d68f8684b098be00a5cf479e9aaebf0f7,ENJ,0.015307969
0x521c9c1d68f8684b098be00a5cf479e9aaebf0f7,EOS,0.0131499525
0x521c9c1d68f8684b098be00a5cf479e9aaebf0f7,ETC,0.018943677
0x521c9c1d68f8684b098be00a5cf479e9aaebf0f7,ETH,0.02108268
0x521c9c1d68f8684b098be00a5cf479e9aaebf0f7,FIL,0.011794053
0x521c9c1d68f8684b098be00a5cf479e9aaebf0f7,ICP,0.015734231
0x521c9c1d68f8684b098be00a5cf479e9aaebf0f7,LINK,0.014709987
0x521c9c1d68f8684b098be00a5cf479e9aaebf0f7,LTC,0.016756978
0x521c9c1d68f8684b098be00a5cf479e9aaebf0f7,MATIC,0.01603996
0x521c9c1d68f8684b098be00a5cf479e9aaebf0f7,MKR,0.013271216
0x521c9c1d68f8684b098be00a5cf479e9aaebf0f7,NEAR,0.01654878
0x521c9c1d68f8684b098be00a5cf479e9aaebf0f7,RUNE,0.015326566
0x521c9c1d68f8684b098be00a5cf479e9aaebf0f7,SNX,0.0117576765
0x521c9c1d68f8684b098be00a5cf479e9aaebf0f7,SOL,0.018635785
0x521c9c1d68f8684b098be00a5cf479e9aaebf0f7,SUSHI,0.015328083
0x521c9c1d68f8684b098be00a5cf479e9aaebf0f7,TRX,0.016335243
0x521c9c1d68f8684b098be00a5cf479e9aaebf0f7,UMA,0.012819995
0x521c9c1d68f8684b098be00a5cf479e9aaebf0f7,UNI,0.0139077185
0x521c9c1d68f8684b098be00a5cf479e9aaebf0f7,XLM,0.015378788
0x521c9c1d68f8684b098be00a5cf479e9aaebf0f7,XMR,0.016382888
0x521c9c1d68f8684b098be00a5cf479e9aaebf0f7,XTZ,0.0122682
0x521c9c1d68f8684b098be00a5cf479e9aaebf0f7,YFI,0.013221737
0x521c9c1d68f8684b098be00a5cf479e9aaebf0f7,ZEC,0.017189186
0x521c9c1d68f8684b098be00a5cf479e9aaebf0f7,ZRX,0.014662444
0x56d3fc9aa7062fd7b893c1ae33b365776ae1ee9d,1INCH,-0.0024733921834274
0x56d3fc9aa7062fd7b893c1ae33b365776ae1ee9d,AAVE,-0.0079113436398877
0x56d3fc9aa7062fd7b893c1ae33b365776ae1ee9d,ADA,0.0008842274313025
0x56d3fc9aa7062fd7b893c1ae33b365776ae1ee9d,ALGO,-0.0078279042800479
0x56d3fc9aa7062fd7b893c1ae33b365776ae1ee9d,ATOM,0.0082466285867695
0x56d3fc9aa7062fd7b893c1ae33b365776ae1ee9d,AVAX,-0.0012303949789479
0x56d3fc9aa7062fd7b893c1ae33b365776ae1ee9d,BCH,-0.0075746875997907
0x56d3fc9aa7062fd7b893c1ae33b365776ae1ee9d,BTC,-0.0169617678716426
0x56d3fc9aa7062fd7b893c1ae33b365776ae1ee9d,CELO,-0.0038510585381556
0x56d3fc9aa7062fd7b893c1ae33b365776ae1ee9d,COMP,0.0067255228872681
0x56d3fc9aa7062fd7b893c1ae33b365776ae1ee9d,CRV,0.0033834203552248
0x56d3fc9aa7062fd7b893c1ae33b365776ae1ee9d,DOGE,-0.0188810938425853
0x56d3fc9aa7062fd7b893c1ae33b365776ae1ee9d,DOT,-0.0122871584701085
0x56d3fc9aa7062fd7b893c1ae33b365776ae1ee9d,ENJ,-0.0064750940697351
0x56d3fc9aa7062fd7b893c1ae33b365776ae1ee9d,EOS,0.0039755586874897
0x56d3fc9aa7062fd7b893c1ae33b365776ae1ee9d,ETC,-0.047829449305613
0x56d3fc9aa7062fd7b893c1ae33b365776ae1ee9d,ETH,-0.0112609851234141
0x56d3fc9aa7062fd7b893c1ae33b365776ae1ee9d,FIL,0.000953143723695
0x56d3fc9aa7062fd7b893c1ae33b365776ae1ee9d,ICP,-0.006296115912054
0x56d3fc9aa7062fd7b893c1ae33b365776ae1ee9d,LINK,-0.0014814150890282
0x56d3fc9aa7062fd7b893c1ae33b365776ae1ee9d,LTC,-0.0037317413627718
0x56d3fc9aa7062fd7b893c1ae33b365776ae1ee9d,MATIC,-0.0072067938553321
0x56d3fc9aa7062fd7b893c1ae33b365776ae1ee9d,MKR,0.0086586745242116
0x56d3fc9aa7062fd7b893c1ae33b365776ae1ee9d,NEAR,-0.0361443711418904
0x56d3fc9aa7062fd7b893c1ae33b365776ae1ee9d,RUNE,-0.0069522045636423
0x56d3fc9aa7062fd7b893c1ae33b365776ae1ee9d,SNX,-0.0048124330223532
0x56d3fc9aa7062fd7b893c1ae33b365776ae1ee9d,SOL,0.0030681207059991
0x56d3fc9aa7062fd7b893c1ae33b365776ae1ee9d,SUSHI,0.0034059832106947
0x56d3fc9aa7062fd7b893c1ae33b365776ae1ee9d,TRX,0.0002529793868778
0x56d3fc9aa7062fd7b893c1ae33b365776ae1ee9d,UMA,0.0138923328497864
0x56d3fc9aa7062fd7b893c1ae33b365776ae1ee9d,UNI,-0.0010727605021365
0x56d3fc9aa7062fd7b893c1ae33b365776ae1ee9d,XLM,0.0047475072264423
0x56d3fc9aa7062fd7b893c1ae33b365776ae1ee9d,XMR,-0.0025604813824111
0x56d3fc9aa7062fd7b893c1ae33b365776ae1ee9d,XTZ,-0.0025049761242715
0x56d3fc9aa7062fd7b893c1ae33b365776ae1ee9d,YFI,0.0043008706254468
0x56d3fc9aa7062fd7b893c1ae33b365776ae1ee9d,ZEC,0.0009458549429169
0x56d3fc9aa7062fd7b893c1ae33b365776ae1ee9d,ZRX,-0.022275736937278
0x5888ee085c125948e874bf1641cfa24661f2786b,1INCH,0.0495664430286324
0x5888ee085c125948e874bf1641cfa24661f2786b,AAVE,0.0522348761942515
0x5888ee085c125948e874bf1641cfa24661f2786b,ADA,0.0537483121648774
0x5888ee085c125948e874bf1641cfa24661f2786b,ALGO,0.0463022196801271
0x5888ee085c125948e874bf1641cfa24661f2786b,ATOM,0.0486758887592323
0x5888ee085c125948e874bf1641cfa24661f2786b,AVAX,0.0361033788998875
0x5888ee085c125948e874bf1641cfa24661f2786b,BCH,0.0399227391173997
0x5888ee085c125948e874bf1641cfa24661f2786b,BTC,0.0319118854048943
0x5888ee085c125948e874bf1641cfa24661f2786b,CELO,0.0227999220869136
0x5888ee085c125948e874bf1641cfa24661f2786b,COMP,0.0458255462816551
0x5888ee085c125948e874bf1641cfa24661f2786b,CRV,0.0712446473650233
0x5888ee085c125948e874bf1641cfa24661f2786b,DOGE,0.0375755510645886
0x5888ee085c125948e874bf1641cfa24661f2786b,DOT,0.046697532191284
0x5888ee085c125948e874bf1641cfa24661f2786b,ENJ,0.0413932168840259
0x5888ee085c125948e874bf1641cfa24661f2786b,EOS,0.0401876880580515
0x5888ee085c125948e874bf1641cfa24661f2786b,ETC,0.0503865717501824
0x5888ee085c125948e874bf1641cfa24661f2786b,ETH,0.035924106771046
0x5888ee085c125948e874bf1641cfa24661f2786b,FIL,0.0375906753649543
0x5888ee085c125948e874bf1641cfa24661f2786b,ICP,0.0553681346077678
0x5888ee085c125948e874bf1641cfa24661f2786b,LINK,0.0549965820581028
0x5888ee085c125948e874bf1641cfa24661f2786b,LTC,0.0323531626991299
0x5888ee085c125948e874bf1641cfa24661f2786b,MATIC,0.0519684309883765
0x5888ee085c125948e874bf1641cfa24661f2786b,MKR,0.0491233887735408
0x5888ee085c125948e874bf1641cfa24661f2786b,NEAR,0.053011991156638
0x5888ee085c125948e874bf1641cfa24661f2786b,RUNE,0.0589759652522478
0x5888ee085c125948e874bf1641cfa24661f2786b,SNX,0.0434219082998931
0x5888ee085c125948e874bf1641cfa24661f2786b,SOL,0.0452543218097012
0x5888ee085c125948e874bf1641cfa24661f2786b,SUSHI,0.0432003452053048
0x5888ee085c125948e874bf1641cfa24661f2786b,TRX,0.0493667377861628
0x5888ee085c125948e874bf1641cfa24661f2786b,UMA,0.0450962762640348
0x5888ee085c125948e874bf1641cfa24661f2786b,UNI,0.0517209343208233
0x5888ee085c125948e874bf1641cfa24661f2786b,XLM,0.0344304319741335
0x5888ee085c125948e874bf1641cfa24661f2786b,XMR,0.0331429875495725
0x5888ee085c125948e874bf1641cfa24661f2786b,XTZ,0.0458611407588652
0x5888ee085c125948e874bf1641cfa24661f2786b,YFI,0.0272779358489172
0x5888ee085c125948e874bf1641cfa24661f2786b,ZEC,0.0444391135318019
0x5888ee085c125948e874bf1641cfa24661f2786b,ZRX,0.0395795304552485
0x5dbda63f6d8b260b4963e6ab832bcd6cf7bf6e94,1INCH,0.0514775727408012
0x5dbda63f6d8b260b4963e6ab832bcd6cf7bf6e94,AAVE,0.0537096119240424
0x5dbda63f6d8b260b4963e6ab832bcd6cf7bf6e94,ADA,0.0449787660396009
0x5dbda63f6d8b260b4963e6ab832bcd6cf7bf6e94,ALGO,0.0387784961877589
0x5dbda63f6d8b260b4963e6ab832bcd6cf7bf6e94,ATOM,0.0394737927336498
0x5dbda63f6d8b260b4963e6ab832bcd6cf7bf6e94,AVAX,0.0380000490194015
0x5dbda63f6d8b260b4963e6ab832bcd6cf7bf6e94,BCH,0.0404087458895028
0x5dbda63f6d8b260b4963e6ab832bcd6cf7bf6e94,BTC,0.0160698614741493
0x5dbda63f6d8b260b4963e6ab832bcd6cf7bf6e94,CELO,0.026720056448181
0x5dbda63f6d8b260b4963e6ab832bcd6cf7bf6e94,COMP,0.0484279475913637
0x5dbda63f6d8b260b4963e6ab832bcd6cf7bf6e94,CRV,0.055132084811169
0x5dbda63f6d8b260b4963e6ab832bcd6cf7bf6e94,DOGE,0.0219475651218799
0x5dbda63f6d8b260b4963e6ab832bcd6cf7bf6e94,DOT,0.0427817680889372
0x5dbda63f6d8b260b4963e6ab832bcd6cf7bf6e94,ENJ,0.0354831676796466
0x5dbda63f6d8b260b4963e6ab832bcd6cf7bf6e94,EOS,0.0432935172454755
0x5dbda63f6d8b260b4963e6ab832bcd6cf7bf6e94,ETC,0.0587984707429476
0x5dbda63f6d8b260b4963e6ab832bcd6cf7bf6e94,ETH,0.0340836797824139
0x5dbda63f6d8b260b4963e6ab832bcd6cf7bf6e94,FIL,0.0412184078974152
0x5dbda63f6d8b260b4963e6ab832bcd6cf7bf6e94,ICP,0.0551300969090058
0x5dbda63f6d8b260b4963e6ab832bcd6cf7bf6e94,LINK,0.0380476856699918
0x5dbda63f6d8b260b4963e6ab832bcd6cf7bf6e94,LTC,0.0177665236724648
0x5dbda63f6d8b260b4963e6ab832bcd6cf7bf6e94,MATIC,0.0365728019562626
0x5dbda63f6d8b260b4963e6ab832bcd6cf7bf6e94,MKR,0.042483713623989
0x5dbda63f6d8b260b4963e6ab832bcd6cf7bf6e94,NEAR,0.0427298690599525
0x5dbda63f6d8b260b4963e6ab832bcd6cf7bf6e94,RUNE,0.0522325239467178
0x5dbda63f6d8b260b4963e6ab832bcd6cf7bf6e94,SNX,0.0477987539744627
0x5dbda63f6d8b260b4963e6ab832bcd6cf7bf6e94,SOL,0.0421380523408033
0x5dbda63f6d8b260b4963e6ab832bcd6cf7bf6e94,SUSHI,0.0471484073125716
0x5dbda63f6d8b260b4963e6ab832bcd6cf7bf6e94,TRX,0.0337608457833166
0x5dbda63f6d8b260b4963e6ab832bcd6cf7bf6e94,UMA,0.0250151155576509
0x5dbda63f6d8b260b4963e6ab832bcd6cf7bf6e94,UNI,0.0483210282720196
0x5dbda63f6d8b260b4963e6ab832bcd6cf7bf6e94,XLM,0.0356806155632257
0x5dbda63f6d8b260b4963e6ab832bcd6cf7bf6e94,XMR,0.0238990672267494
0x5dbda63f6d8b260b4963e6ab832bcd6cf7bf6e94,XTZ,0.0450702602432627
0x5dbda63f6d8b260b4963e6ab832bcd6cf7bf6e94,YFI,0.031462803465972
0x5dbda63f6d8b260b4963e6ab832bcd6cf7bf6e94,ZEC,0.0380102627336759
0x5dbda63f6d8b260b4963e6ab832bcd6cf7bf6e94,ZRX,0.0452081278092062
0x5f05ab6ed6106d6c962823e481bd9f39c6d60e96,1INCH,-0.0058119107989308
0x5f05ab6ed6106d6c962823e481bd9f39c6d60e96,AAVE,-0.0030427245610221
0x5f05ab6ed6106d6c962823e481bd9f39c6d60e96,ADA,0.0187915710026129
0x5f05ab6ed6106d6c962823e481bd9f39c6d60e96,ALGO,-0.0196514007803714
0x5f05ab6ed6106d6c962823e481bd9f39c6d60e96,ATOM,-0.0319663473263559
0x5f05ab6ed6106d6c962823e481bd9f39c6d60e96,AVAX,-0.0213814139616139
0x5f05ab6ed6106d6c962823e481bd9f39c6d60e96,BCH,0.0122019526353567
0x5f05ab6ed6106d6c962823e481bd9f39c6d60e96,BTC,-0.0138702174898118
0x5f05ab6ed6106d6c962823e481bd9f39c6d60e96,CELO,-0.0032324089021096
0x5f05ab6ed6106d6c962823e481bd9f39c6d60e96,COMP,0.0164143233380151
0x5f05ab6ed6106d6c962823e481bd9f39c6d60e96,CRV,0.0049209913420269
0x5f05ab6ed6106d6c962823e481bd9f39c6d60e96,DOGE,-0.032072603550653
0x5f05ab6ed6106d6c962823e481bd9f39c6d60e96,DOT,-0.0355772149206233
0x5f05ab6ed6106d6c962823e481bd9f39c6d60e96,ENJ,-0.0025221063627508
0x5f05ab6ed6106d6c962823e481bd9f39c6d60e96,EOS,0.0111012836516227
0x5f05ab6ed6106d6c962823e481bd9f39c6d60e96,ETC,-0.0807679149455292
0x5f05ab6ed6106d6c962823e481bd9f39c6d60e96,ETH,0.0111006061001136
0x5f05ab6ed6106d6c962823e481bd9f39c6d60e96,FIL,0.0099394509867985
0x5f05ab6ed6106d6c962823e481bd9f39c6d60e96,ICP,0.0021658522778813
0x5f05ab6ed6106d6c962823e481bd9f39c6d60e96,LINK,0.0025662340270526
0x5f05ab6ed6106d6c962823e481bd9f39c6d60e96,LTC,-0.0309127862609592
0x5f05ab6ed6106d6c962823e481bd9f39c6d60e96,MATIC,0.0010627829287577
0x5f05ab6ed6106d6c962823e481bd9f39c6d60e96,MKR,-0.0126751554045903
0x5f05ab6ed6106d6c962823e481bd9f39c6d60e96,NEAR,-0.0441332143619051
0x5f05ab6ed6106d6c962823e481bd9f39c6d60e96,RUNE,-0.0004504017796392
0x5f05ab6ed6106d6c962823e481bd9f39c6d60e96,SNX,-0.0048242677653831
0x5f05ab6ed6106d6c962823e481bd9f39c6d60e96,SOL,-0.0063650203253404
0x5f05ab6ed6106d6c962823e481bd9f39c6d60e96,SUSHI,-0.0020727296176054
0x5f05ab6ed6106d6c962823e481bd9f39c6d60e96,TRX,-0.014233094141255
0x5f05ab6ed6106d6c962823e481bd9f39c6d60e96,UMA,0.0065780413989622
0x5f05ab6ed6106d6c962823e481bd9f39c6d60e96,UNI,-0.002531610789947
0x5f05ab6ed6106d6c962823e481bd9f39c6d60e96,XLM,-0.0139198014277285
0x5f05ab6ed6106d6c962823e481bd9f39c6d60e96,XMR,0.004678611028501
0x5f05ab6ed6106d6c962823e481bd9f39c6d60e96,XTZ,-0.0363351123984166
0x5f05ab6ed6106d6c962823e481bd9f39c6d60e96,YFI,0.0085497653628095
0x5f05ab6ed6106d6c962823e481bd9f39c6d60e96,ZEC,-0.0030815901744237
0x5f05ab6ed6106d6c962823e481bd9f39c6d60e96,ZRX,-0.0092400129874695
0x6317b52d3888a74b093fcaa31a5d723d90b1cf8d,1INCH,-0.2258714512228398
0x6317b52d3888a74b093fcaa31a5d723d90b1cf8d,AAVE,-0.1335240013030003
0x6317b52d3888a74b093fcaa31a5d723d90b1cf8d,ADA,0.0109873069554096
0x6317b52d3888a74b093fcaa31a5d723d90b1cf8d,ALGO,-0.1139145530520686
0x6317b52d3888a74b093fcaa31a5d723d90b1cf8d,ATOM,-0.0376279786833606
0x6317b52d3888a74b093fcaa31a5d723d90b1cf8d,AVAX,0.0914328452924556
0x6317b52d3888a74b093fcaa31a5d723d90b1cf8d,BCH,0.188807165436896
0x6317b52d3888a74b093fcaa31a5d723d90b1cf8d,BTC,-0.0730909282540738
0x6317b52d3888a74b093fcaa31a5d723d90b1cf8d,CELO,-0.1278112293645451
0x6317b52d3888a74b093fcaa31a5d723d90b1cf8d,COMP,-0.0466396889704376
0x6317b52d3888a74b093fcaa31a5d723d90b1cf8d,CRV,0.0849458583053182
0x6317b52d3888a74b093fcaa31a5d723d90b1cf8d,DOGE,0.6475373192504692
0x6317b52d3888a74b093fcaa31a5d723d90b1cf8d,DOT,-0.046023619811346
0x6317b52d3888a74b093fcaa31a5d723d90b1cf8d,ENJ,0.1808007974299422
0x6317b52d3888a74b093fcaa31a5d723d90b1cf8d,EOS,-0.1779817940929384
0x6317b52d3888a74b093fcaa31a5d723d90b1cf8d,ETC,0.1477048939638669
0x6317b52d3888a74b093fcaa31a5d723d90b1cf8d,ETH,-0.0008240123531544
0x6317b52d3888a74b093fcaa31a5d723d90b1cf8d,FIL,0.0307649190797035
0x6317b52d3888a74b093fcaa31a5d723d90b1cf8d,ICP,0.0602839196530597
0x6317b52d3888a74b093fcaa31a5d723d90b1cf8d,LINK,0.0239419540133392
0x6317b52d3888a74b093fcaa31a5d723d90b1cf8d,LTC,-0.1521034862630476
0x6317b52d3888a74b093fcaa31a5d723d90b1cf8d,MATIC,-0.0893990016071246
0x6317b52d3888a74b093fcaa31a5d723d90b1cf8d,MKR,0.1391007490974914
0x6317b52d3888a74b093fcaa31a5d723d90b1cf8d,NEAR,-0.1014396355238771
0x6317b52d3888a74b093fcaa31a5d723d90b1cf8d,RUNE,-0.1355863586215654
0x6317b52d3888a74b093fcaa31a5d723d90b1cf8d,SNX,-0.0934136985524515
0x6317b52d3888a74b093fcaa31a5d723d90b1cf8d,SOL,-0.1168548951067532
0x6317b52d3888a74b093fcaa31a5d723d90b1cf8d,SUSHI,-0.1413199497536268
0x6317b52d3888a74b093fcaa31a5d723d90b1cf8d,TRX,-0.0042679487290211
0x6317b52d3888a74b093fcaa31a5d723d90b1cf8d,UMA,0.1359735091095896
0x6317b52d3888a74b093fcaa31a5d723d90b1cf8d,UNI,-0.1839188029788075
0x6317b52d3888a74b093fcaa31a5d723d90b1cf8d,XLM,-0.015612413473758
0x6317b52d3888a74b093fcaa31a5d723d90b1cf8d,XMR,-0.0584324623899751
0x6317b52d3888a74b093fcaa31a5d723d90b1cf8d,XTZ,-0.1301035508502965
0x6317b52d3888a74b093fcaa31a5d723d90b1cf8d,YFI,-0.1233697939298745
0x6317b52d3888a74b093fcaa31a5d723d90b1cf8d,ZEC,-0.1765763808743886
0x6317b52d3888a74b093fcaa31a5d723d90b1cf8d,ZRX,-0.0913696513286327
0x691577252ffff4f3eefcc386302f8ba5bc40a360,1INCH,0.5050813013419381
0x691577252ffff4f3eefcc386302f8ba5bc40a360,AAVE,0.5363931466392342
0x691577252ffff4f3eefcc386302f8ba5bc40a360,ADA,0.4858046337083226
0x691577252ffff4f3eefcc386302f8ba5bc40a360,ALGO,0.4134103731106572
0x691577252ffff4f3eefcc386302f8ba5bc40a360,ATOM,0.5829828748528627
0x691577252ffff4f3eefcc386302f8ba5bc40a360,AVAX,0.5286702815337655
0x691577252ffff4f3eefcc386302f8ba5bc40a360,BCH,0.4538514942332053
0x691577252ffff4f3eefcc386302f8ba5bc40a360,BTC,0.6287247777795766
0x691577252ffff4f3eefcc386302f8ba5bc40a360,CELO,0.4449789840331813
0x691577252ffff4f3eefcc386302f8ba5bc40a360,COMP,0.4414369679737254
0x691577252ffff4f3eefcc386302f8ba5bc40a360,CRV,0.4669633287004125
0x691577252ffff4f3eefcc386302f8ba5bc40a360,DOGE,0.5546907188334491
0x691577252ffff4f3eefcc386302f8ba5bc40a360,DOT,0.4781968828721205
0x691577252ffff4f3eefcc386302f8ba5bc40a360,ENJ,0.5490620813405352
0x691577252ffff4f3eefcc386302f8ba5bc40a360,EOS,0.5243423941582692
0x691577252ffff4f3eefcc386302f8ba5bc40a360,ETC,0.3490212101990712
0x691577252ffff4f3eefcc386302f8ba5bc40a360,ETH,0.5179387713440676
0x691577252ffff4f3eefcc386302f8ba5bc40a360,FIL,0.480551689230639
0x691577252ffff4f3eefcc386302f8ba5bc40a360,ICP,0.3710741943440971
0x691577252ffff4f3eefcc386302f8ba5bc40a360,LINK,0.5145654905529773
0x691577252ffff4f3eefcc386302f8ba5bc40a360,LTC,0.4696023499207792
0x691577252ffff4f3eefcc386302f8ba5bc40a360,MATIC,0.5353247314744025
0x691577252ffff4f3eefcc386302f8ba5bc40a360,MKR,0.5457283270692662
0x691577252ffff4f3eefcc386302f8ba5bc40a360,NEAR,0.4182746823637495
0x691577252ffff4f3eefcc386302f8ba5bc40a360,RUNE,0.4988758132988513
0x691577252ffff4f3eefcc386302f8ba5bc40a360,SNX,0.5085642030075685
0x691577252ffff4f3eefcc386302f8ba5bc40a360,SOL,0.508678966770342
0x691577252ffff4f3eefcc386302f8ba5bc40a360,SUSHI,0.580524033591287
0x691577252ffff4f3eefcc386302f8ba5bc40a360,TRX,0.4612996343248896
0x691577252ffff4f3eefcc386302f8ba5bc40a360,UMA,0.5410420119773919
0x691577252ffff4f3eefcc386302f8ba5bc40a360,UNI,0.4572616369184204
0x691577252ffff4f3eefcc386302f8ba5bc40a360,XLM,0.5100664102508319
0x691577252ffff4f3eefcc386302f8ba5bc40a360,XMR,0.5321586263251834
0x691577252ffff4f3eefcc386302f8ba5bc40a360,XTZ,0.4043240356618608
0x691577252ffff4f3eefcc386302f8ba5bc40a360,YFI,0.5346554377490866
0x691577252ffff4f3eefcc386302f8ba5bc40a360,ZEC,0.4150844502994804
0x691577252ffff4f3eefcc386302f8ba5bc40a360,ZRX,0.4761982514686689
0x724dc78e98324a23bb90e2b40a9784a2e96f0cde,1INCH,0.4020321262699564
0x724dc78e98324a23bb90e2b40a9784a2e96f0cde,AAVE,0.2387523367198838
0x724dc78e98324a23bb90e2b40a9784a2e96f0cde,ADA,0.5232220145137881
0x724dc78e98324a23bb90e2b40a9784a2e96f0cde,ALGO,0.4978229361393322
0x724dc78e98324a23bb90e2b40a9784a2e96f0cde,ATOM,0.6756164847605225
0x724dc78e98324a23bb90e2b40a9784a2e96f0cde,AVAX,0.8178513236574747
0x724dc78e98324a23bb90e2b40a9784a2e96f0cde,BCH,0.7670531669085631
0x724dc78e98324a23bb90e2b40a9784a2e96f0cde,BTC,0.9579090986937592
0x724dc78e98324a23bb90e2b40a9784a2e96f0cde,CELO,0.0152404470246734
0x724dc78e98324a23bb90e2b40a9784a2e96f0cde,COMP,0.6894045558780841
0x724dc78e98324a23bb90e2b40a9784a2e96f0cde,CRV,0.6785192365747461
0x724dc78e98324a23bb90e2b40a9784a2e96f0cde,DOGE,0.6233669521044992
0x724dc78e98324a23bb90e2b40a9784a2e96f0cde,DOT,0.999999
0x724dc78e98324a23bb90e2b40a9784a2e96f0cde,ENJ,0.2314954571843251
0x724dc78e98324a23bb90e2b40a9784a2e96f0cde,EOS,0.3374458984034832
0x724dc78e98324a23bb90e2b40a9784a2e96f0cde,ETC,0.6806963004354135
0x724dc78e98324a23bb90e2b40a9784a2e96f0cde,ETH,0.631349519593614
0x724dc78e98324a23bb90e2b40a9784a2e96f0cde,FIL,0.3120468200290275
0x724dc78e98324a23bb90e2b40a9784a2e96f0cde,ICP,0.7423797764876632
0x724dc78e98324a23bb90e2b40a9784a2e96f0cde,LINK,0.4223513889695209
0x724dc78e98324a23bb90e2b40a9784a2e96f0cde,LTC,0.5986935616835994
0x724dc78e98324a23bb90e2b40a9784a2e96f0cde,MATIC,0.6465889666182874
0x724dc78e98324a23bb90e2b40a9784a2e96f0cde,MKR,0.3911468069666182
0x724dc78e98324a23bb90e2b40a9784a2e96f0cde,NEAR,0.5674889796806966
0x724dc78e98324a23bb90e2b40a9784a2e96f0cde,RUNE,0.3505082815674891
0x724dc78e98324a23bb90e2b40a9784a2e96f0cde,SNX,0.4557330348330913
0x724dc78e98324a23bb90e2b40a9784a2e96f0cde,SOL,0.3461541538461538
0x724dc78e98324a23bb90e2b40a9784a2e96f0cde,SUSHI,0.4136431335268504
0x724dc78e98324a23bb90e2b40a9784a2e96f0cde,TRX,0.5921623701015966
0x724dc78e98324a23bb90e2b40a9784a2e96f0cde,UMA,0.5239477024673441
0x724dc78e98324a23bb90e2b40a9784a2e96f0cde,UNI,0.5384614615384616
0x724dc78e98324a23bb90e2b40a9784a2e96f0cde,XLM,0.000001
0x724dc78e98324a23bb90e2b40a9784a2e96f0cde,XMR,0.8105944441219158
0x724dc78e98324a23bb90e2b40a9784a2e96f0cde,XTZ,0.1806973004354136
0x724dc78e98324a23bb90e2b40a9784a2e96f0cde,YFI,0.2510890319303338
0x724dc78e98324a23bb90e2b40a9784a2e96f0cde,ZEC,0.357039473149492
0x724dc78e98324a23bb90e2b40a9784a2e96f0cde,ZRX,0.2314954571843251
0x7477d16e686d1af14d8e5f5791a2cd2a7cb96913,1INCH,0.0056603814164797
0x7477d16e686d1af14d8e5f5791a2cd2a7cb96913,AAVE,0.0143025604741913
0x7477d16e686d1af14d8e5f5791a2cd2a7cb96913,ADA,0.0380647130665325
0x7477d16e686d1af14d8e5f5791a2cd2a7cb96913,ALGO,-0.0075128328942117
0x7477d16e686d1af14d8e5f5791a2cd2a7cb96913,ATOM,0.0686671535174052
0x7477d16e686d1af14d8e5f5791a2cd2a7cb96913,AVAX,0.0149696874476614
0x7477d16e686d1af14d8e5f5791a2cd2a7cb96913,BCH,0.054338492665972
0x7477d16e686d1af14d8e5f5791a2cd2a7cb96913,BTC,-0.0742629161902836
0x7477d16e686d1af14d8e5f5791a2cd2a7cb96913,CELO,0.0098607542259352
0x7477d16e686d1af14d8e5f5791a2cd2a7cb96913,COMP,-0.0334241609488214
0x7477d16e686d1af14d8e5f5791a2cd2a7cb96913,CRV,0.0119042696697371
0x7477d16e686d1af14d8e5f5791a2cd2a7cb96913,DOGE,0.0296912291929835
0x7477d16e686d1af14d8e5f5791a2cd2a7cb96913,DOT,0.0518442508720216
0x7477d16e686d1af14d8e5f5791a2cd2a7cb96913,ENJ,-0.050601303577423
0x7477d16e686d1af14d8e5f5791a2cd2a7cb96913,EOS,-0.0037234074303082
0x7477d16e686d1af14d8e5f5791a2cd2a7cb96913,ETC,0.0614248638351758
0x7477d16e686d1af14d8e5f5791a2cd2a7cb96913,ETH,-0.0049917548185303
0x7477d16e686d1af14d8e5f5791a2cd2a7cb96913,FIL,-0.0243571133131072
0x7477d16e686d1af14d8e5f5791a2cd2a7cb96913,ICP,-0.0348247982916377
0x7477d16e686d1af14d8e5f5791a2cd2a7cb96913,LINK,0.0678935302864937
0x7477d16e686d1af14d8e5f5791a2cd2a7cb96913,LTC,0.0355233797005244
0x7477d16e686d1af14d8e5f5791a2cd2a7cb96913,MATIC,0.0049395242617243
0x7477d16e686d1af14d8e5f5791a2cd2a7cb96913,MKR,-0.0209455368774277
0x7477d16e686d1af14d8e5f5791a2cd2a7cb96913,NEAR,0.0206432443999108
0x7477d16e686d1af14d8e5f5791a2cd2a7cb96913,RUNE,-0.0797125658109074
0x7477d16e686d1af14d8e5f5791a2cd2a7cb96913,SNX,0.0281497656589462
0x7477d16e686d1af14d8e5f5791a2cd2a7cb96913,SOL,0.0106274447980381
0x7477d16e686d1af14d8e5f5791a2cd2a7cb96913,SUSHI,-0.0050189270859672
0x7477d16e686d1af14d8e5f5791a2cd2a7cb96913,TRX,0.0468119302675837
0x7477d16e686d1af14d8e5f5791a2cd2a7cb96913,UMA,0.0205057980758803
0x7477d16e686d1af14d8e5f5791a2cd2a7cb96913,UNI,0.0375696280882472
0x7477d16e686d1af14d8e5f5791a2cd2a7cb96913,XLM,-0.0548723616060756
0x7477d16e686d1af14d8e5f5791a2cd2a7cb96913,XMR,0.0589033353186789
0x7477d16e686d1af14d8e5f5791a2cd2a7cb96913,XTZ,-0.0278324674282755
0x7477d16e686d1af14d8e5f5791a2cd2a7cb96913,YFI,0.0360141077921504
0x7477d16e686d1af14d8e5f5791a2cd2a7cb96913,ZEC,0.0573109659410658
0x7477d16e686d1af14d8e5f5791a2cd2a7cb96913,ZRX,0.0058806699656304
0x7490eeb68c7585407e254591d784bae7987c1cfb,1INCH,0.0116609191374955
0x7490eeb68c7585407e254591d784bae7987c1cfb,AAVE,0.0139074804314575
0x7490eeb68c7585407e254591d784bae7987c1cfb,ADA,0.0284566850504704
0x7490eeb68c7585407e254591d784bae7987c1cfb,ALGO,0.0158689877354716
0x7490eeb68c7585407e254591d784bae7987c1cfb,ATOM,0.0218781215591935
0x7490eeb68c7585407e254591d784bae7987c1cfb,AVAX,0.0048418686817385
0x7490eeb68c7585407e254591d784bae7987c1cfb,BCH,0.0092187772806978
0x7490eeb68c7585407e254591d784bae7987c1cfb,BTC,0.0020629491568834
0x7490eeb68c7585407e254591d784bae7987c1cfb,CELO,0.0108825395634043
0x7490eeb68c7585407e254591d784bae7987c1cfb,COMP,0.0165938020643693
0x7490eeb68c7585407e254591d784bae7987c1cfb,CRV,0.0309440907113244
0x7490eeb68c7585407e254591d784bae7987c1cfb,DOGE,0.0278621808391267
0x7490eeb68c7585407e254591d784bae7987c1cfb,DOT,0.0035160584245726
0x7490eeb68c7585407e254591d784bae7987c1cfb,ENJ,0.0142355813413474
0x7490eeb68c7585407e254591d784bae7987c1cfb,EOS,0.0123716938250434
0x7490eeb68c7585407e254591d784bae7987c1cfb,ETC,0.0113918269339514
0x7490eeb68c7585407e254591d784bae7987c1cfb,ETH,0.01434539451945
0x7490eeb68c7585407e254591d784bae7987c1cfb,FIL,0.0065773456533375
0x7490eeb68c7585407e254591d784bae7987c1cfb,ICP,0.0147196018733234
0x7490eeb68c7585407e254591d784bae7987c1cfb,LINK,0.0117533000771265
0x7490eeb68c7585407e254591d784bae7987c1cfb,LTC,-0.000572136399529
0x7490eeb68c7585407e254591d784bae7987c1cfb,MATIC,0.0214690150529552
0x7490eeb68c7585407e254591d784bae7987c1cfb,MKR,0.0132515246998539
0x7490eeb68c7585407e254591d784bae7987c1cfb,NEAR,0.0210511886985897
0x7490eeb68c7585407e254591d784bae7987c1cfb,RUNE,0.0205126855929965
0x7490eeb68c7585407e254591d784bae7987c1cfb,SNX,0.0081549804807716
0x7490eeb68c7585407e254591d784bae7987c1cfb,SOL,0.0062312913954553
0x7490eeb68c7585407e254591d784bae7987c1cfb,SUSHI,0.0092887583174102
0x7490eeb68c7585407e254591d784bae7987c1cfb,TRX,0.0087655529548974
0x7490eeb68c7585407e254591d784bae7987c1cfb,UMA,0.0068254975711299
0x7490eeb68c7585407e254591d784bae7987c1cfb,UNI,0.0185637325673312
0x7490eeb68c7585407e254591d784bae7987c1cfb,XLM,0.0196530182615212
0x7490eeb68c7585407e254591d784bae7987c1cfb,XMR,0.0138865597539832
0x7490eeb68c7585407e254591d784bae7987c1cfb,XTZ,0.009924784344516
0x7490eeb68c7585407e254591d784bae7987c1cfb,YFI,0.0128658596291833
0x7490eeb68c7585407e254591d784bae7987c1cfb,ZEC,0.0113736061694664
0x7490eeb68c7585407e254591d784bae7987c1cfb,ZRX,0.0185037738761676
0x756ef834ecc631b289ef489408276b1d1f6479bd,1INCH,0.0291103757883336
0x756ef834ecc631b289ef489408276b1d1f6479bd,AAVE,0.0291103757883336
0x756ef834ecc631b289ef489408276b1d1f6479bd,ADA,0.0134395992528003
0x756ef834ecc631b289ef489408276b1d1f6479bd,ALGO,0.0033235177162774
0x756ef834ecc631b289ef489408276b1d1f6479bd,ATOM,0.0112152816406999
0x756ef834ecc631b289ef489408276b1d1f6479bd,AVAX,0.000210308889967
0x756ef834ecc631b289ef489408276b1d1f6479bd,BCH,0.0105319129113928
0x756ef834ecc631b289ef489408276b1d1f6479bd,BTC,0.0082271015197783
0x756ef834ecc631b289ef489408276b1d1f6479bd,CELO,0.0291103757883336
0x756ef834ecc631b289ef489408276b1d1f6479bd,COMP,0.0225130412378806
0x756ef834ecc631b289ef489408276b1d1f6479bd,CRV,0.0167343503612211
0x756ef834ecc631b289ef489408276b1d1f6479bd,DOGE,0.0154488572781853
0x756ef834ecc631b289ef489408276b1d1f6479bd,DOT,0.0130771237222522
0x756ef834ecc631b289ef489408276b1d1f6479bd,ENJ,0.0291103757883336
0x756ef834ecc631b289ef489408276b1d1f6479bd,EOS,0.0291103757883336
0x756ef834ecc631b289ef489408276b1d1f6479bd,ETC,0.0142514380994223
0x756ef834ecc631b289ef489408276b1d1f6479bd,ETH,0.01391411349559
0x756ef834ecc631b289ef489408276b1d1f6479bd,FIL,0.0291103757883336
0x756ef834ecc631b289ef489408276b1d1f6479bd,ICP,0.0181799104533834
0x756ef834ecc631b289ef489408276b1d1f6479bd,LINK,0.0130771237222522
0x756ef834ecc631b289ef489408276b1d1f6479bd,LTC,0.0111382292731119
0x756ef834ecc631b289ef489408276b1d1f6479bd,MATIC,0.0163833297294093
0x756ef834ecc631b289ef489408276b1d1f6479bd,MKR,0.0142514380994223
0x756ef834ecc631b289ef489408276b1d1f6479bd,NEAR,0.0115073758606409
0x756ef834ecc631b289ef489408276b1d1f6479bd,RUNE,0.0225130412378806
0x756ef834ecc631b289ef489408276b1d1f6479bd,SNX,0.0291103757883336
0x756ef834ecc631b289ef489408276b1d1f6479bd,SOL,0.0082271015197783
0x756ef834ecc631b289ef489408276b1d1f6479bd,SUSHI,0.0291103757883336
0x756ef834ecc631b289ef489408276b1d1f6479bd,TRX,0.0082271015197783
0x756ef834ecc631b289ef489408276b1d1f6479bd,UMA,0.0074187040850824
0x756ef834ecc631b289ef489408276b1d1f6479bd,UNI,0.0107960137294507
0x756ef834ecc631b289ef489408276b1d1f6479bd,XLM,0.0317336646516887
0x756ef834ecc631b289ef489408276b1d1f6479bd,XMR,0.0215063494543022
0x756ef834ecc631b289ef489408276b1d1f6479bd,XTZ,0.0291103757883336
0x756ef834ecc631b289ef489408276b1d1f6479bd,YFI,0.0291103757883336
0x756ef834ecc631b289ef489408276b1d1f6479bd,ZEC,0.0291103757883336
0x756ef834ecc631b289ef489408276b1d1f6479bd,ZRX,0.0230367246399128
0x770a3026f8a348bebac2ba84cfc82f4ea01b420a,1INCH,1.3978365289711048
0x770a3026f8a348bebac2ba84cfc82f4ea01b420a,AAVE,0.9856104168672696
0x770a3026f8a348bebac2ba84cfc82f4ea01b420a,ADA,-0.5321897309193041
0x770a3026f8a348bebac2ba84cfc82f4ea01b420a,ALGO,0.101795599094705
0x770a3026f8a348bebac2ba84cfc82f4ea01b420a,ATOM,-0.0338798354034917
0x770a3026f8a348bebac2ba84cfc82f4ea01b420a,AVAX,0.4556403137378794
0x770a3026f8a348bebac2ba84cfc82f4ea01b420a,BCH,-0.8808881195869301
0x770a3026f8a348bebac2ba84cfc82f4ea01b420a,BTC,-1.9264031529639816
0x770a3026f8a348bebac2ba84cfc82f4ea01b420a,CELO,1.6067550689692431
0x770a3026f8a348bebac2ba84cfc82f4ea01b420a,COMP,0.3816746537655627
0x770a3026f8a348bebac2ba84cfc82f4ea01b420a,CRV,0.6119957936995944
0x770a3026f8a348bebac2ba84cfc82f4ea01b420a,DOGE,-1.2366522415199066
0x770a3026f8a348bebac2ba84cfc82f4ea01b420a,DOT,0.6959079368789585
0x770a3026f8a348bebac2ba84cfc82f4ea01b420a,ENJ,-0.3097425315385302
0x770a3026f8a348bebac2ba84cfc82f4ea01b420a,EOS,-0.4556403137378794
0x770a3026f8a348bebac2ba84cfc82f4ea01b420a,ETC,-0.6959079368789584
0x770a3026f8a348bebac2ba84cfc82f4ea01b420a,ETH,-0.6119957936995944
0x770a3026f8a348bebac2ba84cfc82f4ea01b420a,FIL,1.2366522415199066
0x770a3026f8a348bebac2ba84cfc82f4ea01b420a,ICP,1.926403152963983
0x770a3026f8a348bebac2ba84cfc82f4ea01b420a,LINK,-0.1017955990947049
0x770a3026f8a348bebac2ba84cfc82f4ea01b420a,LTC,-1.6067550689692431
0x770a3026f8a348bebac2ba84cfc82f4ea01b420a,MATIC,4.753424308817087
0x770a3026f8a348bebac2ba84cfc82f4ea01b420a,MKR,-0.1701847241123691
0x770a3026f8a348bebac2ba84cfc82f4ea01b420a,NEAR,1.102440367015165
0x770a3026f8a348bebac2ba84cfc82f4ea01b420a,RUNE,0.1701847241123691
0x770a3026f8a348bebac2ba84cfc82f4ea01b420a,SNX,0.0338798354034917
0x770a3026f8a348bebac2ba84cfc82f4ea01b420a,SOL,0.2393801626717528
0x770a3026f8a348bebac2ba84cfc82f4ea01b420a,SUSHI,0.785036049876892
0x770a3026f8a348bebac2ba84cfc82f4ea01b420a,TRX,-1.397836528971104
0x770a3026f8a348bebac2ba84cfc82f4ea01b420a,UMA,0.3097425315385302
0x770a3026f8a348bebac2ba84cfc82f4ea01b420a,UNI,0.8808881195869303
0x770a3026f8a348bebac2ba84cfc82f4ea01b420a,XLM,-0.9856104168672696
0x770a3026f8a348bebac2ba84cfc82f4ea01b420a,XMR,-1.1024403670151643
0x770a3026f8a348bebac2ba84cfc82f4ea01b420a,XTZ,-0.3816746537655626
0x770a3026f8a348bebac2ba84cfc82f4ea01b420a,YFI,0.5321897309193043
0x770a3026f8a348bebac2ba84cfc82f4ea01b420a,ZEC,-0.785036049876892
0x770a3026f8a348bebac2ba84cfc82f4ea01b420a,ZRX,-0.2393801626717526
0x7824282944b7cc7b8ef86ed9adbe21f49b247f97,1INCH,0.4420353741017815
0x7824282944b7cc7b8ef86ed9adbe21f49b247f97,AAVE,0.5741355000895267
0x7824282944b7cc7b8ef86ed9adbe21f49b247f97,ADA,0.3904126869639848
0x7824282944b7cc7b8ef86ed9adbe21f49b247f97,ALGO,0.2511650239090373
0x7824282944b7cc7b8ef86ed9adbe21f49b247f97,ATOM,0.7081928733852934
0x7824282944b7cc7b8ef86ed9adbe21f49b247f97,AVAX,0.3059394680771807
0x7824282944b7cc7b8ef86ed9adbe21f49b247f97,BCH,0.6035953094021161
0x7824282944b7cc7b8ef86ed9adbe21f49b247f97,BTC,0.5367762923671595
0x7824282944b7cc7b8ef86ed9adbe21f49b247f97,CELO,0.3581503592167375
0x7824282944b7cc7b8ef86ed9adbe21f49b247f97,COMP,0.4064969159177306
0x7824282944b7cc7b8ef86ed9adbe21f49b247f97,CRV,0.7148815014292643
0x7824282944b7cc7b8ef86ed9adbe21f49b247f97,DOGE,0.5773801513824647
0x7824282944b7cc7b8ef86ed9adbe21f49b247f97,DOT,0.5931243668143195
0x7824282944b7cc7b8ef86ed9adbe21f49b247f97,ENJ,0.5682700065277103
0x7824282944b7cc7b8ef86ed9adbe21f49b247f97,EOS,0.8987119430053996
0x7824282944b7cc7b8ef86ed9adbe21f49b247f97,ETC,0.1932093704070136
0x7824282944b7cc7b8ef86ed9adbe21f49b247f97,ETH,0.6031605488512343
0x7824282944b7cc7b8ef86ed9adbe21f49b247f97,FIL,0.3908082468522593
0x7824282944b7cc7b8ef86ed9adbe21f49b247f97,ICP,0.1026652814956633
0x7824282944b7cc7b8ef86ed9adbe21f49b247f97,LINK,0.7644587721083207
0x7824282944b7cc7b8ef86ed9adbe21f49b247f97,LTC,0.7281929410082689
0x7824282944b7cc7b8ef86ed9adbe21f49b247f97,MATIC,0.5189077691399161
0x7824282944b7cc7b8ef86ed9adbe21f49b247f97,MKR,0.5375766523730895
0x7824282944b7cc7b8ef86ed9adbe21f49b247f97,NEAR,0.2561650932009787
0x7824282944b7cc7b8ef86ed9adbe21f49b247f97,RUNE,0.4894398669485826
0x7824282944b7cc7b8ef86ed9adbe21f49b247f97,SNX,0.5247667738342457
0x7824282944b7cc7b8ef86ed9adbe21f49b247f97,SOL,0.5328996380092583
0x7824282944b7cc7b8ef86ed9adbe21f49b247f97,SUSHI,0.7174036942361391
0x7824282944b7cc7b8ef86ed9adbe21f49b247f97,TRX,0.3443672896517962
0x7824282944b7cc7b8ef86ed9adbe21f49b247f97,UMA,0.5438837308347777
0x7824282944b7cc7b8ef86ed9adbe21f49b247f97,UNI,0.6630335164881641
0x7824282944b7cc7b8ef86ed9adbe21f49b247f97,XLM,0.6733802320821093
0x7824282944b7cc7b8ef86ed9adbe21f49b247f97,XMR,0.3518811333207395
0x7824282944b7cc7b8ef86ed9adbe21f49b247f97,XTZ,0.2993403122197141
0x7824282944b7cc7b8ef86ed9adbe21f49b247f97,YFI,0.8147958746156171
0x7824282944b7cc7b8ef86ed9adbe21f49b247f97,ZEC,0.3500551372444454
0x7824282944b7cc7b8ef86ed9adbe21f49b247f97,ZRX,0.5492328147477944
0x7de5ac173e8ee69177f6243cf9c70608f6e1ad05,1INCH,0.0003207322973397
0x7de5ac173e8ee69177f6243cf9c70608f6e1ad05,AAVE,-0.0097037020452311
0x7de5ac173e8ee69177f6243cf9c70608f6e1ad05,ADA,0.0169745244177207
0x7de5ac173e8ee69177f6243cf9c70608f6e1ad05,ALGO,-0.029167439945378
0x7de5ac173e8ee69177f6243cf9c70608f6e1ad05,ATOM,-0.0114564688604756
0x7de5ac173e8ee69177f6243cf9c70608f6e1ad05,AVAX,-0.0017465665808218
0x7de5ac173e8ee69177f6243cf9c70608f6e1ad05,BCH,0.0037069902946432
0x7de5ac173e8ee69177f6243cf9c70608f6e1ad05,BTC,0.0253951153418583
0x7de5ac173e8ee69177f6243cf9c70608f6e1ad05,CELO,-0.0090966393208475
0x7de5ac173e8ee69177f6243cf9c70608f6e1ad05,COMP,-0.001102855498042
0x7de5ac173e8ee69177f6243cf9c70608f6e1ad05,CRV,0.0163903603774542
0x7de5ac173e8ee69177f6243cf9c70608f6e1ad05,DOGE,-0.0176825272610073
0x7de5ac173e8ee69177f6243cf9c70608f6e1ad05,DOT,-0.0101686110914138
0x7de5ac173e8ee69177f6243cf9c70608f6e1ad05,ENJ,0.0096210786777984
0x7de5ac173e8ee69177f6243cf9c70608f6e1ad05,EOS,0.0038599731726453
0x7de5ac173e8ee69177f6243cf9c70608f6e1ad05,ETC,-0.0486850325256299
0x7de5ac173e8ee69177f6243cf9c70608f6e1ad05,ETH,0.0067017654669018
0x7de5ac173e8ee69177f6243cf9c70608f6e1ad05,FIL,-0.0042757720588164
0x7de5ac173e8ee69177f6243cf9c70608f6e1ad05,ICP,-0.0113727908739046
0x7de5ac173e8ee69177f6243cf9c70608f6e1ad05,LINK,0.0064964699502335
0x7de5ac173e8ee69177f6243cf9c70608f6e1ad05,LTC,-0.0223651364321188
0x7de5ac173e8ee69177f6243cf9c70608f6e1ad05,MATIC,-0.0069096657742967
0x7de5ac173e8ee69177f6243cf9c70608f6e1ad05,MKR,0.0074780348018697
0x7de5ac173e8ee69177f6243cf9c70608f6e1ad05,NEAR,-0.0382285358002409
0x7de5ac173e8ee69177f6243cf9c70608f6e1ad05,RUNE,-0.0042462813435122
0x7de5ac173e8ee69177f6243cf9c70608f6e1ad05,SNX,-0.0073038834043303
0x7de5ac173e8ee69177f6243cf9c70608f6e1ad05,SOL,-0.0021947147866848
0x7de5ac173e8ee69177f6243cf9c70608f6e1ad05,SUSHI,0.0029540958398432
0x7de5ac173e8ee69177f6243cf9c70608f6e1ad05,TRX,-0.0129149323297256
0x7de5ac173e8ee69177f6243cf9c70608f6e1ad05,UMA,0.0163968312964505
0x7de5ac173e8ee69177f6243cf9c70608f6e1ad05,UNI,-0.010208198282073
0x7de5ac173e8ee69177f6243cf9c70608f6e1ad05,XLM,-0.0111464054226492
0x7de5ac173e8ee69177f6243cf9c70608f6e1ad05,XMR,0.0002395565022814
0x7de5ac173e8ee69177f6243cf9c70608f6e1ad05,XTZ,-0.0044926264285381
0x7de5ac173e8ee69177f6243cf9c70608f6e1ad05,YFI,-0.0022720582576706
0x7de5ac173e8ee69177f6243cf9c70608f6e1ad05,ZEC,-0.004968958411499
0x7de5ac173e8ee69177f6243cf9c70608f6e1ad05,ZRX,-0.0125318005855928
0x81fbfb07888fff733958210796af7cbe4368ae5f,1INCH,-0.012115384375598
0x81fbfb07888fff733958210796af7cbe4368ae5f,AAVE,-0.0170970830488598
0x81fbfb07888fff733958210796af7cbe4368ae5f,ADA,-0.0223480239477064
0x81fbfb07888fff733958210796af7cbe4368ae5f,ALGO,-0.0042336735969241
0x81fbfb07888fff733958210796af7cbe4368ae5f,ATOM,-0.0218765263576166
0x81fbfb07888fff733958210796af7cbe4368ae5f,AVAX,-0.0261470836171001
0x81fbfb07888fff733958210796af7cbe4368ae5f,BCH,-0.0282722519298264
0x81fbfb07888fff733958210796af7cbe4368ae5f,BTC,-0.0217865725308246
0x81fbfb07888fff733958210796af7cbe4368ae5f,CELO,-0.0079739482594927
0x81fbfb07888fff733958210796af7cbe4368ae5f,COMP,-0.0070882560321509
0x81fbfb07888fff733958210796af7cbe4368ae5f,CRV,-0.0189098741760895
0x81fbfb07888fff733958210796af7cbe4368ae5f,DOGE,0.2498761365849958
0x81fbfb07888fff733958210796af7cbe4368ae5f,DOT,-0.0471786863317779
0x81fbfb07888fff733958210796af7cbe4368ae5f,ENJ,-0.0155378345400825
0x81fbfb07888fff733958210796af7cbe4368ae5f,EOS,-0.0098267939999822
0x81fbfb07888fff733958210796af7cbe4368ae5f,ETC,-0.0105714955033012
0x81fbfb07888fff733958210796af7cbe4368ae5f,ETH,-0.0541776166305559
0x81fbfb07888fff733958210796af7cbe4368ae5f,FIL,-0.0276870622121789
0x81fbfb07888fff733958210796af7cbe4368ae5f,ICP,-0.0228956796522779
0x81fbfb07888fff733958210796af7cbe4368ae5f,LINK,0.0082204855020468
0x81fbfb07888fff733958210796af7cbe4368ae5f,LTC,0.0027825131520904
0x81fbfb07888fff733958210796af7cbe4368ae5f,MATIC,0.0007099199768789
0x81fbfb07888fff733958210796af7cbe4368ae5f,MKR,-0.0356144736222479
0x81fbfb07888fff733958210796af7cbe4368ae5f,NEAR,-0.016558183239798
0x81fbfb07888fff733958210796af7cbe4368ae5f,RUNE,-0.0238627637601308
0x81fbfb07888fff733958210796af7cbe4368ae5f,SNX,-0.0082997852474997
0x81fbfb07888fff733958210796af7cbe4368ae5f,SOL,-0.0153566768407012
0x81fbfb07888fff733958210796af7cbe4368ae5f,SUSHI,-0.0419833499403929
0x81fbfb07888fff733958210796af7cbe4368ae5f,TRX,-0.038204663749043
0x81fbfb07888fff733958210796af7cbe4368ae5f,UMA,-0.0521466931688207
0x81fbfb07888fff733958210796af7cbe4368ae5f,UNI,-0.0270334685213304
0x81fbfb07888fff733958210796af7cbe4368ae5f,XLM,-0.0215169375995322
0x81fbfb07888fff733958210796af7cbe4368ae5f,XMR,-0.012450352034495
0x81fbfb07888fff733958210796af7cbe4368ae5f,XTZ,-0.0361488615614768
0x81fbfb07888fff733958210796af7cbe4368ae5f,YFI,-0.0085563574360949
0x81fbfb07888fff733958210796af7cbe4368ae5f,ZEC,-0.0277197806041829
0x81fbfb07888fff733958210796af7cbe4368ae5f,ZRX,-0.0174277338890599
0x8a8e1c4e454e092fc19c6cca2034bd22b29781e7,1INCH,0.00095403194
0x8a8e1c4e454e092fc19c6cca2034bd22b29781e7,AAVE,0.0009714365
0x8a8e1c4e454e092fc19c6cca2034bd22b29781e7,ADA,0.00041854382
0x8a8e1c4e454e092fc19c6cca2034bd22b29781e7,ALGO,0.00014150143
0x8a8e1c4e454e092fc19c6cca2034bd22b29781e7,ATOM,0.000084757805
0x8a8e1c4e454e092fc19c6cca2034bd22b29781e7,AVAX,0.0000017881393
0x8a8e1c4e454e092fc19c6cca2034bd22b29781e7,BCH,0.0000035762787
0x8a8e1c4e454e092fc19c6cca2034bd22b29781e7,BTC,0.00059223175
0x8a8e1c4e454e092fc19c6cca2034bd22b29781e7,CELO,0.00025045872
0x8a8e1c4e454e092fc19c6cca2034bd22b29781e7,COMP,0.00031459332
0x8a8e1c4e454e092fc19c6cca2034bd22b29781e7,CRV,0.0023384094
0x8a8e1c4e454e092fc19c6cca2034bd22b29781e7,DOGE,0.00033950806
0x8a8e1c4e454e092fc19c6cca2034bd22b29781e7,DOT,0.0025202036
0x8a8e1c4e454e092fc19c6cca2034bd22b29781e7,ENJ,0.0024223328
0x8a8e1c4e454e092fc19c6cca2034bd22b29781e7,EOS,0.0016897917
0x8a8e1c4e454e092fc19c6cca2034bd22b29781e7,ETC,0.0006247759
0x8a8e1c4e454e092fc19c6cca2034bd22b29781e7,ETH,0.0000046491623
0x8a8e1c4e454e092fc19c6cca2034bd22b29781e7,FIL,0.00067543983
0x8a8e1c4e454e092fc19c6cca2034bd22b29781e7,ICP,1.1920929E-7
0x8a8e1c4e454e092fc19c6cca2034bd22b29781e7,LINK,0.0014141798
0x8a8e1c4e454e092fc19c6cca2034bd22b29781e7,LTC,0.001603961
0x8a8e1c4e454e092fc19c6cca2034bd22b29781e7,MATIC,-0.000098109245
0x8a8e1c4e454e092fc19c6cca2034bd22b29781e7,MKR,0.0003298521
0x8a8e1c4e454e092fc19c6cca2034bd22b29781e7,NEAR,-0.000059723854
0x8a8e1c4e454e092fc19c6cca2034bd22b29781e7,RUNE,-0.00004130602
0x8a8e1c4e454e092fc19c6cca2034bd22b29781e7,SNX,0.00014030933
0x8a8e1c4e454e092fc19c6cca2034bd22b29781e7,SOL,0.0008403063
0x8a8e1c4e454e092fc19c6cca2034bd22b29781e7,SUSHI,-0.00019043684
0x8a8e1c4e454e092fc19c6cca2034bd22b29781e7,TRX,0.00033652782
0x8a8e1c4e454e092fc19c6cca2034bd22b29781e7,UMA,-0.0004348755
0x8a8e1c4e454e092fc19c6cca2034bd22b29781e7,UNI,-0.00010764599
0x8a8e1c4e454e092fc19c6cca2034bd22b29781e7,XLM,0.00049841404
0x8a8e1c4e454e092fc19c6cca2034bd22b29781e7,XMR,-0.000025570393
0x8a8e1c4e454e092fc19c6cca2034bd22b29781e7,XTZ,0.0011948347
0x8a8e1c4e454e092fc19c6cca2034bd22b29781e7,YFI,-0.00056791306
0x8a8e1c4e454e092fc19c6cca2034bd22b29781e7,ZEC,-0.0008903146
0x8a8e1c4e454e092fc19c6cca2034bd22b29781e7,ZRX,0.0
0x943b7da96a03cc6d4d440e2f346e18ead42f1d66,1INCH,0.062157735
0x943b7da96a03cc6d4d440e2f346e18ead42f1d66,AAVE,0.056077123
0x943b7da96a03cc6d4d440e2f346e18ead42f1d66,ADA,0.05927195
0x943b7da96a03cc6d4d440e2f346e18ead42f1d66,ALGO,0.06369279
0x943b7da96a03cc6d4d440e2f346e18ead42f1d66,ATOM,0.06437136
0x943b7da96a03cc6d4d440e2f346e18ead42f1d66,AVAX,0.06017102
0x943b7da96a03cc6d4d440e2f346e18ead42f1d66,BCH,0.06102813
0x943b7da96a03cc6d4d440e2f346e18ead42f1d66,BTC,0.07599321
0x943b7da96a03cc6d4d440e2f346e18ead42f1d66,CELO,0.05862521
0x943b7da96a03cc6d4d440e2f346e18ead42f1d66,COMP,0.056799874
0x943b7da96a03cc6d4d440e2f346e18ead42f1d66,CRV,0.05685628
0x943b7da96a03cc6d4d440e2f346e18ead42f1d66,DOGE,0.05445577
0x943b7da96a03cc6d4d440e2f346e18ead42f1d66,DOT,0.059981536
0x943b7da96a03cc6d4d440e2f346e18ead42f1d66,ENJ,0.055449683
0x943b7da96a03cc6d4d440e2f346e18ead42f1d66,EOS,0.05679843
0x943b7da96a03cc6d4d440e2f346e18ead42f1d66,ETC,0.06137753
0x943b7da96a03cc6d4d440e2f346e18ead42f1d66,ETH,0.07628735
0x943b7da96a03cc6d4d440e2f346e18ead42f1d66,FIL,0.054574646
0x943b7da96a03cc6d4d440e2f346e18ead42f1d66,ICP,0.05822109
0x943b7da96a03cc6d4d440e2f346e18ead42f1d66,LINK,0.05733059
0x943b7da96a03cc6d4d440e2f346e18ead42f1d66,LTC,0.058670204
0x943b7da96a03cc6d4d440e2f346e18ead42f1d66,MATIC,0.053799886
0x943b7da96a03cc6d4d440e2f346e18ead42f1d66,MKR,0.06611594
0x943b7da96a03cc6d4d440e2f346e18ead42f1d66,NEAR,0.06042054
0x943b7da96a03cc6d4d440e2f346e18ead42f1d66,RUNE,0.056509256
0x943b7da96a03cc6d4d440e2f346e18ead42f1d66,SNX,0.050779387
0x943b7da96a03cc6d4d440e2f346e18ead42f1d66,SOL,0.05427889
0x943b7da96a03cc6d4d440e2f346e18ead42f1d66,SUSHI,0.05527513
0x943b7da96a03cc6d4d440e2f346e18ead42f1d66,TRX,0.04835082
0x943b7da96a03cc6d4d440e2f346e18ead42f1d66,UMA,0.0535829
0x943b7da96a03cc6d4d440e2f346e18ead42f1d66,UNI,0.05352667
0x943b7da96a03cc6d4d440e2f346e18ead42f1d66,XLM,0.05330074
0x943b7da96a03cc6d4d440e2f346e18ead42f1d66,XMR,0.06288645
0x943b7da96a03cc6d4d440e2f346e18ead42f1d66,XTZ,0.058685154
0x943b7da96a03cc6d4d440e2f346e18ead42f1d66,YFI,0.05805198
0x943b7da96a03cc6d4d440e2f346e18ead42f1d66,ZEC,0.064113736
0x943b7da96a03cc6d4d440e2f346e18ead42f1d66,ZRX,0.05419301
0x98e41d65e981a882afcb05d41939197da3465b6f,1INCH,-0.0061999252210401
0x98e41d65e981a882afcb05d41939197da3465b6f,AAVE,-0.0060169074732837
0x98e41d65e981a882afcb05d41939197da3465b6f,ADA,0.0127732233431445
0x98e41d65e981a882afcb05d41939197da3465b6f,ALGO,-0.0001984896814011
0x98e41d65e981a882afcb05d41939197da3465b6f,ATOM,-0.0064282547640191
0x98e41d65e981a882afcb05d41939197da3465b6f,AVAX,-0.0148947163840105
0x98e41d65e981a882afcb05d41939197da3465b6f,BCH,0.0037055892112315
0x98e41d65e981a882afcb05d41939197da3465b6f,BTC,-0.0030801849127108
0x98e41d65e981a882afcb05d41939197da3465b6f,CELO,-0.0070824270291022
0x98e41d65e981a882afcb05d41939197da3465b6f,COMP,-0.0106364360180592
0x98e41d65e981a882afcb05d41939197da3465b6f,CRV,0.0088446155993512
0x98e41d65e981a882afcb05d41939197da3465b6f,DOGE,0.0006102745509862
0x98e41d65e981a882afcb05d41939197da3465b6f,DOT,-0.0011528455377712
0x98e41d65e981a882afcb05d41939197da3465b6f,ENJ,0.000057412577431360646
0x98e41d65e981a882afcb05d41939197da3465b6f,EOS,-0.0016167382925596
0x98e41d65e981a882afcb05d41939197da3465b6f,ETC,-0.0218890085155378
0x98e41d65e981a882afcb05d41939197da3465b6f,ETH,-0.0113198471077255
0x98e41d65e981a882afcb05d41939197da3465b6f,FIL,-0.0014144907626002
0x98e41d65e981a882afcb05d41939197da3465b6f,ICP,-0.0107797293664001
0x98e41d65e981a882afcb05d41939197da3465b6f,LINK,0.0033705737364586
0x98e41d65e981a882afcb05d41939197da3465b6f,LTC,-0.0112689463247757
0x98e41d65e981a882afcb05d41939197da3465b6f,MATIC,-0.0036063622522301
0x98e41d65e981a882afcb05d41939197da3465b6f,MKR,-0.0028323942702416
0x98e41d65e981a882afcb05d41939197da3465b6f,NEAR,-0.0093106615050466
0x98e41d65e981a882afcb05d41939197da3465b6f,RUNE,-0.0055534231230728
0x98e41d65e981a882afcb05d41939197da3465b6f,SNX,-0.0071040204130054
0x98e41d65e981a882afcb05d41939197da3465b6f,SOL,-0.0035500902185024
0x98e41d65e981a882afcb05d41939197da3465b6f,SUSHI,-0.0042723897270516
0x98e41d65e981a882afcb05d41939197da3465b6f,TRX,0.0029466214179488
0x98e41d65e981a882afcb05d41939197da3465b6f,UMA,0.006276165947328
0x98e41d65e981a882afcb05d41939197da3465b6f,UNI,0.0006252729403127
0x98e41d65e981a882afcb05d41939197da3465b6f,XLM,-0.0026180339803055
0x98e41d65e981a882afcb05d41939197da3465b6f,XMR,0.0026171139747471
0x98e41d65e981a882afcb05d41939197da3465b6f,XTZ,-0.0210083517774504
0x98e41d65e981a882afcb05d41939197da3465b6f,YFI,-0.0043032454553637
0x98e41d65e981a882afcb05d41939197da3465b6f,ZEC,-0.0063307042054083
0x98e41d65e981a882afcb05d41939197da3465b6f,ZRX,-0.0104978470346567
0x9aa5c9c4a500ee3bd06798a0fa415298e63412ac,1INCH,0.0074976003
0x9aa5c9c4a500ee3bd06798a0fa415298e63412ac,AAVE,0.055245306
0x9aa5c9c4a500ee3bd06798a0fa415298e63412ac,ADA,-0.10097015
0x9aa5c9c4a500ee3bd06798a0fa415298e63412ac,ALGO,0.035766825
0x9aa5c9c4a500ee3bd06798a0fa415298e63412ac,ATOM,0.034489352
0x9aa5c9c4a500ee3bd06798a0fa415298e63412ac,AVAX,-0.06232156
0x9aa5c9c4a500ee3bd06798a0fa415298e63412ac,BCH,-0.02082871
0x9aa5c9c4a500ee3bd06798a0fa415298e63412ac,BTC,-0.006389898
0x9aa5c9c4a500ee3bd06798a0fa415298e63412ac,CELO,-0.04786961
0x9aa5c9c4a500ee3bd06798a0fa415298e63412ac,COMP,-0.2264762
0x9aa5c9c4a500ee3bd06798a0fa415298e63412ac,CRV,0.054510083
0x9aa5c9c4a500ee3bd06798a0fa415298e63412ac,DOGE,-0.038920794
0x9aa5c9c4a500ee3bd06798a0fa415298e63412ac,DOT,-0.121774726
0x9aa5c9c4a500ee3bd06798a0fa415298e63412ac,ENJ,0.0019619
0x9aa5c9c4a500ee3bd06798a0fa415298e63412ac,EOS,-0.045100898
0x9aa5c9c4a500ee3bd06798a0fa415298e63412ac,ETC,-0.22732486
0x9aa5c9c4a500ee3bd06798a0fa415298e63412ac,ETH,-0.04222071
0x9aa5c9c4a500ee3bd06798a0fa415298e63412ac,FIL,0.054211333
0x9aa5c9c4a500ee3bd06798a0fa415298e63412ac,ICP,-0.1636184
0x9aa5c9c4a500ee3bd06798a0fa415298e63412ac,LINK,-0.051375836
0x9aa5c9c4a500ee3bd06798a0fa415298e63412ac,LTC,-0.05478403
0x9aa5c9c4a500ee3bd06798a0fa415298e63412ac,MATIC,0.0205392
0x9aa5c9c4a500ee3bd06798a0fa415298e63412ac,MKR,-0.006393757
0x9aa5c9c4a500ee3bd06798a0fa415298e63412ac,NEAR,-0.078910016
0x9aa5c9c4a500ee3bd06798a0fa415298e63412ac,RUNE,0.07136847
0x9aa5c9c4a500ee3bd06798a0fa415298e63412ac,SNX,-0.051982485
0x9aa5c9c4a500ee3bd06798a0fa415298e63412ac,SOL,-0.17454436
0x9aa5c9c4a500ee3bd06798a0fa415298e63412ac,SUSHI,-0.03664171
0x9aa5c9c4a500ee3bd06798a0fa415298e63412ac,TRX,-0.024355365
0x9aa5c9c4a500ee3bd06798a0fa415298e63412ac,UMA,-0.12624778
0x9aa5c9c4a500ee3bd06798a0fa415298e63412ac,UNI,-0.030750748
0x9aa5c9c4a500ee3bd06798a0fa415298e63412ac,XLM,-0.085131675
0x9aa5c9c4a500ee3bd06798a0fa415298e63412ac,XMR,-0.16868815
0x9aa5c9c4a500ee3bd06798a0fa415298e63412ac,XTZ,-0.2195913
0x9aa5c9c4a500ee3bd06798a0fa415298e63412ac,YFI,0.035152946
0x9aa5c9c4a500ee3bd06798a0fa415298e63412ac,ZEC,-0.04670683
0x9aa5c9c4a500ee3bd06798a0fa415298e63412ac,ZRX,0.01852953
0x9c40349fbbb3fdca0dbb8d5a9ec1063476288a01,1INCH,-0.2360586905613199
0x9c40349fbbb3fdca0dbb8d5a9ec1063476288a01,AAVE,-0.1108309974783738
0x9c40349fbbb3fdca0dbb8d5a9ec1063476288a01,ADA,-0.0305547718105503
0x9c40349fbbb3fdca0dbb8d5a9ec1063476288a01,ALGO,-0.0717228406800785
0x9c40349fbbb3fdca0dbb8d5a9ec1063476288a01,ATOM,-0.0558660149665581
0x9c40349fbbb3fdca0dbb8d5a9ec1063476288a01,AVAX,0.0797886370079773
0x9c40349fbbb3fdca0dbb8d5a9ec1063476288a01,BCH,0.1806601755037634
0x9c40349fbbb3fdca0dbb8d5a9ec1063476288a01,BTC,-0.0600101378812797
0x9c40349fbbb3fdca0dbb8d5a9ec1063476288a01,CELO,-0.1402951097885594
0x9c40349fbbb3fdca0dbb8d5a9ec1063476288a01,COMP,-0.0447496257753859
0x9c40349fbbb3fdca0dbb8d5a9ec1063476288a01,CRV,0.0653009127656552
0x9c40349fbbb3fdca0dbb8d5a9ec1063476288a01,DOGE,0.6199823935384301
0x9c40349fbbb3fdca0dbb8d5a9ec1063476288a01,DOT,-0.0457145428120799
0x9c40349fbbb3fdca0dbb8d5a9ec1063476288a01,ENJ,0.0985683979850559
0x9c40349fbbb3fdca0dbb8d5a9ec1063476288a01,EOS,-0.1945548821231302
0x9c40349fbbb3fdca0dbb8d5a9ec1063476288a01,ETC,0.1757872691601894
0x9c40349fbbb3fdca0dbb8d5a9ec1063476288a01,ETH,-0.0585136732808086
0x9c40349fbbb3fdca0dbb8d5a9ec1063476288a01,FIL,0.0114861916172247
0x9c40349fbbb3fdca0dbb8d5a9ec1063476288a01,ICP,0.0285425803646491
0x9c40349fbbb3fdca0dbb8d5a9ec1063476288a01,LINK,-0.0056192169761754
0x9c40349fbbb3fdca0dbb8d5a9ec1063476288a01,LTC,-0.1755769202335717
0x9c40349fbbb3fdca0dbb8d5a9ec1063476288a01,MATIC,-0.096895228818297
0x9c40349fbbb3fdca0dbb8d5a9ec1063476288a01,MKR,0.173572122896695
0x9c40349fbbb3fdca0dbb8d5a9ec1063476288a01,NEAR,-0.1034993251697906
0x9c40349fbbb3fdca0dbb8d5a9ec1063476288a01,RUNE,-0.1225658002185796
0x9c40349fbbb3fdca0dbb8d5a9ec1063476288a01,SNX,-0.1122463421986287
0x9c40349fbbb3fdca0dbb8d5a9ec1063476288a01,SOL,-0.1058798546958507
0x9c40349fbbb3fdca0dbb8d5a9ec1063476288a01,SUSHI,-0.1386860297633365
0x9c40349fbbb3fdca0dbb8d5a9ec1063476288a01,TRX,0.0146414221039851
0x9c40349fbbb3fdca0dbb8d5a9ec1063476288a01,UMA,0.0996783395960424
0x9c40349fbbb3fdca0dbb8d5a9ec1063476288a01,UNI,-0.1961981302241937
0x9c40349fbbb3fdca0dbb8d5a9ec1063476288a01,XLM,-0.0589264336102531
0x9c40349fbbb3fdca0dbb8d5a9ec1063476288a01,XMR,-0.0791030139080658
0x9c40349fbbb3fdca0dbb8d5a9ec1063476288a01,XTZ,-0.1567030803198882
0x9c40349fbbb3fdca0dbb8d5a9ec1063476288a01,YFI,-0.1283137967094146
0x9c40349fbbb3fdca0dbb8d5a9ec1063476288a01,ZEC,-0.1813464388602651
0x9c40349fbbb3fdca0dbb8d5a9ec1063476288a01,ZRX,-0.0517456356487187
0xa16a483a18f00a00b14b93438e8ad21f485b382f,1INCH,-0.0068814814351175
0xa16a483a18f00a00b14b93438e8ad21f485b382f,AAVE,-0.0085346581997478
0xa16a483a18f00a00b14b93438e8ad21f485b382f,ADA,0.0041793436861231
0xa16a483a18f00a00b14b93438e8ad21f485b382f,ALGO,-0.0026731597919637
0xa16a483a18f00a00b14b93438e8ad21f485b382f,ATOM,-0.0109215446594472
0xa16a483a18f00a00b14b93438e8ad21f485b382f,AVAX,-0.0179936116821593
0xa16a483a18f00a00b14b93438e8ad21f485b382f,BCH,0.0075087091679213
0xa16a483a18f00a00b14b93438e8ad21f485b382f,BTC,-0.0002421303530715
0xa16a483a18f00a00b14b93438e8ad21f485b382f,CELO,-0.0156250304850244
0xa16a483a18f00a00b14b93438e8ad21f485b382f,COMP,-0.012836629699086
0xa16a483a18f00a00b14b93438e8ad21f485b382f,CRV,0.0067638309783067
0xa16a483a18f00a00b14b93438e8ad21f485b382f,DOGE,-0.0023962141206253
0xa16a483a18f00a00b14b93438e8ad21f485b382f,DOT,-0.0030017241618315
0xa16a483a18f00a00b14b93438e8ad21f485b382f,ENJ,-0.0007681872575039
0xa16a483a18f00a00b14b93438e8ad21f485b382f,EOS,-0.0049083876718763
0xa16a483a18f00a00b14b93438e8ad21f485b382f,ETC,-0.018105327168112
0xa16a483a18f00a00b14b93438e8ad21f485b382f,ETH,-0.008845608725487
0xa16a483a18f00a00b14b93438e8ad21f485b382f,FIL,-0.0050359753703191
0xa16a483a18f00a00b14b93438e8ad21f485b382f,ICP,-0.0124207978546939
0xa16a483a18f00a00b14b93438e8ad21f485b382f,LINK,0.0031506939314879
0xa16a483a18f00a00b14b93438e8ad21f485b382f,LTC,-0.0074397940263413
0xa16a483a18f00a00b14b93438e8ad21f485b382f,MATIC,-0.0065496956364626
0xa16a483a18f00a00b14b93438e8ad21f485b382f,MKR,-0.0020576311008867
0xa16a483a18f00a00b14b93438e8ad21f485b382f,NEAR,-0.0136480651642143
0xa16a483a18f00a00b14b93438e8ad21f485b382f,RUNE,-0.015877884733603
0xa16a483a18f00a00b14b93438e8ad21f485b382f,SNX,-0.0148624691986879
0xa16a483a18f00a00b14b93438e8ad21f485b382f,SOL,-0.0015306343766589
0xa16a483a18f00a00b14b93438e8ad21f485b382f,SUSHI,-0.0128523904201248
0xa16a483a18f00a00b14b93438e8ad21f485b382f,TRX,0.0042292109176941
0xa16a483a18f00a00b14b93438e8ad21f485b382f,UMA,0.0059202617401138
0xa16a483a18f00a00b14b93438e8ad21f485b382f,UNI,-0.0030807733996812
0xa16a483a18f00a00b14b93438e8ad21f485b382f,XLM,-0.008998828716732
0xa16a483a18f00a00b14b93438e8ad21f485b382f,XMR,-0.000163218317515
0xa16a483a18f00a00b14b93438e8ad21f485b382f,XTZ,-0.0195949006320582
0xa16a483a18f00a00b14b93438e8ad21f485b382f,YFI,-0.0075768434619556
0xa16a483a18f00a00b14b93438e8ad21f485b382f,ZEC,-0.0109979694193937
0xa16a483a18f00a00b14b93438e8ad21f485b382f,ZRX,-0.0150306775976202
0xa26dcd02deb5cb5c0e8600c16920432764be53ca,1INCH,0.0957423662535342
0xa26dcd02deb5cb5c0e8600c16920432764be53ca,AAVE,0.2656359137429607
0xa26dcd02deb5cb5c0e8600c16920432764be53ca,ADA,-0.0952087415914146
0xa26dcd02deb5cb5c0e8600c16920432764be53ca,ALGO,-0.283204817575807
0xa26dcd02deb5cb5c0e8600c16920432764be53ca,ATOM,-0.0150710881402603
0xa26dcd02deb5cb5c0e8600c16920432764be53ca,AVAX,-0.0938148280464201
0xa26dcd02deb5cb5c0e8600c16920432764be53ca,BCH,-0.2459166754518353
0xa26dcd02deb5cb5c0e8600c16920432764be53ca,BTC,-0.2765750458849671
0xa26dcd02deb5cb5c0e8600c16920432764be53ca,CELO,0.0904943387414722
0xa26dcd02deb5cb5c0e8600c16920432764be53ca,COMP,-0.0235250809807627
0xa26dcd02deb5cb5c0e8600c16920432764be53ca,CRV,-0.0254636320807213
0xa26dcd02deb5cb5c0e8600c16920432764be53ca,DOGE,0.1261065839586194
0xa26dcd02deb5cb5c0e8600c16920432764be53ca,DOT,-0.1681506485415869
0xa26dcd02deb5cb5c0e8600c16920432764be53ca,ENJ,0.0077525609614656
0xa26dcd02deb5cb5c0e8600c16920432764be53ca,EOS,0.0516802101647368
0xa26dcd02deb5cb5c0e8600c16920432764be53ca,ETC,-0.0437371234488622
0xa26dcd02deb5cb5c0e8600c16920432764be53ca,ETH,0.5518961439799513
0xa26dcd02deb5cb5c0e8600c16920432764be53ca,FIL,-0.2151315459777304
0xa26dcd02deb5cb5c0e8600c16920432764be53ca,ICP,0.0043150361163026
0xa26dcd02deb5cb5c0e8600c16920432764be53ca,LINK,-0.0875509666289682
0xa26dcd02deb5cb5c0e8600c16920432764be53ca,LTC,-0.0588901768577775
0xa26dcd02deb5cb5c0e8600c16920432764be53ca,MATIC,-0.1434355115533499
0xa26dcd02deb5cb5c0e8600c16920432764be53ca,MKR,-0.0336944079455119
0xa26dcd02deb5cb5c0e8600c16920432764be53ca,NEAR,0.1485256508571172
0xa26dcd02deb5cb5c0e8600c16920432764be53ca,RUNE,0.0534997222591574
0xa26dcd02deb5cb5c0e8600c16920432764be53ca,SNX,0.0974842670776744
0xa26dcd02deb5cb5c0e8600c16920432764be53ca,SOL,0.1382879488923778
0xa26dcd02deb5cb5c0e8600c16920432764be53ca,SUSHI,-0.0652716327612034
0xa26dcd02deb5cb5c0e8600c16920432764be53ca,TRX,0.3625973013186782
0xa26dcd02deb5cb5c0e8600c16920432764be53ca,UMA,0.0156379570417132
0xa26dcd02deb5cb5c0e8600c16920432764be53ca,UNI,0.2696612269642373
0xa26dcd02deb5cb5c0e8600c16920432764be53ca,XLM,0.0599861112562722
0xa26dcd02deb5cb5c0e8600c16920432764be53ca,XMR,-0.2970313759971152
0xa26dcd02deb5cb5c0e8600c16920432764be53ca,XTZ,0.0965990249898374
0xa26dcd02deb5cb5c0e8600c16920432764be53ca,YFI,-0.0066844935409187
0xa26dcd02deb5cb5c0e8600c16920432764be53ca,ZEC,0.1481049310335387
0xa26dcd02deb5cb5c0e8600c16920432764be53ca,ZRX,-0.2029360913975922
0xaf6e3ee121902ee1eb4264aa3fc5772b289a0912,1INCH,0.009061743476218
0xaf6e3ee121902ee1eb4264aa3fc5772b289a0912,AAVE,0.0056124855148694
0xaf6e3ee121902ee1eb4264aa3fc5772b289a0912,ADA,-0.0027810021883048
0xaf6e3ee121902ee1eb4264aa3fc5772b289a0912,ALGO,-0.0014571936375324
0xaf6e3ee121902ee1eb4264aa3fc5772b289a0912,ATOM,-0.0045996988751779
0xaf6e3ee121902ee1eb4264aa3fc5772b289a0912,AVAX,-0.0109215202707073
0xaf6e3ee121902ee1eb4264aa3fc5772b289a0912,BCH,0.0074301406913823
0xaf6e3ee121902ee1eb4264aa3fc5772b289a0912,BTC,0.0069907187423038
0xaf6e3ee121902ee1eb4264aa3fc5772b289a0912,CELO,0.0094965825903755
0xaf6e3ee121902ee1eb4264aa3fc5772b289a0912,COMP,0.0071449941692907
0xaf6e3ee121902ee1eb4264aa3fc5772b289a0912,CRV,-0.0073500319649642
0xaf6e3ee121902ee1eb4264aa3fc5772b289a0912,DOGE,-0.0083113420778771
0xaf6e3ee121902ee1eb4264aa3fc5772b289a0912,DOT,0.004205757832562
0xaf6e3ee121902ee1eb4264aa3fc5772b289a0912,ENJ,-0.0049880391444178
0xaf6e3ee121902ee1eb4264aa3fc5772b289a0912,EOS,0.0016042503141274
0xaf6e3ee121902ee1eb4264aa3fc5772b289a0912,ETC,0.0051154498488597
0xaf6e3ee121902ee1eb4264aa3fc5772b289a0912,ETH,0.00642450362985
0xaf6e3ee121902ee1eb4264aa3fc5772b289a0912,FIL,0.0070296099390455
0xaf6e3ee121902ee1eb4264aa3fc5772b289a0912,ICP,0.0088869529136114
0xaf6e3ee121902ee1eb4264aa3fc5772b289a0912,LINK,-0.0082685111783986
0xaf6e3ee121902ee1eb4264aa3fc5772b289a0912,LTC,-0.0020415743514676
0xaf6e3ee121902ee1eb4264aa3fc5772b289a0912,MATIC,0.0070046296396124
0xaf6e3ee121902ee1eb4264aa3fc5772b289a0912,MKR,0.0052159139045312
0xaf6e3ee121902ee1eb4264aa3fc5772b289a0912,NEAR,0.0016308706668281
0xaf6e3ee121902ee1eb4264aa3fc5772b289a0912,RUNE,-0.0132058520714734
0xaf6e3ee121902ee1eb4264aa3fc5772b289a0912,SNX,-0.0073176426676035
0xaf6e3ee121902ee1eb4264aa3fc5772b289a0912,SOL,-0.001502393179798
0xaf6e3ee121902ee1eb4264aa3fc5772b289a0912,SUSHI,-0.0040745732881085
0xaf6e3ee121902ee1eb4264aa3fc5772b289a0912,TRX,0.0042854199757223
0xaf6e3ee121902ee1eb4264aa3fc5772b289a0912,UMA,-0.0015761396527987
0xaf6e3ee121902ee1eb4264aa3fc5772b289a0912,UNI,0.0036080594174779
0xaf6e3ee121902ee1eb4264aa3fc5772b289a0912,XLM,0.001071363223997
0xaf6e3ee121902ee1eb4264aa3fc5772b289a0912,XMR,-0.0017970341122875
0xaf6e3ee121902ee1eb4264aa3fc5772b289a0912,XTZ,0.0056428071791644
0xaf6e3ee121902ee1eb4264aa3fc5772b289a0912,YFI,-0.0023389327825125
0xaf6e3ee121902ee1eb4264aa3fc5772b289a0912,ZEC,-0.0008166704078352
0xaf6e3ee121902ee1eb4264aa3fc5772b289a0912,ZRX,-0.0013089535781929
0xb294a5316e76e84649a3b8ff0ff6ef9788595bed,1INCH,0.011375785
0xb294a5316e76e84649a3b8ff0ff6ef9788595bed,AAVE,0.010774016
0xb294a5316e76e84649a3b8ff0ff6ef9788595bed,ADA,0.007666588
0xb294a5316e76e84649a3b8ff0ff6ef9788595bed,ALGO,0.0033464432
0xb294a5316e76e84649a3b8ff0ff6ef9788595bed,ATOM,0.0007635355
0xb294a5316e76e84649a3b8ff0ff6ef9788595bed,AVAX,0.0061895847
0xb294a5316e76e84649a3b8ff0ff6ef9788595bed,BCH,0.0065214634
0xb294a5316e76e84649a3b8ff0ff6ef9788595bed,BTC,0.0028105974
0xb294a5316e76e84649a3b8ff0ff6ef9788595bed,CELO,-0.001537025
0xb294a5316e76e84649a3b8ff0ff6ef9788595bed,COMP,0.0064965487
0xb294a5316e76e84649a3b8ff0ff6ef9788595bed,CRV,0.012216806
0xb294a5316e76e84649a3b8ff0ff6ef9788595bed,DOGE,0.0021432638
0xb294a5316e76e84649a3b8ff0ff6ef9788595bed,DOT,0.0011869669
0xb294a5316e76e84649a3b8ff0ff6ef9788595bed,ENJ,0.010736108
0xb294a5316e76e84649a3b8ff0ff6ef9788595bed,EOS,0.016519547
0xb294a5316e76e84649a3b8ff0ff6ef9788595bed,ETC,0.0075563192
0xb294a5316e76e84649a3b8ff0ff6ef9788595bed,ETH,0.0062013865
0xb294a5316e76e84649a3b8ff0ff6ef9788595bed,FIL,0.0013701916
0xb294a5316e76e84649a3b8ff0ff6ef9788595bed,ICP,0.003536582
0xb294a5316e76e84649a3b8ff0ff6ef9788595bed,LINK,0.0037130117
0xb294a5316e76e84649a3b8ff0ff6ef9788595bed,LTC,0.013111591
0xb294a5316e76e84649a3b8ff0ff6ef9788595bed,MATIC,0.0070234537
0xb294a5316e76e84649a3b8ff0ff6ef9788595bed,MKR,0.0109725
0xb294a5316e76e84649a3b8ff0ff6ef9788595bed,NEAR,0.0010420084
0xb294a5316e76e84649a3b8ff0ff6ef9788595bed,RUNE,-0.003774047
0xb294a5316e76e84649a3b8ff0ff6ef9788595bed,SNX,0.0037305355
0xb294a5316e76e84649a3b8ff0ff6ef9788595bed,SOL,0.0071058273
0xb294a5316e76e84649a3b8ff0ff6ef9788595bed,SUSHI,0.0009212494
0xb294a5316e76e84649a3b8ff0ff6ef9788595bed,TRX,0.017531157
0xb294a5316e76e84649a3b8ff0ff6ef9788595bed,UMA,0.0043013096
0xb294a5316e76e84649a3b8ff0ff6ef9788595bed,UNI,0.003991008
0xb294a5316e76e84649a3b8ff0ff6ef9788595bed,XLM,0.013743043
0xb294a5316e76e84649a3b8ff0ff6ef9788595bed,XMR,0.02802515
0xb294a5316e76e84649a3b8ff0ff6ef9788595bed,XTZ,0.0056011677
0xb294a5316e76e84649a3b8ff0ff6ef9788595bed,YFI,-0.00018054247
0xb294a5316e76e84649a3b8ff0ff6ef9788595bed,ZEC,0.01593411
0xb294a5316e76e84649a3b8ff0ff6ef9788595bed,ZRX,0.014741421
0xb759689102026a0025b23595227dc865fe1a4828,1INCH,0.0
0xb759689102026a0025b23595227dc865fe1a4828,AAVE,0.0
0xb759689102026a0025b23595227dc865fe1a4828,ADA,0.0
0xb759689102026a0025b23595227dc865fe1a4828,ALGO,0.0
0xb759689102026a0025b23595227dc865fe1a4828,ATOM,0.0
0xb759689102026a0025b23595227dc865fe1a4828,AVAX,0.0
0xb759689102026a0025b23595227dc865fe1a4828,BCH,0.0
0xb759689102026a0025b23595227dc865fe1a4828,BTC,0.0
0xb759689102026a0025b23595227dc865fe1a4828,CELO,0.0
0xb759689102026a0025b23595227dc865fe1a4828,COMP,0.0
0xb759689102026a0025b23595227dc865fe1a4828,CRV,0.0
0xb759689102026a0025b23595227dc865fe1a4828,DOGE,0.0
0xb759689102026a0025b23595227dc865fe1a4828,DOT,0.035090350903509
0xb759689102026a0025b23595227dc865fe1a4828,ENJ,0.0
0xb759689102026a0025b23595227dc865fe1a4828,EOS,0.0
0xb759689102026a0025b23595227dc865fe1a4828,ETC,0.0
0xb759689102026a0025b23595227dc865fe1a4828,ETH,0.0
0xb759689102026a0025b23595227dc865fe1a4828,FIL,0.0
0xb759689102026a0025b23595227dc865fe1a4828,ICP,0.0
0xb759689102026a0025b23595227dc865fe1a4828,LINK,0.1957819578195782
0xb759689102026a0025b23595227dc865fe1a4828,LTC,0.0
0xb759689102026a0025b23595227dc865fe1a4828,MATIC,0.0
0xb759689102026a0025b23595227dc865fe1a4828,MKR,0.2876128761287612
0xb759689102026a0025b23595227dc865fe1a4828,NEAR,0.00970009700097
0xb759689102026a0025b23595227dc865fe1a4828,RUNE,0.0
0xb759689102026a0025b23595227dc865fe1a4828,SNX,0.0
0xb759689102026a0025b23595227dc865fe1a4828,SOL,0.0
0xb759689102026a0025b23595227dc865fe1a4828,SUSHI,0.0
0xb759689102026a0025b23595227dc865fe1a4828,TRX,0.0
0xb759689102026a0025b23595227dc865fe1a4828,UMA,0.0
0xb759689102026a0025b23595227dc865fe1a4828,UNI,0.1318313183131831
0xb759689102026a0025b23595227dc865fe1a4828,XLM,0.049560495604956
0xb759689102026a0025b23595227dc865fe1a4828,XMR,0.0
0xb759689102026a0025b23595227dc865fe1a4828,XTZ,0.1793517935179351
0xb759689102026a0025b23595227dc865fe1a4828,YFI,0.0
0xb759689102026a0025b23595227dc865fe1a4828,ZEC,0.1110711107111071
0xb759689102026a0025b23595227dc865fe1a4828,ZRX,0.0
0xb7ece21c962697a3194c0b6e4b81db54433055ab,1INCH,-0.0094614787676148
0xb7ece21c962697a3194c0b6e4b81db54433055ab,AAVE,-0.006006773825241
0xb7ece21c962697a3194c0b6e4b81db54433055ab,ADA,0.0062597119835701
0xb7ece21c962697a3194c0b6e4b81db54433055ab,ALGO,-0.0071169995063027
0xb7ece21c962697a3194c0b6e4b81db54433055ab,ATOM,-0.0157506711741986
0xb7ece21c962697a3194c0b6e4b81db54433055ab,AVAX,-0.0272189971092058
0xb7ece21c962697a3194c0b6e4b81db54433055ab,BCH,0.0134148526235624
0xb7ece21c962697a3194c0b6e4b81db54433055ab,BTC,0.0009339392516371
0xb7ece21c962697a3194c0b6e4b81db54433055ab,CELO,-0.0141215910182259
0xb7ece21c962697a3194c0b6e4b81db54433055ab,COMP,-0.018521786195294
0xb7ece21c962697a3194c0b6e4b81db54433055ab,CRV,-0.00109166864807
0xb7ece21c962697a3194c0b6e4b81db54433055ab,DOGE,-0.0083215719749691
0xb7ece21c962697a3194c0b6e4b81db54433055ab,DOT,-0.003004747074502
0xb7ece21c962697a3194c0b6e4b81db54433055ab,ENJ,-0.0069112715866024
0xb7ece21c962697a3194c0b6e4b81db54433055ab,EOS,-0.013508930852858
0xb7ece21c962697a3194c0b6e4b81db54433055ab,ETC,-0.0259924109791607
0xb7ece21c962697a3194c0b6e4b81db54433055ab,ETH,-0.0027439308494542
0xb7ece21c962697a3194c0b6e4b81db54433055ab,FIL,-0.0094406633062957
0xb7ece21c962697a3194c0b6e4b81db54433055ab,ICP,-0.0143880079418127
0xb7ece21c962697a3194c0b6e4b81db54433055ab,LINK,-0.0005042476940012
0xb7ece21c962697a3194c0b6e4b81db54433055ab,LTC,-0.010552102658129
0xb7ece21c962697a3194c0b6e4b81db54433055ab,MATIC,-0.0120733515485722
0xb7ece21c962697a3194c0b6e4b81db54433055ab,MKR,-0.0027695048808825
0xb7ece21c962697a3194c0b6e4b81db54433055ab,NEAR,-0.0217031636538194
0xb7ece21c962697a3194c0b6e4b81db54433055ab,RUNE,-0.0214915799226226
0xb7ece21c962697a3194c0b6e4b81db54433055ab,SNX,-0.0131544394888184
0xb7ece21c962697a3194c0b6e4b81db54433055ab,SOL,-0.0004076050938843
0xb7ece21c962697a3194c0b6e4b81db54433055ab,SUSHI,-0.0108828793764062
0xb7ece21c962697a3194c0b6e4b81db54433055ab,TRX,0.0018590634042158
0xb7ece21c962697a3194c0b6e4b81db54433055ab,UMA,0.0083491159460875
0xb7ece21c962697a3194c0b6e4b81db54433055ab,UNI,-0.0084072295906843
0xb7ece21c962697a3194c0b6e4b81db54433055ab,XLM,-0.0195914518462655
0xb7ece21c962697a3194c0b6e4b81db54433055ab,XMR,-0.0009849844060287
0xb7ece21c962697a3194c0b6e4b81db54433055ab,XTZ,-0.0260011993077718
0xb7ece21c962697a3194c0b6e4b81db54433055ab,YFI,-0.0052731770104149
0xb7ece21c962697a3194c0b6e4b81db54433055ab,ZEC,-0.0149817689991805
0xb7ece21c962697a3194c0b6e4b81db54433055ab,ZRX,-0.0206956093041642
0xc7eabdb28a49c5684f60a31ea957fbeb70fdf489,1INCH,0.0637534500128377
0xc7eabdb28a49c5684f60a31ea957fbeb70fdf489,AAVE,0.0659188010285015
0xc7eabdb28a49c5684f60a31ea957fbeb70fdf489,ADA,0.0735979666466804
0xc7eabdb28a49c5684f60a31ea957fbeb70fdf489,ALGO,0.0551446696639169
0xc7eabdb28a49c5684f60a31ea957fbeb70fdf489,ATOM,0.0661430148436982
0xc7eabdb28a49c5684f60a31ea957fbeb70fdf489,AVAX,0.0672748216770101
0xc7eabdb28a49c5684f60a31ea957fbeb70fdf489,BCH,0.0557525744889657
0xc7eabdb28a49c5684f60a31ea957fbeb70fdf489,BTC,0.040046683177439
0xc7eabdb28a49c5684f60a31ea957fbeb70fdf489,CELO,0.0339567204691691
0xc7eabdb28a49c5684f60a31ea957fbeb70fdf489,COMP,0.0675180006861226
0xc7eabdb28a49c5684f60a31ea957fbeb70fdf489,CRV,0.0863792125322401
0xc7eabdb28a49c5684f60a31ea957fbeb70fdf489,DOGE,0.0464738295068212
0xc7eabdb28a49c5684f60a31ea957fbeb70fdf489,DOT,0.0478311047750461
0xc7eabdb28a49c5684f60a31ea957fbeb70fdf489,ENJ,0.0527540266189827
0xc7eabdb28a49c5684f60a31ea957fbeb70fdf489,EOS,0.0535896753420144
0xc7eabdb28a49c5684f60a31ea957fbeb70fdf489,ETC,0.0552646717621126
0xc7eabdb28a49c5684f60a31ea957fbeb70fdf489,ETH,0.0438283528456808
0xc7eabdb28a49c5684f60a31ea957fbeb70fdf489,FIL,0.0506683758340181
0xc7eabdb28a49c5684f60a31ea957fbeb70fdf489,ICP,0.0802577098173752
0xc7eabdb28a49c5684f60a31ea957fbeb70fdf489,LINK,0.0632526604442592
0xc7eabdb28a49c5684f60a31ea957fbeb70fdf489,LTC,0.0357528775086595
0xc7eabdb28a49c5684f60a31ea957fbeb70fdf489,MATIC,0.0583288179330196
0xc7eabdb28a49c5684f60a31ea957fbeb70fdf489,MKR,0.0633114471713822
0xc7eabdb28a49c5684f60a31ea957fbeb70fdf489,NEAR,0.0661902535939913
0xc7eabdb28a49c5684f60a31ea957fbeb70fdf489,RUNE,0.0718422216390061
0xc7eabdb28a49c5684f60a31ea957fbeb70fdf489,SNX,0.058734139923696
0xc7eabdb28a49c5684f60a31ea957fbeb70fdf489,SOL,0.0421740215953605
0xc7eabdb28a49c5684f60a31ea957fbeb70fdf489,SUSHI,0.0636658470765492
0xc7eabdb28a49c5684f60a31ea957fbeb70fdf489,TRX,0.0429701041952262
0xc7eabdb28a49c5684f60a31ea957fbeb70fdf489,UMA,0.0355267088757878
0xc7eabdb28a49c5684f60a31ea957fbeb70fdf489,UNI,0.0778577081050417
0xc7eabdb28a49c5684f60a31ea957fbeb70fdf489,XLM,0.0601816379837976
0xc7eabdb28a49c5684f60a31ea957fbeb70fdf489,XMR,0.0336165474196565
0xc7eabdb28a49c5684f60a31ea957fbeb70fdf489,XTZ,0.0656435248182738
0xc7eabdb28a49c5684f60a31ea957fbeb70fdf489,YFI,0.0391476013449261
0xc7eabdb28a49c5684f60a31ea957fbeb70fdf489,ZEC,0.0654735280129519
0xc7eabdb28a49c5684f60a31ea957fbeb70fdf489,ZRX,0.0534412776145384
0xcbe37e37bb9ac19e87e6e495303fab60c3111529,1INCH,-0.0005484061363149
0xcbe37e37bb9ac19e87e6e495303fab60c3111529,AAVE,-0.0085286271297096
0xcbe37e37bb9ac19e87e6e495303fab60c3111529,ADA,0.0076088974659484
0xcbe37e37bb9ac19e87e6e495303fab60c3111529,ALGO,-0.0258067510607317
0xcbe37e37bb9ac19e87e6e495303fab60c3111529,ATOM,-0.0140989382023072
0xcbe37e37bb9ac19e87e6e495303fab60c3111529,AVAX,-0.0058055972319499
0xcbe37e37bb9ac19e87e6e495303fab60c3111529,BCH,0.0052660743897907
0xcbe37e37bb9ac19e87e6e495303fab60c3111529,BTC,-0.0134070211518123
0xcbe37e37bb9ac19e87e6e495303fab60c3111529,CELO,-0.002765855290302
0xcbe37e37bb9ac19e87e6e495303fab60c3111529,COMP,0.0084593364361692
0xcbe37e37bb9ac19e87e6e495303fab60c3111529,CRV,0.0109862514674042
0xcbe37e37bb9ac19e87e6e495303fab60c3111529,DOGE,-0.0169976645426525
0xcbe37e37bb9ac19e87e6e495303fab60c3111529,DOT,-0.0166251210093706
0xcbe37e37bb9ac19e87e6e495303fab60c3111529,ENJ,-0.0061904840532717
0xcbe37e37bb9ac19e87e6e495303fab60c3111529,EOS,-0.0053399741864436
0xcbe37e37bb9ac19e87e6e495303fab60c3111529,ETC,-0.0499774506241552
0xcbe37e37bb9ac19e87e6e495303fab60c3111529,ETH,0.0037324732237681
0xcbe37e37bb9ac19e87e6e495303fab60c3111529,FIL,-0.0048728344701476
0xcbe37e37bb9ac19e87e6e495303fab60c3111529,ICP,-0.0144313405062333
0xcbe37e37bb9ac19e87e6e495303fab60c3111529,LINK,0.0006397505230255
0xcbe37e37bb9ac19e87e6e495303fab60c3111529,LTC,0.0071659097262999
0xcbe37e37bb9ac19e87e6e495303fab60c3111529,MATIC,-0.0055382622557127
0xcbe37e37bb9ac19e87e6e495303fab60c3111529,MKR,-0.011727668801247
0xcbe37e37bb9ac19e87e6e495303fab60c3111529,NEAR,-0.0301747094275556
0xcbe37e37bb9ac19e87e6e495303fab60c3111529,RUNE,-0.0127623288705242
0xcbe37e37bb9ac19e87e6e495303fab60c3111529,SNX,0.0010573961377116
0xcbe37e37bb9ac19e87e6e495303fab60c3111529,SOL,-0.0004235160759336
0xcbe37e37bb9ac19e87e6e495303fab60c3111529,SUSHI,-0.0029829418602079
0xcbe37e37bb9ac19e87e6e495303fab60c3111529,TRX,0.0181857296323389
0xcbe37e37bb9ac19e87e6e495303fab60c3111529,UMA,-0.0002624648123341
0xcbe37e37bb9ac19e87e6e495303fab60c3111529,UNI,-0.0139144639533024
0xcbe37e37bb9ac19e87e6e495303fab60c3111529,XLM,-0.0220745768711962
0xcbe37e37bb9ac19e87e6e495303fab60c3111529,XMR,-0.0111274392550563
0xcbe37e37bb9ac19e87e6e495303fab60c3111529,XTZ,0.0002333289320477
0xcbe37e37bb9ac19e87e6e495303fab60c3111529,YFI,0.0125211061592093
0xcbe37e37bb9ac19e87e6e495303fab60c3111529,ZEC,-0.0315182514354256
0xcbe37e37bb9ac19e87e6e495303fab60c3111529,ZRX,-0.0184846962478619
0xcf28560da27700098a0efcb3f5742169948892de,1INCH,-0.0186741180890364
0xcf28560da27700098a0efcb3f5742169948892de,AAVE,-0.0064610474374579
0xcf28560da27700098a0efcb3f5742169948892de,ADA,0.0278972976070132
0xcf28560da27700098a0efcb3f5742169948892de,ALGO,-0.0211201220267371
0xcf28560da27700098a0efcb3f5742169948892de,ATOM,-0.0203513419671344
0xcf28560da27700098a0efcb3f5742169948892de,AVAX,-0.0174964503895117
0xcf28560da27700098a0efcb3f5742169948892de,BCH,-0.0054932556896092
0xcf28560da27700098a0efcb3f5742169948892de,BTC,-0.0219099740935782
0xcf28560da27700098a0efcb3f5742169948892de,CELO,-0.0281127500148817
0xcf28560da27700098a0efcb3f5742169948892de,COMP,-0.0135119598303982
0xcf28560da27700098a0efcb3f5742169948892de,CRV,0.018946718327565
0xcf28560da27700098a0efcb3f5742169948892de,DOGE,-0.0393319077597645
0xcf28560da27700098a0efcb3f5742169948892de,DOT,-0.0374865126460789
0xcf28560da27700098a0efcb3f5742169948892de,ENJ,0.0031834609973384
0xcf28560da27700098a0efcb3f5742169948892de,EOS,0.031941045844014
0xcf28560da27700098a0efcb3f5742169948892de,ETC,-0.0471759850473736
0xcf28560da27700098a0efcb3f5742169948892de,ETH,0.0039484700743958
0xcf28560da27700098a0efcb3f5742169948892de,FIL,-0.0249203502606028
0xcf28560da27700098a0efcb3f5742169948892de,ICP,-0.0137147435371816
0xcf28560da27700098a0efcb3f5742169948892de,LINK,0.0013314458866302
0xcf28560da27700098a0efcb3f5742169948892de,LTC,-0.0061111774188901
0xcf28560da27700098a0efcb3f5742169948892de,MATIC,-0.0005775825797245
0xcf28560da27700098a0efcb3f5742169948892de,MKR,-0.0124794313621263
0xcf28560da27700098a0efcb3f5742169948892de,NEAR,-0.0497816700696404
0xcf28560da27700098a0efcb3f5742169948892de,RUNE,-0.0306538464684577
0xcf28560da27700098a0efcb3f5742169948892de,SNX,-0.0006137095366995
0xcf28560da27700098a0efcb3f5742169948892de,SOL,-0.0126475023383928
0xcf28560da27700098a0efcb3f5742169948892de,SUSHI,-0.007505589091348
0xcf28560da27700098a0efcb3f5742169948892de,TRX,-0.0236087136581602
0xcf28560da27700098a0efcb3f5742169948892de,UMA,-0.0010735771888788
0xcf28560da27700098a0efcb3f5742169948892de,UNI,-0.0040749492346831
0xcf28560da27700098a0efcb3f5742169948892de,XLM,-0.0253756468780968
0xcf28560da27700098a0efcb3f5742169948892de,XMR,0.0024024922252141
0xcf28560da27700098a0efcb3f5742169948892de,XTZ,-0.0528322975865301
0xcf28560da27700098a0efcb3f5742169948892de,YFI,-0.0139647226651957
0xcf28560da27700098a0efcb3f5742169948892de,ZEC,-0.000015357572176783054
0xcf28560da27700098a0efcb3f5742169948892de,ZRX,-0.0439270424170237
0xe14867e41410bd7232a52b9400476c08b4e535b3,1INCH,-0.0068814814351175
0xe14867e41410bd7232a52b9400476c08b4e535b3,AAVE,-0.0085346581997478
0xe14867e41410bd7232a52b9400476c08b4e535b3,ADA,0.0041793436861231
0xe14867e41410bd7232a52b9400476c08b4e535b3,ALGO,-0.0026731597919637
0xe14867e41410bd7232a52b9400476c08b4e535b3,ATOM,-0.0109215446594472
0xe14867e41410bd7232a52b9400476c08b4e535b3,AVAX,-0.0179936116821593
0xe14867e41410bd7232a52b9400476c08b4e535b3,BCH,0.0075087091679213
0xe14867e41410bd7232a52b9400476c08b4e535b3,BTC,-0.0002421303530714
0xe14867e41410bd7232a52b9400476c08b4e535b3,CELO,-0.0156250304850244
0xe14867e41410bd7232a52b9400476c08b4e535b3,COMP,-0.012836629699086
0xe14867e41410bd7232a52b9400476c08b4e535b3,CRV,0.0067638309783067
0xe14867e41410bd7232a52b9400476c08b4e535b3,DOGE,-0.0023962141206253
0xe14867e41410bd7232a52b9400476c08b4e535b3,DOT,-0.0030017241618315
0xe14867e41410bd7232a52b9400476c08b4e535b3,ENJ,-0.0007681872575039
0xe14867e41410bd7232a52b9400476c08b4e535b3,EOS,-0.0049083876718763
0xe14867e41410bd7232a52b9400476c08b4e535b3,ETC,-0.018105327168112
0xe14867e41410bd7232a52b9400476c08b4e535b3,ETH,-0.008845608725487
0xe14867e41410bd7232a52b9400476c08b4e535b3,FIL,-0.0050359753703191
0xe14867e41410bd7232a52b9400476c08b4e535b3,ICP,-0.0124207978546939
0xe14867e41410bd7232a52b9400476c08b4e535b3,LINK,0.0031506939314879
0xe14867e41410bd7232a52b9400476c08b4e535b3,LTC,-0.0074397940263413
0xe14867e41410bd7232a52b9400476c08b4e535b3,MATIC,-0.0065496956364626
0xe14867e41410bd7232a52b9400476c08b4e535b3,MKR,-0.0020576311008867
0xe14867e41410bd7232a52b9400476c08b4e535b3,NEAR,-0.0136480651642143
0xe14867e41410bd7232a52b9400476c08b4e535b3,RUNE,-0.015877884733603
0xe14867e41410bd7232a52b9400476c08b4e535b3,SNX,-0.0148624691986879
0xe14867e41410bd7232a52b9400476c08b4e535b3,SOL,-0.0015306343766589
0xe14867e41410bd7232a52b9400476c08b4e535b3,SUSHI,-0.0128523904201248
0xe14867e41410bd7232a52b9400476c08b4e535b3,TRX,0.0042292109176941
0xe14867e41410bd7232a52b9400476c08b4e535b3,UMA,0.0059202617401138
0xe14867e41410bd7232a52b9400476c08b4e535b3,UNI,-0.0030807733996812
0xe14867e41410bd7232a52b9400476c08b4e535b3,XLM,-0.008998828716732
0xe14867e41410bd7232a52b9400476c08b4e535b3,XMR,-0.000163218317515
0xe14867e41410bd7232a52b9400476c08b4e535b3,XTZ,-0.0195949006320582
0xe14867e41410bd7232a52b9400476c08b4e535b3,YFI,-0.0075768434619556
0xe14867e41410bd7232a52b9400476c08b4e535b3,ZEC,-0.0109979694193937
0xe14867e41410bd7232a52b9400476c08b4e535b3,ZRX,-0.0150306775976202
0xeba5ba85f72e40a9f2b8782c2bd51ec31a5564da,1INCH,-0.0078424191720421
0xeba5ba85f72e40a9f2b8782c2bd51ec31a5564da,AAVE,-0.0076925009826007
0xeba5ba85f72e40a9f2b8782c2bd51ec31a5564da,ADA,0.0049122923298053
0xeba5ba85f72e40a9f2b8782c2bd51ec31a5564da,ALGO,-0.0044227909039043
0xeba5ba85f72e40a9f2b8782c2bd51ec31a5564da,ATOM,-0.0126626542506293
0xeba5ba85f72e40a9f2b8782c2bd51ec31a5564da,AVAX,-0.0212449742866384
0xeba5ba85f72e40a9f2b8782c2bd51ec31a5564da,BCH,0.0094294743279362
0xeba5ba85f72e40a9f2b8782c2bd51ec31a5564da,BTC,0.00002481137119786097
0xeba5ba85f72e40a9f2b8782c2bd51ec31a5564da,CELO,-0.0150937385456107
0xeba5ba85f72e40a9f2b8782c2bd51ec31a5564da,COMP,-0.0145202441150371
0xeba5ba85f72e40a9f2b8782c2bd51ec31a5564da,CRV,0.0033248256512138
0xeba5ba85f72e40a9f2b8782c2bd51ec31a5564da,DOGE,-0.004504884507021
0xeba5ba85f72e40a9f2b8782c2bd51ec31a5564da,DOT,-0.0030027317986092
0xeba5ba85f72e40a9f2b8782c2bd51ec31a5564da,ENJ,-0.0024658104050534
0xeba5ba85f72e40a9f2b8782c2bd51ec31a5564da,EOS,-0.0076409880801044
0xeba5ba85f72e40a9f2b8782c2bd51ec31a5564da,ETC,-0.0208650027269575
0xeba5ba85f72e40a9f2b8782c2bd51ec31a5564da,ETH,-0.0066955209752492
0xeba5ba85f72e40a9f2b8782c2bd51ec31a5564da,FIL,-0.0064059733250816
0xeba5ba85f72e40a9f2b8782c2bd51ec31a5564da,ICP,-0.0130635758413423
0xeba5ba85f72e40a9f2b8782c2bd51ec31a5564da,LINK,0.0013509125505386
0xeba5ba85f72e40a9f2b8782c2bd51ec31a5564da,LTC,-0.0084376975377203
0xeba5ba85f72e40a9f2b8782c2bd51ec31a5564da,MATIC,-0.0084103981862871
0xeba5ba85f72e40a9f2b8782c2bd51ec31a5564da,MKR,-0.0023195303033623
0xeba5ba85f72e40a9f2b8782c2bd51ec31a5564da,NEAR,-0.0159151971678335
0xeba5ba85f72e40a9f2b8782c2bd51ec31a5564da,RUNE,-0.017605831605228
0xeba5ba85f72e40a9f2b8782c2bd51ec31a5564da,SNX,-0.0143104025895058
0xeba5ba85f72e40a9f2b8782c2bd51ec31a5564da,SOL,-0.0011429276520353
0xeba5ba85f72e40a9f2b8782c2bd51ec31a5564da,SUSHI,-0.0122968373000933
0xeba5ba85f72e40a9f2b8782c2bd51ec31a5564da,TRX,0.0033739541802334
0xeba5ba85f72e40a9f2b8782c2bd51ec31a5564da,UMA,0.0066705387958984
0xeba5ba85f72e40a9f2b8782c2bd51ec31a5564da,UNI,-0.0049911370752218
0xeba5ba85f72e40a9f2b8782c2bd51ec31a5564da,XLM,-0.0124831025765907
0xeba5ba85f72e40a9f2b8782c2bd51ec31a5564da,XMR,-0.0003769029934748
0xeba5ba85f72e40a9f2b8782c2bd51ec31a5564da,XTZ,-0.0217358330753221
0xeba5ba85f72e40a9f2b8782c2bd51ec31a5564da,YFI,-0.006666839799272
0xeba5ba85f72e40a9f2b8782c2bd51ec31a5564da,ZEC,-0.0125738664537563
0xeba5ba85f72e40a9f2b8782c2bd51ec31a5564da,ZRX,-0.016733752208785
0xf097ed117dd3930f1eeb91569a6a61b4c52744c8,1INCH,-0.0115170035871736
0xf097ed117dd3930f1eeb91569a6a61b4c52744c8,AAVE,-0.0134388049137593
0xf097ed117dd3930f1eeb91569a6a61b4c52744c8,ADA,0.0088377646781001
0xf097ed117dd3930f1eeb91569a6a61b4c52744c8,ALGO,0.00008369251392776803
0xf097ed117dd3930f1eeb91569a6a61b4c52744c8,ATOM,0.0012643824263562
0xf097ed117dd3930f1eeb91569a6a61b4c52744c8,AVAX,-0.0031502055675436
0xf097ed117dd3930f1eeb91569a6a61b4c52744c8,BCH,0.0084264449137301
0xf097ed117dd3930f1eeb91569a6a61b4c52744c8,BTC,-0.0001712403832995
0xf097ed117dd3930f1eeb91569a6a61b4c52744c8,CELO,-0.0189366715723185
0xf097ed117dd3930f1eeb91569a6a61b4c52744c8,COMP,-0.0086272804732086
0xf097ed117dd3930f1eeb91569a6a61b4c52744c8,CRV,0.0088361126335979
0xf097ed117dd3930f1eeb91569a6a61b4c52744c8,DOGE,-0.000012002249168222863
0xf097ed117dd3930f1eeb91569a6a61b4c52744c8,DOT,-0.002609958192006
0xf097ed117dd3930f1eeb91569a6a61b4c52744c8,ENJ,-0.0034198199497468
0xf097ed117dd3930f1eeb91569a6a61b4c52744c8,EOS,-0.0012589665160497
0xf097ed117dd3930f1eeb91569a6a61b4c52744c8,ETC,-0.0240941772819209
0xf097ed117dd3930f1eeb91569a6a61b4c52744c8,ETH,-0.0087932496781337
0xf097ed117dd3930f1eeb91569a6a61b4c52744c8,FIL,-0.0101798491422999
0xf097ed117dd3930f1eeb91569a6a61b4c52744c8,ICP,-0.0092210522409435
0xf097ed117dd3930f1eeb91569a6a61b4c52744c8,LINK,0.0051638085683424
0xf097ed117dd3930f1eeb91569a6a61b4c52744c8,LTC,-0.0160529628634844
0xf097ed117dd3930f1eeb91569a6a61b4c52744c8,MATIC,-0.0020907211129268
0xf097ed117dd3930f1eeb91569a6a61b4c52744c8,MKR,0.0037149291652489
0xf097ed117dd3930f1eeb91569a6a61b4c52744c8,NEAR,-0.010606241221991
0xf097ed117dd3930f1eeb91569a6a61b4c52744c8,RUNE,-0.0009488016000739
0xf097ed117dd3930f1eeb91569a6a61b4c52744c8,SNX,-0.0163497870574557
0xf097ed117dd3930f1eeb91569a6a61b4c52744c8,SOL,-0.0001205956144747
0xf097ed117dd3930f1eeb91569a6a61b4c52744c8,SUSHI,-0.0079632332602988
0xf097ed117dd3930f1eeb91569a6a61b4c52744c8,TRX,0.0008552356287864
0xf097ed117dd3930f1eeb91569a6a61b4c52744c8,UMA,0.0084005054124225
0xf097ed117dd3930f1eeb91569a6a61b4c52744c8,UNI,-0.0008468379873198
0xf097ed117dd3930f1eeb91569a6a61b4c52744c8,XLM,-0.0006775321209748
0xf097ed117dd3930f1eeb91569a6a61b4c52744c8,XMR,-0.0009211438960985
0xf097ed117dd3930f1eeb91569a6a61b4c52744c8,XTZ,-0.0290678204958871
0xf097ed117dd3930f1eeb91569a6a61b4c52744c8,YFI,-0.0124874767472152
0xf097ed117dd3930f1eeb91569a6a61b4c52744c8,ZEC,-0.0085381209072204
0xf097ed117dd3930f1eeb91569a6a61b4c52744c8,ZRX,-0.0089632452430123
0xf5061bd41966374d89ddeada574602b3784e3d98,1INCH,-0.2363324825778123
0xf5061bd41966374d89ddeada574602b3784e3d98,AAVE,-0.1234287030764795
0xf5061bd41966374d89ddeada574602b3784e3d98,ADA,0.0042801215588047
0xf5061bd41966374d89ddeada574602b3784e3d98,ALGO,-0.1328768989939115
0xf5061bd41966374d89ddeada574602b3784e3d98,ATOM,-0.0253199310758786
0xf5061bd41966374d89ddeada574602b3784e3d98,AVAX,0.0895795227486582
0xf5061bd41966374d89ddeada574602b3784e3d98,BCH,0.2187989877618071
0xf5061bd41966374d89ddeada574602b3784e3d98,BTC,-0.0703786977928634
0xf5061bd41966374d89ddeada574602b3784e3d98,CELO,-0.1241964909993631
0xf5061bd41966374d89ddeada574602b3784e3d98,COMP,-0.0235674713975976
0xf5061bd41966374d89ddeada574602b3784e3d98,CRV,0.0568392654790538
0xf5061bd41966374d89ddeada574602b3784e3d98,DOGE,0.5461648747210016
0xf5061bd41966374d89ddeada574602b3784e3d98,DOT,-0.0644691672699072
0xf5061bd41966374d89ddeada574602b3784e3d98,ENJ,0.1708920619567808
0xf5061bd41966374d89ddeada574602b3784e3d98,EOS,-0.1786398092797275
0xf5061bd41966374d89ddeada574602b3784e3d98,ETC,0.2404416088050696
0xf5061bd41966374d89ddeada574602b3784e3d98,ETH,-0.0302350731644261
0xf5061bd41966374d89ddeada574602b3784e3d98,FIL,-0.003562436479101
0xf5061bd41966374d89ddeada574602b3784e3d98,ICP,0.0549405141553906
0xf5061bd41966374d89ddeada574602b3784e3d98,LINK,0.0325191223417522
0xf5061bd41966374d89ddeada574602b3784e3d98,LTC,-0.1338027554338411
0xf5061bd41966374d89ddeada574602b3784e3d98,MATIC,-0.0879082915526118
0xf5061bd41966374d89ddeada574602b3784e3d98,MKR,0.1493223389858823
0xf5061bd41966374d89ddeada574602b3784e3d98,NEAR,-0.1207041239193242
0xf5061bd41966374d89ddeada574602b3784e3d98,RUNE,-0.1018358173560968
0xf5061bd41966374d89ddeada574602b3784e3d98,SNX,-0.0880780888668619
0xf5061bd41966374d89ddeada574602b3784e3d98,SOL,-0.0797527210626101
0xf5061bd41966374d89ddeada574602b3784e3d98,SUSHI,-0.1511159135358988
0xf5061bd41966374d89ddeada574602b3784e3d98,TRX,0.0217388235267972
0xf5061bd41966374d89ddeada574602b3784e3d98,UMA,0.1069959222215422
0xf5061bd41966374d89ddeada574602b3784e3d98,UNI,-0.1695225776628833
0xf5061bd41966374d89ddeada574602b3784e3d98,XLM,-0.0410234650339534
0xf5061bd41966374d89ddeada574602b3784e3d98,XMR,-0.0648994405203254
0xf5061bd41966374d89ddeada574602b3784e3d98,XTZ,-0.1763519319253379
0xf5061bd41966374d89ddeada574602b3784e3d98,YFI,-0.1486993978044432
0xf5061bd41966374d89ddeada574602b3784e3d98,ZEC,-0.2013179333120422
0xf5061bd41966374d89ddeada574602b3784e3d98,ZRX,-0.0121565131972955
0xf8d50e3283fb6bf41260f7f294a48587d2a9b1fa,1INCH,0.008769857956633
0xf8d50e3283fb6bf41260f7f294a48587d2a9b1fa,AAVE,0.0011389704234392
0xf8d50e3283fb6bf41260f7f294a48587d2a9b1fa,ADA,0.0014179317672948
0xf8d50e3283fb6bf41260f7f294a48587d2a9b1fa,ALGO,-0.0051718982242712
0xf8d50e3283fb6bf41260f7f294a48587d2a9b1fa,ATOM,0.0158716336577011
0xf8d50e3283fb6bf41260f7f294a48587d2a9b1fa,AVAX,0.0244756997277837
0xf8d50e3283fb6bf41260f7f294a48587d2a9b1fa,BCH,0.0268068174673749
0xf8d50e3283fb6bf41260f7f294a48587d2a9b1fa,BTC,0.0606528843042387
0xf8d50e3283fb6bf41260f7f294a48587d2a9b1fa,CELO,-0.0037535434025056
0xf8d50e3283fb6bf41260f7f294a48587d2a9b1fa,COMP,-0.0039095962311831
0xf8d50e3283fb6bf41260f7f294a48587d2a9b1fa,CRV,0.0166110585830115
0xf8d50e3283fb6bf41260f7f294a48587d2a9b1fa,DOGE,-0.0053451886793539
0xf8d50e3283fb6bf41260f7f294a48587d2a9b1fa,DOT,0.0342687716283264
0xf8d50e3283fb6bf41260f7f294a48587d2a9b1fa,ENJ,0.0183828184549691
0xf8d50e3283fb6bf41260f7f294a48587d2a9b1fa,EOS,0.0150792205580787
0xf8d50e3283fb6bf41260f7f294a48587d2a9b1fa,ETC,0.0421773659134084
0xf8d50e3283fb6bf41260f7f294a48587d2a9b1fa,ETH,-0.0056384412690874
0xf8d50e3283fb6bf41260f7f294a48587d2a9b1fa,FIL,0.0183751793670598
0xf8d50e3283fb6bf41260f7f294a48587d2a9b1fa,ICP,0.018336582273058
0xf8d50e3283fb6bf41260f7f294a48587d2a9b1fa,LINK,0.0298571543097082
0xf8d50e3283fb6bf41260f7f294a48587d2a9b1fa,LTC,0.008695403483098
0xf8d50e3283fb6bf41260f7f294a48587d2a9b1fa,MATIC,0.0394020944001808
0xf8d50e3283fb6bf41260f7f294a48587d2a9b1fa,MKR,0.0125439793495751
0xf8d50e3283fb6bf41260f7f294a48587d2a9b1fa,NEAR,0.0063363783323322
0xf8d50e3283fb6bf41260f7f294a48587d2a9b1fa,RUNE,0.0126989723926954
0xf8d50e3283fb6bf41260f7f294a48587d2a9b1fa,SNX,-0.0076669194504513
0xf8d50e3283fb6bf41260f7f294a48587d2a9b1fa,SOL,0.0437931720739186
0xf8d50e3283fb6bf41260f7f294a48587d2a9b1fa,SUSHI,0.0170497276895168
0xf8d50e3283fb6bf41260f7f294a48587d2a9b1fa,TRX,0.0098521639517018
0xf8d50e3283fb6bf41260f7f294a48587d2a9b1fa,UMA,0.0315296186763231
0xf8d50e3283fb6bf41260f7f294a48587d2a9b1fa,UNI,0.0178900229463936
0xf8d50e3283fb6bf41260f7f294a48587d2a9b1fa,XLM,0.0187927435439215
0xf8d50e3283fb6bf41260f7f294a48587d2a9b1fa,XMR,0.0384207146807141
0xf8d50e3283fb6bf41260f7f294a48587d2a9b1fa,XTZ,-0.0113456530373987
0xf8d50e3283fb6bf41260f7f294a48587d2a9b1fa,YFI,0.0082480916927499
0xf8d50e3283fb6bf41260f7f294a48587d2a9b1fa,ZEC,0.036301741960663
0xf8d50e3283fb6bf41260f7f294a48587d2a9b1fa,ZRX,0.0177848454561536
0xfb2744ba3942d3bbf6717448e82299b731ca7ae7,1INCH,-0.0058957479718123
0xfb2744ba3942d3bbf6717448e82299b731ca7ae7,AAVE,-0.0150780759554108
0xfb2744ba3942d3bbf6717448e82299b731ca7ae7,ADA,0.0202293663622361
0xfb2744ba3942d3bbf6717448e82299b731ca7ae7,ALGO,-0.0291910722245725
0xfb2744ba3942d3bbf6717448e82299b731ca7ae7,ATOM,-0.0166090085945202
0xfb2744ba3942d3bbf6717448e82299b731ca7ae7,AVAX,-0.010436965648864
0xfb2744ba3942d3bbf6717448e82299b731ca7ae7,BCH,0.0045564162324428
0xfb2744ba3942d3bbf6717448e82299b731ca7ae7,BTC,-0.0041369701577768
0xfb2744ba3942d3bbf6717448e82299b731ca7ae7,CELO,-0.0121533114155935
0xfb2744ba3942d3bbf6717448e82299b731ca7ae7,COMP,-0.0001553640723174
0xfb2744ba3942d3bbf6717448e82299b731ca7ae7,CRV,0.00009736073765585208
0xfb2744ba3942d3bbf6717448e82299b731ca7ae7,DOGE,-0.0232027708213521
0xfb2744ba3942d3bbf6717448e82299b731ca7ae7,DOT,-0.0129903817744236
0xfb2744ba3942d3bbf6717448e82299b731ca7ae7,ENJ,-0.0124183598614841
0xfb2744ba3942d3bbf6717448e82299b731ca7ae7,EOS,0.006204417869748
0xfb2744ba3942d3bbf6717448e82299b731ca7ae7,ETC,-0.061666249377517
0xfb2744ba3942d3bbf6717448e82299b731ca7ae7,ETH,0.003383181673056
0xfb2744ba3942d3bbf6717448e82299b731ca7ae7,FIL,-0.0047238701733816
0xfb2744ba3942d3bbf6717448e82299b731ca7ae7,ICP,-0.0164045093225568
0xfb2744ba3942d3bbf6717448e82299b731ca7ae7,LINK,0.0010221067240823
0xfb2744ba3942d3bbf6717448e82299b731ca7ae7,LTC,-0.0025532996712024
0xfb2744ba3942d3bbf6717448e82299b731ca7ae7,MATIC,-0.0114665245639158
0xfb2744ba3942d3bbf6717448e82299b731ca7ae7,MKR,-0.0064268350551807
0xfb2744ba3942d3bbf6717448e82299b731ca7ae7,NEAR,-0.0496746413467635
0xfb2744ba3942d3bbf6717448e82299b731ca7ae7,RUNE,-0.0210697425845578
0xfb2744ba3942d3bbf6717448e82299b731ca7ae7,SNX,-0.0123687427333657
0xfb2744ba3942d3bbf6717448e82299b731ca7ae7,SOL,-0.0124205420640646
0xfb2744ba3942d3bbf6717448e82299b731ca7ae7,SUSHI,-0.0208306142716517
0xfb2744ba3942d3bbf6717448e82299b731ca7ae7,TRX,-0.0116572967612679
0xfb2744ba3942d3bbf6717448e82299b731ca7ae7,UMA,0.0096609966298258
0xfb2744ba3942d3bbf6717448e82299b731ca7ae7,UNI,-0.0096325690082456
0xfb2744ba3942d3bbf6717448e82299b731ca7ae7,XLM,-0.0091853981240686
0xfb2744ba3942d3bbf6717448e82299b731ca7ae7,XMR,-0.0119792030042905
0xfb2744ba3942d3bbf6717448e82299b731ca7ae7,XTZ,-0.0300904069567694
0xfb2744ba3942d3bbf6717448e82299b731ca7ae7,YFI,0.00007179960967811493
0xfb2744ba3942d3bbf6717448e82299b731ca7ae7,ZEC,-0.0082327567958186
0xfb2744ba3942d3bbf6717448e82299b731ca7ae7,ZRX,-0.0350770540317629
0xfb8bc3433016a64a3b8aa23c0275afe7c20feb53,1INCH,-0.0001604604
0xfb8bc3433016a64a3b8aa23c0275afe7c20feb53,AAVE,-0.013570583
0xfb8bc3433016a64a3b8aa23c0275afe7c20feb53,ADA,-0.01001223
0xfb8bc3433016a64a3b8aa23c0275afe7c20feb53,ALGO,-0.020776924
0xfb8bc3433016a64a3b8aa23c0275afe7c20feb53,ATOM,0.007943799
0xfb8bc3433016a64a3b8aa23c0275afe7c20feb53,AVAX,-0.019581327
0xfb8bc3433016a64a3b8aa23c0275afe7c20feb53,BCH,-0.008143943
0xfb8bc3433016a64a3b8aa23c0275afe7c20feb53,BTC,-0.0012322487
0xfb8bc3433016a64a3b8aa23c0275afe7c20feb53,CELO,0.0008977397
0xfb8bc3433016a64a3b8aa23c0275afe7c20feb53,COMP,-0.00013662425
0xfb8bc3433016a64a3b8aa23c0275afe7c20feb53,CRV,-0.00012566372
0xfb8bc3433016a64a3b8aa23c0275afe7c20feb53,DOGE,-0.0021518874
0xfb8bc3433016a64a3b8aa23c0275afe7c20feb53,DOT,-0.02277049
0xfb8bc3433016a64a3b8aa23c0275afe7c20feb53,ENJ,-0.014231745
0xfb8bc3433016a64a3b8aa23c0275afe7c20feb53,EOS,0.036605336
0xfb8bc3433016a64a3b8aa23c0275afe7c20feb53,ETC,0.00080732536
0xfb8bc3433016a64a3b8aa23c0275afe7c20feb53,ETH,-0.037528872
0xfb8bc3433016a64a3b8aa23c0275afe7c20feb53,FIL,-0.022736864
0xfb8bc3433016a64a3b8aa23c0275afe7c20feb53,ICP,-0.014194789
0xfb8bc3433016a64a3b8aa23c0275afe7c20feb53,LINK,0.007653339
0xfb8bc3433016a64a3b8aa23c0275afe7c20feb53,LTC,-0.030514827
0xfb8bc3433016a64a3b8aa23c0275afe7c20feb53,MATIC,-0.0075937835
0xfb8bc3433016a64a3b8aa23c0275afe7c20feb53,MKR,0.0050306143
0xfb8bc3433016a64a3b8aa23c0275afe7c20feb53,NEAR,-0.025092816
0xfb8bc3433016a64a3b8aa23c0275afe7c20feb53,RUNE,0.000058680682
0xfb8bc3433016a64a3b8aa23c0275afe7c20feb53,SNX,-0.008517665
0xfb8bc3433016a64a3b8aa23c0275afe7c20feb53,SOL,-0.0034738756
0xfb8bc3433016a64a3b8aa23c0275afe7c20feb53,SUSHI,0.0021145367
0xfb8bc3433016a64a3b8aa23c0275afe7c20feb53,TRX,-0.002620722
0xfb8bc3433016a64a3b8aa23c0275afe7c20feb53,UMA,0.00727916
0xfb8bc3433016a64a3b8aa23c0275afe7c20feb53,UNI,-0.0148687465
0xfb8bc3433016a64a3b8aa23c0275afe7c20feb53,XLM,-0.028176304
0xfb8bc3433016a64a3b8aa23c0275afe7c20feb53,XMR,-0.0016014802
0xfb8bc3433016a64a3b8aa23c0275afe7c20feb53,XTZ,-0.018001646
0xfb8bc3433016a64a3b8aa23c0275afe7c20feb53,YFI,-0.0005353716
0xfb8bc3433016a64a3b8aa23c0275afe7c20feb53,ZEC,0.00009020631
0xfb8bc3433016a64a3b8aa23c0275afe7c20feb53,ZRX,-0.017837396
0xfe3c3f351e6df846566e10119e4295ed69b2cd72,1INCH,-0.0086055375030229
0xfe3c3f351e6df846566e10119e4295ed69b2cd72,AAVE,-0.0061834899966859
0xfe3c3f351e6df846566e10119e4295ed69b2cd72,ADA,0.0114910452884057
0xfe3c3f351e6df846566e10119e4295ed69b2cd72,ALGO,-0.0013826960853589
0xfe3c3f351e6df846566e10119e4295ed69b2cd72,ATOM,0.0009359351783231
0xfe3c3f351e6df846566e10119e4295ed69b2cd72,AVAX,-0.0022261471591697
0xfe3c3f351e6df846566e10119e4295ed69b2cd72,BCH,0.0018933341276219
0xfe3c3f351e6df846566e10119e4295ed69b2cd72,BTC,0.0016377868430874
0xfe3c3f351e6df846566e10119e4295ed69b2cd72,CELO,-0.0176063814470625
0xfe3c3f351e6df846566e10119e4295ed69b2cd72,COMP,-0.008526790850198
0xfe3c3f351e6df846566e10119e4295ed69b2cd72,CRV,0.0081959753069505
0xfe3c3f351e6df846566e10119e4295ed69b2cd72,DOGE,0.003999426260547
0xfe3c3f351e6df846566e10119e4295ed69b2cd72,DOT,-0.0027032982458875
0xfe3c3f351e6df846566e10119e4295ed69b2cd72,ENJ,-0.0024498607349187
0xfe3c3f351e6df846566e10119e4295ed69b2cd72,EOS,-0.00002797547838638925
0xfe3c3f351e6df846566e10119e4295ed69b2cd72,ETC,-0.0272416040173843
0xfe3c3f351e6df846566e10119e4295ed69b2cd72,ETH,-0.0123948274477993
0xfe3c3f351e6df846566e10119e4295ed69b2cd72,FIL,-0.0050374154962109
0xfe3c3f351e6df846566e10119e4295ed69b2cd72,ICP,-0.0052929844950864
0xfe3c3f351e6df846566e10119e4295ed69b2cd72,LINK,0.0088926842055364
0xfe3c3f351e6df846566e10119e4295ed69b2cd72,LTC,-0.0104216164719727
0xfe3c3f351e6df846566e10119e4295ed69b2cd72,MATIC,0.0010596347294824
0xfe3c3f351e6df846566e10119e4295ed69b2cd72,MKR,0.0037534184757291
0xfe3c3f351e6df846566e10119e4295ed69b2cd72,NEAR,-0.0125708600028111
0xfe3c3f351e6df846566e10119e4295ed69b2cd72,RUNE,-0.0045010668994628
0xfe3c3f351e6df846566e10119e4295ed69b2cd72,SNX,-0.0138336636623406
0xfe3c3f351e6df846566e10119e4295ed69b2cd72,SOL,-0.0019203246283091
0xfe3c3f351e6df846566e10119e4295ed69b2cd72,SUSHI,-0.0118239819683072
0xfe3c3f351e6df846566e10119e4295ed69b2cd72,TRX,0.0071456231411197
0xfe3c3f351e6df846566e10119e4295ed69b2cd72,UMA,-0.0017294710099751
0xfe3c3f351e6df846566e10119e4295ed69b2cd72,UNI,-0.00005538404032456213
0xfe3c3f351e6df846566e10119e4295ed69b2cd72,XLM,-0.0046736071087248
0xfe3c3f351e6df846566e10119e4295ed69b2cd72,XMR,0.0004216708275593
0xfe3c3f351e6df846566e10119e4295ed69b2cd72,XTZ,-0.0289764651146636
0xfe3c3f351e6df846566e10119e4295ed69b2cd72,YFI,-0.0092596301423703
0xfe3c3f351e6df846566e10119e4295ed69b2cd72,ZEC,-0.0063296918612873
0xfe3c3f351e6df846566e10119e4295ed69b2cd72,ZRX,-0.0176669250288146
