address,symbol,prediction
0x04e1dd13ef029f573cf717f094a6b601b9e03550,HEMI,-0.037222803
0x04e1dd13ef029f573cf717f094a6b601b9e03550,GOAT,-0.033756018
0x04e1dd13ef029f573cf717f094a6b601b9e03550,MORPHO,-0.032469988
0x04e1dd13ef029f573cf717f094a6b601b9e03550,BIO,-0.02515328
0x04e1dd13ef029f573cf717f094a6b601b9e03550,ICP,-0.02501607
0x04e1dd13ef029f573cf717f094a6b601b9e03550,VVV,-0.024660587
0x04e1dd13ef029f573cf717f094a6b601b9e03550,FLOKI,-0.024587393
0x04e1dd13ef029f573cf717f094a6b601b9e03550,UMA,-0.022936046
0x04e1dd13ef029f573cf717f094a6b601b9e03550,SAND,-0.02129203
0x04e1dd13ef029f573cf717f094a6b601b9e03550,W,-0.020331264
0x04e1dd13ef029f573cf717f094a6b601b9e03550,COMP,-0.020001829
0x04e1dd13ef029f573cf717f094a6b601b9e03550,IO,-0.018473268
0x04e1dd13ef029f573cf717f094a6b601b9e03550,LINEA,-0.018296123
0x04e1dd13ef029f573cf717f094a6b601b9e03550,TRB,-0.018087804
0x04e1dd13ef029f573cf717f094a6b601b9e03550,AVAX,-0.017873347
0x04e1dd13ef029f573cf717f094a6b601b9e03550,BOME,-0.017587006
0x04e1dd13ef029f573cf717f094a6b601b9e03550,POPCAT,-0.017322421
0x04e1dd13ef029f573cf717f094a6b601b9e03550,MINA,-0.017205834
0x04e1dd13ef029f573cf717f094a6b601b9e03550,BRETT,-0.016220093
0x04e1dd13ef029f573cf717f094a6b601b9e03550,BERA,-0.016124547
0x04e1dd13ef029f573cf717f094a6b601b9e03550,UNI,-0.016085923
0x04e1dd13ef029f573cf717f094a6b601b9e03550,MNT,-0.015513122
0x04e1dd13ef029f573cf717f094a6b601b9e03550,ME,-0.014588416
0x04e1dd13ef029f573cf717f094a6b601b9e03550,ANIME,-0.014550924
0x04e1dd13ef029f573cf717f094a6b601b9e03550,PYTH,-0.013980746
0x04e1dd13ef029f573cf717f094a6b601b9e03550,MERL,-0.013678193
0x04e1dd13ef029f573cf717f094a6b601b9e03550,PUMP,-0.013619125
0x04e1dd13ef029f573cf717f094a6b601b9e03550,JTO,-0.013572633
0x04e1dd13ef029f573cf717f094a6b601b9e03550,PEPE,-0.013506889
0x04e1dd13ef029f573cf717f094a6b601b9e03550,STX,-0.01289773
0x04e1dd13ef029f573cf717f094a6b601b9e03550,MEME,-0.012893736
0x04e1dd13ef029f573cf717f094a6b601b9e03550,AIXBT,-0.012643337
0x04e1dd13ef029f573cf717f094a6b601b9e03550,GMT,-0.012429595
0x04e1dd13ef029f573cf717f094a6b601b9e03550,MELANIA,-0.011941135
0x04e1dd13ef029f573cf717f094a6b601b9e03550,TURBO,-0.011870325
0x04e1dd13ef029f573cf717f094a6b601b9e03550,APE,-0.011802852
0x04e1dd13ef029f573cf717f094a6b601b9e03550,PENGU,-0.011515796
0x04e1dd13ef029f573cf717f094a6b601b9e03550,ZEC,-0.0114328265
0x04e1dd13ef029f573cf717f094a6b601b9e03550,SHIB,-0.011377335
0x04e1dd13ef029f573cf717f094a6b601b9e03550,GRIFFAIN,-0.010907531
0x04e1dd13ef029f573cf717f094a6b601b9e03550,MOVE,-0.010590076
0x04e1dd13ef029f573cf717f094a6b601b9e03550,SEI,-0.010501862
0x04e1dd13ef029f573cf717f094a6b601b9e03550,ALGO,-0.01004225
0x04e1dd13ef029f573cf717f094a6b601b9e03550,ARB,-0.00975734
0x04e1dd13ef029f573cf717f094a6b601b9e03550,LIT,-0.009639382
0x04e1dd13ef029f573cf717f094a6b601b9e03550,ASTER,-0.009229958
0x04e1dd13ef029f573cf717f094a6b601b9e03550,FET,-0.009181619
0x04e1dd13ef029f573cf717f094a6b601b9e03550,2Z,-0.009112
0x04e1dd13ef029f573cf717f094a6b601b9e03550,NOT,-0.009070218
0x04e1dd13ef029f573cf717f094a6b601b9e03550,SOL,-0.009048045
0x04e1dd13ef029f573cf717f094a6b601b9e03550,CRV,-0.008768439
0x04e1dd13ef029f573cf717f094a6b601b9e03550,S,-0.008746743
0x04e1dd13ef029f573cf717f094a6b601b9e03550,POL,-0.008658171
0x04e1dd13ef029f573cf717f094a6b601b9e03550,GRASS,-0.008635402
0x04e1dd13ef029f573cf717f094a6b601b9e03550,HYPE,-0.00845629
0x04e1dd13ef029f573cf717f094a6b601b9e03550,SUSHI,-0.008452535
0x04e1dd13ef029f573cf717f094a6b601b9e03550,BCH,-0.00836134
0x04e1dd13ef029f573cf717f094a6b601b9e03550,BLUR,-0.008288503
0x04e1dd13ef029f573cf717f094a6b601b9e03550,LUNC,-0.008119702
0x04e1dd13ef029f573cf717f094a6b601b9e03550,PEOPLE,-0.008041143
0x04e1dd13ef029f573cf717f094a6b601b9e03550,VIRTUAL,-0.007940531
0x04e1dd13ef029f573cf717f094a6b601b9e03550,JUP,-0.007885456
0x04e1dd13ef029f573cf717f094a6b601b9e03550,LAYER,-0.007871211
0x04e1dd13ef029f573cf717f094a6b601b9e03550,ETHFI,-0.007856488
0x04e1dd13ef029f573cf717f094a6b601b9e03550,SYRUP,-0.0074464083
0x04e1dd13ef029f573cf717f094a6b601b9e03550,IP,-0.0073108077
0x04e1dd13ef029f573cf717f094a6b601b9e03550,ZORA,-0.0070444345
0x04e1dd13ef029f573cf717f094a6b601b9e03550,AAVE,-0.0069755316
0x04e1dd13ef029f573cf717f094a6b601b9e03550,BTC,-0.006900847
0x04e1dd13ef029f573cf717f094a6b601b9e03550,ETH,-0.006808698
0x04e1dd13ef029f573cf717f094a6b601b9e03550,EIGEN,-0.0068084
0x04e1dd13ef029f573cf717f094a6b601b9e03550,SOPH,-0.006788969
0x04e1dd13ef029f573cf717f094a6b601b9e03550,PNUT,-0.0067647696
0x04e1dd13ef029f573cf717f094a6b601b9e03550,LDO,-0.0061050057
0x04e1dd13ef029f573cf717f094a6b601b9e03550,TRUMP,-0.006024599
0x04e1dd13ef029f573cf717f094a6b601b9e03550,USUAL,-0.006003976
0x04e1dd13ef029f573cf717f094a6b601b9e03550,PROVE,-0.0058573484
0x04e1dd13ef029f573cf717f094a6b601b9e03550,XAI,-0.005853057
0x04e1dd13ef029f573cf717f094a6b601b9e03550,ETC,-0.005803287
0x04e1dd13ef029f573cf717f094a6b601b9e03550,TRX,-0.0056765676
0x04e1dd13ef029f573cf717f094a6b601b9e03550,LINK,-0.0056735873
0x04e1dd13ef029f573cf717f094a6b601b9e03550,AVNT,-0.0052532554
0x04e1dd13ef029f573cf717f094a6b601b9e03550,GALA,-0.005145669
0x04e1dd13ef029f573cf717f094a6b601b9e03550,DOGE,-0.0050408244
0x04e1dd13ef029f573cf717f094a6b601b9e03550,XRP,-0.0047947764
0x04e1dd13ef029f573cf717f094a6b601b9e03550,KAITO,-0.0045999885
0x04e1dd13ef029f573cf717f094a6b601b9e03550,BSV,-0.00456959
0x04e1dd13ef029f573cf717f094a6b601b9e03550,NEIRO,-0.004345119
0x04e1dd13ef029f573cf717f094a6b601b9e03550,SKY,-0.0042032003
0x04e1dd13ef029f573cf717f094a6b601b9e03550,INIT,-0.004001498
0x04e1dd13ef029f573cf717f094a6b601b9e03550,SNX,-0.0039325953
0x04e1dd13ef029f573cf717f094a6b601b9e03550,APT,-0.003929496
0x04e1dd13ef029f573cf717f094a6b601b9e03550,sENA,-0.003838122
0x04e1dd13ef029f573cf717f094a6b601b9e03550,DYM,-0.0036605
0x04e1dd13ef029f573cf717f094a6b601b9e03550,TAO,-0.0036562085
0x04e1dd13ef029f573cf717f094a6b601b9e03550,ZETA,-0.0034888387
0x04e1dd13ef029f573cf717f094a6b601b9e03550,RSR,-0.0034242868
0x04e1dd13ef029f573cf717f094a6b601b9e03550,XPL,-0.0032801032
0x04e1dd13ef029f573cf717f094a6b601b9e03550,HYPER,-0.0032562017
0x04e1dd13ef029f573cf717f094a6b601b9e03550,XMR,-0.00323236
0x04e1dd13ef029f573cf717f094a6b601b9e03550,NEAR,-0.0030319095
0x04e1dd13ef029f573cf717f094a6b601b9e03550,VINE,-0.0030198097
0x04e1dd13ef029f573cf717f094a6b601b9e03550,BABY,-0.0029687881
0x04e1dd13ef029f573cf717f094a6b601b9e03550,FIL,-0.0029120445
0x04e1dd13ef029f573cf717f094a6b601b9e03550,AR,-0.0028437972
0x04e1dd13ef029f573cf717f094a6b601b9e03550,OP,-0.0028412342
0x04e1dd13ef029f573cf717f094a6b601b9e03550,CAKE,-0.00267303
0x04e1dd13ef029f573cf717f094a6b601b9e03550,LTC,-0.0026016235
0x04e1dd13ef029f573cf717f094a6b601b9e03550,ZK,-0.0023961067
0x04e1dd13ef029f573cf717f094a6b601b9e03550,ALT,-0.0023625493
0x04e1dd13ef029f573cf717f094a6b601b9e03550,PENDLE,-0.002332449
0x04e1dd13ef029f573cf717f094a6b601b9e03550,WCT,-0.002313435
0x04e1dd13ef029f573cf717f094a6b601b9e03550,AXS,-0.002298355
0x04e1dd13ef029f573cf717f094a6b601b9e03550,DOT,-0.002265215
0x04e1dd13ef029f573cf717f094a6b601b9e03550,WLFI,-0.0020095706
0x04e1dd13ef029f573cf717f094a6b601b9e03550,WIF,-0.0017276406
0x04e1dd13ef029f573cf717f094a6b601b9e03550,BNB,-0.0015352368
0x04e1dd13ef029f573cf717f094a6b601b9e03550,TNSR,-0.0015267134
0x04e1dd13ef029f573cf717f094a6b601b9e03550,BONK,-0.0014989376
0x04e1dd13ef029f573cf717f094a6b601b9e03550,ENS,-0.0011883378
0x04e1dd13ef029f573cf717f094a6b601b9e03550,ZRO,-0.0011745691
0x04e1dd13ef029f573cf717f094a6b601b9e03550,ZEN,-0.0011672378
0x04e1dd13ef029f573cf717f094a6b601b9e03550,CFX,-0.0011124611
0x04e1dd13ef029f573cf717f094a6b601b9e03550,DASH,-0.00096678734
0x04e1dd13ef029f573cf717f094a6b601b9e03550,ORDI,-0.0009609461
0x04e1dd13ef029f573cf717f094a6b601b9e03550,STRK,-0.0007945299
0x04e1dd13ef029f573cf717f094a6b601b9e03550,CELO,-0.00056135654
0x04e1dd13ef029f573cf717f094a6b601b9e03550,ADA,-0.00044560432
0x04e1dd13ef029f573cf717f094a6b601b9e03550,TIA,-0.000323534
0x04e1dd13ef029f573cf717f094a6b601b9e03550,MANTA,-0.00015640259
0x04e1dd13ef029f573cf717f094a6b601b9e03550,INJ,-0.00014609098
0x04e1dd13ef029f573cf717f094a6b601b9e03550,ATOM,-0.0001399517
0x04e1dd13ef029f573cf717f094a6b601b9e03550,ONDO,-0.00009828806
0x04e1dd13ef029f573cf717f094a6b601b9e03550,HBAR,0.000007033348
0x04e1dd13ef029f573cf717f094a6b601b9e03550,MON,0.00011444092
0x04e1dd13ef029f573cf717f094a6b601b9e03550,FARTCOIN,0.00011742115
0x04e1dd13ef029f573cf717f094a6b601b9e03550,AERO,0.00038158894
0x04e1dd13ef029f573cf717f094a6b601b9e03550,CC,0.00042045116
0x04e1dd13ef029f573cf717f094a6b601b9e03550,GMX,0.00075912476
0x04e1dd13ef029f573cf717f094a6b601b9e03550,KAS,0.0008392334
0x04e1dd13ef029f573cf717f094a6b601b9e03550,RUNE,0.0012763739
0x04e1dd13ef029f573cf717f094a6b601b9e03550,WLD,0.0021041632
0x04e1dd13ef029f573cf717f094a6b601b9e03550,RENDER,0.0021255016
0x04e1dd13ef029f573cf717f094a6b601b9e03550,IOTA,0.0021759272
0x04e1dd13ef029f573cf717f094a6b601b9e03550,APEX,0.0036318302
0x04e1dd13ef029f573cf717f094a6b601b9e03550,REZ,0.0041413307
0x04e1dd13ef029f573cf717f094a6b601b9e03550,IMX,0.0042865276
0x04e1dd13ef029f573cf717f094a6b601b9e03550,SUI,0.004871726
0x04e1dd13ef029f573cf717f094a6b601b9e03550,PAXG,0.005364418
0x04e1dd13ef029f573cf717f094a6b601b9e03550,NIL,0.0064923763
0x04e1dd13ef029f573cf717f094a6b601b9e03550,0G,0.007543087
0x04e1dd13ef029f573cf717f094a6b601b9e03550,XLM,0.011187553
0x05934b9313c703fb75363d27704cc6566f645a91,SKY,0.03796202898699
0x05934b9313c703fb75363d27704cc6566f645a91,TRX,0.0166599789243598
0x05934b9313c703fb75363d27704cc6566f645a91,XLM,-0.0083255541073308
0x05934b9313c703fb75363d27704cc6566f645a91,XMR,0.0115753045813424
0x05934b9313c703fb75363d27704cc6566f645a91,XRP,0.023845523683538
0x05934b9313c703fb75363d27704cc6566f645a91,ZEC,0.0300035211337255
0x05934b9313c703fb75363d27704cc6566f645a91,BCH,0.0083781338750757
0x05934b9313c703fb75363d27704cc6566f645a91,BTC,0.0167551439123022
0x05934b9313c703fb75363d27704cc6566f645a91,DOGE,0.0194703206498095
0x05934b9313c703fb75363d27704cc6566f645a91,ETC,0.0017836543457221
0x05934b9313c703fb75363d27704cc6566f645a91,LTC,0.0191669312282298
0x05934b9313c703fb75363d27704cc6566f645a91,ETH,0.0151489415852682
0x05934b9313c703fb75363d27704cc6566f645a91,ADA,0.0050331493665969
0x05934b9313c703fb75363d27704cc6566f645a91,LINK,0.049801854407058
0x05934b9313c703fb75363d27704cc6566f645a91,S,0.0097979551969695
0x05934b9313c703fb75363d27704cc6566f645a91,ATOM,-0.0213767893591033
0x05934b9313c703fb75363d27704cc6566f645a91,SNX,-0.0062454366153857
0x05934b9313c703fb75363d27704cc6566f645a91,RSR,0.0110761563434972
0x05934b9313c703fb75363d27704cc6566f645a91,ALGO,-0.0026138858050299
0x05934b9313c703fb75363d27704cc6566f645a91,RUNE,0.0131429308761623
0x05934b9313c703fb75363d27704cc6566f645a91,TRB,0.0495475610966535
0x05934b9313c703fb75363d27704cc6566f645a91,SOL,0.0115090410033374
0x05934b9313c703fb75363d27704cc6566f645a91,UMA,-0.0119993313255565
0x05934b9313c703fb75363d27704cc6566f645a91,PAXG,0.0319120520594978
0x05934b9313c703fb75363d27704cc6566f645a91,COMP,-0.0147713644469357
0x05934b9313c703fb75363d27704cc6566f645a91,AVAX,0.0069284843349948
0x05934b9313c703fb75363d27704cc6566f645a91,SAND,-0.0248277544644208
0x05934b9313c703fb75363d27704cc6566f645a91,CRV,0.0191697021913619
0x05934b9313c703fb75363d27704cc6566f645a91,LAYER,0.0141715924682981
0x05934b9313c703fb75363d27704cc6566f645a91,DOT,0.0121490317109895
0x05934b9313c703fb75363d27704cc6566f645a91,SUSHI,0.0149976373838099
0x05934b9313c703fb75363d27704cc6566f645a91,UNI,0.0361603824111841
0x05934b9313c703fb75363d27704cc6566f645a91,AAVE,0.0228782533102362
0x05934b9313c703fb75363d27704cc6566f645a91,NEAR,-0.0210113511264072
0x05934b9313c703fb75363d27704cc6566f645a91,FIL,-0.0048360023932376
0x05934b9313c703fb75363d27704cc6566f645a91,AXS,-0.0073575759985067
0x05934b9313c703fb75363d27704cc6566f645a91,INJ,0.0098013256537419
0x05934b9313c703fb75363d27704cc6566f645a91,ZORA,0.0012202020542977
0x05934b9313c703fb75363d27704cc6566f645a91,CELO,-0.0058427269445945
0x05934b9313c703fb75363d27704cc6566f645a91,LIT,-0.0044825890699997
0x05934b9313c703fb75363d27704cc6566f645a91,SHIB,0.0050716824392139
0x05934b9313c703fb75363d27704cc6566f645a91,ICP,-0.0130987068389751
0x05934b9313c703fb75363d27704cc6566f645a91,RENDER,-0.0171389870415422
0x05934b9313c703fb75363d27704cc6566f645a91,LDO,0.0077469335019178
0x05934b9313c703fb75363d27704cc6566f645a91,GALA,-0.0101387177409136
0x05934b9313c703fb75363d27704cc6566f645a91,FET,0.0045050905250652
0x05934b9313c703fb75363d27704cc6566f645a91,ENS,0.0428254451196797
0x05934b9313c703fb75363d27704cc6566f645a91,IMX,-0.0087274814440505
0x05934b9313c703fb75363d27704cc6566f645a91,PEOPLE,0.0607403680155805
0x05934b9313c703fb75363d27704cc6566f645a91,GMT,0.0239534050176545
0x05934b9313c703fb75363d27704cc6566f645a91,FLOKI,0.0062115020081761
0x05934b9313c703fb75363d27704cc6566f645a91,POL,0.0256344144281263
0x05934b9313c703fb75363d27704cc6566f645a91,APE,-0.0026730764434835
0x05934b9313c703fb75363d27704cc6566f645a91,GMX,0.0122355824956874
0x05934b9313c703fb75363d27704cc6566f645a91,BLUR,-0.0049082894490838
0x05934b9313c703fb75363d27704cc6566f645a91,PENDLE,0.0121521778698765
0x05934b9313c703fb75363d27704cc6566f645a91,MINA,0.0261001850180955
0x05934b9313c703fb75363d27704cc6566f645a91,LUNC,-0.0059036111680118
0x05934b9313c703fb75363d27704cc6566f645a91,MEME,0.0225853074778618
0x05934b9313c703fb75363d27704cc6566f645a91,OP,0.0159877798430245
0x05934b9313c703fb75363d27704cc6566f645a91,ZEN,0.0495255875129376
0x05934b9313c703fb75363d27704cc6566f645a91,STRK,-0.0186963963829347
0x05934b9313c703fb75363d27704cc6566f645a91,STX,0.0666528821127317
0x05934b9313c703fb75363d27704cc6566f645a91,CFX,0.0123688162754881
0x05934b9313c703fb75363d27704cc6566f645a91,CAKE,0.0115397042855162
0x05934b9313c703fb75363d27704cc6566f645a91,DASH,0.0023471887350383
0x05934b9313c703fb75363d27704cc6566f645a91,BSV,0.0166619486625968
0x05934b9313c703fb75363d27704cc6566f645a91,AR,0.0081553156190279
0x05934b9313c703fb75363d27704cc6566f645a91,APT,-0.007221696585017
0x05934b9313c703fb75363d27704cc6566f645a91,ALT,0.0035510651786562
0x05934b9313c703fb75363d27704cc6566f645a91,BNB,0.0094302146921422
0x05934b9313c703fb75363d27704cc6566f645a91,BONK,-0.0021878128556191
0x05934b9313c703fb75363d27704cc6566f645a91,BABY,0.0098258669158589
0x05934b9313c703fb75363d27704cc6566f645a91,HBAR,0.0026497641499063
0x05934b9313c703fb75363d27704cc6566f645a91,KAS,-0.006582287756165
0x05934b9313c703fb75363d27704cc6566f645a91,PEPE,0.0012428954875967
0x05934b9313c703fb75363d27704cc6566f645a91,ORDI,0.0219424543294869
0x05934b9313c703fb75363d27704cc6566f645a91,SUI,-0.0033856497969526
0x05934b9313c703fb75363d27704cc6566f645a91,MNT,-0.0020617937226609
0x05934b9313c703fb75363d27704cc6566f645a91,IOTA,0.0157631162604376
0x05934b9313c703fb75363d27704cc6566f645a91,TURBO,0.0079345278227433
0x05934b9313c703fb75363d27704cc6566f645a91,TIA,-0.0146377301242338
0x05934b9313c703fb75363d27704cc6566f645a91,SEI,-0.0098689643532385
0x05934b9313c703fb75363d27704cc6566f645a91,TAO,-0.0017296450333164
0x05934b9313c703fb75363d27704cc6566f645a91,JTO,-0.0194641760199676
0x05934b9313c703fb75363d27704cc6566f645a91,PYTH,-0.0096407518752887
0x05934b9313c703fb75363d27704cc6566f645a91,MANTA,0.0084454577305193
0x05934b9313c703fb75363d27704cc6566f645a91,ONDO,0.0073717107313002
0x05934b9313c703fb75363d27704cc6566f645a91,WIF,0.0278135328735885
0x05934b9313c703fb75363d27704cc6566f645a91,XAI,-0.0033924178468966
0x05934b9313c703fb75363d27704cc6566f645a91,ZETA,-0.0145697684118427
0x05934b9313c703fb75363d27704cc6566f645a91,JUP,0.0121819517502748
0x05934b9313c703fb75363d27704cc6566f645a91,DYM,0.0075324081469237
0x05934b9313c703fb75363d27704cc6566f645a91,TRUMP,0.0715864706190954
0x05934b9313c703fb75363d27704cc6566f645a91,APEX,0.0044364062356442
0x05934b9313c703fb75363d27704cc6566f645a91,ARB,0.0037235875956973
0x05934b9313c703fb75363d27704cc6566f645a91,BOME,0.1442993139488528
0x05934b9313c703fb75363d27704cc6566f645a91,HYPER,-0.0165576314476219
0x05934b9313c703fb75363d27704cc6566f645a91,ETHFI,0.0465316134181552
0x05934b9313c703fb75363d27704cc6566f645a91,BRETT,-0.00073475880283
0x05934b9313c703fb75363d27704cc6566f645a91,W,-0.0001467491360979
0x05934b9313c703fb75363d27704cc6566f645a91,GOAT,-0.00035279378545
0x05934b9313c703fb75363d27704cc6566f645a91,POPCAT,0.0199020097254083
0x05934b9313c703fb75363d27704cc6566f645a91,MERL,0.0153517477672536
0x05934b9313c703fb75363d27704cc6566f645a91,ZK,-0.0085743887694848
0x05934b9313c703fb75363d27704cc6566f645a91,TNSR,0.0132826649704627
0x05934b9313c703fb75363d27704cc6566f645a91,AERO,-0.0062568741071888
0x05934b9313c703fb75363d27704cc6566f645a91,REZ,0.0155806835206526
0x05934b9313c703fb75363d27704cc6566f645a91,NOT,0.0056986482136955
0x05934b9313c703fb75363d27704cc6566f645a91,MON,0.0040994475592759
0x05934b9313c703fb75363d27704cc6566f645a91,VIRTUAL,0.0209923961261184
0x05934b9313c703fb75363d27704cc6566f645a91,IO,0.0335746385970712
0x05934b9313c703fb75363d27704cc6566f645a91,ZRO,0.0512166344456936
0x05934b9313c703fb75363d27704cc6566f645a91,WLD,-0.0156656225792851
0x05934b9313c703fb75363d27704cc6566f645a91,NEIRO,0.0553895277396099
0x05934b9313c703fb75363d27704cc6566f645a91,EIGEN,-0.0138714170597731
0x05934b9313c703fb75363d27704cc6566f645a91,MOVE,0.1000971210206266
0x05934b9313c703fb75363d27704cc6566f645a91,FARTCOIN,0.0483753871875238
0x05934b9313c703fb75363d27704cc6566f645a91,GRASS,-0.009515744260467
0x05934b9313c703fb75363d27704cc6566f645a91,PNUT,0.0224829555661885
0x05934b9313c703fb75363d27704cc6566f645a91,USUAL,0.0187675586488711
0x05934b9313c703fb75363d27704cc6566f645a91,MORPHO,0.0040775808253924
0x05934b9313c703fb75363d27704cc6566f645a91,AIXBT,0.0232772495509747
0x05934b9313c703fb75363d27704cc6566f645a91,HYPE,0.020205687841213
0x05934b9313c703fb75363d27704cc6566f645a91,ME,0.0096114421236676
0x05934b9313c703fb75363d27704cc6566f645a91,PENGU,0.0198543296004507
0x05934b9313c703fb75363d27704cc6566f645a91,sENA,0.0884214109447911
0x05934b9313c703fb75363d27704cc6566f645a91,BIO,0.003781606946099
0x05934b9313c703fb75363d27704cc6566f645a91,GRIFFAIN,0.0178544263137291
0x05934b9313c703fb75363d27704cc6566f645a91,MELANIA,0.1183137458282799
0x05934b9313c703fb75363d27704cc6566f645a91,VINE,-0.00009638794388806411
0x05934b9313c703fb75363d27704cc6566f645a91,ANIME,0.0003665980982863
0x05934b9313c703fb75363d27704cc6566f645a91,VVV,-0.0015823708977532
0x05934b9313c703fb75363d27704cc6566f645a91,SYRUP,0.0165863148032305
0x05934b9313c703fb75363d27704cc6566f645a91,BERA,-0.0244296646855954
0x05934b9313c703fb75363d27704cc6566f645a91,IP,0.0658568421329123
0x05934b9313c703fb75363d27704cc6566f645a91,KAITO,0.249446251121039
0x05934b9313c703fb75363d27704cc6566f645a91,NIL,0.0161668129998866
0x05934b9313c703fb75363d27704cc6566f645a91,WCT,-0.0026215925855968
0x05934b9313c703fb75363d27704cc6566f645a91,PUMP,0.1215666277534079
0x05934b9313c703fb75363d27704cc6566f645a91,INIT,-0.0093650347828654
0x05934b9313c703fb75363d27704cc6566f645a91,SOPH,0.0079932485516203
0x05934b9313c703fb75363d27704cc6566f645a91,PROVE,-0.0057393758585132
0x05934b9313c703fb75363d27704cc6566f645a91,WLFI,0.0258818084729939
0x05934b9313c703fb75363d27704cc6566f645a91,0G,-0.0126904135966908
0x05934b9313c703fb75363d27704cc6566f645a91,AVNT,0.0136972059498015
0x05934b9313c703fb75363d27704cc6566f645a91,ASTER,-0.0025500716332742
0x05934b9313c703fb75363d27704cc6566f645a91,LINEA,0.0014666869436371
0x05934b9313c703fb75363d27704cc6566f645a91,HEMI,0.2098053734643904
0x05934b9313c703fb75363d27704cc6566f645a91,XPL,0.0088818121737968
0x05934b9313c703fb75363d27704cc6566f645a91,2Z,0.0071224041467375
0x05934b9313c703fb75363d27704cc6566f645a91,CC,-0.0155011141267567
0x05af269c4ff706ae439648c97b788fa391539dec,SKY,0.5999722071330691
0x05af269c4ff706ae439648c97b788fa391539dec,TRX,-0.0139385753906445
0x05af269c4ff706ae439648c97b788fa391539dec,XLM,0.1959073121027845
0x05af269c4ff706ae439648c97b788fa391539dec,XMR,-0.1246070189766043
0x05af269c4ff706ae439648c97b788fa391539dec,XRP,-0.0091279232858318
0x05af269c4ff706ae439648c97b788fa391539dec,ZEC,0.1319714349675527
0x05af269c4ff706ae439648c97b788fa391539dec,BCH,0.0714215667341697
0x05af269c4ff706ae439648c97b788fa391539dec,BTC,-0.1482651451394668
0x05af269c4ff706ae439648c97b788fa391539dec,DOGE,0.7302768269832023
0x05af269c4ff706ae439648c97b788fa391539dec,ETC,0.1818350477067672
0x05af269c4ff706ae439648c97b788fa391539dec,LTC,-0.1987062870260854
0x05af269c4ff706ae439648c97b788fa391539dec,ETH,-0.1228903178047743
0x05af269c4ff706ae439648c97b788fa391539dec,ADA,-0.0143537443442832
0x05af269c4ff706ae439648c97b788fa391539dec,LINK,-0.0753762000658757
0x05af269c4ff706ae439648c97b788fa391539dec,S,-0.0247966569873342
0x05af269c4ff706ae439648c97b788fa391539dec,ATOM,-0.141807300320239
0x05af269c4ff706ae439648c97b788fa391539dec,SNX,-0.0714971943670915
0x05af269c4ff706ae439648c97b788fa391539dec,RSR,0.066179573414572
0x05af269c4ff706ae439648c97b788fa391539dec,ALGO,-0.101616845733818
0x05af269c4ff706ae439648c97b788fa391539dec,RUNE,-0.1202381525240465
0x05af269c4ff706ae439648c97b788fa391539dec,TRB,0.054797324382912
0x05af269c4ff706ae439648c97b788fa391539dec,SOL,-0.2074841161795843
0x05af269c4ff706ae439648c97b788fa391539dec,UMA,0.221168798753925
0x05af269c4ff706ae439648c97b788fa391539dec,PAXG,-0.0120437397974006
0x05af269c4ff706ae439648c97b788fa391539dec,COMP,-0.0927138085332709
0x05af269c4ff706ae439648c97b788fa391539dec,AVAX,0.0078898458032067
0x05af269c4ff706ae439648c97b788fa391539dec,SAND,0.1174104977955983
0x05af269c4ff706ae439648c97b788fa391539dec,CRV,-0.0277557066252559
0x05af269c4ff706ae439648c97b788fa391539dec,LAYER,64.9746201532951
0x05af269c4ff706ae439648c97b788fa391539dec,DOT,-0.1049362744529524
0x05af269c4ff706ae439648c97b788fa391539dec,SUSHI,-0.0054776456572744
0x05af269c4ff706ae439648c97b788fa391539dec,UNI,-0.2088819346068668
0x05af269c4ff706ae439648c97b788fa391539dec,AAVE,-0.1378745392677245
0x05af269c4ff706ae439648c97b788fa391539dec,NEAR,-0.1317954443234197
0x05af269c4ff706ae439648c97b788fa391539dec,FIL,0.0227882195174866
0x05af269c4ff706ae439648c97b788fa391539dec,AXS,0.084967193361908
0x05af269c4ff706ae439648c97b788fa391539dec,INJ,-0.1588558487086346
0x05af269c4ff706ae439648c97b788fa391539dec,ZORA,0.5440542371752034
0x05af269c4ff706ae439648c97b788fa391539dec,CELO,-0.1080030163056559
0x05af269c4ff706ae439648c97b788fa391539dec,LIT,-0.0516080649157151
0x05af269c4ff706ae439648c97b788fa391539dec,SHIB,0.4294680962066983
0x05af269c4ff706ae439648c97b788fa391539dec,ICP,0.020575517345478
0x05af269c4ff706ae439648c97b788fa391539dec,RENDER,-0.0328567842250006
0x05af269c4ff706ae439648c97b788fa391539dec,LDO,0.1565760830201543
0x05af269c4ff706ae439648c97b788fa391539dec,GALA,0.6172338951324904
0x05af269c4ff706ae439648c97b788fa391539dec,FET,-0.0439744815168055
0x05af269c4ff706ae439648c97b788fa391539dec,ENS,0.0416946282355493
0x05af269c4ff706ae439648c97b788fa391539dec,IMX,-0.0497992870058928
0x05af269c4ff706ae439648c97b788fa391539dec,PEOPLE,0.3326644403792017
0x05af269c4ff706ae439648c97b788fa391539dec,GMT,-0.1050666748356757
0x05af269c4ff706ae439648c97b788fa391539dec,FLOKI,0.6870551713155792
0x05af269c4ff706ae439648c97b788fa391539dec,POL,-0.0654781085417934
0x05af269c4ff706ae439648c97b788fa391539dec,APE,0.0558558297412176
0x05af269c4ff706ae439648c97b788fa391539dec,GMX,-0.0597572201136637
0x05af269c4ff706ae439648c97b788fa391539dec,BLUR,-0.0623625508709664
0x05af269c4ff706ae439648c97b788fa391539dec,PENDLE,-0.0825525846403363
0x05af269c4ff706ae439648c97b788fa391539dec,MINA,-0.0313754531564517
0x05af269c4ff706ae439648c97b788fa391539dec,LUNC,0.1008729180097277
0x05af269c4ff706ae439648c97b788fa391539dec,MEME,0.029377703179899
0x05af269c4ff706ae439648c97b788fa391539dec,OP,-0.0077310950213358
0x05af269c4ff706ae439648c97b788fa391539dec,ZEN,0.0362636436484487
0x05af269c4ff706ae439648c97b788fa391539dec,STRK,4.708988018753958
0x05af269c4ff706ae439648c97b788fa391539dec,STX,-0.0988610778452971
0x05af269c4ff706ae439648c97b788fa391539dec,CFX,0.1180639442492599
0x05af269c4ff706ae439648c97b788fa391539dec,CAKE,0.0755425644154758
0x05af269c4ff706ae439648c97b788fa391539dec,DASH,0.0110780896590063
0x05af269c4ff706ae439648c97b788fa391539dec,BSV,0.0928974414773156
0x05af269c4ff706ae439648c97b788fa391539dec,AR,0.0610694552661132
0x05af269c4ff706ae439648c97b788fa391539dec,APT,-0.1177482532332016
0x05af269c4ff706ae439648c97b788fa391539dec,ALT,-0.1100255290522002
0x05af269c4ff706ae439648c97b788fa391539dec,BNB,-0.0224982630925599
0x05af269c4ff706ae439648c97b788fa391539dec,BONK,0.16927220838784
0x05af269c4ff706ae439648c97b788fa391539dec,BABY,-0.024174462806819
0x05af269c4ff706ae439648c97b788fa391539dec,HBAR,0.025546368373971
0x05af269c4ff706ae439648c97b788fa391539dec,KAS,-0.0275828491635478
0x05af269c4ff706ae439648c97b788fa391539dec,PEPE,0.7726682553690886
0x05af269c4ff706ae439648c97b788fa391539dec,ORDI,0.3281345108352506
0x05af269c4ff706ae439648c97b788fa391539dec,SUI,0.0120546839338694
0x05af269c4ff706ae439648c97b788fa391539dec,MNT,3.856207216561416
0x05af269c4ff706ae439648c97b788fa391539dec,IOTA,-0.0677559337146081
0x05af269c4ff706ae439648c97b788fa391539dec,TURBO,0.5559406298491512
0x05af269c4ff706ae439648c97b788fa391539dec,TIA,-0.0210505914336808
0x05af269c4ff706ae439648c97b788fa391539dec,SEI,-0.0482723910136411
0x05af269c4ff706ae439648c97b788fa391539dec,TAO,-0.0775943591094122
0x05af269c4ff706ae439648c97b788fa391539dec,JTO,-0.0402917816216601
0x05af269c4ff706ae439648c97b788fa391539dec,PYTH,-0.0832487366137735
0x05af269c4ff706ae439648c97b788fa391539dec,MANTA,-0.1386061448219774
0x05af269c4ff706ae439648c97b788fa391539dec,ONDO,-0.0884377811828122
0x05af269c4ff706ae439648c97b788fa391539dec,WIF,-0.0884042942836128
0x05af269c4ff706ae439648c97b788fa391539dec,XAI,-0.0025569141943092
0x05af269c4ff706ae439648c97b788fa391539dec,ZETA,-0.0816826628232245
0x05af269c4ff706ae439648c97b788fa391539dec,JUP,-0.1570337588298934
0x05af269c4ff706ae439648c97b788fa391539dec,DYM,-0.0732474599218661
0x05af269c4ff706ae439648c97b788fa391539dec,TRUMP,14.822297881628842
0x05af269c4ff706ae439648c97b788fa391539dec,APEX,1.727559893071571
0x05af269c4ff706ae439648c97b788fa391539dec,ARB,-0.0531321108996829
0x05af269c4ff706ae439648c97b788fa391539dec,BOME,-0.1185413216088358
0x05af269c4ff706ae439648c97b788fa391539dec,HYPER,119.72624717859236
0x05af269c4ff706ae439648c97b788fa391539dec,ETHFI,0.0592316406431679
0x05af269c4ff706ae439648c97b788fa391539dec,BRETT,0.0255754339050943
0x05af269c4ff706ae439648c97b788fa391539dec,W,-0.1411812967980862
0x05af269c4ff706ae439648c97b788fa391539dec,GOAT,-0.1654195323294411
0x05af269c4ff706ae439648c97b788fa391539dec,POPCAT,-0.0246607181515159
0x05af269c4ff706ae439648c97b788fa391539dec,MERL,0.0899775355562547
0x05af269c4ff706ae439648c97b788fa391539dec,ZK,0.023235090053329
0x05af269c4ff706ae439648c97b788fa391539dec,TNSR,0.4700831796937149
0x05af269c4ff706ae439648c97b788fa391539dec,AERO,-0.0541879420560336
0x05af269c4ff706ae439648c97b788fa391539dec,REZ,-0.102162132404106
0x05af269c4ff706ae439648c97b788fa391539dec,NOT,-0.176720087828038
0x05af269c4ff706ae439648c97b788fa391539dec,MON,-0.0562267485648188
0x05af269c4ff706ae439648c97b788fa391539dec,VIRTUAL,0.4561299067744947
0x05af269c4ff706ae439648c97b788fa391539dec,IO,-0.1769783710599724
0x05af269c4ff706ae439648c97b788fa391539dec,ZRO,-0.1354569227667791
0x05af269c4ff706ae439648c97b788fa391539dec,WLD,-0.0776461550198421
0x05af269c4ff706ae439648c97b788fa391539dec,NEIRO,0.0169145188919939
0x05af269c4ff706ae439648c97b788fa391539dec,EIGEN,-0.0479732840233674
0x05af269c4ff706ae439648c97b788fa391539dec,MOVE,1.8622447966980613
0x05af269c4ff706ae439648c97b788fa391539dec,FARTCOIN,0.1969217645405803
0x05af269c4ff706ae439648c97b788fa391539dec,GRASS,-0.1351440767019036
0x05af269c4ff706ae439648c97b788fa391539dec,PNUT,0.2290315625059781
0x05af269c4ff706ae439648c97b788fa391539dec,USUAL,-0.0669337918671423
0x05af269c4ff706ae439648c97b788fa391539dec,MORPHO,-0.183859117708547
0x05af269c4ff706ae439648c97b788fa391539dec,AIXBT,-0.172232952386
0x05af269c4ff706ae439648c97b788fa391539dec,HYPE,-0.0514806183600022
0x05af269c4ff706ae439648c97b788fa391539dec,ME,-0.1283492799139658
0x05af269c4ff706ae439648c97b788fa391539dec,PENGU,0.2690122546716023
0x05af269c4ff706ae439648c97b788fa391539dec,sENA,-0.0710941886269708
0x05af269c4ff706ae439648c97b788fa391539dec,BIO,0.0272667346356688
0x05af269c4ff706ae439648c97b788fa391539dec,GRIFFAIN,0.1334295891730462
0x05af269c4ff706ae439648c97b788fa391539dec,MELANIA,-0.1132516225366689
0x05af269c4ff706ae439648c97b788fa391539dec,VINE,0.3690267981531442
0x05af269c4ff706ae439648c97b788fa391539dec,ANIME,-0.1065312295086816
0x05af269c4ff706ae439648c97b788fa391539dec,VVV,0.0163705125033968
0x05af269c4ff706ae439648c97b788fa391539dec,SYRUP,-0.0414223232983074
0x05af269c4ff706ae439648c97b788fa391539dec,BERA,-0.0294697037330198
0x05af269c4ff706ae439648c97b788fa391539dec,IP,-0.1619182730427558
0x05af269c4ff706ae439648c97b788fa391539dec,KAITO,-0.035013634095739
0x05af269c4ff706ae439648c97b788fa391539dec,NIL,-0.3552254672919723
0x05af269c4ff706ae439648c97b788fa391539dec,WCT,-0.1629052390524785
0x05af269c4ff706ae439648c97b788fa391539dec,PUMP,-0.4644478352171828
0x05af269c4ff706ae439648c97b788fa391539dec,INIT,-0.2383655490406902
0x05af269c4ff706ae439648c97b788fa391539dec,SOPH,-0.0300105120940853
0x05af269c4ff706ae439648c97b788fa391539dec,PROVE,-0.1226447896470138
0x05af269c4ff706ae439648c97b788fa391539dec,WLFI,-0.0991243430149189
0x05af269c4ff706ae439648c97b788fa391539dec,0G,-0.1120024820244997
0x05af269c4ff706ae439648c97b788fa391539dec,AVNT,-0.0335669330255858
0x05af269c4ff706ae439648c97b788fa391539dec,ASTER,-0.1117349860577547
0x05af269c4ff706ae439648c97b788fa391539dec,LINEA,-0.1400924536622562
0x05af269c4ff706ae439648c97b788fa391539dec,HEMI,-0.0642694314704823
0x05af269c4ff706ae439648c97b788fa391539dec,XPL,-0.0327558784290019
0x05af269c4ff706ae439648c97b788fa391539dec,2Z,-0.0701525347524224
0x05af269c4ff706ae439648c97b788fa391539dec,CC,-0.0696442452985481
0x063af2c2952d7799ce1eac2f1a85c7b4aa4fe553,BTC,0.008102531
0x063af2c2952d7799ce1eac2f1a85c7b4aa4fe553,LTC,0.04391379
0x063af2c2952d7799ce1eac2f1a85c7b4aa4fe553,XRP,-0.025626212
0x063af2c2952d7799ce1eac2f1a85c7b4aa4fe553,DOGE,-0.037385557
0x063af2c2952d7799ce1eac2f1a85c7b4aa4fe553,DASH,-0.009736262
0x063af2c2952d7799ce1eac2f1a85c7b4aa4fe553,XMR,-0.016603438
0x063af2c2952d7799ce1eac2f1a85c7b4aa4fe553,XLM,-0.021024782
0x063af2c2952d7799ce1eac2f1a85c7b4aa4fe553,ETH,-0.02198621
0x063af2c2952d7799ce1eac2f1a85c7b4aa4fe553,ETC,-0.0006616602
0x063af2c2952d7799ce1eac2f1a85c7b4aa4fe553,ZEC,-0.016677078
0x063af2c2952d7799ce1eac2f1a85c7b4aa4fe553,ZEN,-0.0021542162
0x063af2c2952d7799ce1eac2f1a85c7b4aa4fe553,IOTA,-0.010137596
0x063af2c2952d7799ce1eac2f1a85c7b4aa4fe553,BCH,-0.020883922
0x063af2c2952d7799ce1eac2f1a85c7b4aa4fe553,BNB,-0.007504857
0x063af2c2952d7799ce1eac2f1a85c7b4aa4fe553,TRX,0.022865478
0x063af2c2952d7799ce1eac2f1a85c7b4aa4fe553,LINK,0.019511674
0x063af2c2952d7799ce1eac2f1a85c7b4aa4fe553,ADA,0.013165802
0x063af2c2952d7799ce1eac2f1a85c7b4aa4fe553,FIL,-0.0006608256
0x063af2c2952d7799ce1eac2f1a85c7b4aa4fe553,SNX,-0.0054872213
0x063af2c2952d7799ce1eac2f1a85c7b4aa4fe553,BSV,0.0031409445
0x063af2c2952d7799ce1eac2f1a85c7b4aa4fe553,FET,-0.0071003973
0x063af2c2952d7799ce1eac2f1a85c7b4aa4fe553,ATOM,-0.00015682714
0x063af2c2952d7799ce1eac2f1a85c7b4aa4fe553,RSR,-0.004657867
0x063af2c2952d7799ce1eac2f1a85c7b4aa4fe553,ALGO,-0.015020422
0x063af2c2952d7799ce1eac2f1a85c7b4aa4fe553,RUNE,-0.008232427
0x063af2c2952d7799ce1eac2f1a85c7b4aa4fe553,LUNC,-0.0093252575
0x063af2c2952d7799ce1eac2f1a85c7b4aa4fe553,HBAR,-0.00024073034
0x063af2c2952d7799ce1eac2f1a85c7b4aa4fe553,PAXG,0.005709778
0x063af2c2952d7799ce1eac2f1a85c7b4aa4fe553,STX,-0.07728341
0x063af2c2952d7799ce1eac2f1a85c7b4aa4fe553,TRB,-0.0080210585
0x063af2c2952d7799ce1eac2f1a85c7b4aa4fe553,SOL,0.03056644
0x063af2c2952d7799ce1eac2f1a85c7b4aa4fe553,CELO,-0.008050362
0x063af2c2952d7799ce1eac2f1a85c7b4aa4fe553,UMA,-0.007069643
0x063af2c2952d7799ce1eac2f1a85c7b4aa4fe553,AR,0.0028685154
0x063af2c2952d7799ce1eac2f1a85c7b4aa4fe553,RENDER,0.00050392636
0x063af2c2952d7799ce1eac2f1a85c7b4aa4fe553,COMP,-0.008398924
0x063af2c2952d7799ce1eac2f1a85c7b4aa4fe553,AVAX,-0.0025666954
0x063af2c2952d7799ce1eac2f1a85c7b4aa4fe553,SHIB,-0.019434651
0x063af2c2952d7799ce1eac2f1a85c7b4aa4fe553,SAND,-0.009931231
0x063af2c2952d7799ce1eac2f1a85c7b4aa4fe553,NEAR,-0.0029154543
0x063af2c2952d7799ce1eac2f1a85c7b4aa4fe553,CRV,-0.0013239575
0x063af2c2952d7799ce1eac2f1a85c7b4aa4fe553,DOT,0.018203484
0x063af2c2952d7799ce1eac2f1a85c7b4aa4fe553,SUSHI,-0.00080031843
0x063af2c2952d7799ce1eac2f1a85c7b4aa4fe553,AXS,0.0038662278
0x063af2c2952d7799ce1eac2f1a85c7b4aa4fe553,GALA,-0.008774807
0x063af2c2952d7799ce1eac2f1a85c7b4aa4fe553,UNI,-0.01739151
0x063af2c2952d7799ce1eac2f1a85c7b4aa4fe553,CAKE,-0.03233206
0x063af2c2952d7799ce1eac2f1a85c7b4aa4fe553,INJ,-0.015269233
0x063af2c2952d7799ce1eac2f1a85c7b4aa4fe553,AAVE,-0.022188213
0x063af2c2952d7799ce1eac2f1a85c7b4aa4fe553,CFX,-0.0036954628
0x063af2c2952d7799ce1eac2f1a85c7b4aa4fe553,LDO,-0.010592586
0x063af2c2952d7799ce1eac2f1a85c7b4aa4fe553,MINA,-0.012619629
0x063af2c2952d7799ce1eac2f1a85c7b4aa4fe553,ICP,-0.0048186914
0x063af2c2952d7799ce1eac2f1a85c7b4aa4fe553,PENDLE,-0.010155785
0x063af2c2952d7799ce1eac2f1a85c7b4aa4fe553,IMX,-0.0010711055
0x063af2c2952d7799ce1eac2f1a85c7b4aa4fe553,FLOKI,-0.020036746
0x063af2c2952d7799ce1eac2f1a85c7b4aa4fe553,OP,-0.017419742
0x063af2c2952d7799ce1eac2f1a85c7b4aa4fe553,ARB,-0.043444913
0x063af2c2952d7799ce1eac2f1a85c7b4aa4fe553,GMX,-0.012808297
0x063af2c2952d7799ce1eac2f1a85c7b4aa4fe553,WLD,-0.0004943982
0x063af2c2952d7799ce1eac2f1a85c7b4aa4fe553,MANTA,0.0005631191
0x063af2c2952d7799ce1eac2f1a85c7b4aa4fe553,ENS,-0.024216799
0x063af2c2952d7799ce1eac2f1a85c7b4aa4fe553,PEOPLE,-0.034267362
0x063af2c2952d7799ce1eac2f1a85c7b4aa4fe553,GMT,0.0016619139
0x063af2c2952d7799ce1eac2f1a85c7b4aa4fe553,APE,-0.0032121497
0x063af2c2952d7799ce1eac2f1a85c7b4aa4fe553,APEX,-0.014228444
0x063af2c2952d7799ce1eac2f1a85c7b4aa4fe553,KAS,0.0050290064
0x063af2c2952d7799ce1eac2f1a85c7b4aa4fe553,SUI,-0.012085125
0x063af2c2952d7799ce1eac2f1a85c7b4aa4fe553,ONDO,-0.012851575
0x063af2c2952d7799ce1eac2f1a85c7b4aa4fe553,ZETA,-0.00055225583
0x063af2c2952d7799ce1eac2f1a85c7b4aa4fe553,APT,0.005106326
0x063af2c2952d7799ce1eac2f1a85c7b4aa4fe553,STRK,-0.0049645826
0x063af2c2952d7799ce1eac2f1a85c7b4aa4fe553,TIA,0.00095727073
0x063af2c2952d7799ce1eac2f1a85c7b4aa4fe553,TAO,-0.021562655
0x063af2c2952d7799ce1eac2f1a85c7b4aa4fe553,BONK,-0.030638529
0x063af2c2952d7799ce1eac2f1a85c7b4aa4fe553,BLUR,-0.011049769
0x063af2c2952d7799ce1eac2f1a85c7b4aa4fe553,SEI,-0.00085326546
0x063af2c2952d7799ce1eac2f1a85c7b4aa4fe553,ZK,0.0023228994
0x063af2c2952d7799ce1eac2f1a85c7b4aa4fe553,PEPE,-0.016154112
0x063af2c2952d7799ce1eac2f1a85c7b4aa4fe553,BERA,-0.009690427
0x063af2c2952d7799ce1eac2f1a85c7b4aa4fe553,TURBO,-0.012427709
0x063af2c2952d7799ce1eac2f1a85c7b4aa4fe553,ORDI,-0.005067034
0x063af2c2952d7799ce1eac2f1a85c7b4aa4fe553,ZRO,-0.033853583
0x063af2c2952d7799ce1eac2f1a85c7b4aa4fe553,MNT,-0.00068701035
0x063af2c2952d7799ce1eac2f1a85c7b4aa4fe553,LINEA,0.0010439112
0x063af2c2952d7799ce1eac2f1a85c7b4aa4fe553,PYTH,-0.0067429813
0x063af2c2952d7799ce1eac2f1a85c7b4aa4fe553,MEME,-0.009100904
0x063af2c2952d7799ce1eac2f1a85c7b4aa4fe553,POL,-0.025610484
0x063af2c2952d7799ce1eac2f1a85c7b4aa4fe553,JTO,-0.0045102756
0x063af2c2952d7799ce1eac2f1a85c7b4aa4fe553,WIF,0.0009498829
0x063af2c2952d7799ce1eac2f1a85c7b4aa4fe553,POPCAT,-0.005810922
0x063af2c2952d7799ce1eac2f1a85c7b4aa4fe553,NOT,0.0003093346
0x063af2c2952d7799ce1eac2f1a85c7b4aa4fe553,DYM,-0.0015421772
0x063af2c2952d7799ce1eac2f1a85c7b4aa4fe553,XAI,-0.0017204784
0x063af2c2952d7799ce1eac2f1a85c7b4aa4fe553,ALT,0.0021469765
0x063af2c2952d7799ce1eac2f1a85c7b4aa4fe553,JUP,-0.010151686
0x063af2c2952d7799ce1eac2f1a85c7b4aa4fe553,AERO,-0.0004482551
0x063af2c2952d7799ce1eac2f1a85c7b4aa4fe553,VIRTUAL,-0.032268226
0x063af2c2952d7799ce1eac2f1a85c7b4aa4fe553,W,-0.01087763
0x063af2c2952d7799ce1eac2f1a85c7b4aa4fe553,BRETT,-0.044746663
0x063af2c2952d7799ce1eac2f1a85c7b4aa4fe553,ETHFI,-0.023728753
0x063af2c2952d7799ce1eac2f1a85c7b4aa4fe553,IO,-0.03653397
0x063af2c2952d7799ce1eac2f1a85c7b4aa4fe553,BOME,-0.038960166
0x063af2c2952d7799ce1eac2f1a85c7b4aa4fe553,sENA,-0.050937165
0x063af2c2952d7799ce1eac2f1a85c7b4aa4fe553,TNSR,-0.0061577004
0x063af2c2952d7799ce1eac2f1a85c7b4aa4fe553,EIGEN,-0.008617063
0x063af2c2952d7799ce1eac2f1a85c7b4aa4fe553,MON,-0.020143174
0x063af2c2952d7799ce1eac2f1a85c7b4aa4fe553,MERL,-0.003473318
0x063af2c2952d7799ce1eac2f1a85c7b4aa4fe553,REZ,-0.0012655724
0x063af2c2952d7799ce1eac2f1a85c7b4aa4fe553,SOPH,0.0014430527
0x063af2c2952d7799ce1eac2f1a85c7b4aa4fe553,HYPE,-0.035883594
0x063af2c2952d7799ce1eac2f1a85c7b4aa4fe553,ME,0.0005390557
0x063af2c2952d7799ce1eac2f1a85c7b4aa4fe553,BABY,-0.054817118
0x063af2c2952d7799ce1eac2f1a85c7b4aa4fe553,MOVE,-0.03385463
0x063af2c2952d7799ce1eac2f1a85c7b4aa4fe553,NEIRO,-0.040711615
0x063af2c2952d7799ce1eac2f1a85c7b4aa4fe553,S,-0.029064173
0x063af2c2952d7799ce1eac2f1a85c7b4aa4fe553,GRASS,-0.01697156
0x063af2c2952d7799ce1eac2f1a85c7b4aa4fe553,SKY,-0.031426907
0x063af2c2952d7799ce1eac2f1a85c7b4aa4fe553,INIT,-0.00033293606
0x063af2c2952d7799ce1eac2f1a85c7b4aa4fe553,WCT,-0.0065505914
0x063af2c2952d7799ce1eac2f1a85c7b4aa4fe553,WLFI,-0.00085440837
0x063af2c2952d7799ce1eac2f1a85c7b4aa4fe553,GOAT,-0.017357802
0x063af2c2952d7799ce1eac2f1a85c7b4aa4fe553,FARTCOIN,-0.0078663165
0x063af2c2952d7799ce1eac2f1a85c7b4aa4fe553,PNUT,-0.0075224135
0x063af2c2952d7799ce1eac2f1a85c7b4aa4fe553,SYRUP,-0.015165824
0x063af2c2952d7799ce1eac2f1a85c7b4aa4fe553,USUAL,-0.052743413
0x063af2c2952d7799ce1eac2f1a85c7b4aa4fe553,AIXBT,-0.0010510964
0x063af2c2952d7799ce1eac2f1a85c7b4aa4fe553,MORPHO,-0.015504506
0x063af2c2952d7799ce1eac2f1a85c7b4aa4fe553,PENGU,-0.0014750954
0x063af2c2952d7799ce1eac2f1a85c7b4aa4fe553,GRIFFAIN,-0.017576288
0x063af2c2952d7799ce1eac2f1a85c7b4aa4fe553,BIO,-0.034853354
0x063af2c2952d7799ce1eac2f1a85c7b4aa4fe553,ANIME,-0.005601216
0x063af2c2952d7799ce1eac2f1a85c7b4aa4fe553,TRUMP,-0.053990085
0x063af2c2952d7799ce1eac2f1a85c7b4aa4fe553,MELANIA,-0.035936475
0x063af2c2952d7799ce1eac2f1a85c7b4aa4fe553,VINE,-0.0012865816
0x063af2c2952d7799ce1eac2f1a85c7b4aa4fe553,LAYER,-0.030210307
0x063af2c2952d7799ce1eac2f1a85c7b4aa4fe553,VVV,-0.009852358
0x063af2c2952d7799ce1eac2f1a85c7b4aa4fe553,IP,0.0072290506
0x063af2c2952d7799ce1eac2f1a85c7b4aa4fe553,NIL,-0.0077667674
0x063af2c2952d7799ce1eac2f1a85c7b4aa4fe553,KAITO,-0.09652047
0x063af2c2952d7799ce1eac2f1a85c7b4aa4fe553,ZORA,-0.02795064
0x063af2c2952d7799ce1eac2f1a85c7b4aa4fe553,HYPER,-0.020857135
0x063af2c2952d7799ce1eac2f1a85c7b4aa4fe553,ASTER,-0.007867808
0x063af2c2952d7799ce1eac2f1a85c7b4aa4fe553,PUMP,-0.03979927
0x063af2c2952d7799ce1eac2f1a85c7b4aa4fe553,XPL,-0.032924827
0x063af2c2952d7799ce1eac2f1a85c7b4aa4fe553,CC,-0.024346596
0x063af2c2952d7799ce1eac2f1a85c7b4aa4fe553,PROVE,-0.02148444
0x063af2c2952d7799ce1eac2f1a85c7b4aa4fe553,HEMI,-0.05807087
0x063af2c2952d7799ce1eac2f1a85c7b4aa4fe553,AVNT,-0.006787061
0x063af2c2952d7799ce1eac2f1a85c7b4aa4fe553,0G,-0.0040531014
0x063af2c2952d7799ce1eac2f1a85c7b4aa4fe553,2Z,-0.004425828
0x063af2c2952d7799ce1eac2f1a85c7b4aa4fe553,LIT,-0.021624701
0x0edc0ea676c5e608d628ecc659a13a213476de3e,SKY,0.0271658267957182
0x0edc0ea676c5e608d628ecc659a13a213476de3e,TRX,0.0176542150966086
0x0edc0ea676c5e608d628ecc659a13a213476de3e,XLM,0.0111668263878086
0x0edc0ea676c5e608d628ecc659a13a213476de3e,XMR,0.0176472504741616
0x0edc0ea676c5e608d628ecc659a13a213476de3e,XRP,0.0146503229115265
0x0edc0ea676c5e608d628ecc659a13a213476de3e,ZEC,0.0259980154040889
0x0edc0ea676c5e608d628ecc659a13a213476de3e,BCH,0.0205983377897376
0x0edc0ea676c5e608d628ecc659a13a213476de3e,BTC,0.0375970553236649
0x0edc0ea676c5e608d628ecc659a13a213476de3e,DOGE,0.0173959569412629
0x0edc0ea676c5e608d628ecc659a13a213476de3e,ETC,0.0265648239819243
0x0edc0ea676c5e608d628ecc659a13a213476de3e,LTC,0.0380116111836117
0x0edc0ea676c5e608d628ecc659a13a213476de3e,ETH,0.0181103529666959
0x0edc0ea676c5e608d628ecc659a13a213476de3e,ADA,0.0183990019221296
0x0edc0ea676c5e608d628ecc659a13a213476de3e,LINK,0.0174736792879855
0x0edc0ea676c5e608d628ecc659a13a213476de3e,S,0.0179602910001844
0x0edc0ea676c5e608d628ecc659a13a213476de3e,ATOM,0.0189591147373462
0x0edc0ea676c5e608d628ecc659a13a213476de3e,SNX,0.0317775362013366
0x0edc0ea676c5e608d628ecc659a13a213476de3e,RSR,0.0199390422122947
0x0edc0ea676c5e608d628ecc659a13a213476de3e,ALGO,0.0269120761485187
0x0edc0ea676c5e608d628ecc659a13a213476de3e,RUNE,0.0245560534493987
0x0edc0ea676c5e608d628ecc659a13a213476de3e,TRB,0.0061914974745116
0x0edc0ea676c5e608d628ecc659a13a213476de3e,SOL,0.0285789982230102
0x0edc0ea676c5e608d628ecc659a13a213476de3e,UMA,0.0216450187031978
0x0edc0ea676c5e608d628ecc659a13a213476de3e,PAXG,0.0202304245515035
0x0edc0ea676c5e608d628ecc659a13a213476de3e,COMP,0.0405511194111614
0x0edc0ea676c5e608d628ecc659a13a213476de3e,AVAX,0.0361443542811861
0x0edc0ea676c5e608d628ecc659a13a213476de3e,SAND,0.0205879474150041
0x0edc0ea676c5e608d628ecc659a13a213476de3e,CRV,0.016898336801362
0x0edc0ea676c5e608d628ecc659a13a213476de3e,LAYER,0.0242736181666103
0x0edc0ea676c5e608d628ecc659a13a213476de3e,DOT,0.0210294703348795
0x0edc0ea676c5e608d628ecc659a13a213476de3e,SUSHI,0.0260337245000757
0x0edc0ea676c5e608d628ecc659a13a213476de3e,UNI,-0.0092155037537042
0x0edc0ea676c5e608d628ecc659a13a213476de3e,AAVE,0.0042370323715939
0x0edc0ea676c5e608d628ecc659a13a213476de3e,NEAR,0.0024253587717106
0x0edc0ea676c5e608d628ecc659a13a213476de3e,FIL,0.0141694150237475
0x0edc0ea676c5e608d628ecc659a13a213476de3e,AXS,0.020389776647872
0x0edc0ea676c5e608d628ecc659a13a213476de3e,INJ,0.0045674810426652
0x0edc0ea676c5e608d628ecc659a13a213476de3e,ZORA,-0.0016675827617769
0x0edc0ea676c5e608d628ecc659a13a213476de3e,CELO,0.0024755502264362
0x0edc0ea676c5e608d628ecc659a13a213476de3e,LIT,0.0231504128928706
0x0edc0ea676c5e608d628ecc659a13a213476de3e,SHIB,0.0051408329979756
0x0edc0ea676c5e608d628ecc659a13a213476de3e,ICP,0.0318578297336865
0x0edc0ea676c5e608d628ecc659a13a213476de3e,RENDER,0.0205455088462032
0x0edc0ea676c5e608d628ecc659a13a213476de3e,LDO,-0.0309615942212329
0x0edc0ea676c5e608d628ecc659a13a213476de3e,GALA,0.0173720354833602
0x0edc0ea676c5e608d628ecc659a13a213476de3e,FET,0.011978019709127
0x0edc0ea676c5e608d628ecc659a13a213476de3e,ENS,0.0191058520398963
0x0edc0ea676c5e608d628ecc659a13a213476de3e,IMX,0.0216268074702732
0x0edc0ea676c5e608d628ecc659a13a213476de3e,PEOPLE,-0.0168873744787412
0x0edc0ea676c5e608d628ecc659a13a213476de3e,GMT,0.0253155627064756
0x0edc0ea676c5e608d628ecc659a13a213476de3e,FLOKI,0.0183992694505457
0x0edc0ea676c5e608d628ecc659a13a213476de3e,POL,0.0112417325056979
0x0edc0ea676c5e608d628ecc659a13a213476de3e,APE,0.0072032111318847
0x0edc0ea676c5e608d628ecc659a13a213476de3e,GMX,0.0201428801995955
0x0edc0ea676c5e608d628ecc659a13a213476de3e,BLUR,0.0135427546308518
0x0edc0ea676c5e608d628ecc659a13a213476de3e,PENDLE,-0.0044732328509733
0x0edc0ea676c5e608d628ecc659a13a213476de3e,MINA,0.0108291502091751
0x0edc0ea676c5e608d628ecc659a13a213476de3e,LUNC,0.0144035107989393
0x0edc0ea676c5e608d628ecc659a13a213476de3e,MEME,0.0234156515883841
0x0edc0ea676c5e608d628ecc659a13a213476de3e,OP,0.0301489479674688
0x0edc0ea676c5e608d628ecc659a13a213476de3e,ZEN,0.0246540315336972
0x0edc0ea676c5e608d628ecc659a13a213476de3e,STRK,0.0153917436228617
0x0edc0ea676c5e608d628ecc659a13a213476de3e,STX,-0.0443522716578175
0x0edc0ea676c5e608d628ecc659a13a213476de3e,CFX,0.0114837962036929
0x0edc0ea676c5e608d628ecc659a13a213476de3e,CAKE,0.0390947293276347
0x0edc0ea676c5e608d628ecc659a13a213476de3e,DASH,0.0124807132686626
0x0edc0ea676c5e608d628ecc659a13a213476de3e,BSV,0.0164812471266735
0x0edc0ea676c5e608d628ecc659a13a213476de3e,AR,0.0315524590863321
0x0edc0ea676c5e608d628ecc659a13a213476de3e,APT,0.0192260095568728
0x0edc0ea676c5e608d628ecc659a13a213476de3e,ALT,0.0186939103359005
0x0edc0ea676c5e608d628ecc659a13a213476de3e,BNB,0.038666572888209
0x0edc0ea676c5e608d628ecc659a13a213476de3e,BONK,0.0132643017484477
0x0edc0ea676c5e608d628ecc659a13a213476de3e,BABY,0.020009758284379
0x0edc0ea676c5e608d628ecc659a13a213476de3e,HBAR,0.0216476705478115
0x0edc0ea676c5e608d628ecc659a13a213476de3e,KAS,0.0169004392460039
0x0edc0ea676c5e608d628ecc659a13a213476de3e,PEPE,0.0234502503192606
0x0edc0ea676c5e608d628ecc659a13a213476de3e,ORDI,0.0201768217502931
0x0edc0ea676c5e608d628ecc659a13a213476de3e,SUI,0.0244511645994685
0x0edc0ea676c5e608d628ecc659a13a213476de3e,MNT,0.0173930671556304
0x0edc0ea676c5e608d628ecc659a13a213476de3e,IOTA,0.0140435000416064
0x0edc0ea676c5e608d628ecc659a13a213476de3e,TURBO,0.0214195399110975
0x0edc0ea676c5e608d628ecc659a13a213476de3e,TIA,0.0141208879071368
0x0edc0ea676c5e608d628ecc659a13a213476de3e,SEI,0.0223822218007717
0x0edc0ea676c5e608d628ecc659a13a213476de3e,TAO,0.0285390081830779
0x0edc0ea676c5e608d628ecc659a13a213476de3e,JTO,0.0051453352229786
0x0edc0ea676c5e608d628ecc659a13a213476de3e,PYTH,-0.008639538296423
0x0edc0ea676c5e608d628ecc659a13a213476de3e,MANTA,0.0062017434102434
0x0edc0ea676c5e608d628ecc659a13a213476de3e,ONDO,0.0052669299440897
0x0edc0ea676c5e608d628ecc659a13a213476de3e,WIF,0.0180095401344016
0x0edc0ea676c5e608d628ecc659a13a213476de3e,XAI,0.0059059458719374
0x0edc0ea676c5e608d628ecc659a13a213476de3e,ZETA,0.0108291446862483
0x0edc0ea676c5e608d628ecc659a13a213476de3e,JUP,0.0109744944410521
0x0edc0ea676c5e608d628ecc659a13a213476de3e,DYM,0.0140075624198253
0x0edc0ea676c5e608d628ecc659a13a213476de3e,TRUMP,0.0076601757134973
0x0edc0ea676c5e608d628ecc659a13a213476de3e,APEX,-0.0120402899980063
0x0edc0ea676c5e608d628ecc659a13a213476de3e,ARB,0.0293986675529652
0x0edc0ea676c5e608d628ecc659a13a213476de3e,BOME,-0.0126914179184032
0x0edc0ea676c5e608d628ecc659a13a213476de3e,HYPER,0.025196955958122
0x0edc0ea676c5e608d628ecc659a13a213476de3e,ETHFI,0.0260426832474734
0x0edc0ea676c5e608d628ecc659a13a213476de3e,BRETT,-0.0029115290223964
0x0edc0ea676c5e608d628ecc659a13a213476de3e,W,0.0128324127384709
0x0edc0ea676c5e608d628ecc659a13a213476de3e,GOAT,0.0097883935383722
0x0edc0ea676c5e608d628ecc659a13a213476de3e,POPCAT,0.0142822455428206
0x0edc0ea676c5e608d628ecc659a13a213476de3e,MERL,0.0094910172394779
0x0edc0ea676c5e608d628ecc659a13a213476de3e,ZK,0.0228844656202634
0x0edc0ea676c5e608d628ecc659a13a213476de3e,TNSR,0.012006235324781
0x0edc0ea676c5e608d628ecc659a13a213476de3e,AERO,-0.000329728490517
0x0edc0ea676c5e608d628ecc659a13a213476de3e,REZ,0.0130633152576618
0x0edc0ea676c5e608d628ecc659a13a213476de3e,NOT,0.0070163866370802
0x0edc0ea676c5e608d628ecc659a13a213476de3e,MON,0.0127703441344962
0x0edc0ea676c5e608d628ecc659a13a213476de3e,VIRTUAL,0.033352092179169
0x0edc0ea676c5e608d628ecc659a13a213476de3e,IO,0.0193313667696609
0x0edc0ea676c5e608d628ecc659a13a213476de3e,ZRO,0.0000868487504153137
0x0edc0ea676c5e608d628ecc659a13a213476de3e,WLD,-0.0019856248927696
0x0edc0ea676c5e608d628ecc659a13a213476de3e,NEIRO,0.0232593493311732
0x0edc0ea676c5e608d628ecc659a13a213476de3e,EIGEN,-0.0033551871097603
0x0edc0ea676c5e608d628ecc659a13a213476de3e,MOVE,0.0065345725898642
0x0edc0ea676c5e608d628ecc659a13a213476de3e,FARTCOIN,0.0136674492876834
0x0edc0ea676c5e608d628ecc659a13a213476de3e,GRASS,-0.0076590792526034
0x0edc0ea676c5e608d628ecc659a13a213476de3e,PNUT,0.0168053407034947
0x0edc0ea676c5e608d628ecc659a13a213476de3e,USUAL,0.0121174305213014
0x0edc0ea676c5e608d628ecc659a13a213476de3e,MORPHO,0.0130197219841255
0x0edc0ea676c5e608d628ecc659a13a213476de3e,AIXBT,0.0029253869994392
0x0edc0ea676c5e608d628ecc659a13a213476de3e,HYPE,0.0300240756847665
0x0edc0ea676c5e608d628ecc659a13a213476de3e,ME,-0.0076016547153967
0x0edc0ea676c5e608d628ecc659a13a213476de3e,PENGU,0.0051147246782539
0x0edc0ea676c5e608d628ecc659a13a213476de3e,sENA,-0.0099331514477463
0x0edc0ea676c5e608d628ecc659a13a213476de3e,BIO,0.0088441369059413
0x0edc0ea676c5e608d628ecc659a13a213476de3e,GRIFFAIN,-0.0058182593716509
0x0edc0ea676c5e608d628ecc659a13a213476de3e,MELANIA,0.0036937473804239
0x0edc0ea676c5e608d628ecc659a13a213476de3e,VINE,0.0180636460506727
0x0edc0ea676c5e608d628ecc659a13a213476de3e,ANIME,0.0143449545632968
0x0edc0ea676c5e608d628ecc659a13a213476de3e,VVV,0.0057156151436836
0x0edc0ea676c5e608d628ecc659a13a213476de3e,SYRUP,-0.0012379059262115
0x0edc0ea676c5e608d628ecc659a13a213476de3e,BERA,0.0113619745508151
0x0edc0ea676c5e608d628ecc659a13a213476de3e,IP,0.0213575546856304
0x0edc0ea676c5e608d628ecc659a13a213476de3e,KAITO,-0.0174906686926943
0x0edc0ea676c5e608d628ecc659a13a213476de3e,NIL,-0.0072507086038706
0x0edc0ea676c5e608d628ecc659a13a213476de3e,WCT,0.0272754612275457
0x0edc0ea676c5e608d628ecc659a13a213476de3e,PUMP,0.0070062542206921
0x0edc0ea676c5e608d628ecc659a13a213476de3e,INIT,0.0057314476788714
0x0edc0ea676c5e608d628ecc659a13a213476de3e,SOPH,0.0236021702182732
0x0edc0ea676c5e608d628ecc659a13a213476de3e,PROVE,0.016493318622383
0x0edc0ea676c5e608d628ecc659a13a213476de3e,WLFI,0.0278041642927172
0x0edc0ea676c5e608d628ecc659a13a213476de3e,0G,0.0006243792462199
0x0edc0ea676c5e608d628ecc659a13a213476de3e,AVNT,-0.0088204346474039
0x0edc0ea676c5e608d628ecc659a13a213476de3e,ASTER,0.0282363260654797
0x0edc0ea676c5e608d628ecc659a13a213476de3e,LINEA,0.0151050233057624
0x0edc0ea676c5e608d628ecc659a13a213476de3e,HEMI,0.0252997947150242
0x0edc0ea676c5e608d628ecc659a13a213476de3e,XPL,0.0133381656440403
0x0edc0ea676c5e608d628ecc659a13a213476de3e,2Z,0.0249908630499276
0x0edc0ea676c5e608d628ecc659a13a213476de3e,CC,0.0121365661434847
0x181a5bac1f070befbba81a97b68d0e788b4f9189,SKY,0.5794837324661053
0x181a5bac1f070befbba81a97b68d0e788b4f9189,TRX,-0.0125720448859174
0x181a5bac1f070befbba81a97b68d0e788b4f9189,XLM,0.192394526236278
0x181a5bac1f070befbba81a97b68d0e788b4f9189,XMR,-0.1284853195105989
0x181a5bac1f070befbba81a97b68d0e788b4f9189,XRP,-0.0105774720083332
0x181a5bac1f070befbba81a97b68d0e788b4f9189,ZEC,0.1261281483239803
0x181a5bac1f070befbba81a97b68d0e788b4f9189,BCH,0.0671425878865433
0x181a5bac1f070befbba81a97b68d0e788b4f9189,BTC,-0.1520157229841197
0x181a5bac1f070befbba81a97b68d0e788b4f9189,DOGE,0.7248459916529477
0x181a5bac1f070befbba81a97b68d0e788b4f9189,ETC,0.1821126336407633
0x181a5bac1f070befbba81a97b68d0e788b4f9189,LTC,-0.2017156136562776
0x181a5bac1f070befbba81a97b68d0e788b4f9189,ETH,-0.1240393531846166
0x181a5bac1f070befbba81a97b68d0e788b4f9189,ADA,-0.0146922591566225
0x181a5bac1f070befbba81a97b68d0e788b4f9189,LINK,-0.0751810131773287
0x181a5bac1f070befbba81a97b68d0e788b4f9189,S,-0.020065011906879
0x181a5bac1f070befbba81a97b68d0e788b4f9189,ATOM,-0.1431067185803143
0x181a5bac1f070befbba81a97b68d0e788b4f9189,SNX,-0.0725466020963451
0x181a5bac1f070befbba81a97b68d0e788b4f9189,RSR,0.0693195590922874
0x181a5bac1f070befbba81a97b68d0e788b4f9189,ALGO,-0.0975697315429884
0x181a5bac1f070befbba81a97b68d0e788b4f9189,RUNE,-0.1241728757932203
0x181a5bac1f070befbba81a97b68d0e788b4f9189,TRB,0.053940912949096
0x181a5bac1f070befbba81a97b68d0e788b4f9189,SOL,-0.2153797606393165
0x181a5bac1f070befbba81a97b68d0e788b4f9189,UMA,0.2343724333365808
0x181a5bac1f070befbba81a97b68d0e788b4f9189,PAXG,-0.0121023370251555
0x181a5bac1f070befbba81a97b68d0e788b4f9189,COMP,-0.0977221279547757
0x181a5bac1f070befbba81a97b68d0e788b4f9189,AVAX,0.0060892494702513
0x181a5bac1f070befbba81a97b68d0e788b4f9189,SAND,0.1134296844994094
0x181a5bac1f070befbba81a97b68d0e788b4f9189,CRV,-0.0343010813714073
0x181a5bac1f070befbba81a97b68d0e788b4f9189,LAYER,65.97444062801114
0x181a5bac1f070befbba81a97b68d0e788b4f9189,DOT,-0.1118732599200372
0x181a5bac1f070befbba81a97b68d0e788b4f9189,SUSHI,-0.0061146713228236
0x181a5bac1f070befbba81a97b68d0e788b4f9189,UNI,-0.2105845466543144
0x181a5bac1f070befbba81a97b68d0e788b4f9189,AAVE,-0.1404342254478811
0x181a5bac1f070befbba81a97b68d0e788b4f9189,NEAR,-0.1332183848537576
0x181a5bac1f070befbba81a97b68d0e788b4f9189,FIL,0.021341260934411
0x181a5bac1f070befbba81a97b68d0e788b4f9189,AXS,0.08301205358865
0x181a5bac1f070befbba81a97b68d0e788b4f9189,INJ,-0.160285997459344
0x181a5bac1f070befbba81a97b68d0e788b4f9189,ZORA,0.5400248711899219
0x181a5bac1f070befbba81a97b68d0e788b4f9189,CELO,-0.1084487705520884
0x181a5bac1f070befbba81a97b68d0e788b4f9189,LIT,-0.2744676105596384
0x181a5bac1f070befbba81a97b68d0e788b4f9189,SHIB,0.4284455119482033
0x181a5bac1f070befbba81a97b68d0e788b4f9189,ICP,0.0552337795935381
0x181a5bac1f070befbba81a97b68d0e788b4f9189,RENDER,-0.0343879172035125
0x181a5bac1f070befbba81a97b68d0e788b4f9189,LDO,0.1556750700135311
0x181a5bac1f070befbba81a97b68d0e788b4f9189,GALA,0.6157902690554461
0x181a5bac1f070befbba81a97b68d0e788b4f9189,FET,-0.0450103927006658
0x181a5bac1f070befbba81a97b68d0e788b4f9189,ENS,0.0410823337932303
0x181a5bac1f070befbba81a97b68d0e788b4f9189,IMX,-0.0507259736374237
0x181a5bac1f070befbba81a97b68d0e788b4f9189,PEOPLE,0.3393920352868994
0x181a5bac1f070befbba81a97b68d0e788b4f9189,GMT,-0.101756398153731
0x181a5bac1f070befbba81a97b68d0e788b4f9189,FLOKI,0.6856161407455639
0x181a5bac1f070befbba81a97b68d0e788b4f9189,POL,-0.0689298581376338
0x181a5bac1f070befbba81a97b68d0e788b4f9189,APE,0.050403634001561
0x181a5bac1f070befbba81a97b68d0e788b4f9189,GMX,-0.0600731136636404
0x181a5bac1f070befbba81a97b68d0e788b4f9189,BLUR,-0.0632885439655851
0x181a5bac1f070befbba81a97b68d0e788b4f9189,PENDLE,-0.0829437342348861
0x181a5bac1f070befbba81a97b68d0e788b4f9189,MINA,-0.0317481605845571
0x181a5bac1f070befbba81a97b68d0e788b4f9189,LUNC,0.0984814582286238
0x181a5bac1f070befbba81a97b68d0e788b4f9189,MEME,0.0236047884638304
0x181a5bac1f070befbba81a97b68d0e788b4f9189,OP,-0.00485106818189
0x181a5bac1f070befbba81a97b68d0e788b4f9189,ZEN,0.0346702952686156
0x181a5bac1f070befbba81a97b68d0e788b4f9189,STRK,4.6894279907438206
0x181a5bac1f070befbba81a97b68d0e788b4f9189,STX,-0.1005374755530627
0x181a5bac1f070befbba81a97b68d0e788b4f9189,CFX,0.1174151844599669
0x181a5bac1f070befbba81a97b68d0e788b4f9189,CAKE,0.071765211446919
0x181a5bac1f070befbba81a97b68d0e788b4f9189,DASH,0.0266689751912228
0x181a5bac1f070befbba81a97b68d0e788b4f9189,BSV,0.0923597376206007
0x181a5bac1f070befbba81a97b68d0e788b4f9189,AR,0.0591103179399742
0x181a5bac1f070befbba81a97b68d0e788b4f9189,APT,-0.1173370964736541
0x181a5bac1f070befbba81a97b68d0e788b4f9189,ALT,-0.1100160967148005
0x181a5bac1f070befbba81a97b68d0e788b4f9189,BNB,-0.0244778848939566
0x181a5bac1f070befbba81a97b68d0e788b4f9189,BONK,0.16853517461736
0x181a5bac1f070befbba81a97b68d0e788b4f9189,BABY,-0.0294487569852715
0x181a5bac1f070befbba81a97b68d0e788b4f9189,HBAR,0.0238494627937086
0x181a5bac1f070befbba81a97b68d0e788b4f9189,KAS,-0.0286111223875955
0x181a5bac1f070befbba81a97b68d0e788b4f9189,PEPE,0.7710937881337753
0x181a5bac1f070befbba81a97b68d0e788b4f9189,ORDI,0.3264554982725967
0x181a5bac1f070befbba81a97b68d0e788b4f9189,SUI,0.0102050662932908
0x181a5bac1f070befbba81a97b68d0e788b4f9189,MNT,3.8494005975006464
0x181a5bac1f070befbba81a97b68d0e788b4f9189,IOTA,-0.0681289532500487
0x181a5bac1f070befbba81a97b68d0e788b4f9189,TURBO,0.5545200298306026
0x181a5bac1f070befbba81a97b68d0e788b4f9189,TIA,-0.0219645775366443
0x181a5bac1f070befbba81a97b68d0e788b4f9189,SEI,-0.0511962524201106
0x181a5bac1f070befbba81a97b68d0e788b4f9189,TAO,-0.0771128622377066
0x181a5bac1f070befbba81a97b68d0e788b4f9189,JTO,-0.0411628714090315
0x181a5bac1f070befbba81a97b68d0e788b4f9189,PYTH,-0.0836063692427475
0x181a5bac1f070befbba81a97b68d0e788b4f9189,MANTA,-0.1395321409772271
0x181a5bac1f070befbba81a97b68d0e788b4f9189,ONDO,-0.0890586045389536
0x181a5bac1f070befbba81a97b68d0e788b4f9189,WIF,-0.0904166832545857
0x181a5bac1f070befbba81a97b68d0e788b4f9189,XAI,-0.0030304749321901
0x181a5bac1f070befbba81a97b68d0e788b4f9189,ZETA,-0.0825512165632417
0x181a5bac1f070befbba81a97b68d0e788b4f9189,JUP,-0.1588606691498514
0x181a5bac1f070befbba81a97b68d0e788b4f9189,DYM,-0.073643410421648
0x181a5bac1f070befbba81a97b68d0e788b4f9189,TRUMP,14.750585144360992
0x181a5bac1f070befbba81a97b68d0e788b4f9189,APEX,1.720256946039935
0x181a5bac1f070befbba81a97b68d0e788b4f9189,ARB,-0.0513687210266751
0x181a5bac1f070befbba81a97b68d0e788b4f9189,BOME,-0.1148260464412359
0x181a5bac1f070befbba81a97b68d0e788b4f9189,HYPER,119.92438091319788
0x181a5bac1f070befbba81a97b68d0e788b4f9189,ETHFI,0.0554690079345511
0x181a5bac1f070befbba81a97b68d0e788b4f9189,BRETT,0.0250393530673513
0x181a5bac1f070befbba81a97b68d0e788b4f9189,W,-0.1432144312013148
0x181a5bac1f070befbba81a97b68d0e788b4f9189,GOAT,-0.1664680827566473
0x181a5bac1f070befbba81a97b68d0e788b4f9189,POPCAT,-0.025219566323908
0x181a5bac1f070befbba81a97b68d0e788b4f9189,MERL,0.0894340358711986
0x181a5bac1f070befbba81a97b68d0e788b4f9189,ZK,-0.100271461117118
0x181a5bac1f070befbba81a97b68d0e788b4f9189,TNSR,-0.1764876336794487
0x181a5bac1f070befbba81a97b68d0e788b4f9189,AERO,-0.0550669856306902
0x181a5bac1f070befbba81a97b68d0e788b4f9189,REZ,-0.102504621468402
0x181a5bac1f070befbba81a97b68d0e788b4f9189,NOT,-0.1770304291027463
0x181a5bac1f070befbba81a97b68d0e788b4f9189,MON,-0.0548926421746553
0x181a5bac1f070befbba81a97b68d0e788b4f9189,VIRTUAL,0.4543582287292153
0x181a5bac1f070befbba81a97b68d0e788b4f9189,IO,-0.1715341864721749
0x181a5bac1f070befbba81a97b68d0e788b4f9189,ZRO,-0.1362751157755972
0x181a5bac1f070befbba81a97b68d0e788b4f9189,WLD,-0.0785683476593311
0x181a5bac1f070befbba81a97b68d0e788b4f9189,NEIRO,0.0150008709271202
0x181a5bac1f070befbba81a97b68d0e788b4f9189,EIGEN,-0.0490416568101967
0x181a5bac1f070befbba81a97b68d0e788b4f9189,MOVE,1.876232160033291
0x181a5bac1f070befbba81a97b68d0e788b4f9189,FARTCOIN,0.1938086796527749
0x181a5bac1f070befbba81a97b68d0e788b4f9189,GRASS,-0.1369128021183434
0x181a5bac1f070befbba81a97b68d0e788b4f9189,PNUT,0.228188605053599
0x181a5bac1f070befbba81a97b68d0e788b4f9189,USUAL,-0.0639901511450308
0x181a5bac1f070befbba81a97b68d0e788b4f9189,MORPHO,-0.1798383795024302
0x181a5bac1f070befbba81a97b68d0e788b4f9189,AIXBT,-0.1882349603317277
0x181a5bac1f070befbba81a97b68d0e788b4f9189,HYPE,-0.0462451617498669
0x181a5bac1f070befbba81a97b68d0e788b4f9189,ME,-0.1285650194355801
0x181a5bac1f070befbba81a97b68d0e788b4f9189,PENGU,0.268176488226976
0x181a5bac1f070befbba81a97b68d0e788b4f9189,sENA,-0.0716272456114122
0x181a5bac1f070befbba81a97b68d0e788b4f9189,BIO,0.0303843245026034
0x181a5bac1f070befbba81a97b68d0e788b4f9189,GRIFFAIN,0.1333507512002548
0x181a5bac1f070befbba81a97b68d0e788b4f9189,MELANIA,-0.113363019464978
0x181a5bac1f070befbba81a97b68d0e788b4f9189,VINE,0.3662304419371699
0x181a5bac1f070befbba81a97b68d0e788b4f9189,ANIME,-0.1068383905362193
0x181a5bac1f070befbba81a97b68d0e788b4f9189,VVV,0.0160027809559487
0x181a5bac1f070befbba81a97b68d0e788b4f9189,SYRUP,-0.0038554885159864
0x181a5bac1f070befbba81a97b68d0e788b4f9189,BERA,-0.0226498685811077
0x181a5bac1f070befbba81a97b68d0e788b4f9189,IP,-0.1609442748991553
0x181a5bac1f070befbba81a97b68d0e788b4f9189,KAITO,-0.0372116448774655
0x181a5bac1f070befbba81a97b68d0e788b4f9189,NIL,-0.0953021721506066
0x181a5bac1f070befbba81a97b68d0e788b4f9189,WCT,-0.1633273435961729
0x181a5bac1f070befbba81a97b68d0e788b4f9189,PUMP,-0.4578155680530825
0x181a5bac1f070befbba81a97b68d0e788b4f9189,INIT,-0.2389070389804289
0x181a5bac1f070befbba81a97b68d0e788b4f9189,SOPH,-0.095961666143322
0x181a5bac1f070befbba81a97b68d0e788b4f9189,PROVE,-0.1052740888048664
0x181a5bac1f070befbba81a97b68d0e788b4f9189,WLFI,-0.0992980289366146
0x181a5bac1f070befbba81a97b68d0e788b4f9189,0G,-0.1125454523460177
0x181a5bac1f070befbba81a97b68d0e788b4f9189,AVNT,-0.0339129814006237
0x181a5bac1f070befbba81a97b68d0e788b4f9189,ASTER,-0.1119092158348859
0x181a5bac1f070befbba81a97b68d0e788b4f9189,LINEA,-0.1402902187827068
0x181a5bac1f070befbba81a97b68d0e788b4f9189,HEMI,-0.0627365382548235
0x181a5bac1f070befbba81a97b68d0e788b4f9189,XPL,-0.032429222547495
0x181a5bac1f070befbba81a97b68d0e788b4f9189,2Z,-0.0707419366292354
0x181a5bac1f070befbba81a97b68d0e788b4f9189,CC,-0.0708298626179677
0x18fbc0c8fdd7faa3f4fb72810a0c6360c1bb4bd6,0G,0.0070021916466512
0x18fbc0c8fdd7faa3f4fb72810a0c6360c1bb4bd6,2Z,0.0071493717508561
0x18fbc0c8fdd7faa3f4fb72810a0c6360c1bb4bd6,AAVE,0.0070907089954628
0x18fbc0c8fdd7faa3f4fb72810a0c6360c1bb4bd6,ADA,0.0073412373740797
0x18fbc0c8fdd7faa3f4fb72810a0c6360c1bb4bd6,AERO,0.0059000512366342
0x18fbc0c8fdd7faa3f4fb72810a0c6360c1bb4bd6,AIXBT,0.0054399252440389
0x18fbc0c8fdd7faa3f4fb72810a0c6360c1bb4bd6,ALGO,0.0076431811929012
0x18fbc0c8fdd7faa3f4fb72810a0c6360c1bb4bd6,ALT,0.0071119782269906
0x18fbc0c8fdd7faa3f4fb72810a0c6360c1bb4bd6,ANIME,0.006544435801412
0x18fbc0c8fdd7faa3f4fb72810a0c6360c1bb4bd6,APE,0.0067974178695398
0x18fbc0c8fdd7faa3f4fb72810a0c6360c1bb4bd6,APEX,0.0066796359321626
0x18fbc0c8fdd7faa3f4fb72810a0c6360c1bb4bd6,APT,0.0065082550523573
0x18fbc0c8fdd7faa3f4fb72810a0c6360c1bb4bd6,AR,0.0072043269327872
0x18fbc0c8fdd7faa3f4fb72810a0c6360c1bb4bd6,ARB,0.0077470428228102
0x18fbc0c8fdd7faa3f4fb72810a0c6360c1bb4bd6,ASTER,0.0072626647341275
0x18fbc0c8fdd7faa3f4fb72810a0c6360c1bb4bd6,ATOM,0.0073123871396212
0x18fbc0c8fdd7faa3f4fb72810a0c6360c1bb4bd6,AVAX,0.0076128639279276
0x18fbc0c8fdd7faa3f4fb72810a0c6360c1bb4bd6,AVNT,0.0055772331821264
0x18fbc0c8fdd7faa3f4fb72810a0c6360c1bb4bd6,AXS,0.0061632954557376
0x18fbc0c8fdd7faa3f4fb72810a0c6360c1bb4bd6,BABY,0.0074268696418057
0x18fbc0c8fdd7faa3f4fb72810a0c6360c1bb4bd6,BCH,0.0076365487921811
0x18fbc0c8fdd7faa3f4fb72810a0c6360c1bb4bd6,BERA,0.0061169938896764
0x18fbc0c8fdd7faa3f4fb72810a0c6360c1bb4bd6,BIO,0.0074037539895706
0x18fbc0c8fdd7faa3f4fb72810a0c6360c1bb4bd6,BLUR,0.0053590344042319
0x18fbc0c8fdd7faa3f4fb72810a0c6360c1bb4bd6,BNB,0.007836151691599
0x18fbc0c8fdd7faa3f4fb72810a0c6360c1bb4bd6,BOME,0.0038456039673143
0x18fbc0c8fdd7faa3f4fb72810a0c6360c1bb4bd6,BONK,0.0076377452921148
0x18fbc0c8fdd7faa3f4fb72810a0c6360c1bb4bd6,BRETT,0.0055410908979722
0x18fbc0c8fdd7faa3f4fb72810a0c6360c1bb4bd6,BSV,0.0059593064808566
0x18fbc0c8fdd7faa3f4fb72810a0c6360c1bb4bd6,BTC,0.0078449346429511
0x18fbc0c8fdd7faa3f4fb72810a0c6360c1bb4bd6,CAKE,0.0076320946252483
0x18fbc0c8fdd7faa3f4fb72810a0c6360c1bb4bd6,CC,0.0071711024244383
0x18fbc0c8fdd7faa3f4fb72810a0c6360c1bb4bd6,CELO,0.0072651179501056
0x18fbc0c8fdd7faa3f4fb72810a0c6360c1bb4bd6,CFX,0.007484268146817
0x18fbc0c8fdd7faa3f4fb72810a0c6360c1bb4bd6,COMP,0.007104970576691
0x18fbc0c8fdd7faa3f4fb72810a0c6360c1bb4bd6,CRV,0.007045115048711
0x18fbc0c8fdd7faa3f4fb72810a0c6360c1bb4bd6,DASH,0.0069903234999286
0x18fbc0c8fdd7faa3f4fb72810a0c6360c1bb4bd6,DOGE,0.0063868273101954
0x18fbc0c8fdd7faa3f4fb72810a0c6360c1bb4bd6,DOT,0.0076564186594042
0x18fbc0c8fdd7faa3f4fb72810a0c6360c1bb4bd6,DYM,0.007431335598942
0x18fbc0c8fdd7faa3f4fb72810a0c6360c1bb4bd6,EIGEN,0.005168111725838
0x18fbc0c8fdd7faa3f4fb72810a0c6360c1bb4bd6,ENS,0.0057788025198058
0x18fbc0c8fdd7faa3f4fb72810a0c6360c1bb4bd6,ETC,0.007792867008038
0x18fbc0c8fdd7faa3f4fb72810a0c6360c1bb4bd6,ETH,0.0077702724764594
0x18fbc0c8fdd7faa3f4fb72810a0c6360c1bb4bd6,ETHFI,0.0066062535047255
0x18fbc0c8fdd7faa3f4fb72810a0c6360c1bb4bd6,FARTCOIN,0.0061782963843163
0x18fbc0c8fdd7faa3f4fb72810a0c6360c1bb4bd6,FET,0.0069094051567086
0x18fbc0c8fdd7faa3f4fb72810a0c6360c1bb4bd6,FIL,0.0056833945608386
0x18fbc0c8fdd7faa3f4fb72810a0c6360c1bb4bd6,FLOKI,0.0046991500276582
0x18fbc0c8fdd7faa3f4fb72810a0c6360c1bb4bd6,GALA,0.0070741406429427
0x18fbc0c8fdd7faa3f4fb72810a0c6360c1bb4bd6,GMT,0.0076574097567295
0x18fbc0c8fdd7faa3f4fb72810a0c6360c1bb4bd6,GMX,0.0071519352355861
0x18fbc0c8fdd7faa3f4fb72810a0c6360c1bb4bd6,GOAT,0.0076480909973341
0x18fbc0c8fdd7faa3f4fb72810a0c6360c1bb4bd6,GRASS,0.0076017560978257
0x18fbc0c8fdd7faa3f4fb72810a0c6360c1bb4bd6,GRIFFAIN,0.0049244821923017
0x18fbc0c8fdd7faa3f4fb72810a0c6360c1bb4bd6,HBAR,0.0074127276334818
0x18fbc0c8fdd7faa3f4fb72810a0c6360c1bb4bd6,HEMI,0.0008754118739934
0x18fbc0c8fdd7faa3f4fb72810a0c6360c1bb4bd6,HYPE,0.0069804952945066
0x18fbc0c8fdd7faa3f4fb72810a0c6360c1bb4bd6,HYPER,0.0075213272040908
0x18fbc0c8fdd7faa3f4fb72810a0c6360c1bb4bd6,ICP,0.00739972031076
0x18fbc0c8fdd7faa3f4fb72810a0c6360c1bb4bd6,IMX,0.0055434224079114
0x18fbc0c8fdd7faa3f4fb72810a0c6360c1bb4bd6,INIT,0.0056787400026518
0x18fbc0c8fdd7faa3f4fb72810a0c6360c1bb4bd6,INJ,0.0073246759375952
0x18fbc0c8fdd7faa3f4fb72810a0c6360c1bb4bd6,IO,0.0069384261162531
0x18fbc0c8fdd7faa3f4fb72810a0c6360c1bb4bd6,IOTA,0.0062660064908559
0x18fbc0c8fdd7faa3f4fb72810a0c6360c1bb4bd6,IP,0.0078578354225566
0x18fbc0c8fdd7faa3f4fb72810a0c6360c1bb4bd6,JTO,0.0069214405078257
0x18fbc0c8fdd7faa3f4fb72810a0c6360c1bb4bd6,JUP,0.0070431202835732
0x18fbc0c8fdd7faa3f4fb72810a0c6360c1bb4bd6,KAITO,0.0073023648874614
0x18fbc0c8fdd7faa3f4fb72810a0c6360c1bb4bd6,KAS,0.0071053102295792
0x18fbc0c8fdd7faa3f4fb72810a0c6360c1bb4bd6,LAYER,0.0078132314022163
0x18fbc0c8fdd7faa3f4fb72810a0c6360c1bb4bd6,LDO,0.0062120145310366
0x18fbc0c8fdd7faa3f4fb72810a0c6360c1bb4bd6,LINEA,0.0076585719668974
0x18fbc0c8fdd7faa3f4fb72810a0c6360c1bb4bd6,LINK,0.0073472796967063
0x18fbc0c8fdd7faa3f4fb72810a0c6360c1bb4bd6,LIT,0.0065509382366598
0x18fbc0c8fdd7faa3f4fb72810a0c6360c1bb4bd6,LTC,0.0075486234201056
0x18fbc0c8fdd7faa3f4fb72810a0c6360c1bb4bd6,LUNC,0.0073065705137066
0x18fbc0c8fdd7faa3f4fb72810a0c6360c1bb4bd6,MANTA,0.0075074125819196
0x18fbc0c8fdd7faa3f4fb72810a0c6360c1bb4bd6,ME,0.0067852502391907
0x18fbc0c8fdd7faa3f4fb72810a0c6360c1bb4bd6,MELANIA,0.0049725829755645
0x18fbc0c8fdd7faa3f4fb72810a0c6360c1bb4bd6,MEME,0.0075772178774496
0x18fbc0c8fdd7faa3f4fb72810a0c6360c1bb4bd6,MERL,0.0063999521555248
0x18fbc0c8fdd7faa3f4fb72810a0c6360c1bb4bd6,MINA,0.0065350560554724
0x18fbc0c8fdd7faa3f4fb72810a0c6360c1bb4bd6,MNT,0.0067326082719107
0x18fbc0c8fdd7faa3f4fb72810a0c6360c1bb4bd6,MON,0.0072046665255118
0x18fbc0c8fdd7faa3f4fb72810a0c6360c1bb4bd6,MORPHO,0.0073944565269275
0x18fbc0c8fdd7faa3f4fb72810a0c6360c1bb4bd6,MOVE,0.0067341907321603
0x18fbc0c8fdd7faa3f4fb72810a0c6360c1bb4bd6,NEAR,0.0059635833286621
0x18fbc0c8fdd7faa3f4fb72810a0c6360c1bb4bd6,NEIRO,0.0035691982033042
0x18fbc0c8fdd7faa3f4fb72810a0c6360c1bb4bd6,NIL,0.0043485573914537
0x18fbc0c8fdd7faa3f4fb72810a0c6360c1bb4bd6,NOT,0.0074124059167253
0x18fbc0c8fdd7faa3f4fb72810a0c6360c1bb4bd6,ONDO,0.0073634534755156
0x18fbc0c8fdd7faa3f4fb72810a0c6360c1bb4bd6,OP,0.0076234757724653
0x18fbc0c8fdd7faa3f4fb72810a0c6360c1bb4bd6,ORDI,0.0041681698468061
0x18fbc0c8fdd7faa3f4fb72810a0c6360c1bb4bd6,PAXG,0.0077292747417149
0x18fbc0c8fdd7faa3f4fb72810a0c6360c1bb4bd6,PENDLE,0.0049562599982485
0x18fbc0c8fdd7faa3f4fb72810a0c6360c1bb4bd6,PENGU,0.0044942361541324
0x18fbc0c8fdd7faa3f4fb72810a0c6360c1bb4bd6,PEOPLE,0.0035420326307701
0x18fbc0c8fdd7faa3f4fb72810a0c6360c1bb4bd6,PEPE,0.0063207730934453
0x18fbc0c8fdd7faa3f4fb72810a0c6360c1bb4bd6,PNUT,0.0062569069809819
0x18fbc0c8fdd7faa3f4fb72810a0c6360c1bb4bd6,POL,0.0065584937198916
0x18fbc0c8fdd7faa3f4fb72810a0c6360c1bb4bd6,POPCAT,0.0062637311693116
0x18fbc0c8fdd7faa3f4fb72810a0c6360c1bb4bd6,PROVE,0.0074121698864622
0x18fbc0c8fdd7faa3f4fb72810a0c6360c1bb4bd6,PUMP,0.0046831221807159
0x18fbc0c8fdd7faa3f4fb72810a0c6360c1bb4bd6,PYTH,0.0056832187085107
0x18fbc0c8fdd7faa3f4fb72810a0c6360c1bb4bd6,RENDER,0.0075228013507608
0x18fbc0c8fdd7faa3f4fb72810a0c6360c1bb4bd6,REZ,0.0051288088089594
0x18fbc0c8fdd7faa3f4fb72810a0c6360c1bb4bd6,RSR,0.0068291427145084
0x18fbc0c8fdd7faa3f4fb72810a0c6360c1bb4bd6,RUNE,0.0063788212122072
0x18fbc0c8fdd7faa3f4fb72810a0c6360c1bb4bd6,S,0.0074714284343876
0x18fbc0c8fdd7faa3f4fb72810a0c6360c1bb4bd6,SAND,0.0073959643709623
0x18fbc0c8fdd7faa3f4fb72810a0c6360c1bb4bd6,SEI,0.0073192874770587
0x18fbc0c8fdd7faa3f4fb72810a0c6360c1bb4bd6,SHIB,0.0068181662154988
0x18fbc0c8fdd7faa3f4fb72810a0c6360c1bb4bd6,SKY,0.0070405455344868
0x18fbc0c8fdd7faa3f4fb72810a0c6360c1bb4bd6,SNX,0.0060686810837145
0x18fbc0c8fdd7faa3f4fb72810a0c6360c1bb4bd6,SOL,0.0077728702531491
0x18fbc0c8fdd7faa3f4fb72810a0c6360c1bb4bd6,SOPH,0.0067222580092916
0x18fbc0c8fdd7faa3f4fb72810a0c6360c1bb4bd6,STRK,0.0076729792158243
0x18fbc0c8fdd7faa3f4fb72810a0c6360c1bb4bd6,STX,0.0048045337353647
0x18fbc0c8fdd7faa3f4fb72810a0c6360c1bb4bd6,SUI,0.0072374397196399
0x18fbc0c8fdd7faa3f4fb72810a0c6360c1bb4bd6,SUSHI,0.0070509484439943
0x18fbc0c8fdd7faa3f4fb72810a0c6360c1bb4bd6,SYRUP,0.0066061939354998
0x18fbc0c8fdd7faa3f4fb72810a0c6360c1bb4bd6,TAO,0.0076364821706052
0x18fbc0c8fdd7faa3f4fb72810a0c6360c1bb4bd6,TIA,0.0063864649600659
0x18fbc0c8fdd7faa3f4fb72810a0c6360c1bb4bd6,TNSR,0.0055576946221488
0x18fbc0c8fdd7faa3f4fb72810a0c6360c1bb4bd6,TRB,0.0034108232049883
0x18fbc0c8fdd7faa3f4fb72810a0c6360c1bb4bd6,TRUMP,0.0066832982595396
0x18fbc0c8fdd7faa3f4fb72810a0c6360c1bb4bd6,TRX,0.0077103496053035
0x18fbc0c8fdd7faa3f4fb72810a0c6360c1bb4bd6,TURBO,0.0063422817634051
0x18fbc0c8fdd7faa3f4fb72810a0c6360c1bb4bd6,UMA,0.0073344620192079
0x18fbc0c8fdd7faa3f4fb72810a0c6360c1bb4bd6,UNI,0.0075525307703694
0x18fbc0c8fdd7faa3f4fb72810a0c6360c1bb4bd6,USUAL,0.00747657172762
0x18fbc0c8fdd7faa3f4fb72810a0c6360c1bb4bd6,VINE,0.0063131948362323
0x18fbc0c8fdd7faa3f4fb72810a0c6360c1bb4bd6,VIRTUAL,0.0076635867268393
0x18fbc0c8fdd7faa3f4fb72810a0c6360c1bb4bd6,VVV,0.0062686866051426
0x18fbc0c8fdd7faa3f4fb72810a0c6360c1bb4bd6,W,0.0075098608630945
0x18fbc0c8fdd7faa3f4fb72810a0c6360c1bb4bd6,WCT,0.0067234820336102
0x18fbc0c8fdd7faa3f4fb72810a0c6360c1bb4bd6,WIF,0.0061208236699473
0x18fbc0c8fdd7faa3f4fb72810a0c6360c1bb4bd6,WLD,0.0067633481690817
0x18fbc0c8fdd7faa3f4fb72810a0c6360c1bb4bd6,WLFI,0.0070666728310716
0x18fbc0c8fdd7faa3f4fb72810a0c6360c1bb4bd6,XAI,0.005903378893944
0x18fbc0c8fdd7faa3f4fb72810a0c6360c1bb4bd6,XLM,0.0074520802003513
0x18fbc0c8fdd7faa3f4fb72810a0c6360c1bb4bd6,XMR,0.0074886895430729
0x18fbc0c8fdd7faa3f4fb72810a0c6360c1bb4bd6,XPL,0.0056785972991958
0x18fbc0c8fdd7faa3f4fb72810a0c6360c1bb4bd6,XRP,0.0058948506537902
0x18fbc0c8fdd7faa3f4fb72810a0c6360c1bb4bd6,ZEC,0.0062013323851773
0x18fbc0c8fdd7faa3f4fb72810a0c6360c1bb4bd6,ZEN,0.0048013750834642
0x18fbc0c8fdd7faa3f4fb72810a0c6360c1bb4bd6,ZETA,0.0067958874603478
0x18fbc0c8fdd7faa3f4fb72810a0c6360c1bb4bd6,ZK,0.007367078796913
0x18fbc0c8fdd7faa3f4fb72810a0c6360c1bb4bd6,ZORA,0.0051461832489164
0x18fbc0c8fdd7faa3f4fb72810a0c6360c1bb4bd6,ZRO,0.0041268001578589
0x18fbc0c8fdd7faa3f4fb72810a0c6360c1bb4bd6,sENA,0.0024733690761187
0x1b1d704cfd260f0eeca05d495d4818ebeac2922f,OP,0.0
0x1b1d704cfd260f0eeca05d495d4818ebeac2922f,MERL,0.0
0x1b1d704cfd260f0eeca05d495d4818ebeac2922f,PROVE,0.05
0x1b1d704cfd260f0eeca05d495d4818ebeac2922f,BSV,0.0
0x1b1d704cfd260f0eeca05d495d4818ebeac2922f,POL,0.0
0x1b1d704cfd260f0eeca05d495d4818ebeac2922f,ZORA,-0.05
0x1b1d704cfd260f0eeca05d495d4818ebeac2922f,MON,0.0
0x1b1d704cfd260f0eeca05d495d4818ebeac2922f,GMT,0.0
0x1b1d704cfd260f0eeca05d495d4818ebeac2922f,NIL,0.0
0x1b1d704cfd260f0eeca05d495d4818ebeac2922f,INJ,0.0
0x1b1d704cfd260f0eeca05d495d4818ebeac2922f,LAYER,0.0
0x1b1d704cfd260f0eeca05d495d4818ebeac2922f,JTO,0.0
0x1b1d704cfd260f0eeca05d495d4818ebeac2922f,S,0.0
0x1b1d704cfd260f0eeca05d495d4818ebeac2922f,BLUR,0.0
0x1b1d704cfd260f0eeca05d495d4818ebeac2922f,ETH,0.05
0x1b1d704cfd260f0eeca05d495d4818ebeac2922f,XLM,0.0
0x1b1d704cfd260f0eeca05d495d4818ebeac2922f,STX,-0.05
0x1b1d704cfd260f0eeca05d495d4818ebeac2922f,FARTCOIN,0.0
0x1b1d704cfd260f0eeca05d495d4818ebeac2922f,BERA,0.0
0x1b1d704cfd260f0eeca05d495d4818ebeac2922f,CRV,0.0
0x1b1d704cfd260f0eeca05d495d4818ebeac2922f,GALA,0.0
0x1b1d704cfd260f0eeca05d495d4818ebeac2922f,PEOPLE,0.0
0x1b1d704cfd260f0eeca05d495d4818ebeac2922f,DYM,0.0
0x1b1d704cfd260f0eeca05d495d4818ebeac2922f,PUMP,-0.05
0x1b1d704cfd260f0eeca05d495d4818ebeac2922f,WCT,0.0
0x1b1d704cfd260f0eeca05d495d4818ebeac2922f,ZK,0.0
0x1b1d704cfd260f0eeca05d495d4818ebeac2922f,GRASS,0.0
0x1b1d704cfd260f0eeca05d495d4818ebeac2922f,NEAR,0.0
0x1b1d704cfd260f0eeca05d495d4818ebeac2922f,VVV,0.0
0x1b1d704cfd260f0eeca05d495d4818ebeac2922f,CAKE,0.05
0x1b1d704cfd260f0eeca05d495d4818ebeac2922f,AAVE,0.0
0x1b1d704cfd260f0eeca05d495d4818ebeac2922f,TRX,0.05
0x1b1d704cfd260f0eeca05d495d4818ebeac2922f,TNSR,0.0
0x1b1d704cfd260f0eeca05d495d4818ebeac2922f,NEIRO,-0.05
0x1b1d704cfd260f0eeca05d495d4818ebeac2922f,ANIME,0.0
0x1b1d704cfd260f0eeca05d495d4818ebeac2922f,AXS,0.0
0x1b1d704cfd260f0eeca05d495d4818ebeac2922f,CFX,0.0
0x1b1d704cfd260f0eeca05d495d4818ebeac2922f,ORDI,0.0
0x1b1d704cfd260f0eeca05d495d4818ebeac2922f,0G,0.0
0x1b1d704cfd260f0eeca05d495d4818ebeac2922f,RSR,0.0
0x1b1d704cfd260f0eeca05d495d4818ebeac2922f,WLD,0.0
0x1b1d704cfd260f0eeca05d495d4818ebeac2922f,TRUMP,-0.05
0x1b1d704cfd260f0eeca05d495d4818ebeac2922f,SYRUP,0.0
0x1b1d704cfd260f0eeca05d495d4818ebeac2922f,BIO,0.0
0x1b1d704cfd260f0eeca05d495d4818ebeac2922f,MEME,0.0
0x1b1d704cfd260f0eeca05d495d4818ebeac2922f,MELANIA,0.0
0x1b1d704cfd260f0eeca05d495d4818ebeac2922f,UMA,0.0
0x1b1d704cfd260f0eeca05d495d4818ebeac2922f,ALT,0.0
0x1b1d704cfd260f0eeca05d495d4818ebeac2922f,MORPHO,0.0
0x1b1d704cfd260f0eeca05d495d4818ebeac2922f,SUI,0.0
0x1b1d704cfd260f0eeca05d495d4818ebeac2922f,PENGU,0.0
0x1b1d704cfd260f0eeca05d495d4818ebeac2922f,MANTA,0.0
0x1b1d704cfd260f0eeca05d495d4818ebeac2922f,IMX,0.0
0x1b1d704cfd260f0eeca05d495d4818ebeac2922f,RENDER,0.0
0x1b1d704cfd260f0eeca05d495d4818ebeac2922f,ZEN,0.0
0x1b1d704cfd260f0eeca05d495d4818ebeac2922f,FIL,0.0
0x1b1d704cfd260f0eeca05d495d4818ebeac2922f,SKY,0.0
0x1b1d704cfd260f0eeca05d495d4818ebeac2922f,SAND,0.0
0x1b1d704cfd260f0eeca05d495d4818ebeac2922f,TIA,0.0
0x1b1d704cfd260f0eeca05d495d4818ebeac2922f,INIT,0.0
0x1b1d704cfd260f0eeca05d495d4818ebeac2922f,KAITO,0.0
0x1b1d704cfd260f0eeca05d495d4818ebeac2922f,VIRTUAL,0.0
0x1b1d704cfd260f0eeca05d495d4818ebeac2922f,BABY,0.0
0x1b1d704cfd260f0eeca05d495d4818ebeac2922f,ASTER,0.0
0x1b1d704cfd260f0eeca05d495d4818ebeac2922f,HYPE,0.05
0x1b1d704cfd260f0eeca05d495d4818ebeac2922f,NOT,0.0
0x1b1d704cfd260f0eeca05d495d4818ebeac2922f,LUNC,0.0
0x1b1d704cfd260f0eeca05d495d4818ebeac2922f,PNUT,0.0
0x1b1d704cfd260f0eeca05d495d4818ebeac2922f,EIGEN,0.0
0x1b1d704cfd260f0eeca05d495d4818ebeac2922f,FLOKI,0.0
0x1b1d704cfd260f0eeca05d495d4818ebeac2922f,PENDLE,0.0
0x1b1d704cfd260f0eeca05d495d4818ebeac2922f,BRETT,-0.05
0x1b1d704cfd260f0eeca05d495d4818ebeac2922f,ZETA,0.0
0x1b1d704cfd260f0eeca05d495d4818ebeac2922f,SEI,0.0
0x1b1d704cfd260f0eeca05d495d4818ebeac2922f,REZ,0.0
0x1b1d704cfd260f0eeca05d495d4818ebeac2922f,W,0.0
0x1b1d704cfd260f0eeca05d495d4818ebeac2922f,2Z,0.0
0x1b1d704cfd260f0eeca05d495d4818ebeac2922f,ONDO,0.0
0x1b1d704cfd260f0eeca05d495d4818ebeac2922f,XAI,0.0
0x1b1d704cfd260f0eeca05d495d4818ebeac2922f,XMR,0.0
0x1b1d704cfd260f0eeca05d495d4818ebeac2922f,IO,0.0
0x1b1d704cfd260f0eeca05d495d4818ebeac2922f,ZEC,0.0
0x1b1d704cfd260f0eeca05d495d4818ebeac2922f,UNI,0.0
0x1b1d704cfd260f0eeca05d495d4818ebeac2922f,APEX,-0.05
0x1b1d704cfd260f0eeca05d495d4818ebeac2922f,ENS,0.0
0x1b1d704cfd260f0eeca05d495d4818ebeac2922f,BTC,0.05
0x1b1d704cfd260f0eeca05d495d4818ebeac2922f,ALGO,0.0
0x1b1d704cfd260f0eeca05d495d4818ebeac2922f,AVAX,0.0
0x1b1d704cfd260f0eeca05d495d4818ebeac2922f,TURBO,0.0
0x1b1d704cfd260f0eeca05d495d4818ebeac2922f,KAS,0.05
0x1b1d704cfd260f0eeca05d495d4818ebeac2922f,GOAT,0.0
0x1b1d704cfd260f0eeca05d495d4818ebeac2922f,AIXBT,0.0
0x1b1d704cfd260f0eeca05d495d4818ebeac2922f,LIT,0.0
0x1b1d704cfd260f0eeca05d495d4818ebeac2922f,BONK,0.0
0x1b1d704cfd260f0eeca05d495d4818ebeac2922f,ADA,0.0
0x1b1d704cfd260f0eeca05d495d4818ebeac2922f,PEPE,0.0
0x1b1d704cfd260f0eeca05d495d4818ebeac2922f,STRK,0.0
0x1b1d704cfd260f0eeca05d495d4818ebeac2922f,FET,0.0
0x1b1d704cfd260f0eeca05d495d4818ebeac2922f,ME,0.0
0x1b1d704cfd260f0eeca05d495d4818ebeac2922f,TAO,0.0
0x1b1d704cfd260f0eeca05d495d4818ebeac2922f,HYPER,0.0
0x1b1d704cfd260f0eeca05d495d4818ebeac2922f,JUP,0.0
0x1b1d704cfd260f0eeca05d495d4818ebeac2922f,BOME,-0.05
0x1b1d704cfd260f0eeca05d495d4818ebeac2922f,GMX,0.0
0x1b1d704cfd260f0eeca05d495d4818ebeac2922f,IP,0.0
0x1b1d704cfd260f0eeca05d495d4818ebeac2922f,AVNT,0.0
0x1b1d704cfd260f0eeca05d495d4818ebeac2922f,USUAL,-0.05
0x1b1d704cfd260f0eeca05d495d4818ebeac2922f,APE,0.0
0x1b1d704cfd260f0eeca05d495d4818ebeac2922f,POPCAT,0.0
0x1b1d704cfd260f0eeca05d495d4818ebeac2922f,SOL,0.0
0x1b1d704cfd260f0eeca05d495d4818ebeac2922f,DASH,0.0
0x1b1d704cfd260f0eeca05d495d4818ebeac2922f,CC,0.0
0x1b1d704cfd260f0eeca05d495d4818ebeac2922f,MOVE,0.0
0x1b1d704cfd260f0eeca05d495d4818ebeac2922f,SNX,0.0
0x1b1d704cfd260f0eeca05d495d4818ebeac2922f,WIF,0.0
0x1b1d704cfd260f0eeca05d495d4818ebeac2922f,CELO,0.0
0x1b1d704cfd260f0eeca05d495d4818ebeac2922f,GRIFFAIN,0.0
0x1b1d704cfd260f0eeca05d495d4818ebeac2922f,MINA,0.0
0x1b1d704cfd260f0eeca05d495d4818ebeac2922f,MNT,0.0
0x1b1d704cfd260f0eeca05d495d4818ebeac2922f,WLFI,0.0
0x1b1d704cfd260f0eeca05d495d4818ebeac2922f,BCH,0.0
0x1b1d704cfd260f0eeca05d495d4818ebeac2922f,BNB,0.05
0x1b1d704cfd260f0eeca05d495d4818ebeac2922f,DOT,0.0
0x1b1d704cfd260f0eeca05d495d4818ebeac2922f,ARB,0.0
0x1b1d704cfd260f0eeca05d495d4818ebeac2922f,COMP,0.0
0x1b1d704cfd260f0eeca05d495d4818ebeac2922f,ETHFI,0.0
0x1b1d704cfd260f0eeca05d495d4818ebeac2922f,ZRO,0.0
0x1b1d704cfd260f0eeca05d495d4818ebeac2922f,IOTA,0.0
0x1b1d704cfd260f0eeca05d495d4818ebeac2922f,LINK,0.0
0x1b1d704cfd260f0eeca05d495d4818ebeac2922f,DOGE,0.0
0x1b1d704cfd260f0eeca05d495d4818ebeac2922f,sENA,-0.05
0x1b1d704cfd260f0eeca05d495d4818ebeac2922f,ETC,0.0
0x1b1d704cfd260f0eeca05d495d4818ebeac2922f,AERO,0.0
0x1b1d704cfd260f0eeca05d495d4818ebeac2922f,PYTH,0.0
0x1b1d704cfd260f0eeca05d495d4818ebeac2922f,AR,0.0
0x1b1d704cfd260f0eeca05d495d4818ebeac2922f,ICP,0.0
0x1b1d704cfd260f0eeca05d495d4818ebeac2922f,ATOM,0.0
0x1b1d704cfd260f0eeca05d495d4818ebeac2922f,XRP,0.0
0x1b1d704cfd260f0eeca05d495d4818ebeac2922f,LDO,0.0
0x1b1d704cfd260f0eeca05d495d4818ebeac2922f,APT,0.0
0x1b1d704cfd260f0eeca05d495d4818ebeac2922f,LINEA,0.0
0x1b1d704cfd260f0eeca05d495d4818ebeac2922f,LTC,0.05
0x1b1d704cfd260f0eeca05d495d4818ebeac2922f,HBAR,0.0
0x1b1d704cfd260f0eeca05d495d4818ebeac2922f,SUSHI,0.0
0x1b1d704cfd260f0eeca05d495d4818ebeac2922f,SHIB,0.0
0x1b1d704cfd260f0eeca05d495d4818ebeac2922f,TRB,0.0
0x1b1d704cfd260f0eeca05d495d4818ebeac2922f,RUNE,0.05
0x1b1d704cfd260f0eeca05d495d4818ebeac2922f,XPL,0.0
0x1b1d704cfd260f0eeca05d495d4818ebeac2922f,HEMI,0.0
0x1b1d704cfd260f0eeca05d495d4818ebeac2922f,SOPH,0.0
0x1b1d704cfd260f0eeca05d495d4818ebeac2922f,VINE,0.0
0x1b1d704cfd260f0eeca05d495d4818ebeac2922f,PAXG,0.0
0x1be48b2b7594fe7e47701bc7e7bb83beaf84ecc0,BTC,-0.0066371423286966
0x1be48b2b7594fe7e47701bc7e7bb83beaf84ecc0,LTC,0.0010268434264019
0x1be48b2b7594fe7e47701bc7e7bb83beaf84ecc0,XRP,-0.029772213776493
0x1be48b2b7594fe7e47701bc7e7bb83beaf84ecc0,DOGE,-0.0303053630451073
0x1be48b2b7594fe7e47701bc7e7bb83beaf84ecc0,DASH,-0.029958617145722
0x1be48b2b7594fe7e47701bc7e7bb83beaf84ecc0,XMR,-0.003421281479927
0x1be48b2b7594fe7e47701bc7e7bb83beaf84ecc0,XLM,-0.0239055592129982
0x1be48b2b7594fe7e47701bc7e7bb83beaf84ecc0,ETH,-0.0024383736768804
0x1be48b2b7594fe7e47701bc7e7bb83beaf84ecc0,ETC,-0.0178365864516175
0x1be48b2b7594fe7e47701bc7e7bb83beaf84ecc0,ZEC,-0.0338953075890099
0x1be48b2b7594fe7e47701bc7e7bb83beaf84ecc0,ZEN,-0.0315332257848943
0x1be48b2b7594fe7e47701bc7e7bb83beaf84ecc0,IOTA,-0.0204008328666407
0x1be48b2b7594fe7e47701bc7e7bb83beaf84ecc0,BCH,-0.0200225530918434
0x1be48b2b7594fe7e47701bc7e7bb83beaf84ecc0,BNB,0.0010820215988334
0x1be48b2b7594fe7e47701bc7e7bb83beaf84ecc0,TRX,-0.0002714422171025
0x1be48b2b7594fe7e47701bc7e7bb83beaf84ecc0,LINK,-0.0067485006422962
0x1be48b2b7594fe7e47701bc7e7bb83beaf84ecc0,ADA,-0.0192971964516386
0x1be48b2b7594fe7e47701bc7e7bb83beaf84ecc0,FIL,-0.0121189970332672
0x1be48b2b7594fe7e47701bc7e7bb83beaf84ecc0,SNX,-0.0071918785796674
0x1be48b2b7594fe7e47701bc7e7bb83beaf84ecc0,BSV,-0.0060422357036924
0x1be48b2b7594fe7e47701bc7e7bb83beaf84ecc0,FET,-0.022309355333306
0x1be48b2b7594fe7e47701bc7e7bb83beaf84ecc0,ATOM,-0.0124818031855376
0x1be48b2b7594fe7e47701bc7e7bb83beaf84ecc0,RSR,-0.022000700059126
0x1be48b2b7594fe7e47701bc7e7bb83beaf84ecc0,ALGO,-0.0272757258538334
0x1be48b2b7594fe7e47701bc7e7bb83beaf84ecc0,RUNE,-0.0076778588185116
0x1be48b2b7594fe7e47701bc7e7bb83beaf84ecc0,LUNC,-0.0161894648836287
0x1be48b2b7594fe7e47701bc7e7bb83beaf84ecc0,HBAR,-0.0062617441390231
0x1be48b2b7594fe7e47701bc7e7bb83beaf84ecc0,PAXG,-0.0052701122833338
0x1be48b2b7594fe7e47701bc7e7bb83beaf84ecc0,STX,-0.0576481593303362
0x1be48b2b7594fe7e47701bc7e7bb83beaf84ecc0,TRB,-0.0262691834069424
0x1be48b2b7594fe7e47701bc7e7bb83beaf84ecc0,SOL,-0.0011088702564482
0x1be48b2b7594fe7e47701bc7e7bb83beaf84ecc0,CELO,-0.0157789382189138
0x1be48b2b7594fe7e47701bc7e7bb83beaf84ecc0,UMA,-0.0288139118114957
0x1be48b2b7594fe7e47701bc7e7bb83beaf84ecc0,AR,-0.0085681698706823
0x1be48b2b7594fe7e47701bc7e7bb83beaf84ecc0,RENDER,-0.0085014890195854
0x1be48b2b7594fe7e47701bc7e7bb83beaf84ecc0,COMP,-0.0098827740659582
0x1be48b2b7594fe7e47701bc7e7bb83beaf84ecc0,AVAX,-0.0140581819851117
0x1be48b2b7594fe7e47701bc7e7bb83beaf84ecc0,SHIB,-0.0183763192672654
0x1be48b2b7594fe7e47701bc7e7bb83beaf84ecc0,SAND,-0.0219474793275254
0x1be48b2b7594fe7e47701bc7e7bb83beaf84ecc0,NEAR,-0.0154762976889605
0x1be48b2b7594fe7e47701bc7e7bb83beaf84ecc0,CRV,-0.030371305770792
0x1be48b2b7594fe7e47701bc7e7bb83beaf84ecc0,DOT,-0.0021169541191864
0x1be48b2b7594fe7e47701bc7e7bb83beaf84ecc0,SUSHI,-0.0116978910012047
0x1be48b2b7594fe7e47701bc7e7bb83beaf84ecc0,AXS,-0.0063418169280894
0x1be48b2b7594fe7e47701bc7e7bb83beaf84ecc0,GALA,-0.0152807331763363
0x1be48b2b7594fe7e47701bc7e7bb83beaf84ecc0,UNI,-0.0205485143321938
0x1be48b2b7594fe7e47701bc7e7bb83beaf84ecc0,CAKE,0.001727155107192
0x1be48b2b7594fe7e47701bc7e7bb83beaf84ecc0,INJ,-0.0157574865024136
0x1be48b2b7594fe7e47701bc7e7bb83beaf84ecc0,AAVE,-0.0366717724939337
0x1be48b2b7594fe7e47701bc7e7bb83beaf84ecc0,CFX,-0.006797435337594
0x1be48b2b7594fe7e47701bc7e7bb83beaf84ecc0,LDO,-0.0105916549096273
0x1be48b2b7594fe7e47701bc7e7bb83beaf84ecc0,MINA,-0.0262271045587851
0x1be48b2b7594fe7e47701bc7e7bb83beaf84ecc0,ICP,-0.0156399918730073
0x1be48b2b7594fe7e47701bc7e7bb83beaf84ecc0,PENDLE,-0.0261795445525092
0x1be48b2b7594fe7e47701bc7e7bb83beaf84ecc0,IMX,-0.0177776082490725
0x1be48b2b7594fe7e47701bc7e7bb83beaf84ecc0,FLOKI,-0.0216561205790643
0x1be48b2b7594fe7e47701bc7e7bb83beaf84ecc0,OP,-0.0398998181870496
0x1be48b2b7594fe7e47701bc7e7bb83beaf84ecc0,ARB,-0.0119821939006505
0x1be48b2b7594fe7e47701bc7e7bb83beaf84ecc0,GMX,-0.0060535403322071
0x1be48b2b7594fe7e47701bc7e7bb83beaf84ecc0,WLD,-0.013950636242391
0x1be48b2b7594fe7e47701bc7e7bb83beaf84ecc0,MANTA,-0.0065721707945038
0x1be48b2b7594fe7e47701bc7e7bb83beaf84ecc0,ENS,-0.0358326132437442
0x1be48b2b7594fe7e47701bc7e7bb83beaf84ecc0,PEOPLE,-0.0410235184030873
0x1be48b2b7594fe7e47701bc7e7bb83beaf84ecc0,GMT,-0.0066428608412915
0x1be48b2b7594fe7e47701bc7e7bb83beaf84ecc0,APE,-0.0129496525974745
0x1be48b2b7594fe7e47701bc7e7bb83beaf84ecc0,APEX,-0.0417344178793667
0x1be48b2b7594fe7e47701bc7e7bb83beaf84ecc0,KAS,-0.007176482835157
0x1be48b2b7594fe7e47701bc7e7bb83beaf84ecc0,SUI,-0.0290955037886393
0x1be48b2b7594fe7e47701bc7e7bb83beaf84ecc0,ONDO,-0.0099484620417747
0x1be48b2b7594fe7e47701bc7e7bb83beaf84ecc0,ZETA,-0.0086602043780287
0x1be48b2b7594fe7e47701bc7e7bb83beaf84ecc0,APT,-0.0131710356936156
0x1be48b2b7594fe7e47701bc7e7bb83beaf84ecc0,STRK,-0.0104225324974406
0x1be48b2b7594fe7e47701bc7e7bb83beaf84ecc0,TIA,-0.0110234209982468
0x1be48b2b7594fe7e47701bc7e7bb83beaf84ecc0,TAO,-0.0163110366340641
0x1be48b2b7594fe7e47701bc7e7bb83beaf84ecc0,BONK,-0.0216888966470442
0x1be48b2b7594fe7e47701bc7e7bb83beaf84ecc0,BLUR,-0.0108343708806258
0x1be48b2b7594fe7e47701bc7e7bb83beaf84ecc0,SEI,-0.0214084733114951
0x1be48b2b7594fe7e47701bc7e7bb83beaf84ecc0,ZK,-0.0192726687675284
0x1be48b2b7594fe7e47701bc7e7bb83beaf84ecc0,PEPE,-0.0555394394576644
0x1be48b2b7594fe7e47701bc7e7bb83beaf84ecc0,BERA,-0.0114196302945938
0x1be48b2b7594fe7e47701bc7e7bb83beaf84ecc0,TURBO,-0.0236637542204228
0x1be48b2b7594fe7e47701bc7e7bb83beaf84ecc0,ORDI,-0.0073226543827649
0x1be48b2b7594fe7e47701bc7e7bb83beaf84ecc0,ZRO,-0.0357862270777914
0x1be48b2b7594fe7e47701bc7e7bb83beaf84ecc0,MNT,-0.0054832464197959
0x1be48b2b7594fe7e47701bc7e7bb83beaf84ecc0,LINEA,-0.0077531563830896
0x1be48b2b7594fe7e47701bc7e7bb83beaf84ecc0,PYTH,-0.0232949505053949
0x1be48b2b7594fe7e47701bc7e7bb83beaf84ecc0,MEME,-0.0207852182405861
0x1be48b2b7594fe7e47701bc7e7bb83beaf84ecc0,POL,-0.0223366816777694
0x1be48b2b7594fe7e47701bc7e7bb83beaf84ecc0,JTO,-0.0079977324913724
0x1be48b2b7594fe7e47701bc7e7bb83beaf84ecc0,WIF,-0.0352057742228161
0x1be48b2b7594fe7e47701bc7e7bb83beaf84ecc0,POPCAT,-0.021534073450024
0x1be48b2b7594fe7e47701bc7e7bb83beaf84ecc0,NOT,-0.0072443333943068
0x1be48b2b7594fe7e47701bc7e7bb83beaf84ecc0,DYM,-0.0075268658106028
0x1be48b2b7594fe7e47701bc7e7bb83beaf84ecc0,XAI,-0.0091281687103271
0x1be48b2b7594fe7e47701bc7e7bb83beaf84ecc0,ALT,-0.0216771006344469
0x1be48b2b7594fe7e47701bc7e7bb83beaf84ecc0,JUP,-0.0187375899920864
0x1be48b2b7594fe7e47701bc7e7bb83beaf84ecc0,AERO,-0.0065607597653311
0x1be48b2b7594fe7e47701bc7e7bb83beaf84ecc0,VIRTUAL,-0.0202517292889652
0x1be48b2b7594fe7e47701bc7e7bb83beaf84ecc0,W,-0.0233385715713573
0x1be48b2b7594fe7e47701bc7e7bb83beaf84ecc0,BRETT,-0.0328198223661995
0x1be48b2b7594fe7e47701bc7e7bb83beaf84ecc0,ETHFI,-0.0188228509528314
0x1be48b2b7594fe7e47701bc7e7bb83beaf84ecc0,IO,-0.0362834458225608
0x1be48b2b7594fe7e47701bc7e7bb83beaf84ecc0,BOME,-0.0431955165045845
0x1be48b2b7594fe7e47701bc7e7bb83beaf84ecc0,sENA,-0.0595813052416176
0x1be48b2b7594fe7e47701bc7e7bb83beaf84ecc0,TNSR,-0.0063584498440859
0x1be48b2b7594fe7e47701bc7e7bb83beaf84ecc0,EIGEN,-0.0183723904617432
0x1be48b2b7594fe7e47701bc7e7bb83beaf84ecc0,MON,-0.0360888051331044
0x1be48b2b7594fe7e47701bc7e7bb83beaf84ecc0,MERL,-0.0073614601091829
0x1be48b2b7594fe7e47701bc7e7bb83beaf84ecc0,REZ,-0.0089074689597052
0x1be48b2b7594fe7e47701bc7e7bb83beaf84ecc0,SOPH,-0.0085689733655871
0x1be48b2b7594fe7e47701bc7e7bb83beaf84ecc0,HYPE,-0.0125140326692607
0x1be48b2b7594fe7e47701bc7e7bb83beaf84ecc0,ME,-0.0082328045869765
0x1be48b2b7594fe7e47701bc7e7bb83beaf84ecc0,BABY,-0.0359867860922309
0x1be48b2b7594fe7e47701bc7e7bb83beaf84ecc0,MOVE,-0.0284015160589433
0x1be48b2b7594fe7e47701bc7e7bb83beaf84ecc0,NEIRO,-0.0370436254322639
0x1be48b2b7594fe7e47701bc7e7bb83beaf84ecc0,S,-0.019854522829159
0x1be48b2b7594fe7e47701bc7e7bb83beaf84ecc0,GRASS,-0.0120808377342254
0x1be48b2b7594fe7e47701bc7e7bb83beaf84ecc0,SKY,-0.0199462515759599
0x1be48b2b7594fe7e47701bc7e7bb83beaf84ecc0,INIT,-0.007039334040687
0x1be48b2b7594fe7e47701bc7e7bb83beaf84ecc0,WCT,-0.013903931954594
0x1be48b2b7594fe7e47701bc7e7bb83beaf84ecc0,WLFI,-0.0158812385678008
0x1be48b2b7594fe7e47701bc7e7bb83beaf84ecc0,GOAT,-0.0159727241184609
0x1be48b2b7594fe7e47701bc7e7bb83beaf84ecc0,FARTCOIN,-0.0065949045855501
0x1be48b2b7594fe7e47701bc7e7bb83beaf84ecc0,PNUT,-0.012437706717134
0x1be48b2b7594fe7e47701bc7e7bb83beaf84ecc0,SYRUP,-0.0112345638106597
0x1be48b2b7594fe7e47701bc7e7bb83beaf84ecc0,USUAL,-0.045396126510239
0x1be48b2b7594fe7e47701bc7e7bb83beaf84ecc0,AIXBT,-0.0090784263327015
0x1be48b2b7594fe7e47701bc7e7bb83beaf84ecc0,MORPHO,-0.0165327240479059
0x1be48b2b7594fe7e47701bc7e7bb83beaf84ecc0,PENGU,-0.0542618528584711
0x1be48b2b7594fe7e47701bc7e7bb83beaf84ecc0,GRIFFAIN,-0.0121461810757022
0x1be48b2b7594fe7e47701bc7e7bb83beaf84ecc0,BIO,-0.0223159057428691
0x1be48b2b7594fe7e47701bc7e7bb83beaf84ecc0,ANIME,-0.0057727816072584
0x1be48b2b7594fe7e47701bc7e7bb83beaf84ecc0,TRUMP,-0.0599856017023296
0x1be48b2b7594fe7e47701bc7e7bb83beaf84ecc0,MELANIA,-0.0306284707286847
0x1be48b2b7594fe7e47701bc7e7bb83beaf84ecc0,VINE,-0.0124827877949962
0x1be48b2b7594fe7e47701bc7e7bb83beaf84ecc0,LAYER,-0.0205147893048763
0x1be48b2b7594fe7e47701bc7e7bb83beaf84ecc0,VVV,-0.0230237918067297
0x1be48b2b7594fe7e47701bc7e7bb83beaf84ecc0,IP,-0.0115481991018665
0x1be48b2b7594fe7e47701bc7e7bb83beaf84ecc0,NIL,-0.0239567252026799
0x1be48b2b7594fe7e47701bc7e7bb83beaf84ecc0,KAITO,-0.010747078576516
0x1be48b2b7594fe7e47701bc7e7bb83beaf84ecc0,ZORA,-0.0305586557016904
0x1be48b2b7594fe7e47701bc7e7bb83beaf84ecc0,HYPER,-0.0075613897891596
0x1be48b2b7594fe7e47701bc7e7bb83beaf84ecc0,ASTER,-0.0054242033857376
0x1be48b2b7594fe7e47701bc7e7bb83beaf84ecc0,PUMP,-0.0718776624910006
0x1be48b2b7594fe7e47701bc7e7bb83beaf84ecc0,XPL,-0.0120058546368681
0x1be48b2b7594fe7e47701bc7e7bb83beaf84ecc0,CC,-0.0351938256379984
0x1be48b2b7594fe7e47701bc7e7bb83beaf84ecc0,PROVE,-0.0374077151027766
0x1be48b2b7594fe7e47701bc7e7bb83beaf84ecc0,HEMI,-0.0381826721189807
0x1be48b2b7594fe7e47701bc7e7bb83beaf84ecc0,AVNT,-0.0088332997927399
0x1be48b2b7594fe7e47701bc7e7bb83beaf84ecc0,0G,-0.009339996520221
0x1be48b2b7594fe7e47701bc7e7bb83beaf84ecc0,2Z,-0.0083062578492916
0x1be48b2b7594fe7e47701bc7e7bb83beaf84ecc0,LIT,-0.0315834134056568
0x1bfb6731ff80e75bf84bfe40a108723c5eb23d4f,BTC,-0.0200000649435021
0x1bfb6731ff80e75bf84bfe40a108723c5eb23d4f,LTC,-0.0093087450154215
0x1bfb6731ff80e75bf84bfe40a108723c5eb23d4f,XRP,-0.0117539533809259
0x1bfb6731ff80e75bf84bfe40a108723c5eb23d4f,DOGE,-0.0199566756740112
0x1bfb6731ff80e75bf84bfe40a108723c5eb23d4f,DASH,-0.0118839304807132
0x1bfb6731ff80e75bf84bfe40a108723c5eb23d4f,XMR,-0.0005488598909114
0x1bfb6731ff80e75bf84bfe40a108723c5eb23d4f,XLM,-0.0149365963106935
0x1bfb6731ff80e75bf84bfe40a108723c5eb23d4f,ETH,-0.0049861689540405
0x1bfb6731ff80e75bf84bfe40a108723c5eb23d4f,ETC,-0.0045487669962927
0x1bfb6731ff80e75bf84bfe40a108723c5eb23d4f,ZEC,-0.0077818306199672
0x1bfb6731ff80e75bf84bfe40a108723c5eb23d4f,ZEN,-0.0174947098675167
0x1bfb6731ff80e75bf84bfe40a108723c5eb23d4f,IOTA,-0.0345976213100647
0x1bfb6731ff80e75bf84bfe40a108723c5eb23d4f,BCH,-0.0153201952110873
0x1bfb6731ff80e75bf84bfe40a108723c5eb23d4f,BNB,0.0152955465861048
0x1bfb6731ff80e75bf84bfe40a108723c5eb23d4f,TRX,0.0003223143538275
0x1bfb6731ff80e75bf84bfe40a108723c5eb23d4f,LINK,0.0143094978245138
0x1bfb6731ff80e75bf84bfe40a108723c5eb23d4f,ADA,-0.0050419425047869
0x1bfb6731ff80e75bf84bfe40a108723c5eb23d4f,FIL,0.0013748125232939
0x1bfb6731ff80e75bf84bfe40a108723c5eb23d4f,SNX,-0.00571184019257
0x1bfb6731ff80e75bf84bfe40a108723c5eb23d4f,BSV,-0.0044253514968877
0x1bfb6731ff80e75bf84bfe40a108723c5eb23d4f,FET,-0.015965720545794
0x1bfb6731ff80e75bf84bfe40a108723c5eb23d4f,ATOM,-0.0083731672667804
0x1bfb6731ff80e75bf84bfe40a108723c5eb23d4f,RSR,-0.0263459887470351
0x1bfb6731ff80e75bf84bfe40a108723c5eb23d4f,ALGO,-0.0266220142412458
0x1bfb6731ff80e75bf84bfe40a108723c5eb23d4f,RUNE,-0.00754368076891
0x1bfb6731ff80e75bf84bfe40a108723c5eb23d4f,LUNC,-0.0141965722909661
0x1bfb6731ff80e75bf84bfe40a108723c5eb23d4f,HBAR,-0.0107220956142673
0x1bfb6731ff80e75bf84bfe40a108723c5eb23d4f,PAXG,0.0013878274187221
0x1bfb6731ff80e75bf84bfe40a108723c5eb23d4f,STX,-0.0623121047647365
0x1bfb6731ff80e75bf84bfe40a108723c5eb23d4f,TRB,-0.0198639283278024
0x1bfb6731ff80e75bf84bfe40a108723c5eb23d4f,SOL,-0.0008951655143659
0x1bfb6731ff80e75bf84bfe40a108723c5eb23d4f,CELO,-0.0219422028404795
0x1bfb6731ff80e75bf84bfe40a108723c5eb23d4f,UMA,-0.0107782818225462
0x1bfb6731ff80e75bf84bfe40a108723c5eb23d4f,AR,-0.0221853845869845
0x1bfb6731ff80e75bf84bfe40a108723c5eb23d4f,RENDER,-0.0057318078369069
0x1bfb6731ff80e75bf84bfe40a108723c5eb23d4f,COMP,0.0013110275558956
0x1bfb6731ff80e75bf84bfe40a108723c5eb23d4f,AVAX,-0.0111129896190992
0x1bfb6731ff80e75bf84bfe40a108723c5eb23d4f,SHIB,-0.0312932007773583
0x1bfb6731ff80e75bf84bfe40a108723c5eb23d4f,SAND,-0.0055968739610867
0x1bfb6731ff80e75bf84bfe40a108723c5eb23d4f,NEAR,-0.0120903842634831
0x1bfb6731ff80e75bf84bfe40a108723c5eb23d4f,CRV,-0.0059703095685275
0x1bfb6731ff80e75bf84bfe40a108723c5eb23d4f,DOT,0.0002198668636194
0x1bfb6731ff80e75bf84bfe40a108723c5eb23d4f,SUSHI,-0.0096269402267099
0x1bfb6731ff80e75bf84bfe40a108723c5eb23d4f,AXS,-0.0081264316976047
0x1bfb6731ff80e75bf84bfe40a108723c5eb23d4f,GALA,-0.0347681784204718
0x1bfb6731ff80e75bf84bfe40a108723c5eb23d4f,UNI,-0.0276139736243078
0x1bfb6731ff80e75bf84bfe40a108723c5eb23d4f,CAKE,-0.0127674460114436
0x1bfb6731ff80e75bf84bfe40a108723c5eb23d4f,INJ,-0.0201242812177924
0x1bfb6731ff80e75bf84bfe40a108723c5eb23d4f,AAVE,-0.024436873676853
0x1bfb6731ff80e75bf84bfe40a108723c5eb23d4f,CFX,-0.0195186974699353
0x1bfb6731ff80e75bf84bfe40a108723c5eb23d4f,LDO,-0.0159450141604893
0x1bfb6731ff80e75bf84bfe40a108723c5eb23d4f,MINA,-0.0277508711373035
0x1bfb6731ff80e75bf84bfe40a108723c5eb23d4f,ICP,-0.0068301552815642
0x1bfb6731ff80e75bf84bfe40a108723c5eb23d4f,PENDLE,-0.0284642518446119
0x1bfb6731ff80e75bf84bfe40a108723c5eb23d4f,IMX,-0.0118114947485395
0x1bfb6731ff80e75bf84bfe40a108723c5eb23d4f,FLOKI,-0.0126765495301163
0x1bfb6731ff80e75bf84bfe40a108723c5eb23d4f,OP,-0.020354960276835
0x1bfb6731ff80e75bf84bfe40a108723c5eb23d4f,ARB,-0.02495937573915
0x1bfb6731ff80e75bf84bfe40a108723c5eb23d4f,GMX,-0.0171617588393279
0x1bfb6731ff80e75bf84bfe40a108723c5eb23d4f,WLD,-0.0197533030275437
0x1bfb6731ff80e75bf84bfe40a108723c5eb23d4f,MANTA,-0.0053436673889216
0x1bfb6731ff80e75bf84bfe40a108723c5eb23d4f,ENS,-0.0325383082690605
0x1bfb6731ff80e75bf84bfe40a108723c5eb23d4f,PEOPLE,-0.0388516521792772
0x1bfb6731ff80e75bf84bfe40a108723c5eb23d4f,GMT,0.004020006450381
0x1bfb6731ff80e75bf84bfe40a108723c5eb23d4f,APE,0.0039371326620645
0x1bfb6731ff80e75bf84bfe40a108723c5eb23d4f,APEX,-0.0440023494680594
0x1bfb6731ff80e75bf84bfe40a108723c5eb23d4f,KAS,-0.0008039230811469
0x1bfb6731ff80e75bf84bfe40a108723c5eb23d4f,SUI,-0.0264492225555666
0x1bfb6731ff80e75bf84bfe40a108723c5eb23d4f,ONDO,-0.0174241390845907
0x1bfb6731ff80e75bf84bfe40a108723c5eb23d4f,ZETA,-0.0130061819517096
0x1bfb6731ff80e75bf84bfe40a108723c5eb23d4f,APT,-0.0005177328239463
0x1bfb6731ff80e75bf84bfe40a108723c5eb23d4f,STRK,-0.0133419718264558
0x1bfb6731ff80e75bf84bfe40a108723c5eb23d4f,TIA,-0.0034665886570358
0x1bfb6731ff80e75bf84bfe40a108723c5eb23d4f,TAO,-0.0150705331135254
0x1bfb6731ff80e75bf84bfe40a108723c5eb23d4f,BONK,-0.0295294537654936
0x1bfb6731ff80e75bf84bfe40a108723c5eb23d4f,BLUR,-0.0140110905044466
0x1bfb6731ff80e75bf84bfe40a108723c5eb23d4f,SEI,-0.0112136540552264
0x1bfb6731ff80e75bf84bfe40a108723c5eb23d4f,ZK,-0.0038643224911394
0x1bfb6731ff80e75bf84bfe40a108723c5eb23d4f,PEPE,-0.0442130928493467
0x1bfb6731ff80e75bf84bfe40a108723c5eb23d4f,BERA,-0.0128344696296699
0x1bfb6731ff80e75bf84bfe40a108723c5eb23d4f,TURBO,-0.0294625499028029
0x1bfb6731ff80e75bf84bfe40a108723c5eb23d4f,ORDI,-0.0088901910835545
0x1bfb6731ff80e75bf84bfe40a108723c5eb23d4f,ZRO,-0.0195753933035882
0x1bfb6731ff80e75bf84bfe40a108723c5eb23d4f,MNT,-0.0082131399614654
0x1bfb6731ff80e75bf84bfe40a108723c5eb23d4f,LINEA,-0.0093065307344944
0x1bfb6731ff80e75bf84bfe40a108723c5eb23d4f,PYTH,-0.0285877460765767
0x1bfb6731ff80e75bf84bfe40a108723c5eb23d4f,MEME,-0.0144417306408622
0x1bfb6731ff80e75bf84bfe40a108723c5eb23d4f,POL,-0.0095214771804563
0x1bfb6731ff80e75bf84bfe40a108723c5eb23d4f,JTO,-0.0082545226211002
0x1bfb6731ff80e75bf84bfe40a108723c5eb23d4f,WIF,-0.0177733477988975
0x1bfb6731ff80e75bf84bfe40a108723c5eb23d4f,POPCAT,-0.0234795251070906
0x1bfb6731ff80e75bf84bfe40a108723c5eb23d4f,NOT,-0.0173991322400776
0x1bfb6731ff80e75bf84bfe40a108723c5eb23d4f,DYM,-0.017141791368381
0x1bfb6731ff80e75bf84bfe40a108723c5eb23d4f,XAI,-0.0219727109494968
0x1bfb6731ff80e75bf84bfe40a108723c5eb23d4f,ALT,-0.0070589119285747
0x1bfb6731ff80e75bf84bfe40a108723c5eb23d4f,JUP,-0.016000584685051
0x1bfb6731ff80e75bf84bfe40a108723c5eb23d4f,AERO,-0.0035536559459291
0x1bfb6731ff80e75bf84bfe40a108723c5eb23d4f,VIRTUAL,-0.0078210096111232
0x1bfb6731ff80e75bf84bfe40a108723c5eb23d4f,W,-0.0184493769381616
0x1bfb6731ff80e75bf84bfe40a108723c5eb23d4f,BRETT,-0.0359705201439581
0x1bfb6731ff80e75bf84bfe40a108723c5eb23d4f,ETHFI,-0.0211338763889054
0x1bfb6731ff80e75bf84bfe40a108723c5eb23d4f,IO,-0.0311402983438463
0x1bfb6731ff80e75bf84bfe40a108723c5eb23d4f,BOME,-0.0291733837533089
0x1bfb6731ff80e75bf84bfe40a108723c5eb23d4f,sENA,-0.0933526235804212
0x1bfb6731ff80e75bf84bfe40a108723c5eb23d4f,TNSR,-0.0157221135267569
0x1bfb6731ff80e75bf84bfe40a108723c5eb23d4f,EIGEN,-0.013659866568567
0x1bfb6731ff80e75bf84bfe40a108723c5eb23d4f,MON,-0.0119489640011357
0x1bfb6731ff80e75bf84bfe40a108723c5eb23d4f,MERL,-0.0129315182501932
0x1bfb6731ff80e75bf84bfe40a108723c5eb23d4f,REZ,-0.0180375850502501
0x1bfb6731ff80e75bf84bfe40a108723c5eb23d4f,SOPH,-0.0031190791099379
0x1bfb6731ff80e75bf84bfe40a108723c5eb23d4f,HYPE,-0.0302845889164333
0x1bfb6731ff80e75bf84bfe40a108723c5eb23d4f,ME,-0.0168071558715444
0x1bfb6731ff80e75bf84bfe40a108723c5eb23d4f,BABY,-0.0119860542436324
0x1bfb6731ff80e75bf84bfe40a108723c5eb23d4f,MOVE,-0.0429926030700674
0x1bfb6731ff80e75bf84bfe40a108723c5eb23d4f,NEIRO,-0.0293905088121714
0x1bfb6731ff80e75bf84bfe40a108723c5eb23d4f,S,-0.0188915118893311
0x1bfb6731ff80e75bf84bfe40a108723c5eb23d4f,GRASS,-0.0114072569988612
0x1bfb6731ff80e75bf84bfe40a108723c5eb23d4f,SKY,-0.0218609753080389
0x1bfb6731ff80e75bf84bfe40a108723c5eb23d4f,INIT,-0.005667134573429
0x1bfb6731ff80e75bf84bfe40a108723c5eb23d4f,WCT,-0.0068966781455227
0x1bfb6731ff80e75bf84bfe40a108723c5eb23d4f,WLFI,-0.0138618827221803
0x1bfb6731ff80e75bf84bfe40a108723c5eb23d4f,GOAT,-0.018216391297568
0x1bfb6731ff80e75bf84bfe40a108723c5eb23d4f,FARTCOIN,0.0029406784138014
0x1bfb6731ff80e75bf84bfe40a108723c5eb23d4f,PNUT,-0.0160858773109041
0x1bfb6731ff80e75bf84bfe40a108723c5eb23d4f,SYRUP,-0.0198176701495817
0x1bfb6731ff80e75bf84bfe40a108723c5eb23d4f,USUAL,-0.0102591766432038
0x1bfb6731ff80e75bf84bfe40a108723c5eb23d4f,AIXBT,-0.0176601117056098
0x1bfb6731ff80e75bf84bfe40a108723c5eb23d4f,MORPHO,-0.0091466563929277
0x1bfb6731ff80e75bf84bfe40a108723c5eb23d4f,PENGU,-0.0359802379899768
0x1bfb6731ff80e75bf84bfe40a108723c5eb23d4f,GRIFFAIN,-0.0215873406858015
0x1bfb6731ff80e75bf84bfe40a108723c5eb23d4f,BIO,-0.0190649365956728
0x1bfb6731ff80e75bf84bfe40a108723c5eb23d4f,ANIME,-0.0091877933352268
0x1bfb6731ff80e75bf84bfe40a108723c5eb23d4f,TRUMP,0.0057381673832975
0x1bfb6731ff80e75bf84bfe40a108723c5eb23d4f,MELANIA,-0.0485767955783542
0x1bfb6731ff80e75bf84bfe40a108723c5eb23d4f,VINE,-0.0105172302372914
0x1bfb6731ff80e75bf84bfe40a108723c5eb23d4f,LAYER,-0.0205008380323749
0x1bfb6731ff80e75bf84bfe40a108723c5eb23d4f,VVV,-0.0112656045240283
0x1bfb6731ff80e75bf84bfe40a108723c5eb23d4f,IP,-0.0015179842563061
0x1bfb6731ff80e75bf84bfe40a108723c5eb23d4f,NIL,-0.0237443462055044
0x1bfb6731ff80e75bf84bfe40a108723c5eb23d4f,KAITO,-0.0914899469250274
0x1bfb6731ff80e75bf84bfe40a108723c5eb23d4f,ZORA,-0.0329238912602265
0x1bfb6731ff80e75bf84bfe40a108723c5eb23d4f,HYPER,-0.0051264786231772
0x1bfb6731ff80e75bf84bfe40a108723c5eb23d4f,ASTER,-0.0088504179698724
0x1bfb6731ff80e75bf84bfe40a108723c5eb23d4f,PUMP,-0.018307177175339
0x1bfb6731ff80e75bf84bfe40a108723c5eb23d4f,XPL,-0.0115440744948609
0x1bfb6731ff80e75bf84bfe40a108723c5eb23d4f,CC,-0.0325139195141256
0x1bfb6731ff80e75bf84bfe40a108723c5eb23d4f,PROVE,-0.0118927087648127
0x1bfb6731ff80e75bf84bfe40a108723c5eb23d4f,HEMI,-0.0414711782577899
0x1bfb6731ff80e75bf84bfe40a108723c5eb23d4f,AVNT,-0.0175403379626918
0x1bfb6731ff80e75bf84bfe40a108723c5eb23d4f,0G,-0.0156848539893696
0x1bfb6731ff80e75bf84bfe40a108723c5eb23d4f,2Z,-0.0114033989275743
0x1bfb6731ff80e75bf84bfe40a108723c5eb23d4f,LIT,-0.0199257258420238
0x1ddbf0ae77f367e99e38398d9694d8ea86d003f3,SKY,-0.9956871291202342
0x1ddbf0ae77f367e99e38398d9694d8ea86d003f3,TRX,-0.9956871291202342
0x1ddbf0ae77f367e99e38398d9694d8ea86d003f3,XLM,-0.9956871291202342
0x1ddbf0ae77f367e99e38398d9694d8ea86d003f3,XMR,-0.9956871291202342
0x1ddbf0ae77f367e99e38398d9694d8ea86d003f3,XRP,-0.9956871291202342
0x1ddbf0ae77f367e99e38398d9694d8ea86d003f3,ZEC,3.6822044328845975
0x1ddbf0ae77f367e99e38398d9694d8ea86d003f3,BCH,-0.9956871291202342
0x1ddbf0ae77f367e99e38398d9694d8ea86d003f3,BTC,8.93178559825643
0x1ddbf0ae77f367e99e38398d9694d8ea86d003f3,DOGE,-0.4147617826311138
0x1ddbf0ae77f367e99e38398d9694d8ea86d003f3,ETC,-0.4147617826311138
0x1ddbf0ae77f367e99e38398d9694d8ea86d003f3,LTC,-0.9956871291202342
0x1ddbf0ae77f367e99e38398d9694d8ea86d003f3,ETH,0.3348610291830337
0x1ddbf0ae77f367e99e38398d9694d8ea86d003f3,ADA,-0.9956871291202342
0x1ddbf0ae77f367e99e38398d9694d8ea86d003f3,LINK,-0.9956871291202342
0x1ddbf0ae77f367e99e38398d9694d8ea86d003f3,S,-0.9956871291202342
0x1ddbf0ae77f367e99e38398d9694d8ea86d003f3,ATOM,-0.3785182441554351
0x1ddbf0ae77f367e99e38398d9694d8ea86d003f3,SNX,-0.9956871291202342
0x1ddbf0ae77f367e99e38398d9694d8ea86d003f3,RSR,-0.9956871291202342
0x1ddbf0ae77f367e99e38398d9694d8ea86d003f3,ALGO,-0.9956871291202342
0x1ddbf0ae77f367e99e38398d9694d8ea86d003f3,RUNE,-0.9956871291202342
0x1ddbf0ae77f367e99e38398d9694d8ea86d003f3,TRB,-0.9956871291202342
0x1ddbf0ae77f367e99e38398d9694d8ea86d003f3,SOL,0.8102518412923413
0x1ddbf0ae77f367e99e38398d9694d8ea86d003f3,UMA,-0.9956871291202342
0x1ddbf0ae77f367e99e38398d9694d8ea86d003f3,PAXG,-0.9956871291202342
0x1ddbf0ae77f367e99e38398d9694d8ea86d003f3,COMP,-0.9956871291202342
0x1ddbf0ae77f367e99e38398d9694d8ea86d003f3,AVAX,-0.9956871291202342
0x1ddbf0ae77f367e99e38398d9694d8ea86d003f3,SAND,-0.9956871291202342
0x1ddbf0ae77f367e99e38398d9694d8ea86d003f3,CRV,-0.9956871291202342
0x1ddbf0ae77f367e99e38398d9694d8ea86d003f3,LAYER,-0.9956871291202342
0x1ddbf0ae77f367e99e38398d9694d8ea86d003f3,DOT,-0.9956871291202342
0x1ddbf0ae77f367e99e38398d9694d8ea86d003f3,SUSHI,-0.9956871291202342
0x1ddbf0ae77f367e99e38398d9694d8ea86d003f3,UNI,-1.1585904624889427
0x1ddbf0ae77f367e99e38398d9694d8ea86d003f3,AAVE,-0.9956871291202342
0x1ddbf0ae77f367e99e38398d9694d8ea86d003f3,NEAR,-0.9956871291202342
0x1ddbf0ae77f367e99e38398d9694d8ea86d003f3,FIL,-0.9956871291202342
0x1ddbf0ae77f367e99e38398d9694d8ea86d003f3,AXS,-0.9956871291202342
0x1ddbf0ae77f367e99e38398d9694d8ea86d003f3,INJ,-0.9956871291202342
0x1ddbf0ae77f367e99e38398d9694d8ea86d003f3,ZORA,-0.9956871291202342
0x1ddbf0ae77f367e99e38398d9694d8ea86d003f3,CELO,-0.9956871291202342
0x1ddbf0ae77f367e99e38398d9694d8ea86d003f3,LIT,-0.9956871291202342
0x1ddbf0ae77f367e99e38398d9694d8ea86d003f3,SHIB,-0.9956871291202342
0x1ddbf0ae77f367e99e38398d9694d8ea86d003f3,ICP,-0.9956871291202342
0x1ddbf0ae77f367e99e38398d9694d8ea86d003f3,RENDER,-0.9956871291202342
0x1ddbf0ae77f367e99e38398d9694d8ea86d003f3,LDO,-0.9956871291202342
0x1ddbf0ae77f367e99e38398d9694d8ea86d003f3,GALA,-0.9956871291202342
0x1ddbf0ae77f367e99e38398d9694d8ea86d003f3,FET,-0.9956871291202342
0x1ddbf0ae77f367e99e38398d9694d8ea86d003f3,ENS,0.8193561772854995
0x1ddbf0ae77f367e99e38398d9694d8ea86d003f3,IMX,-0.9956871291202342
0x1ddbf0ae77f367e99e38398d9694d8ea86d003f3,PEOPLE,-0.6812061303203455
0x1ddbf0ae77f367e99e38398d9694d8ea86d003f3,GMT,-0.5348986934878803
0x1ddbf0ae77f367e99e38398d9694d8ea86d003f3,FLOKI,-0.9956871291202342
0x1ddbf0ae77f367e99e38398d9694d8ea86d003f3,POL,-0.9956871291202342
0x1ddbf0ae77f367e99e38398d9694d8ea86d003f3,APE,-0.9956871291202342
0x1ddbf0ae77f367e99e38398d9694d8ea86d003f3,GMX,-0.9956871291202342
0x1ddbf0ae77f367e99e38398d9694d8ea86d003f3,BLUR,-0.9956871291202342
0x1ddbf0ae77f367e99e38398d9694d8ea86d003f3,PENDLE,-0.9956871291202342
0x1ddbf0ae77f367e99e38398d9694d8ea86d003f3,MINA,-0.9956871291202342
0x1ddbf0ae77f367e99e38398d9694d8ea86d003f3,LUNC,-0.9956871291202342
0x1ddbf0ae77f367e99e38398d9694d8ea86d003f3,MEME,-0.9956871291202342
0x1ddbf0ae77f367e99e38398d9694d8ea86d003f3,OP,-0.9956871291202342
0x1ddbf0ae77f367e99e38398d9694d8ea86d003f3,ZEN,-0.9956871291202342
0x1ddbf0ae77f367e99e38398d9694d8ea86d003f3,STRK,-0.9956871291202342
0x1ddbf0ae77f367e99e38398d9694d8ea86d003f3,STX,0.8193561772854995
0x1ddbf0ae77f367e99e38398d9694d8ea86d003f3,CFX,-0.9956871291202342
0x1ddbf0ae77f367e99e38398d9694d8ea86d003f3,CAKE,-0.9956871291202342
0x1ddbf0ae77f367e99e38398d9694d8ea86d003f3,DASH,-0.9956871291202342
0x1ddbf0ae77f367e99e38398d9694d8ea86d003f3,BSV,-0.9956871291202342
0x1ddbf0ae77f367e99e38398d9694d8ea86d003f3,AR,-0.9956871291202342
0x1ddbf0ae77f367e99e38398d9694d8ea86d003f3,APT,0.656452843916791
0x1ddbf0ae77f367e99e38398d9694d8ea86d003f3,ALT,-1.1585904624889427
0x1ddbf0ae77f367e99e38398d9694d8ea86d003f3,BNB,-0.9956871291202342
0x1ddbf0ae77f367e99e38398d9694d8ea86d003f3,BONK,-0.9956871291202342
0x1ddbf0ae77f367e99e38398d9694d8ea86d003f3,BABY,-0.9956871291202342
0x1ddbf0ae77f367e99e38398d9694d8ea86d003f3,HBAR,-0.9956871291202342
0x1ddbf0ae77f367e99e38398d9694d8ea86d003f3,KAS,-0.9956871291202342
0x1ddbf0ae77f367e99e38398d9694d8ea86d003f3,PEPE,-0.9956871291202342
0x1ddbf0ae77f367e99e38398d9694d8ea86d003f3,ORDI,-0.9956871291202342
0x1ddbf0ae77f367e99e38398d9694d8ea86d003f3,SUI,-0.9956871291202342
0x1ddbf0ae77f367e99e38398d9694d8ea86d003f3,MNT,-0.9956871291202342
0x1ddbf0ae77f367e99e38398d9694d8ea86d003f3,IOTA,-0.9956871291202342
0x1ddbf0ae77f367e99e38398d9694d8ea86d003f3,TURBO,-0.9956871291202342
0x1ddbf0ae77f367e99e38398d9694d8ea86d003f3,TIA,-0.9956871291202342
0x1ddbf0ae77f367e99e38398d9694d8ea86d003f3,SEI,-0.9956871291202342
0x1ddbf0ae77f367e99e38398d9694d8ea86d003f3,TAO,-0.9956871291202342
0x1ddbf0ae77f367e99e38398d9694d8ea86d003f3,JTO,-0.9956871291202342
0x1ddbf0ae77f367e99e38398d9694d8ea86d003f3,PYTH,-0.9956871291202342
0x1ddbf0ae77f367e99e38398d9694d8ea86d003f3,MANTA,-0.9956871291202342
0x1ddbf0ae77f367e99e38398d9694d8ea86d003f3,ONDO,-0.9956871291202342
0x1ddbf0ae77f367e99e38398d9694d8ea86d003f3,WIF,-0.9956871291202342
0x1ddbf0ae77f367e99e38398d9694d8ea86d003f3,XAI,-0.9956871291202342
0x1ddbf0ae77f367e99e38398d9694d8ea86d003f3,ZETA,-0.9956871291202342
0x1ddbf0ae77f367e99e38398d9694d8ea86d003f3,JUP,-0.9956871291202342
0x1ddbf0ae77f367e99e38398d9694d8ea86d003f3,DYM,-0.9956871291202342
0x1ddbf0ae77f367e99e38398d9694d8ea86d003f3,TRUMP,5.497247739290332
0x1ddbf0ae77f367e99e38398d9694d8ea86d003f3,APEX,-0.9956871291202342
0x1ddbf0ae77f367e99e38398d9694d8ea86d003f3,ARB,-1.1585904624889427
0x1ddbf0ae77f367e99e38398d9694d8ea86d003f3,BOME,-0.0060795657760428
0x1ddbf0ae77f367e99e38398d9694d8ea86d003f3,HYPER,-0.9956871291202342
0x1ddbf0ae77f367e99e38398d9694d8ea86d003f3,ETHFI,-1.2575704903591711
0x1ddbf0ae77f367e99e38398d9694d8ea86d003f3,BRETT,-0.9956871291202342
0x1ddbf0ae77f367e99e38398d9694d8ea86d003f3,W,-0.9956871291202342
0x1ddbf0ae77f367e99e38398d9694d8ea86d003f3,GOAT,-0.9956871291202342
0x1ddbf0ae77f367e99e38398d9694d8ea86d003f3,POPCAT,-0.9956871291202342
0x1ddbf0ae77f367e99e38398d9694d8ea86d003f3,MERL,-0.9956871291202342
0x1ddbf0ae77f367e99e38398d9694d8ea86d003f3,ZK,-0.9956871291202342
0x1ddbf0ae77f367e99e38398d9694d8ea86d003f3,TNSR,-0.9956871291202342
0x1ddbf0ae77f367e99e38398d9694d8ea86d003f3,AERO,-0.9956871291202342
0x1ddbf0ae77f367e99e38398d9694d8ea86d003f3,REZ,-0.9956871291202342
0x1ddbf0ae77f367e99e38398d9694d8ea86d003f3,NOT,-0.9956871291202342
0x1ddbf0ae77f367e99e38398d9694d8ea86d003f3,MON,-0.9956871291202342
0x1ddbf0ae77f367e99e38398d9694d8ea86d003f3,VIRTUAL,-0.9956871291202342
0x1ddbf0ae77f367e99e38398d9694d8ea86d003f3,IO,-0.9956871291202342
0x1ddbf0ae77f367e99e38398d9694d8ea86d003f3,ZRO,-0.9956871291202342
0x1ddbf0ae77f367e99e38398d9694d8ea86d003f3,WLD,-0.9956871291202342
0x1ddbf0ae77f367e99e38398d9694d8ea86d003f3,NEIRO,-0.9956871291202342
0x1ddbf0ae77f367e99e38398d9694d8ea86d003f3,EIGEN,-0.9956871291202342
0x1ddbf0ae77f367e99e38398d9694d8ea86d003f3,MOVE,-0.9956871291202342
0x1ddbf0ae77f367e99e38398d9694d8ea86d003f3,FARTCOIN,-0.9956871291202342
0x1ddbf0ae77f367e99e38398d9694d8ea86d003f3,GRASS,-0.9956871291202342
0x1ddbf0ae77f367e99e38398d9694d8ea86d003f3,PNUT,-0.9956871291202342
0x1ddbf0ae77f367e99e38398d9694d8ea86d003f3,USUAL,-0.9956871291202342
0x1ddbf0ae77f367e99e38398d9694d8ea86d003f3,MORPHO,-0.9956871291202342
0x1ddbf0ae77f367e99e38398d9694d8ea86d003f3,AIXBT,-0.9956871291202342
0x1ddbf0ae77f367e99e38398d9694d8ea86d003f3,HYPE,-0.9956871291202342
0x1ddbf0ae77f367e99e38398d9694d8ea86d003f3,ME,-0.9956871291202342
0x1ddbf0ae77f367e99e38398d9694d8ea86d003f3,PENGU,-0.9956871291202342
0x1ddbf0ae77f367e99e38398d9694d8ea86d003f3,sENA,-0.6812061303203455
0x1ddbf0ae77f367e99e38398d9694d8ea86d003f3,BIO,-1.1585904624889427
0x1ddbf0ae77f367e99e38398d9694d8ea86d003f3,GRIFFAIN,-0.9956871291202342
0x1ddbf0ae77f367e99e38398d9694d8ea86d003f3,MELANIA,-0.9956871291202342
0x1ddbf0ae77f367e99e38398d9694d8ea86d003f3,VINE,-0.9956871291202342
0x1ddbf0ae77f367e99e38398d9694d8ea86d003f3,ANIME,-1.1585904624889427
0x1ddbf0ae77f367e99e38398d9694d8ea86d003f3,VVV,-0.9956871291202342
0x1ddbf0ae77f367e99e38398d9694d8ea86d003f3,SYRUP,-0.9956871291202342
0x1ddbf0ae77f367e99e38398d9694d8ea86d003f3,BERA,-0.9956871291202342
0x1ddbf0ae77f367e99e38398d9694d8ea86d003f3,IP,-1.1585904624889427
0x1ddbf0ae77f367e99e38398d9694d8ea86d003f3,KAITO,-0.9956871291202342
0x1ddbf0ae77f367e99e38398d9694d8ea86d003f3,NIL,-0.9956871291202342
0x1ddbf0ae77f367e99e38398d9694d8ea86d003f3,WCT,-0.9956871291202342
0x1ddbf0ae77f367e99e38398d9694d8ea86d003f3,PUMP,-0.0060795657760428
0x1ddbf0ae77f367e99e38398d9694d8ea86d003f3,INIT,-0.9956871291202342
0x1ddbf0ae77f367e99e38398d9694d8ea86d003f3,SOPH,-0.9956871291202342
0x1ddbf0ae77f367e99e38398d9694d8ea86d003f3,PROVE,-0.9956871291202342
0x1ddbf0ae77f367e99e38398d9694d8ea86d003f3,WLFI,-0.9956871291202342
0x1ddbf0ae77f367e99e38398d9694d8ea86d003f3,0G,-0.9956871291202342
0x1ddbf0ae77f367e99e38398d9694d8ea86d003f3,AVNT,-0.9956871291202342
0x1ddbf0ae77f367e99e38398d9694d8ea86d003f3,ASTER,-0.9956871291202342
0x1ddbf0ae77f367e99e38398d9694d8ea86d003f3,LINEA,-0.9956871291202342
0x1ddbf0ae77f367e99e38398d9694d8ea86d003f3,HEMI,-1.5055279326643056
0x1ddbf0ae77f367e99e38398d9694d8ea86d003f3,XPL,-0.9956871291202342
0x1ddbf0ae77f367e99e38398d9694d8ea86d003f3,2Z,-0.9956871291202342
0x1ddbf0ae77f367e99e38398d9694d8ea86d003f3,CC,-0.9956871291202342
0x1e2e7903fb871f38362a8760871d1648eaa12536,AAVE,-0.025
0x1e2e7903fb871f38362a8760871d1648eaa12536,ADA,-0.025
0x1e2e7903fb871f38362a8760871d1648eaa12536,ALGO,-0.025
0x1e2e7903fb871f38362a8760871d1648eaa12536,APE,-0.025
0x1e2e7903fb871f38362a8760871d1648eaa12536,APT,-0.025
0x1e2e7903fb871f38362a8760871d1648eaa12536,ATOM,-0.025
0x1e2e7903fb871f38362a8760871d1648eaa12536,BLUR,-0.025
0x1e2e7903fb871f38362a8760871d1648eaa12536,CRV,-0.025
0x1e2e7903fb871f38362a8760871d1648eaa12536,ETC,-0.025
0x1e2e7903fb871f38362a8760871d1648eaa12536,FIL,-0.025
0x1e2e7903fb871f38362a8760871d1648eaa12536,PENDLE,-0.025
0x1e2e7903fb871f38362a8760871d1648eaa12536,PYTH,-0.025
0x1e2e7903fb871f38362a8760871d1648eaa12536,OP,-0.025
0x1e2e7903fb871f38362a8760871d1648eaa12536,LDO,-0.025
0x1e2e7903fb871f38362a8760871d1648eaa12536,INJ,-0.025
0x1e2e7903fb871f38362a8760871d1648eaa12536,ICP,-0.025
0x1e2e7903fb871f38362a8760871d1648eaa12536,XMR,-0.025
0x1e2e7903fb871f38362a8760871d1648eaa12536,UNI,-0.025
0x1e2e7903fb871f38362a8760871d1648eaa12536,SUSHI,-0.025
0x1e2e7903fb871f38362a8760871d1648eaa12536,SUI,-0.025
0x1e2e7903fb871f38362a8760871d1648eaa12536,CAKE,0.0
0x1e2e7903fb871f38362a8760871d1648eaa12536,BTC,0.0
0x1e2e7903fb871f38362a8760871d1648eaa12536,S,0.0
0x1e2e7903fb871f38362a8760871d1648eaa12536,AXS,0.0
0x1e2e7903fb871f38362a8760871d1648eaa12536,BNB,0.0
0x1e2e7903fb871f38362a8760871d1648eaa12536,DOT,0.0
0x1e2e7903fb871f38362a8760871d1648eaa12536,RENDER,0.0
0x1e2e7903fb871f38362a8760871d1648eaa12536,FET,0.0
0x1e2e7903fb871f38362a8760871d1648eaa12536,POL,0.0
0x1e2e7903fb871f38362a8760871d1648eaa12536,NEAR,0.0
0x1e2e7903fb871f38362a8760871d1648eaa12536,IMX,0.0
0x1e2e7903fb871f38362a8760871d1648eaa12536,SHIB,0.0
0x1e2e7903fb871f38362a8760871d1648eaa12536,PEPE,0.0
0x1e2e7903fb871f38362a8760871d1648eaa12536,XLM,0.0
0x1e2e7903fb871f38362a8760871d1648eaa12536,BONK,0.0
0x1e2e7903fb871f38362a8760871d1648eaa12536,BCH,0.0
0x1e2e7903fb871f38362a8760871d1648eaa12536,AVAX,0.0
0x1e2e7903fb871f38362a8760871d1648eaa12536,XRP,0.0
0x1e2e7903fb871f38362a8760871d1648eaa12536,TIA,0.0
0x1e2e7903fb871f38362a8760871d1648eaa12536,DOGE,0.0625
0x1e2e7903fb871f38362a8760871d1648eaa12536,ETH,0.0625
0x1e2e7903fb871f38362a8760871d1648eaa12536,COMP,0.0625
0x1e2e7903fb871f38362a8760871d1648eaa12536,SOL,0.0625
0x1e2e7903fb871f38362a8760871d1648eaa12536,RUNE,0.0625
0x1e2e7903fb871f38362a8760871d1648eaa12536,LINK,0.0625
0x1e2e7903fb871f38362a8760871d1648eaa12536,LTC,0.0625
0x1e2e7903fb871f38362a8760871d1648eaa12536,TRX,0.0625
0x2b23c36232eac432433a919aedd9a169031661c2,BTC,0.0010185402
0x2b23c36232eac432433a919aedd9a169031661c2,LTC,0.018180935
0x2b23c36232eac432433a919aedd9a169031661c2,XRP,-0.019869864
0x2b23c36232eac432433a919aedd9a169031661c2,DOGE,-0.0183047
0x2b23c36232eac432433a919aedd9a169031661c2,DASH,0.0021059944
0x2b23c36232eac432433a919aedd9a169031661c2,XMR,-0.0075208833
0x2b23c36232eac432433a919aedd9a169031661c2,XLM,-0.0063535837
0x2b23c36232eac432433a919aedd9a169031661c2,ETH,-0.0040536765
0x2b23c36232eac432433a919aedd9a169031661c2,ETC,-0.0034799282
0x2b23c36232eac432433a919aedd9a169031661c2,ZEC,-0.0005760506
0x2b23c36232eac432433a919aedd9a169031661c2,ZEN,-0.015885547
0x2b23c36232eac432433a919aedd9a169031661c2,IOTA,-0.007708352
0x2b23c36232eac432433a919aedd9a169031661c2,BCH,0.0062460504
0x2b23c36232eac432433a919aedd9a169031661c2,BNB,0.02161467
0x2b23c36232eac432433a919aedd9a169031661c2,TRX,0.007309531
0x2b23c36232eac432433a919aedd9a169031661c2,LINK,0.022689005
0x2b23c36232eac432433a919aedd9a169031661c2,ADA,0.0010607237
0x2b23c36232eac432433a919aedd9a169031661c2,FIL,0.007874649
0x2b23c36232eac432433a919aedd9a169031661c2,SNX,-0.0034564068
0x2b23c36232eac432433a919aedd9a169031661c2,BSV,0.011035412
0x2b23c36232eac432433a919aedd9a169031661c2,FET,-0.00015072104
0x2b23c36232eac432433a919aedd9a169031661c2,ATOM,0.00007853105
0x2b23c36232eac432433a919aedd9a169031661c2,RSR,-0.0035411876
0x2b23c36232eac432433a919aedd9a169031661c2,ALGO,0.006561591
0x2b23c36232eac432433a919aedd9a169031661c2,RUNE,-0.0013779163
0x2b23c36232eac432433a919aedd9a169031661c2,LUNC,0.0008796448
0x2b23c36232eac432433a919aedd9a169031661c2,HBAR,-0.013511298
0x2b23c36232eac432433a919aedd9a169031661c2,PAXG,0.009254787
0x2b23c36232eac432433a919aedd9a169031661c2,STX,-0.0933007
0x2b23c36232eac432433a919aedd9a169031661c2,TRB,-0.00004770061
0x2b23c36232eac432433a919aedd9a169031661c2,SOL,0.0016688324
0x2b23c36232eac432433a919aedd9a169031661c2,CELO,-0.009766992
0x2b23c36232eac432433a919aedd9a169031661c2,UMA,-0.0002739894
0x2b23c36232eac432433a919aedd9a169031661c2,AR,-0.010718483
0x2b23c36232eac432433a919aedd9a169031661c2,RENDER,-0.008496995
0x2b23c36232eac432433a919aedd9a169031661c2,COMP,-0.01408223
0x2b23c36232eac432433a919aedd9a169031661c2,AVAX,-0.0029613443
0x2b23c36232eac432433a919aedd9a169031661c2,SHIB,-0.016052738
0x2b23c36232eac432433a919aedd9a169031661c2,SAND,-0.0047901217
0x2b23c36232eac432433a919aedd9a169031661c2,NEAR,-0.0016166623
0x2b23c36232eac432433a919aedd9a169031661c2,CRV,-0.007348211
0x2b23c36232eac432433a919aedd9a169031661c2,DOT,0.008613322
0x2b23c36232eac432433a919aedd9a169031661c2,SUSHI,-0.00018332321
0x2b23c36232eac432433a919aedd9a169031661c2,AXS,0.0025067194
0x2b23c36232eac432433a919aedd9a169031661c2,GALA,-0.0153419655
0x2b23c36232eac432433a919aedd9a169031661c2,UNI,-0.018618409
0x2b23c36232eac432433a919aedd9a169031661c2,CAKE,0.0069713653
0x2b23c36232eac432433a919aedd9a169031661c2,INJ,-0.018801017
0x2b23c36232eac432433a919aedd9a169031661c2,AAVE,-0.015802667
0x2b23c36232eac432433a919aedd9a169031661c2,CFX,-0.004338908
0x2b23c36232eac432433a919aedd9a169031661c2,LDO,0.000014424006
0x2b23c36232eac432433a919aedd9a169031661c2,MINA,-0.011190418
0x2b23c36232eac432433a919aedd9a169031661c2,ICP,-0.004373725
0x2b23c36232eac432433a919aedd9a169031661c2,PENDLE,-0.009525412
0x2b23c36232eac432433a919aedd9a169031661c2,IMX,-0.007824356
0x2b23c36232eac432433a919aedd9a169031661c2,FLOKI,-0.004601631
0x2b23c36232eac432433a919aedd9a169031661c2,OP,-0.012354397
0x2b23c36232eac432433a919aedd9a169031661c2,ARB,-0.047597554
0x2b23c36232eac432433a919aedd9a169031661c2,GMX,-0.0006312525
0x2b23c36232eac432433a919aedd9a169031661c2,WLD,-0.00522994
0x2b23c36232eac432433a919aedd9a169031661c2,MANTA,-0.00044062614
0x2b23c36232eac432433a919aedd9a169031661c2,ENS,-0.014202968
0x2b23c36232eac432433a919aedd9a169031661c2,PEOPLE,-0.025780482
0x2b23c36232eac432433a919aedd9a169031661c2,GMT,0.0035320045
0x2b23c36232eac432433a919aedd9a169031661c2,APE,-0.0011057454
0x2b23c36232eac432433a919aedd9a169031661c2,APEX,-0.029778132
0x2b23c36232eac432433a919aedd9a169031661c2,KAS,-0.0008069237
0x2b23c36232eac432433a919aedd9a169031661c2,SUI,-0.010502346
0x2b23c36232eac432433a919aedd9a169031661c2,ONDO,-0.012401027
0x2b23c36232eac432433a919aedd9a169031661c2,ZETA,-0.0043204795
0x2b23c36232eac432433a919aedd9a169031661c2,APT,-0.00619438
0x2b23c36232eac432433a919aedd9a169031661c2,STRK,-0.0024777383
0x2b23c36232eac432433a919aedd9a169031661c2,TIA,0.00002427633
0x2b23c36232eac432433a919aedd9a169031661c2,TAO,-0.023520734
0x2b23c36232eac432433a919aedd9a169031661c2,BONK,-0.0035176834
0x2b23c36232eac432433a919aedd9a169031661c2,BLUR,-0.024200493
0x2b23c36232eac432433a919aedd9a169031661c2,SEI,-0.004656357
0x2b23c36232eac432433a919aedd9a169031661c2,ZK,-0.0060694567
0x2b23c36232eac432433a919aedd9a169031661c2,PEPE,-0.05043456
0x2b23c36232eac432433a919aedd9a169031661c2,BERA,-0.00003907029
0x2b23c36232eac432433a919aedd9a169031661c2,TURBO,-0.0044700345
0x2b23c36232eac432433a919aedd9a169031661c2,ORDI,0.001337581
0x2b23c36232eac432433a919aedd9a169031661c2,ZRO,-0.023485364
0x2b23c36232eac432433a919aedd9a169031661c2,MNT,-0.007865739
0x2b23c36232eac432433a919aedd9a169031661c2,LINEA,0.0001002864
0x2b23c36232eac432433a919aedd9a169031661c2,PYTH,0.0010615047
0x2b23c36232eac432433a919aedd9a169031661c2,MEME,-0.016252385
0x2b23c36232eac432433a919aedd9a169031661c2,POL,-0.027218685
0x2b23c36232eac432433a919aedd9a169031661c2,JTO,-0.0056534815
0x2b23c36232eac432433a919aedd9a169031661c2,WIF,-0.0051830467
0x2b23c36232eac432433a919aedd9a169031661c2,POPCAT,0.00038637093
0x2b23c36232eac432433a919aedd9a169031661c2,NOT,-0.00037393312
0x2b23c36232eac432433a919aedd9a169031661c2,DYM,-0.0026249688
0x2b23c36232eac432433a919aedd9a169031661c2,XAI,-0.007584985
0x2b23c36232eac432433a919aedd9a169031661c2,ALT,-0.009331707
0x2b23c36232eac432433a919aedd9a169031661c2,JUP,-0.003465711
0x2b23c36232eac432433a919aedd9a169031661c2,AERO,0.005426094
0x2b23c36232eac432433a919aedd9a169031661c2,VIRTUAL,-0.019233
0x2b23c36232eac432433a919aedd9a169031661c2,W,-0.010561595
0x2b23c36232eac432433a919aedd9a169031661c2,BRETT,-0.037945773
0x2b23c36232eac432433a919aedd9a169031661c2,ETHFI,-0.00747035
0x2b23c36232eac432433a919aedd9a169031661c2,IO,-0.012680182
0x2b23c36232eac432433a919aedd9a169031661c2,BOME,-0.00061205943
0x2b23c36232eac432433a919aedd9a169031661c2,sENA,-0.055354
0x2b23c36232eac432433a919aedd9a169031661c2,TNSR,-0.008680637
0x2b23c36232eac432433a919aedd9a169031661c2,EIGEN,-0.0073777996
0x2b23c36232eac432433a919aedd9a169031661c2,MON,-0.01567527
0x2b23c36232eac432433a919aedd9a169031661c2,MERL,0.0008642801
0x2b23c36232eac432433a919aedd9a169031661c2,REZ,-0.007963946
0x2b23c36232eac432433a919aedd9a169031661c2,SOPH,-0.00003664875
0x2b23c36232eac432433a919aedd9a169031661c2,HYPE,-0.041814115
0x2b23c36232eac432433a919aedd9a169031661c2,ME,-0.0034386846
0x2b23c36232eac432433a919aedd9a169031661c2,BABY,-0.0018803581
0x2b23c36232eac432433a919aedd9a169031661c2,MOVE,-0.0066612805
0x2b23c36232eac432433a919aedd9a169031661c2,NEIRO,-0.023868028
0x2b23c36232eac432433a919aedd9a169031661c2,S,-0.027697295
0x2b23c36232eac432433a919aedd9a169031661c2,GRASS,0.00016413035
0x2b23c36232eac432433a919aedd9a169031661c2,SKY,-0.00026687837
0x2b23c36232eac432433a919aedd9a169031661c2,INIT,0.00027603348
0x2b23c36232eac432433a919aedd9a169031661c2,WCT,-0.0075639207
0x2b23c36232eac432433a919aedd9a169031661c2,WLFI,0.00045695168
0x2b23c36232eac432433a919aedd9a169031661c2,GOAT,-0.007996316
0x2b23c36232eac432433a919aedd9a169031661c2,FARTCOIN,0.016844409
0x2b23c36232eac432433a919aedd9a169031661c2,PNUT,-0.0037923378
0x2b23c36232eac432433a919aedd9a169031661c2,SYRUP,-0.00500513
0x2b23c36232eac432433a919aedd9a169031661c2,USUAL,-0.009874463
0x2b23c36232eac432433a919aedd9a169031661c2,AIXBT,-0.0087471455
0x2b23c36232eac432433a919aedd9a169031661c2,MORPHO,0.010575142
0x2b23c36232eac432433a919aedd9a169031661c2,PENGU,-0.015872393
0x2b23c36232eac432433a919aedd9a169031661c2,GRIFFAIN,0.0066459365
0x2b23c36232eac432433a919aedd9a169031661c2,BIO,-0.029812347
0x2b23c36232eac432433a919aedd9a169031661c2,ANIME,0.00030234866
0x2b23c36232eac432433a919aedd9a169031661c2,TRUMP,0.0022552756
0x2b23c36232eac432433a919aedd9a169031661c2,MELANIA,-0.006732129
0x2b23c36232eac432433a919aedd9a169031661c2,VINE,-0.004127387
0x2b23c36232eac432433a919aedd9a169031661c2,LAYER,-0.013814862
0x2b23c36232eac432433a919aedd9a169031661c2,VVV,-0.01018445
0x2b23c36232eac432433a919aedd9a169031661c2,IP,0.0043018563
0x2b23c36232eac432433a919aedd9a169031661c2,NIL,-0.0034118362
0x2b23c36232eac432433a919aedd9a169031661c2,KAITO,-0.06686907
0x2b23c36232eac432433a919aedd9a169031661c2,ZORA,-0.02876831
0x2b23c36232eac432433a919aedd9a169031661c2,HYPER,-0.00048020866
0x2b23c36232eac432433a919aedd9a169031661c2,ASTER,-0.0008034203
0x2b23c36232eac432433a919aedd9a169031661c2,PUMP,-0.027337618
0x2b23c36232eac432433a919aedd9a169031661c2,XPL,-0.023135297
0x2b23c36232eac432433a919aedd9a169031661c2,CC,-0.039164864
0x2b23c36232eac432433a919aedd9a169031661c2,PROVE,0.0017688992
0x2b23c36232eac432433a919aedd9a169031661c2,HEMI,-0.043503027
0x2b23c36232eac432433a919aedd9a169031661c2,AVNT,-0.009156714
0x2b23c36232eac432433a919aedd9a169031661c2,0G,-0.009271313
0x2b23c36232eac432433a919aedd9a169031661c2,2Z,-0.004254763
0x2b23c36232eac432433a919aedd9a169031661c2,LIT,-0.0035043594
0x3e04d3e08ea54c34f721ac007107fe7a4bd957d5,BTC,-0.013817146
0x3e04d3e08ea54c34f721ac007107fe7a4bd957d5,LTC,0.025592327
0x3e04d3e08ea54c34f721ac007107fe7a4bd957d5,XRP,-0.03313368
0x3e04d3e08ea54c34f721ac007107fe7a4bd957d5,DOGE,-0.0076919366
0x3e04d3e08ea54c34f721ac007107fe7a4bd957d5,DASH,-0.024563696
0x3e04d3e08ea54c34f721ac007107fe7a4bd957d5,XMR,-0.0008004864
0x3e04d3e08ea54c34f721ac007107fe7a4bd957d5,XLM,-0.0075289435
0x3e04d3e08ea54c34f721ac007107fe7a4bd957d5,ETH,-0.022124398
0x3e04d3e08ea54c34f721ac007107fe7a4bd957d5,ETC,0.0013243726
0x3e04d3e08ea54c34f721ac007107fe7a4bd957d5,ZEC,0.00780826
0x3e04d3e08ea54c34f721ac007107fe7a4bd957d5,ZEN,-0.016634308
0x3e04d3e08ea54c34f721ac007107fe7a4bd957d5,IOTA,-0.013935622
0x3e04d3e08ea54c34f721ac007107fe7a4bd957d5,BCH,0.00074060494
0x3e04d3e08ea54c34f721ac007107fe7a4bd957d5,BNB,0.00090442447
0x3e04d3e08ea54c34f721ac007107fe7a4bd957d5,TRX,-0.007046599
0x3e04d3e08ea54c34f721ac007107fe7a4bd957d5,LINK,-0.0025910914
0x3e04d3e08ea54c34f721ac007107fe7a4bd957d5,ADA,0.0119232405
0x3e04d3e08ea54c34f721ac007107fe7a4bd957d5,FIL,0.004112057
0x3e04d3e08ea54c34f721ac007107fe7a4bd957d5,SNX,0.0013135016
0x3e04d3e08ea54c34f721ac007107fe7a4bd957d5,BSV,0.0013931636
0x3e04d3e08ea54c34f721ac007107fe7a4bd957d5,FET,-0.0033651048
0x3e04d3e08ea54c34f721ac007107fe7a4bd957d5,ATOM,0.00086334656
0x3e04d3e08ea54c34f721ac007107fe7a4bd957d5,RSR,-0.011911285
0x3e04d3e08ea54c34f721ac007107fe7a4bd957d5,ALGO,-0.005272091
0x3e04d3e08ea54c34f721ac007107fe7a4bd957d5,RUNE,-0.007327765
0x3e04d3e08ea54c34f721ac007107fe7a4bd957d5,LUNC,0.000055964345
0x3e04d3e08ea54c34f721ac007107fe7a4bd957d5,HBAR,-0.006078281
0x3e04d3e08ea54c34f721ac007107fe7a4bd957d5,PAXG,-0.0000037314194
0x3e04d3e08ea54c34f721ac007107fe7a4bd957d5,STX,-0.103168204
0x3e04d3e08ea54c34f721ac007107fe7a4bd957d5,TRB,-0.012903603
0x3e04d3e08ea54c34f721ac007107fe7a4bd957d5,SOL,0.019407714
0x3e04d3e08ea54c34f721ac007107fe7a4bd957d5,CELO,-0.006397636
0x3e04d3e08ea54c34f721ac007107fe7a4bd957d5,UMA,-0.0061279642
0x3e04d3e08ea54c34f721ac007107fe7a4bd957d5,AR,0.00003505272
0x3e04d3e08ea54c34f721ac007107fe7a4bd957d5,RENDER,0.00094065844
0x3e04d3e08ea54c34f721ac007107fe7a4bd957d5,COMP,-0.0052915714
0x3e04d3e08ea54c34f721ac007107fe7a4bd957d5,AVAX,-0.0009796058
0x3e04d3e08ea54c34f721ac007107fe7a4bd957d5,SHIB,-0.011673815
0x3e04d3e08ea54c34f721ac007107fe7a4bd957d5,SAND,-0.00014285378
0x3e04d3e08ea54c34f721ac007107fe7a4bd957d5,NEAR,-0.0005466584
0x3e04d3e08ea54c34f721ac007107fe7a4bd957d5,CRV,-0.019006468
0x3e04d3e08ea54c34f721ac007107fe7a4bd957d5,DOT,0.00024951893
0x3e04d3e08ea54c34f721ac007107fe7a4bd957d5,SUSHI,-0.0024257717
0x3e04d3e08ea54c34f721ac007107fe7a4bd957d5,AXS,0.0004351313
0x3e04d3e08ea54c34f721ac007107fe7a4bd957d5,GALA,-0.016144706
0x3e04d3e08ea54c34f721ac007107fe7a4bd957d5,UNI,-0.0046166554
0x3e04d3e08ea54c34f721ac007107fe7a4bd957d5,CAKE,0.007084594
0x3e04d3e08ea54c34f721ac007107fe7a4bd957d5,INJ,-0.019264052
0x3e04d3e08ea54c34f721ac007107fe7a4bd957d5,AAVE,-0.016270773
0x3e04d3e08ea54c34f721ac007107fe7a4bd957d5,CFX,-0.0034067037
0x3e04d3e08ea54c34f721ac007107fe7a4bd957d5,LDO,-0.002641519
0x3e04d3e08ea54c34f721ac007107fe7a4bd957d5,MINA,-0.012252013
0x3e04d3e08ea54c34f721ac007107fe7a4bd957d5,ICP,0.00038373034
0x3e04d3e08ea54c34f721ac007107fe7a4bd957d5,PENDLE,-0.016038341
0x3e04d3e08ea54c34f721ac007107fe7a4bd957d5,IMX,-0.012049645
0x3e04d3e08ea54c34f721ac007107fe7a4bd957d5,FLOKI,-0.010126261
0x3e04d3e08ea54c34f721ac007107fe7a4bd957d5,OP,-0.016479207
0x3e04d3e08ea54c34f721ac007107fe7a4bd957d5,ARB,-0.012219105
0x3e04d3e08ea54c34f721ac007107fe7a4bd957d5,GMX,-0.00941211
0x3e04d3e08ea54c34f721ac007107fe7a4bd957d5,WLD,-0.010962523
0x3e04d3e08ea54c34f721ac007107fe7a4bd957d5,MANTA,0.0009156427
0x3e04d3e08ea54c34f721ac007107fe7a4bd957d5,ENS,-0.01267331
0x3e04d3e08ea54c34f721ac007107fe7a4bd957d5,PEOPLE,-0.02223492
0x3e04d3e08ea54c34f721ac007107fe7a4bd957d5,GMT,-0.00526388
0x3e04d3e08ea54c34f721ac007107fe7a4bd957d5,APE,0.004562193
0x3e04d3e08ea54c34f721ac007107fe7a4bd957d5,APEX,-0.026642082
0x3e04d3e08ea54c34f721ac007107fe7a4bd957d5,KAS,-0.0005076725
0x3e04d3e08ea54c34f721ac007107fe7a4bd957d5,SUI,-0.008724987
0x3e04d3e08ea54c34f721ac007107fe7a4bd957d5,ONDO,0.0013511452
0x3e04d3e08ea54c34f721ac007107fe7a4bd957d5,ZETA,-0.00038688403
0x3e04d3e08ea54c34f721ac007107fe7a4bd957d5,APT,-0.00015224068
0x3e04d3e08ea54c34f721ac007107fe7a4bd957d5,STRK,-0.0035234496
0x3e04d3e08ea54c34f721ac007107fe7a4bd957d5,TIA,-0.00022970627
0x3e04d3e08ea54c34f721ac007107fe7a4bd957d5,TAO,-0.0031575672
0x3e04d3e08ea54c34f721ac007107fe7a4bd957d5,BONK,-0.0031817763
0x3e04d3e08ea54c34f721ac007107fe7a4bd957d5,BLUR,-0.0034856903
0x3e04d3e08ea54c34f721ac007107fe7a4bd957d5,SEI,-0.00070430076
0x3e04d3e08ea54c34f721ac007107fe7a4bd957d5,ZK,-0.0034718774
0x3e04d3e08ea54c34f721ac007107fe7a4bd957d5,PEPE,-0.028513845
0x3e04d3e08ea54c34f721ac007107fe7a4bd957d5,BERA,0.0002811026
0x3e04d3e08ea54c34f721ac007107fe7a4bd957d5,TURBO,-0.011722114
0x3e04d3e08ea54c34f721ac007107fe7a4bd957d5,ORDI,-0.003952525
0x3e04d3e08ea54c34f721ac007107fe7a4bd957d5,ZRO,-0.021752886
0x3e04d3e08ea54c34f721ac007107fe7a4bd957d5,MNT,-0.0067019206
0x3e04d3e08ea54c34f721ac007107fe7a4bd957d5,LINEA,0.0008686818
0x3e04d3e08ea54c34f721ac007107fe7a4bd957d5,PYTH,-0.0061927876
0x3e04d3e08ea54c34f721ac007107fe7a4bd957d5,MEME,-0.0057668122
0x3e04d3e08ea54c34f721ac007107fe7a4bd957d5,POL,-0.01161655
0x3e04d3e08ea54c34f721ac007107fe7a4bd957d5,JTO,0.000088019624
0x3e04d3e08ea54c34f721ac007107fe7a4bd957d5,WIF,-0.02643123
0x3e04d3e08ea54c34f721ac007107fe7a4bd957d5,POPCAT,-0.0062101916
0x3e04d3e08ea54c34f721ac007107fe7a4bd957d5,NOT,0.00001585297
0x3e04d3e08ea54c34f721ac007107fe7a4bd957d5,DYM,0.00040183155
0x3e04d3e08ea54c34f721ac007107fe7a4bd957d5,XAI,-0.0027884135
0x3e04d3e08ea54c34f721ac007107fe7a4bd957d5,ALT,0.0036443195
0x3e04d3e08ea54c34f721ac007107fe7a4bd957d5,JUP,-0.00073284365
0x3e04d3e08ea54c34f721ac007107fe7a4bd957d5,AERO,0.005872938
0x3e04d3e08ea54c34f721ac007107fe7a4bd957d5,VIRTUAL,-0.050250396
0x3e04d3e08ea54c34f721ac007107fe7a4bd957d5,W,-0.020561332
0x3e04d3e08ea54c34f721ac007107fe7a4bd957d5,BRETT,-0.044866424
0x3e04d3e08ea54c34f721ac007107fe7a4bd957d5,ETHFI,-0.007209982
0x3e04d3e08ea54c34f721ac007107fe7a4bd957d5,IO,-0.006621865
0x3e04d3e08ea54c34f721ac007107fe7a4bd957d5,BOME,0.0006713083
0x3e04d3e08ea54c34f721ac007107fe7a4bd957d5,sENA,-0.09436454
0x3e04d3e08ea54c34f721ac007107fe7a4bd957d5,TNSR,-0.0053480593
0x3e04d3e08ea54c34f721ac007107fe7a4bd957d5,EIGEN,-0.0014530082
0x3e04d3e08ea54c34f721ac007107fe7a4bd957d5,MON,-0.026525224
0x3e04d3e08ea54c34f721ac007107fe7a4bd957d5,MERL,-0.000080329606
0x3e04d3e08ea54c34f721ac007107fe7a4bd957d5,REZ,-0.0033747605
0x3e04d3e08ea54c34f721ac007107fe7a4bd957d5,SOPH,0.0019803254
0x3e04d3e08ea54c34f721ac007107fe7a4bd957d5,HYPE,-0.028727103
0x3e04d3e08ea54c34f721ac007107fe7a4bd957d5,ME,-0.0038248354
0x3e04d3e08ea54c34f721ac007107fe7a4bd957d5,BABY,0.000115124676
0x3e04d3e08ea54c34f721ac007107fe7a4bd957d5,MOVE,-0.03499612
0x3e04d3e08ea54c34f721ac007107fe7a4bd957d5,NEIRO,-0.01626284
0x3e04d3e08ea54c34f721ac007107fe7a4bd957d5,S,-0.009202793
0x3e04d3e08ea54c34f721ac007107fe7a4bd957d5,GRASS,0.0002843969
0x3e04d3e08ea54c34f721ac007107fe7a4bd957d5,SKY,-0.010599255
0x3e04d3e08ea54c34f721ac007107fe7a4bd957d5,INIT,0.002949172
0x3e04d3e08ea54c34f721ac007107fe7a4bd957d5,WCT,-0.0014801959
0x3e04d3e08ea54c34f721ac007107fe7a4bd957d5,WLFI,-0.013497965
0x3e04d3e08ea54c34f721ac007107fe7a4bd957d5,GOAT,-0.0044574193
0x3e04d3e08ea54c34f721ac007107fe7a4bd957d5,FARTCOIN,0.016223643
0x3e04d3e08ea54c34f721ac007107fe7a4bd957d5,PNUT,-0.0011257299
0x3e04d3e08ea54c34f721ac007107fe7a4bd957d5,SYRUP,-0.010537288
0x3e04d3e08ea54c34f721ac007107fe7a4bd957d5,USUAL,-0.006952608
0x3e04d3e08ea54c34f721ac007107fe7a4bd957d5,AIXBT,-0.0057122107
0x3e04d3e08ea54c34f721ac007107fe7a4bd957d5,MORPHO,0.0009857751
0x3e04d3e08ea54c34f721ac007107fe7a4bd957d5,PENGU,-0.028791983
0x3e04d3e08ea54c34f721ac007107fe7a4bd957d5,GRIFFAIN,-0.006463252
0x3e04d3e08ea54c34f721ac007107fe7a4bd957d5,BIO,-0.003494469
0x3e04d3e08ea54c34f721ac007107fe7a4bd957d5,ANIME,0.006114895
0x3e04d3e08ea54c34f721ac007107fe7a4bd957d5,TRUMP,-0.0058103274
0x3e04d3e08ea54c34f721ac007107fe7a4bd957d5,MELANIA,0.00063794886
0x3e04d3e08ea54c34f721ac007107fe7a4bd957d5,VINE,0.0002574013
0x3e04d3e08ea54c34f721ac007107fe7a4bd957d5,LAYER,-0.018602205
0x3e04d3e08ea54c34f721ac007107fe7a4bd957d5,VVV,-0.015735477
0x3e04d3e08ea54c34f721ac007107fe7a4bd957d5,IP,0.03143011
0x3e04d3e08ea54c34f721ac007107fe7a4bd957d5,NIL,-0.017489186
0x3e04d3e08ea54c34f721ac007107fe7a4bd957d5,KAITO,-0.06404672
0x3e04d3e08ea54c34f721ac007107fe7a4bd957d5,ZORA,-0.027037304
0x3e04d3e08ea54c34f721ac007107fe7a4bd957d5,HYPER,-0.0011071665
0x3e04d3e08ea54c34f721ac007107fe7a4bd957d5,ASTER,0.00068484124
0x3e04d3e08ea54c34f721ac007107fe7a4bd957d5,PUMP,0.0007207442
0x3e04d3e08ea54c34f721ac007107fe7a4bd957d5,XPL,0.0005439481
0x3e04d3e08ea54c34f721ac007107fe7a4bd957d5,CC,-0.037433628
0x3e04d3e08ea54c34f721ac007107fe7a4bd957d5,PROVE,-0.0023831897
0x3e04d3e08ea54c34f721ac007107fe7a4bd957d5,HEMI,-0.054368
0x3e04d3e08ea54c34f721ac007107fe7a4bd957d5,AVNT,-0.017525474
0x3e04d3e08ea54c34f721ac007107fe7a4bd957d5,0G,-0.007955867
0x3e04d3e08ea54c34f721ac007107fe7a4bd957d5,2Z,0.0006626554
0x3e04d3e08ea54c34f721ac007107fe7a4bd957d5,LIT,-0.008888115
0x3ebab08d24031caa95c4290b28f66e71bbe418e5,BTC,-0.0028801259924268
0x3ebab08d24031caa95c4290b28f66e71bbe418e5,LTC,0.0064755072909632
0x3ebab08d24031caa95c4290b28f66e71bbe418e5,XRP,-0.0127585425781209
0x3ebab08d24031caa95c4290b28f66e71bbe418e5,DOGE,-0.0409158443223256
0x3ebab08d24031caa95c4290b28f66e71bbe418e5,DASH,-0.0092973753864909
0x3ebab08d24031caa95c4290b28f66e71bbe418e5,XMR,-0.0228976402813178
0x3ebab08d24031caa95c4290b28f66e71bbe418e5,XLM,-0.0135831405101373
0x3ebab08d24031caa95c4290b28f66e71bbe418e5,ETH,-0.007659762045801
0x3ebab08d24031caa95c4290b28f66e71bbe418e5,ETC,-0.0072459108753683
0x3ebab08d24031caa95c4290b28f66e71bbe418e5,ZEC,-0.0029492529871251
0x3ebab08d24031caa95c4290b28f66e71bbe418e5,ZEN,-0.0245209721582323
0x3ebab08d24031caa95c4290b28f66e71bbe418e5,IOTA,-0.0384878603341087
0x3ebab08d24031caa95c4290b28f66e71bbe418e5,BCH,-0.0073018643181711
0x3ebab08d24031caa95c4290b28f66e71bbe418e5,BNB,0.0076936805693239
0x3ebab08d24031caa95c4290b28f66e71bbe418e5,TRX,-0.003622241524426
0x3ebab08d24031caa95c4290b28f66e71bbe418e5,LINK,0.0162944107400729
0x3ebab08d24031caa95c4290b28f66e71bbe418e5,ADA,-0.0025533193017817
0x3ebab08d24031caa95c4290b28f66e71bbe418e5,FIL,-0.0159826545586977
0x3ebab08d24031caa95c4290b28f66e71bbe418e5,SNX,-0.0208869912190305
0x3ebab08d24031caa95c4290b28f66e71bbe418e5,BSV,-0.0059482259486936
0x3ebab08d24031caa95c4290b28f66e71bbe418e5,FET,-0.0192367246826709
0x3ebab08d24031caa95c4290b28f66e71bbe418e5,ATOM,-0.0060920886818151
0x3ebab08d24031caa95c4290b28f66e71bbe418e5,RSR,-0.0093767662901746
0x3ebab08d24031caa95c4290b28f66e71bbe418e5,ALGO,-0.0174519885112605
0x3ebab08d24031caa95c4290b28f66e71bbe418e5,RUNE,-0.0302239876769561
0x3ebab08d24031caa95c4290b28f66e71bbe418e5,LUNC,-0.00008358190502976768
0x3ebab08d24031caa95c4290b28f66e71bbe418e5,HBAR,-0.0183398852257986
0x3ebab08d24031caa95c4290b28f66e71bbe418e5,PAXG,-0.0041741319056349
0x3ebab08d24031caa95c4290b28f66e71bbe418e5,STX,-0.0763184914154291
0x3ebab08d24031caa95c4290b28f66e71bbe418e5,TRB,-0.0192160940004299
0x3ebab08d24031caa95c4290b28f66e71bbe418e5,SOL,-0.00006581747065703948
0x3ebab08d24031caa95c4290b28f66e71bbe418e5,CELO,-0.0331736414753509
0x3ebab08d24031caa95c4290b28f66e71bbe418e5,UMA,-0.0114924868701665
0x3ebab08d24031caa95c4290b28f66e71bbe418e5,AR,-0.0236777063037234
0x3ebab08d24031caa95c4290b28f66e71bbe418e5,RENDER,-0.0212763658456738
0x3ebab08d24031caa95c4290b28f66e71bbe418e5,COMP,-0.028129540994361
0x3ebab08d24031caa95c4290b28f66e71bbe418e5,AVAX,-0.0091019506531352
0x3ebab08d24031caa95c4290b28f66e71bbe418e5,SHIB,-0.0206123351034134
0x3ebab08d24031caa95c4290b28f66e71bbe418e5,SAND,-0.0125093067631865
0x3ebab08d24031caa95c4290b28f66e71bbe418e5,NEAR,-0.0133919277198421
0x3ebab08d24031caa95c4290b28f66e71bbe418e5,CRV,-0.0186479647494204
0x3ebab08d24031caa95c4290b28f66e71bbe418e5,DOT,0.0057117104993781
0x3ebab08d24031caa95c4290b28f66e71bbe418e5,SUSHI,-0.0215203964798295
0x3ebab08d24031caa95c4290b28f66e71bbe418e5,AXS,-0.0125436259117104
0x3ebab08d24031caa95c4290b28f66e71bbe418e5,GALA,-0.026062255911839
0x3ebab08d24031caa95c4290b28f66e71bbe418e5,UNI,-0.021916072899397
0x3ebab08d24031caa95c4290b28f66e71bbe418e5,CAKE,-0.0161621848197198
0x3ebab08d24031caa95c4290b28f66e71bbe418e5,INJ,-0.0477381278041414
0x3ebab08d24031caa95c4290b28f66e71bbe418e5,AAVE,-0.0189849980776476
0x3ebab08d24031caa95c4290b28f66e71bbe418e5,CFX,-0.0240848491639876
0x3ebab08d24031caa95c4290b28f66e71bbe418e5,LDO,-0.0187063060355532
0x3ebab08d24031caa95c4290b28f66e71bbe418e5,MINA,-0.0318085680237207
0x3ebab08d24031caa95c4290b28f66e71bbe418e5,ICP,-0.0138533977401617
0x3ebab08d24031caa95c4290b28f66e71bbe418e5,PENDLE,-0.0250005269783076
0x3ebab08d24031caa95c4290b28f66e71bbe418e5,IMX,-0.0202215623741017
0x3ebab08d24031caa95c4290b28f66e71bbe418e5,FLOKI,-0.0320571610221313
0x3ebab08d24031caa95c4290b28f66e71bbe418e5,OP,-0.0404554795644174
0x3ebab08d24031caa95c4290b28f66e71bbe418e5,ARB,-0.022352688481658
0x3ebab08d24031caa95c4290b28f66e71bbe418e5,GMX,-0.0149364715471379
0x3ebab08d24031caa95c4290b28f66e71bbe418e5,WLD,-0.0285539673802352
0x3ebab08d24031caa95c4290b28f66e71bbe418e5,MANTA,-0.013247400547653
0x3ebab08d24031caa95c4290b28f66e71bbe418e5,ENS,-0.0277671561029744
0x3ebab08d24031caa95c4290b28f66e71bbe418e5,PEOPLE,-0.0419108692478987
0x3ebab08d24031caa95c4290b28f66e71bbe418e5,GMT,0.0105100851902655
0x3ebab08d24031caa95c4290b28f66e71bbe418e5,APE,-0.0068063998268383
0x3ebab08d24031caa95c4290b28f66e71bbe418e5,APEX,-0.0416700256817814
0x3ebab08d24031caa95c4290b28f66e71bbe418e5,KAS,-0.0119615373742281
0x3ebab08d24031caa95c4290b28f66e71bbe418e5,SUI,-0.0347206986992316
0x3ebab08d24031caa95c4290b28f66e71bbe418e5,ONDO,-0.0256614032813828
0x3ebab08d24031caa95c4290b28f66e71bbe418e5,ZETA,-0.0228974849795288
0x3ebab08d24031caa95c4290b28f66e71bbe418e5,APT,-0.0247966535450017
0x3ebab08d24031caa95c4290b28f66e71bbe418e5,STRK,-0.0238588835998214
0x3ebab08d24031caa95c4290b28f66e71bbe418e5,TIA,-0.0237814966766163
0x3ebab08d24031caa95c4290b28f66e71bbe418e5,TAO,-0.0128761850269287
0x3ebab08d24031caa95c4290b28f66e71bbe418e5,BONK,-0.018420943571731
0x3ebab08d24031caa95c4290b28f66e71bbe418e5,BLUR,-0.0354458322024568
0x3ebab08d24031caa95c4290b28f66e71bbe418e5,SEI,-0.012079118625811
0x3ebab08d24031caa95c4290b28f66e71bbe418e5,ZK,-0.004393890197002
0x3ebab08d24031caa95c4290b28f66e71bbe418e5,PEPE,-0.051542662963162
0x3ebab08d24031caa95c4290b28f66e71bbe418e5,BERA,-0.0200667667243526
0x3ebab08d24031caa95c4290b28f66e71bbe418e5,TURBO,-0.0442535304381383
0x3ebab08d24031caa95c4290b28f66e71bbe418e5,ORDI,-0.0097184787259753
0x3ebab08d24031caa95c4290b28f66e71bbe418e5,ZRO,-0.0451747108874857
0x3ebab08d24031caa95c4290b28f66e71bbe418e5,MNT,-0.0165442954402049
0x3ebab08d24031caa95c4290b28f66e71bbe418e5,LINEA,-0.0084885306175176
0x3ebab08d24031caa95c4290b28f66e71bbe418e5,PYTH,-0.0292117063730573
0x3ebab08d24031caa95c4290b28f66e71bbe418e5,MEME,-0.0084824771336077
0x3ebab08d24031caa95c4290b28f66e71bbe418e5,POL,-0.0367240775730266
0x3ebab08d24031caa95c4290b28f66e71bbe418e5,JTO,-0.0195487169038092
0x3ebab08d24031caa95c4290b28f66e71bbe418e5,WIF,-0.0447263969181908
0x3ebab08d24031caa95c4290b28f66e71bbe418e5,POPCAT,-0.0107859375896859
0x3ebab08d24031caa95c4290b28f66e71bbe418e5,NOT,-0.0176942695907745
0x3ebab08d24031caa95c4290b28f66e71bbe418e5,DYM,-0.027605287044043
0x3ebab08d24031caa95c4290b28f66e71bbe418e5,XAI,-0.0221787474159699
0x3ebab08d24031caa95c4290b28f66e71bbe418e5,ALT,-0.0240888405044017
0x3ebab08d24031caa95c4290b28f66e71bbe418e5,JUP,-0.0398479300418629
0x3ebab08d24031caa95c4290b28f66e71bbe418e5,AERO,-0.0203104801175986
0x3ebab08d24031caa95c4290b28f66e71bbe418e5,VIRTUAL,-0.0227850026973786
0x3ebab08d24031caa95c4290b28f66e71bbe418e5,W,-0.0144334513305548
0x3ebab08d24031caa95c4290b28f66e71bbe418e5,BRETT,-0.0593173181755147
0x3ebab08d24031caa95c4290b28f66e71bbe418e5,ETHFI,-0.0025591125199378
0x3ebab08d24031caa95c4290b28f66e71bbe418e5,IO,-0.0359234784646381
0x3ebab08d24031caa95c4290b28f66e71bbe418e5,BOME,-0.0456940218204837
0x3ebab08d24031caa95c4290b28f66e71bbe418e5,sENA,-0.1128089438278587
0x3ebab08d24031caa95c4290b28f66e71bbe418e5,TNSR,-0.0285858350787153
0x3ebab08d24031caa95c4290b28f66e71bbe418e5,EIGEN,-0.0102167649799861
0x3ebab08d24031caa95c4290b28f66e71bbe418e5,MON,-0.0024395089602006
0x3ebab08d24031caa95c4290b28f66e71bbe418e5,MERL,-0.0195172846032098
0x3ebab08d24031caa95c4290b28f66e71bbe418e5,REZ,-0.0181559453823824
0x3ebab08d24031caa95c4290b28f66e71bbe418e5,SOPH,-0.0110448621087476
0x3ebab08d24031caa95c4290b28f66e71bbe418e5,HYPE,-0.0285009385360493
0x3ebab08d24031caa95c4290b28f66e71bbe418e5,ME,-0.0183757109544025
0x3ebab08d24031caa95c4290b28f66e71bbe418e5,BABY,-0.0405369046673412
0x3ebab08d24031caa95c4290b28f66e71bbe418e5,MOVE,-0.0441910382644287
0x3ebab08d24031caa95c4290b28f66e71bbe418e5,NEIRO,-0.0517572399582404
0x3ebab08d24031caa95c4290b28f66e71bbe418e5,S,-0.0086369667123143
0x3ebab08d24031caa95c4290b28f66e71bbe418e5,GRASS,-0.0375161351673057
0x3ebab08d24031caa95c4290b28f66e71bbe418e5,SKY,-0.0336245474930318
0x3ebab08d24031caa95c4290b28f66e71bbe418e5,INIT,-0.0112809084805633
0x3ebab08d24031caa95c4290b28f66e71bbe418e5,WCT,-0.0174116614095684
0x3ebab08d24031caa95c4290b28f66e71bbe418e5,WLFI,-0.0024080071355383
0x3ebab08d24031caa95c4290b28f66e71bbe418e5,GOAT,-0.0401724827803752
0x3ebab08d24031caa95c4290b28f66e71bbe418e5,FARTCOIN,-0.0098323768282296
0x3ebab08d24031caa95c4290b28f66e71bbe418e5,PNUT,-0.0176172311965417
0x3ebab08d24031caa95c4290b28f66e71bbe418e5,SYRUP,-0.0183456338810915
0x3ebab08d24031caa95c4290b28f66e71bbe418e5,USUAL,-0.0446954862761259
0x3ebab08d24031caa95c4290b28f66e71bbe418e5,AIXBT,-0.0289409380711301
0x3ebab08d24031caa95c4290b28f66e71bbe418e5,MORPHO,-0.0032487347485461
0x3ebab08d24031caa95c4290b28f66e71bbe418e5,PENGU,-0.0558560518954508
0x3ebab08d24031caa95c4290b28f66e71bbe418e5,GRIFFAIN,-0.0011684646471146
0x3ebab08d24031caa95c4290b28f66e71bbe418e5,BIO,-0.0184138716780355
0x3ebab08d24031caa95c4290b28f66e71bbe418e5,ANIME,-0.0258170871812068
0x3ebab08d24031caa95c4290b28f66e71bbe418e5,TRUMP,-0.0342294758089417
0x3ebab08d24031caa95c4290b28f66e71bbe418e5,MELANIA,-0.0481009203307189
0x3ebab08d24031caa95c4290b28f66e71bbe418e5,VINE,-0.0289189296461926
0x3ebab08d24031caa95c4290b28f66e71bbe418e5,LAYER,-0.0286708991295187
0x3ebab08d24031caa95c4290b28f66e71bbe418e5,VVV,-0.0337844362957981
0x3ebab08d24031caa95c4290b28f66e71bbe418e5,IP,-0.0080081853638843
0x3ebab08d24031caa95c4290b28f66e71bbe418e5,NIL,-0.0417692293327037
0x3ebab08d24031caa95c4290b28f66e71bbe418e5,KAITO,-0.0906981287985799
0x3ebab08d24031caa95c4290b28f66e71bbe418e5,ZORA,-0.0500005296144468
0x3ebab08d24031caa95c4290b28f66e71bbe418e5,HYPER,-0.0073494277318743
0x3ebab08d24031caa95c4290b28f66e71bbe418e5,ASTER,-0.0052841367107644
0x3ebab08d24031caa95c4290b28f66e71bbe418e5,PUMP,0.0024572684050937
0x3ebab08d24031caa95c4290b28f66e71bbe418e5,XPL,-0.0122787180369324
0x3ebab08d24031caa95c4290b28f66e71bbe418e5,CC,-0.032329904189683
0x3ebab08d24031caa95c4290b28f66e71bbe418e5,PROVE,-0.0290790668461057
0x3ebab08d24031caa95c4290b28f66e71bbe418e5,HEMI,-0.0574236419608484
0x3ebab08d24031caa95c4290b28f66e71bbe418e5,AVNT,-0.0204152504931782
0x3ebab08d24031caa95c4290b28f66e71bbe418e5,0G,-0.0314596532736256
0x3ebab08d24031caa95c4290b28f66e71bbe418e5,2Z,-0.0146597767897511
0x3ebab08d24031caa95c4290b28f66e71bbe418e5,LIT,-0.0123525991179711
0x49451c6af70feef6ef29b8c78bc17d4bdaf9fdaa,SKY,-9.533897
0x49451c6af70feef6ef29b8c78bc17d4bdaf9fdaa,TRX,-294.53903
0x49451c6af70feef6ef29b8c78bc17d4bdaf9fdaa,XLM,-45.820705
0x49451c6af70feef6ef29b8c78bc17d4bdaf9fdaa,XMR,-372.44086
0x49451c6af70feef6ef29b8c78bc17d4bdaf9fdaa,XRP,-39.522217
0x49451c6af70feef6ef29b8c78bc17d4bdaf9fdaa,ZEC,-890.29803
0x49451c6af70feef6ef29b8c78bc17d4bdaf9fdaa,BCH,-113.79219
0x49451c6af70feef6ef29b8c78bc17d4bdaf9fdaa,BTC,67.32679
0x49451c6af70feef6ef29b8c78bc17d4bdaf9fdaa,DOGE,-107.622665
0x49451c6af70feef6ef29b8c78bc17d4bdaf9fdaa,ETC,-169.75302
0x49451c6af70feef6ef29b8c78bc17d4bdaf9fdaa,LTC,-1255.6696
0x49451c6af70feef6ef29b8c78bc17d4bdaf9fdaa,ETH,465.65335
0x49451c6af70feef6ef29b8c78bc17d4bdaf9fdaa,ADA,-1536.5461
0x49451c6af70feef6ef29b8c78bc17d4bdaf9fdaa,LINK,-181.89296
0x49451c6af70feef6ef29b8c78bc17d4bdaf9fdaa,S,-167.65402
0x49451c6af70feef6ef29b8c78bc17d4bdaf9fdaa,ATOM,288.97174
0x49451c6af70feef6ef29b8c78bc17d4bdaf9fdaa,SNX,-6.643778
0x49451c6af70feef6ef29b8c78bc17d4bdaf9fdaa,RSR,266.04904
0x49451c6af70feef6ef29b8c78bc17d4bdaf9fdaa,ALGO,270.17975
0x49451c6af70feef6ef29b8c78bc17d4bdaf9fdaa,RUNE,-159.26295
0x49451c6af70feef6ef29b8c78bc17d4bdaf9fdaa,TRB,-37.93467
0x49451c6af70feef6ef29b8c78bc17d4bdaf9fdaa,SOL,-47.72733
0x49451c6af70feef6ef29b8c78bc17d4bdaf9fdaa,UMA,53.709465
0x49451c6af70feef6ef29b8c78bc17d4bdaf9fdaa,PAXG,-177.51006
0x49451c6af70feef6ef29b8c78bc17d4bdaf9fdaa,COMP,-85.07178
0x49451c6af70feef6ef29b8c78bc17d4bdaf9fdaa,AVAX,-109.118034
0x49451c6af70feef6ef29b8c78bc17d4bdaf9fdaa,SAND,-52.9972
0x49451c6af70feef6ef29b8c78bc17d4bdaf9fdaa,CRV,-249.08643
0x49451c6af70feef6ef29b8c78bc17d4bdaf9fdaa,LAYER,-122.68087
0x49451c6af70feef6ef29b8c78bc17d4bdaf9fdaa,DOT,-625.26324
0x49451c6af70feef6ef29b8c78bc17d4bdaf9fdaa,SUSHI,-20.319725
0x49451c6af70feef6ef29b8c78bc17d4bdaf9fdaa,UNI,-149.85422
0x49451c6af70feef6ef29b8c78bc17d4bdaf9fdaa,AAVE,-197.1154
0x49451c6af70feef6ef29b8c78bc17d4bdaf9fdaa,NEAR,116.020424
0x49451c6af70feef6ef29b8c78bc17d4bdaf9fdaa,FIL,-6.643778
0x49451c6af70feef6ef29b8c78bc17d4bdaf9fdaa,AXS,34.875755
0x49451c6af70feef6ef29b8c78bc17d4bdaf9fdaa,INJ,-68.95236
0x49451c6af70feef6ef29b8c78bc17d4bdaf9fdaa,ZORA,-3.6652155
0x49451c6af70feef6ef29b8c78bc17d4bdaf9fdaa,CELO,-83.99093
0x49451c6af70feef6ef29b8c78bc17d4bdaf9fdaa,LIT,-175.6957
0x49451c6af70feef6ef29b8c78bc17d4bdaf9fdaa,SHIB,-130.0277
0x49451c6af70feef6ef29b8c78bc17d4bdaf9fdaa,ICP,-212.75458
0x49451c6af70feef6ef29b8c78bc17d4bdaf9fdaa,RENDER,-74.93516
0x49451c6af70feef6ef29b8c78bc17d4bdaf9fdaa,LDO,-141.76427
0x49451c6af70feef6ef29b8c78bc17d4bdaf9fdaa,GALA,-19.245941
0x49451c6af70feef6ef29b8c78bc17d4bdaf9fdaa,FET,-7.593451
0x49451c6af70feef6ef29b8c78bc17d4bdaf9fdaa,ENS,-64.38357
0x49451c6af70feef6ef29b8c78bc17d4bdaf9fdaa,IMX,-11.82639
0x49451c6af70feef6ef29b8c78bc17d4bdaf9fdaa,PEOPLE,-206.89098
0x49451c6af70feef6ef29b8c78bc17d4bdaf9fdaa,GMT,3209.0405
0x49451c6af70feef6ef29b8c78bc17d4bdaf9fdaa,FLOKI,-17.750252
0x49451c6af70feef6ef29b8c78bc17d4bdaf9fdaa,POL,-100.107666
0x49451c6af70feef6ef29b8c78bc17d4bdaf9fdaa,APE,-79.39164
0x49451c6af70feef6ef29b8c78bc17d4bdaf9fdaa,GMX,-117.5783
0x49451c6af70feef6ef29b8c78bc17d4bdaf9fdaa,BLUR,-13.363097
0x49451c6af70feef6ef29b8c78bc17d4bdaf9fdaa,PENDLE,-42.192635
0x49451c6af70feef6ef29b8c78bc17d4bdaf9fdaa,LUNC,-80.852875
0x49451c6af70feef6ef29b8c78bc17d4bdaf9fdaa,MINA,-6.643778
0x49451c6af70feef6ef29b8c78bc17d4bdaf9fdaa,MEME,220.91397
0x49451c6af70feef6ef29b8c78bc17d4bdaf9fdaa,OP,-74.52488
0x49451c6af70feef6ef29b8c78bc17d4bdaf9fdaa,ZEN,-35.29609
0x49451c6af70feef6ef29b8c78bc17d4bdaf9fdaa,STRK,-772.76984
0x49451c6af70feef6ef29b8c78bc17d4bdaf9fdaa,STX,-106.289856
0x49451c6af70feef6ef29b8c78bc17d4bdaf9fdaa,CFX,-17.750252
0x49451c6af70feef6ef29b8c78bc17d4bdaf9fdaa,CAKE,-294.00934
0x49451c6af70feef6ef29b8c78bc17d4bdaf9fdaa,DASH,-43.914047
0x49451c6af70feef6ef29b8c78bc17d4bdaf9fdaa,BSV,-200.29529
0x49451c6af70feef6ef29b8c78bc17d4bdaf9fdaa,AR,-25.596058
0x49451c6af70feef6ef29b8c78bc17d4bdaf9fdaa,APT,-41.176773
0x49451c6af70feef6ef29b8c78bc17d4bdaf9fdaa,ALT,-1020.3749
0x49451c6af70feef6ef29b8c78bc17d4bdaf9fdaa,BNB,155.97232
0x49451c6af70feef6ef29b8c78bc17d4bdaf9fdaa,BONK,-42.82279
0x49451c6af70feef6ef29b8c78bc17d4bdaf9fdaa,BABY,-144.52869
0x49451c6af70feef6ef29b8c78bc17d4bdaf9fdaa,HBAR,-165.24562
0x49451c6af70feef6ef29b8c78bc17d4bdaf9fdaa,KAS,-114.71979
0x49451c6af70feef6ef29b8c78bc17d4bdaf9fdaa,PEPE,-154.56706
0x49451c6af70feef6ef29b8c78bc17d4bdaf9fdaa,ORDI,-91.25909
0x49451c6af70feef6ef29b8c78bc17d4bdaf9fdaa,SUI,-4.330795
0x49451c6af70feef6ef29b8c78bc17d4bdaf9fdaa,MNT,-108.17598
0x49451c6af70feef6ef29b8c78bc17d4bdaf9fdaa,IOTA,-24.241646
0x49451c6af70feef6ef29b8c78bc17d4bdaf9fdaa,TURBO,-52.76372
0x49451c6af70feef6ef29b8c78bc17d4bdaf9fdaa,TIA,-11.82639
0x49451c6af70feef6ef29b8c78bc17d4bdaf9fdaa,SEI,-48.443928
0x49451c6af70feef6ef29b8c78bc17d4bdaf9fdaa,TAO,-97.28663
0x49451c6af70feef6ef29b8c78bc17d4bdaf9fdaa,JTO,-14.096864
0x49451c6af70feef6ef29b8c78bc17d4bdaf9fdaa,PYTH,-121.479515
0x49451c6af70feef6ef29b8c78bc17d4bdaf9fdaa,MANTA,-25.201153
0x49451c6af70feef6ef29b8c78bc17d4bdaf9fdaa,ONDO,-84.078636
0x49451c6af70feef6ef29b8c78bc17d4bdaf9fdaa,WIF,-70.32202
0x49451c6af70feef6ef29b8c78bc17d4bdaf9fdaa,XAI,55.796383
0x49451c6af70feef6ef29b8c78bc17d4bdaf9fdaa,ZETA,128.48335
0x49451c6af70feef6ef29b8c78bc17d4bdaf9fdaa,JUP,638.59283
0x49451c6af70feef6ef29b8c78bc17d4bdaf9fdaa,DYM,-17.750252
0x49451c6af70feef6ef29b8c78bc17d4bdaf9fdaa,TRUMP,516.01855
0x49451c6af70feef6ef29b8c78bc17d4bdaf9fdaa,APEX,-8.66699
0x49451c6af70feef6ef29b8c78bc17d4bdaf9fdaa,ARB,-896.009
0x49451c6af70feef6ef29b8c78bc17d4bdaf9fdaa,BOME,-453.9782
0x49451c6af70feef6ef29b8c78bc17d4bdaf9fdaa,HYPER,-17.750252
0x49451c6af70feef6ef29b8c78bc17d4bdaf9fdaa,ETHFI,-313.0234
0x49451c6af70feef6ef29b8c78bc17d4bdaf9fdaa,BRETT,-22.617477
0x49451c6af70feef6ef29b8c78bc17d4bdaf9fdaa,W,8.151689
0x49451c6af70feef6ef29b8c78bc17d4bdaf9fdaa,GOAT,-62.25812
0x49451c6af70feef6ef29b8c78bc17d4bdaf9fdaa,POPCAT,7.8340225
0x49451c6af70feef6ef29b8c78bc17d4bdaf9fdaa,MERL,-17.750252
0x49451c6af70feef6ef29b8c78bc17d4bdaf9fdaa,ZK,31.913395
0x49451c6af70feef6ef29b8c78bc17d4bdaf9fdaa,TNSR,-17.750252
0x49451c6af70feef6ef29b8c78bc17d4bdaf9fdaa,AERO,-99.104904
0x49451c6af70feef6ef29b8c78bc17d4bdaf9fdaa,REZ,-17.750252
0x49451c6af70feef6ef29b8c78bc17d4bdaf9fdaa,NOT,-33.33097
0x49451c6af70feef6ef29b8c78bc17d4bdaf9fdaa,MON,-29.296751
0x49451c6af70feef6ef29b8c78bc17d4bdaf9fdaa,VIRTUAL,-132.22331
0x49451c6af70feef6ef29b8c78bc17d4bdaf9fdaa,IO,-53.86592
0x49451c6af70feef6ef29b8c78bc17d4bdaf9fdaa,ZRO,-72.552086
0x49451c6af70feef6ef29b8c78bc17d4bdaf9fdaa,WLD,-19.17442
0x49451c6af70feef6ef29b8c78bc17d4bdaf9fdaa,NEIRO,-41.263363
0x49451c6af70feef6ef29b8c78bc17d4bdaf9fdaa,EIGEN,-1738.8512
0x49451c6af70feef6ef29b8c78bc17d4bdaf9fdaa,MOVE,44.040276
0x49451c6af70feef6ef29b8c78bc17d4bdaf9fdaa,FARTCOIN,-39.655937
0x49451c6af70feef6ef29b8c78bc17d4bdaf9fdaa,GRASS,-75.039
0x49451c6af70feef6ef29b8c78bc17d4bdaf9fdaa,PNUT,-41.232388
0x49451c6af70feef6ef29b8c78bc17d4bdaf9fdaa,USUAL,-96.00685
0x49451c6af70feef6ef29b8c78bc17d4bdaf9fdaa,MORPHO,-101.76166
0x49451c6af70feef6ef29b8c78bc17d4bdaf9fdaa,AIXBT,-17.750252
0x49451c6af70feef6ef29b8c78bc17d4bdaf9fdaa,HYPE,-149.76587
0x49451c6af70feef6ef29b8c78bc17d4bdaf9fdaa,ME,-14.32454
0x49451c6af70feef6ef29b8c78bc17d4bdaf9fdaa,PENGU,-54.44402
0x49451c6af70feef6ef29b8c78bc17d4bdaf9fdaa,sENA,-95.52415
0x49451c6af70feef6ef29b8c78bc17d4bdaf9fdaa,BIO,384.1858
0x49451c6af70feef6ef29b8c78bc17d4bdaf9fdaa,GRIFFAIN,-251.17778
0x49451c6af70feef6ef29b8c78bc17d4bdaf9fdaa,MELANIA,94.58885
0x49451c6af70feef6ef29b8c78bc17d4bdaf9fdaa,VINE,16.098017
0x49451c6af70feef6ef29b8c78bc17d4bdaf9fdaa,ANIME,222.26132
0x49451c6af70feef6ef29b8c78bc17d4bdaf9fdaa,VVV,-54.45153
0x49451c6af70feef6ef29b8c78bc17d4bdaf9fdaa,SYRUP,-30.921154
0x49451c6af70feef6ef29b8c78bc17d4bdaf9fdaa,BERA,111.688194
0x49451c6af70feef6ef29b8c78bc17d4bdaf9fdaa,IP,-78.963356
0x49451c6af70feef6ef29b8c78bc17d4bdaf9fdaa,KAITO,6772.8877
0x49451c6af70feef6ef29b8c78bc17d4bdaf9fdaa,NIL,43.171246
0x49451c6af70feef6ef29b8c78bc17d4bdaf9fdaa,WCT,-6.643778
0x49451c6af70feef6ef29b8c78bc17d4bdaf9fdaa,PUMP,501.65488
0x49451c6af70feef6ef29b8c78bc17d4bdaf9fdaa,INIT,-6.905076
0x49451c6af70feef6ef29b8c78bc17d4bdaf9fdaa,SOPH,91.53939
0x49451c6af70feef6ef29b8c78bc17d4bdaf9fdaa,PROVE,-170.90181
0x49451c6af70feef6ef29b8c78bc17d4bdaf9fdaa,WLFI,-5.8263545
0x49451c6af70feef6ef29b8c78bc17d4bdaf9fdaa,0G,-47.76798
0x49451c6af70feef6ef29b8c78bc17d4bdaf9fdaa,AVNT,-168.81213
0x49451c6af70feef6ef29b8c78bc17d4bdaf9fdaa,ASTER,-40.364002
0x49451c6af70feef6ef29b8c78bc17d4bdaf9fdaa,LINEA,37.7262
0x49451c6af70feef6ef29b8c78bc17d4bdaf9fdaa,HEMI,-97.8912
0x49451c6af70feef6ef29b8c78bc17d4bdaf9fdaa,XPL,-51.282238
0x49451c6af70feef6ef29b8c78bc17d4bdaf9fdaa,2Z,74.83758
0x49451c6af70feef6ef29b8c78bc17d4bdaf9fdaa,CC,-1131.3802
0x521c9c1d68f8684b098be00a5cf479e9aaebf0f7,SKY,-0.008643882
0x521c9c1d68f8684b098be00a5cf479e9aaebf0f7,TRX,0.02052676
0x521c9c1d68f8684b098be00a5cf479e9aaebf0f7,XLM,-0.014800214
0x521c9c1d68f8684b098be00a5cf479e9aaebf0f7,XMR,0.0014642149
0x521c9c1d68f8684b098be00a5cf479e9aaebf0f7,XRP,-0.013071026
0x521c9c1d68f8684b098be00a5cf479e9aaebf0f7,ZEC,-0.01899882
0x521c9c1d68f8684b098be00a5cf479e9aaebf0f7,BCH,-0.002605205
0x521c9c1d68f8684b098be00a5cf479e9aaebf0f7,BTC,-0.0053252336
0x521c9c1d68f8684b098be00a5cf479e9aaebf0f7,DOGE,-0.010859846
0x521c9c1d68f8684b098be00a5cf479e9aaebf0f7,ETC,-0.0048866724
0x521c9c1d68f8684b098be00a5cf479e9aaebf0f7,LTC,-0.008717464
0x521c9c1d68f8684b098be00a5cf479e9aaebf0f7,ETH,-0.0047866097
0x521c9c1d68f8684b098be00a5cf479e9aaebf0f7,ADA,-0.00581529
0x521c9c1d68f8684b098be00a5cf479e9aaebf0f7,LINK,-0.010867185
0x521c9c1d68f8684b098be00a5cf479e9aaebf0f7,S,-0.00823202
0x521c9c1d68f8684b098be00a5cf479e9aaebf0f7,ATOM,0.0032715034
0x521c9c1d68f8684b098be00a5cf479e9aaebf0f7,SNX,-0.011986108
0x521c9c1d68f8684b098be00a5cf479e9aaebf0f7,RSR,-0.006115396
0x521c9c1d68f8684b098be00a5cf479e9aaebf0f7,ALGO,-0.00488176
0x521c9c1d68f8684b098be00a5cf479e9aaebf0f7,RUNE,0.0032102265
0x521c9c1d68f8684b098be00a5cf479e9aaebf0f7,TRB,-0.020954262
0x521c9c1d68f8684b098be00a5cf479e9aaebf0f7,SOL,-0.004832815
0x521c9c1d68f8684b098be00a5cf479e9aaebf0f7,UMA,-0.000098492616
0x521c9c1d68f8684b098be00a5cf479e9aaebf0f7,PAXG,0.0035946742
0x521c9c1d68f8684b098be00a5cf479e9aaebf0f7,COMP,-0.012534227
0x521c9c1d68f8684b098be00a5cf479e9aaebf0f7,AVAX,-0.008037217
0x521c9c1d68f8684b098be00a5cf479e9aaebf0f7,SAND,-0.0008320166
0x521c9c1d68f8684b098be00a5cf479e9aaebf0f7,CRV,-0.017654253
0x521c9c1d68f8684b098be00a5cf479e9aaebf0f7,LAYER,-0.0063442937
0x521c9c1d68f8684b098be00a5cf479e9aaebf0f7,DOT,-0.005750559
0x521c9c1d68f8684b098be00a5cf479e9aaebf0f7,SUSHI,-0.0130096115
0x521c9c1d68f8684b098be00a5cf479e9aaebf0f7,UNI,-0.020892002
0x521c9c1d68f8684b098be00a5cf479e9aaebf0f7,AAVE,-0.0062876563
0x521c9c1d68f8684b098be00a5cf479e9aaebf0f7,NEAR,-0.016394125
0x521c9c1d68f8684b098be00a5cf479e9aaebf0f7,FIL,-0.017613532
0x521c9c1d68f8684b098be00a5cf479e9aaebf0f7,AXS,-0.013823681
0x521c9c1d68f8684b098be00a5cf479e9aaebf0f7,INJ,-0.020966707
0x521c9c1d68f8684b098be00a5cf479e9aaebf0f7,ZORA,-0.051332835
0x521c9c1d68f8684b098be00a5cf479e9aaebf0f7,CELO,-0.016500253
0x521c9c1d68f8684b098be00a5cf479e9aaebf0f7,LIT,-0.011027694
0x521c9c1d68f8684b098be00a5cf479e9aaebf0f7,SHIB,-0.010169864
0x521c9c1d68f8684b098be00a5cf479e9aaebf0f7,ICP,-0.0037453682
0x521c9c1d68f8684b098be00a5cf479e9aaebf0f7,RENDER,0.001139168
0x521c9c1d68f8684b098be00a5cf479e9aaebf0f7,LDO,-0.02450352
0x521c9c1d68f8684b098be00a5cf479e9aaebf0f7,GALA,-0.016858606
0x521c9c1d68f8684b098be00a5cf479e9aaebf0f7,FET,-0.03183107
0x521c9c1d68f8684b098be00a5cf479e9aaebf0f7,ENS,-0.0125775095
0x521c9c1d68f8684b098be00a5cf479e9aaebf0f7,IMX,-0.028064404
0x521c9c1d68f8684b098be00a5cf479e9aaebf0f7,PEOPLE,-0.036662627
0x521c9c1d68f8684b098be00a5cf479e9aaebf0f7,GMT,-0.005438696
0x521c9c1d68f8684b098be00a5cf479e9aaebf0f7,FLOKI,-0.012577492
0x521c9c1d68f8684b098be00a5cf479e9aaebf0f7,POL,-0.011576153
0x521c9c1d68f8684b098be00a5cf479e9aaebf0f7,APE,-0.0068385853
0x521c9c1d68f8684b098be00a5cf479e9aaebf0f7,GMX,-0.013879839
0x521c9c1d68f8684b098be00a5cf479e9aaebf0f7,BLUR,-0.018358761
0x521c9c1d68f8684b098be00a5cf479e9aaebf0f7,PENDLE,-0.018301692
0x521c9c1d68f8684b098be00a5cf479e9aaebf0f7,MINA,-0.01943756
0x521c9c1d68f8684b098be00a5cf479e9aaebf0f7,LUNC,0.0043372195
0x521c9c1d68f8684b098be00a5cf479e9aaebf0f7,MEME,-0.010417628
0x521c9c1d68f8684b098be00a5cf479e9aaebf0f7,OP,-0.008046498
0x521c9c1d68f8684b098be00a5cf479e9aaebf0f7,ZEN,-0.01179683
0x521c9c1d68f8684b098be00a5cf479e9aaebf0f7,STRK,-0.0072947466
0x521c9c1d68f8684b098be00a5cf479e9aaebf0f7,STX,-0.035757665
0x521c9c1d68f8684b098be00a5cf479e9aaebf0f7,CFX,-0.015964758
0x521c9c1d68f8684b098be00a5cf479e9aaebf0f7,CAKE,-0.008000308
0x521c9c1d68f8684b098be00a5cf479e9aaebf0f7,DASH,-0.013358462
0x521c9c1d68f8684b098be00a5cf479e9aaebf0f7,BSV,-0.020332271
0x521c9c1d68f8684b098be00a5cf479e9aaebf0f7,AR,-0.00958372
0x521c9c1d68f8684b098be00a5cf479e9aaebf0f7,APT,-0.015688255
0x521c9c1d68f8684b098be00a5cf479e9aaebf0f7,ALT,-0.008043864
0x521c9c1d68f8684b098be00a5cf479e9aaebf0f7,BNB,-0.003659242
0x521c9c1d68f8684b098be00a5cf479e9aaebf0f7,BONK,-0.01660022
0x521c9c1d68f8684b098be00a5cf479e9aaebf0f7,BABY,-0.011021143
0x521c9c1d68f8684b098be00a5cf479e9aaebf0f7,HBAR,-0.002983007
0x521c9c1d68f8684b098be00a5cf479e9aaebf0f7,KAS,-0.0068246075
0x521c9c1d68f8684b098be00a5cf479e9aaebf0f7,PEPE,-0.014455165
0x521c9c1d68f8684b098be00a5cf479e9aaebf0f7,ORDI,-0.0180927
0x521c9c1d68f8684b098be00a5cf479e9aaebf0f7,SUI,-0.0070136585
0x521c9c1d68f8684b098be00a5cf479e9aaebf0f7,MNT,-0.009289225
0x521c9c1d68f8684b098be00a5cf479e9aaebf0f7,IOTA,-0.017741043
0x521c9c1d68f8684b098be00a5cf479e9aaebf0f7,TURBO,-0.019831916
0x521c9c1d68f8684b098be00a5cf479e9aaebf0f7,TIA,-0.020707889
0x521c9c1d68f8684b098be00a5cf479e9aaebf0f7,SEI,-0.007196057
0x521c9c1d68f8684b098be00a5cf479e9aaebf0f7,TAO,-0.0040434124
0x521c9c1d68f8684b098be00a5cf479e9aaebf0f7,JTO,0.00016484388
0x521c9c1d68f8684b098be00a5cf479e9aaebf0f7,PYTH,-0.022226699
0x521c9c1d68f8684b098be00a5cf479e9aaebf0f7,MANTA,0.017852198
0x521c9c1d68f8684b098be00a5cf479e9aaebf0f7,ONDO,-0.0063587115
0x521c9c1d68f8684b098be00a5cf479e9aaebf0f7,WIF,-0.014159556
0x521c9c1d68f8684b098be00a5cf479e9aaebf0f7,XAI,-0.008542505
0x521c9c1d68f8684b098be00a5cf479e9aaebf0f7,ZETA,-0.006581269
0x521c9c1d68f8684b098be00a5cf479e9aaebf0f7,JUP,-0.012532507
0x521c9c1d68f8684b098be00a5cf479e9aaebf0f7,DYM,-0.009677109
0x521c9c1d68f8684b098be00a5cf479e9aaebf0f7,TRUMP,-0.0070720715
0x521c9c1d68f8684b098be00a5cf479e9aaebf0f7,APEX,-0.05313032
0x521c9c1d68f8684b098be00a5cf479e9aaebf0f7,ARB,-0.009726299
0x521c9c1d68f8684b098be00a5cf479e9aaebf0f7,BOME,-0.02267464
0x521c9c1d68f8684b098be00a5cf479e9aaebf0f7,HYPER,0.0022508414
0x521c9c1d68f8684b098be00a5cf479e9aaebf0f7,ETHFI,-0.011839404
0x521c9c1d68f8684b098be00a5cf479e9aaebf0f7,BRETT,-0.047035467
0x521c9c1d68f8684b098be00a5cf479e9aaebf0f7,W,-0.0025350002
0x521c9c1d68f8684b098be00a5cf479e9aaebf0f7,GOAT,-0.010879249
0x521c9c1d68f8684b098be00a5cf479e9aaebf0f7,POPCAT,-0.012627747
0x521c9c1d68f8684b098be00a5cf479e9aaebf0f7,MERL,-0.008505522
0x521c9c1d68f8684b098be00a5cf479e9aaebf0f7,ZK,-0.0008231459
0x521c9c1d68f8684b098be00a5cf479e9aaebf0f7,TNSR,-0.008778223
0x521c9c1d68f8684b098be00a5cf479e9aaebf0f7,AERO,-0.007310298
0x521c9c1d68f8684b098be00a5cf479e9aaebf0f7,REZ,-0.017771091
0x521c9c1d68f8684b098be00a5cf479e9aaebf0f7,NOT,-0.014801756
0x521c9c1d68f8684b098be00a5cf479e9aaebf0f7,MON,-0.0057925074
0x521c9c1d68f8684b098be00a5cf479e9aaebf0f7,VIRTUAL,-0.0074980496
0x521c9c1d68f8684b098be00a5cf479e9aaebf0f7,IO,-0.011939154
0x521c9c1d68f8684b098be00a5cf479e9aaebf0f7,ZRO,-0.020342322
0x521c9c1d68f8684b098be00a5cf479e9aaebf0f7,WLD,-0.008935917
0x521c9c1d68f8684b098be00a5cf479e9aaebf0f7,NEIRO,-0.029320786
0x521c9c1d68f8684b098be00a5cf479e9aaebf0f7,EIGEN,-0.02736211
0x521c9c1d68f8684b098be00a5cf479e9aaebf0f7,MOVE,-0.019741576
0x521c9c1d68f8684b098be00a5cf479e9aaebf0f7,FARTCOIN,-0.012624507
0x521c9c1d68f8684b098be00a5cf479e9aaebf0f7,GRASS,-0.002900175
0x521c9c1d68f8684b098be00a5cf479e9aaebf0f7,PNUT,-0.016473852
0x521c9c1d68f8684b098be00a5cf479e9aaebf0f7,USUAL,-0.0068184766
0x521c9c1d68f8684b098be00a5cf479e9aaebf0f7,MORPHO,-0.0054063974
0x521c9c1d68f8684b098be00a5cf479e9aaebf0f7,AIXBT,-0.022956803
0x521c9c1d68f8684b098be00a5cf479e9aaebf0f7,HYPE,-0.008027505
0x521c9c1d68f8684b098be00a5cf479e9aaebf0f7,ME,-0.012249356
0x521c9c1d68f8684b098be00a5cf479e9aaebf0f7,PENGU,-0.014099376
0x521c9c1d68f8684b098be00a5cf479e9aaebf0f7,sENA,-0.017297316
0x521c9c1d68f8684b098be00a5cf479e9aaebf0f7,BIO,-0.011698472
0x521c9c1d68f8684b098be00a5cf479e9aaebf0f7,GRIFFAIN,-0.00876322
0x521c9c1d68f8684b098be00a5cf479e9aaebf0f7,MELANIA,-0.016939905
0x521c9c1d68f8684b098be00a5cf479e9aaebf0f7,VINE,-0.0071142083
0x521c9c1d68f8684b098be00a5cf479e9aaebf0f7,ANIME,-0.009822133
0x521c9c1d68f8684b098be00a5cf479e9aaebf0f7,VVV,-0.011872458
0x521c9c1d68f8684b098be00a5cf479e9aaebf0f7,SYRUP,-0.015558887
0x521c9c1d68f8684b098be00a5cf479e9aaebf0f7,BERA,-0.01248312
0x521c9c1d68f8684b098be00a5cf479e9aaebf0f7,IP,0.023756245
0x521c9c1d68f8684b098be00a5cf479e9aaebf0f7,KAITO,0.011069205
0x521c9c1d68f8684b098be00a5cf479e9aaebf0f7,NIL,-0.017691916
0x521c9c1d68f8684b098be00a5cf479e9aaebf0f7,WCT,0.006028694
0x521c9c1d68f8684b098be00a5cf479e9aaebf0f7,PUMP,-0.022260822
0x521c9c1d68f8684b098be00a5cf479e9aaebf0f7,INIT,-0.009477109
0x521c9c1d68f8684b098be00a5cf479e9aaebf0f7,SOPH,0.032566667
0x521c9c1d68f8684b098be00a5cf479e9aaebf0f7,PROVE,0.0054882956
0x521c9c1d68f8684b098be00a5cf479e9aaebf0f7,WLFI,-0.0108327065
0x521c9c1d68f8684b098be00a5cf479e9aaebf0f7,0G,0.003546813
0x521c9c1d68f8684b098be00a5cf479e9aaebf0f7,AVNT,-0.015536295
0x521c9c1d68f8684b098be00a5cf479e9aaebf0f7,ASTER,-0.0067762854
0x521c9c1d68f8684b098be00a5cf479e9aaebf0f7,LINEA,-0.015058221
0x521c9c1d68f8684b098be00a5cf479e9aaebf0f7,HEMI,-0.02810928
0x521c9c1d68f8684b098be00a5cf479e9aaebf0f7,XPL,-0.012785235
0x521c9c1d68f8684b098be00a5cf479e9aaebf0f7,2Z,0.007652476
0x521c9c1d68f8684b098be00a5cf479e9aaebf0f7,CC,-0.0040006554
0x56d3fc9aa7062fd7b893c1ae33b365776ae1ee9d,BTC,-0.0082271796848258
0x56d3fc9aa7062fd7b893c1ae33b365776ae1ee9d,LTC,-0.0075097167928513
0x56d3fc9aa7062fd7b893c1ae33b365776ae1ee9d,XRP,-0.0422387794279438
0x56d3fc9aa7062fd7b893c1ae33b365776ae1ee9d,DOGE,-0.0392316778609795
0x56d3fc9aa7062fd7b893c1ae33b365776ae1ee9d,DASH,-0.0274293249746609
0x56d3fc9aa7062fd7b893c1ae33b365776ae1ee9d,XMR,-0.0212032240886932
0x56d3fc9aa7062fd7b893c1ae33b365776ae1ee9d,XLM,-0.0239457120821503
0x56d3fc9aa7062fd7b893c1ae33b365776ae1ee9d,ETH,-0.0078649665053476
0x56d3fc9aa7062fd7b893c1ae33b365776ae1ee9d,ETC,0.0066050429476661
0x56d3fc9aa7062fd7b893c1ae33b365776ae1ee9d,ZEC,0.0042712606005213
0x56d3fc9aa7062fd7b893c1ae33b365776ae1ee9d,ZEN,-0.0105704574383395
0x56d3fc9aa7062fd7b893c1ae33b365776ae1ee9d,IOTA,-0.0146259651062326
0x56d3fc9aa7062fd7b893c1ae33b365776ae1ee9d,BCH,-0.0060606994368317
0x56d3fc9aa7062fd7b893c1ae33b365776ae1ee9d,BNB,0.0107442828613513
0x56d3fc9aa7062fd7b893c1ae33b365776ae1ee9d,TRX,0.015802982813194
0x56d3fc9aa7062fd7b893c1ae33b365776ae1ee9d,LINK,0.0140886777123783
0x56d3fc9aa7062fd7b893c1ae33b365776ae1ee9d,ADA,-0.0001816902976346
0x56d3fc9aa7062fd7b893c1ae33b365776ae1ee9d,FIL,0.0065755100019964
0x56d3fc9aa7062fd7b893c1ae33b365776ae1ee9d,SNX,0.0004426654936926
0x56d3fc9aa7062fd7b893c1ae33b365776ae1ee9d,BSV,0.0002243393941207
0x56d3fc9aa7062fd7b893c1ae33b365776ae1ee9d,FET,-0.000585459032096
0x56d3fc9aa7062fd7b893c1ae33b365776ae1ee9d,ATOM,0.0006589400197213
0x56d3fc9aa7062fd7b893c1ae33b365776ae1ee9d,RSR,-0.001286379535701
0x56d3fc9aa7062fd7b893c1ae33b365776ae1ee9d,ALGO,-0.0175230417918004
0x56d3fc9aa7062fd7b893c1ae33b365776ae1ee9d,RUNE,-0.00007025772503715063
0x56d3fc9aa7062fd7b893c1ae33b365776ae1ee9d,LUNC,-0.0121939515653547
0x56d3fc9aa7062fd7b893c1ae33b365776ae1ee9d,HBAR,-0.0139660040517734
0x56d3fc9aa7062fd7b893c1ae33b365776ae1ee9d,PAXG,-0.000298292351593
0x56d3fc9aa7062fd7b893c1ae33b365776ae1ee9d,STX,-0.0714338135302278
0x56d3fc9aa7062fd7b893c1ae33b365776ae1ee9d,TRB,-0.0017060230186662
0x56d3fc9aa7062fd7b893c1ae33b365776ae1ee9d,SOL,0.0006410910880799
0x56d3fc9aa7062fd7b893c1ae33b365776ae1ee9d,CELO,-0.0006102972217129
0x56d3fc9aa7062fd7b893c1ae33b365776ae1ee9d,UMA,-0.0149249242648659
0x56d3fc9aa7062fd7b893c1ae33b365776ae1ee9d,AR,-0.0211996973507056
0x56d3fc9aa7062fd7b893c1ae33b365776ae1ee9d,RENDER,-0.0006391249367806
0x56d3fc9aa7062fd7b893c1ae33b365776ae1ee9d,COMP,-0.0093733314664092
0x56d3fc9aa7062fd7b893c1ae33b365776ae1ee9d,AVAX,-0.0004961375973661
0x56d3fc9aa7062fd7b893c1ae33b365776ae1ee9d,SHIB,-0.015843567670694
0x56d3fc9aa7062fd7b893c1ae33b365776ae1ee9d,SAND,-0.0048344515484154
0x56d3fc9aa7062fd7b893c1ae33b365776ae1ee9d,NEAR,-0.0125721309136493
0x56d3fc9aa7062fd7b893c1ae33b365776ae1ee9d,CRV,-0.026604012628187
0x56d3fc9aa7062fd7b893c1ae33b365776ae1ee9d,DOT,0.0106614770515933
0x56d3fc9aa7062fd7b893c1ae33b365776ae1ee9d,SUSHI,0.00003722667175707672
0x56d3fc9aa7062fd7b893c1ae33b365776ae1ee9d,AXS,0.0015977551098837
0x56d3fc9aa7062fd7b893c1ae33b365776ae1ee9d,GALA,-0.0141348850889076
0x56d3fc9aa7062fd7b893c1ae33b365776ae1ee9d,UNI,-0.0219153915527669
0x56d3fc9aa7062fd7b893c1ae33b365776ae1ee9d,CAKE,0.0056267768605711
0x56d3fc9aa7062fd7b893c1ae33b365776ae1ee9d,INJ,-0.016212009410402
0x56d3fc9aa7062fd7b893c1ae33b365776ae1ee9d,AAVE,-0.0177181389527416
0x56d3fc9aa7062fd7b893c1ae33b365776ae1ee9d,CFX,-0.0009740115387372
0x56d3fc9aa7062fd7b893c1ae33b365776ae1ee9d,LDO,-0.005803762757454
0x56d3fc9aa7062fd7b893c1ae33b365776ae1ee9d,MINA,-0.0130043041467667
0x56d3fc9aa7062fd7b893c1ae33b365776ae1ee9d,ICP,-0.0088346802220925
0x56d3fc9aa7062fd7b893c1ae33b365776ae1ee9d,PENDLE,-0.005581306789115
0x56d3fc9aa7062fd7b893c1ae33b365776ae1ee9d,IMX,-0.0061210363023849
0x56d3fc9aa7062fd7b893c1ae33b365776ae1ee9d,FLOKI,-0.0184375365537089
0x56d3fc9aa7062fd7b893c1ae33b365776ae1ee9d,OP,-0.0187184454538268
0x56d3fc9aa7062fd7b893c1ae33b365776ae1ee9d,ARB,-0.024681117597196
0x56d3fc9aa7062fd7b893c1ae33b365776ae1ee9d,GMX,-0.0076831272071434
0x56d3fc9aa7062fd7b893c1ae33b365776ae1ee9d,WLD,-0.0077573204119628
0x56d3fc9aa7062fd7b893c1ae33b365776ae1ee9d,MANTA,-0.0006383272519507
0x56d3fc9aa7062fd7b893c1ae33b365776ae1ee9d,ENS,-0.0046569185995865
0x56d3fc9aa7062fd7b893c1ae33b365776ae1ee9d,PEOPLE,-0.0384157846985457
0x56d3fc9aa7062fd7b893c1ae33b365776ae1ee9d,GMT,-0.0096289849458487
0x56d3fc9aa7062fd7b893c1ae33b365776ae1ee9d,APE,0.00008796737330448332
0x56d3fc9aa7062fd7b893c1ae33b365776ae1ee9d,APEX,-0.0287077761677466
0x56d3fc9aa7062fd7b893c1ae33b365776ae1ee9d,KAS,0.0002840171341035
0x56d3fc9aa7062fd7b893c1ae33b365776ae1ee9d,SUI,-0.0324210295618284
0x56d3fc9aa7062fd7b893c1ae33b365776ae1ee9d,ONDO,-0.0082804906641732
0x56d3fc9aa7062fd7b893c1ae33b365776ae1ee9d,ZETA,-0.0020184361596612
0x56d3fc9aa7062fd7b893c1ae33b365776ae1ee9d,APT,0.0009887852215964
0x56d3fc9aa7062fd7b893c1ae33b365776ae1ee9d,STRK,-0.0006192534878206
0x56d3fc9aa7062fd7b893c1ae33b365776ae1ee9d,TIA,0.0007424883069734
0x56d3fc9aa7062fd7b893c1ae33b365776ae1ee9d,TAO,-0.0082491883916707
0x56d3fc9aa7062fd7b893c1ae33b365776ae1ee9d,BONK,-0.0218315047835521
0x56d3fc9aa7062fd7b893c1ae33b365776ae1ee9d,BLUR,-0.0038737996467174
0x56d3fc9aa7062fd7b893c1ae33b365776ae1ee9d,SEI,-0.0005052598615121
0x56d3fc9aa7062fd7b893c1ae33b365776ae1ee9d,ZK,-0.0014935768889774
0x56d3fc9aa7062fd7b893c1ae33b365776ae1ee9d,PEPE,-0.0607450096899616
0x56d3fc9aa7062fd7b893c1ae33b365776ae1ee9d,BERA,-0.0039151570796122
0x56d3fc9aa7062fd7b893c1ae33b365776ae1ee9d,TURBO,-0.0135512846518662
0x56d3fc9aa7062fd7b893c1ae33b365776ae1ee9d,ORDI,-0.0032460831520794
0x56d3fc9aa7062fd7b893c1ae33b365776ae1ee9d,ZRO,-0.0243099849315037
0x56d3fc9aa7062fd7b893c1ae33b365776ae1ee9d,MNT,-0.0032883808821311
0x56d3fc9aa7062fd7b893c1ae33b365776ae1ee9d,LINEA,0.0011504234994135
0x56d3fc9aa7062fd7b893c1ae33b365776ae1ee9d,PYTH,-0.0017796111725609
0x56d3fc9aa7062fd7b893c1ae33b365776ae1ee9d,MEME,-0.0369175149622171
0x56d3fc9aa7062fd7b893c1ae33b365776ae1ee9d,POL,-0.0470877285314562
0x56d3fc9aa7062fd7b893c1ae33b365776ae1ee9d,JTO,-0.0032737400851057
0x56d3fc9aa7062fd7b893c1ae33b365776ae1ee9d,WIF,-0.0151000965365561
0x56d3fc9aa7062fd7b893c1ae33b365776ae1ee9d,POPCAT,-0.0102297451037747
0x56d3fc9aa7062fd7b893c1ae33b365776ae1ee9d,NOT,-0.005563404891021
0x56d3fc9aa7062fd7b893c1ae33b365776ae1ee9d,DYM,-0.0055633534090011
0x56d3fc9aa7062fd7b893c1ae33b365776ae1ee9d,XAI,-0.0109840864539441
0x56d3fc9aa7062fd7b893c1ae33b365776ae1ee9d,ALT,-0.0079564321106849
0x56d3fc9aa7062fd7b893c1ae33b365776ae1ee9d,JUP,-0.017410807322055
0x56d3fc9aa7062fd7b893c1ae33b365776ae1ee9d,AERO,0.0028671860713122
0x56d3fc9aa7062fd7b893c1ae33b365776ae1ee9d,VIRTUAL,-0.0103876437069454
0x56d3fc9aa7062fd7b893c1ae33b365776ae1ee9d,W,-0.0221057531887569
0x56d3fc9aa7062fd7b893c1ae33b365776ae1ee9d,BRETT,-0.0276035472868216
0x56d3fc9aa7062fd7b893c1ae33b365776ae1ee9d,ETHFI,-0.0169881234002559
0x56d3fc9aa7062fd7b893c1ae33b365776ae1ee9d,IO,-0.0111613150691585
0x56d3fc9aa7062fd7b893c1ae33b365776ae1ee9d,BOME,-0.0159259781903092
0x56d3fc9aa7062fd7b893c1ae33b365776ae1ee9d,sENA,-0.0978036830558455
0x56d3fc9aa7062fd7b893c1ae33b365776ae1ee9d,TNSR,-0.0072860937982131
0x56d3fc9aa7062fd7b893c1ae33b365776ae1ee9d,EIGEN,-0.0019628084332662
0x56d3fc9aa7062fd7b893c1ae33b365776ae1ee9d,MON,-0.0161970603704487
0x56d3fc9aa7062fd7b893c1ae33b365776ae1ee9d,MERL,-0.0023664951970471
0x56d3fc9aa7062fd7b893c1ae33b365776ae1ee9d,REZ,-0.0112324700620581
0x56d3fc9aa7062fd7b893c1ae33b365776ae1ee9d,SOPH,0.0078229393935889
0x56d3fc9aa7062fd7b893c1ae33b365776ae1ee9d,HYPE,-0.0272033614822249
0x56d3fc9aa7062fd7b893c1ae33b365776ae1ee9d,ME,-0.0010580159793256
0x56d3fc9aa7062fd7b893c1ae33b365776ae1ee9d,BABY,-0.0246087991532588
0x56d3fc9aa7062fd7b893c1ae33b365776ae1ee9d,MOVE,-0.0640193467023303
0x56d3fc9aa7062fd7b893c1ae33b365776ae1ee9d,NEIRO,-0.033585259631082
0x56d3fc9aa7062fd7b893c1ae33b365776ae1ee9d,S,-0.0320249755941056
0x56d3fc9aa7062fd7b893c1ae33b365776ae1ee9d,GRASS,-0.0159850434711359
0x56d3fc9aa7062fd7b893c1ae33b365776ae1ee9d,SKY,-0.018144955100111
0x56d3fc9aa7062fd7b893c1ae33b365776ae1ee9d,INIT,0.0002034502336561
0x56d3fc9aa7062fd7b893c1ae33b365776ae1ee9d,WCT,-0.0073885925607238
0x56d3fc9aa7062fd7b893c1ae33b365776ae1ee9d,WLFI,-0.0192211415786607
0x56d3fc9aa7062fd7b893c1ae33b365776ae1ee9d,GOAT,-0.025521881368897
0x56d3fc9aa7062fd7b893c1ae33b365776ae1ee9d,FARTCOIN,-0.00009825128248941286
0x56d3fc9aa7062fd7b893c1ae33b365776ae1ee9d,PNUT,-0.0067674267296665
0x56d3fc9aa7062fd7b893c1ae33b365776ae1ee9d,SYRUP,-0.0258644831524073
0x56d3fc9aa7062fd7b893c1ae33b365776ae1ee9d,USUAL,0.0012867064726848
0x56d3fc9aa7062fd7b893c1ae33b365776ae1ee9d,AIXBT,-0.00501116517552
0x56d3fc9aa7062fd7b893c1ae33b365776ae1ee9d,MORPHO,0.0092320219857583
0x56d3fc9aa7062fd7b893c1ae33b365776ae1ee9d,PENGU,-0.0224197502050037
0x56d3fc9aa7062fd7b893c1ae33b365776ae1ee9d,GRIFFAIN,-0.0034257164964586
0x56d3fc9aa7062fd7b893c1ae33b365776ae1ee9d,BIO,-0.0488997918302552
0x56d3fc9aa7062fd7b893c1ae33b365776ae1ee9d,ANIME,-0.0060187036289097
0x56d3fc9aa7062fd7b893c1ae33b365776ae1ee9d,TRUMP,0.0379376557726028
0x56d3fc9aa7062fd7b893c1ae33b365776ae1ee9d,MELANIA,-0.0221589569078817
0x56d3fc9aa7062fd7b893c1ae33b365776ae1ee9d,VINE,-0.0030132444404473
0x56d3fc9aa7062fd7b893c1ae33b365776ae1ee9d,LAYER,-0.0047181146941807
0x56d3fc9aa7062fd7b893c1ae33b365776ae1ee9d,VVV,-0.0126939107764635
0x56d3fc9aa7062fd7b893c1ae33b365776ae1ee9d,IP,0.0168163127266335
0x56d3fc9aa7062fd7b893c1ae33b365776ae1ee9d,NIL,-0.019354578713249
0x56d3fc9aa7062fd7b893c1ae33b365776ae1ee9d,KAITO,-0.0527975039450197
0x56d3fc9aa7062fd7b893c1ae33b365776ae1ee9d,ZORA,-0.027214449349388
0x56d3fc9aa7062fd7b893c1ae33b365776ae1ee9d,HYPER,-0.0030507273496685
0x56d3fc9aa7062fd7b893c1ae33b365776ae1ee9d,ASTER,0.0055024542161726
0x56d3fc9aa7062fd7b893c1ae33b365776ae1ee9d,PUMP,-0.0222239167753583
0x56d3fc9aa7062fd7b893c1ae33b365776ae1ee9d,XPL,0.0001644101380982
0x56d3fc9aa7062fd7b893c1ae33b365776ae1ee9d,CC,-0.028617511895637
0x56d3fc9aa7062fd7b893c1ae33b365776ae1ee9d,PROVE,-0.0192441068744772
0x56d3fc9aa7062fd7b893c1ae33b365776ae1ee9d,HEMI,-0.016773854948309
0x56d3fc9aa7062fd7b893c1ae33b365776ae1ee9d,AVNT,-0.0082204623501729
0x56d3fc9aa7062fd7b893c1ae33b365776ae1ee9d,0G,-0.0023515729125628
0x56d3fc9aa7062fd7b893c1ae33b365776ae1ee9d,2Z,0.0051029028317546
0x56d3fc9aa7062fd7b893c1ae33b365776ae1ee9d,LIT,-0.0102777386346261
0x5f05ab6ed6106d6c962823e481bd9f39c6d60e96,BTC,-0.0092644062798112
0x5f05ab6ed6106d6c962823e481bd9f39c6d60e96,LTC,0.0002424939993098
0x5f05ab6ed6106d6c962823e481bd9f39c6d60e96,XRP,-0.0330815896424869
0x5f05ab6ed6106d6c962823e481bd9f39c6d60e96,DOGE,-0.0278645057373517
0x5f05ab6ed6106d6c962823e481bd9f39c6d60e96,DASH,-0.0069367441235686
0x5f05ab6ed6106d6c962823e481bd9f39c6d60e96,XMR,-0.019902750286805
0x5f05ab6ed6106d6c962823e481bd9f39c6d60e96,XLM,-0.0082688199732074
0x5f05ab6ed6106d6c962823e481bd9f39c6d60e96,ETH,-0.0321669866488278
0x5f05ab6ed6106d6c962823e481bd9f39c6d60e96,ETC,0.01350117773188
0x5f05ab6ed6106d6c962823e481bd9f39c6d60e96,ZEC,0.0218931089162877
0x5f05ab6ed6106d6c962823e481bd9f39c6d60e96,ZEN,0.00133653047316
0x5f05ab6ed6106d6c962823e481bd9f39c6d60e96,IOTA,-0.0091220634181898
0x5f05ab6ed6106d6c962823e481bd9f39c6d60e96,BCH,-0.0151951542599459
0x5f05ab6ed6106d6c962823e481bd9f39c6d60e96,BNB,0.0130497054458491
0x5f05ab6ed6106d6c962823e481bd9f39c6d60e96,TRX,0.0068774853527157
0x5f05ab6ed6106d6c962823e481bd9f39c6d60e96,LINK,0.0071189774053849
0x5f05ab6ed6106d6c962823e481bd9f39c6d60e96,ADA,-0.0124951680573874
0x5f05ab6ed6106d6c962823e481bd9f39c6d60e96,FIL,0.0026258628299159
0x5f05ab6ed6106d6c962823e481bd9f39c6d60e96,SNX,0.0087578540761174
0x5f05ab6ed6106d6c962823e481bd9f39c6d60e96,BSV,0.0246214884369468
0x5f05ab6ed6106d6c962823e481bd9f39c6d60e96,FET,0.0019233245845465
0x5f05ab6ed6106d6c962823e481bd9f39c6d60e96,ATOM,0.0099614648663073
0x5f05ab6ed6106d6c962823e481bd9f39c6d60e96,RSR,-0.0087919586775404
0x5f05ab6ed6106d6c962823e481bd9f39c6d60e96,ALGO,-0.0287912002259995
0x5f05ab6ed6106d6c962823e481bd9f39c6d60e96,RUNE,0.0075885735589228
0x5f05ab6ed6106d6c962823e481bd9f39c6d60e96,LUNC,0.0031967370311265
0x5f05ab6ed6106d6c962823e481bd9f39c6d60e96,HBAR,0.0005257042420352
0x5f05ab6ed6106d6c962823e481bd9f39c6d60e96,PAXG,0.0172353766337386
0x5f05ab6ed6106d6c962823e481bd9f39c6d60e96,STX,-0.100107977042001
0x5f05ab6ed6106d6c962823e481bd9f39c6d60e96,TRB,-0.0076994010146603
0x5f05ab6ed6106d6c962823e481bd9f39c6d60e96,SOL,-0.0008045828844778
0x5f05ab6ed6106d6c962823e481bd9f39c6d60e96,CELO,0.005102773992167
0x5f05ab6ed6106d6c962823e481bd9f39c6d60e96,UMA,-0.0150323640925065
0x5f05ab6ed6106d6c962823e481bd9f39c6d60e96,AR,0.0007938841274722
0x5f05ab6ed6106d6c962823e481bd9f39c6d60e96,RENDER,0.0117928291078812
0x5f05ab6ed6106d6c962823e481bd9f39c6d60e96,COMP,0.0054618391465721
0x5f05ab6ed6106d6c962823e481bd9f39c6d60e96,AVAX,0.0085798938485457
0x5f05ab6ed6106d6c962823e481bd9f39c6d60e96,SHIB,-0.0093053984266783
0x5f05ab6ed6106d6c962823e481bd9f39c6d60e96,SAND,0.0008854369239621
0x5f05ab6ed6106d6c962823e481bd9f39c6d60e96,NEAR,0.003575486465788
0x5f05ab6ed6106d6c962823e481bd9f39c6d60e96,CRV,-0.0125917145870332
0x5f05ab6ed6106d6c962823e481bd9f39c6d60e96,DOT,0.0033872757829805
0x5f05ab6ed6106d6c962823e481bd9f39c6d60e96,SUSHI,0.0114864130820256
0x5f05ab6ed6106d6c962823e481bd9f39c6d60e96,AXS,0.01392112910845
0x5f05ab6ed6106d6c962823e481bd9f39c6d60e96,GALA,-0.0007437152084869
0x5f05ab6ed6106d6c962823e481bd9f39c6d60e96,UNI,-0.0260684175103206
0x5f05ab6ed6106d6c962823e481bd9f39c6d60e96,CAKE,0.0157222740792438
0x5f05ab6ed6106d6c962823e481bd9f39c6d60e96,INJ,-0.0106648766388077
0x5f05ab6ed6106d6c962823e481bd9f39c6d60e96,AAVE,-0.0071410520792088
0x5f05ab6ed6106d6c962823e481bd9f39c6d60e96,CFX,0.0050764929279105
0x5f05ab6ed6106d6c962823e481bd9f39c6d60e96,LDO,0.0009452433179288
0x5f05ab6ed6106d6c962823e481bd9f39c6d60e96,MINA,-0.0070704400156601
0x5f05ab6ed6106d6c962823e481bd9f39c6d60e96,ICP,0.0066656935159919
0x5f05ab6ed6106d6c962823e481bd9f39c6d60e96,PENDLE,-0.0101783355316774
0x5f05ab6ed6106d6c962823e481bd9f39c6d60e96,IMX,0.001651697931737
0x5f05ab6ed6106d6c962823e481bd9f39c6d60e96,FLOKI,-0.0033118461983313
0x5f05ab6ed6106d6c962823e481bd9f39c6d60e96,OP,-0.0415716749981774
0x5f05ab6ed6106d6c962823e481bd9f39c6d60e96,ARB,-0.0033472861476919
0x5f05ab6ed6106d6c962823e481bd9f39c6d60e96,GMX,0.008895339745944
0x5f05ab6ed6106d6c962823e481bd9f39c6d60e96,WLD,0.0010140284728428
0x5f05ab6ed6106d6c962823e481bd9f39c6d60e96,MANTA,0.0074731365732238
0x5f05ab6ed6106d6c962823e481bd9f39c6d60e96,ENS,-0.0131173584059037
0x5f05ab6ed6106d6c962823e481bd9f39c6d60e96,PEOPLE,-0.0207768744117015
0x5f05ab6ed6106d6c962823e481bd9f39c6d60e96,GMT,0.0012331852761601
0x5f05ab6ed6106d6c962823e481bd9f39c6d60e96,APE,0.0054795027849327
0x5f05ab6ed6106d6c962823e481bd9f39c6d60e96,APEX,-0.0192442032212784
0x5f05ab6ed6106d6c962823e481bd9f39c6d60e96,KAS,0.0147992409090452
0x5f05ab6ed6106d6c962823e481bd9f39c6d60e96,SUI,-0.0112381811866564
0x5f05ab6ed6106d6c962823e481bd9f39c6d60e96,ONDO,-0.0041954872256996
0x5f05ab6ed6106d6c962823e481bd9f39c6d60e96,ZETA,0.0071564214126653
0x5f05ab6ed6106d6c962823e481bd9f39c6d60e96,APT,0.011447870768592
0x5f05ab6ed6106d6c962823e481bd9f39c6d60e96,STRK,0.0106956789061372
0x5f05ab6ed6106d6c962823e481bd9f39c6d60e96,TIA,0.014387973066376
0x5f05ab6ed6106d6c962823e481bd9f39c6d60e96,TAO,0.000009194919932727809
0x5f05ab6ed6106d6c962823e481bd9f39c6d60e96,BONK,-0.0046715895393661
0x5f05ab6ed6106d6c962823e481bd9f39c6d60e96,BLUR,0.0065681342947761
0x5f05ab6ed6106d6c962823e481bd9f39c6d60e96,SEI,0.0053886769047012
0x5f05ab6ed6106d6c962823e481bd9f39c6d60e96,ZK,0.0070708699392062
0x5f05ab6ed6106d6c962823e481bd9f39c6d60e96,PEPE,-0.0202343447172913
0x5f05ab6ed6106d6c962823e481bd9f39c6d60e96,BERA,0.0046602495826745
0x5f05ab6ed6106d6c962823e481bd9f39c6d60e96,TURBO,-0.0022818077618742
0x5f05ab6ed6106d6c962823e481bd9f39c6d60e96,ORDI,0.0154059611903453
0x5f05ab6ed6106d6c962823e481bd9f39c6d60e96,ZRO,-0.0116768801622176
0x5f05ab6ed6106d6c962823e481bd9f39c6d60e96,MNT,0.0073735110252227
0x5f05ab6ed6106d6c962823e481bd9f39c6d60e96,LINEA,0.0134509348482449
0x5f05ab6ed6106d6c962823e481bd9f39c6d60e96,PYTH,-0.0002966733031458
0x5f05ab6ed6106d6c962823e481bd9f39c6d60e96,MEME,-0.0070697727280834
0x5f05ab6ed6106d6c962823e481bd9f39c6d60e96,POL,-0.0082588219046557
0x5f05ab6ed6106d6c962823e481bd9f39c6d60e96,JTO,0.0079308381405594
0x5f05ab6ed6106d6c962823e481bd9f39c6d60e96,WIF,-0.0047538443962835
0x5f05ab6ed6106d6c962823e481bd9f39c6d60e96,POPCAT,-0.003272380972858
0x5f05ab6ed6106d6c962823e481bd9f39c6d60e96,NOT,0.007087105738776
0x5f05ab6ed6106d6c962823e481bd9f39c6d60e96,DYM,0.0072789056802052
0x5f05ab6ed6106d6c962823e481bd9f39c6d60e96,XAI,0.0042252383168473
0x5f05ab6ed6106d6c962823e481bd9f39c6d60e96,ALT,-0.0007214346266353
0x5f05ab6ed6106d6c962823e481bd9f39c6d60e96,JUP,0.000004983912483941332
0x5f05ab6ed6106d6c962823e481bd9f39c6d60e96,AERO,0.0106704116679688
0x5f05ab6ed6106d6c962823e481bd9f39c6d60e96,VIRTUAL,-0.0173412625091584
0x5f05ab6ed6106d6c962823e481bd9f39c6d60e96,W,-0.0255084130834628
0x5f05ab6ed6106d6c962823e481bd9f39c6d60e96,BRETT,-0.0258872608999455
0x5f05ab6ed6106d6c962823e481bd9f39c6d60e96,ETHFI,-0.0043742418157678
0x5f05ab6ed6106d6c962823e481bd9f39c6d60e96,IO,-0.0224099658392179
0x5f05ab6ed6106d6c962823e481bd9f39c6d60e96,BOME,-0.0324620499926777
0x5f05ab6ed6106d6c962823e481bd9f39c6d60e96,sENA,-0.079993840408442
0x5f05ab6ed6106d6c962823e481bd9f39c6d60e96,TNSR,0.0116955844126422
0x5f05ab6ed6106d6c962823e481bd9f39c6d60e96,EIGEN,0.0038939622007243
0x5f05ab6ed6106d6c962823e481bd9f39c6d60e96,MON,-0.0023929905507627
0x5f05ab6ed6106d6c962823e481bd9f39c6d60e96,MERL,0.0090858701408699
0x5f05ab6ed6106d6c962823e481bd9f39c6d60e96,REZ,0.0026828819723841
0x5f05ab6ed6106d6c962823e481bd9f39c6d60e96,SOPH,0.0104100761629785
0x5f05ab6ed6106d6c962823e481bd9f39c6d60e96,HYPE,-0.0160411587611187
0x5f05ab6ed6106d6c962823e481bd9f39c6d60e96,ME,0.0060669602613216
0x5f05ab6ed6106d6c962823e481bd9f39c6d60e96,BABY,-0.0154356712391137
0x5f05ab6ed6106d6c962823e481bd9f39c6d60e96,MOVE,-0.0479169916324022
0x5f05ab6ed6106d6c962823e481bd9f39c6d60e96,NEIRO,-0.0181501425855991
0x5f05ab6ed6106d6c962823e481bd9f39c6d60e96,S,-0.0243203594942185
0x5f05ab6ed6106d6c962823e481bd9f39c6d60e96,GRASS,-0.0004330863862577
0x5f05ab6ed6106d6c962823e481bd9f39c6d60e96,SKY,-0.0115568221101576
0x5f05ab6ed6106d6c962823e481bd9f39c6d60e96,INIT,0.0090496088163005
0x5f05ab6ed6106d6c962823e481bd9f39c6d60e96,WCT,0.0082566871196382
0x5f05ab6ed6106d6c962823e481bd9f39c6d60e96,WLFI,0.0007592066457268
0x5f05ab6ed6106d6c962823e481bd9f39c6d60e96,GOAT,-0.0121734553580628
0x5f05ab6ed6106d6c962823e481bd9f39c6d60e96,FARTCOIN,0.0092929102727037
0x5f05ab6ed6106d6c962823e481bd9f39c6d60e96,PNUT,0.0073098039416476
0x5f05ab6ed6106d6c962823e481bd9f39c6d60e96,SYRUP,0.0012392034572402
0x5f05ab6ed6106d6c962823e481bd9f39c6d60e96,USUAL,-0.0325798073654023
0x5f05ab6ed6106d6c962823e481bd9f39c6d60e96,AIXBT,0.0034853555553646
0x5f05ab6ed6106d6c962823e481bd9f39c6d60e96,MORPHO,0.0001194406105009
0x5f05ab6ed6106d6c962823e481bd9f39c6d60e96,PENGU,-0.0191058913522465
0x5f05ab6ed6106d6c962823e481bd9f39c6d60e96,GRIFFAIN,0.0088116168565454
0x5f05ab6ed6106d6c962823e481bd9f39c6d60e96,BIO,-0.0256880006351409
0x5f05ab6ed6106d6c962823e481bd9f39c6d60e96,ANIME,0.0062314109734689
0x5f05ab6ed6106d6c962823e481bd9f39c6d60e96,TRUMP,0.004898916868802
0x5f05ab6ed6106d6c962823e481bd9f39c6d60e96,MELANIA,-0.0115594030084333
0x5f05ab6ed6106d6c962823e481bd9f39c6d60e96,VINE,0.0019009877954137
0x5f05ab6ed6106d6c962823e481bd9f39c6d60e96,LAYER,-0.0134427736719237
0x5f05ab6ed6106d6c962823e481bd9f39c6d60e96,VVV,-0.0031916883295565
0x5f05ab6ed6106d6c962823e481bd9f39c6d60e96,IP,-0.0023055584441649
0x5f05ab6ed6106d6c962823e481bd9f39c6d60e96,NIL,0.0006584553360343
0x5f05ab6ed6106d6c962823e481bd9f39c6d60e96,KAITO,-0.1293347593354895
0x5f05ab6ed6106d6c962823e481bd9f39c6d60e96,ZORA,-0.015097850353408
0x5f05ab6ed6106d6c962823e481bd9f39c6d60e96,HYPER,0.0034834292774864
0x5f05ab6ed6106d6c962823e481bd9f39c6d60e96,ASTER,0.0073091215713109
0x5f05ab6ed6106d6c962823e481bd9f39c6d60e96,PUMP,-0.0212884282127416
0x5f05ab6ed6106d6c962823e481bd9f39c6d60e96,XPL,-0.0031120197187995
0x5f05ab6ed6106d6c962823e481bd9f39c6d60e96,CC,-0.0165934592753892
0x5f05ab6ed6106d6c962823e481bd9f39c6d60e96,PROVE,-0.0326739197906291
0x5f05ab6ed6106d6c962823e481bd9f39c6d60e96,HEMI,-0.0297488343578157
0x5f05ab6ed6106d6c962823e481bd9f39c6d60e96,AVNT,0.0033993455045496
0x5f05ab6ed6106d6c962823e481bd9f39c6d60e96,0G,0.0061748070075934
0x5f05ab6ed6106d6c962823e481bd9f39c6d60e96,2Z,0.0126833493041148
0x5f05ab6ed6106d6c962823e481bd9f39c6d60e96,LIT,0.0070614526099701
0x6317b52d3888a74b093fcaa31a5d723d90b1cf8d,SKY,0.7066304961285692
0x6317b52d3888a74b093fcaa31a5d723d90b1cf8d,TRX,0.0794422751127965
0x6317b52d3888a74b093fcaa31a5d723d90b1cf8d,XLM,0.2816594909789977
0x6317b52d3888a74b093fcaa31a5d723d90b1cf8d,XMR,-0.0491508293714438
0x6317b52d3888a74b093fcaa31a5d723d90b1cf8d,XRP,0.0521299183516493
0x6317b52d3888a74b093fcaa31a5d723d90b1cf8d,ZEC,0.2230757619324996
0x6317b52d3888a74b093fcaa31a5d723d90b1cf8d,BCH,0.1621290031175457
0x6317b52d3888a74b093fcaa31a5d723d90b1cf8d,BTC,-0.0674495622497838
0x6317b52d3888a74b093fcaa31a5d723d90b1cf8d,DOGE,0.8961868603876497
0x6317b52d3888a74b093fcaa31a5d723d90b1cf8d,ETC,0.2377341159664376
0x6317b52d3888a74b093fcaa31a5d723d90b1cf8d,LTC,-0.1203179370966138
0x6317b52d3888a74b093fcaa31a5d723d90b1cf8d,ETH,-0.0258745419436879
0x6317b52d3888a74b093fcaa31a5d723d90b1cf8d,ADA,0.0083348586018179
0x6317b52d3888a74b093fcaa31a5d723d90b1cf8d,LINK,0.0219365864244694
0x6317b52d3888a74b093fcaa31a5d723d90b1cf8d,S,-0.0522300985115805
0x6317b52d3888a74b093fcaa31a5d723d90b1cf8d,ATOM,-0.129281255056835
0x6317b52d3888a74b093fcaa31a5d723d90b1cf8d,SNX,-0.0436676889122229
0x6317b52d3888a74b093fcaa31a5d723d90b1cf8d,RSR,0.0710770089828846
0x6317b52d3888a74b093fcaa31a5d723d90b1cf8d,ALGO,-0.1203218916836486
0x6317b52d3888a74b093fcaa31a5d723d90b1cf8d,RUNE,-0.0807692355575998
0x6317b52d3888a74b093fcaa31a5d723d90b1cf8d,TRB,0.0713153588398159
0x6317b52d3888a74b093fcaa31a5d723d90b1cf8d,SOL,-0.1101088342653393
0x6317b52d3888a74b093fcaa31a5d723d90b1cf8d,UMA,0.2077830584979126
0x6317b52d3888a74b093fcaa31a5d723d90b1cf8d,PAXG,0.0032454066377519
0x6317b52d3888a74b093fcaa31a5d723d90b1cf8d,COMP,-0.0539962923634171
0x6317b52d3888a74b093fcaa31a5d723d90b1cf8d,AVAX,0.0783470453412624
0x6317b52d3888a74b093fcaa31a5d723d90b1cf8d,SAND,0.1412835795867814
0x6317b52d3888a74b093fcaa31a5d723d90b1cf8d,CRV,0.0106599701558602
0x6317b52d3888a74b093fcaa31a5d723d90b1cf8d,LAYER,62.99785820093111
0x6317b52d3888a74b093fcaa31a5d723d90b1cf8d,DOT,-0.0107597404892382
0x6317b52d3888a74b093fcaa31a5d723d90b1cf8d,SUSHI,0.0471733454620686
0x6317b52d3888a74b093fcaa31a5d723d90b1cf8d,UNI,-0.1921244745402285
0x6317b52d3888a74b093fcaa31a5d723d90b1cf8d,AAVE,-0.1427657024612577
0x6317b52d3888a74b093fcaa31a5d723d90b1cf8d,NEAR,-0.0987457195862301
0x6317b52d3888a74b093fcaa31a5d723d90b1cf8d,FIL,0.0493790782447201
0x6317b52d3888a74b093fcaa31a5d723d90b1cf8d,AXS,0.1387790062661121
0x6317b52d3888a74b093fcaa31a5d723d90b1cf8d,INJ,-0.143617416407255
0x6317b52d3888a74b093fcaa31a5d723d90b1cf8d,ZORA,0.5735206739624438
0x6317b52d3888a74b093fcaa31a5d723d90b1cf8d,CELO,-0.0862010766413307
0x6317b52d3888a74b093fcaa31a5d723d90b1cf8d,LIT,0.6321109044583735
0x6317b52d3888a74b093fcaa31a5d723d90b1cf8d,SHIB,0.4611850774475418
0x6317b52d3888a74b093fcaa31a5d723d90b1cf8d,ICP,0.0381072719144633
0x6317b52d3888a74b093fcaa31a5d723d90b1cf8d,RENDER,0.0134151853864291
0x6317b52d3888a74b093fcaa31a5d723d90b1cf8d,LDO,0.219199912598854
0x6317b52d3888a74b093fcaa31a5d723d90b1cf8d,GALA,0.6825210258714361
0x6317b52d3888a74b093fcaa31a5d723d90b1cf8d,FET,-0.023317346609834
0x6317b52d3888a74b093fcaa31a5d723d90b1cf8d,ENS,0.0514163240842218
0x6317b52d3888a74b093fcaa31a5d723d90b1cf8d,IMX,-0.0291243088421487
0x6317b52d3888a74b093fcaa31a5d723d90b1cf8d,PEOPLE,0.3065939743459145
0x6317b52d3888a74b093fcaa31a5d723d90b1cf8d,GMT,-0.1117598987156161
0x6317b52d3888a74b093fcaa31a5d723d90b1cf8d,FLOKI,0.7383220173160703
0x6317b52d3888a74b093fcaa31a5d723d90b1cf8d,POL,-0.0552174640208057
0x6317b52d3888a74b093fcaa31a5d723d90b1cf8d,APE,0.1162752440723844
0x6317b52d3888a74b093fcaa31a5d723d90b1cf8d,GMX,-0.0363805878422983
0x6317b52d3888a74b093fcaa31a5d723d90b1cf8d,BLUR,-0.0503378814199777
0x6317b52d3888a74b093fcaa31a5d723d90b1cf8d,PENDLE,-0.0742136230158962
0x6317b52d3888a74b093fcaa31a5d723d90b1cf8d,MINA,-0.0231065015625058
0x6317b52d3888a74b093fcaa31a5d723d90b1cf8d,LUNC,0.1520167300467454
0x6317b52d3888a74b093fcaa31a5d723d90b1cf8d,MEME,0.0337814275527752
0x6317b52d3888a74b093fcaa31a5d723d90b1cf8d,OP,0.0076327398810801
0x6317b52d3888a74b093fcaa31a5d723d90b1cf8d,ZEN,0.0531717676429472
0x6317b52d3888a74b093fcaa31a5d723d90b1cf8d,STRK,5.116164753730075
0x6317b52d3888a74b093fcaa31a5d723d90b1cf8d,STX,-0.1175528702340621
0x6317b52d3888a74b093fcaa31a5d723d90b1cf8d,CFX,0.1470590773651789
0x6317b52d3888a74b093fcaa31a5d723d90b1cf8d,CAKE,0.1878478122054998
0x6317b52d3888a74b093fcaa31a5d723d90b1cf8d,DASH,0.0465127280410386
0x6317b52d3888a74b093fcaa31a5d723d90b1cf8d,BSV,0.138136913027774
0x6317b52d3888a74b093fcaa31a5d723d90b1cf8d,AR,0.0897358275340003
0x6317b52d3888a74b093fcaa31a5d723d90b1cf8d,APT,-0.1066721984420242
0x6317b52d3888a74b093fcaa31a5d723d90b1cf8d,ALT,-0.1076205932489841
0x6317b52d3888a74b093fcaa31a5d723d90b1cf8d,BNB,0.0300432061110936
0x6317b52d3888a74b093fcaa31a5d723d90b1cf8d,BONK,0.1864904453394973
0x6317b52d3888a74b093fcaa31a5d723d90b1cf8d,BABY,-0.0153669757549504
0x6317b52d3888a74b093fcaa31a5d723d90b1cf8d,HBAR,0.0610417134311029
0x6317b52d3888a74b093fcaa31a5d723d90b1cf8d,KAS,-0.0119527963785628
0x6317b52d3888a74b093fcaa31a5d723d90b1cf8d,PEPE,0.7528270631311632
0x6317b52d3888a74b093fcaa31a5d723d90b1cf8d,ORDI,0.3769398009944685
0x6317b52d3888a74b093fcaa31a5d723d90b1cf8d,SUI,0.0223692917389101
0x6317b52d3888a74b093fcaa31a5d723d90b1cf8d,MNT,4.319150890075824
0x6317b52d3888a74b093fcaa31a5d723d90b1cf8d,IOTA,-0.0577367235388753
0x6317b52d3888a74b093fcaa31a5d723d90b1cf8d,TURBO,0.5981877691643323
0x6317b52d3888a74b093fcaa31a5d723d90b1cf8d,TIA,-0.0011881038759446
0x6317b52d3888a74b093fcaa31a5d723d90b1cf8d,SEI,-0.0425890662889096
0x6317b52d3888a74b093fcaa31a5d723d90b1cf8d,TAO,-0.0539547884539862
0x6317b52d3888a74b093fcaa31a5d723d90b1cf8d,JTO,-0.0194052782023153
0x6317b52d3888a74b093fcaa31a5d723d90b1cf8d,PYTH,-0.076128686421016
0x6317b52d3888a74b093fcaa31a5d723d90b1cf8d,MANTA,-0.1208019746021815
0x6317b52d3888a74b093fcaa31a5d723d90b1cf8d,ONDO,-0.0790609472089594
0x6317b52d3888a74b093fcaa31a5d723d90b1cf8d,WIF,-0.0770107284476114
0x6317b52d3888a74b093fcaa31a5d723d90b1cf8d,XAI,0.0103264065915392
0x6317b52d3888a74b093fcaa31a5d723d90b1cf8d,ZETA,-0.0641128713347025
0x6317b52d3888a74b093fcaa31a5d723d90b1cf8d,JUP,-0.1494008725285817
0x6317b52d3888a74b093fcaa31a5d723d90b1cf8d,DYM,-0.0559489921902249
0x6317b52d3888a74b093fcaa31a5d723d90b1cf8d,TRUMP,13.446111443419111
0x6317b52d3888a74b093fcaa31a5d723d90b1cf8d,APEX,1.783394761119381
0x6317b52d3888a74b093fcaa31a5d723d90b1cf8d,ARB,-0.0293838171503701
0x6317b52d3888a74b093fcaa31a5d723d90b1cf8d,BOME,-0.1452105343645691
0x6317b52d3888a74b093fcaa31a5d723d90b1cf8d,HYPER,134.20340098597978
0x6317b52d3888a74b093fcaa31a5d723d90b1cf8d,ETHFI,0.114709111348219
0x6317b52d3888a74b093fcaa31a5d723d90b1cf8d,BRETT,0.0258842270285901
0x6317b52d3888a74b093fcaa31a5d723d90b1cf8d,W,-0.1295357817502214
0x6317b52d3888a74b093fcaa31a5d723d90b1cf8d,GOAT,-0.1382088144483295
0x6317b52d3888a74b093fcaa31a5d723d90b1cf8d,POPCAT,-0.0016484426023212
0x6317b52d3888a74b093fcaa31a5d723d90b1cf8d,MERL,0.1149247007471658
0x6317b52d3888a74b093fcaa31a5d723d90b1cf8d,ZK,0.0359352988678287
0x6317b52d3888a74b093fcaa31a5d723d90b1cf8d,TNSR,0.5243163876326888
0x6317b52d3888a74b093fcaa31a5d723d90b1cf8d,AERO,-0.0409039554189339
0x6317b52d3888a74b093fcaa31a5d723d90b1cf8d,REZ,-0.085115316014542
0x6317b52d3888a74b093fcaa31a5d723d90b1cf8d,NOT,-0.1597648071997671
0x6317b52d3888a74b093fcaa31a5d723d90b1cf8d,MON,0.2995619438090105
0x6317b52d3888a74b093fcaa31a5d723d90b1cf8d,VIRTUAL,0.4843335554385556
0x6317b52d3888a74b093fcaa31a5d723d90b1cf8d,IO,-0.1750437223682302
0x6317b52d3888a74b093fcaa31a5d723d90b1cf8d,ZRO,-0.1339626644967415
0x6317b52d3888a74b093fcaa31a5d723d90b1cf8d,WLD,-0.0597817067682071
0x6317b52d3888a74b093fcaa31a5d723d90b1cf8d,NEIRO,0.0042883031877172
0x6317b52d3888a74b093fcaa31a5d723d90b1cf8d,EIGEN,-0.0317602375121897
0x6317b52d3888a74b093fcaa31a5d723d90b1cf8d,MOVE,1.8832013120498865
0x6317b52d3888a74b093fcaa31a5d723d90b1cf8d,FARTCOIN,0.2510344062230945
0x6317b52d3888a74b093fcaa31a5d723d90b1cf8d,GRASS,-0.1118151063447313
0x6317b52d3888a74b093fcaa31a5d723d90b1cf8d,PNUT,0.2618250826396391
0x6317b52d3888a74b093fcaa31a5d723d90b1cf8d,USUAL,-0.0934049409588946
0x6317b52d3888a74b093fcaa31a5d723d90b1cf8d,MORPHO,-0.1403677362039615
0x6317b52d3888a74b093fcaa31a5d723d90b1cf8d,AIXBT,-0.152070918299337
0x6317b52d3888a74b093fcaa31a5d723d90b1cf8d,HYPE,-0.0034043057460467
0x6317b52d3888a74b093fcaa31a5d723d90b1cf8d,ME,-0.1189639205909869
0x6317b52d3888a74b093fcaa31a5d723d90b1cf8d,PENGU,0.2543015341174588
0x6317b52d3888a74b093fcaa31a5d723d90b1cf8d,sENA,-0.0852935867503107
0x6317b52d3888a74b093fcaa31a5d723d90b1cf8d,BIO,0.015523967901045
0x6317b52d3888a74b093fcaa31a5d723d90b1cf8d,GRIFFAIN,0.1466214732090852
0x6317b52d3888a74b093fcaa31a5d723d90b1cf8d,MELANIA,-0.1129492406784533
0x6317b52d3888a74b093fcaa31a5d723d90b1cf8d,VINE,0.4247581286076969
0x6317b52d3888a74b093fcaa31a5d723d90b1cf8d,ANIME,-0.0958927166279778
0x6317b52d3888a74b093fcaa31a5d723d90b1cf8d,VVV,0.0331151243913535
0x6317b52d3888a74b093fcaa31a5d723d90b1cf8d,SYRUP,-0.0187148160062549
0x6317b52d3888a74b093fcaa31a5d723d90b1cf8d,BERA,-0.0101640638192575
0x6317b52d3888a74b093fcaa31a5d723d90b1cf8d,IP,-0.1384841514425175
0x6317b52d3888a74b093fcaa31a5d723d90b1cf8d,KAITO,-0.0162579170017796
0x6317b52d3888a74b093fcaa31a5d723d90b1cf8d,NIL,-0.3484735790739388
0x6317b52d3888a74b093fcaa31a5d723d90b1cf8d,WCT,-0.1567682069251702
0x6317b52d3888a74b093fcaa31a5d723d90b1cf8d,PUMP,-0.5295918010363511
0x6317b52d3888a74b093fcaa31a5d723d90b1cf8d,INIT,-0.2275754884625503
0x6317b52d3888a74b093fcaa31a5d723d90b1cf8d,SOPH,-0.0164938300273456
0x6317b52d3888a74b093fcaa31a5d723d90b1cf8d,PROVE,-0.0927739692608867
0x6317b52d3888a74b093fcaa31a5d723d90b1cf8d,WLFI,-0.0589894264002499
0x6317b52d3888a74b093fcaa31a5d723d90b1cf8d,0G,-0.126860376488885
0x6317b52d3888a74b093fcaa31a5d723d90b1cf8d,AVNT,-0.0975911232926235
0x6317b52d3888a74b093fcaa31a5d723d90b1cf8d,ASTER,-0.1449942221303103
0x6317b52d3888a74b093fcaa31a5d723d90b1cf8d,LINEA,-0.0853240681578911
0x6317b52d3888a74b093fcaa31a5d723d90b1cf8d,HEMI,-0.1031452900770003
0x6317b52d3888a74b093fcaa31a5d723d90b1cf8d,XPL,-0.0235722825460593
0x6317b52d3888a74b093fcaa31a5d723d90b1cf8d,2Z,-0.0576871163894744
0x6317b52d3888a74b093fcaa31a5d723d90b1cf8d,CC,-0.0612215399444746
0x6cb72d052d57563180474923fdd9f827455637db,APT,-0.04
0x6cb72d052d57563180474923fdd9f827455637db,SUI,-0.04
0x6cb72d052d57563180474923fdd9f827455637db,UNI,-0.04
0x6cb72d052d57563180474923fdd9f827455637db,ADA,-0.03
0x6cb72d052d57563180474923fdd9f827455637db,FIL,-0.03
0x6cb72d052d57563180474923fdd9f827455637db,NEAR,-0.03
0x6cb72d052d57563180474923fdd9f827455637db,BLUR,-0.03
0x6cb72d052d57563180474923fdd9f827455637db,CRV,-0.03
0x6cb72d052d57563180474923fdd9f827455637db,PYTH,-0.03
0x6cb72d052d57563180474923fdd9f827455637db,IMX,-0.02
0x6cb72d052d57563180474923fdd9f827455637db,LDO,-0.02
0x6cb72d052d57563180474923fdd9f827455637db,APE,-0.02
0x6cb72d052d57563180474923fdd9f827455637db,SUSHI,-0.02
0x6cb72d052d57563180474923fdd9f827455637db,TIA,-0.02
0x6cb72d052d57563180474923fdd9f827455637db,PENDLE,-0.02
0x6cb72d052d57563180474923fdd9f827455637db,BCH,-0.01
0x6cb72d052d57563180474923fdd9f827455637db,RUNE,-0.01
0x6cb72d052d57563180474923fdd9f827455637db,LINK,-0.01
0x6cb72d052d57563180474923fdd9f827455637db,ETC,-0.01
0x6cb72d052d57563180474923fdd9f827455637db,ALGO,-0.01
0x6cb72d052d57563180474923fdd9f827455637db,COMP,-0.01
0x6cb72d052d57563180474923fdd9f827455637db,DOT,-0.01
0x6cb72d052d57563180474923fdd9f827455637db,AVAX,-0.01
0x6cb72d052d57563180474923fdd9f827455637db,S,0.0
0x6cb72d052d57563180474923fdd9f827455637db,DOGE,0.0
0x6cb72d052d57563180474923fdd9f827455637db,FET,0.0
0x6cb72d052d57563180474923fdd9f827455637db,BONK,0.0
0x6cb72d052d57563180474923fdd9f827455637db,OP,0.0
0x6cb72d052d57563180474923fdd9f827455637db,ICP,0.0
0x6cb72d052d57563180474923fdd9f827455637db,INJ,0.0
0x6cb72d052d57563180474923fdd9f827455637db,POL,0.0
0x6cb72d052d57563180474923fdd9f827455637db,RENDER,0.0
0x6cb72d052d57563180474923fdd9f827455637db,PEPE,0.0
0x6cb72d052d57563180474923fdd9f827455637db,SHIB,0.0
0x6cb72d052d57563180474923fdd9f827455637db,XLM,0.0
0x6cb72d052d57563180474923fdd9f827455637db,ATOM,0.0
0x6cb72d052d57563180474923fdd9f827455637db,AAVE,0.0
0x6cb72d052d57563180474923fdd9f827455637db,XRP,0.03
0x6cb72d052d57563180474923fdd9f827455637db,AXS,0.03
0x6cb72d052d57563180474923fdd9f827455637db,LTC,0.04
0x6cb72d052d57563180474923fdd9f827455637db,ETH,0.04
0x6cb72d052d57563180474923fdd9f827455637db,SOL,0.04
0x6cb72d052d57563180474923fdd9f827455637db,BNB,0.05
0x6cb72d052d57563180474923fdd9f827455637db,XMR,0.05
0x6cb72d052d57563180474923fdd9f827455637db,BTC,0.06
0x6cb72d052d57563180474923fdd9f827455637db,CAKE,0.08
0x6cb72d052d57563180474923fdd9f827455637db,TRX,0.08
0x770a3026f8a348bebac2ba84cfc82f4ea01b420a,SKY,0.0605486650406744
0x770a3026f8a348bebac2ba84cfc82f4ea01b420a,TRX,-0.0336791179490559
0x770a3026f8a348bebac2ba84cfc82f4ea01b420a,XLM,-0.0172433775992335
0x770a3026f8a348bebac2ba84cfc82f4ea01b420a,XMR,0.0369182303691757
0x770a3026f8a348bebac2ba84cfc82f4ea01b420a,XRP,-0.0879920571543564
0x770a3026f8a348bebac2ba84cfc82f4ea01b420a,ZEC,-0.0103496989685861
0x770a3026f8a348bebac2ba84cfc82f4ea01b420a,BCH,0.0070414321898138
0x770a3026f8a348bebac2ba84cfc82f4ea01b420a,BTC,-0.0406837203311215
0x770a3026f8a348bebac2ba84cfc82f4ea01b420a,DOGE,0.0754047868473904
0x770a3026f8a348bebac2ba84cfc82f4ea01b420a,ETC,-0.0424264133991998
0x770a3026f8a348bebac2ba84cfc82f4ea01b420a,LTC,0.0933864593033776
0x770a3026f8a348bebac2ba84cfc82f4ea01b420a,ETH,-0.0432091671625372
0x770a3026f8a348bebac2ba84cfc82f4ea01b420a,ADA,0.07578715611976
0x770a3026f8a348bebac2ba84cfc82f4ea01b420a,LINK,0.0480131776804116
0x770a3026f8a348bebac2ba84cfc82f4ea01b420a,S,-0.0518597105760613
0x770a3026f8a348bebac2ba84cfc82f4ea01b420a,ATOM,-0.0329540350443883
0x770a3026f8a348bebac2ba84cfc82f4ea01b420a,SNX,-0.0073925511590898
0x770a3026f8a348bebac2ba84cfc82f4ea01b420a,RSR,0.0042516534076873
0x770a3026f8a348bebac2ba84cfc82f4ea01b420a,ALGO,0.0006108876065902
0x770a3026f8a348bebac2ba84cfc82f4ea01b420a,RUNE,0.0026704048838503
0x770a3026f8a348bebac2ba84cfc82f4ea01b420a,TRB,-0.0655542983733398
0x770a3026f8a348bebac2ba84cfc82f4ea01b420a,SOL,-0.0845666058449814
0x770a3026f8a348bebac2ba84cfc82f4ea01b420a,UMA,0.0234443574318882
0x770a3026f8a348bebac2ba84cfc82f4ea01b420a,PAXG,-0.0456018477940833
0x770a3026f8a348bebac2ba84cfc82f4ea01b420a,COMP,0.0522501689012384
0x770a3026f8a348bebac2ba84cfc82f4ea01b420a,AVAX,0.0060385359840598
0x770a3026f8a348bebac2ba84cfc82f4ea01b420a,SAND,-0.0045372805269098
0x770a3026f8a348bebac2ba84cfc82f4ea01b420a,CRV,0.0399184702440071
0x770a3026f8a348bebac2ba84cfc82f4ea01b420a,LAYER,-0.0755321726168169
0x770a3026f8a348bebac2ba84cfc82f4ea01b420a,DOT,0.3738995601372887
0x770a3026f8a348bebac2ba84cfc82f4ea01b420a,SUSHI,0.0204106298139541
0x770a3026f8a348bebac2ba84cfc82f4ea01b420a,UNI,-0.0036649079070458
0x770a3026f8a348bebac2ba84cfc82f4ea01b420a,AAVE,0.0100987360729271
0x770a3026f8a348bebac2ba84cfc82f4ea01b420a,NEAR,0.0141755950342912
0x770a3026f8a348bebac2ba84cfc82f4ea01b420a,FIL,-0.00591455415437
0x770a3026f8a348bebac2ba84cfc82f4ea01b420a,AXS,0.0474261906899008
0x770a3026f8a348bebac2ba84cfc82f4ea01b420a,INJ,-0.0668148635139018
0x770a3026f8a348bebac2ba84cfc82f4ea01b420a,ZORA,-0.0570584814500442
0x770a3026f8a348bebac2ba84cfc82f4ea01b420a,CELO,0.0869682355009551
0x770a3026f8a348bebac2ba84cfc82f4ea01b420a,LIT,0.1556947831501007
0x770a3026f8a348bebac2ba84cfc82f4ea01b420a,SHIB,-0.0386576126789929
0x770a3026f8a348bebac2ba84cfc82f4ea01b420a,ICP,0.0073211981261983
0x770a3026f8a348bebac2ba84cfc82f4ea01b420a,RENDER,-0.0782991812079258
0x770a3026f8a348bebac2ba84cfc82f4ea01b420a,LDO,-0.0194979787662518
0x770a3026f8a348bebac2ba84cfc82f4ea01b420a,GALA,-0.0282213913708108
0x770a3026f8a348bebac2ba84cfc82f4ea01b420a,FET,-0.0193968568316179
0x770a3026f8a348bebac2ba84cfc82f4ea01b420a,ENS,-0.0618819089194768
0x770a3026f8a348bebac2ba84cfc82f4ea01b420a,IMX,0.009650558771982
0x770a3026f8a348bebac2ba84cfc82f4ea01b420a,PEOPLE,0.0437717565927847
0x770a3026f8a348bebac2ba84cfc82f4ea01b420a,GMT,0.1246495102699195
0x770a3026f8a348bebac2ba84cfc82f4ea01b420a,FLOKI,-0.0285452751334593
0x770a3026f8a348bebac2ba84cfc82f4ea01b420a,POL,-0.0007700702086286
0x770a3026f8a348bebac2ba84cfc82f4ea01b420a,APE,-0.013207914671987
0x770a3026f8a348bebac2ba84cfc82f4ea01b420a,GMX,0.1675694162758186
0x770a3026f8a348bebac2ba84cfc82f4ea01b420a,BLUR,0.0773273830096385
0x770a3026f8a348bebac2ba84cfc82f4ea01b420a,PENDLE,0.0633527891764451
0x770a3026f8a348bebac2ba84cfc82f4ea01b420a,MINA,-0.0012597551407778
0x770a3026f8a348bebac2ba84cfc82f4ea01b420a,LUNC,0.0680346852922158
0x770a3026f8a348bebac2ba84cfc82f4ea01b420a,MEME,-0.1393969212218924
0x770a3026f8a348bebac2ba84cfc82f4ea01b420a,OP,0.116463107750116
0x770a3026f8a348bebac2ba84cfc82f4ea01b420a,ZEN,0.0834331766553786
0x770a3026f8a348bebac2ba84cfc82f4ea01b420a,STRK,0.0040666467210217
0x770a3026f8a348bebac2ba84cfc82f4ea01b420a,STX,-0.1335671493849033
0x770a3026f8a348bebac2ba84cfc82f4ea01b420a,CFX,0.0403480574398919
0x770a3026f8a348bebac2ba84cfc82f4ea01b420a,CAKE,0.0570030942384581
0x770a3026f8a348bebac2ba84cfc82f4ea01b420a,DASH,-0.0448918744199731
0x770a3026f8a348bebac2ba84cfc82f4ea01b420a,BSV,-0.0821355352666314
0x770a3026f8a348bebac2ba84cfc82f4ea01b420a,AR,0.0856764368101244
0x770a3026f8a348bebac2ba84cfc82f4ea01b420a,APT,-0.05344311628877
0x770a3026f8a348bebac2ba84cfc82f4ea01b420a,ALT,-0.0615136975769271
0x770a3026f8a348bebac2ba84cfc82f4ea01b420a,BNB,0.0305107769579925
0x770a3026f8a348bebac2ba84cfc82f4ea01b420a,BONK,0.1332450636215761
0x770a3026f8a348bebac2ba84cfc82f4ea01b420a,BABY,-0.053018215754234
0x770a3026f8a348bebac2ba84cfc82f4ea01b420a,HBAR,0.0587341494659367
0x770a3026f8a348bebac2ba84cfc82f4ea01b420a,KAS,-0.0328499793583107
0x770a3026f8a348bebac2ba84cfc82f4ea01b420a,PEPE,-0.0800364097214801
0x770a3026f8a348bebac2ba84cfc82f4ea01b420a,ORDI,0.0168823871135551
0x770a3026f8a348bebac2ba84cfc82f4ea01b420a,SUI,-0.0171232120752707
0x770a3026f8a348bebac2ba84cfc82f4ea01b420a,MNT,-0.0320660018672991
0x770a3026f8a348bebac2ba84cfc82f4ea01b420a,IOTA,-0.0261286803194941
0x770a3026f8a348bebac2ba84cfc82f4ea01b420a,TURBO,0.0687586796639868
0x770a3026f8a348bebac2ba84cfc82f4ea01b420a,TIA,-0.002625096770878
0x770a3026f8a348bebac2ba84cfc82f4ea01b420a,SEI,0.0507093377398522
0x770a3026f8a348bebac2ba84cfc82f4ea01b420a,TAO,0.042305747569293
0x770a3026f8a348bebac2ba84cfc82f4ea01b420a,JTO,0.0949829020469742
0x770a3026f8a348bebac2ba84cfc82f4ea01b420a,PYTH,0.1075703068025473
0x770a3026f8a348bebac2ba84cfc82f4ea01b420a,MANTA,0.0034538331344121
0x770a3026f8a348bebac2ba84cfc82f4ea01b420a,ONDO,0.0073015011401222
0x770a3026f8a348bebac2ba84cfc82f4ea01b420a,WIF,-0.0070007401081946
0x770a3026f8a348bebac2ba84cfc82f4ea01b420a,XAI,-0.0023544647725849
0x770a3026f8a348bebac2ba84cfc82f4ea01b420a,ZETA,-0.0107373918426611
0x770a3026f8a348bebac2ba84cfc82f4ea01b420a,JUP,-0.0581132517057507
0x770a3026f8a348bebac2ba84cfc82f4ea01b420a,DYM,0.1476639680428117
0x770a3026f8a348bebac2ba84cfc82f4ea01b420a,TRUMP,-0.0131011861478018
0x770a3026f8a348bebac2ba84cfc82f4ea01b420a,APEX,0.1165269846746961
0x770a3026f8a348bebac2ba84cfc82f4ea01b420a,ARB,-0.0398781996948069
0x770a3026f8a348bebac2ba84cfc82f4ea01b420a,BOME,0.0235794947395682
0x770a3026f8a348bebac2ba84cfc82f4ea01b420a,HYPER,-0.048566669748961
0x770a3026f8a348bebac2ba84cfc82f4ea01b420a,ETHFI,-0.0028734780639631
0x770a3026f8a348bebac2ba84cfc82f4ea01b420a,BRETT,-0.0444805389895402
0x770a3026f8a348bebac2ba84cfc82f4ea01b420a,W,-0.040939490928317
0x770a3026f8a348bebac2ba84cfc82f4ea01b420a,GOAT,0.027417055748476
0x770a3026f8a348bebac2ba84cfc82f4ea01b420a,POPCAT,-0.0321599447147805
0x770a3026f8a348bebac2ba84cfc82f4ea01b420a,MERL,-0.0173996948500968
0x770a3026f8a348bebac2ba84cfc82f4ea01b420a,ZK,0.0244073560612636
0x770a3026f8a348bebac2ba84cfc82f4ea01b420a,TNSR,0.0089986045080849
0x770a3026f8a348bebac2ba84cfc82f4ea01b420a,AERO,-0.0012271238388904
0x770a3026f8a348bebac2ba84cfc82f4ea01b420a,REZ,-0.0008943669074974
0x770a3026f8a348bebac2ba84cfc82f4ea01b420a,NOT,0.0525144838108016
0x770a3026f8a348bebac2ba84cfc82f4ea01b420a,MON,-0.1018959056814492
0x770a3026f8a348bebac2ba84cfc82f4ea01b420a,VIRTUAL,-0.0046721735015256
0x770a3026f8a348bebac2ba84cfc82f4ea01b420a,IO,-0.0745055215338925
0x770a3026f8a348bebac2ba84cfc82f4ea01b420a,ZRO,0.0666411894807993
0x770a3026f8a348bebac2ba84cfc82f4ea01b420a,WLD,-0.0060060178909669
0x770a3026f8a348bebac2ba84cfc82f4ea01b420a,NEIRO,0.0175288075283667
0x770a3026f8a348bebac2ba84cfc82f4ea01b420a,EIGEN,0.154957613903191
0x770a3026f8a348bebac2ba84cfc82f4ea01b420a,MOVE,-0.0869329037367815
0x770a3026f8a348bebac2ba84cfc82f4ea01b420a,FARTCOIN,0.013579618378374
0x770a3026f8a348bebac2ba84cfc82f4ea01b420a,GRASS,-0.0102048556454336
0x770a3026f8a348bebac2ba84cfc82f4ea01b420a,PNUT,-0.0378470770983365
0x770a3026f8a348bebac2ba84cfc82f4ea01b420a,USUAL,0.1148937690631384
0x770a3026f8a348bebac2ba84cfc82f4ea01b420a,MORPHO,0.0125617082562858
0x770a3026f8a348bebac2ba84cfc82f4ea01b420a,AIXBT,0.0044857693542919
0x770a3026f8a348bebac2ba84cfc82f4ea01b420a,HYPE,-0.1409009578714837
0x770a3026f8a348bebac2ba84cfc82f4ea01b420a,ME,0.1405509109360154
0x770a3026f8a348bebac2ba84cfc82f4ea01b420a,PENGU,-0.0160456558970182
0x770a3026f8a348bebac2ba84cfc82f4ea01b420a,sENA,0.070195904292822
0x770a3026f8a348bebac2ba84cfc82f4ea01b420a,BIO,0.0980538636325768
0x770a3026f8a348bebac2ba84cfc82f4ea01b420a,GRIFFAIN,0.0154552675598273
0x770a3026f8a348bebac2ba84cfc82f4ea01b420a,MELANIA,0.0175568566095717
0x770a3026f8a348bebac2ba84cfc82f4ea01b420a,VINE,-0.0217614713898173
0x770a3026f8a348bebac2ba84cfc82f4ea01b420a,ANIME,-0.0127235102930981
0x770a3026f8a348bebac2ba84cfc82f4ea01b420a,VVV,0.1410431864288898
0x770a3026f8a348bebac2ba84cfc82f4ea01b420a,SYRUP,0.0342969018597218
0x770a3026f8a348bebac2ba84cfc82f4ea01b420a,BERA,-0.0237735050542418
0x770a3026f8a348bebac2ba84cfc82f4ea01b420a,IP,-0.0252259273846046
0x770a3026f8a348bebac2ba84cfc82f4ea01b420a,KAITO,0.0853169909173366
0x770a3026f8a348bebac2ba84cfc82f4ea01b420a,NIL,0.0598392050353958
0x770a3026f8a348bebac2ba84cfc82f4ea01b420a,WCT,0.0416269177133523
0x770a3026f8a348bebac2ba84cfc82f4ea01b420a,PUMP,-0.0333386912054354
0x770a3026f8a348bebac2ba84cfc82f4ea01b420a,INIT,-0.0432650207920674
0x770a3026f8a348bebac2ba84cfc82f4ea01b420a,SOPH,0.043102238819894
0x770a3026f8a348bebac2ba84cfc82f4ea01b420a,PROVE,0.0603321464954988
0x770a3026f8a348bebac2ba84cfc82f4ea01b420a,WLFI,0.0445587833562759
0x770a3026f8a348bebac2ba84cfc82f4ea01b420a,0G,-0.0109755001706257
0x770a3026f8a348bebac2ba84cfc82f4ea01b420a,AVNT,0.0486856395155857
0x770a3026f8a348bebac2ba84cfc82f4ea01b420a,ASTER,-0.0450890873690269
0x770a3026f8a348bebac2ba84cfc82f4ea01b420a,LINEA,-0.0179657140536609
0x770a3026f8a348bebac2ba84cfc82f4ea01b420a,HEMI,0.0470315414455722
0x770a3026f8a348bebac2ba84cfc82f4ea01b420a,XPL,0.017971533410912
0x770a3026f8a348bebac2ba84cfc82f4ea01b420a,2Z,0.0291484002118463
0x770a3026f8a348bebac2ba84cfc82f4ea01b420a,CC,-0.0450723292821431
0x7824282944b7cc7b8ef86ed9adbe21f49b247f97,SKY,0.50079244
0x7824282944b7cc7b8ef86ed9adbe21f49b247f97,TRX,0.5417787
0x7824282944b7cc7b8ef86ed9adbe21f49b247f97,XLM,0.49141818
0x7824282944b7cc7b8ef86ed9adbe21f49b247f97,XMR,0.5442345
0x7824282944b7cc7b8ef86ed9adbe21f49b247f97,XRP,0.48011035
0x7824282944b7cc7b8ef86ed9adbe21f49b247f97,ZEC,0.49640265
0x7824282944b7cc7b8ef86ed9adbe21f49b247f97,BCH,0.518104
0x7824282944b7cc7b8ef86ed9adbe21f49b247f97,BTC,0.5824078
0x7824282944b7cc7b8ef86ed9adbe21f49b247f97,DOGE,0.49109638
0x7824282944b7cc7b8ef86ed9adbe21f49b247f97,ETC,0.5055542
0x7824282944b7cc7b8ef86ed9adbe21f49b247f97,LTC,0.5540122
0x7824282944b7cc7b8ef86ed9adbe21f49b247f97,ETH,0.5949352
0x7824282944b7cc7b8ef86ed9adbe21f49b247f97,ADA,0.49584997
0x7824282944b7cc7b8ef86ed9adbe21f49b247f97,LINK,0.5309349
0x7824282944b7cc7b8ef86ed9adbe21f49b247f97,S,0.4940691
0x7824282944b7cc7b8ef86ed9adbe21f49b247f97,ATOM,0.5200912
0x7824282944b7cc7b8ef86ed9adbe21f49b247f97,SNX,0.5114958
0x7824282944b7cc7b8ef86ed9adbe21f49b247f97,RSR,0.4484295
0x7824282944b7cc7b8ef86ed9adbe21f49b247f97,ALGO,0.5210566
0x7824282944b7cc7b8ef86ed9adbe21f49b247f97,RUNE,0.5158317
0x7824282944b7cc7b8ef86ed9adbe21f49b247f97,TRB,0.4585876
0x7824282944b7cc7b8ef86ed9adbe21f49b247f97,SOL,0.5623672
0x7824282944b7cc7b8ef86ed9adbe21f49b247f97,UMA,0.51826435
0x7824282944b7cc7b8ef86ed9adbe21f49b247f97,PAXG,0.5601168
0x7824282944b7cc7b8ef86ed9adbe21f49b247f97,COMP,0.5436754
0x7824282944b7cc7b8ef86ed9adbe21f49b247f97,AVAX,0.5355916
0x7824282944b7cc7b8ef86ed9adbe21f49b247f97,SAND,0.5108276
0x7824282944b7cc7b8ef86ed9adbe21f49b247f97,CRV,0.48090532
0x7824282944b7cc7b8ef86ed9adbe21f49b247f97,LAYER,0.5308985
0x7824282944b7cc7b8ef86ed9adbe21f49b247f97,DOT,0.51717734
0x7824282944b7cc7b8ef86ed9adbe21f49b247f97,SUSHI,0.48399764
0x7824282944b7cc7b8ef86ed9adbe21f49b247f97,UNI,0.48033231
0x7824282944b7cc7b8ef86ed9adbe21f49b247f97,AAVE,0.4967712
0x7824282944b7cc7b8ef86ed9adbe21f49b247f97,NEAR,0.5048151
0x7824282944b7cc7b8ef86ed9adbe21f49b247f97,FIL,0.5165367
0x7824282944b7cc7b8ef86ed9adbe21f49b247f97,AXS,0.52170104
0x7824282944b7cc7b8ef86ed9adbe21f49b247f97,INJ,0.48836392
0x7824282944b7cc7b8ef86ed9adbe21f49b247f97,ZORA,0.41243312
0x7824282944b7cc7b8ef86ed9adbe21f49b247f97,CELO,0.48149198
0x7824282944b7cc7b8ef86ed9adbe21f49b247f97,LIT,0.48471612
0x7824282944b7cc7b8ef86ed9adbe21f49b247f97,SHIB,0.49386188
0x7824282944b7cc7b8ef86ed9adbe21f49b247f97,ICP,0.52864295
0x7824282944b7cc7b8ef86ed9adbe21f49b247f97,RENDER,0.5223925
0x7824282944b7cc7b8ef86ed9adbe21f49b247f97,LDO,0.48254254
0x7824282944b7cc7b8ef86ed9adbe21f49b247f97,GALA,0.4972118
0x7824282944b7cc7b8ef86ed9adbe21f49b247f97,FET,0.44603652
0x7824282944b7cc7b8ef86ed9adbe21f49b247f97,ENS,0.44416004
0x7824282944b7cc7b8ef86ed9adbe21f49b247f97,IMX,0.48923758
0x7824282944b7cc7b8ef86ed9adbe21f49b247f97,PEOPLE,0.4418979
0x7824282944b7cc7b8ef86ed9adbe21f49b247f97,GMT,0.5073282
0x7824282944b7cc7b8ef86ed9adbe21f49b247f97,FLOKI,0.45125747
0x7824282944b7cc7b8ef86ed9adbe21f49b247f97,POL,0.45022207
0x7824282944b7cc7b8ef86ed9adbe21f49b247f97,APE,0.5122901
0x7824282944b7cc7b8ef86ed9adbe21f49b247f97,GMX,0.5307966
0x7824282944b7cc7b8ef86ed9adbe21f49b247f97,BLUR,0.48702797
0x7824282944b7cc7b8ef86ed9adbe21f49b247f97,PENDLE,0.44311476
0x7824282944b7cc7b8ef86ed9adbe21f49b247f97,MINA,0.44529128
0x7824282944b7cc7b8ef86ed9adbe21f49b247f97,LUNC,0.51338834
0x7824282944b7cc7b8ef86ed9adbe21f49b247f97,MEME,0.511106
0x7824282944b7cc7b8ef86ed9adbe21f49b247f97,OP,0.45794097
0x7824282944b7cc7b8ef86ed9adbe21f49b247f97,ZEN,0.49225464
0x7824282944b7cc7b8ef86ed9adbe21f49b247f97,STRK,0.49183732
0x7824282944b7cc7b8ef86ed9adbe21f49b247f97,STX,0.37777776
0x7824282944b7cc7b8ef86ed9adbe21f49b247f97,CFX,0.5198221
0x7824282944b7cc7b8ef86ed9adbe21f49b247f97,CAKE,0.54470664
0x7824282944b7cc7b8ef86ed9adbe21f49b247f97,DASH,0.4603725
0x7824282944b7cc7b8ef86ed9adbe21f49b247f97,BSV,0.53199416
0x7824282944b7cc7b8ef86ed9adbe21f49b247f97,AR,0.5219705
0x7824282944b7cc7b8ef86ed9adbe21f49b247f97,APT,0.5157594
0x7824282944b7cc7b8ef86ed9adbe21f49b247f97,ALT,0.52595586
0x7824282944b7cc7b8ef86ed9adbe21f49b247f97,BNB,0.579627
0x7824282944b7cc7b8ef86ed9adbe21f49b247f97,BONK,0.42755145
0x7824282944b7cc7b8ef86ed9adbe21f49b247f97,BABY,0.49427918
0x7824282944b7cc7b8ef86ed9adbe21f49b247f97,HBAR,0.5226448
0x7824282944b7cc7b8ef86ed9adbe21f49b247f97,KAS,0.5226611
0x7824282944b7cc7b8ef86ed9adbe21f49b247f97,PEPE,0.4309567
0x7824282944b7cc7b8ef86ed9adbe21f49b247f97,ORDI,0.52200353
0x7824282944b7cc7b8ef86ed9adbe21f49b247f97,SUI,0.5040277
0x7824282944b7cc7b8ef86ed9adbe21f49b247f97,MNT,0.5228199
0x7824282944b7cc7b8ef86ed9adbe21f49b247f97,IOTA,0.45138538
0x7824282944b7cc7b8ef86ed9adbe21f49b247f97,TURBO,0.4733618
0x7824282944b7cc7b8ef86ed9adbe21f49b247f97,TIA,0.5005648
0x7824282944b7cc7b8ef86ed9adbe21f49b247f97,SEI,0.51492226
0x7824282944b7cc7b8ef86ed9adbe21f49b247f97,TAO,0.52929854
0x7824282944b7cc7b8ef86ed9adbe21f49b247f97,JTO,0.5124379
0x7824282944b7cc7b8ef86ed9adbe21f49b247f97,PYTH,0.44784394
0x7824282944b7cc7b8ef86ed9adbe21f49b247f97,MANTA,0.5189974
0x7824282944b7cc7b8ef86ed9adbe21f49b247f97,ONDO,0.51242584
0x7824282944b7cc7b8ef86ed9adbe21f49b247f97,WIF,0.4519238
0x7824282944b7cc7b8ef86ed9adbe21f49b247f97,XAI,0.5088955
0x7824282944b7cc7b8ef86ed9adbe21f49b247f97,ZETA,0.49988395
0x7824282944b7cc7b8ef86ed9adbe21f49b247f97,JUP,0.49029288
0x7824282944b7cc7b8ef86ed9adbe21f49b247f97,DYM,0.5130304
0x7824282944b7cc7b8ef86ed9adbe21f49b247f97,TRUMP,0.48586258
0x7824282944b7cc7b8ef86ed9adbe21f49b247f97,APEX,0.40844566
0x7824282944b7cc7b8ef86ed9adbe21f49b247f97,ARB,0.46823728
0x7824282944b7cc7b8ef86ed9adbe21f49b247f97,BOME,0.43734482
0x7824282944b7cc7b8ef86ed9adbe21f49b247f97,HYPER,0.517004
0x7824282944b7cc7b8ef86ed9adbe21f49b247f97,ETHFI,0.48510814
0x7824282944b7cc7b8ef86ed9adbe21f49b247f97,BRETT,0.41154012
0x7824282944b7cc7b8ef86ed9adbe21f49b247f97,W,0.51901084
0x7824282944b7cc7b8ef86ed9adbe21f49b247f97,GOAT,0.5128975
0x7824282944b7cc7b8ef86ed9adbe21f49b247f97,POPCAT,0.44804898
0x7824282944b7cc7b8ef86ed9adbe21f49b247f97,MERL,0.5191654
0x7824282944b7cc7b8ef86ed9adbe21f49b247f97,ZK,0.5040675
0x7824282944b7cc7b8ef86ed9adbe21f49b247f97,TNSR,0.52120477
0x7824282944b7cc7b8ef86ed9adbe21f49b247f97,AERO,0.5188225
0x7824282944b7cc7b8ef86ed9adbe21f49b247f97,REZ,0.5080998
0x7824282944b7cc7b8ef86ed9adbe21f49b247f97,NOT,0.515226
0x7824282944b7cc7b8ef86ed9adbe21f49b247f97,MON,0.4425213
0x7824282944b7cc7b8ef86ed9adbe21f49b247f97,VIRTUAL,0.5017452
0x7824282944b7cc7b8ef86ed9adbe21f49b247f97,IO,0.491829
0x7824282944b7cc7b8ef86ed9adbe21f49b247f97,ZRO,0.42660558
0x7824282944b7cc7b8ef86ed9adbe21f49b247f97,WLD,0.48767155
0x7824282944b7cc7b8ef86ed9adbe21f49b247f97,NEIRO,0.4451704
0x7824282944b7cc7b8ef86ed9adbe21f49b247f97,EIGEN,0.44758672
0x7824282944b7cc7b8ef86ed9adbe21f49b247f97,MOVE,0.46961954
0x7824282944b7cc7b8ef86ed9adbe21f49b247f97,FARTCOIN,0.5107367
0x7824282944b7cc7b8ef86ed9adbe21f49b247f97,GRASS,0.4938144
0x7824282944b7cc7b8ef86ed9adbe21f49b247f97,PNUT,0.4856843
0x7824282944b7cc7b8ef86ed9adbe21f49b247f97,USUAL,0.44369814
0x7824282944b7cc7b8ef86ed9adbe21f49b247f97,MORPHO,0.5128237
0x7824282944b7cc7b8ef86ed9adbe21f49b247f97,AIXBT,0.5063139
0x7824282944b7cc7b8ef86ed9adbe21f49b247f97,HYPE,0.530773
0x7824282944b7cc7b8ef86ed9adbe21f49b247f97,ME,0.51624763
0x7824282944b7cc7b8ef86ed9adbe21f49b247f97,PENGU,0.4303216
0x7824282944b7cc7b8ef86ed9adbe21f49b247f97,sENA,0.36779982
0x7824282944b7cc7b8ef86ed9adbe21f49b247f97,BIO,0.5015173
0x7824282944b7cc7b8ef86ed9adbe21f49b247f97,GRIFFAIN,0.47275722
0x7824282944b7cc7b8ef86ed9adbe21f49b247f97,MELANIA,0.42628443
0x7824282944b7cc7b8ef86ed9adbe21f49b247f97,VINE,0.49454594
0x7824282944b7cc7b8ef86ed9adbe21f49b247f97,ANIME,0.5177521
0x7824282944b7cc7b8ef86ed9adbe21f49b247f97,VVV,0.4674755
0x7824282944b7cc7b8ef86ed9adbe21f49b247f97,SYRUP,0.49661168
0x7824282944b7cc7b8ef86ed9adbe21f49b247f97,BERA,0.4866899
0x7824282944b7cc7b8ef86ed9adbe21f49b247f97,IP,0.5048967
0x7824282944b7cc7b8ef86ed9adbe21f49b247f97,KAITO,0.48941848
0x7824282944b7cc7b8ef86ed9adbe21f49b247f97,NIL,0.48585087
0x7824282944b7cc7b8ef86ed9adbe21f49b247f97,WCT,0.50621355
0x7824282944b7cc7b8ef86ed9adbe21f49b247f97,PUMP,0.465106
0x7824282944b7cc7b8ef86ed9adbe21f49b247f97,INIT,0.51920927
0x7824282944b7cc7b8ef86ed9adbe21f49b247f97,SOPH,0.5098031
0x7824282944b7cc7b8ef86ed9adbe21f49b247f97,PROVE,0.5166698
0x7824282944b7cc7b8ef86ed9adbe21f49b247f97,WLFI,0.5158397
0x7824282944b7cc7b8ef86ed9adbe21f49b247f97,0G,0.5049639
0x7824282944b7cc7b8ef86ed9adbe21f49b247f97,AVNT,0.50874066
0x7824282944b7cc7b8ef86ed9adbe21f49b247f97,ASTER,0.53431857
0x7824282944b7cc7b8ef86ed9adbe21f49b247f97,LINEA,0.5125959
0x7824282944b7cc7b8ef86ed9adbe21f49b247f97,HEMI,0.417163
0x7824282944b7cc7b8ef86ed9adbe21f49b247f97,XPL,0.47669685
0x7824282944b7cc7b8ef86ed9adbe21f49b247f97,2Z,0.504676
0x7824282944b7cc7b8ef86ed9adbe21f49b247f97,CC,0.4808334
0x7de5ac173e8ee69177f6243cf9c70608f6e1ad05,BTC,0.007940118
0x7de5ac173e8ee69177f6243cf9c70608f6e1ad05,LTC,-0.00041519638
0x7de5ac173e8ee69177f6243cf9c70608f6e1ad05,XRP,-0.0039559137
0x7de5ac173e8ee69177f6243cf9c70608f6e1ad05,DOGE,-0.04982441
0x7de5ac173e8ee69177f6243cf9c70608f6e1ad05,DASH,-0.010761818
0x7de5ac173e8ee69177f6243cf9c70608f6e1ad05,XMR,0.00014386911
0x7de5ac173e8ee69177f6243cf9c70608f6e1ad05,XLM,-0.003858492
0x7de5ac173e8ee69177f6243cf9c70608f6e1ad05,ETH,0.000077927456
0x7de5ac173e8ee69177f6243cf9c70608f6e1ad05,ETC,-0.01820386
0x7de5ac173e8ee69177f6243cf9c70608f6e1ad05,ZEC,-0.0005767488
0x7de5ac173e8ee69177f6243cf9c70608f6e1ad05,ZEN,-0.006267755
0x7de5ac173e8ee69177f6243cf9c70608f6e1ad05,IOTA,-0.029720766
0x7de5ac173e8ee69177f6243cf9c70608f6e1ad05,BCH,0.01142143
0x7de5ac173e8ee69177f6243cf9c70608f6e1ad05,BNB,-0.004751911
0x7de5ac173e8ee69177f6243cf9c70608f6e1ad05,TRX,0.013142149
0x7de5ac173e8ee69177f6243cf9c70608f6e1ad05,LINK,0.04737212
0x7de5ac173e8ee69177f6243cf9c70608f6e1ad05,ADA,0.0017715598
0x7de5ac173e8ee69177f6243cf9c70608f6e1ad05,FIL,0.008077602
0x7de5ac173e8ee69177f6243cf9c70608f6e1ad05,SNX,-0.0033178413
0x7de5ac173e8ee69177f6243cf9c70608f6e1ad05,BSV,0.015425923
0x7de5ac173e8ee69177f6243cf9c70608f6e1ad05,FET,-0.006268014
0x7de5ac173e8ee69177f6243cf9c70608f6e1ad05,ATOM,0.00016500549
0x7de5ac173e8ee69177f6243cf9c70608f6e1ad05,RSR,-0.004612453
0x7de5ac173e8ee69177f6243cf9c70608f6e1ad05,ALGO,-0.027857559
0x7de5ac173e8ee69177f6243cf9c70608f6e1ad05,RUNE,-0.014917112
0x7de5ac173e8ee69177f6243cf9c70608f6e1ad05,LUNC,-0.009619933
0x7de5ac173e8ee69177f6243cf9c70608f6e1ad05,HBAR,-0.021861903
0x7de5ac173e8ee69177f6243cf9c70608f6e1ad05,PAXG,0.014308755
0x7de5ac173e8ee69177f6243cf9c70608f6e1ad05,STX,-0.05701993
0x7de5ac173e8ee69177f6243cf9c70608f6e1ad05,TRB,-0.0008293823
0x7de5ac173e8ee69177f6243cf9c70608f6e1ad05,SOL,0.018974677
0x7de5ac173e8ee69177f6243cf9c70608f6e1ad05,CELO,-0.013068511
0x7de5ac173e8ee69177f6243cf9c70608f6e1ad05,UMA,0.0036110582
0x7de5ac173e8ee69177f6243cf9c70608f6e1ad05,AR,-0.01008772
0x7de5ac173e8ee69177f6243cf9c70608f6e1ad05,RENDER,-0.017094772
0x7de5ac173e8ee69177f6243cf9c70608f6e1ad05,COMP,-0.000035777386
0x7de5ac173e8ee69177f6243cf9c70608f6e1ad05,AVAX,0.004964553
0x7de5ac173e8ee69177f6243cf9c70608f6e1ad05,SHIB,-0.010543351
0x7de5ac173e8ee69177f6243cf9c70608f6e1ad05,SAND,-0.004538492
0x7de5ac173e8ee69177f6243cf9c70608f6e1ad05,NEAR,-0.002389305
0x7de5ac173e8ee69177f6243cf9c70608f6e1ad05,CRV,-0.004365867
0x7de5ac173e8ee69177f6243cf9c70608f6e1ad05,DOT,0.002446084
0x7de5ac173e8ee69177f6243cf9c70608f6e1ad05,SUSHI,-0.015046023
0x7de5ac173e8ee69177f6243cf9c70608f6e1ad05,AXS,0.004135505
0x7de5ac173e8ee69177f6243cf9c70608f6e1ad05,GALA,-0.015937716
0x7de5ac173e8ee69177f6243cf9c70608f6e1ad05,UNI,-0.037424747
0x7de5ac173e8ee69177f6243cf9c70608f6e1ad05,CAKE,0.0000523902
0x7de5ac173e8ee69177f6243cf9c70608f6e1ad05,INJ,-0.031332392
0x7de5ac173e8ee69177f6243cf9c70608f6e1ad05,AAVE,-0.020844556
0x7de5ac173e8ee69177f6243cf9c70608f6e1ad05,CFX,-0.012308572
0x7de5ac173e8ee69177f6243cf9c70608f6e1ad05,LDO,-0.00010553687
0x7de5ac173e8ee69177f6243cf9c70608f6e1ad05,MINA,-0.033027343
0x7de5ac173e8ee69177f6243cf9c70608f6e1ad05,ICP,-0.015174709
0x7de5ac173e8ee69177f6243cf9c70608f6e1ad05,PENDLE,-0.004350699
0x7de5ac173e8ee69177f6243cf9c70608f6e1ad05,IMX,-0.004382882
0x7de5ac173e8ee69177f6243cf9c70608f6e1ad05,FLOKI,-0.0028396281
0x7de5ac173e8ee69177f6243cf9c70608f6e1ad05,OP,-0.046424694
0x7de5ac173e8ee69177f6243cf9c70608f6e1ad05,ARB,-0.01417409
0x7de5ac173e8ee69177f6243cf9c70608f6e1ad05,GMX,-0.0035621074
0x7de5ac173e8ee69177f6243cf9c70608f6e1ad05,WLD,-0.028193492
0x7de5ac173e8ee69177f6243cf9c70608f6e1ad05,MANTA,-0.0034198288
0x7de5ac173e8ee69177f6243cf9c70608f6e1ad05,ENS,-0.028027691
0x7de5ac173e8ee69177f6243cf9c70608f6e1ad05,PEOPLE,-0.03836319
0x7de5ac173e8ee69177f6243cf9c70608f6e1ad05,GMT,0.015370963
0x7de5ac173e8ee69177f6243cf9c70608f6e1ad05,APE,-0.00017506166
0x7de5ac173e8ee69177f6243cf9c70608f6e1ad05,APEX,-0.010034384
0x7de5ac173e8ee69177f6243cf9c70608f6e1ad05,KAS,-0.003551745
0x7de5ac173e8ee69177f6243cf9c70608f6e1ad05,SUI,-0.011261873
0x7de5ac173e8ee69177f6243cf9c70608f6e1ad05,ONDO,-0.008866618
0x7de5ac173e8ee69177f6243cf9c70608f6e1ad05,ZETA,-0.011376633
0x7de5ac173e8ee69177f6243cf9c70608f6e1ad05,APT,-0.00088201946
0x7de5ac173e8ee69177f6243cf9c70608f6e1ad05,STRK,-0.0055789207
0x7de5ac173e8ee69177f6243cf9c70608f6e1ad05,TIA,-0.009273142
0x7de5ac173e8ee69177f6243cf9c70608f6e1ad05,TAO,-0.035956927
0x7de5ac173e8ee69177f6243cf9c70608f6e1ad05,BONK,-0.043942142
0x7de5ac173e8ee69177f6243cf9c70608f6e1ad05,BLUR,-0.011926499
0x7de5ac173e8ee69177f6243cf9c70608f6e1ad05,SEI,0.00066878274
0x7de5ac173e8ee69177f6243cf9c70608f6e1ad05,ZK,-0.0018929356
0x7de5ac173e8ee69177f6243cf9c70608f6e1ad05,PEPE,-0.01464697
0x7de5ac173e8ee69177f6243cf9c70608f6e1ad05,BERA,-0.008786184
0x7de5ac173e8ee69177f6243cf9c70608f6e1ad05,TURBO,-0.015210344
0x7de5ac173e8ee69177f6243cf9c70608f6e1ad05,ORDI,-0.000017735
0x7de5ac173e8ee69177f6243cf9c70608f6e1ad05,ZRO,-0.023552418
0x7de5ac173e8ee69177f6243cf9c70608f6e1ad05,MNT,-0.010632281
0x7de5ac173e8ee69177f6243cf9c70608f6e1ad05,LINEA,0.0009703386
0x7de5ac173e8ee69177f6243cf9c70608f6e1ad05,PYTH,-0.00011113189
0x7de5ac173e8ee69177f6243cf9c70608f6e1ad05,MEME,-0.00009976887
0x7de5ac173e8ee69177f6243cf9c70608f6e1ad05,POL,-0.037994973
0x7de5ac173e8ee69177f6243cf9c70608f6e1ad05,JTO,0.00023303185
0x7de5ac173e8ee69177f6243cf9c70608f6e1ad05,WIF,-0.02795264
0x7de5ac173e8ee69177f6243cf9c70608f6e1ad05,POPCAT,-0.00043339212
0x7de5ac173e8ee69177f6243cf9c70608f6e1ad05,NOT,-0.00882954
0x7de5ac173e8ee69177f6243cf9c70608f6e1ad05,DYM,-0.006341263
0x7de5ac173e8ee69177f6243cf9c70608f6e1ad05,XAI,-0.0074231983
0x7de5ac173e8ee69177f6243cf9c70608f6e1ad05,ALT,-0.010257317
0x7de5ac173e8ee69177f6243cf9c70608f6e1ad05,JUP,-0.041828513
0x7de5ac173e8ee69177f6243cf9c70608f6e1ad05,AERO,-0.0064125387
0x7de5ac173e8ee69177f6243cf9c70608f6e1ad05,VIRTUAL,-0.035308294
0x7de5ac173e8ee69177f6243cf9c70608f6e1ad05,W,-0.024673767
0x7de5ac173e8ee69177f6243cf9c70608f6e1ad05,BRETT,-0.038716137
0x7de5ac173e8ee69177f6243cf9c70608f6e1ad05,ETHFI,-0.04122155
0x7de5ac173e8ee69177f6243cf9c70608f6e1ad05,IO,-0.037016664
0x7de5ac173e8ee69177f6243cf9c70608f6e1ad05,BOME,-0.043178454
0x7de5ac173e8ee69177f6243cf9c70608f6e1ad05,sENA,-0.05024713
0x7de5ac173e8ee69177f6243cf9c70608f6e1ad05,TNSR,-0.015194475
0x7de5ac173e8ee69177f6243cf9c70608f6e1ad05,EIGEN,-0.02634344
0x7de5ac173e8ee69177f6243cf9c70608f6e1ad05,MON,-0.018506994
0x7de5ac173e8ee69177f6243cf9c70608f6e1ad05,MERL,-0.007813154
0x7de5ac173e8ee69177f6243cf9c70608f6e1ad05,REZ,-0.007334118
0x7de5ac173e8ee69177f6243cf9c70608f6e1ad05,SOPH,-0.0037914875
0x7de5ac173e8ee69177f6243cf9c70608f6e1ad05,HYPE,0.03115666
0x7de5ac173e8ee69177f6243cf9c70608f6e1ad05,ME,-0.008702688
0x7de5ac173e8ee69177f6243cf9c70608f6e1ad05,BABY,-0.024509309
0x7de5ac173e8ee69177f6243cf9c70608f6e1ad05,MOVE,-0.02550628
0x7de5ac173e8ee69177f6243cf9c70608f6e1ad05,NEIRO,-0.013865822
0x7de5ac173e8ee69177f6243cf9c70608f6e1ad05,S,-0.03323177
0x7de5ac173e8ee69177f6243cf9c70608f6e1ad05,GRASS,-0.03583912
0x7de5ac173e8ee69177f6243cf9c70608f6e1ad05,SKY,-0.017349595
0x7de5ac173e8ee69177f6243cf9c70608f6e1ad05,INIT,-0.0002456839
0x7de5ac173e8ee69177f6243cf9c70608f6e1ad05,WCT,-0.0077753183
0x7de5ac173e8ee69177f6243cf9c70608f6e1ad05,WLFI,-0.007540973
0x7de5ac173e8ee69177f6243cf9c70608f6e1ad05,GOAT,-0.010591472
0x7de5ac173e8ee69177f6243cf9c70608f6e1ad05,FARTCOIN,0.00023573222
0x7de5ac173e8ee69177f6243cf9c70608f6e1ad05,PNUT,-0.01923669
0x7de5ac173e8ee69177f6243cf9c70608f6e1ad05,SYRUP,-0.025258273
0x7de5ac173e8ee69177f6243cf9c70608f6e1ad05,USUAL,-0.032751996
0x7de5ac173e8ee69177f6243cf9c70608f6e1ad05,AIXBT,-0.008397337
0x7de5ac173e8ee69177f6243cf9c70608f6e1ad05,MORPHO,-0.009165754
0x7de5ac173e8ee69177f6243cf9c70608f6e1ad05,PENGU,-0.034412354
0x7de5ac173e8ee69177f6243cf9c70608f6e1ad05,GRIFFAIN,-0.017126303
0x7de5ac173e8ee69177f6243cf9c70608f6e1ad05,BIO,-0.043733876
0x7de5ac173e8ee69177f6243cf9c70608f6e1ad05,ANIME,0.0013326714
0x7de5ac173e8ee69177f6243cf9c70608f6e1ad05,TRUMP,0.004403662
0x7de5ac173e8ee69177f6243cf9c70608f6e1ad05,MELANIA,-0.030232545
0x7de5ac173e8ee69177f6243cf9c70608f6e1ad05,VINE,-0.011433026
0x7de5ac173e8ee69177f6243cf9c70608f6e1ad05,LAYER,-0.04710246
0x7de5ac173e8ee69177f6243cf9c70608f6e1ad05,VVV,-0.01720049
0x7de5ac173e8ee69177f6243cf9c70608f6e1ad05,IP,0.023300681
0x7de5ac173e8ee69177f6243cf9c70608f6e1ad05,NIL,-0.024917975
0x7de5ac173e8ee69177f6243cf9c70608f6e1ad05,KAITO,-0.06009532
0x7de5ac173e8ee69177f6243cf9c70608f6e1ad05,ZORA,-0.027352955
0x7de5ac173e8ee69177f6243cf9c70608f6e1ad05,HYPER,-0.012617492
0x7de5ac173e8ee69177f6243cf9c70608f6e1ad05,ASTER,-0.001724101
0x7de5ac173e8ee69177f6243cf9c70608f6e1ad05,PUMP,-0.09804373
0x7de5ac173e8ee69177f6243cf9c70608f6e1ad05,XPL,-0.04886814
0x7de5ac173e8ee69177f6243cf9c70608f6e1ad05,CC,-0.024347689
0x7de5ac173e8ee69177f6243cf9c70608f6e1ad05,PROVE,-0.026365828
0x7de5ac173e8ee69177f6243cf9c70608f6e1ad05,HEMI,-0.07417036
0x7de5ac173e8ee69177f6243cf9c70608f6e1ad05,AVNT,-0.010613208
0x7de5ac173e8ee69177f6243cf9c70608f6e1ad05,0G,-0.009360612
0x7de5ac173e8ee69177f6243cf9c70608f6e1ad05,2Z,-0.001962558
0x7de5ac173e8ee69177f6243cf9c70608f6e1ad05,LIT,-0.007985442
0x81fbfb07888fff733958210796af7cbe4368ae5f,SKY,-82.83657487659822
0x81fbfb07888fff733958210796af7cbe4368ae5f,TRX,-60.85129214047501
0x81fbfb07888fff733958210796af7cbe4368ae5f,XLM,-30.123895346739136
0x81fbfb07888fff733958210796af7cbe4368ae5f,XMR,-96.01512313657916
0x81fbfb07888fff733958210796af7cbe4368ae5f,XRP,-18.49671812399473
0x81fbfb07888fff733958210796af7cbe4368ae5f,ZEC,232.18154742967096
0x81fbfb07888fff733958210796af7cbe4368ae5f,BCH,-72.09699775333677
0x81fbfb07888fff733958210796af7cbe4368ae5f,BTC,1415.6729396855826
0x81fbfb07888fff733958210796af7cbe4368ae5f,DOGE,-37.35215897134267
0x81fbfb07888fff733958210796af7cbe4368ae5f,ETC,-78.64473228354606
0x81fbfb07888fff733958210796af7cbe4368ae5f,LTC,-19.72196948818054
0x81fbfb07888fff733958210796af7cbe4368ae5f,ETH,9407.40506723584
0x81fbfb07888fff733958210796af7cbe4368ae5f,ADA,-79.01968534687852
0x81fbfb07888fff733958210796af7cbe4368ae5f,LINK,-23.073358354186283
0x81fbfb07888fff733958210796af7cbe4368ae5f,S,-307.484258927697
0x81fbfb07888fff733958210796af7cbe4368ae5f,ATOM,-5.3825149598480335
0x81fbfb07888fff733958210796af7cbe4368ae5f,SNX,-24.006960448619548
0x81fbfb07888fff733958210796af7cbe4368ae5f,RSR,-37.70651659206821
0x81fbfb07888fff733958210796af7cbe4368ae5f,ALGO,-26.260447705491263
0x81fbfb07888fff733958210796af7cbe4368ae5f,RUNE,28.766548065652163
0x81fbfb07888fff733958210796af7cbe4368ae5f,TRB,-26.621294204078364
0x81fbfb07888fff733958210796af7cbe4368ae5f,SOL,-147.9870278422838
0x81fbfb07888fff733958210796af7cbe4368ae5f,UMA,-80.65171798714827
0x81fbfb07888fff733958210796af7cbe4368ae5f,PAXG,-24.006960448619548
0x81fbfb07888fff733958210796af7cbe4368ae5f,COMP,1897.475353734632
0x81fbfb07888fff733958210796af7cbe4368ae5f,AVAX,-14.937658479863911
0x81fbfb07888fff733958210796af7cbe4368ae5f,SAND,-189.5189917491371
0x81fbfb07888fff733958210796af7cbe4368ae5f,CRV,-53.82314547826597
0x81fbfb07888fff733958210796af7cbe4368ae5f,LAYER,-74.13976698906188
0x81fbfb07888fff733958210796af7cbe4368ae5f,DOT,-66.03108680840175
0x81fbfb07888fff733958210796af7cbe4368ae5f,SUSHI,-24.006960448619548
0x81fbfb07888fff733958210796af7cbe4368ae5f,UNI,-70.47984078355368
0x81fbfb07888fff733958210796af7cbe4368ae5f,AAVE,-26.621294204078364
0x81fbfb07888fff733958210796af7cbe4368ae5f,NEAR,-31.781163059940848
0x81fbfb07888fff733958210796af7cbe4368ae5f,FIL,13.043200505990558
0x81fbfb07888fff733958210796af7cbe4368ae5f,AXS,-24.006960448619548
0x81fbfb07888fff733958210796af7cbe4368ae5f,INJ,-48.03200503746013
0x81fbfb07888fff733958210796af7cbe4368ae5f,ZORA,-24.006960448619548
0x81fbfb07888fff733958210796af7cbe4368ae5f,CELO,-25.65933510245044
0x81fbfb07888fff733958210796af7cbe4368ae5f,LIT,-76.80555165558773
0x81fbfb07888fff733958210796af7cbe4368ae5f,SHIB,-25.65933510245044
0x81fbfb07888fff733958210796af7cbe4368ae5f,ICP,-24.006960448619548
0x81fbfb07888fff733958210796af7cbe4368ae5f,RENDER,-24.006960448619548
0x81fbfb07888fff733958210796af7cbe4368ae5f,LDO,-26.621294204078364
0x81fbfb07888fff733958210796af7cbe4368ae5f,GALA,-24.006960448619548
0x81fbfb07888fff733958210796af7cbe4368ae5f,FET,-24.006960448619548
0x81fbfb07888fff733958210796af7cbe4368ae5f,ENS,80.74525029654761
0x81fbfb07888fff733958210796af7cbe4368ae5f,IMX,-24.006960448619548
0x81fbfb07888fff733958210796af7cbe4368ae5f,PEOPLE,-20.201257809178355
0x81fbfb07888fff733958210796af7cbe4368ae5f,GMT,-348.76633607589025
0x81fbfb07888fff733958210796af7cbe4368ae5f,FLOKI,-24.006960448619548
0x81fbfb07888fff733958210796af7cbe4368ae5f,POL,-56.51599304116802
0x81fbfb07888fff733958210796af7cbe4368ae5f,APE,-33.25245739516617
0x81fbfb07888fff733958210796af7cbe4368ae5f,GMX,-24.006960448619548
0x81fbfb07888fff733958210796af7cbe4368ae5f,BLUR,-24.006960448619548
0x81fbfb07888fff733958210796af7cbe4368ae5f,PENDLE,-24.006960448619548
0x81fbfb07888fff733958210796af7cbe4368ae5f,MINA,-24.006960448619548
0x81fbfb07888fff733958210796af7cbe4368ae5f,LUNC,-24.006960448619548
0x81fbfb07888fff733958210796af7cbe4368ae5f,MEME,-27.94659765430117
0x81fbfb07888fff733958210796af7cbe4368ae5f,OP,-120.574338103111
0x81fbfb07888fff733958210796af7cbe4368ae5f,ZEN,-27.94659765430117
0x81fbfb07888fff733958210796af7cbe4368ae5f,STRK,-24.006960448619548
0x81fbfb07888fff733958210796af7cbe4368ae5f,STX,83.22564948576591
0x81fbfb07888fff733958210796af7cbe4368ae5f,CFX,-24.006960448619548
0x81fbfb07888fff733958210796af7cbe4368ae5f,CAKE,-43.46498676803192
0x81fbfb07888fff733958210796af7cbe4368ae5f,DASH,-82.30434862064486
0x81fbfb07888fff733958210796af7cbe4368ae5f,BSV,-28.273668857909254
0x81fbfb07888fff733958210796af7cbe4368ae5f,AR,-24.006960448619548
0x81fbfb07888fff733958210796af7cbe4368ae5f,APT,21.660448785187427
0x81fbfb07888fff733958210796af7cbe4368ae5f,ALT,-97.37995862894452
0x81fbfb07888fff733958210796af7cbe4368ae5f,BNB,-125.77389889508513
0x81fbfb07888fff733958210796af7cbe4368ae5f,BONK,-24.006960448619548
0x81fbfb07888fff733958210796af7cbe4368ae5f,BABY,-38.153873078700464
0x81fbfb07888fff733958210796af7cbe4368ae5f,HBAR,-33.834265057291766
0x81fbfb07888fff733958210796af7cbe4368ae5f,KAS,-24.006960448619548
0x81fbfb07888fff733958210796af7cbe4368ae5f,PEPE,-34.07233860399732
0x81fbfb07888fff733958210796af7cbe4368ae5f,ORDI,-24.006960448619548
0x81fbfb07888fff733958210796af7cbe4368ae5f,SUI,-24.006960448619548
0x81fbfb07888fff733958210796af7cbe4368ae5f,MNT,-24.006960448619548
0x81fbfb07888fff733958210796af7cbe4368ae5f,IOTA,-24.006960448619548
0x81fbfb07888fff733958210796af7cbe4368ae5f,TURBO,-24.006960448619548
0x81fbfb07888fff733958210796af7cbe4368ae5f,TIA,-24.006960448619548
0x81fbfb07888fff733958210796af7cbe4368ae5f,SEI,-29.154450269459694
0x81fbfb07888fff733958210796af7cbe4368ae5f,TAO,-39.11569600453748
0x81fbfb07888fff733958210796af7cbe4368ae5f,JTO,-24.006960448619548
0x81fbfb07888fff733958210796af7cbe4368ae5f,PYTH,-24.006960448619548
0x81fbfb07888fff733958210796af7cbe4368ae5f,MANTA,-24.006960448619548
0x81fbfb07888fff733958210796af7cbe4368ae5f,ONDO,-13.823733249834117
0x81fbfb07888fff733958210796af7cbe4368ae5f,WIF,-27.94659765430117
0x81fbfb07888fff733958210796af7cbe4368ae5f,XAI,-24.006960448619548
0x81fbfb07888fff733958210796af7cbe4368ae5f,ZETA,-24.006960448619548
0x81fbfb07888fff733958210796af7cbe4368ae5f,JUP,-46.705573110813134
0x81fbfb07888fff733958210796af7cbe4368ae5f,DYM,-24.006960448619548
0x81fbfb07888fff733958210796af7cbe4368ae5f,TRUMP,9693.346704215808
0x81fbfb07888fff733958210796af7cbe4368ae5f,APEX,-24.006960448619548
0x81fbfb07888fff733958210796af7cbe4368ae5f,ARB,-132.35013324591293
0x81fbfb07888fff733958210796af7cbe4368ae5f,BOME,-267.49438703589067
0x81fbfb07888fff733958210796af7cbe4368ae5f,HYPER,-67.03602263105684
0x81fbfb07888fff733958210796af7cbe4368ae5f,ETHFI,-14.035272363951137
0x81fbfb07888fff733958210796af7cbe4368ae5f,BRETT,-24.006960448619548
0x81fbfb07888fff733958210796af7cbe4368ae5f,W,-56.29695353456109
0x81fbfb07888fff733958210796af7cbe4368ae5f,GOAT,-115.40620767491356
0x81fbfb07888fff733958210796af7cbe4368ae5f,POPCAT,49.26732349428769
0x81fbfb07888fff733958210796af7cbe4368ae5f,MERL,-24.006960448619548
0x81fbfb07888fff733958210796af7cbe4368ae5f,ZK,-24.006960448619548
0x81fbfb07888fff733958210796af7cbe4368ae5f,TNSR,-24.006960448619548
0x81fbfb07888fff733958210796af7cbe4368ae5f,AERO,-24.006960448619548
0x81fbfb07888fff733958210796af7cbe4368ae5f,REZ,-24.006960448619548
0x81fbfb07888fff733958210796af7cbe4368ae5f,NOT,-24.006960448619548
0x81fbfb07888fff733958210796af7cbe4368ae5f,MON,-24.006960448619548
0x81fbfb07888fff733958210796af7cbe4368ae5f,VIRTUAL,-61.93549666689003
0x81fbfb07888fff733958210796af7cbe4368ae5f,IO,-47.84616023932443
0x81fbfb07888fff733958210796af7cbe4368ae5f,ZRO,-34.58784514483066
0x81fbfb07888fff733958210796af7cbe4368ae5f,WLD,-24.006960448619548
0x81fbfb07888fff733958210796af7cbe4368ae5f,NEIRO,-20.201257809178355
0x81fbfb07888fff733958210796af7cbe4368ae5f,EIGEN,-24.006960448619548
0x81fbfb07888fff733958210796af7cbe4368ae5f,MOVE,3244.747031741146
0x81fbfb07888fff733958210796af7cbe4368ae5f,FARTCOIN,30.79618837016007
0x81fbfb07888fff733958210796af7cbe4368ae5f,GRASS,-46.705573110813134
0x81fbfb07888fff733958210796af7cbe4368ae5f,PNUT,-24.006960448619548
0x81fbfb07888fff733958210796af7cbe4368ae5f,USUAL,-60.119770397492175
0x81fbfb07888fff733958210796af7cbe4368ae5f,MORPHO,-24.006960448619548
0x81fbfb07888fff733958210796af7cbe4368ae5f,AIXBT,-24.006960448619548
0x81fbfb07888fff733958210796af7cbe4368ae5f,HYPE,-99.42897969707175
0x81fbfb07888fff733958210796af7cbe4368ae5f,ME,-24.006960448619548
0x81fbfb07888fff733958210796af7cbe4368ae5f,PENGU,-17.58692405371954
0x81fbfb07888fff733958210796af7cbe4368ae5f,sENA,-20.201257809178355
0x81fbfb07888fff733958210796af7cbe4368ae5f,BIO,-225.3276738266332
0x81fbfb07888fff733958210796af7cbe4368ae5f,GRIFFAIN,-20.201257809178355
0x81fbfb07888fff733958210796af7cbe4368ae5f,MELANIA,-20.201257809178355
0x81fbfb07888fff733958210796af7cbe4368ae5f,VINE,-63.20926271524856
0x81fbfb07888fff733958210796af7cbe4368ae5f,ANIME,-68.38125503670346
0x81fbfb07888fff733958210796af7cbe4368ae5f,VVV,-39.53049905218331
0x81fbfb07888fff733958210796af7cbe4368ae5f,SYRUP,-24.006960448619548
0x81fbfb07888fff733958210796af7cbe4368ae5f,BERA,-24.006960448619548
0x81fbfb07888fff733958210796af7cbe4368ae5f,IP,-78.06960965541
0x81fbfb07888fff733958210796af7cbe4368ae5f,KAITO,-204.82216561420935
0x81fbfb07888fff733958210796af7cbe4368ae5f,NIL,-24.006960448619548
0x81fbfb07888fff733958210796af7cbe4368ae5f,WCT,-24.006960448619548
0x81fbfb07888fff733958210796af7cbe4368ae5f,PUMP,1387.3400754775882
0x81fbfb07888fff733958210796af7cbe4368ae5f,INIT,-24.006960448619548
0x81fbfb07888fff733958210796af7cbe4368ae5f,SOPH,-24.006960448619548
0x81fbfb07888fff733958210796af7cbe4368ae5f,PROVE,-121.52459361793436
0x81fbfb07888fff733958210796af7cbe4368ae5f,WLFI,-101.4424445157084
0x81fbfb07888fff733958210796af7cbe4368ae5f,0G,-24.006960448619548
0x81fbfb07888fff733958210796af7cbe4368ae5f,AVNT,-24.006960448619548
0x81fbfb07888fff733958210796af7cbe4368ae5f,ASTER,-24.006960448619548
0x81fbfb07888fff733958210796af7cbe4368ae5f,LINEA,-24.006960448619548
0x81fbfb07888fff733958210796af7cbe4368ae5f,HEMI,-234.83267732882405
0x81fbfb07888fff733958210796af7cbe4368ae5f,XPL,-24.006960448619548
0x81fbfb07888fff733958210796af7cbe4368ae5f,2Z,-24.006960448619548
0x81fbfb07888fff733958210796af7cbe4368ae5f,CC,6709.920437078112
0x8a8e1c4e454e092fc19c6cca2034bd22b29781e7,ALT,-0.0015244484
0x8a8e1c4e454e092fc19c6cca2034bd22b29781e7,GOAT,-0.0013396144
0x8a8e1c4e454e092fc19c6cca2034bd22b29781e7,MORPHO,-0.0012461543
0x8a8e1c4e454e092fc19c6cca2034bd22b29781e7,SHIB,-0.001204133
0x8a8e1c4e454e092fc19c6cca2034bd22b29781e7,MELANIA,-0.0011956096
0x8a8e1c4e454e092fc19c6cca2034bd22b29781e7,SAND,-0.0011293292
0x8a8e1c4e454e092fc19c6cca2034bd22b29781e7,ANIME,-0.0011065602
0x8a8e1c4e454e092fc19c6cca2034bd22b29781e7,TURBO,-0.0010457635
0x8a8e1c4e454e092fc19c6cca2034bd22b29781e7,LUNC,-0.0007985234
0x8a8e1c4e454e092fc19c6cca2034bd22b29781e7,UMA,-0.0007479191
0x8a8e1c4e454e092fc19c6cca2034bd22b29781e7,WCT,-0.00062561035
0x8a8e1c4e454e092fc19c6cca2034bd22b29781e7,AR,-0.00059992075
0x8a8e1c4e454e092fc19c6cca2034bd22b29781e7,TRB,-0.00058835745
0x8a8e1c4e454e092fc19c6cca2034bd22b29781e7,AIXBT,-0.000557065
0x8a8e1c4e454e092fc19c6cca2034bd22b29781e7,PEPE,-0.00054329634
0x8a8e1c4e454e092fc19c6cca2034bd22b29781e7,RENDER,-0.00053077936
0x8a8e1c4e454e092fc19c6cca2034bd22b29781e7,HEMI,-0.0005200505
0x8a8e1c4e454e092fc19c6cca2034bd22b29781e7,IO,-0.00050359964
0x8a8e1c4e454e092fc19c6cca2034bd22b29781e7,ICP,-0.00048536062
0x8a8e1c4e454e092fc19c6cca2034bd22b29781e7,EIGEN,-0.0004696846
0x8a8e1c4e454e092fc19c6cca2034bd22b29781e7,AXS,-0.0004377365
0x8a8e1c4e454e092fc19c6cca2034bd22b29781e7,SYRUP,-0.00042682886
0x8a8e1c4e454e092fc19c6cca2034bd22b29781e7,LDO,-0.00042426586
0x8a8e1c4e454e092fc19c6cca2034bd22b29781e7,sENA,-0.00041794777
0x8a8e1c4e454e092fc19c6cca2034bd22b29781e7,BIO,-0.00041532516
0x8a8e1c4e454e092fc19c6cca2034bd22b29781e7,PNUT,-0.0004092455
0x8a8e1c4e454e092fc19c6cca2034bd22b29781e7,GMX,-0.0004029274
0x8a8e1c4e454e092fc19c6cca2034bd22b29781e7,COMP,-0.0004028678
0x8a8e1c4e454e092fc19c6cca2034bd22b29781e7,STX,-0.0004016757
0x8a8e1c4e454e092fc19c6cca2034bd22b29781e7,GRASS,-0.00038981438
0x8a8e1c4e454e092fc19c6cca2034bd22b29781e7,CELO,-0.00038671494
0x8a8e1c4e454e092fc19c6cca2034bd22b29781e7,ATOM,-0.0003849864
0x8a8e1c4e454e092fc19c6cca2034bd22b29781e7,FET,-0.0003759861
0x8a8e1c4e454e092fc19c6cca2034bd22b29781e7,TIA,-0.00036984682
0x8a8e1c4e454e092fc19c6cca2034bd22b29781e7,ZORA,-0.0003669262
0x8a8e1c4e454e092fc19c6cca2034bd22b29781e7,BSV,-0.0003656149
0x8a8e1c4e454e092fc19c6cca2034bd22b29781e7,VINE,-0.0003619194
0x8a8e1c4e454e092fc19c6cca2034bd22b29781e7,XPL,-0.0003556013
0x8a8e1c4e454e092fc19c6cca2034bd22b29781e7,0G,-0.0003516674
0x8a8e1c4e454e092fc19c6cca2034bd22b29781e7,PENDLE,-0.00034207106
0x8a8e1c4e454e092fc19c6cca2034bd22b29781e7,APEX,-0.00033688545
0x8a8e1c4e454e092fc19c6cca2034bd22b29781e7,VVV,-0.00033587217
0x8a8e1c4e454e092fc19c6cca2034bd22b29781e7,W,-0.00033533573
0x8a8e1c4e454e092fc19c6cca2034bd22b29781e7,GRIFFAIN,-0.00033390522
0x8a8e1c4e454e092fc19c6cca2034bd22b29781e7,FARTCOIN,-0.00032937527
0x8a8e1c4e454e092fc19c6cca2034bd22b29781e7,NOT,-0.00030326843
0x8a8e1c4e454e092fc19c6cca2034bd22b29781e7,PYTH,-0.00029462576
0x8a8e1c4e454e092fc19c6cca2034bd22b29781e7,SEI,-0.00028294325
0x8a8e1c4e454e092fc19c6cca2034bd22b29781e7,MANTA,-0.0002785325
0x8a8e1c4e454e092fc19c6cca2034bd22b29781e7,CFX,-0.00027549267
0x8a8e1c4e454e092fc19c6cca2034bd22b29781e7,ARB,-0.00026685
0x8a8e1c4e454e092fc19c6cca2034bd22b29781e7,ZEN,-0.00026589632
0x8a8e1c4e454e092fc19c6cca2034bd22b29781e7,MINA,-0.00024038553
0x8a8e1c4e454e092fc19c6cca2034bd22b29781e7,PEOPLE,-0.00023394823
0x8a8e1c4e454e092fc19c6cca2034bd22b29781e7,DYM,-0.00021070242
0x8a8e1c4e454e092fc19c6cca2034bd22b29781e7,BERA,-0.00020420551
0x8a8e1c4e454e092fc19c6cca2034bd22b29781e7,BLUR,-0.00019353628
0x8a8e1c4e454e092fc19c6cca2034bd22b29781e7,SUSHI,-0.00019168854
0x8a8e1c4e454e092fc19c6cca2034bd22b29781e7,HYPER,-0.00018179417
0x8a8e1c4e454e092fc19c6cca2034bd22b29781e7,ME,-0.00017923117
0x8a8e1c4e454e092fc19c6cca2034bd22b29781e7,ETHFI,-0.00017881393
0x8a8e1c4e454e092fc19c6cca2034bd22b29781e7,MNT,-0.00017809868
0x8a8e1c4e454e092fc19c6cca2034bd22b29781e7,IMX,-0.00017684698
0x8a8e1c4e454e092fc19c6cca2034bd22b29781e7,ETC,-0.00017076731
0x8a8e1c4e454e092fc19c6cca2034bd22b29781e7,ASTER,-0.00016003847
0x8a8e1c4e454e092fc19c6cca2034bd22b29781e7,BRETT,-0.00015687943
0x8a8e1c4e454e092fc19c6cca2034bd22b29781e7,PUMP,-0.0001565218
0x8a8e1c4e454e092fc19c6cca2034bd22b29781e7,MERL,-0.00015503168
0x8a8e1c4e454e092fc19c6cca2034bd22b29781e7,AVNT,-0.00015223026
0x8a8e1c4e454e092fc19c6cca2034bd22b29781e7,SNX,-0.00014680624
0x8a8e1c4e454e092fc19c6cca2034bd22b29781e7,SOPH,-0.00014048815
0x8a8e1c4e454e092fc19c6cca2034bd22b29781e7,KAS,-0.00013643503
0x8a8e1c4e454e092fc19c6cca2034bd22b29781e7,ZK,-0.00013446808
0x8a8e1c4e454e092fc19c6cca2034bd22b29781e7,ZETA,-0.00013250113
0x8a8e1c4e454e092fc19c6cca2034bd22b29781e7,GMT,-0.00013142824
0x8a8e1c4e454e092fc19c6cca2034bd22b29781e7,KAITO,-0.00013023615
0x8a8e1c4e454e092fc19c6cca2034bd22b29781e7,MEME,-0.0001296997
0x8a8e1c4e454e092fc19c6cca2034bd22b29781e7,INIT,-0.00012743473
0x8a8e1c4e454e092fc19c6cca2034bd22b29781e7,RUNE,-0.00012725592
0x8a8e1c4e454e092fc19c6cca2034bd22b29781e7,POL,-0.0001270771
0x8a8e1c4e454e092fc19c6cca2034bd22b29781e7,IOTA,-0.00012677908
0x8a8e1c4e454e092fc19c6cca2034bd22b29781e7,PAXG,-0.00012117624
0x8a8e1c4e454e092fc19c6cca2034bd22b29781e7,TNSR,-0.00011688471
0x8a8e1c4e454e092fc19c6cca2034bd22b29781e7,FLOKI,-0.000115692616
0x8a8e1c4e454e092fc19c6cca2034bd22b29781e7,LINEA,-0.000110685825
0x8a8e1c4e454e092fc19c6cca2034bd22b29781e7,NEAR,-0.00009691715
0x8a8e1c4e454e092fc19c6cca2034bd22b29781e7,SKY,-0.00009471178
0x8a8e1c4e454e092fc19c6cca2034bd22b29781e7,HYPE,-0.000057399273
0x8a8e1c4e454e092fc19c6cca2034bd22b29781e7,NEIRO,-0.000047326088
0x8a8e1c4e454e092fc19c6cca2034bd22b29781e7,USUAL,-0.000044703484
0x8a8e1c4e454e092fc19c6cca2034bd22b29781e7,GALA,-0.000041246414
0x8a8e1c4e454e092fc19c6cca2034bd22b29781e7,XAI,-0.000039577484
0x8a8e1c4e454e092fc19c6cca2034bd22b29781e7,POPCAT,-0.000038802624
0x8a8e1c4e454e092fc19c6cca2034bd22b29781e7,PENGU,-0.0000333786
0x8a8e1c4e454e092fc19c6cca2034bd22b29781e7,ETH,-0.000033020973
0x8a8e1c4e454e092fc19c6cca2034bd22b29781e7,ZRO,-0.000031650066
0x8a8e1c4e454e092fc19c6cca2034bd22b29781e7,INJ,-0.000027775764
0x8a8e1c4e454e092fc19c6cca2034bd22b29781e7,ORDI,-0.000020444393
0x8a8e1c4e454e092fc19c6cca2034bd22b29781e7,BOME,-0.000020086765
0x8a8e1c4e454e092fc19c6cca2034bd22b29781e7,JTO,-0.000018417835
0x8a8e1c4e454e092fc19c6cca2034bd22b29781e7,ENS,-0.000017940998
0x8a8e1c4e454e092fc19c6cca2034bd22b29781e7,REZ,-0.000017642975
0x8a8e1c4e454e092fc19c6cca2034bd22b29781e7,2Z,-0.000015497208
0x8a8e1c4e454e092fc19c6cca2034bd22b29781e7,DOT,-0.000012516975
0x8a8e1c4e454e092fc19c6cca2034bd22b29781e7,AVAX,-0.0000051259995
0x8a8e1c4e454e092fc19c6cca2034bd22b29781e7,NIL,0.0
0x8a8e1c4e454e092fc19c6cca2034bd22b29781e7,MOVE,0.0
0x8a8e1c4e454e092fc19c6cca2034bd22b29781e7,BTC,0.0
0x8a8e1c4e454e092fc19c6cca2034bd22b29781e7,FIL,0.0
0x8a8e1c4e454e092fc19c6cca2034bd22b29781e7,AERO,0.0
0x8a8e1c4e454e092fc19c6cca2034bd22b29781e7,BONK,0.0
0x8a8e1c4e454e092fc19c6cca2034bd22b29781e7,TAO,0.0
0x8a8e1c4e454e092fc19c6cca2034bd22b29781e7,STRK,0.0
0x8a8e1c4e454e092fc19c6cca2034bd22b29781e7,CRV,0.0
0x8a8e1c4e454e092fc19c6cca2034bd22b29781e7,WIF,2.3841858E-7
0x8a8e1c4e454e092fc19c6cca2034bd22b29781e7,UNI,2.3841858E-7
0x8a8e1c4e454e092fc19c6cca2034bd22b29781e7,LAYER,9.536743E-7
0x8a8e1c4e454e092fc19c6cca2034bd22b29781e7,SOL,0.000004172325
0x8a8e1c4e454e092fc19c6cca2034bd22b29781e7,DASH,0.000022053719
0x8a8e1c4e454e092fc19c6cca2034bd22b29781e7,WLD,0.000038146973
0x8a8e1c4e454e092fc19c6cca2034bd22b29781e7,S,0.00007677078
0x8a8e1c4e454e092fc19c6cca2034bd22b29781e7,IP,0.00009047985
0x8a8e1c4e454e092fc19c6cca2034bd22b29781e7,APE,0.00010442734
0x8a8e1c4e454e092fc19c6cca2034bd22b29781e7,PROVE,0.00011062622
0x8a8e1c4e454e092fc19c6cca2034bd22b29781e7,JUP,0.00011754036
0x8a8e1c4e454e092fc19c6cca2034bd22b29781e7,CAKE,0.00014162064
0x8a8e1c4e454e092fc19c6cca2034bd22b29781e7,WLFI,0.00016069412
0x8a8e1c4e454e092fc19c6cca2034bd22b29781e7,AAVE,0.0001642704
0x8a8e1c4e454e092fc19c6cca2034bd22b29781e7,LTC,0.00017809868
0x8a8e1c4e454e092fc19c6cca2034bd22b29781e7,BCH,0.00018179417
0x8a8e1c4e454e092fc19c6cca2034bd22b29781e7,ADA,0.0002695322
0x8a8e1c4e454e092fc19c6cca2034bd22b29781e7,TRX,0.0002810955
0x8a8e1c4e454e092fc19c6cca2034bd22b29781e7,XMR,0.00038599968
0x8a8e1c4e454e092fc19c6cca2034bd22b29781e7,XRP,0.00046157837
0x8a8e1c4e454e092fc19c6cca2034bd22b29781e7,APT,0.00047409534
0x8a8e1c4e454e092fc19c6cca2034bd22b29781e7,RSR,0.0004836321
0x8a8e1c4e454e092fc19c6cca2034bd22b29781e7,SUI,0.0005236864
0x8a8e1c4e454e092fc19c6cca2034bd22b29781e7,ONDO,0.00057709217
0x8a8e1c4e454e092fc19c6cca2034bd22b29781e7,BNB,0.00060629845
0x8a8e1c4e454e092fc19c6cca2034bd22b29781e7,TRUMP,0.0006097555
0x8a8e1c4e454e092fc19c6cca2034bd22b29781e7,VIRTUAL,0.0006942749
0x8a8e1c4e454e092fc19c6cca2034bd22b29781e7,MON,0.00073087215
0x8a8e1c4e454e092fc19c6cca2034bd22b29781e7,OP,0.0009317398
0x8a8e1c4e454e092fc19c6cca2034bd22b29781e7,LIT,0.0012209415
0x8a8e1c4e454e092fc19c6cca2034bd22b29781e7,CC,0.0012691021
0x8a8e1c4e454e092fc19c6cca2034bd22b29781e7,HBAR,0.0012813807
0x8a8e1c4e454e092fc19c6cca2034bd22b29781e7,BABY,0.0015304089
0x8a8e1c4e454e092fc19c6cca2034bd22b29781e7,DOGE,0.0015846491
0x8a8e1c4e454e092fc19c6cca2034bd22b29781e7,XLM,0.0021537542
0x8a8e1c4e454e092fc19c6cca2034bd22b29781e7,LINK,0.0026488304
0x8a8e1c4e454e092fc19c6cca2034bd22b29781e7,ZEC,0.003028512
0x8a8e1c4e454e092fc19c6cca2034bd22b29781e7,ALGO,0.0032032728
0x9250dbb45c4883de42348897b676ad11d6f5703c,APEX,-0.0625
0x9250dbb45c4883de42348897b676ad11d6f5703c,BNB,0.0625
0x9250dbb45c4883de42348897b676ad11d6f5703c,BOME,-0.0625
0x9250dbb45c4883de42348897b676ad11d6f5703c,BRETT,-0.0625
0x9250dbb45c4883de42348897b676ad11d6f5703c,BTC,0.0625
0x9250dbb45c4883de42348897b676ad11d6f5703c,HYPE,0.0625
0x9250dbb45c4883de42348897b676ad11d6f5703c,PAXG,0.0625
0x9250dbb45c4883de42348897b676ad11d6f5703c,PROVE,0.0625
0x9250dbb45c4883de42348897b676ad11d6f5703c,RUNE,0.0625
0x9250dbb45c4883de42348897b676ad11d6f5703c,STX,-0.0625
0x9250dbb45c4883de42348897b676ad11d6f5703c,TRUMP,-0.0625
0x9250dbb45c4883de42348897b676ad11d6f5703c,TRX,0.0625
0x9250dbb45c4883de42348897b676ad11d6f5703c,USUAL,-0.0625
0x9250dbb45c4883de42348897b676ad11d6f5703c,ZEC,0.0625
0x9250dbb45c4883de42348897b676ad11d6f5703c,ZORA,-0.0625
0x9250dbb45c4883de42348897b676ad11d6f5703c,sENA,-0.0625
0x9250dbb45c4883de42348897b676ad11d6f5703c,MEME,0.0
0x9250dbb45c4883de42348897b676ad11d6f5703c,0G,0.0
0x9250dbb45c4883de42348897b676ad11d6f5703c,EIGEN,0.0
0x9250dbb45c4883de42348897b676ad11d6f5703c,WLD,0.0
0x9250dbb45c4883de42348897b676ad11d6f5703c,MINA,0.0
0x9250dbb45c4883de42348897b676ad11d6f5703c,UMA,0.0
0x9250dbb45c4883de42348897b676ad11d6f5703c,APT,0.0
0x9250dbb45c4883de42348897b676ad11d6f5703c,ME,0.0
0x9250dbb45c4883de42348897b676ad11d6f5703c,MERL,0.0
0x9250dbb45c4883de42348897b676ad11d6f5703c,DOT,0.0
0x9250dbb45c4883de42348897b676ad11d6f5703c,TURBO,0.0
0x9250dbb45c4883de42348897b676ad11d6f5703c,ZEN,0.0
0x9250dbb45c4883de42348897b676ad11d6f5703c,XRP,0.0
0x9250dbb45c4883de42348897b676ad11d6f5703c,MANTA,0.0
0x9250dbb45c4883de42348897b676ad11d6f5703c,BERA,0.0
0x9250dbb45c4883de42348897b676ad11d6f5703c,W,0.0
0x9250dbb45c4883de42348897b676ad11d6f5703c,GMT,0.0
0x9250dbb45c4883de42348897b676ad11d6f5703c,ANIME,0.0
0x9250dbb45c4883de42348897b676ad11d6f5703c,FLOKI,0.0
0x9250dbb45c4883de42348897b676ad11d6f5703c,CELO,0.0
0x9250dbb45c4883de42348897b676ad11d6f5703c,ORDI,0.0
0x9250dbb45c4883de42348897b676ad11d6f5703c,ETC,0.0
0x9250dbb45c4883de42348897b676ad11d6f5703c,INJ,0.0
0x9250dbb45c4883de42348897b676ad11d6f5703c,XLM,0.0
0x9250dbb45c4883de42348897b676ad11d6f5703c,GRASS,0.0
0x9250dbb45c4883de42348897b676ad11d6f5703c,PUMP,0.0
0x9250dbb45c4883de42348897b676ad11d6f5703c,TNSR,0.0
0x9250dbb45c4883de42348897b676ad11d6f5703c,ADA,0.0
0x9250dbb45c4883de42348897b676ad11d6f5703c,HEMI,0.0
0x9250dbb45c4883de42348897b676ad11d6f5703c,DOGE,0.0
0x9250dbb45c4883de42348897b676ad11d6f5703c,NOT,0.0
0x9250dbb45c4883de42348897b676ad11d6f5703c,WLFI,0.0
0x9250dbb45c4883de42348897b676ad11d6f5703c,CRV,0.0
0x9250dbb45c4883de42348897b676ad11d6f5703c,NIL,0.0
0x9250dbb45c4883de42348897b676ad11d6f5703c,STRK,0.0
0x9250dbb45c4883de42348897b676ad11d6f5703c,S,0.0
0x9250dbb45c4883de42348897b676ad11d6f5703c,ETHFI,0.0
0x9250dbb45c4883de42348897b676ad11d6f5703c,ZRO,0.0
0x9250dbb45c4883de42348897b676ad11d6f5703c,DYM,0.0
0x9250dbb45c4883de42348897b676ad11d6f5703c,AAVE,0.0
0x9250dbb45c4883de42348897b676ad11d6f5703c,WCT,0.0
0x9250dbb45c4883de42348897b676ad11d6f5703c,NEAR,0.0
0x9250dbb45c4883de42348897b676ad11d6f5703c,BSV,0.0
0x9250dbb45c4883de42348897b676ad11d6f5703c,PENGU,0.0
0x9250dbb45c4883de42348897b676ad11d6f5703c,VINE,0.0
0x9250dbb45c4883de42348897b676ad11d6f5703c,REZ,0.0
0x9250dbb45c4883de42348897b676ad11d6f5703c,ZK,0.0
0x9250dbb45c4883de42348897b676ad11d6f5703c,XAI,0.0
0x9250dbb45c4883de42348897b676ad11d6f5703c,LAYER,0.0
0x9250dbb45c4883de42348897b676ad11d6f5703c,MNT,0.0
0x9250dbb45c4883de42348897b676ad11d6f5703c,MON,0.0
0x9250dbb45c4883de42348897b676ad11d6f5703c,PNUT,0.0
0x9250dbb45c4883de42348897b676ad11d6f5703c,IMX,0.0
0x9250dbb45c4883de42348897b676ad11d6f5703c,ONDO,0.0
0x9250dbb45c4883de42348897b676ad11d6f5703c,SHIB,0.0
0x9250dbb45c4883de42348897b676ad11d6f5703c,PENDLE,0.0
0x9250dbb45c4883de42348897b676ad11d6f5703c,AVNT,0.0
0x9250dbb45c4883de42348897b676ad11d6f5703c,ATOM,0.0
0x9250dbb45c4883de42348897b676ad11d6f5703c,OP,0.0
0x9250dbb45c4883de42348897b676ad11d6f5703c,BONK,0.0
0x9250dbb45c4883de42348897b676ad11d6f5703c,JUP,0.0
0x9250dbb45c4883de42348897b676ad11d6f5703c,INIT,0.0
0x9250dbb45c4883de42348897b676ad11d6f5703c,APE,0.0
0x9250dbb45c4883de42348897b676ad11d6f5703c,FIL,0.0
0x9250dbb45c4883de42348897b676ad11d6f5703c,POL,0.0
0x9250dbb45c4883de42348897b676ad11d6f5703c,MORPHO,0.0
0x9250dbb45c4883de42348897b676ad11d6f5703c,KAS,0.0
0x9250dbb45c4883de42348897b676ad11d6f5703c,SUSHI,0.0
0x9250dbb45c4883de42348897b676ad11d6f5703c,ENS,0.0
0x9250dbb45c4883de42348897b676ad11d6f5703c,FARTCOIN,0.0
0x9250dbb45c4883de42348897b676ad11d6f5703c,CAKE,0.0
0x9250dbb45c4883de42348897b676ad11d6f5703c,PEOPLE,0.0
0x9250dbb45c4883de42348897b676ad11d6f5703c,AIXBT,0.0
0x9250dbb45c4883de42348897b676ad11d6f5703c,IP,0.0
0x9250dbb45c4883de42348897b676ad11d6f5703c,LIT,0.0
0x9250dbb45c4883de42348897b676ad11d6f5703c,RSR,0.0
0x9250dbb45c4883de42348897b676ad11d6f5703c,XPL,0.0
0x9250dbb45c4883de42348897b676ad11d6f5703c,LINK,0.0
0x9250dbb45c4883de42348897b676ad11d6f5703c,AVAX,0.0
0x9250dbb45c4883de42348897b676ad11d6f5703c,KAITO,0.0
0x9250dbb45c4883de42348897b676ad11d6f5703c,LINEA,0.0
0x9250dbb45c4883de42348897b676ad11d6f5703c,POPCAT,0.0
0x9250dbb45c4883de42348897b676ad11d6f5703c,TRB,0.0
0x9250dbb45c4883de42348897b676ad11d6f5703c,ALGO,0.0
0x9250dbb45c4883de42348897b676ad11d6f5703c,ZETA,0.0
0x9250dbb45c4883de42348897b676ad11d6f5703c,IOTA,0.0
0x9250dbb45c4883de42348897b676ad11d6f5703c,SUI,0.0
0x9250dbb45c4883de42348897b676ad11d6f5703c,VVV,0.0
0x9250dbb45c4883de42348897b676ad11d6f5703c,GOAT,0.0
0x9250dbb45c4883de42348897b676ad11d6f5703c,JTO,0.0
0x9250dbb45c4883de42348897b676ad11d6f5703c,ARB,0.0
0x9250dbb45c4883de42348897b676ad11d6f5703c,FET,0.0
0x9250dbb45c4883de42348897b676ad11d6f5703c,LUNC,0.0
0x9250dbb45c4883de42348897b676ad11d6f5703c,WIF,0.0
0x9250dbb45c4883de42348897b676ad11d6f5703c,AXS,0.0
0x9250dbb45c4883de42348897b676ad11d6f5703c,AR,0.0
0x9250dbb45c4883de42348897b676ad11d6f5703c,TIA,0.0
0x9250dbb45c4883de42348897b676ad11d6f5703c,LDO,0.0
0x9250dbb45c4883de42348897b676ad11d6f5703c,RENDER,0.0
0x9250dbb45c4883de42348897b676ad11d6f5703c,TAO,0.0
0x9250dbb45c4883de42348897b676ad11d6f5703c,GMX,0.0
0x9250dbb45c4883de42348897b676ad11d6f5703c,XMR,0.0
0x9250dbb45c4883de42348897b676ad11d6f5703c,HBAR,0.0
0x9250dbb45c4883de42348897b676ad11d6f5703c,MOVE,0.0
0x9250dbb45c4883de42348897b676ad11d6f5703c,PEPE,0.0
0x9250dbb45c4883de42348897b676ad11d6f5703c,SAND,0.0
0x9250dbb45c4883de42348897b676ad11d6f5703c,ASTER,0.0
0x9250dbb45c4883de42348897b676ad11d6f5703c,GRIFFAIN,0.0
0x9250dbb45c4883de42348897b676ad11d6f5703c,COMP,0.0
0x9250dbb45c4883de42348897b676ad11d6f5703c,SNX,0.0
0x9250dbb45c4883de42348897b676ad11d6f5703c,CC,0.0
0x9250dbb45c4883de42348897b676ad11d6f5703c,SEI,0.0
0x9250dbb45c4883de42348897b676ad11d6f5703c,IO,0.0
0x9250dbb45c4883de42348897b676ad11d6f5703c,BCH,0.0
0x9250dbb45c4883de42348897b676ad11d6f5703c,BLUR,0.0
0x9250dbb45c4883de42348897b676ad11d6f5703c,MELANIA,0.0
0x9250dbb45c4883de42348897b676ad11d6f5703c,DASH,0.0
0x9250dbb45c4883de42348897b676ad11d6f5703c,SKY,0.0
0x9250dbb45c4883de42348897b676ad11d6f5703c,BABY,0.0
0x9250dbb45c4883de42348897b676ad11d6f5703c,PYTH,0.0
0x9250dbb45c4883de42348897b676ad11d6f5703c,AERO,0.0
0x9250dbb45c4883de42348897b676ad11d6f5703c,ICP,0.0
0x9250dbb45c4883de42348897b676ad11d6f5703c,LTC,0.0
0x9250dbb45c4883de42348897b676ad11d6f5703c,VIRTUAL,0.0
0x9250dbb45c4883de42348897b676ad11d6f5703c,CFX,0.0
0x9250dbb45c4883de42348897b676ad11d6f5703c,SOPH,0.0
0x9250dbb45c4883de42348897b676ad11d6f5703c,SYRUP,0.0
0x9250dbb45c4883de42348897b676ad11d6f5703c,NEIRO,0.0
0x9250dbb45c4883de42348897b676ad11d6f5703c,SOL,0.0
0x9250dbb45c4883de42348897b676ad11d6f5703c,GALA,0.0
0x9250dbb45c4883de42348897b676ad11d6f5703c,UNI,0.0
0x9250dbb45c4883de42348897b676ad11d6f5703c,ALT,0.0
0x9250dbb45c4883de42348897b676ad11d6f5703c,HYPER,0.0
0x9250dbb45c4883de42348897b676ad11d6f5703c,BIO,0.0
0x9250dbb45c4883de42348897b676ad11d6f5703c,ETH,0.0
0x9250dbb45c4883de42348897b676ad11d6f5703c,2Z,0.0
0x98e41d65e981a882afcb05d41939197da3465b6f,BTC,0.001992454
0x98e41d65e981a882afcb05d41939197da3465b6f,LTC,0.0027940539
0x98e41d65e981a882afcb05d41939197da3465b6f,XRP,-0.03274569
0x98e41d65e981a882afcb05d41939197da3465b6f,DOGE,-0.03731417
0x98e41d65e981a882afcb05d41939197da3465b6f,DASH,-0.024982197
0x98e41d65e981a882afcb05d41939197da3465b6f,XMR,-0.0004224058
0x98e41d65e981a882afcb05d41939197da3465b6f,XLM,-0.00072606193
0x98e41d65e981a882afcb05d41939197da3465b6f,ETH,0.0031295547
0x98e41d65e981a882afcb05d41939197da3465b6f,ETC,-0.0065833563
0x98e41d65e981a882afcb05d41939197da3465b6f,ZEC,-0.019496381
0x98e41d65e981a882afcb05d41939197da3465b6f,ZEN,-0.02628364
0x98e41d65e981a882afcb05d41939197da3465b6f,IOTA,-0.017899629
0x98e41d65e981a882afcb05d41939197da3465b6f,BCH,0.014742284
0x98e41d65e981a882afcb05d41939197da3465b6f,BNB,0.0022088771
0x98e41d65e981a882afcb05d41939197da3465b6f,TRX,-0.0065302923
0x98e41d65e981a882afcb05d41939197da3465b6f,LINK,-0.00013001509
0x98e41d65e981a882afcb05d41939197da3465b6f,ADA,-0.002766317
0x98e41d65e981a882afcb05d41939197da3465b6f,FIL,0.012361274
0x98e41d65e981a882afcb05d41939197da3465b6f,SNX,0.0060854694
0x98e41d65e981a882afcb05d41939197da3465b6f,BSV,0.007191302
0x98e41d65e981a882afcb05d41939197da3465b6f,FET,-0.003414405
0x98e41d65e981a882afcb05d41939197da3465b6f,ATOM,0.0013157333
0x98e41d65e981a882afcb05d41939197da3465b6f,RSR,-0.02979058
0x98e41d65e981a882afcb05d41939197da3465b6f,ALGO,-0.025769677
0x98e41d65e981a882afcb05d41939197da3465b6f,RUNE,-0.011301016
0x98e41d65e981a882afcb05d41939197da3465b6f,LUNC,-0.00042467995
0x98e41d65e981a882afcb05d41939197da3465b6f,HBAR,0.001585275
0x98e41d65e981a882afcb05d41939197da3465b6f,PAXG,0.0025828916
0x98e41d65e981a882afcb05d41939197da3465b6f,STX,-0.051594574
0x98e41d65e981a882afcb05d41939197da3465b6f,TRB,0.0008639903
0x98e41d65e981a882afcb05d41939197da3465b6f,SOL,0.0017759617
0x98e41d65e981a882afcb05d41939197da3465b6f,CELO,-0.0006125469
0x98e41d65e981a882afcb05d41939197da3465b6f,UMA,-0.00013688357
0x98e41d65e981a882afcb05d41939197da3465b6f,AR,0.00074231357
0x98e41d65e981a882afcb05d41939197da3465b6f,RENDER,0.0120877335
0x98e41d65e981a882afcb05d41939197da3465b6f,COMP,-0.0013909908
0x98e41d65e981a882afcb05d41939197da3465b6f,AVAX,0.001206772
0x98e41d65e981a882afcb05d41939197da3465b6f,SHIB,-0.0070197945
0x98e41d65e981a882afcb05d41939197da3465b6f,SAND,-0.0031763602
0x98e41d65e981a882afcb05d41939197da3465b6f,NEAR,-0.00021707323
0x98e41d65e981a882afcb05d41939197da3465b6f,CRV,-0.025006669
0x98e41d65e981a882afcb05d41939197da3465b6f,DOT,0.010502095
0x98e41d65e981a882afcb05d41939197da3465b6f,SUSHI,-0.000061771185
0x98e41d65e981a882afcb05d41939197da3465b6f,AXS,0.0065292665
0x98e41d65e981a882afcb05d41939197da3465b6f,GALA,-0.026614232
0x98e41d65e981a882afcb05d41939197da3465b6f,UNI,-0.0110383555
0x98e41d65e981a882afcb05d41939197da3465b6f,CAKE,-0.00010186409
0x98e41d65e981a882afcb05d41939197da3465b6f,INJ,-0.028074883
0x98e41d65e981a882afcb05d41939197da3465b6f,AAVE,0.0026299783
0x98e41d65e981a882afcb05d41939197da3465b6f,CFX,-0.0014000437
0x98e41d65e981a882afcb05d41939197da3465b6f,LDO,0.0020886252
0x98e41d65e981a882afcb05d41939197da3465b6f,MINA,-0.006766639
0x98e41d65e981a882afcb05d41939197da3465b6f,ICP,-0.0046288227
0x98e41d65e981a882afcb05d41939197da3465b6f,PENDLE,-0.018811543
0x98e41d65e981a882afcb05d41939197da3465b6f,IMX,-0.0054771793
0x98e41d65e981a882afcb05d41939197da3465b6f,FLOKI,-0.008022709
0x98e41d65e981a882afcb05d41939197da3465b6f,OP,-0.032013092
0x98e41d65e981a882afcb05d41939197da3465b6f,ARB,-0.015191013
0x98e41d65e981a882afcb05d41939197da3465b6f,GMX,0.000047515416
0x98e41d65e981a882afcb05d41939197da3465b6f,WLD,-0.008123849
0x98e41d65e981a882afcb05d41939197da3465b6f,MANTA,0.0016549737
0x98e41d65e981a882afcb05d41939197da3465b6f,ENS,-0.012601805
0x98e41d65e981a882afcb05d41939197da3465b6f,PEOPLE,-0.012926718
0x98e41d65e981a882afcb05d41939197da3465b6f,GMT,-0.011019121
0x98e41d65e981a882afcb05d41939197da3465b6f,APE,0.003873238
0x98e41d65e981a882afcb05d41939197da3465b6f,APEX,-0.024133513
0x98e41d65e981a882afcb05d41939197da3465b6f,KAS,-0.0001514716
0x98e41d65e981a882afcb05d41939197da3465b6f,SUI,-0.01937507
0x98e41d65e981a882afcb05d41939197da3465b6f,ONDO,0.0007577391
0x98e41d65e981a882afcb05d41939197da3465b6f,ZETA,0.0010723934
0x98e41d65e981a882afcb05d41939197da3465b6f,APT,0.00029548485
0x98e41d65e981a882afcb05d41939197da3465b6f,STRK,-0.006426173
0x98e41d65e981a882afcb05d41939197da3465b6f,TIA,-0.00006890425
0x98e41d65e981a882afcb05d41939197da3465b6f,TAO,-0.021639891
0x98e41d65e981a882afcb05d41939197da3465b6f,BONK,0.0017395458
0x98e41d65e981a882afcb05d41939197da3465b6f,BLUR,-0.0053391648
0x98e41d65e981a882afcb05d41939197da3465b6f,SEI,0.0013221983
0x98e41d65e981a882afcb05d41939197da3465b6f,ZK,0.00067323295
0x98e41d65e981a882afcb05d41939197da3465b6f,PEPE,-0.023978997
0x98e41d65e981a882afcb05d41939197da3465b6f,BERA,0.0006391734
0x98e41d65e981a882afcb05d41939197da3465b6f,TURBO,-0.021557784
0x98e41d65e981a882afcb05d41939197da3465b6f,ORDI,-0.0032577654
0x98e41d65e981a882afcb05d41939197da3465b6f,ZRO,-0.015170414
0x98e41d65e981a882afcb05d41939197da3465b6f,MNT,-0.004789486
0x98e41d65e981a882afcb05d41939197da3465b6f,LINEA,-0.0031018523
0x98e41d65e981a882afcb05d41939197da3465b6f,PYTH,0.0013780417
0x98e41d65e981a882afcb05d41939197da3465b6f,MEME,-0.008045191
0x98e41d65e981a882afcb05d41939197da3465b6f,POL,-0.023374334
0x98e41d65e981a882afcb05d41939197da3465b6f,JTO,0.00030660874
0x98e41d65e981a882afcb05d41939197da3465b6f,WIF,-0.023777042
0x98e41d65e981a882afcb05d41939197da3465b6f,POPCAT,-0.0056138076
0x98e41d65e981a882afcb05d41939197da3465b6f,NOT,0.00024443865
0x98e41d65e981a882afcb05d41939197da3465b6f,DYM,0.0017256299
0x98e41d65e981a882afcb05d41939197da3465b6f,XAI,-0.00015664866
0x98e41d65e981a882afcb05d41939197da3465b6f,ALT,-0.0068038004
0x98e41d65e981a882afcb05d41939197da3465b6f,JUP,-0.015097557
0x98e41d65e981a882afcb05d41939197da3465b6f,AERO,-0.0009361746
0x98e41d65e981a882afcb05d41939197da3465b6f,VIRTUAL,-0.015713077
0x98e41d65e981a882afcb05d41939197da3465b6f,W,-0.013022039
0x98e41d65e981a882afcb05d41939197da3465b6f,BRETT,-0.03238016
0x98e41d65e981a882afcb05d41939197da3465b6f,ETHFI,0.0017372268
0x98e41d65e981a882afcb05d41939197da3465b6f,IO,-0.00052635354
0x98e41d65e981a882afcb05d41939197da3465b6f,BOME,-0.014328949
0x98e41d65e981a882afcb05d41939197da3465b6f,sENA,-0.059656937
0x98e41d65e981a882afcb05d41939197da3465b6f,TNSR,-0.00349786
0x98e41d65e981a882afcb05d41939197da3465b6f,EIGEN,-0.0007035095
0x98e41d65e981a882afcb05d41939197da3465b6f,MON,-0.016705798
0x98e41d65e981a882afcb05d41939197da3465b6f,MERL,0.00040616837
0x98e41d65e981a882afcb05d41939197da3465b6f,REZ,-0.0066321352
0x98e41d65e981a882afcb05d41939197da3465b6f,SOPH,0.0032023487
0x98e41d65e981a882afcb05d41939197da3465b6f,HYPE,-0.028197419
0x98e41d65e981a882afcb05d41939197da3465b6f,ME,-0.0004250527
0x98e41d65e981a882afcb05d41939197da3465b6f,BABY,-0.022935065
0x98e41d65e981a882afcb05d41939197da3465b6f,MOVE,-0.039835844
0x98e41d65e981a882afcb05d41939197da3465b6f,NEIRO,-0.022088796
0x98e41d65e981a882afcb05d41939197da3465b6f,S,-0.03748365
0x98e41d65e981a882afcb05d41939197da3465b6f,GRASS,-0.0089395605
0x98e41d65e981a882afcb05d41939197da3465b6f,SKY,-0.008904364
0x98e41d65e981a882afcb05d41939197da3465b6f,INIT,0.0012645083
0x98e41d65e981a882afcb05d41939197da3465b6f,WCT,0.0009571776
0x98e41d65e981a882afcb05d41939197da3465b6f,WLFI,-0.015859451
0x98e41d65e981a882afcb05d41939197da3465b6f,GOAT,-0.011268534
0x98e41d65e981a882afcb05d41939197da3465b6f,FARTCOIN,0.0022938102
0x98e41d65e981a882afcb05d41939197da3465b6f,PNUT,-0.0041111135
0x98e41d65e981a882afcb05d41939197da3465b6f,SYRUP,-0.0057759094
0x98e41d65e981a882afcb05d41939197da3465b6f,USUAL,-0.0121620195
0x98e41d65e981a882afcb05d41939197da3465b6f,AIXBT,-0.0009415203
0x98e41d65e981a882afcb05d41939197da3465b6f,MORPHO,0.0008128541
0x98e41d65e981a882afcb05d41939197da3465b6f,PENGU,-0.011426041
0x98e41d65e981a882afcb05d41939197da3465b6f,GRIFFAIN,-0.0013021071
0x98e41d65e981a882afcb05d41939197da3465b6f,BIO,-0.02469646
0x98e41d65e981a882afcb05d41939197da3465b6f,ANIME,0.0054958477
0x98e41d65e981a882afcb05d41939197da3465b6f,TRUMP,-0.051716473
0x98e41d65e981a882afcb05d41939197da3465b6f,MELANIA,-0.00965846
0x98e41d65e981a882afcb05d41939197da3465b6f,VINE,0.0046604103
0x98e41d65e981a882afcb05d41939197da3465b6f,LAYER,-0.034997858
0x98e41d65e981a882afcb05d41939197da3465b6f,VVV,-0.016242385
0x98e41d65e981a882afcb05d41939197da3465b6f,IP,-0.005729261
0x98e41d65e981a882afcb05d41939197da3465b6f,NIL,-0.018418465
0x98e41d65e981a882afcb05d41939197da3465b6f,KAITO,-0.09501097
0x98e41d65e981a882afcb05d41939197da3465b6f,ZORA,-0.018977752
0x98e41d65e981a882afcb05d41939197da3465b6f,HYPER,-0.00018917945
0x98e41d65e981a882afcb05d41939197da3465b6f,ASTER,0.0013913473
0x98e41d65e981a882afcb05d41939197da3465b6f,PUMP,0.03981213
0x98e41d65e981a882afcb05d41939197da3465b6f,XPL,0.004111644
0x98e41d65e981a882afcb05d41939197da3465b6f,CC,-0.031960167
0x98e41d65e981a882afcb05d41939197da3465b6f,PROVE,-0.008729342
0x98e41d65e981a882afcb05d41939197da3465b6f,HEMI,-0.054571394
0x98e41d65e981a882afcb05d41939197da3465b6f,AVNT,-0.006376968
0x98e41d65e981a882afcb05d41939197da3465b6f,0G,-0.0031455338
0x98e41d65e981a882afcb05d41939197da3465b6f,2Z,0.00320643
0x98e41d65e981a882afcb05d41939197da3465b6f,LIT,0.0021456375
0x9c40349fbbb3fdca0dbb8d5a9ec1063476288a01,SKY,0.5807723264761677
0x9c40349fbbb3fdca0dbb8d5a9ec1063476288a01,TRX,-0.0117927406182858
0x9c40349fbbb3fdca0dbb8d5a9ec1063476288a01,XLM,0.1931955262453765
0x9c40349fbbb3fdca0dbb8d5a9ec1063476288a01,XMR,-0.1279953070703323
0x9c40349fbbb3fdca0dbb8d5a9ec1063476288a01,XRP,-0.0085098883911111
0x9c40349fbbb3fdca0dbb8d5a9ec1063476288a01,ZEC,-0.1782209357134137
0x9c40349fbbb3fdca0dbb8d5a9ec1063476288a01,BCH,0.0696772203045513
0x9c40349fbbb3fdca0dbb8d5a9ec1063476288a01,BTC,-0.1514505918304155
0x9c40349fbbb3fdca0dbb8d5a9ec1063476288a01,DOGE,0.7261779135411166
0x9c40349fbbb3fdca0dbb8d5a9ec1063476288a01,ETC,0.1828552005905435
0x9c40349fbbb3fdca0dbb8d5a9ec1063476288a01,LTC,-0.2001463543837313
0x9c40349fbbb3fdca0dbb8d5a9ec1063476288a01,ETH,-0.1235502295078611
0x9c40349fbbb3fdca0dbb8d5a9ec1063476288a01,ADA,-0.0142059631886612
0x9c40349fbbb3fdca0dbb8d5a9ec1063476288a01,LINK,-0.0746682853634487
0x9c40349fbbb3fdca0dbb8d5a9ec1063476288a01,S,-0.0150122711783298
0x9c40349fbbb3fdca0dbb8d5a9ec1063476288a01,ATOM,-0.1426641749324544
0x9c40349fbbb3fdca0dbb8d5a9ec1063476288a01,SNX,-0.102271714839748
0x9c40349fbbb3fdca0dbb8d5a9ec1063476288a01,RSR,0.070219157134151
0x9c40349fbbb3fdca0dbb8d5a9ec1063476288a01,ALGO,-0.0971005124183265
0x9c40349fbbb3fdca0dbb8d5a9ec1063476288a01,RUNE,-0.1236141180561803
0x9c40349fbbb3fdca0dbb8d5a9ec1063476288a01,TRB,0.0546539955280467
0x9c40349fbbb3fdca0dbb8d5a9ec1063476288a01,SOL,-0.2137429963257777
0x9c40349fbbb3fdca0dbb8d5a9ec1063476288a01,UMA,0.2349457203066567
0x9c40349fbbb3fdca0dbb8d5a9ec1063476288a01,PAXG,-0.0120535466183056
0x9c40349fbbb3fdca0dbb8d5a9ec1063476288a01,COMP,-0.0972471010320293
0x9c40349fbbb3fdca0dbb8d5a9ec1063476288a01,AVAX,0.0067686555477387
0x9c40349fbbb3fdca0dbb8d5a9ec1063476288a01,SAND,0.1139928405825231
0x9c40349fbbb3fdca0dbb8d5a9ec1063476288a01,CRV,-0.0336389414730049
0x9c40349fbbb3fdca0dbb8d5a9ec1063476288a01,LAYER,66.25998907770125
0x9c40349fbbb3fdca0dbb8d5a9ec1063476288a01,DOT,-0.1098790783909119
0x9c40349fbbb3fdca0dbb8d5a9ec1063476288a01,SUSHI,-0.0055842581516408
0x9c40349fbbb3fdca0dbb8d5a9ec1063476288a01,UNI,-0.2085161025215978
0x9c40349fbbb3fdca0dbb8d5a9ec1063476288a01,AAVE,-0.1385562740552403
0x9c40349fbbb3fdca0dbb8d5a9ec1063476288a01,NEAR,-0.1327337731530209
0x9c40349fbbb3fdca0dbb8d5a9ec1063476288a01,FIL,0.0218340524776199
0x9c40349fbbb3fdca0dbb8d5a9ec1063476288a01,AXS,0.083677916701335
0x9c40349fbbb3fdca0dbb8d5a9ec1063476288a01,INJ,-0.1598721464843298
0x9c40349fbbb3fdca0dbb8d5a9ec1063476288a01,ZORA,0.5413971547544038
0x9c40349fbbb3fdca0dbb8d5a9ec1063476288a01,CELO,-0.108077617651656
0x9c40349fbbb3fdca0dbb8d5a9ec1063476288a01,LIT,-0.3109651713686258
0x9c40349fbbb3fdca0dbb8d5a9ec1063476288a01,SHIB,0.4292969566994635
0x9c40349fbbb3fdca0dbb8d5a9ec1063476288a01,ICP,0.0556751448330907
0x9c40349fbbb3fdca0dbb8d5a9ec1063476288a01,RENDER,-0.0338664583365039
0x9c40349fbbb3fdca0dbb8d5a9ec1063476288a01,LDO,0.1564252896545372
0x9c40349fbbb3fdca0dbb8d5a9ec1063476288a01,GALA,0.6169922901464914
0x9c40349fbbb3fdca0dbb8d5a9ec1063476288a01,FET,-0.031077786025238
0x9c40349fbbb3fdca0dbb8d5a9ec1063476288a01,ENS,0.0415921547540044
0x9c40349fbbb3fdca0dbb8d5a9ec1063476288a01,IMX,-0.0504103714214622
0x9c40349fbbb3fdca0dbb8d5a9ec1063476288a01,PEOPLE,0.3429248428766601
0x9c40349fbbb3fdca0dbb8d5a9ec1063476288a01,GMT,-0.1014391590842579
0x9c40349fbbb3fdca0dbb8d5a9ec1063476288a01,FLOKI,0.6868143354327636
0x9c40349fbbb3fdca0dbb8d5a9ec1063476288a01,POL,-0.0686695281818988
0x9c40349fbbb3fdca0dbb8d5a9ec1063476288a01,APE,0.050924440067115
0x9c40349fbbb3fdca0dbb8d5a9ec1063476288a01,GMX,-0.0598100879981754
0x9c40349fbbb3fdca0dbb8d5a9ec1063476288a01,BLUR,-0.0629391456442174
0x9c40349fbbb3fdca0dbb8d5a9ec1063476288a01,PENDLE,-0.0826180473621709
0x9c40349fbbb3fdca0dbb8d5a9ec1063476288a01,MINA,-0.0314378294008138
0x9c40349fbbb3fdca0dbb8d5a9ec1063476288a01,LUNC,0.0989334458424059
0x9c40349fbbb3fdca0dbb8d5a9ec1063476288a01,MEME,0.0241134739450531
0x9c40349fbbb3fdca0dbb8d5a9ec1063476288a01,OP,0.004957526309148
0x9c40349fbbb3fdca0dbb8d5a9ec1063476288a01,ZEN,0.0351313723280503
0x9c40349fbbb3fdca0dbb8d5a9ec1063476288a01,STRK,4.69608956108942
0x9c40349fbbb3fdca0dbb8d5a9ec1063476288a01,STX,-0.1002642876813783
0x9c40349fbbb3fdca0dbb8d5a9ec1063476288a01,CFX,0.117955367934173
0x9c40349fbbb3fdca0dbb8d5a9ec1063476288a01,CAKE,0.0669420871074946
0x9c40349fbbb3fdca0dbb8d5a9ec1063476288a01,DASH,-0.0665075600695586
0x9c40349fbbb3fdca0dbb8d5a9ec1063476288a01,BSV,0.0928074514620069
0x9c40349fbbb3fdca0dbb8d5a9ec1063476288a01,AR,0.0595554572315068
0x9c40349fbbb3fdca0dbb8d5a9ec1063476288a01,APT,-0.1170911481408448
0x9c40349fbbb3fdca0dbb8d5a9ec1063476288a01,ALT,-0.1097549607005057
0x9c40349fbbb3fdca0dbb8d5a9ec1063476288a01,BNB,-0.0242531803446795
0x9c40349fbbb3fdca0dbb8d5a9ec1063476288a01,BONK,0.1691488585560316
0x9c40349fbbb3fdca0dbb8d5a9ec1063476288a01,BABY,0.0052491377253349
0x9c40349fbbb3fdca0dbb8d5a9ec1063476288a01,HBAR,0.0241701791653979
0x9c40349fbbb3fdca0dbb8d5a9ec1063476288a01,KAS,-0.0282609227655428
0x9c40349fbbb3fdca0dbb8d5a9ec1063476288a01,PEPE,0.7724047528316983
0x9c40349fbbb3fdca0dbb8d5a9ec1063476288a01,ORDI,0.3272982906847507
0x9c40349fbbb3fdca0dbb8d5a9ec1063476288a01,SUI,0.0105546453539048
0x9c40349fbbb3fdca0dbb8d5a9ec1063476288a01,MNT,3.855068062088504
0x9c40349fbbb3fdca0dbb8d5a9ec1063476288a01,IOTA,-0.0678183621931945
0x9c40349fbbb3fdca0dbb8d5a9ec1063476288a01,TURBO,0.5557028784999274
0x9c40349fbbb3fdca0dbb8d5a9ec1063476288a01,TIA,-0.021653300747233
0x9c40349fbbb3fdca0dbb8d5a9ec1063476288a01,SEI,-0.0509075021836561
0x9c40349fbbb3fdca0dbb8d5a9ec1063476288a01,TAO,-0.0765944723463715
0x9c40349fbbb3fdca0dbb8d5a9ec1063476288a01,JTO,-0.0408662038432745
0x9c40349fbbb3fdca0dbb8d5a9ec1063476288a01,PYTH,-0.1197797736819355
0x9c40349fbbb3fdca0dbb8d5a9ec1063476288a01,MANTA,-0.1392167739171823
0x9c40349fbbb3fdca0dbb8d5a9ec1063476288a01,ONDO,-0.0888243537224386
0x9c40349fbbb3fdca0dbb8d5a9ec1063476288a01,WIF,-0.0900290113756133
0x9c40349fbbb3fdca0dbb8d5a9ec1063476288a01,XAI,-0.0026361692294354
0x9c40349fbbb3fdca0dbb8d5a9ec1063476288a01,ZETA,-0.0822554127006369
0x9c40349fbbb3fdca0dbb8d5a9ec1063476288a01,JUP,-0.158562953554229
0x9c40349fbbb3fdca0dbb8d5a9ec1063476288a01,DYM,-0.0733137261222883
0x9c40349fbbb3fdca0dbb8d5a9ec1063476288a01,TRUMP,14.947065249295807
0x9c40349fbbb3fdca0dbb8d5a9ec1063476288a01,APEX,-0.0595464081712522
0x9c40349fbbb3fdca0dbb8d5a9ec1063476288a01,ARB,-0.0511088827683987
0x9c40349fbbb3fdca0dbb8d5a9ec1063476288a01,BOME,-0.1136035727899687
0x9c40349fbbb3fdca0dbb8d5a9ec1063476288a01,HYPER,120.12859441418728
0x9c40349fbbb3fdca0dbb8d5a9ec1063476288a01,ETHFI,0.0582295187307264
0x9c40349fbbb3fdca0dbb8d5a9ec1063476288a01,BRETT,0.0254857155179324
0x9c40349fbbb3fdca0dbb8d5a9ec1063476288a01,W,-0.142909396510394
0x9c40349fbbb3fdca0dbb8d5a9ec1063476288a01,GOAT,-0.1658525004745418
0x9c40349fbbb3fdca0dbb8d5a9ec1063476288a01,POPCAT,-0.0247542468754795
0x9c40349fbbb3fdca0dbb8d5a9ec1063476288a01,MERL,-0.0885238891806204
0x9c40349fbbb3fdca0dbb8d5a9ec1063476288a01,ZK,-0.1000106948975829
0x9c40349fbbb3fdca0dbb8d5a9ec1063476288a01,TNSR,-0.1761699318874879
0x9c40349fbbb3fdca0dbb8d5a9ec1063476288a01,AERO,-0.054767609238878
0x9c40349fbbb3fdca0dbb8d5a9ec1063476288a01,REZ,-0.1022194513088417
0x9c40349fbbb3fdca0dbb8d5a9ec1063476288a01,NOT,-0.1709260495449705
0x9c40349fbbb3fdca0dbb8d5a9ec1063476288a01,MON,-0.0546466757163703
0x9c40349fbbb3fdca0dbb8d5a9ec1063476288a01,VIRTUAL,0.4554752262580869
0x9c40349fbbb3fdca0dbb8d5a9ec1063476288a01,IO,-0.1703850214046861
0x9c40349fbbb3fdca0dbb8d5a9ec1063476288a01,ZRO,-0.135996463297099
0x9c40349fbbb3fdca0dbb8d5a9ec1063476288a01,WLD,-0.1016574667676902
0x9c40349fbbb3fdca0dbb8d5a9ec1063476288a01,NEIRO,0.0173718345099784
0x9c40349fbbb3fdca0dbb8d5a9ec1063476288a01,EIGEN,-0.048677800456254
0x9c40349fbbb3fdca0dbb8d5a9ec1063476288a01,MOVE,1.8873795388336707
0x9c40349fbbb3fdca0dbb8d5a9ec1063476288a01,FARTCOIN,0.1980014324169893
0x9c40349fbbb3fdca0dbb8d5a9ec1063476288a01,GRASS,-0.1366245684075283
0x9c40349fbbb3fdca0dbb8d5a9ec1063476288a01,PNUT,0.2288904853068901
0x9c40349fbbb3fdca0dbb8d5a9ec1063476288a01,USUAL,-0.0559085297467734
0x9c40349fbbb3fdca0dbb8d5a9ec1063476288a01,MORPHO,-0.1798257159793761
0x9c40349fbbb3fdca0dbb8d5a9ec1063476288a01,AIXBT,-0.1878441582105661
0x9c40349fbbb3fdca0dbb8d5a9ec1063476288a01,HYPE,-0.0493803683511488
0x9c40349fbbb3fdca0dbb8d5a9ec1063476288a01,ME,-0.1283853860393178
0x9c40349fbbb3fdca0dbb8d5a9ec1063476288a01,PENGU,0.2688723809582056
0x9c40349fbbb3fdca0dbb8d5a9ec1063476288a01,sENA,-0.044445986906515
0x9c40349fbbb3fdca0dbb8d5a9ec1063476288a01,BIO,0.1319797942618168
0x9c40349fbbb3fdca0dbb8d5a9ec1063476288a01,GRIFFAIN,0.1338378249311765
0x9c40349fbbb3fdca0dbb8d5a9ec1063476288a01,MELANIA,-0.1001543927812166
0x9c40349fbbb3fdca0dbb8d5a9ec1063476288a01,VINE,0.3671827986328971
0x9c40349fbbb3fdca0dbb8d5a9ec1063476288a01,ANIME,-0.1056970735150008
0x9c40349fbbb3fdca0dbb8d5a9ec1063476288a01,VVV,0.0163089690214763
0x9c40349fbbb3fdca0dbb8d5a9ec1063476288a01,SYRUP,-0.003558121016139
0x9c40349fbbb3fdca0dbb8d5a9ec1063476288a01,BERA,-0.0223834739562847
0x9c40349fbbb3fdca0dbb8d5a9ec1063476288a01,IP,-0.0547049906761497
0x9c40349fbbb3fdca0dbb8d5a9ec1063476288a01,KAITO,-0.0365746641490856
0x9c40349fbbb3fdca0dbb8d5a9ec1063476288a01,NIL,-0.0789367965287714
0x9c40349fbbb3fdca0dbb8d5a9ec1063476288a01,WCT,-0.1006557146139872
0x9c40349fbbb3fdca0dbb8d5a9ec1063476288a01,PUMP,-0.5988115327569006
0x9c40349fbbb3fdca0dbb8d5a9ec1063476288a01,INIT,-0.0525715348891702
0x9c40349fbbb3fdca0dbb8d5a9ec1063476288a01,SOPH,-0.1005955987333787
0x9c40349fbbb3fdca0dbb8d5a9ec1063476288a01,PROVE,-0.105136953753269
0x9c40349fbbb3fdca0dbb8d5a9ec1063476288a01,WLFI,-0.0991534110577776
0x9c40349fbbb3fdca0dbb8d5a9ec1063476288a01,0G,-0.1123605326214401
0x9c40349fbbb3fdca0dbb8d5a9ec1063476288a01,AVNT,-0.0336248476158911
0x9c40349fbbb3fdca0dbb8d5a9ec1063476288a01,ASTER,-0.1117641451201558
0x9c40349fbbb3fdca0dbb8d5a9ec1063476288a01,LINEA,-0.1401255515952441
0x9c40349fbbb3fdca0dbb8d5a9ec1063476288a01,HEMI,-0.0620278492324919
0x9c40349fbbb3fdca0dbb8d5a9ec1063476288a01,XPL,-0.0316094709393133
0x9c40349fbbb3fdca0dbb8d5a9ec1063476288a01,2Z,-0.0705412036823203
0x9c40349fbbb3fdca0dbb8d5a9ec1063476288a01,CC,-0.070753059549914
0xa16a483a18f00a00b14b93438e8ad21f485b382f,BTC,0.013250654
0xa16a483a18f00a00b14b93438e8ad21f485b382f,LTC,0.0040757554
0xa16a483a18f00a00b14b93438e8ad21f485b382f,XRP,-0.05022882
0xa16a483a18f00a00b14b93438e8ad21f485b382f,DOGE,-0.034687214
0xa16a483a18f00a00b14b93438e8ad21f485b382f,DASH,-0.018362695
0xa16a483a18f00a00b14b93438e8ad21f485b382f,XMR,-0.009378813
0xa16a483a18f00a00b14b93438e8ad21f485b382f,XLM,-0.0025067113
0xa16a483a18f00a00b14b93438e8ad21f485b382f,ETH,-0.009907825
0xa16a483a18f00a00b14b93438e8ad21f485b382f,ETC,-0.0037729212
0xa16a483a18f00a00b14b93438e8ad21f485b382f,ZEC,-0.001878777
0xa16a483a18f00a00b14b93438e8ad21f485b382f,ZEN,-0.014858953
0xa16a483a18f00a00b14b93438e8ad21f485b382f,IOTA,-0.010665428
0xa16a483a18f00a00b14b93438e8ad21f485b382f,BCH,-0.00037693023
0xa16a483a18f00a00b14b93438e8ad21f485b382f,BNB,0.0012837693
0xa16a483a18f00a00b14b93438e8ad21f485b382f,TRX,-0.0014825133
0xa16a483a18f00a00b14b93438e8ad21f485b382f,LINK,-0.0038487003
0xa16a483a18f00a00b14b93438e8ad21f485b382f,ADA,-0.00987508
0xa16a483a18f00a00b14b93438e8ad21f485b382f,FIL,0.007325781
0xa16a483a18f00a00b14b93438e8ad21f485b382f,SNX,0.003896308
0xa16a483a18f00a00b14b93438e8ad21f485b382f,BSV,0.007740652
0xa16a483a18f00a00b14b93438e8ad21f485b382f,FET,-0.0024576464
0xa16a483a18f00a00b14b93438e8ad21f485b382f,ATOM,0.014373518
0xa16a483a18f00a00b14b93438e8ad21f485b382f,RSR,-0.027737489
0xa16a483a18f00a00b14b93438e8ad21f485b382f,ALGO,-0.015239176
0xa16a483a18f00a00b14b93438e8ad21f485b382f,RUNE,-0.0010608078
0xa16a483a18f00a00b14b93438e8ad21f485b382f,LUNC,-0.00015979398
0xa16a483a18f00a00b14b93438e8ad21f485b382f,HBAR,0.00096280564
0xa16a483a18f00a00b14b93438e8ad21f485b382f,PAXG,0.014231322
0xa16a483a18f00a00b14b93438e8ad21f485b382f,STX,-0.06159564
0xa16a483a18f00a00b14b93438e8ad21f485b382f,TRB,0.00005462723
0xa16a483a18f00a00b14b93438e8ad21f485b382f,SOL,-0.009517824
0xa16a483a18f00a00b14b93438e8ad21f485b382f,CELO,-0.00015854165
0xa16a483a18f00a00b14b93438e8ad21f485b382f,UMA,-0.0029250674
0xa16a483a18f00a00b14b93438e8ad21f485b382f,AR,-0.0035512375
0xa16a483a18f00a00b14b93438e8ad21f485b382f,RENDER,0.0032735944
0xa16a483a18f00a00b14b93438e8ad21f485b382f,COMP,0.0011909982
0xa16a483a18f00a00b14b93438e8ad21f485b382f,AVAX,-0.00023723001
0xa16a483a18f00a00b14b93438e8ad21f485b382f,SHIB,-0.008995141
0xa16a483a18f00a00b14b93438e8ad21f485b382f,SAND,-0.003204141
0xa16a483a18f00a00b14b93438e8ad21f485b382f,NEAR,0.00006184187
0xa16a483a18f00a00b14b93438e8ad21f485b382f,CRV,-0.0065194154
0xa16a483a18f00a00b14b93438e8ad21f485b382f,DOT,0.00091607124
0xa16a483a18f00a00b14b93438e8ad21f485b382f,SUSHI,-0.00059060176
0xa16a483a18f00a00b14b93438e8ad21f485b382f,AXS,0.005775044
0xa16a483a18f00a00b14b93438e8ad21f485b382f,GALA,-0.013802326
0xa16a483a18f00a00b14b93438e8ad21f485b382f,UNI,0.007961334
0xa16a483a18f00a00b14b93438e8ad21f485b382f,CAKE,0.00029099235
0xa16a483a18f00a00b14b93438e8ad21f485b382f,INJ,-0.023765976
0xa16a483a18f00a00b14b93438e8ad21f485b382f,AAVE,0.0027974811
0xa16a483a18f00a00b14b93438e8ad21f485b382f,CFX,-0.0010771946
0xa16a483a18f00a00b14b93438e8ad21f485b382f,LDO,-0.0010956466
0xa16a483a18f00a00b14b93438e8ad21f485b382f,MINA,-0.005633186
0xa16a483a18f00a00b14b93438e8ad21f485b382f,ICP,0.00044244627
0xa16a483a18f00a00b14b93438e8ad21f485b382f,PENDLE,-0.0059203026
0xa16a483a18f00a00b14b93438e8ad21f485b382f,IMX,-0.0024466715
0xa16a483a18f00a00b14b93438e8ad21f485b382f,FLOKI,-0.008723606
0xa16a483a18f00a00b14b93438e8ad21f485b382f,OP,-0.05098386
0xa16a483a18f00a00b14b93438e8ad21f485b382f,ARB,-0.008790952
0xa16a483a18f00a00b14b93438e8ad21f485b382f,GMX,-0.0000039675324
0xa16a483a18f00a00b14b93438e8ad21f485b382f,WLD,-0.008115236
0xa16a483a18f00a00b14b93438e8ad21f485b382f,MANTA,0.0054140026
0xa16a483a18f00a00b14b93438e8ad21f485b382f,ENS,-0.006278198
0xa16a483a18f00a00b14b93438e8ad21f485b382f,PEOPLE,-0.009411089
0xa16a483a18f00a00b14b93438e8ad21f485b382f,GMT,-0.0075746705
0xa16a483a18f00a00b14b93438e8ad21f485b382f,APE,0.014665894
0xa16a483a18f00a00b14b93438e8ad21f485b382f,APEX,-0.031188734
0xa16a483a18f00a00b14b93438e8ad21f485b382f,KAS,-0.00017771596
0xa16a483a18f00a00b14b93438e8ad21f485b382f,SUI,-0.017604113
0xa16a483a18f00a00b14b93438e8ad21f485b382f,ONDO,-0.004473624
0xa16a483a18f00a00b14b93438e8ad21f485b382f,ZETA,0.00007492037
0xa16a483a18f00a00b14b93438e8ad21f485b382f,APT,0.000034471494
0xa16a483a18f00a00b14b93438e8ad21f485b382f,STRK,-0.011552092
0xa16a483a18f00a00b14b93438e8ad21f485b382f,TIA,0.0023385533
0xa16a483a18f00a00b14b93438e8ad21f485b382f,TAO,-0.03354009
0xa16a483a18f00a00b14b93438e8ad21f485b382f,BONK,0.0016844396
0xa16a483a18f00a00b14b93438e8ad21f485b382f,BLUR,-0.00014476225
0xa16a483a18f00a00b14b93438e8ad21f485b382f,SEI,0.0062618135
0xa16a483a18f00a00b14b93438e8ad21f485b382f,ZK,-0.0036661394
0xa16a483a18f00a00b14b93438e8ad21f485b382f,PEPE,-0.043187216
0xa16a483a18f00a00b14b93438e8ad21f485b382f,BERA,0.0005510147
0xa16a483a18f00a00b14b93438e8ad21f485b382f,TURBO,-0.016621845
0xa16a483a18f00a00b14b93438e8ad21f485b382f,ORDI,-0.0003670731
0xa16a483a18f00a00b14b93438e8ad21f485b382f,ZRO,-0.007420583
0xa16a483a18f00a00b14b93438e8ad21f485b382f,MNT,-0.00047845984
0xa16a483a18f00a00b14b93438e8ad21f485b382f,LINEA,0.0011668085
0xa16a483a18f00a00b14b93438e8ad21f485b382f,PYTH,0.001034625
0xa16a483a18f00a00b14b93438e8ad21f485b382f,MEME,-0.011785969
0xa16a483a18f00a00b14b93438e8ad21f485b382f,POL,-0.0064883027
0xa16a483a18f00a00b14b93438e8ad21f485b382f,JTO,0.00094654504
0xa16a483a18f00a00b14b93438e8ad21f485b382f,WIF,-0.027165495
0xa16a483a18f00a00b14b93438e8ad21f485b382f,POPCAT,-0.0010718264
0xa16a483a18f00a00b14b93438e8ad21f485b382f,NOT,0.0044992245
0xa16a483a18f00a00b14b93438e8ad21f485b382f,DYM,0.0022312717
0xa16a483a18f00a00b14b93438e8ad21f485b382f,XAI,0.000039603932
0xa16a483a18f00a00b14b93438e8ad21f485b382f,ALT,-0.00007029421
0xa16a483a18f00a00b14b93438e8ad21f485b382f,JUP,-0.0005637104
0xa16a483a18f00a00b14b93438e8ad21f485b382f,AERO,-0.00023974337
0xa16a483a18f00a00b14b93438e8ad21f485b382f,VIRTUAL,-0.018373676
0xa16a483a18f00a00b14b93438e8ad21f485b382f,W,-0.012286234
0xa16a483a18f00a00b14b93438e8ad21f485b382f,BRETT,-0.033881687
0xa16a483a18f00a00b14b93438e8ad21f485b382f,ETHFI,0.0016954453
0xa16a483a18f00a00b14b93438e8ad21f485b382f,IO,-0.011616502
0xa16a483a18f00a00b14b93438e8ad21f485b382f,BOME,-0.034245998
0xa16a483a18f00a00b14b93438e8ad21f485b382f,sENA,-0.05264029
0xa16a483a18f00a00b14b93438e8ad21f485b382f,TNSR,-0.0031652292
0xa16a483a18f00a00b14b93438e8ad21f485b382f,EIGEN,-0.004957055
0xa16a483a18f00a00b14b93438e8ad21f485b382f,MON,-0.012790207
0xa16a483a18f00a00b14b93438e8ad21f485b382f,MERL,0.001079808
0xa16a483a18f00a00b14b93438e8ad21f485b382f,REZ,-0.0027062825
0xa16a483a18f00a00b14b93438e8ad21f485b382f,SOPH,0.00404142
0xa16a483a18f00a00b14b93438e8ad21f485b382f,HYPE,-0.013773079
0xa16a483a18f00a00b14b93438e8ad21f485b382f,ME,-0.00016068497
0xa16a483a18f00a00b14b93438e8ad21f485b382f,BABY,-0.0043480117
0xa16a483a18f00a00b14b93438e8ad21f485b382f,MOVE,-0.057646144
0xa16a483a18f00a00b14b93438e8ad21f485b382f,NEIRO,-0.006526713
0xa16a483a18f00a00b14b93438e8ad21f485b382f,S,-0.02434786
0xa16a483a18f00a00b14b93438e8ad21f485b382f,GRASS,-0.010803151
0xa16a483a18f00a00b14b93438e8ad21f485b382f,SKY,-0.019928752
0xa16a483a18f00a00b14b93438e8ad21f485b382f,INIT,0.0066526025
0xa16a483a18f00a00b14b93438e8ad21f485b382f,WCT,-0.00056299724
0xa16a483a18f00a00b14b93438e8ad21f485b382f,WLFI,-0.0053238682
0xa16a483a18f00a00b14b93438e8ad21f485b382f,GOAT,-0.019099211
0xa16a483a18f00a00b14b93438e8ad21f485b382f,FARTCOIN,0.02575495
0xa16a483a18f00a00b14b93438e8ad21f485b382f,PNUT,0.0008140253
0xa16a483a18f00a00b14b93438e8ad21f485b382f,SYRUP,-0.0041972506
0xa16a483a18f00a00b14b93438e8ad21f485b382f,USUAL,-0.0043602153
0xa16a483a18f00a00b14b93438e8ad21f485b382f,AIXBT,0.00013483838
0xa16a483a18f00a00b14b93438e8ad21f485b382f,MORPHO,-0.00077107956
0xa16a483a18f00a00b14b93438e8ad21f485b382f,PENGU,-0.010051732
0xa16a483a18f00a00b14b93438e8ad21f485b382f,GRIFFAIN,-0.00095514255
0xa16a483a18f00a00b14b93438e8ad21f485b382f,BIO,-0.017660359
0xa16a483a18f00a00b14b93438e8ad21f485b382f,ANIME,0.004521947
0xa16a483a18f00a00b14b93438e8ad21f485b382f,TRUMP,-0.026406772
0xa16a483a18f00a00b14b93438e8ad21f485b382f,MELANIA,-0.009019196
0xa16a483a18f00a00b14b93438e8ad21f485b382f,VINE,0.004833287
0xa16a483a18f00a00b14b93438e8ad21f485b382f,LAYER,-0.023384748
0xa16a483a18f00a00b14b93438e8ad21f485b382f,VVV,-0.01561013
0xa16a483a18f00a00b14b93438e8ad21f485b382f,IP,-0.000569217
0xa16a483a18f00a00b14b93438e8ad21f485b382f,NIL,-0.0066136
0xa16a483a18f00a00b14b93438e8ad21f485b382f,KAITO,-0.051690605
0xa16a483a18f00a00b14b93438e8ad21f485b382f,ZORA,-0.022547899
0xa16a483a18f00a00b14b93438e8ad21f485b382f,HYPER,0.0000868953
0xa16a483a18f00a00b14b93438e8ad21f485b382f,ASTER,0.001112627
0xa16a483a18f00a00b14b93438e8ad21f485b382f,PUMP,-0.009941554
0xa16a483a18f00a00b14b93438e8ad21f485b382f,XPL,-0.00011581213
0xa16a483a18f00a00b14b93438e8ad21f485b382f,CC,-0.03783892
0xa16a483a18f00a00b14b93438e8ad21f485b382f,PROVE,-0.018567173
0xa16a483a18f00a00b14b93438e8ad21f485b382f,HEMI,-0.055553757
0xa16a483a18f00a00b14b93438e8ad21f485b382f,AVNT,-0.006315894
0xa16a483a18f00a00b14b93438e8ad21f485b382f,0G,0.000025236808
0xa16a483a18f00a00b14b93438e8ad21f485b382f,2Z,0.009880063
0xa16a483a18f00a00b14b93438e8ad21f485b382f,LIT,-0.013448052
0xad3ab30bf7e7423fa8266c7300f2dcd07377dc7e,SKY,0.0065846164
0xad3ab30bf7e7423fa8266c7300f2dcd07377dc7e,TRX,0.008840006
0xad3ab30bf7e7423fa8266c7300f2dcd07377dc7e,XLM,0.010725582
0xad3ab30bf7e7423fa8266c7300f2dcd07377dc7e,XMR,0.0050229784
0xad3ab30bf7e7423fa8266c7300f2dcd07377dc7e,XRP,-0.00244494
0xad3ab30bf7e7423fa8266c7300f2dcd07377dc7e,ZEC,-0.00572961
0xad3ab30bf7e7423fa8266c7300f2dcd07377dc7e,BCH,-0.0017491862
0xad3ab30bf7e7423fa8266c7300f2dcd07377dc7e,BTC,-0.0040050466
0xad3ab30bf7e7423fa8266c7300f2dcd07377dc7e,DOGE,-0.0019283815
0xad3ab30bf7e7423fa8266c7300f2dcd07377dc7e,ETC,-0.001345956
0xad3ab30bf7e7423fa8266c7300f2dcd07377dc7e,LTC,-0.00064368115
0xad3ab30bf7e7423fa8266c7300f2dcd07377dc7e,ETH,0.00013195141
0xad3ab30bf7e7423fa8266c7300f2dcd07377dc7e,ADA,0.0030479233
0xad3ab30bf7e7423fa8266c7300f2dcd07377dc7e,LINK,0.014128325
0xad3ab30bf7e7423fa8266c7300f2dcd07377dc7e,S,-0.0012336688
0xad3ab30bf7e7423fa8266c7300f2dcd07377dc7e,ATOM,0.01066259
0xad3ab30bf7e7423fa8266c7300f2dcd07377dc7e,SNX,0.018978635
0xad3ab30bf7e7423fa8266c7300f2dcd07377dc7e,RSR,0.00292527
0xad3ab30bf7e7423fa8266c7300f2dcd07377dc7e,ALGO,0.0013927794
0xad3ab30bf7e7423fa8266c7300f2dcd07377dc7e,RUNE,0.018120311
0xad3ab30bf7e7423fa8266c7300f2dcd07377dc7e,TRB,0.0142050125
0xad3ab30bf7e7423fa8266c7300f2dcd07377dc7e,SOL,0.005694084
0xad3ab30bf7e7423fa8266c7300f2dcd07377dc7e,UMA,-0.00062138727
0xad3ab30bf7e7423fa8266c7300f2dcd07377dc7e,PAXG,0.016080897
0xad3ab30bf7e7423fa8266c7300f2dcd07377dc7e,COMP,0.008537775
0xad3ab30bf7e7423fa8266c7300f2dcd07377dc7e,AVAX,0.013659516
0xad3ab30bf7e7423fa8266c7300f2dcd07377dc7e,SAND,-0.0002479026
0xad3ab30bf7e7423fa8266c7300f2dcd07377dc7e,CRV,-0.0066102045
0xad3ab30bf7e7423fa8266c7300f2dcd07377dc7e,LAYER,-0.008353441
0xad3ab30bf7e7423fa8266c7300f2dcd07377dc7e,DOT,0.016197212
0xad3ab30bf7e7423fa8266c7300f2dcd07377dc7e,SUSHI,0.018071871
0xad3ab30bf7e7423fa8266c7300f2dcd07377dc7e,UNI,0.009667738
0xad3ab30bf7e7423fa8266c7300f2dcd07377dc7e,AAVE,0.0033348575
0xad3ab30bf7e7423fa8266c7300f2dcd07377dc7e,NEAR,0.010714203
0xad3ab30bf7e7423fa8266c7300f2dcd07377dc7e,FIL,0.019228863
0xad3ab30bf7e7423fa8266c7300f2dcd07377dc7e,AXS,0.018978635
0xad3ab30bf7e7423fa8266c7300f2dcd07377dc7e,INJ,0.017136078
0xad3ab30bf7e7423fa8266c7300f2dcd07377dc7e,ZORA,0.014892028
0xad3ab30bf7e7423fa8266c7300f2dcd07377dc7e,CELO,0.01848334
0xad3ab30bf7e7423fa8266c7300f2dcd07377dc7e,LIT,0.0024321685
0xad3ab30bf7e7423fa8266c7300f2dcd07377dc7e,SHIB,0.01036978
0xad3ab30bf7e7423fa8266c7300f2dcd07377dc7e,ICP,0.0090287635
0xad3ab30bf7e7423fa8266c7300f2dcd07377dc7e,RENDER,0.006202252
0xad3ab30bf7e7423fa8266c7300f2dcd07377dc7e,LDO,0.017992683
0xad3ab30bf7e7423fa8266c7300f2dcd07377dc7e,GALA,0.018885978
0xad3ab30bf7e7423fa8266c7300f2dcd07377dc7e,FET,0.017966088
0xad3ab30bf7e7423fa8266c7300f2dcd07377dc7e,ENS,0.011783011
0xad3ab30bf7e7423fa8266c7300f2dcd07377dc7e,IMX,0.019037817
0xad3ab30bf7e7423fa8266c7300f2dcd07377dc7e,PEOPLE,0.007548037
0xad3ab30bf7e7423fa8266c7300f2dcd07377dc7e,GMT,0.0051045357
0xad3ab30bf7e7423fa8266c7300f2dcd07377dc7e,FLOKI,0.017692469
0xad3ab30bf7e7423fa8266c7300f2dcd07377dc7e,POL,0.0076771034
0xad3ab30bf7e7423fa8266c7300f2dcd07377dc7e,APE,0.011040514
0xad3ab30bf7e7423fa8266c7300f2dcd07377dc7e,GMX,0.019670853
0xad3ab30bf7e7423fa8266c7300f2dcd07377dc7e,BLUR,0.012983764
0xad3ab30bf7e7423fa8266c7300f2dcd07377dc7e,PENDLE,0.013527343
0xad3ab30bf7e7423fa8266c7300f2dcd07377dc7e,MINA,0.014170937
0xad3ab30bf7e7423fa8266c7300f2dcd07377dc7e,LUNC,0.016313925
0xad3ab30bf7e7423fa8266c7300f2dcd07377dc7e,MEME,0.0054469043
0xad3ab30bf7e7423fa8266c7300f2dcd07377dc7e,OP,0.001664522
0xad3ab30bf7e7423fa8266c7300f2dcd07377dc7e,ZEN,0.009783145
0xad3ab30bf7e7423fa8266c7300f2dcd07377dc7e,STRK,0.016965587
0xad3ab30bf7e7423fa8266c7300f2dcd07377dc7e,STX,-0.019882206
0xad3ab30bf7e7423fa8266c7300f2dcd07377dc7e,CFX,0.018978635
0xad3ab30bf7e7423fa8266c7300f2dcd07377dc7e,CAKE,0.005816488
0xad3ab30bf7e7423fa8266c7300f2dcd07377dc7e,DASH,-0.0005093076
0xad3ab30bf7e7423fa8266c7300f2dcd07377dc7e,BSV,0.01867255
0xad3ab30bf7e7423fa8266c7300f2dcd07377dc7e,AR,0.016166184
0xad3ab30bf7e7423fa8266c7300f2dcd07377dc7e,APT,0.017303206
0xad3ab30bf7e7423fa8266c7300f2dcd07377dc7e,ALT,0.0083987955
0xad3ab30bf7e7423fa8266c7300f2dcd07377dc7e,BNB,0.016241405
0xad3ab30bf7e7423fa8266c7300f2dcd07377dc7e,BONK,0.013776971
0xad3ab30bf7e7423fa8266c7300f2dcd07377dc7e,BABY,0.0032583994
0xad3ab30bf7e7423fa8266c7300f2dcd07377dc7e,HBAR,0.015758304
0xad3ab30bf7e7423fa8266c7300f2dcd07377dc7e,KAS,0.019071333
0xad3ab30bf7e7423fa8266c7300f2dcd07377dc7e,PEPE,0.00044877548
0xad3ab30bf7e7423fa8266c7300f2dcd07377dc7e,ORDI,0.019037817
0xad3ab30bf7e7423fa8266c7300f2dcd07377dc7e,SUI,0.010395356
0xad3ab30bf7e7423fa8266c7300f2dcd07377dc7e,MNT,0.018060908
0xad3ab30bf7e7423fa8266c7300f2dcd07377dc7e,IOTA,0.01600178
0xad3ab30bf7e7423fa8266c7300f2dcd07377dc7e,TURBO,0.015294513
0xad3ab30bf7e7423fa8266c7300f2dcd07377dc7e,TIA,0.019952059
0xad3ab30bf7e7423fa8266c7300f2dcd07377dc7e,SEI,0.008036158
0xad3ab30bf7e7423fa8266c7300f2dcd07377dc7e,TAO,-0.0053381473
0xad3ab30bf7e7423fa8266c7300f2dcd07377dc7e,JTO,0.018623078
0xad3ab30bf7e7423fa8266c7300f2dcd07377dc7e,PYTH,0.01738932
0xad3ab30bf7e7423fa8266c7300f2dcd07377dc7e,MANTA,0.017886337
0xad3ab30bf7e7423fa8266c7300f2dcd07377dc7e,ONDO,0.015814906
0xad3ab30bf7e7423fa8266c7300f2dcd07377dc7e,WIF,0.005526093
0xad3ab30bf7e7423fa8266c7300f2dcd07377dc7e,XAI,0.01845079
0xad3ab30bf7e7423fa8266c7300f2dcd07377dc7e,ZETA,0.018978635
0xad3ab30bf7e7423fa8266c7300f2dcd07377dc7e,JUP,0.0071126306
0xad3ab30bf7e7423fa8266c7300f2dcd07377dc7e,DYM,0.018978635
0xad3ab30bf7e7423fa8266c7300f2dcd07377dc7e,TRUMP,-0.023524687
0xad3ab30bf7e7423fa8266c7300f2dcd07377dc7e,APEX,0.006147676
0xad3ab30bf7e7423fa8266c7300f2dcd07377dc7e,ARB,0.016986646
0xad3ab30bf7e7423fa8266c7300f2dcd07377dc7e,BOME,0.008401569
0xad3ab30bf7e7423fa8266c7300f2dcd07377dc7e,HYPER,0.021770831
0xad3ab30bf7e7423fa8266c7300f2dcd07377dc7e,ETHFI,0.014635012
0xad3ab30bf7e7423fa8266c7300f2dcd07377dc7e,BRETT,0.008710058
0xad3ab30bf7e7423fa8266c7300f2dcd07377dc7e,W,-0.001596137
0xad3ab30bf7e7423fa8266c7300f2dcd07377dc7e,GOAT,0.00854899
0xad3ab30bf7e7423fa8266c7300f2dcd07377dc7e,POPCAT,0.016741998
0xad3ab30bf7e7423fa8266c7300f2dcd07377dc7e,MERL,0.018978635
0xad3ab30bf7e7423fa8266c7300f2dcd07377dc7e,ZK,0.008942183
0xad3ab30bf7e7423fa8266c7300f2dcd07377dc7e,TNSR,0.019037817
0xad3ab30bf7e7423fa8266c7300f2dcd07377dc7e,AERO,0.018978635
0xad3ab30bf7e7423fa8266c7300f2dcd07377dc7e,REZ,0.018978635
0xad3ab30bf7e7423fa8266c7300f2dcd07377dc7e,NOT,0.019037817
0xad3ab30bf7e7423fa8266c7300f2dcd07377dc7e,MON,0.009696836
0xad3ab30bf7e7423fa8266c7300f2dcd07377dc7e,VIRTUAL,-0.00347589
0xad3ab30bf7e7423fa8266c7300f2dcd07377dc7e,IO,-0.00485452
0xad3ab30bf7e7423fa8266c7300f2dcd07377dc7e,ZRO,0.006444267
0xad3ab30bf7e7423fa8266c7300f2dcd07377dc7e,WLD,0.019062135
0xad3ab30bf7e7423fa8266c7300f2dcd07377dc7e,NEIRO,0.010473866
0xad3ab30bf7e7423fa8266c7300f2dcd07377dc7e,EIGEN,0.016735004
0xad3ab30bf7e7423fa8266c7300f2dcd07377dc7e,MOVE,-0.0015268843
0xad3ab30bf7e7423fa8266c7300f2dcd07377dc7e,FARTCOIN,0.017935699
0xad3ab30bf7e7423fa8266c7300f2dcd07377dc7e,GRASS,0.020017328
0xad3ab30bf7e7423fa8266c7300f2dcd07377dc7e,PNUT,0.01925828
0xad3ab30bf7e7423fa8266c7300f2dcd07377dc7e,USUAL,-0.011671238
0xad3ab30bf7e7423fa8266c7300f2dcd07377dc7e,MORPHO,0.016362365
0xad3ab30bf7e7423fa8266c7300f2dcd07377dc7e,AIXBT,0.018978635
0xad3ab30bf7e7423fa8266c7300f2dcd07377dc7e,HYPE,-0.0021683597
0xad3ab30bf7e7423fa8266c7300f2dcd07377dc7e,ME,0.01867255
0xad3ab30bf7e7423fa8266c7300f2dcd07377dc7e,PENGU,-0.0016142582
0xad3ab30bf7e7423fa8266c7300f2dcd07377dc7e,sENA,-0.01775378
0xad3ab30bf7e7423fa8266c7300f2dcd07377dc7e,BIO,0.0054541742
0xad3ab30bf7e7423fa8266c7300f2dcd07377dc7e,GRIFFAIN,0.01672648
0xad3ab30bf7e7423fa8266c7300f2dcd07377dc7e,MELANIA,0.014238836
0xad3ab30bf7e7423fa8266c7300f2dcd07377dc7e,VINE,0.020097453
0xad3ab30bf7e7423fa8266c7300f2dcd07377dc7e,ANIME,0.018454202
0xad3ab30bf7e7423fa8266c7300f2dcd07377dc7e,VVV,0.013405107
0xad3ab30bf7e7423fa8266c7300f2dcd07377dc7e,SYRUP,0.014509385
0xad3ab30bf7e7423fa8266c7300f2dcd07377dc7e,BERA,0.019033153
0xad3ab30bf7e7423fa8266c7300f2dcd07377dc7e,IP,0.000096662276
0xad3ab30bf7e7423fa8266c7300f2dcd07377dc7e,KAITO,0.015891373
0xad3ab30bf7e7423fa8266c7300f2dcd07377dc7e,NIL,0.009508849
0xad3ab30bf7e7423fa8266c7300f2dcd07377dc7e,WCT,0.014087842
0xad3ab30bf7e7423fa8266c7300f2dcd07377dc7e,PUMP,-0.015844177
0xad3ab30bf7e7423fa8266c7300f2dcd07377dc7e,INIT,0.018202208
0xad3ab30bf7e7423fa8266c7300f2dcd07377dc7e,SOPH,0.020771492
0xad3ab30bf7e7423fa8266c7300f2dcd07377dc7e,PROVE,-0.0039160205
0xad3ab30bf7e7423fa8266c7300f2dcd07377dc7e,WLFI,0.009712351
0xad3ab30bf7e7423fa8266c7300f2dcd07377dc7e,0G,0.018978635
0xad3ab30bf7e7423fa8266c7300f2dcd07377dc7e,AVNT,0.019381281
0xad3ab30bf7e7423fa8266c7300f2dcd07377dc7e,ASTER,0.019563532
0xad3ab30bf7e7423fa8266c7300f2dcd07377dc7e,LINEA,0.018363658
0xad3ab30bf7e7423fa8266c7300f2dcd07377dc7e,HEMI,0.0060170023
0xad3ab30bf7e7423fa8266c7300f2dcd07377dc7e,XPL,0.009530789
0xad3ab30bf7e7423fa8266c7300f2dcd07377dc7e,2Z,0.018978635
0xad3ab30bf7e7423fa8266c7300f2dcd07377dc7e,CC,0.0066898465
0xb294a5316e76e84649a3b8ff0ff6ef9788595bed,BIO,-0.0105673075
0xb294a5316e76e84649a3b8ff0ff6ef9788595bed,MORPHO,-0.0099641085
0xb294a5316e76e84649a3b8ff0ff6ef9788595bed,MEME,-0.009258807
0xb294a5316e76e84649a3b8ff0ff6ef9788595bed,PENGU,-0.008145988
0xb294a5316e76e84649a3b8ff0ff6ef9788595bed,XPL,-0.0076625943
0xb294a5316e76e84649a3b8ff0ff6ef9788595bed,KAITO,-0.0075863004
0xb294a5316e76e84649a3b8ff0ff6ef9788595bed,INJ,-0.007349372
0xb294a5316e76e84649a3b8ff0ff6ef9788595bed,BONK,-0.0068060756
0xb294a5316e76e84649a3b8ff0ff6ef9788595bed,FIL,-0.0067307353
0xb294a5316e76e84649a3b8ff0ff6ef9788595bed,CELO,-0.0066716075
0xb294a5316e76e84649a3b8ff0ff6ef9788595bed,VVV,-0.005216539
0xb294a5316e76e84649a3b8ff0ff6ef9788595bed,TURBO,-0.0051445365
0xb294a5316e76e84649a3b8ff0ff6ef9788595bed,GOAT,-0.0050878525
0xb294a5316e76e84649a3b8ff0ff6ef9788595bed,FLOKI,-0.004799783
0xb294a5316e76e84649a3b8ff0ff6ef9788595bed,TRB,-0.004556775
0xb294a5316e76e84649a3b8ff0ff6ef9788595bed,GRASS,-0.0044514537
0xb294a5316e76e84649a3b8ff0ff6ef9788595bed,IOTA,-0.0040920973
0xb294a5316e76e84649a3b8ff0ff6ef9788595bed,WLFI,-0.0037829876
0xb294a5316e76e84649a3b8ff0ff6ef9788595bed,GALA,-0.0036970973
0xb294a5316e76e84649a3b8ff0ff6ef9788595bed,ANIME,-0.0035061836
0xb294a5316e76e84649a3b8ff0ff6ef9788595bed,AVAX,-0.0034549832
0xb294a5316e76e84649a3b8ff0ff6ef9788595bed,IO,-0.0032607317
0xb294a5316e76e84649a3b8ff0ff6ef9788595bed,NEAR,-0.0032604933
0xb294a5316e76e84649a3b8ff0ff6ef9788595bed,WLD,-0.003050685
0xb294a5316e76e84649a3b8ff0ff6ef9788595bed,FARTCOIN,-0.0029500723
0xb294a5316e76e84649a3b8ff0ff6ef9788595bed,SAND,-0.0028187633
0xb294a5316e76e84649a3b8ff0ff6ef9788595bed,ICP,-0.0025877953
0xb294a5316e76e84649a3b8ff0ff6ef9788595bed,PEPE,-0.002373159
0xb294a5316e76e84649a3b8ff0ff6ef9788595bed,PUMP,-0.0023433566
0xb294a5316e76e84649a3b8ff0ff6ef9788595bed,LINEA,-0.0021660328
0xb294a5316e76e84649a3b8ff0ff6ef9788595bed,ZEC,-0.0018714666
0xb294a5316e76e84649a3b8ff0ff6ef9788595bed,JTO,-0.001812458
0xb294a5316e76e84649a3b8ff0ff6ef9788595bed,AVNT,-0.0017723441
0xb294a5316e76e84649a3b8ff0ff6ef9788595bed,W,-0.0017513633
0xb294a5316e76e84649a3b8ff0ff6ef9788595bed,ENS,-0.0017178655
0xb294a5316e76e84649a3b8ff0ff6ef9788595bed,WIF,-0.001665473
0xb294a5316e76e84649a3b8ff0ff6ef9788595bed,COMP,-0.001654923
0xb294a5316e76e84649a3b8ff0ff6ef9788595bed,TAO,-0.0015656352
0xb294a5316e76e84649a3b8ff0ff6ef9788595bed,TRUMP,-0.0015594363
0xb294a5316e76e84649a3b8ff0ff6ef9788595bed,MOVE,-0.001281023
0xb294a5316e76e84649a3b8ff0ff6ef9788595bed,APT,-0.0012276769
0xb294a5316e76e84649a3b8ff0ff6ef9788595bed,ARB,-0.0012270808
0xb294a5316e76e84649a3b8ff0ff6ef9788595bed,RENDER,-0.0011516213
0xb294a5316e76e84649a3b8ff0ff6ef9788595bed,MNT,-0.0011512637
0xb294a5316e76e84649a3b8ff0ff6ef9788595bed,XAI,-0.0011410713
0xb294a5316e76e84649a3b8ff0ff6ef9788595bed,ZRO,-0.0010347962
0xb294a5316e76e84649a3b8ff0ff6ef9788595bed,POPCAT,-0.0009800792
0xb294a5316e76e84649a3b8ff0ff6ef9788595bed,SYRUP,-0.0009589195
0xb294a5316e76e84649a3b8ff0ff6ef9788595bed,MERL,-0.0009332299
0xb294a5316e76e84649a3b8ff0ff6ef9788595bed,LIT,-0.0008958578
0xb294a5316e76e84649a3b8ff0ff6ef9788595bed,HEMI,-0.0008881688
0xb294a5316e76e84649a3b8ff0ff6ef9788595bed,APE,-0.00088733435
0xb294a5316e76e84649a3b8ff0ff6ef9788595bed,ETHFI,-0.00066912174
0xb294a5316e76e84649a3b8ff0ff6ef9788595bed,BNB,-0.00058829784
0xb294a5316e76e84649a3b8ff0ff6ef9788595bed,BOME,-0.0005623698
0xb294a5316e76e84649a3b8ff0ff6ef9788595bed,AIXBT,-0.0005505085
0xb294a5316e76e84649a3b8ff0ff6ef9788595bed,WCT,-0.00053179264
0xb294a5316e76e84649a3b8ff0ff6ef9788595bed,ME,-0.00044596195
0xb294a5316e76e84649a3b8ff0ff6ef9788595bed,BERA,-0.0004233122
0xb294a5316e76e84649a3b8ff0ff6ef9788595bed,STRK,-0.00037550926
0xb294a5316e76e84649a3b8ff0ff6ef9788595bed,ZORA,-0.00037372112
0xb294a5316e76e84649a3b8ff0ff6ef9788595bed,EIGEN,-0.00031369925
0xb294a5316e76e84649a3b8ff0ff6ef9788595bed,XRP,-0.0002564788
0xb294a5316e76e84649a3b8ff0ff6ef9788595bed,SOL,-0.00023543835
0xb294a5316e76e84649a3b8ff0ff6ef9788595bed,IP,-0.00016647577
0xb294a5316e76e84649a3b8ff0ff6ef9788595bed,UNI,-0.0001347065
0xb294a5316e76e84649a3b8ff0ff6ef9788595bed,BTC,-0.00012302399
0xb294a5316e76e84649a3b8ff0ff6ef9788595bed,GMT,-0.00012129545
0xb294a5316e76e84649a3b8ff0ff6ef9788595bed,GRIFFAIN,-0.00009685755
0xb294a5316e76e84649a3b8ff0ff6ef9788595bed,0G,-0.000093102455
0xb294a5316e76e84649a3b8ff0ff6ef9788595bed,DYM,-0.00002270937
0xb294a5316e76e84649a3b8ff0ff6ef9788595bed,PENDLE,-0.000003874302
0xb294a5316e76e84649a3b8ff0ff6ef9788595bed,SUI,0.0
0xb294a5316e76e84649a3b8ff0ff6ef9788595bed,BRETT,0.0
0xb294a5316e76e84649a3b8ff0ff6ef9788595bed,SOPH,0.0
0xb294a5316e76e84649a3b8ff0ff6ef9788595bed,ZETA,0.0
0xb294a5316e76e84649a3b8ff0ff6ef9788595bed,LTC,0.0000022649765
0xb294a5316e76e84649a3b8ff0ff6ef9788595bed,PEOPLE,0.000002503395
0xb294a5316e76e84649a3b8ff0ff6ef9788595bed,DOGE,0.00000333786
0xb294a5316e76e84649a3b8ff0ff6ef9788595bed,CFX,0.0000038146973
0xb294a5316e76e84649a3b8ff0ff6ef9788595bed,AXS,0.000028252602
0xb294a5316e76e84649a3b8ff0ff6ef9788595bed,PYTH,0.000030040741
0xb294a5316e76e84649a3b8ff0ff6ef9788595bed,GMX,0.00007009506
0xb294a5316e76e84649a3b8ff0ff6ef9788595bed,MELANIA,0.00011527538
0xb294a5316e76e84649a3b8ff0ff6ef9788595bed,APEX,0.00014126301
0xb294a5316e76e84649a3b8ff0ff6ef9788595bed,MINA,0.00015556812
0xb294a5316e76e84649a3b8ff0ff6ef9788595bed,LDO,0.00021398067
0xb294a5316e76e84649a3b8ff0ff6ef9788595bed,FET,0.00021719933
0xb294a5316e76e84649a3b8ff0ff6ef9788595bed,AAVE,0.00022506714
0xb294a5316e76e84649a3b8ff0ff6ef9788595bed,HYPER,0.0002502203
0xb294a5316e76e84649a3b8ff0ff6ef9788595bed,INIT,0.0002681017
0xb294a5316e76e84649a3b8ff0ff6ef9788595bed,PNUT,0.00029432774
0xb294a5316e76e84649a3b8ff0ff6ef9788595bed,NOT,0.00031757355
0xb294a5316e76e84649a3b8ff0ff6ef9788595bed,ZK,0.00034582615
0xb294a5316e76e84649a3b8ff0ff6ef9788595bed,ETH,0.00044500828
0xb294a5316e76e84649a3b8ff0ff6ef9788595bed,REZ,0.00045001507
0xb294a5316e76e84649a3b8ff0ff6ef9788595bed,STX,0.0005749464
0xb294a5316e76e84649a3b8ff0ff6ef9788595bed,TRX,0.00070762634
0xb294a5316e76e84649a3b8ff0ff6ef9788595bed,ASTER,0.00071692467
0xb294a5316e76e84649a3b8ff0ff6ef9788595bed,sENA,0.0007224083
0xb294a5316e76e84649a3b8ff0ff6ef9788595bed,POL,0.0008776188
0xb294a5316e76e84649a3b8ff0ff6ef9788595bed,BSV,0.000905633
0xb294a5316e76e84649a3b8ff0ff6ef9788595bed,AERO,0.0009850264
0xb294a5316e76e84649a3b8ff0ff6ef9788595bed,HBAR,0.0009996891
0xb294a5316e76e84649a3b8ff0ff6ef9788595bed,RSR,0.0010011196
0xb294a5316e76e84649a3b8ff0ff6ef9788595bed,MON,0.0010954142
0xb294a5316e76e84649a3b8ff0ff6ef9788595bed,NEIRO,0.0011180639
0xb294a5316e76e84649a3b8ff0ff6ef9788595bed,TNSR,0.0011634827
0xb294a5316e76e84649a3b8ff0ff6ef9788595bed,SNX,0.0011777878
0xb294a5316e76e84649a3b8ff0ff6ef9788595bed,ETC,0.0012602806
0xb294a5316e76e84649a3b8ff0ff6ef9788595bed,TIA,0.0015013218
0xb294a5316e76e84649a3b8ff0ff6ef9788595bed,RUNE,0.0015237331
0xb294a5316e76e84649a3b8ff0ff6ef9788595bed,UMA,0.0015813112
0xb294a5316e76e84649a3b8ff0ff6ef9788595bed,VINE,0.0019866228
0xb294a5316e76e84649a3b8ff0ff6ef9788595bed,DOT,0.0020025969
0xb294a5316e76e84649a3b8ff0ff6ef9788595bed,2Z,0.0020582676
0xb294a5316e76e84649a3b8ff0ff6ef9788595bed,HYPE,0.0021945238
0xb294a5316e76e84649a3b8ff0ff6ef9788595bed,MANTA,0.0022639036
0xb294a5316e76e84649a3b8ff0ff6ef9788595bed,ZEN,0.0028784275
0xb294a5316e76e84649a3b8ff0ff6ef9788595bed,SEI,0.0028951168
0xb294a5316e76e84649a3b8ff0ff6ef9788595bed,ATOM,0.0034315586
0xb294a5316e76e84649a3b8ff0ff6ef9788595bed,PAXG,0.0035458803
0xb294a5316e76e84649a3b8ff0ff6ef9788595bed,S,0.0035984516
0xb294a5316e76e84649a3b8ff0ff6ef9788595bed,SUSHI,0.0036025047
0xb294a5316e76e84649a3b8ff0ff6ef9788595bed,LAYER,0.0037385225
0xb294a5316e76e84649a3b8ff0ff6ef9788595bed,LUNC,0.0040905476
0xb294a5316e76e84649a3b8ff0ff6ef9788595bed,IMX,0.004163265
0xb294a5316e76e84649a3b8ff0ff6ef9788595bed,NIL,0.0042932034
0xb294a5316e76e84649a3b8ff0ff6ef9788595bed,VIRTUAL,0.0043201447
0xb294a5316e76e84649a3b8ff0ff6ef9788595bed,ONDO,0.0045506954
0xb294a5316e76e84649a3b8ff0ff6ef9788595bed,KAS,0.0046474934
0xb294a5316e76e84649a3b8ff0ff6ef9788595bed,AR,0.0048798323
0xb294a5316e76e84649a3b8ff0ff6ef9788595bed,ORDI,0.0049237013
0xb294a5316e76e84649a3b8ff0ff6ef9788595bed,SHIB,0.004993677
0xb294a5316e76e84649a3b8ff0ff6ef9788595bed,ADA,0.005273938
0xb294a5316e76e84649a3b8ff0ff6ef9788595bed,PROVE,0.0053286552
0xb294a5316e76e84649a3b8ff0ff6ef9788595bed,XMR,0.0058116913
0xb294a5316e76e84649a3b8ff0ff6ef9788595bed,BCH,0.005932331
0xb294a5316e76e84649a3b8ff0ff6ef9788595bed,OP,0.0062026978
0xb294a5316e76e84649a3b8ff0ff6ef9788595bed,SKY,0.006506443
0xb294a5316e76e84649a3b8ff0ff6ef9788595bed,DASH,0.0065830946
0xb294a5316e76e84649a3b8ff0ff6ef9788595bed,BABY,0.006745696
0xb294a5316e76e84649a3b8ff0ff6ef9788595bed,LINK,0.0068234205
0xb294a5316e76e84649a3b8ff0ff6ef9788595bed,BLUR,0.0076574087
0xb294a5316e76e84649a3b8ff0ff6ef9788595bed,USUAL,0.0078547
0xb294a5316e76e84649a3b8ff0ff6ef9788595bed,CC,0.007893324
0xb294a5316e76e84649a3b8ff0ff6ef9788595bed,ALGO,0.0080394745
0xb294a5316e76e84649a3b8ff0ff6ef9788595bed,ALT,0.00813961
0xb294a5316e76e84649a3b8ff0ff6ef9788595bed,CRV,0.009122968
0xb294a5316e76e84649a3b8ff0ff6ef9788595bed,JUP,0.009253979
0xb294a5316e76e84649a3b8ff0ff6ef9788595bed,CAKE,0.009287596
0xb294a5316e76e84649a3b8ff0ff6ef9788595bed,XLM,0.021947026
0xb7ece21c962697a3194c0b6e4b81db54433055ab,BTC,-0.0058816792
0xb7ece21c962697a3194c0b6e4b81db54433055ab,LTC,0.00077070773
0xb7ece21c962697a3194c0b6e4b81db54433055ab,XRP,-0.027541684
0xb7ece21c962697a3194c0b6e4b81db54433055ab,DOGE,-0.013190523
0xb7ece21c962697a3194c0b6e4b81db54433055ab,DASH,-0.013404696
0xb7ece21c962697a3194c0b6e4b81db54433055ab,XMR,-0.008313973
0xb7ece21c962697a3194c0b6e4b81db54433055ab,XLM,-0.002643439
0xb7ece21c962697a3194c0b6e4b81db54433055ab,ETH,-0.0098752435
0xb7ece21c962697a3194c0b6e4b81db54433055ab,ETC,-0.004850714
0xb7ece21c962697a3194c0b6e4b81db54433055ab,ZEC,0.0017560059
0xb7ece21c962697a3194c0b6e4b81db54433055ab,ZEN,-0.017565332
0xb7ece21c962697a3194c0b6e4b81db54433055ab,IOTA,-0.016578464
0xb7ece21c962697a3194c0b6e4b81db54433055ab,BCH,0.012837371
0xb7ece21c962697a3194c0b6e4b81db54433055ab,BNB,0.00008468154
0xb7ece21c962697a3194c0b6e4b81db54433055ab,TRX,-0.007103412
0xb7ece21c962697a3194c0b6e4b81db54433055ab,LINK,0.00064226496
0xb7ece21c962697a3194c0b6e4b81db54433055ab,ADA,-0.006397309
0xb7ece21c962697a3194c0b6e4b81db54433055ab,FIL,0.0013945702
0xb7ece21c962697a3194c0b6e4b81db54433055ab,SNX,0.0017412367
0xb7ece21c962697a3194c0b6e4b81db54433055ab,BSV,0.012025114
0xb7ece21c962697a3194c0b6e4b81db54433055ab,FET,-0.008220371
0xb7ece21c962697a3194c0b6e4b81db54433055ab,ATOM,0.0048201433
0xb7ece21c962697a3194c0b6e4b81db54433055ab,RSR,-0.021694357
0xb7ece21c962697a3194c0b6e4b81db54433055ab,ALGO,-0.007835009
0xb7ece21c962697a3194c0b6e4b81db54433055ab,RUNE,-0.0028400952
0xb7ece21c962697a3194c0b6e4b81db54433055ab,LUNC,0.0010097912
0xb7ece21c962697a3194c0b6e4b81db54433055ab,HBAR,0.009271236
0xb7ece21c962697a3194c0b6e4b81db54433055ab,PAXG,0.002566858
0xb7ece21c962697a3194c0b6e4b81db54433055ab,STX,-0.05052242
0xb7ece21c962697a3194c0b6e4b81db54433055ab,TRB,-0.0007905
0xb7ece21c962697a3194c0b6e4b81db54433055ab,SOL,0.022685952
0xb7ece21c962697a3194c0b6e4b81db54433055ab,CELO,-0.007839184
0xb7ece21c962697a3194c0b6e4b81db54433055ab,UMA,-0.00052297424
0xb7ece21c962697a3194c0b6e4b81db54433055ab,AR,0.00007679467
0xb7ece21c962697a3194c0b6e4b81db54433055ab,RENDER,0.0052481075
0xb7ece21c962697a3194c0b6e4b81db54433055ab,COMP,0.0013954839
0xb7ece21c962697a3194c0b6e4b81db54433055ab,AVAX,-0.0026507117
0xb7ece21c962697a3194c0b6e4b81db54433055ab,SHIB,-0.0072947918
0xb7ece21c962697a3194c0b6e4b81db54433055ab,SAND,-0.0002243219
0xb7ece21c962697a3194c0b6e4b81db54433055ab,NEAR,-0.00036690966
0xb7ece21c962697a3194c0b6e4b81db54433055ab,CRV,-0.010347078
0xb7ece21c962697a3194c0b6e4b81db54433055ab,DOT,0.0002478228
0xb7ece21c962697a3194c0b6e4b81db54433055ab,SUSHI,-0.0015620004
0xb7ece21c962697a3194c0b6e4b81db54433055ab,AXS,0.0019802095
0xb7ece21c962697a3194c0b6e4b81db54433055ab,GALA,-0.02473078
0xb7ece21c962697a3194c0b6e4b81db54433055ab,UNI,-0.010462386
0xb7ece21c962697a3194c0b6e4b81db54433055ab,CAKE,-0.0024258534
0xb7ece21c962697a3194c0b6e4b81db54433055ab,INJ,-0.019747958
0xb7ece21c962697a3194c0b6e4b81db54433055ab,AAVE,-0.007600216
0xb7ece21c962697a3194c0b6e4b81db54433055ab,CFX,-0.00003441913
0xb7ece21c962697a3194c0b6e4b81db54433055ab,LDO,-0.0034184007
0xb7ece21c962697a3194c0b6e4b81db54433055ab,MINA,-0.008213745
0xb7ece21c962697a3194c0b6e4b81db54433055ab,ICP,0.004430885
0xb7ece21c962697a3194c0b6e4b81db54433055ab,PENDLE,-0.010579856
0xb7ece21c962697a3194c0b6e4b81db54433055ab,IMX,-0.011648321
0xb7ece21c962697a3194c0b6e4b81db54433055ab,FLOKI,-0.0030374862
0xb7ece21c962697a3194c0b6e4b81db54433055ab,OP,-0.022092767
0xb7ece21c962697a3194c0b6e4b81db54433055ab,ARB,-0.007956587
0xb7ece21c962697a3194c0b6e4b81db54433055ab,GMX,-0.0013397135
0xb7ece21c962697a3194c0b6e4b81db54433055ab,WLD,-0.008538394
0xb7ece21c962697a3194c0b6e4b81db54433055ab,MANTA,-0.0007307342
0xb7ece21c962697a3194c0b6e4b81db54433055ab,ENS,0.003090567
0xb7ece21c962697a3194c0b6e4b81db54433055ab,PEOPLE,-0.0147429975
0xb7ece21c962697a3194c0b6e4b81db54433055ab,GMT,-0.016080262
0xb7ece21c962697a3194c0b6e4b81db54433055ab,APE,0.02186439
0xb7ece21c962697a3194c0b6e4b81db54433055ab,APEX,-0.029711274
0xb7ece21c962697a3194c0b6e4b81db54433055ab,KAS,0.0059663393
0xb7ece21c962697a3194c0b6e4b81db54433055ab,SUI,-0.022172697
0xb7ece21c962697a3194c0b6e4b81db54433055ab,ONDO,-0.00037705776
0xb7ece21c962697a3194c0b6e4b81db54433055ab,ZETA,-0.0008625607
0xb7ece21c962697a3194c0b6e4b81db54433055ab,APT,0.0044849836
0xb7ece21c962697a3194c0b6e4b81db54433055ab,STRK,-0.0068223863
0xb7ece21c962697a3194c0b6e4b81db54433055ab,TIA,-0.000591125
0xb7ece21c962697a3194c0b6e4b81db54433055ab,TAO,-0.00987927
0xb7ece21c962697a3194c0b6e4b81db54433055ab,BONK,-0.001029177
0xb7ece21c962697a3194c0b6e4b81db54433055ab,BLUR,-0.000057409354
0xb7ece21c962697a3194c0b6e4b81db54433055ab,SEI,0.0070808367
0xb7ece21c962697a3194c0b6e4b81db54433055ab,ZK,-0.00062127056
0xb7ece21c962697a3194c0b6e4b81db54433055ab,PEPE,-0.047189318
0xb7ece21c962697a3194c0b6e4b81db54433055ab,BERA,-0.006550116
0xb7ece21c962697a3194c0b6e4b81db54433055ab,TURBO,-0.009048374
0xb7ece21c962697a3194c0b6e4b81db54433055ab,ORDI,0.0014573511
0xb7ece21c962697a3194c0b6e4b81db54433055ab,ZRO,-0.019308724
0xb7ece21c962697a3194c0b6e4b81db54433055ab,MNT,0.00029673835
0xb7ece21c962697a3194c0b6e4b81db54433055ab,LINEA,0.00021972736
0xb7ece21c962697a3194c0b6e4b81db54433055ab,PYTH,0.00018074903
0xb7ece21c962697a3194c0b6e4b81db54433055ab,MEME,-0.012880248
0xb7ece21c962697a3194c0b6e4b81db54433055ab,POL,-0.010021063
0xb7ece21c962697a3194c0b6e4b81db54433055ab,JTO,-0.0006027614
0xb7ece21c962697a3194c0b6e4b81db54433055ab,WIF,-0.018237244
0xb7ece21c962697a3194c0b6e4b81db54433055ab,POPCAT,-0.0010846102
0xb7ece21c962697a3194c0b6e4b81db54433055ab,NOT,0.006873296
0xb7ece21c962697a3194c0b6e4b81db54433055ab,DYM,0.00038713368
0xb7ece21c962697a3194c0b6e4b81db54433055ab,XAI,-0.00012400339
0xb7ece21c962697a3194c0b6e4b81db54433055ab,ALT,0.007849536
0xb7ece21c962697a3194c0b6e4b81db54433055ab,JUP,-0.009471215
0xb7ece21c962697a3194c0b6e4b81db54433055ab,AERO,0.0028641743
0xb7ece21c962697a3194c0b6e4b81db54433055ab,VIRTUAL,-0.005681796
0xb7ece21c962697a3194c0b6e4b81db54433055ab,W,-0.003793726
0xb7ece21c962697a3194c0b6e4b81db54433055ab,BRETT,-0.04110619
0xb7ece21c962697a3194c0b6e4b81db54433055ab,ETHFI,-0.019457942
0xb7ece21c962697a3194c0b6e4b81db54433055ab,IO,-0.0012086022
0xb7ece21c962697a3194c0b6e4b81db54433055ab,BOME,0.0003937189
0xb7ece21c962697a3194c0b6e4b81db54433055ab,sENA,-0.060611628
0xb7ece21c962697a3194c0b6e4b81db54433055ab,TNSR,-0.008335924
0xb7ece21c962697a3194c0b6e4b81db54433055ab,EIGEN,-0.005506486
0xb7ece21c962697a3194c0b6e4b81db54433055ab,MON,-0.005177145
0xb7ece21c962697a3194c0b6e4b81db54433055ab,MERL,-0.00011913808
0xb7ece21c962697a3194c0b6e4b81db54433055ab,REZ,-0.0040500397
0xb7ece21c962697a3194c0b6e4b81db54433055ab,SOPH,0.0030751845
0xb7ece21c962697a3194c0b6e4b81db54433055ab,HYPE,-0.032778207
0xb7ece21c962697a3194c0b6e4b81db54433055ab,ME,-0.0008292384
0xb7ece21c962697a3194c0b6e4b81db54433055ab,BABY,-0.000033008077
0xb7ece21c962697a3194c0b6e4b81db54433055ab,MOVE,-0.03939811
0xb7ece21c962697a3194c0b6e4b81db54433055ab,NEIRO,-0.003860938
0xb7ece21c962697a3194c0b6e4b81db54433055ab,S,-0.034750085
0xb7ece21c962697a3194c0b6e4b81db54433055ab,GRASS,-0.0019147205
0xb7ece21c962697a3194c0b6e4b81db54433055ab,SKY,-0.0063037374
0xb7ece21c962697a3194c0b6e4b81db54433055ab,INIT,0.00096000714
0xb7ece21c962697a3194c0b6e4b81db54433055ab,WCT,-0.0023338287
0xb7ece21c962697a3194c0b6e4b81db54433055ab,WLFI,-0.00032306867
0xb7ece21c962697a3194c0b6e4b81db54433055ab,GOAT,-0.004244221
0xb7ece21c962697a3194c0b6e4b81db54433055ab,FARTCOIN,0.024509158
0xb7ece21c962697a3194c0b6e4b81db54433055ab,PNUT,0.00023372291
0xb7ece21c962697a3194c0b6e4b81db54433055ab,SYRUP,-0.0043819663
0xb7ece21c962697a3194c0b6e4b81db54433055ab,USUAL,-0.00026036377
0xb7ece21c962697a3194c0b6e4b81db54433055ab,AIXBT,-0.0022131542
0xb7ece21c962697a3194c0b6e4b81db54433055ab,MORPHO,0.016376782
0xb7ece21c962697a3194c0b6e4b81db54433055ab,PENGU,-0.0062604253
0xb7ece21c962697a3194c0b6e4b81db54433055ab,GRIFFAIN,-0.0040292335
0xb7ece21c962697a3194c0b6e4b81db54433055ab,BIO,-0.025871947
0xb7ece21c962697a3194c0b6e4b81db54433055ab,ANIME,0.013389492
0xb7ece21c962697a3194c0b6e4b81db54433055ab,TRUMP,-0.025590096
0xb7ece21c962697a3194c0b6e4b81db54433055ab,MELANIA,-0.0023400718
0xb7ece21c962697a3194c0b6e4b81db54433055ab,VINE,0.0043618083
0xb7ece21c962697a3194c0b6e4b81db54433055ab,LAYER,-0.023921553
0xb7ece21c962697a3194c0b6e4b81db54433055ab,VVV,-0.019977923
0xb7ece21c962697a3194c0b6e4b81db54433055ab,IP,0.0054630735
0xb7ece21c962697a3194c0b6e4b81db54433055ab,NIL,-0.0066042673
0xb7ece21c962697a3194c0b6e4b81db54433055ab,KAITO,-0.05455368
0xb7ece21c962697a3194c0b6e4b81db54433055ab,ZORA,-0.034382593
0xb7ece21c962697a3194c0b6e4b81db54433055ab,HYPER,-0.0034572566
0xb7ece21c962697a3194c0b6e4b81db54433055ab,ASTER,0.0017261886
0xb7ece21c962697a3194c0b6e4b81db54433055ab,PUMP,-0.012761412
0xb7ece21c962697a3194c0b6e4b81db54433055ab,XPL,0.0013691318
0xb7ece21c962697a3194c0b6e4b81db54433055ab,CC,-0.016506232
0xb7ece21c962697a3194c0b6e4b81db54433055ab,PROVE,0.00024409965
0xb7ece21c962697a3194c0b6e4b81db54433055ab,HEMI,-0.053754207
0xb7ece21c962697a3194c0b6e4b81db54433055ab,AVNT,-0.0046017417
0xb7ece21c962697a3194c0b6e4b81db54433055ab,0G,-0.0034066776
0xb7ece21c962697a3194c0b6e4b81db54433055ab,2Z,0.00053670903
0xb7ece21c962697a3194c0b6e4b81db54433055ab,LIT,0.0015916532
0xcbe37e37bb9ac19e87e6e495303fab60c3111529,BTC,-0.0510549445863133
0xcbe37e37bb9ac19e87e6e495303fab60c3111529,LTC,0.000050818028753036167
0xcbe37e37bb9ac19e87e6e495303fab60c3111529,XRP,-0.0655344315763755
0xcbe37e37bb9ac19e87e6e495303fab60c3111529,DOGE,-0.0398481471563004
0xcbe37e37bb9ac19e87e6e495303fab60c3111529,DASH,-0.0338413368134013
0xcbe37e37bb9ac19e87e6e495303fab60c3111529,XMR,0.0152420078253255
0xcbe37e37bb9ac19e87e6e495303fab60c3111529,XLM,-0.0201210323771796
0xcbe37e37bb9ac19e87e6e495303fab60c3111529,ETH,-0.0037084914420922
0xcbe37e37bb9ac19e87e6e495303fab60c3111529,ETC,-0.0073785558738126
0xcbe37e37bb9ac19e87e6e495303fab60c3111529,ZEC,-0.046212898204149
0xcbe37e37bb9ac19e87e6e495303fab60c3111529,ZEN,-0.0523220413672975
0xcbe37e37bb9ac19e87e6e495303fab60c3111529,IOTA,-0.0412245203888789
0xcbe37e37bb9ac19e87e6e495303fab60c3111529,BCH,-0.0024952507578012
0xcbe37e37bb9ac19e87e6e495303fab60c3111529,BNB,0.0372208615451896
0xcbe37e37bb9ac19e87e6e495303fab60c3111529,TRX,-0.0054808441969111
0xcbe37e37bb9ac19e87e6e495303fab60c3111529,LINK,-0.0145009205795129
0xcbe37e37bb9ac19e87e6e495303fab60c3111529,ADA,-0.0226589068258559
0xcbe37e37bb9ac19e87e6e495303fab60c3111529,FIL,-0.000598534840728
0xcbe37e37bb9ac19e87e6e495303fab60c3111529,SNX,-0.0050853682892945
0xcbe37e37bb9ac19e87e6e495303fab60c3111529,BSV,0.0010035818192341
0xcbe37e37bb9ac19e87e6e495303fab60c3111529,FET,-0.0143258171933424
0xcbe37e37bb9ac19e87e6e495303fab60c3111529,ATOM,-0.0041602877483448
0xcbe37e37bb9ac19e87e6e495303fab60c3111529,RSR,-0.0244514547600365
0xcbe37e37bb9ac19e87e6e495303fab60c3111529,ALGO,-0.0252161014176142
0xcbe37e37bb9ac19e87e6e495303fab60c3111529,RUNE,-0.0002395065059956
0xcbe37e37bb9ac19e87e6e495303fab60c3111529,LUNC,-0.0054880631303134
0xcbe37e37bb9ac19e87e6e495303fab60c3111529,HBAR,-0.0067508707428085
0xcbe37e37bb9ac19e87e6e495303fab60c3111529,PAXG,0.0037891227325639
0xcbe37e37bb9ac19e87e6e495303fab60c3111529,STX,-0.1242880261256383
0xcbe37e37bb9ac19e87e6e495303fab60c3111529,TRB,-0.0343022970032026
0xcbe37e37bb9ac19e87e6e495303fab60c3111529,SOL,-0.0320199751011306
0xcbe37e37bb9ac19e87e6e495303fab60c3111529,CELO,-0.0171097094969417
0xcbe37e37bb9ac19e87e6e495303fab60c3111529,UMA,-0.0104406603925115
0xcbe37e37bb9ac19e87e6e495303fab60c3111529,AR,-0.0102934968896555
0xcbe37e37bb9ac19e87e6e495303fab60c3111529,RENDER,-0.0032941831163215
0xcbe37e37bb9ac19e87e6e495303fab60c3111529,COMP,-0.0011580636904986
0xcbe37e37bb9ac19e87e6e495303fab60c3111529,AVAX,-0.0126572908362733
0xcbe37e37bb9ac19e87e6e495303fab60c3111529,SHIB,-0.0335184227946579
0xcbe37e37bb9ac19e87e6e495303fab60c3111529,SAND,-0.0151402332981155
0xcbe37e37bb9ac19e87e6e495303fab60c3111529,NEAR,-0.0102154328669945
0xcbe37e37bb9ac19e87e6e495303fab60c3111529,CRV,-0.069040642821591
0xcbe37e37bb9ac19e87e6e495303fab60c3111529,DOT,0.0070589925327022
0xcbe37e37bb9ac19e87e6e495303fab60c3111529,SUSHI,-0.0201236284400357
0xcbe37e37bb9ac19e87e6e495303fab60c3111529,AXS,-0.0006781260902865
0xcbe37e37bb9ac19e87e6e495303fab60c3111529,GALA,-0.0223348681724315
0xcbe37e37bb9ac19e87e6e495303fab60c3111529,UNI,-0.0332579136351025
0xcbe37e37bb9ac19e87e6e495303fab60c3111529,CAKE,0.0055182859241121
0xcbe37e37bb9ac19e87e6e495303fab60c3111529,INJ,-0.0316530915199539
0xcbe37e37bb9ac19e87e6e495303fab60c3111529,AAVE,-0.0337726229284349
0xcbe37e37bb9ac19e87e6e495303fab60c3111529,CFX,-0.0105490111206275
0xcbe37e37bb9ac19e87e6e495303fab60c3111529,LDO,-0.0233820024289664
0xcbe37e37bb9ac19e87e6e495303fab60c3111529,MINA,-0.0286910677276953
0xcbe37e37bb9ac19e87e6e495303fab60c3111529,ICP,-0.0101207742249885
0xcbe37e37bb9ac19e87e6e495303fab60c3111529,PENDLE,-0.0270137637144409
0xcbe37e37bb9ac19e87e6e495303fab60c3111529,IMX,-0.0110974968097852
0xcbe37e37bb9ac19e87e6e495303fab60c3111529,FLOKI,-0.0370786264315002
0xcbe37e37bb9ac19e87e6e495303fab60c3111529,OP,-0.0398070930002314
0xcbe37e37bb9ac19e87e6e495303fab60c3111529,ARB,-0.0769091359212522
0xcbe37e37bb9ac19e87e6e495303fab60c3111529,GMX,-0.006947446335605
0xcbe37e37bb9ac19e87e6e495303fab60c3111529,WLD,-0.0356369840423329
0xcbe37e37bb9ac19e87e6e495303fab60c3111529,MANTA,-0.002512513723765
0xcbe37e37bb9ac19e87e6e495303fab60c3111529,ENS,-0.0571984907616217
0xcbe37e37bb9ac19e87e6e495303fab60c3111529,PEOPLE,-0.0501212915938897
0xcbe37e37bb9ac19e87e6e495303fab60c3111529,GMT,-0.0214055701975198
0xcbe37e37bb9ac19e87e6e495303fab60c3111529,APE,0.0003749279170224
0xcbe37e37bb9ac19e87e6e495303fab60c3111529,APEX,-0.0475560726086748
0xcbe37e37bb9ac19e87e6e495303fab60c3111529,KAS,0.0055897141730431
0xcbe37e37bb9ac19e87e6e495303fab60c3111529,SUI,-0.0296555874312492
0xcbe37e37bb9ac19e87e6e495303fab60c3111529,ONDO,-0.0102143104885351
0xcbe37e37bb9ac19e87e6e495303fab60c3111529,ZETA,-0.0080033267442304
0xcbe37e37bb9ac19e87e6e495303fab60c3111529,APT,-0.0014770159337518
0xcbe37e37bb9ac19e87e6e495303fab60c3111529,STRK,-0.0120308628923555
0xcbe37e37bb9ac19e87e6e495303fab60c3111529,TIA,-0.0104313210239944
0xcbe37e37bb9ac19e87e6e495303fab60c3111529,TAO,-0.0305187330253487
0xcbe37e37bb9ac19e87e6e495303fab60c3111529,BONK,-0.038746841541658
0xcbe37e37bb9ac19e87e6e495303fab60c3111529,BLUR,-0.0356133727108558
0xcbe37e37bb9ac19e87e6e495303fab60c3111529,SEI,-0.0003804684893867
0xcbe37e37bb9ac19e87e6e495303fab60c3111529,ZK,-0.01551639852171
0xcbe37e37bb9ac19e87e6e495303fab60c3111529,PEPE,-0.0902008947076081
0xcbe37e37bb9ac19e87e6e495303fab60c3111529,BERA,-0.0127246157172134
0xcbe37e37bb9ac19e87e6e495303fab60c3111529,TURBO,-0.0346448714131545
0xcbe37e37bb9ac19e87e6e495303fab60c3111529,ORDI,-0.0063514375296047
0xcbe37e37bb9ac19e87e6e495303fab60c3111529,ZRO,-0.0564276166103107
0xcbe37e37bb9ac19e87e6e495303fab60c3111529,MNT,-0.01055389147089
0xcbe37e37bb9ac19e87e6e495303fab60c3111529,LINEA,-0.006542740242908
0xcbe37e37bb9ac19e87e6e495303fab60c3111529,PYTH,-0.0244807161506848
0xcbe37e37bb9ac19e87e6e495303fab60c3111529,MEME,-0.0215932953844818
0xcbe37e37bb9ac19e87e6e495303fab60c3111529,POL,-0.0202716491597073
0xcbe37e37bb9ac19e87e6e495303fab60c3111529,JTO,-0.0156559543241818
0xcbe37e37bb9ac19e87e6e495303fab60c3111529,WIF,-0.0773044378712123
0xcbe37e37bb9ac19e87e6e495303fab60c3111529,POPCAT,-0.0354251073585978
0xcbe37e37bb9ac19e87e6e495303fab60c3111529,NOT,-0.0104936939833125
0xcbe37e37bb9ac19e87e6e495303fab60c3111529,DYM,-0.0043808098375986
0xcbe37e37bb9ac19e87e6e495303fab60c3111529,XAI,-0.0120879211236233
0xcbe37e37bb9ac19e87e6e495303fab60c3111529,ALT,-0.0001811830351737
0xcbe37e37bb9ac19e87e6e495303fab60c3111529,JUP,-0.0151994368285744
0xcbe37e37bb9ac19e87e6e495303fab60c3111529,AERO,-0.0011853114785809
0xcbe37e37bb9ac19e87e6e495303fab60c3111529,VIRTUAL,-0.0180128647799019
0xcbe37e37bb9ac19e87e6e495303fab60c3111529,W,-0.0300416528597867
0xcbe37e37bb9ac19e87e6e495303fab60c3111529,BRETT,-0.0548907814007173
0xcbe37e37bb9ac19e87e6e495303fab60c3111529,ETHFI,-0.016778035564797
0xcbe37e37bb9ac19e87e6e495303fab60c3111529,IO,-0.0308810059645346
0xcbe37e37bb9ac19e87e6e495303fab60c3111529,BOME,-0.0734132493991386
0xcbe37e37bb9ac19e87e6e495303fab60c3111529,sENA,-0.1257766340684685
0xcbe37e37bb9ac19e87e6e495303fab60c3111529,TNSR,-0.0052362540730088
0xcbe37e37bb9ac19e87e6e495303fab60c3111529,EIGEN,-0.031249407850671
0xcbe37e37bb9ac19e87e6e495303fab60c3111529,MON,-0.0605132433966145
0xcbe37e37bb9ac19e87e6e495303fab60c3111529,MERL,-0.0049699042498388
0xcbe37e37bb9ac19e87e6e495303fab60c3111529,REZ,-0.0085004975909172
0xcbe37e37bb9ac19e87e6e495303fab60c3111529,SOPH,-0.0006634299816742
0xcbe37e37bb9ac19e87e6e495303fab60c3111529,HYPE,-0.024313505422621
0xcbe37e37bb9ac19e87e6e495303fab60c3111529,ME,-0.0087152670117456
0xcbe37e37bb9ac19e87e6e495303fab60c3111529,BABY,-0.0391722095885574
0xcbe37e37bb9ac19e87e6e495303fab60c3111529,MOVE,-0.1240181974840587
0xcbe37e37bb9ac19e87e6e495303fab60c3111529,NEIRO,-0.0588331557386803
0xcbe37e37bb9ac19e87e6e495303fab60c3111529,S,-0.0528714012049563
0xcbe37e37bb9ac19e87e6e495303fab60c3111529,GRASS,-0.0173388147700788
0xcbe37e37bb9ac19e87e6e495303fab60c3111529,SKY,-0.0147863761405938
0xcbe37e37bb9ac19e87e6e495303fab60c3111529,INIT,-0.0041850997804031
0xcbe37e37bb9ac19e87e6e495303fab60c3111529,WCT,-0.0126518102504514
0xcbe37e37bb9ac19e87e6e495303fab60c3111529,WLFI,-0.0079457779034106
0xcbe37e37bb9ac19e87e6e495303fab60c3111529,GOAT,-0.0194551730243216
0xcbe37e37bb9ac19e87e6e495303fab60c3111529,FARTCOIN,-0.012686790394488
0xcbe37e37bb9ac19e87e6e495303fab60c3111529,PNUT,-0.011230992667775
0xcbe37e37bb9ac19e87e6e495303fab60c3111529,SYRUP,-0.0061876484078488
0xcbe37e37bb9ac19e87e6e495303fab60c3111529,USUAL,-0.0417109157454708
0xcbe37e37bb9ac19e87e6e495303fab60c3111529,AIXBT,-0.0100600936670007
0xcbe37e37bb9ac19e87e6e495303fab60c3111529,MORPHO,-0.0073226133503412
0xcbe37e37bb9ac19e87e6e495303fab60c3111529,PENGU,-0.0588237722830588
0xcbe37e37bb9ac19e87e6e495303fab60c3111529,GRIFFAIN,-0.018160276563864
0xcbe37e37bb9ac19e87e6e495303fab60c3111529,BIO,-0.0359293155337739
0xcbe37e37bb9ac19e87e6e495303fab60c3111529,ANIME,-0.0053056014014606
0xcbe37e37bb9ac19e87e6e495303fab60c3111529,TRUMP,-0.0738144838849467
0xcbe37e37bb9ac19e87e6e495303fab60c3111529,MELANIA,-0.044048745201686
0xcbe37e37bb9ac19e87e6e495303fab60c3111529,VINE,-0.0190454781183117
0xcbe37e37bb9ac19e87e6e495303fab60c3111529,LAYER,-0.0277398631773474
0xcbe37e37bb9ac19e87e6e495303fab60c3111529,VVV,-0.0551502313416327
0xcbe37e37bb9ac19e87e6e495303fab60c3111529,IP,-0.0412817915085131
0xcbe37e37bb9ac19e87e6e495303fab60c3111529,NIL,-0.0241436392364047
0xcbe37e37bb9ac19e87e6e495303fab60c3111529,KAITO,-0.0558828819286984
0xcbe37e37bb9ac19e87e6e495303fab60c3111529,ZORA,-0.0539580656725642
0xcbe37e37bb9ac19e87e6e495303fab60c3111529,HYPER,0.00093096711332
0xcbe37e37bb9ac19e87e6e495303fab60c3111529,ASTER,-0.0001695146867217
0xcbe37e37bb9ac19e87e6e495303fab60c3111529,PUMP,-0.113099772217356
0xcbe37e37bb9ac19e87e6e495303fab60c3111529,XPL,-0.0412259236660197
0xcbe37e37bb9ac19e87e6e495303fab60c3111529,CC,-0.0414607344745975
0xcbe37e37bb9ac19e87e6e495303fab60c3111529,PROVE,-0.0020641642293588
0xcbe37e37bb9ac19e87e6e495303fab60c3111529,HEMI,-0.0608171814695789
0xcbe37e37bb9ac19e87e6e495303fab60c3111529,AVNT,-0.0114257342187682
0xcbe37e37bb9ac19e87e6e495303fab60c3111529,0G,-0.0128544024212428
0xcbe37e37bb9ac19e87e6e495303fab60c3111529,2Z,-0.0081752812617834
0xcbe37e37bb9ac19e87e6e495303fab60c3111529,LIT,-0.0262274136241276
0xcf28560da27700098a0efcb3f5742169948892de,BTC,-0.0111697385919118
0xcf28560da27700098a0efcb3f5742169948892de,LTC,0.0058783870928929
0xcf28560da27700098a0efcb3f5742169948892de,XRP,-0.022077079116521
0xcf28560da27700098a0efcb3f5742169948892de,DOGE,-0.0583510246309526
0xcf28560da27700098a0efcb3f5742169948892de,DASH,-0.0432468524070384
0xcf28560da27700098a0efcb3f5742169948892de,XMR,0.0208399764542458
0xcf28560da27700098a0efcb3f5742169948892de,XLM,-0.0318008738497545
0xcf28560da27700098a0efcb3f5742169948892de,ETH,-0.0263249731598641
0xcf28560da27700098a0efcb3f5742169948892de,ETC,-0.0386230086083836
0xcf28560da27700098a0efcb3f5742169948892de,ZEC,-0.0364839616378371
0xcf28560da27700098a0efcb3f5742169948892de,ZEN,-0.0392560225968798
0xcf28560da27700098a0efcb3f5742169948892de,IOTA,-0.0644096123791964
0xcf28560da27700098a0efcb3f5742169948892de,BCH,-0.0360820006438021
0xcf28560da27700098a0efcb3f5742169948892de,BNB,-0.0103572303537458
0xcf28560da27700098a0efcb3f5742169948892de,TRX,-0.0031033320451729
0xcf28560da27700098a0efcb3f5742169948892de,LINK,-0.0177883980850731
0xcf28560da27700098a0efcb3f5742169948892de,ADA,-0.0370734298825002
0xcf28560da27700098a0efcb3f5742169948892de,FIL,-0.0236110438302254
0xcf28560da27700098a0efcb3f5742169948892de,SNX,-0.0275295780624196
0xcf28560da27700098a0efcb3f5742169948892de,BSV,-0.0042774991248281
0xcf28560da27700098a0efcb3f5742169948892de,FET,-0.0271216082321186
0xcf28560da27700098a0efcb3f5742169948892de,ATOM,-0.0287264706337409
0xcf28560da27700098a0efcb3f5742169948892de,RSR,-0.0216685111404903
0xcf28560da27700098a0efcb3f5742169948892de,ALGO,-0.0627168667528251
0xcf28560da27700098a0efcb3f5742169948892de,RUNE,-0.0327376205750471
0xcf28560da27700098a0efcb3f5742169948892de,LUNC,-0.0232867688592836
0xcf28560da27700098a0efcb3f5742169948892de,HBAR,-0.0378833809334427
0xcf28560da27700098a0efcb3f5742169948892de,PAXG,-0.0096578263139549
0xcf28560da27700098a0efcb3f5742169948892de,STX,-0.0783183577612491
0xcf28560da27700098a0efcb3f5742169948892de,TRB,-0.0213756441527321
0xcf28560da27700098a0efcb3f5742169948892de,SOL,0.0037118927428426
0xcf28560da27700098a0efcb3f5742169948892de,CELO,-0.0300076605796919
0xcf28560da27700098a0efcb3f5742169948892de,UMA,-0.0528612864646569
0xcf28560da27700098a0efcb3f5742169948892de,AR,-0.0362743134211815
0xcf28560da27700098a0efcb3f5742169948892de,RENDER,-0.0363551597168795
0xcf28560da27700098a0efcb3f5742169948892de,COMP,-0.0436211624854976
0xcf28560da27700098a0efcb3f5742169948892de,AVAX,-0.0423357188872321
0xcf28560da27700098a0efcb3f5742169948892de,SHIB,-0.0423503617234895
0xcf28560da27700098a0efcb3f5742169948892de,SAND,-0.03983072126536
0xcf28560da27700098a0efcb3f5742169948892de,NEAR,-0.039160033186065
0xcf28560da27700098a0efcb3f5742169948892de,CRV,-0.0073274501523929
0xcf28560da27700098a0efcb3f5742169948892de,DOT,-0.0122537907167372
0xcf28560da27700098a0efcb3f5742169948892de,SUSHI,-0.0220984035905585
0xcf28560da27700098a0efcb3f5742169948892de,AXS,-0.0170556497675778
0xcf28560da27700098a0efcb3f5742169948892de,GALA,-0.0480751997461984
0xcf28560da27700098a0efcb3f5742169948892de,UNI,-0.0623600737762809
0xcf28560da27700098a0efcb3f5742169948892de,CAKE,-0.019457385129246
0xcf28560da27700098a0efcb3f5742169948892de,INJ,-0.0524237292715841
0xcf28560da27700098a0efcb3f5742169948892de,AAVE,-0.052173513306656
0xcf28560da27700098a0efcb3f5742169948892de,CFX,-0.0342019566811247
0xcf28560da27700098a0efcb3f5742169948892de,LDO,-0.0272335354605846
0xcf28560da27700098a0efcb3f5742169948892de,MINA,-0.025758869488038
0xcf28560da27700098a0efcb3f5742169948892de,ICP,0.00008138558680076524
0xcf28560da27700098a0efcb3f5742169948892de,PENDLE,-0.0570210330034415
0xcf28560da27700098a0efcb3f5742169948892de,IMX,-0.0276960684413131
0xcf28560da27700098a0efcb3f5742169948892de,FLOKI,-0.0292212064705397
0xcf28560da27700098a0efcb3f5742169948892de,OP,-0.0068502741912082
0xcf28560da27700098a0efcb3f5742169948892de,ARB,-0.0476487421299787
0xcf28560da27700098a0efcb3f5742169948892de,GMX,-0.0331256367362075
0xcf28560da27700098a0efcb3f5742169948892de,WLD,-0.0364403947698766
0xcf28560da27700098a0efcb3f5742169948892de,MANTA,-0.032898223772311
0xcf28560da27700098a0efcb3f5742169948892de,ENS,-0.0236271597017781
0xcf28560da27700098a0efcb3f5742169948892de,PEOPLE,-0.06060057071045
0xcf28560da27700098a0efcb3f5742169948892de,GMT,-0.0432788283045818
0xcf28560da27700098a0efcb3f5742169948892de,APE,-0.013828805853369
0xcf28560da27700098a0efcb3f5742169948892de,APEX,-0.066156058272014
0xcf28560da27700098a0efcb3f5742169948892de,KAS,-0.0165566348408705
0xcf28560da27700098a0efcb3f5742169948892de,SUI,-0.0372308422258561
0xcf28560da27700098a0efcb3f5742169948892de,ONDO,-0.0415139492398994
0xcf28560da27700098a0efcb3f5742169948892de,ZETA,-0.0313450338219011
0xcf28560da27700098a0efcb3f5742169948892de,APT,-0.0417411296274825
0xcf28560da27700098a0efcb3f5742169948892de,STRK,-0.0228742802624682
0xcf28560da27700098a0efcb3f5742169948892de,TIA,-0.0296392788284797
0xcf28560da27700098a0efcb3f5742169948892de,TAO,-0.0303414303428921
0xcf28560da27700098a0efcb3f5742169948892de,BONK,-0.0307047111643024
0xcf28560da27700098a0efcb3f5742169948892de,BLUR,-0.0422693804760493
0xcf28560da27700098a0efcb3f5742169948892de,SEI,-0.0200616193005363
0xcf28560da27700098a0efcb3f5742169948892de,ZK,-0.0180691173676855
0xcf28560da27700098a0efcb3f5742169948892de,PEPE,-0.0462945042233118
0xcf28560da27700098a0efcb3f5742169948892de,BERA,-0.0358420548001141
0xcf28560da27700098a0efcb3f5742169948892de,TURBO,-0.0406400084372958
0xcf28560da27700098a0efcb3f5742169948892de,ORDI,-0.0248700157906599
0xcf28560da27700098a0efcb3f5742169948892de,ZRO,-0.0245581897659617
0xcf28560da27700098a0efcb3f5742169948892de,MNT,-0.0178356305121559
0xcf28560da27700098a0efcb3f5742169948892de,LINEA,-0.0239268316163516
0xcf28560da27700098a0efcb3f5742169948892de,PYTH,-0.0346898721483976
0xcf28560da27700098a0efcb3f5742169948892de,MEME,-0.0706241752476663
0xcf28560da27700098a0efcb3f5742169948892de,POL,-0.0482612519361635
0xcf28560da27700098a0efcb3f5742169948892de,JTO,-0.0308426094868752
0xcf28560da27700098a0efcb3f5742169948892de,WIF,0.002603615095949
0xcf28560da27700098a0efcb3f5742169948892de,POPCAT,-0.0345923132606491
0xcf28560da27700098a0efcb3f5742169948892de,NOT,-0.0150850988755809
0xcf28560da27700098a0efcb3f5742169948892de,DYM,-0.0257301024996663
0xcf28560da27700098a0efcb3f5742169948892de,XAI,-0.0324053594193524
0xcf28560da27700098a0efcb3f5742169948892de,ALT,-0.0265063498178022
0xcf28560da27700098a0efcb3f5742169948892de,JUP,-0.0214554542814572
0xcf28560da27700098a0efcb3f5742169948892de,AERO,-0.0162681121520127
0xcf28560da27700098a0efcb3f5742169948892de,VIRTUAL,-0.023717654672791
0xcf28560da27700098a0efcb3f5742169948892de,W,-0.0416586133552296
0xcf28560da27700098a0efcb3f5742169948892de,BRETT,-0.0764243672125412
0xcf28560da27700098a0efcb3f5742169948892de,ETHFI,-0.0069969456717533
0xcf28560da27700098a0efcb3f5742169948892de,IO,-0.0635247007059432
0xcf28560da27700098a0efcb3f5742169948892de,BOME,-0.0578408669611859
0xcf28560da27700098a0efcb3f5742169948892de,sENA,-0.0840788443584043
0xcf28560da27700098a0efcb3f5742169948892de,TNSR,-0.0317517054147105
0xcf28560da27700098a0efcb3f5742169948892de,EIGEN,-0.0301290930024567
0xcf28560da27700098a0efcb3f5742169948892de,MON,-0.0354421308690174
0xcf28560da27700098a0efcb3f5742169948892de,MERL,-0.0249079400873849
0xcf28560da27700098a0efcb3f5742169948892de,REZ,-0.0187891410863335
0xcf28560da27700098a0efcb3f5742169948892de,SOPH,-0.0270179694856523
0xcf28560da27700098a0efcb3f5742169948892de,HYPE,-0.0578965231763505
0xcf28560da27700098a0efcb3f5742169948892de,ME,-0.026112065602894
0xcf28560da27700098a0efcb3f5742169948892de,BABY,-0.044107770478914
0xcf28560da27700098a0efcb3f5742169948892de,MOVE,-0.1429112754026635
0xcf28560da27700098a0efcb3f5742169948892de,NEIRO,-0.0780188917197984
0xcf28560da27700098a0efcb3f5742169948892de,S,-0.0548070019442822
0xcf28560da27700098a0efcb3f5742169948892de,GRASS,-0.0549254248955853
0xcf28560da27700098a0efcb3f5742169948892de,SKY,-0.0370106797316554
0xcf28560da27700098a0efcb3f5742169948892de,INIT,-0.0215431114211531
0xcf28560da27700098a0efcb3f5742169948892de,WCT,-0.0372639549528123
0xcf28560da27700098a0efcb3f5742169948892de,WLFI,-0.0410458351193668
0xcf28560da27700098a0efcb3f5742169948892de,GOAT,-0.0640651238074499
0xcf28560da27700098a0efcb3f5742169948892de,FARTCOIN,-0.0026991972359884
0xcf28560da27700098a0efcb3f5742169948892de,PNUT,-0.0262823731929642
0xcf28560da27700098a0efcb3f5742169948892de,SYRUP,-0.0413771566702038
0xcf28560da27700098a0efcb3f5742169948892de,USUAL,-0.0175005702351261
0xcf28560da27700098a0efcb3f5742169948892de,AIXBT,-0.0313304093470623
0xcf28560da27700098a0efcb3f5742169948892de,MORPHO,-0.0094178101825244
0xcf28560da27700098a0efcb3f5742169948892de,PENGU,-0.0617368173626738
0xcf28560da27700098a0efcb3f5742169948892de,GRIFFAIN,-0.0076153758162543
0xcf28560da27700098a0efcb3f5742169948892de,BIO,-0.0093264357282934
0xcf28560da27700098a0efcb3f5742169948892de,ANIME,-0.0284085635201541
0xcf28560da27700098a0efcb3f5742169948892de,TRUMP,-0.0193287669355082
0xcf28560da27700098a0efcb3f5742169948892de,MELANIA,-0.0399821838310182
0xcf28560da27700098a0efcb3f5742169948892de,VINE,0.00000815828495202745
0xcf28560da27700098a0efcb3f5742169948892de,LAYER,-0.0613527116086191
0xcf28560da27700098a0efcb3f5742169948892de,VVV,-0.0131062554236579
0xcf28560da27700098a0efcb3f5742169948892de,IP,0.0179160772260644
0xcf28560da27700098a0efcb3f5742169948892de,NIL,-0.036924270822059
0xcf28560da27700098a0efcb3f5742169948892de,KAITO,-0.0749032259812283
0xcf28560da27700098a0efcb3f5742169948892de,ZORA,-0.030246609898993
0xcf28560da27700098a0efcb3f5742169948892de,HYPER,-0.0371846737431403
0xcf28560da27700098a0efcb3f5742169948892de,ASTER,-0.032036619734923
0xcf28560da27700098a0efcb3f5742169948892de,PUMP,-0.0399915697657139
0xcf28560da27700098a0efcb3f5742169948892de,XPL,-0.0491879965649949
0xcf28560da27700098a0efcb3f5742169948892de,CC,-0.0816052074583037
0xcf28560da27700098a0efcb3f5742169948892de,PROVE,-0.0421399241930596
0xcf28560da27700098a0efcb3f5742169948892de,HEMI,-0.04410176165363
0xcf28560da27700098a0efcb3f5742169948892de,AVNT,-0.0264918995629514
0xcf28560da27700098a0efcb3f5742169948892de,0G,-0.0505620728967302
0xcf28560da27700098a0efcb3f5742169948892de,2Z,-0.0304429284987519
0xcf28560da27700098a0efcb3f5742169948892de,LIT,0.0412601378013455
0xe14867e41410bd7232a52b9400476c08b4e535b3,BTC,0.008830037
0xe14867e41410bd7232a52b9400476c08b4e535b3,LTC,0.0043117898
0xe14867e41410bd7232a52b9400476c08b4e535b3,XRP,-0.0036753363
0xe14867e41410bd7232a52b9400476c08b4e535b3,DOGE,-0.011631146
0xe14867e41410bd7232a52b9400476c08b4e535b3,DASH,-0.025810577
0xe14867e41410bd7232a52b9400476c08b4e535b3,XMR,0.0039295494
0xe14867e41410bd7232a52b9400476c08b4e535b3,XLM,-0.005237287
0xe14867e41410bd7232a52b9400476c08b4e535b3,ETH,-0.013886229
0xe14867e41410bd7232a52b9400476c08b4e535b3,ETC,-0.017351368
0xe14867e41410bd7232a52b9400476c08b4e535b3,ZEC,-0.006620112
0xe14867e41410bd7232a52b9400476c08b4e535b3,ZEN,-0.019837622
0xe14867e41410bd7232a52b9400476c08b4e535b3,IOTA,-0.023808282
0xe14867e41410bd7232a52b9400476c08b4e535b3,BCH,0.00051004085
0xe14867e41410bd7232a52b9400476c08b4e535b3,BNB,0.0021324225
0xe14867e41410bd7232a52b9400476c08b4e535b3,TRX,0.00004343301
0xe14867e41410bd7232a52b9400476c08b4e535b3,LINK,0.000090653775
0xe14867e41410bd7232a52b9400476c08b4e535b3,ADA,-0.004542173
0xe14867e41410bd7232a52b9400476c08b4e535b3,FIL,0.0064530876
0xe14867e41410bd7232a52b9400476c08b4e535b3,SNX,0.00005854577
0xe14867e41410bd7232a52b9400476c08b4e535b3,BSV,0.0087769665
0xe14867e41410bd7232a52b9400476c08b4e535b3,FET,-0.005721726
0xe14867e41410bd7232a52b9400476c08b4e535b3,ATOM,0.00925635
0xe14867e41410bd7232a52b9400476c08b4e535b3,RSR,-0.03410525
0xe14867e41410bd7232a52b9400476c08b4e535b3,ALGO,-0.014820152
0xe14867e41410bd7232a52b9400476c08b4e535b3,RUNE,-0.0032269051
0xe14867e41410bd7232a52b9400476c08b4e535b3,LUNC,-0.0025335776
0xe14867e41410bd7232a52b9400476c08b4e535b3,HBAR,0.0006556762
0xe14867e41410bd7232a52b9400476c08b4e535b3,PAXG,0.008948821
0xe14867e41410bd7232a52b9400476c08b4e535b3,STX,-0.023734361
0xe14867e41410bd7232a52b9400476c08b4e535b3,TRB,-0.0063271117
0xe14867e41410bd7232a52b9400476c08b4e535b3,SOL,-0.01162571
0xe14867e41410bd7232a52b9400476c08b4e535b3,CELO,-0.01063484
0xe14867e41410bd7232a52b9400476c08b4e535b3,UMA,-0.011411126
0xe14867e41410bd7232a52b9400476c08b4e535b3,AR,-0.009051774
0xe14867e41410bd7232a52b9400476c08b4e535b3,RENDER,0.0033487512
0xe14867e41410bd7232a52b9400476c08b4e535b3,COMP,-0.0075496063
0xe14867e41410bd7232a52b9400476c08b4e535b3,AVAX,-0.005267973
0xe14867e41410bd7232a52b9400476c08b4e535b3,SHIB,-0.00833874
0xe14867e41410bd7232a52b9400476c08b4e535b3,SAND,-0.012024724
0xe14867e41410bd7232a52b9400476c08b4e535b3,NEAR,-0.002427828
0xe14867e41410bd7232a52b9400476c08b4e535b3,CRV,-0.021123437
0xe14867e41410bd7232a52b9400476c08b4e535b3,DOT,0.0009466161
0xe14867e41410bd7232a52b9400476c08b4e535b3,SUSHI,-0.007769539
0xe14867e41410bd7232a52b9400476c08b4e535b3,AXS,0.00055436546
0xe14867e41410bd7232a52b9400476c08b4e535b3,GALA,-0.033953138
0xe14867e41410bd7232a52b9400476c08b4e535b3,UNI,0.0053618997
0xe14867e41410bd7232a52b9400476c08b4e535b3,CAKE,-0.0019259581
0xe14867e41410bd7232a52b9400476c08b4e535b3,INJ,-0.034261394
0xe14867e41410bd7232a52b9400476c08b4e535b3,AAVE,-0.009839893
0xe14867e41410bd7232a52b9400476c08b4e535b3,CFX,-0.004580968
0xe14867e41410bd7232a52b9400476c08b4e535b3,LDO,-0.007629116
0xe14867e41410bd7232a52b9400476c08b4e535b3,MINA,-0.011166781
0xe14867e41410bd7232a52b9400476c08b4e535b3,ICP,-0.0031251593
0xe14867e41410bd7232a52b9400476c08b4e535b3,PENDLE,-0.01874714
0xe14867e41410bd7232a52b9400476c08b4e535b3,IMX,-0.011826977
0xe14867e41410bd7232a52b9400476c08b4e535b3,FLOKI,-0.00947777
0xe14867e41410bd7232a52b9400476c08b4e535b3,OP,-0.017935494
0xe14867e41410bd7232a52b9400476c08b4e535b3,ARB,-0.01573296
0xe14867e41410bd7232a52b9400476c08b4e535b3,GMX,-0.0051532947
0xe14867e41410bd7232a52b9400476c08b4e535b3,WLD,-0.012269309
0xe14867e41410bd7232a52b9400476c08b4e535b3,MANTA,0.0018298
0xe14867e41410bd7232a52b9400476c08b4e535b3,ENS,-0.011302767
0xe14867e41410bd7232a52b9400476c08b4e535b3,PEOPLE,-0.015403132
0xe14867e41410bd7232a52b9400476c08b4e535b3,GMT,-0.00621088
0xe14867e41410bd7232a52b9400476c08b4e535b3,APE,0.004535797
0xe14867e41410bd7232a52b9400476c08b4e535b3,APEX,-0.026131568
0xe14867e41410bd7232a52b9400476c08b4e535b3,KAS,-0.00008033409
0xe14867e41410bd7232a52b9400476c08b4e535b3,SUI,-0.03535173
0xe14867e41410bd7232a52b9400476c08b4e535b3,ONDO,-0.0064352397
0xe14867e41410bd7232a52b9400476c08b4e535b3,ZETA,-0.003360505
0xe14867e41410bd7232a52b9400476c08b4e535b3,APT,-0.0004425853
0xe14867e41410bd7232a52b9400476c08b4e535b3,STRK,-0.0045646885
0xe14867e41410bd7232a52b9400476c08b4e535b3,TIA,-0.0034608708
0xe14867e41410bd7232a52b9400476c08b4e535b3,TAO,-0.01808548
0xe14867e41410bd7232a52b9400476c08b4e535b3,BONK,-0.0031562007
0xe14867e41410bd7232a52b9400476c08b4e535b3,BLUR,-0.00400106
0xe14867e41410bd7232a52b9400476c08b4e535b3,SEI,0.0009564022
0xe14867e41410bd7232a52b9400476c08b4e535b3,ZK,-0.009770751
0xe14867e41410bd7232a52b9400476c08b4e535b3,PEPE,-0.019560585
0xe14867e41410bd7232a52b9400476c08b4e535b3,BERA,-0.0005911116
0xe14867e41410bd7232a52b9400476c08b4e535b3,TURBO,-0.011331509
0xe14867e41410bd7232a52b9400476c08b4e535b3,ORDI,-0.00068011123
0xe14867e41410bd7232a52b9400476c08b4e535b3,ZRO,-0.014012672
0xe14867e41410bd7232a52b9400476c08b4e535b3,MNT,-0.00012528397
0xe14867e41410bd7232a52b9400476c08b4e535b3,LINEA,-0.0023644145
0xe14867e41410bd7232a52b9400476c08b4e535b3,PYTH,-0.006622406
0xe14867e41410bd7232a52b9400476c08b4e535b3,MEME,-0.010477907
0xe14867e41410bd7232a52b9400476c08b4e535b3,POL,-0.005912343
0xe14867e41410bd7232a52b9400476c08b4e535b3,JTO,0.000010798168
0xe14867e41410bd7232a52b9400476c08b4e535b3,WIF,-0.030367805
0xe14867e41410bd7232a52b9400476c08b4e535b3,POPCAT,-0.008328055
0xe14867e41410bd7232a52b9400476c08b4e535b3,NOT,0.004969595
0xe14867e41410bd7232a52b9400476c08b4e535b3,DYM,-0.0022082855
0xe14867e41410bd7232a52b9400476c08b4e535b3,XAI,-0.0024025724
0xe14867e41410bd7232a52b9400476c08b4e535b3,ALT,-0.009129389
0xe14867e41410bd7232a52b9400476c08b4e535b3,JUP,-0.007900831
0xe14867e41410bd7232a52b9400476c08b4e535b3,AERO,0.002864706
0xe14867e41410bd7232a52b9400476c08b4e535b3,VIRTUAL,-0.028959408
0xe14867e41410bd7232a52b9400476c08b4e535b3,W,-0.0038381114
0xe14867e41410bd7232a52b9400476c08b4e535b3,BRETT,-0.044191234
0xe14867e41410bd7232a52b9400476c08b4e535b3,ETHFI,-0.005612805
0xe14867e41410bd7232a52b9400476c08b4e535b3,IO,-0.0070106992
0xe14867e41410bd7232a52b9400476c08b4e535b3,BOME,-0.017404983
0xe14867e41410bd7232a52b9400476c08b4e535b3,sENA,-0.06628827
0xe14867e41410bd7232a52b9400476c08b4e535b3,TNSR,-0.004699977
0xe14867e41410bd7232a52b9400476c08b4e535b3,EIGEN,-0.012359187
0xe14867e41410bd7232a52b9400476c08b4e535b3,MON,-0.017136592
0xe14867e41410bd7232a52b9400476c08b4e535b3,MERL,0.00057621987
0xe14867e41410bd7232a52b9400476c08b4e535b3,REZ,-0.006474587
0xe14867e41410bd7232a52b9400476c08b4e535b3,SOPH,-0.0012818029
0xe14867e41410bd7232a52b9400476c08b4e535b3,HYPE,-0.018739695
0xe14867e41410bd7232a52b9400476c08b4e535b3,ME,-0.0033341078
0xe14867e41410bd7232a52b9400476c08b4e535b3,BABY,-0.018938858
0xe14867e41410bd7232a52b9400476c08b4e535b3,MOVE,-0.03435239
0xe14867e41410bd7232a52b9400476c08b4e535b3,NEIRO,-0.021999951
0xe14867e41410bd7232a52b9400476c08b4e535b3,S,-0.030219588
0xe14867e41410bd7232a52b9400476c08b4e535b3,GRASS,0.0009088275
0xe14867e41410bd7232a52b9400476c08b4e535b3,SKY,-0.010002362
0xe14867e41410bd7232a52b9400476c08b4e535b3,INIT,0.0002194905
0xe14867e41410bd7232a52b9400476c08b4e535b3,WCT,-0.007754018
0xe14867e41410bd7232a52b9400476c08b4e535b3,WLFI,-0.004546475
0xe14867e41410bd7232a52b9400476c08b4e535b3,GOAT,-0.010863963
0xe14867e41410bd7232a52b9400476c08b4e535b3,FARTCOIN,0.009397367
0xe14867e41410bd7232a52b9400476c08b4e535b3,PNUT,-0.00028644974
0xe14867e41410bd7232a52b9400476c08b4e535b3,SYRUP,-0.012298095
0xe14867e41410bd7232a52b9400476c08b4e535b3,USUAL,-0.012153697
0xe14867e41410bd7232a52b9400476c08b4e535b3,AIXBT,-0.0056230426
0xe14867e41410bd7232a52b9400476c08b4e535b3,MORPHO,0.025606958
0xe14867e41410bd7232a52b9400476c08b4e535b3,PENGU,-0.023709763
0xe14867e41410bd7232a52b9400476c08b4e535b3,GRIFFAIN,-0.021946482
0xe14867e41410bd7232a52b9400476c08b4e535b3,BIO,-0.014143957
0xe14867e41410bd7232a52b9400476c08b4e535b3,ANIME,0.007064451
0xe14867e41410bd7232a52b9400476c08b4e535b3,TRUMP,0.008729937
0xe14867e41410bd7232a52b9400476c08b4e535b3,MELANIA,-0.0208775
0xe14867e41410bd7232a52b9400476c08b4e535b3,VINE,-0.00001865165
0xe14867e41410bd7232a52b9400476c08b4e535b3,LAYER,-0.026029477
0xe14867e41410bd7232a52b9400476c08b4e535b3,VVV,-0.018768257
0xe14867e41410bd7232a52b9400476c08b4e535b3,IP,0.005778274
0xe14867e41410bd7232a52b9400476c08b4e535b3,NIL,-0.006424711
0xe14867e41410bd7232a52b9400476c08b4e535b3,KAITO,-0.09749422
0xe14867e41410bd7232a52b9400476c08b4e535b3,ZORA,-0.032281052
0xe14867e41410bd7232a52b9400476c08b4e535b3,HYPER,0.0012087933
0xe14867e41410bd7232a52b9400476c08b4e535b3,ASTER,0.0024683038
0xe14867e41410bd7232a52b9400476c08b4e535b3,PUMP,0.0017370281
0xe14867e41410bd7232a52b9400476c08b4e535b3,XPL,-0.0043655206
0xe14867e41410bd7232a52b9400476c08b4e535b3,CC,-0.02713863
0xe14867e41410bd7232a52b9400476c08b4e535b3,PROVE,-0.026195284
0xe14867e41410bd7232a52b9400476c08b4e535b3,HEMI,-0.052237708
0xe14867e41410bd7232a52b9400476c08b4e535b3,AVNT,-0.012250245
0xe14867e41410bd7232a52b9400476c08b4e535b3,0G,-0.00081985974
0xe14867e41410bd7232a52b9400476c08b4e535b3,2Z,-0.0043604895
0xe14867e41410bd7232a52b9400476c08b4e535b3,LIT,0.022682425
0xeba5ba85f72e40a9f2b8782c2bd51ec31a5564da,BTC,0.0034014352
0xeba5ba85f72e40a9f2b8782c2bd51ec31a5564da,LTC,0.0028298167
0xeba5ba85f72e40a9f2b8782c2bd51ec31a5564da,XRP,-0.02618262
0xeba5ba85f72e40a9f2b8782c2bd51ec31a5564da,DOGE,-0.019857991
0xeba5ba85f72e40a9f2b8782c2bd51ec31a5564da,DASH,-0.019223403
0xeba5ba85f72e40a9f2b8782c2bd51ec31a5564da,XMR,-0.003599844
0xeba5ba85f72e40a9f2b8782c2bd51ec31a5564da,XLM,-0.0035047738
0xeba5ba85f72e40a9f2b8782c2bd51ec31a5564da,ETH,-0.011211977
0xeba5ba85f72e40a9f2b8782c2bd51ec31a5564da,ETC,-0.007913203
0xeba5ba85f72e40a9f2b8782c2bd51ec31a5564da,ZEC,-0.0011627773
0xeba5ba85f72e40a9f2b8782c2bd51ec31a5564da,ZEN,-0.017481372
0xeba5ba85f72e40a9f2b8782c2bd51ec31a5564da,IOTA,-0.017165951
0xeba5ba85f72e40a9f2b8782c2bd51ec31a5564da,BCH,0.0026076292
0xeba5ba85f72e40a9f2b8782c2bd51ec31a5564da,BNB,0.00096635235
0xeba5ba85f72e40a9f2b8782c2bd51ec31a5564da,TRX,-0.002356447
0xeba5ba85f72e40a9f2b8782c2bd51ec31a5564da,LINK,-0.00030188102
0xeba5ba85f72e40a9f2b8782c2bd51ec31a5564da,ADA,-0.006759784
0xeba5ba85f72e40a9f2b8782c2bd51ec31a5564da,FIL,0.0049846508
0xeba5ba85f72e40a9f2b8782c2bd51ec31a5564da,SNX,0.0013754138
0xeba5ba85f72e40a9f2b8782c2bd51ec31a5564da,BSV,0.0094559025
0xeba5ba85f72e40a9f2b8782c2bd51ec31a5564da,FET,-0.005366095
0xeba5ba85f72e40a9f2b8782c2bd51ec31a5564da,ATOM,0.009161772
0xeba5ba85f72e40a9f2b8782c2bd51ec31a5564da,RSR,-0.028092248
0xeba5ba85f72e40a9f2b8782c2bd51ec31a5564da,ALGO,-0.012381321
0xeba5ba85f72e40a9f2b8782c2bd51ec31a5564da,RUNE,-0.0023559418
0xeba5ba85f72e40a9f2b8782c2bd51ec31a5564da,LUNC,-0.00019174522
0xeba5ba85f72e40a9f2b8782c2bd51ec31a5564da,HBAR,0.0032545587
0xeba5ba85f72e40a9f2b8782c2bd51ec31a5564da,PAXG,0.008016907
0xeba5ba85f72e40a9f2b8782c2bd51ec31a5564da,STX,-0.044906948
0xeba5ba85f72e40a9f2b8782c2bd51ec31a5564da,TRB,-0.0016168486
0xeba5ba85f72e40a9f2b8782c2bd51ec31a5564da,SOL,-0.00043486225
0xeba5ba85f72e40a9f2b8782c2bd51ec31a5564da,CELO,-0.0055804434
0xeba5ba85f72e40a9f2b8782c2bd51ec31a5564da,UMA,-0.0044996594
0xeba5ba85f72e40a9f2b8782c2bd51ec31a5564da,AR,-0.0035011682
0xeba5ba85f72e40a9f2b8782c2bd51ec31a5564da,RENDER,0.004000789
0xeba5ba85f72e40a9f2b8782c2bd51ec31a5564da,COMP,-0.00030497645
0xeba5ba85f72e40a9f2b8782c2bd51ec31a5564da,AVAX,-0.0024578876
0xeba5ba85f72e40a9f2b8782c2bd51ec31a5564da,SHIB,-0.008128089
0xeba5ba85f72e40a9f2b8782c2bd51ec31a5564da,SAND,-0.0044583674
0xeba5ba85f72e40a9f2b8782c2bd51ec31a5564da,NEAR,-0.00048698843
0xeba5ba85f72e40a9f2b8782c2bd51ec31a5564da,CRV,-0.012233572
0xeba5ba85f72e40a9f2b8782c2bd51ec31a5564da,DOT,0.000679861
0xeba5ba85f72e40a9f2b8782c2bd51ec31a5564da,SUSHI,-0.0033410473
0xeba5ba85f72e40a9f2b8782c2bd51ec31a5564da,AXS,0.002317059
0xeba5ba85f72e40a9f2b8782c2bd51ec31a5564da,GALA,-0.024033366
0xeba5ba85f72e40a9f2b8782c2bd51ec31a5564da,UNI,0.00045332473
0xeba5ba85f72e40a9f2b8782c2bd51ec31a5564da,CAKE,-0.00077175436
0xeba5ba85f72e40a9f2b8782c2bd51ec31a5564da,INJ,-0.026082586
0xeba5ba85f72e40a9f2b8782c2bd51ec31a5564da,AAVE,-0.0037272873
0xeba5ba85f72e40a9f2b8782c2bd51ec31a5564da,CFX,-0.0013538363
0xeba5ba85f72e40a9f2b8782c2bd51ec31a5564da,LDO,-0.004050001
0xeba5ba85f72e40a9f2b8782c2bd51ec31a5564da,MINA,-0.008182981
0xeba5ba85f72e40a9f2b8782c2bd51ec31a5564da,ICP,0.00023897433
0xeba5ba85f72e40a9f2b8782c2bd51ec31a5564da,PENDLE,-0.011338852
0xeba5ba85f72e40a9f2b8782c2bd51ec31a5564da,IMX,-0.008161193
0xeba5ba85f72e40a9f2b8782c2bd51ec31a5564da,FLOKI,-0.0068464885
0xeba5ba85f72e40a9f2b8782c2bd51ec31a5564da,OP,-0.03034619
0xeba5ba85f72e40a9f2b8782c2bd51ec31a5564da,ARB,-0.010652067
0xeba5ba85f72e40a9f2b8782c2bd51ec31a5564da,GMX,-0.0016323199
0xeba5ba85f72e40a9f2b8782c2bd51ec31a5564da,WLD,-0.009624941
0xeba5ba85f72e40a9f2b8782c2bd51ec31a5564da,MANTA,0.0011003484
0xeba5ba85f72e40a9f2b8782c2bd51ec31a5564da,ENS,-0.0036435062
0xeba5ba85f72e40a9f2b8782c2bd51ec31a5564da,PEOPLE,-0.012811844
0xeba5ba85f72e40a9f2b8782c2bd51ec31a5564da,GMT,-0.009591365
0xeba5ba85f72e40a9f2b8782c2bd51ec31a5564da,APE,0.01335058
0xeba5ba85f72e40a9f2b8782c2bd51ec31a5564da,APEX,-0.028888779
0xeba5ba85f72e40a9f2b8782c2bd51ec31a5564da,KAS,0.00076244696
0xeba5ba85f72e40a9f2b8782c2bd51ec31a5564da,SUI,-0.025079442
0xeba5ba85f72e40a9f2b8782c2bd51ec31a5564da,ONDO,-0.003592647
0xeba5ba85f72e40a9f2b8782c2bd51ec31a5564da,ZETA,-0.00079746894
0xeba5ba85f72e40a9f2b8782c2bd51ec31a5564da,APT,0.00057366455
0xeba5ba85f72e40a9f2b8782c2bd51ec31a5564da,STRK,-0.007535018
0xeba5ba85f72e40a9f2b8782c2bd51ec31a5564da,TIA,-0.00025604616
0xeba5ba85f72e40a9f2b8782c2bd51ec31a5564da,TAO,-0.020194037
0xeba5ba85f72e40a9f2b8782c2bd51ec31a5564da,BONK,-0.0003733228
0xeba5ba85f72e40a9f2b8782c2bd51ec31a5564da,BLUR,-0.00071435655
0xeba5ba85f72e40a9f2b8782c2bd51ec31a5564da,SEI,0.004517922
0xeba5ba85f72e40a9f2b8782c2bd51ec31a5564da,ZK,-0.0044320794
0xeba5ba85f72e40a9f2b8782c2bd51ec31a5564da,PEPE,-0.036449086
0xeba5ba85f72e40a9f2b8782c2bd51ec31a5564da,BERA,-0.001221372
0xeba5ba85f72e40a9f2b8782c2bd51ec31a5564da,TURBO,-0.012165169
0xeba5ba85f72e40a9f2b8782c2bd51ec31a5564da,ORDI,-0.000008411268
0xeba5ba85f72e40a9f2b8782c2bd51ec31a5564da,ZRO,-0.012895228
0xeba5ba85f72e40a9f2b8782c2bd51ec31a5564da,MNT,-0.000096931995
0xeba5ba85f72e40a9f2b8782c2bd51ec31a5564da,LINEA,-0.0000291253
0xeba5ba85f72e40a9f2b8782c2bd51ec31a5564da,PYTH,-0.00053843175
0xeba5ba85f72e40a9f2b8782c2bd51ec31a5564da,MEME,-0.011842022
0xeba5ba85f72e40a9f2b8782c2bd51ec31a5564da,POL,-0.0074713454
0xeba5ba85f72e40a9f2b8782c2bd51ec31a5564da,JTO,0.00003473547
0xeba5ba85f72e40a9f2b8782c2bd51ec31a5564da,WIF,-0.025181241
0xeba5ba85f72e40a9f2b8782c2bd51ec31a5564da,POPCAT,-0.0035333342
0xeba5ba85f72e40a9f2b8782c2bd51ec31a5564da,NOT,0.0055550453
0xeba5ba85f72e40a9f2b8782c2bd51ec31a5564da,DYM,0.00007480102
0xeba5ba85f72e40a9f2b8782c2bd51ec31a5564da,XAI,-0.0004199753
0xeba5ba85f72e40a9f2b8782c2bd51ec31a5564da,ALT,-0.00016360883
0xeba5ba85f72e40a9f2b8782c2bd51ec31a5564da,JUP,-0.0056916284
0xeba5ba85f72e40a9f2b8782c2bd51ec31a5564da,AERO,0.0011016092
0xeba5ba85f72e40a9f2b8782c2bd51ec31a5564da,VIRTUAL,-0.017297119
0xeba5ba85f72e40a9f2b8782c2bd51ec31a5564da,W,-0.0063840025
0xeba5ba85f72e40a9f2b8782c2bd51ec31a5564da,BRETT,-0.03951964
0xeba5ba85f72e40a9f2b8782c2bd51ec31a5564da,ETHFI,-0.0056861797
0xeba5ba85f72e40a9f2b8782c2bd51ec31a5564da,IO,-0.0063909395
0xeba5ba85f72e40a9f2b8782c2bd51ec31a5564da,BOME,-0.014323026
0xeba5ba85f72e40a9f2b8782c2bd51ec31a5564da,sENA,-0.05984915
0xeba5ba85f72e40a9f2b8782c2bd51ec31a5564da,TNSR,-0.005285388
0xeba5ba85f72e40a9f2b8782c2bd51ec31a5564da,EIGEN,-0.0075056865
0xeba5ba85f72e40a9f2b8782c2bd51ec31a5564da,MON,-0.011336216
0xeba5ba85f72e40a9f2b8782c2bd51ec31a5564da,MERL,0.00041434247
0xeba5ba85f72e40a9f2b8782c2bd51ec31a5564da,REZ,-0.0043736263
0xeba5ba85f72e40a9f2b8782c2bd51ec31a5564da,SOPH,0.00093620375
0xeba5ba85f72e40a9f2b8782c2bd51ec31a5564da,HYPE,-0.021508269
0xeba5ba85f72e40a9f2b8782c2bd51ec31a5564da,ME,-0.0010252257
0xeba5ba85f72e40a9f2b8782c2bd51ec31a5564da,BABY,-0.006346134
0xeba5ba85f72e40a9f2b8782c2bd51ec31a5564da,MOVE,-0.04373115
0xeba5ba85f72e40a9f2b8782c2bd51ec31a5564da,NEIRO,-0.010074899
0xeba5ba85f72e40a9f2b8782c2bd51ec31a5564da,S,-0.029899282
0xeba5ba85f72e40a9f2b8782c2bd51ec31a5564da,GRASS,-0.0030023933
0xeba5ba85f72e40a9f2b8782c2bd51ec31a5564da,SKY,-0.011647813
0xeba5ba85f72e40a9f2b8782c2bd51ec31a5564da,INIT,0.001857165
0xeba5ba85f72e40a9f2b8782c2bd51ec31a5564da,WCT,-0.0034624932
0xeba5ba85f72e40a9f2b8782c2bd51ec31a5564da,WLFI,-0.0033252034
0xeba5ba85f72e40a9f2b8782c2bd51ec31a5564da,GOAT,-0.0107502565
0xeba5ba85f72e40a9f2b8782c2bd51ec31a5564da,FARTCOIN,0.01944232
0xeba5ba85f72e40a9f2b8782c2bd51ec31a5564da,PNUT,0.00013053228
0xeba5ba85f72e40a9f2b8782c2bd51ec31a5564da,SYRUP,-0.006595053
0xeba5ba85f72e40a9f2b8782c2bd51ec31a5564da,USUAL,-0.0048989337
0xeba5ba85f72e40a9f2b8782c2bd51ec31a5564da,AIXBT,-0.0018227989
0xeba5ba85f72e40a9f2b8782c2bd51ec31a5564da,MORPHO,0.011067582
0xeba5ba85f72e40a9f2b8782c2bd51ec31a5564da,PENGU,-0.012598712
0xeba5ba85f72e40a9f2b8782c2bd51ec31a5564da,GRIFFAIN,-0.00783064
0xeba5ba85f72e40a9f2b8782c2bd51ec31a5564da,BIO,-0.019197434
0xeba5ba85f72e40a9f2b8782c2bd51ec31a5564da,ANIME,0.0077458
0xeba5ba85f72e40a9f2b8782c2bd51ec31a5564da,TRUMP,-0.010878272
0xeba5ba85f72e40a9f2b8782c2bd51ec31a5564da,MELANIA,-0.009983601
0xeba5ba85f72e40a9f2b8782c2bd51ec31a5564da,VINE,0.0021984777
0xeba5ba85f72e40a9f2b8782c2bd51ec31a5564da,LAYER,-0.024356626
0xeba5ba85f72e40a9f2b8782c2bd51ec31a5564da,VVV,-0.018164577
0xeba5ba85f72e40a9f2b8782c2bd51ec31a5564da,IP,0.0021113944
0xeba5ba85f72e40a9f2b8782c2bd51ec31a5564da,NIL,-0.006563076
0xeba5ba85f72e40a9f2b8782c2bd51ec31a5564da,KAITO,-0.0663533
0xeba5ba85f72e40a9f2b8782c2bd51ec31a5564da,ZORA,-0.030010035
0xeba5ba85f72e40a9f2b8782c2bd51ec31a5564da,HYPER,-0.00015541654
0xeba5ba85f72e40a9f2b8782c2bd51ec31a5564da,ASTER,0.0016652034
0xeba5ba85f72e40a9f2b8782c2bd51ec31a5564da,PUMP,-0.0054265363
0xeba5ba85f72e40a9f2b8782c2bd51ec31a5564da,XPL,-0.00031003798
0xeba5ba85f72e40a9f2b8782c2bd51ec31a5564da,CC,-0.027291749
0xeba5ba85f72e40a9f2b8782c2bd51ec31a5564da,PROVE,-0.012348805
0xeba5ba85f72e40a9f2b8782c2bd51ec31a5564da,HEMI,-0.05386497
0xeba5ba85f72e40a9f2b8782c2bd51ec31a5564da,AVNT,-0.0075445
0xeba5ba85f72e40a9f2b8782c2bd51ec31a5564da,0G,-0.0008675128
0xeba5ba85f72e40a9f2b8782c2bd51ec31a5564da,2Z,0.00075635035
0xeba5ba85f72e40a9f2b8782c2bd51ec31a5564da,LIT,0.0012179785
0xf097ed117dd3930f1eeb91569a6a61b4c52744c8,BTC,-0.007069152
0xf097ed117dd3930f1eeb91569a6a61b4c52744c8,LTC,0.00006911842
0xf097ed117dd3930f1eeb91569a6a61b4c52744c8,XRP,-0.036428697
0xf097ed117dd3930f1eeb91569a6a61b4c52744c8,DOGE,-0.011296303
0xf097ed117dd3930f1eeb91569a6a61b4c52744c8,DASH,-0.01003235
0xf097ed117dd3930f1eeb91569a6a61b4c52744c8,XMR,-0.0047008554
0xf097ed117dd3930f1eeb91569a6a61b4c52744c8,XLM,-0.00048102785
0xf097ed117dd3930f1eeb91569a6a61b4c52744c8,ETH,-0.0035752829
0xf097ed117dd3930f1eeb91569a6a61b4c52744c8,ETC,0.016446892
0xf097ed117dd3930f1eeb91569a6a61b4c52744c8,ZEC,-0.012692215
0xf097ed117dd3930f1eeb91569a6a61b4c52744c8,ZEN,-0.014008484
0xf097ed117dd3930f1eeb91569a6a61b4c52744c8,IOTA,-0.009491278
0xf097ed117dd3930f1eeb91569a6a61b4c52744c8,BCH,-0.009657685
0xf097ed117dd3930f1eeb91569a6a61b4c52744c8,BNB,0.006360404
0xf097ed117dd3930f1eeb91569a6a61b4c52744c8,TRX,0.0021062777
0xf097ed117dd3930f1eeb91569a6a61b4c52744c8,LINK,0.019477906
0xf097ed117dd3930f1eeb91569a6a61b4c52744c8,ADA,-0.0035092444
0xf097ed117dd3930f1eeb91569a6a61b4c52744c8,FIL,0.014492875
0xf097ed117dd3930f1eeb91569a6a61b4c52744c8,SNX,0.0116718225
0xf097ed117dd3930f1eeb91569a6a61b4c52744c8,BSV,0.008699092
0xf097ed117dd3930f1eeb91569a6a61b4c52744c8,FET,-0.0063066245
0xf097ed117dd3930f1eeb91569a6a61b4c52744c8,ATOM,0.0019942215
0xf097ed117dd3930f1eeb91569a6a61b4c52744c8,RSR,-0.013595953
0xf097ed117dd3930f1eeb91569a6a61b4c52744c8,ALGO,-0.013886818
0xf097ed117dd3930f1eeb91569a6a61b4c52744c8,RUNE,0.0006247424
0xf097ed117dd3930f1eeb91569a6a61b4c52744c8,LUNC,-0.0002790111
0xf097ed117dd3930f1eeb91569a6a61b4c52744c8,HBAR,0.015412394
0xf097ed117dd3930f1eeb91569a6a61b4c52744c8,PAXG,0.01778106
0xf097ed117dd3930f1eeb91569a6a61b4c52744c8,STX,-0.053820886
0xf097ed117dd3930f1eeb91569a6a61b4c52744c8,TRB,-0.00013858394
0xf097ed117dd3930f1eeb91569a6a61b4c52744c8,SOL,0.00026705876
0xf097ed117dd3930f1eeb91569a6a61b4c52744c8,CELO,0.00051696034
0xf097ed117dd3930f1eeb91569a6a61b4c52744c8,UMA,-0.00008037477
0xf097ed117dd3930f1eeb91569a6a61b4c52744c8,AR,-0.0031322723
0xf097ed117dd3930f1eeb91569a6a61b4c52744c8,RENDER,0.014693331
0xf097ed117dd3930f1eeb91569a6a61b4c52744c8,COMP,0.0046755
0xf097ed117dd3930f1eeb91569a6a61b4c52744c8,AVAX,0.0007757707
0xf097ed117dd3930f1eeb91569a6a61b4c52744c8,SHIB,-0.0021920237
0xf097ed117dd3930f1eeb91569a6a61b4c52744c8,SAND,0.00083163776
0xf097ed117dd3930f1eeb91569a6a61b4c52744c8,NEAR,0.000037988593
0xf097ed117dd3930f1eeb91569a6a61b4c52744c8,CRV,-0.024820758
0xf097ed117dd3930f1eeb91569a6a61b4c52744c8,DOT,0.012062701
0xf097ed117dd3930f1eeb91569a6a61b4c52744c8,SUSHI,0.0005549905
0xf097ed117dd3930f1eeb91569a6a61b4c52744c8,AXS,0.008870745
0xf097ed117dd3930f1eeb91569a6a61b4c52744c8,GALA,-0.011612617
0xf097ed117dd3930f1eeb91569a6a61b4c52744c8,UNI,-0.02631535
0xf097ed117dd3930f1eeb91569a6a61b4c52744c8,CAKE,0.00013086197
0xf097ed117dd3930f1eeb91569a6a61b4c52744c8,INJ,-0.0090049505
0xf097ed117dd3930f1eeb91569a6a61b4c52744c8,AAVE,-0.0352779
0xf097ed117dd3930f1eeb91569a6a61b4c52744c8,CFX,-0.00057151046
0xf097ed117dd3930f1eeb91569a6a61b4c52744c8,LDO,-0.0062463908
0xf097ed117dd3930f1eeb91569a6a61b4c52744c8,MINA,-0.011370451
0xf097ed117dd3930f1eeb91569a6a61b4c52744c8,ICP,0.0031880373
0xf097ed117dd3930f1eeb91569a6a61b4c52744c8,PENDLE,-0.021629019
0xf097ed117dd3930f1eeb91569a6a61b4c52744c8,IMX,0.0059338203
0xf097ed117dd3930f1eeb91569a6a61b4c52744c8,FLOKI,-0.008781947
0xf097ed117dd3930f1eeb91569a6a61b4c52744c8,OP,-0.02830674
0xf097ed117dd3930f1eeb91569a6a61b4c52744c8,ARB,-0.0049797366
0xf097ed117dd3930f1eeb91569a6a61b4c52744c8,GMX,0.00037479744
0xf097ed117dd3930f1eeb91569a6a61b4c52744c8,WLD,0.0000381002
0xf097ed117dd3930f1eeb91569a6a61b4c52744c8,MANTA,0.006753437
0xf097ed117dd3930f1eeb91569a6a61b4c52744c8,ENS,-0.01493588
0xf097ed117dd3930f1eeb91569a6a61b4c52744c8,PEOPLE,-0.013512143
0xf097ed117dd3930f1eeb91569a6a61b4c52744c8,GMT,-0.017362945
0xf097ed117dd3930f1eeb91569a6a61b4c52744c8,APE,0.010174767
0xf097ed117dd3930f1eeb91569a6a61b4c52744c8,APEX,-0.02882593
0xf097ed117dd3930f1eeb91569a6a61b4c52744c8,KAS,-0.0006355757
0xf097ed117dd3930f1eeb91569a6a61b4c52744c8,SUI,-0.01610225
0xf097ed117dd3930f1eeb91569a6a61b4c52744c8,ONDO,0.0013804612
0xf097ed117dd3930f1eeb91569a6a61b4c52744c8,ZETA,0.006059501
0xf097ed117dd3930f1eeb91569a6a61b4c52744c8,APT,0.004061071
0xf097ed117dd3930f1eeb91569a6a61b4c52744c8,STRK,0.004103272
0xf097ed117dd3930f1eeb91569a6a61b4c52744c8,TIA,0.0017958542
0xf097ed117dd3930f1eeb91569a6a61b4c52744c8,TAO,-0.034855478
0xf097ed117dd3930f1eeb91569a6a61b4c52744c8,BONK,-0.0076970593
0xf097ed117dd3930f1eeb91569a6a61b4c52744c8,BLUR,-0.0015566472
0xf097ed117dd3930f1eeb91569a6a61b4c52744c8,SEI,0.0011955032
0xf097ed117dd3930f1eeb91569a6a61b4c52744c8,ZK,0.0005137062
0xf097ed117dd3930f1eeb91569a6a61b4c52744c8,PEPE,-0.026551355
0xf097ed117dd3930f1eeb91569a6a61b4c52744c8,BERA,0.00047178895
0xf097ed117dd3930f1eeb91569a6a61b4c52744c8,TURBO,-0.004208032
0xf097ed117dd3930f1eeb91569a6a61b4c52744c8,ORDI,0.0033231159
0xf097ed117dd3930f1eeb91569a6a61b4c52744c8,ZRO,-0.02756311
0xf097ed117dd3930f1eeb91569a6a61b4c52744c8,MNT,-0.0006714479
0xf097ed117dd3930f1eeb91569a6a61b4c52744c8,LINEA,0.0041393777
0xf097ed117dd3930f1eeb91569a6a61b4c52744c8,PYTH,0.002585685
0xf097ed117dd3930f1eeb91569a6a61b4c52744c8,MEME,0.0064279563
0xf097ed117dd3930f1eeb91569a6a61b4c52744c8,POL,-0.027397748
0xf097ed117dd3930f1eeb91569a6a61b4c52744c8,JTO,-0.0005754729
0xf097ed117dd3930f1eeb91569a6a61b4c52744c8,WIF,-0.01998886
0xf097ed117dd3930f1eeb91569a6a61b4c52744c8,POPCAT,-0.008173906
0xf097ed117dd3930f1eeb91569a6a61b4c52744c8,NOT,0.008335507
0xf097ed117dd3930f1eeb91569a6a61b4c52744c8,DYM,0.0051660137
0xf097ed117dd3930f1eeb91569a6a61b4c52744c8,XAI,-0.000004645658
0xf097ed117dd3930f1eeb91569a6a61b4c52744c8,ALT,0.0014552047
0xf097ed117dd3930f1eeb91569a6a61b4c52744c8,JUP,0.0038079394
0xf097ed117dd3930f1eeb91569a6a61b4c52744c8,AERO,0.0060232147
0xf097ed117dd3930f1eeb91569a6a61b4c52744c8,VIRTUAL,-0.027036587
0xf097ed117dd3930f1eeb91569a6a61b4c52744c8,W,-0.01921034
0xf097ed117dd3930f1eeb91569a6a61b4c52744c8,BRETT,-0.02359271
0xf097ed117dd3930f1eeb91569a6a61b4c52744c8,ETHFI,-0.002253644
0xf097ed117dd3930f1eeb91569a6a61b4c52744c8,IO,0.0060707955
0xf097ed117dd3930f1eeb91569a6a61b4c52744c8,BOME,-0.007847348
0xf097ed117dd3930f1eeb91569a6a61b4c52744c8,sENA,-0.07521706
0xf097ed117dd3930f1eeb91569a6a61b4c52744c8,TNSR,0.0029529342
0xf097ed117dd3930f1eeb91569a6a61b4c52744c8,EIGEN,-0.0004420397
0xf097ed117dd3930f1eeb91569a6a61b4c52744c8,MON,-0.0120984325
0xf097ed117dd3930f1eeb91569a6a61b4c52744c8,MERL,0.004306935
0xf097ed117dd3930f1eeb91569a6a61b4c52744c8,REZ,-0.00061582256
0xf097ed117dd3930f1eeb91569a6a61b4c52744c8,SOPH,0.0091939615
0xf097ed117dd3930f1eeb91569a6a61b4c52744c8,HYPE,-0.017478334
0xf097ed117dd3930f1eeb91569a6a61b4c52744c8,ME,0.006562839
0xf097ed117dd3930f1eeb91569a6a61b4c52744c8,BABY,0.008753544
0xf097ed117dd3930f1eeb91569a6a61b4c52744c8,MOVE,0.0016350121
0xf097ed117dd3930f1eeb91569a6a61b4c52744c8,NEIRO,-0.01281529
0xf097ed117dd3930f1eeb91569a6a61b4c52744c8,S,-0.027296351
0xf097ed117dd3930f1eeb91569a6a61b4c52744c8,GRASS,0.001143853
0xf097ed117dd3930f1eeb91569a6a61b4c52744c8,SKY,-0.010320427
0xf097ed117dd3930f1eeb91569a6a61b4c52744c8,INIT,0.006365729
0xf097ed117dd3930f1eeb91569a6a61b4c52744c8,WCT,0.0010304818
0xf097ed117dd3930f1eeb91569a6a61b4c52744c8,WLFI,-0.0027994334
0xf097ed117dd3930f1eeb91569a6a61b4c52744c8,GOAT,-0.011879862
0xf097ed117dd3930f1eeb91569a6a61b4c52744c8,FARTCOIN,0.017544862
0xf097ed117dd3930f1eeb91569a6a61b4c52744c8,PNUT,0.00021706299
0xf097ed117dd3930f1eeb91569a6a61b4c52744c8,SYRUP,-0.0015164001
0xf097ed117dd3930f1eeb91569a6a61b4c52744c8,USUAL,-0.017993817
0xf097ed117dd3930f1eeb91569a6a61b4c52744c8,AIXBT,0.00004145645
0xf097ed117dd3930f1eeb91569a6a61b4c52744c8,MORPHO,0.0007229072
0xf097ed117dd3930f1eeb91569a6a61b4c52744c8,PENGU,-0.033982463
0xf097ed117dd3930f1eeb91569a6a61b4c52744c8,GRIFFAIN,0.00026820056
0xf097ed117dd3930f1eeb91569a6a61b4c52744c8,BIO,-0.030618148
0xf097ed117dd3930f1eeb91569a6a61b4c52744c8,ANIME,0.004894222
0xf097ed117dd3930f1eeb91569a6a61b4c52744c8,TRUMP,-0.035919517
0xf097ed117dd3930f1eeb91569a6a61b4c52744c8,MELANIA,-0.026082851
0xf097ed117dd3930f1eeb91569a6a61b4c52744c8,VINE,0.01639283
0xf097ed117dd3930f1eeb91569a6a61b4c52744c8,LAYER,-0.0048859585
0xf097ed117dd3930f1eeb91569a6a61b4c52744c8,VVV,-0.00439559
0xf097ed117dd3930f1eeb91569a6a61b4c52744c8,IP,-0.0047169416
0xf097ed117dd3930f1eeb91569a6a61b4c52744c8,NIL,-0.005727661
0xf097ed117dd3930f1eeb91569a6a61b4c52744c8,KAITO,-0.04664513
0xf097ed117dd3930f1eeb91569a6a61b4c52744c8,ZORA,-0.03681482
0xf097ed117dd3930f1eeb91569a6a61b4c52744c8,HYPER,-0.005566098
0xf097ed117dd3930f1eeb91569a6a61b4c52744c8,ASTER,0.0010954952
0xf097ed117dd3930f1eeb91569a6a61b4c52744c8,PUMP,-0.052320942
0xf097ed117dd3930f1eeb91569a6a61b4c52744c8,XPL,-0.00032142128
0xf097ed117dd3930f1eeb91569a6a61b4c52744c8,CC,-0.02138272
0xf097ed117dd3930f1eeb91569a6a61b4c52744c8,PROVE,-0.0026959758
0xf097ed117dd3930f1eeb91569a6a61b4c52744c8,HEMI,-0.034054108
0xf097ed117dd3930f1eeb91569a6a61b4c52744c8,AVNT,-0.002413113
0xf097ed117dd3930f1eeb91569a6a61b4c52744c8,0G,0.004021984
0xf097ed117dd3930f1eeb91569a6a61b4c52744c8,2Z,0.015685812
0xf097ed117dd3930f1eeb91569a6a61b4c52744c8,LIT,-0.015723016
0xf5061bd41966374d89ddeada574602b3784e3d98,SKY,0.5813931397618335
0xf5061bd41966374d89ddeada574602b3784e3d98,TRX,-0.0150228329861334
0xf5061bd41966374d89ddeada574602b3784e3d98,XLM,0.1935814285882273
0xf5061bd41966374d89ddeada574602b3784e3d98,XMR,-0.1256728200207103
0xf5061bd41966374d89ddeada574602b3784e3d98,XRP,-0.0110494766169272
0xf5061bd41966374d89ddeada574602b3784e3d98,ZEC,-0.1800399257873089
0xf5061bd41966374d89ddeada574602b3784e3d98,BCH,0.0668663716748574
0xf5061bd41966374d89ddeada574602b3784e3d98,BTC,-0.1500786381766606
0xf5061bd41966374d89ddeada574602b3784e3d98,DOGE,0.7268196011457362
0xf5061bd41966374d89ddeada574602b3784e3d98,ETC,0.1791967769453213
0xf5061bd41966374d89ddeada574602b3784e3d98,LTC,-0.2025424461471821
0xf5061bd41966374d89ddeada574602b3784e3d98,ETH,-0.1212319548854658
0xf5061bd41966374d89ddeada574602b3784e3d98,ADA,-0.0139716776066093
0xf5061bd41966374d89ddeada574602b3784e3d98,LINK,-0.0744212655602357
0xf5061bd41966374d89ddeada574602b3784e3d98,S,-0.0185708850558005
0xf5061bd41966374d89ddeada574602b3784e3d98,ATOM,-0.1424509681551972
0xf5061bd41966374d89ddeada574602b3784e3d98,SNX,-0.1021166446595936
0xf5061bd41966374d89ddeada574602b3784e3d98,RSR,0.065352104330501
0xf5061bd41966374d89ddeada574602b3784e3d98,ALGO,-0.1038857717648937
0xf5061bd41966374d89ddeada574602b3784e3d98,RUNE,-0.1233449221543569
0xf5061bd41966374d89ddeada574602b3784e3d98,TRB,0.0549975413891421
0xf5061bd41966374d89ddeada574602b3784e3d98,SOL,-0.2157534143540865
0xf5061bd41966374d89ddeada574602b3784e3d98,UMA,0.2230310851651771
0xf5061bd41966374d89ddeada574602b3784e3d98,PAXG,-0.0120300405857236
0xf5061bd41966374d89ddeada574602b3784e3d98,COMP,-0.0993559726053061
0xf5061bd41966374d89ddeada574602b3784e3d98,AVAX,0.0070959768886519
0xf5061bd41966374d89ddeada574602b3784e3d98,SAND,0.1175255521254462
0xf5061bd41966374d89ddeada574602b3784e3d98,CRV,-0.0365784969853528
0xf5061bd41966374d89ddeada574602b3784e3d98,LAYER,65.11753469534499
0xf5061bd41966374d89ddeada574602b3784e3d98,DOT,-0.1120905795058972
0xf5061bd41966374d89ddeada574602b3784e3d98,SUSHI,-0.0053287179729724
0xf5061bd41966374d89ddeada574602b3784e3d98,UNI,-0.2113254914499159
0xf5061bd41966374d89ddeada574602b3784e3d98,AAVE,-0.1411069331554576
0xf5061bd41966374d89ddeada574602b3784e3d98,NEAR,-0.132500299009996
0xf5061bd41966374d89ddeada574602b3784e3d98,FIL,0.0220714674700061
0xf5061bd41966374d89ddeada574602b3784e3d98,AXS,0.0839987133708536
0xf5061bd41966374d89ddeada574602b3784e3d98,INJ,-0.1596727631397168
0xf5061bd41966374d89ddeada574602b3784e3d98,ZORA,0.5420582876340218
0xf5061bd41966374d89ddeada574602b3784e3d98,CELO,-0.1078988052019608
0xf5061bd41966374d89ddeada574602b3784e3d98,LIT,-0.2752945607044769
0xf5061bd41966374d89ddeada574602b3784e3d98,SHIB,0.4297071620934551
0xf5061bd41966374d89ddeada574602b3784e3d98,ICP,0.0558877838818567
0xf5061bd41966374d89ddeada574602b3784e3d98,RENDER,-0.033615232124028
0xf5061bd41966374d89ddeada574602b3784e3d98,LDO,0.1567867272498287
0xf5061bd41966374d89ddeada574602b3784e3d98,GALA,0.6175713947031974
0xf5061bd41966374d89ddeada574602b3784e3d98,FET,-0.0309112098541874
0xf5061bd41966374d89ddeada574602b3784e3d98,ENS,0.0418377741060175
0xf5061bd41966374d89ddeada574602b3784e3d98,IMX,-0.0502583219418553
0xf5061bd41966374d89ddeada574602b3784e3d98,PEOPLE,0.3413414469054958
0xf5061bd41966374d89ddeada574602b3784e3d98,GMT,-0.1027665263345953
0xf5061bd41966374d89ddeada574602b3784e3d98,FLOKI,0.6873915965210653
0xf5061bd41966374d89ddeada574602b3784e3d98,POL,-0.0685441075343442
0xf5061bd41966374d89ddeada574602b3784e3d98,APE,0.0511753517757109
0xf5061bd41966374d89ddeada574602b3784e3d98,GMX,-0.0596833686231693
0xf5061bd41966374d89ddeada574602b3784e3d98,BLUR,-0.0627708140221545
0xf5061bd41966374d89ddeada574602b3784e3d98,PENDLE,-0.0824611393399624
0xf5061bd41966374d89ddeada574602b3784e3d98,MINA,-0.0312883193764618
0xf5061bd41966374d89ddeada574602b3784e3d98,LUNC,0.0991512024929888
0xf5061bd41966374d89ddeada574602b3784e3d98,MEME,0.0218551759418851
0xf5061bd41966374d89ddeada574602b3784e3d98,OP,0.0034840230253078
0xf5061bd41966374d89ddeada574602b3784e3d98,ZEN,0.0353535080527063
0xf5061bd41966374d89ddeada574602b3784e3d98,STRK,4.6992989438287855
0xf5061bd41966374d89ddeada574602b3784e3d98,STX,-0.1001326724023222
0xf5061bd41966374d89ddeada574602b3784e3d98,CFX,0.1182156152074534
0xf5061bd41966374d89ddeada574602b3784e3d98,CAKE,0.0679565674845352
0xf5061bd41966374d89ddeada574602b3784e3d98,DASH,-0.0651339807239158
0xf5061bd41966374d89ddeada574602b3784e3d98,BSV,0.0930231491128969
0xf5061bd41966374d89ddeada574602b3784e3d98,AR,0.0597699145268204
0xf5061bd41966374d89ddeada574602b3784e3d98,APT,-0.1183028681029555
0xf5061bd41966374d89ddeada574602b3784e3d98,ALT,-0.1109142682911598
0xf5061bd41966374d89ddeada574602b3784e3d98,BNB,-0.0231881596170358
0xf5061bd41966374d89ddeada574602b3784e3d98,BONK,0.1694445165672842
0xf5061bd41966374d89ddeada574602b3784e3d98,BABY,0.0042158137803031
0xf5061bd41966374d89ddeada574602b3784e3d98,HBAR,0.024324692520978
0xf5061bd41966374d89ddeada574602b3784e3d98,KAS,-0.0280922050962788
0xf5061bd41966374d89ddeada574602b3784e3d98,PEPE,0.773036343771245
0xf5061bd41966374d89ddeada574602b3784e3d98,ORDI,0.3277043275919828
0xf5061bd41966374d89ddeada574602b3784e3d98,SUI,0.0107230640517452
0xf5061bd41966374d89ddeada574602b3784e3d98,MNT,3.857798508827124
0xf5061bd41966374d89ddeada574602b3784e3d98,IOTA,-0.0676687269682917
0xf5061bd41966374d89ddeada574602b3784e3d98,TURBO,0.5562727462496724
0xf5061bd41966374d89ddeada574602b3784e3d98,TIA,-0.0215033351530451
0xf5061bd41966374d89ddeada574602b3784e3d98,SEI,-0.0490961548078011
0xf5061bd41966374d89ddeada574602b3784e3d98,TAO,-0.078688068084378
0xf5061bd41966374d89ddeada574602b3784e3d98,JTO,-0.0407232766180896
0xf5061bd41966374d89ddeada574602b3784e3d98,PYTH,-0.0831651271108219
0xf5061bd41966374d89ddeada574602b3784e3d98,MANTA,-0.1390648377299828
0xf5061bd41966374d89ddeada574602b3784e3d98,ONDO,-0.0887114973705272
0xf5061bd41966374d89ddeada574602b3784e3d98,WIF,-0.0898422404834116
0xf5061bd41966374d89ddeada574602b3784e3d98,XAI,-0.0024462023221145
0xf5061bd41966374d89ddeada574602b3784e3d98,ZETA,-0.0821129015866457
0xf5061bd41966374d89ddeada574602b3784e3d98,JUP,-0.1584195214137185
0xf5061bd41966374d89ddeada574602b3784e3d98,DYM,-0.0731548922370461
0xf5061bd41966374d89ddeada574602b3784e3d98,TRUMP,14.818481282415409
0xf5061bd41966374d89ddeada574602b3784e3d98,APEX,-0.0593818110471057
0xf5061bd41966374d89ddeada574602b3784e3d98,ARB,-0.0523890345827139
0xf5061bd41966374d89ddeada574602b3784e3d98,BOME,-0.1141514825770403
0xf5061bd41966374d89ddeada574602b3784e3d98,HYPER,119.28216189950072
0xf5061bd41966374d89ddeada574602b3784e3d98,ETHFI,0.0544801554558808
0xf5061bd41966374d89ddeada574602b3784e3d98,BRETT,0.025700762101557
0xf5061bd41966374d89ddeada574602b3784e3d98,W,-0.1427624382075975
0xf5061bd41966374d89ddeada574602b3784e3d98,GOAT,-0.1655559278875459
0xf5061bd41966374d89ddeada574602b3784e3d98,POPCAT,-0.0245300672708815
0xf5061bd41966374d89ddeada574602b3784e3d98,MERL,0.0901045981753794
0xf5061bd41966374d89ddeada574602b3784e3d98,ZK,-0.0998850640687291
0xf5061bd41966374d89ddeada574602b3784e3d98,TNSR,-0.1760168708831771
0xf5061bd41966374d89ddeada574602b3784e3d98,AERO,-0.0546233769671148
0xf5061bd41966374d89ddeada574602b3784e3d98,REZ,-0.1020820632546151
0xf5061bd41966374d89ddeada574602b3784e3d98,NOT,-0.1708030188383713
0xf5061bd41966374d89ddeada574602b3784e3d98,MON,-0.0558584849777277
0xf5061bd41966374d89ddeada574602b3784e3d98,VIRTUAL,0.4505163403018161
0xf5061bd41966374d89ddeada574602b3784e3d98,IO,-0.1749827303708109
0xf5061bd41966374d89ddeada574602b3784e3d98,ZRO,-0.135862215303251
0xf5061bd41966374d89ddeada574602b3784e3d98,WLD,-0.0781029638533888
0xf5061bd41966374d89ddeada574602b3784e3d98,NEIRO,0.0176082967974063
0xf5061bd41966374d89ddeada574602b3784e3d98,EIGEN,-0.0485025033053766
0xf5061bd41966374d89ddeada574602b3784e3d98,MOVE,1.8703586787406703
0xf5061bd41966374d89ddeada574602b3784e3d98,FARTCOIN,0.1923067786389881
0xf5061bd41966374d89ddeada574602b3784e3d98,GRASS,-0.1364857044087409
0xf5061bd41966374d89ddeada574602b3784e3d98,PNUT,0.2292286341596605
0xf5061bd41966374d89ddeada574602b3784e3d98,USUAL,-0.0574353771078651
0xf5061bd41966374d89ddeada574602b3784e3d98,MORPHO,-0.1844218139726808
0xf5061bd41966374d89ddeada574602b3784e3d98,AIXBT,-0.1876558792437317
0xf5061bd41966374d89ddeada574602b3784e3d98,HYPE,-0.0535414568287517
0xf5061bd41966374d89ddeada574602b3784e3d98,ME,-0.1282988430334694
0xf5061bd41966374d89ddeada574602b3784e3d98,PENGU,0.2692076451683231
0xf5061bd41966374d89ddeada574602b3784e3d98,sENA,-0.044840976079087
0xf5061bd41966374d89ddeada574602b3784e3d98,BIO,0.0289642755234448
0xf5061bd41966374d89ddeada574602b3784e3d98,GRIFFAIN,0.1340724852205257
0xf5061bd41966374d89ddeada574602b3784e3d98,MELANIA,-0.1009725445085109
0xf5061bd41966374d89ddeada574602b3784e3d98,VINE,0.3676416209499212
0xf5061bd41966374d89ddeada574602b3784e3d98,ANIME,-0.1055740785305955
0xf5061bd41966374d89ddeada574602b3784e3d98,VVV,0.0164564829921353
0xf5061bd41966374d89ddeada574602b3784e3d98,SYRUP,-0.0034148565797153
0xf5061bd41966374d89ddeada574602b3784e3d98,BERA,-0.0222551314985139
0xf5061bd41966374d89ddeada574602b3784e3d98,IP,-0.0377698343753691
0xf5061bd41966374d89ddeada574602b3784e3d98,KAITO,-0.0372810610194118
0xf5061bd41966374d89ddeada574602b3784e3d98,NIL,-0.0788830783695733
0xf5061bd41966374d89ddeada574602b3784e3d98,WCT,-0.1006020871977299
0xf5061bd41966374d89ddeada574602b3784e3d98,PUMP,-0.4610962690721759
0xf5061bd41966374d89ddeada574602b3784e3d98,INIT,-0.0678977613393991
0xf5061bd41966374d89ddeada574602b3784e3d98,SOPH,-0.0538581899544337
0xf5061bd41966374d89ddeada574602b3784e3d98,PROVE,-0.1071200291261324
0xf5061bd41966374d89ddeada574602b3784e3d98,WLFI,-0.0990837376774687
0xf5061bd41966374d89ddeada574602b3784e3d98,0G,-0.112271442791049
0xf5061bd41966374d89ddeada574602b3784e3d98,AVNT,-0.0334860317590623
0xf5061bd41966374d89ddeada574602b3784e3d98,ASTER,-0.111694253574516
0xf5061bd41966374d89ddeada574602b3784e3d98,LINEA,-0.1400462189451683
0xf5061bd41966374d89ddeada574602b3784e3d98,HEMI,-0.0623454819691347
0xf5061bd41966374d89ddeada574602b3784e3d98,XPL,-0.0327268717221929
0xf5061bd41966374d89ddeada574602b3784e3d98,2Z,-0.0704444954256136
0xf5061bd41966374d89ddeada574602b3784e3d98,CC,-0.0707160576977749
0xf8d50e3283fb6bf41260f7f294a48587d2a9b1fa,SKY,-82.01087845931116
0xf8d50e3283fb6bf41260f7f294a48587d2a9b1fa,TRX,8.960786238855292
0xf8d50e3283fb6bf41260f7f294a48587d2a9b1fa,XLM,126.15362122726371
0xf8d50e3283fb6bf41260f7f294a48587d2a9b1fa,XMR,-243.37940455809928
0xf8d50e3283fb6bf41260f7f294a48587d2a9b1fa,XRP,-25.98579423640309
0xf8d50e3283fb6bf41260f7f294a48587d2a9b1fa,ZEC,38.380321249402
0xf8d50e3283fb6bf41260f7f294a48587d2a9b1fa,BCH,148.3841477016638
0xf8d50e3283fb6bf41260f7f294a48587d2a9b1fa,BTC,-17.42437694060557
0xf8d50e3283fb6bf41260f7f294a48587d2a9b1fa,DOGE,52.304516691357264
0xf8d50e3283fb6bf41260f7f294a48587d2a9b1fa,ETC,57.68980149516997
0xf8d50e3283fb6bf41260f7f294a48587d2a9b1fa,LTC,16.735757631444805
0xf8d50e3283fb6bf41260f7f294a48587d2a9b1fa,ETH,-16.6978775968783
0xf8d50e3283fb6bf41260f7f294a48587d2a9b1fa,ADA,-193.48338268422435
0xf8d50e3283fb6bf41260f7f294a48587d2a9b1fa,LINK,-46.44596439332567
0xf8d50e3283fb6bf41260f7f294a48587d2a9b1fa,S,-172.91538598320344
0xf8d50e3283fb6bf41260f7f294a48587d2a9b1fa,ATOM,-29.526500681993625
0xf8d50e3283fb6bf41260f7f294a48587d2a9b1fa,SNX,85.28300895518963
0xf8d50e3283fb6bf41260f7f294a48587d2a9b1fa,RSR,-67.12729339048573
0xf8d50e3283fb6bf41260f7f294a48587d2a9b1fa,ALGO,-5.146898532110654
0xf8d50e3283fb6bf41260f7f294a48587d2a9b1fa,RUNE,43.47071616843134
0xf8d50e3283fb6bf41260f7f294a48587d2a9b1fa,TRB,-40.52095338554332
0xf8d50e3283fb6bf41260f7f294a48587d2a9b1fa,SOL,-310.8634552050584
0xf8d50e3283fb6bf41260f7f294a48587d2a9b1fa,UMA,-18.11325238424141
0xf8d50e3283fb6bf41260f7f294a48587d2a9b1fa,PAXG,-15.372270060253951
0xf8d50e3283fb6bf41260f7f294a48587d2a9b1fa,COMP,-31.25218980898603
0xf8d50e3283fb6bf41260f7f294a48587d2a9b1fa,AVAX,-83.02493572654936
0xf8d50e3283fb6bf41260f7f294a48587d2a9b1fa,SAND,-56.52627613819894
0xf8d50e3283fb6bf41260f7f294a48587d2a9b1fa,CRV,-101.872549261821
0xf8d50e3283fb6bf41260f7f294a48587d2a9b1fa,LAYER,-145.5733466055996
0xf8d50e3283fb6bf41260f7f294a48587d2a9b1fa,DOT,-45.12757177064876
0xf8d50e3283fb6bf41260f7f294a48587d2a9b1fa,SUSHI,17.479381541365548
0xf8d50e3283fb6bf41260f7f294a48587d2a9b1fa,UNI,-134.44717326381644
0xf8d50e3283fb6bf41260f7f294a48587d2a9b1fa,AAVE,-30.320661842096087
0xf8d50e3283fb6bf41260f7f294a48587d2a9b1fa,NEAR,103.1443441422895
0xf8d50e3283fb6bf41260f7f294a48587d2a9b1fa,FIL,-37.85208103638065
0xf8d50e3283fb6bf41260f7f294a48587d2a9b1fa,AXS,76.88497137615857
0xf8d50e3283fb6bf41260f7f294a48587d2a9b1fa,INJ,14.8343694368684
0xf8d50e3283fb6bf41260f7f294a48587d2a9b1fa,ZORA,38.95431177988174
0xf8d50e3283fb6bf41260f7f294a48587d2a9b1fa,CELO,36.12257154911198
0xf8d50e3283fb6bf41260f7f294a48587d2a9b1fa,LIT,152.56117687989197
0xf8d50e3283fb6bf41260f7f294a48587d2a9b1fa,SHIB,-206.31530117716363
0xf8d50e3283fb6bf41260f7f294a48587d2a9b1fa,ICP,-115.93231128922456
0xf8d50e3283fb6bf41260f7f294a48587d2a9b1fa,RENDER,-8.759374639319148
0xf8d50e3283fb6bf41260f7f294a48587d2a9b1fa,LDO,74.10118496083123
0xf8d50e3283fb6bf41260f7f294a48587d2a9b1fa,GALA,157.88725221171583
0xf8d50e3283fb6bf41260f7f294a48587d2a9b1fa,FET,-29.9494893173912
0xf8d50e3283fb6bf41260f7f294a48587d2a9b1fa,ENS,132.6514239688181
0xf8d50e3283fb6bf41260f7f294a48587d2a9b1fa,IMX,-1.215355649738214
0xf8d50e3283fb6bf41260f7f294a48587d2a9b1fa,PEOPLE,-124.05031591931578
0xf8d50e3283fb6bf41260f7f294a48587d2a9b1fa,GMT,82.7460849749912
0xf8d50e3283fb6bf41260f7f294a48587d2a9b1fa,FLOKI,-2.603749862721955
0xf8d50e3283fb6bf41260f7f294a48587d2a9b1fa,POL,71.57711862032184
0xf8d50e3283fb6bf41260f7f294a48587d2a9b1fa,APE,12.97821229453124
0xf8d50e3283fb6bf41260f7f294a48587d2a9b1fa,GMX,109.62033490785356
0xf8d50e3283fb6bf41260f7f294a48587d2a9b1fa,BLUR,103.217297861942
0xf8d50e3283fb6bf41260f7f294a48587d2a9b1fa,PENDLE,-62.56834405443525
0xf8d50e3283fb6bf41260f7f294a48587d2a9b1fa,MINA,-29.681643020270585
0xf8d50e3283fb6bf41260f7f294a48587d2a9b1fa,LUNC,-82.6720100038469
0xf8d50e3283fb6bf41260f7f294a48587d2a9b1fa,MEME,127.04287331475032
0xf8d50e3283fb6bf41260f7f294a48587d2a9b1fa,OP,-62.15165912271695
0xf8d50e3283fb6bf41260f7f294a48587d2a9b1fa,ZEN,-1.4911939416482625
0xf8d50e3283fb6bf41260f7f294a48587d2a9b1fa,STRK,-86.58454672851596
0xf8d50e3283fb6bf41260f7f294a48587d2a9b1fa,STX,-70.79278097201484
0xf8d50e3283fb6bf41260f7f294a48587d2a9b1fa,CFX,16.514937438515148
0xf8d50e3283fb6bf41260f7f294a48587d2a9b1fa,CAKE,-145.71711299485094
0xf8d50e3283fb6bf41260f7f294a48587d2a9b1fa,DASH,50.92785103928299
0xf8d50e3283fb6bf41260f7f294a48587d2a9b1fa,BSV,29.21502516261696
0xf8d50e3283fb6bf41260f7f294a48587d2a9b1fa,AR,-81.0031672684992
0xf8d50e3283fb6bf41260f7f294a48587d2a9b1fa,APT,-65.82660495900745
0xf8d50e3283fb6bf41260f7f294a48587d2a9b1fa,ALT,-42.56306725864516
0xf8d50e3283fb6bf41260f7f294a48587d2a9b1fa,BNB,-55.24420767534141
0xf8d50e3283fb6bf41260f7f294a48587d2a9b1fa,BONK,-140.85583657379686
0xf8d50e3283fb6bf41260f7f294a48587d2a9b1fa,BABY,-118.20552324441076
0xf8d50e3283fb6bf41260f7f294a48587d2a9b1fa,HBAR,76.22149492515848
0xf8d50e3283fb6bf41260f7f294a48587d2a9b1fa,KAS,-48.294511801744704
0xf8d50e3283fb6bf41260f7f294a48587d2a9b1fa,PEPE,36.21442777246535
0xf8d50e3283fb6bf41260f7f294a48587d2a9b1fa,ORDI,-18.044188872253383
0xf8d50e3283fb6bf41260f7f294a48587d2a9b1fa,SUI,-140.65643128358846
0xf8d50e3283fb6bf41260f7f294a48587d2a9b1fa,MNT,-1.056193229496003
0xf8d50e3283fb6bf41260f7f294a48587d2a9b1fa,IOTA,128.5879311768475
0xf8d50e3283fb6bf41260f7f294a48587d2a9b1fa,TURBO,-27.59963357283013
0xf8d50e3283fb6bf41260f7f294a48587d2a9b1fa,TIA,56.78025028077517
0xf8d50e3283fb6bf41260f7f294a48587d2a9b1fa,SEI,-7.571973616177374
0xf8d50e3283fb6bf41260f7f294a48587d2a9b1fa,TAO,-123.63820286552664
0xf8d50e3283fb6bf41260f7f294a48587d2a9b1fa,JTO,-108.33613251826335
0xf8d50e3283fb6bf41260f7f294a48587d2a9b1fa,PYTH,-31.478735428695032
0xf8d50e3283fb6bf41260f7f294a48587d2a9b1fa,MANTA,-56.33016303645044
0xf8d50e3283fb6bf41260f7f294a48587d2a9b1fa,ONDO,73.93747659929444
0xf8d50e3283fb6bf41260f7f294a48587d2a9b1fa,WIF,-83.77595750658156
0xf8d50e3283fb6bf41260f7f294a48587d2a9b1fa,XAI,62.38210180109571
0xf8d50e3283fb6bf41260f7f294a48587d2a9b1fa,ZETA,6.452527275577992
0xf8d50e3283fb6bf41260f7f294a48587d2a9b1fa,JUP,-168.89875969349987
0xf8d50e3283fb6bf41260f7f294a48587d2a9b1fa,DYM,18.07977624245131
0xf8d50e3283fb6bf41260f7f294a48587d2a9b1fa,TRUMP,-223.75656083312407
0xf8d50e3283fb6bf41260f7f294a48587d2a9b1fa,APEX,-26.924561840974405
0xf8d50e3283fb6bf41260f7f294a48587d2a9b1fa,ARB,-128.5413723725627
0xf8d50e3283fb6bf41260f7f294a48587d2a9b1fa,BOME,141.8775482049361
0xf8d50e3283fb6bf41260f7f294a48587d2a9b1fa,HYPER,-98.7016337608374
0xf8d50e3283fb6bf41260f7f294a48587d2a9b1fa,ETHFI,-48.03484283832017
0xf8d50e3283fb6bf41260f7f294a48587d2a9b1fa,BRETT,126.44210185501773
0xf8d50e3283fb6bf41260f7f294a48587d2a9b1fa,W,107.07346919127129
0xf8d50e3283fb6bf41260f7f294a48587d2a9b1fa,GOAT,69.69599606894238
0xf8d50e3283fb6bf41260f7f294a48587d2a9b1fa,POPCAT,-35.81327688936429
0xf8d50e3283fb6bf41260f7f294a48587d2a9b1fa,MERL,-4.002375387264848
0xf8d50e3283fb6bf41260f7f294a48587d2a9b1fa,ZK,30.36257863247046
0xf8d50e3283fb6bf41260f7f294a48587d2a9b1fa,TNSR,-50.198672200778944
0xf8d50e3283fb6bf41260f7f294a48587d2a9b1fa,AERO,-26.212377590138857
0xf8d50e3283fb6bf41260f7f294a48587d2a9b1fa,REZ,4.038379839691686
0xf8d50e3283fb6bf41260f7f294a48587d2a9b1fa,NOT,-16.14523847587904
0xf8d50e3283fb6bf41260f7f294a48587d2a9b1fa,MON,-55.60605072149386
0xf8d50e3283fb6bf41260f7f294a48587d2a9b1fa,VIRTUAL,15.36754429567359
0xf8d50e3283fb6bf41260f7f294a48587d2a9b1fa,IO,-19.05194742486694
0xf8d50e3283fb6bf41260f7f294a48587d2a9b1fa,ZRO,54.73101009797868
0xf8d50e3283fb6bf41260f7f294a48587d2a9b1fa,WLD,161.4276731655371
0xf8d50e3283fb6bf41260f7f294a48587d2a9b1fa,NEIRO,21.014668042978244
0xf8d50e3283fb6bf41260f7f294a48587d2a9b1fa,EIGEN,29.46365589047646
0xf8d50e3283fb6bf41260f7f294a48587d2a9b1fa,MOVE,-24.354606995167288
0xf8d50e3283fb6bf41260f7f294a48587d2a9b1fa,FARTCOIN,-75.31967821305133
0xf8d50e3283fb6bf41260f7f294a48587d2a9b1fa,GRASS,1.970777559518737
0xf8d50e3283fb6bf41260f7f294a48587d2a9b1fa,PNUT,44.45960302075961
0xf8d50e3283fb6bf41260f7f294a48587d2a9b1fa,USUAL,-113.39238538566867
0xf8d50e3283fb6bf41260f7f294a48587d2a9b1fa,MORPHO,-102.60299838423433
0xf8d50e3283fb6bf41260f7f294a48587d2a9b1fa,AIXBT,-36.06323216945965
0xf8d50e3283fb6bf41260f7f294a48587d2a9b1fa,HYPE,-1.7352718617055842
0xf8d50e3283fb6bf41260f7f294a48587d2a9b1fa,ME,-81.04498579659437
0xf8d50e3283fb6bf41260f7f294a48587d2a9b1fa,PENGU,179.23540844400716
0xf8d50e3283fb6bf41260f7f294a48587d2a9b1fa,sENA,-229.40851636584264
0xf8d50e3283fb6bf41260f7f294a48587d2a9b1fa,BIO,-7.637688191111764
0xf8d50e3283fb6bf41260f7f294a48587d2a9b1fa,GRIFFAIN,164.1608360660923
0xf8d50e3283fb6bf41260f7f294a48587d2a9b1fa,MELANIA,37.10153019529256
0xf8d50e3283fb6bf41260f7f294a48587d2a9b1fa,VINE,-26.998119240573885
0xf8d50e3283fb6bf41260f7f294a48587d2a9b1fa,ANIME,-15.855542091236671
0xf8d50e3283fb6bf41260f7f294a48587d2a9b1fa,VVV,-45.5032528287349
0xf8d50e3283fb6bf41260f7f294a48587d2a9b1fa,SYRUP,-74.2308527748917
0xf8d50e3283fb6bf41260f7f294a48587d2a9b1fa,BERA,143.690346500515
0xf8d50e3283fb6bf41260f7f294a48587d2a9b1fa,IP,-89.87086230644945
0xf8d50e3283fb6bf41260f7f294a48587d2a9b1fa,KAITO,59.72171040161257
0xf8d50e3283fb6bf41260f7f294a48587d2a9b1fa,NIL,-74.84359942548281
0xf8d50e3283fb6bf41260f7f294a48587d2a9b1fa,WCT,83.40112400279541
0xf8d50e3283fb6bf41260f7f294a48587d2a9b1fa,PUMP,-460.8170595728553
0xf8d50e3283fb6bf41260f7f294a48587d2a9b1fa,INIT,24.73574736259657
0xf8d50e3283fb6bf41260f7f294a48587d2a9b1fa,SOPH,31.646956749233027
0xf8d50e3283fb6bf41260f7f294a48587d2a9b1fa,PROVE,28.313867603176803
0xf8d50e3283fb6bf41260f7f294a48587d2a9b1fa,WLFI,-12.043281965903546
0xf8d50e3283fb6bf41260f7f294a48587d2a9b1fa,0G,244.3442794040805
0xf8d50e3283fb6bf41260f7f294a48587d2a9b1fa,AVNT,58.624272583557065
0xf8d50e3283fb6bf41260f7f294a48587d2a9b1fa,ASTER,-45.04958208171775
0xf8d50e3283fb6bf41260f7f294a48587d2a9b1fa,LINEA,80.12049505902948
0xf8d50e3283fb6bf41260f7f294a48587d2a9b1fa,HEMI,-124.03981498294944
0xf8d50e3283fb6bf41260f7f294a48587d2a9b1fa,XPL,142.49285987309605
0xf8d50e3283fb6bf41260f7f294a48587d2a9b1fa,2Z,70.895348144873
0xf8d50e3283fb6bf41260f7f294a48587d2a9b1fa,CC,-138.26637475662005
0xfb2744ba3942d3bbf6717448e82299b731ca7ae7,BTC,-0.0043144323040514
0xfb2744ba3942d3bbf6717448e82299b731ca7ae7,LTC,0.0033269700882915
0xfb2744ba3942d3bbf6717448e82299b731ca7ae7,XRP,-0.0234271552081045
0xfb2744ba3942d3bbf6717448e82299b731ca7ae7,DOGE,-0.0358030389379572
0xfb2744ba3942d3bbf6717448e82299b731ca7ae7,DASH,-0.0119051881942501
0xfb2744ba3942d3bbf6717448e82299b731ca7ae7,XMR,-0.0076251903476511
0xfb2744ba3942d3bbf6717448e82299b731ca7ae7,XLM,-0.0134241601256658
0xfb2744ba3942d3bbf6717448e82299b731ca7ae7,ETH,-0.006003415664337
0xfb2744ba3942d3bbf6717448e82299b731ca7ae7,ETC,-0.0043880216568101
0xfb2744ba3942d3bbf6717448e82299b731ca7ae7,ZEC,-0.0054936910066082
0xfb2744ba3942d3bbf6717448e82299b731ca7ae7,ZEN,-0.0174002443294199
0xfb2744ba3942d3bbf6717448e82299b731ca7ae7,IOTA,-0.0251361248905539
0xfb2744ba3942d3bbf6717448e82299b731ca7ae7,BCH,-0.0027538326262357
0xfb2744ba3942d3bbf6717448e82299b731ca7ae7,BNB,0.007893580900272
0xfb2744ba3942d3bbf6717448e82299b731ca7ae7,TRX,0.0045619545685254
0xfb2744ba3942d3bbf6717448e82299b731ca7ae7,LINK,0.0172903110484932
0xfb2744ba3942d3bbf6717448e82299b731ca7ae7,ADA,-0.0004719246037238
0xfb2744ba3942d3bbf6717448e82299b731ca7ae7,FIL,0.0001298295971968
0xfb2744ba3942d3bbf6717448e82299b731ca7ae7,SNX,-0.0060471521035133
0xfb2744ba3942d3bbf6717448e82299b731ca7ae7,BSV,0.0011204046883487
0xfb2744ba3942d3bbf6717448e82299b731ca7ae7,FET,-0.0079327798934748
0xfb2744ba3942d3bbf6717448e82299b731ca7ae7,ATOM,-0.0012291083432513
0xfb2744ba3942d3bbf6717448e82299b731ca7ae7,RSR,-0.008320957440233
0xfb2744ba3942d3bbf6717448e82299b731ca7ae7,ALGO,-0.0151051693878267
0xfb2744ba3942d3bbf6717448e82299b731ca7ae7,RUNE,-0.0089627828636527
0xfb2744ba3942d3bbf6717448e82299b731ca7ae7,LUNC,-0.0052482636245959
0xfb2744ba3942d3bbf6717448e82299b731ca7ae7,HBAR,-0.0126999973270964
0xfb2744ba3942d3bbf6717448e82299b731ca7ae7,PAXG,0.0021715481362427
0xfb2744ba3942d3bbf6717448e82299b731ca7ae7,STX,-0.0789010724994123
0xfb2744ba3942d3bbf6717448e82299b731ca7ae7,TRB,-0.0093054250716896
0xfb2744ba3942d3bbf6717448e82299b731ca7ae7,SOL,0.0013138532295974
0xfb2744ba3942d3bbf6717448e82299b731ca7ae7,CELO,-0.0147803985481578
0xfb2744ba3942d3bbf6717448e82299b731ca7ae7,UMA,-0.0061745861400403
0xfb2744ba3942d3bbf6717448e82299b731ca7ae7,AR,-0.0134397437209505
0xfb2744ba3942d3bbf6717448e82299b731ca7ae7,RENDER,-0.0082054362828972
0xfb2744ba3942d3bbf6717448e82299b731ca7ae7,COMP,-0.0086306739020648
0xfb2744ba3942d3bbf6717448e82299b731ca7ae7,AVAX,-0.0037124324708253
0xfb2744ba3942d3bbf6717448e82299b731ca7ae7,SHIB,-0.0198547607280569
0xfb2744ba3942d3bbf6717448e82299b731ca7ae7,SAND,-0.0078274041379598
0xfb2744ba3942d3bbf6717448e82299b731ca7ae7,NEAR,-0.0076646167352293
0xfb2744ba3942d3bbf6717448e82299b731ca7ae7,CRV,-0.0168841277880887
0xfb2744ba3942d3bbf6717448e82299b731ca7ae7,DOT,0.0069950259204768
0xfb2744ba3942d3bbf6717448e82299b731ca7ae7,SUSHI,-0.0084207675566124
0xfb2744ba3942d3bbf6717448e82299b731ca7ae7,AXS,-0.0004406571607165
0xfb2744ba3942d3bbf6717448e82299b731ca7ae7,GALA,-0.0195713600202686
0xfb2744ba3942d3bbf6717448e82299b731ca7ae7,UNI,-0.0252619783117883
0xfb2744ba3942d3bbf6717448e82299b731ca7ae7,CAKE,-0.0031680630278456
0xfb2744ba3942d3bbf6717448e82299b731ca7ae7,INJ,-0.0275380680386964
0xfb2744ba3942d3bbf6717448e82299b731ca7ae7,AAVE,-0.0208884914311836
0xfb2744ba3942d3bbf6717448e82299b731ca7ae7,CFX,-0.0105173276026396
0xfb2744ba3942d3bbf6717448e82299b731ca7ae7,LDO,-0.0085134900955527
0xfb2744ba3942d3bbf6717448e82299b731ca7ae7,MINA,-0.0225465789254674
0xfb2744ba3942d3bbf6717448e82299b731ca7ae7,ICP,-0.0093517334662707
0xfb2744ba3942d3bbf6717448e82299b731ca7ae7,PENDLE,-0.0143465872678754
0xfb2744ba3942d3bbf6717448e82299b731ca7ae7,IMX,-0.0091113195878553
0xfb2744ba3942d3bbf6717448e82299b731ca7ae7,FLOKI,-0.017440272397018
0xfb2744ba3942d3bbf6717448e82299b731ca7ae7,OP,-0.0290841354664778
0xfb2744ba3942d3bbf6717448e82299b731ca7ae7,ARB,-0.0334762885883737
0xfb2744ba3942d3bbf6717448e82299b731ca7ae7,GMX,-0.0082569492585818
0xfb2744ba3942d3bbf6717448e82299b731ca7ae7,WLD,-0.0174441711315541
0xfb2744ba3942d3bbf6717448e82299b731ca7ae7,MANTA,-0.0037008578642087
0xfb2744ba3942d3bbf6717448e82299b731ca7ae7,ENS,-0.0247273469656499
0xfb2744ba3942d3bbf6717448e82299b731ca7ae7,PEOPLE,-0.0376616409948888
0xfb2744ba3942d3bbf6717448e82299b731ca7ae7,GMT,0.0009672575296946
0xfb2744ba3942d3bbf6717448e82299b731ca7ae7,APE,-0.0006821882462464
0xfb2744ba3942d3bbf6717448e82299b731ca7ae7,APEX,-0.0307494042196534
0xfb2744ba3942d3bbf6717448e82299b731ca7ae7,KAS,-0.0010399939000157
0xfb2744ba3942d3bbf6717448e82299b731ca7ae7,SUI,-0.0224803992489325
0xfb2744ba3942d3bbf6717448e82299b731ca7ae7,ONDO,-0.0139597271298737
0xfb2744ba3942d3bbf6717448e82299b731ca7ae7,ZETA,-0.0091049092304408
0xfb2744ba3942d3bbf6717448e82299b731ca7ae7,APT,-0.0041902451496008
0xfb2744ba3942d3bbf6717448e82299b731ca7ae7,STRK,-0.0086140872943062
0xfb2744ba3942d3bbf6717448e82299b731ca7ae7,TIA,-0.0056649879864585
0xfb2744ba3942d3bbf6717448e82299b731ca7ae7,TAO,-0.0203692067876926
0xfb2744ba3942d3bbf6717448e82299b731ca7ae7,BONK,-0.0246863111217557
0xfb2744ba3942d3bbf6717448e82299b731ca7ae7,BLUR,-0.0197549068740279
0xfb2744ba3942d3bbf6717448e82299b731ca7ae7,SEI,-0.0037514772179889
0xfb2744ba3942d3bbf6717448e82299b731ca7ae7,ZK,-0.0037278175803074
0xfb2744ba3942d3bbf6717448e82299b731ca7ae7,PEPE,-0.0456042468727388
0xfb2744ba3942d3bbf6717448e82299b731ca7ae7,BERA,-0.0091101496573958
0xfb2744ba3942d3bbf6717448e82299b731ca7ae7,TURBO,-0.0219572257025451
0xfb2744ba3942d3bbf6717448e82299b731ca7ae7,ORDI,-0.0036769565441595
0xfb2744ba3942d3bbf6717448e82299b731ca7ae7,ZRO,-0.0324932045266402
0xfb2744ba3942d3bbf6717448e82299b731ca7ae7,MNT,-0.0083950482654996
0xfb2744ba3942d3bbf6717448e82299b731ca7ae7,LINEA,-0.001296502703186
0xfb2744ba3942d3bbf6717448e82299b731ca7ae7,PYTH,-0.0099955747699026
0xfb2744ba3942d3bbf6717448e82299b731ca7ae7,MEME,-0.0137567500383208
0xfb2744ba3942d3bbf6717448e82299b731ca7ae7,POL,-0.0315915833287725
0xfb2744ba3942d3bbf6717448e82299b731ca7ae7,JTO,-0.007439628524552
0xfb2744ba3942d3bbf6717448e82299b731ca7ae7,WIF,-0.0253078935441288
0xfb2744ba3942d3bbf6717448e82299b731ca7ae7,POPCAT,-0.0090581601356153
0xfb2744ba3942d3bbf6717448e82299b731ca7ae7,NOT,-0.0078308719231525
0xfb2744ba3942d3bbf6717448e82299b731ca7ae7,DYM,-0.0093608016854332
0xfb2744ba3942d3bbf6717448e82299b731ca7ae7,XAI,-0.0120595799712798
0xfb2744ba3942d3bbf6717448e82299b731ca7ae7,ALT,-0.0085979326126831
0xfb2744ba3942d3bbf6717448e82299b731ca7ae7,JUP,-0.0218551369207815
0xfb2744ba3942d3bbf6717448e82299b731ca7ae7,AERO,-0.0030931110606177
0xfb2744ba3942d3bbf6717448e82299b731ca7ae7,VIRTUAL,-0.0208409019084754
0xfb2744ba3942d3bbf6717448e82299b731ca7ae7,W,-0.0183000704700713
0xfb2744ba3942d3bbf6717448e82299b731ca7ae7,BRETT,-0.043175877685423
0xfb2744ba3942d3bbf6717448e82299b731ca7ae7,ETHFI,-0.0164991923204307
0xfb2744ba3942d3bbf6717448e82299b731ca7ae7,IO,-0.0275926864096007
0xfb2744ba3942d3bbf6717448e82299b731ca7ae7,BOME,-0.0330839782831535
0xfb2744ba3942d3bbf6717448e82299b731ca7ae7,sENA,-0.0835434942547247
0xfb2744ba3942d3bbf6717448e82299b731ca7ae7,TNSR,-0.0128157455684166
0xfb2744ba3942d3bbf6717448e82299b731ca7ae7,EIGEN,-0.0124725224212024
0xfb2744ba3942d3bbf6717448e82299b731ca7ae7,MON,-0.0175394321160339
0xfb2744ba3942d3bbf6717448e82299b731ca7ae7,MERL,-0.0066014334883661
0xfb2744ba3942d3bbf6717448e82299b731ca7ae7,REZ,-0.0105286101662934
0xfb2744ba3942d3bbf6717448e82299b731ca7ae7,SOPH,-0.0008834534467068
0xfb2744ba3942d3bbf6717448e82299b731ca7ae7,HYPE,-0.0198172994872129
0xfb2744ba3942d3bbf6717448e82299b731ca7ae7,ME,-0.007558391173647
0xfb2744ba3942d3bbf6717448e82299b731ca7ae7,BABY,-0.0273062517920392
0xfb2744ba3942d3bbf6717448e82299b731ca7ae7,MOVE,-0.0442107574025548
0xfb2744ba3942d3bbf6717448e82299b731ca7ae7,NEIRO,-0.0356381717476609
0xfb2744ba3942d3bbf6717448e82299b731ca7ae7,S,-0.0268746344251423
0xfb2744ba3942d3bbf6717448e82299b731ca7ae7,GRASS,-0.0197988217688981
0xfb2744ba3942d3bbf6717448e82299b731ca7ae7,SKY,-0.0189772946953497
0xfb2744ba3942d3bbf6717448e82299b731ca7ae7,INIT,-0.0024329883639024
0xfb2744ba3942d3bbf6717448e82299b731ca7ae7,WCT,-0.0097050372626565
0xfb2744ba3942d3bbf6717448e82299b731ca7ae7,WLFI,-0.0060559144292063
0xfb2744ba3942d3bbf6717448e82299b731ca7ae7,GOAT,-0.0208571111152368
0xfb2744ba3942d3bbf6717448e82299b731ca7ae7,FARTCOIN,-0.0005884826684458
0xfb2744ba3942d3bbf6717448e82299b731ca7ae7,PNUT,-0.0115294136371294
0xfb2744ba3942d3bbf6717448e82299b731ca7ae7,SYRUP,-0.0165273066394764
0xfb2744ba3942d3bbf6717448e82299b731ca7ae7,USUAL,-0.0252873237204216
0xfb2744ba3942d3bbf6717448e82299b731ca7ae7,AIXBT,-0.0118646482392141
0xfb2744ba3942d3bbf6717448e82299b731ca7ae7,MORPHO,-0.0013891917771374
0xfb2744ba3942d3bbf6717448e82299b731ca7ae7,PENGU,-0.033111009221709
0xfb2744ba3942d3bbf6717448e82299b731ca7ae7,GRIFFAIN,-0.0067747289265353
0xfb2744ba3942d3bbf6717448e82299b731ca7ae7,BIO,-0.0326966189906667
0xfb2744ba3942d3bbf6717448e82299b731ca7ae7,ANIME,-0.00634488811291
0xfb2744ba3942d3bbf6717448e82299b731ca7ae7,TRUMP,-0.0078518371477984
0xfb2744ba3942d3bbf6717448e82299b731ca7ae7,MELANIA,-0.0327984486270193
0xfb2744ba3942d3bbf6717448e82299b731ca7ae7,VINE,-0.0111772153367914
0xfb2744ba3942d3bbf6717448e82299b731ca7ae7,LAYER,-0.0241241798567499
0xfb2744ba3942d3bbf6717448e82299b731ca7ae7,VVV,-0.0209936898326195
0xfb2744ba3942d3bbf6717448e82299b731ca7ae7,IP,0.0004734335699902
0xfb2744ba3942d3bbf6717448e82299b731ca7ae7,NIL,-0.0213610580818581
0xfb2744ba3942d3bbf6717448e82299b731ca7ae7,KAITO,-0.0723690842708526
0xfb2744ba3942d3bbf6717448e82299b731ca7ae7,ZORA,-0.0356203165810109
0xfb2744ba3942d3bbf6717448e82299b731ca7ae7,HYPER,-0.0057770514532854
0xfb2744ba3942d3bbf6717448e82299b731ca7ae7,ASTER,-0.0018116044267392
0xfb2744ba3942d3bbf6717448e82299b731ca7ae7,PUMP,-0.0366592362136214
0xfb2744ba3942d3bbf6717448e82299b731ca7ae7,XPL,-0.0214450502516647
0xfb2744ba3942d3bbf6717448e82299b731ca7ae7,CC,-0.0319125008810393
0xfb2744ba3942d3bbf6717448e82299b731ca7ae7,PROVE,-0.0147943651260523
0xfb2744ba3942d3bbf6717448e82299b731ca7ae7,HEMI,-0.0501657141217294
0xfb2744ba3942d3bbf6717448e82299b731ca7ae7,AVNT,-0.0121886631584216
0xfb2744ba3942d3bbf6717448e82299b731ca7ae7,0G,-0.0123816866868635
0xfb2744ba3942d3bbf6717448e82299b731ca7ae7,2Z,-0.0048709855731563
0xfb2744ba3942d3bbf6717448e82299b731ca7ae7,LIT,-0.0124977738590715
0xfb8bc3433016a64a3b8aa23c0275afe7c20feb53,BTC,-0.013340879
0xfb8bc3433016a64a3b8aa23c0275afe7c20feb53,LTC,0.012153883
0xfb8bc3433016a64a3b8aa23c0275afe7c20feb53,XRP,-0.01924202
0xfb8bc3433016a64a3b8aa23c0275afe7c20feb53,DOGE,-0.010401403
0xfb8bc3433016a64a3b8aa23c0275afe7c20feb53,DASH,-0.020933613
0xfb8bc3433016a64a3b8aa23c0275afe7c20feb53,XMR,0.014876061
0xfb8bc3433016a64a3b8aa23c0275afe7c20feb53,XLM,-0.00072843966
0xfb8bc3433016a64a3b8aa23c0275afe7c20feb53,ETH,-0.0024252874
0xfb8bc3433016a64a3b8aa23c0275afe7c20feb53,ETC,0.0068145455
0xfb8bc3433016a64a3b8aa23c0275afe7c20feb53,ZEC,-0.010576227
0xfb8bc3433016a64a3b8aa23c0275afe7c20feb53,ZEN,-0.021597005
0xfb8bc3433016a64a3b8aa23c0275afe7c20feb53,IOTA,-0.0068094255
0xfb8bc3433016a64a3b8aa23c0275afe7c20feb53,BCH,0.0011866939
0xfb8bc3433016a64a3b8aa23c0275afe7c20feb53,BNB,0.010588444
0xfb8bc3433016a64a3b8aa23c0275afe7c20feb53,TRX,0.0077435193
0xfb8bc3433016a64a3b8aa23c0275afe7c20feb53,LINK,0.015149704
0xfb8bc3433016a64a3b8aa23c0275afe7c20feb53,ADA,0.0000015102443
0xfb8bc3433016a64a3b8aa23c0275afe7c20feb53,FIL,0.0055393777
0xfb8bc3433016a64a3b8aa23c0275afe7c20feb53,SNX,0.00036945348
0xfb8bc3433016a64a3b8aa23c0275afe7c20feb53,BSV,0.011986611
0xfb8bc3433016a64a3b8aa23c0275afe7c20feb53,FET,-0.012893671
0xfb8bc3433016a64a3b8aa23c0275afe7c20feb53,ATOM,0.0019889781
0xfb8bc3433016a64a3b8aa23c0275afe7c20feb53,RSR,-0.014718965
0xfb8bc3433016a64a3b8aa23c0275afe7c20feb53,ALGO,-0.0072899302
0xfb8bc3433016a64a3b8aa23c0275afe7c20feb53,RUNE,-0.0029097588
0xfb8bc3433016a64a3b8aa23c0275afe7c20feb53,LUNC,-0.00057307066
0xfb8bc3433016a64a3b8aa23c0275afe7c20feb53,HBAR,0.004333744
0xfb8bc3433016a64a3b8aa23c0275afe7c20feb53,PAXG,0.0142668495
0xfb8bc3433016a64a3b8aa23c0275afe7c20feb53,STX,-0.03513037
0xfb8bc3433016a64a3b8aa23c0275afe7c20feb53,TRB,-0.0071719885
0xfb8bc3433016a64a3b8aa23c0275afe7c20feb53,SOL,0.0049843984
0xfb8bc3433016a64a3b8aa23c0275afe7c20feb53,CELO,-0.0026381598
0xfb8bc3433016a64a3b8aa23c0275afe7c20feb53,UMA,-0.0017818377
0xfb8bc3433016a64a3b8aa23c0275afe7c20feb53,AR,-0.00051355263
0xfb8bc3433016a64a3b8aa23c0275afe7c20feb53,RENDER,0.017718064
0xfb8bc3433016a64a3b8aa23c0275afe7c20feb53,COMP,-0.00086318
0xfb8bc3433016a64a3b8aa23c0275afe7c20feb53,AVAX,-0.0037108306
0xfb8bc3433016a64a3b8aa23c0275afe7c20feb53,SHIB,-0.012579435
0xfb8bc3433016a64a3b8aa23c0275afe7c20feb53,SAND,-0.00886932
0xfb8bc3433016a64a3b8aa23c0275afe7c20feb53,NEAR,-0.00009388765
0xfb8bc3433016a64a3b8aa23c0275afe7c20feb53,CRV,-0.0012111763
0xfb8bc3433016a64a3b8aa23c0275afe7c20feb53,DOT,-0.0016353272
0xfb8bc3433016a64a3b8aa23c0275afe7c20feb53,SUSHI,-0.00007598162
0xfb8bc3433016a64a3b8aa23c0275afe7c20feb53,AXS,0.0013144751
0xfb8bc3433016a64a3b8aa23c0275afe7c20feb53,GALA,-0.019712273
0xfb8bc3433016a64a3b8aa23c0275afe7c20feb53,UNI,0.000048569986
0xfb8bc3433016a64a3b8aa23c0275afe7c20feb53,CAKE,-0.0047056796
0xfb8bc3433016a64a3b8aa23c0275afe7c20feb53,INJ,-0.016240412
0xfb8bc3433016a64a3b8aa23c0275afe7c20feb53,AAVE,-0.020834232
0xfb8bc3433016a64a3b8aa23c0275afe7c20feb53,CFX,-0.004473167
0xfb8bc3433016a64a3b8aa23c0275afe7c20feb53,LDO,-0.0060732225
0xfb8bc3433016a64a3b8aa23c0275afe7c20feb53,MINA,-0.019840702
0xfb8bc3433016a64a3b8aa23c0275afe7c20feb53,ICP,0.00091334747
0xfb8bc3433016a64a3b8aa23c0275afe7c20feb53,PENDLE,-0.017680654
0xfb8bc3433016a64a3b8aa23c0275afe7c20feb53,IMX,-0.006246511
0xfb8bc3433016a64a3b8aa23c0275afe7c20feb53,FLOKI,-0.009906727
0xfb8bc3433016a64a3b8aa23c0275afe7c20feb53,OP,-0.033949796
0xfb8bc3433016a64a3b8aa23c0275afe7c20feb53,ARB,-0.010705706
0xfb8bc3433016a64a3b8aa23c0275afe7c20feb53,GMX,-0.0010930748
0xfb8bc3433016a64a3b8aa23c0275afe7c20feb53,WLD,-0.005708469
0xfb8bc3433016a64a3b8aa23c0275afe7c20feb53,MANTA,-0.0030313814
0xfb8bc3433016a64a3b8aa23c0275afe7c20feb53,ENS,-0.009892095
0xfb8bc3433016a64a3b8aa23c0275afe7c20feb53,PEOPLE,-0.009599969
0xfb8bc3433016a64a3b8aa23c0275afe7c20feb53,GMT,-0.008966871
0xfb8bc3433016a64a3b8aa23c0275afe7c20feb53,APE,0.004040981
0xfb8bc3433016a64a3b8aa23c0275afe7c20feb53,APEX,-0.020126678
0xfb8bc3433016a64a3b8aa23c0275afe7c20feb53,KAS,0.001989291
0xfb8bc3433016a64a3b8aa23c0275afe7c20feb53,SUI,-0.010911751
0xfb8bc3433016a64a3b8aa23c0275afe7c20feb53,ONDO,-0.0015182974
0xfb8bc3433016a64a3b8aa23c0275afe7c20feb53,ZETA,-0.0012853688
0xfb8bc3433016a64a3b8aa23c0275afe7c20feb53,APT,0.0010290944
0xfb8bc3433016a64a3b8aa23c0275afe7c20feb53,STRK,-0.0006737832
0xfb8bc3433016a64a3b8aa23c0275afe7c20feb53,TIA,0.0059695453
0xfb8bc3433016a64a3b8aa23c0275afe7c20feb53,TAO,-0.02130318
0xfb8bc3433016a64a3b8aa23c0275afe7c20feb53,BONK,-0.00627183
0xfb8bc3433016a64a3b8aa23c0275afe7c20feb53,BLUR,-0.00018576715
0xfb8bc3433016a64a3b8aa23c0275afe7c20feb53,SEI,0.0013502168
0xfb8bc3433016a64a3b8aa23c0275afe7c20feb53,ZK,-0.000620278
0xfb8bc3433016a64a3b8aa23c0275afe7c20feb53,PEPE,-0.023472834
0xfb8bc3433016a64a3b8aa23c0275afe7c20feb53,BERA,-0.0005859634
0xfb8bc3433016a64a3b8aa23c0275afe7c20feb53,TURBO,-0.008969019
0xfb8bc3433016a64a3b8aa23c0275afe7c20feb53,ORDI,0.0007037103
0xfb8bc3433016a64a3b8aa23c0275afe7c20feb53,ZRO,-0.0046620206
0xfb8bc3433016a64a3b8aa23c0275afe7c20feb53,MNT,-0.00032908653
0xfb8bc3433016a64a3b8aa23c0275afe7c20feb53,LINEA,-0.001493201
0xfb8bc3433016a64a3b8aa23c0275afe7c20feb53,PYTH,0.00086694275
0xfb8bc3433016a64a3b8aa23c0275afe7c20feb53,MEME,-0.0061929626
0xfb8bc3433016a64a3b8aa23c0275afe7c20feb53,POL,-0.032301508
0xfb8bc3433016a64a3b8aa23c0275afe7c20feb53,JTO,0.008054541
0xfb8bc3433016a64a3b8aa23c0275afe7c20feb53,WIF,-0.020377895
0xfb8bc3433016a64a3b8aa23c0275afe7c20feb53,POPCAT,-0.0039449255
0xfb8bc3433016a64a3b8aa23c0275afe7c20feb53,NOT,0.00006433324
0xfb8bc3433016a64a3b8aa23c0275afe7c20feb53,DYM,-0.0007644185
0xfb8bc3433016a64a3b8aa23c0275afe7c20feb53,XAI,0.00035846402
0xfb8bc3433016a64a3b8aa23c0275afe7c20feb53,ALT,0.011338677
0xfb8bc3433016a64a3b8aa23c0275afe7c20feb53,JUP,-0.0050570685
0xfb8bc3433016a64a3b8aa23c0275afe7c20feb53,AERO,0.0034176398
0xfb8bc3433016a64a3b8aa23c0275afe7c20feb53,VIRTUAL,-0.0005678067
0xfb8bc3433016a64a3b8aa23c0275afe7c20feb53,W,-0.023347989
0xfb8bc3433016a64a3b8aa23c0275afe7c20feb53,BRETT,-0.033910103
0xfb8bc3433016a64a3b8aa23c0275afe7c20feb53,ETHFI,0.0010378225
0xfb8bc3433016a64a3b8aa23c0275afe7c20feb53,IO,-0.0076876297
0xfb8bc3433016a64a3b8aa23c0275afe7c20feb53,BOME,0.007255726
0xfb8bc3433016a64a3b8aa23c0275afe7c20feb53,sENA,-0.07060604
0xfb8bc3433016a64a3b8aa23c0275afe7c20feb53,TNSR,-0.002811548
0xfb8bc3433016a64a3b8aa23c0275afe7c20feb53,EIGEN,-0.0043856995
0xfb8bc3433016a64a3b8aa23c0275afe7c20feb53,MON,-0.01138114
0xfb8bc3433016a64a3b8aa23c0275afe7c20feb53,MERL,-0.0014247278
0xfb8bc3433016a64a3b8aa23c0275afe7c20feb53,REZ,0.000013226281
0xfb8bc3433016a64a3b8aa23c0275afe7c20feb53,SOPH,0.0013937895
0xfb8bc3433016a64a3b8aa23c0275afe7c20feb53,HYPE,-0.015215554
0xfb8bc3433016a64a3b8aa23c0275afe7c20feb53,ME,-0.0036405318
0xfb8bc3433016a64a3b8aa23c0275afe7c20feb53,BABY,-0.016115911
0xfb8bc3433016a64a3b8aa23c0275afe7c20feb53,MOVE,-0.03339299
0xfb8bc3433016a64a3b8aa23c0275afe7c20feb53,NEIRO,-0.026041161
0xfb8bc3433016a64a3b8aa23c0275afe7c20feb53,S,-0.028311612
0xfb8bc3433016a64a3b8aa23c0275afe7c20feb53,GRASS,0.00023373426
0xfb8bc3433016a64a3b8aa23c0275afe7c20feb53,SKY,-0.018111898
0xfb8bc3433016a64a3b8aa23c0275afe7c20feb53,INIT,0.00038534155
0xfb8bc3433016a64a3b8aa23c0275afe7c20feb53,WCT,-0.0015394505
0xfb8bc3433016a64a3b8aa23c0275afe7c20feb53,WLFI,-0.0011059394
0xfb8bc3433016a64a3b8aa23c0275afe7c20feb53,GOAT,-0.0064809816
0xfb8bc3433016a64a3b8aa23c0275afe7c20feb53,FARTCOIN,0.00705457
0xfb8bc3433016a64a3b8aa23c0275afe7c20feb53,PNUT,-0.0022750553
0xfb8bc3433016a64a3b8aa23c0275afe7c20feb53,SYRUP,-0.0030739158
0xfb8bc3433016a64a3b8aa23c0275afe7c20feb53,USUAL,-0.022069743
0xfb8bc3433016a64a3b8aa23c0275afe7c20feb53,AIXBT,-0.0020680248
0xfb8bc3433016a64a3b8aa23c0275afe7c20feb53,MORPHO,-0.004686523
0xfb8bc3433016a64a3b8aa23c0275afe7c20feb53,PENGU,-0.017577741
0xfb8bc3433016a64a3b8aa23c0275afe7c20feb53,GRIFFAIN,0.000043301934
0xfb8bc3433016a64a3b8aa23c0275afe7c20feb53,BIO,-0.016237041
0xfb8bc3433016a64a3b8aa23c0275afe7c20feb53,ANIME,0.008837833
0xfb8bc3433016a64a3b8aa23c0275afe7c20feb53,TRUMP,-0.044561043
0xfb8bc3433016a64a3b8aa23c0275afe7c20feb53,MELANIA,-0.0024761439
0xfb8bc3433016a64a3b8aa23c0275afe7c20feb53,VINE,0.0062374254
0xfb8bc3433016a64a3b8aa23c0275afe7c20feb53,LAYER,-0.019703794
0xfb8bc3433016a64a3b8aa23c0275afe7c20feb53,VVV,-0.029764863
0xfb8bc3433016a64a3b8aa23c0275afe7c20feb53,IP,-0.000098029785
0xfb8bc3433016a64a3b8aa23c0275afe7c20feb53,NIL,-0.019763764
0xfb8bc3433016a64a3b8aa23c0275afe7c20feb53,KAITO,-0.08169338
0xfb8bc3433016a64a3b8aa23c0275afe7c20feb53,ZORA,-0.019288275
0xfb8bc3433016a64a3b8aa23c0275afe7c20feb53,HYPER,0.0014887996
0xfb8bc3433016a64a3b8aa23c0275afe7c20feb53,ASTER,0.0044158213
0xfb8bc3433016a64a3b8aa23c0275afe7c20feb53,PUMP,-0.031591725
0xfb8bc3433016a64a3b8aa23c0275afe7c20feb53,XPL,-0.0061610304
0xfb8bc3433016a64a3b8aa23c0275afe7c20feb53,CC,-0.031870835
0xfb8bc3433016a64a3b8aa23c0275afe7c20feb53,PROVE,-0.011294386
0xfb8bc3433016a64a3b8aa23c0275afe7c20feb53,HEMI,-0.0645182
0xfb8bc3433016a64a3b8aa23c0275afe7c20feb53,AVNT,-0.008351246
0xfb8bc3433016a64a3b8aa23c0275afe7c20feb53,0G,-0.0061752186
0xfb8bc3433016a64a3b8aa23c0275afe7c20feb53,2Z,0.0011276478
0xfb8bc3433016a64a3b8aa23c0275afe7c20feb53,LIT,0.015020873
0xfe3c3f351e6df846566e10119e4295ed69b2cd72,BTC,0.0072687003
0xfe3c3f351e6df846566e10119e4295ed69b2cd72,LTC,0.00085936044
0xfe3c3f351e6df846566e10119e4295ed69b2cd72,XRP,-0.032195177
0xfe3c3f351e6df846566e10119e4295ed69b2cd72,DOGE,-0.018925307
0xfe3c3f351e6df846566e10119e4295ed69b2cd72,DASH,-0.024331067
0xfe3c3f351e6df846566e10119e4295ed69b2cd72,XMR,-0.015991054
0xfe3c3f351e6df846566e10119e4295ed69b2cd72,XLM,0.004240793
0xfe3c3f351e6df846566e10119e4295ed69b2cd72,ETH,-0.0020998435
0xfe3c3f351e6df846566e10119e4295ed69b2cd72,ETC,0.0064333654
0xfe3c3f351e6df846566e10119e4295ed69b2cd72,ZEC,-0.01246884
0xfe3c3f351e6df846566e10119e4295ed69b2cd72,ZEN,-0.008091581
0xfe3c3f351e6df846566e10119e4295ed69b2cd72,IOTA,-0.009285139
0xfe3c3f351e6df846566e10119e4295ed69b2cd72,BCH,0.02143274
0xfe3c3f351e6df846566e10119e4295ed69b2cd72,BNB,0.0068494543
0xfe3c3f351e6df846566e10119e4295ed69b2cd72,TRX,0.028726924
0xfe3c3f351e6df846566e10119e4295ed69b2cd72,LINK,0.0059243375
0xfe3c3f351e6df846566e10119e4295ed69b2cd72,ADA,-0.0044887117
0xfe3c3f351e6df846566e10119e4295ed69b2cd72,FIL,0.009969344
0xfe3c3f351e6df846566e10119e4295ed69b2cd72,SNX,0.006539836
0xfe3c3f351e6df846566e10119e4295ed69b2cd72,BSV,0.007846911
0xfe3c3f351e6df846566e10119e4295ed69b2cd72,FET,-0.006056844
0xfe3c3f351e6df846566e10119e4295ed69b2cd72,ATOM,0.029606102
0xfe3c3f351e6df846566e10119e4295ed69b2cd72,RSR,-0.013656052
0xfe3c3f351e6df846566e10119e4295ed69b2cd72,ALGO,-0.0015749377
0xfe3c3f351e6df846566e10119e4295ed69b2cd72,RUNE,0.00004316491
0xfe3c3f351e6df846566e10119e4295ed69b2cd72,LUNC,0.0010582049
0xfe3c3f351e6df846566e10119e4295ed69b2cd72,HBAR,0.00028121614
0xfe3c3f351e6df846566e10119e4295ed69b2cd72,PAXG,0.0073602437
0xfe3c3f351e6df846566e10119e4295ed69b2cd72,STX,-0.059938725
0xfe3c3f351e6df846566e10119e4295ed69b2cd72,TRB,-0.003479784
0xfe3c3f351e6df846566e10119e4295ed69b2cd72,SOL,0.006491572
0xfe3c3f351e6df846566e10119e4295ed69b2cd72,CELO,-0.000012358604
0xfe3c3f351e6df846566e10119e4295ed69b2cd72,UMA,-0.006824283
0xfe3c3f351e6df846566e10119e4295ed69b2cd72,AR,0.0020436004
0xfe3c3f351e6df846566e10119e4295ed69b2cd72,RENDER,0.013213599
0xfe3c3f351e6df846566e10119e4295ed69b2cd72,COMP,-0.0019738863
0xfe3c3f351e6df846566e10119e4295ed69b2cd72,AVAX,0.0001670802
0xfe3c3f351e6df846566e10119e4295ed69b2cd72,SHIB,-0.005374578
0xfe3c3f351e6df846566e10119e4295ed69b2cd72,SAND,-0.0034071198
0xfe3c3f351e6df846566e10119e4295ed69b2cd72,NEAR,0.009478096
0xfe3c3f351e6df846566e10119e4295ed69b2cd72,CRV,0.0001418579
0xfe3c3f351e6df846566e10119e4295ed69b2cd72,DOT,0.004158283
0xfe3c3f351e6df846566e10119e4295ed69b2cd72,SUSHI,0.001898061
0xfe3c3f351e6df846566e10119e4295ed69b2cd72,AXS,0.0076137236
0xfe3c3f351e6df846566e10119e4295ed69b2cd72,GALA,-0.025676481
0xfe3c3f351e6df846566e10119e4295ed69b2cd72,UNI,-0.015042108
0xfe3c3f351e6df846566e10119e4295ed69b2cd72,CAKE,0.0012852761
0xfe3c3f351e6df846566e10119e4295ed69b2cd72,INJ,-0.025124468
0xfe3c3f351e6df846566e10119e4295ed69b2cd72,AAVE,0.0018169929
0xfe3c3f351e6df846566e10119e4295ed69b2cd72,CFX,0.000043973127
0xfe3c3f351e6df846566e10119e4295ed69b2cd72,LDO,-0.006077722
0xfe3c3f351e6df846566e10119e4295ed69b2cd72,MINA,-0.0027733075
0xfe3c3f351e6df846566e10119e4295ed69b2cd72,ICP,-0.0010771432
0xfe3c3f351e6df846566e10119e4295ed69b2cd72,PENDLE,-0.0120625645
0xfe3c3f351e6df846566e10119e4295ed69b2cd72,IMX,-0.00095751946
0xfe3c3f351e6df846566e10119e4295ed69b2cd72,FLOKI,-0.003573875
0xfe3c3f351e6df846566e10119e4295ed69b2cd72,OP,-0.0093712695
0xfe3c3f351e6df846566e10119e4295ed69b2cd72,ARB,-0.009465428
0xfe3c3f351e6df846566e10119e4295ed69b2cd72,GMX,-0.003614773
0xfe3c3f351e6df846566e10119e4295ed69b2cd72,WLD,-0.009717152
0xfe3c3f351e6df846566e10119e4295ed69b2cd72,MANTA,0.001019683
0xfe3c3f351e6df846566e10119e4295ed69b2cd72,ENS,-0.010652332
0xfe3c3f351e6df846566e10119e4295ed69b2cd72,PEOPLE,-0.01527995
0xfe3c3f351e6df846566e10119e4295ed69b2cd72,GMT,0.0028900167
0xfe3c3f351e6df846566e10119e4295ed69b2cd72,APE,0.006260707
0xfe3c3f351e6df846566e10119e4295ed69b2cd72,APEX,-0.025298506
0xfe3c3f351e6df846566e10119e4295ed69b2cd72,KAS,0.00205399
0xfe3c3f351e6df846566e10119e4295ed69b2cd72,SUI,-0.011513462
0xfe3c3f351e6df846566e10119e4295ed69b2cd72,ONDO,-0.00022730397
0xfe3c3f351e6df846566e10119e4295ed69b2cd72,ZETA,0.0012082533
0xfe3c3f351e6df846566e10119e4295ed69b2cd72,APT,0.0054443646
0xfe3c3f351e6df846566e10119e4295ed69b2cd72,STRK,0.0001833086
0xfe3c3f351e6df846566e10119e4295ed69b2cd72,TIA,0.00543297
0xfe3c3f351e6df846566e10119e4295ed69b2cd72,TAO,-0.007903459
0xfe3c3f351e6df846566e10119e4295ed69b2cd72,BONK,0.0007572838
0xfe3c3f351e6df846566e10119e4295ed69b2cd72,BLUR,-0.013530449
0xfe3c3f351e6df846566e10119e4295ed69b2cd72,SEI,0.01228774
0xfe3c3f351e6df846566e10119e4295ed69b2cd72,ZK,-0.000962522
0xfe3c3f351e6df846566e10119e4295ed69b2cd72,PEPE,-0.008309625
0xfe3c3f351e6df846566e10119e4295ed69b2cd72,BERA,0.003375439
0xfe3c3f351e6df846566e10119e4295ed69b2cd72,TURBO,-0.024912696
0xfe3c3f351e6df846566e10119e4295ed69b2cd72,ORDI,0.0033405707
0xfe3c3f351e6df846566e10119e4295ed69b2cd72,ZRO,-0.00774667
0xfe3c3f351e6df846566e10119e4295ed69b2cd72,MNT,-0.0004333666
0xfe3c3f351e6df846566e10119e4295ed69b2cd72,LINEA,0.0052828835
0xfe3c3f351e6df846566e10119e4295ed69b2cd72,PYTH,0.0021504639
0xfe3c3f351e6df846566e10119e4295ed69b2cd72,MEME,-0.0076395655
0xfe3c3f351e6df846566e10119e4295ed69b2cd72,POL,-0.0045414534
0xfe3c3f351e6df846566e10119e4295ed69b2cd72,JTO,0.011103777
0xfe3c3f351e6df846566e10119e4295ed69b2cd72,WIF,-0.01971456
0xfe3c3f351e6df846566e10119e4295ed69b2cd72,POPCAT,-0.003599627
0xfe3c3f351e6df846566e10119e4295ed69b2cd72,NOT,0.0027713783
0xfe3c3f351e6df846566e10119e4295ed69b2cd72,DYM,0.00045505262
0xfe3c3f351e6df846566e10119e4295ed69b2cd72,XAI,0.0055608875
0xfe3c3f351e6df846566e10119e4295ed69b2cd72,ALT,0.00088396063
0xfe3c3f351e6df846566e10119e4295ed69b2cd72,JUP,-0.0011640836
0xfe3c3f351e6df846566e10119e4295ed69b2cd72,AERO,0.0071372036
0xfe3c3f351e6df846566e10119e4295ed69b2cd72,VIRTUAL,-0.023836441
0xfe3c3f351e6df846566e10119e4295ed69b2cd72,W,-0.026219841
0xfe3c3f351e6df846566e10119e4295ed69b2cd72,BRETT,-0.029567499
0xfe3c3f351e6df846566e10119e4295ed69b2cd72,ETHFI,0.0009785735
0xfe3c3f351e6df846566e10119e4295ed69b2cd72,IO,-0.0038383345
0xfe3c3f351e6df846566e10119e4295ed69b2cd72,BOME,-0.006555807
0xfe3c3f351e6df846566e10119e4295ed69b2cd72,sENA,-0.054085538
0xfe3c3f351e6df846566e10119e4295ed69b2cd72,TNSR,-0.004340039
0xfe3c3f351e6df846566e10119e4295ed69b2cd72,EIGEN,0.0010659376
0xfe3c3f351e6df846566e10119e4295ed69b2cd72,MON,-0.004861649
0xfe3c3f351e6df846566e10119e4295ed69b2cd72,MERL,0.0040320517
0xfe3c3f351e6df846566e10119e4295ed69b2cd72,REZ,-0.0043778233
0xfe3c3f351e6df846566e10119e4295ed69b2cd72,SOPH,0.00047151462
0xfe3c3f351e6df846566e10119e4295ed69b2cd72,HYPE,-0.023429902
0xfe3c3f351e6df846566e10119e4295ed69b2cd72,ME,-0.0024506385
0xfe3c3f351e6df846566e10119e4295ed69b2cd72,BABY,-0.021775367
0xfe3c3f351e6df846566e10119e4295ed69b2cd72,MOVE,-0.02170388
0xfe3c3f351e6df846566e10119e4295ed69b2cd72,NEIRO,-0.012351685
0xfe3c3f351e6df846566e10119e4295ed69b2cd72,S,0.0014110678
0xfe3c3f351e6df846566e10119e4295ed69b2cd72,GRASS,0.0002450253
0xfe3c3f351e6df846566e10119e4295ed69b2cd72,SKY,-0.0054557053
0xfe3c3f351e6df846566e10119e4295ed69b2cd72,INIT,0.007907346
0xfe3c3f351e6df846566e10119e4295ed69b2cd72,WCT,0.0026272251
0xfe3c3f351e6df846566e10119e4295ed69b2cd72,WLFI,-0.0054736673
0xfe3c3f351e6df846566e10119e4295ed69b2cd72,GOAT,-0.0006480109
0xfe3c3f351e6df846566e10119e4295ed69b2cd72,FARTCOIN,0.025890803
0xfe3c3f351e6df846566e10119e4295ed69b2cd72,PNUT,0.00007618037
0xfe3c3f351e6df846566e10119e4295ed69b2cd72,SYRUP,-0.0049549816
0xfe3c3f351e6df846566e10119e4295ed69b2cd72,USUAL,-0.00839124
0xfe3c3f351e6df846566e10119e4295ed69b2cd72,AIXBT,-0.00059666723
0xfe3c3f351e6df846566e10119e4295ed69b2cd72,MORPHO,0.0024376274
0xfe3c3f351e6df846566e10119e4295ed69b2cd72,PENGU,-0.011929899
0xfe3c3f351e6df846566e10119e4295ed69b2cd72,GRIFFAIN,0.0012068893
0xfe3c3f351e6df846566e10119e4295ed69b2cd72,BIO,-0.012386333
0xfe3c3f351e6df846566e10119e4295ed69b2cd72,ANIME,0.0031039845
0xfe3c3f351e6df846566e10119e4295ed69b2cd72,TRUMP,0.04025939
0xfe3c3f351e6df846566e10119e4295ed69b2cd72,MELANIA,-0.007768978
0xfe3c3f351e6df846566e10119e4295ed69b2cd72,VINE,0.0018854539
0xfe3c3f351e6df846566e10119e4295ed69b2cd72,LAYER,-0.020895593
0xfe3c3f351e6df846566e10119e4295ed69b2cd72,VVV,-0.01467487
0xfe3c3f351e6df846566e10119e4295ed69b2cd72,IP,0.0006933789
0xfe3c3f351e6df846566e10119e4295ed69b2cd72,NIL,-0.020539915
0xfe3c3f351e6df846566e10119e4295ed69b2cd72,KAITO,-0.10770987
0xfe3c3f351e6df846566e10119e4295ed69b2cd72,ZORA,-0.017363135
0xfe3c3f351e6df846566e10119e4295ed69b2cd72,HYPER,0.004452622
0xfe3c3f351e6df846566e10119e4295ed69b2cd72,ASTER,0.0060881646
0xfe3c3f351e6df846566e10119e4295ed69b2cd72,PUMP,-0.012478266
0xfe3c3f351e6df846566e10119e4295ed69b2cd72,XPL,0.001284139
0xfe3c3f351e6df846566e10119e4295ed69b2cd72,CC,-0.026239965
0xfe3c3f351e6df846566e10119e4295ed69b2cd72,PROVE,-0.0070439503
0xfe3c3f351e6df846566e10119e4295ed69b2cd72,HEMI,-0.058348678
0xfe3c3f351e6df846566e10119e4295ed69b2cd72,AVNT,-0.0032670782
0xfe3c3f351e6df846566e10119e4295ed69b2cd72,0G,-0.0005632528
0xfe3c3f351e6df846566e10119e4295ed69b2cd72,2Z,-0.000056601584
0xfe3c3f351e6df846566e10119e4295ed69b2cd72,LIT,0.014531604
