address,symbol,prediction
0x00c4210b2525cee9d981090baf6f9e867e650eb9,AAVE,0.6475895643234253
0x00c4210b2525cee9d981090baf6f9e867e650eb9,ADA,0.585334062576294
0x00c4210b2525cee9d981090baf6f9e867e650eb9,ALGO,0.4892022013664245
0x00c4210b2525cee9d981090baf6f9e867e650eb9,APE,0.1002047061920166
0x00c4210b2525cee9d981090baf6f9e867e650eb9,APT,0.4251019358634949
0x00c4210b2525cee9d981090baf6f9e867e650eb9,ATOM,0.5411123037338257
0x00c4210b2525cee9d981090baf6f9e867e650eb9,AVAX,0.5826899409294128
0x00c4210b2525cee9d981090baf6f9e867e650eb9,AXS,0.2583359777927398
0x00c4210b2525cee9d981090baf6f9e867e650eb9,BAL,0.3597078621387481
0x00c4210b2525cee9d981090baf6f9e867e650eb9,BCH,0.9683626890182496
0x00c4210b2525cee9d981090baf6f9e867e650eb9,BLUR,0.0435170270502567
0x00c4210b2525cee9d981090baf6f9e867e650eb9,BNB,0.9370442628860474
0x00c4210b2525cee9d981090baf6f9e867e650eb9,BONK,0.3785755038261413
0x00c4210b2525cee9d981090baf6f9e867e650eb9,BTC,0.93884015083313
0x00c4210b2525cee9d981090baf6f9e867e650eb9,C98,0.4413453042507171
0x00c4210b2525cee9d981090baf6f9e867e650eb9,CAKE,0.5610747933387756
0x00c4210b2525cee9d981090baf6f9e867e650eb9,COMP,0.4215296506881714
0x00c4210b2525cee9d981090baf6f9e867e650eb9,CRV,0.5546334385871887
0x00c4210b2525cee9d981090baf6f9e867e650eb9,CVX,0.5647023916244507
0x00c4210b2525cee9d981090baf6f9e867e650eb9,DAI,0.9178358912467957
0x00c4210b2525cee9d981090baf6f9e867e650eb9,DAO,0.3215104043483734
0x00c4210b2525cee9d981090baf6f9e867e650eb9,DOGE,0.6117491126060486
0x00c4210b2525cee9d981090baf6f9e867e650eb9,DOT,0.5350571870803833
0x00c4210b2525cee9d981090baf6f9e867e650eb9,DYDX,0.0
0x00c4210b2525cee9d981090baf6f9e867e650eb9,EOS,0.4181622862815857
0x00c4210b2525cee9d981090baf6f9e867e650eb9,ETC,0.6582609415054321
0x00c4210b2525cee9d981090baf6f9e867e650eb9,ETH,0.9507365226745604
0x00c4210b2525cee9d981090baf6f9e867e650eb9,FET,0.3894752860069275
0x00c4210b2525cee9d981090baf6f9e867e650eb9,FIL,0.5109401941299438
0x00c4210b2525cee9d981090baf6f9e867e650eb9,FRAX,0.8998003602027893
0x00c4210b2525cee9d981090baf6f9e867e650eb9,FTM,0.3403931558132171
0x00c4210b2525cee9d981090baf6f9e867e650eb9,FXS,0.2183741927146911
0x00c4210b2525cee9d981090baf6f9e867e650eb9,GRT,0.4972449541091919
0x00c4210b2525cee9d981090baf6f9e867e650eb9,HAI,0.4549329280853271
0x00c4210b2525cee9d981090baf6f9e867e650eb9,HERO,0.5630108118057251
0x00c4210b2525cee9d981090baf6f9e867e650eb9,ICP,0.4944358468055725
0x00c4210b2525cee9d981090baf6f9e867e650eb9,IMX,0.2137187123298645
0x00c4210b2525cee9d981090baf6f9e867e650eb9,INJ,0.323291927576065
0x00c4210b2525cee9d981090baf6f9e867e650eb9,LDO,0.0981809496879577
0x00c4210b2525cee9d981090baf6f9e867e650eb9,LINK,0.7213581204414368
0x00c4210b2525cee9d981090baf6f9e867e650eb9,LTC,0.8961939811706543
0x00c4210b2525cee9d981090baf6f9e867e650eb9,MATIC,0.5219218134880066
0x00c4210b2525cee9d981090baf6f9e867e650eb9,MAV,0.2694967985153198
0x00c4210b2525cee9d981090baf6f9e867e650eb9,MBOX,0.3658970594406128
0x00c4210b2525cee9d981090baf6f9e867e650eb9,MKR,0.7346245646476746
0x00c4210b2525cee9d981090baf6f9e867e650eb9,MOON,0.3999150097370147
0x00c4210b2525cee9d981090baf6f9e867e650eb9,NEAR,0.4957500100135803
0x00c4210b2525cee9d981090baf6f9e867e650eb9,OP,0.4537253975868225
0x00c4210b2525cee9d981090baf6f9e867e650eb9,PENDLE,0.4176904261112213
0x00c4210b2525cee9d981090baf6f9e867e650eb9,PEPE,0.5063320994377136
0x00c4210b2525cee9d981090baf6f9e867e650eb9,PERP,0.3828015625476837
0x00c4210b2525cee9d981090baf6f9e867e650eb9,PIT,0.5831307768821716
0x00c4210b2525cee9d981090baf6f9e867e650eb9,POLS,0.4234881997108459
0x00c4210b2525cee9d981090baf6f9e867e650eb9,PYTH,0.2896149456501007
0x00c4210b2525cee9d981090baf6f9e867e650eb9,QUACK,0.2996516525745392
0x00c4210b2525cee9d981090baf6f9e867e650eb9,RDNT,0.4022859036922455
0x00c4210b2525cee9d981090baf6f9e867e650eb9,RNDR,0.5321285128593445
0x00c4210b2525cee9d981090baf6f9e867e650eb9,RPL,0.3200626969337463
0x00c4210b2525cee9d981090baf6f9e867e650eb9,RUNE,0.347305953502655
0x00c4210b2525cee9d981090baf6f9e867e650eb9,SFP,0.65667325258255
0x00c4210b2525cee9d981090baf6f9e867e650eb9,SFUND,0.3779822289943695
0x00c4210b2525cee9d981090baf6f9e867e650eb9,SHIB,0.597190260887146
0x00c4210b2525cee9d981090baf6f9e867e650eb9,SOL,0.9631137847900392
0x00c4210b2525cee9d981090baf6f9e867e650eb9,STG,0.6162349581718445
0x00c4210b2525cee9d981090baf6f9e867e650eb9,SUI,0.5280839204788208
0x00c4210b2525cee9d981090baf6f9e867e650eb9,SUSHI,0.4254759550094604
0x00c4210b2525cee9d981090baf6f9e867e650eb9,TIA,0.1266108751296997
0x00c4210b2525cee9d981090baf6f9e867e650eb9,TOKEN,0.0330755338072776
0x00c4210b2525cee9d981090baf6f9e867e650eb9,TRX,1.0
0x00c4210b2525cee9d981090baf6f9e867e650eb9,UNI,0.6294869184494019
0x00c4210b2525cee9d981090baf6f9e867e650eb9,USDT,0.9787276983261108
0x00c4210b2525cee9d981090baf6f9e867e650eb9,XLM,0.6552447080612183
0x00c4210b2525cee9d981090baf6f9e867e650eb9,XMR,0.924551784992218
0x00c4210b2525cee9d981090baf6f9e867e650eb9,XRP,0.9434671998023988
0x00c4210b2525cee9d981090baf6f9e867e650eb9,XTZ,0.5943278074264526
0x00c4210b2525cee9d981090baf6f9e867e650eb9,XVS,0.6313236951828003
0x00c4210b2525cee9d981090baf6f9e867e650eb9,YFI,0.6652800440788269
0x03179fbf3ecc0ae5e85fe0de0dce21d6e16447fe,AAVE,0.5520931921946062
0x03179fbf3ecc0ae5e85fe0de0dce21d6e16447fe,ADA,0.5875857334509761
0x03179fbf3ecc0ae5e85fe0de0dce21d6e16447fe,ALGO,0.4478779948898975
0x03179fbf3ecc0ae5e85fe0de0dce21d6e16447fe,APE,0.0334380741253076
0x03179fbf3ecc0ae5e85fe0de0dce21d6e16447fe,APT,0.3623208891933513
0x03179fbf3ecc0ae5e85fe0de0dce21d6e16447fe,ATOM,0.6441157137134191
0x03179fbf3ecc0ae5e85fe0de0dce21d6e16447fe,AVAX,0.5573961437889255
0x03179fbf3ecc0ae5e85fe0de0dce21d6e16447fe,AXS,0.2577761299446066
0x03179fbf3ecc0ae5e85fe0de0dce21d6e16447fe,BAL,0.3066131574915965
0x03179fbf3ecc0ae5e85fe0de0dce21d6e16447fe,BCH,0.8627553163827216
0x03179fbf3ecc0ae5e85fe0de0dce21d6e16447fe,BLUR,0.0
0x03179fbf3ecc0ae5e85fe0de0dce21d6e16447fe,BNB,0.912907731213078
0x03179fbf3ecc0ae5e85fe0de0dce21d6e16447fe,BONK,0.4102478635632123
0x03179fbf3ecc0ae5e85fe0de0dce21d6e16447fe,BTC,0.942843244341985
0x03179fbf3ecc0ae5e85fe0de0dce21d6e16447fe,C98,0.3853424610403398
0x03179fbf3ecc0ae5e85fe0de0dce21d6e16447fe,CAKE,0.5456075535378406
0x03179fbf3ecc0ae5e85fe0de0dce21d6e16447fe,COMP,0.3673299112128213
0x03179fbf3ecc0ae5e85fe0de0dce21d6e16447fe,CRV,0.4697925128987468
0x03179fbf3ecc0ae5e85fe0de0dce21d6e16447fe,CVX,0.5188805959814139
0x03179fbf3ecc0ae5e85fe0de0dce21d6e16447fe,DAI,0.9521067731782372
0x03179fbf3ecc0ae5e85fe0de0dce21d6e16447fe,DAO,0.3414005427765849
0x03179fbf3ecc0ae5e85fe0de0dce21d6e16447fe,DOGE,0.6280250085597415
0x03179fbf3ecc0ae5e85fe0de0dce21d6e16447fe,DOT,0.5096632084819809
0x03179fbf3ecc0ae5e85fe0de0dce21d6e16447fe,DYDX,0.019104776664945
0x03179fbf3ecc0ae5e85fe0de0dce21d6e16447fe,EOS,0.4689502514231101
0x03179fbf3ecc0ae5e85fe0de0dce21d6e16447fe,ETC,0.7001379721734318
0x03179fbf3ecc0ae5e85fe0de0dce21d6e16447fe,ETH,0.919117689856556
0x03179fbf3ecc0ae5e85fe0de0dce21d6e16447fe,FET,0.4257576475161622
0x03179fbf3ecc0ae5e85fe0de0dce21d6e16447fe,FIL,0.5674183914973726
0x03179fbf3ecc0ae5e85fe0de0dce21d6e16447fe,FRAX,0.9137342413573912
0x03179fbf3ecc0ae5e85fe0de0dce21d6e16447fe,FTM,0.5227265088178835
0x03179fbf3ecc0ae5e85fe0de0dce21d6e16447fe,FXS,0.1935873333553005
0x03179fbf3ecc0ae5e85fe0de0dce21d6e16447fe,GRT,0.5791603357456105
0x03179fbf3ecc0ae5e85fe0de0dce21d6e16447fe,HAI,0.3707808819689592
0x03179fbf3ecc0ae5e85fe0de0dce21d6e16447fe,HERO,0.5164704404672028
0x03179fbf3ecc0ae5e85fe0de0dce21d6e16447fe,ICP,0.5163444983111474
0x03179fbf3ecc0ae5e85fe0de0dce21d6e16447fe,IMX,0.2018605806264639
0x03179fbf3ecc0ae5e85fe0de0dce21d6e16447fe,INJ,0.3510136591648959
0x03179fbf3ecc0ae5e85fe0de0dce21d6e16447fe,LDO,0.0483183202268772
0x03179fbf3ecc0ae5e85fe0de0dce21d6e16447fe,LINK,0.7836429879827537
0x03179fbf3ecc0ae5e85fe0de0dce21d6e16447fe,LTC,0.8837408161230403
0x03179fbf3ecc0ae5e85fe0de0dce21d6e16447fe,MATIC,0.5446220716721331
0x03179fbf3ecc0ae5e85fe0de0dce21d6e16447fe,MAV,0.2652638165909416
0x03179fbf3ecc0ae5e85fe0de0dce21d6e16447fe,MBOX,0.3790053788136788
0x03179fbf3ecc0ae5e85fe0de0dce21d6e16447fe,MKR,0.6649698514694997
0x03179fbf3ecc0ae5e85fe0de0dce21d6e16447fe,MOON,0.2130797909610449
0x03179fbf3ecc0ae5e85fe0de0dce21d6e16447fe,NEAR,0.5479866120726815
0x03179fbf3ecc0ae5e85fe0de0dce21d6e16447fe,OP,0.4722620435173506
0x03179fbf3ecc0ae5e85fe0de0dce21d6e16447fe,PENDLE,0.4025877301703927
0x03179fbf3ecc0ae5e85fe0de0dce21d6e16447fe,PEPE,0.5194356597948872
0x03179fbf3ecc0ae5e85fe0de0dce21d6e16447fe,PERP,0.3699057056976388
0x03179fbf3ecc0ae5e85fe0de0dce21d6e16447fe,PIT,0.5572432985995418
0x03179fbf3ecc0ae5e85fe0de0dce21d6e16447fe,POLS,0.4107314680159815
0x03179fbf3ecc0ae5e85fe0de0dce21d6e16447fe,PYTH,0.2156924309834126
0x03179fbf3ecc0ae5e85fe0de0dce21d6e16447fe,QUACK,0.1931456848384723
0x03179fbf3ecc0ae5e85fe0de0dce21d6e16447fe,RDNT,0.4259793744190103
0x03179fbf3ecc0ae5e85fe0de0dce21d6e16447fe,RNDR,0.5394361610810857
0x03179fbf3ecc0ae5e85fe0de0dce21d6e16447fe,RPL,0.3187021532281748
0x03179fbf3ecc0ae5e85fe0de0dce21d6e16447fe,RUNE,0.3161354454053103
0x03179fbf3ecc0ae5e85fe0de0dce21d6e16447fe,SFP,0.662342379087689
0x03179fbf3ecc0ae5e85fe0de0dce21d6e16447fe,SFUND,0.4236495977904329
0x03179fbf3ecc0ae5e85fe0de0dce21d6e16447fe,SHIB,0.6265574920903121
0x03179fbf3ecc0ae5e85fe0de0dce21d6e16447fe,SOL,0.9278671437067524
0x03179fbf3ecc0ae5e85fe0de0dce21d6e16447fe,STG,0.6299597884488265
0x03179fbf3ecc0ae5e85fe0de0dce21d6e16447fe,SUI,0.5022175438149971
0x03179fbf3ecc0ae5e85fe0de0dce21d6e16447fe,SUSHI,0.4638250105939743
0x03179fbf3ecc0ae5e85fe0de0dce21d6e16447fe,TIA,0.1622822207970266
0x03179fbf3ecc0ae5e85fe0de0dce21d6e16447fe,TOKEN,0.0347194232407423
0x03179fbf3ecc0ae5e85fe0de0dce21d6e16447fe,TRX,0.9840484710940064
0x03179fbf3ecc0ae5e85fe0de0dce21d6e16447fe,UNI,0.5238152242636478
0x03179fbf3ecc0ae5e85fe0de0dce21d6e16447fe,USDT,1.0
0x03179fbf3ecc0ae5e85fe0de0dce21d6e16447fe,XLM,0.6231028908486285
0x03179fbf3ecc0ae5e85fe0de0dce21d6e16447fe,XMR,0.8581896214830523
0x03179fbf3ecc0ae5e85fe0de0dce21d6e16447fe,XRP,0.9717159604284316
0x03179fbf3ecc0ae5e85fe0de0dce21d6e16447fe,XTZ,0.6185416439599114
0x03179fbf3ecc0ae5e85fe0de0dce21d6e16447fe,XVS,0.5388307803947039
0x03179fbf3ecc0ae5e85fe0de0dce21d6e16447fe,YFI,0.742395910071835
0x04e1dd13ef029f573cf717f094a6b601b9e03550,AAVE,0.6560322
0x04e1dd13ef029f573cf717f094a6b601b9e03550,ADA,0.6681096
0x04e1dd13ef029f573cf717f094a6b601b9e03550,ALGO,0.66015214
0x04e1dd13ef029f573cf717f094a6b601b9e03550,APE,0.6636018
0x04e1dd13ef029f573cf717f094a6b601b9e03550,APT,0.6423806
0x04e1dd13ef029f573cf717f094a6b601b9e03550,ATOM,0.65877205
0x04e1dd13ef029f573cf717f094a6b601b9e03550,AVAX,0.65476096
0x04e1dd13ef029f573cf717f094a6b601b9e03550,AXS,0.62722176
0x04e1dd13ef029f573cf717f094a6b601b9e03550,BAL,0.62965107
0x04e1dd13ef029f573cf717f094a6b601b9e03550,BCH,0.659995
0x04e1dd13ef029f573cf717f094a6b601b9e03550,BLUR,0.64486575
0x04e1dd13ef029f573cf717f094a6b601b9e03550,BNB,0.6662545
0x04e1dd13ef029f573cf717f094a6b601b9e03550,BONK,0.6401331
0x04e1dd13ef029f573cf717f094a6b601b9e03550,BTC,0.6682761
0x04e1dd13ef029f573cf717f094a6b601b9e03550,C98,0.63352346
0x04e1dd13ef029f573cf717f094a6b601b9e03550,CAKE,0.68137586
0x04e1dd13ef029f573cf717f094a6b601b9e03550,COMP,0.6594696
0x04e1dd13ef029f573cf717f094a6b601b9e03550,CRV,0.6632961
0x04e1dd13ef029f573cf717f094a6b601b9e03550,CVX,0.615084
0x04e1dd13ef029f573cf717f094a6b601b9e03550,DAI,0.67090094
0x04e1dd13ef029f573cf717f094a6b601b9e03550,DAO,0.6675686
0x04e1dd13ef029f573cf717f094a6b601b9e03550,DOGE,0.6667595
0x04e1dd13ef029f573cf717f094a6b601b9e03550,DOT,0.65896654
0x04e1dd13ef029f573cf717f094a6b601b9e03550,DYDX,0.6451304
0x04e1dd13ef029f573cf717f094a6b601b9e03550,EOS,0.6724411
0x04e1dd13ef029f573cf717f094a6b601b9e03550,ETC,0.6667951
0x04e1dd13ef029f573cf717f094a6b601b9e03550,ETH,0.66887957
0x04e1dd13ef029f573cf717f094a6b601b9e03550,FET,0.6210737
0x04e1dd13ef029f573cf717f094a6b601b9e03550,FIL,0.63144416
0x04e1dd13ef029f573cf717f094a6b601b9e03550,FRAX,0.6555818
0x04e1dd13ef029f573cf717f094a6b601b9e03550,FTM,0.6739551
0x04e1dd13ef029f573cf717f094a6b601b9e03550,FXS,0.64895016
0x04e1dd13ef029f573cf717f094a6b601b9e03550,GRT,0.66246724
0x04e1dd13ef029f573cf717f094a6b601b9e03550,HAI,0.6988354
0x04e1dd13ef029f573cf717f094a6b601b9e03550,HERO,0.66447467
0x04e1dd13ef029f573cf717f094a6b601b9e03550,ICP,0.64687526
0x04e1dd13ef029f573cf717f094a6b601b9e03550,IMX,0.6311234
0x04e1dd13ef029f573cf717f094a6b601b9e03550,INJ,0.6405611
0x04e1dd13ef029f573cf717f094a6b601b9e03550,LDO,0.6200559
0x04e1dd13ef029f573cf717f094a6b601b9e03550,LINK,0.6633851
0x04e1dd13ef029f573cf717f094a6b601b9e03550,LTC,0.6644987
0x04e1dd13ef029f573cf717f094a6b601b9e03550,MATIC,0.6481363
0x04e1dd13ef029f573cf717f094a6b601b9e03550,MAV,0.6499218
0x04e1dd13ef029f573cf717f094a6b601b9e03550,MBOX,0.65223694
0x04e1dd13ef029f573cf717f094a6b601b9e03550,MKR,0.66812027
0x04e1dd13ef029f573cf717f094a6b601b9e03550,MOON,0.6886442
0x04e1dd13ef029f573cf717f094a6b601b9e03550,NEAR,0.6227004
0x04e1dd13ef029f573cf717f094a6b601b9e03550,OP,0.6730942
0x04e1dd13ef029f573cf717f094a6b601b9e03550,PENDLE,0.6389975
0x04e1dd13ef029f573cf717f094a6b601b9e03550,PEPE,0.65781075
0x04e1dd13ef029f573cf717f094a6b601b9e03550,PERP,0.6463363
0x04e1dd13ef029f573cf717f094a6b601b9e03550,PIT,0.67225325
0x04e1dd13ef029f573cf717f094a6b601b9e03550,POLS,0.65982157
0x04e1dd13ef029f573cf717f094a6b601b9e03550,PYTH,0.6536973
0x04e1dd13ef029f573cf717f094a6b601b9e03550,QUACK,0.6725057
0x04e1dd13ef029f573cf717f094a6b601b9e03550,RDNT,0.66017944
0x04e1dd13ef029f573cf717f094a6b601b9e03550,RNDR,0.63666886
0x04e1dd13ef029f573cf717f094a6b601b9e03550,RPL,0.632085
0x04e1dd13ef029f573cf717f094a6b601b9e03550,RUNE,0.6390108
0x04e1dd13ef029f573cf717f094a6b601b9e03550,SFP,0.6405231
0x04e1dd13ef029f573cf717f094a6b601b9e03550,SFUND,0.663076
0x04e1dd13ef029f573cf717f094a6b601b9e03550,SHIB,0.66410166
0x04e1dd13ef029f573cf717f094a6b601b9e03550,SOL,0.66798955
0x04e1dd13ef029f573cf717f094a6b601b9e03550,STG,0.6502123
0x04e1dd13ef029f573cf717f094a6b601b9e03550,SUI,0.64530057
0x04e1dd13ef029f573cf717f094a6b601b9e03550,SUSHI,0.6233485
0x04e1dd13ef029f573cf717f094a6b601b9e03550,TIA,0.6552593
0x04e1dd13ef029f573cf717f094a6b601b9e03550,TOKEN,0.6578492
0x04e1dd13ef029f573cf717f094a6b601b9e03550,TRX,0.6666943
0x04e1dd13ef029f573cf717f094a6b601b9e03550,UNI,0.65905905
0x04e1dd13ef029f573cf717f094a6b601b9e03550,USDT,0.6657428
0x04e1dd13ef029f573cf717f094a6b601b9e03550,XLM,0.65200216
0x04e1dd13ef029f573cf717f094a6b601b9e03550,XMR,0.66742516
0x04e1dd13ef029f573cf717f094a6b601b9e03550,XRP,0.66604096
0x04e1dd13ef029f573cf717f094a6b601b9e03550,XTZ,0.6550292
0x04e1dd13ef029f573cf717f094a6b601b9e03550,XVS,0.62513274
0x04e1dd13ef029f573cf717f094a6b601b9e03550,YFI,0.63330215
0x05934b9313c703fb75363d27704cc6566f645a91,AAVE,0.5217085156011967
0x05934b9313c703fb75363d27704cc6566f645a91,ADA,0.5444009665013264
0x05934b9313c703fb75363d27704cc6566f645a91,ALGO,0.5222878819596946
0x05934b9313c703fb75363d27704cc6566f645a91,APE,0.5213549351463955
0x05934b9313c703fb75363d27704cc6566f645a91,APT,0.5232800672632683
0x05934b9313c703fb75363d27704cc6566f645a91,ATOM,0.5472417463570144
0x05934b9313c703fb75363d27704cc6566f645a91,AVAX,0.55920856642917
0x05934b9313c703fb75363d27704cc6566f645a91,AXS,0.4904743065879625
0x05934b9313c703fb75363d27704cc6566f645a91,BAL,0.4868729822991805
0x05934b9313c703fb75363d27704cc6566f645a91,BCH,0.561806028205519
0x05934b9313c703fb75363d27704cc6566f645a91,BLUR,0.4881925575291685
0x05934b9313c703fb75363d27704cc6566f645a91,BNB,0.5875725142669397
0x05934b9313c703fb75363d27704cc6566f645a91,BONK,0.5527862858434683
0x05934b9313c703fb75363d27704cc6566f645a91,BTC,0.5695669550454047
0x05934b9313c703fb75363d27704cc6566f645a91,C98,0.5181035765669075
0x05934b9313c703fb75363d27704cc6566f645a91,CAKE,0.5451976689915812
0x05934b9313c703fb75363d27704cc6566f645a91,COMP,0.5022337281020667
0x05934b9313c703fb75363d27704cc6566f645a91,CRV,0.5297458442228282
0x05934b9313c703fb75363d27704cc6566f645a91,CVX,0.56201583621061
0x05934b9313c703fb75363d27704cc6566f645a91,DAI,0.5354735885107736
0x05934b9313c703fb75363d27704cc6566f645a91,DAO,0.4297458228862241
0x05934b9313c703fb75363d27704cc6566f645a91,DOGE,0.5399380737958065
0x05934b9313c703fb75363d27704cc6566f645a91,DOT,0.5390578874731983
0x05934b9313c703fb75363d27704cc6566f645a91,DYDX,0.4773941087356811
0x05934b9313c703fb75363d27704cc6566f645a91,EOS,0.5386960725292845
0x05934b9313c703fb75363d27704cc6566f645a91,ETC,0.5667519350033788
0x05934b9313c703fb75363d27704cc6566f645a91,ETH,0.5477182371691471
0x05934b9313c703fb75363d27704cc6566f645a91,FET,0.5329366782664857
0x05934b9313c703fb75363d27704cc6566f645a91,FIL,0.5402634081277364
0x05934b9313c703fb75363d27704cc6566f645a91,FRAX,0.5254023089804013
0x05934b9313c703fb75363d27704cc6566f645a91,FTM,0.5238394704322081
0x05934b9313c703fb75363d27704cc6566f645a91,FXS,0.5222221744807434
0x05934b9313c703fb75363d27704cc6566f645a91,GRT,0.5375421903287773
0x05934b9313c703fb75363d27704cc6566f645a91,HAI,0.4918678656011934
0x05934b9313c703fb75363d27704cc6566f645a91,HERO,0.5378883073098442
0x05934b9313c703fb75363d27704cc6566f645a91,ICP,0.5438085426608422
0x05934b9313c703fb75363d27704cc6566f645a91,IMX,0.4969853028619817
0x05934b9313c703fb75363d27704cc6566f645a91,INJ,0.5140100869931631
0x05934b9313c703fb75363d27704cc6566f645a91,LDO,0.5019446513095058
0x05934b9313c703fb75363d27704cc6566f645a91,LINK,0.5380656553200912
0x05934b9313c703fb75363d27704cc6566f645a91,LTC,0.5356687910514526
0x05934b9313c703fb75363d27704cc6566f645a91,MATIC,0.5486206101397623
0x05934b9313c703fb75363d27704cc6566f645a91,MAV,0.4949972335733292
0x05934b9313c703fb75363d27704cc6566f645a91,MBOX,0.5412756464415048
0x05934b9313c703fb75363d27704cc6566f645a91,MKR,0.5407293967173024
0x05934b9313c703fb75363d27704cc6566f645a91,MOON,0.4918276165053213
0x05934b9313c703fb75363d27704cc6566f645a91,NEAR,0.5230005544919324
0x05934b9313c703fb75363d27704cc6566f645a91,OP,0.5284580759279458
0x05934b9313c703fb75363d27704cc6566f645a91,PENDLE,0.5299053689486866
0x05934b9313c703fb75363d27704cc6566f645a91,PEPE,0.5306011356681534
0x05934b9313c703fb75363d27704cc6566f645a91,PERP,0.5035973950835341
0x05934b9313c703fb75363d27704cc6566f645a91,PIT,0.5344550369670571
0x05934b9313c703fb75363d27704cc6566f645a91,POLS,0.5405286919398181
0x05934b9313c703fb75363d27704cc6566f645a91,PYTH,0.499139207154247
0x05934b9313c703fb75363d27704cc6566f645a91,QUACK,0.4766754310946013
0x05934b9313c703fb75363d27704cc6566f645a91,RDNT,0.5669853036711211
0x05934b9313c703fb75363d27704cc6566f645a91,RNDR,0.5321598829773975
0x05934b9313c703fb75363d27704cc6566f645a91,RPL,0.547026833362157
0x05934b9313c703fb75363d27704cc6566f645a91,RUNE,0.4930019572075462
0x05934b9313c703fb75363d27704cc6566f645a91,SFP,0.5110883233581778
0x05934b9313c703fb75363d27704cc6566f645a91,SFUND,0.5467185697381088
0x05934b9313c703fb75363d27704cc6566f645a91,SHIB,0.5490358161335392
0x05934b9313c703fb75363d27704cc6566f645a91,SOL,0.5811440212118745
0x05934b9313c703fb75363d27704cc6566f645a91,STG,0.517909554045907
0x05934b9313c703fb75363d27704cc6566f645a91,SUI,0.5199039005415526
0x05934b9313c703fb75363d27704cc6566f645a91,SUSHI,0.511393309781965
0x05934b9313c703fb75363d27704cc6566f645a91,TIA,0.5033099540457144
0x05934b9313c703fb75363d27704cc6566f645a91,TOKEN,0.493924277636923
0x05934b9313c703fb75363d27704cc6566f645a91,TRX,0.5364079255056349
0x05934b9313c703fb75363d27704cc6566f645a91,UNI,0.5493962490384906
0x05934b9313c703fb75363d27704cc6566f645a91,USDT,0.5260285496576205
0x05934b9313c703fb75363d27704cc6566f645a91,XLM,0.5463079370303785
0x05934b9313c703fb75363d27704cc6566f645a91,XMR,0.5192510791778526
0x05934b9313c703fb75363d27704cc6566f645a91,XRP,0.55861793627251
0x05934b9313c703fb75363d27704cc6566f645a91,XTZ,0.5568947333401265
0x05934b9313c703fb75363d27704cc6566f645a91,XVS,0.5529221092442912
0x05934b9313c703fb75363d27704cc6566f645a91,YFI,0.5577455625781004
0x063af2c2952d7799ce1eac2f1a85c7b4aa4fe553,AAVE,0.53592896
0x063af2c2952d7799ce1eac2f1a85c7b4aa4fe553,ADA,0.55114996
0x063af2c2952d7799ce1eac2f1a85c7b4aa4fe553,ALGO,0.39831987
0x063af2c2952d7799ce1eac2f1a85c7b4aa4fe553,APE,0.39189887
0x063af2c2952d7799ce1eac2f1a85c7b4aa4fe553,APT,0.4452279
0x063af2c2952d7799ce1eac2f1a85c7b4aa4fe553,ATOM,0.46514907
0x063af2c2952d7799ce1eac2f1a85c7b4aa4fe553,AVAX,0.52790624
0x063af2c2952d7799ce1eac2f1a85c7b4aa4fe553,AXS,0.40916765
0x063af2c2952d7799ce1eac2f1a85c7b4aa4fe553,BAL,0.5030986
0x063af2c2952d7799ce1eac2f1a85c7b4aa4fe553,BCH,0.66902596
0x063af2c2952d7799ce1eac2f1a85c7b4aa4fe553,BLUR,0.39570653
0x063af2c2952d7799ce1eac2f1a85c7b4aa4fe553,BNB,0.6041101
0x063af2c2952d7799ce1eac2f1a85c7b4aa4fe553,BONK,0.47872284
0x063af2c2952d7799ce1eac2f1a85c7b4aa4fe553,BTC,0.56587434
0x063af2c2952d7799ce1eac2f1a85c7b4aa4fe553,C98,0.48006123
0x063af2c2952d7799ce1eac2f1a85c7b4aa4fe553,CAKE,0.59174454
0x063af2c2952d7799ce1eac2f1a85c7b4aa4fe553,COMP,0.48594287
0x063af2c2952d7799ce1eac2f1a85c7b4aa4fe553,CRV,0.51229197
0x063af2c2952d7799ce1eac2f1a85c7b4aa4fe553,CVX,0.5190675
0x063af2c2952d7799ce1eac2f1a85c7b4aa4fe553,DAI,0.668109
0x063af2c2952d7799ce1eac2f1a85c7b4aa4fe553,DAO,0.42784518
0x063af2c2952d7799ce1eac2f1a85c7b4aa4fe553,DOGE,0.4843725
0x063af2c2952d7799ce1eac2f1a85c7b4aa4fe553,DOT,0.5654702
0x063af2c2952d7799ce1eac2f1a85c7b4aa4fe553,DYDX,0.51466167
0x063af2c2952d7799ce1eac2f1a85c7b4aa4fe553,EOS,0.4707579
0x063af2c2952d7799ce1eac2f1a85c7b4aa4fe553,ETC,0.5677808
0x063af2c2952d7799ce1eac2f1a85c7b4aa4fe553,ETH,0.4952048
0x063af2c2952d7799ce1eac2f1a85c7b4aa4fe553,FET,0.50475794
0x063af2c2952d7799ce1eac2f1a85c7b4aa4fe553,FIL,0.5171237
0x063af2c2952d7799ce1eac2f1a85c7b4aa4fe553,FRAX,0.5983197
0x063af2c2952d7799ce1eac2f1a85c7b4aa4fe553,FTM,0.4855086
0x063af2c2952d7799ce1eac2f1a85c7b4aa4fe553,FXS,0.4608703
0x063af2c2952d7799ce1eac2f1a85c7b4aa4fe553,GRT,0.49811584
0x063af2c2952d7799ce1eac2f1a85c7b4aa4fe553,HAI,0.5200891
0x063af2c2952d7799ce1eac2f1a85c7b4aa4fe553,HERO,0.53443295
0x063af2c2952d7799ce1eac2f1a85c7b4aa4fe553,ICP,0.5740594
0x063af2c2952d7799ce1eac2f1a85c7b4aa4fe553,IMX,0.4833895
0x063af2c2952d7799ce1eac2f1a85c7b4aa4fe553,INJ,0.4368403
0x063af2c2952d7799ce1eac2f1a85c7b4aa4fe553,LDO,0.40761286
0x063af2c2952d7799ce1eac2f1a85c7b4aa4fe553,LINK,0.5060285
0x063af2c2952d7799ce1eac2f1a85c7b4aa4fe553,LTC,0.58596057
0x063af2c2952d7799ce1eac2f1a85c7b4aa4fe553,MATIC,0.5571714
0x063af2c2952d7799ce1eac2f1a85c7b4aa4fe553,MAV,0.5201711
0x063af2c2952d7799ce1eac2f1a85c7b4aa4fe553,MBOX,0.45888665
0x063af2c2952d7799ce1eac2f1a85c7b4aa4fe553,MKR,0.57018435
0x063af2c2952d7799ce1eac2f1a85c7b4aa4fe553,MOON,0.4109657
0x063af2c2952d7799ce1eac2f1a85c7b4aa4fe553,NEAR,0.5414384
0x063af2c2952d7799ce1eac2f1a85c7b4aa4fe553,OP,0.58152133
0x063af2c2952d7799ce1eac2f1a85c7b4aa4fe553,PENDLE,0.4457668
0x063af2c2952d7799ce1eac2f1a85c7b4aa4fe553,PEPE,0.5431181
0x063af2c2952d7799ce1eac2f1a85c7b4aa4fe553,PERP,0.56250876
0x063af2c2952d7799ce1eac2f1a85c7b4aa4fe553,PIT,0.542882
0x063af2c2952d7799ce1eac2f1a85c7b4aa4fe553,POLS,0.5293081
0x063af2c2952d7799ce1eac2f1a85c7b4aa4fe553,PYTH,0.48283863
0x063af2c2952d7799ce1eac2f1a85c7b4aa4fe553,QUACK,0.61292076
0x063af2c2952d7799ce1eac2f1a85c7b4aa4fe553,RDNT,0.53076154
0x063af2c2952d7799ce1eac2f1a85c7b4aa4fe553,RNDR,0.52686536
0x063af2c2952d7799ce1eac2f1a85c7b4aa4fe553,RPL,0.47005907
0x063af2c2952d7799ce1eac2f1a85c7b4aa4fe553,RUNE,0.45043138
0x063af2c2952d7799ce1eac2f1a85c7b4aa4fe553,SFP,0.53699505
0x063af2c2952d7799ce1eac2f1a85c7b4aa4fe553,SFUND,0.38852626
0x063af2c2952d7799ce1eac2f1a85c7b4aa4fe553,SHIB,0.520104
0x063af2c2952d7799ce1eac2f1a85c7b4aa4fe553,SOL,0.54217094
0x063af2c2952d7799ce1eac2f1a85c7b4aa4fe553,STG,0.48280165
0x063af2c2952d7799ce1eac2f1a85c7b4aa4fe553,SUI,0.575436
0x063af2c2952d7799ce1eac2f1a85c7b4aa4fe553,SUSHI,0.5370542
0x063af2c2952d7799ce1eac2f1a85c7b4aa4fe553,TIA,0.5193863
0x063af2c2952d7799ce1eac2f1a85c7b4aa4fe553,TOKEN,0.3649988
0x063af2c2952d7799ce1eac2f1a85c7b4aa4fe553,TRX,0.4940129
0x063af2c2952d7799ce1eac2f1a85c7b4aa4fe553,UNI,0.5381745
0x063af2c2952d7799ce1eac2f1a85c7b4aa4fe553,USDT,0.54278463
0x063af2c2952d7799ce1eac2f1a85c7b4aa4fe553,XLM,0.51885873
0x063af2c2952d7799ce1eac2f1a85c7b4aa4fe553,XMR,0.5104063
0x063af2c2952d7799ce1eac2f1a85c7b4aa4fe553,XRP,0.5747014
0x063af2c2952d7799ce1eac2f1a85c7b4aa4fe553,XTZ,0.55144715
0x063af2c2952d7799ce1eac2f1a85c7b4aa4fe553,XVS,0.5171764
0x063af2c2952d7799ce1eac2f1a85c7b4aa4fe553,YFI,0.54797006
0x0edc0ea676c5e608d628ecc659a13a213476de3e,AAVE,0.883663366336634
0x0edc0ea676c5e608d628ecc659a13a213476de3e,ADA,0.971534653465346
0x0edc0ea676c5e608d628ecc659a13a213476de3e,ALGO,0.121905940594059
0x0edc0ea676c5e608d628ecc659a13a213476de3e,APE,0.051980198019802
0x0edc0ea676c5e608d628ecc659a13a213476de3e,APT,0.451113861386139
0x0edc0ea676c5e608d628ecc659a13a213476de3e,ATOM,0.808168316831683
0x0edc0ea676c5e608d628ecc659a13a213476de3e,AVAX,0.934405940594059
0x0edc0ea676c5e608d628ecc659a13a213476de3e,AXS,0.0290841584158416
0x0edc0ea676c5e608d628ecc659a13a213476de3e,BAL,0.412747524752475
0x0edc0ea676c5e608d628ecc659a13a213476de3e,BCH,0.967821782178218
0x0edc0ea676c5e608d628ecc659a13a213476de3e,BLUR,0.169554455445545
0x0edc0ea676c5e608d628ecc659a13a213476de3e,BNB,0.981435643564356
0x0edc0ea676c5e608d628ecc659a13a213476de3e,BONK,0.827970297029703
0x0edc0ea676c5e608d628ecc659a13a213476de3e,BTC,0.989480198019802
0x0edc0ea676c5e608d628ecc659a13a213476de3e,C98,0.709158415841584
0x0edc0ea676c5e608d628ecc659a13a213476de3e,CAKE,0.592821782178218
0x0edc0ea676c5e608d628ecc659a13a213476de3e,COMP,0.526608910891089
0x0edc0ea676c5e608d628ecc659a13a213476de3e,CRV,0.788366336633663
0x0edc0ea676c5e608d628ecc659a13a213476de3e,CVX,0.892326732673267
0x0edc0ea676c5e608d628ecc659a13a213476de3e,DAI,0.958539603960396
0x0edc0ea676c5e608d628ecc659a13a213476de3e,DAO,0.237623762376238
0x0edc0ea676c5e608d628ecc659a13a213476de3e,DOGE,0.500618811881188
0x0edc0ea676c5e608d628ecc659a13a213476de3e,DOT,0.988861386138614
0x0edc0ea676c5e608d628ecc659a13a213476de3e,DYDX,0.173886138613861
0x0edc0ea676c5e608d628ecc659a13a213476de3e,EOS,0.422648514851485
0x0edc0ea676c5e608d628ecc659a13a213476de3e,ETC,0.80259900990099
0x0edc0ea676c5e608d628ecc659a13a213476de3e,ETH,0.974628712871287
0x0edc0ea676c5e608d628ecc659a13a213476de3e,FET,0.354579207920792
0x0edc0ea676c5e608d628ecc659a13a213476de3e,FIL,0.668316831683168
0x0edc0ea676c5e608d628ecc659a13a213476de3e,FRAX,0.864480198019802
0x0edc0ea676c5e608d628ecc659a13a213476de3e,FTM,0.495049504950495
0x0edc0ea676c5e608d628ecc659a13a213476de3e,FXS,0.349628712871287
0x0edc0ea676c5e608d628ecc659a13a213476de3e,GRT,0.910272277227723
0x0edc0ea676c5e608d628ecc659a13a213476de3e,HAI,0.372524752475248
0x0edc0ea676c5e608d628ecc659a13a213476de3e,HERO,0.945544554455445
0x0edc0ea676c5e608d628ecc659a13a213476de3e,ICP,0.780321782178218
0x0edc0ea676c5e608d628ecc659a13a213476de3e,IMX,0.230816831683168
0x0edc0ea676c5e608d628ecc659a13a213476de3e,INJ,0.416460396039604
0x0edc0ea676c5e608d628ecc659a13a213476de3e,LDO,0.157178217821782
0x0edc0ea676c5e608d628ecc659a13a213476de3e,LINK,0.762376237623762
0x0edc0ea676c5e608d628ecc659a13a213476de3e,LTC,0.862623762376238
0x0edc0ea676c5e608d628ecc659a13a213476de3e,MATIC,0.913366336633663
0x0edc0ea676c5e608d628ecc659a13a213476de3e,MAV,0.551980198019802
0x0edc0ea676c5e608d628ecc659a13a213476de3e,MBOX,0.295173267326733
0x0edc0ea676c5e608d628ecc659a13a213476de3e,MKR,0.798267326732673
0x0edc0ea676c5e608d628ecc659a13a213476de3e,MOON,0.073019801980198
0x0edc0ea676c5e608d628ecc659a13a213476de3e,NEAR,0.457920792079208
0x0edc0ea676c5e608d628ecc659a13a213476de3e,OP,0.181930693069307
0x0edc0ea676c5e608d628ecc659a13a213476de3e,PENDLE,0.496905940594059
0x0edc0ea676c5e608d628ecc659a13a213476de3e,PEPE,0.706683168316832
0x0edc0ea676c5e608d628ecc659a13a213476de3e,PERP,0.396658415841584
0x0edc0ea676c5e608d628ecc659a13a213476de3e,PIT,0.796410891089109
0x0edc0ea676c5e608d628ecc659a13a213476de3e,POLS,0.795792079207921
0x0edc0ea676c5e608d628ecc659a13a213476de3e,PYTH,0.593440594059406
0x0edc0ea676c5e608d628ecc659a13a213476de3e,QUACK,0.993193069306931
0x0edc0ea676c5e608d628ecc659a13a213476de3e,RDNT,0.426361386138614
0x0edc0ea676c5e608d628ecc659a13a213476de3e,RNDR,0.64480198019802
0x0edc0ea676c5e608d628ecc659a13a213476de3e,RPL,0.529084158415842
0x0edc0ea676c5e608d628ecc659a13a213476de3e,RUNE,0.296410891089109
0x0edc0ea676c5e608d628ecc659a13a213476de3e,SFP,0.46039603960396
0x0edc0ea676c5e608d628ecc659a13a213476de3e,SFUND,0.0637376237623762
0x0edc0ea676c5e608d628ecc659a13a213476de3e,SHIB,0.826732673267327
0x0edc0ea676c5e608d628ecc659a13a213476de3e,SOL,0.975866336633663
0x0edc0ea676c5e608d628ecc659a13a213476de3e,STG,0.326113861386139
0x0edc0ea676c5e608d628ecc659a13a213476de3e,SUI,0.811881188118812
0x0edc0ea676c5e608d628ecc659a13a213476de3e,SUSHI,0.616336633663366
0x0edc0ea676c5e608d628ecc659a13a213476de3e,TIA,0.540841584158416
0x0edc0ea676c5e608d628ecc659a13a213476de3e,TOKEN,0.0761138613861386
0x0edc0ea676c5e608d628ecc659a13a213476de3e,TRX,0.622524752475248
0x0edc0ea676c5e608d628ecc659a13a213476de3e,UNI,0.97029702970297
0x0edc0ea676c5e608d628ecc659a13a213476de3e,USDT,0.963490099009901
0x0edc0ea676c5e608d628ecc659a13a213476de3e,XLM,0.51980198019802
0x0edc0ea676c5e608d628ecc659a13a213476de3e,XMR,0.984529702970297
0x0edc0ea676c5e608d628ecc659a13a213476de3e,XRP,0.879950495049505
0x0edc0ea676c5e608d628ecc659a13a213476de3e,XTZ,0.841584158415842
0x0edc0ea676c5e608d628ecc659a13a213476de3e,XVS,0.905321782178218
0x0edc0ea676c5e608d628ecc659a13a213476de3e,YFI,0.985767326732673
0x18fbc0c8fdd7faa3f4fb72810a0c6360c1bb4bd6,AAVE,0.440293153872392
0x18fbc0c8fdd7faa3f4fb72810a0c6360c1bb4bd6,ADA,0.893183356611449
0x18fbc0c8fdd7faa3f4fb72810a0c6360c1bb4bd6,ALGO,0.439827673400945
0x18fbc0c8fdd7faa3f4fb72810a0c6360c1bb4bd6,APE,0.0755625120888072
0x18fbc0c8fdd7faa3f4fb72810a0c6360c1bb4bd6,APT,0.386124287329882
0x18fbc0c8fdd7faa3f4fb72810a0c6360c1bb4bd6,ATOM,0.799945613141616
0x18fbc0c8fdd7faa3f4fb72810a0c6360c1bb4bd6,AVAX,0.913533525877165
0x18fbc0c8fdd7faa3f4fb72810a0c6360c1bb4bd6,AXS,0.0304196117901737
0x18fbc0c8fdd7faa3f4fb72810a0c6360c1bb4bd6,BAL,0.0356353644642116
0x18fbc0c8fdd7faa3f4fb72810a0c6360c1bb4bd6,BCH,0.841014932731674
0x18fbc0c8fdd7faa3f4fb72810a0c6360c1bb4bd6,BLUR,0.13452990001576
0x18fbc0c8fdd7faa3f4fb72810a0c6360c1bb4bd6,BNB,0.950538821931829
0x18fbc0c8fdd7faa3f4fb72810a0c6360c1bb4bd6,BONK,0.304760402852842
0x18fbc0c8fdd7faa3f4fb72810a0c6360c1bb4bd6,BTC,0.667013692837799
0x18fbc0c8fdd7faa3f4fb72810a0c6360c1bb4bd6,C98,0.0553467530695824
0x18fbc0c8fdd7faa3f4fb72810a0c6360c1bb4bd6,CAKE,0.820583227457274
0x18fbc0c8fdd7faa3f4fb72810a0c6360c1bb4bd6,COMP,0.721105437721787
0x18fbc0c8fdd7faa3f4fb72810a0c6360c1bb4bd6,CRV,0.802580082744747
0x18fbc0c8fdd7faa3f4fb72810a0c6360c1bb4bd6,CVX,0.158873410236144
0x18fbc0c8fdd7faa3f4fb72810a0c6360c1bb4bd6,DAI,0.305677138629933
0x18fbc0c8fdd7faa3f4fb72810a0c6360c1bb4bd6,DAO,0.137689651338298
0x18fbc0c8fdd7faa3f4fb72810a0c6360c1bb4bd6,DOGE,0.797149736585343
0x18fbc0c8fdd7faa3f4fb72810a0c6360c1bb4bd6,DOT,0.951911558332903
0x18fbc0c8fdd7faa3f4fb72810a0c6360c1bb4bd6,DYDX,0.0646786326970285
0x18fbc0c8fdd7faa3f4fb72810a0c6360c1bb4bd6,EOS,0.0201047898059856
0x18fbc0c8fdd7faa3f4fb72810a0c6360c1bb4bd6,ETC,0.900152302866261
0x18fbc0c8fdd7faa3f4fb72810a0c6360c1bb4bd6,ETH,0.698218979717968
0x18fbc0c8fdd7faa3f4fb72810a0c6360c1bb4bd6,FET,0.133401478782466
0x18fbc0c8fdd7faa3f4fb72810a0c6360c1bb4bd6,FIL,0.434508092698444
0x18fbc0c8fdd7faa3f4fb72810a0c6360c1bb4bd6,FRAX,0.672332054079601
0x18fbc0c8fdd7faa3f4fb72810a0c6360c1bb4bd6,FTM,0.789900199109976
0x18fbc0c8fdd7faa3f4fb72810a0c6360c1bb4bd6,FXS,0.405802473950003
0x18fbc0c8fdd7faa3f4fb72810a0c6360c1bb4bd6,GRT,0.766256955211111
0x18fbc0c8fdd7faa3f4fb72810a0c6360c1bb4bd6,HAI,0.596097514368584
0x18fbc0c8fdd7faa3f4fb72810a0c6360c1bb4bd6,HERO,0.60897997107651
0x18fbc0c8fdd7faa3f4fb72810a0c6360c1bb4bd6,ICP,0.695913142887077
0x18fbc0c8fdd7faa3f4fb72810a0c6360c1bb4bd6,IMX,0.294070117344297
0x18fbc0c8fdd7faa3f4fb72810a0c6360c1bb4bd6,INJ,0.675764752942416
0x18fbc0c8fdd7faa3f4fb72810a0c6360c1bb4bd6,LDO,0.261574538684044
0x18fbc0c8fdd7faa3f4fb72810a0c6360c1bb4bd6,LINK,0.965055021101162
0x18fbc0c8fdd7faa3f4fb72810a0c6360c1bb4bd6,LTC,0.850136004029097
0x18fbc0c8fdd7faa3f4fb72810a0c6360c1bb4bd6,MATIC,0.770972992179985
0x18fbc0c8fdd7faa3f4fb72810a0c6360c1bb4bd6,MAV,0.328957585245369
0x18fbc0c8fdd7faa3f4fb72810a0c6360c1bb4bd6,MBOX,0.321396211418697
0x18fbc0c8fdd7faa3f4fb72810a0c6360c1bb4bd6,MKR,0.472026922637416
0x18fbc0c8fdd7faa3f4fb72810a0c6360c1bb4bd6,MOON,0.361459082971998
0x18fbc0c8fdd7faa3f4fb72810a0c6360c1bb4bd6,NEAR,0.506723627863348
0x18fbc0c8fdd7faa3f4fb72810a0c6360c1bb4bd6,OP,0.883594070231007
0x18fbc0c8fdd7faa3f4fb72810a0c6360c1bb4bd6,PENDLE,0.18874391353131
0x18fbc0c8fdd7faa3f4fb72810a0c6360c1bb4bd6,PEPE,0.62488943534051
0x18fbc0c8fdd7faa3f4fb72810a0c6360c1bb4bd6,PERP,0.481183731126146
0x18fbc0c8fdd7faa3f4fb72810a0c6360c1bb4bd6,PIT,0.622582516527851
0x18fbc0c8fdd7faa3f4fb72810a0c6360c1bb4bd6,POLS,0.435780723160678
0x18fbc0c8fdd7faa3f4fb72810a0c6360c1bb4bd6,PYTH,0.129557420614814
0x18fbc0c8fdd7faa3f4fb72810a0c6360c1bb4bd6,QUACK,0.1274428781416
0x18fbc0c8fdd7faa3f4fb72810a0c6360c1bb4bd6,RDNT,0.56392421764927
0x18fbc0c8fdd7faa3f4fb72810a0c6360c1bb4bd6,RNDR,0.496297233535867
0x18fbc0c8fdd7faa3f4fb72810a0c6360c1bb4bd6,RPL,0.248504453425418
0x18fbc0c8fdd7faa3f4fb72810a0c6360c1bb4bd6,RUNE,0.0984185183730512
0x18fbc0c8fdd7faa3f4fb72810a0c6360c1bb4bd6,SFP,0.295626589971804
0x18fbc0c8fdd7faa3f4fb72810a0c6360c1bb4bd6,SFUND,0.461122972298459
0x18fbc0c8fdd7faa3f4fb72810a0c6360c1bb4bd6,SHIB,0.607198249351294
0x18fbc0c8fdd7faa3f4fb72810a0c6360c1bb4bd6,SOL,0.898886307653319
0x18fbc0c8fdd7faa3f4fb72810a0c6360c1bb4bd6,STG,0.237938289097533
0x18fbc0c8fdd7faa3f4fb72810a0c6360c1bb4bd6,SUI,0.647665498438325
0x18fbc0c8fdd7faa3f4fb72810a0c6360c1bb4bd6,SUSHI,0.55389566485213
0x18fbc0c8fdd7faa3f4fb72810a0c6360c1bb4bd6,TIA,0.309789680172599
0x18fbc0c8fdd7faa3f4fb72810a0c6360c1bb4bd6,TOKEN,0.0002859334467534
0x18fbc0c8fdd7faa3f4fb72810a0c6360c1bb4bd6,TRX,0.827536006780237
0x18fbc0c8fdd7faa3f4fb72810a0c6360c1bb4bd6,UNI,0.847955804335798
0x18fbc0c8fdd7faa3f4fb72810a0c6360c1bb4bd6,USDT,0.831749977587244
0x18fbc0c8fdd7faa3f4fb72810a0c6360c1bb4bd6,XLM,0.809427244402306
0x18fbc0c8fdd7faa3f4fb72810a0c6360c1bb4bd6,XMR,0.546116530178896
0x18fbc0c8fdd7faa3f4fb72810a0c6360c1bb4bd6,XRP,0.916454272506485
0x18fbc0c8fdd7faa3f4fb72810a0c6360c1bb4bd6,XTZ,0.854257061268752
0x18fbc0c8fdd7faa3f4fb72810a0c6360c1bb4bd6,XVS,0.459527909463129
0x18fbc0c8fdd7faa3f4fb72810a0c6360c1bb4bd6,YFI,0.203697532392144
0x1be48b2b7594fe7e47701bc7e7bb83beaf84ecc0,AAVE,0.5237028
0x1be48b2b7594fe7e47701bc7e7bb83beaf84ecc0,ADA,0.53140455
0x1be48b2b7594fe7e47701bc7e7bb83beaf84ecc0,ALGO,0.4406619
0x1be48b2b7594fe7e47701bc7e7bb83beaf84ecc0,APE,0.39592654
0x1be48b2b7594fe7e47701bc7e7bb83beaf84ecc0,APT,0.53284484
0x1be48b2b7594fe7e47701bc7e7bb83beaf84ecc0,ATOM,0.5161815
0x1be48b2b7594fe7e47701bc7e7bb83beaf84ecc0,AVAX,0.54266995
0x1be48b2b7594fe7e47701bc7e7bb83beaf84ecc0,AXS,0.40343627
0x1be48b2b7594fe7e47701bc7e7bb83beaf84ecc0,BAL,0.5048402
0x1be48b2b7594fe7e47701bc7e7bb83beaf84ecc0,BCH,0.5740498
0x1be48b2b7594fe7e47701bc7e7bb83beaf84ecc0,BLUR,0.47786146
0x1be48b2b7594fe7e47701bc7e7bb83beaf84ecc0,BNB,0.59952873
0x1be48b2b7594fe7e47701bc7e7bb83beaf84ecc0,BONK,0.5251166
0x1be48b2b7594fe7e47701bc7e7bb83beaf84ecc0,BTC,0.5994893
0x1be48b2b7594fe7e47701bc7e7bb83beaf84ecc0,C98,0.52411854
0x1be48b2b7594fe7e47701bc7e7bb83beaf84ecc0,CAKE,0.5487861
0x1be48b2b7594fe7e47701bc7e7bb83beaf84ecc0,COMP,0.5165312
0x1be48b2b7594fe7e47701bc7e7bb83beaf84ecc0,CRV,0.52406543
0x1be48b2b7594fe7e47701bc7e7bb83beaf84ecc0,CVX,0.5392362
0x1be48b2b7594fe7e47701bc7e7bb83beaf84ecc0,DAI,0.6058434
0x1be48b2b7594fe7e47701bc7e7bb83beaf84ecc0,DAO,0.4727762
0x1be48b2b7594fe7e47701bc7e7bb83beaf84ecc0,DOGE,0.55080426
0x1be48b2b7594fe7e47701bc7e7bb83beaf84ecc0,DOT,0.5410922
0x1be48b2b7594fe7e47701bc7e7bb83beaf84ecc0,DYDX,0.46187654
0x1be48b2b7594fe7e47701bc7e7bb83beaf84ecc0,EOS,0.49304995
0x1be48b2b7594fe7e47701bc7e7bb83beaf84ecc0,ETC,0.5442614
0x1be48b2b7594fe7e47701bc7e7bb83beaf84ecc0,ETH,0.5661879
0x1be48b2b7594fe7e47701bc7e7bb83beaf84ecc0,FET,0.46107206
0x1be48b2b7594fe7e47701bc7e7bb83beaf84ecc0,FIL,0.5144286
0x1be48b2b7594fe7e47701bc7e7bb83beaf84ecc0,FRAX,0.58400005
0x1be48b2b7594fe7e47701bc7e7bb83beaf84ecc0,FTM,0.52039206
0x1be48b2b7594fe7e47701bc7e7bb83beaf84ecc0,FXS,0.47781187
0x1be48b2b7594fe7e47701bc7e7bb83beaf84ecc0,GRT,0.5571864
0x1be48b2b7594fe7e47701bc7e7bb83beaf84ecc0,HAI,0.5013275
0x1be48b2b7594fe7e47701bc7e7bb83beaf84ecc0,HERO,0.5323158
0x1be48b2b7594fe7e47701bc7e7bb83beaf84ecc0,ICP,0.5423144
0x1be48b2b7594fe7e47701bc7e7bb83beaf84ecc0,IMX,0.5011144
0x1be48b2b7594fe7e47701bc7e7bb83beaf84ecc0,INJ,0.5106284
0x1be48b2b7594fe7e47701bc7e7bb83beaf84ecc0,LDO,0.45374525
0x1be48b2b7594fe7e47701bc7e7bb83beaf84ecc0,LINK,0.5324303
0x1be48b2b7594fe7e47701bc7e7bb83beaf84ecc0,LTC,0.56694925
0x1be48b2b7594fe7e47701bc7e7bb83beaf84ecc0,MATIC,0.5543608
0x1be48b2b7594fe7e47701bc7e7bb83beaf84ecc0,MAV,0.50934887
0x1be48b2b7594fe7e47701bc7e7bb83beaf84ecc0,MBOX,0.47251728
0x1be48b2b7594fe7e47701bc7e7bb83beaf84ecc0,MKR,0.57621485
0x1be48b2b7594fe7e47701bc7e7bb83beaf84ecc0,MOON,0.45407072
0x1be48b2b7594fe7e47701bc7e7bb83beaf84ecc0,NEAR,0.53818434
0x1be48b2b7594fe7e47701bc7e7bb83beaf84ecc0,OP,0.51072913
0x1be48b2b7594fe7e47701bc7e7bb83beaf84ecc0,PENDLE,0.5183435
0x1be48b2b7594fe7e47701bc7e7bb83beaf84ecc0,PEPE,0.5198708
0x1be48b2b7594fe7e47701bc7e7bb83beaf84ecc0,PERP,0.49175882
0x1be48b2b7594fe7e47701bc7e7bb83beaf84ecc0,PIT,0.53334796
0x1be48b2b7594fe7e47701bc7e7bb83beaf84ecc0,POLS,0.5141672
0x1be48b2b7594fe7e47701bc7e7bb83beaf84ecc0,PYTH,0.50639445
0x1be48b2b7594fe7e47701bc7e7bb83beaf84ecc0,QUACK,0.5509977
0x1be48b2b7594fe7e47701bc7e7bb83beaf84ecc0,RDNT,0.4799752
0x1be48b2b7594fe7e47701bc7e7bb83beaf84ecc0,RNDR,0.51303184
0x1be48b2b7594fe7e47701bc7e7bb83beaf84ecc0,RPL,0.5287294
0x1be48b2b7594fe7e47701bc7e7bb83beaf84ecc0,RUNE,0.5197198
0x1be48b2b7594fe7e47701bc7e7bb83beaf84ecc0,SFP,0.5416892
0x1be48b2b7594fe7e47701bc7e7bb83beaf84ecc0,SFUND,0.4171783
0x1be48b2b7594fe7e47701bc7e7bb83beaf84ecc0,SHIB,0.541821
0x1be48b2b7594fe7e47701bc7e7bb83beaf84ecc0,SOL,0.5664387
0x1be48b2b7594fe7e47701bc7e7bb83beaf84ecc0,STG,0.46297166
0x1be48b2b7594fe7e47701bc7e7bb83beaf84ecc0,SUI,0.53393346
0x1be48b2b7594fe7e47701bc7e7bb83beaf84ecc0,SUSHI,0.5048422
0x1be48b2b7594fe7e47701bc7e7bb83beaf84ecc0,TIA,0.5050129
0x1be48b2b7594fe7e47701bc7e7bb83beaf84ecc0,TOKEN,0.42818928
0x1be48b2b7594fe7e47701bc7e7bb83beaf84ecc0,TRX,0.5315004
0x1be48b2b7594fe7e47701bc7e7bb83beaf84ecc0,UNI,0.5446587
0x1be48b2b7594fe7e47701bc7e7bb83beaf84ecc0,USDT,0.5340308
0x1be48b2b7594fe7e47701bc7e7bb83beaf84ecc0,XLM,0.54302907
0x1be48b2b7594fe7e47701bc7e7bb83beaf84ecc0,XMR,0.5994702
0x1be48b2b7594fe7e47701bc7e7bb83beaf84ecc0,XRP,0.5572235
0x1be48b2b7594fe7e47701bc7e7bb83beaf84ecc0,XTZ,0.5447924
0x1be48b2b7594fe7e47701bc7e7bb83beaf84ecc0,XVS,0.53380907
0x1be48b2b7594fe7e47701bc7e7bb83beaf84ecc0,YFI,0.5720801
0x1bfb6731ff80e75bf84bfe40a108723c5eb23d4f,AAVE,0.4862949698648517
0x1bfb6731ff80e75bf84bfe40a108723c5eb23d4f,ADA,0.5262565717685734
0x1bfb6731ff80e75bf84bfe40a108723c5eb23d4f,ALGO,0.4349301044928523
0x1bfb6731ff80e75bf84bfe40a108723c5eb23d4f,APE,0.4072756656311539
0x1bfb6731ff80e75bf84bfe40a108723c5eb23d4f,APT,0.4789855832787677
0x1bfb6731ff80e75bf84bfe40a108723c5eb23d4f,ATOM,0.488526224934664
0x1bfb6731ff80e75bf84bfe40a108723c5eb23d4f,AVAX,0.5399809981859551
0x1bfb6731ff80e75bf84bfe40a108723c5eb23d4f,AXS,0.4254241680813001
0x1bfb6731ff80e75bf84bfe40a108723c5eb23d4f,BAL,0.503642518656099
0x1bfb6731ff80e75bf84bfe40a108723c5eb23d4f,BCH,0.5700900546407371
0x1bfb6731ff80e75bf84bfe40a108723c5eb23d4f,BLUR,0.481449538437213
0x1bfb6731ff80e75bf84bfe40a108723c5eb23d4f,BNB,0.5992066139445635
0x1bfb6731ff80e75bf84bfe40a108723c5eb23d4f,BONK,0.4988871178462855
0x1bfb6731ff80e75bf84bfe40a108723c5eb23d4f,BTC,0.6312933099273097
0x1bfb6731ff80e75bf84bfe40a108723c5eb23d4f,C98,0.518641714837109
0x1bfb6731ff80e75bf84bfe40a108723c5eb23d4f,CAKE,0.5171892777187712
0x1bfb6731ff80e75bf84bfe40a108723c5eb23d4f,COMP,0.5141762718364643
0x1bfb6731ff80e75bf84bfe40a108723c5eb23d4f,CRV,0.5069639876474996
0x1bfb6731ff80e75bf84bfe40a108723c5eb23d4f,CVX,0.53184114912608
0x1bfb6731ff80e75bf84bfe40a108723c5eb23d4f,DAI,0.5800305511562062
0x1bfb6731ff80e75bf84bfe40a108723c5eb23d4f,DAO,0.427407352490263
0x1bfb6731ff80e75bf84bfe40a108723c5eb23d4f,DOGE,0.479273182925429
0x1bfb6731ff80e75bf84bfe40a108723c5eb23d4f,DOT,0.5671045262073481
0x1bfb6731ff80e75bf84bfe40a108723c5eb23d4f,DYDX,0.4569516974289457
0x1bfb6731ff80e75bf84bfe40a108723c5eb23d4f,EOS,0.4774406815653295
0x1bfb6731ff80e75bf84bfe40a108723c5eb23d4f,ETC,0.5709068893397329
0x1bfb6731ff80e75bf84bfe40a108723c5eb23d4f,ETH,0.5662460501331757
0x1bfb6731ff80e75bf84bfe40a108723c5eb23d4f,FET,0.4730686974281547
0x1bfb6731ff80e75bf84bfe40a108723c5eb23d4f,FIL,0.507629172300228
0x1bfb6731ff80e75bf84bfe40a108723c5eb23d4f,FRAX,0.5582933039985927
0x1bfb6731ff80e75bf84bfe40a108723c5eb23d4f,FTM,0.545529480857402
0x1bfb6731ff80e75bf84bfe40a108723c5eb23d4f,FXS,0.4784783170494077
0x1bfb6731ff80e75bf84bfe40a108723c5eb23d4f,GRT,0.5559565474161965
0x1bfb6731ff80e75bf84bfe40a108723c5eb23d4f,HAI,0.4868349483159397
0x1bfb6731ff80e75bf84bfe40a108723c5eb23d4f,HERO,0.5396584870679109
0x1bfb6731ff80e75bf84bfe40a108723c5eb23d4f,ICP,0.5247438890266665
0x1bfb6731ff80e75bf84bfe40a108723c5eb23d4f,IMX,0.4887475991373756
0x1bfb6731ff80e75bf84bfe40a108723c5eb23d4f,INJ,0.5213515588515232
0x1bfb6731ff80e75bf84bfe40a108723c5eb23d4f,LDO,0.4814584439097775
0x1bfb6731ff80e75bf84bfe40a108723c5eb23d4f,LINK,0.538522695202858
0x1bfb6731ff80e75bf84bfe40a108723c5eb23d4f,LTC,0.5416564224373754
0x1bfb6731ff80e75bf84bfe40a108723c5eb23d4f,MATIC,0.5281431038479609
0x1bfb6731ff80e75bf84bfe40a108723c5eb23d4f,MAV,0.5149805543743565
0x1bfb6731ff80e75bf84bfe40a108723c5eb23d4f,MBOX,0.4731421890854104
0x1bfb6731ff80e75bf84bfe40a108723c5eb23d4f,MKR,0.5808227389189402
0x1bfb6731ff80e75bf84bfe40a108723c5eb23d4f,MOON,0.3720460919386323
0x1bfb6731ff80e75bf84bfe40a108723c5eb23d4f,NEAR,0.5222807905172975
0x1bfb6731ff80e75bf84bfe40a108723c5eb23d4f,OP,0.5068979655987738
0x1bfb6731ff80e75bf84bfe40a108723c5eb23d4f,PENDLE,0.479511492637929
0x1bfb6731ff80e75bf84bfe40a108723c5eb23d4f,PEPE,0.4912026205451368
0x1bfb6731ff80e75bf84bfe40a108723c5eb23d4f,PERP,0.4651288185448623
0x1bfb6731ff80e75bf84bfe40a108723c5eb23d4f,PIT,0.5204483278530779
0x1bfb6731ff80e75bf84bfe40a108723c5eb23d4f,POLS,0.5229998435485465
0x1bfb6731ff80e75bf84bfe40a108723c5eb23d4f,PYTH,0.4867009157538275
0x1bfb6731ff80e75bf84bfe40a108723c5eb23d4f,QUACK,0.6160192573288281
0x1bfb6731ff80e75bf84bfe40a108723c5eb23d4f,RDNT,0.4661764845106402
0x1bfb6731ff80e75bf84bfe40a108723c5eb23d4f,RNDR,0.4830634104299807
0x1bfb6731ff80e75bf84bfe40a108723c5eb23d4f,RPL,0.5174637231663186
0x1bfb6731ff80e75bf84bfe40a108723c5eb23d4f,RUNE,0.4621409712668209
0x1bfb6731ff80e75bf84bfe40a108723c5eb23d4f,SFP,0.5373788495644212
0x1bfb6731ff80e75bf84bfe40a108723c5eb23d4f,SFUND,0.4341337811048602
0x1bfb6731ff80e75bf84bfe40a108723c5eb23d4f,SHIB,0.5155655615634942
0x1bfb6731ff80e75bf84bfe40a108723c5eb23d4f,SOL,0.5915036054698283
0x1bfb6731ff80e75bf84bfe40a108723c5eb23d4f,STG,0.4697929158886993
0x1bfb6731ff80e75bf84bfe40a108723c5eb23d4f,SUI,0.5385003466089964
0x1bfb6731ff80e75bf84bfe40a108723c5eb23d4f,SUSHI,0.5175453365117109
0x1bfb6731ff80e75bf84bfe40a108723c5eb23d4f,TIA,0.4797459602622342
0x1bfb6731ff80e75bf84bfe40a108723c5eb23d4f,TOKEN,0.4088264777934606
0x1bfb6731ff80e75bf84bfe40a108723c5eb23d4f,TRX,0.5476366690301077
0x1bfb6731ff80e75bf84bfe40a108723c5eb23d4f,UNI,0.54521752549365
0x1bfb6731ff80e75bf84bfe40a108723c5eb23d4f,USDT,0.5557074583861448
0x1bfb6731ff80e75bf84bfe40a108723c5eb23d4f,XLM,0.5227328419354701
0x1bfb6731ff80e75bf84bfe40a108723c5eb23d4f,XMR,0.5399414574917203
0x1bfb6731ff80e75bf84bfe40a108723c5eb23d4f,XRP,0.5838716797328753
0x1bfb6731ff80e75bf84bfe40a108723c5eb23d4f,XTZ,0.5527298077449164
0x1bfb6731ff80e75bf84bfe40a108723c5eb23d4f,XVS,0.5430825091592117
0x1bfb6731ff80e75bf84bfe40a108723c5eb23d4f,YFI,0.605850778006064
0x1ddbf0ae77f367e99e38398d9694d8ea86d003f3,AAVE,0.506527744462092
0x1ddbf0ae77f367e99e38398d9694d8ea86d003f3,ADA,0.5402318874624218
0x1ddbf0ae77f367e99e38398d9694d8ea86d003f3,ALGO,0.4378580811144825
0x1ddbf0ae77f367e99e38398d9694d8ea86d003f3,APE,0.4041488344226706
0x1ddbf0ae77f367e99e38398d9694d8ea86d003f3,APT,0.4946441857431515
0x1ddbf0ae77f367e99e38398d9694d8ea86d003f3,ATOM,0.5287040869767552
0x1ddbf0ae77f367e99e38398d9694d8ea86d003f3,AVAX,0.5373064574174868
0x1ddbf0ae77f367e99e38398d9694d8ea86d003f3,AXS,0.4318034392847924
0x1ddbf0ae77f367e99e38398d9694d8ea86d003f3,BAL,0.507028659593629
0x1ddbf0ae77f367e99e38398d9694d8ea86d003f3,BCH,0.5571110229563969
0x1ddbf0ae77f367e99e38398d9694d8ea86d003f3,BLUR,0.4624770636248531
0x1ddbf0ae77f367e99e38398d9694d8ea86d003f3,BNB,0.5756091842708633
0x1ddbf0ae77f367e99e38398d9694d8ea86d003f3,BONK,0.5224948945520818
0x1ddbf0ae77f367e99e38398d9694d8ea86d003f3,BTC,0.5834043582784335
0x1ddbf0ae77f367e99e38398d9694d8ea86d003f3,C98,0.5067583505258814
0x1ddbf0ae77f367e99e38398d9694d8ea86d003f3,CAKE,0.5297759730882337
0x1ddbf0ae77f367e99e38398d9694d8ea86d003f3,COMP,0.5157970916854927
0x1ddbf0ae77f367e99e38398d9694d8ea86d003f3,CRV,0.5325950561944357
0x1ddbf0ae77f367e99e38398d9694d8ea86d003f3,CVX,0.5343028119220503
0x1ddbf0ae77f367e99e38398d9694d8ea86d003f3,DAI,0.5375086474685087
0x1ddbf0ae77f367e99e38398d9694d8ea86d003f3,DAO,0.45854333125718
0x1ddbf0ae77f367e99e38398d9694d8ea86d003f3,DOGE,0.5276661845102139
0x1ddbf0ae77f367e99e38398d9694d8ea86d003f3,DOT,0.5481245949615419
0x1ddbf0ae77f367e99e38398d9694d8ea86d003f3,DYDX,0.4516377858578961
0x1ddbf0ae77f367e99e38398d9694d8ea86d003f3,EOS,0.4899488803019174
0x1ddbf0ae77f367e99e38398d9694d8ea86d003f3,ETC,0.5366224465633027
0x1ddbf0ae77f367e99e38398d9694d8ea86d003f3,ETH,0.5641719379027266
0x1ddbf0ae77f367e99e38398d9694d8ea86d003f3,FET,0.4629999781226508
0x1ddbf0ae77f367e99e38398d9694d8ea86d003f3,FIL,0.5317186075410338
0x1ddbf0ae77f367e99e38398d9694d8ea86d003f3,FRAX,0.526728627208668
0x1ddbf0ae77f367e99e38398d9694d8ea86d003f3,FTM,0.5073025356059957
0x1ddbf0ae77f367e99e38398d9694d8ea86d003f3,FXS,0.4957809194662718
0x1ddbf0ae77f367e99e38398d9694d8ea86d003f3,GRT,0.5425964999676095
0x1ddbf0ae77f367e99e38398d9694d8ea86d003f3,HAI,0.4997600626208229
0x1ddbf0ae77f367e99e38398d9694d8ea86d003f3,HERO,0.5286197761547122
0x1ddbf0ae77f367e99e38398d9694d8ea86d003f3,ICP,0.5317574157733449
0x1ddbf0ae77f367e99e38398d9694d8ea86d003f3,IMX,0.4783493638112967
0x1ddbf0ae77f367e99e38398d9694d8ea86d003f3,INJ,0.5093784362692972
0x1ddbf0ae77f367e99e38398d9694d8ea86d003f3,LDO,0.4561787858573938
0x1ddbf0ae77f367e99e38398d9694d8ea86d003f3,LINK,0.5414445913967064
0x1ddbf0ae77f367e99e38398d9694d8ea86d003f3,LTC,0.5526199773250371
0x1ddbf0ae77f367e99e38398d9694d8ea86d003f3,MATIC,0.5320638801167398
0x1ddbf0ae77f367e99e38398d9694d8ea86d003f3,MAV,0.5052240719403156
0x1ddbf0ae77f367e99e38398d9694d8ea86d003f3,MBOX,0.4764260471316967
0x1ddbf0ae77f367e99e38398d9694d8ea86d003f3,MKR,0.5608774156134866
0x1ddbf0ae77f367e99e38398d9694d8ea86d003f3,MOON,0.4537910731216812
0x1ddbf0ae77f367e99e38398d9694d8ea86d003f3,NEAR,0.5108237515123002
0x1ddbf0ae77f367e99e38398d9694d8ea86d003f3,OP,0.5090585829622648
0x1ddbf0ae77f367e99e38398d9694d8ea86d003f3,PENDLE,0.4887812555086778
0x1ddbf0ae77f367e99e38398d9694d8ea86d003f3,PEPE,0.5236855625617983
0x1ddbf0ae77f367e99e38398d9694d8ea86d003f3,PERP,0.4969830441505988
0x1ddbf0ae77f367e99e38398d9694d8ea86d003f3,PIT,0.5320983073477081
0x1ddbf0ae77f367e99e38398d9694d8ea86d003f3,POLS,0.516378159436505
0x1ddbf0ae77f367e99e38398d9694d8ea86d003f3,PYTH,0.5020028683791756
0x1ddbf0ae77f367e99e38398d9694d8ea86d003f3,QUACK,0.5696586361107736
0x1ddbf0ae77f367e99e38398d9694d8ea86d003f3,RDNT,0.4907368785908505
0x1ddbf0ae77f367e99e38398d9694d8ea86d003f3,RNDR,0.5035626991735618
0x1ddbf0ae77f367e99e38398d9694d8ea86d003f3,RPL,0.5150083309779635
0x1ddbf0ae77f367e99e38398d9694d8ea86d003f3,RUNE,0.4810533104458941
0x1ddbf0ae77f367e99e38398d9694d8ea86d003f3,SFP,0.5057422730931163
0x1ddbf0ae77f367e99e38398d9694d8ea86d003f3,SFUND,0.4226891618320782
0x1ddbf0ae77f367e99e38398d9694d8ea86d003f3,SHIB,0.5333343492625787
0x1ddbf0ae77f367e99e38398d9694d8ea86d003f3,SOL,0.5541830460545681
0x1ddbf0ae77f367e99e38398d9694d8ea86d003f3,STG,0.470864781094828
0x1ddbf0ae77f367e99e38398d9694d8ea86d003f3,SUI,0.5290398607738189
0x1ddbf0ae77f367e99e38398d9694d8ea86d003f3,SUSHI,0.5087078847679432
0x1ddbf0ae77f367e99e38398d9694d8ea86d003f3,TIA,0.4981311781150258
0x1ddbf0ae77f367e99e38398d9694d8ea86d003f3,TOKEN,0.4149512069697019
0x1ddbf0ae77f367e99e38398d9694d8ea86d003f3,TRX,0.535194233016
0x1ddbf0ae77f367e99e38398d9694d8ea86d003f3,UNI,0.5466257015922542
0x1ddbf0ae77f367e99e38398d9694d8ea86d003f3,USDT,0.539826714417725
0x1ddbf0ae77f367e99e38398d9694d8ea86d003f3,XLM,0.5255474288188314
0x1ddbf0ae77f367e99e38398d9694d8ea86d003f3,XMR,0.5600655819242172
0x1ddbf0ae77f367e99e38398d9694d8ea86d003f3,XRP,0.5500255219974776
0x1ddbf0ae77f367e99e38398d9694d8ea86d003f3,XTZ,0.5446420812576881
0x1ddbf0ae77f367e99e38398d9694d8ea86d003f3,XVS,0.5258066672451286
0x1ddbf0ae77f367e99e38398d9694d8ea86d003f3,YFI,0.5568886439658678
0x1e2e7903fb871f38362a8760871d1648eaa12536,AAVE,0.0547945205479452
0x1e2e7903fb871f38362a8760871d1648eaa12536,ADA,0.684931506849315
0x1e2e7903fb871f38362a8760871d1648eaa12536,ALGO,0.3561643835616438
0x1e2e7903fb871f38362a8760871d1648eaa12536,APE,0.0958904109589041
0x1e2e7903fb871f38362a8760871d1648eaa12536,APT,0.4383561643835616
0x1e2e7903fb871f38362a8760871d1648eaa12536,ATOM,0.3287671232876712
0x1e2e7903fb871f38362a8760871d1648eaa12536,AVAX,0.6712328767123288
0x1e2e7903fb871f38362a8760871d1648eaa12536,AXS,0.2328767123287671
0x1e2e7903fb871f38362a8760871d1648eaa12536,BAL,0.0684931506849315
0x1e2e7903fb871f38362a8760871d1648eaa12536,BCH,0.7397260273972602
0x1e2e7903fb871f38362a8760871d1648eaa12536,BLUR,0.1506849315068493
0x1e2e7903fb871f38362a8760871d1648eaa12536,BNB,1.0
0x1e2e7903fb871f38362a8760871d1648eaa12536,BONK,0.0136986301369863
0x1e2e7903fb871f38362a8760871d1648eaa12536,BTC,0.9726027397260274
0x1e2e7903fb871f38362a8760871d1648eaa12536,C98,0.863013698630137
0x1e2e7903fb871f38362a8760871d1648eaa12536,CAKE,0.2602739726027397
0x1e2e7903fb871f38362a8760871d1648eaa12536,COMP,0.2465753424657534
0x1e2e7903fb871f38362a8760871d1648eaa12536,CRV,0.9041095890410958
0x1e2e7903fb871f38362a8760871d1648eaa12536,CVX,0.547945205479452
0x1e2e7903fb871f38362a8760871d1648eaa12536,DAI,0.821917808219178
0x1e2e7903fb871f38362a8760871d1648eaa12536,DAO,0.0410958904109589
0x1e2e7903fb871f38362a8760871d1648eaa12536,DOGE,0.4794520547945205
0x1e2e7903fb871f38362a8760871d1648eaa12536,DOT,0.4657534246575342
0x1e2e7903fb871f38362a8760871d1648eaa12536,DYDX,0.6438356164383562
0x1e2e7903fb871f38362a8760871d1648eaa12536,EOS,0.2876712328767123
0x1e2e7903fb871f38362a8760871d1648eaa12536,ETC,0.8493150684931506
0x1e2e7903fb871f38362a8760871d1648eaa12536,ETH,0.6301369863013698
0x1e2e7903fb871f38362a8760871d1648eaa12536,FET,0.3150684931506849
0x1e2e7903fb871f38362a8760871d1648eaa12536,FIL,0.3698630136986301
0x1e2e7903fb871f38362a8760871d1648eaa12536,FRAX,0.958904109589041
0x1e2e7903fb871f38362a8760871d1648eaa12536,FTM,0.5
0x1e2e7903fb871f38362a8760871d1648eaa12536,FXS,0.5342465753424658
0x1e2e7903fb871f38362a8760871d1648eaa12536,GRT,0.7534246575342466
0x1e2e7903fb871f38362a8760871d1648eaa12536,HAI,0.726027397260274
0x1e2e7903fb871f38362a8760871d1648eaa12536,HERO,0.8904109589041096
0x1e2e7903fb871f38362a8760871d1648eaa12536,ICP,0.3972602739726027
0x1e2e7903fb871f38362a8760871d1648eaa12536,IMX,0.1643835616438356
0x1e2e7903fb871f38362a8760871d1648eaa12536,INJ,0.273972602739726
0x1e2e7903fb871f38362a8760871d1648eaa12536,LDO,0.3835616438356164
0x1e2e7903fb871f38362a8760871d1648eaa12536,LINK,0.9863013698630136
0x1e2e7903fb871f38362a8760871d1648eaa12536,LTC,0.9315068493150684
0x1e2e7903fb871f38362a8760871d1648eaa12536,MATIC,0.5
0x1e2e7903fb871f38362a8760871d1648eaa12536,MAV,0.6164383561643836
0x1e2e7903fb871f38362a8760871d1648eaa12536,MBOX,0.7808219178082192
0x1e2e7903fb871f38362a8760871d1648eaa12536,MKR,0.3013698630136986
0x1e2e7903fb871f38362a8760871d1648eaa12536,MOON,0.2191780821917808
0x1e2e7903fb871f38362a8760871d1648eaa12536,NEAR,0.8082191780821918
0x1e2e7903fb871f38362a8760871d1648eaa12536,OP,0.0
0x1e2e7903fb871f38362a8760871d1648eaa12536,PENDLE,0.136986301369863
0x1e2e7903fb871f38362a8760871d1648eaa12536,PEPE,0.1232876712328767
0x1e2e7903fb871f38362a8760871d1648eaa12536,PERP,0.4520547945205479
0x1e2e7903fb871f38362a8760871d1648eaa12536,PIT,0.5753424657534246
0x1e2e7903fb871f38362a8760871d1648eaa12536,POLS,0.8767123287671232
0x1e2e7903fb871f38362a8760871d1648eaa12536,PYTH,0.1780821917808219
0x1e2e7903fb871f38362a8760871d1648eaa12536,QUACK,0.4246575342465753
0x1e2e7903fb871f38362a8760871d1648eaa12536,RDNT,0.1917808219178082
0x1e2e7903fb871f38362a8760871d1648eaa12536,RNDR,0.5
0x1e2e7903fb871f38362a8760871d1648eaa12536,RPL,0.9178082191780822
0x1e2e7903fb871f38362a8760871d1648eaa12536,RUNE,0.5068493150684932
0x1e2e7903fb871f38362a8760871d1648eaa12536,SFP,0.1095890410958904
0x1e2e7903fb871f38362a8760871d1648eaa12536,SFUND,0.2054794520547945
0x1e2e7903fb871f38362a8760871d1648eaa12536,SHIB,0.5205479452054794
0x1e2e7903fb871f38362a8760871d1648eaa12536,SOL,0.5616438356164384
0x1e2e7903fb871f38362a8760871d1648eaa12536,STG,0.4931506849315068
0x1e2e7903fb871f38362a8760871d1648eaa12536,SUI,0.3424657534246575
0x1e2e7903fb871f38362a8760871d1648eaa12536,SUSHI,0.6575342465753424
0x1e2e7903fb871f38362a8760871d1648eaa12536,TIA,0.0273972602739726
0x1e2e7903fb871f38362a8760871d1648eaa12536,TOKEN,0.0821917808219178
0x1e2e7903fb871f38362a8760871d1648eaa12536,TRX,0.589041095890411
0x1e2e7903fb871f38362a8760871d1648eaa12536,UNI,0.410958904109589
0x1e2e7903fb871f38362a8760871d1648eaa12536,USDT,0.9452054794520548
0x1e2e7903fb871f38362a8760871d1648eaa12536,XLM,0.7671232876712328
0x1e2e7903fb871f38362a8760871d1648eaa12536,XMR,0.6986301369863014
0x1e2e7903fb871f38362a8760871d1648eaa12536,XRP,0.6027397260273972
0x1e2e7903fb871f38362a8760871d1648eaa12536,XTZ,0.7945205479452054
0x1e2e7903fb871f38362a8760871d1648eaa12536,XVS,0.7123287671232876
0x1e2e7903fb871f38362a8760871d1648eaa12536,YFI,0.8356164383561644
0x2b23c36232eac432433a919aedd9a169031661c2,AAVE,0.4422833409751969
0x2b23c36232eac432433a919aedd9a169031661c2,ADA,0.5561762006857974
0x2b23c36232eac432433a919aedd9a169031661c2,ALGO,0.4865535468733555
0x2b23c36232eac432433a919aedd9a169031661c2,APE,0.415233316119315
0x2b23c36232eac432433a919aedd9a169031661c2,APT,0.4693446033983232
0x2b23c36232eac432433a919aedd9a169031661c2,ATOM,0.5505962354579568
0x2b23c36232eac432433a919aedd9a169031661c2,AVAX,0.5624076510607791
0x2b23c36232eac432433a919aedd9a169031661c2,AXS,0.4270397914279685
0x2b23c36232eac432433a919aedd9a169031661c2,BAL,0.4794950507251736
0x2b23c36232eac432433a919aedd9a169031661c2,BCH,0.5557480772263688
0x2b23c36232eac432433a919aedd9a169031661c2,BLUR,0.4577069201316767
0x2b23c36232eac432433a919aedd9a169031661c2,BNB,0.6143258861394157
0x2b23c36232eac432433a919aedd9a169031661c2,BONK,0.5228893832549673
0x2b23c36232eac432433a919aedd9a169031661c2,BTC,0.6335789996470551
0x2b23c36232eac432433a919aedd9a169031661c2,C98,0.4661914334514893
0x2b23c36232eac432433a919aedd9a169031661c2,CAKE,0.5391199716653675
0x2b23c36232eac432433a919aedd9a169031661c2,COMP,0.5016977476302031
0x2b23c36232eac432433a919aedd9a169031661c2,CRV,0.4975543415207896
0x2b23c36232eac432433a919aedd9a169031661c2,CVX,0.5515469290003933
0x2b23c36232eac432433a919aedd9a169031661c2,DAI,0.6084670394867533
0x2b23c36232eac432433a919aedd9a169031661c2,DAO,0.395821344109493
0x2b23c36232eac432433a919aedd9a169031661c2,DOGE,0.5175723165259541
0x2b23c36232eac432433a919aedd9a169031661c2,DOT,0.5607640038600603
0x2b23c36232eac432433a919aedd9a169031661c2,DYDX,0.44473505057734
0x2b23c36232eac432433a919aedd9a169031661c2,EOS,0.5211281715317173
0x2b23c36232eac432433a919aedd9a169031661c2,ETC,0.5756988405507725
0x2b23c36232eac432433a919aedd9a169031661c2,ETH,0.5864997686211051
0x2b23c36232eac432433a919aedd9a169031661c2,FET,0.4509786524182667
0x2b23c36232eac432433a919aedd9a169031661c2,FIL,0.4864388751178315
0x2b23c36232eac432433a919aedd9a169031661c2,FRAX,0.603694083099304
0x2b23c36232eac432433a919aedd9a169031661c2,FTM,0.5441265692676279
0x2b23c36232eac432433a919aedd9a169031661c2,FXS,0.5014839695095308
0x2b23c36232eac432433a919aedd9a169031661c2,GRT,0.5575948341718701
0x2b23c36232eac432433a919aedd9a169031661c2,HAI,0.5358782923635345
0x2b23c36232eac432433a919aedd9a169031661c2,HERO,0.535867589681887
0x2b23c36232eac432433a919aedd9a169031661c2,ICP,0.5761644093283611
0x2b23c36232eac432433a919aedd9a169031661c2,IMX,0.486073481824863
0x2b23c36232eac432433a919aedd9a169031661c2,INJ,0.5070399834272789
0x2b23c36232eac432433a919aedd9a169031661c2,LDO,0.4780580987397516
0x2b23c36232eac432433a919aedd9a169031661c2,LINK,0.5451300369217995
0x2b23c36232eac432433a919aedd9a169031661c2,LTC,0.5191388523565243
0x2b23c36232eac432433a919aedd9a169031661c2,MATIC,0.5168775491878537
0x2b23c36232eac432433a919aedd9a169031661c2,MAV,0.4946817966009083
0x2b23c36232eac432433a919aedd9a169031661c2,MBOX,0.4676597648806065
0x2b23c36232eac432433a919aedd9a169031661c2,MKR,0.6017275035014941
0x2b23c36232eac432433a919aedd9a169031661c2,MOON,0.4235920085380455
0x2b23c36232eac432433a919aedd9a169031661c2,NEAR,0.5196747614823939
0x2b23c36232eac432433a919aedd9a169031661c2,OP,0.4820231449480271
0x2b23c36232eac432433a919aedd9a169031661c2,PENDLE,0.4796365385584189
0x2b23c36232eac432433a919aedd9a169031661c2,PEPE,0.4946122776171077
0x2b23c36232eac432433a919aedd9a169031661c2,PERP,0.5059049169109756
0x2b23c36232eac432433a919aedd9a169031661c2,PIT,0.5113216391988514
0x2b23c36232eac432433a919aedd9a169031661c2,POLS,0.512071650321435
0x2b23c36232eac432433a919aedd9a169031661c2,PYTH,0.4852833802063823
0x2b23c36232eac432433a919aedd9a169031661c2,QUACK,0.5269683712092654
0x2b23c36232eac432433a919aedd9a169031661c2,RDNT,0.4994332420738402
0x2b23c36232eac432433a919aedd9a169031661c2,RNDR,0.4950235560409932
0x2b23c36232eac432433a919aedd9a169031661c2,RPL,0.5014343115249993
0x2b23c36232eac432433a919aedd9a169031661c2,RUNE,0.5452886634881878
0x2b23c36232eac432433a919aedd9a169031661c2,SFP,0.4863783751922549
0x2b23c36232eac432433a919aedd9a169031661c2,SFUND,0.4254112873186723
0x2b23c36232eac432433a919aedd9a169031661c2,SHIB,0.5380230471044172
0x2b23c36232eac432433a919aedd9a169031661c2,SOL,0.5766207750136735
0x2b23c36232eac432433a919aedd9a169031661c2,STG,0.4915038506978987
0x2b23c36232eac432433a919aedd9a169031661c2,SUI,0.5366228499494968
0x2b23c36232eac432433a919aedd9a169031661c2,SUSHI,0.5192743251605033
0x2b23c36232eac432433a919aedd9a169031661c2,TIA,0.4843017263641451
0x2b23c36232eac432433a919aedd9a169031661c2,TOKEN,0.4161357387894751
0x2b23c36232eac432433a919aedd9a169031661c2,TRX,0.5456623289308091
0x2b23c36232eac432433a919aedd9a169031661c2,UNI,0.5412098424226421
0x2b23c36232eac432433a919aedd9a169031661c2,USDT,0.5352856962758236
0x2b23c36232eac432433a919aedd9a169031661c2,XLM,0.5363542499251044
0x2b23c36232eac432433a919aedd9a169031661c2,XMR,0.5772334343498923
0x2b23c36232eac432433a919aedd9a169031661c2,XRP,0.5976560217899122
0x2b23c36232eac432433a919aedd9a169031661c2,XTZ,0.5465596882912725
0x2b23c36232eac432433a919aedd9a169031661c2,XVS,0.5321773140485877
0x2b23c36232eac432433a919aedd9a169031661c2,YFI,0.605252368688991
0x3cf29379dbc05bdfa6ad4e81c6bc2c581a0a3ca1,AAVE,0.5641026833118608
0x3cf29379dbc05bdfa6ad4e81c6bc2c581a0a3ca1,ADA,0.4970121977932571
0x3cf29379dbc05bdfa6ad4e81c6bc2c581a0a3ca1,ALGO,0.266014740825578
0x3cf29379dbc05bdfa6ad4e81c6bc2c581a0a3ca1,APE,0.0610923058445635
0x3cf29379dbc05bdfa6ad4e81c6bc2c581a0a3ca1,APT,0.2809981871246211
0x3cf29379dbc05bdfa6ad4e81c6bc2c581a0a3ca1,ATOM,0.4145382889830046
0x3cf29379dbc05bdfa6ad4e81c6bc2c581a0a3ca1,AVAX,0.4425181116174526
0x3cf29379dbc05bdfa6ad4e81c6bc2c581a0a3ca1,AXS,0.2190375160597274
0x3cf29379dbc05bdfa6ad4e81c6bc2c581a0a3ca1,BAL,0.201881137602397
0x3cf29379dbc05bdfa6ad4e81c6bc2c581a0a3ca1,BCH,0.7846534123810179
0x3cf29379dbc05bdfa6ad4e81c6bc2c581a0a3ca1,BLUR,0.0
0x3cf29379dbc05bdfa6ad4e81c6bc2c581a0a3ca1,BNB,0.9081433360662065
0x3cf29379dbc05bdfa6ad4e81c6bc2c581a0a3ca1,BONK,0.2880614273584739
0x3cf29379dbc05bdfa6ad4e81c6bc2c581a0a3ca1,BTC,0.9009811819184532
0x3cf29379dbc05bdfa6ad4e81c6bc2c581a0a3ca1,C98,0.3183498274296419
0x3cf29379dbc05bdfa6ad4e81c6bc2c581a0a3ca1,CAKE,0.390553318891127
0x3cf29379dbc05bdfa6ad4e81c6bc2c581a0a3ca1,COMP,0.2193120699710887
0x3cf29379dbc05bdfa6ad4e81c6bc2c581a0a3ca1,CRV,0.3920974071083907
0x3cf29379dbc05bdfa6ad4e81c6bc2c581a0a3ca1,CVX,0.4001907646769741
0x3cf29379dbc05bdfa6ad4e81c6bc2c581a0a3ca1,DAI,0.8318849105766363
0x3cf29379dbc05bdfa6ad4e81c6bc2c581a0a3ca1,DAO,0.2200566512380034
0x3cf29379dbc05bdfa6ad4e81c6bc2c581a0a3ca1,DOGE,0.448078182225119
0x3cf29379dbc05bdfa6ad4e81c6bc2c581a0a3ca1,DOT,0.4625804700005335
0x3cf29379dbc05bdfa6ad4e81c6bc2c581a0a3ca1,DYDX,0.0213526704968613
0x3cf29379dbc05bdfa6ad4e81c6bc2c581a0a3ca1,EOS,0.30684908073241
0x3cf29379dbc05bdfa6ad4e81c6bc2c581a0a3ca1,ETC,0.5369360766968773
0x3cf29379dbc05bdfa6ad4e81c6bc2c581a0a3ca1,ETH,0.7830552925500448
0x3cf29379dbc05bdfa6ad4e81c6bc2c581a0a3ca1,FET,0.2976135490902393
0x3cf29379dbc05bdfa6ad4e81c6bc2c581a0a3ca1,FIL,0.3835203280163007
0x3cf29379dbc05bdfa6ad4e81c6bc2c581a0a3ca1,FRAX,0.8504092604165828
0x3cf29379dbc05bdfa6ad4e81c6bc2c581a0a3ca1,FTM,0.4038806500363737
0x3cf29379dbc05bdfa6ad4e81c6bc2c581a0a3ca1,FXS,0.1271406487906365
0x3cf29379dbc05bdfa6ad4e81c6bc2c581a0a3ca1,GRT,0.4684898238474025
0x3cf29379dbc05bdfa6ad4e81c6bc2c581a0a3ca1,HAI,0.2987611173845003
0x3cf29379dbc05bdfa6ad4e81c6bc2c581a0a3ca1,HERO,0.380395047688189
0x3cf29379dbc05bdfa6ad4e81c6bc2c581a0a3ca1,ICP,0.3828454841879299
0x3cf29379dbc05bdfa6ad4e81c6bc2c581a0a3ca1,IMX,0.1487028091372733
0x3cf29379dbc05bdfa6ad4e81c6bc2c581a0a3ca1,INJ,0.2054481777815924
0x3cf29379dbc05bdfa6ad4e81c6bc2c581a0a3ca1,LDO,0.0395713770134077
0x3cf29379dbc05bdfa6ad4e81c6bc2c581a0a3ca1,LINK,0.5927498693913144
0x3cf29379dbc05bdfa6ad4e81c6bc2c581a0a3ca1,LTC,0.7819834817638088
0x3cf29379dbc05bdfa6ad4e81c6bc2c581a0a3ca1,MATIC,0.4515309602934694
0x3cf29379dbc05bdfa6ad4e81c6bc2c581a0a3ca1,MAV,0.1396129959591028
0x3cf29379dbc05bdfa6ad4e81c6bc2c581a0a3ca1,MBOX,0.2495226859761885
0x3cf29379dbc05bdfa6ad4e81c6bc2c581a0a3ca1,MKR,0.5683307986456632
0x3cf29379dbc05bdfa6ad4e81c6bc2c581a0a3ca1,MOON,0.1494554221305502
0x3cf29379dbc05bdfa6ad4e81c6bc2c581a0a3ca1,NEAR,0.3651956537482532
0x3cf29379dbc05bdfa6ad4e81c6bc2c581a0a3ca1,OP,0.35064019862653
0x3cf29379dbc05bdfa6ad4e81c6bc2c581a0a3ca1,PENDLE,0.2363949409958685
0x3cf29379dbc05bdfa6ad4e81c6bc2c581a0a3ca1,PEPE,0.3565786395417833
0x3cf29379dbc05bdfa6ad4e81c6bc2c581a0a3ca1,PERP,0.2940006133318313
0x3cf29379dbc05bdfa6ad4e81c6bc2c581a0a3ca1,PIT,0.4076532964499769
0x3cf29379dbc05bdfa6ad4e81c6bc2c581a0a3ca1,POLS,0.3126308508295328
0x3cf29379dbc05bdfa6ad4e81c6bc2c581a0a3ca1,PYTH,0.1370765052483383
0x3cf29379dbc05bdfa6ad4e81c6bc2c581a0a3ca1,QUACK,0.2065565709207398
0x3cf29379dbc05bdfa6ad4e81c6bc2c581a0a3ca1,RDNT,0.3412452543524059
0x3cf29379dbc05bdfa6ad4e81c6bc2c581a0a3ca1,RNDR,0.4603164768407629
0x3cf29379dbc05bdfa6ad4e81c6bc2c581a0a3ca1,RPL,0.2266105399495685
0x3cf29379dbc05bdfa6ad4e81c6bc2c581a0a3ca1,RUNE,0.231801300156194
0x3cf29379dbc05bdfa6ad4e81c6bc2c581a0a3ca1,SFP,0.4866191140782305
0x3cf29379dbc05bdfa6ad4e81c6bc2c581a0a3ca1,SFUND,0.3093123918361897
0x3cf29379dbc05bdfa6ad4e81c6bc2c581a0a3ca1,SHIB,0.4383824728955312
0x3cf29379dbc05bdfa6ad4e81c6bc2c581a0a3ca1,SOL,0.8982063471201865
0x3cf29379dbc05bdfa6ad4e81c6bc2c581a0a3ca1,STG,0.4560905072743003
0x3cf29379dbc05bdfa6ad4e81c6bc2c581a0a3ca1,SUI,0.3766550944241937
0x3cf29379dbc05bdfa6ad4e81c6bc2c581a0a3ca1,SUSHI,0.3053135159798572
0x3cf29379dbc05bdfa6ad4e81c6bc2c581a0a3ca1,TIA,0.0495622187591921
0x3cf29379dbc05bdfa6ad4e81c6bc2c581a0a3ca1,TOKEN,0.0028565415952528
0x3cf29379dbc05bdfa6ad4e81c6bc2c581a0a3ca1,TRX,1.0
0x3cf29379dbc05bdfa6ad4e81c6bc2c581a0a3ca1,UNI,0.4473731188400459
0x3cf29379dbc05bdfa6ad4e81c6bc2c581a0a3ca1,USDT,0.9131372519217285
0x3cf29379dbc05bdfa6ad4e81c6bc2c581a0a3ca1,XLM,0.4998012184978257
0x3cf29379dbc05bdfa6ad4e81c6bc2c581a0a3ca1,XMR,0.8290750282451528
0x3cf29379dbc05bdfa6ad4e81c6bc2c581a0a3ca1,XRP,0.8379725121243305
0x3cf29379dbc05bdfa6ad4e81c6bc2c581a0a3ca1,XTZ,0.4330960770306633
0x3cf29379dbc05bdfa6ad4e81c6bc2c581a0a3ca1,XVS,0.4644193330061038
0x3cf29379dbc05bdfa6ad4e81c6bc2c581a0a3ca1,YFI,0.5433280791835832
0x3e04d3e08ea54c34f721ac007107fe7a4bd957d5,AAVE,0.5093281
0x3e04d3e08ea54c34f721ac007107fe7a4bd957d5,ADA,0.5385428
0x3e04d3e08ea54c34f721ac007107fe7a4bd957d5,ALGO,0.45300984
0x3e04d3e08ea54c34f721ac007107fe7a4bd957d5,APE,0.40860683
0x3e04d3e08ea54c34f721ac007107fe7a4bd957d5,APT,0.49608028
0x3e04d3e08ea54c34f721ac007107fe7a4bd957d5,ATOM,0.4906536
0x3e04d3e08ea54c34f721ac007107fe7a4bd957d5,AVAX,0.54145855
0x3e04d3e08ea54c34f721ac007107fe7a4bd957d5,AXS,0.4403061
0x3e04d3e08ea54c34f721ac007107fe7a4bd957d5,BAL,0.51594234
0x3e04d3e08ea54c34f721ac007107fe7a4bd957d5,BCH,0.56023866
0x3e04d3e08ea54c34f721ac007107fe7a4bd957d5,BLUR,0.4660839
0x3e04d3e08ea54c34f721ac007107fe7a4bd957d5,BNB,0.5857547
0x3e04d3e08ea54c34f721ac007107fe7a4bd957d5,BONK,0.52525073
0x3e04d3e08ea54c34f721ac007107fe7a4bd957d5,BTC,0.5945212
0x3e04d3e08ea54c34f721ac007107fe7a4bd957d5,C98,0.5107661
0x3e04d3e08ea54c34f721ac007107fe7a4bd957d5,CAKE,0.5244832
0x3e04d3e08ea54c34f721ac007107fe7a4bd957d5,COMP,0.5281534
0x3e04d3e08ea54c34f721ac007107fe7a4bd957d5,CRV,0.5145395
0x3e04d3e08ea54c34f721ac007107fe7a4bd957d5,CVX,0.52264786
0x3e04d3e08ea54c34f721ac007107fe7a4bd957d5,DAI,0.59201634
0x3e04d3e08ea54c34f721ac007107fe7a4bd957d5,DAO,0.4612798
0x3e04d3e08ea54c34f721ac007107fe7a4bd957d5,DOGE,0.5369849
0x3e04d3e08ea54c34f721ac007107fe7a4bd957d5,DOT,0.5377039
0x3e04d3e08ea54c34f721ac007107fe7a4bd957d5,DYDX,0.46748716
0x3e04d3e08ea54c34f721ac007107fe7a4bd957d5,EOS,0.5099712
0x3e04d3e08ea54c34f721ac007107fe7a4bd957d5,ETC,0.54086244
0x3e04d3e08ea54c34f721ac007107fe7a4bd957d5,ETH,0.5589614
0x3e04d3e08ea54c34f721ac007107fe7a4bd957d5,FET,0.47547758
0x3e04d3e08ea54c34f721ac007107fe7a4bd957d5,FIL,0.5207639
0x3e04d3e08ea54c34f721ac007107fe7a4bd957d5,FRAX,0.5567149
0x3e04d3e08ea54c34f721ac007107fe7a4bd957d5,FTM,0.4966625
0x3e04d3e08ea54c34f721ac007107fe7a4bd957d5,FXS,0.5007381
0x3e04d3e08ea54c34f721ac007107fe7a4bd957d5,GRT,0.55406284
0x3e04d3e08ea54c34f721ac007107fe7a4bd957d5,HAI,0.5005157
0x3e04d3e08ea54c34f721ac007107fe7a4bd957d5,HERO,0.5317665
0x3e04d3e08ea54c34f721ac007107fe7a4bd957d5,ICP,0.525896
0x3e04d3e08ea54c34f721ac007107fe7a4bd957d5,IMX,0.4891497
0x3e04d3e08ea54c34f721ac007107fe7a4bd957d5,INJ,0.51279193
0x3e04d3e08ea54c34f721ac007107fe7a4bd957d5,LDO,0.47355375
0x3e04d3e08ea54c34f721ac007107fe7a4bd957d5,LINK,0.5332086
0x3e04d3e08ea54c34f721ac007107fe7a4bd957d5,LTC,0.5395753
0x3e04d3e08ea54c34f721ac007107fe7a4bd957d5,MATIC,0.5582074
0x3e04d3e08ea54c34f721ac007107fe7a4bd957d5,MAV,0.5095011
0x3e04d3e08ea54c34f721ac007107fe7a4bd957d5,MBOX,0.46239638
0x3e04d3e08ea54c34f721ac007107fe7a4bd957d5,MKR,0.5881469
0x3e04d3e08ea54c34f721ac007107fe7a4bd957d5,MOON,0.4269851
0x3e04d3e08ea54c34f721ac007107fe7a4bd957d5,NEAR,0.52159804
0x3e04d3e08ea54c34f721ac007107fe7a4bd957d5,OP,0.48975366
0x3e04d3e08ea54c34f721ac007107fe7a4bd957d5,PENDLE,0.48509845
0x3e04d3e08ea54c34f721ac007107fe7a4bd957d5,PEPE,0.5295525
0x3e04d3e08ea54c34f721ac007107fe7a4bd957d5,PERP,0.4739052
0x3e04d3e08ea54c34f721ac007107fe7a4bd957d5,PIT,0.5274655
0x3e04d3e08ea54c34f721ac007107fe7a4bd957d5,POLS,0.50422275
0x3e04d3e08ea54c34f721ac007107fe7a4bd957d5,PYTH,0.4843172
0x3e04d3e08ea54c34f721ac007107fe7a4bd957d5,QUACK,0.552546
0x3e04d3e08ea54c34f721ac007107fe7a4bd957d5,RDNT,0.47988
0x3e04d3e08ea54c34f721ac007107fe7a4bd957d5,RNDR,0.514703
0x3e04d3e08ea54c34f721ac007107fe7a4bd957d5,RPL,0.51918834
0x3e04d3e08ea54c34f721ac007107fe7a4bd957d5,RUNE,0.49343485
0x3e04d3e08ea54c34f721ac007107fe7a4bd957d5,SFP,0.5256299
0x3e04d3e08ea54c34f721ac007107fe7a4bd957d5,SFUND,0.43471977
0x3e04d3e08ea54c34f721ac007107fe7a4bd957d5,SHIB,0.54241085
0x3e04d3e08ea54c34f721ac007107fe7a4bd957d5,SOL,0.58030826
0x3e04d3e08ea54c34f721ac007107fe7a4bd957d5,STG,0.46370193
0x3e04d3e08ea54c34f721ac007107fe7a4bd957d5,SUI,0.5288994
0x3e04d3e08ea54c34f721ac007107fe7a4bd957d5,SUSHI,0.5203719
0x3e04d3e08ea54c34f721ac007107fe7a4bd957d5,TIA,0.5036207
0x3e04d3e08ea54c34f721ac007107fe7a4bd957d5,TOKEN,0.43212193
0x3e04d3e08ea54c34f721ac007107fe7a4bd957d5,TRX,0.52499837
0x3e04d3e08ea54c34f721ac007107fe7a4bd957d5,UNI,0.548777
0x3e04d3e08ea54c34f721ac007107fe7a4bd957d5,USDT,0.5375004
0x3e04d3e08ea54c34f721ac007107fe7a4bd957d5,XLM,0.5502617
0x3e04d3e08ea54c34f721ac007107fe7a4bd957d5,XMR,0.5832484
0x3e04d3e08ea54c34f721ac007107fe7a4bd957d5,XRP,0.5387761
0x3e04d3e08ea54c34f721ac007107fe7a4bd957d5,XTZ,0.5473215
0x3e04d3e08ea54c34f721ac007107fe7a4bd957d5,XVS,0.53347117
0x3e04d3e08ea54c34f721ac007107fe7a4bd957d5,YFI,0.578613
0x3ebab08d24031caa95c4290b28f66e71bbe418e5,AAVE,0.4716167982684472
0x3ebab08d24031caa95c4290b28f66e71bbe418e5,ADA,0.5377111334319482
0x3ebab08d24031caa95c4290b28f66e71bbe418e5,ALGO,0.444808287558406
0x3ebab08d24031caa95c4290b28f66e71bbe418e5,APE,0.2633420183412648
0x3ebab08d24031caa95c4290b28f66e71bbe418e5,APT,0.4341316802022347
0x3ebab08d24031caa95c4290b28f66e71bbe418e5,ATOM,0.5108066433661501
0x3ebab08d24031caa95c4290b28f66e71bbe418e5,AVAX,0.5207972820625761
0x3ebab08d24031caa95c4290b28f66e71bbe418e5,AXS,0.3951601373928918
0x3ebab08d24031caa95c4290b28f66e71bbe418e5,BAL,0.4817844150355128
0x3ebab08d24031caa95c4290b28f66e71bbe418e5,BCH,0.5818782715912529
0x3ebab08d24031caa95c4290b28f66e71bbe418e5,BLUR,0.4772143992915475
0x3ebab08d24031caa95c4290b28f66e71bbe418e5,BNB,0.620830063436744
0x3ebab08d24031caa95c4290b28f66e71bbe418e5,BONK,0.4901898271542835
0x3ebab08d24031caa95c4290b28f66e71bbe418e5,BTC,0.5557253614700179
0x3ebab08d24031caa95c4290b28f66e71bbe418e5,C98,0.5055598187034442
0x3ebab08d24031caa95c4290b28f66e71bbe418e5,CAKE,0.5084814426420617
0x3ebab08d24031caa95c4290b28f66e71bbe418e5,COMP,0.4685051966729697
0x3ebab08d24031caa95c4290b28f66e71bbe418e5,CRV,0.4713335172743584
0x3ebab08d24031caa95c4290b28f66e71bbe418e5,CVX,0.5369758951535629
0x3ebab08d24031caa95c4290b28f66e71bbe418e5,DAI,0.535256658286402
0x3ebab08d24031caa95c4290b28f66e71bbe418e5,DAO,0.4242792353780274
0x3ebab08d24031caa95c4290b28f66e71bbe418e5,DOGE,0.4499677419911521
0x3ebab08d24031caa95c4290b28f66e71bbe418e5,DOT,0.5675454576428642
0x3ebab08d24031caa95c4290b28f66e71bbe418e5,DYDX,0.4690598738429166
0x3ebab08d24031caa95c4290b28f66e71bbe418e5,EOS,0.5042412708087111
0x3ebab08d24031caa95c4290b28f66e71bbe418e5,ETC,0.5764366788217572
0x3ebab08d24031caa95c4290b28f66e71bbe418e5,ETH,0.4883739449508725
0x3ebab08d24031caa95c4290b28f66e71bbe418e5,FET,0.4441351798386357
0x3ebab08d24031caa95c4290b28f66e71bbe418e5,FIL,0.4869528647566345
0x3ebab08d24031caa95c4290b28f66e71bbe418e5,FRAX,0.5789430705112207
0x3ebab08d24031caa95c4290b28f66e71bbe418e5,FTM,0.6200196406796585
0x3ebab08d24031caa95c4290b28f66e71bbe418e5,FXS,0.4767257875761603
0x3ebab08d24031caa95c4290b28f66e71bbe418e5,GRT,0.5278734523039126
0x3ebab08d24031caa95c4290b28f66e71bbe418e5,HAI,0.5174293858516111
0x3ebab08d24031caa95c4290b28f66e71bbe418e5,HERO,0.5382535372332109
0x3ebab08d24031caa95c4290b28f66e71bbe418e5,ICP,0.524280505562563
0x3ebab08d24031caa95c4290b28f66e71bbe418e5,IMX,0.4798238072638741
0x3ebab08d24031caa95c4290b28f66e71bbe418e5,INJ,0.4879081428058431
0x3ebab08d24031caa95c4290b28f66e71bbe418e5,LDO,0.4804972618796588
0x3ebab08d24031caa95c4290b28f66e71bbe418e5,LINK,0.5174490459436445
0x3ebab08d24031caa95c4290b28f66e71bbe418e5,LTC,0.5414409547044966
0x3ebab08d24031caa95c4290b28f66e71bbe418e5,MATIC,0.5271494300634664
0x3ebab08d24031caa95c4290b28f66e71bbe418e5,MAV,0.5369986637068784
0x3ebab08d24031caa95c4290b28f66e71bbe418e5,MBOX,0.4769285981808578
0x3ebab08d24031caa95c4290b28f66e71bbe418e5,MKR,0.5620993286491248
0x3ebab08d24031caa95c4290b28f66e71bbe418e5,MOON,0.4276705231963967
0x3ebab08d24031caa95c4290b28f66e71bbe418e5,NEAR,0.4989525200913137
0x3ebab08d24031caa95c4290b28f66e71bbe418e5,OP,0.5323832817824872
0x3ebab08d24031caa95c4290b28f66e71bbe418e5,PENDLE,0.4496463564149439
0x3ebab08d24031caa95c4290b28f66e71bbe418e5,PEPE,0.4458162950023057
0x3ebab08d24031caa95c4290b28f66e71bbe418e5,PERP,0.4852276701020726
0x3ebab08d24031caa95c4290b28f66e71bbe418e5,PIT,0.5326856089146936
0x3ebab08d24031caa95c4290b28f66e71bbe418e5,POLS,0.5205967688101512
0x3ebab08d24031caa95c4290b28f66e71bbe418e5,PYTH,0.4738756736480189
0x3ebab08d24031caa95c4290b28f66e71bbe418e5,QUACK,0.6171112420144471
0x3ebab08d24031caa95c4290b28f66e71bbe418e5,RDNT,0.4820129836990647
0x3ebab08d24031caa95c4290b28f66e71bbe418e5,RNDR,0.4750121628365934
0x3ebab08d24031caa95c4290b28f66e71bbe418e5,RPL,0.4955188348583831
0x3ebab08d24031caa95c4290b28f66e71bbe418e5,RUNE,0.4651838582182219
0x3ebab08d24031caa95c4290b28f66e71bbe418e5,SFP,0.5047736354341066
0x3ebab08d24031caa95c4290b28f66e71bbe418e5,SFUND,0.4357895964950897
0x3ebab08d24031caa95c4290b28f66e71bbe418e5,SHIB,0.4936064790902048
0x3ebab08d24031caa95c4290b28f66e71bbe418e5,SOL,0.6149010221109792
0x3ebab08d24031caa95c4290b28f66e71bbe418e5,STG,0.4907755830087078
0x3ebab08d24031caa95c4290b28f66e71bbe418e5,SUI,0.5125739407169372
0x3ebab08d24031caa95c4290b28f66e71bbe418e5,SUSHI,0.5126088518063272
0x3ebab08d24031caa95c4290b28f66e71bbe418e5,TIA,0.469662858119083
0x3ebab08d24031caa95c4290b28f66e71bbe418e5,TOKEN,0.4169514179066985
0x3ebab08d24031caa95c4290b28f66e71bbe418e5,TRX,0.4912571515400406
0x3ebab08d24031caa95c4290b28f66e71bbe418e5,UNI,0.5590672596375
0x3ebab08d24031caa95c4290b28f66e71bbe418e5,USDT,0.4057192043008949
0x3ebab08d24031caa95c4290b28f66e71bbe418e5,XLM,0.5156170801905294
0x3ebab08d24031caa95c4290b28f66e71bbe418e5,XMR,0.5626630220820776
0x3ebab08d24031caa95c4290b28f66e71bbe418e5,XRP,0.5111990533803384
0x3ebab08d24031caa95c4290b28f66e71bbe418e5,XTZ,0.5504678341132507
0x3ebab08d24031caa95c4290b28f66e71bbe418e5,XVS,0.5382211005895033
0x3ebab08d24031caa95c4290b28f66e71bbe418e5,YFI,0.5744301297220317
0x3ed9f0b565551387c431447601a116eb6d2af4a1,AAVE,0.5656352639198303
0x3ed9f0b565551387c431447601a116eb6d2af4a1,ADA,0.540469229221344
0x3ed9f0b565551387c431447601a116eb6d2af4a1,ALGO,0.275076150894165
0x3ed9f0b565551387c431447601a116eb6d2af4a1,APE,0.0640517696738243
0x3ed9f0b565551387c431447601a116eb6d2af4a1,APT,0.3051480948925018
0x3ed9f0b565551387c431447601a116eb6d2af4a1,ATOM,0.4866158962249756
0x3ed9f0b565551387c431447601a116eb6d2af4a1,AVAX,0.4743474721908569
0x3ed9f0b565551387c431447601a116eb6d2af4a1,AXS,0.2048763185739517
0x3ed9f0b565551387c431447601a116eb6d2af4a1,BAL,0.2150844186544418
0x3ed9f0b565551387c431447601a116eb6d2af4a1,BCH,0.7873843312263489
0x3ed9f0b565551387c431447601a116eb6d2af4a1,BLUR,0.0110853584483265
0x3ed9f0b565551387c431447601a116eb6d2af4a1,BNB,0.8744679093360901
0x3ed9f0b565551387c431447601a116eb6d2af4a1,BONK,0.3069789409637451
0x3ed9f0b565551387c431447601a116eb6d2af4a1,BTC,0.8746605515480042
0x3ed9f0b565551387c431447601a116eb6d2af4a1,C98,0.3429788947105407
0x3ed9f0b565551387c431447601a116eb6d2af4a1,CAKE,0.4426315128803253
0x3ed9f0b565551387c431447601a116eb6d2af4a1,COMP,0.234084665775299
0x3ed9f0b565551387c431447601a116eb6d2af4a1,CRV,0.4456240534782409
0x3ed9f0b565551387c431447601a116eb6d2af4a1,CVX,0.448914110660553
0x3ed9f0b565551387c431447601a116eb6d2af4a1,DAI,0.8744783997535706
0x3ed9f0b565551387c431447601a116eb6d2af4a1,DAO,0.2494867444038391
0x3ed9f0b565551387c431447601a116eb6d2af4a1,DOGE,0.4871787428855896
0x3ed9f0b565551387c431447601a116eb6d2af4a1,DOT,0.4806309044361114
0x3ed9f0b565551387c431447601a116eb6d2af4a1,DYDX,0.0054855477064847
0x3ed9f0b565551387c431447601a116eb6d2af4a1,EOS,0.3432458043098449
0x3ed9f0b565551387c431447601a116eb6d2af4a1,ETC,0.6181329488754272
0x3ed9f0b565551387c431447601a116eb6d2af4a1,ETH,0.7798866629600525
0x3ed9f0b565551387c431447601a116eb6d2af4a1,FET,0.3330923020839691
0x3ed9f0b565551387c431447601a116eb6d2af4a1,FIL,0.4409032166004181
0x3ed9f0b565551387c431447601a116eb6d2af4a1,FRAX,0.8628367185592651
0x3ed9f0b565551387c431447601a116eb6d2af4a1,FTM,0.4647462964057922
0x3ed9f0b565551387c431447601a116eb6d2af4a1,FXS,0.1435288041830063
0x3ed9f0b565551387c431447601a116eb6d2af4a1,GRT,0.5137721300125122
0x3ed9f0b565551387c431447601a116eb6d2af4a1,HAI,0.3232056200504303
0x3ed9f0b565551387c431447601a116eb6d2af4a1,HERO,0.3955137133598327
0x3ed9f0b565551387c431447601a116eb6d2af4a1,ICP,0.4386892318725586
0x3ed9f0b565551387c431447601a116eb6d2af4a1,IMX,0.1535328924655914
0x3ed9f0b565551387c431447601a116eb6d2af4a1,INJ,0.213388979434967
0x3ed9f0b565551387c431447601a116eb6d2af4a1,LDO,0.023899745196104
0x3ed9f0b565551387c431447601a116eb6d2af4a1,LINK,0.6170945167541504
0x3ed9f0b565551387c431447601a116eb6d2af4a1,LTC,0.7527809143066406
0x3ed9f0b565551387c431447601a116eb6d2af4a1,MATIC,0.4890312254428863
0x3ed9f0b565551387c431447601a116eb6d2af4a1,MAV,0.1517147272825241
0x3ed9f0b565551387c431447601a116eb6d2af4a1,MBOX,0.2666247189044952
0x3ed9f0b565551387c431447601a116eb6d2af4a1,MKR,0.5883211493492126
0x3ed9f0b565551387c431447601a116eb6d2af4a1,MOON,0.1308697462081909
0x3ed9f0b565551387c431447601a116eb6d2af4a1,NEAR,0.4138972461223602
0x3ed9f0b565551387c431447601a116eb6d2af4a1,OP,0.3623582720756531
0x3ed9f0b565551387c431447601a116eb6d2af4a1,PENDLE,0.2589966952800751
0x3ed9f0b565551387c431447601a116eb6d2af4a1,PEPE,0.4011979699134826
0x3ed9f0b565551387c431447601a116eb6d2af4a1,PERP,0.3379629552364349
0x3ed9f0b565551387c431447601a116eb6d2af4a1,PIT,0.4508174359798431
0x3ed9f0b565551387c431447601a116eb6d2af4a1,POLS,0.3436460793018341
0x3ed9f0b565551387c431447601a116eb6d2af4a1,PYTH,0.1363986581563949
0x3ed9f0b565551387c431447601a116eb6d2af4a1,QUACK,0.1948669105768203
0x3ed9f0b565551387c431447601a116eb6d2af4a1,RDNT,0.3615466058254242
0x3ed9f0b565551387c431447601a116eb6d2af4a1,RNDR,0.5005777478218079
0x3ed9f0b565551387c431447601a116eb6d2af4a1,RPL,0.2625506818294525
0x3ed9f0b565551387c431447601a116eb6d2af4a1,RUNE,0.226625382900238
0x3ed9f0b565551387c431447601a116eb6d2af4a1,SFP,0.4847833514213562
0x3ed9f0b565551387c431447601a116eb6d2af4a1,SFUND,0.3218321800231933
0x3ed9f0b565551387c431447601a116eb6d2af4a1,SHIB,0.5051990747451782
0x3ed9f0b565551387c431447601a116eb6d2af4a1,SOL,0.8852576017379761
0x3ed9f0b565551387c431447601a116eb6d2af4a1,STG,0.4794062674045563
0x3ed9f0b565551387c431447601a116eb6d2af4a1,SUI,0.413771390914917
0x3ed9f0b565551387c431447601a116eb6d2af4a1,SUSHI,0.334963858127594
0x3ed9f0b565551387c431447601a116eb6d2af4a1,TIA,0.105900689959526
0x3ed9f0b565551387c431447601a116eb6d2af4a1,TOKEN,0.0
0x3ed9f0b565551387c431447601a116eb6d2af4a1,TRX,1.0
0x3ed9f0b565551387c431447601a116eb6d2af4a1,UNI,0.481502503156662
0x3ed9f0b565551387c431447601a116eb6d2af4a1,USDT,0.9231088757514954
0x3ed9f0b565551387c431447601a116eb6d2af4a1,XLM,0.5735793709754944
0x3ed9f0b565551387c431447601a116eb6d2af4a1,XMR,0.8081661462783813
0x3ed9f0b565551387c431447601a116eb6d2af4a1,XRP,0.7982138991355896
0x3ed9f0b565551387c431447601a116eb6d2af4a1,XTZ,0.4974082112312317
0x3ed9f0b565551387c431447601a116eb6d2af4a1,XVS,0.478613942861557
0x3ed9f0b565551387c431447601a116eb6d2af4a1,YFI,0.5605235695838928
0x49451c6af70feef6ef29b8c78bc17d4bdaf9fdaa,AAVE,0.5653517
0x49451c6af70feef6ef29b8c78bc17d4bdaf9fdaa,ADA,0.55105966
0x49451c6af70feef6ef29b8c78bc17d4bdaf9fdaa,ALGO,0.5405767
0x49451c6af70feef6ef29b8c78bc17d4bdaf9fdaa,APE,0.4791598
0x49451c6af70feef6ef29b8c78bc17d4bdaf9fdaa,APT,0.503523
0x49451c6af70feef6ef29b8c78bc17d4bdaf9fdaa,ATOM,0.5758976
0x49451c6af70feef6ef29b8c78bc17d4bdaf9fdaa,AVAX,0.53320277
0x49451c6af70feef6ef29b8c78bc17d4bdaf9fdaa,AXS,0.5651971
0x49451c6af70feef6ef29b8c78bc17d4bdaf9fdaa,BAL,0.4546812
0x49451c6af70feef6ef29b8c78bc17d4bdaf9fdaa,BCH,0.5880827
0x49451c6af70feef6ef29b8c78bc17d4bdaf9fdaa,BLUR,0.37639073
0x49451c6af70feef6ef29b8c78bc17d4bdaf9fdaa,BNB,0.5937238
0x49451c6af70feef6ef29b8c78bc17d4bdaf9fdaa,BONK,0.5171787
0x49451c6af70feef6ef29b8c78bc17d4bdaf9fdaa,BTC,0.5744294
0x49451c6af70feef6ef29b8c78bc17d4bdaf9fdaa,C98,0.4660408
0x49451c6af70feef6ef29b8c78bc17d4bdaf9fdaa,CAKE,0.571399
0x49451c6af70feef6ef29b8c78bc17d4bdaf9fdaa,COMP,0.45058826
0x49451c6af70feef6ef29b8c78bc17d4bdaf9fdaa,CRV,0.55276746
0x49451c6af70feef6ef29b8c78bc17d4bdaf9fdaa,CVX,0.5164109
0x49451c6af70feef6ef29b8c78bc17d4bdaf9fdaa,DAI,0.53063494
0x49451c6af70feef6ef29b8c78bc17d4bdaf9fdaa,DAO,0.4579162
0x49451c6af70feef6ef29b8c78bc17d4bdaf9fdaa,DOGE,0.55226415
0x49451c6af70feef6ef29b8c78bc17d4bdaf9fdaa,DOT,0.55082923
0x49451c6af70feef6ef29b8c78bc17d4bdaf9fdaa,DYDX,0.52712005
0x49451c6af70feef6ef29b8c78bc17d4bdaf9fdaa,EOS,0.50898933
0x49451c6af70feef6ef29b8c78bc17d4bdaf9fdaa,ETC,0.55163443
0x49451c6af70feef6ef29b8c78bc17d4bdaf9fdaa,ETH,0.5856175
0x49451c6af70feef6ef29b8c78bc17d4bdaf9fdaa,FET,0.5500529
0x49451c6af70feef6ef29b8c78bc17d4bdaf9fdaa,FIL,0.52214533
0x49451c6af70feef6ef29b8c78bc17d4bdaf9fdaa,FRAX,0.4979297
0x49451c6af70feef6ef29b8c78bc17d4bdaf9fdaa,FTM,0.5556
0x49451c6af70feef6ef29b8c78bc17d4bdaf9fdaa,FXS,0.4688949
0x49451c6af70feef6ef29b8c78bc17d4bdaf9fdaa,GRT,0.54962194
0x49451c6af70feef6ef29b8c78bc17d4bdaf9fdaa,HAI,0.5312294
0x49451c6af70feef6ef29b8c78bc17d4bdaf9fdaa,HERO,0.5321659
0x49451c6af70feef6ef29b8c78bc17d4bdaf9fdaa,ICP,0.5201994
0x49451c6af70feef6ef29b8c78bc17d4bdaf9fdaa,IMX,0.47466892
0x49451c6af70feef6ef29b8c78bc17d4bdaf9fdaa,INJ,0.51226735
0x49451c6af70feef6ef29b8c78bc17d4bdaf9fdaa,LDO,0.49274087
0x49451c6af70feef6ef29b8c78bc17d4bdaf9fdaa,LINK,0.52900285
0x49451c6af70feef6ef29b8c78bc17d4bdaf9fdaa,LTC,0.54423845
0x49451c6af70feef6ef29b8c78bc17d4bdaf9fdaa,MATIC,0.5586192
0x49451c6af70feef6ef29b8c78bc17d4bdaf9fdaa,MAV,0.4882707
0x49451c6af70feef6ef29b8c78bc17d4bdaf9fdaa,MBOX,0.5092201
0x49451c6af70feef6ef29b8c78bc17d4bdaf9fdaa,MKR,0.5539879
0x49451c6af70feef6ef29b8c78bc17d4bdaf9fdaa,MOON,0.41994992
0x49451c6af70feef6ef29b8c78bc17d4bdaf9fdaa,NEAR,0.4967187
0x49451c6af70feef6ef29b8c78bc17d4bdaf9fdaa,OP,0.45165393
0x49451c6af70feef6ef29b8c78bc17d4bdaf9fdaa,PENDLE,0.46327874
0x49451c6af70feef6ef29b8c78bc17d4bdaf9fdaa,PEPE,0.5106244
0x49451c6af70feef6ef29b8c78bc17d4bdaf9fdaa,PERP,0.5945758
0x49451c6af70feef6ef29b8c78bc17d4bdaf9fdaa,PIT,0.5490252
0x49451c6af70feef6ef29b8c78bc17d4bdaf9fdaa,POLS,0.55453384
0x49451c6af70feef6ef29b8c78bc17d4bdaf9fdaa,PYTH,0.5068473
0x49451c6af70feef6ef29b8c78bc17d4bdaf9fdaa,QUACK,0.56644946
0x49451c6af70feef6ef29b8c78bc17d4bdaf9fdaa,RDNT,0.51257014
0x49451c6af70feef6ef29b8c78bc17d4bdaf9fdaa,RNDR,0.54494184
0x49451c6af70feef6ef29b8c78bc17d4bdaf9fdaa,RPL,0.5040832
0x49451c6af70feef6ef29b8c78bc17d4bdaf9fdaa,RUNE,0.5278506
0x49451c6af70feef6ef29b8c78bc17d4bdaf9fdaa,SFP,0.53000265
0x49451c6af70feef6ef29b8c78bc17d4bdaf9fdaa,SFUND,0.5364551
0x49451c6af70feef6ef29b8c78bc17d4bdaf9fdaa,SHIB,0.5334997
0x49451c6af70feef6ef29b8c78bc17d4bdaf9fdaa,SOL,0.55566937
0x49451c6af70feef6ef29b8c78bc17d4bdaf9fdaa,STG,0.53833413
0x49451c6af70feef6ef29b8c78bc17d4bdaf9fdaa,SUI,0.53142744
0x49451c6af70feef6ef29b8c78bc17d4bdaf9fdaa,SUSHI,0.5041656
0x49451c6af70feef6ef29b8c78bc17d4bdaf9fdaa,TIA,0.49182734
0x49451c6af70feef6ef29b8c78bc17d4bdaf9fdaa,TOKEN,0.5123873
0x49451c6af70feef6ef29b8c78bc17d4bdaf9fdaa,TRX,0.59423697
0x49451c6af70feef6ef29b8c78bc17d4bdaf9fdaa,UNI,0.56717026
0x49451c6af70feef6ef29b8c78bc17d4bdaf9fdaa,USDT,0.55045825
0x49451c6af70feef6ef29b8c78bc17d4bdaf9fdaa,XLM,0.5220982
0x49451c6af70feef6ef29b8c78bc17d4bdaf9fdaa,XMR,0.5459921
0x49451c6af70feef6ef29b8c78bc17d4bdaf9fdaa,XRP,0.5510061
0x49451c6af70feef6ef29b8c78bc17d4bdaf9fdaa,XTZ,0.5386454
0x49451c6af70feef6ef29b8c78bc17d4bdaf9fdaa,XVS,0.5530772
0x49451c6af70feef6ef29b8c78bc17d4bdaf9fdaa,YFI,0.5769298
0x521c9c1d68f8684b098be00a5cf479e9aaebf0f7,AAVE,0.47705582
0x521c9c1d68f8684b098be00a5cf479e9aaebf0f7,ADA,0.5165569
0x521c9c1d68f8684b098be00a5cf479e9aaebf0f7,ALGO,0.51697606
0x521c9c1d68f8684b098be00a5cf479e9aaebf0f7,APE,0.51447475
0x521c9c1d68f8684b098be00a5cf479e9aaebf0f7,APT,0.5148227
0x521c9c1d68f8684b098be00a5cf479e9aaebf0f7,ATOM,0.5179861
0x521c9c1d68f8684b098be00a5cf479e9aaebf0f7,AVAX,0.53775865
0x521c9c1d68f8684b098be00a5cf479e9aaebf0f7,AXS,0.51001555
0x521c9c1d68f8684b098be00a5cf479e9aaebf0f7,BAL,0.49511686
0x521c9c1d68f8684b098be00a5cf479e9aaebf0f7,BCH,0.5265144
0x521c9c1d68f8684b098be00a5cf479e9aaebf0f7,BLUR,0.51981646
0x521c9c1d68f8684b098be00a5cf479e9aaebf0f7,BNB,0.5015549
0x521c9c1d68f8684b098be00a5cf479e9aaebf0f7,BONK,0.5229093
0x521c9c1d68f8684b098be00a5cf479e9aaebf0f7,BTC,0.50426275
0x521c9c1d68f8684b098be00a5cf479e9aaebf0f7,C98,0.47557724
0x521c9c1d68f8684b098be00a5cf479e9aaebf0f7,CAKE,0.51415926
0x521c9c1d68f8684b098be00a5cf479e9aaebf0f7,COMP,0.5144219
0x521c9c1d68f8684b098be00a5cf479e9aaebf0f7,CRV,0.49922988
0x521c9c1d68f8684b098be00a5cf479e9aaebf0f7,CVX,0.51758474
0x521c9c1d68f8684b098be00a5cf479e9aaebf0f7,DAI,0.49035847
0x521c9c1d68f8684b098be00a5cf479e9aaebf0f7,DAO,0.48067403
0x521c9c1d68f8684b098be00a5cf479e9aaebf0f7,DOGE,0.53062356
0x521c9c1d68f8684b098be00a5cf479e9aaebf0f7,DOT,0.49630073
0x521c9c1d68f8684b098be00a5cf479e9aaebf0f7,DYDX,0.5271373
0x521c9c1d68f8684b098be00a5cf479e9aaebf0f7,EOS,0.538526
0x521c9c1d68f8684b098be00a5cf479e9aaebf0f7,ETC,0.5146875
0x521c9c1d68f8684b098be00a5cf479e9aaebf0f7,ETH,0.50106096
0x521c9c1d68f8684b098be00a5cf479e9aaebf0f7,FET,0.47213498
0x521c9c1d68f8684b098be00a5cf479e9aaebf0f7,FIL,0.52158177
0x521c9c1d68f8684b098be00a5cf479e9aaebf0f7,FRAX,0.51983863
0x521c9c1d68f8684b098be00a5cf479e9aaebf0f7,FTM,0.5074802
0x521c9c1d68f8684b098be00a5cf479e9aaebf0f7,FXS,0.5055877
0x521c9c1d68f8684b098be00a5cf479e9aaebf0f7,GRT,0.51923555
0x521c9c1d68f8684b098be00a5cf479e9aaebf0f7,HAI,0.49220872
0x521c9c1d68f8684b098be00a5cf479e9aaebf0f7,HERO,0.5573149
0x521c9c1d68f8684b098be00a5cf479e9aaebf0f7,ICP,0.5233928
0x521c9c1d68f8684b098be00a5cf479e9aaebf0f7,IMX,0.5143667
0x521c9c1d68f8684b098be00a5cf479e9aaebf0f7,INJ,0.52934116
0x521c9c1d68f8684b098be00a5cf479e9aaebf0f7,LDO,0.49311727
0x521c9c1d68f8684b098be00a5cf479e9aaebf0f7,LINK,0.51087445
0x521c9c1d68f8684b098be00a5cf479e9aaebf0f7,LTC,0.50015926
0x521c9c1d68f8684b098be00a5cf479e9aaebf0f7,MATIC,0.49901664
0x521c9c1d68f8684b098be00a5cf479e9aaebf0f7,MAV,0.5425764
0x521c9c1d68f8684b098be00a5cf479e9aaebf0f7,MBOX,0.4725683
0x521c9c1d68f8684b098be00a5cf479e9aaebf0f7,MKR,0.52263796
0x521c9c1d68f8684b098be00a5cf479e9aaebf0f7,MOON,0.5034519
0x521c9c1d68f8684b098be00a5cf479e9aaebf0f7,NEAR,0.50329125
0x521c9c1d68f8684b098be00a5cf479e9aaebf0f7,OP,0.5152466
0x521c9c1d68f8684b098be00a5cf479e9aaebf0f7,PENDLE,0.5347399
0x521c9c1d68f8684b098be00a5cf479e9aaebf0f7,PEPE,0.52741826
0x521c9c1d68f8684b098be00a5cf479e9aaebf0f7,PERP,0.4784014
0x521c9c1d68f8684b098be00a5cf479e9aaebf0f7,PIT,0.47234368
0x521c9c1d68f8684b098be00a5cf479e9aaebf0f7,POLS,0.516884
0x521c9c1d68f8684b098be00a5cf479e9aaebf0f7,PYTH,0.52820915
0x521c9c1d68f8684b098be00a5cf479e9aaebf0f7,QUACK,0.4912894
0x521c9c1d68f8684b098be00a5cf479e9aaebf0f7,RDNT,0.5107723
0x521c9c1d68f8684b098be00a5cf479e9aaebf0f7,RNDR,0.49639755
0x521c9c1d68f8684b098be00a5cf479e9aaebf0f7,RPL,0.5130696
0x521c9c1d68f8684b098be00a5cf479e9aaebf0f7,RUNE,0.5071146
0x521c9c1d68f8684b098be00a5cf479e9aaebf0f7,SFP,0.5258871
0x521c9c1d68f8684b098be00a5cf479e9aaebf0f7,SFUND,0.5023126
0x521c9c1d68f8684b098be00a5cf479e9aaebf0f7,SHIB,0.5250469
0x521c9c1d68f8684b098be00a5cf479e9aaebf0f7,SOL,0.52727264
0x521c9c1d68f8684b098be00a5cf479e9aaebf0f7,STG,0.5016323
0x521c9c1d68f8684b098be00a5cf479e9aaebf0f7,SUI,0.5198248
0x521c9c1d68f8684b098be00a5cf479e9aaebf0f7,SUSHI,0.5200648
0x521c9c1d68f8684b098be00a5cf479e9aaebf0f7,TIA,0.52333295
0x521c9c1d68f8684b098be00a5cf479e9aaebf0f7,TOKEN,0.5336775
0x521c9c1d68f8684b098be00a5cf479e9aaebf0f7,TRX,0.49944466
0x521c9c1d68f8684b098be00a5cf479e9aaebf0f7,UNI,0.5055651
0x521c9c1d68f8684b098be00a5cf479e9aaebf0f7,USDT,0.5162088
0x521c9c1d68f8684b098be00a5cf479e9aaebf0f7,XLM,0.51259434
0x521c9c1d68f8684b098be00a5cf479e9aaebf0f7,XMR,0.5312257
0x521c9c1d68f8684b098be00a5cf479e9aaebf0f7,XRP,0.5169779
0x521c9c1d68f8684b098be00a5cf479e9aaebf0f7,XTZ,0.5030811
0x521c9c1d68f8684b098be00a5cf479e9aaebf0f7,XVS,0.48511776
0x521c9c1d68f8684b098be00a5cf479e9aaebf0f7,YFI,0.5241153
0x56d3fc9aa7062fd7b893c1ae33b365776ae1ee9d,AAVE,0.5464607
0x56d3fc9aa7062fd7b893c1ae33b365776ae1ee9d,ADA,0.5190882
0x56d3fc9aa7062fd7b893c1ae33b365776ae1ee9d,ALGO,0.41543972
0x56d3fc9aa7062fd7b893c1ae33b365776ae1ee9d,APE,0.29982188
0x56d3fc9aa7062fd7b893c1ae33b365776ae1ee9d,APT,0.45342028
0x56d3fc9aa7062fd7b893c1ae33b365776ae1ee9d,ATOM,0.50077045
0x56d3fc9aa7062fd7b893c1ae33b365776ae1ee9d,AVAX,0.5345766
0x56d3fc9aa7062fd7b893c1ae33b365776ae1ee9d,AXS,0.4305769
0x56d3fc9aa7062fd7b893c1ae33b365776ae1ee9d,BAL,0.47922522
0x56d3fc9aa7062fd7b893c1ae33b365776ae1ee9d,BCH,0.6265195
0x56d3fc9aa7062fd7b893c1ae33b365776ae1ee9d,BLUR,0.41877922
0x56d3fc9aa7062fd7b893c1ae33b365776ae1ee9d,BNB,0.62982976
0x56d3fc9aa7062fd7b893c1ae33b365776ae1ee9d,BONK,0.4843363
0x56d3fc9aa7062fd7b893c1ae33b365776ae1ee9d,BTC,0.56598693
0x56d3fc9aa7062fd7b893c1ae33b365776ae1ee9d,C98,0.496255
0x56d3fc9aa7062fd7b893c1ae33b365776ae1ee9d,CAKE,0.503362
0x56d3fc9aa7062fd7b893c1ae33b365776ae1ee9d,COMP,0.4606057
0x56d3fc9aa7062fd7b893c1ae33b365776ae1ee9d,CRV,0.47108912
0x56d3fc9aa7062fd7b893c1ae33b365776ae1ee9d,CVX,0.51920086
0x56d3fc9aa7062fd7b893c1ae33b365776ae1ee9d,DAI,0.6489277
0x56d3fc9aa7062fd7b893c1ae33b365776ae1ee9d,DAO,0.4499355
0x56d3fc9aa7062fd7b893c1ae33b365776ae1ee9d,DOGE,0.5557983
0x56d3fc9aa7062fd7b893c1ae33b365776ae1ee9d,DOT,0.59526896
0x56d3fc9aa7062fd7b893c1ae33b365776ae1ee9d,DYDX,0.49284306
0x56d3fc9aa7062fd7b893c1ae33b365776ae1ee9d,EOS,0.49742076
0x56d3fc9aa7062fd7b893c1ae33b365776ae1ee9d,ETC,0.5220341
0x56d3fc9aa7062fd7b893c1ae33b365776ae1ee9d,ETH,0.52760637
0x56d3fc9aa7062fd7b893c1ae33b365776ae1ee9d,FET,0.48589563
0x56d3fc9aa7062fd7b893c1ae33b365776ae1ee9d,FIL,0.5224658
0x56d3fc9aa7062fd7b893c1ae33b365776ae1ee9d,FRAX,0.6105885
0x56d3fc9aa7062fd7b893c1ae33b365776ae1ee9d,FTM,0.5467961
0x56d3fc9aa7062fd7b893c1ae33b365776ae1ee9d,FXS,0.47753522
0x56d3fc9aa7062fd7b893c1ae33b365776ae1ee9d,GRT,0.52863497
0x56d3fc9aa7062fd7b893c1ae33b365776ae1ee9d,HAI,0.5286696
0x56d3fc9aa7062fd7b893c1ae33b365776ae1ee9d,HERO,0.5368144
0x56d3fc9aa7062fd7b893c1ae33b365776ae1ee9d,ICP,0.5026284
0x56d3fc9aa7062fd7b893c1ae33b365776ae1ee9d,IMX,0.45430246
0x56d3fc9aa7062fd7b893c1ae33b365776ae1ee9d,INJ,0.5266471
0x56d3fc9aa7062fd7b893c1ae33b365776ae1ee9d,LDO,0.4634803
0x56d3fc9aa7062fd7b893c1ae33b365776ae1ee9d,LINK,0.49095666
0x56d3fc9aa7062fd7b893c1ae33b365776ae1ee9d,LTC,0.5024033
0x56d3fc9aa7062fd7b893c1ae33b365776ae1ee9d,MATIC,0.5231114
0x56d3fc9aa7062fd7b893c1ae33b365776ae1ee9d,MAV,0.50936884
0x56d3fc9aa7062fd7b893c1ae33b365776ae1ee9d,MBOX,0.4737821
0x56d3fc9aa7062fd7b893c1ae33b365776ae1ee9d,MKR,0.5861383
0x56d3fc9aa7062fd7b893c1ae33b365776ae1ee9d,MOON,0.44425637
0x56d3fc9aa7062fd7b893c1ae33b365776ae1ee9d,NEAR,0.54386663
0x56d3fc9aa7062fd7b893c1ae33b365776ae1ee9d,OP,0.49620977
0x56d3fc9aa7062fd7b893c1ae33b365776ae1ee9d,PENDLE,0.4492481
0x56d3fc9aa7062fd7b893c1ae33b365776ae1ee9d,PEPE,0.46358103
0x56d3fc9aa7062fd7b893c1ae33b365776ae1ee9d,PERP,0.45708895
0x56d3fc9aa7062fd7b893c1ae33b365776ae1ee9d,PIT,0.54913515
0x56d3fc9aa7062fd7b893c1ae33b365776ae1ee9d,POLS,0.49794295
0x56d3fc9aa7062fd7b893c1ae33b365776ae1ee9d,PYTH,0.47157952
0x56d3fc9aa7062fd7b893c1ae33b365776ae1ee9d,QUACK,0.56035495
0x56d3fc9aa7062fd7b893c1ae33b365776ae1ee9d,RDNT,0.50890106
0x56d3fc9aa7062fd7b893c1ae33b365776ae1ee9d,RNDR,0.43688893
0x56d3fc9aa7062fd7b893c1ae33b365776ae1ee9d,RPL,0.51515114
0x56d3fc9aa7062fd7b893c1ae33b365776ae1ee9d,RUNE,0.46608132
0x56d3fc9aa7062fd7b893c1ae33b365776ae1ee9d,SFP,0.507644
0x56d3fc9aa7062fd7b893c1ae33b365776ae1ee9d,SFUND,0.406014
0x56d3fc9aa7062fd7b893c1ae33b365776ae1ee9d,SHIB,0.51016223
0x56d3fc9aa7062fd7b893c1ae33b365776ae1ee9d,SOL,0.5504475
0x56d3fc9aa7062fd7b893c1ae33b365776ae1ee9d,STG,0.5020639
0x56d3fc9aa7062fd7b893c1ae33b365776ae1ee9d,SUI,0.50446814
0x56d3fc9aa7062fd7b893c1ae33b365776ae1ee9d,SUSHI,0.50505656
0x56d3fc9aa7062fd7b893c1ae33b365776ae1ee9d,TIA,0.4557967
0x56d3fc9aa7062fd7b893c1ae33b365776ae1ee9d,TOKEN,0.40773857
0x56d3fc9aa7062fd7b893c1ae33b365776ae1ee9d,TRX,0.5470126
0x56d3fc9aa7062fd7b893c1ae33b365776ae1ee9d,UNI,0.5563302
0x56d3fc9aa7062fd7b893c1ae33b365776ae1ee9d,USDT,0.5055834
0x56d3fc9aa7062fd7b893c1ae33b365776ae1ee9d,XLM,0.52415395
0x56d3fc9aa7062fd7b893c1ae33b365776ae1ee9d,XMR,0.53261364
0x56d3fc9aa7062fd7b893c1ae33b365776ae1ee9d,XRP,0.5339408
0x56d3fc9aa7062fd7b893c1ae33b365776ae1ee9d,XTZ,0.544455
0x56d3fc9aa7062fd7b893c1ae33b365776ae1ee9d,XVS,0.53661627
0x56d3fc9aa7062fd7b893c1ae33b365776ae1ee9d,YFI,0.573362
0x5d8ec9180099a0f171f5f9615b66ee424ad5b330,AAVE,0.4887293919284746
0x5d8ec9180099a0f171f5f9615b66ee424ad5b330,ADA,0.5900518586001591
0x5d8ec9180099a0f171f5f9615b66ee424ad5b330,ALGO,0.481650484951254
0x5d8ec9180099a0f171f5f9615b66ee424ad5b330,APE,0.3334060265972329
0x5d8ec9180099a0f171f5f9615b66ee424ad5b330,APT,0.4707684813896505
0x5d8ec9180099a0f171f5f9615b66ee424ad5b330,ATOM,0.5341704598677653
0x5d8ec9180099a0f171f5f9615b66ee424ad5b330,AVAX,0.5084220085198572
0x5d8ec9180099a0f171f5f9615b66ee424ad5b330,AXS,0.387500657155508
0x5d8ec9180099a0f171f5f9615b66ee424ad5b330,BAL,0.5434354355066133
0x5d8ec9180099a0f171f5f9615b66ee424ad5b330,BCH,0.5266388982522737
0x5d8ec9180099a0f171f5f9615b66ee424ad5b330,BLUR,0.4091902188894825
0x5d8ec9180099a0f171f5f9615b66ee424ad5b330,BNB,0.5942094912255256
0x5d8ec9180099a0f171f5f9615b66ee424ad5b330,BONK,0.5072938419864952
0x5d8ec9180099a0f171f5f9615b66ee424ad5b330,BTC,0.5488460095573624
0x5d8ec9180099a0f171f5f9615b66ee424ad5b330,C98,0.5206957601756786
0x5d8ec9180099a0f171f5f9615b66ee424ad5b330,CAKE,0.5536620374959556
0x5d8ec9180099a0f171f5f9615b66ee424ad5b330,COMP,0.5661274191687229
0x5d8ec9180099a0f171f5f9615b66ee424ad5b330,CRV,0.5328828425907474
0x5d8ec9180099a0f171f5f9615b66ee424ad5b330,CVX,0.5384526649058576
0x5d8ec9180099a0f171f5f9615b66ee424ad5b330,DAI,0.5042717876260077
0x5d8ec9180099a0f171f5f9615b66ee424ad5b330,DAO,0.3998434309447582
0x5d8ec9180099a0f171f5f9615b66ee424ad5b330,DOGE,0.5203970220473838
0x5d8ec9180099a0f171f5f9615b66ee424ad5b330,DOT,0.573518809017787
0x5d8ec9180099a0f171f5f9615b66ee424ad5b330,DYDX,0.4309729728805331
0x5d8ec9180099a0f171f5f9615b66ee424ad5b330,EOS,0.5140174025363703
0x5d8ec9180099a0f171f5f9615b66ee424ad5b330,ETC,0.5317373512172093
0x5d8ec9180099a0f171f5f9615b66ee424ad5b330,ETH,0.5920327211634497
0x5d8ec9180099a0f171f5f9615b66ee424ad5b330,FET,0.4502052904825808
0x5d8ec9180099a0f171f5f9615b66ee424ad5b330,FIL,0.514714982945799
0x5d8ec9180099a0f171f5f9615b66ee424ad5b330,FRAX,0.5331086132339474
0x5d8ec9180099a0f171f5f9615b66ee424ad5b330,FTM,0.5004493333683384
0x5d8ec9180099a0f171f5f9615b66ee424ad5b330,FXS,0.5107489744183366
0x5d8ec9180099a0f171f5f9615b66ee424ad5b330,GRT,0.5569608363047809
0x5d8ec9180099a0f171f5f9615b66ee424ad5b330,HAI,0.4869304777256873
0x5d8ec9180099a0f171f5f9615b66ee424ad5b330,HERO,0.5512750250178985
0x5d8ec9180099a0f171f5f9615b66ee424ad5b330,ICP,0.5426008301559513
0x5d8ec9180099a0f171f5f9615b66ee424ad5b330,IMX,0.4986120494128976
0x5d8ec9180099a0f171f5f9615b66ee424ad5b330,INJ,0.5517541557881174
0x5d8ec9180099a0f171f5f9615b66ee424ad5b330,LDO,0.4360969241281265
0x5d8ec9180099a0f171f5f9615b66ee424ad5b330,LINK,0.5113439780695661
0x5d8ec9180099a0f171f5f9615b66ee424ad5b330,LTC,0.5731723824596378
0x5d8ec9180099a0f171f5f9615b66ee424ad5b330,MATIC,0.5530045729953956
0x5d8ec9180099a0f171f5f9615b66ee424ad5b330,MAV,0.5102296516873086
0x5d8ec9180099a0f171f5f9615b66ee424ad5b330,MBOX,0.4995739679167342
0x5d8ec9180099a0f171f5f9615b66ee424ad5b330,MKR,0.5418548259218855
0x5d8ec9180099a0f171f5f9615b66ee424ad5b330,MOON,0.4031814732438369
0x5d8ec9180099a0f171f5f9615b66ee424ad5b330,NEAR,0.4947492214778217
0x5d8ec9180099a0f171f5f9615b66ee424ad5b330,OP,0.4471691190966196
0x5d8ec9180099a0f171f5f9615b66ee424ad5b330,PENDLE,0.4669770034436381
0x5d8ec9180099a0f171f5f9615b66ee424ad5b330,PEPE,0.5251625615429467
0x5d8ec9180099a0f171f5f9615b66ee424ad5b330,PERP,0.453609262500279
0x5d8ec9180099a0f171f5f9615b66ee424ad5b330,PIT,0.5107122815776038
0x5d8ec9180099a0f171f5f9615b66ee424ad5b330,POLS,0.5257654429213108
0x5d8ec9180099a0f171f5f9615b66ee424ad5b330,PYTH,0.5198506565968432
0x5d8ec9180099a0f171f5f9615b66ee424ad5b330,QUACK,0.5946110394002493
0x5d8ec9180099a0f171f5f9615b66ee424ad5b330,RDNT,0.5107944846648762
0x5d8ec9180099a0f171f5f9615b66ee424ad5b330,RNDR,0.5147423653691601
0x5d8ec9180099a0f171f5f9615b66ee424ad5b330,RPL,0.513332932224357
0x5d8ec9180099a0f171f5f9615b66ee424ad5b330,RUNE,0.4904861824286817
0x5d8ec9180099a0f171f5f9615b66ee424ad5b330,SFP,0.5565931456986115
0x5d8ec9180099a0f171f5f9615b66ee424ad5b330,SFUND,0.4184221041745025
0x5d8ec9180099a0f171f5f9615b66ee424ad5b330,SHIB,0.5544888583524729
0x5d8ec9180099a0f171f5f9615b66ee424ad5b330,SOL,0.5818857252101088
0x5d8ec9180099a0f171f5f9615b66ee424ad5b330,STG,0.4547867268478848
0x5d8ec9180099a0f171f5f9615b66ee424ad5b330,SUI,0.5341583731209656
0x5d8ec9180099a0f171f5f9615b66ee424ad5b330,SUSHI,0.5137769947038049
0x5d8ec9180099a0f171f5f9615b66ee424ad5b330,TIA,0.4835630754610391
0x5d8ec9180099a0f171f5f9615b66ee424ad5b330,TOKEN,0.4210275281387984
0x5d8ec9180099a0f171f5f9615b66ee424ad5b330,TRX,0.5143446322350215
0x5d8ec9180099a0f171f5f9615b66ee424ad5b330,UNI,0.5192723158124962
0x5d8ec9180099a0f171f5f9615b66ee424ad5b330,USDT,0.5131468560499903
0x5d8ec9180099a0f171f5f9615b66ee424ad5b330,XLM,0.5351856926608356
0x5d8ec9180099a0f171f5f9615b66ee424ad5b330,XMR,0.5440630956344935
0x5d8ec9180099a0f171f5f9615b66ee424ad5b330,XRP,0.5406350539030125
0x5d8ec9180099a0f171f5f9615b66ee424ad5b330,XTZ,0.596290906409522
0x5d8ec9180099a0f171f5f9615b66ee424ad5b330,XVS,0.5475226589883571
0x5d8ec9180099a0f171f5f9615b66ee424ad5b330,YFI,0.5683761489518868
0x5f05ab6ed6106d6c962823e481bd9f39c6d60e96,AAVE,0.4481807525380055
0x5f05ab6ed6106d6c962823e481bd9f39c6d60e96,ADA,0.5550294115006633
0x5f05ab6ed6106d6c962823e481bd9f39c6d60e96,ALGO,0.3308899808140828
0x5f05ab6ed6106d6c962823e481bd9f39c6d60e96,APE,0.1558685777492804
0x5f05ab6ed6106d6c962823e481bd9f39c6d60e96,APT,0.3854596761649877
0x5f05ab6ed6106d6c962823e481bd9f39c6d60e96,ATOM,0.4690954896286843
0x5f05ab6ed6106d6c962823e481bd9f39c6d60e96,AVAX,0.5945005144432746
0x5f05ab6ed6106d6c962823e481bd9f39c6d60e96,AXS,0.2969517907672295
0x5f05ab6ed6106d6c962823e481bd9f39c6d60e96,BAL,0.4955375018527348
0x5f05ab6ed6106d6c962823e481bd9f39c6d60e96,BCH,0.5979207311803747
0x5f05ab6ed6106d6c962823e481bd9f39c6d60e96,BLUR,0.39020671622692
0x5f05ab6ed6106d6c962823e481bd9f39c6d60e96,BNB,0.536733075017038
0x5f05ab6ed6106d6c962823e481bd9f39c6d60e96,BONK,0.4917534359364753
0x5f05ab6ed6106d6c962823e481bd9f39c6d60e96,BTC,0.3530552499285692
0x5f05ab6ed6106d6c962823e481bd9f39c6d60e96,C98,0.4844347964870701
0x5f05ab6ed6106d6c962823e481bd9f39c6d60e96,CAKE,0.4582201664574957
0x5f05ab6ed6106d6c962823e481bd9f39c6d60e96,COMP,0.4435433781193524
0x5f05ab6ed6106d6c962823e481bd9f39c6d60e96,CRV,0.5351569658573824
0x5f05ab6ed6106d6c962823e481bd9f39c6d60e96,CVX,0.5101314950262051
0x5f05ab6ed6106d6c962823e481bd9f39c6d60e96,DAI,0.5641406239869722
0x5f05ab6ed6106d6c962823e481bd9f39c6d60e96,DAO,0.3909605375457902
0x5f05ab6ed6106d6c962823e481bd9f39c6d60e96,DOGE,0.5377142775659557
0x5f05ab6ed6106d6c962823e481bd9f39c6d60e96,DOT,0.5879924852606376
0x5f05ab6ed6106d6c962823e481bd9f39c6d60e96,DYDX,0.3317109936983065
0x5f05ab6ed6106d6c962823e481bd9f39c6d60e96,EOS,0.4733083437457144
0x5f05ab6ed6106d6c962823e481bd9f39c6d60e96,ETC,0.4901972555916322
0x5f05ab6ed6106d6c962823e481bd9f39c6d60e96,ETH,0.566120013404954
0x5f05ab6ed6106d6c962823e481bd9f39c6d60e96,FET,0.4118282114004648
0x5f05ab6ed6106d6c962823e481bd9f39c6d60e96,FIL,0.5022537545756606
0x5f05ab6ed6106d6c962823e481bd9f39c6d60e96,FRAX,0.6437602578431018
0x5f05ab6ed6106d6c962823e481bd9f39c6d60e96,FTM,0.6550303200146309
0x5f05ab6ed6106d6c962823e481bd9f39c6d60e96,FXS,0.4123649129216546
0x5f05ab6ed6106d6c962823e481bd9f39c6d60e96,GRT,0.5437643057933667
0x5f05ab6ed6106d6c962823e481bd9f39c6d60e96,HAI,0.4683337442609368
0x5f05ab6ed6106d6c962823e481bd9f39c6d60e96,HERO,0.5256903741487033
0x5f05ab6ed6106d6c962823e481bd9f39c6d60e96,ICP,0.5046549663663961
0x5f05ab6ed6106d6c962823e481bd9f39c6d60e96,IMX,0.4122940413262583
0x5f05ab6ed6106d6c962823e481bd9f39c6d60e96,INJ,0.4102074546010096
0x5f05ab6ed6106d6c962823e481bd9f39c6d60e96,LDO,0.3408477305756748
0x5f05ab6ed6106d6c962823e481bd9f39c6d60e96,LINK,0.482000912422837
0x5f05ab6ed6106d6c962823e481bd9f39c6d60e96,LTC,0.5138432352107423
0x5f05ab6ed6106d6c962823e481bd9f39c6d60e96,MATIC,0.522321410331346
0x5f05ab6ed6106d6c962823e481bd9f39c6d60e96,MAV,0.4789854254149885
0x5f05ab6ed6106d6c962823e481bd9f39c6d60e96,MBOX,0.3731033399662052
0x5f05ab6ed6106d6c962823e481bd9f39c6d60e96,MKR,0.5952395378819312
0x5f05ab6ed6106d6c962823e481bd9f39c6d60e96,MOON,0.3231663242293039
0x5f05ab6ed6106d6c962823e481bd9f39c6d60e96,NEAR,0.5343186495874814
0x5f05ab6ed6106d6c962823e481bd9f39c6d60e96,OP,0.4474225914300072
0x5f05ab6ed6106d6c962823e481bd9f39c6d60e96,PENDLE,0.4174628951909462
0x5f05ab6ed6106d6c962823e481bd9f39c6d60e96,PEPE,0.4528955329036825
0x5f05ab6ed6106d6c962823e481bd9f39c6d60e96,PERP,0.4683012891787961
0x5f05ab6ed6106d6c962823e481bd9f39c6d60e96,PIT,0.5300801059426923
0x5f05ab6ed6106d6c962823e481bd9f39c6d60e96,POLS,0.5182770227112813
0x5f05ab6ed6106d6c962823e481bd9f39c6d60e96,PYTH,0.4604309749159416
0x5f05ab6ed6106d6c962823e481bd9f39c6d60e96,QUACK,0.6447632672882662
0x5f05ab6ed6106d6c962823e481bd9f39c6d60e96,RDNT,0.4107010254612346
0x5f05ab6ed6106d6c962823e481bd9f39c6d60e96,RNDR,0.5111261514782268
0x5f05ab6ed6106d6c962823e481bd9f39c6d60e96,RPL,0.4796718318386728
0x5f05ab6ed6106d6c962823e481bd9f39c6d60e96,RUNE,0.4107065664313339
0x5f05ab6ed6106d6c962823e481bd9f39c6d60e96,SFP,0.4926947621472971
0x5f05ab6ed6106d6c962823e481bd9f39c6d60e96,SFUND,0.3014849135261521
0x5f05ab6ed6106d6c962823e481bd9f39c6d60e96,SHIB,0.5554502098886874
0x5f05ab6ed6106d6c962823e481bd9f39c6d60e96,SOL,0.5975873056872268
0x5f05ab6ed6106d6c962823e481bd9f39c6d60e96,STG,0.4390974337261707
0x5f05ab6ed6106d6c962823e481bd9f39c6d60e96,SUI,0.5872305519672143
0x5f05ab6ed6106d6c962823e481bd9f39c6d60e96,SUSHI,0.4673255249744811
0x5f05ab6ed6106d6c962823e481bd9f39c6d60e96,TIA,0.4276018762802853
0x5f05ab6ed6106d6c962823e481bd9f39c6d60e96,TOKEN,0.3026344490743937
0x5f05ab6ed6106d6c962823e481bd9f39c6d60e96,TRX,0.5696660974430197
0x5f05ab6ed6106d6c962823e481bd9f39c6d60e96,UNI,0.4885304927236349
0x5f05ab6ed6106d6c962823e481bd9f39c6d60e96,USDT,0.540222820459214
0x5f05ab6ed6106d6c962823e481bd9f39c6d60e96,XLM,0.5066825839447949
0x5f05ab6ed6106d6c962823e481bd9f39c6d60e96,XMR,0.533540848109311
0x5f05ab6ed6106d6c962823e481bd9f39c6d60e96,XRP,0.5252910225546291
0x5f05ab6ed6106d6c962823e481bd9f39c6d60e96,XTZ,0.5596034124991287
0x5f05ab6ed6106d6c962823e481bd9f39c6d60e96,XVS,0.5091763804086212
0x5f05ab6ed6106d6c962823e481bd9f39c6d60e96,YFI,0.5919950412745046
0x6cb72d052d57563180474923fdd9f827455637db,AAVE,0.4520547945205479
0x6cb72d052d57563180474923fdd9f827455637db,ADA,0.821917808219178
0x6cb72d052d57563180474923fdd9f827455637db,ALGO,0.0958904109589041
0x6cb72d052d57563180474923fdd9f827455637db,APE,0.1643835616438356
0x6cb72d052d57563180474923fdd9f827455637db,APT,0.273972602739726
0x6cb72d052d57563180474923fdd9f827455637db,ATOM,0.6712328767123288
0x6cb72d052d57563180474923fdd9f827455637db,AVAX,0.5205479452054794
0x6cb72d052d57563180474923fdd9f827455637db,AXS,0.1917808219178082
0x6cb72d052d57563180474923fdd9f827455637db,BAL,0.4657534246575342
0x6cb72d052d57563180474923fdd9f827455637db,BCH,0.8356164383561644
0x6cb72d052d57563180474923fdd9f827455637db,BLUR,0.0547945205479452
0x6cb72d052d57563180474923fdd9f827455637db,BNB,0.9178082191780822
0x6cb72d052d57563180474923fdd9f827455637db,BONK,0.5616438356164384
0x6cb72d052d57563180474923fdd9f827455637db,BTC,1.0
0x6cb72d052d57563180474923fdd9f827455637db,C98,0.1506849315068493
0x6cb72d052d57563180474923fdd9f827455637db,CAKE,0.7534246575342466
0x6cb72d052d57563180474923fdd9f827455637db,COMP,0.2328767123287671
0x6cb72d052d57563180474923fdd9f827455637db,CRV,0.8904109589041096
0x6cb72d052d57563180474923fdd9f827455637db,CVX,0.7397260273972602
0x6cb72d052d57563180474923fdd9f827455637db,DAI,0.958904109589041
0x6cb72d052d57563180474923fdd9f827455637db,DAO,0.2602739726027397
0x6cb72d052d57563180474923fdd9f827455637db,DOGE,0.8767123287671232
0x6cb72d052d57563180474923fdd9f827455637db,DOT,0.4794520547945205
0x6cb72d052d57563180474923fdd9f827455637db,DYDX,0.0684931506849315
0x6cb72d052d57563180474923fdd9f827455637db,EOS,0.1232876712328767
0x6cb72d052d57563180474923fdd9f827455637db,ETC,0.726027397260274
0x6cb72d052d57563180474923fdd9f827455637db,ETH,0.9863013698630136
0x6cb72d052d57563180474923fdd9f827455637db,FET,0.3561643835616438
0x6cb72d052d57563180474923fdd9f827455637db,FIL,0.3698630136986301
0x6cb72d052d57563180474923fdd9f827455637db,FRAX,0.7808219178082192
0x6cb72d052d57563180474923fdd9f827455637db,FTM,0.5
0x6cb72d052d57563180474923fdd9f827455637db,FXS,0.0821917808219178
0x6cb72d052d57563180474923fdd9f827455637db,GRT,0.6575342465753424
0x6cb72d052d57563180474923fdd9f827455637db,HAI,0.3356164383561644
0x6cb72d052d57563180474923fdd9f827455637db,HERO,0.4315068493150685
0x6cb72d052d57563180474923fdd9f827455637db,ICP,0.3972602739726027
0x6cb72d052d57563180474923fdd9f827455637db,IMX,0.136986301369863
0x6cb72d052d57563180474923fdd9f827455637db,INJ,0.2465753424657534
0x6cb72d052d57563180474923fdd9f827455637db,LDO,0.410958904109589
0x6cb72d052d57563180474923fdd9f827455637db,LINK,0.8493150684931506
0x6cb72d052d57563180474923fdd9f827455637db,LTC,0.9315068493150684
0x6cb72d052d57563180474923fdd9f827455637db,MATIC,0.5
0x6cb72d052d57563180474923fdd9f827455637db,MAV,0.1095890410958904
0x6cb72d052d57563180474923fdd9f827455637db,MBOX,0.5342465753424658
0x6cb72d052d57563180474923fdd9f827455637db,MKR,0.3013698630136986
0x6cb72d052d57563180474923fdd9f827455637db,MOON,0.0410958904109589
0x6cb72d052d57563180474923fdd9f827455637db,NEAR,0.3150684931506849
0x6cb72d052d57563180474923fdd9f827455637db,OP,0.6164383561643836
0x6cb72d052d57563180474923fdd9f827455637db,PENDLE,0.3835616438356164
0x6cb72d052d57563180474923fdd9f827455637db,PEPE,0.0273972602739726
0x6cb72d052d57563180474923fdd9f827455637db,PERP,0.4931506849315068
0x6cb72d052d57563180474923fdd9f827455637db,PIT,0.5753424657534246
0x6cb72d052d57563180474923fdd9f827455637db,POLS,0.4315068493150685
0x6cb72d052d57563180474923fdd9f827455637db,PYTH,0.0136986301369863
0x6cb72d052d57563180474923fdd9f827455637db,QUACK,0.6986301369863014
0x6cb72d052d57563180474923fdd9f827455637db,RDNT,0.8082191780821918
0x6cb72d052d57563180474923fdd9f827455637db,RNDR,0.5
0x6cb72d052d57563180474923fdd9f827455637db,RPL,0.3356164383561644
0x6cb72d052d57563180474923fdd9f827455637db,RUNE,0.2054794520547945
0x6cb72d052d57563180474923fdd9f827455637db,SFP,0.547945205479452
0x6cb72d052d57563180474923fdd9f827455637db,SFUND,0.6027397260273972
0x6cb72d052d57563180474923fdd9f827455637db,SHIB,0.7671232876712328
0x6cb72d052d57563180474923fdd9f827455637db,SOL,0.9726027397260274
0x6cb72d052d57563180474923fdd9f827455637db,STG,0.1780821917808219
0x6cb72d052d57563180474923fdd9f827455637db,SUI,0.589041095890411
0x6cb72d052d57563180474923fdd9f827455637db,SUSHI,0.6301369863013698
0x6cb72d052d57563180474923fdd9f827455637db,TIA,0.0
0x6cb72d052d57563180474923fdd9f827455637db,TOKEN,0.2191780821917808
0x6cb72d052d57563180474923fdd9f827455637db,TRX,0.863013698630137
0x6cb72d052d57563180474923fdd9f827455637db,UNI,0.7945205479452054
0x6cb72d052d57563180474923fdd9f827455637db,USDT,0.9452054794520548
0x6cb72d052d57563180474923fdd9f827455637db,XLM,0.684931506849315
0x6cb72d052d57563180474923fdd9f827455637db,XMR,0.7123287671232876
0x6cb72d052d57563180474923fdd9f827455637db,XRP,0.9041095890410958
0x6cb72d052d57563180474923fdd9f827455637db,XTZ,0.5068493150684932
0x6cb72d052d57563180474923fdd9f827455637db,XVS,0.2876712328767123
0x6cb72d052d57563180474923fdd9f827455637db,YFI,0.6438356164383562
0x6d7841df878bff8ff84c2730d3051439d3009109,AAVE,0.5983686447143555
0x6d7841df878bff8ff84c2730d3051439d3009109,ADA,0.562129020690918
0x6d7841df878bff8ff84c2730d3051439d3009109,ALGO,0.4938488006591797
0x6d7841df878bff8ff84c2730d3051439d3009109,APE,0.1414403915405273
0x6d7841df878bff8ff84c2730d3051439d3009109,APT,0.3844385147094726
0x6d7841df878bff8ff84c2730d3051439d3009109,ATOM,0.5453414916992188
0x6d7841df878bff8ff84c2730d3051439d3009109,AVAX,0.5722227096557617
0x6d7841df878bff8ff84c2730d3051439d3009109,AXS,0.2532062530517578
0x6d7841df878bff8ff84c2730d3051439d3009109,BAL,0.354644775390625
0x6d7841df878bff8ff84c2730d3051439d3009109,BCH,0.9412364959716796
0x6d7841df878bff8ff84c2730d3051439d3009109,BLUR,0.0596141815185546
0x6d7841df878bff8ff84c2730d3051439d3009109,BNB,0.9389400482177734
0x6d7841df878bff8ff84c2730d3051439d3009109,BONK,0.3693180084228515
0x6d7841df878bff8ff84c2730d3051439d3009109,BTC,0.8594112396240234
0x6d7841df878bff8ff84c2730d3051439d3009109,C98,0.3859825134277344
0x6d7841df878bff8ff84c2730d3051439d3009109,CAKE,0.6034879684448242
0x6d7841df878bff8ff84c2730d3051439d3009109,COMP,0.4154825210571289
0x6d7841df878bff8ff84c2730d3051439d3009109,CRV,0.5227699279785156
0x6d7841df878bff8ff84c2730d3051439d3009109,CVX,0.5314397811889648
0x6d7841df878bff8ff84c2730d3051439d3009109,DAI,0.912278175354004
0x6d7841df878bff8ff84c2730d3051439d3009109,DAO,0.3084087371826172
0x6d7841df878bff8ff84c2730d3051439d3009109,DOGE,0.5884876251220703
0x6d7841df878bff8ff84c2730d3051439d3009109,DOT,0.4802389144897461
0x6d7841df878bff8ff84c2730d3051439d3009109,DYDX,0.0
0x6d7841df878bff8ff84c2730d3051439d3009109,EOS,0.3736743927001953
0x6d7841df878bff8ff84c2730d3051439d3009109,ETC,0.6936044692993164
0x6d7841df878bff8ff84c2730d3051439d3009109,ETH,0.8159646987915039
0x6d7841df878bff8ff84c2730d3051439d3009109,FET,0.4235458374023437
0x6d7841df878bff8ff84c2730d3051439d3009109,FIL,0.4564933776855469
0x6d7841df878bff8ff84c2730d3051439d3009109,FRAX,0.9000205993652344
0x6d7841df878bff8ff84c2730d3051439d3009109,FTM,0.3885746002197265
0x6d7841df878bff8ff84c2730d3051439d3009109,FXS,0.1996231079101562
0x6d7841df878bff8ff84c2730d3051439d3009109,GRT,0.4753370285034179
0x6d7841df878bff8ff84c2730d3051439d3009109,HAI,0.3876371383666992
0x6d7841df878bff8ff84c2730d3051439d3009109,HERO,0.5651044845581055
0x6d7841df878bff8ff84c2730d3051439d3009109,ICP,0.4919424057006836
0x6d7841df878bff8ff84c2730d3051439d3009109,IMX,0.2619180679321289
0x6d7841df878bff8ff84c2730d3051439d3009109,INJ,0.3312606811523437
0x6d7841df878bff8ff84c2730d3051439d3009109,LDO,0.0681056976318359
0x6d7841df878bff8ff84c2730d3051439d3009109,LINK,0.7438802719116211
0x6d7841df878bff8ff84c2730d3051439d3009109,LTC,0.9498586654663086
0x6d7841df878bff8ff84c2730d3051439d3009109,MATIC,0.4472036361694336
0x6d7841df878bff8ff84c2730d3051439d3009109,MAV,0.336679458618164
0x6d7841df878bff8ff84c2730d3051439d3009109,MBOX,0.3874359130859375
0x6d7841df878bff8ff84c2730d3051439d3009109,MKR,0.7350597381591797
0x6d7841df878bff8ff84c2730d3051439d3009109,MOON,0.3780288696289062
0x6d7841df878bff8ff84c2730d3051439d3009109,NEAR,0.4991302490234375
0x6d7841df878bff8ff84c2730d3051439d3009109,OP,0.4789295196533203
0x6d7841df878bff8ff84c2730d3051439d3009109,PENDLE,0.5112037658691406
0x6d7841df878bff8ff84c2730d3051439d3009109,PEPE,0.516667366027832
0x6d7841df878bff8ff84c2730d3051439d3009109,PERP,0.3691282272338867
0x6d7841df878bff8ff84c2730d3051439d3009109,PIT,0.5601234436035156
0x6d7841df878bff8ff84c2730d3051439d3009109,POLS,0.3932933807373047
0x6d7841df878bff8ff84c2730d3051439d3009109,PYTH,0.279423713684082
0x6d7841df878bff8ff84c2730d3051439d3009109,QUACK,0.23583984375
0x6d7841df878bff8ff84c2730d3051439d3009109,RDNT,0.3861503601074219
0x6d7841df878bff8ff84c2730d3051439d3009109,RNDR,0.5083379745483398
0x6d7841df878bff8ff84c2730d3051439d3009109,RPL,0.3520793914794922
0x6d7841df878bff8ff84c2730d3051439d3009109,RUNE,0.3531131744384765
0x6d7841df878bff8ff84c2730d3051439d3009109,SFP,0.6345891952514648
0x6d7841df878bff8ff84c2730d3051439d3009109,SFUND,0.3784141540527344
0x6d7841df878bff8ff84c2730d3051439d3009109,SHIB,0.5973529815673828
0x6d7841df878bff8ff84c2730d3051439d3009109,SOL,0.923725128173828
0x6d7841df878bff8ff84c2730d3051439d3009109,STG,0.5642108917236328
0x6d7841df878bff8ff84c2730d3051439d3009109,SUI,0.4636411666870117
0x6d7841df878bff8ff84c2730d3051439d3009109,SUSHI,0.4275884628295898
0x6d7841df878bff8ff84c2730d3051439d3009109,TIA,0.1419897079467773
0x6d7841df878bff8ff84c2730d3051439d3009109,TOKEN,0.1336164474487304
0x6d7841df878bff8ff84c2730d3051439d3009109,TRX,0.943120002746582
0x6d7841df878bff8ff84c2730d3051439d3009109,UNI,0.5963659286499023
0x6d7841df878bff8ff84c2730d3051439d3009109,USDT,1.0
0x6d7841df878bff8ff84c2730d3051439d3009109,XLM,0.6675024032592773
0x6d7841df878bff8ff84c2730d3051439d3009109,XMR,0.8421211242675781
0x6d7841df878bff8ff84c2730d3051439d3009109,XRP,0.9555425643920898
0x6d7841df878bff8ff84c2730d3051439d3009109,XTZ,0.5774307250976562
0x6d7841df878bff8ff84c2730d3051439d3009109,XVS,0.6101131439208984
0x6d7841df878bff8ff84c2730d3051439d3009109,YFI,0.6157703399658203
0x770a3026f8a348bebac2ba84cfc82f4ea01b420a,AAVE,0.6177794664902237
0x770a3026f8a348bebac2ba84cfc82f4ea01b420a,ADA,0.4469743390583348
0x770a3026f8a348bebac2ba84cfc82f4ea01b420a,ALGO,0.2535432732819266
0x770a3026f8a348bebac2ba84cfc82f4ea01b420a,APE,0.5878957218686539
0x770a3026f8a348bebac2ba84cfc82f4ea01b420a,APT,0.4048379050520744
0x770a3026f8a348bebac2ba84cfc82f4ea01b420a,ATOM,0.794919470667619
0x770a3026f8a348bebac2ba84cfc82f4ea01b420a,AVAX,0.3974453084320489
0x770a3026f8a348bebac2ba84cfc82f4ea01b420a,AXS,0.5395673458788642
0x770a3026f8a348bebac2ba84cfc82f4ea01b420a,BAL,0.6684680367189229
0x770a3026f8a348bebac2ba84cfc82f4ea01b420a,BCH,0.3121410117293314
0x770a3026f8a348bebac2ba84cfc82f4ea01b420a,BLUR,0.2390440655355418
0x770a3026f8a348bebac2ba84cfc82f4ea01b420a,BNB,0.7207625346710814
0x770a3026f8a348bebac2ba84cfc82f4ea01b420a,BONK,0.3220430020835204
0x770a3026f8a348bebac2ba84cfc82f4ea01b420a,BTC,0.871499972015043
0x770a3026f8a348bebac2ba84cfc82f4ea01b420a,C98,0.6593395131351815
0x770a3026f8a348bebac2ba84cfc82f4ea01b420a,CAKE,0.5598409581019566
0x770a3026f8a348bebac2ba84cfc82f4ea01b420a,COMP,0.6505275553995906
0x770a3026f8a348bebac2ba84cfc82f4ea01b420a,CRV,0.4868860689148008
0x770a3026f8a348bebac2ba84cfc82f4ea01b420a,CVX,0.3662894452168211
0x770a3026f8a348bebac2ba84cfc82f4ea01b420a,DAI,0.5667255818727643
0x770a3026f8a348bebac2ba84cfc82f4ea01b420a,DAO,0.2230475365769594
0x770a3026f8a348bebac2ba84cfc82f4ea01b420a,DOGE,0.8402851057526883
0x770a3026f8a348bebac2ba84cfc82f4ea01b420a,DOT,0.6419951143775149
0x770a3026f8a348bebac2ba84cfc82f4ea01b420a,DYDX,0.1843976541769271
0x770a3026f8a348bebac2ba84cfc82f4ea01b420a,EOS,0.5329076659066425
0x770a3026f8a348bebac2ba84cfc82f4ea01b420a,ETC,0.4192578372785817
0x770a3026f8a348bebac2ba84cfc82f4ea01b420a,ETH,0.6256465904028308
0x770a3026f8a348bebac2ba84cfc82f4ea01b420a,FET,0.1285000279849564
0x770a3026f8a348bebac2ba84cfc82f4ea01b420a,FIL,0.6100883229129015
0x770a3026f8a348bebac2ba84cfc82f4ea01b420a,FRAX,0.709172714969548
0x770a3026f8a348bebac2ba84cfc82f4ea01b420a,FTM,0.3017620746942093
0x770a3026f8a348bebac2ba84cfc82f4ea01b420a,FXS,0.6982379253057901
0x770a3026f8a348bebac2ba84cfc82f4ea01b420a,GRT,0.7769524634230401
0x770a3026f8a348bebac2ba84cfc82f4ea01b420a,HAI,0.340660486864818
0x770a3026f8a348bebac2ba84cfc82f4ea01b420a,HERO,0.4537293620923802
0x770a3026f8a348bebac2ba84cfc82f4ea01b420a,ICP,0.9155583873440604
0x770a3026f8a348bebac2ba84cfc82f4ea01b420a,IMX,0.595162094947925
0x770a3026f8a348bebac2ba84cfc82f4ea01b420a,INJ,0.5736891911001999
0x770a3026f8a348bebac2ba84cfc82f4ea01b420a,LDO,0.279237465328918
0x770a3026f8a348bebac2ba84cfc82f4ea01b420a,LINK,0.746456726718073
0x770a3026f8a348bebac2ba84cfc82f4ea01b420a,LTC,1.0
0x770a3026f8a348bebac2ba84cfc82f4ea01b420a,MATIC,0.5131139310851986
0x770a3026f8a348bebac2ba84cfc82f4ea01b420a,MAV,0.2668653101411492
0x770a3026f8a348bebac2ba84cfc82f4ea01b420a,MBOX,0.677956997916479
0x770a3026f8a348bebac2ba84cfc82f4ea01b420a,MKR,0.3580048856224845
0x770a3026f8a348bebac2ba84cfc82f4ea01b420a,MOON,0.2050805293323804
0x770a3026f8a348bebac2ba84cfc82f4ea01b420a,NEAR,0.4121042781313455
0x770a3026f8a348bebac2ba84cfc82f4ea01b420a,OP,0.4803116598969157
0x770a3026f8a348bebac2ba84cfc82f4ea01b420a,PENDLE,0.5462706379076192
0x770a3026f8a348bebac2ba84cfc82f4ea01b420a,PEPE,0.6025546915679505
0x770a3026f8a348bebac2ba84cfc82f4ea01b420a,PERP,0.3743534095971686
0x770a3026f8a348bebac2ba84cfc82f4ea01b420a,PIT,0.5262838274538549
0x770a3026f8a348bebac2ba84cfc82f4ea01b420a,POLS,0.0
0x770a3026f8a348bebac2ba84cfc82f4ea01b420a,PYTH,0.4401590418980429
0x770a3026f8a348bebac2ba84cfc82f4ea01b420a,QUACK,0.2908272850304514
0x770a3026f8a348bebac2ba84cfc82f4ea01b420a,RDNT,0.3899116770870978
0x770a3026f8a348bebac2ba84cfc82f4ea01b420a,RNDR,0.0844416126559393
0x770a3026f8a348bebac2ba84cfc82f4ea01b420a,RPL,0.4332744181272351
0x770a3026f8a348bebac2ba84cfc82f4ea01b420a,RUNE,0.4934465127841027
0x770a3026f8a348bebac2ba84cfc82f4ea01b420a,SFP,0.3315319632810766
0x770a3026f8a348bebac2ba84cfc82f4ea01b420a,SFUND,0.5196883401030837
0x770a3026f8a348bebac2ba84cfc82f4ea01b420a,SHIB,0.7609559344644576
0x770a3026f8a348bebac2ba84cfc82f4ea01b420a,SOL,0.4999999999999997
0x770a3026f8a348bebac2ba84cfc82f4ea01b420a,STG,0.1597148942473113
0x770a3026f8a348bebac2ba84cfc82f4ea01b420a,SUI,0.5065534872158968
0x770a3026f8a348bebac2ba84cfc82f4ea01b420a,SUSHI,0.6337105547831783
0x770a3026f8a348bebac2ba84cfc82f4ea01b420a,TIA,0.7331346898588502
0x770a3026f8a348bebac2ba84cfc82f4ea01b420a,TOKEN,0.4670923340933569
0x770a3026f8a348bebac2ba84cfc82f4ea01b420a,TRX,0.5807421627214179
0x770a3026f8a348bebac2ba84cfc82f4ea01b420a,UNI,0.4263108088997995
0x770a3026f8a348bebac2ba84cfc82f4ea01b420a,USDT,0.687858988270668
0x770a3026f8a348bebac2ba84cfc82f4ea01b420a,XLM,0.3494724446004089
0x770a3026f8a348bebac2ba84cfc82f4ea01b420a,XMR,0.8156023458230723
0x770a3026f8a348bebac2ba84cfc82f4ea01b420a,XRP,0.4604326541211352
0x770a3026f8a348bebac2ba84cfc82f4ea01b420a,XTZ,0.5530256609416646
0x770a3026f8a348bebac2ba84cfc82f4ea01b420a,XVS,0.3822205335097756
0x770a3026f8a348bebac2ba84cfc82f4ea01b420a,YFI,0.4737161725461445
0x774b681d521dc347fc1ef449a134c88ed309cf62,AAVE,0.509887
0x774b681d521dc347fc1ef449a134c88ed309cf62,ADA,0.54843056
0x774b681d521dc347fc1ef449a134c88ed309cf62,ALGO,0.45412984
0x774b681d521dc347fc1ef449a134c88ed309cf62,APE,0.3963038
0x774b681d521dc347fc1ef449a134c88ed309cf62,APT,0.50226474
0x774b681d521dc347fc1ef449a134c88ed309cf62,ATOM,0.5248256
0x774b681d521dc347fc1ef449a134c88ed309cf62,AVAX,0.5504477
0x774b681d521dc347fc1ef449a134c88ed309cf62,AXS,0.42163032
0x774b681d521dc347fc1ef449a134c88ed309cf62,BAL,0.49809742
0x774b681d521dc347fc1ef449a134c88ed309cf62,BCH,0.57402706
0x774b681d521dc347fc1ef449a134c88ed309cf62,BLUR,0.46148524
0x774b681d521dc347fc1ef449a134c88ed309cf62,BNB,0.60100317
0x774b681d521dc347fc1ef449a134c88ed309cf62,BONK,0.51737845
0x774b681d521dc347fc1ef449a134c88ed309cf62,BTC,0.6028802
0x774b681d521dc347fc1ef449a134c88ed309cf62,C98,0.5049411
0x774b681d521dc347fc1ef449a134c88ed309cf62,CAKE,0.5382812
0x774b681d521dc347fc1ef449a134c88ed309cf62,COMP,0.5066682
0x774b681d521dc347fc1ef449a134c88ed309cf62,CRV,0.5411889
0x774b681d521dc347fc1ef449a134c88ed309cf62,CVX,0.5359527
0x774b681d521dc347fc1ef449a134c88ed309cf62,DAI,0.56942546
0x774b681d521dc347fc1ef449a134c88ed309cf62,DAO,0.4475802
0x774b681d521dc347fc1ef449a134c88ed309cf62,DOGE,0.5187241
0x774b681d521dc347fc1ef449a134c88ed309cf62,DOT,0.5550056
0x774b681d521dc347fc1ef449a134c88ed309cf62,DYDX,0.46759802
0x774b681d521dc347fc1ef449a134c88ed309cf62,EOS,0.5004686
0x774b681d521dc347fc1ef449a134c88ed309cf62,ETC,0.54959697
0x774b681d521dc347fc1ef449a134c88ed309cf62,ETH,0.57449895
0x774b681d521dc347fc1ef449a134c88ed309cf62,FET,0.45444176
0x774b681d521dc347fc1ef449a134c88ed309cf62,FIL,0.5151315
0x774b681d521dc347fc1ef449a134c88ed309cf62,FRAX,0.5583072
0x774b681d521dc347fc1ef449a134c88ed309cf62,FTM,0.502856
0x774b681d521dc347fc1ef449a134c88ed309cf62,FXS,0.48714763
0x774b681d521dc347fc1ef449a134c88ed309cf62,GRT,0.5406472
0x774b681d521dc347fc1ef449a134c88ed309cf62,HAI,0.5057501
0x774b681d521dc347fc1ef449a134c88ed309cf62,HERO,0.5356157
0x774b681d521dc347fc1ef449a134c88ed309cf62,ICP,0.54177004
0x774b681d521dc347fc1ef449a134c88ed309cf62,IMX,0.48418218
0x774b681d521dc347fc1ef449a134c88ed309cf62,INJ,0.52455676
0x774b681d521dc347fc1ef449a134c88ed309cf62,LDO,0.4651743
0x774b681d521dc347fc1ef449a134c88ed309cf62,LINK,0.5388163
0x774b681d521dc347fc1ef449a134c88ed309cf62,LTC,0.5503983
0x774b681d521dc347fc1ef449a134c88ed309cf62,MATIC,0.5453573
0x774b681d521dc347fc1ef449a134c88ed309cf62,MAV,0.5123001
0x774b681d521dc347fc1ef449a134c88ed309cf62,MBOX,0.47583133
0x774b681d521dc347fc1ef449a134c88ed309cf62,MKR,0.57602394
0x774b681d521dc347fc1ef449a134c88ed309cf62,MOON,0.44599962
0x774b681d521dc347fc1ef449a134c88ed309cf62,NEAR,0.5169524
0x774b681d521dc347fc1ef449a134c88ed309cf62,OP,0.49541247
0x774b681d521dc347fc1ef449a134c88ed309cf62,PENDLE,0.48888308
0x774b681d521dc347fc1ef449a134c88ed309cf62,PEPE,0.5193534
0x774b681d521dc347fc1ef449a134c88ed309cf62,PERP,0.48431456
0x774b681d521dc347fc1ef449a134c88ed309cf62,PIT,0.5303025
0x774b681d521dc347fc1ef449a134c88ed309cf62,POLS,0.5194455
0x774b681d521dc347fc1ef449a134c88ed309cf62,PYTH,0.49061486
0x774b681d521dc347fc1ef449a134c88ed309cf62,QUACK,0.5630583
0x774b681d521dc347fc1ef449a134c88ed309cf62,RDNT,0.4877036
0x774b681d521dc347fc1ef449a134c88ed309cf62,RNDR,0.5003523
0x774b681d521dc347fc1ef449a134c88ed309cf62,RPL,0.50442314
0x774b681d521dc347fc1ef449a134c88ed309cf62,RUNE,0.49367207
0x774b681d521dc347fc1ef449a134c88ed309cf62,SFP,0.5353456
0x774b681d521dc347fc1ef449a134c88ed309cf62,SFUND,0.41450715
0x774b681d521dc347fc1ef449a134c88ed309cf62,SHIB,0.53643167
0x774b681d521dc347fc1ef449a134c88ed309cf62,SOL,0.57554203
0x774b681d521dc347fc1ef449a134c88ed309cf62,STG,0.45669687
0x774b681d521dc347fc1ef449a134c88ed309cf62,SUI,0.535622
0x774b681d521dc347fc1ef449a134c88ed309cf62,SUSHI,0.51359487
0x774b681d521dc347fc1ef449a134c88ed309cf62,TIA,0.49646276
0x774b681d521dc347fc1ef449a134c88ed309cf62,TOKEN,0.4265479
0x774b681d521dc347fc1ef449a134c88ed309cf62,TRX,0.5521902
0x774b681d521dc347fc1ef449a134c88ed309cf62,UNI,0.5699321
0x774b681d521dc347fc1ef449a134c88ed309cf62,USDT,0.56550336
0x774b681d521dc347fc1ef449a134c88ed309cf62,XLM,0.5418073
0x774b681d521dc347fc1ef449a134c88ed309cf62,XMR,0.57378674
0x774b681d521dc347fc1ef449a134c88ed309cf62,XRP,0.5571641
0x774b681d521dc347fc1ef449a134c88ed309cf62,XTZ,0.542103
0x774b681d521dc347fc1ef449a134c88ed309cf62,XVS,0.5358355
0x774b681d521dc347fc1ef449a134c88ed309cf62,YFI,0.57874215
0x7824282944b7cc7b8ef86ed9adbe21f49b247f97,AAVE,0.50312626
0x7824282944b7cc7b8ef86ed9adbe21f49b247f97,ADA,0.53206754
0x7824282944b7cc7b8ef86ed9adbe21f49b247f97,ALGO,0.4606194
0x7824282944b7cc7b8ef86ed9adbe21f49b247f97,APE,0.40902618
0x7824282944b7cc7b8ef86ed9adbe21f49b247f97,APT,0.49971858
0x7824282944b7cc7b8ef86ed9adbe21f49b247f97,ATOM,0.5295225
0x7824282944b7cc7b8ef86ed9adbe21f49b247f97,AVAX,0.53477824
0x7824282944b7cc7b8ef86ed9adbe21f49b247f97,AXS,0.44376123
0x7824282944b7cc7b8ef86ed9adbe21f49b247f97,BAL,0.5033163
0x7824282944b7cc7b8ef86ed9adbe21f49b247f97,BCH,0.55066717
0x7824282944b7cc7b8ef86ed9adbe21f49b247f97,BLUR,0.47019383
0x7824282944b7cc7b8ef86ed9adbe21f49b247f97,BNB,0.5709873
0x7824282944b7cc7b8ef86ed9adbe21f49b247f97,BONK,0.51779205
0x7824282944b7cc7b8ef86ed9adbe21f49b247f97,BTC,0.5693726
0x7824282944b7cc7b8ef86ed9adbe21f49b247f97,C98,0.49847305
0x7824282944b7cc7b8ef86ed9adbe21f49b247f97,CAKE,0.5287765
0x7824282944b7cc7b8ef86ed9adbe21f49b247f97,COMP,0.5126697
0x7824282944b7cc7b8ef86ed9adbe21f49b247f97,CRV,0.5228187
0x7824282944b7cc7b8ef86ed9adbe21f49b247f97,CVX,0.5349268
0x7824282944b7cc7b8ef86ed9adbe21f49b247f97,DAI,0.56739384
0x7824282944b7cc7b8ef86ed9adbe21f49b247f97,DAO,0.4716893
0x7824282944b7cc7b8ef86ed9adbe21f49b247f97,DOGE,0.5319533
0x7824282944b7cc7b8ef86ed9adbe21f49b247f97,DOT,0.53865707
0x7824282944b7cc7b8ef86ed9adbe21f49b247f97,DYDX,0.4683572
0x7824282944b7cc7b8ef86ed9adbe21f49b247f97,EOS,0.4958579
0x7824282944b7cc7b8ef86ed9adbe21f49b247f97,ETC,0.5364121
0x7824282944b7cc7b8ef86ed9adbe21f49b247f97,ETH,0.5663542
0x7824282944b7cc7b8ef86ed9adbe21f49b247f97,FET,0.46707723
0x7824282944b7cc7b8ef86ed9adbe21f49b247f97,FIL,0.53013027
0x7824282944b7cc7b8ef86ed9adbe21f49b247f97,FRAX,0.5540316
0x7824282944b7cc7b8ef86ed9adbe21f49b247f97,FTM,0.51008034
0x7824282944b7cc7b8ef86ed9adbe21f49b247f97,FXS,0.49402994
0x7824282944b7cc7b8ef86ed9adbe21f49b247f97,GRT,0.5346854
0x7824282944b7cc7b8ef86ed9adbe21f49b247f97,HAI,0.49630418
0x7824282944b7cc7b8ef86ed9adbe21f49b247f97,HERO,0.5303597
0x7824282944b7cc7b8ef86ed9adbe21f49b247f97,ICP,0.5274024
0x7824282944b7cc7b8ef86ed9adbe21f49b247f97,IMX,0.4874346
0x7824282944b7cc7b8ef86ed9adbe21f49b247f97,INJ,0.50356555
0x7824282944b7cc7b8ef86ed9adbe21f49b247f97,LDO,0.46217814
0x7824282944b7cc7b8ef86ed9adbe21f49b247f97,LINK,0.5408139
0x7824282944b7cc7b8ef86ed9adbe21f49b247f97,LTC,0.5512375
0x7824282944b7cc7b8ef86ed9adbe21f49b247f97,MATIC,0.5300099
0x7824282944b7cc7b8ef86ed9adbe21f49b247f97,MAV,0.51084334
0x7824282944b7cc7b8ef86ed9adbe21f49b247f97,MBOX,0.47691253
0x7824282944b7cc7b8ef86ed9adbe21f49b247f97,MKR,0.5521873
0x7824282944b7cc7b8ef86ed9adbe21f49b247f97,MOON,0.4674626
0x7824282944b7cc7b8ef86ed9adbe21f49b247f97,NEAR,0.52115947
0x7824282944b7cc7b8ef86ed9adbe21f49b247f97,OP,0.50761455
0x7824282944b7cc7b8ef86ed9adbe21f49b247f97,PENDLE,0.50194365
0x7824282944b7cc7b8ef86ed9adbe21f49b247f97,PEPE,0.519879
0x7824282944b7cc7b8ef86ed9adbe21f49b247f97,PERP,0.4972072
0x7824282944b7cc7b8ef86ed9adbe21f49b247f97,PIT,0.52330697
0x7824282944b7cc7b8ef86ed9adbe21f49b247f97,POLS,0.51531214
0x7824282944b7cc7b8ef86ed9adbe21f49b247f97,PYTH,0.50387114
0x7824282944b7cc7b8ef86ed9adbe21f49b247f97,QUACK,0.52750885
0x7824282944b7cc7b8ef86ed9adbe21f49b247f97,RDNT,0.49071643
0x7824282944b7cc7b8ef86ed9adbe21f49b247f97,RNDR,0.5067688
0x7824282944b7cc7b8ef86ed9adbe21f49b247f97,RPL,0.51300853
0x7824282944b7cc7b8ef86ed9adbe21f49b247f97,RUNE,0.49358103
0x7824282944b7cc7b8ef86ed9adbe21f49b247f97,SFP,0.5223945
0x7824282944b7cc7b8ef86ed9adbe21f49b247f97,SFUND,0.43677452
0x7824282944b7cc7b8ef86ed9adbe21f49b247f97,SHIB,0.53154826
0x7824282944b7cc7b8ef86ed9adbe21f49b247f97,SOL,0.55337757
0x7824282944b7cc7b8ef86ed9adbe21f49b247f97,STG,0.47539914
0x7824282944b7cc7b8ef86ed9adbe21f49b247f97,SUI,0.53099585
0x7824282944b7cc7b8ef86ed9adbe21f49b247f97,SUSHI,0.5123248
0x7824282944b7cc7b8ef86ed9adbe21f49b247f97,TIA,0.49800622
0x7824282944b7cc7b8ef86ed9adbe21f49b247f97,TOKEN,0.43198878
0x7824282944b7cc7b8ef86ed9adbe21f49b247f97,TRX,0.5317291
0x7824282944b7cc7b8ef86ed9adbe21f49b247f97,UNI,0.5355994
0x7824282944b7cc7b8ef86ed9adbe21f49b247f97,USDT,0.53534
0x7824282944b7cc7b8ef86ed9adbe21f49b247f97,XLM,0.5205321
0x7824282944b7cc7b8ef86ed9adbe21f49b247f97,XMR,0.5602363
0x7824282944b7cc7b8ef86ed9adbe21f49b247f97,XRP,0.5393187
0x7824282944b7cc7b8ef86ed9adbe21f49b247f97,XTZ,0.5330673
0x7824282944b7cc7b8ef86ed9adbe21f49b247f97,XVS,0.52642006
0x7824282944b7cc7b8ef86ed9adbe21f49b247f97,YFI,0.5624082
0x7de5ac173e8ee69177f6243cf9c70608f6e1ad05,AAVE,0.51602656
0x7de5ac173e8ee69177f6243cf9c70608f6e1ad05,ADA,0.51200795
0x7de5ac173e8ee69177f6243cf9c70608f6e1ad05,ALGO,0.42597035
0x7de5ac173e8ee69177f6243cf9c70608f6e1ad05,APE,0.4015836
0x7de5ac173e8ee69177f6243cf9c70608f6e1ad05,APT,0.48394153
0x7de5ac173e8ee69177f6243cf9c70608f6e1ad05,ATOM,0.53928506
0x7de5ac173e8ee69177f6243cf9c70608f6e1ad05,AVAX,0.53920174
0x7de5ac173e8ee69177f6243cf9c70608f6e1ad05,AXS,0.4352654
0x7de5ac173e8ee69177f6243cf9c70608f6e1ad05,BAL,0.5205609
0x7de5ac173e8ee69177f6243cf9c70608f6e1ad05,BCH,0.5563033
0x7de5ac173e8ee69177f6243cf9c70608f6e1ad05,BLUR,0.45604506
0x7de5ac173e8ee69177f6243cf9c70608f6e1ad05,BNB,0.6368498
0x7de5ac173e8ee69177f6243cf9c70608f6e1ad05,BONK,0.53690374
0x7de5ac173e8ee69177f6243cf9c70608f6e1ad05,BTC,0.63800085
0x7de5ac173e8ee69177f6243cf9c70608f6e1ad05,C98,0.50258905
0x7de5ac173e8ee69177f6243cf9c70608f6e1ad05,CAKE,0.5585746
0x7de5ac173e8ee69177f6243cf9c70608f6e1ad05,COMP,0.557657
0x7de5ac173e8ee69177f6243cf9c70608f6e1ad05,CRV,0.48959103
0x7de5ac173e8ee69177f6243cf9c70608f6e1ad05,CVX,0.5254076
0x7de5ac173e8ee69177f6243cf9c70608f6e1ad05,DAI,0.63740814
0x7de5ac173e8ee69177f6243cf9c70608f6e1ad05,DAO,0.47669527
0x7de5ac173e8ee69177f6243cf9c70608f6e1ad05,DOGE,0.4730512
0x7de5ac173e8ee69177f6243cf9c70608f6e1ad05,DOT,0.56330323
0x7de5ac173e8ee69177f6243cf9c70608f6e1ad05,DYDX,0.44620788
0x7de5ac173e8ee69177f6243cf9c70608f6e1ad05,EOS,0.46295273
0x7de5ac173e8ee69177f6243cf9c70608f6e1ad05,ETC,0.54166335
0x7de5ac173e8ee69177f6243cf9c70608f6e1ad05,ETH,0.573437
0x7de5ac173e8ee69177f6243cf9c70608f6e1ad05,FET,0.4928804
0x7de5ac173e8ee69177f6243cf9c70608f6e1ad05,FIL,0.5116487
0x7de5ac173e8ee69177f6243cf9c70608f6e1ad05,FRAX,0.60572976
0x7de5ac173e8ee69177f6243cf9c70608f6e1ad05,FTM,0.6025468
0x7de5ac173e8ee69177f6243cf9c70608f6e1ad05,FXS,0.45062864
0x7de5ac173e8ee69177f6243cf9c70608f6e1ad05,GRT,0.5163144
0x7de5ac173e8ee69177f6243cf9c70608f6e1ad05,HAI,0.5360551
0x7de5ac173e8ee69177f6243cf9c70608f6e1ad05,HERO,0.5420716
0x7de5ac173e8ee69177f6243cf9c70608f6e1ad05,ICP,0.4704242
0x7de5ac173e8ee69177f6243cf9c70608f6e1ad05,IMX,0.50952536
0x7de5ac173e8ee69177f6243cf9c70608f6e1ad05,INJ,0.50170976
0x7de5ac173e8ee69177f6243cf9c70608f6e1ad05,LDO,0.4146453
0x7de5ac173e8ee69177f6243cf9c70608f6e1ad05,LINK,0.49351826
0x7de5ac173e8ee69177f6243cf9c70608f6e1ad05,LTC,0.5678487
0x7de5ac173e8ee69177f6243cf9c70608f6e1ad05,MATIC,0.5202575
0x7de5ac173e8ee69177f6243cf9c70608f6e1ad05,MAV,0.5267783
0x7de5ac173e8ee69177f6243cf9c70608f6e1ad05,MBOX,0.46184936
0x7de5ac173e8ee69177f6243cf9c70608f6e1ad05,MKR,0.51669306
0x7de5ac173e8ee69177f6243cf9c70608f6e1ad05,MOON,0.40304917
0x7de5ac173e8ee69177f6243cf9c70608f6e1ad05,NEAR,0.5321261
0x7de5ac173e8ee69177f6243cf9c70608f6e1ad05,OP,0.4857612
0x7de5ac173e8ee69177f6243cf9c70608f6e1ad05,PENDLE,0.47957346
0x7de5ac173e8ee69177f6243cf9c70608f6e1ad05,PEPE,0.4884566
0x7de5ac173e8ee69177f6243cf9c70608f6e1ad05,PERP,0.4998663
0x7de5ac173e8ee69177f6243cf9c70608f6e1ad05,PIT,0.526923
0x7de5ac173e8ee69177f6243cf9c70608f6e1ad05,POLS,0.5099001
0x7de5ac173e8ee69177f6243cf9c70608f6e1ad05,PYTH,0.49716204
0x7de5ac173e8ee69177f6243cf9c70608f6e1ad05,QUACK,0.5089488
0x7de5ac173e8ee69177f6243cf9c70608f6e1ad05,RDNT,0.4838079
0x7de5ac173e8ee69177f6243cf9c70608f6e1ad05,RNDR,0.4935773
0x7de5ac173e8ee69177f6243cf9c70608f6e1ad05,RPL,0.5443374
0x7de5ac173e8ee69177f6243cf9c70608f6e1ad05,RUNE,0.50454825
0x7de5ac173e8ee69177f6243cf9c70608f6e1ad05,SFP,0.4664044
0x7de5ac173e8ee69177f6243cf9c70608f6e1ad05,SFUND,0.35797566
0x7de5ac173e8ee69177f6243cf9c70608f6e1ad05,SHIB,0.5316096
0x7de5ac173e8ee69177f6243cf9c70608f6e1ad05,SOL,0.5628228
0x7de5ac173e8ee69177f6243cf9c70608f6e1ad05,STG,0.43990538
0x7de5ac173e8ee69177f6243cf9c70608f6e1ad05,SUI,0.5231994
0x7de5ac173e8ee69177f6243cf9c70608f6e1ad05,SUSHI,0.50953025
0x7de5ac173e8ee69177f6243cf9c70608f6e1ad05,TIA,0.47681707
0x7de5ac173e8ee69177f6243cf9c70608f6e1ad05,TOKEN,0.38857552
0x7de5ac173e8ee69177f6243cf9c70608f6e1ad05,TRX,0.58749026
0x7de5ac173e8ee69177f6243cf9c70608f6e1ad05,UNI,0.5718667
0x7de5ac173e8ee69177f6243cf9c70608f6e1ad05,USDT,0.6280416
0x7de5ac173e8ee69177f6243cf9c70608f6e1ad05,XLM,0.5101106
0x7de5ac173e8ee69177f6243cf9c70608f6e1ad05,XMR,0.535755
0x7de5ac173e8ee69177f6243cf9c70608f6e1ad05,XRP,0.56175154
0x7de5ac173e8ee69177f6243cf9c70608f6e1ad05,XTZ,0.5714362
0x7de5ac173e8ee69177f6243cf9c70608f6e1ad05,XVS,0.5090429
0x7de5ac173e8ee69177f6243cf9c70608f6e1ad05,YFI,0.58276564
0x81942befbb59f4461a32af5c4798f72f58f6797f,AAVE,0.5893497467041016
0x81942befbb59f4461a32af5c4798f72f58f6797f,ADA,0.4438552856445312
0x81942befbb59f4461a32af5c4798f72f58f6797f,ALGO,0.2957344055175781
0x81942befbb59f4461a32af5c4798f72f58f6797f,APE,0.1161479949951171
0x81942befbb59f4461a32af5c4798f72f58f6797f,APT,0.2799625396728515
0x81942befbb59f4461a32af5c4798f72f58f6797f,ATOM,0.3102359771728515
0x81942befbb59f4461a32af5c4798f72f58f6797f,AVAX,0.4158477783203125
0x81942befbb59f4461a32af5c4798f72f58f6797f,AXS,0.2976436614990234
0x81942befbb59f4461a32af5c4798f72f58f6797f,BAL,0.2275848388671875
0x81942befbb59f4461a32af5c4798f72f58f6797f,BCH,0.7932300567626953
0x81942befbb59f4461a32af5c4798f72f58f6797f,BLUR,0.042978286743164
0x81942befbb59f4461a32af5c4798f72f58f6797f,BNB,0.9805736541748048
0x81942befbb59f4461a32af5c4798f72f58f6797f,BONK,0.2968959808349609
0x81942befbb59f4461a32af5c4798f72f58f6797f,BTC,0.9593582153320312
0x81942befbb59f4461a32af5c4798f72f58f6797f,C98,0.3139457702636719
0x81942befbb59f4461a32af5c4798f72f58f6797f,CAKE,0.3272838592529297
0x81942befbb59f4461a32af5c4798f72f58f6797f,COMP,0.2407875061035156
0x81942befbb59f4461a32af5c4798f72f58f6797f,CRV,0.3258686065673828
0x81942befbb59f4461a32af5c4798f72f58f6797f,CVX,0.3429183959960937
0x81942befbb59f4461a32af5c4798f72f58f6797f,DAI,0.7587127685546875
0x81942befbb59f4461a32af5c4798f72f58f6797f,DAO,0.2125511169433593
0x81942befbb59f4461a32af5c4798f72f58f6797f,DOGE,0.4066944122314453
0x81942befbb59f4461a32af5c4798f72f58f6797f,DOT,0.4618072509765625
0x81942befbb59f4461a32af5c4798f72f58f6797f,DYDX,0.1161479949951171
0x81942befbb59f4461a32af5c4798f72f58f6797f,EOS,0.2799625396728515
0x81942befbb59f4461a32af5c4798f72f58f6797f,ETC,0.4066944122314453
0x81942befbb59f4461a32af5c4798f72f58f6797f,ETH,0.8033809661865234
0x81942befbb59f4461a32af5c4798f72f58f6797f,FET,0.2731380462646484
0x81942befbb59f4461a32af5c4798f72f58f6797f,FIL,0.3102359771728515
0x81942befbb59f4461a32af5c4798f72f58f6797f,FRAX,0.8355808258056641
0x81942befbb59f4461a32af5c4798f72f58f6797f,FTM,0.3224010467529297
0x81942befbb59f4461a32af5c4798f72f58f6797f,FXS,0.1514053344726562
0x81942befbb59f4461a32af5c4798f72f58f6797f,GRT,0.4135799407958984
0x81942befbb59f4461a32af5c4798f72f58f6797f,HAI,0.2959918975830078
0x81942befbb59f4461a32af5c4798f72f58f6797f,HERO,0.3907394409179687
0x81942befbb59f4461a32af5c4798f72f58f6797f,ICP,0.3126430511474609
0x81942befbb59f4461a32af5c4798f72f58f6797f,IMX,0.1943836212158203
0x81942befbb59f4461a32af5c4798f72f58f6797f,INJ,0.2413082122802734
0x81942befbb59f4461a32af5c4798f72f58f6797f,LDO,0.1327991485595703
0x81942befbb59f4461a32af5c4798f72f58f6797f,LINK,0.5711097717285156
0x81942befbb59f4461a32af5c4798f72f58f6797f,LTC,0.8537673950195312
0x81942befbb59f4461a32af5c4798f72f58f6797f,MATIC,0.4130821228027344
0x81942befbb59f4461a32af5c4798f72f58f6797f,MAV,0.1715297698974609
0x81942befbb59f4461a32af5c4798f72f58f6797f,MBOX,0.2644405364990234
0x81942befbb59f4461a32af5c4798f72f58f6797f,MKR,0.5568695068359375
0x81942befbb59f4461a32af5c4798f72f58f6797f,MOON,0.2413082122802734
0x81942befbb59f4461a32af5c4798f72f58f6797f,NEAR,0.3102359771728515
0x81942befbb59f4461a32af5c4798f72f58f6797f,OP,0.3696269989013672
0x81942befbb59f4461a32af5c4798f72f58f6797f,PENDLE,0.2413082122802734
0x81942befbb59f4461a32af5c4798f72f58f6797f,PEPE,0.3102359771728515
0x81942befbb59f4461a32af5c4798f72f58f6797f,PERP,0.2530136108398437
0x81942befbb59f4461a32af5c4798f72f58f6797f,PIT,0.360870361328125
0x81942befbb59f4461a32af5c4798f72f58f6797f,POLS,0.2959918975830078
0x81942befbb59f4461a32af5c4798f72f58f6797f,PYTH,0.1943836212158203
0x81942befbb59f4461a32af5c4798f72f58f6797f,QUACK,0.2810935974121094
0x81942befbb59f4461a32af5c4798f72f58f6797f,RDNT,0.3438987731933594
0x81942befbb59f4461a32af5c4798f72f58f6797f,RNDR,0.4158477783203125
0x81942befbb59f4461a32af5c4798f72f58f6797f,RPL,0.2058296203613281
0x81942befbb59f4461a32af5c4798f72f58f6797f,RUNE,0.2918434143066406
0x81942befbb59f4461a32af5c4798f72f58f6797f,SFP,0.5235404968261719
0x81942befbb59f4461a32af5c4798f72f58f6797f,SFUND,0.3293972015380859
0x81942befbb59f4461a32af5c4798f72f58f6797f,SHIB,0.3429183959960937
0x81942befbb59f4461a32af5c4798f72f58f6797f,SOL,0.930368423461914
0x81942befbb59f4461a32af5c4798f72f58f6797f,STG,0.4453449249267578
0x81942befbb59f4461a32af5c4798f72f58f6797f,SUI,0.343820571899414
0x81942befbb59f4461a32af5c4798f72f58f6797f,SUSHI,0.2918434143066406
0x81942befbb59f4461a32af5c4798f72f58f6797f,TIA,0.0
0x81942befbb59f4461a32af5c4798f72f58f6797f,TOKEN,0.0731697082519531
0x81942befbb59f4461a32af5c4798f72f58f6797f,TRX,1.0
0x81942befbb59f4461a32af5c4798f72f58f6797f,UNI,0.4158477783203125
0x81942befbb59f4461a32af5c4798f72f58f6797f,USDT,0.8990879058837891
0x81942befbb59f4461a32af5c4798f72f58f6797f,XLM,0.3866119384765625
0x81942befbb59f4461a32af5c4798f72f58f6797f,XMR,0.8814334869384766
0x81942befbb59f4461a32af5c4798f72f58f6797f,XRP,0.9269618988037108
0x81942befbb59f4461a32af5c4798f72f58f6797f,XTZ,0.3429183959960937
0x81942befbb59f4461a32af5c4798f72f58f6797f,XVS,0.4711380004882812
0x81942befbb59f4461a32af5c4798f72f58f6797f,YFI,0.5390052795410156
0x81fbfb07888fff733958210796af7cbe4368ae5f,AAVE,0.5076511495507339
0x81fbfb07888fff733958210796af7cbe4368ae5f,ADA,0.5339660123389521
0x81fbfb07888fff733958210796af7cbe4368ae5f,ALGO,0.4358170713534337
0x81fbfb07888fff733958210796af7cbe4368ae5f,APE,0.4036461061988214
0x81fbfb07888fff733958210796af7cbe4368ae5f,APT,0.4960648472419207
0x81fbfb07888fff733958210796af7cbe4368ae5f,ATOM,0.5251685973870337
0x81fbfb07888fff733958210796af7cbe4368ae5f,AVAX,0.5522311395363778
0x81fbfb07888fff733958210796af7cbe4368ae5f,AXS,0.4047909459376916
0x81fbfb07888fff733958210796af7cbe4368ae5f,BAL,0.5069443627340836
0x81fbfb07888fff733958210796af7cbe4368ae5f,BCH,0.579225868559358
0x81fbfb07888fff733958210796af7cbe4368ae5f,BLUR,0.4713600866638671
0x81fbfb07888fff733958210796af7cbe4368ae5f,BNB,0.5992769528371216
0x81fbfb07888fff733958210796af7cbe4368ae5f,BONK,0.5170984875254429
0x81fbfb07888fff733958210796af7cbe4368ae5f,BTC,0.5810582315397179
0x81fbfb07888fff733958210796af7cbe4368ae5f,C98,0.4935064007621168
0x81fbfb07888fff733958210796af7cbe4368ae5f,CAKE,0.5420201318363996
0x81fbfb07888fff733958210796af7cbe4368ae5f,COMP,0.5263422350104905
0x81fbfb07888fff733958210796af7cbe4368ae5f,CRV,0.5328848549760673
0x81fbfb07888fff733958210796af7cbe4368ae5f,CVX,0.5425100318353299
0x81fbfb07888fff733958210796af7cbe4368ae5f,DAI,0.5563484607322751
0x81fbfb07888fff733958210796af7cbe4368ae5f,DAO,0.4396968746776074
0x81fbfb07888fff733958210796af7cbe4368ae5f,DOGE,0.5337725095362958
0x81fbfb07888fff733958210796af7cbe4368ae5f,DOT,0.5669029665954667
0x81fbfb07888fff733958210796af7cbe4368ae5f,DYDX,0.4762447736285995
0x81fbfb07888fff733958210796af7cbe4368ae5f,EOS,0.4879026515962379
0x81fbfb07888fff733958210796af7cbe4368ae5f,ETC,0.5552184334908609
0x81fbfb07888fff733958210796af7cbe4368ae5f,ETH,0.5650087440772714
0x81fbfb07888fff733958210796af7cbe4368ae5f,FET,0.4488958821950636
0x81fbfb07888fff733958210796af7cbe4368ae5f,FIL,0.5324092351503287
0x81fbfb07888fff733958210796af7cbe4368ae5f,FRAX,0.5433863119594563
0x81fbfb07888fff733958210796af7cbe4368ae5f,FTM,0.5006604888301085
0x81fbfb07888fff733958210796af7cbe4368ae5f,FXS,0.4948155650800431
0x81fbfb07888fff733958210796af7cbe4368ae5f,GRT,0.5508421574327178
0x81fbfb07888fff733958210796af7cbe4368ae5f,HAI,0.492098676052306
0x81fbfb07888fff733958210796af7cbe4368ae5f,HERO,0.5290986439533039
0x81fbfb07888fff733958210796af7cbe4368ae5f,ICP,0.5483538171179242
0x81fbfb07888fff733958210796af7cbe4368ae5f,IMX,0.4905117184270469
0x81fbfb07888fff733958210796af7cbe4368ae5f,INJ,0.531638024609711
0x81fbfb07888fff733958210796af7cbe4368ae5f,LDO,0.4695569800217465
0x81fbfb07888fff733958210796af7cbe4368ae5f,LINK,0.5404482065998952
0x81fbfb07888fff733958210796af7cbe4368ae5f,LTC,0.5406437639147952
0x81fbfb07888fff733958210796af7cbe4368ae5f,MATIC,0.5451077411724509
0x81fbfb07888fff733958210796af7cbe4368ae5f,MAV,0.5066584013871525
0x81fbfb07888fff733958210796af7cbe4368ae5f,MBOX,0.475251844790594
0x81fbfb07888fff733958210796af7cbe4368ae5f,MKR,0.5687511473804018
0x81fbfb07888fff733958210796af7cbe4368ae5f,MOON,0.4341375964846559
0x81fbfb07888fff733958210796af7cbe4368ae5f,NEAR,0.5318907271554503
0x81fbfb07888fff733958210796af7cbe4368ae5f,OP,0.4933119485723181
0x81fbfb07888fff733958210796af7cbe4368ae5f,PENDLE,0.4951070580535127
0x81fbfb07888fff733958210796af7cbe4368ae5f,PEPE,0.5241953994057477
0x81fbfb07888fff733958210796af7cbe4368ae5f,PERP,0.4943939080505043
0x81fbfb07888fff733958210796af7cbe4368ae5f,PIT,0.5303142615266327
0x81fbfb07888fff733958210796af7cbe4368ae5f,POLS,0.5062803481815183
0x81fbfb07888fff733958210796af7cbe4368ae5f,PYTH,0.5051951250155562
0x81fbfb07888fff733958210796af7cbe4368ae5f,QUACK,0.5849064829969447
0x81fbfb07888fff733958210796af7cbe4368ae5f,RDNT,0.4759215646637015
0x81fbfb07888fff733958210796af7cbe4368ae5f,RNDR,0.5102570816257521
0x81fbfb07888fff733958210796af7cbe4368ae5f,RPL,0.5083880105245489
0x81fbfb07888fff733958210796af7cbe4368ae5f,RUNE,0.4884784897527578
0x81fbfb07888fff733958210796af7cbe4368ae5f,SFP,0.5321684756413209
0x81fbfb07888fff733958210796af7cbe4368ae5f,SFUND,0.4178981489294217
0x81fbfb07888fff733958210796af7cbe4368ae5f,SHIB,0.5405938962765822
0x81fbfb07888fff733958210796af7cbe4368ae5f,SOL,0.5664031072561062
0x81fbfb07888fff733958210796af7cbe4368ae5f,STG,0.4653806996694222
0x81fbfb07888fff733958210796af7cbe4368ae5f,SUI,0.5409375750597101
0x81fbfb07888fff733958210796af7cbe4368ae5f,SUSHI,0.5126730352586288
0x81fbfb07888fff733958210796af7cbe4368ae5f,TIA,0.5002180344873377
0x81fbfb07888fff733958210796af7cbe4368ae5f,TOKEN,0.409756184328234
0x81fbfb07888fff733958210796af7cbe4368ae5f,TRX,0.5332959036971158
0x81fbfb07888fff733958210796af7cbe4368ae5f,UNI,0.5603554867967027
0x81fbfb07888fff733958210796af7cbe4368ae5f,USDT,0.5511861571087572
0x81fbfb07888fff733958210796af7cbe4368ae5f,XLM,0.5239678368823834
0x81fbfb07888fff733958210796af7cbe4368ae5f,XMR,0.5860940810877537
0x81fbfb07888fff733958210796af7cbe4368ae5f,XRP,0.5664881393773108
0x81fbfb07888fff733958210796af7cbe4368ae5f,XTZ,0.5563177867603247
0x81fbfb07888fff733958210796af7cbe4368ae5f,XVS,0.5341633062594899
0x81fbfb07888fff733958210796af7cbe4368ae5f,YFI,0.5873861934838581
0x8a8e1c4e454e092fc19c6cca2034bd22b29781e7,AAVE,0.5379585
0x8a8e1c4e454e092fc19c6cca2034bd22b29781e7,ADA,0.5547724
0x8a8e1c4e454e092fc19c6cca2034bd22b29781e7,ALGO,0.5555618
0x8a8e1c4e454e092fc19c6cca2034bd22b29781e7,APE,0.5430847
0x8a8e1c4e454e092fc19c6cca2034bd22b29781e7,APT,0.546916
0x8a8e1c4e454e092fc19c6cca2034bd22b29781e7,ATOM,0.541395
0x8a8e1c4e454e092fc19c6cca2034bd22b29781e7,AVAX,0.5456048
0x8a8e1c4e454e092fc19c6cca2034bd22b29781e7,AXS,0.5386394
0x8a8e1c4e454e092fc19c6cca2034bd22b29781e7,BAL,0.53829134
0x8a8e1c4e454e092fc19c6cca2034bd22b29781e7,BCH,0.54368496
0x8a8e1c4e454e092fc19c6cca2034bd22b29781e7,BLUR,0.5419327
0x8a8e1c4e454e092fc19c6cca2034bd22b29781e7,BNB,0.549047
0x8a8e1c4e454e092fc19c6cca2034bd22b29781e7,BONK,0.5472789
0x8a8e1c4e454e092fc19c6cca2034bd22b29781e7,BTC,0.5519525
0x8a8e1c4e454e092fc19c6cca2034bd22b29781e7,C98,0.5451063
0x8a8e1c4e454e092fc19c6cca2034bd22b29781e7,CAKE,0.54892355
0x8a8e1c4e454e092fc19c6cca2034bd22b29781e7,COMP,0.54105324
0x8a8e1c4e454e092fc19c6cca2034bd22b29781e7,CRV,0.54689825
0x8a8e1c4e454e092fc19c6cca2034bd22b29781e7,CVX,0.5448107
0x8a8e1c4e454e092fc19c6cca2034bd22b29781e7,DAI,0.5447517
0x8a8e1c4e454e092fc19c6cca2034bd22b29781e7,DAO,0.53572094
0x8a8e1c4e454e092fc19c6cca2034bd22b29781e7,DOGE,0.5495042
0x8a8e1c4e454e092fc19c6cca2034bd22b29781e7,DOT,0.5412159
0x8a8e1c4e454e092fc19c6cca2034bd22b29781e7,DYDX,0.54005724
0x8a8e1c4e454e092fc19c6cca2034bd22b29781e7,EOS,0.54628825
0x8a8e1c4e454e092fc19c6cca2034bd22b29781e7,ETC,0.54642177
0x8a8e1c4e454e092fc19c6cca2034bd22b29781e7,ETH,0.5486943
0x8a8e1c4e454e092fc19c6cca2034bd22b29781e7,FET,0.542171
0x8a8e1c4e454e092fc19c6cca2034bd22b29781e7,FIL,0.5450492
0x8a8e1c4e454e092fc19c6cca2034bd22b29781e7,FRAX,0.5499185
0x8a8e1c4e454e092fc19c6cca2034bd22b29781e7,FTM,0.55570275
0x8a8e1c4e454e092fc19c6cca2034bd22b29781e7,FXS,0.55033976
0x8a8e1c4e454e092fc19c6cca2034bd22b29781e7,GRT,0.5440308
0x8a8e1c4e454e092fc19c6cca2034bd22b29781e7,HAI,0.5436481
0x8a8e1c4e454e092fc19c6cca2034bd22b29781e7,HERO,0.54031146
0x8a8e1c4e454e092fc19c6cca2034bd22b29781e7,ICP,0.53833234
0x8a8e1c4e454e092fc19c6cca2034bd22b29781e7,IMX,0.53940845
0x8a8e1c4e454e092fc19c6cca2034bd22b29781e7,INJ,0.5450545
0x8a8e1c4e454e092fc19c6cca2034bd22b29781e7,LDO,0.5403794
0x8a8e1c4e454e092fc19c6cca2034bd22b29781e7,LINK,0.5456095
0x8a8e1c4e454e092fc19c6cca2034bd22b29781e7,LTC,0.54923004
0x8a8e1c4e454e092fc19c6cca2034bd22b29781e7,MATIC,0.5418463
0x8a8e1c4e454e092fc19c6cca2034bd22b29781e7,MAV,0.54001224
0x8a8e1c4e454e092fc19c6cca2034bd22b29781e7,MBOX,0.5412453
0x8a8e1c4e454e092fc19c6cca2034bd22b29781e7,MKR,0.5533407
0x8a8e1c4e454e092fc19c6cca2034bd22b29781e7,MOON,0.54739976
0x8a8e1c4e454e092fc19c6cca2034bd22b29781e7,NEAR,0.5469873
0x8a8e1c4e454e092fc19c6cca2034bd22b29781e7,OP,0.55000174
0x8a8e1c4e454e092fc19c6cca2034bd22b29781e7,PENDLE,0.53906596
0x8a8e1c4e454e092fc19c6cca2034bd22b29781e7,PEPE,0.5367511
0x8a8e1c4e454e092fc19c6cca2034bd22b29781e7,PERP,0.5380219
0x8a8e1c4e454e092fc19c6cca2034bd22b29781e7,PIT,0.54386336
0x8a8e1c4e454e092fc19c6cca2034bd22b29781e7,POLS,0.5400896
0x8a8e1c4e454e092fc19c6cca2034bd22b29781e7,PYTH,0.54034954
0x8a8e1c4e454e092fc19c6cca2034bd22b29781e7,QUACK,0.55015767
0x8a8e1c4e454e092fc19c6cca2034bd22b29781e7,RDNT,0.5471402
0x8a8e1c4e454e092fc19c6cca2034bd22b29781e7,RNDR,0.54041946
0x8a8e1c4e454e092fc19c6cca2034bd22b29781e7,RPL,0.5421374
0x8a8e1c4e454e092fc19c6cca2034bd22b29781e7,RUNE,0.53867394
0x8a8e1c4e454e092fc19c6cca2034bd22b29781e7,SFP,0.54159826
0x8a8e1c4e454e092fc19c6cca2034bd22b29781e7,SFUND,0.5407283
0x8a8e1c4e454e092fc19c6cca2034bd22b29781e7,SHIB,0.5443397
0x8a8e1c4e454e092fc19c6cca2034bd22b29781e7,SOL,0.5591068
0x8a8e1c4e454e092fc19c6cca2034bd22b29781e7,STG,0.5391598
0x8a8e1c4e454e092fc19c6cca2034bd22b29781e7,SUI,0.5530251
0x8a8e1c4e454e092fc19c6cca2034bd22b29781e7,SUSHI,0.53643227
0x8a8e1c4e454e092fc19c6cca2034bd22b29781e7,TIA,0.54593456
0x8a8e1c4e454e092fc19c6cca2034bd22b29781e7,TOKEN,0.5392523
0x8a8e1c4e454e092fc19c6cca2034bd22b29781e7,TRX,0.54889256
0x8a8e1c4e454e092fc19c6cca2034bd22b29781e7,UNI,0.5473176
0x8a8e1c4e454e092fc19c6cca2034bd22b29781e7,USDT,0.54934806
0x8a8e1c4e454e092fc19c6cca2034bd22b29781e7,XLM,0.5424347
0x8a8e1c4e454e092fc19c6cca2034bd22b29781e7,XMR,0.5547571
0x8a8e1c4e454e092fc19c6cca2034bd22b29781e7,XRP,0.55882233
0x8a8e1c4e454e092fc19c6cca2034bd22b29781e7,XTZ,0.545493
0x8a8e1c4e454e092fc19c6cca2034bd22b29781e7,XVS,0.53900373
0x8a8e1c4e454e092fc19c6cca2034bd22b29781e7,YFI,0.5396255
0x904d35c124326ce0741d7b6c63b66a12fbeabcc5,AAVE,0.593182384967804
0x904d35c124326ce0741d7b6c63b66a12fbeabcc5,ADA,0.5020177364349365
0x904d35c124326ce0741d7b6c63b66a12fbeabcc5,ALGO,0.1303735375404358
0x904d35c124326ce0741d7b6c63b66a12fbeabcc5,APE,0.1286402344703674
0x904d35c124326ce0741d7b6c63b66a12fbeabcc5,APT,0.2690569162368774
0x904d35c124326ce0741d7b6c63b66a12fbeabcc5,ATOM,0.351054847240448
0x904d35c124326ce0741d7b6c63b66a12fbeabcc5,AVAX,0.4040119051933288
0x904d35c124326ce0741d7b6c63b66a12fbeabcc5,AXS,0.1826086938381195
0x904d35c124326ce0741d7b6c63b66a12fbeabcc5,BAL,0.139630377292633
0x904d35c124326ce0741d7b6c63b66a12fbeabcc5,BCH,0.7165507078170776
0x904d35c124326ce0741d7b6c63b66a12fbeabcc5,BLUR,0.0186195466667413
0x904d35c124326ce0741d7b6c63b66a12fbeabcc5,BNB,0.8356131911277771
0x904d35c124326ce0741d7b6c63b66a12fbeabcc5,BONK,0.2228942960500717
0x904d35c124326ce0741d7b6c63b66a12fbeabcc5,BTC,0.8130225539207458
0x904d35c124326ce0741d7b6c63b66a12fbeabcc5,C98,0.3022696077823639
0x904d35c124326ce0741d7b6c63b66a12fbeabcc5,CAKE,0.3452340960502624
0x904d35c124326ce0741d7b6c63b66a12fbeabcc5,COMP,0.096110388636589
0x904d35c124326ce0741d7b6c63b66a12fbeabcc5,CRV,0.4311101138591766
0x904d35c124326ce0741d7b6c63b66a12fbeabcc5,CVX,0.3874236941337585
0x904d35c124326ce0741d7b6c63b66a12fbeabcc5,DAI,0.7883213758468628
0x904d35c124326ce0741d7b6c63b66a12fbeabcc5,DAO,0.1540642529726028
0x904d35c124326ce0741d7b6c63b66a12fbeabcc5,DOGE,0.3619281649589538
0x904d35c124326ce0741d7b6c63b66a12fbeabcc5,DOT,0.4561679065227508
0x904d35c124326ce0741d7b6c63b66a12fbeabcc5,DYDX,0.0252270810306072
0x904d35c124326ce0741d7b6c63b66a12fbeabcc5,EOS,0.2433301210403442
0x904d35c124326ce0741d7b6c63b66a12fbeabcc5,ETC,0.5422427654266357
0x904d35c124326ce0741d7b6c63b66a12fbeabcc5,ETH,0.6461036801338196
0x904d35c124326ce0741d7b6c63b66a12fbeabcc5,FET,0.2470680475234985
0x904d35c124326ce0741d7b6c63b66a12fbeabcc5,FIL,0.3257657587528229
0x904d35c124326ce0741d7b6c63b66a12fbeabcc5,FRAX,0.804345965385437
0x904d35c124326ce0741d7b6c63b66a12fbeabcc5,FTM,0.4284355342388153
0x904d35c124326ce0741d7b6c63b66a12fbeabcc5,FXS,0.1109715029597282
0x904d35c124326ce0741d7b6c63b66a12fbeabcc5,GRT,0.4564130008220672
0x904d35c124326ce0741d7b6c63b66a12fbeabcc5,HAI,0.2671200037002563
0x904d35c124326ce0741d7b6c63b66a12fbeabcc5,HERO,0.2822500765323639
0x904d35c124326ce0741d7b6c63b66a12fbeabcc5,ICP,0.3660370707511902
0x904d35c124326ce0741d7b6c63b66a12fbeabcc5,IMX,0.1336074471473693
0x904d35c124326ce0741d7b6c63b66a12fbeabcc5,INJ,0.104898028075695
0x904d35c124326ce0741d7b6c63b66a12fbeabcc5,LDO,0.0334606319665908
0x904d35c124326ce0741d7b6c63b66a12fbeabcc5,LINK,0.4597251117229461
0x904d35c124326ce0741d7b6c63b66a12fbeabcc5,LTC,0.6266077160835266
0x904d35c124326ce0741d7b6c63b66a12fbeabcc5,MATIC,0.4463269412517547
0x904d35c124326ce0741d7b6c63b66a12fbeabcc5,MAV,0.0604791939258575
0x904d35c124326ce0741d7b6c63b66a12fbeabcc5,MBOX,0.1786032617092132
0x904d35c124326ce0741d7b6c63b66a12fbeabcc5,MKR,0.5084493160247803
0x904d35c124326ce0741d7b6c63b66a12fbeabcc5,MOON,0.0675444900989532
0x904d35c124326ce0741d7b6c63b66a12fbeabcc5,NEAR,0.2942940294742584
0x904d35c124326ce0741d7b6c63b66a12fbeabcc5,OP,0.2670580148696899
0x904d35c124326ce0741d7b6c63b66a12fbeabcc5,PENDLE,0.1380000710487365
0x904d35c124326ce0741d7b6c63b66a12fbeabcc5,PEPE,0.300950676202774
0x904d35c124326ce0741d7b6c63b66a12fbeabcc5,PERP,0.3120619356632232
0x904d35c124326ce0741d7b6c63b66a12fbeabcc5,PIT,0.3570563197135925
0x904d35c124326ce0741d7b6c63b66a12fbeabcc5,POLS,0.2743183374404907
0x904d35c124326ce0741d7b6c63b66a12fbeabcc5,PYTH,0.0863194912672042
0x904d35c124326ce0741d7b6c63b66a12fbeabcc5,QUACK,0.2065855115652084
0x904d35c124326ce0741d7b6c63b66a12fbeabcc5,RDNT,0.2913495600223541
0x904d35c124326ce0741d7b6c63b66a12fbeabcc5,RNDR,0.4748666286468506
0x904d35c124326ce0741d7b6c63b66a12fbeabcc5,RPL,0.2285977452993393
0x904d35c124326ce0741d7b6c63b66a12fbeabcc5,RUNE,0.1667924672365188
0x904d35c124326ce0741d7b6c63b66a12fbeabcc5,SFP,0.3304688036441803
0x904d35c124326ce0741d7b6c63b66a12fbeabcc5,SFUND,0.2455483675003051
0x904d35c124326ce0741d7b6c63b66a12fbeabcc5,SHIB,0.3968850970268249
0x904d35c124326ce0741d7b6c63b66a12fbeabcc5,SOL,0.8439759612083435
0x904d35c124326ce0741d7b6c63b66a12fbeabcc5,STG,0.34303680062294
0x904d35c124326ce0741d7b6c63b66a12fbeabcc5,SUI,0.3332568705081939
0x904d35c124326ce0741d7b6c63b66a12fbeabcc5,SUSHI,0.2281151860952377
0x904d35c124326ce0741d7b6c63b66a12fbeabcc5,TIA,0.0505991205573082
0x904d35c124326ce0741d7b6c63b66a12fbeabcc5,TOKEN,0.0
0x904d35c124326ce0741d7b6c63b66a12fbeabcc5,TRX,1.0
0x904d35c124326ce0741d7b6c63b66a12fbeabcc5,UNI,0.4436223208904266
0x904d35c124326ce0741d7b6c63b66a12fbeabcc5,USDT,0.836540162563324
0x904d35c124326ce0741d7b6c63b66a12fbeabcc5,XLM,0.5284764766693115
0x904d35c124326ce0741d7b6c63b66a12fbeabcc5,XMR,0.7722176313400269
0x904d35c124326ce0741d7b6c63b66a12fbeabcc5,XRP,0.6252086758613586
0x904d35c124326ce0741d7b6c63b66a12fbeabcc5,XTZ,0.3877713084220886
0x904d35c124326ce0741d7b6c63b66a12fbeabcc5,XVS,0.4135958850383758
0x904d35c124326ce0741d7b6c63b66a12fbeabcc5,YFI,0.3902847170829773
0x95129c9fe9aff2c537db3633906a56c29ff9ea06,AAVE,0.687417250121668
0x95129c9fe9aff2c537db3633906a56c29ff9ea06,ADA,0.6239259614900328
0x95129c9fe9aff2c537db3633906a56c29ff9ea06,ALGO,0.5153892943495091
0x95129c9fe9aff2c537db3633906a56c29ff9ea06,APE,0.1136042245390549
0x95129c9fe9aff2c537db3633906a56c29ff9ea06,APT,0.4606770551608237
0x95129c9fe9aff2c537db3633906a56c29ff9ea06,ATOM,0.5800492513209136
0x95129c9fe9aff2c537db3633906a56c29ff9ea06,AVAX,0.6159041891040915
0x95129c9fe9aff2c537db3633906a56c29ff9ea06,AXS,0.2602592265760438
0x95129c9fe9aff2c537db3633906a56c29ff9ea06,BAL,0.4147673794488537
0x95129c9fe9aff2c537db3633906a56c29ff9ea06,BCH,0.9788414823318412
0x95129c9fe9aff2c537db3633906a56c29ff9ea06,BLUR,0.0371932409520888
0x95129c9fe9aff2c537db3633906a56c29ff9ea06,BNB,0.9785178886960678
0x95129c9fe9aff2c537db3633906a56c29ff9ea06,BONK,0.4184105645662883
0x95129c9fe9aff2c537db3633906a56c29ff9ea06,BTC,0.9376674257318632
0x95129c9fe9aff2c537db3633906a56c29ff9ea06,C98,0.4788362073204641
0x95129c9fe9aff2c537db3633906a56c29ff9ea06,CAKE,0.6349916240567937
0x95129c9fe9aff2c537db3633906a56c29ff9ea06,COMP,0.4668098370319508
0x95129c9fe9aff2c537db3633906a56c29ff9ea06,CRV,0.5988334774275706
0x95129c9fe9aff2c537db3633906a56c29ff9ea06,CVX,0.6083938842054536
0x95129c9fe9aff2c537db3633906a56c29ff9ea06,DAI,0.9327009280145722
0x95129c9fe9aff2c537db3633906a56c29ff9ea06,DAO,0.3416136706837219
0x95129c9fe9aff2c537db3633906a56c29ff9ea06,DOGE,0.6569192205023301
0x95129c9fe9aff2c537db3633906a56c29ff9ea06,DOT,0.5454188910376364
0x95129c9fe9aff2c537db3633906a56c29ff9ea06,DYDX,0.0
0x95129c9fe9aff2c537db3633906a56c29ff9ea06,EOS,0.4305692869764141
0x95129c9fe9aff2c537db3633906a56c29ff9ea06,ETC,0.7320575554405185
0x95129c9fe9aff2c537db3633906a56c29ff9ea06,ETH,0.8953130182810437
0x95129c9fe9aff2c537db3633906a56c29ff9ea06,FET,0.434179093490785
0x95129c9fe9aff2c537db3633906a56c29ff9ea06,FIL,0.5460331765433059
0x95129c9fe9aff2c537db3633906a56c29ff9ea06,FRAX,0.915982420205022
0x95129c9fe9aff2c537db3633906a56c29ff9ea06,FTM,0.4026223363055191
0x95129c9fe9aff2c537db3633906a56c29ff9ea06,FXS,0.251541957351086
0x95129c9fe9aff2c537db3633906a56c29ff9ea06,GRT,0.5431346024951101
0x95129c9fe9aff2c537db3633906a56c29ff9ea06,HAI,0.4608842707207364
0x95129c9fe9aff2c537db3633906a56c29ff9ea06,HERO,0.6043330791195082
0x95129c9fe9aff2c537db3633906a56c29ff9ea06,ICP,0.5373093210047079
0x95129c9fe9aff2c537db3633906a56c29ff9ea06,IMX,0.2362979195295524
0x95129c9fe9aff2c537db3633906a56c29ff9ea06,INJ,0.3586540733965679
0x95129c9fe9aff2c537db3633906a56c29ff9ea06,LDO,0.1274698601645147
0x95129c9fe9aff2c537db3633906a56c29ff9ea06,LINK,0.766825304438192
0x95129c9fe9aff2c537db3633906a56c29ff9ea06,LTC,0.934961911139602
0x95129c9fe9aff2c537db3633906a56c29ff9ea06,MATIC,0.533226283384936
0x95129c9fe9aff2c537db3633906a56c29ff9ea06,MAV,0.3334956069884066
0x95129c9fe9aff2c537db3633906a56c29ff9ea06,MBOX,0.3701679033141078
0x95129c9fe9aff2c537db3633906a56c29ff9ea06,MKR,0.7563007924736018
0x95129c9fe9aff2c537db3633906a56c29ff9ea06,MOON,0.411244983151256
0x95129c9fe9aff2c537db3633906a56c29ff9ea06,NEAR,0.558651003757179
0x95129c9fe9aff2c537db3633906a56c29ff9ea06,OP,0.507954150912413
0x95129c9fe9aff2c537db3633906a56c29ff9ea06,PENDLE,0.4401446247187033
0x95129c9fe9aff2c537db3633906a56c29ff9ea06,PEPE,0.5745733126743622
0x95129c9fe9aff2c537db3633906a56c29ff9ea06,PERP,0.4162237892284268
0x95129c9fe9aff2c537db3633906a56c29ff9ea06,PIT,0.6266827956845042
0x95129c9fe9aff2c537db3633906a56c29ff9ea06,POLS,0.4534818502355724
0x95129c9fe9aff2c537db3633906a56c29ff9ea06,PYTH,0.3200672459642437
0x95129c9fe9aff2c537db3633906a56c29ff9ea06,QUACK,0.3089338427146579
0x95129c9fe9aff2c537db3633906a56c29ff9ea06,RDNT,0.4115339762886748
0x95129c9fe9aff2c537db3633906a56c29ff9ea06,RNDR,0.5486957161841224
0x95129c9fe9aff2c537db3633906a56c29ff9ea06,RPL,0.3938261207238507
0x95129c9fe9aff2c537db3633906a56c29ff9ea06,RUNE,0.3942775365279636
0x95129c9fe9aff2c537db3633906a56c29ff9ea06,SFP,0.6826040555598769
0x95129c9fe9aff2c537db3633906a56c29ff9ea06,SFUND,0.3373411498869151
0x95129c9fe9aff2c537db3633906a56c29ff9ea06,SHIB,0.6562902722531719
0x95129c9fe9aff2c537db3633906a56c29ff9ea06,SOL,0.9500312179345618
0x95129c9fe9aff2c537db3633906a56c29ff9ea06,STG,0.605102753943369
0x95129c9fe9aff2c537db3633906a56c29ff9ea06,SUI,0.5624523498089522
0x95129c9fe9aff2c537db3633906a56c29ff9ea06,SUSHI,0.482177167068551
0x95129c9fe9aff2c537db3633906a56c29ff9ea06,TIA,0.1781295048075619
0x95129c9fe9aff2c537db3633906a56c29ff9ea06,TOKEN,0.0549154239842548
0x95129c9fe9aff2c537db3633906a56c29ff9ea06,TRX,1.0
0x95129c9fe9aff2c537db3633906a56c29ff9ea06,UNI,0.6546510252148524
0x95129c9fe9aff2c537db3633906a56c29ff9ea06,USDT,0.9842600217020524
0x95129c9fe9aff2c537db3633906a56c29ff9ea06,XLM,0.704410237336769
0x95129c9fe9aff2c537db3633906a56c29ff9ea06,XMR,0.8877898983830153
0x95129c9fe9aff2c537db3633906a56c29ff9ea06,XRP,0.9551267597154832
0x95129c9fe9aff2c537db3633906a56c29ff9ea06,XTZ,0.645479479162662
0x95129c9fe9aff2c537db3633906a56c29ff9ea06,XVS,0.6646804013657809
0x95129c9fe9aff2c537db3633906a56c29ff9ea06,YFI,0.6797491121142574
0x98e41d65e981a882afcb05d41939197da3465b6f,AAVE,0.5066873
0x98e41d65e981a882afcb05d41939197da3465b6f,ADA,0.5470121
0x98e41d65e981a882afcb05d41939197da3465b6f,ALGO,0.46231577
0x98e41d65e981a882afcb05d41939197da3465b6f,APE,0.398812
0x98e41d65e981a882afcb05d41939197da3465b6f,APT,0.49956477
0x98e41d65e981a882afcb05d41939197da3465b6f,ATOM,0.5026103
0x98e41d65e981a882afcb05d41939197da3465b6f,AVAX,0.5493386
0x98e41d65e981a882afcb05d41939197da3465b6f,AXS,0.434504
0x98e41d65e981a882afcb05d41939197da3465b6f,BAL,0.533395
0x98e41d65e981a882afcb05d41939197da3465b6f,BCH,0.57226855
0x98e41d65e981a882afcb05d41939197da3465b6f,BLUR,0.48461917
0x98e41d65e981a882afcb05d41939197da3465b6f,BNB,0.58899385
0x98e41d65e981a882afcb05d41939197da3465b6f,BONK,0.51712567
0x98e41d65e981a882afcb05d41939197da3465b6f,BTC,0.57882065
0x98e41d65e981a882afcb05d41939197da3465b6f,C98,0.5305045
0x98e41d65e981a882afcb05d41939197da3465b6f,CAKE,0.5256642
0x98e41d65e981a882afcb05d41939197da3465b6f,COMP,0.52011317
0x98e41d65e981a882afcb05d41939197da3465b6f,CRV,0.5260914
0x98e41d65e981a882afcb05d41939197da3465b6f,CVX,0.5323935
0x98e41d65e981a882afcb05d41939197da3465b6f,DAI,0.5875326
0x98e41d65e981a882afcb05d41939197da3465b6f,DAO,0.45942792
0x98e41d65e981a882afcb05d41939197da3465b6f,DOGE,0.5242887
0x98e41d65e981a882afcb05d41939197da3465b6f,DOT,0.54870814
0x98e41d65e981a882afcb05d41939197da3465b6f,DYDX,0.47537717
0x98e41d65e981a882afcb05d41939197da3465b6f,EOS,0.5176535
0x98e41d65e981a882afcb05d41939197da3465b6f,ETC,0.54024094
0x98e41d65e981a882afcb05d41939197da3465b6f,ETH,0.55315
0x98e41d65e981a882afcb05d41939197da3465b6f,FET,0.4863515
0x98e41d65e981a882afcb05d41939197da3465b6f,FIL,0.5217981
0x98e41d65e981a882afcb05d41939197da3465b6f,FRAX,0.56855506
0x98e41d65e981a882afcb05d41939197da3465b6f,FTM,0.50264627
0x98e41d65e981a882afcb05d41939197da3465b6f,FXS,0.5005461
0x98e41d65e981a882afcb05d41939197da3465b6f,GRT,0.5643822
0x98e41d65e981a882afcb05d41939197da3465b6f,HAI,0.47266096
0x98e41d65e981a882afcb05d41939197da3465b6f,HERO,0.5422552
0x98e41d65e981a882afcb05d41939197da3465b6f,ICP,0.5329182
0x98e41d65e981a882afcb05d41939197da3465b6f,IMX,0.49587142
0x98e41d65e981a882afcb05d41939197da3465b6f,INJ,0.52287763
0x98e41d65e981a882afcb05d41939197da3465b6f,LDO,0.47377783
0x98e41d65e981a882afcb05d41939197da3465b6f,LINK,0.540384
0x98e41d65e981a882afcb05d41939197da3465b6f,LTC,0.5439483
0x98e41d65e981a882afcb05d41939197da3465b6f,MATIC,0.56481725
0x98e41d65e981a882afcb05d41939197da3465b6f,MAV,0.5158533
0x98e41d65e981a882afcb05d41939197da3465b6f,MBOX,0.47445014
0x98e41d65e981a882afcb05d41939197da3465b6f,MKR,0.57566816
0x98e41d65e981a882afcb05d41939197da3465b6f,MOON,0.42795363
0x98e41d65e981a882afcb05d41939197da3465b6f,NEAR,0.5281501
0x98e41d65e981a882afcb05d41939197da3465b6f,OP,0.51969314
0x98e41d65e981a882afcb05d41939197da3465b6f,PENDLE,0.48255825
0x98e41d65e981a882afcb05d41939197da3465b6f,PEPE,0.5274608
0x98e41d65e981a882afcb05d41939197da3465b6f,PERP,0.500509
0x98e41d65e981a882afcb05d41939197da3465b6f,PIT,0.53183275
0x98e41d65e981a882afcb05d41939197da3465b6f,POLS,0.51642764
0x98e41d65e981a882afcb05d41939197da3465b6f,PYTH,0.49862683
0x98e41d65e981a882afcb05d41939197da3465b6f,QUACK,0.5290978
0x98e41d65e981a882afcb05d41939197da3465b6f,RDNT,0.49088818
0x98e41d65e981a882afcb05d41939197da3465b6f,RNDR,0.500029
0x98e41d65e981a882afcb05d41939197da3465b6f,RPL,0.5271864
0x98e41d65e981a882afcb05d41939197da3465b6f,RUNE,0.4985102
0x98e41d65e981a882afcb05d41939197da3465b6f,SFP,0.5280462
0x98e41d65e981a882afcb05d41939197da3465b6f,SFUND,0.44589287
0x98e41d65e981a882afcb05d41939197da3465b6f,SHIB,0.536579
0x98e41d65e981a882afcb05d41939197da3465b6f,SOL,0.571858
0x98e41d65e981a882afcb05d41939197da3465b6f,STG,0.48291805
0x98e41d65e981a882afcb05d41939197da3465b6f,SUI,0.54161733
0x98e41d65e981a882afcb05d41939197da3465b6f,SUSHI,0.52066785
0x98e41d65e981a882afcb05d41939197da3465b6f,TIA,0.5170084
0x98e41d65e981a882afcb05d41939197da3465b6f,TOKEN,0.43865868
0x98e41d65e981a882afcb05d41939197da3465b6f,TRX,0.53051424
0x98e41d65e981a882afcb05d41939197da3465b6f,UNI,0.55638725
0x98e41d65e981a882afcb05d41939197da3465b6f,USDT,0.5308145
0x98e41d65e981a882afcb05d41939197da3465b6f,XLM,0.5463402
0x98e41d65e981a882afcb05d41939197da3465b6f,XMR,0.5992062
0x98e41d65e981a882afcb05d41939197da3465b6f,XRP,0.54045963
0x98e41d65e981a882afcb05d41939197da3465b6f,XTZ,0.54363364
0x98e41d65e981a882afcb05d41939197da3465b6f,XVS,0.5486016
0x98e41d65e981a882afcb05d41939197da3465b6f,YFI,0.57981956
0x9977891dd3be0d14082c0ac6624b808a951fd567,AAVE,0.5361490249633789
0x9977891dd3be0d14082c0ac6624b808a951fd567,ADA,0.4807095527648926
0x9977891dd3be0d14082c0ac6624b808a951fd567,ALGO,0.4151999950408935
0x9977891dd3be0d14082c0ac6624b808a951fd567,APE,0.0784912109375
0x9977891dd3be0d14082c0ac6624b808a951fd567,APT,0.3377068042755127
0x9977891dd3be0d14082c0ac6624b808a951fd567,ATOM,0.4389882087707519
0x9977891dd3be0d14082c0ac6624b808a951fd567,AVAX,0.4885509014129638
0x9977891dd3be0d14082c0ac6624b808a951fd567,AXS,0.2472925186157226
0x9977891dd3be0d14082c0ac6624b808a951fd567,BAL,0.2396812438964843
0x9977891dd3be0d14082c0ac6624b808a951fd567,BCH,0.8901867866516113
0x9977891dd3be0d14082c0ac6624b808a951fd567,BLUR,0.0636186599731445
0x9977891dd3be0d14082c0ac6624b808a951fd567,BNB,0.801762580871582
0x9977891dd3be0d14082c0ac6624b808a951fd567,BONK,0.2863497734069824
0x9977891dd3be0d14082c0ac6624b808a951fd567,BTC,0.8850827217102051
0x9977891dd3be0d14082c0ac6624b808a951fd567,C98,0.34912109375
0x9977891dd3be0d14082c0ac6624b808a951fd567,CAKE,0.3905496597290039
0x9977891dd3be0d14082c0ac6624b808a951fd567,COMP,0.3158080577850342
0x9977891dd3be0d14082c0ac6624b808a951fd567,CRV,0.4414658546447754
0x9977891dd3be0d14082c0ac6624b808a951fd567,CVX,0.4517886638641357
0x9977891dd3be0d14082c0ac6624b808a951fd567,DAI,0.8348731994628906
0x9977891dd3be0d14082c0ac6624b808a951fd567,DAO,0.2711429595947265
0x9977891dd3be0d14082c0ac6624b808a951fd567,DOGE,0.4926416873931885
0x9977891dd3be0d14082c0ac6624b808a951fd567,DOT,0.4880774021148681
0x9977891dd3be0d14082c0ac6624b808a951fd567,DYDX,0.0111043453216552
0x9977891dd3be0d14082c0ac6624b808a951fd567,EOS,0.375622034072876
0x9977891dd3be0d14082c0ac6624b808a951fd567,ETC,0.4810192584991455
0x9977891dd3be0d14082c0ac6624b808a951fd567,ETH,1.0
0x9977891dd3be0d14082c0ac6624b808a951fd567,FET,0.2871484756469726
0x9977891dd3be0d14082c0ac6624b808a951fd567,FIL,0.418332576751709
0x9977891dd3be0d14082c0ac6624b808a951fd567,FRAX,0.8156051635742188
0x9977891dd3be0d14082c0ac6624b808a951fd567,FTM,0.208019733428955
0x9977891dd3be0d14082c0ac6624b808a951fd567,FXS,0.150364875793457
0x9977891dd3be0d14082c0ac6624b808a951fd567,GRT,0.3849444389343261
0x9977891dd3be0d14082c0ac6624b808a951fd567,HAI,0.4221246242523193
0x9977891dd3be0d14082c0ac6624b808a951fd567,HERO,0.4547543525695801
0x9977891dd3be0d14082c0ac6624b808a951fd567,ICP,0.3881111145019531
0x9977891dd3be0d14082c0ac6624b808a951fd567,IMX,0.1663155555725097
0x9977891dd3be0d14082c0ac6624b808a951fd567,INJ,0.2435817718505859
0x9977891dd3be0d14082c0ac6624b808a951fd567,LDO,0.046189546585083
0x9977891dd3be0d14082c0ac6624b808a951fd567,LINK,0.5938472747802734
0x9977891dd3be0d14082c0ac6624b808a951fd567,LTC,0.7690129280090332
0x9977891dd3be0d14082c0ac6624b808a951fd567,MATIC,0.4740757942199707
0x9977891dd3be0d14082c0ac6624b808a951fd567,MAV,0.1388027667999267
0x9977891dd3be0d14082c0ac6624b808a951fd567,MBOX,0.3426704406738281
0x9977891dd3be0d14082c0ac6624b808a951fd567,MKR,0.6517164707183838
0x9977891dd3be0d14082c0ac6624b808a951fd567,MOON,0.3607411384582519
0x9977891dd3be0d14082c0ac6624b808a951fd567,NEAR,0.3509855270385742
0x9977891dd3be0d14082c0ac6624b808a951fd567,OP,0.3285691738128662
0x9977891dd3be0d14082c0ac6624b808a951fd567,PENDLE,0.3559470176696777
0x9977891dd3be0d14082c0ac6624b808a951fd567,PEPE,0.3505866527557373
0x9977891dd3be0d14082c0ac6624b808a951fd567,PERP,0.3025519847869873
0x9977891dd3be0d14082c0ac6624b808a951fd567,PIT,0.4691669940948486
0x9977891dd3be0d14082c0ac6624b808a951fd567,POLS,0.3468949794769287
0x9977891dd3be0d14082c0ac6624b808a951fd567,PYTH,0.221712589263916
0x9977891dd3be0d14082c0ac6624b808a951fd567,QUACK,0.2715651988983154
0x9977891dd3be0d14082c0ac6624b808a951fd567,RDNT,0.3669285774230957
0x9977891dd3be0d14082c0ac6624b808a951fd567,RNDR,0.4734766483306885
0x9977891dd3be0d14082c0ac6624b808a951fd567,RPL,0.1670584678649902
0x9977891dd3be0d14082c0ac6624b808a951fd567,RUNE,0.2436513900756836
0x9977891dd3be0d14082c0ac6624b808a951fd567,SFP,0.5711910724639893
0x9977891dd3be0d14082c0ac6624b808a951fd567,SFUND,0.4398822784423828
0x9977891dd3be0d14082c0ac6624b808a951fd567,SHIB,0.4524526596069336
0x9977891dd3be0d14082c0ac6624b808a951fd567,SOL,0.930424690246582
0x9977891dd3be0d14082c0ac6624b808a951fd567,STG,0.6046059131622314
0x9977891dd3be0d14082c0ac6624b808a951fd567,SUI,0.4356381893157959
0x9977891dd3be0d14082c0ac6624b808a951fd567,SUSHI,0.297605037689209
0x9977891dd3be0d14082c0ac6624b808a951fd567,TIA,0.0300252437591552
0x9977891dd3be0d14082c0ac6624b808a951fd567,TOKEN,0.0
0x9977891dd3be0d14082c0ac6624b808a951fd567,TRX,0.9396255016326904
0x9977891dd3be0d14082c0ac6624b808a951fd567,UNI,0.5474159717559814
0x9977891dd3be0d14082c0ac6624b808a951fd567,USDT,0.9092814922332764
0x9977891dd3be0d14082c0ac6624b808a951fd567,XLM,0.5253784656524658
0x9977891dd3be0d14082c0ac6624b808a951fd567,XMR,0.9399564266204834
0x9977891dd3be0d14082c0ac6624b808a951fd567,XRP,0.8648099899291992
0x9977891dd3be0d14082c0ac6624b808a951fd567,XTZ,0.4650130271911621
0x9977891dd3be0d14082c0ac6624b808a951fd567,XVS,0.533435583114624
0x9977891dd3be0d14082c0ac6624b808a951fd567,YFI,0.6011278629302979
0xa16107f011f2553fc45f714d1c5e84d703309297,AAVE,0.5
0xa16107f011f2553fc45f714d1c5e84d703309297,ADA,0.5
0xa16107f011f2553fc45f714d1c5e84d703309297,ALGO,0.5
0xa16107f011f2553fc45f714d1c5e84d703309297,APE,0.0526315789473684
0xa16107f011f2553fc45f714d1c5e84d703309297,APT,0.5
0xa16107f011f2553fc45f714d1c5e84d703309297,ATOM,0.5
0xa16107f011f2553fc45f714d1c5e84d703309297,AVAX,0.5
0xa16107f011f2553fc45f714d1c5e84d703309297,AXS,0.0263157894736842
0xa16107f011f2553fc45f714d1c5e84d703309297,BAL,0.5
0xa16107f011f2553fc45f714d1c5e84d703309297,BCH,0.5
0xa16107f011f2553fc45f714d1c5e84d703309297,BLUR,0.5
0xa16107f011f2553fc45f714d1c5e84d703309297,BNB,0.5
0xa16107f011f2553fc45f714d1c5e84d703309297,BONK,0.5
0xa16107f011f2553fc45f714d1c5e84d703309297,BTC,0.5
0xa16107f011f2553fc45f714d1c5e84d703309297,C98,0.5
0xa16107f011f2553fc45f714d1c5e84d703309297,CAKE,0.5
0xa16107f011f2553fc45f714d1c5e84d703309297,COMP,0.5
0xa16107f011f2553fc45f714d1c5e84d703309297,CRV,0.5
0xa16107f011f2553fc45f714d1c5e84d703309297,CVX,0.5
0xa16107f011f2553fc45f714d1c5e84d703309297,DAI,0.5
0xa16107f011f2553fc45f714d1c5e84d703309297,DAO,0.5
0xa16107f011f2553fc45f714d1c5e84d703309297,DOGE,0.5
0xa16107f011f2553fc45f714d1c5e84d703309297,DOT,0.5
0xa16107f011f2553fc45f714d1c5e84d703309297,DYDX,0.5
0xa16107f011f2553fc45f714d1c5e84d703309297,EOS,0.5
0xa16107f011f2553fc45f714d1c5e84d703309297,ETC,0.5
0xa16107f011f2553fc45f714d1c5e84d703309297,ETH,0.5
0xa16107f011f2553fc45f714d1c5e84d703309297,FET,0.5
0xa16107f011f2553fc45f714d1c5e84d703309297,FIL,0.5
0xa16107f011f2553fc45f714d1c5e84d703309297,FRAX,0.5
0xa16107f011f2553fc45f714d1c5e84d703309297,FTM,0.5
0xa16107f011f2553fc45f714d1c5e84d703309297,FXS,0.5
0xa16107f011f2553fc45f714d1c5e84d703309297,GRT,0.5
0xa16107f011f2553fc45f714d1c5e84d703309297,HAI,0.5
0xa16107f011f2553fc45f714d1c5e84d703309297,HERO,0.5
0xa16107f011f2553fc45f714d1c5e84d703309297,ICP,0.5
0xa16107f011f2553fc45f714d1c5e84d703309297,IMX,0.5
0xa16107f011f2553fc45f714d1c5e84d703309297,INJ,0.5
0xa16107f011f2553fc45f714d1c5e84d703309297,LDO,0.0131578947368421
0xa16107f011f2553fc45f714d1c5e84d703309297,LINK,0.5
0xa16107f011f2553fc45f714d1c5e84d703309297,LTC,0.5
0xa16107f011f2553fc45f714d1c5e84d703309297,MATIC,0.986842105263158
0xa16107f011f2553fc45f714d1c5e84d703309297,MAV,0.5
0xa16107f011f2553fc45f714d1c5e84d703309297,MBOX,0.9736842105263158
0xa16107f011f2553fc45f714d1c5e84d703309297,MKR,0.5
0xa16107f011f2553fc45f714d1c5e84d703309297,MOON,0.5
0xa16107f011f2553fc45f714d1c5e84d703309297,NEAR,0.5
0xa16107f011f2553fc45f714d1c5e84d703309297,OP,0.5
0xa16107f011f2553fc45f714d1c5e84d703309297,PENDLE,0.5
0xa16107f011f2553fc45f714d1c5e84d703309297,PEPE,0.5
0xa16107f011f2553fc45f714d1c5e84d703309297,PERP,0.5
0xa16107f011f2553fc45f714d1c5e84d703309297,PIT,0.5
0xa16107f011f2553fc45f714d1c5e84d703309297,POLS,0.9473684210526316
0xa16107f011f2553fc45f714d1c5e84d703309297,PYTH,0.5
0xa16107f011f2553fc45f714d1c5e84d703309297,QUACK,0.5
0xa16107f011f2553fc45f714d1c5e84d703309297,RDNT,1.0
0xa16107f011f2553fc45f714d1c5e84d703309297,RNDR,0.9605263157894736
0xa16107f011f2553fc45f714d1c5e84d703309297,RPL,0.5
0xa16107f011f2553fc45f714d1c5e84d703309297,RUNE,0.0
0xa16107f011f2553fc45f714d1c5e84d703309297,SFP,0.5
0xa16107f011f2553fc45f714d1c5e84d703309297,SFUND,0.5
0xa16107f011f2553fc45f714d1c5e84d703309297,SHIB,0.5
0xa16107f011f2553fc45f714d1c5e84d703309297,SOL,0.5
0xa16107f011f2553fc45f714d1c5e84d703309297,STG,0.5
0xa16107f011f2553fc45f714d1c5e84d703309297,SUI,0.5
0xa16107f011f2553fc45f714d1c5e84d703309297,SUSHI,0.5
0xa16107f011f2553fc45f714d1c5e84d703309297,TIA,0.5
0xa16107f011f2553fc45f714d1c5e84d703309297,TOKEN,0.0394736842105263
0xa16107f011f2553fc45f714d1c5e84d703309297,TRX,0.5
0xa16107f011f2553fc45f714d1c5e84d703309297,UNI,0.5
0xa16107f011f2553fc45f714d1c5e84d703309297,USDT,0.5
0xa16107f011f2553fc45f714d1c5e84d703309297,XLM,0.5
0xa16107f011f2553fc45f714d1c5e84d703309297,XMR,0.5
0xa16107f011f2553fc45f714d1c5e84d703309297,XRP,0.5
0xa16107f011f2553fc45f714d1c5e84d703309297,XTZ,0.5
0xa16107f011f2553fc45f714d1c5e84d703309297,XVS,0.5
0xa16107f011f2553fc45f714d1c5e84d703309297,YFI,0.5
0xa16a483a18f00a00b14b93438e8ad21f485b382f,AAVE,0.52059495
0xa16a483a18f00a00b14b93438e8ad21f485b382f,ADA,0.5432224
0xa16a483a18f00a00b14b93438e8ad21f485b382f,ALGO,0.47194114
0xa16a483a18f00a00b14b93438e8ad21f485b382f,APE,0.41421482
0xa16a483a18f00a00b14b93438e8ad21f485b382f,APT,0.5061953
0xa16a483a18f00a00b14b93438e8ad21f485b382f,ATOM,0.52722883
0xa16a483a18f00a00b14b93438e8ad21f485b382f,AVAX,0.5460209
0xa16a483a18f00a00b14b93438e8ad21f485b382f,AXS,0.4374874
0xa16a483a18f00a00b14b93438e8ad21f485b382f,BAL,0.5132537
0xa16a483a18f00a00b14b93438e8ad21f485b382f,BCH,0.56778824
0xa16a483a18f00a00b14b93438e8ad21f485b382f,BLUR,0.47479954
0xa16a483a18f00a00b14b93438e8ad21f485b382f,BNB,0.58661944
0xa16a483a18f00a00b14b93438e8ad21f485b382f,BONK,0.5188377
0xa16a483a18f00a00b14b93438e8ad21f485b382f,BTC,0.5985463
0xa16a483a18f00a00b14b93438e8ad21f485b382f,C98,0.52800286
0xa16a483a18f00a00b14b93438e8ad21f485b382f,CAKE,0.52246666
0xa16a483a18f00a00b14b93438e8ad21f485b382f,COMP,0.5378008
0xa16a483a18f00a00b14b93438e8ad21f485b382f,CRV,0.5134362
0xa16a483a18f00a00b14b93438e8ad21f485b382f,CVX,0.5557495
0xa16a483a18f00a00b14b93438e8ad21f485b382f,DAI,0.5819164
0xa16a483a18f00a00b14b93438e8ad21f485b382f,DAO,0.43290725
0xa16a483a18f00a00b14b93438e8ad21f485b382f,DOGE,0.53846645
0xa16a483a18f00a00b14b93438e8ad21f485b382f,DOT,0.58102214
0xa16a483a18f00a00b14b93438e8ad21f485b382f,DYDX,0.47794214
0xa16a483a18f00a00b14b93438e8ad21f485b382f,EOS,0.49169907
0xa16a483a18f00a00b14b93438e8ad21f485b382f,ETC,0.5556981
0xa16a483a18f00a00b14b93438e8ad21f485b382f,ETH,0.5637249
0xa16a483a18f00a00b14b93438e8ad21f485b382f,FET,0.48143
0xa16a483a18f00a00b14b93438e8ad21f485b382f,FIL,0.5190144
0xa16a483a18f00a00b14b93438e8ad21f485b382f,FRAX,0.55503505
0xa16a483a18f00a00b14b93438e8ad21f485b382f,FTM,0.5158532
0xa16a483a18f00a00b14b93438e8ad21f485b382f,FXS,0.53643686
0xa16a483a18f00a00b14b93438e8ad21f485b382f,GRT,0.5609927
0xa16a483a18f00a00b14b93438e8ad21f485b382f,HAI,0.49341762
0xa16a483a18f00a00b14b93438e8ad21f485b382f,HERO,0.5235501
0xa16a483a18f00a00b14b93438e8ad21f485b382f,ICP,0.5412672
0xa16a483a18f00a00b14b93438e8ad21f485b382f,IMX,0.47418374
0xa16a483a18f00a00b14b93438e8ad21f485b382f,INJ,0.524542
0xa16a483a18f00a00b14b93438e8ad21f485b382f,LDO,0.4752501
0xa16a483a18f00a00b14b93438e8ad21f485b382f,LINK,0.53796846
0xa16a483a18f00a00b14b93438e8ad21f485b382f,LTC,0.58165836
0xa16a483a18f00a00b14b93438e8ad21f485b382f,MATIC,0.55287355
0xa16a483a18f00a00b14b93438e8ad21f485b382f,MAV,0.5106517
0xa16a483a18f00a00b14b93438e8ad21f485b382f,MBOX,0.46745586
0xa16a483a18f00a00b14b93438e8ad21f485b382f,MKR,0.5749944
0xa16a483a18f00a00b14b93438e8ad21f485b382f,MOON,0.42922205
0xa16a483a18f00a00b14b93438e8ad21f485b382f,NEAR,0.5460061
0xa16a483a18f00a00b14b93438e8ad21f485b382f,OP,0.4977864
0xa16a483a18f00a00b14b93438e8ad21f485b382f,PENDLE,0.49119517
0xa16a483a18f00a00b14b93438e8ad21f485b382f,PEPE,0.52818775
0xa16a483a18f00a00b14b93438e8ad21f485b382f,PERP,0.4991541
0xa16a483a18f00a00b14b93438e8ad21f485b382f,PIT,0.55353326
0xa16a483a18f00a00b14b93438e8ad21f485b382f,POLS,0.51515794
0xa16a483a18f00a00b14b93438e8ad21f485b382f,PYTH,0.49299574
0xa16a483a18f00a00b14b93438e8ad21f485b382f,QUACK,0.6196745
0xa16a483a18f00a00b14b93438e8ad21f485b382f,RDNT,0.49244678
0xa16a483a18f00a00b14b93438e8ad21f485b382f,RNDR,0.5324345
0xa16a483a18f00a00b14b93438e8ad21f485b382f,RPL,0.5224507
0xa16a483a18f00a00b14b93438e8ad21f485b382f,RUNE,0.49156278
0xa16a483a18f00a00b14b93438e8ad21f485b382f,SFP,0.55249125
0xa16a483a18f00a00b14b93438e8ad21f485b382f,SFUND,0.46013606
0xa16a483a18f00a00b14b93438e8ad21f485b382f,SHIB,0.54844224
0xa16a483a18f00a00b14b93438e8ad21f485b382f,SOL,0.55149794
0xa16a483a18f00a00b14b93438e8ad21f485b382f,STG,0.5011078
0xa16a483a18f00a00b14b93438e8ad21f485b382f,SUI,0.53516704
0xa16a483a18f00a00b14b93438e8ad21f485b382f,SUSHI,0.5161547
0xa16a483a18f00a00b14b93438e8ad21f485b382f,TIA,0.49572855
0xa16a483a18f00a00b14b93438e8ad21f485b382f,TOKEN,0.43935788
0xa16a483a18f00a00b14b93438e8ad21f485b382f,TRX,0.5199656
0xa16a483a18f00a00b14b93438e8ad21f485b382f,UNI,0.56383955
0xa16a483a18f00a00b14b93438e8ad21f485b382f,USDT,0.54472655
0xa16a483a18f00a00b14b93438e8ad21f485b382f,XLM,0.5446546
0xa16a483a18f00a00b14b93438e8ad21f485b382f,XMR,0.58427566
0xa16a483a18f00a00b14b93438e8ad21f485b382f,XRP,0.5613712
0xa16a483a18f00a00b14b93438e8ad21f485b382f,XTZ,0.5483259
0xa16a483a18f00a00b14b93438e8ad21f485b382f,XVS,0.5367037
0xa16a483a18f00a00b14b93438e8ad21f485b382f,YFI,0.5663876
0xad3ab30bf7e7423fa8266c7300f2dcd07377dc7e,AAVE,0.36842105
0xad3ab30bf7e7423fa8266c7300f2dcd07377dc7e,ADA,0.7236842
0xad3ab30bf7e7423fa8266c7300f2dcd07377dc7e,ALGO,0.09210526
0xad3ab30bf7e7423fa8266c7300f2dcd07377dc7e,APE,0.0
0xad3ab30bf7e7423fa8266c7300f2dcd07377dc7e,APT,0.2631579
0xad3ab30bf7e7423fa8266c7300f2dcd07377dc7e,ATOM,0.5263158
0xad3ab30bf7e7423fa8266c7300f2dcd07377dc7e,AVAX,0.7894737
0xad3ab30bf7e7423fa8266c7300f2dcd07377dc7e,AXS,0.039473683
0xad3ab30bf7e7423fa8266c7300f2dcd07377dc7e,BAL,0.3026316
0xad3ab30bf7e7423fa8266c7300f2dcd07377dc7e,BCH,0.93421054
0xad3ab30bf7e7423fa8266c7300f2dcd07377dc7e,BLUR,0.13157895
0xad3ab30bf7e7423fa8266c7300f2dcd07377dc7e,BNB,0.9736842
0xad3ab30bf7e7423fa8266c7300f2dcd07377dc7e,BONK,0.39473686
0xad3ab30bf7e7423fa8266c7300f2dcd07377dc7e,BTC,1.0
0xad3ab30bf7e7423fa8266c7300f2dcd07377dc7e,C98,0.34210527
0xad3ab30bf7e7423fa8266c7300f2dcd07377dc7e,CAKE,0.56578946
0xad3ab30bf7e7423fa8266c7300f2dcd07377dc7e,COMP,0.42105263
0xad3ab30bf7e7423fa8266c7300f2dcd07377dc7e,CRV,0.57894737
0xad3ab30bf7e7423fa8266c7300f2dcd07377dc7e,CVX,0.7105263
0xad3ab30bf7e7423fa8266c7300f2dcd07377dc7e,DAI,0.8947368
0xad3ab30bf7e7423fa8266c7300f2dcd07377dc7e,DAO,0.065789476
0xad3ab30bf7e7423fa8266c7300f2dcd07377dc7e,DOGE,0.68421054
0xad3ab30bf7e7423fa8266c7300f2dcd07377dc7e,DOT,0.8552632
0xad3ab30bf7e7423fa8266c7300f2dcd07377dc7e,DYDX,0.118421055
0xad3ab30bf7e7423fa8266c7300f2dcd07377dc7e,EOS,0.25
0xad3ab30bf7e7423fa8266c7300f2dcd07377dc7e,ETC,0.81578946
0xad3ab30bf7e7423fa8266c7300f2dcd07377dc7e,ETH,0.9868421
0xad3ab30bf7e7423fa8266c7300f2dcd07377dc7e,FET,0.10526316
0xad3ab30bf7e7423fa8266c7300f2dcd07377dc7e,FIL,0.5
0xad3ab30bf7e7423fa8266c7300f2dcd07377dc7e,FRAX,0.7631579
0xad3ab30bf7e7423fa8266c7300f2dcd07377dc7e,FTM,0.65789473
0xad3ab30bf7e7423fa8266c7300f2dcd07377dc7e,FXS,0.19736843
0xad3ab30bf7e7423fa8266c7300f2dcd07377dc7e,GRT,0.75
0xad3ab30bf7e7423fa8266c7300f2dcd07377dc7e,HAI,0.27631578
0xad3ab30bf7e7423fa8266c7300f2dcd07377dc7e,HERO,0.6052632
0xad3ab30bf7e7423fa8266c7300f2dcd07377dc7e,ICP,0.69736844
0xad3ab30bf7e7423fa8266c7300f2dcd07377dc7e,IMX,0.18421052
0xad3ab30bf7e7423fa8266c7300f2dcd07377dc7e,INJ,0.4868421
0xad3ab30bf7e7423fa8266c7300f2dcd07377dc7e,LDO,0.078947365
0xad3ab30bf7e7423fa8266c7300f2dcd07377dc7e,LINK,0.80263156
0xad3ab30bf7e7423fa8266c7300f2dcd07377dc7e,LTC,0.7368421
0xad3ab30bf7e7423fa8266c7300f2dcd07377dc7e,MATIC,0.67105263
0xad3ab30bf7e7423fa8266c7300f2dcd07377dc7e,MAV,0.46052632
0xad3ab30bf7e7423fa8266c7300f2dcd07377dc7e,MBOX,0.14473684
0xad3ab30bf7e7423fa8266c7300f2dcd07377dc7e,MKR,0.92105263
0xad3ab30bf7e7423fa8266c7300f2dcd07377dc7e,MOON,0.05263158
0xad3ab30bf7e7423fa8266c7300f2dcd07377dc7e,NEAR,0.5131579
0xad3ab30bf7e7423fa8266c7300f2dcd07377dc7e,OP,0.32894737
0xad3ab30bf7e7423fa8266c7300f2dcd07377dc7e,PENDLE,0.21052632
0xad3ab30bf7e7423fa8266c7300f2dcd07377dc7e,PEPE,0.43421054
0xad3ab30bf7e7423fa8266c7300f2dcd07377dc7e,PERP,0.28947368
0xad3ab30bf7e7423fa8266c7300f2dcd07377dc7e,PIT,0.55263156
0xad3ab30bf7e7423fa8266c7300f2dcd07377dc7e,POLS,0.4473684
0xad3ab30bf7e7423fa8266c7300f2dcd07377dc7e,PYTH,0.31578946
0xad3ab30bf7e7423fa8266c7300f2dcd07377dc7e,QUACK,0.90789473
0xad3ab30bf7e7423fa8266c7300f2dcd07377dc7e,RDNT,0.17105263
0xad3ab30bf7e7423fa8266c7300f2dcd07377dc7e,RNDR,0.35526314
0xad3ab30bf7e7423fa8266c7300f2dcd07377dc7e,RPL,0.38157895
0xad3ab30bf7e7423fa8266c7300f2dcd07377dc7e,RUNE,0.2236842
0xad3ab30bf7e7423fa8266c7300f2dcd07377dc7e,SFP,0.5394737
0xad3ab30bf7e7423fa8266c7300f2dcd07377dc7e,SFUND,0.013157895
0xad3ab30bf7e7423fa8266c7300f2dcd07377dc7e,SHIB,0.59210527
0xad3ab30bf7e7423fa8266c7300f2dcd07377dc7e,SOL,0.94736844
0xad3ab30bf7e7423fa8266c7300f2dcd07377dc7e,STG,0.15789473
0xad3ab30bf7e7423fa8266c7300f2dcd07377dc7e,SUI,0.6184211
0xad3ab30bf7e7423fa8266c7300f2dcd07377dc7e,SUSHI,0.40789473
0xad3ab30bf7e7423fa8266c7300f2dcd07377dc7e,TIA,0.23684211
0xad3ab30bf7e7423fa8266c7300f2dcd07377dc7e,TOKEN,0.02631579
0xad3ab30bf7e7423fa8266c7300f2dcd07377dc7e,TRX,0.7763158
0xad3ab30bf7e7423fa8266c7300f2dcd07377dc7e,UNI,0.8815789
0xad3ab30bf7e7423fa8266c7300f2dcd07377dc7e,USDT,0.82894737
0xad3ab30bf7e7423fa8266c7300f2dcd07377dc7e,XLM,0.47368422
0xad3ab30bf7e7423fa8266c7300f2dcd07377dc7e,XMR,0.9605263
0xad3ab30bf7e7423fa8266c7300f2dcd07377dc7e,XRP,0.84210527
0xad3ab30bf7e7423fa8266c7300f2dcd07377dc7e,XTZ,0.6447368
0xad3ab30bf7e7423fa8266c7300f2dcd07377dc7e,XVS,0.6315789
0xad3ab30bf7e7423fa8266c7300f2dcd07377dc7e,YFI,0.8684211
0xb294a5316e76e84649a3b8ff0ff6ef9788595bed,AAVE,0.6549533
0xb294a5316e76e84649a3b8ff0ff6ef9788595bed,ADA,0.6652088
0xb294a5316e76e84649a3b8ff0ff6ef9788595bed,ALGO,0.66641873
0xb294a5316e76e84649a3b8ff0ff6ef9788595bed,APE,0.6437244
0xb294a5316e76e84649a3b8ff0ff6ef9788595bed,APT,0.5572022
0xb294a5316e76e84649a3b8ff0ff6ef9788595bed,ATOM,0.6209065
0xb294a5316e76e84649a3b8ff0ff6ef9788595bed,AVAX,0.58209926
0xb294a5316e76e84649a3b8ff0ff6ef9788595bed,AXS,0.59459746
0xb294a5316e76e84649a3b8ff0ff6ef9788595bed,BAL,0.6067193
0xb294a5316e76e84649a3b8ff0ff6ef9788595bed,BCH,0.6885742
0xb294a5316e76e84649a3b8ff0ff6ef9788595bed,BLUR,0.5665846
0xb294a5316e76e84649a3b8ff0ff6ef9788595bed,BNB,0.6657074
0xb294a5316e76e84649a3b8ff0ff6ef9788595bed,BONK,0.6183927
0xb294a5316e76e84649a3b8ff0ff6ef9788595bed,BTC,0.6378845
0xb294a5316e76e84649a3b8ff0ff6ef9788595bed,C98,0.5956775
0xb294a5316e76e84649a3b8ff0ff6ef9788595bed,CAKE,0.71263355
0xb294a5316e76e84649a3b8ff0ff6ef9788595bed,COMP,0.6206751
0xb294a5316e76e84649a3b8ff0ff6ef9788595bed,CRV,0.6746021
0xb294a5316e76e84649a3b8ff0ff6ef9788595bed,CVX,0.57792646
0xb294a5316e76e84649a3b8ff0ff6ef9788595bed,DAI,0.66366214
0xb294a5316e76e84649a3b8ff0ff6ef9788595bed,DAO,0.6676718
0xb294a5316e76e84649a3b8ff0ff6ef9788595bed,DOGE,0.67912287
0xb294a5316e76e84649a3b8ff0ff6ef9788595bed,DOT,0.66963506
0xb294a5316e76e84649a3b8ff0ff6ef9788595bed,DYDX,0.58928156
0xb294a5316e76e84649a3b8ff0ff6ef9788595bed,EOS,0.59884316
0xb294a5316e76e84649a3b8ff0ff6ef9788595bed,ETC,0.65313447
0xb294a5316e76e84649a3b8ff0ff6ef9788595bed,ETH,0.6371193
0xb294a5316e76e84649a3b8ff0ff6ef9788595bed,FET,0.5633104
0xb294a5316e76e84649a3b8ff0ff6ef9788595bed,FIL,0.5608524
0xb294a5316e76e84649a3b8ff0ff6ef9788595bed,FRAX,0.6012014
0xb294a5316e76e84649a3b8ff0ff6ef9788595bed,FTM,0.6512035
0xb294a5316e76e84649a3b8ff0ff6ef9788595bed,FXS,0.5991881
0xb294a5316e76e84649a3b8ff0ff6ef9788595bed,GRT,0.63604987
0xb294a5316e76e84649a3b8ff0ff6ef9788595bed,HAI,0.68473315
0xb294a5316e76e84649a3b8ff0ff6ef9788595bed,HERO,0.63683707
0xb294a5316e76e84649a3b8ff0ff6ef9788595bed,ICP,0.5696011
0xb294a5316e76e84649a3b8ff0ff6ef9788595bed,IMX,0.59971476
0xb294a5316e76e84649a3b8ff0ff6ef9788595bed,INJ,0.5684079
0xb294a5316e76e84649a3b8ff0ff6ef9788595bed,LDO,0.5829973
0xb294a5316e76e84649a3b8ff0ff6ef9788595bed,LINK,0.6695313
0xb294a5316e76e84649a3b8ff0ff6ef9788595bed,LTC,0.6783471
0xb294a5316e76e84649a3b8ff0ff6ef9788595bed,MATIC,0.64870507
0xb294a5316e76e84649a3b8ff0ff6ef9788595bed,MAV,0.61958367
0xb294a5316e76e84649a3b8ff0ff6ef9788595bed,MBOX,0.621219
0xb294a5316e76e84649a3b8ff0ff6ef9788595bed,MKR,0.66768074
0xb294a5316e76e84649a3b8ff0ff6ef9788595bed,MOON,0.6946458
0xb294a5316e76e84649a3b8ff0ff6ef9788595bed,NEAR,0.5681183
0xb294a5316e76e84649a3b8ff0ff6ef9788595bed,OP,0.68102765
0xb294a5316e76e84649a3b8ff0ff6ef9788595bed,PENDLE,0.5540266
0xb294a5316e76e84649a3b8ff0ff6ef9788595bed,PEPE,0.6660778
0xb294a5316e76e84649a3b8ff0ff6ef9788595bed,PERP,0.60991794
0xb294a5316e76e84649a3b8ff0ff6ef9788595bed,PIT,0.6901671
0xb294a5316e76e84649a3b8ff0ff6ef9788595bed,POLS,0.6251047
0xb294a5316e76e84649a3b8ff0ff6ef9788595bed,PYTH,0.60070115
0xb294a5316e76e84649a3b8ff0ff6ef9788595bed,QUACK,0.66496986
0xb294a5316e76e84649a3b8ff0ff6ef9788595bed,RDNT,0.6185142
0xb294a5316e76e84649a3b8ff0ff6ef9788595bed,RNDR,0.5842862
0xb294a5316e76e84649a3b8ff0ff6ef9788595bed,RPL,0.5724809
0xb294a5316e76e84649a3b8ff0ff6ef9788595bed,RUNE,0.6511368
0xb294a5316e76e84649a3b8ff0ff6ef9788595bed,SFP,0.57420516
0xb294a5316e76e84649a3b8ff0ff6ef9788595bed,SFUND,0.6277766
0xb294a5316e76e84649a3b8ff0ff6ef9788595bed,SHIB,0.6643806
0xb294a5316e76e84649a3b8ff0ff6ef9788595bed,SOL,0.64107394
0xb294a5316e76e84649a3b8ff0ff6ef9788595bed,STG,0.6099257
0xb294a5316e76e84649a3b8ff0ff6ef9788595bed,SUI,0.59509665
0xb294a5316e76e84649a3b8ff0ff6ef9788595bed,SUSHI,0.5604576
0xb294a5316e76e84649a3b8ff0ff6ef9788595bed,TIA,0.58736134
0xb294a5316e76e84649a3b8ff0ff6ef9788595bed,TOKEN,0.6184716
0xb294a5316e76e84649a3b8ff0ff6ef9788595bed,TRX,0.66820556
0xb294a5316e76e84649a3b8ff0ff6ef9788595bed,UNI,0.6660315
0xb294a5316e76e84649a3b8ff0ff6ef9788595bed,USDT,0.6423406
0xb294a5316e76e84649a3b8ff0ff6ef9788595bed,XLM,0.6311628
0xb294a5316e76e84649a3b8ff0ff6ef9788595bed,XMR,0.6989104
0xb294a5316e76e84649a3b8ff0ff6ef9788595bed,XRP,0.66012067
0xb294a5316e76e84649a3b8ff0ff6ef9788595bed,XTZ,0.60543644
0xb294a5316e76e84649a3b8ff0ff6ef9788595bed,XVS,0.5779582
0xb294a5316e76e84649a3b8ff0ff6ef9788595bed,YFI,0.58680004
0xb7ece21c962697a3194c0b6e4b81db54433055ab,AAVE,0.510806
0xb7ece21c962697a3194c0b6e4b81db54433055ab,ADA,0.533884
0xb7ece21c962697a3194c0b6e4b81db54433055ab,ALGO,0.46176088
0xb7ece21c962697a3194c0b6e4b81db54433055ab,APE,0.40958938
0xb7ece21c962697a3194c0b6e4b81db54433055ab,APT,0.4981616
0xb7ece21c962697a3194c0b6e4b81db54433055ab,ATOM,0.5167605
0xb7ece21c962697a3194c0b6e4b81db54433055ab,AVAX,0.5637077
0xb7ece21c962697a3194c0b6e4b81db54433055ab,AXS,0.43937582
0xb7ece21c962697a3194c0b6e4b81db54433055ab,BAL,0.52383596
0xb7ece21c962697a3194c0b6e4b81db54433055ab,BCH,0.5756878
0xb7ece21c962697a3194c0b6e4b81db54433055ab,BLUR,0.47555807
0xb7ece21c962697a3194c0b6e4b81db54433055ab,BNB,0.604099
0xb7ece21c962697a3194c0b6e4b81db54433055ab,BONK,0.52546465
0xb7ece21c962697a3194c0b6e4b81db54433055ab,BTC,0.5950598
0xb7ece21c962697a3194c0b6e4b81db54433055ab,C98,0.50926834
0xb7ece21c962697a3194c0b6e4b81db54433055ab,CAKE,0.52973706
0xb7ece21c962697a3194c0b6e4b81db54433055ab,COMP,0.516833
0xb7ece21c962697a3194c0b6e4b81db54433055ab,CRV,0.52287334
0xb7ece21c962697a3194c0b6e4b81db54433055ab,CVX,0.5342501
0xb7ece21c962697a3194c0b6e4b81db54433055ab,DAI,0.5819031
0xb7ece21c962697a3194c0b6e4b81db54433055ab,DAO,0.45970273
0xb7ece21c962697a3194c0b6e4b81db54433055ab,DOGE,0.5347615
0xb7ece21c962697a3194c0b6e4b81db54433055ab,DOT,0.5557299
0xb7ece21c962697a3194c0b6e4b81db54433055ab,DYDX,0.46691325
0xb7ece21c962697a3194c0b6e4b81db54433055ab,EOS,0.4864246
0xb7ece21c962697a3194c0b6e4b81db54433055ab,ETC,0.53009707
0xb7ece21c962697a3194c0b6e4b81db54433055ab,ETH,0.55210024
0xb7ece21c962697a3194c0b6e4b81db54433055ab,FET,0.47648832
0xb7ece21c962697a3194c0b6e4b81db54433055ab,FIL,0.5353025
0xb7ece21c962697a3194c0b6e4b81db54433055ab,FRAX,0.5637498
0xb7ece21c962697a3194c0b6e4b81db54433055ab,FTM,0.49558082
0xb7ece21c962697a3194c0b6e4b81db54433055ab,FXS,0.49339926
0xb7ece21c962697a3194c0b6e4b81db54433055ab,GRT,0.55691683
0xb7ece21c962697a3194c0b6e4b81db54433055ab,HAI,0.4770766
0xb7ece21c962697a3194c0b6e4b81db54433055ab,HERO,0.5266444
0xb7ece21c962697a3194c0b6e4b81db54433055ab,ICP,0.52576023
0xb7ece21c962697a3194c0b6e4b81db54433055ab,IMX,0.49277207
0xb7ece21c962697a3194c0b6e4b81db54433055ab,INJ,0.5102951
0xb7ece21c962697a3194c0b6e4b81db54433055ab,LDO,0.47003663
0xb7ece21c962697a3194c0b6e4b81db54433055ab,LINK,0.5262866
0xb7ece21c962697a3194c0b6e4b81db54433055ab,LTC,0.54246855
0xb7ece21c962697a3194c0b6e4b81db54433055ab,MATIC,0.55964273
0xb7ece21c962697a3194c0b6e4b81db54433055ab,MAV,0.5156137
0xb7ece21c962697a3194c0b6e4b81db54433055ab,MBOX,0.46276248
0xb7ece21c962697a3194c0b6e4b81db54433055ab,MKR,0.58075637
0xb7ece21c962697a3194c0b6e4b81db54433055ab,MOON,0.44067898
0xb7ece21c962697a3194c0b6e4b81db54433055ab,NEAR,0.5321802
0xb7ece21c962697a3194c0b6e4b81db54433055ab,OP,0.48006237
0xb7ece21c962697a3194c0b6e4b81db54433055ab,PENDLE,0.4923559
0xb7ece21c962697a3194c0b6e4b81db54433055ab,PEPE,0.5313552
0xb7ece21c962697a3194c0b6e4b81db54433055ab,PERP,0.48966414
0xb7ece21c962697a3194c0b6e4b81db54433055ab,PIT,0.5258814
0xb7ece21c962697a3194c0b6e4b81db54433055ab,POLS,0.52062774
0xb7ece21c962697a3194c0b6e4b81db54433055ab,PYTH,0.4841727
0xb7ece21c962697a3194c0b6e4b81db54433055ab,QUACK,0.5506303
0xb7ece21c962697a3194c0b6e4b81db54433055ab,RDNT,0.48858944
0xb7ece21c962697a3194c0b6e4b81db54433055ab,RNDR,0.5121011
0xb7ece21c962697a3194c0b6e4b81db54433055ab,RPL,0.51971984
0xb7ece21c962697a3194c0b6e4b81db54433055ab,RUNE,0.4960599
0xb7ece21c962697a3194c0b6e4b81db54433055ab,SFP,0.5293517
0xb7ece21c962697a3194c0b6e4b81db54433055ab,SFUND,0.44137505
0xb7ece21c962697a3194c0b6e4b81db54433055ab,SHIB,0.5429598
0xb7ece21c962697a3194c0b6e4b81db54433055ab,SOL,0.57663214
0xb7ece21c962697a3194c0b6e4b81db54433055ab,STG,0.47149715
0xb7ece21c962697a3194c0b6e4b81db54433055ab,SUI,0.5382864
0xb7ece21c962697a3194c0b6e4b81db54433055ab,SUSHI,0.5125081
0xb7ece21c962697a3194c0b6e4b81db54433055ab,TIA,0.510442
0xb7ece21c962697a3194c0b6e4b81db54433055ab,TOKEN,0.43805835
0xb7ece21c962697a3194c0b6e4b81db54433055ab,TRX,0.5320031
0xb7ece21c962697a3194c0b6e4b81db54433055ab,UNI,0.56388474
0xb7ece21c962697a3194c0b6e4b81db54433055ab,USDT,0.5197081
0xb7ece21c962697a3194c0b6e4b81db54433055ab,XLM,0.55045545
0xb7ece21c962697a3194c0b6e4b81db54433055ab,XMR,0.6013579
0xb7ece21c962697a3194c0b6e4b81db54433055ab,XRP,0.54985124
0xb7ece21c962697a3194c0b6e4b81db54433055ab,XTZ,0.55344474
0xb7ece21c962697a3194c0b6e4b81db54433055ab,XVS,0.531685
0xb7ece21c962697a3194c0b6e4b81db54433055ab,YFI,0.58873445
0xbf692d7684d6decc6cfc064247e7d8b52e104121,AAVE,0.5377342700958252
0xbf692d7684d6decc6cfc064247e7d8b52e104121,ADA,0.5792231559753418
0xbf692d7684d6decc6cfc064247e7d8b52e104121,ALGO,0.4270031452178955
0xbf692d7684d6decc6cfc064247e7d8b52e104121,APE,0.0121917724609375
0xbf692d7684d6decc6cfc064247e7d8b52e104121,APT,0.3476793766021728
0xbf692d7684d6decc6cfc064247e7d8b52e104121,ATOM,0.6238839626312256
0xbf692d7684d6decc6cfc064247e7d8b52e104121,AVAX,0.5467100143432617
0xbf692d7684d6decc6cfc064247e7d8b52e104121,AXS,0.2361993789672851
0xbf692d7684d6decc6cfc064247e7d8b52e104121,BAL,0.2993276119232178
0xbf692d7684d6decc6cfc064247e7d8b52e104121,BCH,0.8520803451538086
0xbf692d7684d6decc6cfc064247e7d8b52e104121,BLUR,0.0176610946655273
0xbf692d7684d6decc6cfc064247e7d8b52e104121,BNB,0.9049136638641356
0xbf692d7684d6decc6cfc064247e7d8b52e104121,BONK,0.3974559307098388
0xbf692d7684d6decc6cfc064247e7d8b52e104121,BTC,0.927884578704834
0xbf692d7684d6decc6cfc064247e7d8b52e104121,C98,0.3891415596008301
0xbf692d7684d6decc6cfc064247e7d8b52e104121,CAKE,0.5428831577301025
0xbf692d7684d6decc6cfc064247e7d8b52e104121,COMP,0.3803524971008301
0xbf692d7684d6decc6cfc064247e7d8b52e104121,CRV,0.462914228439331
0xbf692d7684d6decc6cfc064247e7d8b52e104121,CVX,0.5130949020385742
0xbf692d7684d6decc6cfc064247e7d8b52e104121,DAI,0.9522261619567872
0xbf692d7684d6decc6cfc064247e7d8b52e104121,DAO,0.3528010845184326
0xbf692d7684d6decc6cfc064247e7d8b52e104121,DOGE,0.614121675491333
0xbf692d7684d6decc6cfc064247e7d8b52e104121,DOT,0.5069570541381836
0xbf692d7684d6decc6cfc064247e7d8b52e104121,DYDX,0.0
0xbf692d7684d6decc6cfc064247e7d8b52e104121,EOS,0.4486079216003418
0xbf692d7684d6decc6cfc064247e7d8b52e104121,ETC,0.6922998428344727
0xbf692d7684d6decc6cfc064247e7d8b52e104121,ETH,0.9077274799346924
0xbf692d7684d6decc6cfc064247e7d8b52e104121,FET,0.4248278141021728
0xbf692d7684d6decc6cfc064247e7d8b52e104121,FIL,0.5589399337768555
0xbf692d7684d6decc6cfc064247e7d8b52e104121,FRAX,0.913221836090088
0xbf692d7684d6decc6cfc064247e7d8b52e104121,FTM,0.5033345222473145
0xbf692d7684d6decc6cfc064247e7d8b52e104121,FXS,0.1867415904998779
0xbf692d7684d6decc6cfc064247e7d8b52e104121,GRT,0.5721299648284912
0xbf692d7684d6decc6cfc064247e7d8b52e104121,HAI,0.3852603435516357
0xbf692d7684d6decc6cfc064247e7d8b52e104121,HERO,0.5128605365753174
0xbf692d7684d6decc6cfc064247e7d8b52e104121,ICP,0.5142984390258789
0xbf692d7684d6decc6cfc064247e7d8b52e104121,IMX,0.1838529109954834
0xbf692d7684d6decc6cfc064247e7d8b52e104121,INJ,0.3307132720947265
0xbf692d7684d6decc6cfc064247e7d8b52e104121,LDO,0.0281145572662353
0xbf692d7684d6decc6cfc064247e7d8b52e104121,LINK,0.7727677822113037
0xbf692d7684d6decc6cfc064247e7d8b52e104121,LTC,0.8737189769744873
0xbf692d7684d6decc6cfc064247e7d8b52e104121,MATIC,0.5333795547485352
0xbf692d7684d6decc6cfc064247e7d8b52e104121,MAV,0.253392219543457
0xbf692d7684d6decc6cfc064247e7d8b52e104121,MBOX,0.362091064453125
0xbf692d7684d6decc6cfc064247e7d8b52e104121,MKR,0.6672472953796387
0xbf692d7684d6decc6cfc064247e7d8b52e104121,MOON,0.2051806449890136
0xbf692d7684d6decc6cfc064247e7d8b52e104121,NEAR,0.5371041297912598
0xbf692d7684d6decc6cfc064247e7d8b52e104121,OP,0.4626064300537109
0xbf692d7684d6decc6cfc064247e7d8b52e104121,PENDLE,0.3876371383666992
0xbf692d7684d6decc6cfc064247e7d8b52e104121,PEPE,0.5053801536560059
0xbf692d7684d6decc6cfc064247e7d8b52e104121,PERP,0.369448184967041
0xbf692d7684d6decc6cfc064247e7d8b52e104121,PIT,0.5472192764282227
0xbf692d7684d6decc6cfc064247e7d8b52e104121,POLS,0.4184098243713379
0xbf692d7684d6decc6cfc064247e7d8b52e104121,PYTH,0.1973192691802978
0xbf692d7684d6decc6cfc064247e7d8b52e104121,QUACK,0.1924648284912109
0xbf692d7684d6decc6cfc064247e7d8b52e104121,RDNT,0.4367127418518066
0xbf692d7684d6decc6cfc064247e7d8b52e104121,RNDR,0.5276317596435547
0xbf692d7684d6decc6cfc064247e7d8b52e104121,RPL,0.3040547370910644
0xbf692d7684d6decc6cfc064247e7d8b52e104121,RUNE,0.2949464321136474
0xbf692d7684d6decc6cfc064247e7d8b52e104121,SFP,0.640852689743042
0xbf692d7684d6decc6cfc064247e7d8b52e104121,SFUND,0.404120922088623
0xbf692d7684d6decc6cfc064247e7d8b52e104121,SHIB,0.6147353649139404
0xbf692d7684d6decc6cfc064247e7d8b52e104121,SOL,0.917848825454712
0xbf692d7684d6decc6cfc064247e7d8b52e104121,STG,0.6176707744598389
0xbf692d7684d6decc6cfc064247e7d8b52e104121,SUI,0.4978928565979004
0xbf692d7684d6decc6cfc064247e7d8b52e104121,SUSHI,0.4474749565124511
0xbf692d7684d6decc6cfc064247e7d8b52e104121,TIA,0.1728391647338867
0xbf692d7684d6decc6cfc064247e7d8b52e104121,TOKEN,0.0143990516662597
0xbf692d7684d6decc6cfc064247e7d8b52e104121,TRX,0.9883170127868652
0xbf692d7684d6decc6cfc064247e7d8b52e104121,UNI,0.5212230682373047
0xbf692d7684d6decc6cfc064247e7d8b52e104121,USDT,1.0
0xbf692d7684d6decc6cfc064247e7d8b52e104121,XLM,0.6181211471557617
0xbf692d7684d6decc6cfc064247e7d8b52e104121,XMR,0.8374350070953369
0xbf692d7684d6decc6cfc064247e7d8b52e104121,XRP,0.9647989273071288
0xbf692d7684d6decc6cfc064247e7d8b52e104121,XTZ,0.6084706783294678
0xbf692d7684d6decc6cfc064247e7d8b52e104121,XVS,0.5455477237701416
0xbf692d7684d6decc6cfc064247e7d8b52e104121,YFI,0.7305417060852051
0xc1d8e22cfb4d0ca7326057f027570abd2f732d00,AAVE,0.746265709400177
0xc1d8e22cfb4d0ca7326057f027570abd2f732d00,ADA,0.6609418988227844
0xc1d8e22cfb4d0ca7326057f027570abd2f732d00,ALGO,0.5214126706123352
0xc1d8e22cfb4d0ca7326057f027570abd2f732d00,APE,0.104544386267662
0xc1d8e22cfb4d0ca7326057f027570abd2f732d00,APT,0.5260682702064514
0xc1d8e22cfb4d0ca7326057f027570abd2f732d00,ATOM,0.5937209725379944
0xc1d8e22cfb4d0ca7326057f027570abd2f732d00,AVAX,0.635489284992218
0xc1d8e22cfb4d0ca7326057f027570abd2f732d00,AXS,0.273571103811264
0xc1d8e22cfb4d0ca7326057f027570abd2f732d00,BAL,0.4679611325263977
0xc1d8e22cfb4d0ca7326057f027570abd2f732d00,BCH,0.9613723754882812
0xc1d8e22cfb4d0ca7326057f027570abd2f732d00,BLUR,0.0400705300271511
0xc1d8e22cfb4d0ca7326057f027570abd2f732d00,BNB,0.9630491733551024
0xc1d8e22cfb4d0ca7326057f027570abd2f732d00,BONK,0.4602633118629455
0xc1d8e22cfb4d0ca7326057f027570abd2f732d00,BTC,0.9643638134002686
0xc1d8e22cfb4d0ca7326057f027570abd2f732d00,C98,0.5592926144599915
0xc1d8e22cfb4d0ca7326057f027570abd2f732d00,CAKE,0.6407697796821594
0xc1d8e22cfb4d0ca7326057f027570abd2f732d00,COMP,0.5067663788795471
0xc1d8e22cfb4d0ca7326057f027570abd2f732d00,CRV,0.6522577404975891
0xc1d8e22cfb4d0ca7326057f027570abd2f732d00,CVX,0.6618927121162415
0xc1d8e22cfb4d0ca7326057f027570abd2f732d00,DAI,0.9019877910614014
0xc1d8e22cfb4d0ca7326057f027570abd2f732d00,DAO,0.3741336762905121
0xc1d8e22cfb4d0ca7326057f027570abd2f732d00,DOGE,0.6977537274360657
0xc1d8e22cfb4d0ca7326057f027570abd2f732d00,DOT,0.5925186276435852
0xc1d8e22cfb4d0ca7326057f027570abd2f732d00,DYDX,0.0284727774560451
0xc1d8e22cfb4d0ca7326057f027570abd2f732d00,EOS,0.4791865944862366
0xc1d8e22cfb4d0ca7326057f027570abd2f732d00,ETC,0.7365003228187561
0xc1d8e22cfb4d0ca7326057f027570abd2f732d00,ETH,0.9267165660858154
0xc1d8e22cfb4d0ca7326057f027570abd2f732d00,FET,0.4362266659736633
0xc1d8e22cfb4d0ca7326057f027570abd2f732d00,FIL,0.6174402832984924
0xc1d8e22cfb4d0ca7326057f027570abd2f732d00,FRAX,0.8822352886199951
0xc1d8e22cfb4d0ca7326057f027570abd2f732d00,FTM,0.4107778668403625
0xc1d8e22cfb4d0ca7326057f027570abd2f732d00,FXS,0.3104637563228607
0xc1d8e22cfb4d0ca7326057f027570abd2f732d00,GRT,0.5930469632148743
0xc1d8e22cfb4d0ca7326057f027570abd2f732d00,HAI,0.5232663750648499
0xc1d8e22cfb4d0ca7326057f027570abd2f732d00,HERO,0.6204529404640198
0xc1d8e22cfb4d0ca7326057f027570abd2f732d00,ICP,0.5652881264686584
0xc1d8e22cfb4d0ca7326057f027570abd2f732d00,IMX,0.2189818322658538
0xc1d8e22cfb4d0ca7326057f027570abd2f732d00,INJ,0.3839080929756164
0xc1d8e22cfb4d0ca7326057f027570abd2f732d00,LDO,0.2044268548488617
0xc1d8e22cfb4d0ca7326057f027570abd2f732d00,LINK,0.7527923583984375
0xc1d8e22cfb4d0ca7326057f027570abd2f732d00,LTC,0.8687362670898438
0xc1d8e22cfb4d0ca7326057f027570abd2f732d00,MATIC,0.6022093892097473
0xc1d8e22cfb4d0ca7326057f027570abd2f732d00,MAV,0.330319732427597
0xc1d8e22cfb4d0ca7326057f027570abd2f732d00,MBOX,0.3497777879238128
0xc1d8e22cfb4d0ca7326057f027570abd2f732d00,MKR,0.7414622902870178
0xc1d8e22cfb4d0ca7326057f027570abd2f732d00,MOON,0.4378328919410705
0xc1d8e22cfb4d0ca7326057f027570abd2f732d00,NEAR,0.598962128162384
0xc1d8e22cfb4d0ca7326057f027570abd2f732d00,OP,0.5220962166786194
0xc1d8e22cfb4d0ca7326057f027570abd2f732d00,PENDLE,0.3599906861782074
0xc1d8e22cfb4d0ca7326057f027570abd2f732d00,PEPE,0.6119106411933899
0xc1d8e22cfb4d0ca7326057f027570abd2f732d00,PERP,0.4562662243843078
0xc1d8e22cfb4d0ca7326057f027570abd2f732d00,PIT,0.6682258248329163
0xc1d8e22cfb4d0ca7326057f027570abd2f732d00,POLS,0.5034371018409729
0xc1d8e22cfb4d0ca7326057f027570abd2f732d00,PYTH,0.3618648946285248
0xc1d8e22cfb4d0ca7326057f027570abd2f732d00,QUACK,0.3841322064399719
0xc1d8e22cfb4d0ca7326057f027570abd2f732d00,RDNT,0.4302647709846496
0xc1d8e22cfb4d0ca7326057f027570abd2f732d00,RNDR,0.5706935524940491
0xc1d8e22cfb4d0ca7326057f027570abd2f732d00,RPL,0.4304314255714416
0xc1d8e22cfb4d0ca7326057f027570abd2f732d00,RUNE,0.4302619099617004
0xc1d8e22cfb4d0ca7326057f027570abd2f732d00,SFP,0.7008295655250549
0xc1d8e22cfb4d0ca7326057f027570abd2f732d00,SFUND,0.2959478795528412
0xc1d8e22cfb4d0ca7326057f027570abd2f732d00,SHIB,0.6876841187477112
0xc1d8e22cfb4d0ca7326057f027570abd2f732d00,SOL,0.9237222671508788
0xc1d8e22cfb4d0ca7326057f027570abd2f732d00,STG,0.6228201985359192
0xc1d8e22cfb4d0ca7326057f027570abd2f732d00,SUI,0.6417294144630432
0xc1d8e22cfb4d0ca7326057f027570abd2f732d00,SUSHI,0.5240834355354309
0xc1d8e22cfb4d0ca7326057f027570abd2f732d00,TIA,0.2275381982326507
0xc1d8e22cfb4d0ca7326057f027570abd2f732d00,TOKEN,0.0
0xc1d8e22cfb4d0ca7326057f027570abd2f732d00,TRX,1.0
0xc1d8e22cfb4d0ca7326057f027570abd2f732d00,UNI,0.6855326294898987
0xc1d8e22cfb4d0ca7326057f027570abd2f732d00,USDT,0.9129834175109864
0xc1d8e22cfb4d0ca7326057f027570abd2f732d00,XLM,0.7096675038337708
0xc1d8e22cfb4d0ca7326057f027570abd2f732d00,XMR,0.8861560821533203
0xc1d8e22cfb4d0ca7326057f027570abd2f732d00,XRP,0.9016609191894532
0xc1d8e22cfb4d0ca7326057f027570abd2f732d00,XTZ,0.6869075894355774
0xc1d8e22cfb4d0ca7326057f027570abd2f732d00,XVS,0.6909881234169006
0xc1d8e22cfb4d0ca7326057f027570abd2f732d00,YFI,0.7141821980476379
0xcbe37e37bb9ac19e87e6e495303fab60c3111529,AAVE,0.5011465235878226
0xcbe37e37bb9ac19e87e6e495303fab60c3111529,ADA,0.536586186765717
0xcbe37e37bb9ac19e87e6e495303fab60c3111529,ALGO,0.4408175241187316
0xcbe37e37bb9ac19e87e6e495303fab60c3111529,APE,0.3658020920500053
0xcbe37e37bb9ac19e87e6e495303fab60c3111529,APT,0.4748928236449832
0xcbe37e37bb9ac19e87e6e495303fab60c3111529,ATOM,0.5092571425144439
0xcbe37e37bb9ac19e87e6e495303fab60c3111529,AVAX,0.5496534089569123
0xcbe37e37bb9ac19e87e6e495303fab60c3111529,AXS,0.4540241101309228
0xcbe37e37bb9ac19e87e6e495303fab60c3111529,BAL,0.5000342839454323
0xcbe37e37bb9ac19e87e6e495303fab60c3111529,BCH,0.5491404912804162
0xcbe37e37bb9ac19e87e6e495303fab60c3111529,BLUR,0.4541591285980042
0xcbe37e37bb9ac19e87e6e495303fab60c3111529,BNB,0.6407986434485542
0xcbe37e37bb9ac19e87e6e495303fab60c3111529,BONK,0.5124232899256339
0xcbe37e37bb9ac19e87e6e495303fab60c3111529,BTC,0.6164111580878369
0xcbe37e37bb9ac19e87e6e495303fab60c3111529,C98,0.4835306471406385
0xcbe37e37bb9ac19e87e6e495303fab60c3111529,CAKE,0.5086631910024972
0xcbe37e37bb9ac19e87e6e495303fab60c3111529,COMP,0.4947876951413177
0xcbe37e37bb9ac19e87e6e495303fab60c3111529,CRV,0.5044526097000369
0xcbe37e37bb9ac19e87e6e495303fab60c3111529,CVX,0.5323981961300429
0xcbe37e37bb9ac19e87e6e495303fab60c3111529,DAI,0.6092885677774409
0xcbe37e37bb9ac19e87e6e495303fab60c3111529,DAO,0.4405411287282179
0xcbe37e37bb9ac19e87e6e495303fab60c3111529,DOGE,0.5200394051685862
0xcbe37e37bb9ac19e87e6e495303fab60c3111529,DOT,0.5555064333929167
0xcbe37e37bb9ac19e87e6e495303fab60c3111529,DYDX,0.4689204322708718
0xcbe37e37bb9ac19e87e6e495303fab60c3111529,EOS,0.4880565127020083
0xcbe37e37bb9ac19e87e6e495303fab60c3111529,ETC,0.5802902181417047
0xcbe37e37bb9ac19e87e6e495303fab60c3111529,ETH,0.558721382629166
0xcbe37e37bb9ac19e87e6e495303fab60c3111529,FET,0.4735609153731117
0xcbe37e37bb9ac19e87e6e495303fab60c3111529,FIL,0.5083796727782632
0xcbe37e37bb9ac19e87e6e495303fab60c3111529,FRAX,0.5958787599462774
0xcbe37e37bb9ac19e87e6e495303fab60c3111529,FTM,0.5335591286426278
0xcbe37e37bb9ac19e87e6e495303fab60c3111529,FXS,0.4709199195036629
0xcbe37e37bb9ac19e87e6e495303fab60c3111529,GRT,0.5447371198271851
0xcbe37e37bb9ac19e87e6e495303fab60c3111529,HAI,0.5023291979986197
0xcbe37e37bb9ac19e87e6e495303fab60c3111529,HERO,0.5477038921033317
0xcbe37e37bb9ac19e87e6e495303fab60c3111529,ICP,0.5147750995944546
0xcbe37e37bb9ac19e87e6e495303fab60c3111529,IMX,0.4904938996856396
0xcbe37e37bb9ac19e87e6e495303fab60c3111529,INJ,0.5146538090193367
0xcbe37e37bb9ac19e87e6e495303fab60c3111529,LDO,0.4634926836835911
0xcbe37e37bb9ac19e87e6e495303fab60c3111529,LINK,0.521975743931667
0xcbe37e37bb9ac19e87e6e495303fab60c3111529,LTC,0.5538378948022415
0xcbe37e37bb9ac19e87e6e495303fab60c3111529,MATIC,0.5207351353480528
0xcbe37e37bb9ac19e87e6e495303fab60c3111529,MAV,0.4967067921003926
0xcbe37e37bb9ac19e87e6e495303fab60c3111529,MBOX,0.4688548427226495
0xcbe37e37bb9ac19e87e6e495303fab60c3111529,MKR,0.5870423223110153
0xcbe37e37bb9ac19e87e6e495303fab60c3111529,MOON,0.4431546514063045
0xcbe37e37bb9ac19e87e6e495303fab60c3111529,NEAR,0.5185967001795215
0xcbe37e37bb9ac19e87e6e495303fab60c3111529,OP,0.5042047188076355
0xcbe37e37bb9ac19e87e6e495303fab60c3111529,PENDLE,0.471928492797809
0xcbe37e37bb9ac19e87e6e495303fab60c3111529,PEPE,0.5049270104337094
0xcbe37e37bb9ac19e87e6e495303fab60c3111529,PERP,0.4546890069241733
0xcbe37e37bb9ac19e87e6e495303fab60c3111529,PIT,0.5314930189140865
0xcbe37e37bb9ac19e87e6e495303fab60c3111529,POLS,0.5131914468099451
0xcbe37e37bb9ac19e87e6e495303fab60c3111529,PYTH,0.4817350572623074
0xcbe37e37bb9ac19e87e6e495303fab60c3111529,QUACK,0.5602842864853694
0xcbe37e37bb9ac19e87e6e495303fab60c3111529,RDNT,0.4568979772046573
0xcbe37e37bb9ac19e87e6e495303fab60c3111529,RNDR,0.4659630979342863
0xcbe37e37bb9ac19e87e6e495303fab60c3111529,RPL,0.5024172537485831
0xcbe37e37bb9ac19e87e6e495303fab60c3111529,RUNE,0.4769949757998903
0xcbe37e37bb9ac19e87e6e495303fab60c3111529,SFP,0.5014342927477239
0xcbe37e37bb9ac19e87e6e495303fab60c3111529,SFUND,0.4420636536963064
0xcbe37e37bb9ac19e87e6e495303fab60c3111529,SHIB,0.5308473409468125
0xcbe37e37bb9ac19e87e6e495303fab60c3111529,SOL,0.5740630629503168
0xcbe37e37bb9ac19e87e6e495303fab60c3111529,STG,0.4700615455573477
0xcbe37e37bb9ac19e87e6e495303fab60c3111529,SUI,0.5305448535486561
0xcbe37e37bb9ac19e87e6e495303fab60c3111529,SUSHI,0.5125368696311113
0xcbe37e37bb9ac19e87e6e495303fab60c3111529,TIA,0.4920511597991288
0xcbe37e37bb9ac19e87e6e495303fab60c3111529,TOKEN,0.4102109330206261
0xcbe37e37bb9ac19e87e6e495303fab60c3111529,TRX,0.4925737922270404
0xcbe37e37bb9ac19e87e6e495303fab60c3111529,UNI,0.5256969808199562
0xcbe37e37bb9ac19e87e6e495303fab60c3111529,USDT,0.4986802893373288
0xcbe37e37bb9ac19e87e6e495303fab60c3111529,XLM,0.512017965857471
0xcbe37e37bb9ac19e87e6e495303fab60c3111529,XMR,0.5893477791417059
0xcbe37e37bb9ac19e87e6e495303fab60c3111529,XRP,0.567951852620748
0xcbe37e37bb9ac19e87e6e495303fab60c3111529,XTZ,0.552101970807471
0xcbe37e37bb9ac19e87e6e495303fab60c3111529,XVS,0.5283737027642106
0xcbe37e37bb9ac19e87e6e495303fab60c3111529,YFI,0.5970301836334103
0xccc8f7bb5f28056799f8e6e8dc36e5cebefdf7c5,AAVE,0.5173782330215104
0xccc8f7bb5f28056799f8e6e8dc36e5cebefdf7c5,ADA,0.5092264606713237
0xccc8f7bb5f28056799f8e6e8dc36e5cebefdf7c5,ALGO,0.4234198844966646
0xccc8f7bb5f28056799f8e6e8dc36e5cebefdf7c5,APE,0.01
0xccc8f7bb5f28056799f8e6e8dc36e5cebefdf7c5,APT,0.5092264606713237
0xccc8f7bb5f28056799f8e6e8dc36e5cebefdf7c5,ATOM,0.5902053656747558
0xccc8f7bb5f28056799f8e6e8dc36e5cebefdf7c5,AVAX,0.5092264606713237
0xccc8f7bb5f28056799f8e6e8dc36e5cebefdf7c5,AXS,0.1598906525788212
0xccc8f7bb5f28056799f8e6e8dc36e5cebefdf7c5,BAL,0.4347729115250678
0xccc8f7bb5f28056799f8e6e8dc36e5cebefdf7c5,BCH,0.5092264606713237
0xccc8f7bb5f28056799f8e6e8dc36e5cebefdf7c5,BLUR,0.2802292529612533
0xccc8f7bb5f28056799f8e6e8dc36e5cebefdf7c5,BNB,0.99
0xccc8f7bb5f28056799f8e6e8dc36e5cebefdf7c5,BONK,0.5855637406861204
0xccc8f7bb5f28056799f8e6e8dc36e5cebefdf7c5,BTC,0.5092264606713237
0xccc8f7bb5f28056799f8e6e8dc36e5cebefdf7c5,C98,0.5273264598942524
0xccc8f7bb5f28056799f8e6e8dc36e5cebefdf7c5,CAKE,0.6631398534417463
0xccc8f7bb5f28056799f8e6e8dc36e5cebefdf7c5,COMP,0.4338509312105382
0xccc8f7bb5f28056799f8e6e8dc36e5cebefdf7c5,CRV,0.6778660106804502
0xccc8f7bb5f28056799f8e6e8dc36e5cebefdf7c5,CVX,0.5978538075478207
0xccc8f7bb5f28056799f8e6e8dc36e5cebefdf7c5,DAI,0.5092264606713237
0xccc8f7bb5f28056799f8e6e8dc36e5cebefdf7c5,DAO,0.5092264606713237
0xccc8f7bb5f28056799f8e6e8dc36e5cebefdf7c5,DOGE,0.5092264606713237
0xccc8f7bb5f28056799f8e6e8dc36e5cebefdf7c5,DOT,0.5092264606713237
0xccc8f7bb5f28056799f8e6e8dc36e5cebefdf7c5,DYDX,0.5092264606713237
0xccc8f7bb5f28056799f8e6e8dc36e5cebefdf7c5,EOS,0.5092264606713237
0xccc8f7bb5f28056799f8e6e8dc36e5cebefdf7c5,ETC,0.8629060945815572
0xccc8f7bb5f28056799f8e6e8dc36e5cebefdf7c5,ETH,0.5092264606713237
0xccc8f7bb5f28056799f8e6e8dc36e5cebefdf7c5,FET,0.4732322753796742
0xccc8f7bb5f28056799f8e6e8dc36e5cebefdf7c5,FIL,0.6145211771988822
0xccc8f7bb5f28056799f8e6e8dc36e5cebefdf7c5,FRAX,0.5092264606713237
0xccc8f7bb5f28056799f8e6e8dc36e5cebefdf7c5,FTM,0.5092264606713237
0xccc8f7bb5f28056799f8e6e8dc36e5cebefdf7c5,FXS,0.5092264606713237
0xccc8f7bb5f28056799f8e6e8dc36e5cebefdf7c5,GRT,0.6235696036922507
0xccc8f7bb5f28056799f8e6e8dc36e5cebefdf7c5,HAI,0.5092264606713237
0xccc8f7bb5f28056799f8e6e8dc36e5cebefdf7c5,HERO,0.5092264606713237
0xccc8f7bb5f28056799f8e6e8dc36e5cebefdf7c5,ICP,0.6098943317324946
0xccc8f7bb5f28056799f8e6e8dc36e5cebefdf7c5,IMX,0.4402253175638003
0xccc8f7bb5f28056799f8e6e8dc36e5cebefdf7c5,INJ,0.3324205314087712
0xccc8f7bb5f28056799f8e6e8dc36e5cebefdf7c5,LDO,0.0821801232834306
0xccc8f7bb5f28056799f8e6e8dc36e5cebefdf7c5,LINK,0.5092264606713237
0xccc8f7bb5f28056799f8e6e8dc36e5cebefdf7c5,LTC,0.5092264606713237
0xccc8f7bb5f28056799f8e6e8dc36e5cebefdf7c5,MATIC,0.5092264606713237
0xccc8f7bb5f28056799f8e6e8dc36e5cebefdf7c5,MAV,0.4857517602271979
0xccc8f7bb5f28056799f8e6e8dc36e5cebefdf7c5,MBOX,0.5092264606713237
0xccc8f7bb5f28056799f8e6e8dc36e5cebefdf7c5,MKR,0.5092264606713237
0xccc8f7bb5f28056799f8e6e8dc36e5cebefdf7c5,MOON,0.5092264606713237
0xccc8f7bb5f28056799f8e6e8dc36e5cebefdf7c5,NEAR,0.5771622056690378
0xccc8f7bb5f28056799f8e6e8dc36e5cebefdf7c5,OP,0.4944804657258679
0xccc8f7bb5f28056799f8e6e8dc36e5cebefdf7c5,PENDLE,0.432803678632525
0xccc8f7bb5f28056799f8e6e8dc36e5cebefdf7c5,PEPE,0.5937816603401254
0xccc8f7bb5f28056799f8e6e8dc36e5cebefdf7c5,PERP,0.5092264606713237
0xccc8f7bb5f28056799f8e6e8dc36e5cebefdf7c5,PIT,0.5092264606713237
0xccc8f7bb5f28056799f8e6e8dc36e5cebefdf7c5,POLS,0.5092264606713237
0xccc8f7bb5f28056799f8e6e8dc36e5cebefdf7c5,PYTH,0.4340951652731404
0xccc8f7bb5f28056799f8e6e8dc36e5cebefdf7c5,QUACK,0.5092264606713237
0xccc8f7bb5f28056799f8e6e8dc36e5cebefdf7c5,RDNT,0.5092264606713237
0xccc8f7bb5f28056799f8e6e8dc36e5cebefdf7c5,RNDR,0.5092264606713237
0xccc8f7bb5f28056799f8e6e8dc36e5cebefdf7c5,RPL,0.456536249713031
0xccc8f7bb5f28056799f8e6e8dc36e5cebefdf7c5,RUNE,0.4708080451688784
0xccc8f7bb5f28056799f8e6e8dc36e5cebefdf7c5,SFP,0.4649385616320484
0xccc8f7bb5f28056799f8e6e8dc36e5cebefdf7c5,SFUND,0.5092264606713237
0xccc8f7bb5f28056799f8e6e8dc36e5cebefdf7c5,SHIB,0.5092264606713237
0xccc8f7bb5f28056799f8e6e8dc36e5cebefdf7c5,SOL,0.5092264606713237
0xccc8f7bb5f28056799f8e6e8dc36e5cebefdf7c5,STG,0.4982287568316925
0xccc8f7bb5f28056799f8e6e8dc36e5cebefdf7c5,SUI,0.7043049534664588
0xccc8f7bb5f28056799f8e6e8dc36e5cebefdf7c5,SUSHI,0.5010746883211371
0xccc8f7bb5f28056799f8e6e8dc36e5cebefdf7c5,TIA,0.4511121736948699
0xccc8f7bb5f28056799f8e6e8dc36e5cebefdf7c5,TOKEN,0.5092264606713237
0xccc8f7bb5f28056799f8e6e8dc36e5cebefdf7c5,TRX,0.8664826072511923
0xccc8f7bb5f28056799f8e6e8dc36e5cebefdf7c5,UNI,0.7166023188419034
0xccc8f7bb5f28056799f8e6e8dc36e5cebefdf7c5,USDT,0.5092264606713237
0xccc8f7bb5f28056799f8e6e8dc36e5cebefdf7c5,XLM,0.5092264606713237
0xccc8f7bb5f28056799f8e6e8dc36e5cebefdf7c5,XMR,0.7056211052111092
0xccc8f7bb5f28056799f8e6e8dc36e5cebefdf7c5,XRP,0.5092264606713237
0xccc8f7bb5f28056799f8e6e8dc36e5cebefdf7c5,XTZ,0.5092264606713237
0xccc8f7bb5f28056799f8e6e8dc36e5cebefdf7c5,XVS,0.5273875907905137
0xccc8f7bb5f28056799f8e6e8dc36e5cebefdf7c5,YFI,0.6868120206069216
0xcf28560da27700098a0efcb3f5742169948892de,AAVE,0.4488270778850756
0xcf28560da27700098a0efcb3f5742169948892de,ADA,0.5433297707431164
0xcf28560da27700098a0efcb3f5742169948892de,ALGO,0.4645442172303023
0xcf28560da27700098a0efcb3f5742169948892de,APE,0.4057388894622036
0xcf28560da27700098a0efcb3f5742169948892de,APT,0.508678032598963
0xcf28560da27700098a0efcb3f5742169948892de,ATOM,0.5718181932087748
0xcf28560da27700098a0efcb3f5742169948892de,AVAX,0.5431980991469321
0xcf28560da27700098a0efcb3f5742169948892de,AXS,0.4030165504933615
0xcf28560da27700098a0efcb3f5742169948892de,BAL,0.4977560476521942
0xcf28560da27700098a0efcb3f5742169948892de,BCH,0.6213275355141435
0xcf28560da27700098a0efcb3f5742169948892de,BLUR,0.494356722847736
0xcf28560da27700098a0efcb3f5742169948892de,BNB,0.6247123600036835
0xcf28560da27700098a0efcb3f5742169948892de,BONK,0.539251674257081
0xcf28560da27700098a0efcb3f5742169948892de,BTC,0.6616580993117892
0xcf28560da27700098a0efcb3f5742169948892de,C98,0.4920422064169051
0xcf28560da27700098a0efcb3f5742169948892de,CAKE,0.5281682508374884
0xcf28560da27700098a0efcb3f5742169948892de,COMP,0.4856881306080918
0xcf28560da27700098a0efcb3f5742169948892de,CRV,0.4985925700367369
0xcf28560da27700098a0efcb3f5742169948892de,CVX,0.545202959014919
0xcf28560da27700098a0efcb3f5742169948892de,DAI,0.5917188029173958
0xcf28560da27700098a0efcb3f5742169948892de,DAO,0.4730584632563472
0xcf28560da27700098a0efcb3f5742169948892de,DOGE,0.5081194598959008
0xcf28560da27700098a0efcb3f5742169948892de,DOT,0.5517081592757582
0xcf28560da27700098a0efcb3f5742169948892de,DYDX,0.4393101255497068
0xcf28560da27700098a0efcb3f5742169948892de,EOS,0.5537537216224593
0xcf28560da27700098a0efcb3f5742169948892de,ETC,0.510671660179684
0xcf28560da27700098a0efcb3f5742169948892de,ETH,0.5407777600881225
0xcf28560da27700098a0efcb3f5742169948892de,FET,0.4734055367799248
0xcf28560da27700098a0efcb3f5742169948892de,FIL,0.5522036251271453
0xcf28560da27700098a0efcb3f5742169948892de,FRAX,0.5812233078986299
0xcf28560da27700098a0efcb3f5742169948892de,FTM,0.5337127473207091
0xcf28560da27700098a0efcb3f5742169948892de,FXS,0.4591221049794521
0xcf28560da27700098a0efcb3f5742169948892de,GRT,0.545024778407158
0xcf28560da27700098a0efcb3f5742169948892de,HAI,0.5027736500736761
0xcf28560da27700098a0efcb3f5742169948892de,HERO,0.5387727016585514
0xcf28560da27700098a0efcb3f5742169948892de,ICP,0.5349743937038055
0xcf28560da27700098a0efcb3f5742169948892de,IMX,0.530602778473057
0xcf28560da27700098a0efcb3f5742169948892de,INJ,0.5213114226112866
0xcf28560da27700098a0efcb3f5742169948892de,LDO,0.4919543060096099
0xcf28560da27700098a0efcb3f5742169948892de,LINK,0.5350241555398015
0xcf28560da27700098a0efcb3f5742169948892de,LTC,0.6153419257010325
0xcf28560da27700098a0efcb3f5742169948892de,MATIC,0.5428399686232308
0xcf28560da27700098a0efcb3f5742169948892de,MAV,0.5467503769195042
0xcf28560da27700098a0efcb3f5742169948892de,MBOX,0.4493033288517882
0xcf28560da27700098a0efcb3f5742169948892de,MKR,0.572420463300325
0xcf28560da27700098a0efcb3f5742169948892de,MOON,0.4579823215823176
0xcf28560da27700098a0efcb3f5742169948892de,NEAR,0.5616510759592368
0xcf28560da27700098a0efcb3f5742169948892de,OP,0.4624179783526312
0xcf28560da27700098a0efcb3f5742169948892de,PENDLE,0.555628130122744
0xcf28560da27700098a0efcb3f5742169948892de,PEPE,0.5260250703472085
0xcf28560da27700098a0efcb3f5742169948892de,PERP,0.4921718174838645
0xcf28560da27700098a0efcb3f5742169948892de,PIT,0.5269223391589061
0xcf28560da27700098a0efcb3f5742169948892de,POLS,0.5113511541812148
0xcf28560da27700098a0efcb3f5742169948892de,PYTH,0.501238357938374
0xcf28560da27700098a0efcb3f5742169948892de,QUACK,0.6615804868483705
0xcf28560da27700098a0efcb3f5742169948892de,RDNT,0.5024063847011431
0xcf28560da27700098a0efcb3f5742169948892de,RNDR,0.5477395007795254
0xcf28560da27700098a0efcb3f5742169948892de,RPL,0.5133739097406554
0xcf28560da27700098a0efcb3f5742169948892de,RUNE,0.4458634802416715
0xcf28560da27700098a0efcb3f5742169948892de,SFP,0.4713297586975792
0xcf28560da27700098a0efcb3f5742169948892de,SFUND,0.3915062552878348
0xcf28560da27700098a0efcb3f5742169948892de,SHIB,0.5129850506981157
0xcf28560da27700098a0efcb3f5742169948892de,SOL,0.5828381541478995
0xcf28560da27700098a0efcb3f5742169948892de,STG,0.5242655808117325
0xcf28560da27700098a0efcb3f5742169948892de,SUI,0.5709664528614661
0xcf28560da27700098a0efcb3f5742169948892de,SUSHI,0.551490324284404
0xcf28560da27700098a0efcb3f5742169948892de,TIA,0.5886414836511842
0xcf28560da27700098a0efcb3f5742169948892de,TOKEN,0.449072006644217
0xcf28560da27700098a0efcb3f5742169948892de,TRX,0.4739015349160256
0xcf28560da27700098a0efcb3f5742169948892de,UNI,0.5675152157543135
0xcf28560da27700098a0efcb3f5742169948892de,USDT,0.4825704336809735
0xcf28560da27700098a0efcb3f5742169948892de,XLM,0.539337807504022
0xcf28560da27700098a0efcb3f5742169948892de,XMR,0.5818089655304468
0xcf28560da27700098a0efcb3f5742169948892de,XRP,0.5731798067819717
0xcf28560da27700098a0efcb3f5742169948892de,XTZ,0.5343672757400826
0xcf28560da27700098a0efcb3f5742169948892de,XVS,0.5400160886883003
0xcf28560da27700098a0efcb3f5742169948892de,YFI,0.6030774929650138
0xe14867e41410bd7232a52b9400476c08b4e535b3,AAVE,0.52451396
0xe14867e41410bd7232a52b9400476c08b4e535b3,ADA,0.5405525
0xe14867e41410bd7232a52b9400476c08b4e535b3,ALGO,0.4698771
0xe14867e41410bd7232a52b9400476c08b4e535b3,APE,0.406437
0xe14867e41410bd7232a52b9400476c08b4e535b3,APT,0.5170911
0xe14867e41410bd7232a52b9400476c08b4e535b3,ATOM,0.5183596
0xe14867e41410bd7232a52b9400476c08b4e535b3,AVAX,0.5559553
0xe14867e41410bd7232a52b9400476c08b4e535b3,AXS,0.44053426
0xe14867e41410bd7232a52b9400476c08b4e535b3,BAL,0.5028671
0xe14867e41410bd7232a52b9400476c08b4e535b3,BCH,0.56943005
0xe14867e41410bd7232a52b9400476c08b4e535b3,BLUR,0.47331777
0xe14867e41410bd7232a52b9400476c08b4e535b3,BNB,0.59254557
0xe14867e41410bd7232a52b9400476c08b4e535b3,BONK,0.5245834
0xe14867e41410bd7232a52b9400476c08b4e535b3,BTC,0.6012494
0xe14867e41410bd7232a52b9400476c08b4e535b3,C98,0.52350503
0xe14867e41410bd7232a52b9400476c08b4e535b3,CAKE,0.5393824
0xe14867e41410bd7232a52b9400476c08b4e535b3,COMP,0.53124315
0xe14867e41410bd7232a52b9400476c08b4e535b3,CRV,0.52295244
0xe14867e41410bd7232a52b9400476c08b4e535b3,CVX,0.5361769
0xe14867e41410bd7232a52b9400476c08b4e535b3,DAI,0.58322066
0xe14867e41410bd7232a52b9400476c08b4e535b3,DAO,0.46972144
0xe14867e41410bd7232a52b9400476c08b4e535b3,DOGE,0.5266017
0xe14867e41410bd7232a52b9400476c08b4e535b3,DOT,0.5442723
0xe14867e41410bd7232a52b9400476c08b4e535b3,DYDX,0.4691509
0xe14867e41410bd7232a52b9400476c08b4e535b3,EOS,0.49133462
0xe14867e41410bd7232a52b9400476c08b4e535b3,ETC,0.5221919
0xe14867e41410bd7232a52b9400476c08b4e535b3,ETH,0.54856837
0xe14867e41410bd7232a52b9400476c08b4e535b3,FET,0.4626772
0xe14867e41410bd7232a52b9400476c08b4e535b3,FIL,0.5235523
0xe14867e41410bd7232a52b9400476c08b4e535b3,FRAX,0.5599447
0xe14867e41410bd7232a52b9400476c08b4e535b3,FTM,0.50864166
0xe14867e41410bd7232a52b9400476c08b4e535b3,FXS,0.5074112
0xe14867e41410bd7232a52b9400476c08b4e535b3,GRT,0.55539745
0xe14867e41410bd7232a52b9400476c08b4e535b3,HAI,0.48264435
0xe14867e41410bd7232a52b9400476c08b4e535b3,HERO,0.534122
0xe14867e41410bd7232a52b9400476c08b4e535b3,ICP,0.52271396
0xe14867e41410bd7232a52b9400476c08b4e535b3,IMX,0.49515852
0xe14867e41410bd7232a52b9400476c08b4e535b3,INJ,0.53615755
0xe14867e41410bd7232a52b9400476c08b4e535b3,LDO,0.45411834
0xe14867e41410bd7232a52b9400476c08b4e535b3,LINK,0.5387466
0xe14867e41410bd7232a52b9400476c08b4e535b3,LTC,0.55977315
0xe14867e41410bd7232a52b9400476c08b4e535b3,MATIC,0.56071067
0xe14867e41410bd7232a52b9400476c08b4e535b3,MAV,0.51982
0xe14867e41410bd7232a52b9400476c08b4e535b3,MBOX,0.4678884
0xe14867e41410bd7232a52b9400476c08b4e535b3,MKR,0.5772017
0xe14867e41410bd7232a52b9400476c08b4e535b3,MOON,0.4505727
0xe14867e41410bd7232a52b9400476c08b4e535b3,NEAR,0.52603894
0xe14867e41410bd7232a52b9400476c08b4e535b3,OP,0.48720744
0xe14867e41410bd7232a52b9400476c08b4e535b3,PENDLE,0.49821228
0xe14867e41410bd7232a52b9400476c08b4e535b3,PEPE,0.5390105
0xe14867e41410bd7232a52b9400476c08b4e535b3,PERP,0.49967253
0xe14867e41410bd7232a52b9400476c08b4e535b3,PIT,0.520879
0xe14867e41410bd7232a52b9400476c08b4e535b3,POLS,0.50591373
0xe14867e41410bd7232a52b9400476c08b4e535b3,PYTH,0.4937004
0xe14867e41410bd7232a52b9400476c08b4e535b3,QUACK,0.5716057
0xe14867e41410bd7232a52b9400476c08b4e535b3,RDNT,0.47899
0xe14867e41410bd7232a52b9400476c08b4e535b3,RNDR,0.54102874
0xe14867e41410bd7232a52b9400476c08b4e535b3,RPL,0.5296358
0xe14867e41410bd7232a52b9400476c08b4e535b3,RUNE,0.4956378
0xe14867e41410bd7232a52b9400476c08b4e535b3,SFP,0.53234583
0xe14867e41410bd7232a52b9400476c08b4e535b3,SFUND,0.4445857
0xe14867e41410bd7232a52b9400476c08b4e535b3,SHIB,0.5446862
0xe14867e41410bd7232a52b9400476c08b4e535b3,SOL,0.5627094
0xe14867e41410bd7232a52b9400476c08b4e535b3,STG,0.48311484
0xe14867e41410bd7232a52b9400476c08b4e535b3,SUI,0.5446369
0xe14867e41410bd7232a52b9400476c08b4e535b3,SUSHI,0.51240814
0xe14867e41410bd7232a52b9400476c08b4e535b3,TIA,0.500024
0xe14867e41410bd7232a52b9400476c08b4e535b3,TOKEN,0.44332656
0xe14867e41410bd7232a52b9400476c08b4e535b3,TRX,0.5451577
0xe14867e41410bd7232a52b9400476c08b4e535b3,UNI,0.5453609
0xe14867e41410bd7232a52b9400476c08b4e535b3,USDT,0.52380395
0xe14867e41410bd7232a52b9400476c08b4e535b3,XLM,0.5570437
0xe14867e41410bd7232a52b9400476c08b4e535b3,XMR,0.57163316
0xe14867e41410bd7232a52b9400476c08b4e535b3,XRP,0.53453267
0xe14867e41410bd7232a52b9400476c08b4e535b3,XTZ,0.5376917
0xe14867e41410bd7232a52b9400476c08b4e535b3,XVS,0.54121065
0xe14867e41410bd7232a52b9400476c08b4e535b3,YFI,0.5943024
0xe1929facb0bb53baa1fc6e91a31190ef228d9662,AAVE,80.42307
0xe1929facb0bb53baa1fc6e91a31190ef228d9662,ADA,80.42307
0xe1929facb0bb53baa1fc6e91a31190ef228d9662,ALGO,78.78001
0xe1929facb0bb53baa1fc6e91a31190ef228d9662,APE,80.42307
0xe1929facb0bb53baa1fc6e91a31190ef228d9662,APT,80.42307
0xe1929facb0bb53baa1fc6e91a31190ef228d9662,ATOM,80.42307
0xe1929facb0bb53baa1fc6e91a31190ef228d9662,AVAX,80.42307
0xe1929facb0bb53baa1fc6e91a31190ef228d9662,AXS,80.42307
0xe1929facb0bb53baa1fc6e91a31190ef228d9662,BAL,80.42307
0xe1929facb0bb53baa1fc6e91a31190ef228d9662,BCH,80.42307
0xe1929facb0bb53baa1fc6e91a31190ef228d9662,BLUR,80.42307
0xe1929facb0bb53baa1fc6e91a31190ef228d9662,BNB,197.90204
0xe1929facb0bb53baa1fc6e91a31190ef228d9662,BONK,80.42307
0xe1929facb0bb53baa1fc6e91a31190ef228d9662,BTC,79.22915
0xe1929facb0bb53baa1fc6e91a31190ef228d9662,C98,80.42307
0xe1929facb0bb53baa1fc6e91a31190ef228d9662,CAKE,80.42307
0xe1929facb0bb53baa1fc6e91a31190ef228d9662,COMP,80.42307
0xe1929facb0bb53baa1fc6e91a31190ef228d9662,CRV,80.42307
0xe1929facb0bb53baa1fc6e91a31190ef228d9662,CVX,80.42307
0xe1929facb0bb53baa1fc6e91a31190ef228d9662,DAI,80.42307
0xe1929facb0bb53baa1fc6e91a31190ef228d9662,DAO,80.42307
0xe1929facb0bb53baa1fc6e91a31190ef228d9662,DOGE,80.42307
0xe1929facb0bb53baa1fc6e91a31190ef228d9662,DOT,80.42307
0xe1929facb0bb53baa1fc6e91a31190ef228d9662,DYDX,80.42307
0xe1929facb0bb53baa1fc6e91a31190ef228d9662,EOS,80.42307
0xe1929facb0bb53baa1fc6e91a31190ef228d9662,ETC,80.42307
0xe1929facb0bb53baa1fc6e91a31190ef228d9662,ETH,80.42307
0xe1929facb0bb53baa1fc6e91a31190ef228d9662,FET,80.42307
0xe1929facb0bb53baa1fc6e91a31190ef228d9662,FIL,80.42307
0xe1929facb0bb53baa1fc6e91a31190ef228d9662,FRAX,80.42307
0xe1929facb0bb53baa1fc6e91a31190ef228d9662,FTM,339.15457
0xe1929facb0bb53baa1fc6e91a31190ef228d9662,FXS,80.42307
0xe1929facb0bb53baa1fc6e91a31190ef228d9662,GRT,80.42307
0xe1929facb0bb53baa1fc6e91a31190ef228d9662,HAI,80.42307
0xe1929facb0bb53baa1fc6e91a31190ef228d9662,HERO,80.42307
0xe1929facb0bb53baa1fc6e91a31190ef228d9662,ICP,80.42307
0xe1929facb0bb53baa1fc6e91a31190ef228d9662,IMX,80.42307
0xe1929facb0bb53baa1fc6e91a31190ef228d9662,INJ,80.42307
0xe1929facb0bb53baa1fc6e91a31190ef228d9662,LDO,80.42307
0xe1929facb0bb53baa1fc6e91a31190ef228d9662,LINK,80.42307
0xe1929facb0bb53baa1fc6e91a31190ef228d9662,LTC,80.42307
0xe1929facb0bb53baa1fc6e91a31190ef228d9662,MATIC,80.42307
0xe1929facb0bb53baa1fc6e91a31190ef228d9662,MAV,80.42307
0xe1929facb0bb53baa1fc6e91a31190ef228d9662,MBOX,80.42307
0xe1929facb0bb53baa1fc6e91a31190ef228d9662,MKR,80.42307
0xe1929facb0bb53baa1fc6e91a31190ef228d9662,MOON,209.53693
0xe1929facb0bb53baa1fc6e91a31190ef228d9662,NEAR,80.42307
0xe1929facb0bb53baa1fc6e91a31190ef228d9662,OP,80.42307
0xe1929facb0bb53baa1fc6e91a31190ef228d9662,PENDLE,80.42307
0xe1929facb0bb53baa1fc6e91a31190ef228d9662,PEPE,80.42307
0xe1929facb0bb53baa1fc6e91a31190ef228d9662,PERP,80.42307
0xe1929facb0bb53baa1fc6e91a31190ef228d9662,PIT,80.42307
0xe1929facb0bb53baa1fc6e91a31190ef228d9662,POLS,80.42307
0xe1929facb0bb53baa1fc6e91a31190ef228d9662,PYTH,80.42307
0xe1929facb0bb53baa1fc6e91a31190ef228d9662,QUACK,80.42307
0xe1929facb0bb53baa1fc6e91a31190ef228d9662,RDNT,80.42307
0xe1929facb0bb53baa1fc6e91a31190ef228d9662,RNDR,80.42307
0xe1929facb0bb53baa1fc6e91a31190ef228d9662,RPL,80.42307
0xe1929facb0bb53baa1fc6e91a31190ef228d9662,RUNE,80.42307
0xe1929facb0bb53baa1fc6e91a31190ef228d9662,SFP,80.42307
0xe1929facb0bb53baa1fc6e91a31190ef228d9662,SFUND,80.42307
0xe1929facb0bb53baa1fc6e91a31190ef228d9662,SHIB,80.42307
0xe1929facb0bb53baa1fc6e91a31190ef228d9662,SOL,197.90204
0xe1929facb0bb53baa1fc6e91a31190ef228d9662,STG,80.42307
0xe1929facb0bb53baa1fc6e91a31190ef228d9662,SUI,80.42307
0xe1929facb0bb53baa1fc6e91a31190ef228d9662,SUSHI,80.42307
0xe1929facb0bb53baa1fc6e91a31190ef228d9662,TIA,80.42307
0xe1929facb0bb53baa1fc6e91a31190ef228d9662,TOKEN,80.42307
0xe1929facb0bb53baa1fc6e91a31190ef228d9662,TRX,80.42307
0xe1929facb0bb53baa1fc6e91a31190ef228d9662,UNI,80.42307
0xe1929facb0bb53baa1fc6e91a31190ef228d9662,USDT,438.81943
0xe1929facb0bb53baa1fc6e91a31190ef228d9662,XLM,80.42307
0xe1929facb0bb53baa1fc6e91a31190ef228d9662,XMR,80.42307
0xe1929facb0bb53baa1fc6e91a31190ef228d9662,XRP,80.42307
0xe1929facb0bb53baa1fc6e91a31190ef228d9662,XTZ,80.42307
0xe1929facb0bb53baa1fc6e91a31190ef228d9662,XVS,80.42307
0xe1929facb0bb53baa1fc6e91a31190ef228d9662,YFI,80.42307
0xeba5ba85f72e40a9f2b8782c2bd51ec31a5564da,AAVE,0.52242464
0xeba5ba85f72e40a9f2b8782c2bd51ec31a5564da,ADA,0.5382387
0xeba5ba85f72e40a9f2b8782c2bd51ec31a5564da,ALGO,0.4617153
0xeba5ba85f72e40a9f2b8782c2bd51ec31a5564da,APE,0.40642372
0xeba5ba85f72e40a9f2b8782c2bd51ec31a5564da,APT,0.5094053
0xeba5ba85f72e40a9f2b8782c2bd51ec31a5564da,ATOM,0.51506454
0xeba5ba85f72e40a9f2b8782c2bd51ec31a5564da,AVAX,0.5552922
0xeba5ba85f72e40a9f2b8782c2bd51ec31a5564da,AXS,0.43912014
0xeba5ba85f72e40a9f2b8782c2bd51ec31a5564da,BAL,0.51924807
0xeba5ba85f72e40a9f2b8782c2bd51ec31a5564da,BCH,0.56382376
0xeba5ba85f72e40a9f2b8782c2bd51ec31a5564da,BLUR,0.47288787
0xeba5ba85f72e40a9f2b8782c2bd51ec31a5564da,BNB,0.5883131
0xeba5ba85f72e40a9f2b8782c2bd51ec31a5564da,BONK,0.5202751
0xeba5ba85f72e40a9f2b8782c2bd51ec31a5564da,BTC,0.5937988
0xeba5ba85f72e40a9f2b8782c2bd51ec31a5564da,C98,0.51774234
0xeba5ba85f72e40a9f2b8782c2bd51ec31a5564da,CAKE,0.52916193
0xeba5ba85f72e40a9f2b8782c2bd51ec31a5564da,COMP,0.52571225
0xeba5ba85f72e40a9f2b8782c2bd51ec31a5564da,CRV,0.5208623
0xeba5ba85f72e40a9f2b8782c2bd51ec31a5564da,CVX,0.5386355
0xeba5ba85f72e40a9f2b8782c2bd51ec31a5564da,DAI,0.5845216
0xeba5ba85f72e40a9f2b8782c2bd51ec31a5564da,DAO,0.45632276
0xeba5ba85f72e40a9f2b8782c2bd51ec31a5564da,DOGE,0.52560854
0xeba5ba85f72e40a9f2b8782c2bd51ec31a5564da,DOT,0.5465935
0xeba5ba85f72e40a9f2b8782c2bd51ec31a5564da,DYDX,0.47258243
0xeba5ba85f72e40a9f2b8782c2bd51ec31a5564da,EOS,0.49847183
0xeba5ba85f72e40a9f2b8782c2bd51ec31a5564da,ETC,0.53163415
0xeba5ba85f72e40a9f2b8782c2bd51ec31a5564da,ETH,0.55300736
0xeba5ba85f72e40a9f2b8782c2bd51ec31a5564da,FET,0.47089824
0xeba5ba85f72e40a9f2b8782c2bd51ec31a5564da,FIL,0.52649784
0xeba5ba85f72e40a9f2b8782c2bd51ec31a5564da,FRAX,0.5578112
0xeba5ba85f72e40a9f2b8782c2bd51ec31a5564da,FTM,0.5164172
0xeba5ba85f72e40a9f2b8782c2bd51ec31a5564da,FXS,0.5034556
0xeba5ba85f72e40a9f2b8782c2bd51ec31a5564da,GRT,0.5625584
0xeba5ba85f72e40a9f2b8782c2bd51ec31a5564da,HAI,0.48635268
0xeba5ba85f72e40a9f2b8782c2bd51ec31a5564da,HERO,0.53478456
0xeba5ba85f72e40a9f2b8782c2bd51ec31a5564da,ICP,0.5273947
0xeba5ba85f72e40a9f2b8782c2bd51ec31a5564da,IMX,0.49449933
0xeba5ba85f72e40a9f2b8782c2bd51ec31a5564da,INJ,0.52169776
0xeba5ba85f72e40a9f2b8782c2bd51ec31a5564da,LDO,0.46627104
0xeba5ba85f72e40a9f2b8782c2bd51ec31a5564da,LINK,0.5332856
0xeba5ba85f72e40a9f2b8782c2bd51ec31a5564da,LTC,0.5531504
0xeba5ba85f72e40a9f2b8782c2bd51ec31a5564da,MATIC,0.56370956
0xeba5ba85f72e40a9f2b8782c2bd51ec31a5564da,MAV,0.5117286
0xeba5ba85f72e40a9f2b8782c2bd51ec31a5564da,MBOX,0.4673799
0xeba5ba85f72e40a9f2b8782c2bd51ec31a5564da,MKR,0.57992524
0xeba5ba85f72e40a9f2b8782c2bd51ec31a5564da,MOON,0.43099108
0xeba5ba85f72e40a9f2b8782c2bd51ec31a5564da,NEAR,0.53169703
0xeba5ba85f72e40a9f2b8782c2bd51ec31a5564da,OP,0.48512498
0xeba5ba85f72e40a9f2b8782c2bd51ec31a5564da,PENDLE,0.49405864
0xeba5ba85f72e40a9f2b8782c2bd51ec31a5564da,PEPE,0.5296611
0xeba5ba85f72e40a9f2b8782c2bd51ec31a5564da,PERP,0.49038908
0xeba5ba85f72e40a9f2b8782c2bd51ec31a5564da,PIT,0.530641
0xeba5ba85f72e40a9f2b8782c2bd51ec31a5564da,POLS,0.5104247
0xeba5ba85f72e40a9f2b8782c2bd51ec31a5564da,PYTH,0.49200597
0xeba5ba85f72e40a9f2b8782c2bd51ec31a5564da,QUACK,0.5645339
0xeba5ba85f72e40a9f2b8782c2bd51ec31a5564da,RDNT,0.4815714
0xeba5ba85f72e40a9f2b8782c2bd51ec31a5564da,RNDR,0.5231013
0xeba5ba85f72e40a9f2b8782c2bd51ec31a5564da,RPL,0.52491575
0xeba5ba85f72e40a9f2b8782c2bd51ec31a5564da,RUNE,0.49161324
0xeba5ba85f72e40a9f2b8782c2bd51ec31a5564da,SFP,0.5270943
0xeba5ba85f72e40a9f2b8782c2bd51ec31a5564da,SFUND,0.43464044
0xeba5ba85f72e40a9f2b8782c2bd51ec31a5564da,SHIB,0.5453696
0xeba5ba85f72e40a9f2b8782c2bd51ec31a5564da,SOL,0.570232
0xeba5ba85f72e40a9f2b8782c2bd51ec31a5564da,STG,0.482105
0xeba5ba85f72e40a9f2b8782c2bd51ec31a5564da,SUI,0.5420696
0xeba5ba85f72e40a9f2b8782c2bd51ec31a5564da,SUSHI,0.51613206
0xeba5ba85f72e40a9f2b8782c2bd51ec31a5564da,TIA,0.5092833
0xeba5ba85f72e40a9f2b8782c2bd51ec31a5564da,TOKEN,0.44064996
0xeba5ba85f72e40a9f2b8782c2bd51ec31a5564da,TRX,0.54446703
0xeba5ba85f72e40a9f2b8782c2bd51ec31a5564da,UNI,0.5484194
0xeba5ba85f72e40a9f2b8782c2bd51ec31a5564da,USDT,0.5252507
0xeba5ba85f72e40a9f2b8782c2bd51ec31a5564da,XLM,0.5595581
0xeba5ba85f72e40a9f2b8782c2bd51ec31a5564da,XMR,0.59496444
0xeba5ba85f72e40a9f2b8782c2bd51ec31a5564da,XRP,0.54257447
0xeba5ba85f72e40a9f2b8782c2bd51ec31a5564da,XTZ,0.5402947
0xeba5ba85f72e40a9f2b8782c2bd51ec31a5564da,XVS,0.5378835
0xeba5ba85f72e40a9f2b8782c2bd51ec31a5564da,YFI,0.5853021
0xf097ed117dd3930f1eeb91569a6a61b4c52744c8,AAVE,0.52401173
0xf097ed117dd3930f1eeb91569a6a61b4c52744c8,ADA,0.5357094
0xf097ed117dd3930f1eeb91569a6a61b4c52744c8,ALGO,0.4614813
0xf097ed117dd3930f1eeb91569a6a61b4c52744c8,APE,0.39616263
0xf097ed117dd3930f1eeb91569a6a61b4c52744c8,APT,0.5086002
0xf097ed117dd3930f1eeb91569a6a61b4c52744c8,ATOM,0.526425
0xf097ed117dd3930f1eeb91569a6a61b4c52744c8,AVAX,0.565217
0xf097ed117dd3930f1eeb91569a6a61b4c52744c8,AXS,0.44442198
0xf097ed117dd3930f1eeb91569a6a61b4c52744c8,BAL,0.53057545
0xf097ed117dd3930f1eeb91569a6a61b4c52744c8,BCH,0.5623219
0xf097ed117dd3930f1eeb91569a6a61b4c52744c8,BLUR,0.47861835
0xf097ed117dd3930f1eeb91569a6a61b4c52744c8,BNB,0.59891057
0xf097ed117dd3930f1eeb91569a6a61b4c52744c8,BONK,0.5172653
0xf097ed117dd3930f1eeb91569a6a61b4c52744c8,BTC,0.59542996
0xf097ed117dd3930f1eeb91569a6a61b4c52744c8,C98,0.5092821
0xf097ed117dd3930f1eeb91569a6a61b4c52744c8,CAKE,0.5313747
0xf097ed117dd3930f1eeb91569a6a61b4c52744c8,COMP,0.5365215
0xf097ed117dd3930f1eeb91569a6a61b4c52744c8,CRV,0.51173633
0xf097ed117dd3930f1eeb91569a6a61b4c52744c8,CVX,0.5424526
0xf097ed117dd3930f1eeb91569a6a61b4c52744c8,DAI,0.59129214
0xf097ed117dd3930f1eeb91569a6a61b4c52744c8,DAO,0.45369047
0xf097ed117dd3930f1eeb91569a6a61b4c52744c8,DOGE,0.529559
0xf097ed117dd3930f1eeb91569a6a61b4c52744c8,DOT,0.54822636
0xf097ed117dd3930f1eeb91569a6a61b4c52744c8,DYDX,0.47400084
0xf097ed117dd3930f1eeb91569a6a61b4c52744c8,EOS,0.49941266
0xf097ed117dd3930f1eeb91569a6a61b4c52744c8,ETC,0.53943425
0xf097ed117dd3930f1eeb91569a6a61b4c52744c8,ETH,0.5600893
0xf097ed117dd3930f1eeb91569a6a61b4c52744c8,FET,0.48202163
0xf097ed117dd3930f1eeb91569a6a61b4c52744c8,FIL,0.5286391
0xf097ed117dd3930f1eeb91569a6a61b4c52744c8,FRAX,0.5623443
0xf097ed117dd3930f1eeb91569a6a61b4c52744c8,FTM,0.5228731
0xf097ed117dd3930f1eeb91569a6a61b4c52744c8,FXS,0.500572
0xf097ed117dd3930f1eeb91569a6a61b4c52744c8,GRT,0.56089604
0xf097ed117dd3930f1eeb91569a6a61b4c52744c8,HAI,0.4812534
0xf097ed117dd3930f1eeb91569a6a61b4c52744c8,HERO,0.5300442
0xf097ed117dd3930f1eeb91569a6a61b4c52744c8,ICP,0.5302744
0xf097ed117dd3930f1eeb91569a6a61b4c52744c8,IMX,0.48912346
0xf097ed117dd3930f1eeb91569a6a61b4c52744c8,INJ,0.51092017
0xf097ed117dd3930f1eeb91569a6a61b4c52744c8,LDO,0.4790158
0xf097ed117dd3930f1eeb91569a6a61b4c52744c8,LINK,0.5455672
0xf097ed117dd3930f1eeb91569a6a61b4c52744c8,LTC,0.5488087
0xf097ed117dd3930f1eeb91569a6a61b4c52744c8,MATIC,0.56994605
0xf097ed117dd3930f1eeb91569a6a61b4c52744c8,MAV,0.5106524
0xf097ed117dd3930f1eeb91569a6a61b4c52744c8,MBOX,0.461276
0xf097ed117dd3930f1eeb91569a6a61b4c52744c8,MKR,0.5805853
0xf097ed117dd3930f1eeb91569a6a61b4c52744c8,MOON,0.42302474
0xf097ed117dd3930f1eeb91569a6a61b4c52744c8,NEAR,0.5320332
0xf097ed117dd3930f1eeb91569a6a61b4c52744c8,OP,0.48809478
0xf097ed117dd3930f1eeb91569a6a61b4c52744c8,PENDLE,0.4923578
0xf097ed117dd3930f1eeb91569a6a61b4c52744c8,PEPE,0.5312438
0xf097ed117dd3930f1eeb91569a6a61b4c52744c8,PERP,0.48915946
0xf097ed117dd3930f1eeb91569a6a61b4c52744c8,PIT,0.53687376
0xf097ed117dd3930f1eeb91569a6a61b4c52744c8,POLS,0.51652217
0xf097ed117dd3930f1eeb91569a6a61b4c52744c8,PYTH,0.48755687
0xf097ed117dd3930f1eeb91569a6a61b4c52744c8,QUACK,0.56502014
0xf097ed117dd3930f1eeb91569a6a61b4c52744c8,RDNT,0.48950475
0xf097ed117dd3930f1eeb91569a6a61b4c52744c8,RNDR,0.52489614
0xf097ed117dd3930f1eeb91569a6a61b4c52744c8,RPL,0.5181591
0xf097ed117dd3930f1eeb91569a6a61b4c52744c8,RUNE,0.4999704
0xf097ed117dd3930f1eeb91569a6a61b4c52744c8,SFP,0.5277986
0xf097ed117dd3930f1eeb91569a6a61b4c52744c8,SFUND,0.42768836
0xf097ed117dd3930f1eeb91569a6a61b4c52744c8,SHIB,0.54512316
0xf097ed117dd3930f1eeb91569a6a61b4c52744c8,SOL,0.5745405
0xf097ed117dd3930f1eeb91569a6a61b4c52744c8,STG,0.48001206
0xf097ed117dd3930f1eeb91569a6a61b4c52744c8,SUI,0.5450125
0xf097ed117dd3930f1eeb91569a6a61b4c52744c8,SUSHI,0.52296984
0xf097ed117dd3930f1eeb91569a6a61b4c52744c8,TIA,0.5189954
0xf097ed117dd3930f1eeb91569a6a61b4c52744c8,TOKEN,0.4380773
0xf097ed117dd3930f1eeb91569a6a61b4c52744c8,TRX,0.5450372
0xf097ed117dd3930f1eeb91569a6a61b4c52744c8,UNI,0.5502385
0xf097ed117dd3930f1eeb91569a6a61b4c52744c8,USDT,0.529384
0xf097ed117dd3930f1eeb91569a6a61b4c52744c8,XLM,0.5579803
0xf097ed117dd3930f1eeb91569a6a61b4c52744c8,XMR,0.6037113
0xf097ed117dd3930f1eeb91569a6a61b4c52744c8,XRP,0.5498684
0xf097ed117dd3930f1eeb91569a6a61b4c52744c8,XTZ,0.54487354
0xf097ed117dd3930f1eeb91569a6a61b4c52744c8,XVS,0.5321089
0xf097ed117dd3930f1eeb91569a6a61b4c52744c8,YFI,0.5807071
0xf8d50e3283fb6bf41260f7f294a48587d2a9b1fa,AAVE,0.4610794069579741
0xf8d50e3283fb6bf41260f7f294a48587d2a9b1fa,ADA,0.5715744305805369
0xf8d50e3283fb6bf41260f7f294a48587d2a9b1fa,ALGO,0.4529996295198434
0xf8d50e3283fb6bf41260f7f294a48587d2a9b1fa,APE,0.4153138189045462
0xf8d50e3283fb6bf41260f7f294a48587d2a9b1fa,APT,0.4729907977136296
0xf8d50e3283fb6bf41260f7f294a48587d2a9b1fa,ATOM,0.5086221781294816
0xf8d50e3283fb6bf41260f7f294a48587d2a9b1fa,AVAX,0.5272738893520577
0xf8d50e3283fb6bf41260f7f294a48587d2a9b1fa,AXS,0.4081718791105667
0xf8d50e3283fb6bf41260f7f294a48587d2a9b1fa,BAL,0.4813522095425113
0xf8d50e3283fb6bf41260f7f294a48587d2a9b1fa,BCH,0.5834143830447558
0xf8d50e3283fb6bf41260f7f294a48587d2a9b1fa,BLUR,0.4556242946352353
0xf8d50e3283fb6bf41260f7f294a48587d2a9b1fa,BNB,0.6261737119566245
0xf8d50e3283fb6bf41260f7f294a48587d2a9b1fa,BONK,0.507149916492867
0xf8d50e3283fb6bf41260f7f294a48587d2a9b1fa,BTC,0.5822125858729436
0xf8d50e3283fb6bf41260f7f294a48587d2a9b1fa,C98,0.512643344676843
0xf8d50e3283fb6bf41260f7f294a48587d2a9b1fa,CAKE,0.5306209539892293
0xf8d50e3283fb6bf41260f7f294a48587d2a9b1fa,COMP,0.5095412747424363
0xf8d50e3283fb6bf41260f7f294a48587d2a9b1fa,CRV,0.5297544976759703
0xf8d50e3283fb6bf41260f7f294a48587d2a9b1fa,CVX,0.5235956005456733
0xf8d50e3283fb6bf41260f7f294a48587d2a9b1fa,DAI,0.512770118782059
0xf8d50e3283fb6bf41260f7f294a48587d2a9b1fa,DAO,0.4279951519905766
0xf8d50e3283fb6bf41260f7f294a48587d2a9b1fa,DOGE,0.5622253580204173
0xf8d50e3283fb6bf41260f7f294a48587d2a9b1fa,DOT,0.5812857537766958
0xf8d50e3283fb6bf41260f7f294a48587d2a9b1fa,DYDX,0.4154694902004369
0xf8d50e3283fb6bf41260f7f294a48587d2a9b1fa,EOS,0.5038016404745548
0xf8d50e3283fb6bf41260f7f294a48587d2a9b1fa,ETC,0.5290357249458935
0xf8d50e3283fb6bf41260f7f294a48587d2a9b1fa,ETH,0.505155467159611
0xf8d50e3283fb6bf41260f7f294a48587d2a9b1fa,FET,0.4444574208934932
0xf8d50e3283fb6bf41260f7f294a48587d2a9b1fa,FIL,0.5196868732547046
0xf8d50e3283fb6bf41260f7f294a48587d2a9b1fa,FRAX,0.5606975872627878
0xf8d50e3283fb6bf41260f7f294a48587d2a9b1fa,FTM,0.5323066212886827
0xf8d50e3283fb6bf41260f7f294a48587d2a9b1fa,FXS,0.5426348789871399
0xf8d50e3283fb6bf41260f7f294a48587d2a9b1fa,GRT,0.5538921041065786
0xf8d50e3283fb6bf41260f7f294a48587d2a9b1fa,HAI,0.4834091254139807
0xf8d50e3283fb6bf41260f7f294a48587d2a9b1fa,HERO,0.5470075979832423
0xf8d50e3283fb6bf41260f7f294a48587d2a9b1fa,ICP,0.5331390429017282
0xf8d50e3283fb6bf41260f7f294a48587d2a9b1fa,IMX,0.4694664568233388
0xf8d50e3283fb6bf41260f7f294a48587d2a9b1fa,INJ,0.5229378514720906
0xf8d50e3283fb6bf41260f7f294a48587d2a9b1fa,LDO,0.4297397896278673
0xf8d50e3283fb6bf41260f7f294a48587d2a9b1fa,LINK,0.5178288878216183
0xf8d50e3283fb6bf41260f7f294a48587d2a9b1fa,LTC,0.4987906706410519
0xf8d50e3283fb6bf41260f7f294a48587d2a9b1fa,MATIC,0.5390001947598899
0xf8d50e3283fb6bf41260f7f294a48587d2a9b1fa,MAV,0.5139599652873763
0xf8d50e3283fb6bf41260f7f294a48587d2a9b1fa,MBOX,0.4784892120631824
0xf8d50e3283fb6bf41260f7f294a48587d2a9b1fa,MKR,0.522076877792385
0xf8d50e3283fb6bf41260f7f294a48587d2a9b1fa,MOON,0.4218731732827717
0xf8d50e3283fb6bf41260f7f294a48587d2a9b1fa,NEAR,0.4902360857422395
0xf8d50e3283fb6bf41260f7f294a48587d2a9b1fa,OP,0.4110119596872099
0xf8d50e3283fb6bf41260f7f294a48587d2a9b1fa,PENDLE,0.4777397922524477
0xf8d50e3283fb6bf41260f7f294a48587d2a9b1fa,PEPE,0.5357156034243233
0xf8d50e3283fb6bf41260f7f294a48587d2a9b1fa,PERP,0.4435241983707664
0xf8d50e3283fb6bf41260f7f294a48587d2a9b1fa,PIT,0.5276869583648153
0xf8d50e3283fb6bf41260f7f294a48587d2a9b1fa,POLS,0.5233910773081487
0xf8d50e3283fb6bf41260f7f294a48587d2a9b1fa,PYTH,0.5299683653952479
0xf8d50e3283fb6bf41260f7f294a48587d2a9b1fa,QUACK,0.6056649933603515
0xf8d50e3283fb6bf41260f7f294a48587d2a9b1fa,RDNT,0.5228426405069942
0xf8d50e3283fb6bf41260f7f294a48587d2a9b1fa,RNDR,0.5115885289709232
0xf8d50e3283fb6bf41260f7f294a48587d2a9b1fa,RPL,0.5170301572662911
0xf8d50e3283fb6bf41260f7f294a48587d2a9b1fa,RUNE,0.4729439651849649
0xf8d50e3283fb6bf41260f7f294a48587d2a9b1fa,SFP,0.5193663519773272
0xf8d50e3283fb6bf41260f7f294a48587d2a9b1fa,SFUND,0.4419729739956093
0xf8d50e3283fb6bf41260f7f294a48587d2a9b1fa,SHIB,0.5701299933083778
0xf8d50e3283fb6bf41260f7f294a48587d2a9b1fa,SOL,0.5927103792947939
0xf8d50e3283fb6bf41260f7f294a48587d2a9b1fa,STG,0.4706083910874567
0xf8d50e3283fb6bf41260f7f294a48587d2a9b1fa,SUI,0.5500724210185644
0xf8d50e3283fb6bf41260f7f294a48587d2a9b1fa,SUSHI,0.5020099106937986
0xf8d50e3283fb6bf41260f7f294a48587d2a9b1fa,TIA,0.486003212610231
0xf8d50e3283fb6bf41260f7f294a48587d2a9b1fa,TOKEN,0.4205831919592319
0xf8d50e3283fb6bf41260f7f294a48587d2a9b1fa,TRX,0.499038454882257
0xf8d50e3283fb6bf41260f7f294a48587d2a9b1fa,UNI,0.5308211751569538
0xf8d50e3283fb6bf41260f7f294a48587d2a9b1fa,USDT,0.4493710078937207
0xf8d50e3283fb6bf41260f7f294a48587d2a9b1fa,XLM,0.5113022502199247
0xf8d50e3283fb6bf41260f7f294a48587d2a9b1fa,XMR,0.5025624968354633
0xf8d50e3283fb6bf41260f7f294a48587d2a9b1fa,XRP,0.5737053134471601
0xf8d50e3283fb6bf41260f7f294a48587d2a9b1fa,XTZ,0.5629978284791317
0xf8d50e3283fb6bf41260f7f294a48587d2a9b1fa,XVS,0.5398274398572442
0xf8d50e3283fb6bf41260f7f294a48587d2a9b1fa,YFI,0.5790740105173012
0xfb2744ba3942d3bbf6717448e82299b731ca7ae7,AAVE,0.4950609226909674
0xfb2744ba3942d3bbf6717448e82299b731ca7ae7,ADA,0.5156162192528673
0xfb2744ba3942d3bbf6717448e82299b731ca7ae7,ALGO,0.4628182973553474
0xfb2744ba3942d3bbf6717448e82299b731ca7ae7,APE,0.428228992374347
0xfb2744ba3942d3bbf6717448e82299b731ca7ae7,APT,0.4786977888197691
0xfb2744ba3942d3bbf6717448e82299b731ca7ae7,ATOM,0.4993714306192219
0xfb2744ba3942d3bbf6717448e82299b731ca7ae7,AVAX,0.5203215017351729
0xfb2744ba3942d3bbf6717448e82299b731ca7ae7,AXS,0.4556426191528456
0xfb2744ba3942d3bbf6717448e82299b731ca7ae7,BAL,0.4977581468268866
0xfb2744ba3942d3bbf6717448e82299b731ca7ae7,BCH,0.541286400271842
0xfb2744ba3942d3bbf6717448e82299b731ca7ae7,BLUR,0.4750938432204357
0xfb2744ba3942d3bbf6717448e82299b731ca7ae7,BNB,0.5487933733507989
0xfb2744ba3942d3bbf6717448e82299b731ca7ae7,BONK,0.4993806535012894
0xfb2744ba3942d3bbf6717448e82299b731ca7ae7,BTC,0.5364672229656133
0xfb2744ba3942d3bbf6717448e82299b731ca7ae7,C98,0.4988311612449728
0xfb2744ba3942d3bbf6717448e82299b731ca7ae7,CAKE,0.5104129522879999
0xfb2744ba3942d3bbf6717448e82299b731ca7ae7,COMP,0.4972240143574521
0xfb2744ba3942d3bbf6717448e82299b731ca7ae7,CRV,0.4991939222288565
0xfb2744ba3942d3bbf6717448e82299b731ca7ae7,CVX,0.5128752256174268
0xfb2744ba3942d3bbf6717448e82299b731ca7ae7,DAI,0.5467987600325572
0xfb2744ba3942d3bbf6717448e82299b731ca7ae7,DAO,0.4649755089511584
0xfb2744ba3942d3bbf6717448e82299b731ca7ae7,DOGE,0.4970037602177115
0xfb2744ba3942d3bbf6717448e82299b731ca7ae7,DOT,0.5330754484810756
0xfb2744ba3942d3bbf6717448e82299b731ca7ae7,DYDX,0.4766762738385186
0xfb2744ba3942d3bbf6717448e82299b731ca7ae7,EOS,0.4920477265071277
0xfb2744ba3942d3bbf6717448e82299b731ca7ae7,ETC,0.5249109091129472
0xfb2744ba3942d3bbf6717448e82299b731ca7ae7,ETH,0.5222502951254853
0xfb2744ba3942d3bbf6717448e82299b731ca7ae7,FET,0.4840240891863151
0xfb2744ba3942d3bbf6717448e82299b731ca7ae7,FIL,0.5019235142470313
0xfb2744ba3942d3bbf6717448e82299b731ca7ae7,FRAX,0.5422468875046731
0xfb2744ba3942d3bbf6717448e82299b731ca7ae7,FTM,0.5303890530715019
0xfb2744ba3942d3bbf6717448e82299b731ca7ae7,FXS,0.4843062801852698
0xfb2744ba3942d3bbf6717448e82299b731ca7ae7,GRT,0.5172075297143982
0xfb2744ba3942d3bbf6717448e82299b731ca7ae7,HAI,0.5028281937261332
0xfb2744ba3942d3bbf6717448e82299b731ca7ae7,HERO,0.5167832317333854
0xfb2744ba3942d3bbf6717448e82299b731ca7ae7,ICP,0.511222061902396
0xfb2744ba3942d3bbf6717448e82299b731ca7ae7,IMX,0.4883382643893929
0xfb2744ba3942d3bbf6717448e82299b731ca7ae7,INJ,0.4958517359717637
0xfb2744ba3942d3bbf6717448e82299b731ca7ae7,LDO,0.4745417090121325
0xfb2744ba3942d3bbf6717448e82299b731ca7ae7,LINK,0.5072330048104898
0xfb2744ba3942d3bbf6717448e82299b731ca7ae7,LTC,0.5180200272425025
0xfb2744ba3942d3bbf6717448e82299b731ca7ae7,MATIC,0.5125312369473654
0xfb2744ba3942d3bbf6717448e82299b731ca7ae7,MAV,0.5051948080241152
0xfb2744ba3942d3bbf6717448e82299b731ca7ae7,MBOX,0.4799164188208243
0xfb2744ba3942d3bbf6717448e82299b731ca7ae7,MKR,0.5348066221585459
0xfb2744ba3942d3bbf6717448e82299b731ca7ae7,MOON,0.4492428415192849
0xfb2744ba3942d3bbf6717448e82299b731ca7ae7,NEAR,0.5117892129808873
0xfb2744ba3942d3bbf6717448e82299b731ca7ae7,OP,0.5017258327905958
0xfb2744ba3942d3bbf6717448e82299b731ca7ae7,PENDLE,0.4814023288599754
0xfb2744ba3942d3bbf6717448e82299b731ca7ae7,PEPE,0.4920454367894531
0xfb2744ba3942d3bbf6717448e82299b731ca7ae7,PERP,0.4926873646275294
0xfb2744ba3942d3bbf6717448e82299b731ca7ae7,PIT,0.5126920048595277
0xfb2744ba3942d3bbf6717448e82299b731ca7ae7,POLS,0.5075721937199004
0xfb2744ba3942d3bbf6717448e82299b731ca7ae7,PYTH,0.4904236080414103
0xfb2744ba3942d3bbf6717448e82299b731ca7ae7,QUACK,0.5424158286702431
0xfb2744ba3942d3bbf6717448e82299b731ca7ae7,RDNT,0.4895222498037134
0xfb2744ba3942d3bbf6717448e82299b731ca7ae7,RNDR,0.4933925967995451
0xfb2744ba3942d3bbf6717448e82299b731ca7ae7,RPL,0.5023862789469933
0xfb2744ba3942d3bbf6717448e82299b731ca7ae7,RUNE,0.485023082181076
0xfb2744ba3942d3bbf6717448e82299b731ca7ae7,SFP,0.5049369679253788
0xfb2744ba3942d3bbf6717448e82299b731ca7ae7,SFUND,0.4528620336214139
0xfb2744ba3942d3bbf6717448e82299b731ca7ae7,SHIB,0.5096014642668231
0xfb2744ba3942d3bbf6717448e82299b731ca7ae7,SOL,0.5371493075337701
0xfb2744ba3942d3bbf6717448e82299b731ca7ae7,STG,0.4864369519421696
0xfb2744ba3942d3bbf6717448e82299b731ca7ae7,SUI,0.5179898705624862
0xfb2744ba3942d3bbf6717448e82299b731ca7ae7,SUSHI,0.504750590494946
0xfb2744ba3942d3bbf6717448e82299b731ca7ae7,TIA,0.4873463143906833
0xfb2744ba3942d3bbf6717448e82299b731ca7ae7,TOKEN,0.4479099735483552
0xfb2744ba3942d3bbf6717448e82299b731ca7ae7,TRX,0.5191993129006424
0xfb2744ba3942d3bbf6717448e82299b731ca7ae7,UNI,0.5198740577326674
0xfb2744ba3942d3bbf6717448e82299b731ca7ae7,USDT,0.5163965936050275
0xfb2744ba3942d3bbf6717448e82299b731ca7ae7,XLM,0.5087763818792257
0xfb2744ba3942d3bbf6717448e82299b731ca7ae7,XMR,0.5188848519052108
0xfb2744ba3942d3bbf6717448e82299b731ca7ae7,XRP,0.5285752853909201
0xfb2744ba3942d3bbf6717448e82299b731ca7ae7,XTZ,0.5246807499971866
0xfb2744ba3942d3bbf6717448e82299b731ca7ae7,XVS,0.5136017650744743
0xfb2744ba3942d3bbf6717448e82299b731ca7ae7,YFI,0.541058056970163
0xfb8bc3433016a64a3b8aa23c0275afe7c20feb53,AAVE,0.5050556
0xfb8bc3433016a64a3b8aa23c0275afe7c20feb53,ADA,0.5174229
0xfb8bc3433016a64a3b8aa23c0275afe7c20feb53,ALGO,0.47392586
0xfb8bc3433016a64a3b8aa23c0275afe7c20feb53,APE,0.44961795
0xfb8bc3433016a64a3b8aa23c0275afe7c20feb53,APT,0.4954837
0xfb8bc3433016a64a3b8aa23c0275afe7c20feb53,ATOM,0.5236852
0xfb8bc3433016a64a3b8aa23c0275afe7c20feb53,AVAX,0.5139404
0xfb8bc3433016a64a3b8aa23c0275afe7c20feb53,AXS,0.45380485
0xfb8bc3433016a64a3b8aa23c0275afe7c20feb53,BAL,0.50302786
0xfb8bc3433016a64a3b8aa23c0275afe7c20feb53,BCH,0.522619
0xfb8bc3433016a64a3b8aa23c0275afe7c20feb53,BLUR,0.47584406
0xfb8bc3433016a64a3b8aa23c0275afe7c20feb53,BNB,0.52950764
0xfb8bc3433016a64a3b8aa23c0275afe7c20feb53,BONK,0.50744325
0xfb8bc3433016a64a3b8aa23c0275afe7c20feb53,BTC,0.5360669
0xfb8bc3433016a64a3b8aa23c0275afe7c20feb53,C98,0.5000575
0xfb8bc3433016a64a3b8aa23c0275afe7c20feb53,CAKE,0.5145823
0xfb8bc3433016a64a3b8aa23c0275afe7c20feb53,COMP,0.49419087
0xfb8bc3433016a64a3b8aa23c0275afe7c20feb53,CRV,0.5096057
0xfb8bc3433016a64a3b8aa23c0275afe7c20feb53,CVX,0.5130414
0xfb8bc3433016a64a3b8aa23c0275afe7c20feb53,DAI,0.52752995
0xfb8bc3433016a64a3b8aa23c0275afe7c20feb53,DAO,0.48150936
0xfb8bc3433016a64a3b8aa23c0275afe7c20feb53,DOGE,0.5205642
0xfb8bc3433016a64a3b8aa23c0275afe7c20feb53,DOT,0.5180214
0xfb8bc3433016a64a3b8aa23c0275afe7c20feb53,DYDX,0.46703404
0xfb8bc3433016a64a3b8aa23c0275afe7c20feb53,EOS,0.49695483
0xfb8bc3433016a64a3b8aa23c0275afe7c20feb53,ETC,0.5187193
0xfb8bc3433016a64a3b8aa23c0275afe7c20feb53,ETH,0.53324455
0xfb8bc3433016a64a3b8aa23c0275afe7c20feb53,FET,0.48282892
0xfb8bc3433016a64a3b8aa23c0275afe7c20feb53,FIL,0.5075767
0xfb8bc3433016a64a3b8aa23c0275afe7c20feb53,FRAX,0.5355425
0xfb8bc3433016a64a3b8aa23c0275afe7c20feb53,FTM,0.49808657
0xfb8bc3433016a64a3b8aa23c0275afe7c20feb53,FXS,0.4813128
0xfb8bc3433016a64a3b8aa23c0275afe7c20feb53,GRT,0.52355635
0xfb8bc3433016a64a3b8aa23c0275afe7c20feb53,HAI,0.5041577
0xfb8bc3433016a64a3b8aa23c0275afe7c20feb53,HERO,0.5153607
0xfb8bc3433016a64a3b8aa23c0275afe7c20feb53,ICP,0.51142645
0xfb8bc3433016a64a3b8aa23c0275afe7c20feb53,IMX,0.4818895
0xfb8bc3433016a64a3b8aa23c0275afe7c20feb53,INJ,0.49484098
0xfb8bc3433016a64a3b8aa23c0275afe7c20feb53,LDO,0.4730227
0xfb8bc3433016a64a3b8aa23c0275afe7c20feb53,LINK,0.521615
0xfb8bc3433016a64a3b8aa23c0275afe7c20feb53,LTC,0.5291621
0xfb8bc3433016a64a3b8aa23c0275afe7c20feb53,MATIC,0.5136851
0xfb8bc3433016a64a3b8aa23c0275afe7c20feb53,MAV,0.50016326
0xfb8bc3433016a64a3b8aa23c0275afe7c20feb53,MBOX,0.48365507
0xfb8bc3433016a64a3b8aa23c0275afe7c20feb53,MKR,0.5299204
0xfb8bc3433016a64a3b8aa23c0275afe7c20feb53,MOON,0.4788395
0xfb8bc3433016a64a3b8aa23c0275afe7c20feb53,NEAR,0.514652
0xfb8bc3433016a64a3b8aa23c0275afe7c20feb53,OP,0.5068523
0xfb8bc3433016a64a3b8aa23c0275afe7c20feb53,PENDLE,0.4824768
0xfb8bc3433016a64a3b8aa23c0275afe7c20feb53,PEPE,0.5054892
0xfb8bc3433016a64a3b8aa23c0275afe7c20feb53,PERP,0.5020928
0xfb8bc3433016a64a3b8aa23c0275afe7c20feb53,PIT,0.51460105
0xfb8bc3433016a64a3b8aa23c0275afe7c20feb53,POLS,0.508767
0xfb8bc3433016a64a3b8aa23c0275afe7c20feb53,PYTH,0.49373022
0xfb8bc3433016a64a3b8aa23c0275afe7c20feb53,QUACK,0.5286728
0xfb8bc3433016a64a3b8aa23c0275afe7c20feb53,RDNT,0.49463594
0xfb8bc3433016a64a3b8aa23c0275afe7c20feb53,RNDR,0.5034316
0xfb8bc3433016a64a3b8aa23c0275afe7c20feb53,RPL,0.502727
0xfb8bc3433016a64a3b8aa23c0275afe7c20feb53,RUNE,0.47163135
0xfb8bc3433016a64a3b8aa23c0275afe7c20feb53,SFP,0.522173
0xfb8bc3433016a64a3b8aa23c0275afe7c20feb53,SFUND,0.46460724
0xfb8bc3433016a64a3b8aa23c0275afe7c20feb53,SHIB,0.5139307
0xfb8bc3433016a64a3b8aa23c0275afe7c20feb53,SOL,0.51686805
0xfb8bc3433016a64a3b8aa23c0275afe7c20feb53,STG,0.48500007
0xfb8bc3433016a64a3b8aa23c0275afe7c20feb53,SUI,0.51296633
0xfb8bc3433016a64a3b8aa23c0275afe7c20feb53,SUSHI,0.5086103
0xfb8bc3433016a64a3b8aa23c0275afe7c20feb53,TIA,0.49009663
0xfb8bc3433016a64a3b8aa23c0275afe7c20feb53,TOKEN,0.44440976
0xfb8bc3433016a64a3b8aa23c0275afe7c20feb53,TRX,0.5209635
0xfb8bc3433016a64a3b8aa23c0275afe7c20feb53,UNI,0.5111768
0xfb8bc3433016a64a3b8aa23c0275afe7c20feb53,USDT,0.5085035
0xfb8bc3433016a64a3b8aa23c0275afe7c20feb53,XLM,0.51756376
0xfb8bc3433016a64a3b8aa23c0275afe7c20feb53,XMR,0.54846746
0xfb8bc3433016a64a3b8aa23c0275afe7c20feb53,XRP,0.5205497
0xfb8bc3433016a64a3b8aa23c0275afe7c20feb53,XTZ,0.5210847
0xfb8bc3433016a64a3b8aa23c0275afe7c20feb53,XVS,0.5153607
0xfb8bc3433016a64a3b8aa23c0275afe7c20feb53,YFI,0.54053825
0xfe3c3f351e6df846566e10119e4295ed69b2cd72,AAVE,0.5187483
0xfe3c3f351e6df846566e10119e4295ed69b2cd72,ADA,0.53845423
0xfe3c3f351e6df846566e10119e4295ed69b2cd72,ALGO,0.45378754
0xfe3c3f351e6df846566e10119e4295ed69b2cd72,APE,0.41667145
0xfe3c3f351e6df846566e10119e4295ed69b2cd72,APT,0.50252473
0xfe3c3f351e6df846566e10119e4295ed69b2cd72,ATOM,0.50040907
0xfe3c3f351e6df846566e10119e4295ed69b2cd72,AVAX,0.5447043
0xfe3c3f351e6df846566e10119e4295ed69b2cd72,AXS,0.4324041
0xfe3c3f351e6df846566e10119e4295ed69b2cd72,BAL,0.52430165
0xfe3c3f351e6df846566e10119e4295ed69b2cd72,BCH,0.5597194
0xfe3c3f351e6df846566e10119e4295ed69b2cd72,BLUR,0.46672752
0xfe3c3f351e6df846566e10119e4295ed69b2cd72,BNB,0.57348317
0xfe3c3f351e6df846566e10119e4295ed69b2cd72,BONK,0.51897675
0xfe3c3f351e6df846566e10119e4295ed69b2cd72,BTC,0.5847171
0xfe3c3f351e6df846566e10119e4295ed69b2cd72,C98,0.52044
0xfe3c3f351e6df846566e10119e4295ed69b2cd72,CAKE,0.5167287
0xfe3c3f351e6df846566e10119e4295ed69b2cd72,COMP,0.5093722
0xfe3c3f351e6df846566e10119e4295ed69b2cd72,CRV,0.52789813
0xfe3c3f351e6df846566e10119e4295ed69b2cd72,CVX,0.5372769
0xfe3c3f351e6df846566e10119e4295ed69b2cd72,DAI,0.579052
0xfe3c3f351e6df846566e10119e4295ed69b2cd72,DAO,0.4455563
0xfe3c3f351e6df846566e10119e4295ed69b2cd72,DOGE,0.520665
0xfe3c3f351e6df846566e10119e4295ed69b2cd72,DOT,0.54728174
0xfe3c3f351e6df846566e10119e4295ed69b2cd72,DYDX,0.47459552
0xfe3c3f351e6df846566e10119e4295ed69b2cd72,EOS,0.5046682
0xfe3c3f351e6df846566e10119e4295ed69b2cd72,ETC,0.5332764
0xfe3c3f351e6df846566e10119e4295ed69b2cd72,ETH,0.55036443
0xfe3c3f351e6df846566e10119e4295ed69b2cd72,FET,0.46799594
0xfe3c3f351e6df846566e10119e4295ed69b2cd72,FIL,0.52730215
0xfe3c3f351e6df846566e10119e4295ed69b2cd72,FRAX,0.5511446
0xfe3c3f351e6df846566e10119e4295ed69b2cd72,FTM,0.5177368
0xfe3c3f351e6df846566e10119e4295ed69b2cd72,FXS,0.5023835
0xfe3c3f351e6df846566e10119e4295ed69b2cd72,GRT,0.5713818
0xfe3c3f351e6df846566e10119e4295ed69b2cd72,HAI,0.49516037
0xfe3c3f351e6df846566e10119e4295ed69b2cd72,HERO,0.5401875
0xfe3c3f351e6df846566e10119e4295ed69b2cd72,ICP,0.5291957
0xfe3c3f351e6df846566e10119e4295ed69b2cd72,IMX,0.49921596
0xfe3c3f351e6df846566e10119e4295ed69b2cd72,INJ,0.5180157
0xfe3c3f351e6df846566e10119e4295ed69b2cd72,LDO,0.46567896
0xfe3c3f351e6df846566e10119e4295ed69b2cd72,LINK,0.5155429
0xfe3c3f351e6df846566e10119e4295ed69b2cd72,LTC,0.5508694
0xfe3c3f351e6df846566e10119e4295ed69b2cd72,MATIC,0.56047195
0xfe3c3f351e6df846566e10119e4295ed69b2cd72,MAV,0.5047134
0xfe3c3f351e6df846566e10119e4295ed69b2cd72,MBOX,0.47297525
0xfe3c3f351e6df846566e10119e4295ed69b2cd72,MKR,0.5819885
0xfe3c3f351e6df846566e10119e4295ed69b2cd72,MOON,0.41937578
0xfe3c3f351e6df846566e10119e4295ed69b2cd72,NEAR,0.53701895
0xfe3c3f351e6df846566e10119e4295ed69b2cd72,OP,0.4800727
0xfe3c3f351e6df846566e10119e4295ed69b2cd72,PENDLE,0.4916059
0xfe3c3f351e6df846566e10119e4295ed69b2cd72,PEPE,0.5187291
0xfe3c3f351e6df846566e10119e4295ed69b2cd72,PERP,0.48233524
0xfe3c3f351e6df846566e10119e4295ed69b2cd72,PIT,0.5341702
0xfe3c3f351e6df846566e10119e4295ed69b2cd72,POLS,0.5088382
0xfe3c3f351e6df846566e10119e4295ed69b2cd72,PYTH,0.49476066
0xfe3c3f351e6df846566e10119e4295ed69b2cd72,QUACK,0.55697596
0xfe3c3f351e6df846566e10119e4295ed69b2cd72,RDNT,0.47621945
0xfe3c3f351e6df846566e10119e4295ed69b2cd72,RNDR,0.503379
0xfe3c3f351e6df846566e10119e4295ed69b2cd72,RPL,0.52695245
0xfe3c3f351e6df846566e10119e4295ed69b2cd72,RUNE,0.47923154
0xfe3c3f351e6df846566e10119e4295ed69b2cd72,SFP,0.52113837
0xfe3c3f351e6df846566e10119e4295ed69b2cd72,SFUND,0.4316473
0xfe3c3f351e6df846566e10119e4295ed69b2cd72,SHIB,0.5462994
0xfe3c3f351e6df846566e10119e4295ed69b2cd72,SOL,0.57344604
0xfe3c3f351e6df846566e10119e4295ed69b2cd72,STG,0.48318806
0xfe3c3f351e6df846566e10119e4295ed69b2cd72,SUI,0.53655934
0xfe3c3f351e6df846566e10119e4295ed69b2cd72,SUSHI,0.51301825
0xfe3c3f351e6df846566e10119e4295ed69b2cd72,TIA,0.5088306
0xfe3c3f351e6df846566e10119e4295ed69b2cd72,TOKEN,0.44054595
0xfe3c3f351e6df846566e10119e4295ed69b2cd72,TRX,0.5432063
0xfe3c3f351e6df846566e10119e4295ed69b2cd72,UNI,0.5496587
0xfe3c3f351e6df846566e10119e4295ed69b2cd72,USDT,0.52256405
0xfe3c3f351e6df846566e10119e4295ed69b2cd72,XLM,0.5636502
0xfe3c3f351e6df846566e10119e4295ed69b2cd72,XMR,0.60954887
0xfe3c3f351e6df846566e10119e4295ed69b2cd72,XRP,0.54332227
0xfe3c3f351e6df846566e10119e4295ed69b2cd72,XTZ,0.5383188
0xfe3c3f351e6df846566e10119e4295ed69b2cd72,XVS,0.54033095
0xfe3c3f351e6df846566e10119e4295ed69b2cd72,YFI,0.5808969
