address,symbol,prediction
0x04e1dd13ef029f573cf717f094a6b601b9e03550,1INCH,0.008814454
0x04e1dd13ef029f573cf717f094a6b601b9e03550,AAVE,-0.0040991306
0x04e1dd13ef029f573cf717f094a6b601b9e03550,ADA,-0.0033674836
0x04e1dd13ef029f573cf717f094a6b601b9e03550,ALGO,-0.0068083405
0x04e1dd13ef029f573cf717f094a6b601b9e03550,ATOM,-0.004426956
0x04e1dd13ef029f573cf717f094a6b601b9e03550,AVAX,-0.002178967
0x04e1dd13ef029f573cf717f094a6b601b9e03550,BCH,-0.003025949
0x04e1dd13ef029f573cf717f094a6b601b9e03550,BTC,-0.0024467707
0x04e1dd13ef029f573cf717f094a6b601b9e03550,CELO,-0.0011841655
0x04e1dd13ef029f573cf717f094a6b601b9e03550,COMP,0.003495574
0x04e1dd13ef029f573cf717f094a6b601b9e03550,CRV,-0.0012314916
0x04e1dd13ef029f573cf717f094a6b601b9e03550,DOGE,-0.0018763542
0x04e1dd13ef029f573cf717f094a6b601b9e03550,DOT,-0.0069806576
0x04e1dd13ef029f573cf717f094a6b601b9e03550,ENJ,-0.0003747344
0x04e1dd13ef029f573cf717f094a6b601b9e03550,EOS,-0.0010182261
0x04e1dd13ef029f573cf717f094a6b601b9e03550,ETC,-0.005292237
0x04e1dd13ef029f573cf717f094a6b601b9e03550,ETH,-0.0043961406
0x04e1dd13ef029f573cf717f094a6b601b9e03550,FIL,-0.00458771
0x04e1dd13ef029f573cf717f094a6b601b9e03550,ICP,-0.0016768575
0x04e1dd13ef029f573cf717f094a6b601b9e03550,LINK,-0.0004390478
0x04e1dd13ef029f573cf717f094a6b601b9e03550,LTC,-0.0028985143
0x04e1dd13ef029f573cf717f094a6b601b9e03550,MATIC,-0.0025618076
0x04e1dd13ef029f573cf717f094a6b601b9e03550,MKR,-0.00979048
0x04e1dd13ef029f573cf717f094a6b601b9e03550,NEAR,-0.006788969
0x04e1dd13ef029f573cf717f094a6b601b9e03550,RUNE,0.0034582615
0x04e1dd13ef029f573cf717f094a6b601b9e03550,SNX,-0.0020254254
0x04e1dd13ef029f573cf717f094a6b601b9e03550,SOL,-0.0061485767
0x04e1dd13ef029f573cf717f094a6b601b9e03550,SUSHI,0.001847744
0x04e1dd13ef029f573cf717f094a6b601b9e03550,TRX,-0.0038762689
0x04e1dd13ef029f573cf717f094a6b601b9e03550,UMA,-0.010979712
0x04e1dd13ef029f573cf717f094a6b601b9e03550,UNI,-0.0049883723
0x04e1dd13ef029f573cf717f094a6b601b9e03550,XLM,-0.0005827546
0x04e1dd13ef029f573cf717f094a6b601b9e03550,XMR,-0.0003837347
0x04e1dd13ef029f573cf717f094a6b601b9e03550,XTZ,0.0064771175
0x04e1dd13ef029f573cf717f094a6b601b9e03550,YFI,0.010584116
0x04e1dd13ef029f573cf717f094a6b601b9e03550,ZEC,-0.0015169382
0x04e1dd13ef029f573cf717f094a6b601b9e03550,ZRX,0.0009148121
0x05af269c4ff706ae439648c97b788fa391539dec,1INCH,-0.2088822488974491
0x05af269c4ff706ae439648c97b788fa391539dec,AAVE,-0.0684755801902551
0x05af269c4ff706ae439648c97b788fa391539dec,ADA,-0.0040345498170958
0x05af269c4ff706ae439648c97b788fa391539dec,ALGO,-0.0932847955094905
0x05af269c4ff706ae439648c97b788fa391539dec,ATOM,0.0532688917795153
0x05af269c4ff706ae439648c97b788fa391539dec,AVAX,0.2076982794707261
0x05af269c4ff706ae439648c97b788fa391539dec,BCH,0.1744950158775101
0x05af269c4ff706ae439648c97b788fa391539dec,BTC,-0.0448447326274488
0x05af269c4ff706ae439648c97b788fa391539dec,CELO,-0.073557536706881
0x05af269c4ff706ae439648c97b788fa391539dec,COMP,0.0105017738139214
0x05af269c4ff706ae439648c97b788fa391539dec,CRV,0.0436019333714398
0x05af269c4ff706ae439648c97b788fa391539dec,DOGE,0.5038226387903697
0x05af269c4ff706ae439648c97b788fa391539dec,DOT,-0.0341561760086523
0x05af269c4ff706ae439648c97b788fa391539dec,ENJ,0.2028632825111275
0x05af269c4ff706ae439648c97b788fa391539dec,EOS,-0.1123763401121439
0x05af269c4ff706ae439648c97b788fa391539dec,ETC,0.3041923526425621
0x05af269c4ff706ae439648c97b788fa391539dec,ETH,0.0007281433537618
0x05af269c4ff706ae439648c97b788fa391539dec,FIL,0.1012960032121823
0x05af269c4ff706ae439648c97b788fa391539dec,ICP,0.0711198234841222
0x05af269c4ff706ae439648c97b788fa391539dec,LINK,0.0057086626765257
0x05af269c4ff706ae439648c97b788fa391539dec,LTC,-0.1591337702007184
0x05af269c4ff706ae439648c97b788fa391539dec,MATIC,-0.0360211418668212
0x05af269c4ff706ae439648c97b788fa391539dec,MKR,0.1958745717718555
0x05af269c4ff706ae439648c97b788fa391539dec,NEAR,-0.147054209119037
0x05af269c4ff706ae439648c97b788fa391539dec,RUNE,-0.0336934260838029
0x05af269c4ff706ae439648c97b788fa391539dec,SNX,-0.0838685846826113
0x05af269c4ff706ae439648c97b788fa391539dec,SOL,-0.087077239249859
0x05af269c4ff706ae439648c97b788fa391539dec,SUSHI,-0.1188693149055654
0x05af269c4ff706ae439648c97b788fa391539dec,TRX,-0.0443554269386208
0x05af269c4ff706ae439648c97b788fa391539dec,UMA,0.0502276575256779
0x05af269c4ff706ae439648c97b788fa391539dec,UNI,-0.1268317729781856
0x05af269c4ff706ae439648c97b788fa391539dec,XLM,0.0223458092970434
0x05af269c4ff706ae439648c97b788fa391539dec,XMR,-0.0721142753145485
0x05af269c4ff706ae439648c97b788fa391539dec,XTZ,-0.112739698059778
0x05af269c4ff706ae439648c97b788fa391539dec,YFI,-0.1047678863379977
0x05af269c4ff706ae439648c97b788fa391539dec,ZEC,-0.1326903820064398
0x05af269c4ff706ae439648c97b788fa391539dec,ZRX,-0.044369726736834
0x063af2c2952d7799ce1eac2f1a85c7b4aa4fe553,1INCH,-0.00036731694
0x063af2c2952d7799ce1eac2f1a85c7b4aa4fe553,AAVE,0.004870818
0x063af2c2952d7799ce1eac2f1a85c7b4aa4fe553,ADA,0.0091378335
0x063af2c2952d7799ce1eac2f1a85c7b4aa4fe553,ALGO,0.010757452
0x063af2c2952d7799ce1eac2f1a85c7b4aa4fe553,ATOM,0.032292593
0x063af2c2952d7799ce1eac2f1a85c7b4aa4fe553,AVAX,0.0018370947
0x063af2c2952d7799ce1eac2f1a85c7b4aa4fe553,BCH,0.0008075021
0x063af2c2952d7799ce1eac2f1a85c7b4aa4fe553,BTC,0.020401685
0x063af2c2952d7799ce1eac2f1a85c7b4aa4fe553,CELO,-0.015744952
0x063af2c2952d7799ce1eac2f1a85c7b4aa4fe553,COMP,0.012454627
0x063af2c2952d7799ce1eac2f1a85c7b4aa4fe553,CRV,0.022375643
0x063af2c2952d7799ce1eac2f1a85c7b4aa4fe553,DOGE,-0.0035690425
0x063af2c2952d7799ce1eac2f1a85c7b4aa4fe553,DOT,-0.007538513
0x063af2c2952d7799ce1eac2f1a85c7b4aa4fe553,ENJ,0.019118808
0x063af2c2952d7799ce1eac2f1a85c7b4aa4fe553,EOS,0.023053385
0x063af2c2952d7799ce1eac2f1a85c7b4aa4fe553,ETC,-0.03181491
0x063af2c2952d7799ce1eac2f1a85c7b4aa4fe553,ETH,-0.02721559
0x063af2c2952d7799ce1eac2f1a85c7b4aa4fe553,FIL,0.0029105179
0x063af2c2952d7799ce1eac2f1a85c7b4aa4fe553,ICP,0.020245101
0x063af2c2952d7799ce1eac2f1a85c7b4aa4fe553,LINK,0.009977995
0x063af2c2952d7799ce1eac2f1a85c7b4aa4fe553,LTC,-0.009654302
0x063af2c2952d7799ce1eac2f1a85c7b4aa4fe553,MATIC,0.000979299
0x063af2c2952d7799ce1eac2f1a85c7b4aa4fe553,MKR,0.005360002
0x063af2c2952d7799ce1eac2f1a85c7b4aa4fe553,NEAR,-0.07277412
0x063af2c2952d7799ce1eac2f1a85c7b4aa4fe553,RUNE,-0.0042115888
0x063af2c2952d7799ce1eac2f1a85c7b4aa4fe553,SNX,-0.0027546382
0x063af2c2952d7799ce1eac2f1a85c7b4aa4fe553,SOL,-0.009109355
0x063af2c2952d7799ce1eac2f1a85c7b4aa4fe553,SUSHI,-0.004418452
0x063af2c2952d7799ce1eac2f1a85c7b4aa4fe553,TRX,0.02125463
0x063af2c2952d7799ce1eac2f1a85c7b4aa4fe553,UMA,-0.015381983
0x063af2c2952d7799ce1eac2f1a85c7b4aa4fe553,UNI,0.018991783
0x063af2c2952d7799ce1eac2f1a85c7b4aa4fe553,XLM,0.002974075
0x063af2c2952d7799ce1eac2f1a85c7b4aa4fe553,XMR,0.011841479
0x063af2c2952d7799ce1eac2f1a85c7b4aa4fe553,XTZ,-0.00013941531
0x063af2c2952d7799ce1eac2f1a85c7b4aa4fe553,YFI,-0.015792632
0x063af2c2952d7799ce1eac2f1a85c7b4aa4fe553,ZEC,-0.0038999054
0x063af2c2952d7799ce1eac2f1a85c7b4aa4fe553,ZRX,-0.0011417237
0x0651efb6e070e659c6e030cea8d5e25b016d684e,1INCH,0.0218823561025256
0x0651efb6e070e659c6e030cea8d5e25b016d684e,AAVE,0.022005820580867
0x0651efb6e070e659c6e030cea8d5e25b016d684e,ADA,0.0222148366337953
0x0651efb6e070e659c6e030cea8d5e25b016d684e,ALGO,0.0219940223305322
0x0651efb6e070e659c6e030cea8d5e25b016d684e,ATOM,0.0221305229912141
0x0651efb6e070e659c6e030cea8d5e25b016d684e,AVAX,0.022190313945723
0x0651efb6e070e659c6e030cea8d5e25b016d684e,BCH,0.0220397927144457
0x0651efb6e070e659c6e030cea8d5e25b016d684e,BTC,0.0248219099290927
0x0651efb6e070e659c6e030cea8d5e25b016d684e,CELO,0.0220362622403142
0x0651efb6e070e659c6e030cea8d5e25b016d684e,COMP,0.0220485887130188
0x0651efb6e070e659c6e030cea8d5e25b016d684e,CRV,0.02161746994954
0x0651efb6e070e659c6e030cea8d5e25b016d684e,DOGE,0.0218207864947082
0x0651efb6e070e659c6e030cea8d5e25b016d684e,DOT,0.0221203406862809
0x0651efb6e070e659c6e030cea8d5e25b016d684e,ENJ,0.0218255774483811
0x0651efb6e070e659c6e030cea8d5e25b016d684e,EOS,0.0220037594442402
0x0651efb6e070e659c6e030cea8d5e25b016d684e,ETC,0.0220816008202409
0x0651efb6e070e659c6e030cea8d5e25b016d684e,ETH,0.0222681679662621
0x0651efb6e070e659c6e030cea8d5e25b016d684e,FIL,0.0219092366682606
0x0651efb6e070e659c6e030cea8d5e25b016d684e,ICP,0.0217495958386006
0x0651efb6e070e659c6e030cea8d5e25b016d684e,LINK,0.0218387961950377
0x0651efb6e070e659c6e030cea8d5e25b016d684e,LTC,0.0224283858224415
0x0651efb6e070e659c6e030cea8d5e25b016d684e,MATIC,0.0221103631810783
0x0651efb6e070e659c6e030cea8d5e25b016d684e,MKR,0.0216097000501687
0x0651efb6e070e659c6e030cea8d5e25b016d684e,NEAR,0.022315083284368
0x0651efb6e070e659c6e030cea8d5e25b016d684e,RUNE,0.0221515724299008
0x0651efb6e070e659c6e030cea8d5e25b016d684e,SNX,0.0220431091911463
0x0651efb6e070e659c6e030cea8d5e25b016d684e,SOL,0.021766593239436
0x0651efb6e070e659c6e030cea8d5e25b016d684e,SUSHI,0.0221723954165064
0x0651efb6e070e659c6e030cea8d5e25b016d684e,TRX,0.0222793909550673
0x0651efb6e070e659c6e030cea8d5e25b016d684e,UMA,0.0225483821456954
0x0651efb6e070e659c6e030cea8d5e25b016d684e,UNI,0.0219512765544763
0x0651efb6e070e659c6e030cea8d5e25b016d684e,XLM,0.0219251887872228
0x0651efb6e070e659c6e030cea8d5e25b016d684e,XMR,0.0221506144010388
0x0651efb6e070e659c6e030cea8d5e25b016d684e,XTZ,0.0218686940734794
0x0651efb6e070e659c6e030cea8d5e25b016d684e,YFI,0.02207208472377
0x0651efb6e070e659c6e030cea8d5e25b016d684e,ZEC,0.0219759087956042
0x0651efb6e070e659c6e030cea8d5e25b016d684e,ZRX,0.0218806337635918
0x14186932e2c83b9e2bd5d39c04265cfb4646859b,1INCH,0.031587772
0x14186932e2c83b9e2bd5d39c04265cfb4646859b,AAVE,0.031587772
0x14186932e2c83b9e2bd5d39c04265cfb4646859b,ADA,0.030928927
0x14186932e2c83b9e2bd5d39c04265cfb4646859b,ALGO,0.031127324
0x14186932e2c83b9e2bd5d39c04265cfb4646859b,ATOM,0.031127324
0x14186932e2c83b9e2bd5d39c04265cfb4646859b,AVAX,0.031127324
0x14186932e2c83b9e2bd5d39c04265cfb4646859b,BCH,0.031127324
0x14186932e2c83b9e2bd5d39c04265cfb4646859b,BTC,0.030072922
0x14186932e2c83b9e2bd5d39c04265cfb4646859b,CELO,0.031587772
0x14186932e2c83b9e2bd5d39c04265cfb4646859b,COMP,0.031127324
0x14186932e2c83b9e2bd5d39c04265cfb4646859b,CRV,0.031587772
0x14186932e2c83b9e2bd5d39c04265cfb4646859b,DOGE,0.031732988
0x14186932e2c83b9e2bd5d39c04265cfb4646859b,DOT,0.031127324
0x14186932e2c83b9e2bd5d39c04265cfb4646859b,ENJ,0.031587772
0x14186932e2c83b9e2bd5d39c04265cfb4646859b,EOS,0.031587772
0x14186932e2c83b9e2bd5d39c04265cfb4646859b,ETC,0.030928927
0x14186932e2c83b9e2bd5d39c04265cfb4646859b,ETH,0.031732988
0x14186932e2c83b9e2bd5d39c04265cfb4646859b,FIL,0.031587772
0x14186932e2c83b9e2bd5d39c04265cfb4646859b,ICP,0.031127324
0x14186932e2c83b9e2bd5d39c04265cfb4646859b,LINK,0.031127324
0x14186932e2c83b9e2bd5d39c04265cfb4646859b,LTC,0.030323263
0x14186932e2c83b9e2bd5d39c04265cfb4646859b,MATIC,0.031127324
0x14186932e2c83b9e2bd5d39c04265cfb4646859b,MKR,0.031587772
0x14186932e2c83b9e2bd5d39c04265cfb4646859b,NEAR,0.030323263
0x14186932e2c83b9e2bd5d39c04265cfb4646859b,RUNE,0.031587772
0x14186932e2c83b9e2bd5d39c04265cfb4646859b,SNX,0.031587772
0x14186932e2c83b9e2bd5d39c04265cfb4646859b,SOL,0.031127324
0x14186932e2c83b9e2bd5d39c04265cfb4646859b,SUSHI,0.031587772
0x14186932e2c83b9e2bd5d39c04265cfb4646859b,TRX,0.030072922
0x14186932e2c83b9e2bd5d39c04265cfb4646859b,UMA,0.030928927
0x14186932e2c83b9e2bd5d39c04265cfb4646859b,UNI,0.031587772
0x14186932e2c83b9e2bd5d39c04265cfb4646859b,XLM,0.031127324
0x14186932e2c83b9e2bd5d39c04265cfb4646859b,XMR,0.030072922
0x14186932e2c83b9e2bd5d39c04265cfb4646859b,XTZ,0.031587772
0x14186932e2c83b9e2bd5d39c04265cfb4646859b,YFI,0.031587772
0x14186932e2c83b9e2bd5d39c04265cfb4646859b,ZEC,0.031587772
0x14186932e2c83b9e2bd5d39c04265cfb4646859b,ZRX,0.031587772
0x181a5bac1f070befbba81a97b68d0e788b4f9189,1INCH,-0.218350152541592
0x181a5bac1f070befbba81a97b68d0e788b4f9189,AAVE,-0.0610223997944779
0x181a5bac1f070befbba81a97b68d0e788b4f9189,ADA,-0.0091946746902594
0x181a5bac1f070befbba81a97b68d0e788b4f9189,ALGO,-0.1031300650113188
0x181a5bac1f070befbba81a97b68d0e788b4f9189,ATOM,0.0047800582094258
0x181a5bac1f070befbba81a97b68d0e788b4f9189,AVAX,0.2457290242438718
0x181a5bac1f070befbba81a97b68d0e788b4f9189,BCH,0.2439305022834502
0x181a5bac1f070befbba81a97b68d0e788b4f9189,BTC,-0.0582679858446582
0x181a5bac1f070befbba81a97b68d0e788b4f9189,CELO,-0.0665692675508025
0x181a5bac1f070befbba81a97b68d0e788b4f9189,COMP,-0.0233590570571692
0x181a5bac1f070befbba81a97b68d0e788b4f9189,CRV,0.0568562350842269
0x181a5bac1f070befbba81a97b68d0e788b4f9189,DOGE,0.5984000030947354
0x181a5bac1f070befbba81a97b68d0e788b4f9189,DOT,0.0562103484922329
0x181a5bac1f070befbba81a97b68d0e788b4f9189,ENJ,0.1820514980234964
0x181a5bac1f070befbba81a97b68d0e788b4f9189,EOS,-0.1311722135541104
0x181a5bac1f070befbba81a97b68d0e788b4f9189,ETC,0.2446550332662592
0x181a5bac1f070befbba81a97b68d0e788b4f9189,ETH,-0.0176443355339386
0x181a5bac1f070befbba81a97b68d0e788b4f9189,FIL,0.1142105355654526
0x181a5bac1f070befbba81a97b68d0e788b4f9189,ICP,0.0377997275331355
0x181a5bac1f070befbba81a97b68d0e788b4f9189,LINK,0.033027952858707
0x181a5bac1f070befbba81a97b68d0e788b4f9189,LTC,-0.140879456516135
0x181a5bac1f070befbba81a97b68d0e788b4f9189,MATIC,-0.0302504396508708
0x181a5bac1f070befbba81a97b68d0e788b4f9189,MKR,0.1802782257225057
0x181a5bac1f070befbba81a97b68d0e788b4f9189,NEAR,-0.0852591928308834
0x181a5bac1f070befbba81a97b68d0e788b4f9189,RUNE,-0.0251605506682143
0x181a5bac1f070befbba81a97b68d0e788b4f9189,SNX,-0.074816260051158
0x181a5bac1f070befbba81a97b68d0e788b4f9189,SOL,-0.0759445092175302
0x181a5bac1f070befbba81a97b68d0e788b4f9189,SUSHI,-0.1252985716491765
0x181a5bac1f070befbba81a97b68d0e788b4f9189,TRX,-0.0381130113157225
0x181a5bac1f070befbba81a97b68d0e788b4f9189,UMA,0.0693939245569887
0x181a5bac1f070befbba81a97b68d0e788b4f9189,UNI,-0.1507504042174187
0x181a5bac1f070befbba81a97b68d0e788b4f9189,XLM,-0.0011598799872201
0x181a5bac1f070befbba81a97b68d0e788b4f9189,XMR,-0.0157385654775932
0x181a5bac1f070befbba81a97b68d0e788b4f9189,XTZ,-0.0966845140441789
0x181a5bac1f070befbba81a97b68d0e788b4f9189,YFI,-0.118134768637282
0x181a5bac1f070befbba81a97b68d0e788b4f9189,ZEC,-0.1269031124428268
0x181a5bac1f070befbba81a97b68d0e788b4f9189,ZRX,-0.0301445771808379
0x1b1d704cfd260f0eeca05d495d4818ebeac2922f,1INCH,0.0909090909090909
0x1b1d704cfd260f0eeca05d495d4818ebeac2922f,AAVE,0.0
0x1b1d704cfd260f0eeca05d495d4818ebeac2922f,ADA,0.0909090909090909
0x1b1d704cfd260f0eeca05d495d4818ebeac2922f,ALGO,0.0
0x1b1d704cfd260f0eeca05d495d4818ebeac2922f,ATOM,0.0909090909090909
0x1b1d704cfd260f0eeca05d495d4818ebeac2922f,AVAX,0.0
0x1b1d704cfd260f0eeca05d495d4818ebeac2922f,BCH,-0.0
0x1b1d704cfd260f0eeca05d495d4818ebeac2922f,BTC,0.0909090909090909
0x1b1d704cfd260f0eeca05d495d4818ebeac2922f,CELO,0.0
0x1b1d704cfd260f0eeca05d495d4818ebeac2922f,COMP,0.0
0x1b1d704cfd260f0eeca05d495d4818ebeac2922f,CRV,0.0
0x1b1d704cfd260f0eeca05d495d4818ebeac2922f,DOGE,0.0909090909090909
0x1b1d704cfd260f0eeca05d495d4818ebeac2922f,DOT,0.0
0x1b1d704cfd260f0eeca05d495d4818ebeac2922f,ENJ,0.0909090909090909
0x1b1d704cfd260f0eeca05d495d4818ebeac2922f,EOS,0.0909090909090909
0x1b1d704cfd260f0eeca05d495d4818ebeac2922f,ETC,0.0
0x1b1d704cfd260f0eeca05d495d4818ebeac2922f,ETH,0.0909090909090909
0x1b1d704cfd260f0eeca05d495d4818ebeac2922f,FIL,0.0
0x1b1d704cfd260f0eeca05d495d4818ebeac2922f,ICP,-0.0
0x1b1d704cfd260f0eeca05d495d4818ebeac2922f,LINK,0.0
0x1b1d704cfd260f0eeca05d495d4818ebeac2922f,LTC,-0.0
0x1b1d704cfd260f0eeca05d495d4818ebeac2922f,MATIC,0.0
0x1b1d704cfd260f0eeca05d495d4818ebeac2922f,MKR,-0.0
0x1b1d704cfd260f0eeca05d495d4818ebeac2922f,NEAR,-0.0
0x1b1d704cfd260f0eeca05d495d4818ebeac2922f,RUNE,0.0
0x1b1d704cfd260f0eeca05d495d4818ebeac2922f,SNX,0.0
0x1b1d704cfd260f0eeca05d495d4818ebeac2922f,SOL,0.0
0x1b1d704cfd260f0eeca05d495d4818ebeac2922f,SUSHI,0.0
0x1b1d704cfd260f0eeca05d495d4818ebeac2922f,TRX,0.0
0x1b1d704cfd260f0eeca05d495d4818ebeac2922f,UMA,0.0909090909090909
0x1b1d704cfd260f0eeca05d495d4818ebeac2922f,UNI,0.0909090909090909
0x1b1d704cfd260f0eeca05d495d4818ebeac2922f,XLM,0.0
0x1b1d704cfd260f0eeca05d495d4818ebeac2922f,XMR,0.0
0x1b1d704cfd260f0eeca05d495d4818ebeac2922f,XTZ,0.0909090909090909
0x1b1d704cfd260f0eeca05d495d4818ebeac2922f,YFI,-0.0
0x1b1d704cfd260f0eeca05d495d4818ebeac2922f,ZEC,0.0
0x1b1d704cfd260f0eeca05d495d4818ebeac2922f,ZRX,-0.0
0x1be48b2b7594fe7e47701bc7e7bb83beaf84ecc0,1INCH,0.0066699353
0x1be48b2b7594fe7e47701bc7e7bb83beaf84ecc0,AAVE,-0.018913178
0x1be48b2b7594fe7e47701bc7e7bb83beaf84ecc0,ADA,0.009139313
0x1be48b2b7594fe7e47701bc7e7bb83beaf84ecc0,ALGO,0.012670085
0x1be48b2b7594fe7e47701bc7e7bb83beaf84ecc0,ATOM,0.037412442
0x1be48b2b7594fe7e47701bc7e7bb83beaf84ecc0,AVAX,0.015161128
0x1be48b2b7594fe7e47701bc7e7bb83beaf84ecc0,BCH,0.008423044
0x1be48b2b7594fe7e47701bc7e7bb83beaf84ecc0,BTC,0.010669647
0x1be48b2b7594fe7e47701bc7e7bb83beaf84ecc0,CELO,-0.025443671
0x1be48b2b7594fe7e47701bc7e7bb83beaf84ecc0,COMP,0.0077766846
0x1be48b2b7594fe7e47701bc7e7bb83beaf84ecc0,CRV,0.007572313
0x1be48b2b7594fe7e47701bc7e7bb83beaf84ecc0,DOGE,-0.0017367445
0x1be48b2b7594fe7e47701bc7e7bb83beaf84ecc0,DOT,0.037975147
0x1be48b2b7594fe7e47701bc7e7bb83beaf84ecc0,ENJ,0.0011599986
0x1be48b2b7594fe7e47701bc7e7bb83beaf84ecc0,EOS,-0.0034381058
0x1be48b2b7594fe7e47701bc7e7bb83beaf84ecc0,ETC,-0.039741885
0x1be48b2b7594fe7e47701bc7e7bb83beaf84ecc0,ETH,-0.0042849104
0x1be48b2b7594fe7e47701bc7e7bb83beaf84ecc0,FIL,-0.022910917
0x1be48b2b7594fe7e47701bc7e7bb83beaf84ecc0,ICP,-0.02759514
0x1be48b2b7594fe7e47701bc7e7bb83beaf84ecc0,LINK,0.0016224184
0x1be48b2b7594fe7e47701bc7e7bb83beaf84ecc0,LTC,-0.005205205
0x1be48b2b7594fe7e47701bc7e7bb83beaf84ecc0,MATIC,0.011810485
0x1be48b2b7594fe7e47701bc7e7bb83beaf84ecc0,MKR,-0.02056948
0x1be48b2b7594fe7e47701bc7e7bb83beaf84ecc0,NEAR,-0.050901536
0x1be48b2b7594fe7e47701bc7e7bb83beaf84ecc0,RUNE,-0.027129048
0x1be48b2b7594fe7e47701bc7e7bb83beaf84ecc0,SNX,-0.020356243
0x1be48b2b7594fe7e47701bc7e7bb83beaf84ecc0,SOL,0.060387194
0x1be48b2b7594fe7e47701bc7e7bb83beaf84ecc0,SUSHI,-0.03362693
0x1be48b2b7594fe7e47701bc7e7bb83beaf84ecc0,TRX,0.01902262
0x1be48b2b7594fe7e47701bc7e7bb83beaf84ecc0,UMA,-0.0053293407
0x1be48b2b7594fe7e47701bc7e7bb83beaf84ecc0,UNI,0.017561702
0x1be48b2b7594fe7e47701bc7e7bb83beaf84ecc0,XLM,0.025350887
0x1be48b2b7594fe7e47701bc7e7bb83beaf84ecc0,XMR,-0.013729456
0x1be48b2b7594fe7e47701bc7e7bb83beaf84ecc0,XTZ,0.011375036
0x1be48b2b7594fe7e47701bc7e7bb83beaf84ecc0,YFI,-0.020775838
0x1be48b2b7594fe7e47701bc7e7bb83beaf84ecc0,ZEC,0.013577835
0x1be48b2b7594fe7e47701bc7e7bb83beaf84ecc0,ZRX,0.0016316639
0x1bfb6731ff80e75bf84bfe40a108723c5eb23d4f,1INCH,0.022242477
0x1bfb6731ff80e75bf84bfe40a108723c5eb23d4f,AAVE,0.0057603475
0x1bfb6731ff80e75bf84bfe40a108723c5eb23d4f,ADA,-0.0010590216
0x1bfb6731ff80e75bf84bfe40a108723c5eb23d4f,ALGO,-0.014743259
0x1bfb6731ff80e75bf84bfe40a108723c5eb23d4f,ATOM,0.009037115
0x1bfb6731ff80e75bf84bfe40a108723c5eb23d4f,AVAX,0.010017425
0x1bfb6731ff80e75bf84bfe40a108723c5eb23d4f,BCH,0.015674256
0x1bfb6731ff80e75bf84bfe40a108723c5eb23d4f,BTC,0.009278061
0x1bfb6731ff80e75bf84bfe40a108723c5eb23d4f,CELO,-0.014034108
0x1bfb6731ff80e75bf84bfe40a108723c5eb23d4f,COMP,0.0045994157
0x1bfb6731ff80e75bf84bfe40a108723c5eb23d4f,CRV,-0.01714634
0x1bfb6731ff80e75bf84bfe40a108723c5eb23d4f,DOGE,-0.0058449022
0x1bfb6731ff80e75bf84bfe40a108723c5eb23d4f,DOT,0.0047043003
0x1bfb6731ff80e75bf84bfe40a108723c5eb23d4f,ENJ,0.006289158
0x1bfb6731ff80e75bf84bfe40a108723c5eb23d4f,EOS,0.0036435996
0x1bfb6731ff80e75bf84bfe40a108723c5eb23d4f,ETC,-0.04145203
0x1bfb6731ff80e75bf84bfe40a108723c5eb23d4f,ETH,0.0014555113
0x1bfb6731ff80e75bf84bfe40a108723c5eb23d4f,FIL,-0.00078445673
0x1bfb6731ff80e75bf84bfe40a108723c5eb23d4f,ICP,-0.0039072637
0x1bfb6731ff80e75bf84bfe40a108723c5eb23d4f,LINK,0.020741623
0x1bfb6731ff80e75bf84bfe40a108723c5eb23d4f,LTC,-0.0023378371
0x1bfb6731ff80e75bf84bfe40a108723c5eb23d4f,MATIC,0.0044968864
0x1bfb6731ff80e75bf84bfe40a108723c5eb23d4f,MKR,0.013391961
0x1bfb6731ff80e75bf84bfe40a108723c5eb23d4f,NEAR,-0.023195561
0x1bfb6731ff80e75bf84bfe40a108723c5eb23d4f,RUNE,-0.0063714427
0x1bfb6731ff80e75bf84bfe40a108723c5eb23d4f,SNX,-0.0015025801
0x1bfb6731ff80e75bf84bfe40a108723c5eb23d4f,SOL,0.021759082
0x1bfb6731ff80e75bf84bfe40a108723c5eb23d4f,SUSHI,0.0024428868
0x1bfb6731ff80e75bf84bfe40a108723c5eb23d4f,TRX,0.010780967
0x1bfb6731ff80e75bf84bfe40a108723c5eb23d4f,UMA,0.0038416546
0x1bfb6731ff80e75bf84bfe40a108723c5eb23d4f,UNI,0.01723228
0x1bfb6731ff80e75bf84bfe40a108723c5eb23d4f,XLM,0.009791264
0x1bfb6731ff80e75bf84bfe40a108723c5eb23d4f,XMR,0.034734167
0x1bfb6731ff80e75bf84bfe40a108723c5eb23d4f,XTZ,0.008609246
0x1bfb6731ff80e75bf84bfe40a108723c5eb23d4f,YFI,0.0006224312
0x1bfb6731ff80e75bf84bfe40a108723c5eb23d4f,ZEC,0.0060779285
0x1bfb6731ff80e75bf84bfe40a108723c5eb23d4f,ZRX,-0.0038408209
0x2b23c36232eac432433a919aedd9a169031661c2,1INCH,0.0024316194
0x2b23c36232eac432433a919aedd9a169031661c2,AAVE,0.000061205465
0x2b23c36232eac432433a919aedd9a169031661c2,ADA,-0.0013752854
0x2b23c36232eac432433a919aedd9a169031661c2,ALGO,-0.0052416786
0x2b23c36232eac432433a919aedd9a169031661c2,ATOM,0.026694637
0x2b23c36232eac432433a919aedd9a169031661c2,AVAX,-0.037164368
0x2b23c36232eac432433a919aedd9a169031661c2,BCH,0.016931826
0x2b23c36232eac432433a919aedd9a169031661c2,BTC,-0.0053091673
0x2b23c36232eac432433a919aedd9a169031661c2,CELO,-0.0055399784
0x2b23c36232eac432433a919aedd9a169031661c2,COMP,0.021352757
0x2b23c36232eac432433a919aedd9a169031661c2,CRV,0.004522509
0x2b23c36232eac432433a919aedd9a169031661c2,DOGE,0.0035157218
0x2b23c36232eac432433a919aedd9a169031661c2,DOT,0.008658345
0x2b23c36232eac432433a919aedd9a169031661c2,ENJ,0.004808761
0x2b23c36232eac432433a919aedd9a169031661c2,EOS,-0.004347046
0x2b23c36232eac432433a919aedd9a169031661c2,ETC,-0.014771891
0x2b23c36232eac432433a919aedd9a169031661c2,ETH,-0.0036024083
0x2b23c36232eac432433a919aedd9a169031661c2,FIL,0.009702874
0x2b23c36232eac432433a919aedd9a169031661c2,ICP,0.018646555
0x2b23c36232eac432433a919aedd9a169031661c2,LINK,0.004973422
0x2b23c36232eac432433a919aedd9a169031661c2,LTC,-0.0025942398
0x2b23c36232eac432433a919aedd9a169031661c2,MATIC,-0.001116053
0x2b23c36232eac432433a919aedd9a169031661c2,MKR,-0.024244517
0x2b23c36232eac432433a919aedd9a169031661c2,NEAR,-0.0602687
0x2b23c36232eac432433a919aedd9a169031661c2,RUNE,-0.021810405
0x2b23c36232eac432433a919aedd9a169031661c2,SNX,-0.0142033715
0x2b23c36232eac432433a919aedd9a169031661c2,SOL,-0.0008780365
0x2b23c36232eac432433a919aedd9a169031661c2,SUSHI,-0.0042768847
0x2b23c36232eac432433a919aedd9a169031661c2,TRX,0.012789141
0x2b23c36232eac432433a919aedd9a169031661c2,UMA,0.0039479868
0x2b23c36232eac432433a919aedd9a169031661c2,UNI,0.025618508
0x2b23c36232eac432433a919aedd9a169031661c2,XLM,0.00479536
0x2b23c36232eac432433a919aedd9a169031661c2,XMR,-0.00042397165
0x2b23c36232eac432433a919aedd9a169031661c2,XTZ,0.012449026
0x2b23c36232eac432433a919aedd9a169031661c2,YFI,-0.02213081
0x2b23c36232eac432433a919aedd9a169031661c2,ZEC,0.0026578049
0x2b23c36232eac432433a919aedd9a169031661c2,ZRX,-0.011438031
0x2e85c8101e01810adb4c1f6e878d7b0d8bbd70a1,1INCH,0.02457029
0x2e85c8101e01810adb4c1f6e878d7b0d8bbd70a1,AAVE,0.0220173278999999
0x2e85c8101e01810adb4c1f6e878d7b0d8bbd70a1,ADA,0.02508324745
0x2e85c8101e01810adb4c1f6e878d7b0d8bbd70a1,ALGO,0.03215479919
0x2e85c8101e01810adb4c1f6e878d7b0d8bbd70a1,ATOM,0.0113927725
0x2e85c8101e01810adb4c1f6e878d7b0d8bbd70a1,AVAX,0.0299548909999999
0x2e85c8101e01810adb4c1f6e878d7b0d8bbd70a1,BCH,0.0336102375
0x2e85c8101e01810adb4c1f6e878d7b0d8bbd70a1,BTC,0.06816409
0x2e85c8101e01810adb4c1f6e878d7b0d8bbd70a1,CELO,0.0060695385
0x2e85c8101e01810adb4c1f6e878d7b0d8bbd70a1,COMP,0.012255038
0x2e85c8101e01810adb4c1f6e878d7b0d8bbd70a1,CRV,0.0221173315
0x2e85c8101e01810adb4c1f6e878d7b0d8bbd70a1,DOGE,0.00199124705
0x2e85c8101e01810adb4c1f6e878d7b0d8bbd70a1,DOT,0.0266065615
0x2e85c8101e01810adb4c1f6e878d7b0d8bbd70a1,ENJ,0.025199461
0x2e85c8101e01810adb4c1f6e878d7b0d8bbd70a1,EOS,0.024438335
0x2e85c8101e01810adb4c1f6e878d7b0d8bbd70a1,ETC,0.0082113142
0x2e85c8101e01810adb4c1f6e878d7b0d8bbd70a1,ETH,0.00165184
0x2e85c8101e01810adb4c1f6e878d7b0d8bbd70a1,FIL,0.038155461
0x2e85c8101e01810adb4c1f6e878d7b0d8bbd70a1,ICP,0.0449158665
0x2e85c8101e01810adb4c1f6e878d7b0d8bbd70a1,LINK,0.0243901255
0x2e85c8101e01810adb4c1f6e878d7b0d8bbd70a1,LTC,0.0343033185
0x2e85c8101e01810adb4c1f6e878d7b0d8bbd70a1,MATIC,0.0209511764999999
0x2e85c8101e01810adb4c1f6e878d7b0d8bbd70a1,MKR,0.016910606
0x2e85c8101e01810adb4c1f6e878d7b0d8bbd70a1,NEAR,0.0225100004999999
0x2e85c8101e01810adb4c1f6e878d7b0d8bbd70a1,RUNE,0.01977905365
0x2e85c8101e01810adb4c1f6e878d7b0d8bbd70a1,SNX,0.0160421331
0x2e85c8101e01810adb4c1f6e878d7b0d8bbd70a1,SOL,0.095379724
0x2e85c8101e01810adb4c1f6e878d7b0d8bbd70a1,SUSHI,0.017900697
0x2e85c8101e01810adb4c1f6e878d7b0d8bbd70a1,TRX,0.0071347994999999
0x2e85c8101e01810adb4c1f6e878d7b0d8bbd70a1,UMA,0.0048448025
0x2e85c8101e01810adb4c1f6e878d7b0d8bbd70a1,UNI,0.032851556
0x2e85c8101e01810adb4c1f6e878d7b0d8bbd70a1,XLM,0.0184060075
0x2e85c8101e01810adb4c1f6e878d7b0d8bbd70a1,XMR,0.0048391503
0x2e85c8101e01810adb4c1f6e878d7b0d8bbd70a1,XTZ,0.0290849305
0x2e85c8101e01810adb4c1f6e878d7b0d8bbd70a1,YFI,-0.0005087275
0x2e85c8101e01810adb4c1f6e878d7b0d8bbd70a1,ZEC,0.0076665355
0x2e85c8101e01810adb4c1f6e878d7b0d8bbd70a1,ZRX,0.024402998
0x3e04d3e08ea54c34f721ac007107fe7a4bd957d5,1INCH,-0.0054142830599936
0x3e04d3e08ea54c34f721ac007107fe7a4bd957d5,AAVE,-0.0051406907170163
0x3e04d3e08ea54c34f721ac007107fe7a4bd957d5,ADA,-0.0113421283557716
0x3e04d3e08ea54c34f721ac007107fe7a4bd957d5,ALGO,-0.009111021408258
0x3e04d3e08ea54c34f721ac007107fe7a4bd957d5,ATOM,-0.0083680723942849
0x3e04d3e08ea54c34f721ac007107fe7a4bd957d5,AVAX,-0.0084083072705271
0x3e04d3e08ea54c34f721ac007107fe7a4bd957d5,BCH,-0.0087004697520139
0x3e04d3e08ea54c34f721ac007107fe7a4bd957d5,BTC,-0.0095787503251658
0x3e04d3e08ea54c34f721ac007107fe7a4bd957d5,CELO,-0.0046630037315345
0x3e04d3e08ea54c34f721ac007107fe7a4bd957d5,COMP,-0.008393740665232
0x3e04d3e08ea54c34f721ac007107fe7a4bd957d5,CRV,-0.0046665682644093
0x3e04d3e08ea54c34f721ac007107fe7a4bd957d5,DOGE,-0.0069016763350354
0x3e04d3e08ea54c34f721ac007107fe7a4bd957d5,DOT,-0.0078728632046265
0x3e04d3e08ea54c34f721ac007107fe7a4bd957d5,ENJ,-0.0053730359079683
0x3e04d3e08ea54c34f721ac007107fe7a4bd957d5,EOS,-0.0050320886417985
0x3e04d3e08ea54c34f721ac007107fe7a4bd957d5,ETC,-0.0097171871328722
0x3e04d3e08ea54c34f721ac007107fe7a4bd957d5,ETH,-0.0070514327356413
0x3e04d3e08ea54c34f721ac007107fe7a4bd957d5,FIL,-0.0055204959308846
0x3e04d3e08ea54c34f721ac007107fe7a4bd957d5,ICP,-0.0132683528635157
0x3e04d3e08ea54c34f721ac007107fe7a4bd957d5,LINK,-0.006769733757179
0x3e04d3e08ea54c34f721ac007107fe7a4bd957d5,LTC,-0.0091464254650618
0x3e04d3e08ea54c34f721ac007107fe7a4bd957d5,MATIC,-0.0083145815603257
0x3e04d3e08ea54c34f721ac007107fe7a4bd957d5,MKR,-0.0049675441583263
0x3e04d3e08ea54c34f721ac007107fe7a4bd957d5,NEAR,-0.017481742133574
0x3e04d3e08ea54c34f721ac007107fe7a4bd957d5,RUNE,-0.0057357489766232
0x3e04d3e08ea54c34f721ac007107fe7a4bd957d5,SNX,-0.0051186573335706
0x3e04d3e08ea54c34f721ac007107fe7a4bd957d5,SOL,-0.0112255842613556
0x3e04d3e08ea54c34f721ac007107fe7a4bd957d5,SUSHI,-0.0051186573335706
0x3e04d3e08ea54c34f721ac007107fe7a4bd957d5,TRX,-0.0081141556579423
0x3e04d3e08ea54c34f721ac007107fe7a4bd957d5,UMA,-0.0131323617874892
0x3e04d3e08ea54c34f721ac007107fe7a4bd957d5,UNI,-0.0049989258504071
0x3e04d3e08ea54c34f721ac007107fe7a4bd957d5,XLM,-0.0083454367563367
0x3e04d3e08ea54c34f721ac007107fe7a4bd957d5,XMR,-0.0087559207801227
0x3e04d3e08ea54c34f721ac007107fe7a4bd957d5,XTZ,-0.0051406907170163
0x3e04d3e08ea54c34f721ac007107fe7a4bd957d5,YFI,-0.0051186573335706
0x3e04d3e08ea54c34f721ac007107fe7a4bd957d5,ZEC,-0.0065661105573226
0x3e04d3e08ea54c34f721ac007107fe7a4bd957d5,ZRX,-0.0062670141117133
0x3ebab08d24031caa95c4290b28f66e71bbe418e5,1INCH,0.0243549866188323
0x3ebab08d24031caa95c4290b28f66e71bbe418e5,AAVE,0.0043617751339618
0x3ebab08d24031caa95c4290b28f66e71bbe418e5,ADA,-0.0003864763075524
0x3ebab08d24031caa95c4290b28f66e71bbe418e5,ALGO,-0.0004773664657652
0x3ebab08d24031caa95c4290b28f66e71bbe418e5,ATOM,0.0087753553125193
0x3ebab08d24031caa95c4290b28f66e71bbe418e5,AVAX,0.0310565421785861
0x3ebab08d24031caa95c4290b28f66e71bbe418e5,BCH,0.0106645485791476
0x3ebab08d24031caa95c4290b28f66e71bbe418e5,BTC,-0.0269081909330529
0x3ebab08d24031caa95c4290b28f66e71bbe418e5,CELO,-0.0008868706369509
0x3ebab08d24031caa95c4290b28f66e71bbe418e5,COMP,0.0273253286211539
0x3ebab08d24031caa95c4290b28f66e71bbe418e5,CRV,-0.0021999685253942
0x3ebab08d24031caa95c4290b28f66e71bbe418e5,DOGE,-0.0328544462367637
0x3ebab08d24031caa95c4290b28f66e71bbe418e5,DOT,0.0190777213160472
0x3ebab08d24031caa95c4290b28f66e71bbe418e5,ENJ,0.0122263500788572
0x3ebab08d24031caa95c4290b28f66e71bbe418e5,EOS,0.0089141786748927
0x3ebab08d24031caa95c4290b28f66e71bbe418e5,ETC,0.0037054951960318
0x3ebab08d24031caa95c4290b28f66e71bbe418e5,ETH,-0.0400725791867956
0x3ebab08d24031caa95c4290b28f66e71bbe418e5,FIL,0.000256686826554
0x3ebab08d24031caa95c4290b28f66e71bbe418e5,ICP,-0.0372786174149772
0x3ebab08d24031caa95c4290b28f66e71bbe418e5,LINK,0.0567400391965939
0x3ebab08d24031caa95c4290b28f66e71bbe418e5,LTC,-0.0181257695539572
0x3ebab08d24031caa95c4290b28f66e71bbe418e5,MATIC,0.0137172614649719
0x3ebab08d24031caa95c4290b28f66e71bbe418e5,MKR,-0.0287197011489371
0x3ebab08d24031caa95c4290b28f66e71bbe418e5,NEAR,-0.0577703529093941
0x3ebab08d24031caa95c4290b28f66e71bbe418e5,RUNE,-0.0256378511844982
0x3ebab08d24031caa95c4290b28f66e71bbe418e5,SNX,-0.0120556398476064
0x3ebab08d24031caa95c4290b28f66e71bbe418e5,SOL,0.0837229698927216
0x3ebab08d24031caa95c4290b28f66e71bbe418e5,SUSHI,-0.0051958950862685
0x3ebab08d24031caa95c4290b28f66e71bbe418e5,TRX,0.0517557100674168
0x3ebab08d24031caa95c4290b28f66e71bbe418e5,UMA,-0.0109279310732838
0x3ebab08d24031caa95c4290b28f66e71bbe418e5,UNI,0.0293631192580597
0x3ebab08d24031caa95c4290b28f66e71bbe418e5,XLM,0.0094969131662491
0x3ebab08d24031caa95c4290b28f66e71bbe418e5,XMR,0.0101473601504629
0x3ebab08d24031caa95c4290b28f66e71bbe418e5,XTZ,0.01825142048212
0x3ebab08d24031caa95c4290b28f66e71bbe418e5,YFI,-0.0157191265079828
0x3ebab08d24031caa95c4290b28f66e71bbe418e5,ZEC,-0.0143895659512843
0x3ebab08d24031caa95c4290b28f66e71bbe418e5,ZRX,0.0015979308862668
0x427ae6048c7d2ded45a07ea46f2873d0f9dddb35,1INCH,0.0013159275128259
0x427ae6048c7d2ded45a07ea46f2873d0f9dddb35,AAVE,0.0272335127066224
0x427ae6048c7d2ded45a07ea46f2873d0f9dddb35,ADA,0.0368880004066287
0x427ae6048c7d2ded45a07ea46f2873d0f9dddb35,ALGO,0.012455495942273
0x427ae6048c7d2ded45a07ea46f2873d0f9dddb35,ATOM,0.0040455002504447
0x427ae6048c7d2ded45a07ea46f2873d0f9dddb35,AVAX,-0.0165887274219571
0x427ae6048c7d2ded45a07ea46f2873d0f9dddb35,BCH,0.0646439995267018
0x427ae6048c7d2ded45a07ea46f2873d0f9dddb35,BTC,0.0168039412711
0x427ae6048c7d2ded45a07ea46f2873d0f9dddb35,CELO,-0.0057039631137144
0x427ae6048c7d2ded45a07ea46f2873d0f9dddb35,COMP,-0.0028693900836085
0x427ae6048c7d2ded45a07ea46f2873d0f9dddb35,CRV,0.0385690194632906
0x427ae6048c7d2ded45a07ea46f2873d0f9dddb35,DOGE,0.0624472775842392
0x427ae6048c7d2ded45a07ea46f2873d0f9dddb35,DOT,-0.0268822247944863
0x427ae6048c7d2ded45a07ea46f2873d0f9dddb35,ENJ,-0.0035742482321835
0x427ae6048c7d2ded45a07ea46f2873d0f9dddb35,EOS,0.0219279867271518
0x427ae6048c7d2ded45a07ea46f2873d0f9dddb35,ETC,0.0084277316521128
0x427ae6048c7d2ded45a07ea46f2873d0f9dddb35,ETH,0.0173255753708684
0x427ae6048c7d2ded45a07ea46f2873d0f9dddb35,FIL,0.0135816817846544
0x427ae6048c7d2ded45a07ea46f2873d0f9dddb35,ICP,0.0091151975985611
0x427ae6048c7d2ded45a07ea46f2873d0f9dddb35,LINK,-0.008765068985178
0x427ae6048c7d2ded45a07ea46f2873d0f9dddb35,LTC,0.0614635294118043
0x427ae6048c7d2ded45a07ea46f2873d0f9dddb35,MATIC,0.019540367779055
0x427ae6048c7d2ded45a07ea46f2873d0f9dddb35,MKR,0.0029013667904593
0x427ae6048c7d2ded45a07ea46f2873d0f9dddb35,NEAR,-0.0203087587168223
0x427ae6048c7d2ded45a07ea46f2873d0f9dddb35,RUNE,-0.0245256531086249
0x427ae6048c7d2ded45a07ea46f2873d0f9dddb35,SNX,-0.0157610331403548
0x427ae6048c7d2ded45a07ea46f2873d0f9dddb35,SOL,-0.0016362909050051
0x427ae6048c7d2ded45a07ea46f2873d0f9dddb35,SUSHI,0.0189107379321827
0x427ae6048c7d2ded45a07ea46f2873d0f9dddb35,TRX,-0.0047510435557829
0x427ae6048c7d2ded45a07ea46f2873d0f9dddb35,UMA,-0.0020655099089467
0x427ae6048c7d2ded45a07ea46f2873d0f9dddb35,UNI,0.0085108361708431
0x427ae6048c7d2ded45a07ea46f2873d0f9dddb35,XLM,0.0418450166632568
0x427ae6048c7d2ded45a07ea46f2873d0f9dddb35,XMR,0.033758969449283
0x427ae6048c7d2ded45a07ea46f2873d0f9dddb35,XTZ,0.0278501101628755
0x427ae6048c7d2ded45a07ea46f2873d0f9dddb35,YFI,-0.0056614396816468
0x427ae6048c7d2ded45a07ea46f2873d0f9dddb35,ZEC,0.0186677450403794
0x427ae6048c7d2ded45a07ea46f2873d0f9dddb35,ZRX,0.0440248364123913
0x49451c6af70feef6ef29b8c78bc17d4bdaf9fdaa,1INCH,0.0029691935531716
0x49451c6af70feef6ef29b8c78bc17d4bdaf9fdaa,AAVE,0.0133027071466895
0x49451c6af70feef6ef29b8c78bc17d4bdaf9fdaa,ADA,-0.0249339490659744
0x49451c6af70feef6ef29b8c78bc17d4bdaf9fdaa,ALGO,-0.0040291440168416
0x49451c6af70feef6ef29b8c78bc17d4bdaf9fdaa,ATOM,-0.0016632491256194
0x49451c6af70feef6ef29b8c78bc17d4bdaf9fdaa,AVAX,0.0086320088022909
0x49451c6af70feef6ef29b8c78bc17d4bdaf9fdaa,BCH,0.0831055680282764
0x49451c6af70feef6ef29b8c78bc17d4bdaf9fdaa,BTC,0.0745203648684737
0x49451c6af70feef6ef29b8c78bc17d4bdaf9fdaa,CELO,-0.0201880055555752
0x49451c6af70feef6ef29b8c78bc17d4bdaf9fdaa,COMP,0.0099365578121865
0x49451c6af70feef6ef29b8c78bc17d4bdaf9fdaa,CRV,0.0057074407447814
0x49451c6af70feef6ef29b8c78bc17d4bdaf9fdaa,DOGE,-0.0066726496239361
0x49451c6af70feef6ef29b8c78bc17d4bdaf9fdaa,DOT,-0.014314152899308
0x49451c6af70feef6ef29b8c78bc17d4bdaf9fdaa,ENJ,0.0119099792764233
0x49451c6af70feef6ef29b8c78bc17d4bdaf9fdaa,EOS,0.0187019172141655
0x49451c6af70feef6ef29b8c78bc17d4bdaf9fdaa,ETC,0.0337784488215961
0x49451c6af70feef6ef29b8c78bc17d4bdaf9fdaa,ETH,0.0410121216610737
0x49451c6af70feef6ef29b8c78bc17d4bdaf9fdaa,FIL,0.0133146944825121
0x49451c6af70feef6ef29b8c78bc17d4bdaf9fdaa,ICP,-0.0050234741928909
0x49451c6af70feef6ef29b8c78bc17d4bdaf9fdaa,LINK,0.0141986339369534
0x49451c6af70feef6ef29b8c78bc17d4bdaf9fdaa,LTC,0.079277266968397
0x49451c6af70feef6ef29b8c78bc17d4bdaf9fdaa,MATIC,-0.0007075143267225
0x49451c6af70feef6ef29b8c78bc17d4bdaf9fdaa,MKR,0.0624409892862771
0x49451c6af70feef6ef29b8c78bc17d4bdaf9fdaa,NEAR,-0.0173379445262153
0x49451c6af70feef6ef29b8c78bc17d4bdaf9fdaa,RUNE,0.0110808617253199
0x49451c6af70feef6ef29b8c78bc17d4bdaf9fdaa,SNX,-0.015811109122636
0x49451c6af70feef6ef29b8c78bc17d4bdaf9fdaa,SOL,-0.0214303339326355
0x49451c6af70feef6ef29b8c78bc17d4bdaf9fdaa,SUSHI,-0.0126096826397629
0x49451c6af70feef6ef29b8c78bc17d4bdaf9fdaa,TRX,-0.0158317588693633
0x49451c6af70feef6ef29b8c78bc17d4bdaf9fdaa,UMA,-0.0192938309623076
0x49451c6af70feef6ef29b8c78bc17d4bdaf9fdaa,UNI,0.0015158003241477
0x49451c6af70feef6ef29b8c78bc17d4bdaf9fdaa,XLM,0.0393035058957888
0x49451c6af70feef6ef29b8c78bc17d4bdaf9fdaa,XMR,0.0586016194602122
0x49451c6af70feef6ef29b8c78bc17d4bdaf9fdaa,XTZ,0.0007590806950121
0x49451c6af70feef6ef29b8c78bc17d4bdaf9fdaa,YFI,-0.0229269918984878
0x49451c6af70feef6ef29b8c78bc17d4bdaf9fdaa,ZEC,0.0284372254110978
0x49451c6af70feef6ef29b8c78bc17d4bdaf9fdaa,ZRX,-0.0004970610683855
0x4ad829a7609357a7d05737526fe13bbdd18427b5,1INCH,0.0305405039811271
0x4ad829a7609357a7d05737526fe13bbdd18427b5,AAVE,0.0106071672212004
0x4ad829a7609357a7d05737526fe13bbdd18427b5,ADA,0.00006788084023739982
0x4ad829a7609357a7d05737526fe13bbdd18427b5,ALGO,0.0803226886437245
0x4ad829a7609357a7d05737526fe13bbdd18427b5,ATOM,0.0270628683560027
0x4ad829a7609357a7d05737526fe13bbdd18427b5,AVAX,0.1351390140351884
0x4ad829a7609357a7d05737526fe13bbdd18427b5,BCH,-0.0426363910518091
0x4ad829a7609357a7d05737526fe13bbdd18427b5,BTC,-0.0076195300912949
0x4ad829a7609357a7d05737526fe13bbdd18427b5,CELO,0.0735020833423465
0x4ad829a7609357a7d05737526fe13bbdd18427b5,COMP,0.0182747295103123
0x4ad829a7609357a7d05737526fe13bbdd18427b5,CRV,-0.0716893863655228
0x4ad829a7609357a7d05737526fe13bbdd18427b5,DOGE,-0.049204185888849
0x4ad829a7609357a7d05737526fe13bbdd18427b5,DOT,0.0992127447531569
0x4ad829a7609357a7d05737526fe13bbdd18427b5,ENJ,0.0362983239295648
0x4ad829a7609357a7d05737526fe13bbdd18427b5,EOS,-0.0107405723241573
0x4ad829a7609357a7d05737526fe13bbdd18427b5,ETC,-0.0225053725001908
0x4ad829a7609357a7d05737526fe13bbdd18427b5,ETH,-0.0173978615354078
0x4ad829a7609357a7d05737526fe13bbdd18427b5,FIL,0.0473686256715497
0x4ad829a7609357a7d05737526fe13bbdd18427b5,ICP,0.413424627801801
0x4ad829a7609357a7d05737526fe13bbdd18427b5,LINK,-0.0247748720788816
0x4ad829a7609357a7d05737526fe13bbdd18427b5,LTC,-0.0387089375679651
0x4ad829a7609357a7d05737526fe13bbdd18427b5,MATIC,-0.0362807481633298
0x4ad829a7609357a7d05737526fe13bbdd18427b5,MKR,-0.0045394163992124
0x4ad829a7609357a7d05737526fe13bbdd18427b5,NEAR,0.2907263906373354
0x4ad829a7609357a7d05737526fe13bbdd18427b5,RUNE,-0.0308640995793869
0x4ad829a7609357a7d05737526fe13bbdd18427b5,SNX,-0.0271869042432334
0x4ad829a7609357a7d05737526fe13bbdd18427b5,SOL,0.2673438660885889
0x4ad829a7609357a7d05737526fe13bbdd18427b5,SUSHI,-0.0480948716815945
0x4ad829a7609357a7d05737526fe13bbdd18427b5,TRX,-0.0055208277909164
0x4ad829a7609357a7d05737526fe13bbdd18427b5,UMA,0.0212811287754988
0x4ad829a7609357a7d05737526fe13bbdd18427b5,UNI,0.0254177370245737
0x4ad829a7609357a7d05737526fe13bbdd18427b5,XLM,-0.0244358815122914
0x4ad829a7609357a7d05737526fe13bbdd18427b5,XMR,-0.0119022540946831
0x4ad829a7609357a7d05737526fe13bbdd18427b5,XTZ,0.0121193381252677
0x4ad829a7609357a7d05737526fe13bbdd18427b5,YFI,-0.0512205687806686
0x4ad829a7609357a7d05737526fe13bbdd18427b5,ZEC,-0.0499092081095821
0x4ad829a7609357a7d05737526fe13bbdd18427b5,ZRX,-0.0767802756329931
0x521c9c1d68f8684b098be00a5cf479e9aaebf0f7,1INCH,0.011415283
0x521c9c1d68f8684b098be00a5cf479e9aaebf0f7,AAVE,0.012395246
0x521c9c1d68f8684b098be00a5cf479e9aaebf0f7,ADA,0.015679542
0x521c9c1d68f8684b098be00a5cf479e9aaebf0f7,ALGO,0.0126894815
0x521c9c1d68f8684b098be00a5cf479e9aaebf0f7,ATOM,0.015523902
0x521c9c1d68f8684b098be00a5cf479e9aaebf0f7,AVAX,0.016098559
0x521c9c1d68f8684b098be00a5cf479e9aaebf0f7,BCH,0.017181445
0x521c9c1d68f8684b098be00a5cf479e9aaebf0f7,BTC,0.02132204
0x521c9c1d68f8684b098be00a5cf479e9aaebf0f7,CELO,0.011131234
0x521c9c1d68f8684b098be00a5cf479e9aaebf0f7,COMP,0.013707043
0x521c9c1d68f8684b098be00a5cf479e9aaebf0f7,CRV,0.014071405
0x521c9c1d68f8684b098be00a5cf479e9aaebf0f7,DOGE,0.016511232
0x521c9c1d68f8684b098be00a5cf479e9aaebf0f7,DOT,0.014588995
0x521c9c1d68f8684b098be00a5cf479e9aaebf0f7,ENJ,0.011805981
0x521c9c1d68f8684b098be00a5cf479e9aaebf0f7,EOS,0.010381965
0x521c9c1d68f8684b098be00a5cf479e9aaebf0f7,ETC,0.018045055
0x521c9c1d68f8684b098be00a5cf479e9aaebf0f7,ETH,0.02052059
0x521c9c1d68f8684b098be00a5cf479e9aaebf0f7,FIL,0.010630259
0x521c9c1d68f8684b098be00a5cf479e9aaebf0f7,ICP,0.0148659535
0x521c9c1d68f8684b098be00a5cf479e9aaebf0f7,LINK,0.016951608
0x521c9c1d68f8684b098be00a5cf479e9aaebf0f7,LTC,0.018141378
0x521c9c1d68f8684b098be00a5cf479e9aaebf0f7,MATIC,0.015988331
0x521c9c1d68f8684b098be00a5cf479e9aaebf0f7,MKR,0.016564874
0x521c9c1d68f8684b098be00a5cf479e9aaebf0f7,NEAR,0.016568199
0x521c9c1d68f8684b098be00a5cf479e9aaebf0f7,RUNE,0.016097175
0x521c9c1d68f8684b098be00a5cf479e9aaebf0f7,SNX,0.010693018
0x521c9c1d68f8684b098be00a5cf479e9aaebf0f7,SOL,0.019840108
0x521c9c1d68f8684b098be00a5cf479e9aaebf0f7,SUSHI,0.014034821
0x521c9c1d68f8684b098be00a5cf479e9aaebf0f7,TRX,0.018713715
0x521c9c1d68f8684b098be00a5cf479e9aaebf0f7,UMA,0.010865574
0x521c9c1d68f8684b098be00a5cf479e9aaebf0f7,UNI,0.013048073
0x521c9c1d68f8684b098be00a5cf479e9aaebf0f7,XLM,0.014943843
0x521c9c1d68f8684b098be00a5cf479e9aaebf0f7,XMR,0.016128957
0x521c9c1d68f8684b098be00a5cf479e9aaebf0f7,XTZ,0.012680991
0x521c9c1d68f8684b098be00a5cf479e9aaebf0f7,YFI,0.014226754
0x521c9c1d68f8684b098be00a5cf479e9aaebf0f7,ZEC,0.015689094
0x521c9c1d68f8684b098be00a5cf479e9aaebf0f7,ZRX,0.014200967
0x56d3fc9aa7062fd7b893c1ae33b365776ae1ee9d,1INCH,0.0026464226706067
0x56d3fc9aa7062fd7b893c1ae33b365776ae1ee9d,AAVE,-0.0037179981338236
0x56d3fc9aa7062fd7b893c1ae33b365776ae1ee9d,ADA,-0.0002404981057233
0x56d3fc9aa7062fd7b893c1ae33b365776ae1ee9d,ALGO,-0.0085453680222977
0x56d3fc9aa7062fd7b893c1ae33b365776ae1ee9d,ATOM,0.0189221391704149
0x56d3fc9aa7062fd7b893c1ae33b365776ae1ee9d,AVAX,0.0114155796772042
0x56d3fc9aa7062fd7b893c1ae33b365776ae1ee9d,BCH,-0.0021386442764606
0x56d3fc9aa7062fd7b893c1ae33b365776ae1ee9d,BTC,0.0001732764529582
0x56d3fc9aa7062fd7b893c1ae33b365776ae1ee9d,CELO,-0.0046475230447547
0x56d3fc9aa7062fd7b893c1ae33b365776ae1ee9d,COMP,-0.0018504994469546
0x56d3fc9aa7062fd7b893c1ae33b365776ae1ee9d,CRV,0.0009038559022544
0x56d3fc9aa7062fd7b893c1ae33b365776ae1ee9d,DOGE,-0.0152632878170534
0x56d3fc9aa7062fd7b893c1ae33b365776ae1ee9d,DOT,0.004099500901961
0x56d3fc9aa7062fd7b893c1ae33b365776ae1ee9d,ENJ,-0.0072841596772156
0x56d3fc9aa7062fd7b893c1ae33b365776ae1ee9d,EOS,-0.0008755184400531
0x56d3fc9aa7062fd7b893c1ae33b365776ae1ee9d,ETC,-0.0073579396631351
0x56d3fc9aa7062fd7b893c1ae33b365776ae1ee9d,ETH,0.00007350188747590127
0x56d3fc9aa7062fd7b893c1ae33b365776ae1ee9d,FIL,0.0048097846950231
0x56d3fc9aa7062fd7b893c1ae33b365776ae1ee9d,ICP,-0.0107608250767405
0x56d3fc9aa7062fd7b893c1ae33b365776ae1ee9d,LINK,0.0202463973728951
0x56d3fc9aa7062fd7b893c1ae33b365776ae1ee9d,LTC,-0.0074800109343238
0x56d3fc9aa7062fd7b893c1ae33b365776ae1ee9d,MATIC,-0.0063751387560917
0x56d3fc9aa7062fd7b893c1ae33b365776ae1ee9d,MKR,-0.0093167975099506
0x56d3fc9aa7062fd7b893c1ae33b365776ae1ee9d,NEAR,-0.0206841576282889
0x56d3fc9aa7062fd7b893c1ae33b365776ae1ee9d,RUNE,-0.0009503502840421
0x56d3fc9aa7062fd7b893c1ae33b365776ae1ee9d,SNX,-0.0195179804967972
0x56d3fc9aa7062fd7b893c1ae33b365776ae1ee9d,SOL,0.0309226177829132
0x56d3fc9aa7062fd7b893c1ae33b365776ae1ee9d,SUSHI,-0.0179630553589146
0x56d3fc9aa7062fd7b893c1ae33b365776ae1ee9d,TRX,0.0057689387047929
0x56d3fc9aa7062fd7b893c1ae33b365776ae1ee9d,UMA,0.0006950297423959
0x56d3fc9aa7062fd7b893c1ae33b365776ae1ee9d,UNI,0.0097392383654489
0x56d3fc9aa7062fd7b893c1ae33b365776ae1ee9d,XLM,0.0114005015933627
0x56d3fc9aa7062fd7b893c1ae33b365776ae1ee9d,XMR,-0.0070238956326721
0x56d3fc9aa7062fd7b893c1ae33b365776ae1ee9d,XTZ,-0.0024783513472348
0x56d3fc9aa7062fd7b893c1ae33b365776ae1ee9d,YFI,-0.0265543752013331
0x56d3fc9aa7062fd7b893c1ae33b365776ae1ee9d,ZEC,-0.001828655894006
0x56d3fc9aa7062fd7b893c1ae33b365776ae1ee9d,ZRX,-0.0053094871497459
0x5888ee085c125948e874bf1641cfa24661f2786b,1INCH,0.0821910782037594
0x5888ee085c125948e874bf1641cfa24661f2786b,AAVE,0.1168228941109194
0x5888ee085c125948e874bf1641cfa24661f2786b,ADA,0.1199948580632008
0x5888ee085c125948e874bf1641cfa24661f2786b,ALGO,0.1844874361276709
0x5888ee085c125948e874bf1641cfa24661f2786b,ATOM,0.1728072782529018
0x5888ee085c125948e874bf1641cfa24661f2786b,AVAX,0.1632200837611969
0x5888ee085c125948e874bf1641cfa24661f2786b,BCH,0.0732917836395977
0x5888ee085c125948e874bf1641cfa24661f2786b,BTC,0.1316001956802563
0x5888ee085c125948e874bf1641cfa24661f2786b,CELO,0.0671798660396894
0x5888ee085c125948e874bf1641cfa24661f2786b,COMP,0.0944070610427177
0x5888ee085c125948e874bf1641cfa24661f2786b,CRV,0.1376086918168728
0x5888ee085c125948e874bf1641cfa24661f2786b,DOGE,0.1123244377031481
0x5888ee085c125948e874bf1641cfa24661f2786b,DOT,0.1690726157841305
0x5888ee085c125948e874bf1641cfa24661f2786b,ENJ,0.1260858171886131
0x5888ee085c125948e874bf1641cfa24661f2786b,EOS,0.123215187380352
0x5888ee085c125948e874bf1641cfa24661f2786b,ETC,0.0673326291613924
0x5888ee085c125948e874bf1641cfa24661f2786b,ETH,0.1162067862102314
0x5888ee085c125948e874bf1641cfa24661f2786b,FIL,0.1589802882038935
0x5888ee085c125948e874bf1641cfa24661f2786b,ICP,0.0865489196571781
0x5888ee085c125948e874bf1641cfa24661f2786b,LINK,0.0418057235835392
0x5888ee085c125948e874bf1641cfa24661f2786b,LTC,0.0412296840421758
0x5888ee085c125948e874bf1641cfa24661f2786b,MATIC,0.0713703859795171
0x5888ee085c125948e874bf1641cfa24661f2786b,MKR,0.1395487749074678
0x5888ee085c125948e874bf1641cfa24661f2786b,NEAR,0.223715088620445
0x5888ee085c125948e874bf1641cfa24661f2786b,RUNE,0.1348932147979256
0x5888ee085c125948e874bf1641cfa24661f2786b,SNX,0.083485998042361
0x5888ee085c125948e874bf1641cfa24661f2786b,SOL,0.2122029786111414
0x5888ee085c125948e874bf1641cfa24661f2786b,SUSHI,0.1095151891352681
0x5888ee085c125948e874bf1641cfa24661f2786b,TRX,0.1397249273173237
0x5888ee085c125948e874bf1641cfa24661f2786b,UMA,0.1569487177060366
0x5888ee085c125948e874bf1641cfa24661f2786b,UNI,0.1276654557844186
0x5888ee085c125948e874bf1641cfa24661f2786b,XLM,0.0878374097820591
0x5888ee085c125948e874bf1641cfa24661f2786b,XMR,0.1600626939170486
0x5888ee085c125948e874bf1641cfa24661f2786b,XTZ,0.1277803785825266
0x5888ee085c125948e874bf1641cfa24661f2786b,YFI,0.0204198745887097
0x5888ee085c125948e874bf1641cfa24661f2786b,ZEC,0.1224661139575353
0x5888ee085c125948e874bf1641cfa24661f2786b,ZRX,0.1001753453502552
0x5dbda63f6d8b260b4963e6ab832bcd6cf7bf6e94,1INCH,-0.004944672387442
0x5dbda63f6d8b260b4963e6ab832bcd6cf7bf6e94,AAVE,0.028447600135928
0x5dbda63f6d8b260b4963e6ab832bcd6cf7bf6e94,ADA,0.0403799151151168
0x5dbda63f6d8b260b4963e6ab832bcd6cf7bf6e94,ALGO,0.0372811255457582
0x5dbda63f6d8b260b4963e6ab832bcd6cf7bf6e94,ATOM,0.0481146480329664
0x5dbda63f6d8b260b4963e6ab832bcd6cf7bf6e94,AVAX,0.0198070629870924
0x5dbda63f6d8b260b4963e6ab832bcd6cf7bf6e94,BCH,0.0025629859628306
0x5dbda63f6d8b260b4963e6ab832bcd6cf7bf6e94,BTC,0.0385146263398564
0x5dbda63f6d8b260b4963e6ab832bcd6cf7bf6e94,CELO,0.0074020149632486
0x5dbda63f6d8b260b4963e6ab832bcd6cf7bf6e94,COMP,0.0046710836882995
0x5dbda63f6d8b260b4963e6ab832bcd6cf7bf6e94,CRV,0.0306191576833056
0x5dbda63f6d8b260b4963e6ab832bcd6cf7bf6e94,DOGE,0.0168939189570115
0x5dbda63f6d8b260b4963e6ab832bcd6cf7bf6e94,DOT,0.0262657617389869
0x5dbda63f6d8b260b4963e6ab832bcd6cf7bf6e94,ENJ,0.0242062918858862
0x5dbda63f6d8b260b4963e6ab832bcd6cf7bf6e94,EOS,0.0359885921284145
0x5dbda63f6d8b260b4963e6ab832bcd6cf7bf6e94,ETC,0.0139122816593155
0x5dbda63f6d8b260b4963e6ab832bcd6cf7bf6e94,ETH,0.022771905091246
0x5dbda63f6d8b260b4963e6ab832bcd6cf7bf6e94,FIL,0.0301829868169467
0x5dbda63f6d8b260b4963e6ab832bcd6cf7bf6e94,ICP,-0.0173536798475202
0x5dbda63f6d8b260b4963e6ab832bcd6cf7bf6e94,LINK,-0.0062640580547849
0x5dbda63f6d8b260b4963e6ab832bcd6cf7bf6e94,LTC,0.0015134424065195
0x5dbda63f6d8b260b4963e6ab832bcd6cf7bf6e94,MATIC,0.0067290094762516
0x5dbda63f6d8b260b4963e6ab832bcd6cf7bf6e94,MKR,0.0275275598710703
0x5dbda63f6d8b260b4963e6ab832bcd6cf7bf6e94,NEAR,0.0395236599718684
0x5dbda63f6d8b260b4963e6ab832bcd6cf7bf6e94,RUNE,0.0169494713973824
0x5dbda63f6d8b260b4963e6ab832bcd6cf7bf6e94,SNX,0.011095751393062
0x5dbda63f6d8b260b4963e6ab832bcd6cf7bf6e94,SOL,0.025699205832775
0x5dbda63f6d8b260b4963e6ab832bcd6cf7bf6e94,SUSHI,0.0286532124309421
0x5dbda63f6d8b260b4963e6ab832bcd6cf7bf6e94,TRX,0.0450090099561449
0x5dbda63f6d8b260b4963e6ab832bcd6cf7bf6e94,UMA,0.0449792210741721
0x5dbda63f6d8b260b4963e6ab832bcd6cf7bf6e94,UNI,0.0075674483033356
0x5dbda63f6d8b260b4963e6ab832bcd6cf7bf6e94,XLM,0.0236189603726283
0x5dbda63f6d8b260b4963e6ab832bcd6cf7bf6e94,XMR,0.0503136960641278
0x5dbda63f6d8b260b4963e6ab832bcd6cf7bf6e94,XTZ,0.0197085666457695
0x5dbda63f6d8b260b4963e6ab832bcd6cf7bf6e94,YFI,0.0094198626703851
0x5dbda63f6d8b260b4963e6ab832bcd6cf7bf6e94,ZEC,0.026269486411177
0x5dbda63f6d8b260b4963e6ab832bcd6cf7bf6e94,ZRX,0.0241401422895642
0x5f05ab6ed6106d6c962823e481bd9f39c6d60e96,1INCH,0.0020413347578387
0x5f05ab6ed6106d6c962823e481bd9f39c6d60e96,AAVE,0.00006995957205101517
0x5f05ab6ed6106d6c962823e481bd9f39c6d60e96,ADA,-0.0136072837132733
0x5f05ab6ed6106d6c962823e481bd9f39c6d60e96,ALGO,0.0103751504397942
0x5f05ab6ed6106d6c962823e481bd9f39c6d60e96,ATOM,0.0058040090658629
0x5f05ab6ed6106d6c962823e481bd9f39c6d60e96,AVAX,0.0061027708276703
0x5f05ab6ed6106d6c962823e481bd9f39c6d60e96,BCH,0.0114611819722145
0x5f05ab6ed6106d6c962823e481bd9f39c6d60e96,BTC,-0.0040490658552843
0x5f05ab6ed6106d6c962823e481bd9f39c6d60e96,CELO,-0.0107806062305206
0x5f05ab6ed6106d6c962823e481bd9f39c6d60e96,COMP,0.0019384277873171
0x5f05ab6ed6106d6c962823e481bd9f39c6d60e96,CRV,0.0016596045799028
0x5f05ab6ed6106d6c962823e481bd9f39c6d60e96,DOGE,-0.0141720255005857
0x5f05ab6ed6106d6c962823e481bd9f39c6d60e96,DOT,0.0142729904160048
0x5f05ab6ed6106d6c962823e481bd9f39c6d60e96,ENJ,0.0002820651931953
0x5f05ab6ed6106d6c962823e481bd9f39c6d60e96,EOS,0.009600439083924
0x5f05ab6ed6106d6c962823e481bd9f39c6d60e96,ETC,-0.0154755891398295
0x5f05ab6ed6106d6c962823e481bd9f39c6d60e96,ETH,-0.0011499020632499
0x5f05ab6ed6106d6c962823e481bd9f39c6d60e96,FIL,-0.004753905738816
0x5f05ab6ed6106d6c962823e481bd9f39c6d60e96,ICP,-0.0244628986974879
0x5f05ab6ed6106d6c962823e481bd9f39c6d60e96,LINK,0.0299010479351301
0x5f05ab6ed6106d6c962823e481bd9f39c6d60e96,LTC,-0.0119202274679114
0x5f05ab6ed6106d6c962823e481bd9f39c6d60e96,MATIC,0.0083235263868036
0x5f05ab6ed6106d6c962823e481bd9f39c6d60e96,MKR,-0.0106732632496904
0x5f05ab6ed6106d6c962823e481bd9f39c6d60e96,NEAR,-0.0507920681706094
0x5f05ab6ed6106d6c962823e481bd9f39c6d60e96,RUNE,-0.0110309299950294
0x5f05ab6ed6106d6c962823e481bd9f39c6d60e96,SNX,-0.0149290956990102
0x5f05ab6ed6106d6c962823e481bd9f39c6d60e96,SOL,0.0299640398727895
0x5f05ab6ed6106d6c962823e481bd9f39c6d60e96,SUSHI,-0.003786799895937
0x5f05ab6ed6106d6c962823e481bd9f39c6d60e96,TRX,0.0052008799527877
0x5f05ab6ed6106d6c962823e481bd9f39c6d60e96,UMA,0.004010871599672
0x5f05ab6ed6106d6c962823e481bd9f39c6d60e96,UNI,0.0116065433017327
0x5f05ab6ed6106d6c962823e481bd9f39c6d60e96,XLM,0.0043154220412095
0x5f05ab6ed6106d6c962823e481bd9f39c6d60e96,XMR,-0.0079394313894361
0x5f05ab6ed6106d6c962823e481bd9f39c6d60e96,XTZ,0.0007683070740273
0x5f05ab6ed6106d6c962823e481bd9f39c6d60e96,YFI,-0.0105181114836574
0x5f05ab6ed6106d6c962823e481bd9f39c6d60e96,ZEC,0.0001880930488806
0x5f05ab6ed6106d6c962823e481bd9f39c6d60e96,ZRX,-0.0077812827809858
0x6317b52d3888a74b093fcaa31a5d723d90b1cf8d,1INCH,-0.1843509321177447
0x6317b52d3888a74b093fcaa31a5d723d90b1cf8d,AAVE,-0.0239171560420415
0x6317b52d3888a74b093fcaa31a5d723d90b1cf8d,ADA,-0.0816421026431938
0x6317b52d3888a74b093fcaa31a5d723d90b1cf8d,ALGO,-0.0762414625000961
0x6317b52d3888a74b093fcaa31a5d723d90b1cf8d,ATOM,0.0096905745502955
0x6317b52d3888a74b093fcaa31a5d723d90b1cf8d,AVAX,0.1206451425962492
0x6317b52d3888a74b093fcaa31a5d723d90b1cf8d,BCH,0.1596738425030528
0x6317b52d3888a74b093fcaa31a5d723d90b1cf8d,BTC,-0.015918718685654
0x6317b52d3888a74b093fcaa31a5d723d90b1cf8d,CELO,-0.0468405683550627
0x6317b52d3888a74b093fcaa31a5d723d90b1cf8d,COMP,-0.0275252231997525
0x6317b52d3888a74b093fcaa31a5d723d90b1cf8d,CRV,0.0553838755024799
0x6317b52d3888a74b093fcaa31a5d723d90b1cf8d,DOGE,0.3570701577590482
0x6317b52d3888a74b093fcaa31a5d723d90b1cf8d,DOT,0.0143017242073024
0x6317b52d3888a74b093fcaa31a5d723d90b1cf8d,ENJ,0.1279698355272718
0x6317b52d3888a74b093fcaa31a5d723d90b1cf8d,EOS,-0.1583972781544969
0x6317b52d3888a74b093fcaa31a5d723d90b1cf8d,ETC,0.2599168333678711
0x6317b52d3888a74b093fcaa31a5d723d90b1cf8d,ETH,-0.0201537971882454
0x6317b52d3888a74b093fcaa31a5d723d90b1cf8d,FIL,0.1377336214764217
0x6317b52d3888a74b093fcaa31a5d723d90b1cf8d,ICP,0.0658602690232849
0x6317b52d3888a74b093fcaa31a5d723d90b1cf8d,LINK,0.0114561500660982
0x6317b52d3888a74b093fcaa31a5d723d90b1cf8d,LTC,-0.1804616148684918
0x6317b52d3888a74b093fcaa31a5d723d90b1cf8d,MATIC,-0.0213852004939918
0x6317b52d3888a74b093fcaa31a5d723d90b1cf8d,MKR,0.272301083854703
0x6317b52d3888a74b093fcaa31a5d723d90b1cf8d,NEAR,-0.1633952683417033
0x6317b52d3888a74b093fcaa31a5d723d90b1cf8d,RUNE,-0.0426806176753795
0x6317b52d3888a74b093fcaa31a5d723d90b1cf8d,SNX,-0.0633207449708418
0x6317b52d3888a74b093fcaa31a5d723d90b1cf8d,SOL,0.0136024924380752
0x6317b52d3888a74b093fcaa31a5d723d90b1cf8d,SUSHI,-0.1145206240882532
0x6317b52d3888a74b093fcaa31a5d723d90b1cf8d,TRX,0.0035281333852807
0x6317b52d3888a74b093fcaa31a5d723d90b1cf8d,UMA,0.0849596592778959
0x6317b52d3888a74b093fcaa31a5d723d90b1cf8d,UNI,-0.1097169514727866
0x6317b52d3888a74b093fcaa31a5d723d90b1cf8d,XLM,0.0877357213479278
0x6317b52d3888a74b093fcaa31a5d723d90b1cf8d,XMR,-0.0523008169988583
0x6317b52d3888a74b093fcaa31a5d723d90b1cf8d,XTZ,-0.1135861227810243
0x6317b52d3888a74b093fcaa31a5d723d90b1cf8d,YFI,-0.0614805223898597
0x6317b52d3888a74b093fcaa31a5d723d90b1cf8d,ZEC,-0.0814398194107888
0x6317b52d3888a74b093fcaa31a5d723d90b1cf8d,ZRX,-0.0220135590957843
0x691577252ffff4f3eefcc386302f8ba5bc40a360,1INCH,0.5082813730750336
0x691577252ffff4f3eefcc386302f8ba5bc40a360,AAVE,0.5431880375484213
0x691577252ffff4f3eefcc386302f8ba5bc40a360,ADA,0.5616863239420127
0x691577252ffff4f3eefcc386302f8ba5bc40a360,ALGO,0.5502291309818869
0x691577252ffff4f3eefcc386302f8ba5bc40a360,ATOM,0.5364858965918587
0x691577252ffff4f3eefcc386302f8ba5bc40a360,AVAX,0.4762725410986113
0x691577252ffff4f3eefcc386302f8ba5bc40a360,BCH,0.5441651709752324
0x691577252ffff4f3eefcc386302f8ba5bc40a360,BTC,0.6302390279150213
0x691577252ffff4f3eefcc386302f8ba5bc40a360,CELO,0.5189866190286336
0x691577252ffff4f3eefcc386302f8ba5bc40a360,COMP,0.5064757211384767
0x691577252ffff4f3eefcc386302f8ba5bc40a360,CRV,0.5087730890704266
0x691577252ffff4f3eefcc386302f8ba5bc40a360,DOGE,0.5465690420204053
0x691577252ffff4f3eefcc386302f8ba5bc40a360,DOT,0.5821267916073523
0x691577252ffff4f3eefcc386302f8ba5bc40a360,ENJ,0.5257189301353359
0x691577252ffff4f3eefcc386302f8ba5bc40a360,EOS,0.5006941962537627
0x691577252ffff4f3eefcc386302f8ba5bc40a360,ETC,0.5489194238014531
0x691577252ffff4f3eefcc386302f8ba5bc40a360,ETH,0.5423204180481522
0x691577252ffff4f3eefcc386302f8ba5bc40a360,FIL,0.5067360912605768
0x691577252ffff4f3eefcc386302f8ba5bc40a360,ICP,0.4897661870727113
0x691577252ffff4f3eefcc386302f8ba5bc40a360,LINK,0.4693635263367138
0x691577252ffff4f3eefcc386302f8ba5bc40a360,LTC,0.4822851752904588
0x691577252ffff4f3eefcc386302f8ba5bc40a360,MATIC,0.5509733496746169
0x691577252ffff4f3eefcc386302f8ba5bc40a360,MKR,0.4998238366548841
0x691577252ffff4f3eefcc386302f8ba5bc40a360,NEAR,0.4240924366851731
0x691577252ffff4f3eefcc386302f8ba5bc40a360,RUNE,0.4763807424847582
0x691577252ffff4f3eefcc386302f8ba5bc40a360,SNX,0.5049342596789428
0x691577252ffff4f3eefcc386302f8ba5bc40a360,SOL,0.5151828665730612
0x691577252ffff4f3eefcc386302f8ba5bc40a360,SUSHI,0.4805407645736096
0x691577252ffff4f3eefcc386302f8ba5bc40a360,TRX,0.6284004620432089
0x691577252ffff4f3eefcc386302f8ba5bc40a360,UMA,0.5424792553650273
0x691577252ffff4f3eefcc386302f8ba5bc40a360,UNI,0.5657453215408613
0x691577252ffff4f3eefcc386302f8ba5bc40a360,XLM,0.5353107604920816
0x691577252ffff4f3eefcc386302f8ba5bc40a360,XMR,0.5419959089051591
0x691577252ffff4f3eefcc386302f8ba5bc40a360,XTZ,0.4995119362530272
0x691577252ffff4f3eefcc386302f8ba5bc40a360,YFI,0.4499343844182494
0x691577252ffff4f3eefcc386302f8ba5bc40a360,ZEC,0.5359520482751245
0x691577252ffff4f3eefcc386302f8ba5bc40a360,ZRX,0.48955138187896
0x724dc78e98324a23bb90e2b40a9784a2e96f0cde,1INCH,0.4020321262699564
0x724dc78e98324a23bb90e2b40a9784a2e96f0cde,AAVE,0.2387523367198838
0x724dc78e98324a23bb90e2b40a9784a2e96f0cde,ADA,0.5232220145137881
0x724dc78e98324a23bb90e2b40a9784a2e96f0cde,ALGO,0.4978229361393322
0x724dc78e98324a23bb90e2b40a9784a2e96f0cde,ATOM,0.6756164847605225
0x724dc78e98324a23bb90e2b40a9784a2e96f0cde,AVAX,0.8178513236574747
0x724dc78e98324a23bb90e2b40a9784a2e96f0cde,BCH,0.7670531669085631
0x724dc78e98324a23bb90e2b40a9784a2e96f0cde,BTC,0.9579090986937592
0x724dc78e98324a23bb90e2b40a9784a2e96f0cde,CELO,0.0152404470246734
0x724dc78e98324a23bb90e2b40a9784a2e96f0cde,COMP,0.6894045558780841
0x724dc78e98324a23bb90e2b40a9784a2e96f0cde,CRV,0.6785192365747461
0x724dc78e98324a23bb90e2b40a9784a2e96f0cde,DOGE,0.6233669521044992
0x724dc78e98324a23bb90e2b40a9784a2e96f0cde,DOT,0.999999
0x724dc78e98324a23bb90e2b40a9784a2e96f0cde,ENJ,0.2314954571843251
0x724dc78e98324a23bb90e2b40a9784a2e96f0cde,EOS,0.3374458984034832
0x724dc78e98324a23bb90e2b40a9784a2e96f0cde,ETC,0.6806963004354135
0x724dc78e98324a23bb90e2b40a9784a2e96f0cde,ETH,0.631349519593614
0x724dc78e98324a23bb90e2b40a9784a2e96f0cde,FIL,0.3120468200290275
0x724dc78e98324a23bb90e2b40a9784a2e96f0cde,ICP,0.7423797764876632
0x724dc78e98324a23bb90e2b40a9784a2e96f0cde,LINK,0.4223513889695209
0x724dc78e98324a23bb90e2b40a9784a2e96f0cde,LTC,0.5986935616835994
0x724dc78e98324a23bb90e2b40a9784a2e96f0cde,MATIC,0.6465889666182874
0x724dc78e98324a23bb90e2b40a9784a2e96f0cde,MKR,0.3911468069666182
0x724dc78e98324a23bb90e2b40a9784a2e96f0cde,NEAR,0.5674889796806966
0x724dc78e98324a23bb90e2b40a9784a2e96f0cde,RUNE,0.3505082815674891
0x724dc78e98324a23bb90e2b40a9784a2e96f0cde,SNX,0.4557330348330913
0x724dc78e98324a23bb90e2b40a9784a2e96f0cde,SOL,0.3461541538461538
0x724dc78e98324a23bb90e2b40a9784a2e96f0cde,SUSHI,0.4136431335268504
0x724dc78e98324a23bb90e2b40a9784a2e96f0cde,TRX,0.5921623701015966
0x724dc78e98324a23bb90e2b40a9784a2e96f0cde,UMA,0.5239477024673441
0x724dc78e98324a23bb90e2b40a9784a2e96f0cde,UNI,0.5384614615384616
0x724dc78e98324a23bb90e2b40a9784a2e96f0cde,XLM,0.000001
0x724dc78e98324a23bb90e2b40a9784a2e96f0cde,XMR,0.8105944441219158
0x724dc78e98324a23bb90e2b40a9784a2e96f0cde,XTZ,0.1806973004354136
0x724dc78e98324a23bb90e2b40a9784a2e96f0cde,YFI,0.2510890319303338
0x724dc78e98324a23bb90e2b40a9784a2e96f0cde,ZEC,0.357039473149492
0x724dc78e98324a23bb90e2b40a9784a2e96f0cde,ZRX,0.2314954571843251
0x7490eeb68c7585407e254591d784bae7987c1cfb,1INCH,0.0120814179413887
0x7490eeb68c7585407e254591d784bae7987c1cfb,AAVE,0.0054218297683241
0x7490eeb68c7585407e254591d784bae7987c1cfb,ADA,0.011298173480404
0x7490eeb68c7585407e254591d784bae7987c1cfb,ALGO,0.0004627570971887
0x7490eeb68c7585407e254591d784bae7987c1cfb,ATOM,0.0213565869735531
0x7490eeb68c7585407e254591d784bae7987c1cfb,AVAX,0.0061009010561704
0x7490eeb68c7585407e254591d784bae7987c1cfb,BCH,0.0095902841654267
0x7490eeb68c7585407e254591d784bae7987c1cfb,BTC,0.0100182037094433
0x7490eeb68c7585407e254591d784bae7987c1cfb,CELO,0.0046672266669157
0x7490eeb68c7585407e254591d784bae7987c1cfb,COMP,0.0014155819765521
0x7490eeb68c7585407e254591d784bae7987c1cfb,CRV,0.0264002622828247
0x7490eeb68c7585407e254591d784bae7987c1cfb,DOGE,0.0200274062260001
0x7490eeb68c7585407e254591d784bae7987c1cfb,DOT,0.008223083967667
0x7490eeb68c7585407e254591d784bae7987c1cfb,ENJ,0.0128361609307807
0x7490eeb68c7585407e254591d784bae7987c1cfb,EOS,0.0178172134318837
0x7490eeb68c7585407e254591d784bae7987c1cfb,ETC,0.0147155605109968
0x7490eeb68c7585407e254591d784bae7987c1cfb,ETH,0.0033603810176013
0x7490eeb68c7585407e254591d784bae7987c1cfb,FIL,0.0222193567581712
0x7490eeb68c7585407e254591d784bae7987c1cfb,ICP,0.0240060196920745
0x7490eeb68c7585407e254591d784bae7987c1cfb,LINK,0.0195764840699968
0x7490eeb68c7585407e254591d784bae7987c1cfb,LTC,-0.0060619360962062
0x7490eeb68c7585407e254591d784bae7987c1cfb,MATIC,0.0082571042438259
0x7490eeb68c7585407e254591d784bae7987c1cfb,MKR,0.0298065550219219
0x7490eeb68c7585407e254591d784bae7987c1cfb,NEAR,-0.0172812413573574
0x7490eeb68c7585407e254591d784bae7987c1cfb,RUNE,0.016718288204353
0x7490eeb68c7585407e254591d784bae7987c1cfb,SNX,0.0049302987308217
0x7490eeb68c7585407e254591d784bae7987c1cfb,SOL,0.0211012603911764
0x7490eeb68c7585407e254591d784bae7987c1cfb,SUSHI,0.0092074994593994
0x7490eeb68c7585407e254591d784bae7987c1cfb,TRX,0.0120138141426272
0x7490eeb68c7585407e254591d784bae7987c1cfb,UMA,-0.0122096831715404
0x7490eeb68c7585407e254591d784bae7987c1cfb,UNI,0.0111253566961166
0x7490eeb68c7585407e254591d784bae7987c1cfb,XLM,0.0263533910385812
0x7490eeb68c7585407e254591d784bae7987c1cfb,XMR,0.012445028892289
0x7490eeb68c7585407e254591d784bae7987c1cfb,XTZ,0.0099769953667397
0x7490eeb68c7585407e254591d784bae7987c1cfb,YFI,0.0028737739308789
0x7490eeb68c7585407e254591d784bae7987c1cfb,ZEC,0.0120880111507931
0x7490eeb68c7585407e254591d784bae7987c1cfb,ZRX,0.0090297418946735
0x756ef834ecc631b289ef489408276b1d1f6479bd,1INCH,0.0122473950600867
0x756ef834ecc631b289ef489408276b1d1f6479bd,AAVE,0.0196075610920631
0x756ef834ecc631b289ef489408276b1d1f6479bd,ADA,0.0037328963418228
0x756ef834ecc631b289ef489408276b1d1f6479bd,ALGO,0.012877068041384
0x756ef834ecc631b289ef489408276b1d1f6479bd,ATOM,0.0070570987662541
0x756ef834ecc631b289ef489408276b1d1f6479bd,AVAX,0.0073087842188375
0x756ef834ecc631b289ef489408276b1d1f6479bd,BCH,0.0074270257819808
0x756ef834ecc631b289ef489408276b1d1f6479bd,BTC,0.0167037225992883
0x756ef834ecc631b289ef489408276b1d1f6479bd,CELO,0.0198876618540476
0x756ef834ecc631b289ef489408276b1d1f6479bd,COMP,0.0030140202750607
0x756ef834ecc631b289ef489408276b1d1f6479bd,CRV,0.0133638883517622
0x756ef834ecc631b289ef489408276b1d1f6479bd,DOGE,0.0220114865563416
0x756ef834ecc631b289ef489408276b1d1f6479bd,DOT,0.0110320573089479
0x756ef834ecc631b289ef489408276b1d1f6479bd,ENJ,0.0118630963368344
0x756ef834ecc631b289ef489408276b1d1f6479bd,EOS,0.0150439478984617
0x756ef834ecc631b289ef489408276b1d1f6479bd,ETC,0.0163249803872341
0x756ef834ecc631b289ef489408276b1d1f6479bd,ETH,0.0043702905776973
0x756ef834ecc631b289ef489408276b1d1f6479bd,FIL,0.0106149504884387
0x756ef834ecc631b289ef489408276b1d1f6479bd,ICP,0.0102904491169471
0x756ef834ecc631b289ef489408276b1d1f6479bd,LINK,0.0135301643247792
0x756ef834ecc631b289ef489408276b1d1f6479bd,LTC,-0.0049513505386641
0x756ef834ecc631b289ef489408276b1d1f6479bd,MATIC,0.0154402592314742
0x756ef834ecc631b289ef489408276b1d1f6479bd,MKR,0.0222027165741338
0x756ef834ecc631b289ef489408276b1d1f6479bd,NEAR,-0.0002148251868339
0x756ef834ecc631b289ef489408276b1d1f6479bd,RUNE,0.0099534294363945
0x756ef834ecc631b289ef489408276b1d1f6479bd,SNX,0.0164641651245487
0x756ef834ecc631b289ef489408276b1d1f6479bd,SOL,0.0177900860588831
0x756ef834ecc631b289ef489408276b1d1f6479bd,SUSHI,0.0205060239609778
0x756ef834ecc631b289ef489408276b1d1f6479bd,TRX,0.0020653045360134
0x756ef834ecc631b289ef489408276b1d1f6479bd,UMA,0.0055480628258021
0x756ef834ecc631b289ef489408276b1d1f6479bd,UNI,0.0054456392230075
0x756ef834ecc631b289ef489408276b1d1f6479bd,XLM,0.0145483746516878
0x756ef834ecc631b289ef489408276b1d1f6479bd,XMR,-0.0122832869223939
0x756ef834ecc631b289ef489408276b1d1f6479bd,XTZ,0.011086221876159
0x756ef834ecc631b289ef489408276b1d1f6479bd,YFI,0.0181635009567254
0x756ef834ecc631b289ef489408276b1d1f6479bd,ZEC,0.0103891276391381
0x756ef834ecc631b289ef489408276b1d1f6479bd,ZRX,0.0121720685463162
0x770a3026f8a348bebac2ba84cfc82f4ea01b420a,1INCH,1.3978365289711048
0x770a3026f8a348bebac2ba84cfc82f4ea01b420a,AAVE,0.9856104168672696
0x770a3026f8a348bebac2ba84cfc82f4ea01b420a,ADA,-0.5321897309193041
0x770a3026f8a348bebac2ba84cfc82f4ea01b420a,ALGO,0.101795599094705
0x770a3026f8a348bebac2ba84cfc82f4ea01b420a,ATOM,-0.0338798354034917
0x770a3026f8a348bebac2ba84cfc82f4ea01b420a,AVAX,0.4556403137378794
0x770a3026f8a348bebac2ba84cfc82f4ea01b420a,BCH,-0.8808881195869301
0x770a3026f8a348bebac2ba84cfc82f4ea01b420a,BTC,-1.9264031529639816
0x770a3026f8a348bebac2ba84cfc82f4ea01b420a,CELO,1.6067550689692431
0x770a3026f8a348bebac2ba84cfc82f4ea01b420a,COMP,0.3816746537655627
0x770a3026f8a348bebac2ba84cfc82f4ea01b420a,CRV,0.6119957936995944
0x770a3026f8a348bebac2ba84cfc82f4ea01b420a,DOGE,-1.2366522415199066
0x770a3026f8a348bebac2ba84cfc82f4ea01b420a,DOT,0.6959079368789585
0x770a3026f8a348bebac2ba84cfc82f4ea01b420a,ENJ,-0.3097425315385302
0x770a3026f8a348bebac2ba84cfc82f4ea01b420a,EOS,-0.4556403137378794
0x770a3026f8a348bebac2ba84cfc82f4ea01b420a,ETC,-0.6959079368789584
0x770a3026f8a348bebac2ba84cfc82f4ea01b420a,ETH,-0.6119957936995944
0x770a3026f8a348bebac2ba84cfc82f4ea01b420a,FIL,1.2366522415199066
0x770a3026f8a348bebac2ba84cfc82f4ea01b420a,ICP,1.926403152963983
0x770a3026f8a348bebac2ba84cfc82f4ea01b420a,LINK,-0.1017955990947049
0x770a3026f8a348bebac2ba84cfc82f4ea01b420a,LTC,-1.6067550689692431
0x770a3026f8a348bebac2ba84cfc82f4ea01b420a,MATIC,4.753424308817087
0x770a3026f8a348bebac2ba84cfc82f4ea01b420a,MKR,-0.1701847241123691
0x770a3026f8a348bebac2ba84cfc82f4ea01b420a,NEAR,1.102440367015165
0x770a3026f8a348bebac2ba84cfc82f4ea01b420a,RUNE,0.1701847241123691
0x770a3026f8a348bebac2ba84cfc82f4ea01b420a,SNX,0.0338798354034917
0x770a3026f8a348bebac2ba84cfc82f4ea01b420a,SOL,0.2393801626717528
0x770a3026f8a348bebac2ba84cfc82f4ea01b420a,SUSHI,0.785036049876892
0x770a3026f8a348bebac2ba84cfc82f4ea01b420a,TRX,-1.397836528971104
0x770a3026f8a348bebac2ba84cfc82f4ea01b420a,UMA,0.3097425315385302
0x770a3026f8a348bebac2ba84cfc82f4ea01b420a,UNI,0.8808881195869303
0x770a3026f8a348bebac2ba84cfc82f4ea01b420a,XLM,-0.9856104168672696
0x770a3026f8a348bebac2ba84cfc82f4ea01b420a,XMR,-1.1024403670151643
0x770a3026f8a348bebac2ba84cfc82f4ea01b420a,XTZ,-0.3816746537655626
0x770a3026f8a348bebac2ba84cfc82f4ea01b420a,YFI,0.5321897309193043
0x770a3026f8a348bebac2ba84cfc82f4ea01b420a,ZEC,-0.785036049876892
0x770a3026f8a348bebac2ba84cfc82f4ea01b420a,ZRX,-0.2393801626717526
0x7824282944b7cc7b8ef86ed9adbe21f49b247f97,1INCH,0.7200800577052077
0x7824282944b7cc7b8ef86ed9adbe21f49b247f97,AAVE,0.6474094541932282
0x7824282944b7cc7b8ef86ed9adbe21f49b247f97,ADA,0.6426185588878458
0x7824282944b7cc7b8ef86ed9adbe21f49b247f97,ALGO,0.4620857822279638
0x7824282944b7cc7b8ef86ed9adbe21f49b247f97,ATOM,0.7609580387305925
0x7824282944b7cc7b8ef86ed9adbe21f49b247f97,AVAX,0.8177325258937604
0x7824282944b7cc7b8ef86ed9adbe21f49b247f97,BCH,0.8381991934104285
0x7824282944b7cc7b8ef86ed9adbe21f49b247f97,BTC,0.8016829531225745
0x7824282944b7cc7b8ef86ed9adbe21f49b247f97,CELO,0.3087219529384573
0x7824282944b7cc7b8ef86ed9adbe21f49b247f97,COMP,0.7594352634627152
0x7824282944b7cc7b8ef86ed9adbe21f49b247f97,CRV,0.6936448054413328
0x7824282944b7cc7b8ef86ed9adbe21f49b247f97,DOGE,0.7035393550682502
0x7824282944b7cc7b8ef86ed9adbe21f49b247f97,DOT,0.5129206545906563
0x7824282944b7cc7b8ef86ed9adbe21f49b247f97,ENJ,0.4021994387023346
0x7824282944b7cc7b8ef86ed9adbe21f49b247f97,EOS,0.7277863438882118
0x7824282944b7cc7b8ef86ed9adbe21f49b247f97,ETC,0.8729224968047141
0x7824282944b7cc7b8ef86ed9adbe21f49b247f97,ETH,0.4839708123866599
0x7824282944b7cc7b8ef86ed9adbe21f49b247f97,FIL,0.6022961197700812
0x7824282944b7cc7b8ef86ed9adbe21f49b247f97,ICP,0.5956981716740217
0x7824282944b7cc7b8ef86ed9adbe21f49b247f97,LINK,0.7323698203960093
0x7824282944b7cc7b8ef86ed9adbe21f49b247f97,LTC,0.4897400805561867
0x7824282944b7cc7b8ef86ed9adbe21f49b247f97,MATIC,0.7659482079383885
0x7824282944b7cc7b8ef86ed9adbe21f49b247f97,MKR,0.2957087077553287
0x7824282944b7cc7b8ef86ed9adbe21f49b247f97,NEAR,0.01
0x7824282944b7cc7b8ef86ed9adbe21f49b247f97,RUNE,0.3082839484906171
0x7824282944b7cc7b8ef86ed9adbe21f49b247f97,SNX,0.4256251729083531
0x7824282944b7cc7b8ef86ed9adbe21f49b247f97,SOL,0.55602388549247
0x7824282944b7cc7b8ef86ed9adbe21f49b247f97,SUSHI,0.6225954818676792
0x7824282944b7cc7b8ef86ed9adbe21f49b247f97,TRX,0.852759161647017
0x7824282944b7cc7b8ef86ed9adbe21f49b247f97,UMA,0.6241323275169879
0x7824282944b7cc7b8ef86ed9adbe21f49b247f97,UNI,0.6918539071749809
0x7824282944b7cc7b8ef86ed9adbe21f49b247f97,XLM,0.5297447795299278
0x7824282944b7cc7b8ef86ed9adbe21f49b247f97,XMR,0.5007694111928235
0x7824282944b7cc7b8ef86ed9adbe21f49b247f97,XTZ,0.6663386061143276
0x7824282944b7cc7b8ef86ed9adbe21f49b247f97,YFI,0.5637306936279292
0x7824282944b7cc7b8ef86ed9adbe21f49b247f97,ZEC,0.6871394214782768
0x7824282944b7cc7b8ef86ed9adbe21f49b247f97,ZRX,0.5611755988354751
0x7de5ac173e8ee69177f6243cf9c70608f6e1ad05,1INCH,0.0084949015694912
0x7de5ac173e8ee69177f6243cf9c70608f6e1ad05,AAVE,-0.0014730909123889
0x7de5ac173e8ee69177f6243cf9c70608f6e1ad05,ADA,-0.0032936581499183
0x7de5ac173e8ee69177f6243cf9c70608f6e1ad05,ALGO,-0.0017058683230737
0x7de5ac173e8ee69177f6243cf9c70608f6e1ad05,ATOM,0.0004383535026822
0x7de5ac173e8ee69177f6243cf9c70608f6e1ad05,AVAX,0.0015197883041615
0x7de5ac173e8ee69177f6243cf9c70608f6e1ad05,BCH,0.0090393215338946
0x7de5ac173e8ee69177f6243cf9c70608f6e1ad05,BTC,-0.0025049876359541
0x7de5ac173e8ee69177f6243cf9c70608f6e1ad05,CELO,-0.0052748379959556
0x7de5ac173e8ee69177f6243cf9c70608f6e1ad05,COMP,-0.0015603936267483
0x7de5ac173e8ee69177f6243cf9c70608f6e1ad05,CRV,0.007801933199595
0x7de5ac173e8ee69177f6243cf9c70608f6e1ad05,DOGE,-0.0155140949810044
0x7de5ac173e8ee69177f6243cf9c70608f6e1ad05,DOT,0.0250096959459031
0x7de5ac173e8ee69177f6243cf9c70608f6e1ad05,ENJ,-0.0003924300369104
0x7de5ac173e8ee69177f6243cf9c70608f6e1ad05,EOS,0.0012171736743141
0x7de5ac173e8ee69177f6243cf9c70608f6e1ad05,ETC,-0.0014211478056943
0x7de5ac173e8ee69177f6243cf9c70608f6e1ad05,ETH,-0.0016678137539581
0x7de5ac173e8ee69177f6243cf9c70608f6e1ad05,FIL,0.0016299174748342
0x7de5ac173e8ee69177f6243cf9c70608f6e1ad05,ICP,-0.0085250914815903
0x7de5ac173e8ee69177f6243cf9c70608f6e1ad05,LINK,0.0227392703180698
0x7de5ac173e8ee69177f6243cf9c70608f6e1ad05,LTC,-0.0021635945972834
0x7de5ac173e8ee69177f6243cf9c70608f6e1ad05,MATIC,0.000214909965549
0x7de5ac173e8ee69177f6243cf9c70608f6e1ad05,MKR,0.0026694997066102
0x7de5ac173e8ee69177f6243cf9c70608f6e1ad05,NEAR,-0.0293193953942601
0x7de5ac173e8ee69177f6243cf9c70608f6e1ad05,RUNE,-0.0141961430517724
0x7de5ac173e8ee69177f6243cf9c70608f6e1ad05,SNX,-0.0114454652993594
0x7de5ac173e8ee69177f6243cf9c70608f6e1ad05,SOL,0.0260655886745731
0x7de5ac173e8ee69177f6243cf9c70608f6e1ad05,SUSHI,-0.0038625550111009
0x7de5ac173e8ee69177f6243cf9c70608f6e1ad05,TRX,0.0109858716868662
0x7de5ac173e8ee69177f6243cf9c70608f6e1ad05,UMA,-0.0025980776664334
0x7de5ac173e8ee69177f6243cf9c70608f6e1ad05,UNI,0.0129943012526439
0x7de5ac173e8ee69177f6243cf9c70608f6e1ad05,XLM,-0.00007622105742259045
0x7de5ac173e8ee69177f6243cf9c70608f6e1ad05,XMR,-0.000373669353619
0x7de5ac173e8ee69177f6243cf9c70608f6e1ad05,XTZ,-0.0001791403561042
0x7de5ac173e8ee69177f6243cf9c70608f6e1ad05,YFI,-0.0104980175342475
0x7de5ac173e8ee69177f6243cf9c70608f6e1ad05,ZEC,-0.0025578252271233
0x7de5ac173e8ee69177f6243cf9c70608f6e1ad05,ZRX,0.0001050388789164
0x81fbfb07888fff733958210796af7cbe4368ae5f,1INCH,-0.012115384375598
0x81fbfb07888fff733958210796af7cbe4368ae5f,AAVE,-0.0170970830488598
0x81fbfb07888fff733958210796af7cbe4368ae5f,ADA,-0.0223480239477064
0x81fbfb07888fff733958210796af7cbe4368ae5f,ALGO,-0.0042336735969241
0x81fbfb07888fff733958210796af7cbe4368ae5f,ATOM,-0.0218765263576166
0x81fbfb07888fff733958210796af7cbe4368ae5f,AVAX,-0.0261470836171001
0x81fbfb07888fff733958210796af7cbe4368ae5f,BCH,-0.0282722519298264
0x81fbfb07888fff733958210796af7cbe4368ae5f,BTC,-0.0217865725308246
0x81fbfb07888fff733958210796af7cbe4368ae5f,CELO,-0.0079739482594927
0x81fbfb07888fff733958210796af7cbe4368ae5f,COMP,-0.0070882560321509
0x81fbfb07888fff733958210796af7cbe4368ae5f,CRV,-0.0189098741760895
0x81fbfb07888fff733958210796af7cbe4368ae5f,DOGE,0.2498761365849958
0x81fbfb07888fff733958210796af7cbe4368ae5f,DOT,-0.0471786863317779
0x81fbfb07888fff733958210796af7cbe4368ae5f,ENJ,-0.0155378345400825
0x81fbfb07888fff733958210796af7cbe4368ae5f,EOS,-0.0098267939999822
0x81fbfb07888fff733958210796af7cbe4368ae5f,ETC,-0.0105714955033012
0x81fbfb07888fff733958210796af7cbe4368ae5f,ETH,-0.0541776166305559
0x81fbfb07888fff733958210796af7cbe4368ae5f,FIL,-0.0276870622121789
0x81fbfb07888fff733958210796af7cbe4368ae5f,ICP,-0.0228956796522779
0x81fbfb07888fff733958210796af7cbe4368ae5f,LINK,0.0082204855020468
0x81fbfb07888fff733958210796af7cbe4368ae5f,LTC,0.0027825131520904
0x81fbfb07888fff733958210796af7cbe4368ae5f,MATIC,0.0007099199768789
0x81fbfb07888fff733958210796af7cbe4368ae5f,MKR,-0.0356144736222479
0x81fbfb07888fff733958210796af7cbe4368ae5f,NEAR,-0.016558183239798
0x81fbfb07888fff733958210796af7cbe4368ae5f,RUNE,-0.0238627637601308
0x81fbfb07888fff733958210796af7cbe4368ae5f,SNX,-0.0082997852474997
0x81fbfb07888fff733958210796af7cbe4368ae5f,SOL,-0.0153566768407012
0x81fbfb07888fff733958210796af7cbe4368ae5f,SUSHI,-0.0419833499403929
0x81fbfb07888fff733958210796af7cbe4368ae5f,TRX,-0.038204663749043
0x81fbfb07888fff733958210796af7cbe4368ae5f,UMA,-0.0521466931688207
0x81fbfb07888fff733958210796af7cbe4368ae5f,UNI,-0.0270334685213304
0x81fbfb07888fff733958210796af7cbe4368ae5f,XLM,-0.0215169375995322
0x81fbfb07888fff733958210796af7cbe4368ae5f,XMR,-0.012450352034495
0x81fbfb07888fff733958210796af7cbe4368ae5f,XTZ,-0.0361488615614768
0x81fbfb07888fff733958210796af7cbe4368ae5f,YFI,-0.0085563574360949
0x81fbfb07888fff733958210796af7cbe4368ae5f,ZEC,-0.0277197806041829
0x81fbfb07888fff733958210796af7cbe4368ae5f,ZRX,-0.0174277338890599
0x8a8e1c4e454e092fc19c6cca2034bd22b29781e7,1INCH,0.0014785528
0x8a8e1c4e454e092fc19c6cca2034bd22b29781e7,AAVE,0.000004529953
0x8a8e1c4e454e092fc19c6cca2034bd22b29781e7,ADA,0.0013126135
0x8a8e1c4e454e092fc19c6cca2034bd22b29781e7,ALGO,-0.00040906668
0x8a8e1c4e454e092fc19c6cca2034bd22b29781e7,ATOM,0.000808239
0x8a8e1c4e454e092fc19c6cca2034bd22b29781e7,AVAX,0.0022404194
0x8a8e1c4e454e092fc19c6cca2034bd22b29781e7,BCH,0.0012433529
0x8a8e1c4e454e092fc19c6cca2034bd22b29781e7,BTC,0.0008958578
0x8a8e1c4e454e092fc19c6cca2034bd22b29781e7,CELO,0.000049948692
0x8a8e1c4e454e092fc19c6cca2034bd22b29781e7,COMP,0.0016423464
0x8a8e1c4e454e092fc19c6cca2034bd22b29781e7,CRV,0.0019025803
0x8a8e1c4e454e092fc19c6cca2034bd22b29781e7,DOGE,0.00126338
0x8a8e1c4e454e092fc19c6cca2034bd22b29781e7,DOT,0.0012174845
0x8a8e1c4e454e092fc19c6cca2034bd22b29781e7,ENJ,0.00021648407
0x8a8e1c4e454e092fc19c6cca2034bd22b29781e7,EOS,0.0009906292
0x8a8e1c4e454e092fc19c6cca2034bd22b29781e7,ETC,0.0003439188
0x8a8e1c4e454e092fc19c6cca2034bd22b29781e7,ETH,0.0007741451
0x8a8e1c4e454e092fc19c6cca2034bd22b29781e7,FIL,0.00087046623
0x8a8e1c4e454e092fc19c6cca2034bd22b29781e7,ICP,0.0015516281
0x8a8e1c4e454e092fc19c6cca2034bd22b29781e7,LINK,0.001988411
0x8a8e1c4e454e092fc19c6cca2034bd22b29781e7,LTC,0.002188325
0x8a8e1c4e454e092fc19c6cca2034bd22b29781e7,MATIC,0.0017675161
0x8a8e1c4e454e092fc19c6cca2034bd22b29781e7,MKR,0.00020301342
0x8a8e1c4e454e092fc19c6cca2034bd22b29781e7,NEAR,0.00025117397
0x8a8e1c4e454e092fc19c6cca2034bd22b29781e7,RUNE,0.0027559996
0x8a8e1c4e454e092fc19c6cca2034bd22b29781e7,SNX,0.0
0x8a8e1c4e454e092fc19c6cca2034bd22b29781e7,SOL,0.0017398596
0x8a8e1c4e454e092fc19c6cca2034bd22b29781e7,SUSHI,-0.00040102005
0x8a8e1c4e454e092fc19c6cca2034bd22b29781e7,TRX,0.00007236004
0x8a8e1c4e454e092fc19c6cca2034bd22b29781e7,UMA,7.1525574E-7
0x8a8e1c4e454e092fc19c6cca2034bd22b29781e7,UNI,0.0012540817
0x8a8e1c4e454e092fc19c6cca2034bd22b29781e7,XLM,0.0022639036
0x8a8e1c4e454e092fc19c6cca2034bd22b29781e7,XMR,0.0012593269
0x8a8e1c4e454e092fc19c6cca2034bd22b29781e7,XTZ,0.0014389753
0x8a8e1c4e454e092fc19c6cca2034bd22b29781e7,YFI,-0.0000821352
0x8a8e1c4e454e092fc19c6cca2034bd22b29781e7,ZEC,-0.00001603365
0x8a8e1c4e454e092fc19c6cca2034bd22b29781e7,ZRX,0.0006597042
0x943b7da96a03cc6d4d440e2f346e18ead42f1d66,1INCH,0.058600765
0x943b7da96a03cc6d4d440e2f346e18ead42f1d66,AAVE,0.061101574
0x943b7da96a03cc6d4d440e2f346e18ead42f1d66,ADA,0.06159676
0x943b7da96a03cc6d4d440e2f346e18ead42f1d66,ALGO,0.050610375
0x943b7da96a03cc6d4d440e2f346e18ead42f1d66,ATOM,0.060710907
0x943b7da96a03cc6d4d440e2f346e18ead42f1d66,AVAX,0.056373972
0x943b7da96a03cc6d4d440e2f346e18ead42f1d66,BCH,0.061983414
0x943b7da96a03cc6d4d440e2f346e18ead42f1d66,BTC,0.06753362
0x943b7da96a03cc6d4d440e2f346e18ead42f1d66,CELO,0.058681402
0x943b7da96a03cc6d4d440e2f346e18ead42f1d66,COMP,0.058103595
0x943b7da96a03cc6d4d440e2f346e18ead42f1d66,CRV,0.055670757
0x943b7da96a03cc6d4d440e2f346e18ead42f1d66,DOGE,0.04779688
0x943b7da96a03cc6d4d440e2f346e18ead42f1d66,DOT,0.059612885
0x943b7da96a03cc6d4d440e2f346e18ead42f1d66,ENJ,0.0534086
0x943b7da96a03cc6d4d440e2f346e18ead42f1d66,EOS,0.05349695
0x943b7da96a03cc6d4d440e2f346e18ead42f1d66,ETC,0.065620884
0x943b7da96a03cc6d4d440e2f346e18ead42f1d66,ETH,0.06926494
0x943b7da96a03cc6d4d440e2f346e18ead42f1d66,FIL,0.058855195
0x943b7da96a03cc6d4d440e2f346e18ead42f1d66,ICP,0.056782346
0x943b7da96a03cc6d4d440e2f346e18ead42f1d66,LINK,0.055791944
0x943b7da96a03cc6d4d440e2f346e18ead42f1d66,LTC,0.06149977
0x943b7da96a03cc6d4d440e2f346e18ead42f1d66,MATIC,0.05187137
0x943b7da96a03cc6d4d440e2f346e18ead42f1d66,MKR,0.06565389
0x943b7da96a03cc6d4d440e2f346e18ead42f1d66,NEAR,0.058398142
0x943b7da96a03cc6d4d440e2f346e18ead42f1d66,RUNE,0.058410782
0x943b7da96a03cc6d4d440e2f346e18ead42f1d66,SNX,0.0586516
0x943b7da96a03cc6d4d440e2f346e18ead42f1d66,SOL,0.06259309
0x943b7da96a03cc6d4d440e2f346e18ead42f1d66,SUSHI,0.053043094
0x943b7da96a03cc6d4d440e2f346e18ead42f1d66,TRX,0.060679268
0x943b7da96a03cc6d4d440e2f346e18ead42f1d66,UMA,0.0608582
0x943b7da96a03cc6d4d440e2f346e18ead42f1d66,UNI,0.05686139
0x943b7da96a03cc6d4d440e2f346e18ead42f1d66,XLM,0.055357594
0x943b7da96a03cc6d4d440e2f346e18ead42f1d66,XMR,0.058442824
0x943b7da96a03cc6d4d440e2f346e18ead42f1d66,XTZ,0.04857453
0x943b7da96a03cc6d4d440e2f346e18ead42f1d66,YFI,0.057090916
0x943b7da96a03cc6d4d440e2f346e18ead42f1d66,ZEC,0.060445014
0x943b7da96a03cc6d4d440e2f346e18ead42f1d66,ZRX,0.055762026
0x98e41d65e981a882afcb05d41939197da3465b6f,1INCH,-0.0038360011904374
0x98e41d65e981a882afcb05d41939197da3465b6f,AAVE,-0.0047029975350273
0x98e41d65e981a882afcb05d41939197da3465b6f,ADA,-0.0081577082881483
0x98e41d65e981a882afcb05d41939197da3465b6f,ALGO,-0.0048777261277634
0x98e41d65e981a882afcb05d41939197da3465b6f,ATOM,-0.0050507075087874
0x98e41d65e981a882afcb05d41939197da3465b6f,AVAX,-0.0096019210913058
0x98e41d65e981a882afcb05d41939197da3465b6f,BCH,-0.0056065269798865
0x98e41d65e981a882afcb05d41939197da3465b6f,BTC,-0.0035826014784047
0x98e41d65e981a882afcb05d41939197da3465b6f,CELO,-0.0088759307155853
0x98e41d65e981a882afcb05d41939197da3465b6f,COMP,-0.0060448255064019
0x98e41d65e981a882afcb05d41939197da3465b6f,CRV,-0.0021032388185687
0x98e41d65e981a882afcb05d41939197da3465b6f,DOGE,-0.0054000436141253
0x98e41d65e981a882afcb05d41939197da3465b6f,DOT,-0.0076207406160246
0x98e41d65e981a882afcb05d41939197da3465b6f,ENJ,-0.0040964379239403
0x98e41d65e981a882afcb05d41939197da3465b6f,EOS,-0.0042406623663294
0x98e41d65e981a882afcb05d41939197da3465b6f,ETC,-0.0073563009098492
0x98e41d65e981a882afcb05d41939197da3465b6f,ETH,-0.0044973269947804
0x98e41d65e981a882afcb05d41939197da3465b6f,FIL,-0.0043142950899975
0x98e41d65e981a882afcb05d41939197da3465b6f,ICP,-0.0165913337860209
0x98e41d65e981a882afcb05d41939197da3465b6f,LINK,-0.001778140961426
0x98e41d65e981a882afcb05d41939197da3465b6f,LTC,-0.0083491984217455
0x98e41d65e981a882afcb05d41939197da3465b6f,MATIC,-0.005034791755654
0x98e41d65e981a882afcb05d41939197da3465b6f,MKR,-0.0050212464043155
0x98e41d65e981a882afcb05d41939197da3465b6f,NEAR,-0.026739363276663
0x98e41d65e981a882afcb05d41939197da3465b6f,RUNE,-0.0038120186322399
0x98e41d65e981a882afcb05d41939197da3465b6f,SNX,-0.0102778281845737
0x98e41d65e981a882afcb05d41939197da3465b6f,SOL,-0.0130599642825108
0x98e41d65e981a882afcb05d41939197da3465b6f,SUSHI,-0.0069833643253789
0x98e41d65e981a882afcb05d41939197da3465b6f,TRX,-0.0032080055927299
0x98e41d65e981a882afcb05d41939197da3465b6f,UMA,-0.0144472070918541
0x98e41d65e981a882afcb05d41939197da3465b6f,UNI,-0.0013115672025326
0x98e41d65e981a882afcb05d41939197da3465b6f,XLM,-0.003178299786327
0x98e41d65e981a882afcb05d41939197da3465b6f,XMR,-0.0061484538284459
0x98e41d65e981a882afcb05d41939197da3465b6f,XTZ,-0.0044071078877499
0x98e41d65e981a882afcb05d41939197da3465b6f,YFI,-0.0102778281845737
0x98e41d65e981a882afcb05d41939197da3465b6f,ZEC,-0.0051815093303096
0x98e41d65e981a882afcb05d41939197da3465b6f,ZRX,-0.0037189293029874
0x9aa5c9c4a500ee3bd06798a0fa415298e63412ac,1INCH,-0.26567346
0x9aa5c9c4a500ee3bd06798a0fa415298e63412ac,AAVE,-0.20260824
0x9aa5c9c4a500ee3bd06798a0fa415298e63412ac,ADA,-0.03519215
0x9aa5c9c4a500ee3bd06798a0fa415298e63412ac,ALGO,-0.17365642
0x9aa5c9c4a500ee3bd06798a0fa415298e63412ac,ATOM,-0.082977615
0x9aa5c9c4a500ee3bd06798a0fa415298e63412ac,AVAX,-0.030404044
0x9aa5c9c4a500ee3bd06798a0fa415298e63412ac,BCH,-0.008056625
0x9aa5c9c4a500ee3bd06798a0fa415298e63412ac,BTC,0.22012846
0x9aa5c9c4a500ee3bd06798a0fa415298e63412ac,CELO,-0.26132107
0x9aa5c9c4a500ee3bd06798a0fa415298e63412ac,COMP,-0.12001889
0x9aa5c9c4a500ee3bd06798a0fa415298e63412ac,CRV,-0.012096084
0x9aa5c9c4a500ee3bd06798a0fa415298e63412ac,DOGE,0.14479288
0x9aa5c9c4a500ee3bd06798a0fa415298e63412ac,DOT,-0.09910941
0x9aa5c9c4a500ee3bd06798a0fa415298e63412ac,ENJ,-0.28558385
0x9aa5c9c4a500ee3bd06798a0fa415298e63412ac,EOS,-0.15301481
0x9aa5c9c4a500ee3bd06798a0fa415298e63412ac,ETC,0.045751937
0x9aa5c9c4a500ee3bd06798a0fa415298e63412ac,ETH,-0.019104075
0x9aa5c9c4a500ee3bd06798a0fa415298e63412ac,FIL,-0.20283401
0x9aa5c9c4a500ee3bd06798a0fa415298e63412ac,ICP,-0.14344251
0x9aa5c9c4a500ee3bd06798a0fa415298e63412ac,LINK,-0.010877214
0x9aa5c9c4a500ee3bd06798a0fa415298e63412ac,LTC,-0.12419721
0x9aa5c9c4a500ee3bd06798a0fa415298e63412ac,MATIC,-0.03565264
0x9aa5c9c4a500ee3bd06798a0fa415298e63412ac,MKR,-0.02558125
0x9aa5c9c4a500ee3bd06798a0fa415298e63412ac,NEAR,-0.29545474
0x9aa5c9c4a500ee3bd06798a0fa415298e63412ac,RUNE,-0.2234657
0x9aa5c9c4a500ee3bd06798a0fa415298e63412ac,SNX,-0.2822878
0x9aa5c9c4a500ee3bd06798a0fa415298e63412ac,SOL,-0.061373238
0x9aa5c9c4a500ee3bd06798a0fa415298e63412ac,SUSHI,-0.22558866
0x9aa5c9c4a500ee3bd06798a0fa415298e63412ac,TRX,0.15452862
0x9aa5c9c4a500ee3bd06798a0fa415298e63412ac,UMA,-0.04206365
0x9aa5c9c4a500ee3bd06798a0fa415298e63412ac,UNI,-0.049069524
0x9aa5c9c4a500ee3bd06798a0fa415298e63412ac,XLM,-0.24121496
0x9aa5c9c4a500ee3bd06798a0fa415298e63412ac,XMR,0.06998271
0x9aa5c9c4a500ee3bd06798a0fa415298e63412ac,XTZ,-0.120900705
0x9aa5c9c4a500ee3bd06798a0fa415298e63412ac,YFI,-0.27729768
0x9aa5c9c4a500ee3bd06798a0fa415298e63412ac,ZEC,-0.2144891
0x9aa5c9c4a500ee3bd06798a0fa415298e63412ac,ZRX,-0.18135154
0x9c40349fbbb3fdca0dbb8d5a9ec1063476288a01,1INCH,-0.2314544712504189
0x9c40349fbbb3fdca0dbb8d5a9ec1063476288a01,AAVE,-0.0612084065796662
0x9c40349fbbb3fdca0dbb8d5a9ec1063476288a01,ADA,0.0113170136509929
0x9c40349fbbb3fdca0dbb8d5a9ec1063476288a01,ALGO,-0.0889710313263489
0x9c40349fbbb3fdca0dbb8d5a9ec1063476288a01,ATOM,-0.0357401712903691
0x9c40349fbbb3fdca0dbb8d5a9ec1063476288a01,AVAX,0.2234137761315111
0x9c40349fbbb3fdca0dbb8d5a9ec1063476288a01,BCH,0.1636547218039498
0x9c40349fbbb3fdca0dbb8d5a9ec1063476288a01,BTC,-0.0301318765211857
0x9c40349fbbb3fdca0dbb8d5a9ec1063476288a01,CELO,-0.1193747635561895
0x9c40349fbbb3fdca0dbb8d5a9ec1063476288a01,COMP,-0.0146582786928806
0x9c40349fbbb3fdca0dbb8d5a9ec1063476288a01,CRV,0.0208317887061671
0x9c40349fbbb3fdca0dbb8d5a9ec1063476288a01,DOGE,0.3684839875803583
0x9c40349fbbb3fdca0dbb8d5a9ec1063476288a01,DOT,-0.0447952485613113
0x9c40349fbbb3fdca0dbb8d5a9ec1063476288a01,ENJ,0.0928825537481481
0x9c40349fbbb3fdca0dbb8d5a9ec1063476288a01,EOS,-0.1413216550208717
0x9c40349fbbb3fdca0dbb8d5a9ec1063476288a01,ETC,0.3646952714790458
0x9c40349fbbb3fdca0dbb8d5a9ec1063476288a01,ETH,-0.020385993481832
0x9c40349fbbb3fdca0dbb8d5a9ec1063476288a01,FIL,0.0918260170089912
0x9c40349fbbb3fdca0dbb8d5a9ec1063476288a01,ICP,0.0668953075397209
0x9c40349fbbb3fdca0dbb8d5a9ec1063476288a01,LINK,-0.0063100633411645
0x9c40349fbbb3fdca0dbb8d5a9ec1063476288a01,LTC,-0.1208225589445855
0x9c40349fbbb3fdca0dbb8d5a9ec1063476288a01,MATIC,-0.0463121808312649
0x9c40349fbbb3fdca0dbb8d5a9ec1063476288a01,MKR,0.2067584700852182
0x9c40349fbbb3fdca0dbb8d5a9ec1063476288a01,NEAR,-0.1178449573840079
0x9c40349fbbb3fdca0dbb8d5a9ec1063476288a01,RUNE,-0.0374017270151485
0x9c40349fbbb3fdca0dbb8d5a9ec1063476288a01,SNX,-0.0677648954915088
0x9c40349fbbb3fdca0dbb8d5a9ec1063476288a01,SOL,-0.0409280911536573
0x9c40349fbbb3fdca0dbb8d5a9ec1063476288a01,SUSHI,-0.0769459965299725
0x9c40349fbbb3fdca0dbb8d5a9ec1063476288a01,TRX,-0.054789118468013
0x9c40349fbbb3fdca0dbb8d5a9ec1063476288a01,UMA,-0.0184639260817056
0x9c40349fbbb3fdca0dbb8d5a9ec1063476288a01,UNI,-0.1534657043162312
0x9c40349fbbb3fdca0dbb8d5a9ec1063476288a01,XLM,0.024359907581808
0x9c40349fbbb3fdca0dbb8d5a9ec1063476288a01,XMR,-0.0324912267125758
0x9c40349fbbb3fdca0dbb8d5a9ec1063476288a01,XTZ,-0.098887369174466
0x9c40349fbbb3fdca0dbb8d5a9ec1063476288a01,YFI,-0.1083720736512268
0x9c40349fbbb3fdca0dbb8d5a9ec1063476288a01,ZEC,-0.0919518323487701
0x9c40349fbbb3fdca0dbb8d5a9ec1063476288a01,ZRX,-0.0104901487732695
0xa16a483a18f00a00b14b93438e8ad21f485b382f,1INCH,-0.001984138635933
0xa16a483a18f00a00b14b93438e8ad21f485b382f,AAVE,-0.0038082690068284
0xa16a483a18f00a00b14b93438e8ad21f485b382f,ADA,-0.0064673386823387
0xa16a483a18f00a00b14b93438e8ad21f485b382f,ALGO,-0.0047802462831399
0xa16a483a18f00a00b14b93438e8ad21f485b382f,ATOM,-0.0047608458954594
0xa16a483a18f00a00b14b93438e8ad21f485b382f,AVAX,-0.0097278729139126
0xa16a483a18f00a00b14b93438e8ad21f485b382f,BCH,-0.0034777664972695
0xa16a483a18f00a00b14b93438e8ad21f485b382f,BTC,-0.0024915667574614
0xa16a483a18f00a00b14b93438e8ad21f485b382f,CELO,-0.0070356709512371
0xa16a483a18f00a00b14b93438e8ad21f485b382f,COMP,-0.0065728689757376
0xa16a483a18f00a00b14b93438e8ad21f485b382f,CRV,-0.0012809752022844
0xa16a483a18f00a00b14b93438e8ad21f485b382f,DOGE,-0.0051874064939551
0xa16a483a18f00a00b14b93438e8ad21f485b382f,DOT,-0.0072513480708131
0xa16a483a18f00a00b14b93438e8ad21f485b382f,ENJ,-0.0026363984458296
0xa16a483a18f00a00b14b93438e8ad21f485b382f,EOS,-0.0029365681188921
0xa16a483a18f00a00b14b93438e8ad21f485b382f,ETC,-0.0074573870997399
0xa16a483a18f00a00b14b93438e8ad21f485b382f,ETH,-0.0048648809404002
0xa16a483a18f00a00b14b93438e8ad21f485b382f,FIL,-0.0022650035698173
0xa16a483a18f00a00b14b93438e8ad21f485b382f,ICP,-0.0172253059142172
0xa16a483a18f00a00b14b93438e8ad21f485b382f,LINK,-0.0017362423256451
0xa16a483a18f00a00b14b93438e8ad21f485b382f,LTC,-0.0095388821216399
0xa16a483a18f00a00b14b93438e8ad21f485b382f,MATIC,-0.0045330680519865
0xa16a483a18f00a00b14b93438e8ad21f485b382f,MKR,-0.0031311122237099
0xa16a483a18f00a00b14b93438e8ad21f485b382f,NEAR,-0.032163409995905
0xa16a483a18f00a00b14b93438e8ad21f485b382f,RUNE,-0.0031482066426086
0xa16a483a18f00a00b14b93438e8ad21f485b382f,SNX,-0.0081407525988392
0xa16a483a18f00a00b14b93438e8ad21f485b382f,SOL,-0.0164792590750536
0xa16a483a18f00a00b14b93438e8ad21f485b382f,SUSHI,-0.0041752087798884
0xa16a483a18f00a00b14b93438e8ad21f485b382f,TRX,-0.0021793836968054
0xa16a483a18f00a00b14b93438e8ad21f485b382f,UMA,-0.0156656552110357
0xa16a483a18f00a00b14b93438e8ad21f485b382f,UNI,-0.0002679881153168
0xa16a483a18f00a00b14b93438e8ad21f485b382f,XLM,-0.0025134158650405
0xa16a483a18f00a00b14b93438e8ad21f485b382f,XMR,-0.0031155046284133
0xa16a483a18f00a00b14b93438e8ad21f485b382f,XTZ,-0.0019065889828838
0xa16a483a18f00a00b14b93438e8ad21f485b382f,YFI,-0.0084858179181159
0xa16a483a18f00a00b14b93438e8ad21f485b382f,ZEC,-0.0027959677616901
0xa16a483a18f00a00b14b93438e8ad21f485b382f,ZRX,-0.0019310876977168
0xa26dcd02deb5cb5c0e8600c16920432764be53ca,1INCH,0.0717917294942609
0xa26dcd02deb5cb5c0e8600c16920432764be53ca,AAVE,0.0326509764296435
0xa26dcd02deb5cb5c0e8600c16920432764be53ca,ADA,0.1970150934528974
0xa26dcd02deb5cb5c0e8600c16920432764be53ca,ALGO,0.107342814095783
0xa26dcd02deb5cb5c0e8600c16920432764be53ca,ATOM,0.0849300419425142
0xa26dcd02deb5cb5c0e8600c16920432764be53ca,AVAX,-0.0515056131854346
0xa26dcd02deb5cb5c0e8600c16920432764be53ca,BCH,0.0963574670223419
0xa26dcd02deb5cb5c0e8600c16920432764be53ca,BTC,0.2914301911382
0xa26dcd02deb5cb5c0e8600c16920432764be53ca,CELO,-0.0580410032635113
0xa26dcd02deb5cb5c0e8600c16920432764be53ca,COMP,-0.1787708389560154
0xa26dcd02deb5cb5c0e8600c16920432764be53ca,CRV,0.2677104038036684
0xa26dcd02deb5cb5c0e8600c16920432764be53ca,DOGE,0.4858391456098435
0xa26dcd02deb5cb5c0e8600c16920432764be53ca,DOT,-0.0544086183098212
0xa26dcd02deb5cb5c0e8600c16920432764be53ca,ENJ,-0.1077587495588059
0xa26dcd02deb5cb5c0e8600c16920432764be53ca,EOS,0.1005590093927488
0xa26dcd02deb5cb5c0e8600c16920432764be53ca,ETC,0.0443271788198713
0xa26dcd02deb5cb5c0e8600c16920432764be53ca,ETH,0.006808792459275
0xa26dcd02deb5cb5c0e8600c16920432764be53ca,FIL,0.2147707345436343
0xa26dcd02deb5cb5c0e8600c16920432764be53ca,ICP,-0.196332776598536
0xa26dcd02deb5cb5c0e8600c16920432764be53ca,LINK,-0.0236053880597006
0xa26dcd02deb5cb5c0e8600c16920432764be53ca,LTC,0.1793822372175361
0xa26dcd02deb5cb5c0e8600c16920432764be53ca,MATIC,0.184012291321357
0xa26dcd02deb5cb5c0e8600c16920432764be53ca,MKR,-0.027019622899978
0xa26dcd02deb5cb5c0e8600c16920432764be53ca,NEAR,0.0284432695755651
0xa26dcd02deb5cb5c0e8600c16920432764be53ca,RUNE,-0.0224441719367134
0xa26dcd02deb5cb5c0e8600c16920432764be53ca,SNX,-0.0791576738479949
0xa26dcd02deb5cb5c0e8600c16920432764be53ca,SOL,0.0288195480947187
0xa26dcd02deb5cb5c0e8600c16920432764be53ca,SUSHI,0.0133920820625418
0xa26dcd02deb5cb5c0e8600c16920432764be53ca,TRX,-0.1090444169384342
0xa26dcd02deb5cb5c0e8600c16920432764be53ca,UMA,-0.0944640068217253
0xa26dcd02deb5cb5c0e8600c16920432764be53ca,UNI,0.1412574181160401
0xa26dcd02deb5cb5c0e8600c16920432764be53ca,XLM,0.2471889419769731
0xa26dcd02deb5cb5c0e8600c16920432764be53ca,XMR,0.3213157016122798
0xa26dcd02deb5cb5c0e8600c16920432764be53ca,XTZ,0.1436818295030091
0xa26dcd02deb5cb5c0e8600c16920432764be53ca,YFI,-0.0055559447855933
0xa26dcd02deb5cb5c0e8600c16920432764be53ca,ZEC,-0.0955289378056275
0xa26dcd02deb5cb5c0e8600c16920432764be53ca,ZRX,0.3484064516614738
0xaf6e3ee121902ee1eb4264aa3fc5772b289a0912,1INCH,-0.0027549733614128
0xaf6e3ee121902ee1eb4264aa3fc5772b289a0912,AAVE,0.0051921701306725
0xaf6e3ee121902ee1eb4264aa3fc5772b289a0912,ADA,0.0045824405374156
0xaf6e3ee121902ee1eb4264aa3fc5772b289a0912,ALGO,0.0028811436804132
0xaf6e3ee121902ee1eb4264aa3fc5772b289a0912,ATOM,0.0080826273587452
0xaf6e3ee121902ee1eb4264aa3fc5772b289a0912,AVAX,-0.0031194505768611
0xaf6e3ee121902ee1eb4264aa3fc5772b289a0912,BCH,0.0002479441169534
0xaf6e3ee121902ee1eb4264aa3fc5772b289a0912,BTC,0.0144232456372565
0xaf6e3ee121902ee1eb4264aa3fc5772b289a0912,CELO,0.0101329271293899
0xaf6e3ee121902ee1eb4264aa3fc5772b289a0912,COMP,-0.0031895311903071
0xaf6e3ee121902ee1eb4264aa3fc5772b289a0912,CRV,-0.0107546345565845
0xaf6e3ee121902ee1eb4264aa3fc5772b289a0912,DOGE,-0.01259520909156
0xaf6e3ee121902ee1eb4264aa3fc5772b289a0912,DOT,0.0066296071078938
0xaf6e3ee121902ee1eb4264aa3fc5772b289a0912,ENJ,-0.0050833079823183
0xaf6e3ee121902ee1eb4264aa3fc5772b289a0912,EOS,-0.0049844773866697
0xaf6e3ee121902ee1eb4264aa3fc5772b289a0912,ETC,0.0019719435609937
0xaf6e3ee121902ee1eb4264aa3fc5772b289a0912,ETH,0.0134141881559052
0xaf6e3ee121902ee1eb4264aa3fc5772b289a0912,FIL,-0.0007139005598032
0xaf6e3ee121902ee1eb4264aa3fc5772b289a0912,ICP,-0.0003674598203793
0xaf6e3ee121902ee1eb4264aa3fc5772b289a0912,LINK,0.0156971877941971
0xaf6e3ee121902ee1eb4264aa3fc5772b289a0912,LTC,0.0041907430828968
0xaf6e3ee121902ee1eb4264aa3fc5772b289a0912,MATIC,0.0021561632275737
0xaf6e3ee121902ee1eb4264aa3fc5772b289a0912,MKR,0.0060512472489812
0xaf6e3ee121902ee1eb4264aa3fc5772b289a0912,NEAR,-0.0068502966217413
0xaf6e3ee121902ee1eb4264aa3fc5772b289a0912,RUNE,0.0103040450456114
0xaf6e3ee121902ee1eb4264aa3fc5772b289a0912,SNX,0.0063089559499613
0xaf6e3ee121902ee1eb4264aa3fc5772b289a0912,SOL,0.0171794435989244
0xaf6e3ee121902ee1eb4264aa3fc5772b289a0912,SUSHI,-0.0098824654899687
0xaf6e3ee121902ee1eb4264aa3fc5772b289a0912,TRX,0.0089967067117365
0xaf6e3ee121902ee1eb4264aa3fc5772b289a0912,UMA,0.0022062015648406
0xaf6e3ee121902ee1eb4264aa3fc5772b289a0912,UNI,-0.0041124666126429
0xaf6e3ee121902ee1eb4264aa3fc5772b289a0912,XLM,0.000002852421295385099
0xaf6e3ee121902ee1eb4264aa3fc5772b289a0912,XMR,0.0144103871317506
0xaf6e3ee121902ee1eb4264aa3fc5772b289a0912,XTZ,-0.000091514858950148
0xaf6e3ee121902ee1eb4264aa3fc5772b289a0912,YFI,-0.0147793453705514
0xaf6e3ee121902ee1eb4264aa3fc5772b289a0912,ZEC,0.0083748296929194
0xaf6e3ee121902ee1eb4264aa3fc5772b289a0912,ZRX,-0.0020778630999146
0xb294a5316e76e84649a3b8ff0ff6ef9788595bed,1INCH,0.0106983185
0xb294a5316e76e84649a3b8ff0ff6ef9788595bed,AAVE,0.002821207
0xb294a5316e76e84649a3b8ff0ff6ef9788595bed,ADA,0.007886767
0xb294a5316e76e84649a3b8ff0ff6ef9788595bed,ALGO,0.0058544874
0xb294a5316e76e84649a3b8ff0ff6ef9788595bed,ATOM,-0.00015991926
0xb294a5316e76e84649a3b8ff0ff6ef9788595bed,AVAX,0.0061602592
0xb294a5316e76e84649a3b8ff0ff6ef9788595bed,BCH,0.0019289255
0xb294a5316e76e84649a3b8ff0ff6ef9788595bed,BTC,0.0046509504
0xb294a5316e76e84649a3b8ff0ff6ef9788595bed,CELO,-0.00062793493
0xb294a5316e76e84649a3b8ff0ff6ef9788595bed,COMP,0.002164483
0xb294a5316e76e84649a3b8ff0ff6ef9788595bed,CRV,0.0065174103
0xb294a5316e76e84649a3b8ff0ff6ef9788595bed,DOGE,0.0032827854
0xb294a5316e76e84649a3b8ff0ff6ef9788595bed,DOT,0.003166318
0xb294a5316e76e84649a3b8ff0ff6ef9788595bed,ENJ,0.0023838282
0xb294a5316e76e84649a3b8ff0ff6ef9788595bed,EOS,0.0058932304
0xb294a5316e76e84649a3b8ff0ff6ef9788595bed,ETC,0.001645565
0xb294a5316e76e84649a3b8ff0ff6ef9788595bed,ETH,0.0031223297
0xb294a5316e76e84649a3b8ff0ff6ef9788595bed,FIL,0.004508972
0xb294a5316e76e84649a3b8ff0ff6ef9788595bed,ICP,0.0002989769
0xb294a5316e76e84649a3b8ff0ff6ef9788595bed,LINK,0.012277842
0xb294a5316e76e84649a3b8ff0ff6ef9788595bed,LTC,0.007830739
0xb294a5316e76e84649a3b8ff0ff6ef9788595bed,MATIC,0.005554676
0xb294a5316e76e84649a3b8ff0ff6ef9788595bed,MKR,0.0
0xb294a5316e76e84649a3b8ff0ff6ef9788595bed,NEAR,-0.00026333332
0xb294a5316e76e84649a3b8ff0ff6ef9788595bed,RUNE,0.004209399
0xb294a5316e76e84649a3b8ff0ff6ef9788595bed,SNX,0.0011678934
0xb294a5316e76e84649a3b8ff0ff6ef9788595bed,SOL,0.0042364597
0xb294a5316e76e84649a3b8ff0ff6ef9788595bed,SUSHI,0.0028116703
0xb294a5316e76e84649a3b8ff0ff6ef9788595bed,TRX,0.005707383
0xb294a5316e76e84649a3b8ff0ff6ef9788595bed,UMA,-0.0025510192
0xb294a5316e76e84649a3b8ff0ff6ef9788595bed,UNI,0.0030901432
0xb294a5316e76e84649a3b8ff0ff6ef9788595bed,XLM,0.0038677454
0xb294a5316e76e84649a3b8ff0ff6ef9788595bed,XMR,0.015519738
0xb294a5316e76e84649a3b8ff0ff6ef9788595bed,XTZ,0.009088159
0xb294a5316e76e84649a3b8ff0ff6ef9788595bed,YFI,0.00859642
0xb294a5316e76e84649a3b8ff0ff6ef9788595bed,ZEC,0.00022983551
0xb294a5316e76e84649a3b8ff0ff6ef9788595bed,ZRX,0.003664136
0xb759689102026a0025b23595227dc865fe1a4828,1INCH,0.0
0xb759689102026a0025b23595227dc865fe1a4828,AAVE,0.0
0xb759689102026a0025b23595227dc865fe1a4828,ADA,0.0
0xb759689102026a0025b23595227dc865fe1a4828,ALGO,0.0
0xb759689102026a0025b23595227dc865fe1a4828,ATOM,0.0
0xb759689102026a0025b23595227dc865fe1a4828,AVAX,0.0
0xb759689102026a0025b23595227dc865fe1a4828,BCH,0.0
0xb759689102026a0025b23595227dc865fe1a4828,BTC,0.0
0xb759689102026a0025b23595227dc865fe1a4828,CELO,0.0
0xb759689102026a0025b23595227dc865fe1a4828,COMP,0.0
0xb759689102026a0025b23595227dc865fe1a4828,CRV,0.0
0xb759689102026a0025b23595227dc865fe1a4828,DOGE,0.0
0xb759689102026a0025b23595227dc865fe1a4828,DOT,0.035090350903509
0xb759689102026a0025b23595227dc865fe1a4828,ENJ,0.0
0xb759689102026a0025b23595227dc865fe1a4828,EOS,0.0
0xb759689102026a0025b23595227dc865fe1a4828,ETC,0.0
0xb759689102026a0025b23595227dc865fe1a4828,ETH,0.0
0xb759689102026a0025b23595227dc865fe1a4828,FIL,0.0
0xb759689102026a0025b23595227dc865fe1a4828,ICP,0.0
0xb759689102026a0025b23595227dc865fe1a4828,LINK,0.1957819578195782
0xb759689102026a0025b23595227dc865fe1a4828,LTC,0.0
0xb759689102026a0025b23595227dc865fe1a4828,MATIC,0.0
0xb759689102026a0025b23595227dc865fe1a4828,MKR,0.2876128761287612
0xb759689102026a0025b23595227dc865fe1a4828,NEAR,0.00970009700097
0xb759689102026a0025b23595227dc865fe1a4828,RUNE,0.0
0xb759689102026a0025b23595227dc865fe1a4828,SNX,0.0
0xb759689102026a0025b23595227dc865fe1a4828,SOL,0.0
0xb759689102026a0025b23595227dc865fe1a4828,SUSHI,0.0
0xb759689102026a0025b23595227dc865fe1a4828,TRX,0.0
0xb759689102026a0025b23595227dc865fe1a4828,UMA,0.0
0xb759689102026a0025b23595227dc865fe1a4828,UNI,0.1318313183131831
0xb759689102026a0025b23595227dc865fe1a4828,XLM,0.049560495604956
0xb759689102026a0025b23595227dc865fe1a4828,XMR,0.0
0xb759689102026a0025b23595227dc865fe1a4828,XTZ,0.1793517935179351
0xb759689102026a0025b23595227dc865fe1a4828,YFI,0.0
0xb759689102026a0025b23595227dc865fe1a4828,ZEC,0.1110711107111071
0xb759689102026a0025b23595227dc865fe1a4828,ZRX,0.0
0xb7ece21c962697a3194c0b6e4b81db54433055ab,1INCH,-0.0002591942827476
0xb7ece21c962697a3194c0b6e4b81db54433055ab,AAVE,-0.0015353572475547
0xb7ece21c962697a3194c0b6e4b81db54433055ab,ADA,-0.0060302308071834
0xb7ece21c962697a3194c0b6e4b81db54433055ab,ALGO,-0.0012600294157482
0xb7ece21c962697a3194c0b6e4b81db54433055ab,ATOM,0.00007026759188356448
0xb7ece21c962697a3194c0b6e4b81db54433055ab,AVAX,-0.008707991579698
0xb7ece21c962697a3194c0b6e4b81db54433055ab,BCH,-0.0011047413544461
0xb7ece21c962697a3194c0b6e4b81db54433055ab,BTC,-0.0005440026738096
0xb7ece21c962697a3194c0b6e4b81db54433055ab,CELO,-0.0118790412676023
0xb7ece21c962697a3194c0b6e4b81db54433055ab,COMP,-0.0062063154709836
0xb7ece21c962697a3194c0b6e4b81db54433055ab,CRV,0.0045706016746997
0xb7ece21c962697a3194c0b6e4b81db54433055ab,DOGE,-0.0059184248245471
0xb7ece21c962697a3194c0b6e4b81db54433055ab,DOT,-0.0056104599548766
0xb7ece21c962697a3194c0b6e4b81db54433055ab,ENJ,-0.0008922100566888
0xb7ece21c962697a3194c0b6e4b81db54433055ab,EOS,-0.0002325976650122
0xb7ece21c962697a3194c0b6e4b81db54433055ab,ETC,-0.0044027941987004
0xb7ece21c962697a3194c0b6e4b81db54433055ab,ETH,-0.0053036149430763
0xb7ece21c962697a3194c0b6e4b81db54433055ab,FIL,-0.003129353238457
0xb7ece21c962697a3194c0b6e4b81db54433055ab,ICP,-0.0139986024548262
0xb7ece21c962697a3194c0b6e4b81db54433055ab,LINK,0.0018420543507075
0xb7ece21c962697a3194c0b6e4b81db54433055ab,LTC,-0.0114208029758862
0xb7ece21c962697a3194c0b6e4b81db54433055ab,MATIC,-0.000701197830795
0xb7ece21c962697a3194c0b6e4b81db54433055ab,MKR,-0.0013332313057161
0xb7ece21c962697a3194c0b6e4b81db54433055ab,NEAR,-0.038266619735723
0xb7ece21c962697a3194c0b6e4b81db54433055ab,RUNE,-0.0016969605526215
0xb7ece21c962697a3194c0b6e4b81db54433055ab,SNX,-0.0093833104588209
0xb7ece21c962697a3194c0b6e4b81db54433055ab,SOL,-0.0137232618769467
0xb7ece21c962697a3194c0b6e4b81db54433055ab,SUSHI,-0.0042083016495129
0xb7ece21c962697a3194c0b6e4b81db54433055ab,TRX,-0.0018770298971947
0xb7ece21c962697a3194c0b6e4b81db54433055ab,UMA,-0.0162272920061463
0xb7ece21c962697a3194c0b6e4b81db54433055ab,UNI,0.0027110368081225
0xb7ece21c962697a3194c0b6e4b81db54433055ab,XLM,0.0005664480993696
0xb7ece21c962697a3194c0b6e4b81db54433055ab,XMR,-0.0019188753959569
0xb7ece21c962697a3194c0b6e4b81db54433055ab,XTZ,-0.0004185146679717
0xb7ece21c962697a3194c0b6e4b81db54433055ab,YFI,-0.0126834428435063
0xb7ece21c962697a3194c0b6e4b81db54433055ab,ZEC,-0.0011064162323161
0xb7ece21c962697a3194c0b6e4b81db54433055ab,ZRX,-0.0045070227149542
0xc7eabdb28a49c5684f60a31ea957fbeb70fdf489,1INCH,0.0276943507051777
0xc7eabdb28a49c5684f60a31ea957fbeb70fdf489,AAVE,0.0463056369724203
0xc7eabdb28a49c5684f60a31ea957fbeb70fdf489,ADA,0.0362006976212757
0xc7eabdb28a49c5684f60a31ea957fbeb70fdf489,ALGO,0.0491387214821771
0xc7eabdb28a49c5684f60a31ea957fbeb70fdf489,ATOM,0.0506067984177729
0xc7eabdb28a49c5684f60a31ea957fbeb70fdf489,AVAX,0.0476493237814959
0xc7eabdb28a49c5684f60a31ea957fbeb70fdf489,BCH,0.0415871025252979
0xc7eabdb28a49c5684f60a31ea957fbeb70fdf489,BTC,0.055311355686992
0xc7eabdb28a49c5684f60a31ea957fbeb70fdf489,CELO,0.0205208216276878
0xc7eabdb28a49c5684f60a31ea957fbeb70fdf489,COMP,0.0403667990190548
0xc7eabdb28a49c5684f60a31ea957fbeb70fdf489,CRV,0.0507129217489944
0xc7eabdb28a49c5684f60a31ea957fbeb70fdf489,DOGE,0.042353553166595
0xc7eabdb28a49c5684f60a31ea957fbeb70fdf489,DOT,0.0522889780951265
0xc7eabdb28a49c5684f60a31ea957fbeb70fdf489,ENJ,0.0373764440829062
0xc7eabdb28a49c5684f60a31ea957fbeb70fdf489,EOS,0.0356568866206718
0xc7eabdb28a49c5684f60a31ea957fbeb70fdf489,ETC,0.0400426611363298
0xc7eabdb28a49c5684f60a31ea957fbeb70fdf489,ETH,0.0371186064542982
0xc7eabdb28a49c5684f60a31ea957fbeb70fdf489,FIL,0.0366895037528195
0xc7eabdb28a49c5684f60a31ea957fbeb70fdf489,ICP,0.0567981476290014
0xc7eabdb28a49c5684f60a31ea957fbeb70fdf489,LINK,0.055423750886843
0xc7eabdb28a49c5684f60a31ea957fbeb70fdf489,LTC,0.0371702855202028
0xc7eabdb28a49c5684f60a31ea957fbeb70fdf489,MATIC,0.0460919008045333
0xc7eabdb28a49c5684f60a31ea957fbeb70fdf489,MKR,0.0414957228116721
0xc7eabdb28a49c5684f60a31ea957fbeb70fdf489,NEAR,0.0611959447218709
0xc7eabdb28a49c5684f60a31ea957fbeb70fdf489,RUNE,0.0290565349944508
0xc7eabdb28a49c5684f60a31ea957fbeb70fdf489,SNX,0.0205847818135921
0xc7eabdb28a49c5684f60a31ea957fbeb70fdf489,SOL,0.0318922028342514
0xc7eabdb28a49c5684f60a31ea957fbeb70fdf489,SUSHI,0.0445824683112411
0xc7eabdb28a49c5684f60a31ea957fbeb70fdf489,TRX,0.0217561300308361
0xc7eabdb28a49c5684f60a31ea957fbeb70fdf489,UMA,0.017432428050015
0xc7eabdb28a49c5684f60a31ea957fbeb70fdf489,UNI,0.0721055732612141
0xc7eabdb28a49c5684f60a31ea957fbeb70fdf489,XLM,0.0491984931377059
0xc7eabdb28a49c5684f60a31ea957fbeb70fdf489,XMR,0.0200093660696965
0xc7eabdb28a49c5684f60a31ea957fbeb70fdf489,XTZ,0.0401561255925026
0xc7eabdb28a49c5684f60a31ea957fbeb70fdf489,YFI,0.0029995857536182
0xc7eabdb28a49c5684f60a31ea957fbeb70fdf489,ZEC,0.0460454222260204
0xc7eabdb28a49c5684f60a31ea957fbeb70fdf489,ZRX,0.0367529597770119
0xcbe37e37bb9ac19e87e6e495303fab60c3111529,1INCH,0.0035900361447895
0xcbe37e37bb9ac19e87e6e495303fab60c3111529,AAVE,-0.0054972410749862
0xcbe37e37bb9ac19e87e6e495303fab60c3111529,ADA,0.0058100987910654
0xcbe37e37bb9ac19e87e6e495303fab60c3111529,ALGO,-0.0016908946546931
0xcbe37e37bb9ac19e87e6e495303fab60c3111529,ATOM,0.032971344527312
0xcbe37e37bb9ac19e87e6e495303fab60c3111529,AVAX,0.0043230911319347
0xcbe37e37bb9ac19e87e6e495303fab60c3111529,BCH,-0.0157542537040857
0xcbe37e37bb9ac19e87e6e495303fab60c3111529,BTC,-0.0225959749252589
0xcbe37e37bb9ac19e87e6e495303fab60c3111529,CELO,-0.0143803121984017
0xcbe37e37bb9ac19e87e6e495303fab60c3111529,COMP,0.0071745866932444
0xcbe37e37bb9ac19e87e6e495303fab60c3111529,CRV,0.0012510602882151
0xcbe37e37bb9ac19e87e6e495303fab60c3111529,DOGE,0.0030853246753173
0xcbe37e37bb9ac19e87e6e495303fab60c3111529,DOT,-0.0135165991273258
0xcbe37e37bb9ac19e87e6e495303fab60c3111529,ENJ,0.0080847980919809
0xcbe37e37bb9ac19e87e6e495303fab60c3111529,EOS,0.0174553935789557
0xcbe37e37bb9ac19e87e6e495303fab60c3111529,ETC,0.024931935668561
0xcbe37e37bb9ac19e87e6e495303fab60c3111529,ETH,0.0117748354682624
0xcbe37e37bb9ac19e87e6e495303fab60c3111529,FIL,0.0035499718324992
0xcbe37e37bb9ac19e87e6e495303fab60c3111529,ICP,-0.0132304339686607
0xcbe37e37bb9ac19e87e6e495303fab60c3111529,LINK,0.0409863757049877
0xcbe37e37bb9ac19e87e6e495303fab60c3111529,LTC,-0.0154794883938563
0xcbe37e37bb9ac19e87e6e495303fab60c3111529,MATIC,0.0001652079505687
0xcbe37e37bb9ac19e87e6e495303fab60c3111529,MKR,-0.0043253513897407
0xcbe37e37bb9ac19e87e6e495303fab60c3111529,NEAR,-0.0139411623789478
0xcbe37e37bb9ac19e87e6e495303fab60c3111529,RUNE,-0.0002991935780897
0xcbe37e37bb9ac19e87e6e495303fab60c3111529,SNX,-0.0143932338815519
0xcbe37e37bb9ac19e87e6e495303fab60c3111529,SOL,0.0188357741358587
0xcbe37e37bb9ac19e87e6e495303fab60c3111529,SUSHI,-0.0214330696496781
0xcbe37e37bb9ac19e87e6e495303fab60c3111529,TRX,-0.0057579322409441
0xcbe37e37bb9ac19e87e6e495303fab60c3111529,UMA,-0.0005945519406188
0xcbe37e37bb9ac19e87e6e495303fab60c3111529,UNI,0.0092609690238638
0xcbe37e37bb9ac19e87e6e495303fab60c3111529,XLM,0.0288189390070623
0xcbe37e37bb9ac19e87e6e495303fab60c3111529,XMR,0.0056234421319601
0xcbe37e37bb9ac19e87e6e495303fab60c3111529,XTZ,0.0005710009390168
0xcbe37e37bb9ac19e87e6e495303fab60c3111529,YFI,-0.0175690021099278
0xcbe37e37bb9ac19e87e6e495303fab60c3111529,ZEC,0.0003214826158716
0xcbe37e37bb9ac19e87e6e495303fab60c3111529,ZRX,-0.0072767162502
0xcf28560da27700098a0efcb3f5742169948892de,1INCH,0.0032017114314407
0xcf28560da27700098a0efcb3f5742169948892de,AAVE,-0.0194365384938459
0xcf28560da27700098a0efcb3f5742169948892de,ADA,-0.0210507193342202
0xcf28560da27700098a0efcb3f5742169948892de,ALGO,-0.0166289043214935
0xcf28560da27700098a0efcb3f5742169948892de,ATOM,0.0091536493170472
0xcf28560da27700098a0efcb3f5742169948892de,AVAX,-0.0000900565081104373
0xcf28560da27700098a0efcb3f5742169948892de,BCH,-0.0024122943518319
0xcf28560da27700098a0efcb3f5742169948892de,BTC,-0.0140958733827498
0xcf28560da27700098a0efcb3f5742169948892de,CELO,-0.0184680408576813
0xcf28560da27700098a0efcb3f5742169948892de,COMP,0.0047681115440649
0xcf28560da27700098a0efcb3f5742169948892de,CRV,0.0015657191146239
0xcf28560da27700098a0efcb3f5742169948892de,DOGE,-0.0026276981906511
0xcf28560da27700098a0efcb3f5742169948892de,DOT,-0.0017992974344121
0xcf28560da27700098a0efcb3f5742169948892de,ENJ,0.0110049371651567
0xcf28560da27700098a0efcb3f5742169948892de,EOS,0.0018842660841014
0xcf28560da27700098a0efcb3f5742169948892de,ETC,-0.0016582446894146
0xcf28560da27700098a0efcb3f5742169948892de,ETH,-0.0451448234704748
0xcf28560da27700098a0efcb3f5742169948892de,FIL,-0.0009401770471259
0xcf28560da27700098a0efcb3f5742169948892de,ICP,-0.0303564399510783
0xcf28560da27700098a0efcb3f5742169948892de,LINK,0.0107319107679282
0xcf28560da27700098a0efcb3f5742169948892de,LTC,0.0042551006735287
0xcf28560da27700098a0efcb3f5742169948892de,MATIC,-0.0036026328639374
0xcf28560da27700098a0efcb3f5742169948892de,MKR,0.0004607883432369
0xcf28560da27700098a0efcb3f5742169948892de,NEAR,-0.0492391016404451
0xcf28560da27700098a0efcb3f5742169948892de,RUNE,-0.0203319903461129
0xcf28560da27700098a0efcb3f5742169948892de,SNX,-0.0274000435417665
0xcf28560da27700098a0efcb3f5742169948892de,SOL,-0.0314620852063933
0xcf28560da27700098a0efcb3f5742169948892de,SUSHI,-0.0331972784714262
0xcf28560da27700098a0efcb3f5742169948892de,TRX,-0.0053571857290835
0xcf28560da27700098a0efcb3f5742169948892de,UMA,-0.0260779820619817
0xcf28560da27700098a0efcb3f5742169948892de,UNI,0.0021429248781656
0xcf28560da27700098a0efcb3f5742169948892de,XLM,0.0158674657237732
0xcf28560da27700098a0efcb3f5742169948892de,XMR,0.0007583830324753
0xcf28560da27700098a0efcb3f5742169948892de,XTZ,-0.0037776805928266
0xcf28560da27700098a0efcb3f5742169948892de,YFI,-0.0224377014722872
0xcf28560da27700098a0efcb3f5742169948892de,ZEC,-0.0057085862901913
0xcf28560da27700098a0efcb3f5742169948892de,ZRX,-0.0013772428376607
0xe14867e41410bd7232a52b9400476c08b4e535b3,1INCH,-0.0037306714128805
0xe14867e41410bd7232a52b9400476c08b4e535b3,AAVE,-0.0026799460433121
0xe14867e41410bd7232a52b9400476c08b4e535b3,ADA,-0.0139341644273425
0xe14867e41410bd7232a52b9400476c08b4e535b3,ALGO,-0.0025621884983957
0xe14867e41410bd7232a52b9400476c08b4e535b3,ATOM,-0.0025668092545314
0xe14867e41410bd7232a52b9400476c08b4e535b3,AVAX,-0.0084755858033226
0xe14867e41410bd7232a52b9400476c08b4e535b3,BCH,-0.0035431689117245
0xe14867e41410bd7232a52b9400476c08b4e535b3,BTC,-0.0092117197075619
0xe14867e41410bd7232a52b9400476c08b4e535b3,CELO,-0.0060576996193947
0xe14867e41410bd7232a52b9400476c08b4e535b3,COMP,-0.0048083050689357
0xe14867e41410bd7232a52b9400476c08b4e535b3,CRV,-0.00003562273124435208
0xe14867e41410bd7232a52b9400476c08b4e535b3,DOGE,-0.0028996565195017
0xe14867e41410bd7232a52b9400476c08b4e535b3,DOT,-0.0031461361107864
0xe14867e41410bd7232a52b9400476c08b4e535b3,ENJ,-0.0001423686032567
0xe14867e41410bd7232a52b9400476c08b4e535b3,EOS,0.000053470964012696345
0xe14867e41410bd7232a52b9400476c08b4e535b3,ETC,-0.0062101227835608
0xe14867e41410bd7232a52b9400476c08b4e535b3,ETH,-0.0016488944979561
0xe14867e41410bd7232a52b9400476c08b4e535b3,FIL,-0.001156368931467
0xe14867e41410bd7232a52b9400476c08b4e535b3,ICP,-0.0168955571868416
0xe14867e41410bd7232a52b9400476c08b4e535b3,LINK,0.0002276078183975
0xe14867e41410bd7232a52b9400476c08b4e535b3,LTC,-0.0098905643402703
0xe14867e41410bd7232a52b9400476c08b4e535b3,MATIC,-0.0018208808784604
0xe14867e41410bd7232a52b9400476c08b4e535b3,MKR,-0.0014245358127837
0xe14867e41410bd7232a52b9400476c08b4e535b3,NEAR,-0.0326699683218714
0xe14867e41410bd7232a52b9400476c08b4e535b3,RUNE,-0.0032122364420447
0xe14867e41410bd7232a52b9400476c08b4e535b3,SNX,-0.0085807859869552
0xe14867e41410bd7232a52b9400476c08b4e535b3,SOL,-0.0131260471881363
0xe14867e41410bd7232a52b9400476c08b4e535b3,SUSHI,-0.0051302873549948
0xe14867e41410bd7232a52b9400476c08b4e535b3,TRX,-0.001094851558311
0xe14867e41410bd7232a52b9400476c08b4e535b3,UMA,-0.0113740472164278
0xe14867e41410bd7232a52b9400476c08b4e535b3,UNI,0.000794896405832
0xe14867e41410bd7232a52b9400476c08b4e535b3,XLM,-0.0031628858540025
0xe14867e41410bd7232a52b9400476c08b4e535b3,XMR,-0.0051662636990176
0xe14867e41410bd7232a52b9400476c08b4e535b3,XTZ,-0.0047775716025803
0xe14867e41410bd7232a52b9400476c08b4e535b3,YFI,-0.0098361429512974
0xe14867e41410bd7232a52b9400476c08b4e535b3,ZEC,-0.0023919501109315
0xe14867e41410bd7232a52b9400476c08b4e535b3,ZRX,-0.0043181818036101
0xeba5ba85f72e40a9f2b8782c2bd51ec31a5564da,1INCH,-0.0017962601444337
0xeba5ba85f72e40a9f2b8782c2bd51ec31a5564da,AAVE,-0.0025771122986655
0xeba5ba85f72e40a9f2b8782c2bd51ec31a5564da,ADA,-0.0091526332960407
0xeba5ba85f72e40a9f2b8782c2bd51ec31a5564da,ALGO,-0.0027819224986482
0xeba5ba85f72e40a9f2b8782c2bd51ec31a5564da,ATOM,-0.0020656988332576
0xeba5ba85f72e40a9f2b8782c2bd51ec31a5564da,AVAX,-0.0089027787523
0xeba5ba85f72e40a9f2b8782c2bd51ec31a5564da,BCH,-0.0025012363863413
0xeba5ba85f72e40a9f2b8782c2bd51ec31a5564da,BTC,-0.0036495660704712
0xeba5ba85f72e40a9f2b8782c2bd51ec31a5564da,CELO,-0.0085061264011384
0xeba5ba85f72e40a9f2b8782c2bd51ec31a5564da,COMP,-0.0058795584814798
0xeba5ba85f72e40a9f2b8782c2bd51ec31a5564da,CRV,0.0005368113826984
0xeba5ba85f72e40a9f2b8782c2bd51ec31a5564da,DOGE,-0.0046287885694893
0xeba5ba85f72e40a9f2b8782c2bd51ec31a5564da,DOT,-0.0051340406434711
0xeba5ba85f72e40a9f2b8782c2bd51ec31a5564da,ENJ,-0.0011621971919723
0xeba5ba85f72e40a9f2b8782c2bd51ec31a5564da,EOS,-0.0009200269873022
0xeba5ba85f72e40a9f2b8782c2bd51ec31a5564da,ETC,-0.0059896724693981
0xeba5ba85f72e40a9f2b8782c2bd51ec31a5564da,ETH,-0.0039429862710604
0xeba5ba85f72e40a9f2b8782c2bd51ec31a5564da,FIL,-0.0020745202493465
0xeba5ba85f72e40a9f2b8782c2bd51ec31a5564da,ICP,-0.015956869670174
0xeba5ba85f72e40a9f2b8782c2bd51ec31a5564da,LINK,0.00006164085282118894
0xeba5ba85f72e40a9f2b8782c2bd51ec31a5564da,LTC,-0.0104120830016104
0xeba5ba85f72e40a9f2b8782c2bd51ec31a5564da,MATIC,-0.0021404033151877
0xeba5ba85f72e40a9f2b8782c2bd51ec31a5564da,MKR,-0.0018473572100115
0xeba5ba85f72e40a9f2b8782c2bd51ec31a5564da,NEAR,-0.0342964989998079
0xeba5ba85f72e40a9f2b8782c2bd51ec31a5564da,RUNE,-0.002619275925349
0xeba5ba85f72e40a9f2b8782c2bd51ec31a5564da,SNX,-0.0086050825454269
0xeba5ba85f72e40a9f2b8782c2bd51ec31a5564da,SOL,-0.0142300845247637
0xeba5ba85f72e40a9f2b8782c2bd51ec31a5564da,SUSHI,-0.0044893182619308
0xeba5ba85f72e40a9f2b8782c2bd51ec31a5564da,TRX,-0.0016671470635332
0xeba5ba85f72e40a9f2b8782c2bd51ec31a5564da,UMA,-0.0142473098488184
0xeba5ba85f72e40a9f2b8782c2bd51ec31a5564da,UNI,0.0007892801516854
0xeba5ba85f72e40a9f2b8782c2bd51ec31a5564da,XLM,-0.0014036512386755
0xeba5ba85f72e40a9f2b8782c2bd51ec31a5564da,XMR,-0.0034085994671455
0xeba5ba85f72e40a9f2b8782c2bd51ec31a5564da,XTZ,-0.0021612649705897
0xeba5ba85f72e40a9f2b8782c2bd51ec31a5564da,YFI,-0.0105100108869476
0xeba5ba85f72e40a9f2b8782c2bd51ec31a5564da,ZEC,-0.0020027124596434
0xeba5ba85f72e40a9f2b8782c2bd51ec31a5564da,ZRX,-0.0036038253052041
0xf097ed117dd3930f1eeb91569a6a61b4c52744c8,1INCH,-0.0066656691373602
0xf097ed117dd3930f1eeb91569a6a61b4c52744c8,AAVE,-0.0087526828841009
0xf097ed117dd3930f1eeb91569a6a61b4c52744c8,ADA,-0.0183678943593286
0xf097ed117dd3930f1eeb91569a6a61b4c52744c8,ALGO,-0.0095850767871475
0xf097ed117dd3930f1eeb91569a6a61b4c52744c8,ATOM,-0.0084747675298701
0xf097ed117dd3930f1eeb91569a6a61b4c52744c8,AVAX,-0.004492958888249
0xf097ed117dd3930f1eeb91569a6a61b4c52744c8,BCH,-0.0156375647172047
0xf097ed117dd3930f1eeb91569a6a61b4c52744c8,BTC,-0.0137804566577912
0xf097ed117dd3930f1eeb91569a6a61b4c52744c8,CELO,-0.0088376933103671
0xf097ed117dd3930f1eeb91569a6a61b4c52744c8,COMP,-0.0085932978473984
0xf097ed117dd3930f1eeb91569a6a61b4c52744c8,CRV,-0.0050148059510069
0xf097ed117dd3930f1eeb91569a6a61b4c52744c8,DOGE,-0.007767095125049
0xf097ed117dd3930f1eeb91569a6a61b4c52744c8,DOT,-0.0122506742721057
0xf097ed117dd3930f1eeb91569a6a61b4c52744c8,ENJ,-0.0054286164764592
0xf097ed117dd3930f1eeb91569a6a61b4c52744c8,EOS,-0.0062673390786115
0xf097ed117dd3930f1eeb91569a6a61b4c52744c8,ETC,-0.0175936236018929
0xf097ed117dd3930f1eeb91569a6a61b4c52744c8,ETH,-0.0096789423941977
0xf097ed117dd3930f1eeb91569a6a61b4c52744c8,FIL,-0.0096742426232591
0xf097ed117dd3930f1eeb91569a6a61b4c52744c8,ICP,-0.0171166475229878
0xf097ed117dd3930f1eeb91569a6a61b4c52744c8,LINK,-0.0071995778744253
0xf097ed117dd3930f1eeb91569a6a61b4c52744c8,LTC,-0.0115715922178616
0xf097ed117dd3930f1eeb91569a6a61b4c52744c8,MATIC,-0.0122506742721057
0xf097ed117dd3930f1eeb91569a6a61b4c52744c8,MKR,-0.0047185767266446
0xf097ed117dd3930f1eeb91569a6a61b4c52744c8,NEAR,-0.0213959950643797
0xf097ed117dd3930f1eeb91569a6a61b4c52744c8,RUNE,-0.0062623760807815
0xf097ed117dd3930f1eeb91569a6a61b4c52744c8,SNX,-0.0078180090328591
0xf097ed117dd3930f1eeb91569a6a61b4c52744c8,SOL,-0.0104818711443013
0xf097ed117dd3930f1eeb91569a6a61b4c52744c8,SUSHI,-0.0088376933103671
0xf097ed117dd3930f1eeb91569a6a61b4c52744c8,TRX,-0.0066084452629697
0xf097ed117dd3930f1eeb91569a6a61b4c52744c8,UMA,-0.0189573775242464
0xf097ed117dd3930f1eeb91569a6a61b4c52744c8,UNI,-0.0046293165787326
0xf097ed117dd3930f1eeb91569a6a61b4c52744c8,XLM,-0.0060395570222117
0xf097ed117dd3930f1eeb91569a6a61b4c52744c8,XMR,-0.007759628708968
0xf097ed117dd3930f1eeb91569a6a61b4c52744c8,XTZ,-0.0076870624156971
0xf097ed117dd3930f1eeb91569a6a61b4c52744c8,YFI,-0.0088376933103671
0xf097ed117dd3930f1eeb91569a6a61b4c52744c8,ZEC,-0.0055353629563472
0xf097ed117dd3930f1eeb91569a6a61b4c52744c8,ZRX,-0.0096742426232591
0xf5061bd41966374d89ddeada574602b3784e3d98,1INCH,-0.2191029657413016
0xf5061bd41966374d89ddeada574602b3784e3d98,AAVE,-0.0575796606449641
0xf5061bd41966374d89ddeada574602b3784e3d98,ADA,-0.0084246220080008
0xf5061bd41966374d89ddeada574602b3784e3d98,ALGO,-0.1077192484752443
0xf5061bd41966374d89ddeada574602b3784e3d98,ATOM,0.0262782107967124
0xf5061bd41966374d89ddeada574602b3784e3d98,AVAX,0.1965150989302013
0xf5061bd41966374d89ddeada574602b3784e3d98,BCH,0.2654886464331414
0xf5061bd41966374d89ddeada574602b3784e3d98,BTC,-0.0470430179335054
0xf5061bd41966374d89ddeada574602b3784e3d98,CELO,-0.095642497299002
0xf5061bd41966374d89ddeada574602b3784e3d98,COMP,0.0195858036476354
0xf5061bd41966374d89ddeada574602b3784e3d98,CRV,0.0605709363972862
0xf5061bd41966374d89ddeada574602b3784e3d98,DOGE,0.6009616745638129
0xf5061bd41966374d89ddeada574602b3784e3d98,DOT,0.0163846641676752
0xf5061bd41966374d89ddeada574602b3784e3d98,ENJ,0.087256192740692
0xf5061bd41966374d89ddeada574602b3784e3d98,EOS,-0.1402161484982219
0xf5061bd41966374d89ddeada574602b3784e3d98,ETC,0.4340141888963794
0xf5061bd41966374d89ddeada574602b3784e3d98,ETH,0.0022789462967392
0xf5061bd41966374d89ddeada574602b3784e3d98,FIL,0.1049013103305546
0xf5061bd41966374d89ddeada574602b3784e3d98,ICP,0.1090813552867512
0xf5061bd41966374d89ddeada574602b3784e3d98,LINK,0.0126128027082298
0xf5061bd41966374d89ddeada574602b3784e3d98,LTC,-0.1234242028657501
0xf5061bd41966374d89ddeada574602b3784e3d98,MATIC,-0.0400952063271774
0xf5061bd41966374d89ddeada574602b3784e3d98,MKR,0.1937947960818807
0xf5061bd41966374d89ddeada574602b3784e3d98,NEAR,-0.1302978465921587
0xf5061bd41966374d89ddeada574602b3784e3d98,RUNE,0.0083617469545947
0xf5061bd41966374d89ddeada574602b3784e3d98,SNX,-0.0951510606872471
0xf5061bd41966374d89ddeada574602b3784e3d98,SOL,-0.0808411987580863
0xf5061bd41966374d89ddeada574602b3784e3d98,SUSHI,-0.1216421954587978
0xf5061bd41966374d89ddeada574602b3784e3d98,TRX,-0.0129885254935213
0xf5061bd41966374d89ddeada574602b3784e3d98,UMA,0.0902499545871594
0xf5061bd41966374d89ddeada574602b3784e3d98,UNI,-0.1119340248477664
0xf5061bd41966374d89ddeada574602b3784e3d98,XLM,0.0251352841083566
0xf5061bd41966374d89ddeada574602b3784e3d98,XMR,-0.0291912894195833
0xf5061bd41966374d89ddeada574602b3784e3d98,XTZ,-0.1262486492629581
0xf5061bd41966374d89ddeada574602b3784e3d98,YFI,-0.1318151642809759
0xf5061bd41966374d89ddeada574602b3784e3d98,ZEC,-0.1109809632378392
0xf5061bd41966374d89ddeada574602b3784e3d98,ZRX,-0.062951468320399
0xf8d50e3283fb6bf41260f7f294a48587d2a9b1fa,1INCH,0.012278409380076
0xf8d50e3283fb6bf41260f7f294a48587d2a9b1fa,AAVE,0.0021391613333152
0xf8d50e3283fb6bf41260f7f294a48587d2a9b1fa,ADA,-0.0024757513455856
0xf8d50e3283fb6bf41260f7f294a48587d2a9b1fa,ALGO,-0.0043250691076993
0xf8d50e3283fb6bf41260f7f294a48587d2a9b1fa,ATOM,0.0323449236303004
0xf8d50e3283fb6bf41260f7f294a48587d2a9b1fa,AVAX,0.0005815252691262
0xf8d50e3283fb6bf41260f7f294a48587d2a9b1fa,BCH,0.0202062071528188
0xf8d50e3283fb6bf41260f7f294a48587d2a9b1fa,BTC,0.0008943650985786
0xf8d50e3283fb6bf41260f7f294a48587d2a9b1fa,CELO,-0.0024201535023091
0xf8d50e3283fb6bf41260f7f294a48587d2a9b1fa,COMP,0.0265930579796999
0xf8d50e3283fb6bf41260f7f294a48587d2a9b1fa,CRV,0.0178201208734368
0xf8d50e3283fb6bf41260f7f294a48587d2a9b1fa,DOGE,0.0216310812830492
0xf8d50e3283fb6bf41260f7f294a48587d2a9b1fa,DOT,-0.022218507559659
0xf8d50e3283fb6bf41260f7f294a48587d2a9b1fa,ENJ,0.0160358139928322
0xf8d50e3283fb6bf41260f7f294a48587d2a9b1fa,EOS,-0.0060669232634746
0xf8d50e3283fb6bf41260f7f294a48587d2a9b1fa,ETC,0.0273455927876928
0xf8d50e3283fb6bf41260f7f294a48587d2a9b1fa,ETH,0.0179798317138268
0xf8d50e3283fb6bf41260f7f294a48587d2a9b1fa,FIL,0.0167556908518951
0xf8d50e3283fb6bf41260f7f294a48587d2a9b1fa,ICP,0.0028658579634214
0xf8d50e3283fb6bf41260f7f294a48587d2a9b1fa,LINK,0.0124488106838601
0xf8d50e3283fb6bf41260f7f294a48587d2a9b1fa,LTC,-0.0090580730193406
0xf8d50e3283fb6bf41260f7f294a48587d2a9b1fa,MATIC,-0.0003446437531851
0xf8d50e3283fb6bf41260f7f294a48587d2a9b1fa,MKR,0.0227089585481672
0xf8d50e3283fb6bf41260f7f294a48587d2a9b1fa,NEAR,-0.0277410299676234
0xf8d50e3283fb6bf41260f7f294a48587d2a9b1fa,RUNE,0.0124037063245657
0xf8d50e3283fb6bf41260f7f294a48587d2a9b1fa,SNX,0.0077427544332049
0xf8d50e3283fb6bf41260f7f294a48587d2a9b1fa,SOL,-0.0072601941419872
0xf8d50e3283fb6bf41260f7f294a48587d2a9b1fa,SUSHI,0.002591233433215
0xf8d50e3283fb6bf41260f7f294a48587d2a9b1fa,TRX,0.0222710609986473
0xf8d50e3283fb6bf41260f7f294a48587d2a9b1fa,UMA,-0.0076349184109461
0xf8d50e3283fb6bf41260f7f294a48587d2a9b1fa,UNI,0.009106557455565
0xf8d50e3283fb6bf41260f7f294a48587d2a9b1fa,XLM,0.0034743136546689
0xf8d50e3283fb6bf41260f7f294a48587d2a9b1fa,XMR,-0.01130499579419
0xf8d50e3283fb6bf41260f7f294a48587d2a9b1fa,XTZ,0.0043220119181962
0xf8d50e3283fb6bf41260f7f294a48587d2a9b1fa,YFI,0.0183941256609073
0xf8d50e3283fb6bf41260f7f294a48587d2a9b1fa,ZEC,0.0236844112379803
0xf8d50e3283fb6bf41260f7f294a48587d2a9b1fa,ZRX,0.0391665484352652
0xfb2744ba3942d3bbf6717448e82299b731ca7ae7,1INCH,0.0130564477171934
0xfb2744ba3942d3bbf6717448e82299b731ca7ae7,AAVE,0.0013867640405658
0xfb2744ba3942d3bbf6717448e82299b731ca7ae7,ADA,-0.0004385247721195
0xfb2744ba3942d3bbf6717448e82299b731ca7ae7,ALGO,-0.0059233353467537
0xfb2744ba3942d3bbf6717448e82299b731ca7ae7,ATOM,0.0164728483195961
0xfb2744ba3942d3bbf6717448e82299b731ca7ae7,AVAX,0.0014871435791796
0xfb2744ba3942d3bbf6717448e82299b731ca7ae7,BCH,0.0096211632884735
0xfb2744ba3942d3bbf6717448e82299b731ca7ae7,BTC,-0.007214685333739
0xfb2744ba3942d3bbf6717448e82299b731ca7ae7,CELO,-0.0063075884882513
0xfb2744ba3942d3bbf6717448e82299b731ca7ae7,COMP,0.0148683316973435
0xfb2744ba3942d3bbf6717448e82299b731ca7ae7,CRV,-0.0019134586609448
0xfb2744ba3942d3bbf6717448e82299b731ca7ae7,DOGE,-0.0100014247055995
0xfb2744ba3942d3bbf6717448e82299b731ca7ae7,DOT,0.0085092366802798
0xfb2744ba3942d3bbf6717448e82299b731ca7ae7,ENJ,0.0055860172686296
0xfb2744ba3942d3bbf6717448e82299b731ca7ae7,EOS,0.0020714701435516
0xfb2744ba3942d3bbf6717448e82299b731ca7ae7,ETC,-0.010730190535933
0xfb2744ba3942d3bbf6717448e82299b731ca7ae7,ETH,-0.0098811309121687
0xfb2744ba3942d3bbf6717448e82299b731ca7ae7,FIL,0.0027645855474545
0xfb2744ba3942d3bbf6717448e82299b731ca7ae7,ICP,-0.0067283816382971
0xfb2744ba3942d3bbf6717448e82299b731ca7ae7,LINK,0.0267235540243702
0xfb2744ba3942d3bbf6717448e82299b731ca7ae7,LTC,-0.0084818656843223
0xfb2744ba3942d3bbf6717448e82299b731ca7ae7,MATIC,0.0027850691398025
0xfb2744ba3942d3bbf6717448e82299b731ca7ae7,MKR,-0.0124588329460119
0xfb2744ba3942d3bbf6717448e82299b731ca7ae7,NEAR,-0.0430908829913454
0xfb2744ba3942d3bbf6717448e82299b731ca7ae7,RUNE,-0.0146771460956647
0xfb2744ba3942d3bbf6717448e82299b731ca7ae7,SNX,-0.011135155918526
0xfb2744ba3942d3bbf6717448e82299b731ca7ae7,SOL,0.030216767838461
0xfb2744ba3942d3bbf6717448e82299b731ca7ae7,SUSHI,-0.0047634492250734
0xfb2744ba3942d3bbf6717448e82299b731ca7ae7,TRX,0.0206530587641269
0xfb2744ba3942d3bbf6717448e82299b731ca7ae7,UMA,-0.0002329986027351
0xfb2744ba3942d3bbf6717448e82299b731ca7ae7,UNI,0.0217830537809661
0xfb2744ba3942d3bbf6717448e82299b731ca7ae7,XLM,0.0095195012752657
0xfb2744ba3942d3bbf6717448e82299b731ca7ae7,XMR,0.0087053840397284
0xfb2744ba3942d3bbf6717448e82299b731ca7ae7,XTZ,0.0099401878520084
0xfb2744ba3942d3bbf6717448e82299b731ca7ae7,YFI,-0.0139859508731481
0xfb2744ba3942d3bbf6717448e82299b731ca7ae7,ZEC,-0.0011824108294561
0xfb2744ba3942d3bbf6717448e82299b731ca7ae7,ZRX,-0.0040409430703685
0xfb8bc3433016a64a3b8aa23c0275afe7c20feb53,1INCH,-0.018436467
0xfb8bc3433016a64a3b8aa23c0275afe7c20feb53,AAVE,-0.010523378
0xfb8bc3433016a64a3b8aa23c0275afe7c20feb53,ADA,-0.0058481237
0xfb8bc3433016a64a3b8aa23c0275afe7c20feb53,ALGO,0.0011794177
0xfb8bc3433016a64a3b8aa23c0275afe7c20feb53,ATOM,0.023094933
0xfb8bc3433016a64a3b8aa23c0275afe7c20feb53,AVAX,0.003160247
0xfb8bc3433016a64a3b8aa23c0275afe7c20feb53,BCH,0.002876569
0xfb8bc3433016a64a3b8aa23c0275afe7c20feb53,BTC,0.003576667
0xfb8bc3433016a64a3b8aa23c0275afe7c20feb53,CELO,-0.039462913
0xfb8bc3433016a64a3b8aa23c0275afe7c20feb53,COMP,-0.0011299946
0xfb8bc3433016a64a3b8aa23c0275afe7c20feb53,CRV,0.002023858
0xfb8bc3433016a64a3b8aa23c0275afe7c20feb53,DOGE,0.0031665624
0xfb8bc3433016a64a3b8aa23c0275afe7c20feb53,DOT,0.006179048
0xfb8bc3433016a64a3b8aa23c0275afe7c20feb53,ENJ,0.008331694
0xfb8bc3433016a64a3b8aa23c0275afe7c20feb53,EOS,-0.005557347
0xfb8bc3433016a64a3b8aa23c0275afe7c20feb53,ETC,-0.024589004
0xfb8bc3433016a64a3b8aa23c0275afe7c20feb53,ETH,-0.0060250633
0xfb8bc3433016a64a3b8aa23c0275afe7c20feb53,FIL,-0.007685401
0xfb8bc3433016a64a3b8aa23c0275afe7c20feb53,ICP,-0.006833381
0xfb8bc3433016a64a3b8aa23c0275afe7c20feb53,LINK,0.016047984
0xfb8bc3433016a64a3b8aa23c0275afe7c20feb53,LTC,-0.02266055
0xfb8bc3433016a64a3b8aa23c0275afe7c20feb53,MATIC,0.009677201
0xfb8bc3433016a64a3b8aa23c0275afe7c20feb53,MKR,-0.0126967225
0xfb8bc3433016a64a3b8aa23c0275afe7c20feb53,NEAR,-0.11413605
0xfb8bc3433016a64a3b8aa23c0275afe7c20feb53,RUNE,0.0029411
0xfb8bc3433016a64a3b8aa23c0275afe7c20feb53,SNX,-0.02600608
0xfb8bc3433016a64a3b8aa23c0275afe7c20feb53,SOL,0.012297142
0xfb8bc3433016a64a3b8aa23c0275afe7c20feb53,SUSHI,-0.03773416
0xfb8bc3433016a64a3b8aa23c0275afe7c20feb53,TRX,0.011107249
0xfb8bc3433016a64a3b8aa23c0275afe7c20feb53,UMA,-0.004170227
0xfb8bc3433016a64a3b8aa23c0275afe7c20feb53,UNI,0.0020762584
0xfb8bc3433016a64a3b8aa23c0275afe7c20feb53,XLM,0.0019174947
0xfb8bc3433016a64a3b8aa23c0275afe7c20feb53,XMR,-0.009785891
0xfb8bc3433016a64a3b8aa23c0275afe7c20feb53,XTZ,-0.0001566723
0xfb8bc3433016a64a3b8aa23c0275afe7c20feb53,YFI,-0.012972365
0xfb8bc3433016a64a3b8aa23c0275afe7c20feb53,ZEC,0.016640997
0xfb8bc3433016a64a3b8aa23c0275afe7c20feb53,ZRX,-0.010929617
0xfe3c3f351e6df846566e10119e4295ed69b2cd72,1INCH,-0.0038360011904374
0xfe3c3f351e6df846566e10119e4295ed69b2cd72,AAVE,-0.0047029975350273
0xfe3c3f351e6df846566e10119e4295ed69b2cd72,ADA,-0.0081577082881483
0xfe3c3f351e6df846566e10119e4295ed69b2cd72,ALGO,-0.0048777261277634
0xfe3c3f351e6df846566e10119e4295ed69b2cd72,ATOM,-0.0050507075087874
0xfe3c3f351e6df846566e10119e4295ed69b2cd72,AVAX,-0.0096019210913058
0xfe3c3f351e6df846566e10119e4295ed69b2cd72,BCH,-0.0056065269798865
0xfe3c3f351e6df846566e10119e4295ed69b2cd72,BTC,-0.0035826014784047
0xfe3c3f351e6df846566e10119e4295ed69b2cd72,CELO,-0.0088759307155853
0xfe3c3f351e6df846566e10119e4295ed69b2cd72,COMP,-0.0060448255064019
0xfe3c3f351e6df846566e10119e4295ed69b2cd72,CRV,-0.0021032388185687
0xfe3c3f351e6df846566e10119e4295ed69b2cd72,DOGE,-0.0054000436141253
0xfe3c3f351e6df846566e10119e4295ed69b2cd72,DOT,-0.0076207406160246
0xfe3c3f351e6df846566e10119e4295ed69b2cd72,ENJ,-0.0040964379239403
0xfe3c3f351e6df846566e10119e4295ed69b2cd72,EOS,-0.0042406623663294
0xfe3c3f351e6df846566e10119e4295ed69b2cd72,ETC,-0.0073563009098492
0xfe3c3f351e6df846566e10119e4295ed69b2cd72,ETH,-0.0044973269947804
0xfe3c3f351e6df846566e10119e4295ed69b2cd72,FIL,-0.0043142950899975
0xfe3c3f351e6df846566e10119e4295ed69b2cd72,ICP,-0.0165913337860209
0xfe3c3f351e6df846566e10119e4295ed69b2cd72,LINK,-0.001778140961426
0xfe3c3f351e6df846566e10119e4295ed69b2cd72,LTC,-0.0083491984217455
0xfe3c3f351e6df846566e10119e4295ed69b2cd72,MATIC,-0.005034791755654
0xfe3c3f351e6df846566e10119e4295ed69b2cd72,MKR,-0.0050212464043155
0xfe3c3f351e6df846566e10119e4295ed69b2cd72,NEAR,-0.026739363276663
0xfe3c3f351e6df846566e10119e4295ed69b2cd72,RUNE,-0.0038120186322399
0xfe3c3f351e6df846566e10119e4295ed69b2cd72,SNX,-0.0102778281845737
0xfe3c3f351e6df846566e10119e4295ed69b2cd72,SOL,-0.0130599642825108
0xfe3c3f351e6df846566e10119e4295ed69b2cd72,SUSHI,-0.0069833643253789
0xfe3c3f351e6df846566e10119e4295ed69b2cd72,TRX,-0.0032080055927299
0xfe3c3f351e6df846566e10119e4295ed69b2cd72,UMA,-0.0144472070918541
0xfe3c3f351e6df846566e10119e4295ed69b2cd72,UNI,-0.0013115672025326
0xfe3c3f351e6df846566e10119e4295ed69b2cd72,XLM,-0.003178299786327
0xfe3c3f351e6df846566e10119e4295ed69b2cd72,XMR,-0.0061484538284459
0xfe3c3f351e6df846566e10119e4295ed69b2cd72,XTZ,-0.0044071078877499
0xfe3c3f351e6df846566e10119e4295ed69b2cd72,YFI,-0.0102778281845737
0xfe3c3f351e6df846566e10119e4295ed69b2cd72,ZEC,-0.0051815093303096
0xfe3c3f351e6df846566e10119e4295ed69b2cd72,ZRX,-0.0037189293029874
