address,symbol,prediction
0x04e1dd13ef029f573cf717f094a6b601b9e03550,AAVE,-0.0095072985
0x04e1dd13ef029f573cf717f094a6b601b9e03550,ADA,-0.0038342476
0x04e1dd13ef029f573cf717f094a6b601b9e03550,ALGO,-0.008572519
0x04e1dd13ef029f573cf717f094a6b601b9e03550,APE,-0.023423374
0x04e1dd13ef029f573cf717f094a6b601b9e03550,APT,0.0005853176
0x04e1dd13ef029f573cf717f094a6b601b9e03550,ATOM,-0.013022721
0x04e1dd13ef029f573cf717f094a6b601b9e03550,AVAX,-0.013411939
0x04e1dd13ef029f573cf717f094a6b601b9e03550,AXS,-0.011187375
0x04e1dd13ef029f573cf717f094a6b601b9e03550,BAL,0.0000013113022
0x04e1dd13ef029f573cf717f094a6b601b9e03550,BCH,-0.0028386712
0x04e1dd13ef029f573cf717f094a6b601b9e03550,BLUR,-0.025402248
0x04e1dd13ef029f573cf717f094a6b601b9e03550,BNB,-0.0045288205
0x04e1dd13ef029f573cf717f094a6b601b9e03550,BONK,-0.0133013725
0x04e1dd13ef029f573cf717f094a6b601b9e03550,BTC,-0.0050389767
0x04e1dd13ef029f573cf717f094a6b601b9e03550,C98,-0.002811432
0x04e1dd13ef029f573cf717f094a6b601b9e03550,CAKE,-0.018269539
0x04e1dd13ef029f573cf717f094a6b601b9e03550,COMP,0.0
0x04e1dd13ef029f573cf717f094a6b601b9e03550,CRV,-0.010653377
0x04e1dd13ef029f573cf717f094a6b601b9e03550,CVX,-0.001255095
0x04e1dd13ef029f573cf717f094a6b601b9e03550,DAI,-0.010894895
0x04e1dd13ef029f573cf717f094a6b601b9e03550,DAO,-0.017556965
0x04e1dd13ef029f573cf717f094a6b601b9e03550,DOGE,-0.0016519427
0x04e1dd13ef029f573cf717f094a6b601b9e03550,DOT,-0.0048261285
0x04e1dd13ef029f573cf717f094a6b601b9e03550,DYDX,-0.022649229
0x04e1dd13ef029f573cf717f094a6b601b9e03550,EOS,-0.00049203634
0x04e1dd13ef029f573cf717f094a6b601b9e03550,ETC,-0.003044784
0x04e1dd13ef029f573cf717f094a6b601b9e03550,ETH,-0.0043717027
0x04e1dd13ef029f573cf717f094a6b601b9e03550,FET,-0.005700767
0x04e1dd13ef029f573cf717f094a6b601b9e03550,FIL,-0.0123336315
0x04e1dd13ef029f573cf717f094a6b601b9e03550,FRAX,0.0010557175
0x04e1dd13ef029f573cf717f094a6b601b9e03550,FTM,-0.009761393
0x04e1dd13ef029f573cf717f094a6b601b9e03550,FXS,0.00065791607
0x04e1dd13ef029f573cf717f094a6b601b9e03550,GRT,0.0004223585
0x04e1dd13ef029f573cf717f094a6b601b9e03550,HAI,-0.021522343
0x04e1dd13ef029f573cf717f094a6b601b9e03550,HERO,-0.009733498
0x04e1dd13ef029f573cf717f094a6b601b9e03550,ICP,-0.019985676
0x04e1dd13ef029f573cf717f094a6b601b9e03550,IMX,-0.013989866
0x04e1dd13ef029f573cf717f094a6b601b9e03550,INJ,0.00062406063
0x04e1dd13ef029f573cf717f094a6b601b9e03550,LDO,-0.017964423
0x04e1dd13ef029f573cf717f094a6b601b9e03550,LINK,-0.008649588
0x04e1dd13ef029f573cf717f094a6b601b9e03550,LTC,-0.0034225583
0x04e1dd13ef029f573cf717f094a6b601b9e03550,MATIC,-0.015789628
0x04e1dd13ef029f573cf717f094a6b601b9e03550,MAV,-0.0051087737
0x04e1dd13ef029f573cf717f094a6b601b9e03550,MBOX,-0.0027316213
0x04e1dd13ef029f573cf717f094a6b601b9e03550,MKR,-0.006367862
0x04e1dd13ef029f573cf717f094a6b601b9e03550,MOON,-0.013427615
0x04e1dd13ef029f573cf717f094a6b601b9e03550,NEAR,0.0008561611
0x04e1dd13ef029f573cf717f094a6b601b9e03550,OP,-0.0024047494
0x04e1dd13ef029f573cf717f094a6b601b9e03550,PENDLE,-0.0046741366
0x04e1dd13ef029f573cf717f094a6b601b9e03550,PEPE,-0.000510931
0x04e1dd13ef029f573cf717f094a6b601b9e03550,PERP,-0.0072528124
0x04e1dd13ef029f573cf717f094a6b601b9e03550,PIT,-0.0114097
0x04e1dd13ef029f573cf717f094a6b601b9e03550,POLS,-0.0088095665
0x04e1dd13ef029f573cf717f094a6b601b9e03550,PYTH,-0.013779819
0x04e1dd13ef029f573cf717f094a6b601b9e03550,QUACK,-0.022304296
0x04e1dd13ef029f573cf717f094a6b601b9e03550,RDNT,0.0040459633
0x04e1dd13ef029f573cf717f094a6b601b9e03550,RNDR,-0.00528723
0x04e1dd13ef029f573cf717f094a6b601b9e03550,RPL,-0.0012520552
0x04e1dd13ef029f573cf717f094a6b601b9e03550,RUNE,-0.021216989
0x04e1dd13ef029f573cf717f094a6b601b9e03550,SFP,0.0033435822
0x04e1dd13ef029f573cf717f094a6b601b9e03550,SFUND,-0.005360484
0x04e1dd13ef029f573cf717f094a6b601b9e03550,SHIB,-0.0032069683
0x04e1dd13ef029f573cf717f094a6b601b9e03550,SOL,-0.0028984547
0x04e1dd13ef029f573cf717f094a6b601b9e03550,STG,-0.008161426
0x04e1dd13ef029f573cf717f094a6b601b9e03550,SUI,-0.0012001395
0x04e1dd13ef029f573cf717f094a6b601b9e03550,SUSHI,0.009781361
0x04e1dd13ef029f573cf717f094a6b601b9e03550,TIA,0.0000039339066
0x04e1dd13ef029f573cf717f094a6b601b9e03550,TOKEN,-0.004167497
0x04e1dd13ef029f573cf717f094a6b601b9e03550,TRX,-0.0062780976
0x04e1dd13ef029f573cf717f094a6b601b9e03550,UNI,0.00007724762
0x04e1dd13ef029f573cf717f094a6b601b9e03550,USDT,-0.0019709468
0x04e1dd13ef029f573cf717f094a6b601b9e03550,XLM,0.001459837
0x04e1dd13ef029f573cf717f094a6b601b9e03550,XMR,-0.0031944513
0x04e1dd13ef029f573cf717f094a6b601b9e03550,XRP,-0.010859072
0x04e1dd13ef029f573cf717f094a6b601b9e03550,XTZ,-0.009652495
0x04e1dd13ef029f573cf717f094a6b601b9e03550,XVS,-0.00930202
0x04e1dd13ef029f573cf717f094a6b601b9e03550,YFI,-0.000289917
0x05934b9313c703fb75363d27704cc6566f645a91,AAVE,0.0114471594243316
0x05934b9313c703fb75363d27704cc6566f645a91,ADA,-0.0060710934623942
0x05934b9313c703fb75363d27704cc6566f645a91,ALGO,0.0400457542823675
0x05934b9313c703fb75363d27704cc6566f645a91,APE,0.0023127144388168
0x05934b9313c703fb75363d27704cc6566f645a91,APT,-0.02840413135185
0x05934b9313c703fb75363d27704cc6566f645a91,ATOM,-0.0286791622374542
0x05934b9313c703fb75363d27704cc6566f645a91,AVAX,0.0036457712178814
0x05934b9313c703fb75363d27704cc6566f645a91,AXS,-0.0195293190041213
0x05934b9313c703fb75363d27704cc6566f645a91,BAL,0.0003315652062805
0x05934b9313c703fb75363d27704cc6566f645a91,BCH,-0.0202127703057484
0x05934b9313c703fb75363d27704cc6566f645a91,BLUR,-0.028039141479421
0x05934b9313c703fb75363d27704cc6566f645a91,BNB,0.0014917703664344
0x05934b9313c703fb75363d27704cc6566f645a91,BONK,0.0159841629277831
0x05934b9313c703fb75363d27704cc6566f645a91,BTC,0.0296161689672211
0x05934b9313c703fb75363d27704cc6566f645a91,C98,0.0127731278014105
0x05934b9313c703fb75363d27704cc6566f645a91,CAKE,-0.0136286032484886
0x05934b9313c703fb75363d27704cc6566f645a91,COMP,-0.0144282111357003
0x05934b9313c703fb75363d27704cc6566f645a91,CRV,-0.0291604748435497
0x05934b9313c703fb75363d27704cc6566f645a91,CVX,-0.0160173638566935
0x05934b9313c703fb75363d27704cc6566f645a91,DAI,-0.0047051894714212
0x05934b9313c703fb75363d27704cc6566f645a91,DAO,-0.019103779511716
0x05934b9313c703fb75363d27704cc6566f645a91,DOGE,-0.0046151344485612
0x05934b9313c703fb75363d27704cc6566f645a91,DOT,0.0069762984298807
0x05934b9313c703fb75363d27704cc6566f645a91,DYDX,-0.021614299490518
0x05934b9313c703fb75363d27704cc6566f645a91,EOS,-0.012225718088641
0x05934b9313c703fb75363d27704cc6566f645a91,ETC,0.0064205365347084
0x05934b9313c703fb75363d27704cc6566f645a91,ETH,0.01856056585491
0x05934b9313c703fb75363d27704cc6566f645a91,FET,-0.0100385240109777
0x05934b9313c703fb75363d27704cc6566f645a91,FIL,-0.0059319446706951
0x05934b9313c703fb75363d27704cc6566f645a91,FRAX,0.0139080493367468
0x05934b9313c703fb75363d27704cc6566f645a91,FTM,-0.010598546959461
0x05934b9313c703fb75363d27704cc6566f645a91,FXS,0.0169907660971819
0x05934b9313c703fb75363d27704cc6566f645a91,GRT,-0.0244372021171856
0x05934b9313c703fb75363d27704cc6566f645a91,HAI,-0.0096227099660073
0x05934b9313c703fb75363d27704cc6566f645a91,HERO,0.019036903610918
0x05934b9313c703fb75363d27704cc6566f645a91,ICP,-0.0085489821383005
0x05934b9313c703fb75363d27704cc6566f645a91,IMX,-0.0034380357317078
0x05934b9313c703fb75363d27704cc6566f645a91,INJ,0.002616694231634
0x05934b9313c703fb75363d27704cc6566f645a91,LDO,0.0312632489757823
0x05934b9313c703fb75363d27704cc6566f645a91,LINK,-0.0135508639596557
0x05934b9313c703fb75363d27704cc6566f645a91,LTC,0.0086787352146707
0x05934b9313c703fb75363d27704cc6566f645a91,MATIC,-0.0161114245481538
0x05934b9313c703fb75363d27704cc6566f645a91,MAV,-0.006430599536432
0x05934b9313c703fb75363d27704cc6566f645a91,MBOX,0.0148400455146332
0x05934b9313c703fb75363d27704cc6566f645a91,MKR,-0.0095533467514002
0x05934b9313c703fb75363d27704cc6566f645a91,MOON,0.0044039758258877
0x05934b9313c703fb75363d27704cc6566f645a91,NEAR,-0.0034686682624162
0x05934b9313c703fb75363d27704cc6566f645a91,OP,0.0188594052568747
0x05934b9313c703fb75363d27704cc6566f645a91,PENDLE,0.0105306445683493
0x05934b9313c703fb75363d27704cc6566f645a91,PEPE,0.0053592468924532
0x05934b9313c703fb75363d27704cc6566f645a91,PERP,-0.0029703734687783
0x05934b9313c703fb75363d27704cc6566f645a91,PIT,-0.0077081871938892
0x05934b9313c703fb75363d27704cc6566f645a91,POLS,0.0053999441712032
0x05934b9313c703fb75363d27704cc6566f645a91,PYTH,-0.0015136793012588
0x05934b9313c703fb75363d27704cc6566f645a91,QUACK,0.029974174785642
0x05934b9313c703fb75363d27704cc6566f645a91,RDNT,-0.0024654933145431
0x05934b9313c703fb75363d27704cc6566f645a91,RNDR,-0.0204170993970618
0x05934b9313c703fb75363d27704cc6566f645a91,RPL,-0.0044065094452476
0x05934b9313c703fb75363d27704cc6566f645a91,RUNE,-0.0346191220170575
0x05934b9313c703fb75363d27704cc6566f645a91,SFP,0.0012041670454239
0x05934b9313c703fb75363d27704cc6566f645a91,SFUND,0.0256268404788592
0x05934b9313c703fb75363d27704cc6566f645a91,SHIB,0.0185154773573399
0x05934b9313c703fb75363d27704cc6566f645a91,SOL,0.0262483338273035
0x05934b9313c703fb75363d27704cc6566f645a91,STG,0.0251552215233167
0x05934b9313c703fb75363d27704cc6566f645a91,SUI,-0.0039424174139015
0x05934b9313c703fb75363d27704cc6566f645a91,SUSHI,-0.0274952434844889
0x05934b9313c703fb75363d27704cc6566f645a91,TIA,-0.020269432092061
0x05934b9313c703fb75363d27704cc6566f645a91,TOKEN,-0.0090572546327557
0x05934b9313c703fb75363d27704cc6566f645a91,TRX,0.0065255300323171
0x05934b9313c703fb75363d27704cc6566f645a91,UNI,-0.0154650536111566
0x05934b9313c703fb75363d27704cc6566f645a91,USDT,0.0005172530511005
0x05934b9313c703fb75363d27704cc6566f645a91,XLM,-0.0184887948941881
0x05934b9313c703fb75363d27704cc6566f645a91,XMR,-0.0200862759041158
0x05934b9313c703fb75363d27704cc6566f645a91,XRP,0.0162644494584814
0x05934b9313c703fb75363d27704cc6566f645a91,XTZ,0.0180234767892779
0x05934b9313c703fb75363d27704cc6566f645a91,XVS,-0.0011446530140397
0x05934b9313c703fb75363d27704cc6566f645a91,YFI,-0.0068161869034984
0x063af2c2952d7799ce1eac2f1a85c7b4aa4fe553,AAVE,-0.02267423
0x063af2c2952d7799ce1eac2f1a85c7b4aa4fe553,ADA,-0.029625189
0x063af2c2952d7799ce1eac2f1a85c7b4aa4fe553,ALGO,-0.013688516
0x063af2c2952d7799ce1eac2f1a85c7b4aa4fe553,APE,-0.0030238705
0x063af2c2952d7799ce1eac2f1a85c7b4aa4fe553,APT,0.0003093544
0x063af2c2952d7799ce1eac2f1a85c7b4aa4fe553,ATOM,-0.011890223
0x063af2c2952d7799ce1eac2f1a85c7b4aa4fe553,AVAX,0.004072556
0x063af2c2952d7799ce1eac2f1a85c7b4aa4fe553,AXS,-0.007461062
0x063af2c2952d7799ce1eac2f1a85c7b4aa4fe553,BAL,-0.03118236
0x063af2c2952d7799ce1eac2f1a85c7b4aa4fe553,BCH,0.018770972
0x063af2c2952d7799ce1eac2f1a85c7b4aa4fe553,BLUR,-0.021536507
0x063af2c2952d7799ce1eac2f1a85c7b4aa4fe553,BNB,0.0009548489
0x063af2c2952d7799ce1eac2f1a85c7b4aa4fe553,BONK,0.00021613599
0x063af2c2952d7799ce1eac2f1a85c7b4aa4fe553,BTC,0.021691164
0x063af2c2952d7799ce1eac2f1a85c7b4aa4fe553,C98,-0.025337335
0x063af2c2952d7799ce1eac2f1a85c7b4aa4fe553,CAKE,0.0017408277
0x063af2c2952d7799ce1eac2f1a85c7b4aa4fe553,COMP,-0.029779805
0x063af2c2952d7799ce1eac2f1a85c7b4aa4fe553,CRV,-0.0020827847
0x063af2c2952d7799ce1eac2f1a85c7b4aa4fe553,CVX,-0.010666883
0x063af2c2952d7799ce1eac2f1a85c7b4aa4fe553,DAI,-0.011582911
0x063af2c2952d7799ce1eac2f1a85c7b4aa4fe553,DAO,-0.016324708
0x063af2c2952d7799ce1eac2f1a85c7b4aa4fe553,DOGE,0.009084826
0x063af2c2952d7799ce1eac2f1a85c7b4aa4fe553,DOT,0.011406797
0x063af2c2952d7799ce1eac2f1a85c7b4aa4fe553,DYDX,-0.05145921
0x063af2c2952d7799ce1eac2f1a85c7b4aa4fe553,EOS,-0.017572558
0x063af2c2952d7799ce1eac2f1a85c7b4aa4fe553,ETC,-0.001839042
0x063af2c2952d7799ce1eac2f1a85c7b4aa4fe553,ETH,0.009451004
0x063af2c2952d7799ce1eac2f1a85c7b4aa4fe553,FET,-0.022168767
0x063af2c2952d7799ce1eac2f1a85c7b4aa4fe553,FIL,-0.023628697
0x063af2c2952d7799ce1eac2f1a85c7b4aa4fe553,FRAX,-0.00005847239
0x063af2c2952d7799ce1eac2f1a85c7b4aa4fe553,FTM,0.0037631495
0x063af2c2952d7799ce1eac2f1a85c7b4aa4fe553,FXS,0.0031809886
0x063af2c2952d7799ce1eac2f1a85c7b4aa4fe553,GRT,-0.0138412
0x063af2c2952d7799ce1eac2f1a85c7b4aa4fe553,HAI,-0.020894876
0x063af2c2952d7799ce1eac2f1a85c7b4aa4fe553,HERO,-0.009501761
0x063af2c2952d7799ce1eac2f1a85c7b4aa4fe553,ICP,-0.01319233
0x063af2c2952d7799ce1eac2f1a85c7b4aa4fe553,IMX,-0.0075266156
0x063af2c2952d7799ce1eac2f1a85c7b4aa4fe553,INJ,0.00013563491
0x063af2c2952d7799ce1eac2f1a85c7b4aa4fe553,LDO,-0.018385548
0x063af2c2952d7799ce1eac2f1a85c7b4aa4fe553,LINK,-0.012603911
0x063af2c2952d7799ce1eac2f1a85c7b4aa4fe553,LTC,-0.002596921
0x063af2c2952d7799ce1eac2f1a85c7b4aa4fe553,MATIC,-0.0432863
0x063af2c2952d7799ce1eac2f1a85c7b4aa4fe553,MAV,-0.019467702
0x063af2c2952d7799ce1eac2f1a85c7b4aa4fe553,MBOX,-0.003721502
0x063af2c2952d7799ce1eac2f1a85c7b4aa4fe553,MKR,-0.029594358
0x063af2c2952d7799ce1eac2f1a85c7b4aa4fe553,MOON,-0.02649121
0x063af2c2952d7799ce1eac2f1a85c7b4aa4fe553,NEAR,-0.0019794884
0x063af2c2952d7799ce1eac2f1a85c7b4aa4fe553,OP,-0.0017504019
0x063af2c2952d7799ce1eac2f1a85c7b4aa4fe553,PENDLE,-0.016228331
0x063af2c2952d7799ce1eac2f1a85c7b4aa4fe553,PEPE,0.0039008318
0x063af2c2952d7799ce1eac2f1a85c7b4aa4fe553,PERP,-0.020925252
0x063af2c2952d7799ce1eac2f1a85c7b4aa4fe553,PIT,-0.0061771306
0x063af2c2952d7799ce1eac2f1a85c7b4aa4fe553,POLS,-0.02291161
0x063af2c2952d7799ce1eac2f1a85c7b4aa4fe553,PYTH,-0.01760318
0x063af2c2952d7799ce1eac2f1a85c7b4aa4fe553,QUACK,0.0027472482
0x063af2c2952d7799ce1eac2f1a85c7b4aa4fe553,RDNT,0.0013706138
0x063af2c2952d7799ce1eac2f1a85c7b4aa4fe553,RNDR,-0.022969015
0x063af2c2952d7799ce1eac2f1a85c7b4aa4fe553,RPL,-0.005965553
0x063af2c2952d7799ce1eac2f1a85c7b4aa4fe553,RUNE,0.0012060981
0x063af2c2952d7799ce1eac2f1a85c7b4aa4fe553,SFP,-0.01658714
0x063af2c2952d7799ce1eac2f1a85c7b4aa4fe553,SFUND,-0.0052188793
0x063af2c2952d7799ce1eac2f1a85c7b4aa4fe553,SHIB,0.00962395
0x063af2c2952d7799ce1eac2f1a85c7b4aa4fe553,SOL,0.0066312584
0x063af2c2952d7799ce1eac2f1a85c7b4aa4fe553,STG,-0.01927608
0x063af2c2952d7799ce1eac2f1a85c7b4aa4fe553,SUI,-0.0049179113
0x063af2c2952d7799ce1eac2f1a85c7b4aa4fe553,SUSHI,-0.00808759
0x063af2c2952d7799ce1eac2f1a85c7b4aa4fe553,TIA,-0.0066039367
0x063af2c2952d7799ce1eac2f1a85c7b4aa4fe553,TOKEN,-0.0068951664
0x063af2c2952d7799ce1eac2f1a85c7b4aa4fe553,TRX,0.012243094
0x063af2c2952d7799ce1eac2f1a85c7b4aa4fe553,UNI,0.000080809616
0x063af2c2952d7799ce1eac2f1a85c7b4aa4fe553,USDT,0.014923558
0x063af2c2952d7799ce1eac2f1a85c7b4aa4fe553,XLM,-0.01823625
0x063af2c2952d7799ce1eac2f1a85c7b4aa4fe553,XMR,-0.015253596
0x063af2c2952d7799ce1eac2f1a85c7b4aa4fe553,XRP,0.0032368526
0x063af2c2952d7799ce1eac2f1a85c7b4aa4fe553,XTZ,0.009965229
0x063af2c2952d7799ce1eac2f1a85c7b4aa4fe553,XVS,-0.011230796
0x063af2c2952d7799ce1eac2f1a85c7b4aa4fe553,YFI,-0.006350148
0x0edc0ea676c5e608d628ecc659a13a213476de3e,AAVE,0.0074509678471539
0x0edc0ea676c5e608d628ecc659a13a213476de3e,ADA,0.0005270362175178
0x0edc0ea676c5e608d628ecc659a13a213476de3e,ALGO,0.0074969067331656
0x0edc0ea676c5e608d628ecc659a13a213476de3e,APE,0.0070834845756453
0x0edc0ea676c5e608d628ecc659a13a213476de3e,APT,-0.0155254366165283
0x0edc0ea676c5e608d628ecc659a13a213476de3e,ATOM,0.0053980217832887
0x0edc0ea676c5e608d628ecc659a13a213476de3e,AVAX,-0.0025160265136179
0x0edc0ea676c5e608d628ecc659a13a213476de3e,AXS,-0.0045407787726659
0x0edc0ea676c5e608d628ecc659a13a213476de3e,BAL,-0.0034699613183091
0x0edc0ea676c5e608d628ecc659a13a213476de3e,BCH,0.000308137341292
0x0edc0ea676c5e608d628ecc659a13a213476de3e,BLUR,0.0025787122034906
0x0edc0ea676c5e608d628ecc659a13a213476de3e,BNB,0.00761561148372
0x0edc0ea676c5e608d628ecc659a13a213476de3e,BONK,0.009655714470496
0x0edc0ea676c5e608d628ecc659a13a213476de3e,BTC,0.0092762936309294
0x0edc0ea676c5e608d628ecc659a13a213476de3e,C98,0.002859023014927
0x0edc0ea676c5e608d628ecc659a13a213476de3e,CAKE,0.0097647713575024
0x0edc0ea676c5e608d628ecc659a13a213476de3e,COMP,-0.0175320364943725
0x0edc0ea676c5e608d628ecc659a13a213476de3e,CRV,0.0080242970284689
0x0edc0ea676c5e608d628ecc659a13a213476de3e,CVX,-0.011826378370227
0x0edc0ea676c5e608d628ecc659a13a213476de3e,DAI,0.0019165506012208
0x0edc0ea676c5e608d628ecc659a13a213476de3e,DAO,-0.0150003767282094
0x0edc0ea676c5e608d628ecc659a13a213476de3e,DOGE,-0.0003536291225672
0x0edc0ea676c5e608d628ecc659a13a213476de3e,DOT,-0.000021604160964861
0x0edc0ea676c5e608d628ecc659a13a213476de3e,DYDX,-0.0245552260378858
0x0edc0ea676c5e608d628ecc659a13a213476de3e,EOS,-0.0203892382645698
0x0edc0ea676c5e608d628ecc659a13a213476de3e,ETC,0.0108531365656028
0x0edc0ea676c5e608d628ecc659a13a213476de3e,ETH,0.0112667704176641
0x0edc0ea676c5e608d628ecc659a13a213476de3e,FET,-0.0080691289369694
0x0edc0ea676c5e608d628ecc659a13a213476de3e,FIL,-0.0056806402354117
0x0edc0ea676c5e608d628ecc659a13a213476de3e,FRAX,0.0002507422933419
0x0edc0ea676c5e608d628ecc659a13a213476de3e,FTM,-0.0054541336031892
0x0edc0ea676c5e608d628ecc659a13a213476de3e,FXS,0.0143796012701356
0x0edc0ea676c5e608d628ecc659a13a213476de3e,GRT,0.0036915169928584
0x0edc0ea676c5e608d628ecc659a13a213476de3e,HAI,-0.0023326536108427
0x0edc0ea676c5e608d628ecc659a13a213476de3e,HERO,-0.0056313353264168
0x0edc0ea676c5e608d628ecc659a13a213476de3e,ICP,-0.0093364104664568
0x0edc0ea676c5e608d628ecc659a13a213476de3e,IMX,-0.0008944239439985
0x0edc0ea676c5e608d628ecc659a13a213476de3e,INJ,0.0027425070888025
0x0edc0ea676c5e608d628ecc659a13a213476de3e,LDO,-0.0153198208822842
0x0edc0ea676c5e608d628ecc659a13a213476de3e,LINK,0.0021988421267207
0x0edc0ea676c5e608d628ecc659a13a213476de3e,LTC,0.0003565033873771
0x0edc0ea676c5e608d628ecc659a13a213476de3e,MATIC,-0.000379526406103
0x0edc0ea676c5e608d628ecc659a13a213476de3e,MAV,-0.0039115044509745
0x0edc0ea676c5e608d628ecc659a13a213476de3e,MBOX,0.0169448736034932
0x0edc0ea676c5e608d628ecc659a13a213476de3e,MKR,0.0020210088689687
0x0edc0ea676c5e608d628ecc659a13a213476de3e,MOON,0.0059766648004571
0x0edc0ea676c5e608d628ecc659a13a213476de3e,NEAR,-0.0157673709959345
0x0edc0ea676c5e608d628ecc659a13a213476de3e,OP,0.0113390654935894
0x0edc0ea676c5e608d628ecc659a13a213476de3e,PENDLE,0.00910239432905
0x0edc0ea676c5e608d628ecc659a13a213476de3e,PEPE,0.0060499146887766
0x0edc0ea676c5e608d628ecc659a13a213476de3e,PERP,-0.0017643356270282
0x0edc0ea676c5e608d628ecc659a13a213476de3e,PIT,-0.0010528920066603
0x0edc0ea676c5e608d628ecc659a13a213476de3e,POLS,-0.0036024713288569
0x0edc0ea676c5e608d628ecc659a13a213476de3e,PYTH,-0.010753386116011
0x0edc0ea676c5e608d628ecc659a13a213476de3e,QUACK,0.0130710076715308
0x0edc0ea676c5e608d628ecc659a13a213476de3e,RDNT,-0.0001057897200908
0x0edc0ea676c5e608d628ecc659a13a213476de3e,RNDR,0.0031671483270792
0x0edc0ea676c5e608d628ecc659a13a213476de3e,RPL,-0.0147698850697442
0x0edc0ea676c5e608d628ecc659a13a213476de3e,RUNE,-0.0103959555996009
0x0edc0ea676c5e608d628ecc659a13a213476de3e,SFP,-0.0023408932704509
0x0edc0ea676c5e608d628ecc659a13a213476de3e,SFUND,0.0104204413839306
0x0edc0ea676c5e608d628ecc659a13a213476de3e,SHIB,0.019515216843919
0x0edc0ea676c5e608d628ecc659a13a213476de3e,SOL,0.0111430884478523
0x0edc0ea676c5e608d628ecc659a13a213476de3e,STG,-0.0028678353167011
0x0edc0ea676c5e608d628ecc659a13a213476de3e,SUI,-0.0002688049220702
0x0edc0ea676c5e608d628ecc659a13a213476de3e,SUSHI,-0.0006120888446468
0x0edc0ea676c5e608d628ecc659a13a213476de3e,TIA,0.0028504864202625
0x0edc0ea676c5e608d628ecc659a13a213476de3e,TOKEN,0.0005057801153911
0x0edc0ea676c5e608d628ecc659a13a213476de3e,TRX,0.0164282266452724
0x0edc0ea676c5e608d628ecc659a13a213476de3e,UNI,0.0071379600510144
0x0edc0ea676c5e608d628ecc659a13a213476de3e,USDT,0.0064859701773529
0x0edc0ea676c5e608d628ecc659a13a213476de3e,XLM,0.0014276757452191
0x0edc0ea676c5e608d628ecc659a13a213476de3e,XMR,0.0103138159683864
0x0edc0ea676c5e608d628ecc659a13a213476de3e,XRP,-0.0033207228172524
0x0edc0ea676c5e608d628ecc659a13a213476de3e,XTZ,0.0120209883021503
0x0edc0ea676c5e608d628ecc659a13a213476de3e,XVS,0.0085622341533722
0x0edc0ea676c5e608d628ecc659a13a213476de3e,YFI,-0.0036623254972261
0x18fbc0c8fdd7faa3f4fb72810a0c6360c1bb4bd6,AAVE,0.508142707854493
0x18fbc0c8fdd7faa3f4fb72810a0c6360c1bb4bd6,ADA,0.766765926326444
0x18fbc0c8fdd7faa3f4fb72810a0c6360c1bb4bd6,ALGO,0.0395468565700217
0x18fbc0c8fdd7faa3f4fb72810a0c6360c1bb4bd6,APE,0.35131923299715
0x18fbc0c8fdd7faa3f4fb72810a0c6360c1bb4bd6,APT,0.568930201804421
0x18fbc0c8fdd7faa3f4fb72810a0c6360c1bb4bd6,ATOM,0.256067318274996
0x18fbc0c8fdd7faa3f4fb72810a0c6360c1bb4bd6,AVAX,0.433739273711243
0x18fbc0c8fdd7faa3f4fb72810a0c6360c1bb4bd6,AXS,0.632097721426193
0x18fbc0c8fdd7faa3f4fb72810a0c6360c1bb4bd6,BAL,0.101535619211149
0x18fbc0c8fdd7faa3f4fb72810a0c6360c1bb4bd6,BCH,0.567132335264437
0x18fbc0c8fdd7faa3f4fb72810a0c6360c1bb4bd6,BLUR,0.0357144563930203
0x18fbc0c8fdd7faa3f4fb72810a0c6360c1bb4bd6,BNB,0.958261672938265
0x18fbc0c8fdd7faa3f4fb72810a0c6360c1bb4bd6,BONK,0.536574685397638
0x18fbc0c8fdd7faa3f4fb72810a0c6360c1bb4bd6,BTC,0.829027302376757
0x18fbc0c8fdd7faa3f4fb72810a0c6360c1bb4bd6,C98,0.258091286572938
0x18fbc0c8fdd7faa3f4fb72810a0c6360c1bb4bd6,CAKE,0.723966392710306
0x18fbc0c8fdd7faa3f4fb72810a0c6360c1bb4bd6,COMP,0.514243147135382
0x18fbc0c8fdd7faa3f4fb72810a0c6360c1bb4bd6,CRV,0.609065015819003
0x18fbc0c8fdd7faa3f4fb72810a0c6360c1bb4bd6,CVX,0.133694834841342
0x18fbc0c8fdd7faa3f4fb72810a0c6360c1bb4bd6,DAI,0.504324948346063
0x18fbc0c8fdd7faa3f4fb72810a0c6360c1bb4bd6,DAO,0.0843354991355846
0x18fbc0c8fdd7faa3f4fb72810a0c6360c1bb4bd6,DOGE,0.88172160790852
0x18fbc0c8fdd7faa3f4fb72810a0c6360c1bb4bd6,DOT,0.876395046649955
0x18fbc0c8fdd7faa3f4fb72810a0c6360c1bb4bd6,DYDX,0.17599938058753
0x18fbc0c8fdd7faa3f4fb72810a0c6360c1bb4bd6,EOS,0.285435777456163
0x18fbc0c8fdd7faa3f4fb72810a0c6360c1bb4bd6,ETC,0.8599567288667
0x18fbc0c8fdd7faa3f4fb72810a0c6360c1bb4bd6,ETH,0.94705399022044
0x18fbc0c8fdd7faa3f4fb72810a0c6360c1bb4bd6,FET,0.0884329579723558
0x18fbc0c8fdd7faa3f4fb72810a0c6360c1bb4bd6,FIL,0.347826270898412
0x18fbc0c8fdd7faa3f4fb72810a0c6360c1bb4bd6,FRAX,0.527180654196246
0x18fbc0c8fdd7faa3f4fb72810a0c6360c1bb4bd6,FTM,0.785200923933692
0x18fbc0c8fdd7faa3f4fb72810a0c6360c1bb4bd6,FXS,0.904205447291708
0x18fbc0c8fdd7faa3f4fb72810a0c6360c1bb4bd6,GRT,0.734627192880164
0x18fbc0c8fdd7faa3f4fb72810a0c6360c1bb4bd6,HAI,0.176168048433502
0x18fbc0c8fdd7faa3f4fb72810a0c6360c1bb4bd6,HERO,0.794800778318388
0x18fbc0c8fdd7faa3f4fb72810a0c6360c1bb4bd6,ICP,0.697177145702086
0x18fbc0c8fdd7faa3f4fb72810a0c6360c1bb4bd6,IMX,0.68617800701337
0x18fbc0c8fdd7faa3f4fb72810a0c6360c1bb4bd6,INJ,0.859780323442627
0x18fbc0c8fdd7faa3f4fb72810a0c6360c1bb4bd6,LDO,0.241496604228908
0x18fbc0c8fdd7faa3f4fb72810a0c6360c1bb4bd6,LINK,0.854970460685033
0x18fbc0c8fdd7faa3f4fb72810a0c6360c1bb4bd6,LTC,0.673747520356984
0x18fbc0c8fdd7faa3f4fb72810a0c6360c1bb4bd6,MATIC,0.537106649925826
0x18fbc0c8fdd7faa3f4fb72810a0c6360c1bb4bd6,MAV,0.383217425131944
0x18fbc0c8fdd7faa3f4fb72810a0c6360c1bb4bd6,MBOX,0.793677787743538
0x18fbc0c8fdd7faa3f4fb72810a0c6360c1bb4bd6,MKR,0.202010380540257
0x18fbc0c8fdd7faa3f4fb72810a0c6360c1bb4bd6,MOON,0.108414571586661
0x18fbc0c8fdd7faa3f4fb72810a0c6360c1bb4bd6,NEAR,0.32249078554386
0x18fbc0c8fdd7faa3f4fb72810a0c6360c1bb4bd6,OP,0.738377820064009
0x18fbc0c8fdd7faa3f4fb72810a0c6360c1bb4bd6,PENDLE,0.513316550789366
0x18fbc0c8fdd7faa3f4fb72810a0c6360c1bb4bd6,PEPE,0.652848943181072
0x18fbc0c8fdd7faa3f4fb72810a0c6360c1bb4bd6,PERP,0.127979132399863
0x18fbc0c8fdd7faa3f4fb72810a0c6360c1bb4bd6,PIT,0.248045187916246
0x18fbc0c8fdd7faa3f4fb72810a0c6360c1bb4bd6,POLS,0.0039730200359422
0x18fbc0c8fdd7faa3f4fb72810a0c6360c1bb4bd6,PYTH,0.628177984295174
0x18fbc0c8fdd7faa3f4fb72810a0c6360c1bb4bd6,QUACK,0.128406555379883
0x18fbc0c8fdd7faa3f4fb72810a0c6360c1bb4bd6,RDNT,0.0026414137785483
0x18fbc0c8fdd7faa3f4fb72810a0c6360c1bb4bd6,RNDR,0.41235707681658
0x18fbc0c8fdd7faa3f4fb72810a0c6360c1bb4bd6,RPL,0.333122829105693
0x18fbc0c8fdd7faa3f4fb72810a0c6360c1bb4bd6,RUNE,0.269164981306629
0x18fbc0c8fdd7faa3f4fb72810a0c6360c1bb4bd6,SFP,0.0755405123543368
0x18fbc0c8fdd7faa3f4fb72810a0c6360c1bb4bd6,SFUND,0.624104432913496
0x18fbc0c8fdd7faa3f4fb72810a0c6360c1bb4bd6,SHIB,0.780784434747717
0x18fbc0c8fdd7faa3f4fb72810a0c6360c1bb4bd6,SOL,0.955459877527991
0x18fbc0c8fdd7faa3f4fb72810a0c6360c1bb4bd6,STG,0.0136656230252839
0x18fbc0c8fdd7faa3f4fb72810a0c6360c1bb4bd6,SUI,0.664926983594307
0x18fbc0c8fdd7faa3f4fb72810a0c6360c1bb4bd6,SUSHI,0.627186787665858
0x18fbc0c8fdd7faa3f4fb72810a0c6360c1bb4bd6,TIA,0.844445191536649
0x18fbc0c8fdd7faa3f4fb72810a0c6360c1bb4bd6,TOKEN,0.593556635421679
0x18fbc0c8fdd7faa3f4fb72810a0c6360c1bb4bd6,TRX,0.763000559804354
0x18fbc0c8fdd7faa3f4fb72810a0c6360c1bb4bd6,UNI,0.903702627717047
0x18fbc0c8fdd7faa3f4fb72810a0c6360c1bb4bd6,USDT,0.977677906410559
0x18fbc0c8fdd7faa3f4fb72810a0c6360c1bb4bd6,XLM,0.619838103501894
0x18fbc0c8fdd7faa3f4fb72810a0c6360c1bb4bd6,XMR,0.403493747282428
0x18fbc0c8fdd7faa3f4fb72810a0c6360c1bb4bd6,XRP,0.638732943660793
0x18fbc0c8fdd7faa3f4fb72810a0c6360c1bb4bd6,XTZ,0.731371249133853
0x18fbc0c8fdd7faa3f4fb72810a0c6360c1bb4bd6,XVS,0.691474334882908
0x18fbc0c8fdd7faa3f4fb72810a0c6360c1bb4bd6,YFI,0.562508570499463
0x1b1d704cfd260f0eeca05d495d4818ebeac2922f,AAVE,0.0
0x1b1d704cfd260f0eeca05d495d4818ebeac2922f,ADA,0.0
0x1b1d704cfd260f0eeca05d495d4818ebeac2922f,ALGO,-0.0625
0x1b1d704cfd260f0eeca05d495d4818ebeac2922f,APE,0.0
0x1b1d704cfd260f0eeca05d495d4818ebeac2922f,APT,0.0
0x1b1d704cfd260f0eeca05d495d4818ebeac2922f,ATOM,0.0625
0x1b1d704cfd260f0eeca05d495d4818ebeac2922f,AVAX,0.0
0x1b1d704cfd260f0eeca05d495d4818ebeac2922f,AXS,0.0
0x1b1d704cfd260f0eeca05d495d4818ebeac2922f,BAL,0.0
0x1b1d704cfd260f0eeca05d495d4818ebeac2922f,BCH,0.0
0x1b1d704cfd260f0eeca05d495d4818ebeac2922f,BLUR,-0.0625
0x1b1d704cfd260f0eeca05d495d4818ebeac2922f,BNB,0.0625
0x1b1d704cfd260f0eeca05d495d4818ebeac2922f,BONK,0.0
0x1b1d704cfd260f0eeca05d495d4818ebeac2922f,BTC,0.0
0x1b1d704cfd260f0eeca05d495d4818ebeac2922f,C98,-0.0625
0x1b1d704cfd260f0eeca05d495d4818ebeac2922f,CAKE,0.0
0x1b1d704cfd260f0eeca05d495d4818ebeac2922f,COMP,0.0
0x1b1d704cfd260f0eeca05d495d4818ebeac2922f,CRV,0.0625
0x1b1d704cfd260f0eeca05d495d4818ebeac2922f,CVX,0.0
0x1b1d704cfd260f0eeca05d495d4818ebeac2922f,DAI,0.0
0x1b1d704cfd260f0eeca05d495d4818ebeac2922f,DAO,-0.0625
0x1b1d704cfd260f0eeca05d495d4818ebeac2922f,DOGE,0.0
0x1b1d704cfd260f0eeca05d495d4818ebeac2922f,DOT,0.0
0x1b1d704cfd260f0eeca05d495d4818ebeac2922f,DYDX,0.0
0x1b1d704cfd260f0eeca05d495d4818ebeac2922f,EOS,0.0
0x1b1d704cfd260f0eeca05d495d4818ebeac2922f,ETC,0.0
0x1b1d704cfd260f0eeca05d495d4818ebeac2922f,ETH,0.0
0x1b1d704cfd260f0eeca05d495d4818ebeac2922f,FET,-0.0625
0x1b1d704cfd260f0eeca05d495d4818ebeac2922f,FIL,0.0625
0x1b1d704cfd260f0eeca05d495d4818ebeac2922f,FRAX,0.0
0x1b1d704cfd260f0eeca05d495d4818ebeac2922f,FTM,0.0
0x1b1d704cfd260f0eeca05d495d4818ebeac2922f,FXS,0.0
0x1b1d704cfd260f0eeca05d495d4818ebeac2922f,GRT,0.0
0x1b1d704cfd260f0eeca05d495d4818ebeac2922f,HAI,0.0
0x1b1d704cfd260f0eeca05d495d4818ebeac2922f,HERO,0.0
0x1b1d704cfd260f0eeca05d495d4818ebeac2922f,ICP,0.0
0x1b1d704cfd260f0eeca05d495d4818ebeac2922f,IMX,0.0
0x1b1d704cfd260f0eeca05d495d4818ebeac2922f,INJ,0.0625
0x1b1d704cfd260f0eeca05d495d4818ebeac2922f,LDO,0.0
0x1b1d704cfd260f0eeca05d495d4818ebeac2922f,LINK,0.0
0x1b1d704cfd260f0eeca05d495d4818ebeac2922f,LTC,0.0
0x1b1d704cfd260f0eeca05d495d4818ebeac2922f,MATIC,0.0
0x1b1d704cfd260f0eeca05d495d4818ebeac2922f,MAV,-0.0625
0x1b1d704cfd260f0eeca05d495d4818ebeac2922f,MBOX,0.0
0x1b1d704cfd260f0eeca05d495d4818ebeac2922f,MKR,0.0
0x1b1d704cfd260f0eeca05d495d4818ebeac2922f,MOON,0.0
0x1b1d704cfd260f0eeca05d495d4818ebeac2922f,NEAR,-0.0625
0x1b1d704cfd260f0eeca05d495d4818ebeac2922f,OP,0.0
0x1b1d704cfd260f0eeca05d495d4818ebeac2922f,PENDLE,0.0
0x1b1d704cfd260f0eeca05d495d4818ebeac2922f,PEPE,0.0
0x1b1d704cfd260f0eeca05d495d4818ebeac2922f,PERP,0.0
0x1b1d704cfd260f0eeca05d495d4818ebeac2922f,PIT,0.0
0x1b1d704cfd260f0eeca05d495d4818ebeac2922f,POLS,0.0
0x1b1d704cfd260f0eeca05d495d4818ebeac2922f,PYTH,0.0
0x1b1d704cfd260f0eeca05d495d4818ebeac2922f,QUACK,0.0
0x1b1d704cfd260f0eeca05d495d4818ebeac2922f,RDNT,0.0
0x1b1d704cfd260f0eeca05d495d4818ebeac2922f,RNDR,0.0
0x1b1d704cfd260f0eeca05d495d4818ebeac2922f,RPL,0.0
0x1b1d704cfd260f0eeca05d495d4818ebeac2922f,RUNE,0.0
0x1b1d704cfd260f0eeca05d495d4818ebeac2922f,SFP,0.0
0x1b1d704cfd260f0eeca05d495d4818ebeac2922f,SFUND,0.0
0x1b1d704cfd260f0eeca05d495d4818ebeac2922f,SHIB,0.0
0x1b1d704cfd260f0eeca05d495d4818ebeac2922f,SOL,0.0
0x1b1d704cfd260f0eeca05d495d4818ebeac2922f,STG,-0.0625
0x1b1d704cfd260f0eeca05d495d4818ebeac2922f,SUI,0.0625
0x1b1d704cfd260f0eeca05d495d4818ebeac2922f,SUSHI,0.0
0x1b1d704cfd260f0eeca05d495d4818ebeac2922f,TIA,0.0
0x1b1d704cfd260f0eeca05d495d4818ebeac2922f,TOKEN,0.0
0x1b1d704cfd260f0eeca05d495d4818ebeac2922f,TRX,0.0625
0x1b1d704cfd260f0eeca05d495d4818ebeac2922f,UNI,0.0
0x1b1d704cfd260f0eeca05d495d4818ebeac2922f,USDT,0.0
0x1b1d704cfd260f0eeca05d495d4818ebeac2922f,XLM,0.0
0x1b1d704cfd260f0eeca05d495d4818ebeac2922f,XMR,0.0625
0x1b1d704cfd260f0eeca05d495d4818ebeac2922f,XRP,0.0
0x1b1d704cfd260f0eeca05d495d4818ebeac2922f,XTZ,0.0
0x1b1d704cfd260f0eeca05d495d4818ebeac2922f,XVS,0.0
0x1b1d704cfd260f0eeca05d495d4818ebeac2922f,YFI,0.0
0x1be48b2b7594fe7e47701bc7e7bb83beaf84ecc0,AAVE,-0.007374795
0x1be48b2b7594fe7e47701bc7e7bb83beaf84ecc0,ADA,-0.010103025
0x1be48b2b7594fe7e47701bc7e7bb83beaf84ecc0,ALGO,-0.02648703
0x1be48b2b7594fe7e47701bc7e7bb83beaf84ecc0,APE,-0.02444772
0x1be48b2b7594fe7e47701bc7e7bb83beaf84ecc0,APT,-0.02830875
0x1be48b2b7594fe7e47701bc7e7bb83beaf84ecc0,ATOM,-0.018069131
0x1be48b2b7594fe7e47701bc7e7bb83beaf84ecc0,AVAX,-0.028678942
0x1be48b2b7594fe7e47701bc7e7bb83beaf84ecc0,AXS,-0.029566642
0x1be48b2b7594fe7e47701bc7e7bb83beaf84ecc0,BAL,-0.024685947
0x1be48b2b7594fe7e47701bc7e7bb83beaf84ecc0,BCH,0.016113818
0x1be48b2b7594fe7e47701bc7e7bb83beaf84ecc0,BLUR,-0.008224985
0x1be48b2b7594fe7e47701bc7e7bb83beaf84ecc0,BNB,-0.00043271136
0x1be48b2b7594fe7e47701bc7e7bb83beaf84ecc0,BONK,-0.01990344
0x1be48b2b7594fe7e47701bc7e7bb83beaf84ecc0,BTC,0.0001473894
0x1be48b2b7594fe7e47701bc7e7bb83beaf84ecc0,C98,-0.018761551
0x1be48b2b7594fe7e47701bc7e7bb83beaf84ecc0,CAKE,-0.0020324516
0x1be48b2b7594fe7e47701bc7e7bb83beaf84ecc0,COMP,-0.027289884
0x1be48b2b7594fe7e47701bc7e7bb83beaf84ecc0,CRV,-0.014857051
0x1be48b2b7594fe7e47701bc7e7bb83beaf84ecc0,CVX,-0.019896926
0x1be48b2b7594fe7e47701bc7e7bb83beaf84ecc0,DAI,-0.000032686905
0x1be48b2b7594fe7e47701bc7e7bb83beaf84ecc0,DAO,-0.010637317
0x1be48b2b7594fe7e47701bc7e7bb83beaf84ecc0,DOGE,-0.010332177
0x1be48b2b7594fe7e47701bc7e7bb83beaf84ecc0,DOT,-0.008682651
0x1be48b2b7594fe7e47701bc7e7bb83beaf84ecc0,DYDX,-0.04445216
0x1be48b2b7594fe7e47701bc7e7bb83beaf84ecc0,EOS,-0.013888356
0x1be48b2b7594fe7e47701bc7e7bb83beaf84ecc0,ETC,0.0005890264
0x1be48b2b7594fe7e47701bc7e7bb83beaf84ecc0,ETH,0.00191836
0x1be48b2b7594fe7e47701bc7e7bb83beaf84ecc0,FET,-0.03384955
0x1be48b2b7594fe7e47701bc7e7bb83beaf84ecc0,FIL,-0.007326343
0x1be48b2b7594fe7e47701bc7e7bb83beaf84ecc0,FRAX,0.00016240639
0x1be48b2b7594fe7e47701bc7e7bb83beaf84ecc0,FTM,0.011560026
0x1be48b2b7594fe7e47701bc7e7bb83beaf84ecc0,FXS,-0.0066915047
0x1be48b2b7594fe7e47701bc7e7bb83beaf84ecc0,GRT,-0.02162693
0x1be48b2b7594fe7e47701bc7e7bb83beaf84ecc0,HAI,-0.026142756
0x1be48b2b7594fe7e47701bc7e7bb83beaf84ecc0,HERO,-0.019312123
0x1be48b2b7594fe7e47701bc7e7bb83beaf84ecc0,ICP,-0.0238823
0x1be48b2b7594fe7e47701bc7e7bb83beaf84ecc0,IMX,-0.026514469
0x1be48b2b7594fe7e47701bc7e7bb83beaf84ecc0,INJ,-0.0062382612
0x1be48b2b7594fe7e47701bc7e7bb83beaf84ecc0,LDO,-0.017567432
0x1be48b2b7594fe7e47701bc7e7bb83beaf84ecc0,LINK,-0.017413374
0x1be48b2b7594fe7e47701bc7e7bb83beaf84ecc0,LTC,0.0056534708
0x1be48b2b7594fe7e47701bc7e7bb83beaf84ecc0,MATIC,-0.010350338
0x1be48b2b7594fe7e47701bc7e7bb83beaf84ecc0,MAV,-0.029596977
0x1be48b2b7594fe7e47701bc7e7bb83beaf84ecc0,MBOX,-0.023875996
0x1be48b2b7594fe7e47701bc7e7bb83beaf84ecc0,MKR,-0.012933758
0x1be48b2b7594fe7e47701bc7e7bb83beaf84ecc0,MOON,-0.02384431
0x1be48b2b7594fe7e47701bc7e7bb83beaf84ecc0,NEAR,-0.024248926
0x1be48b2b7594fe7e47701bc7e7bb83beaf84ecc0,OP,-0.015465742
0x1be48b2b7594fe7e47701bc7e7bb83beaf84ecc0,PENDLE,-0.0070300587
0x1be48b2b7594fe7e47701bc7e7bb83beaf84ecc0,PEPE,-0.019414611
0x1be48b2b7594fe7e47701bc7e7bb83beaf84ecc0,PERP,-0.06652951
0x1be48b2b7594fe7e47701bc7e7bb83beaf84ecc0,PIT,-0.013410271
0x1be48b2b7594fe7e47701bc7e7bb83beaf84ecc0,POLS,-0.0291971
0x1be48b2b7594fe7e47701bc7e7bb83beaf84ecc0,PYTH,-0.024308905
0x1be48b2b7594fe7e47701bc7e7bb83beaf84ecc0,QUACK,-0.022539956
0x1be48b2b7594fe7e47701bc7e7bb83beaf84ecc0,RDNT,-0.04364909
0x1be48b2b7594fe7e47701bc7e7bb83beaf84ecc0,RNDR,-0.040081855
0x1be48b2b7594fe7e47701bc7e7bb83beaf84ecc0,RPL,-0.026803896
0x1be48b2b7594fe7e47701bc7e7bb83beaf84ecc0,RUNE,-0.028421817
0x1be48b2b7594fe7e47701bc7e7bb83beaf84ecc0,SFP,-0.022566352
0x1be48b2b7594fe7e47701bc7e7bb83beaf84ecc0,SFUND,-0.0061308593
0x1be48b2b7594fe7e47701bc7e7bb83beaf84ecc0,SHIB,-0.006322725
0x1be48b2b7594fe7e47701bc7e7bb83beaf84ecc0,SOL,-0.0019370497
0x1be48b2b7594fe7e47701bc7e7bb83beaf84ecc0,STG,-0.030172475
0x1be48b2b7594fe7e47701bc7e7bb83beaf84ecc0,SUI,-0.022796832
0x1be48b2b7594fe7e47701bc7e7bb83beaf84ecc0,SUSHI,-0.01661251
0x1be48b2b7594fe7e47701bc7e7bb83beaf84ecc0,TIA,-0.014731392
0x1be48b2b7594fe7e47701bc7e7bb83beaf84ecc0,TOKEN,-0.020994972
0x1be48b2b7594fe7e47701bc7e7bb83beaf84ecc0,TRX,-0.00788665
0x1be48b2b7594fe7e47701bc7e7bb83beaf84ecc0,UNI,0.004096808
0x1be48b2b7594fe7e47701bc7e7bb83beaf84ecc0,USDT,-0.016352063
0x1be48b2b7594fe7e47701bc7e7bb83beaf84ecc0,XLM,-0.0460898
0x1be48b2b7594fe7e47701bc7e7bb83beaf84ecc0,XMR,-0.01900239
0x1be48b2b7594fe7e47701bc7e7bb83beaf84ecc0,XRP,0.00011910238
0x1be48b2b7594fe7e47701bc7e7bb83beaf84ecc0,XTZ,-0.0000337547
0x1be48b2b7594fe7e47701bc7e7bb83beaf84ecc0,XVS,-0.021375071
0x1be48b2b7594fe7e47701bc7e7bb83beaf84ecc0,YFI,-0.011710871
0x1bfb6731ff80e75bf84bfe40a108723c5eb23d4f,AAVE,0.0041082977048995
0x1bfb6731ff80e75bf84bfe40a108723c5eb23d4f,ADA,-0.003491318395277
0x1bfb6731ff80e75bf84bfe40a108723c5eb23d4f,ALGO,-0.0025744386187623
0x1bfb6731ff80e75bf84bfe40a108723c5eb23d4f,APE,-0.0098042851422745
0x1bfb6731ff80e75bf84bfe40a108723c5eb23d4f,APT,-0.0023994431094376
0x1bfb6731ff80e75bf84bfe40a108723c5eb23d4f,ATOM,-0.0009336367391616
0x1bfb6731ff80e75bf84bfe40a108723c5eb23d4f,AVAX,0.0002986877709459
0x1bfb6731ff80e75bf84bfe40a108723c5eb23d4f,AXS,-0.0021788540771985
0x1bfb6731ff80e75bf84bfe40a108723c5eb23d4f,BAL,0.0021437700803018
0x1bfb6731ff80e75bf84bfe40a108723c5eb23d4f,BCH,-0.0001145758175682
0x1bfb6731ff80e75bf84bfe40a108723c5eb23d4f,BLUR,-0.0011484914366171
0x1bfb6731ff80e75bf84bfe40a108723c5eb23d4f,BNB,0.0103112447960068
0x1bfb6731ff80e75bf84bfe40a108723c5eb23d4f,BONK,0.0138418726909118
0x1bfb6731ff80e75bf84bfe40a108723c5eb23d4f,BTC,0.0236795748630242
0x1bfb6731ff80e75bf84bfe40a108723c5eb23d4f,C98,0.0005228403639841
0x1bfb6731ff80e75bf84bfe40a108723c5eb23d4f,CAKE,0.0141205507134143
0x1bfb6731ff80e75bf84bfe40a108723c5eb23d4f,COMP,-0.0022120706987062
0x1bfb6731ff80e75bf84bfe40a108723c5eb23d4f,CRV,-0.0076441078590805
0x1bfb6731ff80e75bf84bfe40a108723c5eb23d4f,CVX,-0.0024711784511118
0x1bfb6731ff80e75bf84bfe40a108723c5eb23d4f,DAI,0.0119353618757073
0x1bfb6731ff80e75bf84bfe40a108723c5eb23d4f,DAO,-0.019870989499305
0x1bfb6731ff80e75bf84bfe40a108723c5eb23d4f,DOGE,-0.0004767116230592
0x1bfb6731ff80e75bf84bfe40a108723c5eb23d4f,DOT,0.0059080754822157
0x1bfb6731ff80e75bf84bfe40a108723c5eb23d4f,DYDX,-0.0141843296361407
0x1bfb6731ff80e75bf84bfe40a108723c5eb23d4f,EOS,-0.0058126410603685
0x1bfb6731ff80e75bf84bfe40a108723c5eb23d4f,ETC,-0.0017560291269509
0x1bfb6731ff80e75bf84bfe40a108723c5eb23d4f,ETH,0.0133530934691271
0x1bfb6731ff80e75bf84bfe40a108723c5eb23d4f,FET,-0.0089368088016124
0x1bfb6731ff80e75bf84bfe40a108723c5eb23d4f,FIL,-0.0028626779967485
0x1bfb6731ff80e75bf84bfe40a108723c5eb23d4f,FRAX,0.002471058195162
0x1bfb6731ff80e75bf84bfe40a108723c5eb23d4f,FTM,0.0126601132776731
0x1bfb6731ff80e75bf84bfe40a108723c5eb23d4f,FXS,0.0160278491904462
0x1bfb6731ff80e75bf84bfe40a108723c5eb23d4f,GRT,0.0035111400826477
0x1bfb6731ff80e75bf84bfe40a108723c5eb23d4f,HAI,-0.0103405935587969
0x1bfb6731ff80e75bf84bfe40a108723c5eb23d4f,HERO,0.0013079652481375
0x1bfb6731ff80e75bf84bfe40a108723c5eb23d4f,ICP,0.0011277920503389
0x1bfb6731ff80e75bf84bfe40a108723c5eb23d4f,IMX,0.0030849957880465
0x1bfb6731ff80e75bf84bfe40a108723c5eb23d4f,INJ,0.0136391263729712
0x1bfb6731ff80e75bf84bfe40a108723c5eb23d4f,LDO,-0.0060764025421864
0x1bfb6731ff80e75bf84bfe40a108723c5eb23d4f,LINK,0.0091242723264294
0x1bfb6731ff80e75bf84bfe40a108723c5eb23d4f,LTC,0.0067545672236098
0x1bfb6731ff80e75bf84bfe40a108723c5eb23d4f,MATIC,-0.0226919719934653
0x1bfb6731ff80e75bf84bfe40a108723c5eb23d4f,MAV,-0.0094761422063909
0x1bfb6731ff80e75bf84bfe40a108723c5eb23d4f,MBOX,-0.0005307915756864
0x1bfb6731ff80e75bf84bfe40a108723c5eb23d4f,MKR,-0.0063055468092787
0x1bfb6731ff80e75bf84bfe40a108723c5eb23d4f,MOON,-0.0255541628755775
0x1bfb6731ff80e75bf84bfe40a108723c5eb23d4f,NEAR,-0.004315952892198
0x1bfb6731ff80e75bf84bfe40a108723c5eb23d4f,OP,0.006517052615622
0x1bfb6731ff80e75bf84bfe40a108723c5eb23d4f,PENDLE,0.0064463394994594
0x1bfb6731ff80e75bf84bfe40a108723c5eb23d4f,PEPE,-0.0070940743689318
0x1bfb6731ff80e75bf84bfe40a108723c5eb23d4f,PERP,-0.0106946578751093
0x1bfb6731ff80e75bf84bfe40a108723c5eb23d4f,PIT,0.0032089830306548
0x1bfb6731ff80e75bf84bfe40a108723c5eb23d4f,POLS,-0.0087119639989454
0x1bfb6731ff80e75bf84bfe40a108723c5eb23d4f,PYTH,-0.0024170205715934
0x1bfb6731ff80e75bf84bfe40a108723c5eb23d4f,QUACK,0.0106524489098491
0x1bfb6731ff80e75bf84bfe40a108723c5eb23d4f,RDNT,-0.0212760638503036
0x1bfb6731ff80e75bf84bfe40a108723c5eb23d4f,RNDR,-0.0018963178502206
0x1bfb6731ff80e75bf84bfe40a108723c5eb23d4f,RPL,-0.0074379016134268
0x1bfb6731ff80e75bf84bfe40a108723c5eb23d4f,RUNE,0.0039604077837747
0x1bfb6731ff80e75bf84bfe40a108723c5eb23d4f,SFP,-0.0127061277119829
0x1bfb6731ff80e75bf84bfe40a108723c5eb23d4f,SFUND,0.0002932256274926
0x1bfb6731ff80e75bf84bfe40a108723c5eb23d4f,SHIB,-0.0020680253759845
0x1bfb6731ff80e75bf84bfe40a108723c5eb23d4f,SOL,0.011967632902157
0x1bfb6731ff80e75bf84bfe40a108723c5eb23d4f,STG,-0.0004609843178715
0x1bfb6731ff80e75bf84bfe40a108723c5eb23d4f,SUI,-0.0019846530945389
0x1bfb6731ff80e75bf84bfe40a108723c5eb23d4f,SUSHI,-0.0032973802787183
0x1bfb6731ff80e75bf84bfe40a108723c5eb23d4f,TIA,0.0007536731248807
0x1bfb6731ff80e75bf84bfe40a108723c5eb23d4f,TOKEN,0.0004845239544901
0x1bfb6731ff80e75bf84bfe40a108723c5eb23d4f,TRX,0.0085071372501136
0x1bfb6731ff80e75bf84bfe40a108723c5eb23d4f,UNI,0.0225002804948365
0x1bfb6731ff80e75bf84bfe40a108723c5eb23d4f,USDT,-0.0141555750566568
0x1bfb6731ff80e75bf84bfe40a108723c5eb23d4f,XLM,-0.0321952221455852
0x1bfb6731ff80e75bf84bfe40a108723c5eb23d4f,XMR,0.0017134142487188
0x1bfb6731ff80e75bf84bfe40a108723c5eb23d4f,XRP,-0.0011615369188775
0x1bfb6731ff80e75bf84bfe40a108723c5eb23d4f,XTZ,0.0116791543341417
0x1bfb6731ff80e75bf84bfe40a108723c5eb23d4f,XVS,0.0003083839023298
0x1bfb6731ff80e75bf84bfe40a108723c5eb23d4f,YFI,0.0001626612587599
0x1ddbf0ae77f367e99e38398d9694d8ea86d003f3,AAVE,-1.6435036246665362
0x1ddbf0ae77f367e99e38398d9694d8ea86d003f3,ADA,-1.6435036246665362
0x1ddbf0ae77f367e99e38398d9694d8ea86d003f3,ALGO,-1.6435036246665362
0x1ddbf0ae77f367e99e38398d9694d8ea86d003f3,APE,-1.6435036246665362
0x1ddbf0ae77f367e99e38398d9694d8ea86d003f3,APT,-1.6435036246665362
0x1ddbf0ae77f367e99e38398d9694d8ea86d003f3,ATOM,-1.6435036246665362
0x1ddbf0ae77f367e99e38398d9694d8ea86d003f3,AVAX,-1.6435036246665362
0x1ddbf0ae77f367e99e38398d9694d8ea86d003f3,AXS,-1.6435036246665362
0x1ddbf0ae77f367e99e38398d9694d8ea86d003f3,BAL,-1.6435036246665362
0x1ddbf0ae77f367e99e38398d9694d8ea86d003f3,BCH,-1.6435036246665362
0x1ddbf0ae77f367e99e38398d9694d8ea86d003f3,BLUR,-1.6435036246665362
0x1ddbf0ae77f367e99e38398d9694d8ea86d003f3,BNB,-1.6435036246665362
0x1ddbf0ae77f367e99e38398d9694d8ea86d003f3,BONK,-1.6435036246665362
0x1ddbf0ae77f367e99e38398d9694d8ea86d003f3,BTC,4.664161075398286
0x1ddbf0ae77f367e99e38398d9694d8ea86d003f3,C98,-1.6435036246665362
0x1ddbf0ae77f367e99e38398d9694d8ea86d003f3,CAKE,-1.6435036246665362
0x1ddbf0ae77f367e99e38398d9694d8ea86d003f3,COMP,-1.6435036246665362
0x1ddbf0ae77f367e99e38398d9694d8ea86d003f3,CRV,-1.6435036246665362
0x1ddbf0ae77f367e99e38398d9694d8ea86d003f3,CVX,-1.6435036246665362
0x1ddbf0ae77f367e99e38398d9694d8ea86d003f3,DAI,-1.6435036246665362
0x1ddbf0ae77f367e99e38398d9694d8ea86d003f3,DAO,-1.6435036246665362
0x1ddbf0ae77f367e99e38398d9694d8ea86d003f3,DOGE,-1.6435036246665362
0x1ddbf0ae77f367e99e38398d9694d8ea86d003f3,DOT,-1.6435036246665362
0x1ddbf0ae77f367e99e38398d9694d8ea86d003f3,DYDX,-1.6435036246665362
0x1ddbf0ae77f367e99e38398d9694d8ea86d003f3,EOS,-1.6435036246665362
0x1ddbf0ae77f367e99e38398d9694d8ea86d003f3,ETC,-1.6435036246665362
0x1ddbf0ae77f367e99e38398d9694d8ea86d003f3,ETH,-1.6435036246665362
0x1ddbf0ae77f367e99e38398d9694d8ea86d003f3,FET,-1.6435036246665362
0x1ddbf0ae77f367e99e38398d9694d8ea86d003f3,FIL,-1.6435036246665362
0x1ddbf0ae77f367e99e38398d9694d8ea86d003f3,FRAX,-1.6435036246665362
0x1ddbf0ae77f367e99e38398d9694d8ea86d003f3,FTM,-1.6435036246665362
0x1ddbf0ae77f367e99e38398d9694d8ea86d003f3,FXS,-1.6435036246665362
0x1ddbf0ae77f367e99e38398d9694d8ea86d003f3,GRT,-1.6435036246665362
0x1ddbf0ae77f367e99e38398d9694d8ea86d003f3,HAI,-1.6435036246665362
0x1ddbf0ae77f367e99e38398d9694d8ea86d003f3,HERO,-1.6435036246665362
0x1ddbf0ae77f367e99e38398d9694d8ea86d003f3,ICP,-1.6435036246665362
0x1ddbf0ae77f367e99e38398d9694d8ea86d003f3,IMX,-1.6435036246665362
0x1ddbf0ae77f367e99e38398d9694d8ea86d003f3,INJ,-1.6435036246665362
0x1ddbf0ae77f367e99e38398d9694d8ea86d003f3,LDO,-1.6435036246665362
0x1ddbf0ae77f367e99e38398d9694d8ea86d003f3,LINK,-1.6435036246665362
0x1ddbf0ae77f367e99e38398d9694d8ea86d003f3,LTC,-1.6435036246665362
0x1ddbf0ae77f367e99e38398d9694d8ea86d003f3,MATIC,-1.6435036246665362
0x1ddbf0ae77f367e99e38398d9694d8ea86d003f3,MAV,-1.6435036246665362
0x1ddbf0ae77f367e99e38398d9694d8ea86d003f3,MBOX,-1.6435036246665362
0x1ddbf0ae77f367e99e38398d9694d8ea86d003f3,MKR,-1.6435036246665362
0x1ddbf0ae77f367e99e38398d9694d8ea86d003f3,MOON,-1.6435036246665362
0x1ddbf0ae77f367e99e38398d9694d8ea86d003f3,NEAR,-1.6435036246665362
0x1ddbf0ae77f367e99e38398d9694d8ea86d003f3,OP,-1.6435036246665362
0x1ddbf0ae77f367e99e38398d9694d8ea86d003f3,PENDLE,-1.6435036246665362
0x1ddbf0ae77f367e99e38398d9694d8ea86d003f3,PEPE,-1.6435036246665362
0x1ddbf0ae77f367e99e38398d9694d8ea86d003f3,PERP,-1.6435036246665362
0x1ddbf0ae77f367e99e38398d9694d8ea86d003f3,PIT,-1.6435036246665362
0x1ddbf0ae77f367e99e38398d9694d8ea86d003f3,POLS,-1.6435036246665362
0x1ddbf0ae77f367e99e38398d9694d8ea86d003f3,PYTH,-1.6435036246665362
0x1ddbf0ae77f367e99e38398d9694d8ea86d003f3,QUACK,-1.6435036246665362
0x1ddbf0ae77f367e99e38398d9694d8ea86d003f3,RDNT,-1.6435036246665362
0x1ddbf0ae77f367e99e38398d9694d8ea86d003f3,RNDR,-1.6435036246665362
0x1ddbf0ae77f367e99e38398d9694d8ea86d003f3,RPL,-1.6435036246665362
0x1ddbf0ae77f367e99e38398d9694d8ea86d003f3,RUNE,-1.6435036246665362
0x1ddbf0ae77f367e99e38398d9694d8ea86d003f3,SFP,-1.6435036246665362
0x1ddbf0ae77f367e99e38398d9694d8ea86d003f3,SFUND,-1.6435036246665362
0x1ddbf0ae77f367e99e38398d9694d8ea86d003f3,SHIB,-1.6435036246665362
0x1ddbf0ae77f367e99e38398d9694d8ea86d003f3,SOL,-1.6435036246665362
0x1ddbf0ae77f367e99e38398d9694d8ea86d003f3,STG,-1.6435036246665362
0x1ddbf0ae77f367e99e38398d9694d8ea86d003f3,SUI,-1.6435036246665362
0x1ddbf0ae77f367e99e38398d9694d8ea86d003f3,SUSHI,-1.6435036246665362
0x1ddbf0ae77f367e99e38398d9694d8ea86d003f3,TIA,-1.6435036246665362
0x1ddbf0ae77f367e99e38398d9694d8ea86d003f3,TOKEN,-1.6435036246665362
0x1ddbf0ae77f367e99e38398d9694d8ea86d003f3,TRX,-1.6435036246665362
0x1ddbf0ae77f367e99e38398d9694d8ea86d003f3,UNI,-1.6435036246665362
0x1ddbf0ae77f367e99e38398d9694d8ea86d003f3,USDT,-1.6435036246665362
0x1ddbf0ae77f367e99e38398d9694d8ea86d003f3,XLM,-1.6435036246665362
0x1ddbf0ae77f367e99e38398d9694d8ea86d003f3,XMR,-1.6435036246665362
0x1ddbf0ae77f367e99e38398d9694d8ea86d003f3,XRP,-1.6435036246665362
0x1ddbf0ae77f367e99e38398d9694d8ea86d003f3,XTZ,-1.6435036246665362
0x1ddbf0ae77f367e99e38398d9694d8ea86d003f3,XVS,-1.6435036246665362
0x1ddbf0ae77f367e99e38398d9694d8ea86d003f3,YFI,-1.6435036246665362
0x2b23c36232eac432433a919aedd9a169031661c2,AAVE,-0.0197067086666698
0x2b23c36232eac432433a919aedd9a169031661c2,ADA,-0.0004705189095554
0x2b23c36232eac432433a919aedd9a169031661c2,ALGO,0.0045148489147482
0x2b23c36232eac432433a919aedd9a169031661c2,APE,-0.015458902856168
0x2b23c36232eac432433a919aedd9a169031661c2,APT,-0.014115506683906
0x2b23c36232eac432433a919aedd9a169031661c2,ATOM,-0.0225865862015907
0x2b23c36232eac432433a919aedd9a169031661c2,AVAX,-0.0019807175645578
0x2b23c36232eac432433a919aedd9a169031661c2,AXS,-0.0147495725947865
0x2b23c36232eac432433a919aedd9a169031661c2,BAL,-0.010809558534424
0x2b23c36232eac432433a919aedd9a169031661c2,BCH,-0.0048102867873272
0x2b23c36232eac432433a919aedd9a169031661c2,BLUR,-0.0167717652505169
0x2b23c36232eac432433a919aedd9a169031661c2,BNB,-0.00006362724127582818
0x2b23c36232eac432433a919aedd9a169031661c2,BONK,-0.0192401542673094
0x2b23c36232eac432433a919aedd9a169031661c2,BTC,0.0032739927446945
0x2b23c36232eac432433a919aedd9a169031661c2,C98,-0.0157258444761121
0x2b23c36232eac432433a919aedd9a169031661c2,CAKE,-0.002510738803306
0x2b23c36232eac432433a919aedd9a169031661c2,COMP,-0.0213524193934452
0x2b23c36232eac432433a919aedd9a169031661c2,CRV,-0.0095535381605648
0x2b23c36232eac432433a919aedd9a169031661c2,CVX,-0.0089112405871492
0x2b23c36232eac432433a919aedd9a169031661c2,DAI,-0.0012591458446354
0x2b23c36232eac432433a919aedd9a169031661c2,DAO,-0.0209886893778282
0x2b23c36232eac432433a919aedd9a169031661c2,DOGE,-0.0051879200567838
0x2b23c36232eac432433a919aedd9a169031661c2,DOT,0.000001382269002222056
0x2b23c36232eac432433a919aedd9a169031661c2,DYDX,-0.0136117929612822
0x2b23c36232eac432433a919aedd9a169031661c2,EOS,-0.000592587882282
0x2b23c36232eac432433a919aedd9a169031661c2,ETC,-0.0196863573514729
0x2b23c36232eac432433a919aedd9a169031661c2,ETH,0.0249118273455074
0x2b23c36232eac432433a919aedd9a169031661c2,FET,-0.0179091221849133
0x2b23c36232eac432433a919aedd9a169031661c2,FIL,-0.0241497901025768
0x2b23c36232eac432433a919aedd9a169031661c2,FRAX,-0.00006306148646728662
0x2b23c36232eac432433a919aedd9a169031661c2,FTM,-0.0050828598418902
0x2b23c36232eac432433a919aedd9a169031661c2,FXS,-0.012990717932402
0x2b23c36232eac432433a919aedd9a169031661c2,GRT,-0.0170449651046774
0x2b23c36232eac432433a919aedd9a169031661c2,HAI,-0.0276395028876826
0x2b23c36232eac432433a919aedd9a169031661c2,HERO,-0.0078357956560872
0x2b23c36232eac432433a919aedd9a169031661c2,ICP,-0.0065948890439334
0x2b23c36232eac432433a919aedd9a169031661c2,IMX,-0.006993318896718
0x2b23c36232eac432433a919aedd9a169031661c2,INJ,-0.004503313890549
0x2b23c36232eac432433a919aedd9a169031661c2,LDO,-0.0120836491332803
0x2b23c36232eac432433a919aedd9a169031661c2,LINK,-0.003304404252171
0x2b23c36232eac432433a919aedd9a169031661c2,LTC,0.0024305219871415
0x2b23c36232eac432433a919aedd9a169031661c2,MATIC,-0.0158032303069439
0x2b23c36232eac432433a919aedd9a169031661c2,MAV,-0.0051838895613456
0x2b23c36232eac432433a919aedd9a169031661c2,MBOX,-0.0069703133617546
0x2b23c36232eac432433a919aedd9a169031661c2,MKR,-0.0110971477589369
0x2b23c36232eac432433a919aedd9a169031661c2,MOON,-0.0353920067350825
0x2b23c36232eac432433a919aedd9a169031661c2,NEAR,-0.0047980309410641
0x2b23c36232eac432433a919aedd9a169031661c2,OP,0.0003455520503147
0x2b23c36232eac432433a919aedd9a169031661c2,PENDLE,-0.00811260987422
0x2b23c36232eac432433a919aedd9a169031661c2,PEPE,-0.0164014544608304
0x2b23c36232eac432433a919aedd9a169031661c2,PERP,-0.0231265733740578
0x2b23c36232eac432433a919aedd9a169031661c2,PIT,-0.0066176281867191
0x2b23c36232eac432433a919aedd9a169031661c2,POLS,-0.0205696805322787
0x2b23c36232eac432433a919aedd9a169031661c2,PYTH,-0.0046985585551778
0x2b23c36232eac432433a919aedd9a169031661c2,QUACK,0.00733438047655
0x2b23c36232eac432433a919aedd9a169031661c2,RDNT,-0.0066388205548565
0x2b23c36232eac432433a919aedd9a169031661c2,RNDR,-0.0162840987060524
0x2b23c36232eac432433a919aedd9a169031661c2,RPL,-0.007601974747398
0x2b23c36232eac432433a919aedd9a169031661c2,RUNE,-0.0087211186699843
0x2b23c36232eac432433a919aedd9a169031661c2,SFP,-0.0186754349436782
0x2b23c36232eac432433a919aedd9a169031661c2,SFUND,-0.0066909739345417
0x2b23c36232eac432433a919aedd9a169031661c2,SHIB,0.0021770831014716
0x2b23c36232eac432433a919aedd9a169031661c2,SOL,-0.010063089955226
0x2b23c36232eac432433a919aedd9a169031661c2,STG,-0.0171457726947443
0x2b23c36232eac432433a919aedd9a169031661c2,SUI,-0.009911431849163
0x2b23c36232eac432433a919aedd9a169031661c2,SUSHI,-0.0048390974066283
0x2b23c36232eac432433a919aedd9a169031661c2,TIA,-0.0103686787014619
0x2b23c36232eac432433a919aedd9a169031661c2,TOKEN,-0.0100433368760493
0x2b23c36232eac432433a919aedd9a169031661c2,TRX,0.000019020155266116984
0x2b23c36232eac432433a919aedd9a169031661c2,UNI,0.0013663963977439
0x2b23c36232eac432433a919aedd9a169031661c2,USDT,-0.0096425287496716
0x2b23c36232eac432433a919aedd9a169031661c2,XLM,-0.0241381143515685
0x2b23c36232eac432433a919aedd9a169031661c2,XMR,-0.0083178163041754
0x2b23c36232eac432433a919aedd9a169031661c2,XRP,0.0032854560232958
0x2b23c36232eac432433a919aedd9a169031661c2,XTZ,0.000466674209874
0x2b23c36232eac432433a919aedd9a169031661c2,XVS,-0.0062739699107862
0x2b23c36232eac432433a919aedd9a169031661c2,YFI,-0.0067161767249694
0x3e04d3e08ea54c34f721ac007107fe7a4bd957d5,AAVE,-0.0111878303985337
0x3e04d3e08ea54c34f721ac007107fe7a4bd957d5,ADA,-0.0147735626448946
0x3e04d3e08ea54c34f721ac007107fe7a4bd957d5,ALGO,-0.0193061977898247
0x3e04d3e08ea54c34f721ac007107fe7a4bd957d5,APE,-0.0139442890760754
0x3e04d3e08ea54c34f721ac007107fe7a4bd957d5,APT,-0.0111878303985337
0x3e04d3e08ea54c34f721ac007107fe7a4bd957d5,ATOM,-0.0111878303985337
0x3e04d3e08ea54c34f721ac007107fe7a4bd957d5,AVAX,-0.0111878303985337
0x3e04d3e08ea54c34f721ac007107fe7a4bd957d5,AXS,-0.0108088608538547
0x3e04d3e08ea54c34f721ac007107fe7a4bd957d5,BAL,-0.0108088608538547
0x3e04d3e08ea54c34f721ac007107fe7a4bd957d5,BCH,-0.0131232244569038
0x3e04d3e08ea54c34f721ac007107fe7a4bd957d5,BLUR,-0.0108088608538547
0x3e04d3e08ea54c34f721ac007107fe7a4bd957d5,BNB,-0.0133308578031489
0x3e04d3e08ea54c34f721ac007107fe7a4bd957d5,BONK,-0.0111878303985337
0x3e04d3e08ea54c34f721ac007107fe7a4bd957d5,BTC,-0.0133066182277995
0x3e04d3e08ea54c34f721ac007107fe7a4bd957d5,C98,-0.0108088608538547
0x3e04d3e08ea54c34f721ac007107fe7a4bd957d5,CAKE,-0.0107405726674057
0x3e04d3e08ea54c34f721ac007107fe7a4bd957d5,COMP,-0.0124028162088799
0x3e04d3e08ea54c34f721ac007107fe7a4bd957d5,CRV,-0.0111878303985337
0x3e04d3e08ea54c34f721ac007107fe7a4bd957d5,CVX,-0.0108088608538547
0x3e04d3e08ea54c34f721ac007107fe7a4bd957d5,DAI,-0.0108088608538547
0x3e04d3e08ea54c34f721ac007107fe7a4bd957d5,DAO,-0.0166859993014468
0x3e04d3e08ea54c34f721ac007107fe7a4bd957d5,DOGE,-0.0108088608538547
0x3e04d3e08ea54c34f721ac007107fe7a4bd957d5,DOT,-0.0124028162088799
0x3e04d3e08ea54c34f721ac007107fe7a4bd957d5,DYDX,-0.0108088608538547
0x3e04d3e08ea54c34f721ac007107fe7a4bd957d5,EOS,-0.0108088608538547
0x3e04d3e08ea54c34f721ac007107fe7a4bd957d5,ETC,-0.0137434421021701
0x3e04d3e08ea54c34f721ac007107fe7a4bd957d5,ETH,-0.0130922245416707
0x3e04d3e08ea54c34f721ac007107fe7a4bd957d5,FET,-0.0108088608538547
0x3e04d3e08ea54c34f721ac007107fe7a4bd957d5,FIL,-0.0108088608538547
0x3e04d3e08ea54c34f721ac007107fe7a4bd957d5,FRAX,-0.0131232244569038
0x3e04d3e08ea54c34f721ac007107fe7a4bd957d5,FTM,-0.0158843670127418
0x3e04d3e08ea54c34f721ac007107fe7a4bd957d5,FXS,-0.0131232244569038
0x3e04d3e08ea54c34f721ac007107fe7a4bd957d5,GRT,-0.0108088608538547
0x3e04d3e08ea54c34f721ac007107fe7a4bd957d5,HAI,-0.0100667464429683
0x3e04d3e08ea54c34f721ac007107fe7a4bd957d5,HERO,-0.0108088608538547
0x3e04d3e08ea54c34f721ac007107fe7a4bd957d5,ICP,-0.0108088608538547
0x3e04d3e08ea54c34f721ac007107fe7a4bd957d5,IMX,-0.0108088608538547
0x3e04d3e08ea54c34f721ac007107fe7a4bd957d5,INJ,-0.0098488147466668
0x3e04d3e08ea54c34f721ac007107fe7a4bd957d5,LDO,-0.0108088608538547
0x3e04d3e08ea54c34f721ac007107fe7a4bd957d5,LINK,-0.0100667464429683
0x3e04d3e08ea54c34f721ac007107fe7a4bd957d5,LTC,-0.0139442890760754
0x3e04d3e08ea54c34f721ac007107fe7a4bd957d5,MATIC,-0.0100667464429683
0x3e04d3e08ea54c34f721ac007107fe7a4bd957d5,MAV,-0.0108088608538547
0x3e04d3e08ea54c34f721ac007107fe7a4bd957d5,MBOX,-0.0108088608538547
0x3e04d3e08ea54c34f721ac007107fe7a4bd957d5,MKR,-0.0108088608538547
0x3e04d3e08ea54c34f721ac007107fe7a4bd957d5,MOON,-0.0134656969417254
0x3e04d3e08ea54c34f721ac007107fe7a4bd957d5,NEAR,-0.0111878303985337
0x3e04d3e08ea54c34f721ac007107fe7a4bd957d5,OP,-0.0136545095163424
0x3e04d3e08ea54c34f721ac007107fe7a4bd957d5,PENDLE,-0.0108088608538547
0x3e04d3e08ea54c34f721ac007107fe7a4bd957d5,PEPE,-0.0111878303985337
0x3e04d3e08ea54c34f721ac007107fe7a4bd957d5,PERP,-0.0108088608538547
0x3e04d3e08ea54c34f721ac007107fe7a4bd957d5,PIT,-0.0108088608538547
0x3e04d3e08ea54c34f721ac007107fe7a4bd957d5,POLS,-0.0108088608538547
0x3e04d3e08ea54c34f721ac007107fe7a4bd957d5,PYTH,-0.0108088608538547
0x3e04d3e08ea54c34f721ac007107fe7a4bd957d5,QUACK,-0.0108088608538547
0x3e04d3e08ea54c34f721ac007107fe7a4bd957d5,RDNT,-0.0108088608538547
0x3e04d3e08ea54c34f721ac007107fe7a4bd957d5,RNDR,-0.0108088608538547
0x3e04d3e08ea54c34f721ac007107fe7a4bd957d5,RPL,-0.0108088608538547
0x3e04d3e08ea54c34f721ac007107fe7a4bd957d5,RUNE,-0.0108088608538547
0x3e04d3e08ea54c34f721ac007107fe7a4bd957d5,SFP,-0.0108088608538547
0x3e04d3e08ea54c34f721ac007107fe7a4bd957d5,SFUND,-0.0108088608538547
0x3e04d3e08ea54c34f721ac007107fe7a4bd957d5,SHIB,-0.0111878303985337
0x3e04d3e08ea54c34f721ac007107fe7a4bd957d5,SOL,-0.0137712101823757
0x3e04d3e08ea54c34f721ac007107fe7a4bd957d5,STG,-0.0140917354370674
0x3e04d3e08ea54c34f721ac007107fe7a4bd957d5,SUI,-0.0111878303985337
0x3e04d3e08ea54c34f721ac007107fe7a4bd957d5,SUSHI,-0.0108088608538547
0x3e04d3e08ea54c34f721ac007107fe7a4bd957d5,TIA,-0.0108088608538547
0x3e04d3e08ea54c34f721ac007107fe7a4bd957d5,TOKEN,-0.0108088608538547
0x3e04d3e08ea54c34f721ac007107fe7a4bd957d5,TRX,-0.0204723827273637
0x3e04d3e08ea54c34f721ac007107fe7a4bd957d5,UNI,-0.0108088608538547
0x3e04d3e08ea54c34f721ac007107fe7a4bd957d5,USDT,-0.0140216371517964
0x3e04d3e08ea54c34f721ac007107fe7a4bd957d5,XLM,-0.0111878303985337
0x3e04d3e08ea54c34f721ac007107fe7a4bd957d5,XMR,-0.0139442890760754
0x3e04d3e08ea54c34f721ac007107fe7a4bd957d5,XRP,-0.0149290289688343
0x3e04d3e08ea54c34f721ac007107fe7a4bd957d5,XTZ,-0.0111878303985337
0x3e04d3e08ea54c34f721ac007107fe7a4bd957d5,XVS,-0.0108088608538547
0x3e04d3e08ea54c34f721ac007107fe7a4bd957d5,YFI,-0.0108088608538547
0x3ebab08d24031caa95c4290b28f66e71bbe418e5,AAVE,-0.012600433
0x3ebab08d24031caa95c4290b28f66e71bbe418e5,ADA,-0.005594332
0x3ebab08d24031caa95c4290b28f66e71bbe418e5,ALGO,-0.027609216
0x3ebab08d24031caa95c4290b28f66e71bbe418e5,APE,-0.01905749
0x3ebab08d24031caa95c4290b28f66e71bbe418e5,APT,-0.02888936
0x3ebab08d24031caa95c4290b28f66e71bbe418e5,ATOM,-0.021881763
0x3ebab08d24031caa95c4290b28f66e71bbe418e5,AVAX,-0.034699176
0x3ebab08d24031caa95c4290b28f66e71bbe418e5,AXS,-0.029534081
0x3ebab08d24031caa95c4290b28f66e71bbe418e5,BAL,-0.030560408
0x3ebab08d24031caa95c4290b28f66e71bbe418e5,BCH,-0.017871808
0x3ebab08d24031caa95c4290b28f66e71bbe418e5,BLUR,-0.02170087
0x3ebab08d24031caa95c4290b28f66e71bbe418e5,BNB,-0.0072594113
0x3ebab08d24031caa95c4290b28f66e71bbe418e5,BONK,-0.024197096
0x3ebab08d24031caa95c4290b28f66e71bbe418e5,BTC,0.05058677
0x3ebab08d24031caa95c4290b28f66e71bbe418e5,C98,-0.006772584
0x3ebab08d24031caa95c4290b28f66e71bbe418e5,CAKE,-0.01102965
0x3ebab08d24031caa95c4290b28f66e71bbe418e5,COMP,-0.03650957
0x3ebab08d24031caa95c4290b28f66e71bbe418e5,CRV,-0.01651866
0x3ebab08d24031caa95c4290b28f66e71bbe418e5,CVX,-0.0089235315
0x3ebab08d24031caa95c4290b28f66e71bbe418e5,DAI,-0.00052004564
0x3ebab08d24031caa95c4290b28f66e71bbe418e5,DAO,-0.075421244
0x3ebab08d24031caa95c4290b28f66e71bbe418e5,DOGE,-0.03129966
0x3ebab08d24031caa95c4290b28f66e71bbe418e5,DOT,-0.02691713
0x3ebab08d24031caa95c4290b28f66e71bbe418e5,DYDX,-0.051961336
0x3ebab08d24031caa95c4290b28f66e71bbe418e5,EOS,-0.028184881
0x3ebab08d24031caa95c4290b28f66e71bbe418e5,ETC,0.00051098684
0x3ebab08d24031caa95c4290b28f66e71bbe418e5,ETH,-0.008722325
0x3ebab08d24031caa95c4290b28f66e71bbe418e5,FET,-0.04351933
0x3ebab08d24031caa95c4290b28f66e71bbe418e5,FIL,-0.0068964604
0x3ebab08d24031caa95c4290b28f66e71bbe418e5,FRAX,-0.00024207667
0x3ebab08d24031caa95c4290b28f66e71bbe418e5,FTM,0.00015639592
0x3ebab08d24031caa95c4290b28f66e71bbe418e5,FXS,-0.011819631
0x3ebab08d24031caa95c4290b28f66e71bbe418e5,GRT,-0.02254075
0x3ebab08d24031caa95c4290b28f66e71bbe418e5,HAI,-0.014588373
0x3ebab08d24031caa95c4290b28f66e71bbe418e5,HERO,-0.011757832
0x3ebab08d24031caa95c4290b28f66e71bbe418e5,ICP,-0.0038238352
0x3ebab08d24031caa95c4290b28f66e71bbe418e5,IMX,-0.0020719306
0x3ebab08d24031caa95c4290b28f66e71bbe418e5,INJ,-0.0044507184
0x3ebab08d24031caa95c4290b28f66e71bbe418e5,LDO,-0.021514222
0x3ebab08d24031caa95c4290b28f66e71bbe418e5,LINK,-0.011334726
0x3ebab08d24031caa95c4290b28f66e71bbe418e5,LTC,-0.025281643
0x3ebab08d24031caa95c4290b28f66e71bbe418e5,MATIC,-0.007739677
0x3ebab08d24031caa95c4290b28f66e71bbe418e5,MAV,-0.014638711
0x3ebab08d24031caa95c4290b28f66e71bbe418e5,MBOX,-0.0065952027
0x3ebab08d24031caa95c4290b28f66e71bbe418e5,MKR,-0.027331455
0x3ebab08d24031caa95c4290b28f66e71bbe418e5,MOON,-0.04137775
0x3ebab08d24031caa95c4290b28f66e71bbe418e5,NEAR,-0.006661051
0x3ebab08d24031caa95c4290b28f66e71bbe418e5,OP,-0.007908854
0x3ebab08d24031caa95c4290b28f66e71bbe418e5,PENDLE,-0.006435929
0x3ebab08d24031caa95c4290b28f66e71bbe418e5,PEPE,-0.025763966
0x3ebab08d24031caa95c4290b28f66e71bbe418e5,PERP,-0.03316718
0x3ebab08d24031caa95c4290b28f66e71bbe418e5,PIT,-0.001602877
0x3ebab08d24031caa95c4290b28f66e71bbe418e5,POLS,-0.0263652
0x3ebab08d24031caa95c4290b28f66e71bbe418e5,PYTH,-0.00738935
0x3ebab08d24031caa95c4290b28f66e71bbe418e5,QUACK,-0.006701057
0x3ebab08d24031caa95c4290b28f66e71bbe418e5,RDNT,-0.008849253
0x3ebab08d24031caa95c4290b28f66e71bbe418e5,RNDR,-0.013707067
0x3ebab08d24031caa95c4290b28f66e71bbe418e5,RPL,-0.013855172
0x3ebab08d24031caa95c4290b28f66e71bbe418e5,RUNE,-0.016228175
0x3ebab08d24031caa95c4290b28f66e71bbe418e5,SFP,-0.0044729556
0x3ebab08d24031caa95c4290b28f66e71bbe418e5,SFUND,0.0030243285
0x3ebab08d24031caa95c4290b28f66e71bbe418e5,SHIB,-0.009027121
0x3ebab08d24031caa95c4290b28f66e71bbe418e5,SOL,-0.0041987807
0x3ebab08d24031caa95c4290b28f66e71bbe418e5,STG,-0.023302756
0x3ebab08d24031caa95c4290b28f66e71bbe418e5,SUI,-0.015648093
0x3ebab08d24031caa95c4290b28f66e71bbe418e5,SUSHI,-0.007438988
0x3ebab08d24031caa95c4290b28f66e71bbe418e5,TIA,-0.00725882
0x3ebab08d24031caa95c4290b28f66e71bbe418e5,TOKEN,-0.010443849
0x3ebab08d24031caa95c4290b28f66e71bbe418e5,TRX,-0.0010789946
0x3ebab08d24031caa95c4290b28f66e71bbe418e5,UNI,-0.010051906
0x3ebab08d24031caa95c4290b28f66e71bbe418e5,USDT,0.03799042
0x3ebab08d24031caa95c4290b28f66e71bbe418e5,XLM,-0.038097233
0x3ebab08d24031caa95c4290b28f66e71bbe418e5,XMR,-0.01424919
0x3ebab08d24031caa95c4290b28f66e71bbe418e5,XRP,-0.018770404
0x3ebab08d24031caa95c4290b28f66e71bbe418e5,XTZ,0.0000076280708
0x3ebab08d24031caa95c4290b28f66e71bbe418e5,XVS,-0.0068901186
0x3ebab08d24031caa95c4290b28f66e71bbe418e5,YFI,0.000030438237
0x49451c6af70feef6ef29b8c78bc17d4bdaf9fdaa,AAVE,-7.040254
0x49451c6af70feef6ef29b8c78bc17d4bdaf9fdaa,ADA,-4.902535
0x49451c6af70feef6ef29b8c78bc17d4bdaf9fdaa,ALGO,-0.055283632
0x49451c6af70feef6ef29b8c78bc17d4bdaf9fdaa,APE,-0.39362758
0x49451c6af70feef6ef29b8c78bc17d4bdaf9fdaa,APT,-10.961913
0x49451c6af70feef6ef29b8c78bc17d4bdaf9fdaa,ATOM,-427.67706
0x49451c6af70feef6ef29b8c78bc17d4bdaf9fdaa,AVAX,2.110317
0x49451c6af70feef6ef29b8c78bc17d4bdaf9fdaa,AXS,1.8385853
0x49451c6af70feef6ef29b8c78bc17d4bdaf9fdaa,BAL,-3.364712
0x49451c6af70feef6ef29b8c78bc17d4bdaf9fdaa,BCH,-56.607662
0x49451c6af70feef6ef29b8c78bc17d4bdaf9fdaa,BLUR,31.672937
0x49451c6af70feef6ef29b8c78bc17d4bdaf9fdaa,BNB,-4.8443074
0x49451c6af70feef6ef29b8c78bc17d4bdaf9fdaa,BONK,-2.8605099
0x49451c6af70feef6ef29b8c78bc17d4bdaf9fdaa,BTC,-2353.2966
0x49451c6af70feef6ef29b8c78bc17d4bdaf9fdaa,C98,3.8073924
0x49451c6af70feef6ef29b8c78bc17d4bdaf9fdaa,CAKE,-1.6708969
0x49451c6af70feef6ef29b8c78bc17d4bdaf9fdaa,COMP,-13.464033
0x49451c6af70feef6ef29b8c78bc17d4bdaf9fdaa,CRV,-8.123463
0x49451c6af70feef6ef29b8c78bc17d4bdaf9fdaa,CVX,-2.393866
0x49451c6af70feef6ef29b8c78bc17d4bdaf9fdaa,DAI,1.3139356
0x49451c6af70feef6ef29b8c78bc17d4bdaf9fdaa,DAO,-83.02068
0x49451c6af70feef6ef29b8c78bc17d4bdaf9fdaa,DOGE,0.95810044
0x49451c6af70feef6ef29b8c78bc17d4bdaf9fdaa,DOT,-87.598526
0x49451c6af70feef6ef29b8c78bc17d4bdaf9fdaa,DYDX,-2.0907147
0x49451c6af70feef6ef29b8c78bc17d4bdaf9fdaa,EOS,45.161842
0x49451c6af70feef6ef29b8c78bc17d4bdaf9fdaa,ETC,-53.142616
0x49451c6af70feef6ef29b8c78bc17d4bdaf9fdaa,ETH,65.47903
0x49451c6af70feef6ef29b8c78bc17d4bdaf9fdaa,FET,14.238786
0x49451c6af70feef6ef29b8c78bc17d4bdaf9fdaa,FIL,0.6993779
0x49451c6af70feef6ef29b8c78bc17d4bdaf9fdaa,FRAX,-1.3031151
0x49451c6af70feef6ef29b8c78bc17d4bdaf9fdaa,FTM,-228.092
0x49451c6af70feef6ef29b8c78bc17d4bdaf9fdaa,FXS,-19.397587
0x49451c6af70feef6ef29b8c78bc17d4bdaf9fdaa,GRT,2.859507
0x49451c6af70feef6ef29b8c78bc17d4bdaf9fdaa,HAI,1.7766938
0x49451c6af70feef6ef29b8c78bc17d4bdaf9fdaa,HERO,-0.12534268
0x49451c6af70feef6ef29b8c78bc17d4bdaf9fdaa,ICP,-0.8613359
0x49451c6af70feef6ef29b8c78bc17d4bdaf9fdaa,IMX,0.19985957
0x49451c6af70feef6ef29b8c78bc17d4bdaf9fdaa,INJ,-0.10640022
0x49451c6af70feef6ef29b8c78bc17d4bdaf9fdaa,LDO,-1.4462379
0x49451c6af70feef6ef29b8c78bc17d4bdaf9fdaa,LINK,1.3463933
0x49451c6af70feef6ef29b8c78bc17d4bdaf9fdaa,LTC,-19.997911
0x49451c6af70feef6ef29b8c78bc17d4bdaf9fdaa,MATIC,-3.2485974
0x49451c6af70feef6ef29b8c78bc17d4bdaf9fdaa,MAV,-2.3405852
0x49451c6af70feef6ef29b8c78bc17d4bdaf9fdaa,MBOX,4.115897
0x49451c6af70feef6ef29b8c78bc17d4bdaf9fdaa,MKR,6.7129736
0x49451c6af70feef6ef29b8c78bc17d4bdaf9fdaa,MOON,22.380219
0x49451c6af70feef6ef29b8c78bc17d4bdaf9fdaa,NEAR,-4.885636
0x49451c6af70feef6ef29b8c78bc17d4bdaf9fdaa,OP,1071.9711
0x49451c6af70feef6ef29b8c78bc17d4bdaf9fdaa,PENDLE,-1.6589448
0x49451c6af70feef6ef29b8c78bc17d4bdaf9fdaa,PEPE,2.5884752
0x49451c6af70feef6ef29b8c78bc17d4bdaf9fdaa,PERP,0.1134767
0x49451c6af70feef6ef29b8c78bc17d4bdaf9fdaa,PIT,0.30640313
0x49451c6af70feef6ef29b8c78bc17d4bdaf9fdaa,POLS,-0.263388
0x49451c6af70feef6ef29b8c78bc17d4bdaf9fdaa,PYTH,0.6419391
0x49451c6af70feef6ef29b8c78bc17d4bdaf9fdaa,QUACK,-27.670769
0x49451c6af70feef6ef29b8c78bc17d4bdaf9fdaa,RDNT,0.8267794
0x49451c6af70feef6ef29b8c78bc17d4bdaf9fdaa,RNDR,15.235253
0x49451c6af70feef6ef29b8c78bc17d4bdaf9fdaa,RPL,-14.526848
0x49451c6af70feef6ef29b8c78bc17d4bdaf9fdaa,RUNE,-1.8092307
0x49451c6af70feef6ef29b8c78bc17d4bdaf9fdaa,SFP,-1.7506999
0x49451c6af70feef6ef29b8c78bc17d4bdaf9fdaa,SFUND,-0.029813383
0x49451c6af70feef6ef29b8c78bc17d4bdaf9fdaa,SHIB,2.8700793
0x49451c6af70feef6ef29b8c78bc17d4bdaf9fdaa,SOL,-278.8465
0x49451c6af70feef6ef29b8c78bc17d4bdaf9fdaa,STG,-15.546197
0x49451c6af70feef6ef29b8c78bc17d4bdaf9fdaa,SUI,-7.7499056
0x49451c6af70feef6ef29b8c78bc17d4bdaf9fdaa,SUSHI,0.028178297
0x49451c6af70feef6ef29b8c78bc17d4bdaf9fdaa,TIA,1.714223
0x49451c6af70feef6ef29b8c78bc17d4bdaf9fdaa,TOKEN,0.7395002
0x49451c6af70feef6ef29b8c78bc17d4bdaf9fdaa,TRX,-103.71797
0x49451c6af70feef6ef29b8c78bc17d4bdaf9fdaa,UNI,29.408997
0x49451c6af70feef6ef29b8c78bc17d4bdaf9fdaa,USDT,-1842.9731
0x49451c6af70feef6ef29b8c78bc17d4bdaf9fdaa,XLM,-1.1121529
0x49451c6af70feef6ef29b8c78bc17d4bdaf9fdaa,XMR,17.521873
0x49451c6af70feef6ef29b8c78bc17d4bdaf9fdaa,XRP,-29.226582
0x49451c6af70feef6ef29b8c78bc17d4bdaf9fdaa,XTZ,-2.0285277
0x49451c6af70feef6ef29b8c78bc17d4bdaf9fdaa,XVS,0.17170183
0x49451c6af70feef6ef29b8c78bc17d4bdaf9fdaa,YFI,-0.50534785
0x521c9c1d68f8684b098be00a5cf479e9aaebf0f7,AAVE,0.014176129
0x521c9c1d68f8684b098be00a5cf479e9aaebf0f7,ADA,-0.005283167
0x521c9c1d68f8684b098be00a5cf479e9aaebf0f7,ALGO,-0.025088144
0x521c9c1d68f8684b098be00a5cf479e9aaebf0f7,APE,0.0022470409
0x521c9c1d68f8684b098be00a5cf479e9aaebf0f7,APT,0.003717257
0x521c9c1d68f8684b098be00a5cf479e9aaebf0f7,ATOM,0.0024858373
0x521c9c1d68f8684b098be00a5cf479e9aaebf0f7,AVAX,-0.0081234565
0x521c9c1d68f8684b098be00a5cf479e9aaebf0f7,AXS,-0.003788799
0x521c9c1d68f8684b098be00a5cf479e9aaebf0f7,BAL,0.00315647
0x521c9c1d68f8684b098be00a5cf479e9aaebf0f7,BCH,0.0048435465
0x521c9c1d68f8684b098be00a5cf479e9aaebf0f7,BLUR,-0.01739801
0x521c9c1d68f8684b098be00a5cf479e9aaebf0f7,BNB,-0.00031491497
0x521c9c1d68f8684b098be00a5cf479e9aaebf0f7,BONK,-0.0140928505
0x521c9c1d68f8684b098be00a5cf479e9aaebf0f7,BTC,-0.003112458
0x521c9c1d68f8684b098be00a5cf479e9aaebf0f7,C98,-0.0035915752
0x521c9c1d68f8684b098be00a5cf479e9aaebf0f7,CAKE,-0.0076071247
0x521c9c1d68f8684b098be00a5cf479e9aaebf0f7,COMP,0.0022666422
0x521c9c1d68f8684b098be00a5cf479e9aaebf0f7,CRV,-0.0067955554
0x521c9c1d68f8684b098be00a5cf479e9aaebf0f7,CVX,-0.016934877
0x521c9c1d68f8684b098be00a5cf479e9aaebf0f7,DAI,-0.0044700303
0x521c9c1d68f8684b098be00a5cf479e9aaebf0f7,DAO,-0.01871757
0x521c9c1d68f8684b098be00a5cf479e9aaebf0f7,DOGE,-0.008532565
0x521c9c1d68f8684b098be00a5cf479e9aaebf0f7,DOT,0.008054071
0x521c9c1d68f8684b098be00a5cf479e9aaebf0f7,DYDX,-0.019705512
0x521c9c1d68f8684b098be00a5cf479e9aaebf0f7,EOS,-0.024988348
0x521c9c1d68f8684b098be00a5cf479e9aaebf0f7,ETC,-0.008162892
0x521c9c1d68f8684b098be00a5cf479e9aaebf0f7,ETH,-0.0063320473
0x521c9c1d68f8684b098be00a5cf479e9aaebf0f7,FET,-0.01673867
0x521c9c1d68f8684b098be00a5cf479e9aaebf0f7,FIL,-0.009781237
0x521c9c1d68f8684b098be00a5cf479e9aaebf0f7,FRAX,-0.003999336
0x521c9c1d68f8684b098be00a5cf479e9aaebf0f7,FTM,-0.00859719
0x521c9c1d68f8684b098be00a5cf479e9aaebf0f7,FXS,0.02153864
0x521c9c1d68f8684b098be00a5cf479e9aaebf0f7,GRT,-0.006395198
0x521c9c1d68f8684b098be00a5cf479e9aaebf0f7,HAI,-0.009773173
0x521c9c1d68f8684b098be00a5cf479e9aaebf0f7,HERO,0.02331628
0x521c9c1d68f8684b098be00a5cf479e9aaebf0f7,ICP,-0.0014468324
0x521c9c1d68f8684b098be00a5cf479e9aaebf0f7,IMX,0.015623367
0x521c9c1d68f8684b098be00a5cf479e9aaebf0f7,INJ,-0.003742365
0x521c9c1d68f8684b098be00a5cf479e9aaebf0f7,LDO,-0.02204406
0x521c9c1d68f8684b098be00a5cf479e9aaebf0f7,LINK,-0.0073881703
0x521c9c1d68f8684b098be00a5cf479e9aaebf0f7,LTC,-0.0029943106
0x521c9c1d68f8684b098be00a5cf479e9aaebf0f7,MATIC,-0.0046923044
0x521c9c1d68f8684b098be00a5cf479e9aaebf0f7,MAV,-0.015479701
0x521c9c1d68f8684b098be00a5cf479e9aaebf0f7,MBOX,0.022021549
0x521c9c1d68f8684b098be00a5cf479e9aaebf0f7,MKR,-0.012104239
0x521c9c1d68f8684b098be00a5cf479e9aaebf0f7,MOON,-0.01848572
0x521c9c1d68f8684b098be00a5cf479e9aaebf0f7,NEAR,-0.013379147
0x521c9c1d68f8684b098be00a5cf479e9aaebf0f7,OP,-0.00086046656
0x521c9c1d68f8684b098be00a5cf479e9aaebf0f7,PENDLE,0.016059045
0x521c9c1d68f8684b098be00a5cf479e9aaebf0f7,PEPE,-0.010240964
0x521c9c1d68f8684b098be00a5cf479e9aaebf0f7,PERP,0.0012752018
0x521c9c1d68f8684b098be00a5cf479e9aaebf0f7,PIT,-0.001994056
0x521c9c1d68f8684b098be00a5cf479e9aaebf0f7,POLS,-0.03192887
0x521c9c1d68f8684b098be00a5cf479e9aaebf0f7,PYTH,-0.010409382
0x521c9c1d68f8684b098be00a5cf479e9aaebf0f7,QUACK,-0.00449659
0x521c9c1d68f8684b098be00a5cf479e9aaebf0f7,RDNT,0.019061903
0x521c9c1d68f8684b098be00a5cf479e9aaebf0f7,RNDR,-0.014351671
0x521c9c1d68f8684b098be00a5cf479e9aaebf0f7,RPL,-0.019447954
0x521c9c1d68f8684b098be00a5cf479e9aaebf0f7,RUNE,-0.010078506
0x521c9c1d68f8684b098be00a5cf479e9aaebf0f7,SFP,-0.023697667
0x521c9c1d68f8684b098be00a5cf479e9aaebf0f7,SFUND,0.017186444
0x521c9c1d68f8684b098be00a5cf479e9aaebf0f7,SHIB,-0.010762104
0x521c9c1d68f8684b098be00a5cf479e9aaebf0f7,SOL,-0.002719483
0x521c9c1d68f8684b098be00a5cf479e9aaebf0f7,STG,-0.022084959
0x521c9c1d68f8684b098be00a5cf479e9aaebf0f7,SUI,-0.0021085765
0x521c9c1d68f8684b098be00a5cf479e9aaebf0f7,SUSHI,-0.018564755
0x521c9c1d68f8684b098be00a5cf479e9aaebf0f7,TIA,0.0076234615
0x521c9c1d68f8684b098be00a5cf479e9aaebf0f7,TOKEN,0.02408495
0x521c9c1d68f8684b098be00a5cf479e9aaebf0f7,TRX,-0.010130232
0x521c9c1d68f8684b098be00a5cf479e9aaebf0f7,UNI,0.0074995267
0x521c9c1d68f8684b098be00a5cf479e9aaebf0f7,USDT,0.0010687283
0x521c9c1d68f8684b098be00a5cf479e9aaebf0f7,XLM,-0.011397485
0x521c9c1d68f8684b098be00a5cf479e9aaebf0f7,XMR,0.0016560833
0x521c9c1d68f8684b098be00a5cf479e9aaebf0f7,XRP,0.00018232799
0x521c9c1d68f8684b098be00a5cf479e9aaebf0f7,XTZ,0.005032237
0x521c9c1d68f8684b098be00a5cf479e9aaebf0f7,XVS,-0.0077825254
0x521c9c1d68f8684b098be00a5cf479e9aaebf0f7,YFI,-0.005387155
0x56d3fc9aa7062fd7b893c1ae33b365776ae1ee9d,AAVE,-0.0077322647733563
0x56d3fc9aa7062fd7b893c1ae33b365776ae1ee9d,ADA,-0.0216303771379777
0x56d3fc9aa7062fd7b893c1ae33b365776ae1ee9d,ALGO,-0.0001221865909298
0x56d3fc9aa7062fd7b893c1ae33b365776ae1ee9d,APE,-0.0130840373695438
0x56d3fc9aa7062fd7b893c1ae33b365776ae1ee9d,APT,-0.0175266697917906
0x56d3fc9aa7062fd7b893c1ae33b365776ae1ee9d,ATOM,-0.0159019801476178
0x56d3fc9aa7062fd7b893c1ae33b365776ae1ee9d,AVAX,-0.0057128060916693
0x56d3fc9aa7062fd7b893c1ae33b365776ae1ee9d,AXS,-0.0164568707679888
0x56d3fc9aa7062fd7b893c1ae33b365776ae1ee9d,BAL,-0.0223374202150216
0x56d3fc9aa7062fd7b893c1ae33b365776ae1ee9d,BCH,-0.0066523338741104
0x56d3fc9aa7062fd7b893c1ae33b365776ae1ee9d,BLUR,-0.0179273426983919
0x56d3fc9aa7062fd7b893c1ae33b365776ae1ee9d,BNB,-0.000018257919260228856
0x56d3fc9aa7062fd7b893c1ae33b365776ae1ee9d,BONK,-0.019891115769349
0x56d3fc9aa7062fd7b893c1ae33b365776ae1ee9d,BTC,0.0259305415332108
0x56d3fc9aa7062fd7b893c1ae33b365776ae1ee9d,C98,-0.0180424503143363
0x56d3fc9aa7062fd7b893c1ae33b365776ae1ee9d,CAKE,0.0015408803010077
0x56d3fc9aa7062fd7b893c1ae33b365776ae1ee9d,COMP,-0.0275083905856593
0x56d3fc9aa7062fd7b893c1ae33b365776ae1ee9d,CRV,-0.0073092621880123
0x56d3fc9aa7062fd7b893c1ae33b365776ae1ee9d,CVX,-0.0135345316687314
0x56d3fc9aa7062fd7b893c1ae33b365776ae1ee9d,DAI,-0.00001965972256066143
0x56d3fc9aa7062fd7b893c1ae33b365776ae1ee9d,DAO,-0.0291133001146918
0x56d3fc9aa7062fd7b893c1ae33b365776ae1ee9d,DOGE,0.0015884953328613
0x56d3fc9aa7062fd7b893c1ae33b365776ae1ee9d,DOT,0.0000078383530081412
0x56d3fc9aa7062fd7b893c1ae33b365776ae1ee9d,DYDX,-0.0273969947425568
0x56d3fc9aa7062fd7b893c1ae33b365776ae1ee9d,EOS,-0.0269548253612277
0x56d3fc9aa7062fd7b893c1ae33b365776ae1ee9d,ETC,-0.0010515854010068
0x56d3fc9aa7062fd7b893c1ae33b365776ae1ee9d,ETH,0.0162758661215711
0x56d3fc9aa7062fd7b893c1ae33b365776ae1ee9d,FET,-0.0314493625202672
0x56d3fc9aa7062fd7b893c1ae33b365776ae1ee9d,FIL,-0.0204092516387561
0x56d3fc9aa7062fd7b893c1ae33b365776ae1ee9d,FRAX,0.0001745381009882
0x56d3fc9aa7062fd7b893c1ae33b365776ae1ee9d,FTM,-0.0029419934314116
0x56d3fc9aa7062fd7b893c1ae33b365776ae1ee9d,FXS,-0.0090674771429399
0x56d3fc9aa7062fd7b893c1ae33b365776ae1ee9d,GRT,-0.0179876164839286
0x56d3fc9aa7062fd7b893c1ae33b365776ae1ee9d,HAI,-0.0201190927481492
0x56d3fc9aa7062fd7b893c1ae33b365776ae1ee9d,HERO,-0.0215451115097586
0x56d3fc9aa7062fd7b893c1ae33b365776ae1ee9d,ICP,-0.0088524997484179
0x56d3fc9aa7062fd7b893c1ae33b365776ae1ee9d,IMX,-0.0210468404349334
0x56d3fc9aa7062fd7b893c1ae33b365776ae1ee9d,INJ,0.003860885703145
0x56d3fc9aa7062fd7b893c1ae33b365776ae1ee9d,LDO,-0.0266728475432515
0x56d3fc9aa7062fd7b893c1ae33b365776ae1ee9d,LINK,0.0006248576182614
0x56d3fc9aa7062fd7b893c1ae33b365776ae1ee9d,LTC,0.00213574912101
0x56d3fc9aa7062fd7b893c1ae33b365776ae1ee9d,MATIC,-0.0164938993281774
0x56d3fc9aa7062fd7b893c1ae33b365776ae1ee9d,MAV,-0.0281261677971353
0x56d3fc9aa7062fd7b893c1ae33b365776ae1ee9d,MBOX,-0.0237883265205228
0x56d3fc9aa7062fd7b893c1ae33b365776ae1ee9d,MKR,-0.011381996376583
0x56d3fc9aa7062fd7b893c1ae33b365776ae1ee9d,MOON,-0.0072474856188931
0x56d3fc9aa7062fd7b893c1ae33b365776ae1ee9d,NEAR,-0.0107964008703536
0x56d3fc9aa7062fd7b893c1ae33b365776ae1ee9d,OP,-0.0032492999459209
0x56d3fc9aa7062fd7b893c1ae33b365776ae1ee9d,PENDLE,-0.017773887066758
0x56d3fc9aa7062fd7b893c1ae33b365776ae1ee9d,PEPE,-0.0296249917577301
0x56d3fc9aa7062fd7b893c1ae33b365776ae1ee9d,PERP,-0.0388007060413317
0x56d3fc9aa7062fd7b893c1ae33b365776ae1ee9d,PIT,-0.0081731268790186
0x56d3fc9aa7062fd7b893c1ae33b365776ae1ee9d,POLS,-0.0318579745717566
0x56d3fc9aa7062fd7b893c1ae33b365776ae1ee9d,PYTH,-0.0208388623161419
0x56d3fc9aa7062fd7b893c1ae33b365776ae1ee9d,QUACK,-0.0143164424833245
0x56d3fc9aa7062fd7b893c1ae33b365776ae1ee9d,RDNT,-0.0392428029243962
0x56d3fc9aa7062fd7b893c1ae33b365776ae1ee9d,RNDR,-0.0275109810118663
0x56d3fc9aa7062fd7b893c1ae33b365776ae1ee9d,RPL,-0.0273405390013282
0x56d3fc9aa7062fd7b893c1ae33b365776ae1ee9d,RUNE,-0.0197689095379517
0x56d3fc9aa7062fd7b893c1ae33b365776ae1ee9d,SFP,-0.0250968790379913
0x56d3fc9aa7062fd7b893c1ae33b365776ae1ee9d,SFUND,-0.0275371267399661
0x56d3fc9aa7062fd7b893c1ae33b365776ae1ee9d,SHIB,-0.0069318927390906
0x56d3fc9aa7062fd7b893c1ae33b365776ae1ee9d,SOL,-0.0020663623933832
0x56d3fc9aa7062fd7b893c1ae33b365776ae1ee9d,STG,-0.015617798461022
0x56d3fc9aa7062fd7b893c1ae33b365776ae1ee9d,SUI,-0.0050396698025778
0x56d3fc9aa7062fd7b893c1ae33b365776ae1ee9d,SUSHI,-0.0182394352461516
0x56d3fc9aa7062fd7b893c1ae33b365776ae1ee9d,TIA,-0.0199398561709719
0x56d3fc9aa7062fd7b893c1ae33b365776ae1ee9d,TOKEN,-0.024611933626551
0x56d3fc9aa7062fd7b893c1ae33b365776ae1ee9d,TRX,0.0148282166288015
0x56d3fc9aa7062fd7b893c1ae33b365776ae1ee9d,UNI,0.0056309065990439
0x56d3fc9aa7062fd7b893c1ae33b365776ae1ee9d,USDT,0.0006480624288539
0x56d3fc9aa7062fd7b893c1ae33b365776ae1ee9d,XLM,-0.0268637545542555
0x56d3fc9aa7062fd7b893c1ae33b365776ae1ee9d,XMR,-0.0133961007255806
0x56d3fc9aa7062fd7b893c1ae33b365776ae1ee9d,XRP,-0.0004706576824896
0x56d3fc9aa7062fd7b893c1ae33b365776ae1ee9d,XTZ,-0.0077683479451381
0x56d3fc9aa7062fd7b893c1ae33b365776ae1ee9d,XVS,-0.0193403902315623
0x56d3fc9aa7062fd7b893c1ae33b365776ae1ee9d,YFI,-0.0122211175303564
0x5f05ab6ed6106d6c962823e481bd9f39c6d60e96,AAVE,-0.0077152774
0x5f05ab6ed6106d6c962823e481bd9f39c6d60e96,ADA,-0.012406562
0x5f05ab6ed6106d6c962823e481bd9f39c6d60e96,ALGO,-0.0033297727
0x5f05ab6ed6106d6c962823e481bd9f39c6d60e96,APE,-0.0035375822
0x5f05ab6ed6106d6c962823e481bd9f39c6d60e96,APT,0.0062258504
0x5f05ab6ed6106d6c962823e481bd9f39c6d60e96,ATOM,-0.03028806
0x5f05ab6ed6106d6c962823e481bd9f39c6d60e96,AVAX,0.005311009
0x5f05ab6ed6106d6c962823e481bd9f39c6d60e96,AXS,9.945662E-7
0x5f05ab6ed6106d6c962823e481bd9f39c6d60e96,BAL,-0.017617019
0x5f05ab6ed6106d6c962823e481bd9f39c6d60e96,BCH,0.00080501364
0x5f05ab6ed6106d6c962823e481bd9f39c6d60e96,BLUR,-0.008664355
0x5f05ab6ed6106d6c962823e481bd9f39c6d60e96,BNB,-0.0044472897
0x5f05ab6ed6106d6c962823e481bd9f39c6d60e96,BONK,-0.009110982
0x5f05ab6ed6106d6c962823e481bd9f39c6d60e96,BTC,0.0033603944
0x5f05ab6ed6106d6c962823e481bd9f39c6d60e96,C98,-0.010237822
0x5f05ab6ed6106d6c962823e481bd9f39c6d60e96,CAKE,0.009724509
0x5f05ab6ed6106d6c962823e481bd9f39c6d60e96,COMP,-0.012608592
0x5f05ab6ed6106d6c962823e481bd9f39c6d60e96,CRV,0.005131551
0x5f05ab6ed6106d6c962823e481bd9f39c6d60e96,CVX,0.0019993302
0x5f05ab6ed6106d6c962823e481bd9f39c6d60e96,DAI,-0.016311573
0x5f05ab6ed6106d6c962823e481bd9f39c6d60e96,DAO,-0.022867288
0x5f05ab6ed6106d6c962823e481bd9f39c6d60e96,DOGE,-0.020830447
0x5f05ab6ed6106d6c962823e481bd9f39c6d60e96,DOT,-0.036747415
0x5f05ab6ed6106d6c962823e481bd9f39c6d60e96,DYDX,-0.034118954
0x5f05ab6ed6106d6c962823e481bd9f39c6d60e96,EOS,-0.00086543144
0x5f05ab6ed6106d6c962823e481bd9f39c6d60e96,ETC,-0.0023922494
0x5f05ab6ed6106d6c962823e481bd9f39c6d60e96,ETH,-0.029728405
0x5f05ab6ed6106d6c962823e481bd9f39c6d60e96,FET,-0.01502976
0x5f05ab6ed6106d6c962823e481bd9f39c6d60e96,FIL,-0.0058835316
0x5f05ab6ed6106d6c962823e481bd9f39c6d60e96,FRAX,0.00924545
0x5f05ab6ed6106d6c962823e481bd9f39c6d60e96,FTM,0.00022491548
0x5f05ab6ed6106d6c962823e481bd9f39c6d60e96,FXS,-0.006298353
0x5f05ab6ed6106d6c962823e481bd9f39c6d60e96,GRT,-0.017634649
0x5f05ab6ed6106d6c962823e481bd9f39c6d60e96,HAI,-0.022617375
0x5f05ab6ed6106d6c962823e481bd9f39c6d60e96,HERO,0.0017043179
0x5f05ab6ed6106d6c962823e481bd9f39c6d60e96,ICP,0.0023297798
0x5f05ab6ed6106d6c962823e481bd9f39c6d60e96,IMX,0.005122285
0x5f05ab6ed6106d6c962823e481bd9f39c6d60e96,INJ,-0.0049448246
0x5f05ab6ed6106d6c962823e481bd9f39c6d60e96,LDO,-0.0046026823
0x5f05ab6ed6106d6c962823e481bd9f39c6d60e96,LINK,0.012188438
0x5f05ab6ed6106d6c962823e481bd9f39c6d60e96,LTC,0.0043068286
0x5f05ab6ed6106d6c962823e481bd9f39c6d60e96,MATIC,-0.030028647
0x5f05ab6ed6106d6c962823e481bd9f39c6d60e96,MAV,-0.00096149126
0x5f05ab6ed6106d6c962823e481bd9f39c6d60e96,MBOX,0.0034468046
0x5f05ab6ed6106d6c962823e481bd9f39c6d60e96,MKR,-0.009463451
0x5f05ab6ed6106d6c962823e481bd9f39c6d60e96,MOON,-0.012406875
0x5f05ab6ed6106d6c962823e481bd9f39c6d60e96,NEAR,0.0011185509
0x5f05ab6ed6106d6c962823e481bd9f39c6d60e96,OP,0.012970099
0x5f05ab6ed6106d6c962823e481bd9f39c6d60e96,PENDLE,0.009909275
0x5f05ab6ed6106d6c962823e481bd9f39c6d60e96,PEPE,0.01085816
0x5f05ab6ed6106d6c962823e481bd9f39c6d60e96,PERP,0.003554195
0x5f05ab6ed6106d6c962823e481bd9f39c6d60e96,PIT,0.00095780444
0x5f05ab6ed6106d6c962823e481bd9f39c6d60e96,POLS,-0.0065633175
0x5f05ab6ed6106d6c962823e481bd9f39c6d60e96,PYTH,-0.001095025
0x5f05ab6ed6106d6c962823e481bd9f39c6d60e96,QUACK,0.00009810369
0x5f05ab6ed6106d6c962823e481bd9f39c6d60e96,RDNT,-0.010720371
0x5f05ab6ed6106d6c962823e481bd9f39c6d60e96,RNDR,-0.004277921
0x5f05ab6ed6106d6c962823e481bd9f39c6d60e96,RPL,-0.0024249782
0x5f05ab6ed6106d6c962823e481bd9f39c6d60e96,RUNE,0.0040105535
0x5f05ab6ed6106d6c962823e481bd9f39c6d60e96,SFP,0.0105520245
0x5f05ab6ed6106d6c962823e481bd9f39c6d60e96,SFUND,-0.0008980243
0x5f05ab6ed6106d6c962823e481bd9f39c6d60e96,SHIB,0.007637169
0x5f05ab6ed6106d6c962823e481bd9f39c6d60e96,SOL,0.03590255
0x5f05ab6ed6106d6c962823e481bd9f39c6d60e96,STG,-0.012672706
0x5f05ab6ed6106d6c962823e481bd9f39c6d60e96,SUI,0.011084265
0x5f05ab6ed6106d6c962823e481bd9f39c6d60e96,SUSHI,-0.000038246995
0x5f05ab6ed6106d6c962823e481bd9f39c6d60e96,TIA,-0.00036008086
0x5f05ab6ed6106d6c962823e481bd9f39c6d60e96,TOKEN,-0.0018337407
0x5f05ab6ed6106d6c962823e481bd9f39c6d60e96,TRX,-0.0065450626
0x5f05ab6ed6106d6c962823e481bd9f39c6d60e96,UNI,-0.004981207
0x5f05ab6ed6106d6c962823e481bd9f39c6d60e96,USDT,0.022599997
0x5f05ab6ed6106d6c962823e481bd9f39c6d60e96,XLM,-0.00020141074
0x5f05ab6ed6106d6c962823e481bd9f39c6d60e96,XMR,-0.021619476
0x5f05ab6ed6106d6c962823e481bd9f39c6d60e96,XRP,-0.01610077
0x5f05ab6ed6106d6c962823e481bd9f39c6d60e96,XTZ,0.011162678
0x5f05ab6ed6106d6c962823e481bd9f39c6d60e96,XVS,-0.0008504331
0x5f05ab6ed6106d6c962823e481bd9f39c6d60e96,YFI,0.0030715528
0x770a3026f8a348bebac2ba84cfc82f4ea01b420a,AAVE,-0.0128814473605959
0x770a3026f8a348bebac2ba84cfc82f4ea01b420a,ADA,-0.0184607479883284
0x770a3026f8a348bebac2ba84cfc82f4ea01b420a,ALGO,0.0438721098463394
0x770a3026f8a348bebac2ba84cfc82f4ea01b420a,APE,-0.0150957984380509
0x770a3026f8a348bebac2ba84cfc82f4ea01b420a,APT,-0.0139509481472351
0x770a3026f8a348bebac2ba84cfc82f4ea01b420a,ATOM,0.0028380390928161
0x770a3026f8a348bebac2ba84cfc82f4ea01b420a,AVAX,-0.0532277511923809
0x770a3026f8a348bebac2ba84cfc82f4ea01b420a,AXS,-0.0282715247880855
0x770a3026f8a348bebac2ba84cfc82f4ea01b420a,BAL,-0.1005352499493999
0x770a3026f8a348bebac2ba84cfc82f4ea01b420a,BCH,-0.0153246276391944
0x770a3026f8a348bebac2ba84cfc82f4ea01b420a,BLUR,-0.0282528900238533
0x770a3026f8a348bebac2ba84cfc82f4ea01b420a,BNB,0.0064385090443894
0x770a3026f8a348bebac2ba84cfc82f4ea01b420a,BONK,-0.0400412903709364
0x770a3026f8a348bebac2ba84cfc82f4ea01b420a,BTC,0.0381459528652383
0x770a3026f8a348bebac2ba84cfc82f4ea01b420a,C98,-0.0203310796028121
0x770a3026f8a348bebac2ba84cfc82f4ea01b420a,CAKE,0.0292817786781058
0x770a3026f8a348bebac2ba84cfc82f4ea01b420a,COMP,0.0044695882060071
0x770a3026f8a348bebac2ba84cfc82f4ea01b420a,CRV,-0.0739247074481993
0x770a3026f8a348bebac2ba84cfc82f4ea01b420a,CVX,-0.0224358872566429
0x770a3026f8a348bebac2ba84cfc82f4ea01b420a,DAI,-0.0135718386408362
0x770a3026f8a348bebac2ba84cfc82f4ea01b420a,DAO,-0.0775622881560556
0x770a3026f8a348bebac2ba84cfc82f4ea01b420a,DOGE,-0.0047218443285938
0x770a3026f8a348bebac2ba84cfc82f4ea01b420a,DOT,-0.0549374836063921
0x770a3026f8a348bebac2ba84cfc82f4ea01b420a,DYDX,-0.0539128694596434
0x770a3026f8a348bebac2ba84cfc82f4ea01b420a,EOS,-0.0203528109718762
0x770a3026f8a348bebac2ba84cfc82f4ea01b420a,ETC,0.010241588245353
0x770a3026f8a348bebac2ba84cfc82f4ea01b420a,ETH,-0.0371801720873583
0x770a3026f8a348bebac2ba84cfc82f4ea01b420a,FET,-0.0205078107588956
0x770a3026f8a348bebac2ba84cfc82f4ea01b420a,FIL,-0.0103581971579898
0x770a3026f8a348bebac2ba84cfc82f4ea01b420a,FRAX,-0.0030596776209894
0x770a3026f8a348bebac2ba84cfc82f4ea01b420a,FTM,-0.0349792139921784
0x770a3026f8a348bebac2ba84cfc82f4ea01b420a,FXS,-0.0691224749215147
0x770a3026f8a348bebac2ba84cfc82f4ea01b420a,GRT,-0.0395388724127469
0x770a3026f8a348bebac2ba84cfc82f4ea01b420a,HAI,-0.0029234822649125
0x770a3026f8a348bebac2ba84cfc82f4ea01b420a,HERO,0.0055056175754678
0x770a3026f8a348bebac2ba84cfc82f4ea01b420a,ICP,-0.0128821056162532
0x770a3026f8a348bebac2ba84cfc82f4ea01b420a,IMX,-0.0579544115729834
0x770a3026f8a348bebac2ba84cfc82f4ea01b420a,INJ,0.0085158646834753
0x770a3026f8a348bebac2ba84cfc82f4ea01b420a,LDO,0.0072554782727247
0x770a3026f8a348bebac2ba84cfc82f4ea01b420a,LINK,-0.0345269430533013
0x770a3026f8a348bebac2ba84cfc82f4ea01b420a,LTC,0.013131213020285
0x770a3026f8a348bebac2ba84cfc82f4ea01b420a,MATIC,0.0004056106230579
0x770a3026f8a348bebac2ba84cfc82f4ea01b420a,MAV,-0.0506649118753653
0x770a3026f8a348bebac2ba84cfc82f4ea01b420a,MBOX,-0.1078776660491455
0x770a3026f8a348bebac2ba84cfc82f4ea01b420a,MKR,-0.0241438669402314
0x770a3026f8a348bebac2ba84cfc82f4ea01b420a,MOON,0.0520180091181737
0x770a3026f8a348bebac2ba84cfc82f4ea01b420a,NEAR,-0.0726012494397929
0x770a3026f8a348bebac2ba84cfc82f4ea01b420a,OP,0.0111850618272013
0x770a3026f8a348bebac2ba84cfc82f4ea01b420a,PENDLE,-0.0196286552334613
0x770a3026f8a348bebac2ba84cfc82f4ea01b420a,PEPE,-0.0186801221062225
0x770a3026f8a348bebac2ba84cfc82f4ea01b420a,PERP,-0.0934817325683084
0x770a3026f8a348bebac2ba84cfc82f4ea01b420a,PIT,-0.0585728327600016
0x770a3026f8a348bebac2ba84cfc82f4ea01b420a,POLS,-0.0861406968557419
0x770a3026f8a348bebac2ba84cfc82f4ea01b420a,PYTH,0.0025645155934364
0x770a3026f8a348bebac2ba84cfc82f4ea01b420a,QUACK,0.0619647718691527
0x770a3026f8a348bebac2ba84cfc82f4ea01b420a,RDNT,-0.0322163749765903
0x770a3026f8a348bebac2ba84cfc82f4ea01b420a,RNDR,-0.0361227442315675
0x770a3026f8a348bebac2ba84cfc82f4ea01b420a,RPL,-0.0335909063467646
0x770a3026f8a348bebac2ba84cfc82f4ea01b420a,RUNE,-0.0171650625904227
0x770a3026f8a348bebac2ba84cfc82f4ea01b420a,SFP,0.0058471405941009
0x770a3026f8a348bebac2ba84cfc82f4ea01b420a,SFUND,-0.0759203010418478
0x770a3026f8a348bebac2ba84cfc82f4ea01b420a,SHIB,-0.023493137871253
0x770a3026f8a348bebac2ba84cfc82f4ea01b420a,SOL,-0.0245868097814479
0x770a3026f8a348bebac2ba84cfc82f4ea01b420a,STG,-0.0854194993480711
0x770a3026f8a348bebac2ba84cfc82f4ea01b420a,SUI,0.0053358072086425
0x770a3026f8a348bebac2ba84cfc82f4ea01b420a,SUSHI,-0.0273015728310727
0x770a3026f8a348bebac2ba84cfc82f4ea01b420a,TIA,-0.0505319731903064
0x770a3026f8a348bebac2ba84cfc82f4ea01b420a,TOKEN,-0.0231126232746419
0x770a3026f8a348bebac2ba84cfc82f4ea01b420a,TRX,-0.0219013341129552
0x770a3026f8a348bebac2ba84cfc82f4ea01b420a,UNI,-0.0340935449424273
0x770a3026f8a348bebac2ba84cfc82f4ea01b420a,USDT,-0.0038487840723337
0x770a3026f8a348bebac2ba84cfc82f4ea01b420a,XLM,0.0322499278557341
0x770a3026f8a348bebac2ba84cfc82f4ea01b420a,XMR,0.0559094589596791
0x770a3026f8a348bebac2ba84cfc82f4ea01b420a,XRP,-0.014494367273973
0x770a3026f8a348bebac2ba84cfc82f4ea01b420a,XTZ,-0.0396365775332648
0x770a3026f8a348bebac2ba84cfc82f4ea01b420a,XVS,-0.0596463225071049
0x770a3026f8a348bebac2ba84cfc82f4ea01b420a,YFI,-0.0262426180093172
0x7824282944b7cc7b8ef86ed9adbe21f49b247f97,AAVE,0.5250203
0x7824282944b7cc7b8ef86ed9adbe21f49b247f97,ADA,0.5252702
0x7824282944b7cc7b8ef86ed9adbe21f49b247f97,ALGO,0.48096317
0x7824282944b7cc7b8ef86ed9adbe21f49b247f97,APE,0.5182231
0x7824282944b7cc7b8ef86ed9adbe21f49b247f97,APT,0.5076508
0x7824282944b7cc7b8ef86ed9adbe21f49b247f97,ATOM,0.5358781
0x7824282944b7cc7b8ef86ed9adbe21f49b247f97,AVAX,0.52549976
0x7824282944b7cc7b8ef86ed9adbe21f49b247f97,AXS,0.52029216
0x7824282944b7cc7b8ef86ed9adbe21f49b247f97,BAL,0.5049928
0x7824282944b7cc7b8ef86ed9adbe21f49b247f97,BCH,0.52965534
0x7824282944b7cc7b8ef86ed9adbe21f49b247f97,BLUR,0.5090653
0x7824282944b7cc7b8ef86ed9adbe21f49b247f97,BNB,0.53479993
0x7824282944b7cc7b8ef86ed9adbe21f49b247f97,BONK,0.5206883
0x7824282944b7cc7b8ef86ed9adbe21f49b247f97,BTC,0.5659843
0x7824282944b7cc7b8ef86ed9adbe21f49b247f97,C98,0.51728547
0x7824282944b7cc7b8ef86ed9adbe21f49b247f97,CAKE,0.5238093
0x7824282944b7cc7b8ef86ed9adbe21f49b247f97,COMP,0.5109628
0x7824282944b7cc7b8ef86ed9adbe21f49b247f97,CRV,0.52484095
0x7824282944b7cc7b8ef86ed9adbe21f49b247f97,CVX,0.5034135
0x7824282944b7cc7b8ef86ed9adbe21f49b247f97,DAI,0.60826993
0x7824282944b7cc7b8ef86ed9adbe21f49b247f97,DAO,0.4460404
0x7824282944b7cc7b8ef86ed9adbe21f49b247f97,DOGE,0.52941453
0x7824282944b7cc7b8ef86ed9adbe21f49b247f97,DOT,0.52409595
0x7824282944b7cc7b8ef86ed9adbe21f49b247f97,DYDX,0.4699415
0x7824282944b7cc7b8ef86ed9adbe21f49b247f97,EOS,0.49663332
0x7824282944b7cc7b8ef86ed9adbe21f49b247f97,ETC,0.50295675
0x7824282944b7cc7b8ef86ed9adbe21f49b247f97,ETH,0.5399514
0x7824282944b7cc7b8ef86ed9adbe21f49b247f97,FET,0.49217072
0x7824282944b7cc7b8ef86ed9adbe21f49b247f97,FIL,0.523347
0x7824282944b7cc7b8ef86ed9adbe21f49b247f97,FRAX,0.5957326
0x7824282944b7cc7b8ef86ed9adbe21f49b247f97,FTM,0.5195431
0x7824282944b7cc7b8ef86ed9adbe21f49b247f97,FXS,0.50098187
0x7824282944b7cc7b8ef86ed9adbe21f49b247f97,GRT,0.52503407
0x7824282944b7cc7b8ef86ed9adbe21f49b247f97,HAI,0.51874405
0x7824282944b7cc7b8ef86ed9adbe21f49b247f97,HERO,0.52019554
0x7824282944b7cc7b8ef86ed9adbe21f49b247f97,ICP,0.5236553
0x7824282944b7cc7b8ef86ed9adbe21f49b247f97,IMX,0.5149713
0x7824282944b7cc7b8ef86ed9adbe21f49b247f97,INJ,0.5322559
0x7824282944b7cc7b8ef86ed9adbe21f49b247f97,LDO,0.5069865
0x7824282944b7cc7b8ef86ed9adbe21f49b247f97,LINK,0.5272403
0x7824282944b7cc7b8ef86ed9adbe21f49b247f97,LTC,0.5492425
0x7824282944b7cc7b8ef86ed9adbe21f49b247f97,MATIC,0.5299907
0x7824282944b7cc7b8ef86ed9adbe21f49b247f97,MAV,0.4895948
0x7824282944b7cc7b8ef86ed9adbe21f49b247f97,MBOX,0.49817833
0x7824282944b7cc7b8ef86ed9adbe21f49b247f97,MKR,0.5695629
0x7824282944b7cc7b8ef86ed9adbe21f49b247f97,MOON,0.4828958
0x7824282944b7cc7b8ef86ed9adbe21f49b247f97,NEAR,0.5035765
0x7824282944b7cc7b8ef86ed9adbe21f49b247f97,OP,0.5140122
0x7824282944b7cc7b8ef86ed9adbe21f49b247f97,PENDLE,0.51542294
0x7824282944b7cc7b8ef86ed9adbe21f49b247f97,PEPE,0.5135238
0x7824282944b7cc7b8ef86ed9adbe21f49b247f97,PERP,0.47835386
0x7824282944b7cc7b8ef86ed9adbe21f49b247f97,PIT,0.5219404
0x7824282944b7cc7b8ef86ed9adbe21f49b247f97,POLS,0.49650827
0x7824282944b7cc7b8ef86ed9adbe21f49b247f97,PYTH,0.4969137
0x7824282944b7cc7b8ef86ed9adbe21f49b247f97,QUACK,0.49625856
0x7824282944b7cc7b8ef86ed9adbe21f49b247f97,RDNT,0.47641623
0x7824282944b7cc7b8ef86ed9adbe21f49b247f97,RNDR,0.49763852
0x7824282944b7cc7b8ef86ed9adbe21f49b247f97,RPL,0.5068175
0x7824282944b7cc7b8ef86ed9adbe21f49b247f97,RUNE,0.5240646
0x7824282944b7cc7b8ef86ed9adbe21f49b247f97,SFP,0.5186045
0x7824282944b7cc7b8ef86ed9adbe21f49b247f97,SFUND,0.49829647
0x7824282944b7cc7b8ef86ed9adbe21f49b247f97,SHIB,0.54352295
0x7824282944b7cc7b8ef86ed9adbe21f49b247f97,SOL,0.5319738
0x7824282944b7cc7b8ef86ed9adbe21f49b247f97,STG,0.4801335
0x7824282944b7cc7b8ef86ed9adbe21f49b247f97,SUI,0.53006685
0x7824282944b7cc7b8ef86ed9adbe21f49b247f97,SUSHI,0.51880777
0x7824282944b7cc7b8ef86ed9adbe21f49b247f97,TIA,0.52326244
0x7824282944b7cc7b8ef86ed9adbe21f49b247f97,TOKEN,0.5125575
0x7824282944b7cc7b8ef86ed9adbe21f49b247f97,TRX,0.5628061
0x7824282944b7cc7b8ef86ed9adbe21f49b247f97,UNI,0.5232119
0x7824282944b7cc7b8ef86ed9adbe21f49b247f97,USDT,0.56396353
0x7824282944b7cc7b8ef86ed9adbe21f49b247f97,XLM,0.51019293
0x7824282944b7cc7b8ef86ed9adbe21f49b247f97,XMR,0.53963435
0x7824282944b7cc7b8ef86ed9adbe21f49b247f97,XRP,0.53267384
0x7824282944b7cc7b8ef86ed9adbe21f49b247f97,XTZ,0.5278271
0x7824282944b7cc7b8ef86ed9adbe21f49b247f97,XVS,0.52498394
0x7824282944b7cc7b8ef86ed9adbe21f49b247f97,YFI,0.55876464
0x7de5ac173e8ee69177f6243cf9c70608f6e1ad05,AAVE,0.0057117414037081
0x7de5ac173e8ee69177f6243cf9c70608f6e1ad05,ADA,-0.0057302731503181
0x7de5ac173e8ee69177f6243cf9c70608f6e1ad05,ALGO,-0.0026719224602611
0x7de5ac173e8ee69177f6243cf9c70608f6e1ad05,APE,0.0041669832379238
0x7de5ac173e8ee69177f6243cf9c70608f6e1ad05,APT,0.0053611913720221
0x7de5ac173e8ee69177f6243cf9c70608f6e1ad05,ATOM,0.0037263423156924
0x7de5ac173e8ee69177f6243cf9c70608f6e1ad05,AVAX,0.0084030385526948
0x7de5ac173e8ee69177f6243cf9c70608f6e1ad05,AXS,0.0073652503668061
0x7de5ac173e8ee69177f6243cf9c70608f6e1ad05,BAL,0.0196740291737557
0x7de5ac173e8ee69177f6243cf9c70608f6e1ad05,BCH,0.0185898747538674
0x7de5ac173e8ee69177f6243cf9c70608f6e1ad05,BLUR,0.0115212323101992
0x7de5ac173e8ee69177f6243cf9c70608f6e1ad05,BNB,0.0227156411142203
0x7de5ac173e8ee69177f6243cf9c70608f6e1ad05,BONK,0.0203295371176214
0x7de5ac173e8ee69177f6243cf9c70608f6e1ad05,BTC,0.0154164096782712
0x7de5ac173e8ee69177f6243cf9c70608f6e1ad05,C98,0.0297146550925405
0x7de5ac173e8ee69177f6243cf9c70608f6e1ad05,CAKE,-0.000028013907814157883
0x7de5ac173e8ee69177f6243cf9c70608f6e1ad05,COMP,-0.0033748376782739
0x7de5ac173e8ee69177f6243cf9c70608f6e1ad05,CRV,0.00003362887430166639
0x7de5ac173e8ee69177f6243cf9c70608f6e1ad05,CVX,0.0089937891530093
0x7de5ac173e8ee69177f6243cf9c70608f6e1ad05,DAI,0.0587970779847907
0x7de5ac173e8ee69177f6243cf9c70608f6e1ad05,DAO,-0.0025068144880224
0x7de5ac173e8ee69177f6243cf9c70608f6e1ad05,DOGE,0.0040799064636967
0x7de5ac173e8ee69177f6243cf9c70608f6e1ad05,DOT,0.0333952487257664
0x7de5ac173e8ee69177f6243cf9c70608f6e1ad05,DYDX,-0.0007634180677411
0x7de5ac173e8ee69177f6243cf9c70608f6e1ad05,EOS,0.011335712902016
0x7de5ac173e8ee69177f6243cf9c70608f6e1ad05,ETC,-0.0042999600054462
0x7de5ac173e8ee69177f6243cf9c70608f6e1ad05,ETH,0.0289028410481478
0x7de5ac173e8ee69177f6243cf9c70608f6e1ad05,FET,-0.0004746752330371
0x7de5ac173e8ee69177f6243cf9c70608f6e1ad05,FIL,0.0151276452031531
0x7de5ac173e8ee69177f6243cf9c70608f6e1ad05,FRAX,0.0248592930417563
0x7de5ac173e8ee69177f6243cf9c70608f6e1ad05,FTM,0.0380387778652271
0x7de5ac173e8ee69177f6243cf9c70608f6e1ad05,FXS,0.0218621427996311
0x7de5ac173e8ee69177f6243cf9c70608f6e1ad05,GRT,0.0026173444223507
0x7de5ac173e8ee69177f6243cf9c70608f6e1ad05,HAI,0.0079529640361719
0x7de5ac173e8ee69177f6243cf9c70608f6e1ad05,HERO,0.0109341697519392
0x7de5ac173e8ee69177f6243cf9c70608f6e1ad05,ICP,0.0140514055134872
0x7de5ac173e8ee69177f6243cf9c70608f6e1ad05,IMX,0.0184115474728826
0x7de5ac173e8ee69177f6243cf9c70608f6e1ad05,INJ,0.0219311050581785
0x7de5ac173e8ee69177f6243cf9c70608f6e1ad05,LDO,0.0057833272225655
0x7de5ac173e8ee69177f6243cf9c70608f6e1ad05,LINK,0.0319059325698065
0x7de5ac173e8ee69177f6243cf9c70608f6e1ad05,LTC,0.0143703772442133
0x7de5ac173e8ee69177f6243cf9c70608f6e1ad05,MATIC,0.0073777353535877
0x7de5ac173e8ee69177f6243cf9c70608f6e1ad05,MAV,0.0036681879185453
0x7de5ac173e8ee69177f6243cf9c70608f6e1ad05,MBOX,0.0122247126531233
0x7de5ac173e8ee69177f6243cf9c70608f6e1ad05,MKR,0.0006695385619716
0x7de5ac173e8ee69177f6243cf9c70608f6e1ad05,MOON,-0.0161612473167966
0x7de5ac173e8ee69177f6243cf9c70608f6e1ad05,NEAR,0.0025644521667065
0x7de5ac173e8ee69177f6243cf9c70608f6e1ad05,OP,0.0083869661143469
0x7de5ac173e8ee69177f6243cf9c70608f6e1ad05,PENDLE,0.0369785553190143
0x7de5ac173e8ee69177f6243cf9c70608f6e1ad05,PEPE,0.0079813345952323
0x7de5ac173e8ee69177f6243cf9c70608f6e1ad05,PERP,-0.0087798500565482
0x7de5ac173e8ee69177f6243cf9c70608f6e1ad05,PIT,0.0053219797389692
0x7de5ac173e8ee69177f6243cf9c70608f6e1ad05,POLS,-0.00008336425375492058
0x7de5ac173e8ee69177f6243cf9c70608f6e1ad05,PYTH,0.0036748969562145
0x7de5ac173e8ee69177f6243cf9c70608f6e1ad05,QUACK,0.0294389045179684
0x7de5ac173e8ee69177f6243cf9c70608f6e1ad05,RDNT,-0.0005187974557859
0x7de5ac173e8ee69177f6243cf9c70608f6e1ad05,RNDR,0.0065577124293163
0x7de5ac173e8ee69177f6243cf9c70608f6e1ad05,RPL,0.0124303956399876
0x7de5ac173e8ee69177f6243cf9c70608f6e1ad05,RUNE,0.0173584881380124
0x7de5ac173e8ee69177f6243cf9c70608f6e1ad05,SFP,0.0105654510266281
0x7de5ac173e8ee69177f6243cf9c70608f6e1ad05,SFUND,0.0115070469313931
0x7de5ac173e8ee69177f6243cf9c70608f6e1ad05,SHIB,0.0363452704523626
0x7de5ac173e8ee69177f6243cf9c70608f6e1ad05,SOL,0.0282288661619026
0x7de5ac173e8ee69177f6243cf9c70608f6e1ad05,STG,0.0133923368755157
0x7de5ac173e8ee69177f6243cf9c70608f6e1ad05,SUI,0.0247822588912035
0x7de5ac173e8ee69177f6243cf9c70608f6e1ad05,SUSHI,0.0132331646184879
0x7de5ac173e8ee69177f6243cf9c70608f6e1ad05,TIA,0.0160468511421953
0x7de5ac173e8ee69177f6243cf9c70608f6e1ad05,TOKEN,0.0130524828389988
0x7de5ac173e8ee69177f6243cf9c70608f6e1ad05,TRX,0.0084906587032085
0x7de5ac173e8ee69177f6243cf9c70608f6e1ad05,UNI,0.0376208101797622
0x7de5ac173e8ee69177f6243cf9c70608f6e1ad05,USDT,0.0297641548287743
0x7de5ac173e8ee69177f6243cf9c70608f6e1ad05,XLM,-0.00983417801422
0x7de5ac173e8ee69177f6243cf9c70608f6e1ad05,XMR,0.0152372899238009
0x7de5ac173e8ee69177f6243cf9c70608f6e1ad05,XRP,0.0090652135245531
0x7de5ac173e8ee69177f6243cf9c70608f6e1ad05,XTZ,0.0276723077187649
0x7de5ac173e8ee69177f6243cf9c70608f6e1ad05,XVS,0.0178468815778141
0x7de5ac173e8ee69177f6243cf9c70608f6e1ad05,YFI,0.0154547453916427
0x81fbfb07888fff733958210796af7cbe4368ae5f,AAVE,-37.30078248612168
0x81fbfb07888fff733958210796af7cbe4368ae5f,ADA,-32.0662256239227
0x81fbfb07888fff733958210796af7cbe4368ae5f,ALGO,-32.0662256239227
0x81fbfb07888fff733958210796af7cbe4368ae5f,APE,-37.30078248612168
0x81fbfb07888fff733958210796af7cbe4368ae5f,APT,-32.0662256239227
0x81fbfb07888fff733958210796af7cbe4368ae5f,ATOM,-50.54550751801523
0x81fbfb07888fff733958210796af7cbe4368ae5f,AVAX,-38.60682388474336
0x81fbfb07888fff733958210796af7cbe4368ae5f,AXS,-32.0662256239227
0x81fbfb07888fff733958210796af7cbe4368ae5f,BAL,-32.0662256239227
0x81fbfb07888fff733958210796af7cbe4368ae5f,BCH,-41.4472083109502
0x81fbfb07888fff733958210796af7cbe4368ae5f,BLUR,-32.0662256239227
0x81fbfb07888fff733958210796af7cbe4368ae5f,BNB,-54.69193334284376
0x81fbfb07888fff733958210796af7cbe4368ae5f,BONK,-32.0662256239227
0x81fbfb07888fff733958210796af7cbe4368ae5f,BTC,-785.1817422682783
0x81fbfb07888fff733958210796af7cbe4368ae5f,C98,-32.0662256239227
0x81fbfb07888fff733958210796af7cbe4368ae5f,CAKE,-32.0662256239227
0x81fbfb07888fff733958210796af7cbe4368ae5f,COMP,-32.0662256239227
0x81fbfb07888fff733958210796af7cbe4368ae5f,CRV,-37.30078248612168
0x81fbfb07888fff733958210796af7cbe4368ae5f,CVX,-32.0662256239227
0x81fbfb07888fff733958210796af7cbe4368ae5f,DAI,-38.60682388474336
0x81fbfb07888fff733958210796af7cbe4368ae5f,DAO,-75.40947018939536
0x81fbfb07888fff733958210796af7cbe4368ae5f,DOGE,-40.14116691232852
0x81fbfb07888fff733958210796af7cbe4368ae5f,DOT,-32.0662256239227
0x81fbfb07888fff733958210796af7cbe4368ae5f,DYDX,-32.0662256239227
0x81fbfb07888fff733958210796af7cbe4368ae5f,EOS,-32.0662256239227
0x81fbfb07888fff733958210796af7cbe4368ae5f,ETC,18.686126397435803
0x81fbfb07888fff733958210796af7cbe4368ae5f,ETH,-27.08249009035795
0x81fbfb07888fff733958210796af7cbe4368ae5f,FET,-32.0662256239227
0x81fbfb07888fff733958210796af7cbe4368ae5f,FIL,-37.30078248612168
0x81fbfb07888fff733958210796af7cbe4368ae5f,FRAX,-32.0662256239227
0x81fbfb07888fff733958210796af7cbe4368ae5f,FTM,-53.47570346670181
0x81fbfb07888fff733958210796af7cbe4368ae5f,FXS,-32.0662256239227
0x81fbfb07888fff733958210796af7cbe4368ae5f,GRT,-34.90661005012954
0x81fbfb07888fff733958210796af7cbe4368ae5f,HAI,-34.90661005012954
0x81fbfb07888fff733958210796af7cbe4368ae5f,HERO,-32.0662256239227
0x81fbfb07888fff733958210796af7cbe4368ae5f,ICP,-41.4472083109502
0x81fbfb07888fff733958210796af7cbe4368ae5f,IMX,-32.0662256239227
0x81fbfb07888fff733958210796af7cbe4368ae5f,INJ,-32.0662256239227
0x81fbfb07888fff733958210796af7cbe4368ae5f,LDO,-32.0662256239227
0x81fbfb07888fff733958210796af7cbe4368ae5f,LINK,-32.0662256239227
0x81fbfb07888fff733958210796af7cbe4368ae5f,LTC,-54.69193334284376
0x81fbfb07888fff733958210796af7cbe4368ae5f,MATIC,-34.90661005012954
0x81fbfb07888fff733958210796af7cbe4368ae5f,MAV,-32.0662256239227
0x81fbfb07888fff733958210796af7cbe4368ae5f,MBOX,-32.0662256239227
0x81fbfb07888fff733958210796af7cbe4368ae5f,MKR,-57.08610577883589
0x81fbfb07888fff733958210796af7cbe4368ae5f,MOON,-58.31637260308357
0x81fbfb07888fff733958210796af7cbe4368ae5f,NEAR,-32.0662256239227
0x81fbfb07888fff733958210796af7cbe4368ae5f,OP,-52.22960387581192
0x81fbfb07888fff733958210796af7cbe4368ae5f,PENDLE,-32.0662256239227
0x81fbfb07888fff733958210796af7cbe4368ae5f,PEPE,-32.0662256239227
0x81fbfb07888fff733958210796af7cbe4368ae5f,PERP,-32.0662256239227
0x81fbfb07888fff733958210796af7cbe4368ae5f,PIT,-54.69193334284376
0x81fbfb07888fff733958210796af7cbe4368ae5f,POLS,-32.0662256239227
0x81fbfb07888fff733958210796af7cbe4368ae5f,PYTH,-32.0662256239227
0x81fbfb07888fff733958210796af7cbe4368ae5f,QUACK,-32.0662256239227
0x81fbfb07888fff733958210796af7cbe4368ae5f,RDNT,-47.82961339176028
0x81fbfb07888fff733958210796af7cbe4368ae5f,RNDR,-32.0662256239227
0x81fbfb07888fff733958210796af7cbe4368ae5f,RPL,-32.0662256239227
0x81fbfb07888fff733958210796af7cbe4368ae5f,RUNE,-32.0662256239227
0x81fbfb07888fff733958210796af7cbe4368ae5f,SFP,-32.0662256239227
0x81fbfb07888fff733958210796af7cbe4368ae5f,SFUND,-32.0662256239227
0x81fbfb07888fff733958210796af7cbe4368ae5f,SHIB,-32.0662256239227
0x81fbfb07888fff733958210796af7cbe4368ae5f,SOL,-38.60682388474336
0x81fbfb07888fff733958210796af7cbe4368ae5f,STG,-32.0662256239227
0x81fbfb07888fff733958210796af7cbe4368ae5f,SUI,-38.60682388474336
0x81fbfb07888fff733958210796af7cbe4368ae5f,SUSHI,-32.0662256239227
0x81fbfb07888fff733958210796af7cbe4368ae5f,TIA,-32.0662256239227
0x81fbfb07888fff733958210796af7cbe4368ae5f,TOKEN,-32.0662256239227
0x81fbfb07888fff733958210796af7cbe4368ae5f,TRX,-34.90661005012954
0x81fbfb07888fff733958210796af7cbe4368ae5f,UNI,-41.4472083109502
0x81fbfb07888fff733958210796af7cbe4368ae5f,USDT,-56.696424409847005
0x81fbfb07888fff733958210796af7cbe4368ae5f,XLM,-32.0662256239227
0x81fbfb07888fff733958210796af7cbe4368ae5f,XMR,-54.69193334284376
0x81fbfb07888fff733958210796af7cbe4368ae5f,XRP,-0.4154781454477866
0x81fbfb07888fff733958210796af7cbe4368ae5f,XTZ,-32.0662256239227
0x81fbfb07888fff733958210796af7cbe4368ae5f,XVS,-32.0662256239227
0x81fbfb07888fff733958210796af7cbe4368ae5f,YFI,-32.0662256239227
0x8a8e1c4e454e092fc19c6cca2034bd22b29781e7,AAVE,0.0007430315
0x8a8e1c4e454e092fc19c6cca2034bd22b29781e7,ADA,0.000028014183
0x8a8e1c4e454e092fc19c6cca2034bd22b29781e7,ALGO,-0.00041490793
0x8a8e1c4e454e092fc19c6cca2034bd22b29781e7,APE,-0.00052654743
0x8a8e1c4e454e092fc19c6cca2034bd22b29781e7,APT,0.00034427643
0x8a8e1c4e454e092fc19c6cca2034bd22b29781e7,ATOM,-0.0005316138
0x8a8e1c4e454e092fc19c6cca2034bd22b29781e7,AVAX,0.0000023841858
0x8a8e1c4e454e092fc19c6cca2034bd22b29781e7,AXS,-0.0002681017
0x8a8e1c4e454e092fc19c6cca2034bd22b29781e7,BAL,-0.00014179945
0x8a8e1c4e454e092fc19c6cca2034bd22b29781e7,BCH,0.0054637194
0x8a8e1c4e454e092fc19c6cca2034bd22b29781e7,BLUR,-0.00018548965
0x8a8e1c4e454e092fc19c6cca2034bd22b29781e7,BNB,0.0004181862
0x8a8e1c4e454e092fc19c6cca2034bd22b29781e7,BONK,-0.0006597042
0x8a8e1c4e454e092fc19c6cca2034bd22b29781e7,BTC,0.000313282
0x8a8e1c4e454e092fc19c6cca2034bd22b29781e7,C98,-0.0005118251
0x8a8e1c4e454e092fc19c6cca2034bd22b29781e7,CAKE,-0.00026202202
0x8a8e1c4e454e092fc19c6cca2034bd22b29781e7,COMP,0.0003976822
0x8a8e1c4e454e092fc19c6cca2034bd22b29781e7,CRV,-0.0004658103
0x8a8e1c4e454e092fc19c6cca2034bd22b29781e7,CVX,-0.00018525124
0x8a8e1c4e454e092fc19c6cca2034bd22b29781e7,DAI,-0.00017023087
0x8a8e1c4e454e092fc19c6cca2034bd22b29781e7,DAO,-0.000027358532
0x8a8e1c4e454e092fc19c6cca2034bd22b29781e7,DOGE,0.0010607243
0x8a8e1c4e454e092fc19c6cca2034bd22b29781e7,DOT,0.0007365942
0x8a8e1c4e454e092fc19c6cca2034bd22b29781e7,DYDX,-0.000559628
0x8a8e1c4e454e092fc19c6cca2034bd22b29781e7,EOS,-0.00015771389
0x8a8e1c4e454e092fc19c6cca2034bd22b29781e7,ETC,0.00075137615
0x8a8e1c4e454e092fc19c6cca2034bd22b29781e7,ETH,0.00071775913
0x8a8e1c4e454e092fc19c6cca2034bd22b29781e7,FET,-0.0010031462
0x8a8e1c4e454e092fc19c6cca2034bd22b29781e7,FIL,-0.00017994642
0x8a8e1c4e454e092fc19c6cca2034bd22b29781e7,FRAX,0.0000019073486
0x8a8e1c4e454e092fc19c6cca2034bd22b29781e7,FTM,-0.00016897917
0x8a8e1c4e454e092fc19c6cca2034bd22b29781e7,FXS,0.0000038146973
0x8a8e1c4e454e092fc19c6cca2034bd22b29781e7,GRT,-0.00009995699
0x8a8e1c4e454e092fc19c6cca2034bd22b29781e7,HAI,-0.0004924536
0x8a8e1c4e454e092fc19c6cca2034bd22b29781e7,HERO,-0.0003798604
0x8a8e1c4e454e092fc19c6cca2034bd22b29781e7,ICP,0.000099778175
0x8a8e1c4e454e092fc19c6cca2034bd22b29781e7,IMX,-0.00053209066
0x8a8e1c4e454e092fc19c6cca2034bd22b29781e7,INJ,0.0
0x8a8e1c4e454e092fc19c6cca2034bd22b29781e7,LDO,-0.00033670664
0x8a8e1c4e454e092fc19c6cca2034bd22b29781e7,LINK,-0.0008132458
0x8a8e1c4e454e092fc19c6cca2034bd22b29781e7,LTC,-0.00011962652
0x8a8e1c4e454e092fc19c6cca2034bd22b29781e7,MATIC,-0.001224041
0x8a8e1c4e454e092fc19c6cca2034bd22b29781e7,MAV,-0.00018835068
0x8a8e1c4e454e092fc19c6cca2034bd22b29781e7,MBOX,-0.00031214952
0x8a8e1c4e454e092fc19c6cca2034bd22b29781e7,MKR,-0.00018423796
0x8a8e1c4e454e092fc19c6cca2034bd22b29781e7,MOON,-0.0011354685
0x8a8e1c4e454e092fc19c6cca2034bd22b29781e7,NEAR,-0.00037282705
0x8a8e1c4e454e092fc19c6cca2034bd22b29781e7,OP,0.00111413
0x8a8e1c4e454e092fc19c6cca2034bd22b29781e7,PENDLE,-0.00044625998
0x8a8e1c4e454e092fc19c6cca2034bd22b29781e7,PEPE,-0.00018048286
0x8a8e1c4e454e092fc19c6cca2034bd22b29781e7,PERP,4.7683716E-7
0x8a8e1c4e454e092fc19c6cca2034bd22b29781e7,PIT,-0.00001257658
0x8a8e1c4e454e092fc19c6cca2034bd22b29781e7,POLS,-0.00025069714
0x8a8e1c4e454e092fc19c6cca2034bd22b29781e7,PYTH,-0.000521183
0x8a8e1c4e454e092fc19c6cca2034bd22b29781e7,QUACK,-0.0005350113
0x8a8e1c4e454e092fc19c6cca2034bd22b29781e7,RDNT,-0.000013053417
0x8a8e1c4e454e092fc19c6cca2034bd22b29781e7,RNDR,0.00046241283
0x8a8e1c4e454e092fc19c6cca2034bd22b29781e7,RPL,0.0
0x8a8e1c4e454e092fc19c6cca2034bd22b29781e7,RUNE,-0.0003785491
0x8a8e1c4e454e092fc19c6cca2034bd22b29781e7,SFP,0.00021111965
0x8a8e1c4e454e092fc19c6cca2034bd22b29781e7,SFUND,-0.00018835068
0x8a8e1c4e454e092fc19c6cca2034bd22b29781e7,SHIB,-0.00033944845
0x8a8e1c4e454e092fc19c6cca2034bd22b29781e7,SOL,0.00008785725
0x8a8e1c4e454e092fc19c6cca2034bd22b29781e7,STG,-0.00036031008
0x8a8e1c4e454e092fc19c6cca2034bd22b29781e7,SUI,0.0012569427
0x8a8e1c4e454e092fc19c6cca2034bd22b29781e7,SUSHI,-0.00023633242
0x8a8e1c4e454e092fc19c6cca2034bd22b29781e7,TIA,0.0
0x8a8e1c4e454e092fc19c6cca2034bd22b29781e7,TOKEN,-0.00017261505
0x8a8e1c4e454e092fc19c6cca2034bd22b29781e7,TRX,-0.000090539455
0x8a8e1c4e454e092fc19c6cca2034bd22b29781e7,UNI,-0.00010073185
0x8a8e1c4e454e092fc19c6cca2034bd22b29781e7,USDT,-0.00014650822
0x8a8e1c4e454e092fc19c6cca2034bd22b29781e7,XLM,0.0011469126
0x8a8e1c4e454e092fc19c6cca2034bd22b29781e7,XMR,0.0023100376
0x8a8e1c4e454e092fc19c6cca2034bd22b29781e7,XRP,0.000004172325
0x8a8e1c4e454e092fc19c6cca2034bd22b29781e7,XTZ,-0.00019270182
0x8a8e1c4e454e092fc19c6cca2034bd22b29781e7,XVS,-0.0002452135
0x8a8e1c4e454e092fc19c6cca2034bd22b29781e7,YFI,-0.000035583973
0x9250dbb45c4883de42348897b676ad11d6f5703c,AAVE,0.0
0x9250dbb45c4883de42348897b676ad11d6f5703c,ADA,0.0
0x9250dbb45c4883de42348897b676ad11d6f5703c,ALGO,-0.0625
0x9250dbb45c4883de42348897b676ad11d6f5703c,APE,0.0
0x9250dbb45c4883de42348897b676ad11d6f5703c,APT,0.0
0x9250dbb45c4883de42348897b676ad11d6f5703c,ATOM,0.0
0x9250dbb45c4883de42348897b676ad11d6f5703c,AVAX,0.0
0x9250dbb45c4883de42348897b676ad11d6f5703c,AXS,0.0
0x9250dbb45c4883de42348897b676ad11d6f5703c,BAL,0.0
0x9250dbb45c4883de42348897b676ad11d6f5703c,BCH,-0.0625
0x9250dbb45c4883de42348897b676ad11d6f5703c,BLUR,-0.0625
0x9250dbb45c4883de42348897b676ad11d6f5703c,BNB,0.0
0x9250dbb45c4883de42348897b676ad11d6f5703c,BONK,0.0
0x9250dbb45c4883de42348897b676ad11d6f5703c,BTC,0.0625
0x9250dbb45c4883de42348897b676ad11d6f5703c,C98,0.0
0x9250dbb45c4883de42348897b676ad11d6f5703c,CAKE,0.0
0x9250dbb45c4883de42348897b676ad11d6f5703c,COMP,0.0
0x9250dbb45c4883de42348897b676ad11d6f5703c,CRV,0.0625
0x9250dbb45c4883de42348897b676ad11d6f5703c,CVX,0.0
0x9250dbb45c4883de42348897b676ad11d6f5703c,DAI,0.0
0x9250dbb45c4883de42348897b676ad11d6f5703c,DAO,0.0
0x9250dbb45c4883de42348897b676ad11d6f5703c,DOGE,0.0
0x9250dbb45c4883de42348897b676ad11d6f5703c,DOT,0.0
0x9250dbb45c4883de42348897b676ad11d6f5703c,DYDX,0.0
0x9250dbb45c4883de42348897b676ad11d6f5703c,EOS,0.0
0x9250dbb45c4883de42348897b676ad11d6f5703c,ETC,0.0
0x9250dbb45c4883de42348897b676ad11d6f5703c,ETH,0.0
0x9250dbb45c4883de42348897b676ad11d6f5703c,FET,-0.0625
0x9250dbb45c4883de42348897b676ad11d6f5703c,FIL,0.0
0x9250dbb45c4883de42348897b676ad11d6f5703c,FRAX,0.0
0x9250dbb45c4883de42348897b676ad11d6f5703c,FTM,0.0
0x9250dbb45c4883de42348897b676ad11d6f5703c,FXS,0.0
0x9250dbb45c4883de42348897b676ad11d6f5703c,GRT,0.0
0x9250dbb45c4883de42348897b676ad11d6f5703c,HAI,0.0
0x9250dbb45c4883de42348897b676ad11d6f5703c,HERO,0.0
0x9250dbb45c4883de42348897b676ad11d6f5703c,ICP,0.0625
0x9250dbb45c4883de42348897b676ad11d6f5703c,IMX,0.0
0x9250dbb45c4883de42348897b676ad11d6f5703c,INJ,0.0
0x9250dbb45c4883de42348897b676ad11d6f5703c,LDO,0.0
0x9250dbb45c4883de42348897b676ad11d6f5703c,LINK,0.0
0x9250dbb45c4883de42348897b676ad11d6f5703c,LTC,0.0625
0x9250dbb45c4883de42348897b676ad11d6f5703c,MATIC,0.0
0x9250dbb45c4883de42348897b676ad11d6f5703c,MAV,0.0
0x9250dbb45c4883de42348897b676ad11d6f5703c,MBOX,0.0
0x9250dbb45c4883de42348897b676ad11d6f5703c,MKR,0.0
0x9250dbb45c4883de42348897b676ad11d6f5703c,MOON,0.0
0x9250dbb45c4883de42348897b676ad11d6f5703c,NEAR,-0.0625
0x9250dbb45c4883de42348897b676ad11d6f5703c,OP,0.0
0x9250dbb45c4883de42348897b676ad11d6f5703c,PENDLE,0.0
0x9250dbb45c4883de42348897b676ad11d6f5703c,PEPE,0.0
0x9250dbb45c4883de42348897b676ad11d6f5703c,PERP,0.0
0x9250dbb45c4883de42348897b676ad11d6f5703c,PIT,0.0
0x9250dbb45c4883de42348897b676ad11d6f5703c,POLS,0.0
0x9250dbb45c4883de42348897b676ad11d6f5703c,PYTH,0.0625
0x9250dbb45c4883de42348897b676ad11d6f5703c,QUACK,0.0
0x9250dbb45c4883de42348897b676ad11d6f5703c,RDNT,0.0
0x9250dbb45c4883de42348897b676ad11d6f5703c,RNDR,0.0
0x9250dbb45c4883de42348897b676ad11d6f5703c,RPL,-0.0625
0x9250dbb45c4883de42348897b676ad11d6f5703c,RUNE,0.0
0x9250dbb45c4883de42348897b676ad11d6f5703c,SFP,0.0
0x9250dbb45c4883de42348897b676ad11d6f5703c,SFUND,0.0
0x9250dbb45c4883de42348897b676ad11d6f5703c,SHIB,0.0625
0x9250dbb45c4883de42348897b676ad11d6f5703c,SOL,0.0
0x9250dbb45c4883de42348897b676ad11d6f5703c,STG,-0.0625
0x9250dbb45c4883de42348897b676ad11d6f5703c,SUI,0.0
0x9250dbb45c4883de42348897b676ad11d6f5703c,SUSHI,0.0
0x9250dbb45c4883de42348897b676ad11d6f5703c,TIA,0.0
0x9250dbb45c4883de42348897b676ad11d6f5703c,TOKEN,0.0
0x9250dbb45c4883de42348897b676ad11d6f5703c,TRX,0.0625
0x9250dbb45c4883de42348897b676ad11d6f5703c,UNI,-0.0625
0x9250dbb45c4883de42348897b676ad11d6f5703c,USDT,0.0
0x9250dbb45c4883de42348897b676ad11d6f5703c,XLM,0.0625
0x9250dbb45c4883de42348897b676ad11d6f5703c,XMR,0.0
0x9250dbb45c4883de42348897b676ad11d6f5703c,XRP,0.0
0x9250dbb45c4883de42348897b676ad11d6f5703c,XTZ,0.0
0x9250dbb45c4883de42348897b676ad11d6f5703c,XVS,0.0
0x9250dbb45c4883de42348897b676ad11d6f5703c,YFI,0.0
0x98e41d65e981a882afcb05d41939197da3465b6f,AAVE,-0.015870544364294
0x98e41d65e981a882afcb05d41939197da3465b6f,ADA,-0.0149444312103242
0x98e41d65e981a882afcb05d41939197da3465b6f,ALGO,-0.0162132612071017
0x98e41d65e981a882afcb05d41939197da3465b6f,APE,-0.015870544364294
0x98e41d65e981a882afcb05d41939197da3465b6f,APT,-0.015870544364294
0x98e41d65e981a882afcb05d41939197da3465b6f,ATOM,-0.0154674806791566
0x98e41d65e981a882afcb05d41939197da3465b6f,AVAX,-0.0149366230523904
0x98e41d65e981a882afcb05d41939197da3465b6f,AXS,-0.015870544364294
0x98e41d65e981a882afcb05d41939197da3465b6f,BAL,-0.015870544364294
0x98e41d65e981a882afcb05d41939197da3465b6f,BCH,-0.0154674806791566
0x98e41d65e981a882afcb05d41939197da3465b6f,BLUR,-0.015870544364294
0x98e41d65e981a882afcb05d41939197da3465b6f,BNB,-0.0149444312103242
0x98e41d65e981a882afcb05d41939197da3465b6f,BONK,-0.015870544364294
0x98e41d65e981a882afcb05d41939197da3465b6f,BTC,-0.015870544364294
0x98e41d65e981a882afcb05d41939197da3465b6f,C98,-0.015870544364294
0x98e41d65e981a882afcb05d41939197da3465b6f,CAKE,-0.0149366230523904
0x98e41d65e981a882afcb05d41939197da3465b6f,COMP,-0.015870544364294
0x98e41d65e981a882afcb05d41939197da3465b6f,CRV,-0.0149366230523904
0x98e41d65e981a882afcb05d41939197da3465b6f,CVX,-0.015870544364294
0x98e41d65e981a882afcb05d41939197da3465b6f,DAI,-0.015870544364294
0x98e41d65e981a882afcb05d41939197da3465b6f,DAO,-0.015870544364294
0x98e41d65e981a882afcb05d41939197da3465b6f,DOGE,-0.0149366230523904
0x98e41d65e981a882afcb05d41939197da3465b6f,DOT,-0.015870544364294
0x98e41d65e981a882afcb05d41939197da3465b6f,DYDX,-0.015870544364294
0x98e41d65e981a882afcb05d41939197da3465b6f,EOS,-0.015870544364294
0x98e41d65e981a882afcb05d41939197da3465b6f,ETC,-0.0150445083879732
0x98e41d65e981a882afcb05d41939197da3465b6f,ETH,-0.0149991627636499
0x98e41d65e981a882afcb05d41939197da3465b6f,FET,-0.015870544364294
0x98e41d65e981a882afcb05d41939197da3465b6f,FIL,-0.015870544364294
0x98e41d65e981a882afcb05d41939197da3465b6f,FRAX,-0.0150445083879732
0x98e41d65e981a882afcb05d41939197da3465b6f,FTM,-0.0149366230523904
0x98e41d65e981a882afcb05d41939197da3465b6f,FXS,-0.0150445083879732
0x98e41d65e981a882afcb05d41939197da3465b6f,GRT,-0.0149444312103242
0x98e41d65e981a882afcb05d41939197da3465b6f,HAI,-0.0154674806791566
0x98e41d65e981a882afcb05d41939197da3465b6f,HERO,-0.015870544364294
0x98e41d65e981a882afcb05d41939197da3465b6f,ICP,-0.015870544364294
0x98e41d65e981a882afcb05d41939197da3465b6f,IMX,-0.015870544364294
0x98e41d65e981a882afcb05d41939197da3465b6f,INJ,-0.0149366230523904
0x98e41d65e981a882afcb05d41939197da3465b6f,LDO,-0.015870544364294
0x98e41d65e981a882afcb05d41939197da3465b6f,LINK,-0.0149366230523904
0x98e41d65e981a882afcb05d41939197da3465b6f,LTC,-0.0149366230523904
0x98e41d65e981a882afcb05d41939197da3465b6f,MATIC,-0.0149991627636499
0x98e41d65e981a882afcb05d41939197da3465b6f,MAV,-0.015870544364294
0x98e41d65e981a882afcb05d41939197da3465b6f,MBOX,-0.015870544364294
0x98e41d65e981a882afcb05d41939197da3465b6f,MKR,-0.0149991627636499
0x98e41d65e981a882afcb05d41939197da3465b6f,MOON,-0.0154674806791566
0x98e41d65e981a882afcb05d41939197da3465b6f,NEAR,-0.015870544364294
0x98e41d65e981a882afcb05d41939197da3465b6f,OP,-0.0149991627636499
0x98e41d65e981a882afcb05d41939197da3465b6f,PENDLE,-0.015870544364294
0x98e41d65e981a882afcb05d41939197da3465b6f,PEPE,-0.015870544364294
0x98e41d65e981a882afcb05d41939197da3465b6f,PERP,-0.015870544364294
0x98e41d65e981a882afcb05d41939197da3465b6f,PIT,-0.0154674806791566
0x98e41d65e981a882afcb05d41939197da3465b6f,POLS,-0.015870544364294
0x98e41d65e981a882afcb05d41939197da3465b6f,PYTH,-0.015870544364294
0x98e41d65e981a882afcb05d41939197da3465b6f,QUACK,-0.015870544364294
0x98e41d65e981a882afcb05d41939197da3465b6f,RDNT,-0.015870544364294
0x98e41d65e981a882afcb05d41939197da3465b6f,RNDR,-0.015870544364294
0x98e41d65e981a882afcb05d41939197da3465b6f,RPL,-0.015870544364294
0x98e41d65e981a882afcb05d41939197da3465b6f,RUNE,-0.015870544364294
0x98e41d65e981a882afcb05d41939197da3465b6f,SFP,-0.015870544364294
0x98e41d65e981a882afcb05d41939197da3465b6f,SFUND,-0.015870544364294
0x98e41d65e981a882afcb05d41939197da3465b6f,SHIB,-0.0149366230523904
0x98e41d65e981a882afcb05d41939197da3465b6f,SOL,-0.0149991627636499
0x98e41d65e981a882afcb05d41939197da3465b6f,STG,-0.015870544364294
0x98e41d65e981a882afcb05d41939197da3465b6f,SUI,-0.015870544364294
0x98e41d65e981a882afcb05d41939197da3465b6f,SUSHI,-0.015870544364294
0x98e41d65e981a882afcb05d41939197da3465b6f,TIA,-0.015870544364294
0x98e41d65e981a882afcb05d41939197da3465b6f,TOKEN,-0.015870544364294
0x98e41d65e981a882afcb05d41939197da3465b6f,TRX,-0.0149991627636499
0x98e41d65e981a882afcb05d41939197da3465b6f,UNI,-0.0154674806791566
0x98e41d65e981a882afcb05d41939197da3465b6f,USDT,-0.0149991627636499
0x98e41d65e981a882afcb05d41939197da3465b6f,XLM,-0.015870544364294
0x98e41d65e981a882afcb05d41939197da3465b6f,XMR,-0.0149991627636499
0x98e41d65e981a882afcb05d41939197da3465b6f,XRP,-0.0149366230523904
0x98e41d65e981a882afcb05d41939197da3465b6f,XTZ,-0.015870544364294
0x98e41d65e981a882afcb05d41939197da3465b6f,XVS,-0.015870544364294
0x98e41d65e981a882afcb05d41939197da3465b6f,YFI,-0.015870544364294
0xa16a483a18f00a00b14b93438e8ad21f485b382f,AAVE,-0.0159343734827295
0xa16a483a18f00a00b14b93438e8ad21f485b382f,ADA,-0.0149937488582886
0xa16a483a18f00a00b14b93438e8ad21f485b382f,ALGO,-0.0169900350053103
0xa16a483a18f00a00b14b93438e8ad21f485b382f,APE,-0.0159343734827295
0xa16a483a18f00a00b14b93438e8ad21f485b382f,APT,-0.0159343734827295
0xa16a483a18f00a00b14b93438e8ad21f485b382f,ATOM,-0.0159343734827295
0xa16a483a18f00a00b14b93438e8ad21f485b382f,AVAX,-0.0144456792753152
0xa16a483a18f00a00b14b93438e8ad21f485b382f,AXS,-0.0159343734827295
0xa16a483a18f00a00b14b93438e8ad21f485b382f,BAL,-0.0159343734827295
0xa16a483a18f00a00b14b93438e8ad21f485b382f,BCH,-0.0153491148601863
0xa16a483a18f00a00b14b93438e8ad21f485b382f,BLUR,-0.0159343734827295
0xa16a483a18f00a00b14b93438e8ad21f485b382f,BNB,-0.0149417417587062
0xa16a483a18f00a00b14b93438e8ad21f485b382f,BONK,-0.0159343734827295
0xa16a483a18f00a00b14b93438e8ad21f485b382f,BTC,-0.0149937488582886
0xa16a483a18f00a00b14b93438e8ad21f485b382f,C98,-0.0159343734827295
0xa16a483a18f00a00b14b93438e8ad21f485b382f,CAKE,-0.0157517214059103
0xa16a483a18f00a00b14b93438e8ad21f485b382f,COMP,-0.0159343734827295
0xa16a483a18f00a00b14b93438e8ad21f485b382f,CRV,-0.0159343734827295
0xa16a483a18f00a00b14b93438e8ad21f485b382f,CVX,-0.0159343734827295
0xa16a483a18f00a00b14b93438e8ad21f485b382f,DAI,-0.0159343734827295
0xa16a483a18f00a00b14b93438e8ad21f485b382f,DAO,-0.0162479664029165
0xa16a483a18f00a00b14b93438e8ad21f485b382f,DOGE,-0.0144456792753152
0xa16a483a18f00a00b14b93438e8ad21f485b382f,DOT,-0.0144456792753152
0xa16a483a18f00a00b14b93438e8ad21f485b382f,DYDX,-0.0159343734827295
0xa16a483a18f00a00b14b93438e8ad21f485b382f,EOS,-0.0159343734827295
0xa16a483a18f00a00b14b93438e8ad21f485b382f,ETC,-0.0152270331112585
0xa16a483a18f00a00b14b93438e8ad21f485b382f,ETH,-0.0148995885913934
0xa16a483a18f00a00b14b93438e8ad21f485b382f,FET,-0.0159343734827295
0xa16a483a18f00a00b14b93438e8ad21f485b382f,FIL,-0.0159343734827295
0xa16a483a18f00a00b14b93438e8ad21f485b382f,FRAX,-0.0163193090108552
0xa16a483a18f00a00b14b93438e8ad21f485b382f,FTM,-0.0151726562898499
0xa16a483a18f00a00b14b93438e8ad21f485b382f,FXS,-0.0163193090108552
0xa16a483a18f00a00b14b93438e8ad21f485b382f,GRT,-0.0159343734827295
0xa16a483a18f00a00b14b93438e8ad21f485b382f,HAI,-0.0157517214059103
0xa16a483a18f00a00b14b93438e8ad21f485b382f,HERO,-0.0159343734827295
0xa16a483a18f00a00b14b93438e8ad21f485b382f,ICP,-0.0159343734827295
0xa16a483a18f00a00b14b93438e8ad21f485b382f,IMX,-0.0159343734827295
0xa16a483a18f00a00b14b93438e8ad21f485b382f,INJ,-0.0159343734827295
0xa16a483a18f00a00b14b93438e8ad21f485b382f,LDO,-0.0159343734827295
0xa16a483a18f00a00b14b93438e8ad21f485b382f,LINK,-0.0157517214059103
0xa16a483a18f00a00b14b93438e8ad21f485b382f,LTC,-0.0159343734827295
0xa16a483a18f00a00b14b93438e8ad21f485b382f,MATIC,-0.0138139071461182
0xa16a483a18f00a00b14b93438e8ad21f485b382f,MAV,-0.0159343734827295
0xa16a483a18f00a00b14b93438e8ad21f485b382f,MBOX,-0.0159343734827295
0xa16a483a18f00a00b14b93438e8ad21f485b382f,MKR,-0.0143367966690678
0xa16a483a18f00a00b14b93438e8ad21f485b382f,MOON,-0.0148869218582085
0xa16a483a18f00a00b14b93438e8ad21f485b382f,NEAR,-0.0159343734827295
0xa16a483a18f00a00b14b93438e8ad21f485b382f,OP,-0.0148729070529299
0xa16a483a18f00a00b14b93438e8ad21f485b382f,PENDLE,-0.0159343734827295
0xa16a483a18f00a00b14b93438e8ad21f485b382f,PEPE,-0.0159343734827295
0xa16a483a18f00a00b14b93438e8ad21f485b382f,PERP,-0.0159343734827295
0xa16a483a18f00a00b14b93438e8ad21f485b382f,PIT,-0.0159343734827295
0xa16a483a18f00a00b14b93438e8ad21f485b382f,POLS,-0.0159343734827295
0xa16a483a18f00a00b14b93438e8ad21f485b382f,PYTH,-0.0159343734827295
0xa16a483a18f00a00b14b93438e8ad21f485b382f,QUACK,-0.0159343734827295
0xa16a483a18f00a00b14b93438e8ad21f485b382f,RDNT,-0.0159343734827295
0xa16a483a18f00a00b14b93438e8ad21f485b382f,RNDR,-0.0159343734827295
0xa16a483a18f00a00b14b93438e8ad21f485b382f,RPL,-0.0159343734827295
0xa16a483a18f00a00b14b93438e8ad21f485b382f,RUNE,-0.0159343734827295
0xa16a483a18f00a00b14b93438e8ad21f485b382f,SFP,-0.0159343734827295
0xa16a483a18f00a00b14b93438e8ad21f485b382f,SFUND,-0.0159343734827295
0xa16a483a18f00a00b14b93438e8ad21f485b382f,SHIB,-0.0159343734827295
0xa16a483a18f00a00b14b93438e8ad21f485b382f,SOL,-0.0148617417034932
0xa16a483a18f00a00b14b93438e8ad21f485b382f,STG,-0.0162675057993968
0xa16a483a18f00a00b14b93438e8ad21f485b382f,SUI,-0.0159343734827295
0xa16a483a18f00a00b14b93438e8ad21f485b382f,SUSHI,-0.0159343734827295
0xa16a483a18f00a00b14b93438e8ad21f485b382f,TIA,-0.0159343734827295
0xa16a483a18f00a00b14b93438e8ad21f485b382f,TOKEN,-0.0159343734827295
0xa16a483a18f00a00b14b93438e8ad21f485b382f,TRX,-0.0175219866260221
0xa16a483a18f00a00b14b93438e8ad21f485b382f,UNI,-0.0144456792753152
0xa16a483a18f00a00b14b93438e8ad21f485b382f,USDT,-0.0149568124177915
0xa16a483a18f00a00b14b93438e8ad21f485b382f,XLM,-0.0159343734827295
0xa16a483a18f00a00b14b93438e8ad21f485b382f,XMR,-0.0139326189948444
0xa16a483a18f00a00b14b93438e8ad21f485b382f,XRP,-0.0149417417587062
0xa16a483a18f00a00b14b93438e8ad21f485b382f,XTZ,-0.0159343734827295
0xa16a483a18f00a00b14b93438e8ad21f485b382f,XVS,-0.0159343734827295
0xa16a483a18f00a00b14b93438e8ad21f485b382f,YFI,-0.0159343734827295
0xb294a5316e76e84649a3b8ff0ff6ef9788595bed,AAVE,-0.00044465065
0xb294a5316e76e84649a3b8ff0ff6ef9788595bed,ADA,0.00039422512
0xb294a5316e76e84649a3b8ff0ff6ef9788595bed,ALGO,0.0011808872
0xb294a5316e76e84649a3b8ff0ff6ef9788595bed,APE,-0.0038116574
0xb294a5316e76e84649a3b8ff0ff6ef9788595bed,APT,0.005575061
0xb294a5316e76e84649a3b8ff0ff6ef9788595bed,ATOM,-0.00047057867
0xb294a5316e76e84649a3b8ff0ff6ef9788595bed,AVAX,-0.0033070445
0xb294a5316e76e84649a3b8ff0ff6ef9788595bed,AXS,-0.0028880835
0xb294a5316e76e84649a3b8ff0ff6ef9788595bed,BAL,-0.0005490184
0xb294a5316e76e84649a3b8ff0ff6ef9788595bed,BCH,0.0061819553
0xb294a5316e76e84649a3b8ff0ff6ef9788595bed,BLUR,0.0041531324
0xb294a5316e76e84649a3b8ff0ff6ef9788595bed,BNB,0.0009784698
0xb294a5316e76e84649a3b8ff0ff6ef9788595bed,BONK,0.00050747395
0xb294a5316e76e84649a3b8ff0ff6ef9788595bed,BTC,-0.00014704466
0xb294a5316e76e84649a3b8ff0ff6ef9788595bed,C98,-0.004391134
0xb294a5316e76e84649a3b8ff0ff6ef9788595bed,CAKE,0.0042151213
0xb294a5316e76e84649a3b8ff0ff6ef9788595bed,COMP,0.004889965
0xb294a5316e76e84649a3b8ff0ff6ef9788595bed,CRV,0.0044481754
0xb294a5316e76e84649a3b8ff0ff6ef9788595bed,CVX,-0.0000308156
0xb294a5316e76e84649a3b8ff0ff6ef9788595bed,DAI,0.00014305115
0xb294a5316e76e84649a3b8ff0ff6ef9788595bed,DAO,-0.0068618655
0xb294a5316e76e84649a3b8ff0ff6ef9788595bed,DOGE,0.008906841
0xb294a5316e76e84649a3b8ff0ff6ef9788595bed,DOT,0.0037446022
0xb294a5316e76e84649a3b8ff0ff6ef9788595bed,DYDX,-0.0045392513
0xb294a5316e76e84649a3b8ff0ff6ef9788595bed,EOS,0.007855535
0xb294a5316e76e84649a3b8ff0ff6ef9788595bed,ETC,0.0110942125
0xb294a5316e76e84649a3b8ff0ff6ef9788595bed,ETH,0.00026643276
0xb294a5316e76e84649a3b8ff0ff6ef9788595bed,FET,0.00029683113
0xb294a5316e76e84649a3b8ff0ff6ef9788595bed,FIL,-0.009590149
0xb294a5316e76e84649a3b8ff0ff6ef9788595bed,FRAX,0.003503561
0xb294a5316e76e84649a3b8ff0ff6ef9788595bed,FTM,0.009323239
0xb294a5316e76e84649a3b8ff0ff6ef9788595bed,FXS,0.0028713942
0xb294a5316e76e84649a3b8ff0ff6ef9788595bed,GRT,0.010335326
0xb294a5316e76e84649a3b8ff0ff6ef9788595bed,HAI,0.001364708
0xb294a5316e76e84649a3b8ff0ff6ef9788595bed,HERO,0.00015234947
0xb294a5316e76e84649a3b8ff0ff6ef9788595bed,ICP,-0.0009878278
0xb294a5316e76e84649a3b8ff0ff6ef9788595bed,IMX,0.0019321442
0xb294a5316e76e84649a3b8ff0ff6ef9788595bed,INJ,0.004192829
0xb294a5316e76e84649a3b8ff0ff6ef9788595bed,LDO,0.0
0xb294a5316e76e84649a3b8ff0ff6ef9788595bed,LINK,0.0054581165
0xb294a5316e76e84649a3b8ff0ff6ef9788595bed,LTC,0.0051755905
0xb294a5316e76e84649a3b8ff0ff6ef9788595bed,MATIC,0.0015913248
0xb294a5316e76e84649a3b8ff0ff6ef9788595bed,MAV,0.003042221
0xb294a5316e76e84649a3b8ff0ff6ef9788595bed,MBOX,0.00045859814
0xb294a5316e76e84649a3b8ff0ff6ef9788595bed,MKR,0.0016360283
0xb294a5316e76e84649a3b8ff0ff6ef9788595bed,MOON,0.0051110983
0xb294a5316e76e84649a3b8ff0ff6ef9788595bed,NEAR,-0.000081181526
0xb294a5316e76e84649a3b8ff0ff6ef9788595bed,OP,0.002129078
0xb294a5316e76e84649a3b8ff0ff6ef9788595bed,PENDLE,0.0077949762
0xb294a5316e76e84649a3b8ff0ff6ef9788595bed,PEPE,0.0064088106
0xb294a5316e76e84649a3b8ff0ff6ef9788595bed,PERP,-0.0012623072
0xb294a5316e76e84649a3b8ff0ff6ef9788595bed,PIT,-0.0017565489
0xb294a5316e76e84649a3b8ff0ff6ef9788595bed,POLS,-0.0011124611
0xb294a5316e76e84649a3b8ff0ff6ef9788595bed,PYTH,0.0017797947
0xb294a5316e76e84649a3b8ff0ff6ef9788595bed,QUACK,-0.0007491112
0xb294a5316e76e84649a3b8ff0ff6ef9788595bed,RDNT,0.002170086
0xb294a5316e76e84649a3b8ff0ff6ef9788595bed,RNDR,-0.0011017323
0xb294a5316e76e84649a3b8ff0ff6ef9788595bed,RPL,0.0003823042
0xb294a5316e76e84649a3b8ff0ff6ef9788595bed,RUNE,0.0004811287
0xb294a5316e76e84649a3b8ff0ff6ef9788595bed,SFP,0.010509968
0xb294a5316e76e84649a3b8ff0ff6ef9788595bed,SFUND,-0.000053465366
0xb294a5316e76e84649a3b8ff0ff6ef9788595bed,SHIB,0.010447025
0xb294a5316e76e84649a3b8ff0ff6ef9788595bed,SOL,0.003054738
0xb294a5316e76e84649a3b8ff0ff6ef9788595bed,STG,0.0005310774
0xb294a5316e76e84649a3b8ff0ff6ef9788595bed,SUI,0.0015275478
0xb294a5316e76e84649a3b8ff0ff6ef9788595bed,SUSHI,0.0025485754
0xb294a5316e76e84649a3b8ff0ff6ef9788595bed,TIA,0.00092220306
0xb294a5316e76e84649a3b8ff0ff6ef9788595bed,TOKEN,0.0
0xb294a5316e76e84649a3b8ff0ff6ef9788595bed,TRX,0.0057263374
0xb294a5316e76e84649a3b8ff0ff6ef9788595bed,UNI,0.011231065
0xb294a5316e76e84649a3b8ff0ff6ef9788595bed,USDT,0.0020023584
0xb294a5316e76e84649a3b8ff0ff6ef9788595bed,XLM,0.0032584667
0xb294a5316e76e84649a3b8ff0ff6ef9788595bed,XMR,0.025933623
0xb294a5316e76e84649a3b8ff0ff6ef9788595bed,XRP,-0.005386114
0xb294a5316e76e84649a3b8ff0ff6ef9788595bed,XTZ,-0.00091677904
0xb294a5316e76e84649a3b8ff0ff6ef9788595bed,XVS,-0.009581208
0xb294a5316e76e84649a3b8ff0ff6ef9788595bed,YFI,0.0049265623
0xb7ece21c962697a3194c0b6e4b81db54433055ab,AAVE,-0.0140642580027486
0xb7ece21c962697a3194c0b6e4b81db54433055ab,ADA,-0.0148317971092007
0xb7ece21c962697a3194c0b6e4b81db54433055ab,ALGO,-0.0173550614656164
0xb7ece21c962697a3194c0b6e4b81db54433055ab,APE,-0.0140642580027486
0xb7ece21c962697a3194c0b6e4b81db54433055ab,APT,-0.0140642580027486
0xb7ece21c962697a3194c0b6e4b81db54433055ab,ATOM,-0.0144275965938214
0xb7ece21c962697a3194c0b6e4b81db54433055ab,AVAX,-0.0140642580027486
0xb7ece21c962697a3194c0b6e4b81db54433055ab,AXS,-0.0140642580027486
0xb7ece21c962697a3194c0b6e4b81db54433055ab,BAL,-0.0140642580027486
0xb7ece21c962697a3194c0b6e4b81db54433055ab,BCH,-0.0147776905080831
0xb7ece21c962697a3194c0b6e4b81db54433055ab,BLUR,-0.0140642580027486
0xb7ece21c962697a3194c0b6e4b81db54433055ab,BNB,-0.015226983339205
0xb7ece21c962697a3194c0b6e4b81db54433055ab,BONK,-0.0140642580027486
0xb7ece21c962697a3194c0b6e4b81db54433055ab,BTC,-0.0146663031016127
0xb7ece21c962697a3194c0b6e4b81db54433055ab,C98,-0.0140642580027486
0xb7ece21c962697a3194c0b6e4b81db54433055ab,CAKE,-0.015226983339205
0xb7ece21c962697a3194c0b6e4b81db54433055ab,COMP,-0.0140642580027486
0xb7ece21c962697a3194c0b6e4b81db54433055ab,CRV,-0.0144275965938214
0xb7ece21c962697a3194c0b6e4b81db54433055ab,CVX,-0.0140642580027486
0xb7ece21c962697a3194c0b6e4b81db54433055ab,DAI,-0.0140642580027486
0xb7ece21c962697a3194c0b6e4b81db54433055ab,DAO,-0.0163261530393229
0xb7ece21c962697a3194c0b6e4b81db54433055ab,DOGE,-0.0140642580027486
0xb7ece21c962697a3194c0b6e4b81db54433055ab,DOT,-0.0140642580027486
0xb7ece21c962697a3194c0b6e4b81db54433055ab,DYDX,-0.0140642580027486
0xb7ece21c962697a3194c0b6e4b81db54433055ab,EOS,-0.0140642580027486
0xb7ece21c962697a3194c0b6e4b81db54433055ab,ETC,-0.0149812074156919
0xb7ece21c962697a3194c0b6e4b81db54433055ab,ETH,-0.0145788078612712
0xb7ece21c962697a3194c0b6e4b81db54433055ab,FET,-0.0140642580027486
0xb7ece21c962697a3194c0b6e4b81db54433055ab,FIL,-0.0140642580027486
0xb7ece21c962697a3194c0b6e4b81db54433055ab,FRAX,-0.0140642580027486
0xb7ece21c962697a3194c0b6e4b81db54433055ab,FTM,-0.0149812074156919
0xb7ece21c962697a3194c0b6e4b81db54433055ab,FXS,-0.0140642580027486
0xb7ece21c962697a3194c0b6e4b81db54433055ab,GRT,-0.0140642580027486
0xb7ece21c962697a3194c0b6e4b81db54433055ab,HAI,-0.015226983339205
0xb7ece21c962697a3194c0b6e4b81db54433055ab,HERO,-0.0140642580027486
0xb7ece21c962697a3194c0b6e4b81db54433055ab,ICP,-0.0140642580027486
0xb7ece21c962697a3194c0b6e4b81db54433055ab,IMX,-0.0140642580027486
0xb7ece21c962697a3194c0b6e4b81db54433055ab,INJ,-0.0140642580027486
0xb7ece21c962697a3194c0b6e4b81db54433055ab,LDO,-0.0140642580027486
0xb7ece21c962697a3194c0b6e4b81db54433055ab,LINK,-0.015226983339205
0xb7ece21c962697a3194c0b6e4b81db54433055ab,LTC,-0.0140642580027486
0xb7ece21c962697a3194c0b6e4b81db54433055ab,MATIC,-0.015226983339205
0xb7ece21c962697a3194c0b6e4b81db54433055ab,MAV,-0.0140642580027486
0xb7ece21c962697a3194c0b6e4b81db54433055ab,MBOX,-0.0140642580027486
0xb7ece21c962697a3194c0b6e4b81db54433055ab,MKR,-0.014408343809265
0xb7ece21c962697a3194c0b6e4b81db54433055ab,MOON,-0.0154251784827651
0xb7ece21c962697a3194c0b6e4b81db54433055ab,NEAR,-0.0140642580027486
0xb7ece21c962697a3194c0b6e4b81db54433055ab,OP,-0.0148642944068449
0xb7ece21c962697a3194c0b6e4b81db54433055ab,PENDLE,-0.0140642580027486
0xb7ece21c962697a3194c0b6e4b81db54433055ab,PEPE,-0.0140642580027486
0xb7ece21c962697a3194c0b6e4b81db54433055ab,PERP,-0.0140642580027486
0xb7ece21c962697a3194c0b6e4b81db54433055ab,PIT,-0.0140642580027486
0xb7ece21c962697a3194c0b6e4b81db54433055ab,POLS,-0.0140642580027486
0xb7ece21c962697a3194c0b6e4b81db54433055ab,PYTH,-0.0140642580027486
0xb7ece21c962697a3194c0b6e4b81db54433055ab,QUACK,-0.0140642580027486
0xb7ece21c962697a3194c0b6e4b81db54433055ab,RDNT,-0.0140642580027486
0xb7ece21c962697a3194c0b6e4b81db54433055ab,RNDR,-0.0140642580027486
0xb7ece21c962697a3194c0b6e4b81db54433055ab,RPL,-0.0140642580027486
0xb7ece21c962697a3194c0b6e4b81db54433055ab,RUNE,-0.0140642580027486
0xb7ece21c962697a3194c0b6e4b81db54433055ab,SFP,-0.0140642580027486
0xb7ece21c962697a3194c0b6e4b81db54433055ab,SFUND,-0.0140642580027486
0xb7ece21c962697a3194c0b6e4b81db54433055ab,SHIB,-0.0140642580027486
0xb7ece21c962697a3194c0b6e4b81db54433055ab,SOL,-0.01452280809735
0xb7ece21c962697a3194c0b6e4b81db54433055ab,STG,-0.0140642580027486
0xb7ece21c962697a3194c0b6e4b81db54433055ab,SUI,-0.0140642580027486
0xb7ece21c962697a3194c0b6e4b81db54433055ab,SUSHI,-0.0140642580027486
0xb7ece21c962697a3194c0b6e4b81db54433055ab,TIA,-0.0140642580027486
0xb7ece21c962697a3194c0b6e4b81db54433055ab,TOKEN,-0.0140642580027486
0xb7ece21c962697a3194c0b6e4b81db54433055ab,TRX,-0.0162132530204971
0xb7ece21c962697a3194c0b6e4b81db54433055ab,UNI,-0.0140642580027486
0xb7ece21c962697a3194c0b6e4b81db54433055ab,USDT,-0.0152758979764846
0xb7ece21c962697a3194c0b6e4b81db54433055ab,XLM,-0.014226520757882
0xb7ece21c962697a3194c0b6e4b81db54433055ab,XMR,-0.0140642580027486
0xb7ece21c962697a3194c0b6e4b81db54433055ab,XRP,-0.0148752361859668
0xb7ece21c962697a3194c0b6e4b81db54433055ab,XTZ,-0.0140642580027486
0xb7ece21c962697a3194c0b6e4b81db54433055ab,XVS,-0.0140642580027486
0xb7ece21c962697a3194c0b6e4b81db54433055ab,YFI,-0.0140642580027486
0xcbe37e37bb9ac19e87e6e495303fab60c3111529,AAVE,-0.0306734066870795
0xcbe37e37bb9ac19e87e6e495303fab60c3111529,ADA,-0.0148222145759778
0xcbe37e37bb9ac19e87e6e495303fab60c3111529,ALGO,-0.0600589727256396
0xcbe37e37bb9ac19e87e6e495303fab60c3111529,APE,-0.0093739774408514
0xcbe37e37bb9ac19e87e6e495303fab60c3111529,APT,-0.0166019811650021
0xcbe37e37bb9ac19e87e6e495303fab60c3111529,ATOM,0.0076325599499463
0xcbe37e37bb9ac19e87e6e495303fab60c3111529,AVAX,-0.0144268115210542
0xcbe37e37bb9ac19e87e6e495303fab60c3111529,AXS,-0.0271775880902455
0xcbe37e37bb9ac19e87e6e495303fab60c3111529,BAL,-0.0242834985463316
0xcbe37e37bb9ac19e87e6e495303fab60c3111529,BCH,0.0171019469624665
0xcbe37e37bb9ac19e87e6e495303fab60c3111529,BLUR,-0.0276148786700651
0xcbe37e37bb9ac19e87e6e495303fab60c3111529,BNB,-0.0051872135423434
0xcbe37e37bb9ac19e87e6e495303fab60c3111529,BONK,-0.0050257503774814
0xcbe37e37bb9ac19e87e6e495303fab60c3111529,BTC,0.0422716313984565
0xcbe37e37bb9ac19e87e6e495303fab60c3111529,C98,-0.0211428999339646
0xcbe37e37bb9ac19e87e6e495303fab60c3111529,CAKE,-0.0018305724123791
0xcbe37e37bb9ac19e87e6e495303fab60c3111529,COMP,-0.0046068205624142
0xcbe37e37bb9ac19e87e6e495303fab60c3111529,CRV,-0.0013008048738462
0xcbe37e37bb9ac19e87e6e495303fab60c3111529,CVX,-0.0287220935984276
0xcbe37e37bb9ac19e87e6e495303fab60c3111529,DAI,0.0013515260366514
0xcbe37e37bb9ac19e87e6e495303fab60c3111529,DAO,-0.05876420768493
0xcbe37e37bb9ac19e87e6e495303fab60c3111529,DOGE,-0.0039130161982441
0xcbe37e37bb9ac19e87e6e495303fab60c3111529,DOT,0.0067201910655935
0xcbe37e37bb9ac19e87e6e495303fab60c3111529,DYDX,-0.0504188647703779
0xcbe37e37bb9ac19e87e6e495303fab60c3111529,EOS,-0.0255775164488147
0xcbe37e37bb9ac19e87e6e495303fab60c3111529,ETC,0.0008516939129001
0xcbe37e37bb9ac19e87e6e495303fab60c3111529,ETH,-0.0038553875753712
0xcbe37e37bb9ac19e87e6e495303fab60c3111529,FET,-0.0158783768846509
0xcbe37e37bb9ac19e87e6e495303fab60c3111529,FIL,-0.0304159794306104
0xcbe37e37bb9ac19e87e6e495303fab60c3111529,FRAX,-0.0078350973712803
0xcbe37e37bb9ac19e87e6e495303fab60c3111529,FTM,0.088041091468096
0xcbe37e37bb9ac19e87e6e495303fab60c3111529,FXS,-0.032919777291899
0xcbe37e37bb9ac19e87e6e495303fab60c3111529,GRT,-0.0059346384577919
0xcbe37e37bb9ac19e87e6e495303fab60c3111529,HAI,-0.0075521387579934
0xcbe37e37bb9ac19e87e6e495303fab60c3111529,HERO,-0.016286689900791
0xcbe37e37bb9ac19e87e6e495303fab60c3111529,ICP,-0.0043254934496261
0xcbe37e37bb9ac19e87e6e495303fab60c3111529,IMX,-0.0192992265999923
0xcbe37e37bb9ac19e87e6e495303fab60c3111529,INJ,-0.0002225108487214
0xcbe37e37bb9ac19e87e6e495303fab60c3111529,LDO,-0.0328990517107172
0xcbe37e37bb9ac19e87e6e495303fab60c3111529,LINK,-0.0062514113990656
0xcbe37e37bb9ac19e87e6e495303fab60c3111529,LTC,-0.0286132281938805
0xcbe37e37bb9ac19e87e6e495303fab60c3111529,MATIC,-0.0014706680225162
0xcbe37e37bb9ac19e87e6e495303fab60c3111529,MAV,-0.0393882282417115
0xcbe37e37bb9ac19e87e6e495303fab60c3111529,MBOX,-0.0239881696237141
0xcbe37e37bb9ac19e87e6e495303fab60c3111529,MKR,0.0109785785809228
0xcbe37e37bb9ac19e87e6e495303fab60c3111529,MOON,-0.0076080994163086
0xcbe37e37bb9ac19e87e6e495303fab60c3111529,NEAR,-0.016243033896686
0xcbe37e37bb9ac19e87e6e495303fab60c3111529,OP,-0.0011446333107972
0xcbe37e37bb9ac19e87e6e495303fab60c3111529,PENDLE,-0.0063758662952045
0xcbe37e37bb9ac19e87e6e495303fab60c3111529,PEPE,-0.0031324259427833
0xcbe37e37bb9ac19e87e6e495303fab60c3111529,PERP,-0.046125272667549
0xcbe37e37bb9ac19e87e6e495303fab60c3111529,PIT,-0.0111914782459201
0xcbe37e37bb9ac19e87e6e495303fab60c3111529,POLS,-0.0351382117167917
0xcbe37e37bb9ac19e87e6e495303fab60c3111529,PYTH,-0.0303466933524381
0xcbe37e37bb9ac19e87e6e495303fab60c3111529,QUACK,-0.0121243225517476
0xcbe37e37bb9ac19e87e6e495303fab60c3111529,RDNT,-0.0340399216282298
0xcbe37e37bb9ac19e87e6e495303fab60c3111529,RNDR,-0.0276914644401931
0xcbe37e37bb9ac19e87e6e495303fab60c3111529,RPL,-0.0195171415242705
0xcbe37e37bb9ac19e87e6e495303fab60c3111529,RUNE,-0.0093891107448404
0xcbe37e37bb9ac19e87e6e495303fab60c3111529,SFP,-0.0285850524201261
0xcbe37e37bb9ac19e87e6e495303fab60c3111529,SFUND,-0.0304215074119518
0xcbe37e37bb9ac19e87e6e495303fab60c3111529,SHIB,-0.0132253773922788
0xcbe37e37bb9ac19e87e6e495303fab60c3111529,SOL,0.0235322249325979
0xcbe37e37bb9ac19e87e6e495303fab60c3111529,STG,-0.0325951389183624
0xcbe37e37bb9ac19e87e6e495303fab60c3111529,SUI,-0.0188835966541853
0xcbe37e37bb9ac19e87e6e495303fab60c3111529,SUSHI,-0.0176944761750438
0xcbe37e37bb9ac19e87e6e495303fab60c3111529,TIA,-0.0172771048299616
0xcbe37e37bb9ac19e87e6e495303fab60c3111529,TOKEN,-0.0212874761765693
0xcbe37e37bb9ac19e87e6e495303fab60c3111529,TRX,-0.004524172735964
0xcbe37e37bb9ac19e87e6e495303fab60c3111529,UNI,-0.0061735840490913
0xcbe37e37bb9ac19e87e6e495303fab60c3111529,USDT,0.0119482652606219
0xcbe37e37bb9ac19e87e6e495303fab60c3111529,XLM,-0.0104020846587014
0xcbe37e37bb9ac19e87e6e495303fab60c3111529,XMR,0.0092187893709495
0xcbe37e37bb9ac19e87e6e495303fab60c3111529,XRP,-0.000015993731400845454
0xcbe37e37bb9ac19e87e6e495303fab60c3111529,XTZ,-0.0068795263438396
0xcbe37e37bb9ac19e87e6e495303fab60c3111529,XVS,-0.0193000908454342
0xcbe37e37bb9ac19e87e6e495303fab60c3111529,YFI,-0.0067970869501048
0xcf28560da27700098a0efcb3f5742169948892de,AAVE,-0.0164633676313008
0xcf28560da27700098a0efcb3f5742169948892de,ADA,-0.0040912147194019
0xcf28560da27700098a0efcb3f5742169948892de,ALGO,-0.0488299877883269
0xcf28560da27700098a0efcb3f5742169948892de,APE,-0.0221888582897536
0xcf28560da27700098a0efcb3f5742169948892de,APT,-0.0298779647179989
0xcf28560da27700098a0efcb3f5742169948892de,ATOM,-0.0323179794621911
0xcf28560da27700098a0efcb3f5742169948892de,AVAX,-0.0181462148483554
0xcf28560da27700098a0efcb3f5742169948892de,AXS,-0.0208245414548548
0xcf28560da27700098a0efcb3f5742169948892de,BAL,-0.014738151187998
0xcf28560da27700098a0efcb3f5742169948892de,BCH,-0.0167941732491131
0xcf28560da27700098a0efcb3f5742169948892de,BLUR,-0.0438350392815272
0xcf28560da27700098a0efcb3f5742169948892de,BNB,-0.0049030978983147
0xcf28560da27700098a0efcb3f5742169948892de,BONK,-0.0383753390445974
0xcf28560da27700098a0efcb3f5742169948892de,BTC,-0.0122511190295002
0xcf28560da27700098a0efcb3f5742169948892de,C98,-0.0157786323227099
0xcf28560da27700098a0efcb3f5742169948892de,CAKE,-0.0164358871922722
0xcf28560da27700098a0efcb3f5742169948892de,COMP,-0.0242874725426589
0xcf28560da27700098a0efcb3f5742169948892de,CRV,-0.0322847419832527
0xcf28560da27700098a0efcb3f5742169948892de,CVX,-0.0152933223482244
0xcf28560da27700098a0efcb3f5742169948892de,DAI,-0.0004101543671822
0xcf28560da27700098a0efcb3f5742169948892de,DAO,-0.086381415416698
0xcf28560da27700098a0efcb3f5742169948892de,DOGE,-0.0125088481368758
0xcf28560da27700098a0efcb3f5742169948892de,DOT,-0.0284555000848203
0xcf28560da27700098a0efcb3f5742169948892de,DYDX,-0.0523613789408931
0xcf28560da27700098a0efcb3f5742169948892de,EOS,-0.022569417430049
0xcf28560da27700098a0efcb3f5742169948892de,ETC,-0.0018280639324327
0xcf28560da27700098a0efcb3f5742169948892de,ETH,-0.0009375727340294
0xcf28560da27700098a0efcb3f5742169948892de,FET,-0.0333064563287624
0xcf28560da27700098a0efcb3f5742169948892de,FIL,-0.0192407054956189
0xcf28560da27700098a0efcb3f5742169948892de,FRAX,-0.0150911566545832
0xcf28560da27700098a0efcb3f5742169948892de,FTM,0.0059895144708098
0xcf28560da27700098a0efcb3f5742169948892de,FXS,-0.0284484017970902
0xcf28560da27700098a0efcb3f5742169948892de,GRT,-0.0114551751111653
0xcf28560da27700098a0efcb3f5742169948892de,HAI,-0.0248890913659535
0xcf28560da27700098a0efcb3f5742169948892de,HERO,-0.0278405598998508
0xcf28560da27700098a0efcb3f5742169948892de,ICP,-0.0160594118989029
0xcf28560da27700098a0efcb3f5742169948892de,IMX,-0.0167317929495678
0xcf28560da27700098a0efcb3f5742169948892de,INJ,-0.0135483282153924
0xcf28560da27700098a0efcb3f5742169948892de,LDO,-0.0366412527230418
0xcf28560da27700098a0efcb3f5742169948892de,LINK,-0.0180275594283689
0xcf28560da27700098a0efcb3f5742169948892de,LTC,-0.0053610937408643
0xcf28560da27700098a0efcb3f5742169948892de,MATIC,-0.0534170271842506
0xcf28560da27700098a0efcb3f5742169948892de,MAV,-0.0198961082366377
0xcf28560da27700098a0efcb3f5742169948892de,MBOX,-0.0106380045783532
0xcf28560da27700098a0efcb3f5742169948892de,MKR,-0.0039871121956619
0xcf28560da27700098a0efcb3f5742169948892de,MOON,-0.0510370989703138
0xcf28560da27700098a0efcb3f5742169948892de,NEAR,-0.0164280040273707
0xcf28560da27700098a0efcb3f5742169948892de,OP,-0.0216299917391207
0xcf28560da27700098a0efcb3f5742169948892de,PENDLE,-0.0177664637352915
0xcf28560da27700098a0efcb3f5742169948892de,PEPE,-0.0421730429436016
0xcf28560da27700098a0efcb3f5742169948892de,PERP,-0.0024461662977054
0xcf28560da27700098a0efcb3f5742169948892de,PIT,-0.0220232207846152
0xcf28560da27700098a0efcb3f5742169948892de,POLS,-0.0235283483969032
0xcf28560da27700098a0efcb3f5742169948892de,PYTH,-0.0182700901508833
0xcf28560da27700098a0efcb3f5742169948892de,QUACK,-0.0240983238130257
0xcf28560da27700098a0efcb3f5742169948892de,RDNT,-0.06030229254587
0xcf28560da27700098a0efcb3f5742169948892de,RNDR,-0.0289560748267546
0xcf28560da27700098a0efcb3f5742169948892de,RPL,-0.0217311261041939
0xcf28560da27700098a0efcb3f5742169948892de,RUNE,-0.0366678874157046
0xcf28560da27700098a0efcb3f5742169948892de,SFP,-0.0322132394983345
0xcf28560da27700098a0efcb3f5742169948892de,SFUND,-0.0215460241846699
0xcf28560da27700098a0efcb3f5742169948892de,SHIB,-0.0415130332372487
0xcf28560da27700098a0efcb3f5742169948892de,SOL,-0.0076566172879137
0xcf28560da27700098a0efcb3f5742169948892de,STG,-0.0395155047817204
0xcf28560da27700098a0efcb3f5742169948892de,SUI,-0.0078274434282561
0xcf28560da27700098a0efcb3f5742169948892de,SUSHI,-0.0178807744898629
0xcf28560da27700098a0efcb3f5742169948892de,TIA,-0.0139858493985998
0xcf28560da27700098a0efcb3f5742169948892de,TOKEN,-0.028889168473753
0xcf28560da27700098a0efcb3f5742169948892de,TRX,0.0005303498227516
0xcf28560da27700098a0efcb3f5742169948892de,UNI,-0.0142147035031913
0xcf28560da27700098a0efcb3f5742169948892de,USDT,-0.003553604643403
0xcf28560da27700098a0efcb3f5742169948892de,XLM,-0.0235822914545414
0xcf28560da27700098a0efcb3f5742169948892de,XMR,-0.0182851350597495
0xcf28560da27700098a0efcb3f5742169948892de,XRP,-0.0162356549049529
0xcf28560da27700098a0efcb3f5742169948892de,XTZ,-0.000439613155952
0xcf28560da27700098a0efcb3f5742169948892de,XVS,-0.009026331364203
0xcf28560da27700098a0efcb3f5742169948892de,YFI,-0.0129885376076765
0xe14867e41410bd7232a52b9400476c08b4e535b3,AAVE,-0.015870544364294
0xe14867e41410bd7232a52b9400476c08b4e535b3,ADA,-0.0149444312103242
0xe14867e41410bd7232a52b9400476c08b4e535b3,ALGO,-0.0162132612071017
0xe14867e41410bd7232a52b9400476c08b4e535b3,APE,-0.015870544364294
0xe14867e41410bd7232a52b9400476c08b4e535b3,APT,-0.015870544364294
0xe14867e41410bd7232a52b9400476c08b4e535b3,ATOM,-0.0154674806791566
0xe14867e41410bd7232a52b9400476c08b4e535b3,AVAX,-0.0149366230523904
0xe14867e41410bd7232a52b9400476c08b4e535b3,AXS,-0.015870544364294
0xe14867e41410bd7232a52b9400476c08b4e535b3,BAL,-0.015870544364294
0xe14867e41410bd7232a52b9400476c08b4e535b3,BCH,-0.0154674806791566
0xe14867e41410bd7232a52b9400476c08b4e535b3,BLUR,-0.015870544364294
0xe14867e41410bd7232a52b9400476c08b4e535b3,BNB,-0.0149444312103242
0xe14867e41410bd7232a52b9400476c08b4e535b3,BONK,-0.015870544364294
0xe14867e41410bd7232a52b9400476c08b4e535b3,BTC,-0.015870544364294
0xe14867e41410bd7232a52b9400476c08b4e535b3,C98,-0.015870544364294
0xe14867e41410bd7232a52b9400476c08b4e535b3,CAKE,-0.0149366230523904
0xe14867e41410bd7232a52b9400476c08b4e535b3,COMP,-0.015870544364294
0xe14867e41410bd7232a52b9400476c08b4e535b3,CRV,-0.0149366230523904
0xe14867e41410bd7232a52b9400476c08b4e535b3,CVX,-0.015870544364294
0xe14867e41410bd7232a52b9400476c08b4e535b3,DAI,-0.015870544364294
0xe14867e41410bd7232a52b9400476c08b4e535b3,DAO,-0.015870544364294
0xe14867e41410bd7232a52b9400476c08b4e535b3,DOGE,-0.0149366230523904
0xe14867e41410bd7232a52b9400476c08b4e535b3,DOT,-0.015870544364294
0xe14867e41410bd7232a52b9400476c08b4e535b3,DYDX,-0.015870544364294
0xe14867e41410bd7232a52b9400476c08b4e535b3,EOS,-0.015870544364294
0xe14867e41410bd7232a52b9400476c08b4e535b3,ETC,-0.0150445083879732
0xe14867e41410bd7232a52b9400476c08b4e535b3,ETH,-0.0149991627636499
0xe14867e41410bd7232a52b9400476c08b4e535b3,FET,-0.015870544364294
0xe14867e41410bd7232a52b9400476c08b4e535b3,FIL,-0.015870544364294
0xe14867e41410bd7232a52b9400476c08b4e535b3,FRAX,-0.0150445083879732
0xe14867e41410bd7232a52b9400476c08b4e535b3,FTM,-0.0149366230523904
0xe14867e41410bd7232a52b9400476c08b4e535b3,FXS,-0.0150445083879732
0xe14867e41410bd7232a52b9400476c08b4e535b3,GRT,-0.0149444312103242
0xe14867e41410bd7232a52b9400476c08b4e535b3,HAI,-0.0154674806791566
0xe14867e41410bd7232a52b9400476c08b4e535b3,HERO,-0.015870544364294
0xe14867e41410bd7232a52b9400476c08b4e535b3,ICP,-0.015870544364294
0xe14867e41410bd7232a52b9400476c08b4e535b3,IMX,-0.015870544364294
0xe14867e41410bd7232a52b9400476c08b4e535b3,INJ,-0.0149366230523904
0xe14867e41410bd7232a52b9400476c08b4e535b3,LDO,-0.015870544364294
0xe14867e41410bd7232a52b9400476c08b4e535b3,LINK,-0.0149366230523904
0xe14867e41410bd7232a52b9400476c08b4e535b3,LTC,-0.0149366230523904
0xe14867e41410bd7232a52b9400476c08b4e535b3,MATIC,-0.0149991627636499
0xe14867e41410bd7232a52b9400476c08b4e535b3,MAV,-0.015870544364294
0xe14867e41410bd7232a52b9400476c08b4e535b3,MBOX,-0.015870544364294
0xe14867e41410bd7232a52b9400476c08b4e535b3,MKR,-0.0149991627636499
0xe14867e41410bd7232a52b9400476c08b4e535b3,MOON,-0.0154674806791566
0xe14867e41410bd7232a52b9400476c08b4e535b3,NEAR,-0.015870544364294
0xe14867e41410bd7232a52b9400476c08b4e535b3,OP,-0.0149991627636499
0xe14867e41410bd7232a52b9400476c08b4e535b3,PENDLE,-0.015870544364294
0xe14867e41410bd7232a52b9400476c08b4e535b3,PEPE,-0.015870544364294
0xe14867e41410bd7232a52b9400476c08b4e535b3,PERP,-0.015870544364294
0xe14867e41410bd7232a52b9400476c08b4e535b3,PIT,-0.0154674806791566
0xe14867e41410bd7232a52b9400476c08b4e535b3,POLS,-0.015870544364294
0xe14867e41410bd7232a52b9400476c08b4e535b3,PYTH,-0.015870544364294
0xe14867e41410bd7232a52b9400476c08b4e535b3,QUACK,-0.015870544364294
0xe14867e41410bd7232a52b9400476c08b4e535b3,RDNT,-0.015870544364294
0xe14867e41410bd7232a52b9400476c08b4e535b3,RNDR,-0.015870544364294
0xe14867e41410bd7232a52b9400476c08b4e535b3,RPL,-0.015870544364294
0xe14867e41410bd7232a52b9400476c08b4e535b3,RUNE,-0.015870544364294
0xe14867e41410bd7232a52b9400476c08b4e535b3,SFP,-0.015870544364294
0xe14867e41410bd7232a52b9400476c08b4e535b3,SFUND,-0.015870544364294
0xe14867e41410bd7232a52b9400476c08b4e535b3,SHIB,-0.0149366230523904
0xe14867e41410bd7232a52b9400476c08b4e535b3,SOL,-0.0149991627636499
0xe14867e41410bd7232a52b9400476c08b4e535b3,STG,-0.015870544364294
0xe14867e41410bd7232a52b9400476c08b4e535b3,SUI,-0.015870544364294
0xe14867e41410bd7232a52b9400476c08b4e535b3,SUSHI,-0.015870544364294
0xe14867e41410bd7232a52b9400476c08b4e535b3,TIA,-0.015870544364294
0xe14867e41410bd7232a52b9400476c08b4e535b3,TOKEN,-0.015870544364294
0xe14867e41410bd7232a52b9400476c08b4e535b3,TRX,-0.0149991627636499
0xe14867e41410bd7232a52b9400476c08b4e535b3,UNI,-0.0154674806791566
0xe14867e41410bd7232a52b9400476c08b4e535b3,USDT,-0.0149991627636499
0xe14867e41410bd7232a52b9400476c08b4e535b3,XLM,-0.015870544364294
0xe14867e41410bd7232a52b9400476c08b4e535b3,XMR,-0.0149991627636499
0xe14867e41410bd7232a52b9400476c08b4e535b3,XRP,-0.0149366230523904
0xe14867e41410bd7232a52b9400476c08b4e535b3,XTZ,-0.015870544364294
0xe14867e41410bd7232a52b9400476c08b4e535b3,XVS,-0.015870544364294
0xe14867e41410bd7232a52b9400476c08b4e535b3,YFI,-0.015870544364294
0xeba5ba85f72e40a9f2b8782c2bd51ec31a5564da,AAVE,-0.015202868187839
0xeba5ba85f72e40a9f2b8782c2bd51ec31a5564da,ADA,-0.0149235174618678
0xeba5ba85f72e40a9f2b8782c2bd51ec31a5564da,ALGO,-0.0167310040452911
0xeba5ba85f72e40a9f2b8782c2bd51ec31a5564da,APE,-0.015202868187839
0xeba5ba85f72e40a9f2b8782c2bd51ec31a5564da,APT,-0.015202868187839
0xeba5ba85f72e40a9f2b8782c2bd51ec31a5564da,ATOM,-0.015211946623038
0xeba5ba85f72e40a9f2b8782c2bd51ec31a5564da,AVAX,-0.0144985844346332
0xeba5ba85f72e40a9f2b8782c2bd51ec31a5564da,AXS,-0.015202868187839
0xeba5ba85f72e40a9f2b8782c2bd51ec31a5564da,BAL,-0.015202868187839
0xeba5ba85f72e40a9f2b8782c2bd51ec31a5564da,BCH,-0.015152356545319
0xeba5ba85f72e40a9f2b8782c2bd51ec31a5564da,BLUR,-0.015202868187839
0xeba5ba85f72e40a9f2b8782c2bd51ec31a5564da,BNB,-0.015022835525858
0xeba5ba85f72e40a9f2b8782c2bd51ec31a5564da,BONK,-0.015202868187839
0xeba5ba85f72e40a9f2b8782c2bd51ec31a5564da,BTC,-0.0151070946947483
0xeba5ba85f72e40a9f2b8782c2bd51ec31a5564da,C98,-0.015202868187839
0xeba5ba85f72e40a9f2b8782c2bd51ec31a5564da,CAKE,-0.0152915400134358
0xeba5ba85f72e40a9f2b8782c2bd51ec31a5564da,COMP,-0.015202868187839
0xeba5ba85f72e40a9f2b8782c2bd51ec31a5564da,CRV,-0.0150344075638027
0xeba5ba85f72e40a9f2b8782c2bd51ec31a5564da,CVX,-0.015202868187839
0xeba5ba85f72e40a9f2b8782c2bd51ec31a5564da,DAI,-0.015202868187839
0xeba5ba85f72e40a9f2b8782c2bd51ec31a5564da,DAO,-0.0161757167625558
0xeba5ba85f72e40a9f2b8782c2bd51ec31a5564da,DOGE,-0.0144985844346332
0xeba5ba85f72e40a9f2b8782c2bd51ec31a5564da,DOT,-0.0147706233251777
0xeba5ba85f72e40a9f2b8782c2bd51ec31a5564da,DYDX,-0.015202868187839
0xeba5ba85f72e40a9f2b8782c2bd51ec31a5564da,EOS,-0.015202868187839
0xeba5ba85f72e40a9f2b8782c2bd51ec31a5564da,ETC,-0.0150693610926934
0xeba5ba85f72e40a9f2b8782c2bd51ec31a5564da,ETH,-0.0148314830238784
0xeba5ba85f72e40a9f2b8782c2bd51ec31a5564da,FET,-0.015202868187839
0xeba5ba85f72e40a9f2b8782c2bd51ec31a5564da,FIL,-0.015202868187839
0xeba5ba85f72e40a9f2b8782c2bd51ec31a5564da,FRAX,-0.0151094840161015
0xeba5ba85f72e40a9f2b8782c2bd51ec31a5564da,FTM,-0.0150210525832699
0xeba5ba85f72e40a9f2b8782c2bd51ec31a5564da,FXS,-0.0151094840161015
0xeba5ba85f72e40a9f2b8782c2bd51ec31a5564da,GRT,-0.0149346444720304
0xeba5ba85f72e40a9f2b8782c2bd51ec31a5564da,HAI,-0.015486540421353
0xeba5ba85f72e40a9f2b8782c2bd51ec31a5564da,HERO,-0.015202868187839
0xeba5ba85f72e40a9f2b8782c2bd51ec31a5564da,ICP,-0.015202868187839
0xeba5ba85f72e40a9f2b8782c2bd51ec31a5564da,IMX,-0.015202868187839
0xeba5ba85f72e40a9f2b8782c2bd51ec31a5564da,INJ,-0.0149320417528055
0xeba5ba85f72e40a9f2b8782c2bd51ec31a5564da,LDO,-0.015202868187839
0xeba5ba85f72e40a9f2b8782c2bd51ec31a5564da,LINK,-0.0152915400134358
0xeba5ba85f72e40a9f2b8782c2bd51ec31a5564da,LTC,-0.0149320417528055
0xeba5ba85f72e40a9f2b8782c2bd51ec31a5564da,MATIC,-0.0146930893384697
0xeba5ba85f72e40a9f2b8782c2bd51ec31a5564da,MAV,-0.015202868187839
0xeba5ba85f72e40a9f2b8782c2bd51ec31a5564da,MBOX,-0.015202868187839
0xeba5ba85f72e40a9f2b8782c2bd51ec31a5564da,MKR,-0.0146235768664273
0xeba5ba85f72e40a9f2b8782c2bd51ec31a5564da,MOON,-0.0152306478317735
0xeba5ba85f72e40a9f2b8782c2bd51ec31a5564da,NEAR,-0.015202868187839
0xeba5ba85f72e40a9f2b8782c2bd51ec31a5564da,OP,-0.0149121213964677
0xeba5ba85f72e40a9f2b8782c2bd51ec31a5564da,PENDLE,-0.015202868187839
0xeba5ba85f72e40a9f2b8782c2bd51ec31a5564da,PEPE,-0.015202868187839
0xeba5ba85f72e40a9f2b8782c2bd51ec31a5564da,PERP,-0.015202868187839
0xeba5ba85f72e40a9f2b8782c2bd51ec31a5564da,PIT,-0.0150697251158391
0xeba5ba85f72e40a9f2b8782c2bd51ec31a5564da,POLS,-0.015202868187839
0xeba5ba85f72e40a9f2b8782c2bd51ec31a5564da,PYTH,-0.015202868187839
0xeba5ba85f72e40a9f2b8782c2bd51ec31a5564da,QUACK,-0.015202868187839
0xeba5ba85f72e40a9f2b8782c2bd51ec31a5564da,RDNT,-0.015202868187839
0xeba5ba85f72e40a9f2b8782c2bd51ec31a5564da,RNDR,-0.015202868187839
0xeba5ba85f72e40a9f2b8782c2bd51ec31a5564da,RPL,-0.015202868187839
0xeba5ba85f72e40a9f2b8782c2bd51ec31a5564da,RUNE,-0.015202868187839
0xeba5ba85f72e40a9f2b8782c2bd51ec31a5564da,SFP,-0.015202868187839
0xeba5ba85f72e40a9f2b8782c2bd51ec31a5564da,SFUND,-0.015202868187839
0xeba5ba85f72e40a9f2b8782c2bd51ec31a5564da,SHIB,-0.0149320417528055
0xeba5ba85f72e40a9f2b8782c2bd51ec31a5564da,SOL,-0.0148046418217737
0xeba5ba85f72e40a9f2b8782c2bd51ec31a5564da,STG,-0.0153703811783954
0xeba5ba85f72e40a9f2b8782c2bd51ec31a5564da,SUI,-0.015202868187839
0xeba5ba85f72e40a9f2b8782c2bd51ec31a5564da,SUSHI,-0.015202868187839
0xeba5ba85f72e40a9f2b8782c2bd51ec31a5564da,TIA,-0.015202868187839
0xeba5ba85f72e40a9f2b8782c2bd51ec31a5564da,TOKEN,-0.015202868187839
0xeba5ba85f72e40a9f2b8782c2bd51ec31a5564da,TRX,-0.0162337508864882
0xeba5ba85f72e40a9f2b8782c2bd51ec31a5564da,UNI,-0.0146725698548485
0xeba5ba85f72e40a9f2b8782c2bd51ec31a5564da,USDT,-0.0150572094371181
0xeba5ba85f72e40a9f2b8782c2bd51ec31a5564da,XLM,-0.0152737075803853
0xeba5ba85f72e40a9f2b8782c2bd51ec31a5564da,XMR,-0.0143150854949547
0xeba5ba85f72e40a9f2b8782c2bd51ec31a5564da,XRP,-0.0149178669954143
0xeba5ba85f72e40a9f2b8782c2bd51ec31a5564da,XTZ,-0.015202868187839
0xeba5ba85f72e40a9f2b8782c2bd51ec31a5564da,XVS,-0.015202868187839
0xeba5ba85f72e40a9f2b8782c2bd51ec31a5564da,YFI,-0.015202868187839
0xf097ed117dd3930f1eeb91569a6a61b4c52744c8,AAVE,-0.015870544364294
0xf097ed117dd3930f1eeb91569a6a61b4c52744c8,ADA,-0.0153464838668274
0xf097ed117dd3930f1eeb91569a6a61b4c52744c8,ALGO,-0.0162132612071017
0xf097ed117dd3930f1eeb91569a6a61b4c52744c8,APE,-0.015870544364294
0xf097ed117dd3930f1eeb91569a6a61b4c52744c8,APT,-0.015870544364294
0xf097ed117dd3930f1eeb91569a6a61b4c52744c8,ATOM,-0.0154674806791566
0xf097ed117dd3930f1eeb91569a6a61b4c52744c8,AVAX,-0.0149366230523904
0xf097ed117dd3930f1eeb91569a6a61b4c52744c8,AXS,-0.015870544364294
0xf097ed117dd3930f1eeb91569a6a61b4c52744c8,BAL,-0.015870544364294
0xf097ed117dd3930f1eeb91569a6a61b4c52744c8,BCH,-0.0154674806791566
0xf097ed117dd3930f1eeb91569a6a61b4c52744c8,BLUR,-0.015870544364294
0xf097ed117dd3930f1eeb91569a6a61b4c52744c8,BNB,-0.0153464838668274
0xf097ed117dd3930f1eeb91569a6a61b4c52744c8,BONK,-0.015870544364294
0xf097ed117dd3930f1eeb91569a6a61b4c52744c8,BTC,-0.015870544364294
0xf097ed117dd3930f1eeb91569a6a61b4c52744c8,C98,-0.015870544364294
0xf097ed117dd3930f1eeb91569a6a61b4c52744c8,CAKE,-0.0149366230523904
0xf097ed117dd3930f1eeb91569a6a61b4c52744c8,COMP,-0.015870544364294
0xf097ed117dd3930f1eeb91569a6a61b4c52744c8,CRV,-0.0149366230523904
0xf097ed117dd3930f1eeb91569a6a61b4c52744c8,CVX,-0.015870544364294
0xf097ed117dd3930f1eeb91569a6a61b4c52744c8,DAI,-0.015870544364294
0xf097ed117dd3930f1eeb91569a6a61b4c52744c8,DAO,-0.015870544364294
0xf097ed117dd3930f1eeb91569a6a61b4c52744c8,DOGE,-0.0149366230523904
0xf097ed117dd3930f1eeb91569a6a61b4c52744c8,DOT,-0.015870544364294
0xf097ed117dd3930f1eeb91569a6a61b4c52744c8,DYDX,-0.015870544364294
0xf097ed117dd3930f1eeb91569a6a61b4c52744c8,EOS,-0.015870544364294
0xf097ed117dd3930f1eeb91569a6a61b4c52744c8,ETC,-0.0150445083879732
0xf097ed117dd3930f1eeb91569a6a61b4c52744c8,ETH,-0.0149991627636499
0xf097ed117dd3930f1eeb91569a6a61b4c52744c8,FET,-0.015870544364294
0xf097ed117dd3930f1eeb91569a6a61b4c52744c8,FIL,-0.015870544364294
0xf097ed117dd3930f1eeb91569a6a61b4c52744c8,FRAX,-0.0150445083879732
0xf097ed117dd3930f1eeb91569a6a61b4c52744c8,FTM,-0.0149366230523904
0xf097ed117dd3930f1eeb91569a6a61b4c52744c8,FXS,-0.0150445083879732
0xf097ed117dd3930f1eeb91569a6a61b4c52744c8,GRT,-0.0153464838668274
0xf097ed117dd3930f1eeb91569a6a61b4c52744c8,HAI,-0.0154674806791566
0xf097ed117dd3930f1eeb91569a6a61b4c52744c8,HERO,-0.015870544364294
0xf097ed117dd3930f1eeb91569a6a61b4c52744c8,ICP,-0.015870544364294
0xf097ed117dd3930f1eeb91569a6a61b4c52744c8,IMX,-0.015870544364294
0xf097ed117dd3930f1eeb91569a6a61b4c52744c8,INJ,-0.0149366230523904
0xf097ed117dd3930f1eeb91569a6a61b4c52744c8,LDO,-0.015870544364294
0xf097ed117dd3930f1eeb91569a6a61b4c52744c8,LINK,-0.0149366230523904
0xf097ed117dd3930f1eeb91569a6a61b4c52744c8,LTC,-0.0149366230523904
0xf097ed117dd3930f1eeb91569a6a61b4c52744c8,MATIC,-0.0149991627636499
0xf097ed117dd3930f1eeb91569a6a61b4c52744c8,MAV,-0.015870544364294
0xf097ed117dd3930f1eeb91569a6a61b4c52744c8,MBOX,-0.015870544364294
0xf097ed117dd3930f1eeb91569a6a61b4c52744c8,MKR,-0.0149991627636499
0xf097ed117dd3930f1eeb91569a6a61b4c52744c8,MOON,-0.0154674806791566
0xf097ed117dd3930f1eeb91569a6a61b4c52744c8,NEAR,-0.015870544364294
0xf097ed117dd3930f1eeb91569a6a61b4c52744c8,OP,-0.0149991627636499
0xf097ed117dd3930f1eeb91569a6a61b4c52744c8,PENDLE,-0.015870544364294
0xf097ed117dd3930f1eeb91569a6a61b4c52744c8,PEPE,-0.015870544364294
0xf097ed117dd3930f1eeb91569a6a61b4c52744c8,PERP,-0.015870544364294
0xf097ed117dd3930f1eeb91569a6a61b4c52744c8,PIT,-0.0154674806791566
0xf097ed117dd3930f1eeb91569a6a61b4c52744c8,POLS,-0.015870544364294
0xf097ed117dd3930f1eeb91569a6a61b4c52744c8,PYTH,-0.015870544364294
0xf097ed117dd3930f1eeb91569a6a61b4c52744c8,QUACK,-0.015870544364294
0xf097ed117dd3930f1eeb91569a6a61b4c52744c8,RDNT,-0.015870544364294
0xf097ed117dd3930f1eeb91569a6a61b4c52744c8,RNDR,-0.015870544364294
0xf097ed117dd3930f1eeb91569a6a61b4c52744c8,RPL,-0.015870544364294
0xf097ed117dd3930f1eeb91569a6a61b4c52744c8,RUNE,-0.015870544364294
0xf097ed117dd3930f1eeb91569a6a61b4c52744c8,SFP,-0.015870544364294
0xf097ed117dd3930f1eeb91569a6a61b4c52744c8,SFUND,-0.015870544364294
0xf097ed117dd3930f1eeb91569a6a61b4c52744c8,SHIB,-0.0149366230523904
0xf097ed117dd3930f1eeb91569a6a61b4c52744c8,SOL,-0.0149991627636499
0xf097ed117dd3930f1eeb91569a6a61b4c52744c8,STG,-0.015870544364294
0xf097ed117dd3930f1eeb91569a6a61b4c52744c8,SUI,-0.015870544364294
0xf097ed117dd3930f1eeb91569a6a61b4c52744c8,SUSHI,-0.015870544364294
0xf097ed117dd3930f1eeb91569a6a61b4c52744c8,TIA,-0.015870544364294
0xf097ed117dd3930f1eeb91569a6a61b4c52744c8,TOKEN,-0.015870544364294
0xf097ed117dd3930f1eeb91569a6a61b4c52744c8,TRX,-0.0149991627636499
0xf097ed117dd3930f1eeb91569a6a61b4c52744c8,UNI,-0.0154674806791566
0xf097ed117dd3930f1eeb91569a6a61b4c52744c8,USDT,-0.0149991627636499
0xf097ed117dd3930f1eeb91569a6a61b4c52744c8,XLM,-0.015870544364294
0xf097ed117dd3930f1eeb91569a6a61b4c52744c8,XMR,-0.0149991627636499
0xf097ed117dd3930f1eeb91569a6a61b4c52744c8,XRP,-0.0149366230523904
0xf097ed117dd3930f1eeb91569a6a61b4c52744c8,XTZ,-0.015870544364294
0xf097ed117dd3930f1eeb91569a6a61b4c52744c8,XVS,-0.015870544364294
0xf097ed117dd3930f1eeb91569a6a61b4c52744c8,YFI,-0.015870544364294
0xf8d50e3283fb6bf41260f7f294a48587d2a9b1fa,AAVE,-110.6236082471432
0xf8d50e3283fb6bf41260f7f294a48587d2a9b1fa,ADA,6.065307068914088
0xf8d50e3283fb6bf41260f7f294a48587d2a9b1fa,ALGO,3.938452864282155
0xf8d50e3283fb6bf41260f7f294a48587d2a9b1fa,APE,12.750558980394551
0xf8d50e3283fb6bf41260f7f294a48587d2a9b1fa,APT,1.7575663725753188
0xf8d50e3283fb6bf41260f7f294a48587d2a9b1fa,ATOM,-6.976466382374966
0xf8d50e3283fb6bf41260f7f294a48587d2a9b1fa,AVAX,6.566693152618832
0xf8d50e3283fb6bf41260f7f294a48587d2a9b1fa,AXS,-13.856790248903124
0xf8d50e3283fb6bf41260f7f294a48587d2a9b1fa,BAL,-12.063355442087657
0xf8d50e3283fb6bf41260f7f294a48587d2a9b1fa,BCH,-26.54170029385645
0xf8d50e3283fb6bf41260f7f294a48587d2a9b1fa,BLUR,9.821152098123612
0xf8d50e3283fb6bf41260f7f294a48587d2a9b1fa,BNB,-6.167213029385493
0xf8d50e3283fb6bf41260f7f294a48587d2a9b1fa,BONK,-22.344003966086945
0xf8d50e3283fb6bf41260f7f294a48587d2a9b1fa,BTC,-14.461371322388231
0xf8d50e3283fb6bf41260f7f294a48587d2a9b1fa,C98,16.29445412573949
0xf8d50e3283fb6bf41260f7f294a48587d2a9b1fa,CAKE,3.103120991478761
0xf8d50e3283fb6bf41260f7f294a48587d2a9b1fa,COMP,-47.001661742548265
0xf8d50e3283fb6bf41260f7f294a48587d2a9b1fa,CRV,-52.30240108144133
0xf8d50e3283fb6bf41260f7f294a48587d2a9b1fa,CVX,-3.935940700743906
0xf8d50e3283fb6bf41260f7f294a48587d2a9b1fa,DAI,10.09746413315576
0xf8d50e3283fb6bf41260f7f294a48587d2a9b1fa,DAO,-49.99185031157741
0xf8d50e3283fb6bf41260f7f294a48587d2a9b1fa,DOGE,20.184849624416277
0xf8d50e3283fb6bf41260f7f294a48587d2a9b1fa,DOT,-6.947977580467409
0xf8d50e3283fb6bf41260f7f294a48587d2a9b1fa,DYDX,-8.670950780327985
0xf8d50e3283fb6bf41260f7f294a48587d2a9b1fa,EOS,-4.330219000283186
0xf8d50e3283fb6bf41260f7f294a48587d2a9b1fa,ETC,-18.92746402245237
0xf8d50e3283fb6bf41260f7f294a48587d2a9b1fa,ETH,-101.05600152882953
0xf8d50e3283fb6bf41260f7f294a48587d2a9b1fa,FET,-0.805009811345549
0xf8d50e3283fb6bf41260f7f294a48587d2a9b1fa,FIL,1.3212961341654932
0xf8d50e3283fb6bf41260f7f294a48587d2a9b1fa,FRAX,-8.32727601007015
0xf8d50e3283fb6bf41260f7f294a48587d2a9b1fa,FTM,-35.68542397792022
0xf8d50e3283fb6bf41260f7f294a48587d2a9b1fa,FXS,-37.66301977953795
0xf8d50e3283fb6bf41260f7f294a48587d2a9b1fa,GRT,-18.242339176520616
0xf8d50e3283fb6bf41260f7f294a48587d2a9b1fa,HAI,-5.771320127254555
0xf8d50e3283fb6bf41260f7f294a48587d2a9b1fa,HERO,11.197477825651362
0xf8d50e3283fb6bf41260f7f294a48587d2a9b1fa,ICP,8.224487833146576
0xf8d50e3283fb6bf41260f7f294a48587d2a9b1fa,IMX,-3.196346755671009
0xf8d50e3283fb6bf41260f7f294a48587d2a9b1fa,INJ,-42.27028322550325
0xf8d50e3283fb6bf41260f7f294a48587d2a9b1fa,LDO,-2.2536606593616284
0xf8d50e3283fb6bf41260f7f294a48587d2a9b1fa,LINK,-15.267662025230862
0xf8d50e3283fb6bf41260f7f294a48587d2a9b1fa,LTC,2.266942699473148
0xf8d50e3283fb6bf41260f7f294a48587d2a9b1fa,MATIC,27.29858918305323
0xf8d50e3283fb6bf41260f7f294a48587d2a9b1fa,MAV,44.87084863897654
0xf8d50e3283fb6bf41260f7f294a48587d2a9b1fa,MBOX,-30.440325794719143
0xf8d50e3283fb6bf41260f7f294a48587d2a9b1fa,MKR,-1.1948711499542313
0xf8d50e3283fb6bf41260f7f294a48587d2a9b1fa,MOON,-194.77234992023168
0xf8d50e3283fb6bf41260f7f294a48587d2a9b1fa,NEAR,-21.489701219584603
0xf8d50e3283fb6bf41260f7f294a48587d2a9b1fa,OP,-42.95221270580421
0xf8d50e3283fb6bf41260f7f294a48587d2a9b1fa,PENDLE,10.21055293138904
0xf8d50e3283fb6bf41260f7f294a48587d2a9b1fa,PEPE,1.0175892532017272
0xf8d50e3283fb6bf41260f7f294a48587d2a9b1fa,PERP,-24.85901854632669
0xf8d50e3283fb6bf41260f7f294a48587d2a9b1fa,PIT,-2.975880607790792
0xf8d50e3283fb6bf41260f7f294a48587d2a9b1fa,POLS,6.448720568635366
0xf8d50e3283fb6bf41260f7f294a48587d2a9b1fa,PYTH,-3.643969899694305
0xf8d50e3283fb6bf41260f7f294a48587d2a9b1fa,QUACK,5.418150747733193
0xf8d50e3283fb6bf41260f7f294a48587d2a9b1fa,RDNT,-27.451284386797997
0xf8d50e3283fb6bf41260f7f294a48587d2a9b1fa,RNDR,-19.84170824856737
0xf8d50e3283fb6bf41260f7f294a48587d2a9b1fa,RPL,8.010141019484472
0xf8d50e3283fb6bf41260f7f294a48587d2a9b1fa,RUNE,7.169579098581181
0xf8d50e3283fb6bf41260f7f294a48587d2a9b1fa,SFP,21.405639923566383
0xf8d50e3283fb6bf41260f7f294a48587d2a9b1fa,SFUND,33.33391011139839
0xf8d50e3283fb6bf41260f7f294a48587d2a9b1fa,SHIB,-29.825185194179294
0xf8d50e3283fb6bf41260f7f294a48587d2a9b1fa,SOL,35.918735874204415
0xf8d50e3283fb6bf41260f7f294a48587d2a9b1fa,STG,-32.34569091285229
0xf8d50e3283fb6bf41260f7f294a48587d2a9b1fa,SUI,-4.388356060108222
0xf8d50e3283fb6bf41260f7f294a48587d2a9b1fa,SUSHI,21.19477690110376
0xf8d50e3283fb6bf41260f7f294a48587d2a9b1fa,TIA,8.682080020643156
0xf8d50e3283fb6bf41260f7f294a48587d2a9b1fa,TOKEN,14.681575701325151
0xf8d50e3283fb6bf41260f7f294a48587d2a9b1fa,TRX,10.08468031814818
0xf8d50e3283fb6bf41260f7f294a48587d2a9b1fa,UNI,-5.181164896551685
0xf8d50e3283fb6bf41260f7f294a48587d2a9b1fa,USDT,24657.527641766294
0xf8d50e3283fb6bf41260f7f294a48587d2a9b1fa,XLM,6.133075347941386
0xf8d50e3283fb6bf41260f7f294a48587d2a9b1fa,XMR,23.605241163987
0xf8d50e3283fb6bf41260f7f294a48587d2a9b1fa,XRP,16.258909221895436
0xf8d50e3283fb6bf41260f7f294a48587d2a9b1fa,XTZ,-4.988100029920808
0xf8d50e3283fb6bf41260f7f294a48587d2a9b1fa,XVS,8.529454347626341
0xf8d50e3283fb6bf41260f7f294a48587d2a9b1fa,YFI,3.525962672035803
0xfb2744ba3942d3bbf6717448e82299b731ca7ae7,AAVE,-0.0089538596553635
0xfb2744ba3942d3bbf6717448e82299b731ca7ae7,ADA,-0.0075309758964896
0xfb2744ba3942d3bbf6717448e82299b731ca7ae7,ALGO,-0.0144266432674641
0xfb2744ba3942d3bbf6717448e82299b731ca7ae7,APE,-0.0106640701205889
0xfb2744ba3942d3bbf6717448e82299b731ca7ae7,APT,-0.0096227475384148
0xfb2744ba3942d3bbf6717448e82299b731ca7ae7,ATOM,-0.0121437106047796
0xfb2744ba3942d3bbf6717448e82299b731ca7ae7,AVAX,-0.0083501926646772
0xfb2744ba3942d3bbf6717448e82299b731ca7ae7,AXS,-0.0125601265901858
0xfb2744ba3942d3bbf6717448e82299b731ca7ae7,BAL,-0.0141769315332168
0xfb2744ba3942d3bbf6717448e82299b731ca7ae7,BCH,-0.001317385870687
0xfb2744ba3942d3bbf6717448e82299b731ca7ae7,BLUR,-0.012672956455126
0xfb2744ba3942d3bbf6717448e82299b731ca7ae7,BNB,-0.0003551375857645
0xfb2744ba3942d3bbf6717448e82299b731ca7ae7,BONK,-0.0064095797586454
0xfb2744ba3942d3bbf6717448e82299b731ca7ae7,BTC,0.0283181769953976
0xfb2744ba3942d3bbf6717448e82299b731ca7ae7,C98,-0.006581675326464
0xfb2744ba3942d3bbf6717448e82299b731ca7ae7,CAKE,-0.000006593818931407173
0xfb2744ba3942d3bbf6717448e82299b731ca7ae7,COMP,-0.0177635738996194
0xfb2744ba3942d3bbf6717448e82299b731ca7ae7,CRV,-0.006527398950105
0xfb2744ba3942d3bbf6717448e82299b731ca7ae7,CVX,-0.0062542803840122
0xfb2744ba3942d3bbf6717448e82299b731ca7ae7,DAI,0.0002496832405218
0xfb2744ba3942d3bbf6717448e82299b731ca7ae7,DAO,-0.0385605906936769
0xfb2744ba3942d3bbf6717448e82299b731ca7ae7,DOGE,-0.0117709177734879
0xfb2744ba3942d3bbf6717448e82299b731ca7ae7,DOT,-0.007288299779534
0xfb2744ba3942d3bbf6717448e82299b731ca7ae7,DYDX,-0.0330957681822336
0xfb2744ba3942d3bbf6717448e82299b731ca7ae7,EOS,-0.0119123490336634
0xfb2744ba3942d3bbf6717448e82299b731ca7ae7,ETC,-0.001648772418633
0xfb2744ba3942d3bbf6717448e82299b731ca7ae7,ETH,-0.0005118339989424
0xfb2744ba3942d3bbf6717448e82299b731ca7ae7,FET,-0.0222010757733702
0xfb2744ba3942d3bbf6717448e82299b731ca7ae7,FIL,-0.0090464320756404
0xfb2744ba3942d3bbf6717448e82299b731ca7ae7,FRAX,0.0007161538833057
0xfb2744ba3942d3bbf6717448e82299b731ca7ae7,FTM,0.0101388022219088
0xfb2744ba3942d3bbf6717448e82299b731ca7ae7,FXS,-0.0040845675081752
0xfb2744ba3942d3bbf6717448e82299b731ca7ae7,GRT,-0.0103801331197023
0xfb2744ba3942d3bbf6717448e82299b731ca7ae7,HAI,-0.0141063874919585
0xfb2744ba3942d3bbf6717448e82299b731ca7ae7,HERO,-0.0042614073857273
0xfb2744ba3942d3bbf6717448e82299b731ca7ae7,ICP,-0.000865180672114
0xfb2744ba3942d3bbf6717448e82299b731ca7ae7,IMX,-0.0006255146619152
0xfb2744ba3942d3bbf6717448e82299b731ca7ae7,INJ,0.00003789565217404002
0xfb2744ba3942d3bbf6717448e82299b731ca7ae7,LDO,-0.0133127424509522
0xfb2744ba3942d3bbf6717448e82299b731ca7ae7,LINK,-0.0002162134939068
0xfb2744ba3942d3bbf6717448e82299b731ca7ae7,LTC,-0.005237631460043
0xfb2744ba3942d3bbf6717448e82299b731ca7ae7,MATIC,-0.0145874664215463
0xfb2744ba3942d3bbf6717448e82299b731ca7ae7,MAV,-0.0113820724497345
0xfb2744ba3942d3bbf6717448e82299b731ca7ae7,MBOX,-0.0033184875062149
0xfb2744ba3942d3bbf6717448e82299b731ca7ae7,MKR,-0.0115500849694389
0xfb2744ba3942d3bbf6717448e82299b731ca7ae7,MOON,-0.0270707088826131
0xfb2744ba3942d3bbf6717448e82299b731ca7ae7,NEAR,-0.0042978100443686
0xfb2744ba3942d3bbf6717448e82299b731ca7ae7,OP,0.0002052335615285
0xfb2744ba3942d3bbf6717448e82299b731ca7ae7,PENDLE,-0.00009417732179607347
0xfb2744ba3942d3bbf6717448e82299b731ca7ae7,PEPE,-0.0076901902761617
0xfb2744ba3942d3bbf6717448e82299b731ca7ae7,PERP,-0.0196583152223309
0xfb2744ba3942d3bbf6717448e82299b731ca7ae7,PIT,-0.0006841551511237
0xfb2744ba3942d3bbf6717448e82299b731ca7ae7,POLS,-0.0176213675052774
0xfb2744ba3942d3bbf6717448e82299b731ca7ae7,PYTH,-0.0068485522021251
0xfb2744ba3942d3bbf6717448e82299b731ca7ae7,QUACK,0.0001659613156716
0xfb2744ba3942d3bbf6717448e82299b731ca7ae7,RDNT,-0.0123548850043566
0xfb2744ba3942d3bbf6717448e82299b731ca7ae7,RNDR,-0.0100289522054631
0xfb2744ba3942d3bbf6717448e82299b731ca7ae7,RPL,-0.0083965514090172
0xfb2744ba3942d3bbf6717448e82299b731ca7ae7,RUNE,-0.0027917066131782
0xfb2744ba3942d3bbf6717448e82299b731ca7ae7,SFP,-0.0067554706638971
0xfb2744ba3942d3bbf6717448e82299b731ca7ae7,SFUND,-0.0009888289524879
0xfb2744ba3942d3bbf6717448e82299b731ca7ae7,SHIB,-0.0007228099382106
0xfb2744ba3942d3bbf6717448e82299b731ca7ae7,SOL,0.0064148317832329
0xfb2744ba3942d3bbf6717448e82299b731ca7ae7,STG,-0.0138395801332122
0xfb2744ba3942d3bbf6717448e82299b731ca7ae7,SUI,-0.0049928433231206
0xfb2744ba3942d3bbf6717448e82299b731ca7ae7,SUSHI,-0.0046979649812782
0xfb2744ba3942d3bbf6717448e82299b731ca7ae7,TIA,-0.0035584414792757
0xfb2744ba3942d3bbf6717448e82299b731ca7ae7,TOKEN,-0.0056746898676214
0xfb2744ba3942d3bbf6717448e82299b731ca7ae7,TRX,0.0001114117268043
0xfb2744ba3942d3bbf6717448e82299b731ca7ae7,UNI,0.0001059594582482
0xfb2744ba3942d3bbf6717448e82299b731ca7ae7,USDT,0.0112127008214672
0xfb2744ba3942d3bbf6717448e82299b731ca7ae7,XLM,-0.0231112429325952
0xfb2744ba3942d3bbf6717448e82299b731ca7ae7,XMR,-0.0061890860724084
0xfb2744ba3942d3bbf6717448e82299b731ca7ae7,XRP,-0.0064552127454132
0xfb2744ba3942d3bbf6717448e82299b731ca7ae7,XTZ,0.0037815908606285
0xfb2744ba3942d3bbf6717448e82299b731ca7ae7,XVS,-0.0037367463624376
0xfb2744ba3942d3bbf6717448e82299b731ca7ae7,YFI,-0.00009991330624113266
0xfb8bc3433016a64a3b8aa23c0275afe7c20feb53,AAVE,-0.021706289
0xfb8bc3433016a64a3b8aa23c0275afe7c20feb53,ADA,-0.0094949985
0xfb8bc3433016a64a3b8aa23c0275afe7c20feb53,ALGO,-0.011335069
0xfb8bc3433016a64a3b8aa23c0275afe7c20feb53,APE,-0.032744285
0xfb8bc3433016a64a3b8aa23c0275afe7c20feb53,APT,-0.04948277
0xfb8bc3433016a64a3b8aa23c0275afe7c20feb53,ATOM,-0.01816595
0xfb8bc3433016a64a3b8aa23c0275afe7c20feb53,AVAX,-0.03601051
0xfb8bc3433016a64a3b8aa23c0275afe7c20feb53,AXS,-0.03256868
0xfb8bc3433016a64a3b8aa23c0275afe7c20feb53,BAL,-0.022674086
0xfb8bc3433016a64a3b8aa23c0275afe7c20feb53,BCH,0.007818577
0xfb8bc3433016a64a3b8aa23c0275afe7c20feb53,BLUR,-0.03051715
0xfb8bc3433016a64a3b8aa23c0275afe7c20feb53,BNB,-0.004072607
0xfb8bc3433016a64a3b8aa23c0275afe7c20feb53,BONK,-0.034290195
0xfb8bc3433016a64a3b8aa23c0275afe7c20feb53,BTC,-0.018830026
0xfb8bc3433016a64a3b8aa23c0275afe7c20feb53,C98,-0.02407975
0xfb8bc3433016a64a3b8aa23c0275afe7c20feb53,CAKE,-0.014570938
0xfb8bc3433016a64a3b8aa23c0275afe7c20feb53,COMP,-0.026770405
0xfb8bc3433016a64a3b8aa23c0275afe7c20feb53,CRV,-0.016603682
0xfb8bc3433016a64a3b8aa23c0275afe7c20feb53,CVX,-0.013948511
0xfb8bc3433016a64a3b8aa23c0275afe7c20feb53,DAI,-0.010702784
0xfb8bc3433016a64a3b8aa23c0275afe7c20feb53,DAO,-0.022890167
0xfb8bc3433016a64a3b8aa23c0275afe7c20feb53,DOGE,-0.019226316
0xfb8bc3433016a64a3b8aa23c0275afe7c20feb53,DOT,-0.00242746
0xfb8bc3433016a64a3b8aa23c0275afe7c20feb53,DYDX,-0.029624574
0xfb8bc3433016a64a3b8aa23c0275afe7c20feb53,EOS,-0.030331368
0xfb8bc3433016a64a3b8aa23c0275afe7c20feb53,ETC,-0.0054865144
0xfb8bc3433016a64a3b8aa23c0275afe7c20feb53,ETH,0.0071238372
0xfb8bc3433016a64a3b8aa23c0275afe7c20feb53,FET,-0.027520625
0xfb8bc3433016a64a3b8aa23c0275afe7c20feb53,FIL,-0.0037543194
0xfb8bc3433016a64a3b8aa23c0275afe7c20feb53,FRAX,-0.0043831645
0xfb8bc3433016a64a3b8aa23c0275afe7c20feb53,FTM,-0.011032406
0xfb8bc3433016a64a3b8aa23c0275afe7c20feb53,FXS,-0.032907955
0xfb8bc3433016a64a3b8aa23c0275afe7c20feb53,GRT,-0.01807117
0xfb8bc3433016a64a3b8aa23c0275afe7c20feb53,HAI,-0.04149178
0xfb8bc3433016a64a3b8aa23c0275afe7c20feb53,HERO,-0.025699258
0xfb8bc3433016a64a3b8aa23c0275afe7c20feb53,ICP,-0.0038059065
0xfb8bc3433016a64a3b8aa23c0275afe7c20feb53,IMX,-0.03004642
0xfb8bc3433016a64a3b8aa23c0275afe7c20feb53,INJ,-0.014545222
0xfb8bc3433016a64a3b8aa23c0275afe7c20feb53,LDO,-0.02388816
0xfb8bc3433016a64a3b8aa23c0275afe7c20feb53,LINK,-0.008677801
0xfb8bc3433016a64a3b8aa23c0275afe7c20feb53,LTC,-0.0013074668
0xfb8bc3433016a64a3b8aa23c0275afe7c20feb53,MATIC,-0.02798543
0xfb8bc3433016a64a3b8aa23c0275afe7c20feb53,MAV,-0.022980716
0xfb8bc3433016a64a3b8aa23c0275afe7c20feb53,MBOX,-0.021524325
0xfb8bc3433016a64a3b8aa23c0275afe7c20feb53,MKR,-0.007711334
0xfb8bc3433016a64a3b8aa23c0275afe7c20feb53,MOON,-0.04884623
0xfb8bc3433016a64a3b8aa23c0275afe7c20feb53,NEAR,-0.03084143
0xfb8bc3433016a64a3b8aa23c0275afe7c20feb53,OP,0.000013324782
0xfb8bc3433016a64a3b8aa23c0275afe7c20feb53,PENDLE,-0.0043243044
0xfb8bc3433016a64a3b8aa23c0275afe7c20feb53,PEPE,-0.033145957
0xfb8bc3433016a64a3b8aa23c0275afe7c20feb53,PERP,-0.052518908
0xfb8bc3433016a64a3b8aa23c0275afe7c20feb53,PIT,-0.026974179
0xfb8bc3433016a64a3b8aa23c0275afe7c20feb53,POLS,-0.032869417
0xfb8bc3433016a64a3b8aa23c0275afe7c20feb53,PYTH,-0.021508854
0xfb8bc3433016a64a3b8aa23c0275afe7c20feb53,QUACK,-0.027166413
0xfb8bc3433016a64a3b8aa23c0275afe7c20feb53,RDNT,-0.049630947
0xfb8bc3433016a64a3b8aa23c0275afe7c20feb53,RNDR,-0.02002762
0xfb8bc3433016a64a3b8aa23c0275afe7c20feb53,RPL,-0.024210522
0xfb8bc3433016a64a3b8aa23c0275afe7c20feb53,RUNE,-0.031698443
0xfb8bc3433016a64a3b8aa23c0275afe7c20feb53,SFP,-0.031025693
0xfb8bc3433016a64a3b8aa23c0275afe7c20feb53,SFUND,-0.010118512
0xfb8bc3433016a64a3b8aa23c0275afe7c20feb53,SHIB,-0.011018928
0xfb8bc3433016a64a3b8aa23c0275afe7c20feb53,SOL,0.009616447
0xfb8bc3433016a64a3b8aa23c0275afe7c20feb53,STG,-0.011923817
0xfb8bc3433016a64a3b8aa23c0275afe7c20feb53,SUI,-0.0083137015
0xfb8bc3433016a64a3b8aa23c0275afe7c20feb53,SUSHI,-0.025328916
0xfb8bc3433016a64a3b8aa23c0275afe7c20feb53,TIA,-0.020109672
0xfb8bc3433016a64a3b8aa23c0275afe7c20feb53,TOKEN,-0.025930814
0xfb8bc3433016a64a3b8aa23c0275afe7c20feb53,TRX,0.019554997
0xfb8bc3433016a64a3b8aa23c0275afe7c20feb53,UNI,-0.017281631
0xfb8bc3433016a64a3b8aa23c0275afe7c20feb53,USDT,-0.0043633156
0xfb8bc3433016a64a3b8aa23c0275afe7c20feb53,XLM,-0.07756847
0xfb8bc3433016a64a3b8aa23c0275afe7c20feb53,XMR,-0.021823032
0xfb8bc3433016a64a3b8aa23c0275afe7c20feb53,XRP,0.03084537
0xfb8bc3433016a64a3b8aa23c0275afe7c20feb53,XTZ,-0.0066030407
0xfb8bc3433016a64a3b8aa23c0275afe7c20feb53,XVS,-0.021652007
0xfb8bc3433016a64a3b8aa23c0275afe7c20feb53,YFI,-0.01798421
0xfe3c3f351e6df846566e10119e4295ed69b2cd72,AAVE,-0.015870544364294
0xfe3c3f351e6df846566e10119e4295ed69b2cd72,ADA,-0.0149444312103242
0xfe3c3f351e6df846566e10119e4295ed69b2cd72,ALGO,-0.0162132612071017
0xfe3c3f351e6df846566e10119e4295ed69b2cd72,APE,-0.015870544364294
0xfe3c3f351e6df846566e10119e4295ed69b2cd72,APT,-0.015870544364294
0xfe3c3f351e6df846566e10119e4295ed69b2cd72,ATOM,-0.0154674806791566
0xfe3c3f351e6df846566e10119e4295ed69b2cd72,AVAX,-0.0149366230523904
0xfe3c3f351e6df846566e10119e4295ed69b2cd72,AXS,-0.015870544364294
0xfe3c3f351e6df846566e10119e4295ed69b2cd72,BAL,-0.015870544364294
0xfe3c3f351e6df846566e10119e4295ed69b2cd72,BCH,-0.0154674806791566
0xfe3c3f351e6df846566e10119e4295ed69b2cd72,BLUR,-0.015870544364294
0xfe3c3f351e6df846566e10119e4295ed69b2cd72,BNB,-0.0149444312103242
0xfe3c3f351e6df846566e10119e4295ed69b2cd72,BONK,-0.015870544364294
0xfe3c3f351e6df846566e10119e4295ed69b2cd72,BTC,-0.015870544364294
0xfe3c3f351e6df846566e10119e4295ed69b2cd72,C98,-0.015870544364294
0xfe3c3f351e6df846566e10119e4295ed69b2cd72,CAKE,-0.0149366230523904
0xfe3c3f351e6df846566e10119e4295ed69b2cd72,COMP,-0.015870544364294
0xfe3c3f351e6df846566e10119e4295ed69b2cd72,CRV,-0.0149366230523904
0xfe3c3f351e6df846566e10119e4295ed69b2cd72,CVX,-0.015870544364294
0xfe3c3f351e6df846566e10119e4295ed69b2cd72,DAI,-0.015870544364294
0xfe3c3f351e6df846566e10119e4295ed69b2cd72,DAO,-0.015870544364294
0xfe3c3f351e6df846566e10119e4295ed69b2cd72,DOGE,-0.0149366230523904
0xfe3c3f351e6df846566e10119e4295ed69b2cd72,DOT,-0.015870544364294
0xfe3c3f351e6df846566e10119e4295ed69b2cd72,DYDX,-0.015870544364294
0xfe3c3f351e6df846566e10119e4295ed69b2cd72,EOS,-0.015870544364294
0xfe3c3f351e6df846566e10119e4295ed69b2cd72,ETC,-0.0150445083879732
0xfe3c3f351e6df846566e10119e4295ed69b2cd72,ETH,-0.0149991627636499
0xfe3c3f351e6df846566e10119e4295ed69b2cd72,FET,-0.015870544364294
0xfe3c3f351e6df846566e10119e4295ed69b2cd72,FIL,-0.015870544364294
0xfe3c3f351e6df846566e10119e4295ed69b2cd72,FRAX,-0.0150445083879732
0xfe3c3f351e6df846566e10119e4295ed69b2cd72,FTM,-0.0149366230523904
0xfe3c3f351e6df846566e10119e4295ed69b2cd72,FXS,-0.0150445083879732
0xfe3c3f351e6df846566e10119e4295ed69b2cd72,GRT,-0.0149444312103242
0xfe3c3f351e6df846566e10119e4295ed69b2cd72,HAI,-0.0154674806791566
0xfe3c3f351e6df846566e10119e4295ed69b2cd72,HERO,-0.015870544364294
0xfe3c3f351e6df846566e10119e4295ed69b2cd72,ICP,-0.015870544364294
0xfe3c3f351e6df846566e10119e4295ed69b2cd72,IMX,-0.015870544364294
0xfe3c3f351e6df846566e10119e4295ed69b2cd72,INJ,-0.0149366230523904
0xfe3c3f351e6df846566e10119e4295ed69b2cd72,LDO,-0.015870544364294
0xfe3c3f351e6df846566e10119e4295ed69b2cd72,LINK,-0.0149366230523904
0xfe3c3f351e6df846566e10119e4295ed69b2cd72,LTC,-0.0149366230523904
0xfe3c3f351e6df846566e10119e4295ed69b2cd72,MATIC,-0.0149991627636499
0xfe3c3f351e6df846566e10119e4295ed69b2cd72,MAV,-0.015870544364294
0xfe3c3f351e6df846566e10119e4295ed69b2cd72,MBOX,-0.015870544364294
0xfe3c3f351e6df846566e10119e4295ed69b2cd72,MKR,-0.0149991627636499
0xfe3c3f351e6df846566e10119e4295ed69b2cd72,MOON,-0.0154674806791566
0xfe3c3f351e6df846566e10119e4295ed69b2cd72,NEAR,-0.015870544364294
0xfe3c3f351e6df846566e10119e4295ed69b2cd72,OP,-0.0149991627636499
0xfe3c3f351e6df846566e10119e4295ed69b2cd72,PENDLE,-0.015870544364294
0xfe3c3f351e6df846566e10119e4295ed69b2cd72,PEPE,-0.015870544364294
0xfe3c3f351e6df846566e10119e4295ed69b2cd72,PERP,-0.015870544364294
0xfe3c3f351e6df846566e10119e4295ed69b2cd72,PIT,-0.0154674806791566
0xfe3c3f351e6df846566e10119e4295ed69b2cd72,POLS,-0.015870544364294
0xfe3c3f351e6df846566e10119e4295ed69b2cd72,PYTH,-0.015870544364294
0xfe3c3f351e6df846566e10119e4295ed69b2cd72,QUACK,-0.015870544364294
0xfe3c3f351e6df846566e10119e4295ed69b2cd72,RDNT,-0.015870544364294
0xfe3c3f351e6df846566e10119e4295ed69b2cd72,RNDR,-0.015870544364294
0xfe3c3f351e6df846566e10119e4295ed69b2cd72,RPL,-0.015870544364294
0xfe3c3f351e6df846566e10119e4295ed69b2cd72,RUNE,-0.015870544364294
0xfe3c3f351e6df846566e10119e4295ed69b2cd72,SFP,-0.015870544364294
0xfe3c3f351e6df846566e10119e4295ed69b2cd72,SFUND,-0.015870544364294
0xfe3c3f351e6df846566e10119e4295ed69b2cd72,SHIB,-0.0149366230523904
0xfe3c3f351e6df846566e10119e4295ed69b2cd72,SOL,-0.0149991627636499
0xfe3c3f351e6df846566e10119e4295ed69b2cd72,STG,-0.015870544364294
0xfe3c3f351e6df846566e10119e4295ed69b2cd72,SUI,-0.015870544364294
0xfe3c3f351e6df846566e10119e4295ed69b2cd72,SUSHI,-0.015870544364294
0xfe3c3f351e6df846566e10119e4295ed69b2cd72,TIA,-0.015870544364294
0xfe3c3f351e6df846566e10119e4295ed69b2cd72,TOKEN,-0.015870544364294
0xfe3c3f351e6df846566e10119e4295ed69b2cd72,TRX,-0.0149991627636499
0xfe3c3f351e6df846566e10119e4295ed69b2cd72,UNI,-0.0154674806791566
0xfe3c3f351e6df846566e10119e4295ed69b2cd72,USDT,-0.0149991627636499
0xfe3c3f351e6df846566e10119e4295ed69b2cd72,XLM,-0.015870544364294
0xfe3c3f351e6df846566e10119e4295ed69b2cd72,XMR,-0.0149991627636499
0xfe3c3f351e6df846566e10119e4295ed69b2cd72,XRP,-0.0149366230523904
0xfe3c3f351e6df846566e10119e4295ed69b2cd72,XTZ,-0.015870544364294
0xfe3c3f351e6df846566e10119e4295ed69b2cd72,XVS,-0.015870544364294
0xfe3c3f351e6df846566e10119e4295ed69b2cd72,YFI,-0.015870544364294
