address,symbol,prediction
0x04e1dd13ef029f573cf717f094a6b601b9e03550,AAVE,-0.0015301108
0x04e1dd13ef029f573cf717f094a6b601b9e03550,ADA,-0.011144817
0x04e1dd13ef029f573cf717f094a6b601b9e03550,ALGO,-0.013359189
0x04e1dd13ef029f573cf717f094a6b601b9e03550,APE,-0.011158228
0x04e1dd13ef029f573cf717f094a6b601b9e03550,APT,0.0009675026
0x04e1dd13ef029f573cf717f094a6b601b9e03550,ATOM,-0.005259335
0x04e1dd13ef029f573cf717f094a6b601b9e03550,AVAX,-0.008363247
0x04e1dd13ef029f573cf717f094a6b601b9e03550,AXS,-0.005099237
0x04e1dd13ef029f573cf717f094a6b601b9e03550,BAL,0.008068085
0x04e1dd13ef029f573cf717f094a6b601b9e03550,BCH,-0.0067564845
0x04e1dd13ef029f573cf717f094a6b601b9e03550,BLUR,-0.0087067485
0x04e1dd13ef029f573cf717f094a6b601b9e03550,BNB,-0.00031036139
0x04e1dd13ef029f573cf717f094a6b601b9e03550,BONK,0.00016069412
0x04e1dd13ef029f573cf717f094a6b601b9e03550,BTC,-0.003890574
0x04e1dd13ef029f573cf717f094a6b601b9e03550,C98,-0.016682386
0x04e1dd13ef029f573cf717f094a6b601b9e03550,CAKE,-0.0090479255
0x04e1dd13ef029f573cf717f094a6b601b9e03550,COMP,-0.008702099
0x04e1dd13ef029f573cf717f094a6b601b9e03550,CRV,-0.021302342
0x04e1dd13ef029f573cf717f094a6b601b9e03550,CVX,-0.0013013482
0x04e1dd13ef029f573cf717f094a6b601b9e03550,DAI,-0.0058430433
0x04e1dd13ef029f573cf717f094a6b601b9e03550,DAO,-0.0053614974
0x04e1dd13ef029f573cf717f094a6b601b9e03550,DOGE,-0.008514881
0x04e1dd13ef029f573cf717f094a6b601b9e03550,DOT,-0.0048575997
0x04e1dd13ef029f573cf717f094a6b601b9e03550,DYDX,0.0000667572
0x04e1dd13ef029f573cf717f094a6b601b9e03550,EOS,-0.011360407
0x04e1dd13ef029f573cf717f094a6b601b9e03550,ETC,-0.0059405565
0x04e1dd13ef029f573cf717f094a6b601b9e03550,ETH,-0.008467436
0x04e1dd13ef029f573cf717f094a6b601b9e03550,FET,0.0071873665
0x04e1dd13ef029f573cf717f094a6b601b9e03550,FIL,-0.005510032
0x04e1dd13ef029f573cf717f094a6b601b9e03550,FRAX,-0.0024166703
0x04e1dd13ef029f573cf717f094a6b601b9e03550,FTM,-0.010669351
0x04e1dd13ef029f573cf717f094a6b601b9e03550,FXS,-0.004515648
0x04e1dd13ef029f573cf717f094a6b601b9e03550,GRT,-0.031926572
0x04e1dd13ef029f573cf717f094a6b601b9e03550,HAI,-0.00667727
0x04e1dd13ef029f573cf717f094a6b601b9e03550,HERO,-0.0075318217
0x04e1dd13ef029f573cf717f094a6b601b9e03550,ICP,-0.0024983883
0x04e1dd13ef029f573cf717f094a6b601b9e03550,IMX,0.0000013113022
0x04e1dd13ef029f573cf717f094a6b601b9e03550,INJ,-0.006919682
0x04e1dd13ef029f573cf717f094a6b601b9e03550,LDO,-0.0010177493
0x04e1dd13ef029f573cf717f094a6b601b9e03550,LINK,-0.007824004
0x04e1dd13ef029f573cf717f094a6b601b9e03550,LTC,-0.011485338
0x04e1dd13ef029f573cf717f094a6b601b9e03550,MATIC,0.002141118
0x04e1dd13ef029f573cf717f094a6b601b9e03550,MAV,-0.022239387
0x04e1dd13ef029f573cf717f094a6b601b9e03550,MBOX,-0.009480476
0x04e1dd13ef029f573cf717f094a6b601b9e03550,MKR,-0.007539451
0x04e1dd13ef029f573cf717f094a6b601b9e03550,MOON,-0.0033190846
0x04e1dd13ef029f573cf717f094a6b601b9e03550,NEAR,-0.0077803135
0x04e1dd13ef029f573cf717f094a6b601b9e03550,OP,-0.009605229
0x04e1dd13ef029f573cf717f094a6b601b9e03550,PENDLE,-0.0033611655
0x04e1dd13ef029f573cf717f094a6b601b9e03550,PEPE,-0.022868276
0x04e1dd13ef029f573cf717f094a6b601b9e03550,PERP,-0.0015274882
0x04e1dd13ef029f573cf717f094a6b601b9e03550,PIT,0.0014840364
0x04e1dd13ef029f573cf717f094a6b601b9e03550,POLS,-0.0060418844
0x04e1dd13ef029f573cf717f094a6b601b9e03550,PYTH,-0.011337578
0x04e1dd13ef029f573cf717f094a6b601b9e03550,QUACK,-0.037095547
0x04e1dd13ef029f573cf717f094a6b601b9e03550,RDNT,-0.026514113
0x04e1dd13ef029f573cf717f094a6b601b9e03550,RNDR,-0.011987746
0x04e1dd13ef029f573cf717f094a6b601b9e03550,RPL,-0.00017511845
0x04e1dd13ef029f573cf717f094a6b601b9e03550,RUNE,0.0003399849
0x04e1dd13ef029f573cf717f094a6b601b9e03550,SFP,0.00020945072
0x04e1dd13ef029f573cf717f094a6b601b9e03550,SFUND,-0.013865352
0x04e1dd13ef029f573cf717f094a6b601b9e03550,SHIB,-0.005751848
0x04e1dd13ef029f573cf717f094a6b601b9e03550,SOL,-0.0043464303
0x04e1dd13ef029f573cf717f094a6b601b9e03550,STG,-0.0005822778
0x04e1dd13ef029f573cf717f094a6b601b9e03550,SUI,-0.020243645
0x04e1dd13ef029f573cf717f094a6b601b9e03550,SUSHI,-0.008321166
0x04e1dd13ef029f573cf717f094a6b601b9e03550,TIA,-0.02715069
0x04e1dd13ef029f573cf717f094a6b601b9e03550,TOKEN,-0.02254653
0x04e1dd13ef029f573cf717f094a6b601b9e03550,TRX,-0.0040280223
0x04e1dd13ef029f573cf717f094a6b601b9e03550,UNI,-0.022844195
0x04e1dd13ef029f573cf717f094a6b601b9e03550,USDT,-0.009246647
0x04e1dd13ef029f573cf717f094a6b601b9e03550,XLM,-0.00032305717
0x04e1dd13ef029f573cf717f094a6b601b9e03550,XMR,-0.014006615
0x04e1dd13ef029f573cf717f094a6b601b9e03550,XRP,-0.0021032095
0x04e1dd13ef029f573cf717f094a6b601b9e03550,XTZ,-0.01111567
0x04e1dd13ef029f573cf717f094a6b601b9e03550,XVS,-0.0023002625
0x04e1dd13ef029f573cf717f094a6b601b9e03550,YFI,-0.00073605776
0x05934b9313c703fb75363d27704cc6566f645a91,AAVE,0.0233758747641084
0x05934b9313c703fb75363d27704cc6566f645a91,ADA,-0.0021140358459781
0x05934b9313c703fb75363d27704cc6566f645a91,ALGO,0.0153560097173099
0x05934b9313c703fb75363d27704cc6566f645a91,APE,0.0231838930359449
0x05934b9313c703fb75363d27704cc6566f645a91,APT,0.02356800742043
0x05934b9313c703fb75363d27704cc6566f645a91,ATOM,0.0085433158444321
0x05934b9313c703fb75363d27704cc6566f645a91,AVAX,0.0175690755380479
0x05934b9313c703fb75363d27704cc6566f645a91,AXS,-0.0239640841486568
0x05934b9313c703fb75363d27704cc6566f645a91,BAL,0.0168705694843661
0x05934b9313c703fb75363d27704cc6566f645a91,BCH,0.0043169827973661
0x05934b9313c703fb75363d27704cc6566f645a91,BLUR,-0.0101301972543251
0x05934b9313c703fb75363d27704cc6566f645a91,BNB,0.0039786676413935
0x05934b9313c703fb75363d27704cc6566f645a91,BONK,0.0159805435850772
0x05934b9313c703fb75363d27704cc6566f645a91,BTC,0.0008058056888457
0x05934b9313c703fb75363d27704cc6566f645a91,C98,0.0066243026837839
0x05934b9313c703fb75363d27704cc6566f645a91,CAKE,0.0411215494504276
0x05934b9313c703fb75363d27704cc6566f645a91,COMP,0.0055187577614441
0x05934b9313c703fb75363d27704cc6566f645a91,CRV,0.0115152868538837
0x05934b9313c703fb75363d27704cc6566f645a91,CVX,-0.0040680668803423
0x05934b9313c703fb75363d27704cc6566f645a91,DAI,0.0031317670390995
0x05934b9313c703fb75363d27704cc6566f645a91,DAO,-0.0075769520602686
0x05934b9313c703fb75363d27704cc6566f645a91,DOGE,0.0138445684067984
0x05934b9313c703fb75363d27704cc6566f645a91,DOT,0.0078412511674459
0x05934b9313c703fb75363d27704cc6566f645a91,DYDX,0.007935818906187
0x05934b9313c703fb75363d27704cc6566f645a91,EOS,0.0200495752469453
0x05934b9313c703fb75363d27704cc6566f645a91,ETC,0.0141596851450122
0x05934b9313c703fb75363d27704cc6566f645a91,ETH,0.0070661575231019
0x05934b9313c703fb75363d27704cc6566f645a91,FET,0.0020698493931679
0x05934b9313c703fb75363d27704cc6566f645a91,FIL,0.0021957992297785
0x05934b9313c703fb75363d27704cc6566f645a91,FRAX,0.0254690509145098
0x05934b9313c703fb75363d27704cc6566f645a91,FTM,0.0149779708875882
0x05934b9313c703fb75363d27704cc6566f645a91,FXS,0.0322580118120542
0x05934b9313c703fb75363d27704cc6566f645a91,GRT,0.0477351627041436
0x05934b9313c703fb75363d27704cc6566f645a91,HAI,0.0019690119022985
0x05934b9313c703fb75363d27704cc6566f645a91,HERO,-0.0066722478505415
0x05934b9313c703fb75363d27704cc6566f645a91,ICP,-0.0115098610492606
0x05934b9313c703fb75363d27704cc6566f645a91,IMX,0.0171504412158682
0x05934b9313c703fb75363d27704cc6566f645a91,INJ,0.0320417716069672
0x05934b9313c703fb75363d27704cc6566f645a91,LDO,0.0232215901247347
0x05934b9313c703fb75363d27704cc6566f645a91,LINK,0.0197790516399824
0x05934b9313c703fb75363d27704cc6566f645a91,LTC,0.0193363463525161
0x05934b9313c703fb75363d27704cc6566f645a91,MATIC,0.0065011469199627
0x05934b9313c703fb75363d27704cc6566f645a91,MAV,-0.0037587573719059
0x05934b9313c703fb75363d27704cc6566f645a91,MBOX,0.0299922180284451
0x05934b9313c703fb75363d27704cc6566f645a91,MKR,0.0053382923626534
0x05934b9313c703fb75363d27704cc6566f645a91,MOON,0.0158959971481227
0x05934b9313c703fb75363d27704cc6566f645a91,NEAR,0.0429027587252117
0x05934b9313c703fb75363d27704cc6566f645a91,OP,0.0356126016755886
0x05934b9313c703fb75363d27704cc6566f645a91,PENDLE,0.0164473297090269
0x05934b9313c703fb75363d27704cc6566f645a91,PEPE,-0.0190154886096947
0x05934b9313c703fb75363d27704cc6566f645a91,PERP,-0.0015064135525881
0x05934b9313c703fb75363d27704cc6566f645a91,PIT,-0.011826733644491
0x05934b9313c703fb75363d27704cc6566f645a91,POLS,0.0007748517556911
0x05934b9313c703fb75363d27704cc6566f645a91,PYTH,0.0280791106508849
0x05934b9313c703fb75363d27704cc6566f645a91,QUACK,0.015381216830639
0x05934b9313c703fb75363d27704cc6566f645a91,RDNT,0.0941993647862968
0x05934b9313c703fb75363d27704cc6566f645a91,RNDR,0.0078820286242503
0x05934b9313c703fb75363d27704cc6566f645a91,RPL,0.0053034501727548
0x05934b9313c703fb75363d27704cc6566f645a91,RUNE,0.0177501803440501
0x05934b9313c703fb75363d27704cc6566f645a91,SFP,0.038820139329771
0x05934b9313c703fb75363d27704cc6566f645a91,SFUND,0.0051238157275124
0x05934b9313c703fb75363d27704cc6566f645a91,SHIB,0.0243392088776934
0x05934b9313c703fb75363d27704cc6566f645a91,SOL,0.0072630958013988
0x05934b9313c703fb75363d27704cc6566f645a91,STG,0.0231570183124693
0x05934b9313c703fb75363d27704cc6566f645a91,SUI,0.0296785586732322
0x05934b9313c703fb75363d27704cc6566f645a91,SUSHI,0.0359229489035169
0x05934b9313c703fb75363d27704cc6566f645a91,TIA,0.0240574943638204
0x05934b9313c703fb75363d27704cc6566f645a91,TOKEN,-0.0074649221553569
0x05934b9313c703fb75363d27704cc6566f645a91,TRX,0.014697504588042
0x05934b9313c703fb75363d27704cc6566f645a91,UNI,0.0361653750826567
0x05934b9313c703fb75363d27704cc6566f645a91,USDT,0.0097385319642968
0x05934b9313c703fb75363d27704cc6566f645a91,XLM,0.0384285874698448
0x05934b9313c703fb75363d27704cc6566f645a91,XMR,0.0006527127921708
0x05934b9313c703fb75363d27704cc6566f645a91,XRP,0.0311132610891676
0x05934b9313c703fb75363d27704cc6566f645a91,XTZ,0.0218558544354089
0x05934b9313c703fb75363d27704cc6566f645a91,XVS,-0.0012063881475791
0x05934b9313c703fb75363d27704cc6566f645a91,YFI,-0.0010597182297498
0x063af2c2952d7799ce1eac2f1a85c7b4aa4fe553,AAVE,0.007916198
0x063af2c2952d7799ce1eac2f1a85c7b4aa4fe553,ADA,-0.020465467
0x063af2c2952d7799ce1eac2f1a85c7b4aa4fe553,ALGO,-0.022996254
0x063af2c2952d7799ce1eac2f1a85c7b4aa4fe553,APE,-0.055290878
0x063af2c2952d7799ce1eac2f1a85c7b4aa4fe553,APT,-0.007123882
0x063af2c2952d7799ce1eac2f1a85c7b4aa4fe553,ATOM,-0.021343105
0x063af2c2952d7799ce1eac2f1a85c7b4aa4fe553,AVAX,-0.033792816
0x063af2c2952d7799ce1eac2f1a85c7b4aa4fe553,AXS,-0.021124808
0x063af2c2952d7799ce1eac2f1a85c7b4aa4fe553,BAL,0.0019457544
0x063af2c2952d7799ce1eac2f1a85c7b4aa4fe553,BCH,0.013458708
0x063af2c2952d7799ce1eac2f1a85c7b4aa4fe553,BLUR,-0.03544168
0x063af2c2952d7799ce1eac2f1a85c7b4aa4fe553,BNB,0.018714031
0x063af2c2952d7799ce1eac2f1a85c7b4aa4fe553,BONK,-0.011276956
0x063af2c2952d7799ce1eac2f1a85c7b4aa4fe553,BTC,-0.033083115
0x063af2c2952d7799ce1eac2f1a85c7b4aa4fe553,C98,-0.013953822
0x063af2c2952d7799ce1eac2f1a85c7b4aa4fe553,CAKE,0.049731668
0x063af2c2952d7799ce1eac2f1a85c7b4aa4fe553,COMP,-0.005382813
0x063af2c2952d7799ce1eac2f1a85c7b4aa4fe553,CRV,-0.044802554
0x063af2c2952d7799ce1eac2f1a85c7b4aa4fe553,CVX,-0.027751539
0x063af2c2952d7799ce1eac2f1a85c7b4aa4fe553,DAI,-0.013875318
0x063af2c2952d7799ce1eac2f1a85c7b4aa4fe553,DAO,-0.053794947
0x063af2c2952d7799ce1eac2f1a85c7b4aa4fe553,DOGE,-0.025566569
0x063af2c2952d7799ce1eac2f1a85c7b4aa4fe553,DOT,0.02115374
0x063af2c2952d7799ce1eac2f1a85c7b4aa4fe553,DYDX,-0.037644777
0x063af2c2952d7799ce1eac2f1a85c7b4aa4fe553,EOS,-0.028988367
0x063af2c2952d7799ce1eac2f1a85c7b4aa4fe553,ETC,-0.0134312995
0x063af2c2952d7799ce1eac2f1a85c7b4aa4fe553,ETH,0.051226787
0x063af2c2952d7799ce1eac2f1a85c7b4aa4fe553,FET,-0.0009122573
0x063af2c2952d7799ce1eac2f1a85c7b4aa4fe553,FIL,-0.044465933
0x063af2c2952d7799ce1eac2f1a85c7b4aa4fe553,FRAX,-0.024324948
0x063af2c2952d7799ce1eac2f1a85c7b4aa4fe553,FTM,-0.0153553095
0x063af2c2952d7799ce1eac2f1a85c7b4aa4fe553,FXS,-0.033529386
0x063af2c2952d7799ce1eac2f1a85c7b4aa4fe553,GRT,-0.01775464
0x063af2c2952d7799ce1eac2f1a85c7b4aa4fe553,HAI,-0.00096959743
0x063af2c2952d7799ce1eac2f1a85c7b4aa4fe553,HERO,-0.007816274
0x063af2c2952d7799ce1eac2f1a85c7b4aa4fe553,ICP,-0.03277375
0x063af2c2952d7799ce1eac2f1a85c7b4aa4fe553,IMX,-0.01176009
0x063af2c2952d7799ce1eac2f1a85c7b4aa4fe553,INJ,-0.00092222274
0x063af2c2952d7799ce1eac2f1a85c7b4aa4fe553,LDO,-0.016393658
0x063af2c2952d7799ce1eac2f1a85c7b4aa4fe553,LINK,0.0044813217
0x063af2c2952d7799ce1eac2f1a85c7b4aa4fe553,LTC,0.0015187298
0x063af2c2952d7799ce1eac2f1a85c7b4aa4fe553,MATIC,-0.00092033803
0x063af2c2952d7799ce1eac2f1a85c7b4aa4fe553,MAV,-0.023397261
0x063af2c2952d7799ce1eac2f1a85c7b4aa4fe553,MBOX,-0.010502525
0x063af2c2952d7799ce1eac2f1a85c7b4aa4fe553,MKR,-0.024732495
0x063af2c2952d7799ce1eac2f1a85c7b4aa4fe553,MOON,-0.02145559
0x063af2c2952d7799ce1eac2f1a85c7b4aa4fe553,NEAR,-0.017943826
0x063af2c2952d7799ce1eac2f1a85c7b4aa4fe553,OP,-0.033433925
0x063af2c2952d7799ce1eac2f1a85c7b4aa4fe553,PENDLE,-0.05969976
0x063af2c2952d7799ce1eac2f1a85c7b4aa4fe553,PEPE,-0.014396476
0x063af2c2952d7799ce1eac2f1a85c7b4aa4fe553,PERP,-0.0064112595
0x063af2c2952d7799ce1eac2f1a85c7b4aa4fe553,PIT,-0.0023959018
0x063af2c2952d7799ce1eac2f1a85c7b4aa4fe553,POLS,-0.0055571105
0x063af2c2952d7799ce1eac2f1a85c7b4aa4fe553,PYTH,-0.029411336
0x063af2c2952d7799ce1eac2f1a85c7b4aa4fe553,QUACK,0.037615553
0x063af2c2952d7799ce1eac2f1a85c7b4aa4fe553,RDNT,-0.002380895
0x063af2c2952d7799ce1eac2f1a85c7b4aa4fe553,RNDR,0.0014721086
0x063af2c2952d7799ce1eac2f1a85c7b4aa4fe553,RPL,-0.022715205
0x063af2c2952d7799ce1eac2f1a85c7b4aa4fe553,RUNE,-0.010500123
0x063af2c2952d7799ce1eac2f1a85c7b4aa4fe553,SFP,-0.02352164
0x063af2c2952d7799ce1eac2f1a85c7b4aa4fe553,SFUND,-0.069880545
0x063af2c2952d7799ce1eac2f1a85c7b4aa4fe553,SHIB,0.033773825
0x063af2c2952d7799ce1eac2f1a85c7b4aa4fe553,SOL,0.036260895
0x063af2c2952d7799ce1eac2f1a85c7b4aa4fe553,STG,-0.008082432
0x063af2c2952d7799ce1eac2f1a85c7b4aa4fe553,SUI,-0.036620397
0x063af2c2952d7799ce1eac2f1a85c7b4aa4fe553,SUSHI,-0.0042157383
0x063af2c2952d7799ce1eac2f1a85c7b4aa4fe553,TIA,-0.021485327
0x063af2c2952d7799ce1eac2f1a85c7b4aa4fe553,TOKEN,-0.023277529
0x063af2c2952d7799ce1eac2f1a85c7b4aa4fe553,TRX,-0.00027070512
0x063af2c2952d7799ce1eac2f1a85c7b4aa4fe553,UNI,0.0036162497
0x063af2c2952d7799ce1eac2f1a85c7b4aa4fe553,USDT,-0.011490653
0x063af2c2952d7799ce1eac2f1a85c7b4aa4fe553,XLM,0.0000848523
0x063af2c2952d7799ce1eac2f1a85c7b4aa4fe553,XMR,0.0014455066
0x063af2c2952d7799ce1eac2f1a85c7b4aa4fe553,XRP,0.024705367
0x063af2c2952d7799ce1eac2f1a85c7b4aa4fe553,XTZ,-0.017542832
0x063af2c2952d7799ce1eac2f1a85c7b4aa4fe553,XVS,-0.000119502816
0x063af2c2952d7799ce1eac2f1a85c7b4aa4fe553,YFI,-0.010003862
0x0edc0ea676c5e608d628ecc659a13a213476de3e,AAVE,0.0063307698355912
0x0edc0ea676c5e608d628ecc659a13a213476de3e,ADA,0.0015153928974573
0x0edc0ea676c5e608d628ecc659a13a213476de3e,ALGO,0.0181995289101291
0x0edc0ea676c5e608d628ecc659a13a213476de3e,APE,0.0059274639290791
0x0edc0ea676c5e608d628ecc659a13a213476de3e,APT,0.0370115717564554
0x0edc0ea676c5e608d628ecc659a13a213476de3e,ATOM,0.0083440371702132
0x0edc0ea676c5e608d628ecc659a13a213476de3e,AVAX,0.0088001338084855
0x0edc0ea676c5e608d628ecc659a13a213476de3e,AXS,-0.0050795724224705
0x0edc0ea676c5e608d628ecc659a13a213476de3e,BAL,0.02010863142347
0x0edc0ea676c5e608d628ecc659a13a213476de3e,BCH,0.0182162069422016
0x0edc0ea676c5e608d628ecc659a13a213476de3e,BLUR,-0.0090979980411236
0x0edc0ea676c5e608d628ecc659a13a213476de3e,BNB,0.0139406189393061
0x0edc0ea676c5e608d628ecc659a13a213476de3e,BONK,0.0306192873363256
0x0edc0ea676c5e608d628ecc659a13a213476de3e,BTC,0.0170815323299609
0x0edc0ea676c5e608d628ecc659a13a213476de3e,C98,0.0223497738706682
0x0edc0ea676c5e608d628ecc659a13a213476de3e,CAKE,0.0065751174345347
0x0edc0ea676c5e608d628ecc659a13a213476de3e,COMP,-0.0043909121371179
0x0edc0ea676c5e608d628ecc659a13a213476de3e,CRV,0.0066617836579256
0x0edc0ea676c5e608d628ecc659a13a213476de3e,CVX,0.0185449293801008
0x0edc0ea676c5e608d628ecc659a13a213476de3e,DAI,-0.012908550521086
0x0edc0ea676c5e608d628ecc659a13a213476de3e,DAO,-0.0136637166157101
0x0edc0ea676c5e608d628ecc659a13a213476de3e,DOGE,0.0190374893602945
0x0edc0ea676c5e608d628ecc659a13a213476de3e,DOT,0.012898682744418
0x0edc0ea676c5e608d628ecc659a13a213476de3e,DYDX,0.0035941381629485
0x0edc0ea676c5e608d628ecc659a13a213476de3e,EOS,0.0158066998417221
0x0edc0ea676c5e608d628ecc659a13a213476de3e,ETC,0.0344940477897955
0x0edc0ea676c5e608d628ecc659a13a213476de3e,ETH,0.0086684308295494
0x0edc0ea676c5e608d628ecc659a13a213476de3e,FET,-0.0189249711173556
0x0edc0ea676c5e608d628ecc659a13a213476de3e,FIL,0.017712051089444
0x0edc0ea676c5e608d628ecc659a13a213476de3e,FRAX,-0.0146947767592165
0x0edc0ea676c5e608d628ecc659a13a213476de3e,FTM,0.0305527080785346
0x0edc0ea676c5e608d628ecc659a13a213476de3e,FXS,0.0094808598924669
0x0edc0ea676c5e608d628ecc659a13a213476de3e,GRT,0.0202153861059147
0x0edc0ea676c5e608d628ecc659a13a213476de3e,HAI,0.0109346284919163
0x0edc0ea676c5e608d628ecc659a13a213476de3e,HERO,0.0106450400297826
0x0edc0ea676c5e608d628ecc659a13a213476de3e,ICP,0.0123130111900864
0x0edc0ea676c5e608d628ecc659a13a213476de3e,IMX,0.0099019544670535
0x0edc0ea676c5e608d628ecc659a13a213476de3e,INJ,0.0142054569143324
0x0edc0ea676c5e608d628ecc659a13a213476de3e,LDO,0.0023420130808613
0x0edc0ea676c5e608d628ecc659a13a213476de3e,LINK,0.0180211587921555
0x0edc0ea676c5e608d628ecc659a13a213476de3e,LTC,0.0176606562814334
0x0edc0ea676c5e608d628ecc659a13a213476de3e,MATIC,-0.0050110300638128
0x0edc0ea676c5e608d628ecc659a13a213476de3e,MAV,-0.0055668779191218
0x0edc0ea676c5e608d628ecc659a13a213476de3e,MBOX,0.0134629311841672
0x0edc0ea676c5e608d628ecc659a13a213476de3e,MKR,0.0026061078924957
0x0edc0ea676c5e608d628ecc659a13a213476de3e,MOON,-0.0000570304718459092
0x0edc0ea676c5e608d628ecc659a13a213476de3e,NEAR,0.02363099592562
0x0edc0ea676c5e608d628ecc659a13a213476de3e,OP,0.0296682431234467
0x0edc0ea676c5e608d628ecc659a13a213476de3e,PENDLE,0.0030225412568367
0x0edc0ea676c5e608d628ecc659a13a213476de3e,PEPE,0.0223211296936328
0x0edc0ea676c5e608d628ecc659a13a213476de3e,PERP,0.0050306863291389
0x0edc0ea676c5e608d628ecc659a13a213476de3e,PIT,0.0107329245495087
0x0edc0ea676c5e608d628ecc659a13a213476de3e,POLS,0.0077237717828699
0x0edc0ea676c5e608d628ecc659a13a213476de3e,PYTH,0.0201723157826612
0x0edc0ea676c5e608d628ecc659a13a213476de3e,QUACK,0.0435754334544645
0x0edc0ea676c5e608d628ecc659a13a213476de3e,RDNT,0.0269517540712463
0x0edc0ea676c5e608d628ecc659a13a213476de3e,RNDR,0.0053019318807248
0x0edc0ea676c5e608d628ecc659a13a213476de3e,RPL,0.0065973532929946
0x0edc0ea676c5e608d628ecc659a13a213476de3e,RUNE,0.0218153525795759
0x0edc0ea676c5e608d628ecc659a13a213476de3e,SFP,0.0002232222966358
0x0edc0ea676c5e608d628ecc659a13a213476de3e,SFUND,-0.0298281999394465
0x0edc0ea676c5e608d628ecc659a13a213476de3e,SHIB,0.0131588826255109
0x0edc0ea676c5e608d628ecc659a13a213476de3e,SOL,0.0328145011516878
0x0edc0ea676c5e608d628ecc659a13a213476de3e,STG,-0.0022239150851379
0x0edc0ea676c5e608d628ecc659a13a213476de3e,SUI,0.0050435363373564
0x0edc0ea676c5e608d628ecc659a13a213476de3e,SUSHI,0.0379474401826194
0x0edc0ea676c5e608d628ecc659a13a213476de3e,TIA,0.0338820313253683
0x0edc0ea676c5e608d628ecc659a13a213476de3e,TOKEN,0.0146496240301075
0x0edc0ea676c5e608d628ecc659a13a213476de3e,TRX,0.0214307432822511
0x0edc0ea676c5e608d628ecc659a13a213476de3e,UNI,0.0214474665675766
0x0edc0ea676c5e608d628ecc659a13a213476de3e,USDT,0.0003890441199136
0x0edc0ea676c5e608d628ecc659a13a213476de3e,XLM,0.0128994542044094
0x0edc0ea676c5e608d628ecc659a13a213476de3e,XMR,0.0153643372379237
0x0edc0ea676c5e608d628ecc659a13a213476de3e,XRP,0.0245334322197928
0x0edc0ea676c5e608d628ecc659a13a213476de3e,XTZ,0.0264518825701789
0x0edc0ea676c5e608d628ecc659a13a213476de3e,XVS,-0.0009995323995428
0x0edc0ea676c5e608d628ecc659a13a213476de3e,YFI,0.018033276955812
0x18fbc0c8fdd7faa3f4fb72810a0c6360c1bb4bd6,AAVE,0.946194269149864
0x18fbc0c8fdd7faa3f4fb72810a0c6360c1bb4bd6,ADA,0.924239268238041
0x18fbc0c8fdd7faa3f4fb72810a0c6360c1bb4bd6,ALGO,0.460478755189624
0x18fbc0c8fdd7faa3f4fb72810a0c6360c1bb4bd6,APE,0.0331320832581287
0x18fbc0c8fdd7faa3f4fb72810a0c6360c1bb4bd6,APT,0.421561005117389
0x18fbc0c8fdd7faa3f4fb72810a0c6360c1bb4bd6,ATOM,0.771334149980011
0x18fbc0c8fdd7faa3f4fb72810a0c6360c1bb4bd6,AVAX,0.70032769527769
0x18fbc0c8fdd7faa3f4fb72810a0c6360c1bb4bd6,AXS,0.349339834813484
0x18fbc0c8fdd7faa3f4fb72810a0c6360c1bb4bd6,BAL,0.303990994265269
0x18fbc0c8fdd7faa3f4fb72810a0c6360c1bb4bd6,BCH,0.867040787687852
0x18fbc0c8fdd7faa3f4fb72810a0c6360c1bb4bd6,BLUR,0.0977419076471326
0x18fbc0c8fdd7faa3f4fb72810a0c6360c1bb4bd6,BNB,0.962587962419564
0x18fbc0c8fdd7faa3f4fb72810a0c6360c1bb4bd6,BONK,0.529807325447115
0x18fbc0c8fdd7faa3f4fb72810a0c6360c1bb4bd6,BTC,0.934369760406064
0x18fbc0c8fdd7faa3f4fb72810a0c6360c1bb4bd6,C98,0.310384736236894
0x18fbc0c8fdd7faa3f4fb72810a0c6360c1bb4bd6,CAKE,0.802419453782966
0x18fbc0c8fdd7faa3f4fb72810a0c6360c1bb4bd6,COMP,0.29024343663508
0x18fbc0c8fdd7faa3f4fb72810a0c6360c1bb4bd6,CRV,0.767589807088058
0x18fbc0c8fdd7faa3f4fb72810a0c6360c1bb4bd6,CVX,0.179858952109756
0x18fbc0c8fdd7faa3f4fb72810a0c6360c1bb4bd6,DAI,0.691576341523856
0x18fbc0c8fdd7faa3f4fb72810a0c6360c1bb4bd6,DAO,0.157852251625335
0x18fbc0c8fdd7faa3f4fb72810a0c6360c1bb4bd6,DOGE,0.760594499047982
0x18fbc0c8fdd7faa3f4fb72810a0c6360c1bb4bd6,DOT,0.791333745904826
0x18fbc0c8fdd7faa3f4fb72810a0c6360c1bb4bd6,DYDX,0.0238578884319304
0x18fbc0c8fdd7faa3f4fb72810a0c6360c1bb4bd6,EOS,0.304197509174352
0x18fbc0c8fdd7faa3f4fb72810a0c6360c1bb4bd6,ETC,0.871109052940188
0x18fbc0c8fdd7faa3f4fb72810a0c6360c1bb4bd6,ETH,0.783754040547414
0x18fbc0c8fdd7faa3f4fb72810a0c6360c1bb4bd6,FET,0.439749827771699
0x18fbc0c8fdd7faa3f4fb72810a0c6360c1bb4bd6,FIL,0.100281338254922
0x18fbc0c8fdd7faa3f4fb72810a0c6360c1bb4bd6,FRAX,0.852096532831764
0x18fbc0c8fdd7faa3f4fb72810a0c6360c1bb4bd6,FTM,0.316774647139365
0x18fbc0c8fdd7faa3f4fb72810a0c6360c1bb4bd6,FXS,0.653551507851529
0x18fbc0c8fdd7faa3f4fb72810a0c6360c1bb4bd6,GRT,0.339175340350252
0x18fbc0c8fdd7faa3f4fb72810a0c6360c1bb4bd6,HAI,0.375758215387126
0x18fbc0c8fdd7faa3f4fb72810a0c6360c1bb4bd6,HERO,0.101737021335285
0x18fbc0c8fdd7faa3f4fb72810a0c6360c1bb4bd6,ICP,0.0064472725375062
0x18fbc0c8fdd7faa3f4fb72810a0c6360c1bb4bd6,IMX,0.413294525912729
0x18fbc0c8fdd7faa3f4fb72810a0c6360c1bb4bd6,INJ,0.643459998412356
0x18fbc0c8fdd7faa3f4fb72810a0c6360c1bb4bd6,LDO,0.477808829153606
0x18fbc0c8fdd7faa3f4fb72810a0c6360c1bb4bd6,LINK,0.875783252983421
0x18fbc0c8fdd7faa3f4fb72810a0c6360c1bb4bd6,LTC,0.932115761243244
0x18fbc0c8fdd7faa3f4fb72810a0c6360c1bb4bd6,MATIC,0.746443495484949
0x18fbc0c8fdd7faa3f4fb72810a0c6360c1bb4bd6,MAV,0.459318473780315
0x18fbc0c8fdd7faa3f4fb72810a0c6360c1bb4bd6,MBOX,0.557969386013573
0x18fbc0c8fdd7faa3f4fb72810a0c6360c1bb4bd6,MKR,0.411345606113566
0x18fbc0c8fdd7faa3f4fb72810a0c6360c1bb4bd6,MOON,0.659324078228885
0x18fbc0c8fdd7faa3f4fb72810a0c6360c1bb4bd6,NEAR,0.415823354950734
0x18fbc0c8fdd7faa3f4fb72810a0c6360c1bb4bd6,OP,0.539639620803004
0x18fbc0c8fdd7faa3f4fb72810a0c6360c1bb4bd6,PENDLE,0.301386505487325
0x18fbc0c8fdd7faa3f4fb72810a0c6360c1bb4bd6,PEPE,0.17198984916004
0x18fbc0c8fdd7faa3f4fb72810a0c6360c1bb4bd6,PERP,0.399905925847073
0x18fbc0c8fdd7faa3f4fb72810a0c6360c1bb4bd6,PIT,0.48561738606024
0x18fbc0c8fdd7faa3f4fb72810a0c6360c1bb4bd6,POLS,0.391980047698886
0x18fbc0c8fdd7faa3f4fb72810a0c6360c1bb4bd6,PYTH,0.274655648289258
0x18fbc0c8fdd7faa3f4fb72810a0c6360c1bb4bd6,QUACK,0.0506472123828656
0x18fbc0c8fdd7faa3f4fb72810a0c6360c1bb4bd6,RDNT,0.94674908420139
0x18fbc0c8fdd7faa3f4fb72810a0c6360c1bb4bd6,RNDR,0.632492396100851
0x18fbc0c8fdd7faa3f4fb72810a0c6360c1bb4bd6,RPL,0.390934873669923
0x18fbc0c8fdd7faa3f4fb72810a0c6360c1bb4bd6,RUNE,0.297945131551469
0x18fbc0c8fdd7faa3f4fb72810a0c6360c1bb4bd6,SFP,0.326558263915029
0x18fbc0c8fdd7faa3f4fb72810a0c6360c1bb4bd6,SFUND,0.0198811882601291
0x18fbc0c8fdd7faa3f4fb72810a0c6360c1bb4bd6,SHIB,0.711496203328453
0x18fbc0c8fdd7faa3f4fb72810a0c6360c1bb4bd6,SOL,0.942049187621686
0x18fbc0c8fdd7faa3f4fb72810a0c6360c1bb4bd6,STG,0.157209873617981
0x18fbc0c8fdd7faa3f4fb72810a0c6360c1bb4bd6,SUI,0.256091204854194
0x18fbc0c8fdd7faa3f4fb72810a0c6360c1bb4bd6,SUSHI,0.288937169472375
0x18fbc0c8fdd7faa3f4fb72810a0c6360c1bb4bd6,TIA,0.0389468945840525
0x18fbc0c8fdd7faa3f4fb72810a0c6360c1bb4bd6,TOKEN,0.586704773060837
0x18fbc0c8fdd7faa3f4fb72810a0c6360c1bb4bd6,TRX,0.948283609817847
0x18fbc0c8fdd7faa3f4fb72810a0c6360c1bb4bd6,UNI,0.503508582778716
0x18fbc0c8fdd7faa3f4fb72810a0c6360c1bb4bd6,USDT,0.984381397718817
0x18fbc0c8fdd7faa3f4fb72810a0c6360c1bb4bd6,XLM,0.573802731911853
0x18fbc0c8fdd7faa3f4fb72810a0c6360c1bb4bd6,XMR,0.353608287389217
0x18fbc0c8fdd7faa3f4fb72810a0c6360c1bb4bd6,XRP,0.964383011210728
0x18fbc0c8fdd7faa3f4fb72810a0c6360c1bb4bd6,XTZ,0.38637593175495
0x18fbc0c8fdd7faa3f4fb72810a0c6360c1bb4bd6,XVS,0.145975885103284
0x18fbc0c8fdd7faa3f4fb72810a0c6360c1bb4bd6,YFI,0.54593699928583
0x1b1d704cfd260f0eeca05d495d4818ebeac2922f,AAVE,0.0
0x1b1d704cfd260f0eeca05d495d4818ebeac2922f,ADA,0.0
0x1b1d704cfd260f0eeca05d495d4818ebeac2922f,ALGO,0.0
0x1b1d704cfd260f0eeca05d495d4818ebeac2922f,APE,-0.0625
0x1b1d704cfd260f0eeca05d495d4818ebeac2922f,APT,0.0
0x1b1d704cfd260f0eeca05d495d4818ebeac2922f,ATOM,0.0625
0x1b1d704cfd260f0eeca05d495d4818ebeac2922f,AVAX,0.0
0x1b1d704cfd260f0eeca05d495d4818ebeac2922f,AXS,0.0
0x1b1d704cfd260f0eeca05d495d4818ebeac2922f,BAL,0.0
0x1b1d704cfd260f0eeca05d495d4818ebeac2922f,BCH,0.0
0x1b1d704cfd260f0eeca05d495d4818ebeac2922f,BLUR,-0.0625
0x1b1d704cfd260f0eeca05d495d4818ebeac2922f,BNB,0.0625
0x1b1d704cfd260f0eeca05d495d4818ebeac2922f,BONK,0.0
0x1b1d704cfd260f0eeca05d495d4818ebeac2922f,BTC,0.0
0x1b1d704cfd260f0eeca05d495d4818ebeac2922f,C98,0.0
0x1b1d704cfd260f0eeca05d495d4818ebeac2922f,CAKE,0.0625
0x1b1d704cfd260f0eeca05d495d4818ebeac2922f,COMP,0.0
0x1b1d704cfd260f0eeca05d495d4818ebeac2922f,CRV,0.0625
0x1b1d704cfd260f0eeca05d495d4818ebeac2922f,CVX,0.0
0x1b1d704cfd260f0eeca05d495d4818ebeac2922f,DAI,0.0
0x1b1d704cfd260f0eeca05d495d4818ebeac2922f,DAO,0.0
0x1b1d704cfd260f0eeca05d495d4818ebeac2922f,DOGE,0.0
0x1b1d704cfd260f0eeca05d495d4818ebeac2922f,DOT,0.0
0x1b1d704cfd260f0eeca05d495d4818ebeac2922f,DYDX,0.0
0x1b1d704cfd260f0eeca05d495d4818ebeac2922f,EOS,0.0
0x1b1d704cfd260f0eeca05d495d4818ebeac2922f,ETC,0.0625
0x1b1d704cfd260f0eeca05d495d4818ebeac2922f,ETH,0.0
0x1b1d704cfd260f0eeca05d495d4818ebeac2922f,FET,0.0
0x1b1d704cfd260f0eeca05d495d4818ebeac2922f,FIL,0.0
0x1b1d704cfd260f0eeca05d495d4818ebeac2922f,FRAX,0.0
0x1b1d704cfd260f0eeca05d495d4818ebeac2922f,FTM,0.0
0x1b1d704cfd260f0eeca05d495d4818ebeac2922f,FXS,0.0
0x1b1d704cfd260f0eeca05d495d4818ebeac2922f,GRT,0.0
0x1b1d704cfd260f0eeca05d495d4818ebeac2922f,HAI,0.0
0x1b1d704cfd260f0eeca05d495d4818ebeac2922f,HERO,0.0
0x1b1d704cfd260f0eeca05d495d4818ebeac2922f,ICP,-0.0625
0x1b1d704cfd260f0eeca05d495d4818ebeac2922f,IMX,0.0
0x1b1d704cfd260f0eeca05d495d4818ebeac2922f,INJ,0.0
0x1b1d704cfd260f0eeca05d495d4818ebeac2922f,LDO,0.0
0x1b1d704cfd260f0eeca05d495d4818ebeac2922f,LINK,0.0
0x1b1d704cfd260f0eeca05d495d4818ebeac2922f,LTC,0.0
0x1b1d704cfd260f0eeca05d495d4818ebeac2922f,MATIC,0.0
0x1b1d704cfd260f0eeca05d495d4818ebeac2922f,MAV,0.0
0x1b1d704cfd260f0eeca05d495d4818ebeac2922f,MBOX,0.0
0x1b1d704cfd260f0eeca05d495d4818ebeac2922f,MKR,0.0
0x1b1d704cfd260f0eeca05d495d4818ebeac2922f,MOON,0.0
0x1b1d704cfd260f0eeca05d495d4818ebeac2922f,NEAR,0.0
0x1b1d704cfd260f0eeca05d495d4818ebeac2922f,OP,-0.0625
0x1b1d704cfd260f0eeca05d495d4818ebeac2922f,PENDLE,-0.0625
0x1b1d704cfd260f0eeca05d495d4818ebeac2922f,PEPE,0.0
0x1b1d704cfd260f0eeca05d495d4818ebeac2922f,PERP,0.0
0x1b1d704cfd260f0eeca05d495d4818ebeac2922f,PIT,0.0
0x1b1d704cfd260f0eeca05d495d4818ebeac2922f,POLS,0.0
0x1b1d704cfd260f0eeca05d495d4818ebeac2922f,PYTH,-0.0625
0x1b1d704cfd260f0eeca05d495d4818ebeac2922f,QUACK,0.0
0x1b1d704cfd260f0eeca05d495d4818ebeac2922f,RDNT,0.0
0x1b1d704cfd260f0eeca05d495d4818ebeac2922f,RNDR,0.0
0x1b1d704cfd260f0eeca05d495d4818ebeac2922f,RPL,0.0
0x1b1d704cfd260f0eeca05d495d4818ebeac2922f,RUNE,0.0
0x1b1d704cfd260f0eeca05d495d4818ebeac2922f,SFP,0.0
0x1b1d704cfd260f0eeca05d495d4818ebeac2922f,SFUND,0.0
0x1b1d704cfd260f0eeca05d495d4818ebeac2922f,SHIB,0.0
0x1b1d704cfd260f0eeca05d495d4818ebeac2922f,SOL,0.0
0x1b1d704cfd260f0eeca05d495d4818ebeac2922f,STG,0.0
0x1b1d704cfd260f0eeca05d495d4818ebeac2922f,SUI,-0.0625
0x1b1d704cfd260f0eeca05d495d4818ebeac2922f,SUSHI,0.0
0x1b1d704cfd260f0eeca05d495d4818ebeac2922f,TIA,-0.0625
0x1b1d704cfd260f0eeca05d495d4818ebeac2922f,TOKEN,0.0
0x1b1d704cfd260f0eeca05d495d4818ebeac2922f,TRX,0.0625
0x1b1d704cfd260f0eeca05d495d4818ebeac2922f,UNI,0.0
0x1b1d704cfd260f0eeca05d495d4818ebeac2922f,USDT,0.0
0x1b1d704cfd260f0eeca05d495d4818ebeac2922f,XLM,0.0
0x1b1d704cfd260f0eeca05d495d4818ebeac2922f,XMR,0.0625
0x1b1d704cfd260f0eeca05d495d4818ebeac2922f,XRP,0.0
0x1b1d704cfd260f0eeca05d495d4818ebeac2922f,XTZ,0.0
0x1b1d704cfd260f0eeca05d495d4818ebeac2922f,XVS,0.0
0x1b1d704cfd260f0eeca05d495d4818ebeac2922f,YFI,0.0625
0x1be48b2b7594fe7e47701bc7e7bb83beaf84ecc0,AAVE,0.026475338
0x1be48b2b7594fe7e47701bc7e7bb83beaf84ecc0,ADA,-0.00023307597
0x1be48b2b7594fe7e47701bc7e7bb83beaf84ecc0,ALGO,-0.012235071
0x1be48b2b7594fe7e47701bc7e7bb83beaf84ecc0,APE,-0.057198383
0x1be48b2b7594fe7e47701bc7e7bb83beaf84ecc0,APT,-0.010641946
0x1be48b2b7594fe7e47701bc7e7bb83beaf84ecc0,ATOM,-0.030889839
0x1be48b2b7594fe7e47701bc7e7bb83beaf84ecc0,AVAX,-0.0047557545
0x1be48b2b7594fe7e47701bc7e7bb83beaf84ecc0,AXS,-0.033388965
0x1be48b2b7594fe7e47701bc7e7bb83beaf84ecc0,BAL,-0.018442858
0x1be48b2b7594fe7e47701bc7e7bb83beaf84ecc0,BCH,0.010858993
0x1be48b2b7594fe7e47701bc7e7bb83beaf84ecc0,BLUR,-0.061378438
0x1be48b2b7594fe7e47701bc7e7bb83beaf84ecc0,BNB,0.008904486
0x1be48b2b7594fe7e47701bc7e7bb83beaf84ecc0,BONK,-0.03664305
0x1be48b2b7594fe7e47701bc7e7bb83beaf84ecc0,BTC,-0.007130746
0x1be48b2b7594fe7e47701bc7e7bb83beaf84ecc0,C98,-0.04164376
0x1be48b2b7594fe7e47701bc7e7bb83beaf84ecc0,CAKE,0.020209795
0x1be48b2b7594fe7e47701bc7e7bb83beaf84ecc0,COMP,-0.00085005385
0x1be48b2b7594fe7e47701bc7e7bb83beaf84ecc0,CRV,-0.02519434
0x1be48b2b7594fe7e47701bc7e7bb83beaf84ecc0,CVX,-0.035973877
0x1be48b2b7594fe7e47701bc7e7bb83beaf84ecc0,DAI,-0.01748604
0x1be48b2b7594fe7e47701bc7e7bb83beaf84ecc0,DAO,-0.023559928
0x1be48b2b7594fe7e47701bc7e7bb83beaf84ecc0,DOGE,-0.015095076
0x1be48b2b7594fe7e47701bc7e7bb83beaf84ecc0,DOT,-0.032792866
0x1be48b2b7594fe7e47701bc7e7bb83beaf84ecc0,DYDX,-0.046920557
0x1be48b2b7594fe7e47701bc7e7bb83beaf84ecc0,EOS,-0.049740557
0x1be48b2b7594fe7e47701bc7e7bb83beaf84ecc0,ETC,0.024612509
0x1be48b2b7594fe7e47701bc7e7bb83beaf84ecc0,ETH,0.013404634
0x1be48b2b7594fe7e47701bc7e7bb83beaf84ecc0,FET,-0.057334628
0x1be48b2b7594fe7e47701bc7e7bb83beaf84ecc0,FIL,-0.026460709
0x1be48b2b7594fe7e47701bc7e7bb83beaf84ecc0,FRAX,-0.034004368
0x1be48b2b7594fe7e47701bc7e7bb83beaf84ecc0,FTM,-0.0012750255
0x1be48b2b7594fe7e47701bc7e7bb83beaf84ecc0,FXS,-0.052581355
0x1be48b2b7594fe7e47701bc7e7bb83beaf84ecc0,GRT,-0.018529428
0x1be48b2b7594fe7e47701bc7e7bb83beaf84ecc0,HAI,-0.03291695
0x1be48b2b7594fe7e47701bc7e7bb83beaf84ecc0,HERO,-0.044343878
0x1be48b2b7594fe7e47701bc7e7bb83beaf84ecc0,ICP,-0.07043919
0x1be48b2b7594fe7e47701bc7e7bb83beaf84ecc0,IMX,-0.03422031
0x1be48b2b7594fe7e47701bc7e7bb83beaf84ecc0,INJ,-0.0075592385
0x1be48b2b7594fe7e47701bc7e7bb83beaf84ecc0,LDO,-0.021369077
0x1be48b2b7594fe7e47701bc7e7bb83beaf84ecc0,LINK,-0.007948925
0x1be48b2b7594fe7e47701bc7e7bb83beaf84ecc0,LTC,-0.010692917
0x1be48b2b7594fe7e47701bc7e7bb83beaf84ecc0,MATIC,-0.030309506
0x1be48b2b7594fe7e47701bc7e7bb83beaf84ecc0,MAV,-0.04222166
0x1be48b2b7594fe7e47701bc7e7bb83beaf84ecc0,MBOX,-0.04447477
0x1be48b2b7594fe7e47701bc7e7bb83beaf84ecc0,MKR,-0.028856244
0x1be48b2b7594fe7e47701bc7e7bb83beaf84ecc0,MOON,-0.054986138
0x1be48b2b7594fe7e47701bc7e7bb83beaf84ecc0,NEAR,-0.03238113
0x1be48b2b7594fe7e47701bc7e7bb83beaf84ecc0,OP,-0.056051467
0x1be48b2b7594fe7e47701bc7e7bb83beaf84ecc0,PENDLE,-0.026832707
0x1be48b2b7594fe7e47701bc7e7bb83beaf84ecc0,PEPE,-0.044870976
0x1be48b2b7594fe7e47701bc7e7bb83beaf84ecc0,PERP,-0.027502941
0x1be48b2b7594fe7e47701bc7e7bb83beaf84ecc0,PIT,-0.045423966
0x1be48b2b7594fe7e47701bc7e7bb83beaf84ecc0,POLS,-0.0412537
0x1be48b2b7594fe7e47701bc7e7bb83beaf84ecc0,PYTH,-0.04771464
0x1be48b2b7594fe7e47701bc7e7bb83beaf84ecc0,QUACK,-0.004813083
0x1be48b2b7594fe7e47701bc7e7bb83beaf84ecc0,RDNT,-0.044719458
0x1be48b2b7594fe7e47701bc7e7bb83beaf84ecc0,RNDR,-0.021508195
0x1be48b2b7594fe7e47701bc7e7bb83beaf84ecc0,RPL,-0.04465756
0x1be48b2b7594fe7e47701bc7e7bb83beaf84ecc0,RUNE,-0.019835511
0x1be48b2b7594fe7e47701bc7e7bb83beaf84ecc0,SFP,-0.023555856
0x1be48b2b7594fe7e47701bc7e7bb83beaf84ecc0,SFUND,-0.09180044
0x1be48b2b7594fe7e47701bc7e7bb83beaf84ecc0,SHIB,0.0000051439497
0x1be48b2b7594fe7e47701bc7e7bb83beaf84ecc0,SOL,0.007892681
0x1be48b2b7594fe7e47701bc7e7bb83beaf84ecc0,STG,-0.03506791
0x1be48b2b7594fe7e47701bc7e7bb83beaf84ecc0,SUI,-0.020886812
0x1be48b2b7594fe7e47701bc7e7bb83beaf84ecc0,SUSHI,-0.021642378
0x1be48b2b7594fe7e47701bc7e7bb83beaf84ecc0,TIA,-0.034130085
0x1be48b2b7594fe7e47701bc7e7bb83beaf84ecc0,TOKEN,-0.053931817
0x1be48b2b7594fe7e47701bc7e7bb83beaf84ecc0,TRX,0.00014426785
0x1be48b2b7594fe7e47701bc7e7bb83beaf84ecc0,UNI,0.0024007496
0x1be48b2b7594fe7e47701bc7e7bb83beaf84ecc0,USDT,0.00029428114
0x1be48b2b7594fe7e47701bc7e7bb83beaf84ecc0,XLM,-0.019827733
0x1be48b2b7594fe7e47701bc7e7bb83beaf84ecc0,XMR,0.0013795013
0x1be48b2b7594fe7e47701bc7e7bb83beaf84ecc0,XRP,0.0052524973
0x1be48b2b7594fe7e47701bc7e7bb83beaf84ecc0,XTZ,-0.023921283
0x1be48b2b7594fe7e47701bc7e7bb83beaf84ecc0,XVS,-0.03302942
0x1be48b2b7594fe7e47701bc7e7bb83beaf84ecc0,YFI,-0.03203997
0x1bfb6731ff80e75bf84bfe40a108723c5eb23d4f,AAVE,0.009269838
0x1bfb6731ff80e75bf84bfe40a108723c5eb23d4f,ADA,-0.011385955
0x1bfb6731ff80e75bf84bfe40a108723c5eb23d4f,ALGO,-0.010308682
0x1bfb6731ff80e75bf84bfe40a108723c5eb23d4f,APE,-0.04921417
0x1bfb6731ff80e75bf84bfe40a108723c5eb23d4f,APT,0.009190839
0x1bfb6731ff80e75bf84bfe40a108723c5eb23d4f,ATOM,-0.010686345
0x1bfb6731ff80e75bf84bfe40a108723c5eb23d4f,AVAX,-0.0042735324
0x1bfb6731ff80e75bf84bfe40a108723c5eb23d4f,AXS,-0.0076233423
0x1bfb6731ff80e75bf84bfe40a108723c5eb23d4f,BAL,-0.006392177
0x1bfb6731ff80e75bf84bfe40a108723c5eb23d4f,BCH,0.014268622
0x1bfb6731ff80e75bf84bfe40a108723c5eb23d4f,BLUR,-0.034275964
0x1bfb6731ff80e75bf84bfe40a108723c5eb23d4f,BNB,0.015937965
0x1bfb6731ff80e75bf84bfe40a108723c5eb23d4f,BONK,-0.013806643
0x1bfb6731ff80e75bf84bfe40a108723c5eb23d4f,BTC,-0.012653071
0x1bfb6731ff80e75bf84bfe40a108723c5eb23d4f,C98,-0.025188912
0x1bfb6731ff80e75bf84bfe40a108723c5eb23d4f,CAKE,0.05754698
0x1bfb6731ff80e75bf84bfe40a108723c5eb23d4f,COMP,-0.016088441
0x1bfb6731ff80e75bf84bfe40a108723c5eb23d4f,CRV,-0.026153482
0x1bfb6731ff80e75bf84bfe40a108723c5eb23d4f,CVX,-0.03486801
0x1bfb6731ff80e75bf84bfe40a108723c5eb23d4f,DAI,-0.05538999
0x1bfb6731ff80e75bf84bfe40a108723c5eb23d4f,DAO,-0.0028780187
0x1bfb6731ff80e75bf84bfe40a108723c5eb23d4f,DOGE,-0.00072083017
0x1bfb6731ff80e75bf84bfe40a108723c5eb23d4f,DOT,0.0009368878
0x1bfb6731ff80e75bf84bfe40a108723c5eb23d4f,DYDX,-0.021347305
0x1bfb6731ff80e75bf84bfe40a108723c5eb23d4f,EOS,-0.015911797
0x1bfb6731ff80e75bf84bfe40a108723c5eb23d4f,ETC,0.039222065
0x1bfb6731ff80e75bf84bfe40a108723c5eb23d4f,ETH,0.008924131
0x1bfb6731ff80e75bf84bfe40a108723c5eb23d4f,FET,-0.020746998
0x1bfb6731ff80e75bf84bfe40a108723c5eb23d4f,FIL,-0.006002681
0x1bfb6731ff80e75bf84bfe40a108723c5eb23d4f,FRAX,-0.038455058
0x1bfb6731ff80e75bf84bfe40a108723c5eb23d4f,FTM,-0.012270099
0x1bfb6731ff80e75bf84bfe40a108723c5eb23d4f,FXS,-0.04076161
0x1bfb6731ff80e75bf84bfe40a108723c5eb23d4f,GRT,-0.004365015
0x1bfb6731ff80e75bf84bfe40a108723c5eb23d4f,HAI,-0.02729744
0x1bfb6731ff80e75bf84bfe40a108723c5eb23d4f,HERO,-0.0345039
0x1bfb6731ff80e75bf84bfe40a108723c5eb23d4f,ICP,-0.038482156
0x1bfb6731ff80e75bf84bfe40a108723c5eb23d4f,IMX,-0.0007071242
0x1bfb6731ff80e75bf84bfe40a108723c5eb23d4f,INJ,0.004442001
0x1bfb6731ff80e75bf84bfe40a108723c5eb23d4f,LDO,-0.015605584
0x1bfb6731ff80e75bf84bfe40a108723c5eb23d4f,LINK,0.01956594
0x1bfb6731ff80e75bf84bfe40a108723c5eb23d4f,LTC,-0.005512179
0x1bfb6731ff80e75bf84bfe40a108723c5eb23d4f,MATIC,-0.02700777
0x1bfb6731ff80e75bf84bfe40a108723c5eb23d4f,MAV,-0.035415545
0x1bfb6731ff80e75bf84bfe40a108723c5eb23d4f,MBOX,-0.028504673
0x1bfb6731ff80e75bf84bfe40a108723c5eb23d4f,MKR,-0.00091111794
0x1bfb6731ff80e75bf84bfe40a108723c5eb23d4f,MOON,-0.0037217133
0x1bfb6731ff80e75bf84bfe40a108723c5eb23d4f,NEAR,-0.009135743
0x1bfb6731ff80e75bf84bfe40a108723c5eb23d4f,OP,-0.037436478
0x1bfb6731ff80e75bf84bfe40a108723c5eb23d4f,PENDLE,-0.040446308
0x1bfb6731ff80e75bf84bfe40a108723c5eb23d4f,PEPE,-0.01008247
0x1bfb6731ff80e75bf84bfe40a108723c5eb23d4f,PERP,-0.025686195
0x1bfb6731ff80e75bf84bfe40a108723c5eb23d4f,PIT,-0.02520595
0x1bfb6731ff80e75bf84bfe40a108723c5eb23d4f,POLS,-0.024366556
0x1bfb6731ff80e75bf84bfe40a108723c5eb23d4f,PYTH,-0.008299748
0x1bfb6731ff80e75bf84bfe40a108723c5eb23d4f,QUACK,-0.039202157
0x1bfb6731ff80e75bf84bfe40a108723c5eb23d4f,RDNT,-0.02809893
0x1bfb6731ff80e75bf84bfe40a108723c5eb23d4f,RNDR,0.0006445348
0x1bfb6731ff80e75bf84bfe40a108723c5eb23d4f,RPL,-0.016992236
0x1bfb6731ff80e75bf84bfe40a108723c5eb23d4f,RUNE,-0.017608285
0x1bfb6731ff80e75bf84bfe40a108723c5eb23d4f,SFP,-0.01794599
0x1bfb6731ff80e75bf84bfe40a108723c5eb23d4f,SFUND,-0.048700083
0x1bfb6731ff80e75bf84bfe40a108723c5eb23d4f,SHIB,0.008316283
0x1bfb6731ff80e75bf84bfe40a108723c5eb23d4f,SOL,-0.0016041654
0x1bfb6731ff80e75bf84bfe40a108723c5eb23d4f,STG,-0.0214107
0x1bfb6731ff80e75bf84bfe40a108723c5eb23d4f,SUI,-0.03305703
0x1bfb6731ff80e75bf84bfe40a108723c5eb23d4f,SUSHI,-0.007312868
0x1bfb6731ff80e75bf84bfe40a108723c5eb23d4f,TIA,-0.019113788
0x1bfb6731ff80e75bf84bfe40a108723c5eb23d4f,TOKEN,-0.03432213
0x1bfb6731ff80e75bf84bfe40a108723c5eb23d4f,TRX,0.022033062
0x1bfb6731ff80e75bf84bfe40a108723c5eb23d4f,UNI,-0.01847927
0x1bfb6731ff80e75bf84bfe40a108723c5eb23d4f,USDT,-0.027987435
0x1bfb6731ff80e75bf84bfe40a108723c5eb23d4f,XLM,-0.010734031
0x1bfb6731ff80e75bf84bfe40a108723c5eb23d4f,XMR,-0.0003888622
0x1bfb6731ff80e75bf84bfe40a108723c5eb23d4f,XRP,0.029455258
0x1bfb6731ff80e75bf84bfe40a108723c5eb23d4f,XTZ,-0.009053951
0x1bfb6731ff80e75bf84bfe40a108723c5eb23d4f,XVS,-0.016902102
0x1bfb6731ff80e75bf84bfe40a108723c5eb23d4f,YFI,-0.0037512807
0x1ddbf0ae77f367e99e38398d9694d8ea86d003f3,AAVE,-1.6041018938839156
0x1ddbf0ae77f367e99e38398d9694d8ea86d003f3,ADA,-1.6041018938839156
0x1ddbf0ae77f367e99e38398d9694d8ea86d003f3,ALGO,-1.6041018938839156
0x1ddbf0ae77f367e99e38398d9694d8ea86d003f3,APE,-1.6041018938839156
0x1ddbf0ae77f367e99e38398d9694d8ea86d003f3,APT,-1.6041018938839156
0x1ddbf0ae77f367e99e38398d9694d8ea86d003f3,ATOM,-1.6041018938839156
0x1ddbf0ae77f367e99e38398d9694d8ea86d003f3,AVAX,-1.6041018938839156
0x1ddbf0ae77f367e99e38398d9694d8ea86d003f3,AXS,-1.6041018938839156
0x1ddbf0ae77f367e99e38398d9694d8ea86d003f3,BAL,-1.6041018938839156
0x1ddbf0ae77f367e99e38398d9694d8ea86d003f3,BCH,-1.6041018938839156
0x1ddbf0ae77f367e99e38398d9694d8ea86d003f3,BLUR,-1.6041018938839156
0x1ddbf0ae77f367e99e38398d9694d8ea86d003f3,BNB,-1.6041018938839156
0x1ddbf0ae77f367e99e38398d9694d8ea86d003f3,BONK,-1.6041018938839156
0x1ddbf0ae77f367e99e38398d9694d8ea86d003f3,BTC,-1.6041018938839156
0x1ddbf0ae77f367e99e38398d9694d8ea86d003f3,C98,-1.6041018938839156
0x1ddbf0ae77f367e99e38398d9694d8ea86d003f3,CAKE,-1.6041018938839156
0x1ddbf0ae77f367e99e38398d9694d8ea86d003f3,COMP,-1.6041018938839156
0x1ddbf0ae77f367e99e38398d9694d8ea86d003f3,CRV,-1.6041018938839156
0x1ddbf0ae77f367e99e38398d9694d8ea86d003f3,CVX,-1.6041018938839156
0x1ddbf0ae77f367e99e38398d9694d8ea86d003f3,DAI,-1.6041018938839156
0x1ddbf0ae77f367e99e38398d9694d8ea86d003f3,DAO,-1.6041018938839156
0x1ddbf0ae77f367e99e38398d9694d8ea86d003f3,DOGE,-1.6041018938839156
0x1ddbf0ae77f367e99e38398d9694d8ea86d003f3,DOT,9.293770978606748
0x1ddbf0ae77f367e99e38398d9694d8ea86d003f3,DYDX,-1.6041018938839156
0x1ddbf0ae77f367e99e38398d9694d8ea86d003f3,EOS,-1.6041018938839156
0x1ddbf0ae77f367e99e38398d9694d8ea86d003f3,ETC,-1.6041018938839156
0x1ddbf0ae77f367e99e38398d9694d8ea86d003f3,ETH,-1.6041018938839156
0x1ddbf0ae77f367e99e38398d9694d8ea86d003f3,FET,-1.6041018938839156
0x1ddbf0ae77f367e99e38398d9694d8ea86d003f3,FIL,-1.6041018938839156
0x1ddbf0ae77f367e99e38398d9694d8ea86d003f3,FRAX,-1.6041018938839156
0x1ddbf0ae77f367e99e38398d9694d8ea86d003f3,FTM,-1.6041018938839156
0x1ddbf0ae77f367e99e38398d9694d8ea86d003f3,FXS,-1.6041018938839156
0x1ddbf0ae77f367e99e38398d9694d8ea86d003f3,GRT,-1.6041018938839156
0x1ddbf0ae77f367e99e38398d9694d8ea86d003f3,HAI,-1.6041018938839156
0x1ddbf0ae77f367e99e38398d9694d8ea86d003f3,HERO,-1.6041018938839156
0x1ddbf0ae77f367e99e38398d9694d8ea86d003f3,ICP,-1.6041018938839156
0x1ddbf0ae77f367e99e38398d9694d8ea86d003f3,IMX,-1.6041018938839156
0x1ddbf0ae77f367e99e38398d9694d8ea86d003f3,INJ,-1.6041018938839156
0x1ddbf0ae77f367e99e38398d9694d8ea86d003f3,LDO,-1.6041018938839156
0x1ddbf0ae77f367e99e38398d9694d8ea86d003f3,LINK,-1.6041018938839156
0x1ddbf0ae77f367e99e38398d9694d8ea86d003f3,LTC,-1.6041018938839156
0x1ddbf0ae77f367e99e38398d9694d8ea86d003f3,MATIC,-1.6041018938839156
0x1ddbf0ae77f367e99e38398d9694d8ea86d003f3,MAV,-1.6041018938839156
0x1ddbf0ae77f367e99e38398d9694d8ea86d003f3,MBOX,-1.6041018938839156
0x1ddbf0ae77f367e99e38398d9694d8ea86d003f3,MKR,-1.6041018938839156
0x1ddbf0ae77f367e99e38398d9694d8ea86d003f3,MOON,-1.6041018938839156
0x1ddbf0ae77f367e99e38398d9694d8ea86d003f3,NEAR,-1.6041018938839156
0x1ddbf0ae77f367e99e38398d9694d8ea86d003f3,OP,-1.6041018938839156
0x1ddbf0ae77f367e99e38398d9694d8ea86d003f3,PENDLE,-1.6041018938839156
0x1ddbf0ae77f367e99e38398d9694d8ea86d003f3,PEPE,-1.6041018938839156
0x1ddbf0ae77f367e99e38398d9694d8ea86d003f3,PERP,-1.6041018938839156
0x1ddbf0ae77f367e99e38398d9694d8ea86d003f3,PIT,-1.6041018938839156
0x1ddbf0ae77f367e99e38398d9694d8ea86d003f3,POLS,-1.6041018938839156
0x1ddbf0ae77f367e99e38398d9694d8ea86d003f3,PYTH,-1.6041018938839156
0x1ddbf0ae77f367e99e38398d9694d8ea86d003f3,QUACK,0.67540383625593
0x1ddbf0ae77f367e99e38398d9694d8ea86d003f3,RDNT,-1.6041018938839156
0x1ddbf0ae77f367e99e38398d9694d8ea86d003f3,RNDR,-1.6041018938839156
0x1ddbf0ae77f367e99e38398d9694d8ea86d003f3,RPL,-1.6041018938839156
0x1ddbf0ae77f367e99e38398d9694d8ea86d003f3,RUNE,-1.6041018938839156
0x1ddbf0ae77f367e99e38398d9694d8ea86d003f3,SFP,-1.6041018938839156
0x1ddbf0ae77f367e99e38398d9694d8ea86d003f3,SFUND,-1.6041018938839156
0x1ddbf0ae77f367e99e38398d9694d8ea86d003f3,SHIB,-1.6041018938839156
0x1ddbf0ae77f367e99e38398d9694d8ea86d003f3,SOL,-1.6041018938839156
0x1ddbf0ae77f367e99e38398d9694d8ea86d003f3,STG,-1.6041018938839156
0x1ddbf0ae77f367e99e38398d9694d8ea86d003f3,SUI,-1.6041018938839156
0x1ddbf0ae77f367e99e38398d9694d8ea86d003f3,SUSHI,-1.6041018938839156
0x1ddbf0ae77f367e99e38398d9694d8ea86d003f3,TIA,-1.6041018938839156
0x1ddbf0ae77f367e99e38398d9694d8ea86d003f3,TOKEN,-1.6041018938839156
0x1ddbf0ae77f367e99e38398d9694d8ea86d003f3,TRX,-1.6041018938839156
0x1ddbf0ae77f367e99e38398d9694d8ea86d003f3,UNI,-1.6041018938839156
0x1ddbf0ae77f367e99e38398d9694d8ea86d003f3,USDT,-1.6041018938839156
0x1ddbf0ae77f367e99e38398d9694d8ea86d003f3,XLM,-1.6041018938839156
0x1ddbf0ae77f367e99e38398d9694d8ea86d003f3,XMR,-1.6041018938839156
0x1ddbf0ae77f367e99e38398d9694d8ea86d003f3,XRP,-1.6041018938839156
0x1ddbf0ae77f367e99e38398d9694d8ea86d003f3,XTZ,-1.6041018938839156
0x1ddbf0ae77f367e99e38398d9694d8ea86d003f3,XVS,-1.6041018938839156
0x1ddbf0ae77f367e99e38398d9694d8ea86d003f3,YFI,-1.6041018938839156
0x1e2e7903fb871f38362a8760871d1648eaa12536,AAVE,0.0
0x1e2e7903fb871f38362a8760871d1648eaa12536,ADA,0.0
0x1e2e7903fb871f38362a8760871d1648eaa12536,ALGO,0.0
0x1e2e7903fb871f38362a8760871d1648eaa12536,APE,0.0
0x1e2e7903fb871f38362a8760871d1648eaa12536,APT,0.0
0x1e2e7903fb871f38362a8760871d1648eaa12536,ATOM,0.0
0x1e2e7903fb871f38362a8760871d1648eaa12536,AVAX,0.0
0x1e2e7903fb871f38362a8760871d1648eaa12536,AXS,0.0
0x1e2e7903fb871f38362a8760871d1648eaa12536,BAL,0.0
0x1e2e7903fb871f38362a8760871d1648eaa12536,BCH,0.0
0x1e2e7903fb871f38362a8760871d1648eaa12536,BLUR,0.0
0x1e2e7903fb871f38362a8760871d1648eaa12536,BNB,0.1
0x1e2e7903fb871f38362a8760871d1648eaa12536,BONK,-0.1
0x1e2e7903fb871f38362a8760871d1648eaa12536,BTC,0.1
0x1e2e7903fb871f38362a8760871d1648eaa12536,C98,0.0
0x1e2e7903fb871f38362a8760871d1648eaa12536,CAKE,0.0
0x1e2e7903fb871f38362a8760871d1648eaa12536,COMP,0.0
0x1e2e7903fb871f38362a8760871d1648eaa12536,CRV,0.0
0x1e2e7903fb871f38362a8760871d1648eaa12536,CVX,0.0
0x1e2e7903fb871f38362a8760871d1648eaa12536,DAI,0.0
0x1e2e7903fb871f38362a8760871d1648eaa12536,DAO,0.0
0x1e2e7903fb871f38362a8760871d1648eaa12536,DOGE,0.0
0x1e2e7903fb871f38362a8760871d1648eaa12536,DOT,0.0
0x1e2e7903fb871f38362a8760871d1648eaa12536,DYDX,-0.1
0x1e2e7903fb871f38362a8760871d1648eaa12536,EOS,0.0
0x1e2e7903fb871f38362a8760871d1648eaa12536,ETC,0.0
0x1e2e7903fb871f38362a8760871d1648eaa12536,ETH,0.1
0x1e2e7903fb871f38362a8760871d1648eaa12536,FET,0.0
0x1e2e7903fb871f38362a8760871d1648eaa12536,FIL,0.0
0x1e2e7903fb871f38362a8760871d1648eaa12536,FRAX,0.0
0x1e2e7903fb871f38362a8760871d1648eaa12536,FTM,0.0
0x1e2e7903fb871f38362a8760871d1648eaa12536,FXS,0.0
0x1e2e7903fb871f38362a8760871d1648eaa12536,GRT,0.0
0x1e2e7903fb871f38362a8760871d1648eaa12536,HAI,0.0
0x1e2e7903fb871f38362a8760871d1648eaa12536,HERO,0.0
0x1e2e7903fb871f38362a8760871d1648eaa12536,ICP,-0.1
0x1e2e7903fb871f38362a8760871d1648eaa12536,IMX,0.0
0x1e2e7903fb871f38362a8760871d1648eaa12536,INJ,0.0
0x1e2e7903fb871f38362a8760871d1648eaa12536,LDO,0.0
0x1e2e7903fb871f38362a8760871d1648eaa12536,LINK,0.0
0x1e2e7903fb871f38362a8760871d1648eaa12536,LTC,0.0
0x1e2e7903fb871f38362a8760871d1648eaa12536,MATIC,0.0
0x1e2e7903fb871f38362a8760871d1648eaa12536,MAV,0.0
0x1e2e7903fb871f38362a8760871d1648eaa12536,MBOX,0.0
0x1e2e7903fb871f38362a8760871d1648eaa12536,MKR,0.0
0x1e2e7903fb871f38362a8760871d1648eaa12536,MOON,0.0
0x1e2e7903fb871f38362a8760871d1648eaa12536,NEAR,0.0
0x1e2e7903fb871f38362a8760871d1648eaa12536,OP,0.0
0x1e2e7903fb871f38362a8760871d1648eaa12536,PENDLE,-0.1
0x1e2e7903fb871f38362a8760871d1648eaa12536,PEPE,0.0
0x1e2e7903fb871f38362a8760871d1648eaa12536,PERP,0.0
0x1e2e7903fb871f38362a8760871d1648eaa12536,PIT,0.0
0x1e2e7903fb871f38362a8760871d1648eaa12536,POLS,0.1
0x1e2e7903fb871f38362a8760871d1648eaa12536,PYTH,0.0
0x1e2e7903fb871f38362a8760871d1648eaa12536,QUACK,0.0
0x1e2e7903fb871f38362a8760871d1648eaa12536,RDNT,0.0
0x1e2e7903fb871f38362a8760871d1648eaa12536,RNDR,0.0
0x1e2e7903fb871f38362a8760871d1648eaa12536,RPL,0.1
0x1e2e7903fb871f38362a8760871d1648eaa12536,RUNE,0.0
0x1e2e7903fb871f38362a8760871d1648eaa12536,SFP,0.0
0x1e2e7903fb871f38362a8760871d1648eaa12536,SFUND,0.0
0x1e2e7903fb871f38362a8760871d1648eaa12536,SHIB,0.0
0x1e2e7903fb871f38362a8760871d1648eaa12536,SOL,0.0
0x1e2e7903fb871f38362a8760871d1648eaa12536,STG,0.0
0x1e2e7903fb871f38362a8760871d1648eaa12536,SUI,-0.1
0x1e2e7903fb871f38362a8760871d1648eaa12536,SUSHI,0.0
0x1e2e7903fb871f38362a8760871d1648eaa12536,TIA,0.0
0x1e2e7903fb871f38362a8760871d1648eaa12536,TOKEN,0.0
0x1e2e7903fb871f38362a8760871d1648eaa12536,TRX,0.0
0x1e2e7903fb871f38362a8760871d1648eaa12536,UNI,0.0
0x1e2e7903fb871f38362a8760871d1648eaa12536,USDT,0.0
0x1e2e7903fb871f38362a8760871d1648eaa12536,XLM,0.0
0x1e2e7903fb871f38362a8760871d1648eaa12536,XMR,0.0
0x1e2e7903fb871f38362a8760871d1648eaa12536,XRP,0.0
0x1e2e7903fb871f38362a8760871d1648eaa12536,XTZ,0.0
0x1e2e7903fb871f38362a8760871d1648eaa12536,XVS,0.0
0x1e2e7903fb871f38362a8760871d1648eaa12536,YFI,0.0
0x2b23c36232eac432433a919aedd9a169031661c2,AAVE,0.0119319249695687
0x2b23c36232eac432433a919aedd9a169031661c2,ADA,-0.0096711024016833
0x2b23c36232eac432433a919aedd9a169031661c2,ALGO,-0.0385961308926802
0x2b23c36232eac432433a919aedd9a169031661c2,APE,-0.054334390635178
0x2b23c36232eac432433a919aedd9a169031661c2,APT,-0.0242666071859977
0x2b23c36232eac432433a919aedd9a169031661c2,ATOM,-0.0207488845868874
0x2b23c36232eac432433a919aedd9a169031661c2,AVAX,-0.0275318416304057
0x2b23c36232eac432433a919aedd9a169031661c2,AXS,-0.0293582166781855
0x2b23c36232eac432433a919aedd9a169031661c2,BAL,-0.0176477931125327
0x2b23c36232eac432433a919aedd9a169031661c2,BCH,0.0141448540631652
0x2b23c36232eac432433a919aedd9a169031661c2,BLUR,-0.0343973259944827
0x2b23c36232eac432433a919aedd9a169031661c2,BNB,-0.0113760344817836
0x2b23c36232eac432433a919aedd9a169031661c2,BONK,-0.0225823320706999
0x2b23c36232eac432433a919aedd9a169031661c2,BTC,-0.0042466558476161
0x2b23c36232eac432433a919aedd9a169031661c2,C98,-0.0345496442137134
0x2b23c36232eac432433a919aedd9a169031661c2,CAKE,0.0371278416832443
0x2b23c36232eac432433a919aedd9a169031661c2,COMP,-0.021593322219568
0x2b23c36232eac432433a919aedd9a169031661c2,CRV,-0.0304826486506845
0x2b23c36232eac432433a919aedd9a169031661c2,CVX,-0.0241503589157533
0x2b23c36232eac432433a919aedd9a169031661c2,DAI,0.0006916000024249
0x2b23c36232eac432433a919aedd9a169031661c2,DAO,-0.0049667138837656
0x2b23c36232eac432433a919aedd9a169031661c2,DOGE,-0.018392963912202
0x2b23c36232eac432433a919aedd9a169031661c2,DOT,-0.0117265742840636
0x2b23c36232eac432433a919aedd9a169031661c2,DYDX,-0.0399873198841817
0x2b23c36232eac432433a919aedd9a169031661c2,EOS,-0.0476179642269302
0x2b23c36232eac432433a919aedd9a169031661c2,ETC,0.0129532358306093
0x2b23c36232eac432433a919aedd9a169031661c2,ETH,0.0251241655618944
0x2b23c36232eac432433a919aedd9a169031661c2,FET,-0.0282128086079468
0x2b23c36232eac432433a919aedd9a169031661c2,FIL,-0.0293516678461616
0x2b23c36232eac432433a919aedd9a169031661c2,FRAX,-0.0115710743809884
0x2b23c36232eac432433a919aedd9a169031661c2,FTM,-0.0327660999076569
0x2b23c36232eac432433a919aedd9a169031661c2,FXS,-0.0310896013964943
0x2b23c36232eac432433a919aedd9a169031661c2,GRT,-0.0160191606883788
0x2b23c36232eac432433a919aedd9a169031661c2,HAI,-0.0160613843975254
0x2b23c36232eac432433a919aedd9a169031661c2,HERO,-0.037616420407254
0x2b23c36232eac432433a919aedd9a169031661c2,ICP,-0.0438163957241265
0x2b23c36232eac432433a919aedd9a169031661c2,IMX,-0.0296086062768263
0x2b23c36232eac432433a919aedd9a169031661c2,INJ,0.0003864198573515
0x2b23c36232eac432433a919aedd9a169031661c2,LDO,-0.0361089198999888
0x2b23c36232eac432433a919aedd9a169031661c2,LINK,0.0046841556351877
0x2b23c36232eac432433a919aedd9a169031661c2,LTC,0.000005846502161703092
0x2b23c36232eac432433a919aedd9a169031661c2,MATIC,-0.0249824141435278
0x2b23c36232eac432433a919aedd9a169031661c2,MAV,-0.0293939136967717
0x2b23c36232eac432433a919aedd9a169031661c2,MBOX,-0.0344862546927342
0x2b23c36232eac432433a919aedd9a169031661c2,MKR,0.0036806780993171
0x2b23c36232eac432433a919aedd9a169031661c2,MOON,-0.0227186514215609
0x2b23c36232eac432433a919aedd9a169031661c2,NEAR,-0.0328169339394206
0x2b23c36232eac432433a919aedd9a169031661c2,OP,-0.018513711264718
0x2b23c36232eac432433a919aedd9a169031661c2,PENDLE,-0.0005193825103707
0x2b23c36232eac432433a919aedd9a169031661c2,PEPE,-0.0279709534488468
0x2b23c36232eac432433a919aedd9a169031661c2,PERP,-0.0328436672756599
0x2b23c36232eac432433a919aedd9a169031661c2,PIT,-0.0260656520253614
0x2b23c36232eac432433a919aedd9a169031661c2,POLS,-0.0344099557452052
0x2b23c36232eac432433a919aedd9a169031661c2,PYTH,-0.0241996613719642
0x2b23c36232eac432433a919aedd9a169031661c2,QUACK,0.0416778506271078
0x2b23c36232eac432433a919aedd9a169031661c2,RDNT,-0.0328215123791067
0x2b23c36232eac432433a919aedd9a169031661c2,RNDR,-0.0146529459199193
0x2b23c36232eac432433a919aedd9a169031661c2,RPL,-0.0363488947944397
0x2b23c36232eac432433a919aedd9a169031661c2,RUNE,-0.0196674181783968
0x2b23c36232eac432433a919aedd9a169031661c2,SFP,-0.0251656538182356
0x2b23c36232eac432433a919aedd9a169031661c2,SFUND,-0.0522348260995474
0x2b23c36232eac432433a919aedd9a169031661c2,SHIB,-0.0018610585278613
0x2b23c36232eac432433a919aedd9a169031661c2,SOL,0.0122115917668131
0x2b23c36232eac432433a919aedd9a169031661c2,STG,-0.0210245408454125
0x2b23c36232eac432433a919aedd9a169031661c2,SUI,-0.0288893477022152
0x2b23c36232eac432433a919aedd9a169031661c2,SUSHI,-0.0177300426010348
0x2b23c36232eac432433a919aedd9a169031661c2,TIA,-0.0354220694790283
0x2b23c36232eac432433a919aedd9a169031661c2,TOKEN,-0.0411342906479157
0x2b23c36232eac432433a919aedd9a169031661c2,TRX,0.0103989103919436
0x2b23c36232eac432433a919aedd9a169031661c2,UNI,0.0031097471739259
0x2b23c36232eac432433a919aedd9a169031661c2,USDT,-0.0108811754523661
0x2b23c36232eac432433a919aedd9a169031661c2,XLM,-0.0138569196142153
0x2b23c36232eac432433a919aedd9a169031661c2,XMR,0.006114035406774
0x2b23c36232eac432433a919aedd9a169031661c2,XRP,-0.00004195961199865198
0x2b23c36232eac432433a919aedd9a169031661c2,XTZ,-0.0326969243623672
0x2b23c36232eac432433a919aedd9a169031661c2,XVS,-0.0274504894571959
0x2b23c36232eac432433a919aedd9a169031661c2,YFI,-0.0203420006500873
0x3e04d3e08ea54c34f721ac007107fe7a4bd957d5,AAVE,-0.0108071902437388
0x3e04d3e08ea54c34f721ac007107fe7a4bd957d5,ADA,-0.0149967236159793
0x3e04d3e08ea54c34f721ac007107fe7a4bd957d5,ALGO,-0.0282069063044298
0x3e04d3e08ea54c34f721ac007107fe7a4bd957d5,APE,-0.0307409427860401
0x3e04d3e08ea54c34f721ac007107fe7a4bd957d5,APT,-0.0371062202968413
0x3e04d3e08ea54c34f721ac007107fe7a4bd957d5,ATOM,-0.0330384932221927
0x3e04d3e08ea54c34f721ac007107fe7a4bd957d5,AVAX,-0.0279966862436749
0x3e04d3e08ea54c34f721ac007107fe7a4bd957d5,AXS,-0.0353455279663812
0x3e04d3e08ea54c34f721ac007107fe7a4bd957d5,BAL,-0.0285298306798415
0x3e04d3e08ea54c34f721ac007107fe7a4bd957d5,BCH,-0.0073061312345358
0x3e04d3e08ea54c34f721ac007107fe7a4bd957d5,BLUR,-0.0369400294949374
0x3e04d3e08ea54c34f721ac007107fe7a4bd957d5,BNB,-0.0116471808449066
0x3e04d3e08ea54c34f721ac007107fe7a4bd957d5,BONK,-0.032939837672079
0x3e04d3e08ea54c34f721ac007107fe7a4bd957d5,BTC,-0.0089763031489429
0x3e04d3e08ea54c34f721ac007107fe7a4bd957d5,C98,-0.034229387701102
0x3e04d3e08ea54c34f721ac007107fe7a4bd957d5,CAKE,-0.0045585653852102
0x3e04d3e08ea54c34f721ac007107fe7a4bd957d5,COMP,-0.0288477751299913
0x3e04d3e08ea54c34f721ac007107fe7a4bd957d5,CRV,-0.0293791292491366
0x3e04d3e08ea54c34f721ac007107fe7a4bd957d5,CVX,-0.0315892125015149
0x3e04d3e08ea54c34f721ac007107fe7a4bd957d5,DAI,-0.0297426507111338
0x3e04d3e08ea54c34f721ac007107fe7a4bd957d5,DAO,-0.0227841043203211
0x3e04d3e08ea54c34f721ac007107fe7a4bd957d5,DOGE,-0.0196068834684898
0x3e04d3e08ea54c34f721ac007107fe7a4bd957d5,DOT,-0.0205533243736696
0x3e04d3e08ea54c34f721ac007107fe7a4bd957d5,DYDX,-0.0428680639194894
0x3e04d3e08ea54c34f721ac007107fe7a4bd957d5,EOS,-0.0343315142578845
0x3e04d3e08ea54c34f721ac007107fe7a4bd957d5,ETC,-0.0038686422667705
0x3e04d3e08ea54c34f721ac007107fe7a4bd957d5,ETH,-0.0021617403988556
0x3e04d3e08ea54c34f721ac007107fe7a4bd957d5,FET,-0.0356495263586328
0x3e04d3e08ea54c34f721ac007107fe7a4bd957d5,FIL,-0.0361700935751199
0x3e04d3e08ea54c34f721ac007107fe7a4bd957d5,FRAX,-0.0264642950892937
0x3e04d3e08ea54c34f721ac007107fe7a4bd957d5,FTM,-0.0079750137809933
0x3e04d3e08ea54c34f721ac007107fe7a4bd957d5,FXS,-0.0316862691438728
0x3e04d3e08ea54c34f721ac007107fe7a4bd957d5,GRT,-0.0261867244753247
0x3e04d3e08ea54c34f721ac007107fe7a4bd957d5,HAI,-0.0341776114491225
0x3e04d3e08ea54c34f721ac007107fe7a4bd957d5,HERO,-0.0342395346835963
0x3e04d3e08ea54c34f721ac007107fe7a4bd957d5,ICP,-0.0462159747298901
0x3e04d3e08ea54c34f721ac007107fe7a4bd957d5,IMX,-0.0365102167976971
0x3e04d3e08ea54c34f721ac007107fe7a4bd957d5,INJ,-0.0175266455428992
0x3e04d3e08ea54c34f721ac007107fe7a4bd957d5,LDO,-0.033922893994214
0x3e04d3e08ea54c34f721ac007107fe7a4bd957d5,LINK,-0.0122630520483759
0x3e04d3e08ea54c34f721ac007107fe7a4bd957d5,LTC,-0.0140029110086707
0x3e04d3e08ea54c34f721ac007107fe7a4bd957d5,MATIC,-0.0220813565780161
0x3e04d3e08ea54c34f721ac007107fe7a4bd957d5,MAV,-0.0323270604726412
0x3e04d3e08ea54c34f721ac007107fe7a4bd957d5,MBOX,-0.0343377783201285
0x3e04d3e08ea54c34f721ac007107fe7a4bd957d5,MKR,-0.019212371795757
0x3e04d3e08ea54c34f721ac007107fe7a4bd957d5,MOON,-0.0167515976403311
0x3e04d3e08ea54c34f721ac007107fe7a4bd957d5,NEAR,-0.0384136091847526
0x3e04d3e08ea54c34f721ac007107fe7a4bd957d5,OP,-0.0212952609562684
0x3e04d3e08ea54c34f721ac007107fe7a4bd957d5,PENDLE,-0.0413431480991092
0x3e04d3e08ea54c34f721ac007107fe7a4bd957d5,PEPE,-0.0273142608611664
0x3e04d3e08ea54c34f721ac007107fe7a4bd957d5,PERP,-0.029610722243778
0x3e04d3e08ea54c34f721ac007107fe7a4bd957d5,PIT,-0.0390719047668
0x3e04d3e08ea54c34f721ac007107fe7a4bd957d5,POLS,-0.0342395346835963
0x3e04d3e08ea54c34f721ac007107fe7a4bd957d5,PYTH,-0.0375534546816683
0x3e04d3e08ea54c34f721ac007107fe7a4bd957d5,QUACK,-0.0457640924291678
0x3e04d3e08ea54c34f721ac007107fe7a4bd957d5,RDNT,-0.0343133084587628
0x3e04d3e08ea54c34f721ac007107fe7a4bd957d5,RNDR,-0.0292866772419282
0x3e04d3e08ea54c34f721ac007107fe7a4bd957d5,RPL,-0.0341611140420052
0x3e04d3e08ea54c34f721ac007107fe7a4bd957d5,RUNE,-0.0359189741566431
0x3e04d3e08ea54c34f721ac007107fe7a4bd957d5,SFP,-0.032753952022361
0x3e04d3e08ea54c34f721ac007107fe7a4bd957d5,SFUND,-0.0439399611127355
0x3e04d3e08ea54c34f721ac007107fe7a4bd957d5,SHIB,-0.0116301393017987
0x3e04d3e08ea54c34f721ac007107fe7a4bd957d5,SOL,-0.0022481249721222
0x3e04d3e08ea54c34f721ac007107fe7a4bd957d5,STG,-0.0344431757427549
0x3e04d3e08ea54c34f721ac007107fe7a4bd957d5,SUI,-0.0393464589572874
0x3e04d3e08ea54c34f721ac007107fe7a4bd957d5,SUSHI,-0.0290575095859545
0x3e04d3e08ea54c34f721ac007107fe7a4bd957d5,TIA,-0.0428593299351802
0x3e04d3e08ea54c34f721ac007107fe7a4bd957d5,TOKEN,-0.0357987194407712
0x3e04d3e08ea54c34f721ac007107fe7a4bd957d5,TRX,-0.0027848622064492
0x3e04d3e08ea54c34f721ac007107fe7a4bd957d5,UNI,-0.0122237698849378
0x3e04d3e08ea54c34f721ac007107fe7a4bd957d5,USDT,-0.0043106054602577
0x3e04d3e08ea54c34f721ac007107fe7a4bd957d5,XLM,-0.0236797800871894
0x3e04d3e08ea54c34f721ac007107fe7a4bd957d5,XMR,-0.0064716181377082
0x3e04d3e08ea54c34f721ac007107fe7a4bd957d5,XRP,-0.0235214399203405
0x3e04d3e08ea54c34f721ac007107fe7a4bd957d5,XTZ,-0.0313232362134643
0x3e04d3e08ea54c34f721ac007107fe7a4bd957d5,XVS,-0.0306477651425486
0x3e04d3e08ea54c34f721ac007107fe7a4bd957d5,YFI,-0.0347128914898138
0x3ebab08d24031caa95c4290b28f66e71bbe418e5,AAVE,0.0431465834491009
0x3ebab08d24031caa95c4290b28f66e71bbe418e5,ADA,0.006180160848108
0x3ebab08d24031caa95c4290b28f66e71bbe418e5,ALGO,-0.0254610796169587
0x3ebab08d24031caa95c4290b28f66e71bbe418e5,APE,-0.0197197008478431
0x3ebab08d24031caa95c4290b28f66e71bbe418e5,APT,0.00008464731974527429
0x3ebab08d24031caa95c4290b28f66e71bbe418e5,ATOM,-0.0052033210698096
0x3ebab08d24031caa95c4290b28f66e71bbe418e5,AVAX,-0.0024979541786656
0x3ebab08d24031caa95c4290b28f66e71bbe418e5,AXS,-0.0063055045778341
0x3ebab08d24031caa95c4290b28f66e71bbe418e5,BAL,-0.0158630906557146
0x3ebab08d24031caa95c4290b28f66e71bbe418e5,BCH,0.0069213209897165
0x3ebab08d24031caa95c4290b28f66e71bbe418e5,BLUR,-0.0262968504863471
0x3ebab08d24031caa95c4290b28f66e71bbe418e5,BNB,0.000004065580156984589
0x3ebab08d24031caa95c4290b28f66e71bbe418e5,BONK,-0.0063104629715207
0x3ebab08d24031caa95c4290b28f66e71bbe418e5,BTC,-0.0117897636048876
0x3ebab08d24031caa95c4290b28f66e71bbe418e5,C98,-0.014940763823174
0x3ebab08d24031caa95c4290b28f66e71bbe418e5,CAKE,0.0183698872296064
0x3ebab08d24031caa95c4290b28f66e71bbe418e5,COMP,-0.0102982708188909
0x3ebab08d24031caa95c4290b28f66e71bbe418e5,CRV,-0.0006201028921365
0x3ebab08d24031caa95c4290b28f66e71bbe418e5,CVX,-0.0321918610001262
0x3ebab08d24031caa95c4290b28f66e71bbe418e5,DAI,-0.027196857292617
0x3ebab08d24031caa95c4290b28f66e71bbe418e5,DAO,-0.0332385854933091
0x3ebab08d24031caa95c4290b28f66e71bbe418e5,DOGE,-0.0335224820691251
0x3ebab08d24031caa95c4290b28f66e71bbe418e5,DOT,-0.00295809446014
0x3ebab08d24031caa95c4290b28f66e71bbe418e5,DYDX,-0.0220715491553009
0x3ebab08d24031caa95c4290b28f66e71bbe418e5,EOS,-0.0155132450563819
0x3ebab08d24031caa95c4290b28f66e71bbe418e5,ETC,0.0239058284049076
0x3ebab08d24031caa95c4290b28f66e71bbe418e5,ETH,0.0268846846434042
0x3ebab08d24031caa95c4290b28f66e71bbe418e5,FET,-0.0188627054958568
0x3ebab08d24031caa95c4290b28f66e71bbe418e5,FIL,-0.0163706900949442
0x3ebab08d24031caa95c4290b28f66e71bbe418e5,FRAX,0.0003035580671368
0x3ebab08d24031caa95c4290b28f66e71bbe418e5,FTM,-0.0337638792278312
0x3ebab08d24031caa95c4290b28f66e71bbe418e5,FXS,-0.018849149865312
0x3ebab08d24031caa95c4290b28f66e71bbe418e5,GRT,0.0013361736010731
0x3ebab08d24031caa95c4290b28f66e71bbe418e5,HAI,-0.0252775220022954
0x3ebab08d24031caa95c4290b28f66e71bbe418e5,HERO,-0.0237692539343139
0x3ebab08d24031caa95c4290b28f66e71bbe418e5,ICP,-0.0262792079177357
0x3ebab08d24031caa95c4290b28f66e71bbe418e5,IMX,-0.0095396659750521
0x3ebab08d24031caa95c4290b28f66e71bbe418e5,INJ,0.0221247288550581
0x3ebab08d24031caa95c4290b28f66e71bbe418e5,LDO,-0.008458256290068
0x3ebab08d24031caa95c4290b28f66e71bbe418e5,LINK,0.0229288821085803
0x3ebab08d24031caa95c4290b28f66e71bbe418e5,LTC,0.0157761205253442
0x3ebab08d24031caa95c4290b28f66e71bbe418e5,MATIC,-0.019345590159402
0x3ebab08d24031caa95c4290b28f66e71bbe418e5,MAV,-0.0244538986622716
0x3ebab08d24031caa95c4290b28f66e71bbe418e5,MBOX,-0.0293784001973135
0x3ebab08d24031caa95c4290b28f66e71bbe418e5,MKR,0.0034039126870304
0x3ebab08d24031caa95c4290b28f66e71bbe418e5,MOON,-0.006714191594301
0x3ebab08d24031caa95c4290b28f66e71bbe418e5,NEAR,-0.0197767738100302
0x3ebab08d24031caa95c4290b28f66e71bbe418e5,OP,-0.021378733700382
0x3ebab08d24031caa95c4290b28f66e71bbe418e5,PENDLE,-0.0236919746814931
0x3ebab08d24031caa95c4290b28f66e71bbe418e5,PEPE,-0.0123442980502666
0x3ebab08d24031caa95c4290b28f66e71bbe418e5,PERP,-0.0136846807271731
0x3ebab08d24031caa95c4290b28f66e71bbe418e5,PIT,-0.0104602406760244
0x3ebab08d24031caa95c4290b28f66e71bbe418e5,POLS,-0.0207672071142564
0x3ebab08d24031caa95c4290b28f66e71bbe418e5,PYTH,-0.0160250396602855
0x3ebab08d24031caa95c4290b28f66e71bbe418e5,QUACK,-0.0111820429315108
0x3ebab08d24031caa95c4290b28f66e71bbe418e5,RDNT,-0.0207632288830223
0x3ebab08d24031caa95c4290b28f66e71bbe418e5,RNDR,-0.0008920096398595
0x3ebab08d24031caa95c4290b28f66e71bbe418e5,RPL,-0.0067229620354536
0x3ebab08d24031caa95c4290b28f66e71bbe418e5,RUNE,-0.0162405129293415
0x3ebab08d24031caa95c4290b28f66e71bbe418e5,SFP,-0.0065920286775293
0x3ebab08d24031caa95c4290b28f66e71bbe418e5,SFUND,-0.0593852901674339
0x3ebab08d24031caa95c4290b28f66e71bbe418e5,SHIB,0.0216977999697805
0x3ebab08d24031caa95c4290b28f66e71bbe418e5,SOL,0.0166023675196204
0x3ebab08d24031caa95c4290b28f66e71bbe418e5,STG,-0.0078586966862761
0x3ebab08d24031caa95c4290b28f66e71bbe418e5,SUI,-0.0151257906237886
0x3ebab08d24031caa95c4290b28f66e71bbe418e5,SUSHI,0.0012169442999368
0x3ebab08d24031caa95c4290b28f66e71bbe418e5,TIA,-0.0154706003596902
0x3ebab08d24031caa95c4290b28f66e71bbe418e5,TOKEN,-0.0181430450930271
0x3ebab08d24031caa95c4290b28f66e71bbe418e5,TRX,0.0360607746183133
0x3ebab08d24031caa95c4290b28f66e71bbe418e5,UNI,0.0299914999787934
0x3ebab08d24031caa95c4290b28f66e71bbe418e5,USDT,-0.0143032386649987
0x3ebab08d24031caa95c4290b28f66e71bbe418e5,XLM,-0.0111820978817938
0x3ebab08d24031caa95c4290b28f66e71bbe418e5,XMR,0.0037780939576424
0x3ebab08d24031caa95c4290b28f66e71bbe418e5,XRP,0.0108277664751615
0x3ebab08d24031caa95c4290b28f66e71bbe418e5,XTZ,-0.0149931656745111
0x3ebab08d24031caa95c4290b28f66e71bbe418e5,XVS,-0.0121951049846484
0x3ebab08d24031caa95c4290b28f66e71bbe418e5,YFI,-0.0048555535329606
0x49451c6af70feef6ef29b8c78bc17d4bdaf9fdaa,AAVE,-78.78946
0x49451c6af70feef6ef29b8c78bc17d4bdaf9fdaa,ADA,-167.0542
0x49451c6af70feef6ef29b8c78bc17d4bdaf9fdaa,ALGO,-111.160965
0x49451c6af70feef6ef29b8c78bc17d4bdaf9fdaa,APE,-234.23135
0x49451c6af70feef6ef29b8c78bc17d4bdaf9fdaa,APT,-122.44187
0x49451c6af70feef6ef29b8c78bc17d4bdaf9fdaa,ATOM,724.2223
0x49451c6af70feef6ef29b8c78bc17d4bdaf9fdaa,AVAX,-202.5984
0x49451c6af70feef6ef29b8c78bc17d4bdaf9fdaa,AXS,-110.86474
0x49451c6af70feef6ef29b8c78bc17d4bdaf9fdaa,BAL,-48.629524
0x49451c6af70feef6ef29b8c78bc17d4bdaf9fdaa,BCH,-151.8102
0x49451c6af70feef6ef29b8c78bc17d4bdaf9fdaa,BLUR,7.2295613
0x49451c6af70feef6ef29b8c78bc17d4bdaf9fdaa,BNB,-186.14494
0x49451c6af70feef6ef29b8c78bc17d4bdaf9fdaa,BONK,-73.25119
0x49451c6af70feef6ef29b8c78bc17d4bdaf9fdaa,BTC,157.70465
0x49451c6af70feef6ef29b8c78bc17d4bdaf9fdaa,C98,60.699387
0x49451c6af70feef6ef29b8c78bc17d4bdaf9fdaa,CAKE,-274.6477
0x49451c6af70feef6ef29b8c78bc17d4bdaf9fdaa,COMP,-208.9154
0x49451c6af70feef6ef29b8c78bc17d4bdaf9fdaa,CRV,-99.77688
0x49451c6af70feef6ef29b8c78bc17d4bdaf9fdaa,CVX,44.575684
0x49451c6af70feef6ef29b8c78bc17d4bdaf9fdaa,DAI,-136.18967
0x49451c6af70feef6ef29b8c78bc17d4bdaf9fdaa,DAO,-154.91432
0x49451c6af70feef6ef29b8c78bc17d4bdaf9fdaa,DOGE,-309.26352
0x49451c6af70feef6ef29b8c78bc17d4bdaf9fdaa,DOT,-44.35054
0x49451c6af70feef6ef29b8c78bc17d4bdaf9fdaa,DYDX,-105.7805
0x49451c6af70feef6ef29b8c78bc17d4bdaf9fdaa,EOS,36.407406
0x49451c6af70feef6ef29b8c78bc17d4bdaf9fdaa,ETC,-202.97185
0x49451c6af70feef6ef29b8c78bc17d4bdaf9fdaa,ETH,-600.7988
0x49451c6af70feef6ef29b8c78bc17d4bdaf9fdaa,FET,12.739924
0x49451c6af70feef6ef29b8c78bc17d4bdaf9fdaa,FIL,-53.020256
0x49451c6af70feef6ef29b8c78bc17d4bdaf9fdaa,FRAX,60.699387
0x49451c6af70feef6ef29b8c78bc17d4bdaf9fdaa,FTM,88.72566
0x49451c6af70feef6ef29b8c78bc17d4bdaf9fdaa,FXS,60.699387
0x49451c6af70feef6ef29b8c78bc17d4bdaf9fdaa,GRT,27.952402
0x49451c6af70feef6ef29b8c78bc17d4bdaf9fdaa,HAI,-58.755367
0x49451c6af70feef6ef29b8c78bc17d4bdaf9fdaa,HERO,57.130276
0x49451c6af70feef6ef29b8c78bc17d4bdaf9fdaa,ICP,-101.26736
0x49451c6af70feef6ef29b8c78bc17d4bdaf9fdaa,IMX,60.699387
0x49451c6af70feef6ef29b8c78bc17d4bdaf9fdaa,INJ,-226.24745
0x49451c6af70feef6ef29b8c78bc17d4bdaf9fdaa,LDO,-225.59169
0x49451c6af70feef6ef29b8c78bc17d4bdaf9fdaa,LINK,-141.94519
0x49451c6af70feef6ef29b8c78bc17d4bdaf9fdaa,LTC,-257.58124
0x49451c6af70feef6ef29b8c78bc17d4bdaf9fdaa,MATIC,-306.8493
0x49451c6af70feef6ef29b8c78bc17d4bdaf9fdaa,MAV,39.976517
0x49451c6af70feef6ef29b8c78bc17d4bdaf9fdaa,MBOX,60.699387
0x49451c6af70feef6ef29b8c78bc17d4bdaf9fdaa,MKR,-247.55154
0x49451c6af70feef6ef29b8c78bc17d4bdaf9fdaa,MOON,-144.75008
0x49451c6af70feef6ef29b8c78bc17d4bdaf9fdaa,NEAR,58.016327
0x49451c6af70feef6ef29b8c78bc17d4bdaf9fdaa,OP,-133.41336
0x49451c6af70feef6ef29b8c78bc17d4bdaf9fdaa,PENDLE,-167.1798
0x49451c6af70feef6ef29b8c78bc17d4bdaf9fdaa,PEPE,346.20932
0x49451c6af70feef6ef29b8c78bc17d4bdaf9fdaa,PERP,-185.93083
0x49451c6af70feef6ef29b8c78bc17d4bdaf9fdaa,PIT,1.344774
0x49451c6af70feef6ef29b8c78bc17d4bdaf9fdaa,POLS,60.699387
0x49451c6af70feef6ef29b8c78bc17d4bdaf9fdaa,PYTH,39.094467
0x49451c6af70feef6ef29b8c78bc17d4bdaf9fdaa,QUACK,-969.924
0x49451c6af70feef6ef29b8c78bc17d4bdaf9fdaa,RDNT,21.22447
0x49451c6af70feef6ef29b8c78bc17d4bdaf9fdaa,RNDR,-102.169716
0x49451c6af70feef6ef29b8c78bc17d4bdaf9fdaa,RPL,26.81964
0x49451c6af70feef6ef29b8c78bc17d4bdaf9fdaa,RUNE,-124.45369
0x49451c6af70feef6ef29b8c78bc17d4bdaf9fdaa,SFP,-198.22679
0x49451c6af70feef6ef29b8c78bc17d4bdaf9fdaa,SFUND,-81.812
0x49451c6af70feef6ef29b8c78bc17d4bdaf9fdaa,SHIB,-40.280792
0x49451c6af70feef6ef29b8c78bc17d4bdaf9fdaa,SOL,-260.22247
0x49451c6af70feef6ef29b8c78bc17d4bdaf9fdaa,STG,-10.697763
0x49451c6af70feef6ef29b8c78bc17d4bdaf9fdaa,SUI,-131.29631
0x49451c6af70feef6ef29b8c78bc17d4bdaf9fdaa,SUSHI,-78.52183
0x49451c6af70feef6ef29b8c78bc17d4bdaf9fdaa,TIA,13.682837
0x49451c6af70feef6ef29b8c78bc17d4bdaf9fdaa,TOKEN,57.130276
0x49451c6af70feef6ef29b8c78bc17d4bdaf9fdaa,TRX,-163.81187
0x49451c6af70feef6ef29b8c78bc17d4bdaf9fdaa,UNI,-145.42757
0x49451c6af70feef6ef29b8c78bc17d4bdaf9fdaa,USDT,-265.76883
0x49451c6af70feef6ef29b8c78bc17d4bdaf9fdaa,XLM,-159.1053
0x49451c6af70feef6ef29b8c78bc17d4bdaf9fdaa,XMR,-322.92938
0x49451c6af70feef6ef29b8c78bc17d4bdaf9fdaa,XRP,-229.16966
0x49451c6af70feef6ef29b8c78bc17d4bdaf9fdaa,XTZ,-69.1783
0x49451c6af70feef6ef29b8c78bc17d4bdaf9fdaa,XVS,14.707786
0x49451c6af70feef6ef29b8c78bc17d4bdaf9fdaa,YFI,29.234518
0x521c9c1d68f8684b098be00a5cf479e9aaebf0f7,AAVE,-0.0006401915
0x521c9c1d68f8684b098be00a5cf479e9aaebf0f7,ADA,-0.013533439
0x521c9c1d68f8684b098be00a5cf479e9aaebf0f7,ALGO,-0.018384252
0x521c9c1d68f8684b098be00a5cf479e9aaebf0f7,APE,-0.02070479
0x521c9c1d68f8684b098be00a5cf479e9aaebf0f7,APT,-0.018976107
0x521c9c1d68f8684b098be00a5cf479e9aaebf0f7,ATOM,-0.0059112003
0x521c9c1d68f8684b098be00a5cf479e9aaebf0f7,AVAX,-0.017767731
0x521c9c1d68f8684b098be00a5cf479e9aaebf0f7,AXS,-0.018673493
0x521c9c1d68f8684b098be00a5cf479e9aaebf0f7,BAL,-0.0067682527
0x521c9c1d68f8684b098be00a5cf479e9aaebf0f7,BCH,-0.0012514025
0x521c9c1d68f8684b098be00a5cf479e9aaebf0f7,BLUR,-0.017502286
0x521c9c1d68f8684b098be00a5cf479e9aaebf0f7,BNB,-0.0055112657
0x521c9c1d68f8684b098be00a5cf479e9aaebf0f7,BONK,-0.018214213
0x521c9c1d68f8684b098be00a5cf479e9aaebf0f7,BTC,-0.012789128
0x521c9c1d68f8684b098be00a5cf479e9aaebf0f7,C98,-0.0070963283
0x521c9c1d68f8684b098be00a5cf479e9aaebf0f7,CAKE,-0.015871547
0x521c9c1d68f8684b098be00a5cf479e9aaebf0f7,COMP,-0.014233027
0x521c9c1d68f8684b098be00a5cf479e9aaebf0f7,CRV,-0.021901341
0x521c9c1d68f8684b098be00a5cf479e9aaebf0f7,CVX,-0.011742841
0x521c9c1d68f8684b098be00a5cf479e9aaebf0f7,DAI,0.021652928
0x521c9c1d68f8684b098be00a5cf479e9aaebf0f7,DAO,-0.025396673
0x521c9c1d68f8684b098be00a5cf479e9aaebf0f7,DOGE,-0.01725133
0x521c9c1d68f8684b098be00a5cf479e9aaebf0f7,DOT,-0.009817025
0x521c9c1d68f8684b098be00a5cf479e9aaebf0f7,DYDX,-0.025574656
0x521c9c1d68f8684b098be00a5cf479e9aaebf0f7,EOS,-0.020928644
0x521c9c1d68f8684b098be00a5cf479e9aaebf0f7,ETC,-0.02001433
0x521c9c1d68f8684b098be00a5cf479e9aaebf0f7,ETH,-0.0019270136
0x521c9c1d68f8684b098be00a5cf479e9aaebf0f7,FET,-0.024785466
0x521c9c1d68f8684b098be00a5cf479e9aaebf0f7,FIL,-0.024534937
0x521c9c1d68f8684b098be00a5cf479e9aaebf0f7,FRAX,0.023555078
0x521c9c1d68f8684b098be00a5cf479e9aaebf0f7,FTM,-0.021761201
0x521c9c1d68f8684b098be00a5cf479e9aaebf0f7,FXS,-0.0043854904
0x521c9c1d68f8684b098be00a5cf479e9aaebf0f7,GRT,-0.024432195
0x521c9c1d68f8684b098be00a5cf479e9aaebf0f7,HAI,0.012017952
0x521c9c1d68f8684b098be00a5cf479e9aaebf0f7,HERO,-0.02798653
0x521c9c1d68f8684b098be00a5cf479e9aaebf0f7,ICP,-0.021036161
0x521c9c1d68f8684b098be00a5cf479e9aaebf0f7,IMX,-0.024442684
0x521c9c1d68f8684b098be00a5cf479e9aaebf0f7,INJ,-0.020798296
0x521c9c1d68f8684b098be00a5cf479e9aaebf0f7,LDO,-0.022523593
0x521c9c1d68f8684b098be00a5cf479e9aaebf0f7,LINK,-0.024843398
0x521c9c1d68f8684b098be00a5cf479e9aaebf0f7,LTC,-0.020145928
0x521c9c1d68f8684b098be00a5cf479e9aaebf0f7,MATIC,-0.017026473
0x521c9c1d68f8684b098be00a5cf479e9aaebf0f7,MAV,-0.017893154
0x521c9c1d68f8684b098be00a5cf479e9aaebf0f7,MBOX,0.0014469471
0x521c9c1d68f8684b098be00a5cf479e9aaebf0f7,MKR,0.00020595912
0x521c9c1d68f8684b098be00a5cf479e9aaebf0f7,MOON,-0.015075524
0x521c9c1d68f8684b098be00a5cf479e9aaebf0f7,NEAR,-0.022080753
0x521c9c1d68f8684b098be00a5cf479e9aaebf0f7,OP,-0.022609074
0x521c9c1d68f8684b098be00a5cf479e9aaebf0f7,PENDLE,-0.022758465
0x521c9c1d68f8684b098be00a5cf479e9aaebf0f7,PEPE,-0.022859117
0x521c9c1d68f8684b098be00a5cf479e9aaebf0f7,PERP,-0.0070412094
0x521c9c1d68f8684b098be00a5cf479e9aaebf0f7,PIT,-0.02376085
0x521c9c1d68f8684b098be00a5cf479e9aaebf0f7,POLS,0.0011780527
0x521c9c1d68f8684b098be00a5cf479e9aaebf0f7,PYTH,-0.025470275
0x521c9c1d68f8684b098be00a5cf479e9aaebf0f7,QUACK,0.005700219
0x521c9c1d68f8684b098be00a5cf479e9aaebf0f7,RDNT,0.012161892
0x521c9c1d68f8684b098be00a5cf479e9aaebf0f7,RNDR,-0.016411452
0x521c9c1d68f8684b098be00a5cf479e9aaebf0f7,RPL,-0.019953642
0x521c9c1d68f8684b098be00a5cf479e9aaebf0f7,RUNE,-0.015347668
0x521c9c1d68f8684b098be00a5cf479e9aaebf0f7,SFP,-0.010057889
0x521c9c1d68f8684b098be00a5cf479e9aaebf0f7,SFUND,-0.025532281
0x521c9c1d68f8684b098be00a5cf479e9aaebf0f7,SHIB,-0.012120011
0x521c9c1d68f8684b098be00a5cf479e9aaebf0f7,SOL,-0.02134025
0x521c9c1d68f8684b098be00a5cf479e9aaebf0f7,STG,-0.025232812
0x521c9c1d68f8684b098be00a5cf479e9aaebf0f7,SUI,-0.023144675
0x521c9c1d68f8684b098be00a5cf479e9aaebf0f7,SUSHI,-0.025418296
0x521c9c1d68f8684b098be00a5cf479e9aaebf0f7,TIA,-0.024371937
0x521c9c1d68f8684b098be00a5cf479e9aaebf0f7,TOKEN,-0.02633005
0x521c9c1d68f8684b098be00a5cf479e9aaebf0f7,TRX,-0.00997665
0x521c9c1d68f8684b098be00a5cf479e9aaebf0f7,UNI,-0.026822729
0x521c9c1d68f8684b098be00a5cf479e9aaebf0f7,USDT,0.020828586
0x521c9c1d68f8684b098be00a5cf479e9aaebf0f7,XLM,-0.002031211
0x521c9c1d68f8684b098be00a5cf479e9aaebf0f7,XMR,-0.024903525
0x521c9c1d68f8684b098be00a5cf479e9aaebf0f7,XRP,-0.013029754
0x521c9c1d68f8684b098be00a5cf479e9aaebf0f7,XTZ,-0.01624834
0x521c9c1d68f8684b098be00a5cf479e9aaebf0f7,XVS,-0.008625041
0x521c9c1d68f8684b098be00a5cf479e9aaebf0f7,YFI,-0.009111656
0x56d3fc9aa7062fd7b893c1ae33b365776ae1ee9d,AAVE,0.002821062
0x56d3fc9aa7062fd7b893c1ae33b365776ae1ee9d,ADA,-0.019905686
0x56d3fc9aa7062fd7b893c1ae33b365776ae1ee9d,ALGO,0.015159798
0x56d3fc9aa7062fd7b893c1ae33b365776ae1ee9d,APE,-0.033566944
0x56d3fc9aa7062fd7b893c1ae33b365776ae1ee9d,APT,-0.0066306745
0x56d3fc9aa7062fd7b893c1ae33b365776ae1ee9d,ATOM,-0.007410752
0x56d3fc9aa7062fd7b893c1ae33b365776ae1ee9d,AVAX,-0.04547505
0x56d3fc9aa7062fd7b893c1ae33b365776ae1ee9d,AXS,-0.0068996386
0x56d3fc9aa7062fd7b893c1ae33b365776ae1ee9d,BAL,-0.025114235
0x56d3fc9aa7062fd7b893c1ae33b365776ae1ee9d,BCH,0.0134066455
0x56d3fc9aa7062fd7b893c1ae33b365776ae1ee9d,BLUR,-0.027264802
0x56d3fc9aa7062fd7b893c1ae33b365776ae1ee9d,BNB,0.024352035
0x56d3fc9aa7062fd7b893c1ae33b365776ae1ee9d,BONK,-0.009492406
0x56d3fc9aa7062fd7b893c1ae33b365776ae1ee9d,BTC,0.000059349895
0x56d3fc9aa7062fd7b893c1ae33b365776ae1ee9d,C98,-0.017771645
0x56d3fc9aa7062fd7b893c1ae33b365776ae1ee9d,CAKE,0.029382657
0x56d3fc9aa7062fd7b893c1ae33b365776ae1ee9d,COMP,-0.0028458806
0x56d3fc9aa7062fd7b893c1ae33b365776ae1ee9d,CRV,-0.028568642
0x56d3fc9aa7062fd7b893c1ae33b365776ae1ee9d,CVX,-0.02748456
0x56d3fc9aa7062fd7b893c1ae33b365776ae1ee9d,DAI,-0.02692391
0x56d3fc9aa7062fd7b893c1ae33b365776ae1ee9d,DAO,-0.045033086
0x56d3fc9aa7062fd7b893c1ae33b365776ae1ee9d,DOGE,-0.017878769
0x56d3fc9aa7062fd7b893c1ae33b365776ae1ee9d,DOT,-0.0015673657
0x56d3fc9aa7062fd7b893c1ae33b365776ae1ee9d,DYDX,-0.005582567
0x56d3fc9aa7062fd7b893c1ae33b365776ae1ee9d,EOS,-0.012565987
0x56d3fc9aa7062fd7b893c1ae33b365776ae1ee9d,ETC,0.038270492
0x56d3fc9aa7062fd7b893c1ae33b365776ae1ee9d,ETH,0.0016820012
0x56d3fc9aa7062fd7b893c1ae33b365776ae1ee9d,FET,-0.008459984
0x56d3fc9aa7062fd7b893c1ae33b365776ae1ee9d,FIL,-0.04319612
0x56d3fc9aa7062fd7b893c1ae33b365776ae1ee9d,FRAX,-0.019193217
0x56d3fc9aa7062fd7b893c1ae33b365776ae1ee9d,FTM,-0.02740742
0x56d3fc9aa7062fd7b893c1ae33b365776ae1ee9d,FXS,-0.043381933
0x56d3fc9aa7062fd7b893c1ae33b365776ae1ee9d,GRT,-0.005594286
0x56d3fc9aa7062fd7b893c1ae33b365776ae1ee9d,HAI,-0.009274961
0x56d3fc9aa7062fd7b893c1ae33b365776ae1ee9d,HERO,-0.022640435
0x56d3fc9aa7062fd7b893c1ae33b365776ae1ee9d,ICP,-0.023760086
0x56d3fc9aa7062fd7b893c1ae33b365776ae1ee9d,IMX,-0.012739961
0x56d3fc9aa7062fd7b893c1ae33b365776ae1ee9d,INJ,0.0017276324
0x56d3fc9aa7062fd7b893c1ae33b365776ae1ee9d,LDO,-0.0077960584
0x56d3fc9aa7062fd7b893c1ae33b365776ae1ee9d,LINK,-0.00065613
0x56d3fc9aa7062fd7b893c1ae33b365776ae1ee9d,LTC,0.000003807033
0x56d3fc9aa7062fd7b893c1ae33b365776ae1ee9d,MATIC,-0.009092686
0x56d3fc9aa7062fd7b893c1ae33b365776ae1ee9d,MAV,-0.029508311
0x56d3fc9aa7062fd7b893c1ae33b365776ae1ee9d,MBOX,-0.026749596
0x56d3fc9aa7062fd7b893c1ae33b365776ae1ee9d,MKR,-0.010415091
0x56d3fc9aa7062fd7b893c1ae33b365776ae1ee9d,MOON,-0.036898028
0x56d3fc9aa7062fd7b893c1ae33b365776ae1ee9d,NEAR,-0.029267885
0x56d3fc9aa7062fd7b893c1ae33b365776ae1ee9d,OP,-0.0000011530783
0x56d3fc9aa7062fd7b893c1ae33b365776ae1ee9d,PENDLE,-0.044457365
0x56d3fc9aa7062fd7b893c1ae33b365776ae1ee9d,PEPE,-0.025314279
0x56d3fc9aa7062fd7b893c1ae33b365776ae1ee9d,PERP,-0.026237251
0x56d3fc9aa7062fd7b893c1ae33b365776ae1ee9d,PIT,-0.017375397
0x56d3fc9aa7062fd7b893c1ae33b365776ae1ee9d,POLS,-0.01218411
0x56d3fc9aa7062fd7b893c1ae33b365776ae1ee9d,PYTH,-0.02911437
0x56d3fc9aa7062fd7b893c1ae33b365776ae1ee9d,QUACK,-0.06356202
0x56d3fc9aa7062fd7b893c1ae33b365776ae1ee9d,RDNT,-0.015360133
0x56d3fc9aa7062fd7b893c1ae33b365776ae1ee9d,RNDR,-0.010804066
0x56d3fc9aa7062fd7b893c1ae33b365776ae1ee9d,RPL,-0.03605669
0x56d3fc9aa7062fd7b893c1ae33b365776ae1ee9d,RUNE,-0.0076295077
0x56d3fc9aa7062fd7b893c1ae33b365776ae1ee9d,SFP,-0.03273059
0x56d3fc9aa7062fd7b893c1ae33b365776ae1ee9d,SFUND,-0.04299021
0x56d3fc9aa7062fd7b893c1ae33b365776ae1ee9d,SHIB,0.0060814815
0x56d3fc9aa7062fd7b893c1ae33b365776ae1ee9d,SOL,0.011832422
0x56d3fc9aa7062fd7b893c1ae33b365776ae1ee9d,STG,-0.01860137
0x56d3fc9aa7062fd7b893c1ae33b365776ae1ee9d,SUI,-0.016759105
0x56d3fc9aa7062fd7b893c1ae33b365776ae1ee9d,SUSHI,-0.010134979
0x56d3fc9aa7062fd7b893c1ae33b365776ae1ee9d,TIA,-0.012421912
0x56d3fc9aa7062fd7b893c1ae33b365776ae1ee9d,TOKEN,-0.017648261
0x56d3fc9aa7062fd7b893c1ae33b365776ae1ee9d,TRX,0.007010869
0x56d3fc9aa7062fd7b893c1ae33b365776ae1ee9d,UNI,-0.0018356673
0x56d3fc9aa7062fd7b893c1ae33b365776ae1ee9d,USDT,0.028673787
0x56d3fc9aa7062fd7b893c1ae33b365776ae1ee9d,XLM,0.0009909195
0x56d3fc9aa7062fd7b893c1ae33b365776ae1ee9d,XMR,-0.0019803524
0x56d3fc9aa7062fd7b893c1ae33b365776ae1ee9d,XRP,0.0072969124
0x56d3fc9aa7062fd7b893c1ae33b365776ae1ee9d,XTZ,-0.006671212
0x56d3fc9aa7062fd7b893c1ae33b365776ae1ee9d,XVS,-0.018129194
0x56d3fc9aa7062fd7b893c1ae33b365776ae1ee9d,YFI,-0.023845356
0x5f05ab6ed6106d6c962823e481bd9f39c6d60e96,AAVE,0.0126273691983622
0x5f05ab6ed6106d6c962823e481bd9f39c6d60e96,ADA,0.0021641114842718
0x5f05ab6ed6106d6c962823e481bd9f39c6d60e96,ALGO,-0.0007465217597903
0x5f05ab6ed6106d6c962823e481bd9f39c6d60e96,APE,0.0002037581590113
0x5f05ab6ed6106d6c962823e481bd9f39c6d60e96,APT,0.0029059964581347
0x5f05ab6ed6106d6c962823e481bd9f39c6d60e96,ATOM,-0.0077234455911813
0x5f05ab6ed6106d6c962823e481bd9f39c6d60e96,AVAX,-0.0007706328297969
0x5f05ab6ed6106d6c962823e481bd9f39c6d60e96,AXS,-0.0129211455462377
0x5f05ab6ed6106d6c962823e481bd9f39c6d60e96,BAL,-0.0091237215472616
0x5f05ab6ed6106d6c962823e481bd9f39c6d60e96,BCH,0.007340342256841
0x5f05ab6ed6106d6c962823e481bd9f39c6d60e96,BLUR,-0.0401995208199225
0x5f05ab6ed6106d6c962823e481bd9f39c6d60e96,BNB,0.0170150213501096
0x5f05ab6ed6106d6c962823e481bd9f39c6d60e96,BONK,-0.0105390782565623
0x5f05ab6ed6106d6c962823e481bd9f39c6d60e96,BTC,-0.0035014857841104
0x5f05ab6ed6106d6c962823e481bd9f39c6d60e96,C98,-0.0120700306195045
0x5f05ab6ed6106d6c962823e481bd9f39c6d60e96,CAKE,0.0447472629112978
0x5f05ab6ed6106d6c962823e481bd9f39c6d60e96,COMP,0.0010712648814311
0x5f05ab6ed6106d6c962823e481bd9f39c6d60e96,CRV,-0.0101054358279945
0x5f05ab6ed6106d6c962823e481bd9f39c6d60e96,CVX,-0.0336959433297881
0x5f05ab6ed6106d6c962823e481bd9f39c6d60e96,DAI,-0.0286934373042014
0x5f05ab6ed6106d6c962823e481bd9f39c6d60e96,DAO,-0.0169850006839876
0x5f05ab6ed6106d6c962823e481bd9f39c6d60e96,DOGE,-0.0065586629658308
0x5f05ab6ed6106d6c962823e481bd9f39c6d60e96,DOT,-0.002947140400883
0x5f05ab6ed6106d6c962823e481bd9f39c6d60e96,DYDX,-0.017099045135335
0x5f05ab6ed6106d6c962823e481bd9f39c6d60e96,EOS,-0.0104081163609045
0x5f05ab6ed6106d6c962823e481bd9f39c6d60e96,ETC,0.0217059120753658
0x5f05ab6ed6106d6c962823e481bd9f39c6d60e96,ETH,0.0158214794163926
0x5f05ab6ed6106d6c962823e481bd9f39c6d60e96,FET,-0.0165973156390289
0x5f05ab6ed6106d6c962823e481bd9f39c6d60e96,FIL,-0.0080912315110001
0x5f05ab6ed6106d6c962823e481bd9f39c6d60e96,FRAX,-0.0158001177570723
0x5f05ab6ed6106d6c962823e481bd9f39c6d60e96,FTM,-0.035651815331832
0x5f05ab6ed6106d6c962823e481bd9f39c6d60e96,FXS,-0.0197789842817321
0x5f05ab6ed6106d6c962823e481bd9f39c6d60e96,GRT,-0.0234108251874832
0x5f05ab6ed6106d6c962823e481bd9f39c6d60e96,HAI,-0.0171361185059274
0x5f05ab6ed6106d6c962823e481bd9f39c6d60e96,HERO,-0.0263523090383181
0x5f05ab6ed6106d6c962823e481bd9f39c6d60e96,ICP,-0.0151639147690655
0x5f05ab6ed6106d6c962823e481bd9f39c6d60e96,IMX,-0.0078748862022153
0x5f05ab6ed6106d6c962823e481bd9f39c6d60e96,INJ,0.033487941316337
0x5f05ab6ed6106d6c962823e481bd9f39c6d60e96,LDO,-0.0234190563582004
0x5f05ab6ed6106d6c962823e481bd9f39c6d60e96,LINK,0.0203111941013488
0x5f05ab6ed6106d6c962823e481bd9f39c6d60e96,LTC,0.0018142222470213
0x5f05ab6ed6106d6c962823e481bd9f39c6d60e96,MATIC,-0.0075526259883691
0x5f05ab6ed6106d6c962823e481bd9f39c6d60e96,MAV,-0.0181129302006707
0x5f05ab6ed6106d6c962823e481bd9f39c6d60e96,MBOX,-0.0265045346114095
0x5f05ab6ed6106d6c962823e481bd9f39c6d60e96,MKR,-0.0014048342496898
0x5f05ab6ed6106d6c962823e481bd9f39c6d60e96,MOON,-0.0211639890562331
0x5f05ab6ed6106d6c962823e481bd9f39c6d60e96,NEAR,-0.0127688999909416
0x5f05ab6ed6106d6c962823e481bd9f39c6d60e96,OP,-0.0267215065945824
0x5f05ab6ed6106d6c962823e481bd9f39c6d60e96,PENDLE,-0.0166445210045836
0x5f05ab6ed6106d6c962823e481bd9f39c6d60e96,PEPE,-0.0061022763699523
0x5f05ab6ed6106d6c962823e481bd9f39c6d60e96,PERP,-0.0210635896928084
0x5f05ab6ed6106d6c962823e481bd9f39c6d60e96,PIT,-0.0231175027508072
0x5f05ab6ed6106d6c962823e481bd9f39c6d60e96,POLS,-0.0210239762415929
0x5f05ab6ed6106d6c962823e481bd9f39c6d60e96,PYTH,-0.013970767401455
0x5f05ab6ed6106d6c962823e481bd9f39c6d60e96,QUACK,0.0002882542550878
0x5f05ab6ed6106d6c962823e481bd9f39c6d60e96,RDNT,-0.0158257516372649
0x5f05ab6ed6106d6c962823e481bd9f39c6d60e96,RNDR,-0.0026720425448793
0x5f05ab6ed6106d6c962823e481bd9f39c6d60e96,RPL,-0.0227269179740475
0x5f05ab6ed6106d6c962823e481bd9f39c6d60e96,RUNE,-0.0079346998986046
0x5f05ab6ed6106d6c962823e481bd9f39c6d60e96,SFP,-0.0170499478464955
0x5f05ab6ed6106d6c962823e481bd9f39c6d60e96,SFUND,-0.048709644688301
0x5f05ab6ed6106d6c962823e481bd9f39c6d60e96,SHIB,0.0404108078407431
0x5f05ab6ed6106d6c962823e481bd9f39c6d60e96,SOL,0.0252686330866952
0x5f05ab6ed6106d6c962823e481bd9f39c6d60e96,STG,-0.0039398460370244
0x5f05ab6ed6106d6c962823e481bd9f39c6d60e96,SUI,0.0089304994177761
0x5f05ab6ed6106d6c962823e481bd9f39c6d60e96,SUSHI,-0.0025750916175588
0x5f05ab6ed6106d6c962823e481bd9f39c6d60e96,TIA,-0.0135404125602544
0x5f05ab6ed6106d6c962823e481bd9f39c6d60e96,TOKEN,-0.0302851808747215
0x5f05ab6ed6106d6c962823e481bd9f39c6d60e96,TRX,0.012563676709342
0x5f05ab6ed6106d6c962823e481bd9f39c6d60e96,UNI,0.0060230769361213
0x5f05ab6ed6106d6c962823e481bd9f39c6d60e96,USDT,-0.013722015128214
0x5f05ab6ed6106d6c962823e481bd9f39c6d60e96,XLM,-0.0108812235406289
0x5f05ab6ed6106d6c962823e481bd9f39c6d60e96,XMR,0.0161511123322002
0x5f05ab6ed6106d6c962823e481bd9f39c6d60e96,XRP,0.0302485245434851
0x5f05ab6ed6106d6c962823e481bd9f39c6d60e96,XTZ,-0.0035596621878798
0x5f05ab6ed6106d6c962823e481bd9f39c6d60e96,XVS,-0.0179417993431344
0x5f05ab6ed6106d6c962823e481bd9f39c6d60e96,YFI,-0.0078508300841586
0x6cb72d052d57563180474923fdd9f827455637db,AAVE,0.0
0x6cb72d052d57563180474923fdd9f827455637db,ADA,0.0
0x6cb72d052d57563180474923fdd9f827455637db,ALGO,0.0
0x6cb72d052d57563180474923fdd9f827455637db,APE,0.0
0x6cb72d052d57563180474923fdd9f827455637db,APT,0.0
0x6cb72d052d57563180474923fdd9f827455637db,ATOM,0.0
0x6cb72d052d57563180474923fdd9f827455637db,AVAX,0.0
0x6cb72d052d57563180474923fdd9f827455637db,AXS,0.0
0x6cb72d052d57563180474923fdd9f827455637db,BAL,0.0
0x6cb72d052d57563180474923fdd9f827455637db,BCH,0.1
0x6cb72d052d57563180474923fdd9f827455637db,BLUR,0.0
0x6cb72d052d57563180474923fdd9f827455637db,BNB,0.1
0x6cb72d052d57563180474923fdd9f827455637db,BONK,0.0
0x6cb72d052d57563180474923fdd9f827455637db,BTC,0.1
0x6cb72d052d57563180474923fdd9f827455637db,C98,-0.1
0x6cb72d052d57563180474923fdd9f827455637db,CAKE,0.0
0x6cb72d052d57563180474923fdd9f827455637db,COMP,0.0
0x6cb72d052d57563180474923fdd9f827455637db,CRV,0.0
0x6cb72d052d57563180474923fdd9f827455637db,CVX,0.0
0x6cb72d052d57563180474923fdd9f827455637db,DAI,0.0
0x6cb72d052d57563180474923fdd9f827455637db,DAO,-0.1
0x6cb72d052d57563180474923fdd9f827455637db,DOGE,0.0
0x6cb72d052d57563180474923fdd9f827455637db,DOT,0.0
0x6cb72d052d57563180474923fdd9f827455637db,DYDX,-0.1
0x6cb72d052d57563180474923fdd9f827455637db,EOS,0.0
0x6cb72d052d57563180474923fdd9f827455637db,ETC,0.0
0x6cb72d052d57563180474923fdd9f827455637db,ETH,0.0
0x6cb72d052d57563180474923fdd9f827455637db,FET,0.0
0x6cb72d052d57563180474923fdd9f827455637db,FIL,-0.1
0x6cb72d052d57563180474923fdd9f827455637db,FRAX,0.0
0x6cb72d052d57563180474923fdd9f827455637db,FTM,0.0
0x6cb72d052d57563180474923fdd9f827455637db,FXS,-0.1
0x6cb72d052d57563180474923fdd9f827455637db,GRT,0.0
0x6cb72d052d57563180474923fdd9f827455637db,HAI,0.0
0x6cb72d052d57563180474923fdd9f827455637db,HERO,0.0
0x6cb72d052d57563180474923fdd9f827455637db,ICP,0.0
0x6cb72d052d57563180474923fdd9f827455637db,IMX,0.0
0x6cb72d052d57563180474923fdd9f827455637db,INJ,0.0
0x6cb72d052d57563180474923fdd9f827455637db,LDO,0.0
0x6cb72d052d57563180474923fdd9f827455637db,LINK,0.0
0x6cb72d052d57563180474923fdd9f827455637db,LTC,0.1
0x6cb72d052d57563180474923fdd9f827455637db,MATIC,0.0
0x6cb72d052d57563180474923fdd9f827455637db,MAV,0.0
0x6cb72d052d57563180474923fdd9f827455637db,MBOX,0.0
0x6cb72d052d57563180474923fdd9f827455637db,MKR,0.0
0x6cb72d052d57563180474923fdd9f827455637db,MOON,0.0
0x6cb72d052d57563180474923fdd9f827455637db,NEAR,0.0
0x6cb72d052d57563180474923fdd9f827455637db,OP,0.0
0x6cb72d052d57563180474923fdd9f827455637db,PENDLE,0.0
0x6cb72d052d57563180474923fdd9f827455637db,PEPE,0.0
0x6cb72d052d57563180474923fdd9f827455637db,PERP,0.0
0x6cb72d052d57563180474923fdd9f827455637db,PIT,0.0
0x6cb72d052d57563180474923fdd9f827455637db,POLS,0.0
0x6cb72d052d57563180474923fdd9f827455637db,PYTH,0.0
0x6cb72d052d57563180474923fdd9f827455637db,QUACK,0.0
0x6cb72d052d57563180474923fdd9f827455637db,RDNT,0.0
0x6cb72d052d57563180474923fdd9f827455637db,RNDR,0.0
0x6cb72d052d57563180474923fdd9f827455637db,RPL,0.0
0x6cb72d052d57563180474923fdd9f827455637db,RUNE,0.0
0x6cb72d052d57563180474923fdd9f827455637db,SFP,0.0
0x6cb72d052d57563180474923fdd9f827455637db,SFUND,0.0
0x6cb72d052d57563180474923fdd9f827455637db,SHIB,0.0
0x6cb72d052d57563180474923fdd9f827455637db,SOL,0.0
0x6cb72d052d57563180474923fdd9f827455637db,STG,0.0
0x6cb72d052d57563180474923fdd9f827455637db,SUI,0.0
0x6cb72d052d57563180474923fdd9f827455637db,SUSHI,0.0
0x6cb72d052d57563180474923fdd9f827455637db,TIA,0.0
0x6cb72d052d57563180474923fdd9f827455637db,TOKEN,0.0
0x6cb72d052d57563180474923fdd9f827455637db,TRX,0.0
0x6cb72d052d57563180474923fdd9f827455637db,UNI,0.0
0x6cb72d052d57563180474923fdd9f827455637db,USDT,0.0
0x6cb72d052d57563180474923fdd9f827455637db,XLM,0.0
0x6cb72d052d57563180474923fdd9f827455637db,XMR,0.0
0x6cb72d052d57563180474923fdd9f827455637db,XRP,0.1
0x6cb72d052d57563180474923fdd9f827455637db,XTZ,0.0
0x6cb72d052d57563180474923fdd9f827455637db,XVS,0.0
0x6cb72d052d57563180474923fdd9f827455637db,YFI,0.0
0x770a3026f8a348bebac2ba84cfc82f4ea01b420a,AAVE,-0.0172744831012518
0x770a3026f8a348bebac2ba84cfc82f4ea01b420a,ADA,-0.0433058600174787
0x770a3026f8a348bebac2ba84cfc82f4ea01b420a,ALGO,0.0283946110364093
0x770a3026f8a348bebac2ba84cfc82f4ea01b420a,APE,-0.0265164797801197
0x770a3026f8a348bebac2ba84cfc82f4ea01b420a,APT,-0.0209192588611219
0x770a3026f8a348bebac2ba84cfc82f4ea01b420a,ATOM,0.0277847596216527
0x770a3026f8a348bebac2ba84cfc82f4ea01b420a,AVAX,-0.05457133012076
0x770a3026f8a348bebac2ba84cfc82f4ea01b420a,AXS,-0.0159359595509025
0x770a3026f8a348bebac2ba84cfc82f4ea01b420a,BAL,-0.0731464290170408
0x770a3026f8a348bebac2ba84cfc82f4ea01b420a,BCH,-0.0099605499502236
0x770a3026f8a348bebac2ba84cfc82f4ea01b420a,BLUR,-0.0291023509083257
0x770a3026f8a348bebac2ba84cfc82f4ea01b420a,BNB,-0.0098597607876648
0x770a3026f8a348bebac2ba84cfc82f4ea01b420a,BONK,-0.0312160909480066
0x770a3026f8a348bebac2ba84cfc82f4ea01b420a,BTC,0.028528231398931
0x770a3026f8a348bebac2ba84cfc82f4ea01b420a,C98,-0.0224680922878319
0x770a3026f8a348bebac2ba84cfc82f4ea01b420a,CAKE,0.0060118315875049
0x770a3026f8a348bebac2ba84cfc82f4ea01b420a,COMP,-0.0415747449828965
0x770a3026f8a348bebac2ba84cfc82f4ea01b420a,CRV,-0.0720139190037521
0x770a3026f8a348bebac2ba84cfc82f4ea01b420a,CVX,-0.0214511357973962
0x770a3026f8a348bebac2ba84cfc82f4ea01b420a,DAI,-0.0113670142549406
0x770a3026f8a348bebac2ba84cfc82f4ea01b420a,DAO,-0.1019444490267427
0x770a3026f8a348bebac2ba84cfc82f4ea01b420a,DOGE,-0.0112937489931269
0x770a3026f8a348bebac2ba84cfc82f4ea01b420a,DOT,-0.0346623093252175
0x770a3026f8a348bebac2ba84cfc82f4ea01b420a,DYDX,-0.0575611006765078
0x770a3026f8a348bebac2ba84cfc82f4ea01b420a,EOS,-0.0235180569289963
0x770a3026f8a348bebac2ba84cfc82f4ea01b420a,ETC,0.0083567075982196
0x770a3026f8a348bebac2ba84cfc82f4ea01b420a,ETH,-0.033552164462729
0x770a3026f8a348bebac2ba84cfc82f4ea01b420a,FET,-0.0334725497241723
0x770a3026f8a348bebac2ba84cfc82f4ea01b420a,FIL,-0.0407147617002367
0x770a3026f8a348bebac2ba84cfc82f4ea01b420a,FRAX,-0.0108082601417023
0x770a3026f8a348bebac2ba84cfc82f4ea01b420a,FTM,-0.0046746891506325
0x770a3026f8a348bebac2ba84cfc82f4ea01b420a,FXS,-0.0740471105148034
0x770a3026f8a348bebac2ba84cfc82f4ea01b420a,GRT,-0.0296638387023081
0x770a3026f8a348bebac2ba84cfc82f4ea01b420a,HAI,0.0139162316204954
0x770a3026f8a348bebac2ba84cfc82f4ea01b420a,HERO,0.008935289057963
0x770a3026f8a348bebac2ba84cfc82f4ea01b420a,ICP,-0.0337670315339785
0x770a3026f8a348bebac2ba84cfc82f4ea01b420a,IMX,-0.0405519969560912
0x770a3026f8a348bebac2ba84cfc82f4ea01b420a,INJ,-0.0384052734675464
0x770a3026f8a348bebac2ba84cfc82f4ea01b420a,LDO,0.0016909947181325
0x770a3026f8a348bebac2ba84cfc82f4ea01b420a,LINK,-0.037501072806646
0x770a3026f8a348bebac2ba84cfc82f4ea01b420a,LTC,0.0350772781669638
0x770a3026f8a348bebac2ba84cfc82f4ea01b420a,MATIC,-0.0157655396991094
0x770a3026f8a348bebac2ba84cfc82f4ea01b420a,MAV,-0.0222862032600405
0x770a3026f8a348bebac2ba84cfc82f4ea01b420a,MBOX,-0.0769040237213125
0x770a3026f8a348bebac2ba84cfc82f4ea01b420a,MKR,-0.0101288568157338
0x770a3026f8a348bebac2ba84cfc82f4ea01b420a,MOON,0.0203355910054969
0x770a3026f8a348bebac2ba84cfc82f4ea01b420a,NEAR,-0.0622204604881555
0x770a3026f8a348bebac2ba84cfc82f4ea01b420a,OP,0.0093504308043252
0x770a3026f8a348bebac2ba84cfc82f4ea01b420a,PENDLE,-0.0206109919762168
0x770a3026f8a348bebac2ba84cfc82f4ea01b420a,PEPE,0.0013415019541672
0x770a3026f8a348bebac2ba84cfc82f4ea01b420a,PERP,-0.0710270741363613
0x770a3026f8a348bebac2ba84cfc82f4ea01b420a,PIT,-0.0589847746386859
0x770a3026f8a348bebac2ba84cfc82f4ea01b420a,POLS,-0.0596422013175242
0x770a3026f8a348bebac2ba84cfc82f4ea01b420a,PYTH,0.0149537061897542
0x770a3026f8a348bebac2ba84cfc82f4ea01b420a,QUACK,0.0589270687354631
0x770a3026f8a348bebac2ba84cfc82f4ea01b420a,RDNT,-0.0524698444164469
0x770a3026f8a348bebac2ba84cfc82f4ea01b420a,RNDR,-0.0608927840845125
0x770a3026f8a348bebac2ba84cfc82f4ea01b420a,RPL,-0.03775502304851
0x770a3026f8a348bebac2ba84cfc82f4ea01b420a,RUNE,-0.0227577714203074
0x770a3026f8a348bebac2ba84cfc82f4ea01b420a,SFP,0.0360828062494854
0x770a3026f8a348bebac2ba84cfc82f4ea01b420a,SFUND,-0.0670735377643609
0x770a3026f8a348bebac2ba84cfc82f4ea01b420a,SHIB,-0.0354881459105131
0x770a3026f8a348bebac2ba84cfc82f4ea01b420a,SOL,-0.0240172443317679
0x770a3026f8a348bebac2ba84cfc82f4ea01b420a,STG,-0.0770003023059012
0x770a3026f8a348bebac2ba84cfc82f4ea01b420a,SUI,-0.0123038350999371
0x770a3026f8a348bebac2ba84cfc82f4ea01b420a,SUSHI,-0.0413587123822996
0x770a3026f8a348bebac2ba84cfc82f4ea01b420a,TIA,-0.058829720972961
0x770a3026f8a348bebac2ba84cfc82f4ea01b420a,TOKEN,-0.0303880112711074
0x770a3026f8a348bebac2ba84cfc82f4ea01b420a,TRX,-0.0138049054133211
0x770a3026f8a348bebac2ba84cfc82f4ea01b420a,UNI,-0.0180974227893188
0x770a3026f8a348bebac2ba84cfc82f4ea01b420a,USDT,0.0343207435306357
0x770a3026f8a348bebac2ba84cfc82f4ea01b420a,XLM,0.0250558076677859
0x770a3026f8a348bebac2ba84cfc82f4ea01b420a,XMR,0.0307892396763096
0x770a3026f8a348bebac2ba84cfc82f4ea01b420a,XRP,0.0081355986608735
0x770a3026f8a348bebac2ba84cfc82f4ea01b420a,XTZ,-0.0578076268201115
0x770a3026f8a348bebac2ba84cfc82f4ea01b420a,XVS,-0.0501168543265664
0x770a3026f8a348bebac2ba84cfc82f4ea01b420a,YFI,-0.0371201649487762
0x7824282944b7cc7b8ef86ed9adbe21f49b247f97,AAVE,0.51781183
0x7824282944b7cc7b8ef86ed9adbe21f49b247f97,ADA,0.53244984
0x7824282944b7cc7b8ef86ed9adbe21f49b247f97,ALGO,0.5046268
0x7824282944b7cc7b8ef86ed9adbe21f49b247f97,APE,0.45079932
0x7824282944b7cc7b8ef86ed9adbe21f49b247f97,APT,0.5119967
0x7824282944b7cc7b8ef86ed9adbe21f49b247f97,ATOM,0.51170117
0x7824282944b7cc7b8ef86ed9adbe21f49b247f97,AVAX,0.5220977
0x7824282944b7cc7b8ef86ed9adbe21f49b247f97,AXS,0.4933515
0x7824282944b7cc7b8ef86ed9adbe21f49b247f97,BAL,0.5195031
0x7824282944b7cc7b8ef86ed9adbe21f49b247f97,BCH,0.534139
0x7824282944b7cc7b8ef86ed9adbe21f49b247f97,BLUR,0.46972632
0x7824282944b7cc7b8ef86ed9adbe21f49b247f97,BNB,0.5435374
0x7824282944b7cc7b8ef86ed9adbe21f49b247f97,BONK,0.48560184
0x7824282944b7cc7b8ef86ed9adbe21f49b247f97,BTC,0.56702346
0x7824282944b7cc7b8ef86ed9adbe21f49b247f97,C98,0.50910735
0x7824282944b7cc7b8ef86ed9adbe21f49b247f97,CAKE,0.53632534
0x7824282944b7cc7b8ef86ed9adbe21f49b247f97,COMP,0.5025161
0x7824282944b7cc7b8ef86ed9adbe21f49b247f97,CRV,0.53870356
0x7824282944b7cc7b8ef86ed9adbe21f49b247f97,CVX,0.5252832
0x7824282944b7cc7b8ef86ed9adbe21f49b247f97,DAI,0.5344196
0x7824282944b7cc7b8ef86ed9adbe21f49b247f97,DAO,0.48901138
0x7824282944b7cc7b8ef86ed9adbe21f49b247f97,DOGE,0.5270597
0x7824282944b7cc7b8ef86ed9adbe21f49b247f97,DOT,0.51945204
0x7824282944b7cc7b8ef86ed9adbe21f49b247f97,DYDX,0.45733353
0x7824282944b7cc7b8ef86ed9adbe21f49b247f97,EOS,0.506469
0x7824282944b7cc7b8ef86ed9adbe21f49b247f97,ETC,0.53674394
0x7824282944b7cc7b8ef86ed9adbe21f49b247f97,ETH,0.5401438
0x7824282944b7cc7b8ef86ed9adbe21f49b247f97,FET,0.48939577
0x7824282944b7cc7b8ef86ed9adbe21f49b247f97,FIL,0.48870412
0x7824282944b7cc7b8ef86ed9adbe21f49b247f97,FRAX,0.550391
0x7824282944b7cc7b8ef86ed9adbe21f49b247f97,FTM,0.49335033
0x7824282944b7cc7b8ef86ed9adbe21f49b247f97,FXS,0.5168423
0x7824282944b7cc7b8ef86ed9adbe21f49b247f97,GRT,0.52345765
0x7824282944b7cc7b8ef86ed9adbe21f49b247f97,HAI,0.4819339
0x7824282944b7cc7b8ef86ed9adbe21f49b247f97,HERO,0.5170121
0x7824282944b7cc7b8ef86ed9adbe21f49b247f97,ICP,0.48250812
0x7824282944b7cc7b8ef86ed9adbe21f49b247f97,IMX,0.5003643
0x7824282944b7cc7b8ef86ed9adbe21f49b247f97,INJ,0.52483666
0x7824282944b7cc7b8ef86ed9adbe21f49b247f97,LDO,0.48682186
0x7824282944b7cc7b8ef86ed9adbe21f49b247f97,LINK,0.5297082
0x7824282944b7cc7b8ef86ed9adbe21f49b247f97,LTC,0.54797596
0x7824282944b7cc7b8ef86ed9adbe21f49b247f97,MATIC,0.5400997
0x7824282944b7cc7b8ef86ed9adbe21f49b247f97,MAV,0.50795543
0x7824282944b7cc7b8ef86ed9adbe21f49b247f97,MBOX,0.4951064
0x7824282944b7cc7b8ef86ed9adbe21f49b247f97,MKR,0.5304125
0x7824282944b7cc7b8ef86ed9adbe21f49b247f97,MOON,0.49211156
0x7824282944b7cc7b8ef86ed9adbe21f49b247f97,NEAR,0.4886579
0x7824282944b7cc7b8ef86ed9adbe21f49b247f97,OP,0.48968402
0x7824282944b7cc7b8ef86ed9adbe21f49b247f97,PENDLE,0.4966029
0x7824282944b7cc7b8ef86ed9adbe21f49b247f97,PEPE,0.5183999
0x7824282944b7cc7b8ef86ed9adbe21f49b247f97,PERP,0.513764
0x7824282944b7cc7b8ef86ed9adbe21f49b247f97,PIT,0.5056554
0x7824282944b7cc7b8ef86ed9adbe21f49b247f97,POLS,0.5122742
0x7824282944b7cc7b8ef86ed9adbe21f49b247f97,PYTH,0.4873553
0x7824282944b7cc7b8ef86ed9adbe21f49b247f97,QUACK,0.50187474
0x7824282944b7cc7b8ef86ed9adbe21f49b247f97,RDNT,0.5047057
0x7824282944b7cc7b8ef86ed9adbe21f49b247f97,RNDR,0.52317375
0x7824282944b7cc7b8ef86ed9adbe21f49b247f97,RPL,0.51299834
0x7824282944b7cc7b8ef86ed9adbe21f49b247f97,RUNE,0.5250557
0x7824282944b7cc7b8ef86ed9adbe21f49b247f97,SFP,0.5108387
0x7824282944b7cc7b8ef86ed9adbe21f49b247f97,SFUND,0.40007368
0x7824282944b7cc7b8ef86ed9adbe21f49b247f97,SHIB,0.53320205
0x7824282944b7cc7b8ef86ed9adbe21f49b247f97,SOL,0.5403229
0x7824282944b7cc7b8ef86ed9adbe21f49b247f97,STG,0.50907975
0x7824282944b7cc7b8ef86ed9adbe21f49b247f97,SUI,0.46745813
0x7824282944b7cc7b8ef86ed9adbe21f49b247f97,SUSHI,0.5133642
0x7824282944b7cc7b8ef86ed9adbe21f49b247f97,TIA,0.47092465
0x7824282944b7cc7b8ef86ed9adbe21f49b247f97,TOKEN,0.49281353
0x7824282944b7cc7b8ef86ed9adbe21f49b247f97,TRX,0.5497138
0x7824282944b7cc7b8ef86ed9adbe21f49b247f97,UNI,0.50402236
0x7824282944b7cc7b8ef86ed9adbe21f49b247f97,USDT,0.52111673
0x7824282944b7cc7b8ef86ed9adbe21f49b247f97,XLM,0.5228301
0x7824282944b7cc7b8ef86ed9adbe21f49b247f97,XMR,0.5694074
0x7824282944b7cc7b8ef86ed9adbe21f49b247f97,XRP,0.539652
0x7824282944b7cc7b8ef86ed9adbe21f49b247f97,XTZ,0.5163075
0x7824282944b7cc7b8ef86ed9adbe21f49b247f97,XVS,0.52479917
0x7824282944b7cc7b8ef86ed9adbe21f49b247f97,YFI,0.534739
0x7de5ac173e8ee69177f6243cf9c70608f6e1ad05,AAVE,0.0081806242586412
0x7de5ac173e8ee69177f6243cf9c70608f6e1ad05,ADA,-0.0076414541600517
0x7de5ac173e8ee69177f6243cf9c70608f6e1ad05,ALGO,-0.0373049766991477
0x7de5ac173e8ee69177f6243cf9c70608f6e1ad05,APE,-0.0303434969072515
0x7de5ac173e8ee69177f6243cf9c70608f6e1ad05,APT,-0.0018412366151476
0x7de5ac173e8ee69177f6243cf9c70608f6e1ad05,ATOM,-0.0106895580524106
0x7de5ac173e8ee69177f6243cf9c70608f6e1ad05,AVAX,-0.013201735514491
0x7de5ac173e8ee69177f6243cf9c70608f6e1ad05,AXS,-0.0314397444087937
0x7de5ac173e8ee69177f6243cf9c70608f6e1ad05,BAL,-0.0280150387289089
0x7de5ac173e8ee69177f6243cf9c70608f6e1ad05,BCH,0.0197322349478458
0x7de5ac173e8ee69177f6243cf9c70608f6e1ad05,BLUR,-0.0581668462703607
0x7de5ac173e8ee69177f6243cf9c70608f6e1ad05,BNB,0.0002870227050595
0x7de5ac173e8ee69177f6243cf9c70608f6e1ad05,BONK,-0.0324343665708141
0x7de5ac173e8ee69177f6243cf9c70608f6e1ad05,BTC,-0.0486369547878327
0x7de5ac173e8ee69177f6243cf9c70608f6e1ad05,C98,-0.0260510736390072
0x7de5ac173e8ee69177f6243cf9c70608f6e1ad05,CAKE,0.0015090903922411
0x7de5ac173e8ee69177f6243cf9c70608f6e1ad05,COMP,-0.0041022068939538
0x7de5ac173e8ee69177f6243cf9c70608f6e1ad05,CRV,-0.017377004873743
0x7de5ac173e8ee69177f6243cf9c70608f6e1ad05,CVX,-0.0282104685764357
0x7de5ac173e8ee69177f6243cf9c70608f6e1ad05,DAI,-0.0193390864842838
0x7de5ac173e8ee69177f6243cf9c70608f6e1ad05,DAO,-0.023336328174405
0x7de5ac173e8ee69177f6243cf9c70608f6e1ad05,DOGE,-0.0461339230897579
0x7de5ac173e8ee69177f6243cf9c70608f6e1ad05,DOT,-0.0006069004940617
0x7de5ac173e8ee69177f6243cf9c70608f6e1ad05,DYDX,-0.048273353238465
0x7de5ac173e8ee69177f6243cf9c70608f6e1ad05,EOS,-0.0406142278710045
0x7de5ac173e8ee69177f6243cf9c70608f6e1ad05,ETC,0.0687228852394402
0x7de5ac173e8ee69177f6243cf9c70608f6e1ad05,ETH,0.0035646918524695
0x7de5ac173e8ee69177f6243cf9c70608f6e1ad05,FET,-0.0391923256847912
0x7de5ac173e8ee69177f6243cf9c70608f6e1ad05,FIL,-0.0197424087084688
0x7de5ac173e8ee69177f6243cf9c70608f6e1ad05,FRAX,-0.022082095047857
0x7de5ac173e8ee69177f6243cf9c70608f6e1ad05,FTM,-0.0281926840277227
0x7de5ac173e8ee69177f6243cf9c70608f6e1ad05,FXS,-0.0243988635205585
0x7de5ac173e8ee69177f6243cf9c70608f6e1ad05,GRT,-0.0125554567937312
0x7de5ac173e8ee69177f6243cf9c70608f6e1ad05,HAI,-0.0335352635420918
0x7de5ac173e8ee69177f6243cf9c70608f6e1ad05,HERO,-0.0364167864595232
0x7de5ac173e8ee69177f6243cf9c70608f6e1ad05,ICP,-0.0538338707630044
0x7de5ac173e8ee69177f6243cf9c70608f6e1ad05,IMX,-0.0301078052483867
0x7de5ac173e8ee69177f6243cf9c70608f6e1ad05,INJ,-0.0018790690165192
0x7de5ac173e8ee69177f6243cf9c70608f6e1ad05,LDO,-0.0331988226410213
0x7de5ac173e8ee69177f6243cf9c70608f6e1ad05,LINK,0.0293169972768723
0x7de5ac173e8ee69177f6243cf9c70608f6e1ad05,LTC,0.0183302507020595
0x7de5ac173e8ee69177f6243cf9c70608f6e1ad05,MATIC,-0.0345497008379334
0x7de5ac173e8ee69177f6243cf9c70608f6e1ad05,MAV,-0.0288328883984317
0x7de5ac173e8ee69177f6243cf9c70608f6e1ad05,MBOX,-0.0383193353325914
0x7de5ac173e8ee69177f6243cf9c70608f6e1ad05,MKR,0.0052920518389493
0x7de5ac173e8ee69177f6243cf9c70608f6e1ad05,MOON,-0.0027912277571854
0x7de5ac173e8ee69177f6243cf9c70608f6e1ad05,NEAR,-0.0325452042363091
0x7de5ac173e8ee69177f6243cf9c70608f6e1ad05,OP,-0.0004475198265273
0x7de5ac173e8ee69177f6243cf9c70608f6e1ad05,PENDLE,-0.0325259025052081
0x7de5ac173e8ee69177f6243cf9c70608f6e1ad05,PEPE,-0.015874051779745
0x7de5ac173e8ee69177f6243cf9c70608f6e1ad05,PERP,-0.034888341661333
0x7de5ac173e8ee69177f6243cf9c70608f6e1ad05,PIT,-0.0385683856642823
0x7de5ac173e8ee69177f6243cf9c70608f6e1ad05,POLS,-0.0350116073785856
0x7de5ac173e8ee69177f6243cf9c70608f6e1ad05,PYTH,-0.0332186947701516
0x7de5ac173e8ee69177f6243cf9c70608f6e1ad05,QUACK,-0.0147582114378884
0x7de5ac173e8ee69177f6243cf9c70608f6e1ad05,RDNT,-0.0388354392814053
0x7de5ac173e8ee69177f6243cf9c70608f6e1ad05,RNDR,-0.0178935812940075
0x7de5ac173e8ee69177f6243cf9c70608f6e1ad05,RPL,-0.0292711142187264
0x7de5ac173e8ee69177f6243cf9c70608f6e1ad05,RUNE,-0.02192580850198
0x7de5ac173e8ee69177f6243cf9c70608f6e1ad05,SFP,-0.0231584876404171
0x7de5ac173e8ee69177f6243cf9c70608f6e1ad05,SFUND,-0.0665294207763879
0x7de5ac173e8ee69177f6243cf9c70608f6e1ad05,SHIB,0.0153089656024072
0x7de5ac173e8ee69177f6243cf9c70608f6e1ad05,SOL,0.0062754330426878
0x7de5ac173e8ee69177f6243cf9c70608f6e1ad05,STG,-0.0241713132442334
0x7de5ac173e8ee69177f6243cf9c70608f6e1ad05,SUI,-0.0529310193810615
0x7de5ac173e8ee69177f6243cf9c70608f6e1ad05,SUSHI,-0.010691565465731
0x7de5ac173e8ee69177f6243cf9c70608f6e1ad05,TIA,-0.0512697131689922
0x7de5ac173e8ee69177f6243cf9c70608f6e1ad05,TOKEN,-0.0497222234142456
0x7de5ac173e8ee69177f6243cf9c70608f6e1ad05,TRX,0.000754199445947
0x7de5ac173e8ee69177f6243cf9c70608f6e1ad05,UNI,8.379218128640744E-7
0x7de5ac173e8ee69177f6243cf9c70608f6e1ad05,USDT,-0.0052461279701679
0x7de5ac173e8ee69177f6243cf9c70608f6e1ad05,XLM,-0.0070540916432751
0x7de5ac173e8ee69177f6243cf9c70608f6e1ad05,XMR,-0.0081096555352492
0x7de5ac173e8ee69177f6243cf9c70608f6e1ad05,XRP,-0.0103974950727727
0x7de5ac173e8ee69177f6243cf9c70608f6e1ad05,XTZ,-0.0329582086118944
0x7de5ac173e8ee69177f6243cf9c70608f6e1ad05,XVS,-0.0393504870635967
0x7de5ac173e8ee69177f6243cf9c70608f6e1ad05,YFI,-0.033178868057667
0x81fbfb07888fff733958210796af7cbe4368ae5f,AAVE,-27.97013173311105
0x81fbfb07888fff733958210796af7cbe4368ae5f,ADA,11.005671328897408
0x81fbfb07888fff733958210796af7cbe4368ae5f,ALGO,-17.31941066260774
0x81fbfb07888fff733958210796af7cbe4368ae5f,APE,17.318361925771917
0x81fbfb07888fff733958210796af7cbe4368ae5f,APT,-26.57825158824312
0x81fbfb07888fff733958210796af7cbe4368ae5f,ATOM,31.122902143698948
0x81fbfb07888fff733958210796af7cbe4368ae5f,AVAX,-31.627015187162552
0x81fbfb07888fff733958210796af7cbe4368ae5f,AXS,-26.57825158824312
0x81fbfb07888fff733958210796af7cbe4368ae5f,BAL,-26.57825158824312
0x81fbfb07888fff733958210796af7cbe4368ae5f,BCH,-36.91630836196904
0x81fbfb07888fff733958210796af7cbe4368ae5f,BLUR,-26.57825158824312
0x81fbfb07888fff733958210796af7cbe4368ae5f,BNB,-46.11988928961101
0x81fbfb07888fff733958210796af7cbe4368ae5f,BONK,-26.57825158824312
0x81fbfb07888fff733958210796af7cbe4368ae5f,BTC,-74.38386146758361
0x81fbfb07888fff733958210796af7cbe4368ae5f,C98,-26.57825158824312
0x81fbfb07888fff733958210796af7cbe4368ae5f,CAKE,-35.78183251588509
0x81fbfb07888fff733958210796af7cbe4368ae5f,COMP,-31.627015187162552
0x81fbfb07888fff733958210796af7cbe4368ae5f,CRV,-36.82358693398236
0x81fbfb07888fff733958210796af7cbe4368ae5f,CVX,-31.627015187162552
0x81fbfb07888fff733958210796af7cbe4368ae5f,DAI,-26.57825158824312
0x81fbfb07888fff733958210796af7cbe4368ae5f,DAO,-31.627015187162552
0x81fbfb07888fff733958210796af7cbe4368ae5f,DOGE,-18.85596930046659
0x81fbfb07888fff733958210796af7cbe4368ae5f,DOT,-97.54151401562711
0x81fbfb07888fff733958210796af7cbe4368ae5f,DYDX,-50.453163592424445
0x81fbfb07888fff733958210796af7cbe4368ae5f,EOS,-26.57825158824312
0x81fbfb07888fff733958210796af7cbe4368ae5f,ETC,-36.82358693398236
0x81fbfb07888fff733958210796af7cbe4368ae5f,ETH,23.58019310698765
0x81fbfb07888fff733958210796af7cbe4368ae5f,FET,-26.57825158824312
0x81fbfb07888fff733958210796af7cbe4368ae5f,FIL,-31.627015187162552
0x81fbfb07888fff733958210796af7cbe4368ae5f,FRAX,-26.57825158824312
0x81fbfb07888fff733958210796af7cbe4368ae5f,FTM,-45.53781564604903
0x81fbfb07888fff733958210796af7cbe4368ae5f,FXS,-26.57825158824312
0x81fbfb07888fff733958210796af7cbe4368ae5f,GRT,-46.26769743751137
0x81fbfb07888fff733958210796af7cbe4368ae5f,HAI,-26.57825158824312
0x81fbfb07888fff733958210796af7cbe4368ae5f,HERO,-26.57825158824312
0x81fbfb07888fff733958210796af7cbe4368ae5f,ICP,-31.627015187162552
0x81fbfb07888fff733958210796af7cbe4368ae5f,IMX,-26.57825158824312
0x81fbfb07888fff733958210796af7cbe4368ae5f,INJ,-26.57825158824312
0x81fbfb07888fff733958210796af7cbe4368ae5f,LDO,-26.57825158824312
0x81fbfb07888fff733958210796af7cbe4368ae5f,LINK,-40.83059611480453
0x81fbfb07888fff733958210796af7cbe4368ae5f,LTC,-31.627015187162552
0x81fbfb07888fff733958210796af7cbe4368ae5f,MATIC,-46.11988928961101
0x81fbfb07888fff733958210796af7cbe4368ae5f,MAV,-26.57825158824312
0x81fbfb07888fff733958210796af7cbe4368ae5f,MBOX,-26.57825158824312
0x81fbfb07888fff733958210796af7cbe4368ae5f,MKR,-26.57825158824312
0x81fbfb07888fff733958210796af7cbe4368ae5f,MOON,-221.9545238517174
0x81fbfb07888fff733958210796af7cbe4368ae5f,NEAR,-26.57825158824312
0x81fbfb07888fff733958210796af7cbe4368ae5f,OP,-46.49527126980629
0x81fbfb07888fff733958210796af7cbe4368ae5f,PENDLE,-26.57825158824312
0x81fbfb07888fff733958210796af7cbe4368ae5f,PEPE,-31.627015187162552
0x81fbfb07888fff733958210796af7cbe4368ae5f,PERP,-31.627015187162552
0x81fbfb07888fff733958210796af7cbe4368ae5f,PIT,-26.57825158824312
0x81fbfb07888fff733958210796af7cbe4368ae5f,POLS,-26.57825158824312
0x81fbfb07888fff733958210796af7cbe4368ae5f,PYTH,-26.57825158824312
0x81fbfb07888fff733958210796af7cbe4368ae5f,QUACK,161.96608647659232
0x81fbfb07888fff733958210796af7cbe4368ae5f,RDNT,-26.57825158824312
0x81fbfb07888fff733958210796af7cbe4368ae5f,RNDR,-41.37589642845738
0x81fbfb07888fff733958210796af7cbe4368ae5f,RPL,-26.57825158824312
0x81fbfb07888fff733958210796af7cbe4368ae5f,RUNE,-26.57825158824312
0x81fbfb07888fff733958210796af7cbe4368ae5f,SFP,-26.57825158824312
0x81fbfb07888fff733958210796af7cbe4368ae5f,SFUND,-26.57825158824312
0x81fbfb07888fff733958210796af7cbe4368ae5f,SHIB,-26.57825158824312
0x81fbfb07888fff733958210796af7cbe4368ae5f,SOL,-40.83059611480453
0x81fbfb07888fff733958210796af7cbe4368ae5f,STG,-26.57825158824312
0x81fbfb07888fff733958210796af7cbe4368ae5f,SUI,-31.627015187162552
0x81fbfb07888fff733958210796af7cbe4368ae5f,SUSHI,-26.57825158824312
0x81fbfb07888fff733958210796af7cbe4368ae5f,TIA,-26.57825158824312
0x81fbfb07888fff733958210796af7cbe4368ae5f,TOKEN,-26.57825158824312
0x81fbfb07888fff733958210796af7cbe4368ae5f,TRX,-46.11988928961101
0x81fbfb07888fff733958210796af7cbe4368ae5f,UNI,-26.57825158824312
0x81fbfb07888fff733958210796af7cbe4368ae5f,USDT,-61.72678925094084
0x81fbfb07888fff733958210796af7cbe4368ae5f,XLM,-26.57825158824312
0x81fbfb07888fff733958210796af7cbe4368ae5f,XMR,-31.627015187162552
0x81fbfb07888fff733958210796af7cbe4368ae5f,XRP,-36.0866032536509
0x81fbfb07888fff733958210796af7cbe4368ae5f,XTZ,-26.883022326008938
0x81fbfb07888fff733958210796af7cbe4368ae5f,XVS,-26.57825158824312
0x81fbfb07888fff733958210796af7cbe4368ae5f,YFI,-26.57825158824312
0x8a8e1c4e454e092fc19c6cca2034bd22b29781e7,AAVE,0.0024738312
0x8a8e1c4e454e092fc19c6cca2034bd22b29781e7,ADA,-0.00016909838
0x8a8e1c4e454e092fc19c6cca2034bd22b29781e7,ALGO,-0.00036895275
0x8a8e1c4e454e092fc19c6cca2034bd22b29781e7,APE,0.0011748075
0x8a8e1c4e454e092fc19c6cca2034bd22b29781e7,APT,0.00025629997
0x8a8e1c4e454e092fc19c6cca2034bd22b29781e7,ATOM,0.0000015497208
0x8a8e1c4e454e092fc19c6cca2034bd22b29781e7,AVAX,0.0000013113022
0x8a8e1c4e454e092fc19c6cca2034bd22b29781e7,AXS,-0.00014638901
0x8a8e1c4e454e092fc19c6cca2034bd22b29781e7,BAL,-0.00016254187
0x8a8e1c4e454e092fc19c6cca2034bd22b29781e7,BCH,0.000010728836
0x8a8e1c4e454e092fc19c6cca2034bd22b29781e7,BLUR,-0.00018388033
0x8a8e1c4e454e092fc19c6cca2034bd22b29781e7,BNB,0.0024514198
0x8a8e1c4e454e092fc19c6cca2034bd22b29781e7,BONK,-0.000028073788
0x8a8e1c4e454e092fc19c6cca2034bd22b29781e7,BTC,0.00009608269
0x8a8e1c4e454e092fc19c6cca2034bd22b29781e7,C98,-0.00048661232
0x8a8e1c4e454e092fc19c6cca2034bd22b29781e7,CAKE,0.00097596645
0x8a8e1c4e454e092fc19c6cca2034bd22b29781e7,COMP,0.0008430481
0x8a8e1c4e454e092fc19c6cca2034bd22b29781e7,CRV,0.00013649464
0x8a8e1c4e454e092fc19c6cca2034bd22b29781e7,CVX,-0.0006183386
0x8a8e1c4e454e092fc19c6cca2034bd22b29781e7,DAI,-0.00015085936
0x8a8e1c4e454e092fc19c6cca2034bd22b29781e7,DAO,0.0020053387
0x8a8e1c4e454e092fc19c6cca2034bd22b29781e7,DOGE,0.00022089481
0x8a8e1c4e454e092fc19c6cca2034bd22b29781e7,DOT,0.0
0x8a8e1c4e454e092fc19c6cca2034bd22b29781e7,DYDX,-0.00003260374
0x8a8e1c4e454e092fc19c6cca2034bd22b29781e7,EOS,-0.00017720461
0x8a8e1c4e454e092fc19c6cca2034bd22b29781e7,ETC,0.00014388561
0x8a8e1c4e454e092fc19c6cca2034bd22b29781e7,ETH,0.0000015497208
0x8a8e1c4e454e092fc19c6cca2034bd22b29781e7,FET,-0.00012493134
0x8a8e1c4e454e092fc19c6cca2034bd22b29781e7,FIL,-0.00016075373
0x8a8e1c4e454e092fc19c6cca2034bd22b29781e7,FRAX,-0.00018656254
0x8a8e1c4e454e092fc19c6cca2034bd22b29781e7,FTM,0.00004851818
0x8a8e1c4e454e092fc19c6cca2034bd22b29781e7,FXS,-0.00016433
0x8a8e1c4e454e092fc19c6cca2034bd22b29781e7,GRT,-0.0011594892
0x8a8e1c4e454e092fc19c6cca2034bd22b29781e7,HAI,-0.0005643964
0x8a8e1c4e454e092fc19c6cca2034bd22b29781e7,HERO,-0.00024819374
0x8a8e1c4e454e092fc19c6cca2034bd22b29781e7,ICP,0.000018954277
0x8a8e1c4e454e092fc19c6cca2034bd22b29781e7,IMX,-0.00018048286
0x8a8e1c4e454e092fc19c6cca2034bd22b29781e7,INJ,-0.00036102533
0x8a8e1c4e454e092fc19c6cca2034bd22b29781e7,LDO,-0.0002874136
0x8a8e1c4e454e092fc19c6cca2034bd22b29781e7,LINK,0.000039458275
0x8a8e1c4e454e092fc19c6cca2034bd22b29781e7,LTC,-0.000060915947
0x8a8e1c4e454e092fc19c6cca2034bd22b29781e7,MATIC,-0.00015181303
0x8a8e1c4e454e092fc19c6cca2034bd22b29781e7,MAV,-0.00048971176
0x8a8e1c4e454e092fc19c6cca2034bd22b29781e7,MBOX,-0.0002706647
0x8a8e1c4e454e092fc19c6cca2034bd22b29781e7,MKR,0.0
0x8a8e1c4e454e092fc19c6cca2034bd22b29781e7,MOON,-0.000013113022
0x8a8e1c4e454e092fc19c6cca2034bd22b29781e7,NEAR,-0.00006556511
0x8a8e1c4e454e092fc19c6cca2034bd22b29781e7,OP,0.0011521578
0x8a8e1c4e454e092fc19c6cca2034bd22b29781e7,PENDLE,-0.0009828806
0x8a8e1c4e454e092fc19c6cca2034bd22b29781e7,PEPE,-0.000908494
0x8a8e1c4e454e092fc19c6cca2034bd22b29781e7,PERP,-0.00017488003
0x8a8e1c4e454e092fc19c6cca2034bd22b29781e7,PIT,-0.00015926361
0x8a8e1c4e454e092fc19c6cca2034bd22b29781e7,POLS,-0.00018632412
0x8a8e1c4e454e092fc19c6cca2034bd22b29781e7,PYTH,-0.00006830692
0x8a8e1c4e454e092fc19c6cca2034bd22b29781e7,QUACK,-0.00013160706
0x8a8e1c4e454e092fc19c6cca2034bd22b29781e7,RDNT,-0.00010085106
0x8a8e1c4e454e092fc19c6cca2034bd22b29781e7,RNDR,0.0000023841858
0x8a8e1c4e454e092fc19c6cca2034bd22b29781e7,RPL,-0.00015300512
0x8a8e1c4e454e092fc19c6cca2034bd22b29781e7,RUNE,0.00009381771
0x8a8e1c4e454e092fc19c6cca2034bd22b29781e7,SFP,-0.00012224913
0x8a8e1c4e454e092fc19c6cca2034bd22b29781e7,SFUND,-0.00035107136
0x8a8e1c4e454e092fc19c6cca2034bd22b29781e7,SHIB,-0.00021588802
0x8a8e1c4e454e092fc19c6cca2034bd22b29781e7,SOL,0.0004916191
0x8a8e1c4e454e092fc19c6cca2034bd22b29781e7,STG,-0.0001603365
0x8a8e1c4e454e092fc19c6cca2034bd22b29781e7,SUI,0.000034332275
0x8a8e1c4e454e092fc19c6cca2034bd22b29781e7,SUSHI,0.00012075901
0x8a8e1c4e454e092fc19c6cca2034bd22b29781e7,TIA,-0.00049459934
0x8a8e1c4e454e092fc19c6cca2034bd22b29781e7,TOKEN,-0.0002617836
0x8a8e1c4e454e092fc19c6cca2034bd22b29781e7,TRX,0.0000333786
0x8a8e1c4e454e092fc19c6cca2034bd22b29781e7,UNI,0.0009893179
0x8a8e1c4e454e092fc19c6cca2034bd22b29781e7,USDT,-0.0009329319
0x8a8e1c4e454e092fc19c6cca2034bd22b29781e7,XLM,0.0020025969
0x8a8e1c4e454e092fc19c6cca2034bd22b29781e7,XMR,0.0
0x8a8e1c4e454e092fc19c6cca2034bd22b29781e7,XRP,0.0012168884
0x8a8e1c4e454e092fc19c6cca2034bd22b29781e7,XTZ,-0.0004696846
0x8a8e1c4e454e092fc19c6cca2034bd22b29781e7,XVS,-0.00018846989
0x8a8e1c4e454e092fc19c6cca2034bd22b29781e7,YFI,-0.000028669834
0x9250dbb45c4883de42348897b676ad11d6f5703c,AAVE,0.0
0x9250dbb45c4883de42348897b676ad11d6f5703c,ADA,0.0
0x9250dbb45c4883de42348897b676ad11d6f5703c,ALGO,0.0
0x9250dbb45c4883de42348897b676ad11d6f5703c,APE,-0.0625
0x9250dbb45c4883de42348897b676ad11d6f5703c,APT,-0.0625
0x9250dbb45c4883de42348897b676ad11d6f5703c,ATOM,0.0
0x9250dbb45c4883de42348897b676ad11d6f5703c,AVAX,0.0
0x9250dbb45c4883de42348897b676ad11d6f5703c,AXS,0.0
0x9250dbb45c4883de42348897b676ad11d6f5703c,BAL,0.0
0x9250dbb45c4883de42348897b676ad11d6f5703c,BCH,0.0
0x9250dbb45c4883de42348897b676ad11d6f5703c,BLUR,-0.0625
0x9250dbb45c4883de42348897b676ad11d6f5703c,BNB,0.0625
0x9250dbb45c4883de42348897b676ad11d6f5703c,BONK,0.0
0x9250dbb45c4883de42348897b676ad11d6f5703c,BTC,0.0625
0x9250dbb45c4883de42348897b676ad11d6f5703c,C98,0.0
0x9250dbb45c4883de42348897b676ad11d6f5703c,CAKE,0.0
0x9250dbb45c4883de42348897b676ad11d6f5703c,COMP,0.0
0x9250dbb45c4883de42348897b676ad11d6f5703c,CRV,0.0
0x9250dbb45c4883de42348897b676ad11d6f5703c,CVX,0.0
0x9250dbb45c4883de42348897b676ad11d6f5703c,DAI,0.0
0x9250dbb45c4883de42348897b676ad11d6f5703c,DAO,0.0
0x9250dbb45c4883de42348897b676ad11d6f5703c,DOGE,0.0
0x9250dbb45c4883de42348897b676ad11d6f5703c,DOT,0.0
0x9250dbb45c4883de42348897b676ad11d6f5703c,DYDX,0.0
0x9250dbb45c4883de42348897b676ad11d6f5703c,EOS,0.0
0x9250dbb45c4883de42348897b676ad11d6f5703c,ETC,0.0
0x9250dbb45c4883de42348897b676ad11d6f5703c,ETH,0.0625
0x9250dbb45c4883de42348897b676ad11d6f5703c,FET,-0.0625
0x9250dbb45c4883de42348897b676ad11d6f5703c,FIL,0.0
0x9250dbb45c4883de42348897b676ad11d6f5703c,FRAX,0.0
0x9250dbb45c4883de42348897b676ad11d6f5703c,FTM,0.0
0x9250dbb45c4883de42348897b676ad11d6f5703c,FXS,0.0
0x9250dbb45c4883de42348897b676ad11d6f5703c,GRT,0.0
0x9250dbb45c4883de42348897b676ad11d6f5703c,HAI,0.0
0x9250dbb45c4883de42348897b676ad11d6f5703c,HERO,0.0
0x9250dbb45c4883de42348897b676ad11d6f5703c,ICP,0.0
0x9250dbb45c4883de42348897b676ad11d6f5703c,IMX,0.0
0x9250dbb45c4883de42348897b676ad11d6f5703c,INJ,0.0
0x9250dbb45c4883de42348897b676ad11d6f5703c,LDO,0.0
0x9250dbb45c4883de42348897b676ad11d6f5703c,LINK,0.0
0x9250dbb45c4883de42348897b676ad11d6f5703c,LTC,0.0625
0x9250dbb45c4883de42348897b676ad11d6f5703c,MATIC,0.0
0x9250dbb45c4883de42348897b676ad11d6f5703c,MAV,0.0
0x9250dbb45c4883de42348897b676ad11d6f5703c,MBOX,0.0
0x9250dbb45c4883de42348897b676ad11d6f5703c,MKR,0.0
0x9250dbb45c4883de42348897b676ad11d6f5703c,MOON,0.0
0x9250dbb45c4883de42348897b676ad11d6f5703c,NEAR,0.0
0x9250dbb45c4883de42348897b676ad11d6f5703c,OP,-0.0625
0x9250dbb45c4883de42348897b676ad11d6f5703c,PENDLE,-0.0625
0x9250dbb45c4883de42348897b676ad11d6f5703c,PEPE,0.0
0x9250dbb45c4883de42348897b676ad11d6f5703c,PERP,0.0
0x9250dbb45c4883de42348897b676ad11d6f5703c,PIT,0.0
0x9250dbb45c4883de42348897b676ad11d6f5703c,POLS,0.0
0x9250dbb45c4883de42348897b676ad11d6f5703c,PYTH,0.0
0x9250dbb45c4883de42348897b676ad11d6f5703c,QUACK,0.0
0x9250dbb45c4883de42348897b676ad11d6f5703c,RDNT,0.0
0x9250dbb45c4883de42348897b676ad11d6f5703c,RNDR,0.0
0x9250dbb45c4883de42348897b676ad11d6f5703c,RPL,0.0
0x9250dbb45c4883de42348897b676ad11d6f5703c,RUNE,0.0
0x9250dbb45c4883de42348897b676ad11d6f5703c,SFP,0.0
0x9250dbb45c4883de42348897b676ad11d6f5703c,SFUND,0.0
0x9250dbb45c4883de42348897b676ad11d6f5703c,SHIB,0.0625
0x9250dbb45c4883de42348897b676ad11d6f5703c,SOL,0.0
0x9250dbb45c4883de42348897b676ad11d6f5703c,STG,0.0
0x9250dbb45c4883de42348897b676ad11d6f5703c,SUI,-0.0625
0x9250dbb45c4883de42348897b676ad11d6f5703c,SUSHI,0.0
0x9250dbb45c4883de42348897b676ad11d6f5703c,TIA,-0.0625
0x9250dbb45c4883de42348897b676ad11d6f5703c,TOKEN,0.0
0x9250dbb45c4883de42348897b676ad11d6f5703c,TRX,0.0625
0x9250dbb45c4883de42348897b676ad11d6f5703c,UNI,0.0
0x9250dbb45c4883de42348897b676ad11d6f5703c,USDT,0.0
0x9250dbb45c4883de42348897b676ad11d6f5703c,XLM,0.0
0x9250dbb45c4883de42348897b676ad11d6f5703c,XMR,0.0
0x9250dbb45c4883de42348897b676ad11d6f5703c,XRP,0.0625
0x9250dbb45c4883de42348897b676ad11d6f5703c,XTZ,0.0625
0x9250dbb45c4883de42348897b676ad11d6f5703c,XVS,0.0
0x9250dbb45c4883de42348897b676ad11d6f5703c,YFI,0.0
0x98e41d65e981a882afcb05d41939197da3465b6f,AAVE,-0.0163714935672235
0x98e41d65e981a882afcb05d41939197da3465b6f,ADA,-0.0230172228200252
0x98e41d65e981a882afcb05d41939197da3465b6f,ALGO,-0.029385267828622
0x98e41d65e981a882afcb05d41939197da3465b6f,APE,-0.0328088889242053
0x98e41d65e981a882afcb05d41939197da3465b6f,APT,-0.0368147715584397
0x98e41d65e981a882afcb05d41939197da3465b6f,ATOM,-0.0329178718508023
0x98e41d65e981a882afcb05d41939197da3465b6f,AVAX,-0.0288574577785701
0x98e41d65e981a882afcb05d41939197da3465b6f,AXS,-0.0342091441872231
0x98e41d65e981a882afcb05d41939197da3465b6f,BAL,-0.0245510893651119
0x98e41d65e981a882afcb05d41939197da3465b6f,BCH,-0.0075081006457525
0x98e41d65e981a882afcb05d41939197da3465b6f,BLUR,-0.0352210269807407
0x98e41d65e981a882afcb05d41939197da3465b6f,BNB,-0.0099491963002172
0x98e41d65e981a882afcb05d41939197da3465b6f,BONK,-0.0295669288601687
0x98e41d65e981a882afcb05d41939197da3465b6f,BTC,-0.0080611492971369
0x98e41d65e981a882afcb05d41939197da3465b6f,C98,-0.0338040604575632
0x98e41d65e981a882afcb05d41939197da3465b6f,CAKE,-0.0048798191400725
0x98e41d65e981a882afcb05d41939197da3465b6f,COMP,-0.0296588377948182
0x98e41d65e981a882afcb05d41939197da3465b6f,CRV,-0.0337513981252177
0x98e41d65e981a882afcb05d41939197da3465b6f,CVX,-0.0329325261533147
0x98e41d65e981a882afcb05d41939197da3465b6f,DAI,-0.0331518483085926
0x98e41d65e981a882afcb05d41939197da3465b6f,DAO,-0.027984337651356
0x98e41d65e981a882afcb05d41939197da3465b6f,DOGE,-0.0280581192357343
0x98e41d65e981a882afcb05d41939197da3465b6f,DOT,-0.0190552365306687
0x98e41d65e981a882afcb05d41939197da3465b6f,DYDX,-0.04205170868756
0x98e41d65e981a882afcb05d41939197da3465b6f,EOS,-0.0334137484821302
0x98e41d65e981a882afcb05d41939197da3465b6f,ETC,-0.0024772848952046
0x98e41d65e981a882afcb05d41939197da3465b6f,ETH,-0.0006264653512592
0x98e41d65e981a882afcb05d41939197da3465b6f,FET,-0.031815027052628
0x98e41d65e981a882afcb05d41939197da3465b6f,FIL,-0.0335011063127258
0x98e41d65e981a882afcb05d41939197da3465b6f,FRAX,-0.0279397970992514
0x98e41d65e981a882afcb05d41939197da3465b6f,FTM,-0.0091965668720276
0x98e41d65e981a882afcb05d41939197da3465b6f,FXS,-0.0332405680124209
0x98e41d65e981a882afcb05d41939197da3465b6f,GRT,-0.0259543257808064
0x98e41d65e981a882afcb05d41939197da3465b6f,HAI,-0.0343713289269542
0x98e41d65e981a882afcb05d41939197da3465b6f,HERO,-0.0339509608377864
0x98e41d65e981a882afcb05d41939197da3465b6f,ICP,-0.0455591933784743
0x98e41d65e981a882afcb05d41939197da3465b6f,IMX,-0.0358741465612518
0x98e41d65e981a882afcb05d41939197da3465b6f,INJ,-0.0197425391090258
0x98e41d65e981a882afcb05d41939197da3465b6f,LDO,-0.0314415135378138
0x98e41d65e981a882afcb05d41939197da3465b6f,LINK,-0.0164058531733991
0x98e41d65e981a882afcb05d41939197da3465b6f,LTC,-0.0153379737277548
0x98e41d65e981a882afcb05d41939197da3465b6f,MATIC,-0.0275828917656852
0x98e41d65e981a882afcb05d41939197da3465b6f,MAV,-0.0322957392871855
0x98e41d65e981a882afcb05d41939197da3465b6f,MBOX,-0.0339509608377864
0x98e41d65e981a882afcb05d41939197da3465b6f,MKR,-0.0200447961244168
0x98e41d65e981a882afcb05d41939197da3465b6f,MOON,-0.0202771827170636
0x98e41d65e981a882afcb05d41939197da3465b6f,NEAR,-0.0370434221881804
0x98e41d65e981a882afcb05d41939197da3465b6f,OP,-0.0229071639770903
0x98e41d65e981a882afcb05d41939197da3465b6f,PENDLE,-0.0420416585798364
0x98e41d65e981a882afcb05d41939197da3465b6f,PEPE,-0.0283828256157764
0x98e41d65e981a882afcb05d41939197da3465b6f,PERP,-0.0301015008220518
0x98e41d65e981a882afcb05d41939197da3465b6f,PIT,-0.0391679940863742
0x98e41d65e981a882afcb05d41939197da3465b6f,POLS,-0.0339509608377864
0x98e41d65e981a882afcb05d41939197da3465b6f,PYTH,-0.0396954357321185
0x98e41d65e981a882afcb05d41939197da3465b6f,QUACK,-0.0428431170728342
0x98e41d65e981a882afcb05d41939197da3465b6f,RDNT,-0.0337634083652235
0x98e41d65e981a882afcb05d41939197da3465b6f,RNDR,-0.0261622451892461
0x98e41d65e981a882afcb05d41939197da3465b6f,RPL,-0.033670386446064
0x98e41d65e981a882afcb05d41939197da3465b6f,RUNE,-0.0328088540259529
0x98e41d65e981a882afcb05d41939197da3465b6f,SFP,-0.0296335316402919
0x98e41d65e981a882afcb05d41939197da3465b6f,SFUND,-0.042909638425422
0x98e41d65e981a882afcb05d41939197da3465b6f,SHIB,-0.0135023750311026
0x98e41d65e981a882afcb05d41939197da3465b6f,SOL,-0.0013600381877142
0x98e41d65e981a882afcb05d41939197da3465b6f,STG,-0.0334734512859331
0x98e41d65e981a882afcb05d41939197da3465b6f,SUI,-0.0399089450546298
0x98e41d65e981a882afcb05d41939197da3465b6f,SUSHI,-0.0277330785657772
0x98e41d65e981a882afcb05d41939197da3465b6f,TIA,-0.0410703276681857
0x98e41d65e981a882afcb05d41939197da3465b6f,TOKEN,-0.0356483901315677
0x98e41d65e981a882afcb05d41939197da3465b6f,TRX,-0.0055229350739343
0x98e41d65e981a882afcb05d41939197da3465b6f,UNI,-0.0125413166661209
0x98e41d65e981a882afcb05d41939197da3465b6f,USDT,-0.0038229330507399
0x98e41d65e981a882afcb05d41939197da3465b6f,XLM,-0.0226402455884811
0x98e41d65e981a882afcb05d41939197da3465b6f,XMR,-0.0075603384450379
0x98e41d65e981a882afcb05d41939197da3465b6f,XRP,-0.0222685220233342
0x98e41d65e981a882afcb05d41939197da3465b6f,XTZ,-0.0277009916821538
0x98e41d65e981a882afcb05d41939197da3465b6f,XVS,-0.0302770377782721
0x98e41d65e981a882afcb05d41939197da3465b6f,YFI,-0.033612568205533
0xa16a483a18f00a00b14b93438e8ad21f485b382f,AAVE,0.00019425259
0xa16a483a18f00a00b14b93438e8ad21f485b382f,ADA,-0.009234493
0xa16a483a18f00a00b14b93438e8ad21f485b382f,ALGO,-0.025837382
0xa16a483a18f00a00b14b93438e8ad21f485b382f,APE,-0.040048487
0xa16a483a18f00a00b14b93438e8ad21f485b382f,APT,-0.021143418
0xa16a483a18f00a00b14b93438e8ad21f485b382f,ATOM,-0.03605233
0xa16a483a18f00a00b14b93438e8ad21f485b382f,AVAX,-0.023134576
0xa16a483a18f00a00b14b93438e8ad21f485b382f,AXS,-0.030458832
0xa16a483a18f00a00b14b93438e8ad21f485b382f,BAL,-0.018634483
0xa16a483a18f00a00b14b93438e8ad21f485b382f,BCH,0.0059883203
0xa16a483a18f00a00b14b93438e8ad21f485b382f,BLUR,-0.0559602
0xa16a483a18f00a00b14b93438e8ad21f485b382f,BNB,0.0059626605
0xa16a483a18f00a00b14b93438e8ad21f485b382f,BONK,-0.036078274
0xa16a483a18f00a00b14b93438e8ad21f485b382f,BTC,-0.05373854
0xa16a483a18f00a00b14b93438e8ad21f485b382f,C98,-0.036543507
0xa16a483a18f00a00b14b93438e8ad21f485b382f,CAKE,0.0027534384
0xa16a483a18f00a00b14b93438e8ad21f485b382f,COMP,-0.02744845
0xa16a483a18f00a00b14b93438e8ad21f485b382f,CRV,-0.036518537
0xa16a483a18f00a00b14b93438e8ad21f485b382f,CVX,-0.049541906
0xa16a483a18f00a00b14b93438e8ad21f485b382f,DAI,-0.017988103
0xa16a483a18f00a00b14b93438e8ad21f485b382f,DAO,-0.010937865
0xa16a483a18f00a00b14b93438e8ad21f485b382f,DOGE,-0.01129213
0xa16a483a18f00a00b14b93438e8ad21f485b382f,DOT,-0.01916759
0xa16a483a18f00a00b14b93438e8ad21f485b382f,DYDX,-0.024827667
0xa16a483a18f00a00b14b93438e8ad21f485b382f,EOS,-0.037166994
0xa16a483a18f00a00b14b93438e8ad21f485b382f,ETC,0.01183081
0xa16a483a18f00a00b14b93438e8ad21f485b382f,ETH,0.0071878103
0xa16a483a18f00a00b14b93438e8ad21f485b382f,FET,-0.06565885
0xa16a483a18f00a00b14b93438e8ad21f485b382f,FIL,-0.034093987
0xa16a483a18f00a00b14b93438e8ad21f485b382f,FRAX,-0.027493866
0xa16a483a18f00a00b14b93438e8ad21f485b382f,FTM,-0.041474864
0xa16a483a18f00a00b14b93438e8ad21f485b382f,FXS,-0.053725094
0xa16a483a18f00a00b14b93438e8ad21f485b382f,GRT,-0.027477968
0xa16a483a18f00a00b14b93438e8ad21f485b382f,HAI,-0.032710265
0xa16a483a18f00a00b14b93438e8ad21f485b382f,HERO,-0.039221417
0xa16a483a18f00a00b14b93438e8ad21f485b382f,ICP,-0.059928637
0xa16a483a18f00a00b14b93438e8ad21f485b382f,IMX,-0.022751018
0xa16a483a18f00a00b14b93438e8ad21f485b382f,INJ,-0.013482045
0xa16a483a18f00a00b14b93438e8ad21f485b382f,LDO,-0.038100295
0xa16a483a18f00a00b14b93438e8ad21f485b382f,LINK,-0.015800709
0xa16a483a18f00a00b14b93438e8ad21f485b382f,LTC,0.0016670256
0xa16a483a18f00a00b14b93438e8ad21f485b382f,MATIC,-0.029921431
0xa16a483a18f00a00b14b93438e8ad21f485b382f,MAV,-0.058054116
0xa16a483a18f00a00b14b93438e8ad21f485b382f,MBOX,-0.044939578
0xa16a483a18f00a00b14b93438e8ad21f485b382f,MKR,-0.01734736
0xa16a483a18f00a00b14b93438e8ad21f485b382f,MOON,-0.048137676
0xa16a483a18f00a00b14b93438e8ad21f485b382f,NEAR,-0.035322454
0xa16a483a18f00a00b14b93438e8ad21f485b382f,OP,-0.03564944
0xa16a483a18f00a00b14b93438e8ad21f485b382f,PENDLE,-0.04022831
0xa16a483a18f00a00b14b93438e8ad21f485b382f,PEPE,-0.0411143
0xa16a483a18f00a00b14b93438e8ad21f485b382f,PERP,-0.038735844
0xa16a483a18f00a00b14b93438e8ad21f485b382f,PIT,-0.038644474
0xa16a483a18f00a00b14b93438e8ad21f485b382f,POLS,-0.041690342
0xa16a483a18f00a00b14b93438e8ad21f485b382f,PYTH,-0.054143038
0xa16a483a18f00a00b14b93438e8ad21f485b382f,QUACK,-0.00094886834
0xa16a483a18f00a00b14b93438e8ad21f485b382f,RDNT,-0.032795597
0xa16a483a18f00a00b14b93438e8ad21f485b382f,RNDR,-0.019260762
0xa16a483a18f00a00b14b93438e8ad21f485b382f,RPL,-0.03972138
0xa16a483a18f00a00b14b93438e8ad21f485b382f,RUNE,-0.033347607
0xa16a483a18f00a00b14b93438e8ad21f485b382f,SFP,-0.037513126
0xa16a483a18f00a00b14b93438e8ad21f485b382f,SFUND,-0.088223435
0xa16a483a18f00a00b14b93438e8ad21f485b382f,SHIB,-0.0039007566
0xa16a483a18f00a00b14b93438e8ad21f485b382f,SOL,-0.007947386
0xa16a483a18f00a00b14b93438e8ad21f485b382f,STG,-0.03889872
0xa16a483a18f00a00b14b93438e8ad21f485b382f,SUI,-0.039226986
0xa16a483a18f00a00b14b93438e8ad21f485b382f,SUSHI,-0.023410186
0xa16a483a18f00a00b14b93438e8ad21f485b382f,TIA,-0.043823328
0xa16a483a18f00a00b14b93438e8ad21f485b382f,TOKEN,-0.047789406
0xa16a483a18f00a00b14b93438e8ad21f485b382f,TRX,0.014064694
0xa16a483a18f00a00b14b93438e8ad21f485b382f,UNI,-0.0050723725
0xa16a483a18f00a00b14b93438e8ad21f485b382f,USDT,0.0030002715
0xa16a483a18f00a00b14b93438e8ad21f485b382f,XLM,-0.027230086
0xa16a483a18f00a00b14b93438e8ad21f485b382f,XMR,0.0037542302
0xa16a483a18f00a00b14b93438e8ad21f485b382f,XRP,-0.00585297
0xa16a483a18f00a00b14b93438e8ad21f485b382f,XTZ,-0.020683108
0xa16a483a18f00a00b14b93438e8ad21f485b382f,XVS,-0.043005653
0xa16a483a18f00a00b14b93438e8ad21f485b382f,YFI,-0.025216788
0xb294a5316e76e84649a3b8ff0ff6ef9788595bed,AAVE,-0.0012024045
0xb294a5316e76e84649a3b8ff0ff6ef9788595bed,ADA,0.0001411438
0xb294a5316e76e84649a3b8ff0ff6ef9788595bed,ALGO,0.0023243427
0xb294a5316e76e84649a3b8ff0ff6ef9788595bed,APE,0.0005840063
0xb294a5316e76e84649a3b8ff0ff6ef9788595bed,APT,0.00055527687
0xb294a5316e76e84649a3b8ff0ff6ef9788595bed,ATOM,0.0006085634
0xb294a5316e76e84649a3b8ff0ff6ef9788595bed,AVAX,0.0
0xb294a5316e76e84649a3b8ff0ff6ef9788595bed,AXS,0.0
0xb294a5316e76e84649a3b8ff0ff6ef9788595bed,BAL,-0.00012856722
0xb294a5316e76e84649a3b8ff0ff6ef9788595bed,BCH,0.002368927
0xb294a5316e76e84649a3b8ff0ff6ef9788595bed,BLUR,0.0
0xb294a5316e76e84649a3b8ff0ff6ef9788595bed,BNB,-0.002597332
0xb294a5316e76e84649a3b8ff0ff6ef9788595bed,BONK,0.0015926361
0xb294a5316e76e84649a3b8ff0ff6ef9788595bed,BTC,0.0011154413
0xb294a5316e76e84649a3b8ff0ff6ef9788595bed,C98,-0.0000075101852
0xb294a5316e76e84649a3b8ff0ff6ef9788595bed,CAKE,0.0074914694
0xb294a5316e76e84649a3b8ff0ff6ef9788595bed,COMP,0.000900507
0xb294a5316e76e84649a3b8ff0ff6ef9788595bed,CRV,-0.00015825033
0xb294a5316e76e84649a3b8ff0ff6ef9788595bed,CVX,-0.005656719
0xb294a5316e76e84649a3b8ff0ff6ef9788595bed,DAI,0.0003039837
0xb294a5316e76e84649a3b8ff0ff6ef9788595bed,DAO,-0.0004555583
0xb294a5316e76e84649a3b8ff0ff6ef9788595bed,DOGE,0.0006327629
0xb294a5316e76e84649a3b8ff0ff6ef9788595bed,DOT,0.0033619404
0xb294a5316e76e84649a3b8ff0ff6ef9788595bed,DYDX,0.0019220114
0xb294a5316e76e84649a3b8ff0ff6ef9788595bed,EOS,0.0004901886
0xb294a5316e76e84649a3b8ff0ff6ef9788595bed,ETC,0.0047779083
0xb294a5316e76e84649a3b8ff0ff6ef9788595bed,ETH,0.0
0xb294a5316e76e84649a3b8ff0ff6ef9788595bed,FET,0.0028505325
0xb294a5316e76e84649a3b8ff0ff6ef9788595bed,FIL,0.0000011920929
0xb294a5316e76e84649a3b8ff0ff6ef9788595bed,FRAX,0.00013637543
0xb294a5316e76e84649a3b8ff0ff6ef9788595bed,FTM,0.0036067963
0xb294a5316e76e84649a3b8ff0ff6ef9788595bed,FXS,0.0000013113022
0xb294a5316e76e84649a3b8ff0ff6ef9788595bed,GRT,-0.000007748604
0xb294a5316e76e84649a3b8ff0ff6ef9788595bed,HAI,0.0004671812
0xb294a5316e76e84649a3b8ff0ff6ef9788595bed,HERO,0.00015699863
0xb294a5316e76e84649a3b8ff0ff6ef9788595bed,ICP,-0.0012537837
0xb294a5316e76e84649a3b8ff0ff6ef9788595bed,IMX,0.0020608902
0xb294a5316e76e84649a3b8ff0ff6ef9788595bed,INJ,-0.0016012192
0xb294a5316e76e84649a3b8ff0ff6ef9788595bed,LDO,0.00004386902
0xb294a5316e76e84649a3b8ff0ff6ef9788595bed,LINK,-0.00015950203
0xb294a5316e76e84649a3b8ff0ff6ef9788595bed,LTC,0.0046343803
0xb294a5316e76e84649a3b8ff0ff6ef9788595bed,MATIC,0.00015807152
0xb294a5316e76e84649a3b8ff0ff6ef9788595bed,MAV,-0.002220571
0xb294a5316e76e84649a3b8ff0ff6ef9788595bed,MBOX,-0.0011988282
0xb294a5316e76e84649a3b8ff0ff6ef9788595bed,MKR,-0.0020856857
0xb294a5316e76e84649a3b8ff0ff6ef9788595bed,MOON,0.009301424
0xb294a5316e76e84649a3b8ff0ff6ef9788595bed,NEAR,0.0004581213
0xb294a5316e76e84649a3b8ff0ff6ef9788595bed,OP,0.0027626753
0xb294a5316e76e84649a3b8ff0ff6ef9788595bed,PENDLE,0.00040388107
0xb294a5316e76e84649a3b8ff0ff6ef9788595bed,PEPE,-0.0030990243
0xb294a5316e76e84649a3b8ff0ff6ef9788595bed,PERP,0.000108242035
0xb294a5316e76e84649a3b8ff0ff6ef9788595bed,PIT,0.0018715858
0xb294a5316e76e84649a3b8ff0ff6ef9788595bed,POLS,-0.0000731349
0xb294a5316e76e84649a3b8ff0ff6ef9788595bed,PYTH,-0.002986133
0xb294a5316e76e84649a3b8ff0ff6ef9788595bed,QUACK,-0.0036580563
0xb294a5316e76e84649a3b8ff0ff6ef9788595bed,RDNT,-0.00012922287
0xb294a5316e76e84649a3b8ff0ff6ef9788595bed,RNDR,-0.0030673146
0xb294a5316e76e84649a3b8ff0ff6ef9788595bed,RPL,0.0025390387
0xb294a5316e76e84649a3b8ff0ff6ef9788595bed,RUNE,0.002174735
0xb294a5316e76e84649a3b8ff0ff6ef9788595bed,SFP,-0.000118136406
0xb294a5316e76e84649a3b8ff0ff6ef9788595bed,SFUND,-0.000035703182
0xb294a5316e76e84649a3b8ff0ff6ef9788595bed,SHIB,0.0062907934
0xb294a5316e76e84649a3b8ff0ff6ef9788595bed,SOL,0.005262971
0xb294a5316e76e84649a3b8ff0ff6ef9788595bed,STG,-0.0001538992
0xb294a5316e76e84649a3b8ff0ff6ef9788595bed,SUI,-0.0063114166
0xb294a5316e76e84649a3b8ff0ff6ef9788595bed,SUSHI,0.0004962683
0xb294a5316e76e84649a3b8ff0ff6ef9788595bed,TIA,-0.0025900006
0xb294a5316e76e84649a3b8ff0ff6ef9788595bed,TOKEN,-0.0025496483
0xb294a5316e76e84649a3b8ff0ff6ef9788595bed,TRX,0.0001424551
0xb294a5316e76e84649a3b8ff0ff6ef9788595bed,UNI,-0.0032072663
0xb294a5316e76e84649a3b8ff0ff6ef9788595bed,USDT,-0.0010795593
0xb294a5316e76e84649a3b8ff0ff6ef9788595bed,XLM,0.0074789524
0xb294a5316e76e84649a3b8ff0ff6ef9788595bed,XMR,-0.0066266656
0xb294a5316e76e84649a3b8ff0ff6ef9788595bed,XRP,0.0035089254
0xb294a5316e76e84649a3b8ff0ff6ef9788595bed,XTZ,-0.0020657778
0xb294a5316e76e84649a3b8ff0ff6ef9788595bed,XVS,-0.00006651878
0xb294a5316e76e84649a3b8ff0ff6ef9788595bed,YFI,0.0027520657
0xb7ece21c962697a3194c0b6e4b81db54433055ab,AAVE,0.010753476
0xb7ece21c962697a3194c0b6e4b81db54433055ab,ADA,0.0036286295
0xb7ece21c962697a3194c0b6e4b81db54433055ab,ALGO,-0.044860505
0xb7ece21c962697a3194c0b6e4b81db54433055ab,APE,-0.06128452
0xb7ece21c962697a3194c0b6e4b81db54433055ab,APT,-0.021723231
0xb7ece21c962697a3194c0b6e4b81db54433055ab,ATOM,-0.034418613
0xb7ece21c962697a3194c0b6e4b81db54433055ab,AVAX,-0.013739053
0xb7ece21c962697a3194c0b6e4b81db54433055ab,AXS,-0.017480502
0xb7ece21c962697a3194c0b6e4b81db54433055ab,BAL,-0.018009422
0xb7ece21c962697a3194c0b6e4b81db54433055ab,BCH,0.00050555455
0xb7ece21c962697a3194c0b6e4b81db54433055ab,BLUR,-0.044902567
0xb7ece21c962697a3194c0b6e4b81db54433055ab,BNB,0.019047461
0xb7ece21c962697a3194c0b6e4b81db54433055ab,BONK,-0.033563092
0xb7ece21c962697a3194c0b6e4b81db54433055ab,BTC,0.00024404065
0xb7ece21c962697a3194c0b6e4b81db54433055ab,C98,-0.032474272
0xb7ece21c962697a3194c0b6e4b81db54433055ab,CAKE,0.030513128
0xb7ece21c962697a3194c0b6e4b81db54433055ab,COMP,-0.010370466
0xb7ece21c962697a3194c0b6e4b81db54433055ab,CRV,-0.03619454
0xb7ece21c962697a3194c0b6e4b81db54433055ab,CVX,-0.0371188
0xb7ece21c962697a3194c0b6e4b81db54433055ab,DAI,-0.005237117
0xb7ece21c962697a3194c0b6e4b81db54433055ab,DAO,-0.037462164
0xb7ece21c962697a3194c0b6e4b81db54433055ab,DOGE,-0.0052875946
0xb7ece21c962697a3194c0b6e4b81db54433055ab,DOT,-0.037034128
0xb7ece21c962697a3194c0b6e4b81db54433055ab,DYDX,-0.04762589
0xb7ece21c962697a3194c0b6e4b81db54433055ab,EOS,-0.035512343
0xb7ece21c962697a3194c0b6e4b81db54433055ab,ETC,0.010496369
0xb7ece21c962697a3194c0b6e4b81db54433055ab,ETH,0.025575615
0xb7ece21c962697a3194c0b6e4b81db54433055ab,FET,-0.050478414
0xb7ece21c962697a3194c0b6e4b81db54433055ab,FIL,-0.032735605
0xb7ece21c962697a3194c0b6e4b81db54433055ab,FRAX,-0.012424747
0xb7ece21c962697a3194c0b6e4b81db54433055ab,FTM,-0.0022784485
0xb7ece21c962697a3194c0b6e4b81db54433055ab,FXS,-0.033780593
0xb7ece21c962697a3194c0b6e4b81db54433055ab,GRT,-0.012498902
0xb7ece21c962697a3194c0b6e4b81db54433055ab,HAI,-0.048402485
0xb7ece21c962697a3194c0b6e4b81db54433055ab,HERO,-0.034723043
0xb7ece21c962697a3194c0b6e4b81db54433055ab,ICP,-0.035830528
0xb7ece21c962697a3194c0b6e4b81db54433055ab,IMX,-0.025967313
0xb7ece21c962697a3194c0b6e4b81db54433055ab,INJ,-0.006820859
0xb7ece21c962697a3194c0b6e4b81db54433055ab,LDO,-0.023410985
0xb7ece21c962697a3194c0b6e4b81db54433055ab,LINK,-0.0008741792
0xb7ece21c962697a3194c0b6e4b81db54433055ab,LTC,-0.009804576
0xb7ece21c962697a3194c0b6e4b81db54433055ab,MATIC,-0.052124046
0xb7ece21c962697a3194c0b6e4b81db54433055ab,MAV,-0.041149452
0xb7ece21c962697a3194c0b6e4b81db54433055ab,MBOX,-0.033827458
0xb7ece21c962697a3194c0b6e4b81db54433055ab,MKR,-0.031530898
0xb7ece21c962697a3194c0b6e4b81db54433055ab,MOON,-0.04985593
0xb7ece21c962697a3194c0b6e4b81db54433055ab,NEAR,-0.04601865
0xb7ece21c962697a3194c0b6e4b81db54433055ab,OP,-0.03782775
0xb7ece21c962697a3194c0b6e4b81db54433055ab,PENDLE,-0.045863107
0xb7ece21c962697a3194c0b6e4b81db54433055ab,PEPE,-0.048888583
0xb7ece21c962697a3194c0b6e4b81db54433055ab,PERP,-0.032269295
0xb7ece21c962697a3194c0b6e4b81db54433055ab,PIT,-0.023919296
0xb7ece21c962697a3194c0b6e4b81db54433055ab,POLS,-0.032470424
0xb7ece21c962697a3194c0b6e4b81db54433055ab,PYTH,-0.030740665
0xb7ece21c962697a3194c0b6e4b81db54433055ab,QUACK,0.0014494201
0xb7ece21c962697a3194c0b6e4b81db54433055ab,RDNT,-0.03539172
0xb7ece21c962697a3194c0b6e4b81db54433055ab,RNDR,-0.015610273
0xb7ece21c962697a3194c0b6e4b81db54433055ab,RPL,-0.028062334
0xb7ece21c962697a3194c0b6e4b81db54433055ab,RUNE,-0.022583917
0xb7ece21c962697a3194c0b6e4b81db54433055ab,SFP,-0.019936768
0xb7ece21c962697a3194c0b6e4b81db54433055ab,SFUND,-0.07178368
0xb7ece21c962697a3194c0b6e4b81db54433055ab,SHIB,-0.011853064
0xb7ece21c962697a3194c0b6e4b81db54433055ab,SOL,0.0014355829
0xb7ece21c962697a3194c0b6e4b81db54433055ab,STG,-0.021755725
0xb7ece21c962697a3194c0b6e4b81db54433055ab,SUI,-0.009225304
0xb7ece21c962697a3194c0b6e4b81db54433055ab,SUSHI,-0.032831207
0xb7ece21c962697a3194c0b6e4b81db54433055ab,TIA,-0.04381001
0xb7ece21c962697a3194c0b6e4b81db54433055ab,TOKEN,-0.04406991
0xb7ece21c962697a3194c0b6e4b81db54433055ab,TRX,0.0075869733
0xb7ece21c962697a3194c0b6e4b81db54433055ab,UNI,0.0000030713609
0xb7ece21c962697a3194c0b6e4b81db54433055ab,USDT,0.0012248068
0xb7ece21c962697a3194c0b6e4b81db54433055ab,XLM,-0.0061258846
0xb7ece21c962697a3194c0b6e4b81db54433055ab,XMR,0.00011098817
0xb7ece21c962697a3194c0b6e4b81db54433055ab,XRP,0.023598487
0xb7ece21c962697a3194c0b6e4b81db54433055ab,XTZ,-0.022264253
0xb7ece21c962697a3194c0b6e4b81db54433055ab,XVS,-0.03619939
0xb7ece21c962697a3194c0b6e4b81db54433055ab,YFI,-0.020259455
0xcbe37e37bb9ac19e87e6e495303fab60c3111529,AAVE,-0.0186301600876037
0xcbe37e37bb9ac19e87e6e495303fab60c3111529,ADA,0.000832793375951
0xcbe37e37bb9ac19e87e6e495303fab60c3111529,ALGO,-0.0390983257274214
0xcbe37e37bb9ac19e87e6e495303fab60c3111529,APE,-0.0502823271074095
0xcbe37e37bb9ac19e87e6e495303fab60c3111529,APT,-0.0526866561638484
0xcbe37e37bb9ac19e87e6e495303fab60c3111529,ATOM,-0.0768971030448317
0xcbe37e37bb9ac19e87e6e495303fab60c3111529,AVAX,-0.0674345702263878
0xcbe37e37bb9ac19e87e6e495303fab60c3111529,AXS,-0.0485353685863333
0xcbe37e37bb9ac19e87e6e495303fab60c3111529,BAL,-0.0409088970940934
0xcbe37e37bb9ac19e87e6e495303fab60c3111529,BCH,0.0001337194397018
0xcbe37e37bb9ac19e87e6e495303fab60c3111529,BLUR,-0.0718264796152655
0xcbe37e37bb9ac19e87e6e495303fab60c3111529,BNB,-0.0190525523422329
0xcbe37e37bb9ac19e87e6e495303fab60c3111529,BONK,-0.0581402799924456
0xcbe37e37bb9ac19e87e6e495303fab60c3111529,BTC,-0.0285367528752305
0xcbe37e37bb9ac19e87e6e495303fab60c3111529,C98,-0.0336739054762734
0xcbe37e37bb9ac19e87e6e495303fab60c3111529,CAKE,0.0006363085169757
0xcbe37e37bb9ac19e87e6e495303fab60c3111529,COMP,-0.0348387992378777
0xcbe37e37bb9ac19e87e6e495303fab60c3111529,CRV,-0.0253612329041966
0xcbe37e37bb9ac19e87e6e495303fab60c3111529,CVX,-0.0458139537993926
0xcbe37e37bb9ac19e87e6e495303fab60c3111529,DAI,-0.0070919302496559
0xcbe37e37bb9ac19e87e6e495303fab60c3111529,DAO,-0.0414566061691322
0xcbe37e37bb9ac19e87e6e495303fab60c3111529,DOGE,-0.023564779388151
0xcbe37e37bb9ac19e87e6e495303fab60c3111529,DOT,-0.0561630868814765
0xcbe37e37bb9ac19e87e6e495303fab60c3111529,DYDX,-0.0465911013377429
0xcbe37e37bb9ac19e87e6e495303fab60c3111529,EOS,-0.0351182738216475
0xcbe37e37bb9ac19e87e6e495303fab60c3111529,ETC,-0.0049308162954208
0xcbe37e37bb9ac19e87e6e495303fab60c3111529,ETH,-0.0018344356604957
0xcbe37e37bb9ac19e87e6e495303fab60c3111529,FET,-0.0489120896288723
0xcbe37e37bb9ac19e87e6e495303fab60c3111529,FIL,-0.0503235867661902
0xcbe37e37bb9ac19e87e6e495303fab60c3111529,FRAX,-0.0134109813395252
0xcbe37e37bb9ac19e87e6e495303fab60c3111529,FTM,-0.0191838892787808
0xcbe37e37bb9ac19e87e6e495303fab60c3111529,FXS,-0.054049178933935
0xcbe37e37bb9ac19e87e6e495303fab60c3111529,GRT,-0.0479515604548823
0xcbe37e37bb9ac19e87e6e495303fab60c3111529,HAI,-0.0518226484949871
0xcbe37e37bb9ac19e87e6e495303fab60c3111529,HERO,-0.043034629559516
0xcbe37e37bb9ac19e87e6e495303fab60c3111529,ICP,-0.0696428899708754
0xcbe37e37bb9ac19e87e6e495303fab60c3111529,IMX,-0.0457294962394434
0xcbe37e37bb9ac19e87e6e495303fab60c3111529,INJ,-0.0040282502420557
0xcbe37e37bb9ac19e87e6e495303fab60c3111529,LDO,-0.0447356740674635
0xcbe37e37bb9ac19e87e6e495303fab60c3111529,LINK,-0.0109619481592695
0xcbe37e37bb9ac19e87e6e495303fab60c3111529,LTC,-0.0064841619373543
0xcbe37e37bb9ac19e87e6e495303fab60c3111529,MATIC,-0.0237584738925162
0xcbe37e37bb9ac19e87e6e495303fab60c3111529,MAV,-0.0405714216902684
0xcbe37e37bb9ac19e87e6e495303fab60c3111529,MBOX,-0.0441159969416464
0xcbe37e37bb9ac19e87e6e495303fab60c3111529,MKR,-0.0009114890391327
0xcbe37e37bb9ac19e87e6e495303fab60c3111529,MOON,-0.0008772938362374
0xcbe37e37bb9ac19e87e6e495303fab60c3111529,NEAR,-0.0633210143797945
0xcbe37e37bb9ac19e87e6e495303fab60c3111529,OP,0.0066827982704724
0xcbe37e37bb9ac19e87e6e495303fab60c3111529,PENDLE,-0.051048333154826
0xcbe37e37bb9ac19e87e6e495303fab60c3111529,PEPE,-0.0533633148415088
0xcbe37e37bb9ac19e87e6e495303fab60c3111529,PERP,-0.0382695694520191
0xcbe37e37bb9ac19e87e6e495303fab60c3111529,PIT,-0.0429065523600655
0xcbe37e37bb9ac19e87e6e495303fab60c3111529,POLS,-0.034463490247435
0xcbe37e37bb9ac19e87e6e495303fab60c3111529,PYTH,-0.060895192332618
0xcbe37e37bb9ac19e87e6e495303fab60c3111529,QUACK,-0.0384271738690052
0xcbe37e37bb9ac19e87e6e495303fab60c3111529,RDNT,-0.0207948451596941
0xcbe37e37bb9ac19e87e6e495303fab60c3111529,RNDR,-0.0735974304742756
0xcbe37e37bb9ac19e87e6e495303fab60c3111529,RPL,-0.0338628540223751
0xcbe37e37bb9ac19e87e6e495303fab60c3111529,RUNE,-0.0345379310429424
0xcbe37e37bb9ac19e87e6e495303fab60c3111529,SFP,-0.0397815354392344
0xcbe37e37bb9ac19e87e6e495303fab60c3111529,SFUND,-0.0826501789040011
0xcbe37e37bb9ac19e87e6e495303fab60c3111529,SHIB,-0.0022845523241166
0xcbe37e37bb9ac19e87e6e495303fab60c3111529,SOL,-0.0006457760300609
0xcbe37e37bb9ac19e87e6e495303fab60c3111529,STG,-0.0446843566413092
0xcbe37e37bb9ac19e87e6e495303fab60c3111529,SUI,-0.0534066789441124
0xcbe37e37bb9ac19e87e6e495303fab60c3111529,SUSHI,-0.040546589598447
0xcbe37e37bb9ac19e87e6e495303fab60c3111529,TIA,-0.0607803169173703
0xcbe37e37bb9ac19e87e6e495303fab60c3111529,TOKEN,-0.0437683091308479
0xcbe37e37bb9ac19e87e6e495303fab60c3111529,TRX,0.0156527507701619
0xcbe37e37bb9ac19e87e6e495303fab60c3111529,UNI,-0.0024483142120347
0xcbe37e37bb9ac19e87e6e495303fab60c3111529,USDT,0.0001657833484865
0xcbe37e37bb9ac19e87e6e495303fab60c3111529,XLM,-0.0371419556854314
0xcbe37e37bb9ac19e87e6e495303fab60c3111529,XMR,-0.0151709748874673
0xcbe37e37bb9ac19e87e6e495303fab60c3111529,XRP,0.0129610415363846
0xcbe37e37bb9ac19e87e6e495303fab60c3111529,XTZ,-0.0434923171874043
0xcbe37e37bb9ac19e87e6e495303fab60c3111529,XVS,-0.0347528416268112
0xcbe37e37bb9ac19e87e6e495303fab60c3111529,YFI,-0.024028150452575
0xcf28560da27700098a0efcb3f5742169948892de,AAVE,-0.0004473017684297
0xcf28560da27700098a0efcb3f5742169948892de,ADA,-0.0193988920626373
0xcf28560da27700098a0efcb3f5742169948892de,ALGO,-0.0219205462797734
0xcf28560da27700098a0efcb3f5742169948892de,APE,-0.0210738479436619
0xcf28560da27700098a0efcb3f5742169948892de,APT,-0.0180789434633562
0xcf28560da27700098a0efcb3f5742169948892de,ATOM,-0.0100931273348483
0xcf28560da27700098a0efcb3f5742169948892de,AVAX,-0.0272215181635302
0xcf28560da27700098a0efcb3f5742169948892de,AXS,-0.0462552955496508
0xcf28560da27700098a0efcb3f5742169948892de,BAL,-0.0420280658550631
0xcf28560da27700098a0efcb3f5742169948892de,BCH,0.0279837821297797
0xcf28560da27700098a0efcb3f5742169948892de,BLUR,-0.0618953135878349
0xcf28560da27700098a0efcb3f5742169948892de,BNB,-0.0006400344408481
0xcf28560da27700098a0efcb3f5742169948892de,BONK,0.0127651162084839
0xcf28560da27700098a0efcb3f5742169948892de,BTC,0.0037645345594668
0xcf28560da27700098a0efcb3f5742169948892de,C98,-0.0325960451786333
0xcf28560da27700098a0efcb3f5742169948892de,CAKE,0.0184631537893705
0xcf28560da27700098a0efcb3f5742169948892de,COMP,-0.0020725315266798
0xcf28560da27700098a0efcb3f5742169948892de,CRV,-0.0171433221679551
0xcf28560da27700098a0efcb3f5742169948892de,CVX,-0.030060155053054
0xcf28560da27700098a0efcb3f5742169948892de,DAI,-0.0257509685712582
0xcf28560da27700098a0efcb3f5742169948892de,DAO,-0.0279134234879471
0xcf28560da27700098a0efcb3f5742169948892de,DOGE,0.0028282103917484
0xcf28560da27700098a0efcb3f5742169948892de,DOT,-0.0168851887139901
0xcf28560da27700098a0efcb3f5742169948892de,DYDX,-0.057912128420385
0xcf28560da27700098a0efcb3f5742169948892de,EOS,-0.0386841286687517
0xcf28560da27700098a0efcb3f5742169948892de,ETC,-0.0149182250719197
0xcf28560da27700098a0efcb3f5742169948892de,ETH,-0.0357973123590657
0xcf28560da27700098a0efcb3f5742169948892de,FET,-0.0257342606283448
0xcf28560da27700098a0efcb3f5742169948892de,FIL,-0.0344887423235222
0xcf28560da27700098a0efcb3f5742169948892de,FRAX,-0.0115125525091248
0xcf28560da27700098a0efcb3f5742169948892de,FTM,0.0153270623961618
0xcf28560da27700098a0efcb3f5742169948892de,FXS,-0.0029691831531979
0xcf28560da27700098a0efcb3f5742169948892de,GRT,-0.0224488829345976
0xcf28560da27700098a0efcb3f5742169948892de,HAI,-0.0194772838713191
0xcf28560da27700098a0efcb3f5742169948892de,HERO,-0.0424494961399185
0xcf28560da27700098a0efcb3f5742169948892de,ICP,-0.0418333366134467
0xcf28560da27700098a0efcb3f5742169948892de,IMX,-0.0338074584917781
0xcf28560da27700098a0efcb3f5742169948892de,INJ,0.0089431542844951
0xcf28560da27700098a0efcb3f5742169948892de,LDO,-0.0518443352879352
0xcf28560da27700098a0efcb3f5742169948892de,LINK,-0.0041942518488757
0xcf28560da27700098a0efcb3f5742169948892de,LTC,0.0057724553046538
0xcf28560da27700098a0efcb3f5742169948892de,MATIC,-0.0040313255595328
0xcf28560da27700098a0efcb3f5742169948892de,MAV,-0.0494266866624106
0xcf28560da27700098a0efcb3f5742169948892de,MBOX,-0.045960277611012
0xcf28560da27700098a0efcb3f5742169948892de,MKR,-0.0217300328919745
0xcf28560da27700098a0efcb3f5742169948892de,MOON,-0.0330806618827984
0xcf28560da27700098a0efcb3f5742169948892de,NEAR,-0.0416520257930125
0xcf28560da27700098a0efcb3f5742169948892de,OP,-0.0295969534624067
0xcf28560da27700098a0efcb3f5742169948892de,PENDLE,-0.0275172998732126
0xcf28560da27700098a0efcb3f5742169948892de,PEPE,-0.0116280831102775
0xcf28560da27700098a0efcb3f5742169948892de,PERP,-0.045504103728781
0xcf28560da27700098a0efcb3f5742169948892de,PIT,-0.0384147385141351
0xcf28560da27700098a0efcb3f5742169948892de,POLS,-0.0453083849593741
0xcf28560da27700098a0efcb3f5742169948892de,PYTH,-0.0294427298427362
0xcf28560da27700098a0efcb3f5742169948892de,QUACK,-0.020829480417682
0xcf28560da27700098a0efcb3f5742169948892de,RDNT,-0.0262853031224267
0xcf28560da27700098a0efcb3f5742169948892de,RNDR,-0.0268068653248867
0xcf28560da27700098a0efcb3f5742169948892de,RPL,-0.0338117058199803
0xcf28560da27700098a0efcb3f5742169948892de,RUNE,-0.0283110344774462
0xcf28560da27700098a0efcb3f5742169948892de,SFP,-0.0450451143557514
0xcf28560da27700098a0efcb3f5742169948892de,SFUND,-0.0850956482749483
0xcf28560da27700098a0efcb3f5742169948892de,SHIB,0.0142327914190584
0xcf28560da27700098a0efcb3f5742169948892de,SOL,0.0235009316453696
0xcf28560da27700098a0efcb3f5742169948892de,STG,-0.0306701916517584
0xcf28560da27700098a0efcb3f5742169948892de,SUI,0.0220800563324645
0xcf28560da27700098a0efcb3f5742169948892de,SUSHI,-0.0280040765483346
0xcf28560da27700098a0efcb3f5742169948892de,TIA,-0.0419822450939551
0xcf28560da27700098a0efcb3f5742169948892de,TOKEN,-0.0354218613799758
0xcf28560da27700098a0efcb3f5742169948892de,TRX,0.0217295267857109
0xcf28560da27700098a0efcb3f5742169948892de,UNI,-0.0212877427057606
0xcf28560da27700098a0efcb3f5742169948892de,USDT,0.0224557859117735
0xcf28560da27700098a0efcb3f5742169948892de,XLM,0.0231318899054338
0xcf28560da27700098a0efcb3f5742169948892de,XMR,0.0210075146021339
0xcf28560da27700098a0efcb3f5742169948892de,XRP,0.0169911869301032
0xcf28560da27700098a0efcb3f5742169948892de,XTZ,-0.0205042952536278
0xcf28560da27700098a0efcb3f5742169948892de,XVS,-0.0241502780847785
0xcf28560da27700098a0efcb3f5742169948892de,YFI,-0.0327767073034061
0xe14867e41410bd7232a52b9400476c08b4e535b3,AAVE,-0.0163714935672235
0xe14867e41410bd7232a52b9400476c08b4e535b3,ADA,-0.0230172228200252
0xe14867e41410bd7232a52b9400476c08b4e535b3,ALGO,-0.029385267828622
0xe14867e41410bd7232a52b9400476c08b4e535b3,APE,-0.0328088889242053
0xe14867e41410bd7232a52b9400476c08b4e535b3,APT,-0.0368147715584397
0xe14867e41410bd7232a52b9400476c08b4e535b3,ATOM,-0.0329178718508023
0xe14867e41410bd7232a52b9400476c08b4e535b3,AVAX,-0.0288574577785701
0xe14867e41410bd7232a52b9400476c08b4e535b3,AXS,-0.0342091441872231
0xe14867e41410bd7232a52b9400476c08b4e535b3,BAL,-0.0245510893651119
0xe14867e41410bd7232a52b9400476c08b4e535b3,BCH,-0.0075081006457525
0xe14867e41410bd7232a52b9400476c08b4e535b3,BLUR,-0.0352210269807407
0xe14867e41410bd7232a52b9400476c08b4e535b3,BNB,-0.0099491963002172
0xe14867e41410bd7232a52b9400476c08b4e535b3,BONK,-0.0295669288601687
0xe14867e41410bd7232a52b9400476c08b4e535b3,BTC,-0.0080611492971369
0xe14867e41410bd7232a52b9400476c08b4e535b3,C98,-0.0338040604575632
0xe14867e41410bd7232a52b9400476c08b4e535b3,CAKE,-0.0048798191400725
0xe14867e41410bd7232a52b9400476c08b4e535b3,COMP,-0.0296588377948182
0xe14867e41410bd7232a52b9400476c08b4e535b3,CRV,-0.0337513981252177
0xe14867e41410bd7232a52b9400476c08b4e535b3,CVX,-0.0329325261533147
0xe14867e41410bd7232a52b9400476c08b4e535b3,DAI,-0.0331518483085926
0xe14867e41410bd7232a52b9400476c08b4e535b3,DAO,-0.027984337651356
0xe14867e41410bd7232a52b9400476c08b4e535b3,DOGE,-0.0280581192357343
0xe14867e41410bd7232a52b9400476c08b4e535b3,DOT,-0.0190552365306687
0xe14867e41410bd7232a52b9400476c08b4e535b3,DYDX,-0.04205170868756
0xe14867e41410bd7232a52b9400476c08b4e535b3,EOS,-0.0334137484821302
0xe14867e41410bd7232a52b9400476c08b4e535b3,ETC,-0.0024772848952046
0xe14867e41410bd7232a52b9400476c08b4e535b3,ETH,-0.0006264653512592
0xe14867e41410bd7232a52b9400476c08b4e535b3,FET,-0.031815027052628
0xe14867e41410bd7232a52b9400476c08b4e535b3,FIL,-0.0335011063127258
0xe14867e41410bd7232a52b9400476c08b4e535b3,FRAX,-0.0279397970992514
0xe14867e41410bd7232a52b9400476c08b4e535b3,FTM,-0.0091965668720276
0xe14867e41410bd7232a52b9400476c08b4e535b3,FXS,-0.0332405680124209
0xe14867e41410bd7232a52b9400476c08b4e535b3,GRT,-0.0259543257808064
0xe14867e41410bd7232a52b9400476c08b4e535b3,HAI,-0.0343713289269542
0xe14867e41410bd7232a52b9400476c08b4e535b3,HERO,-0.0339509608377864
0xe14867e41410bd7232a52b9400476c08b4e535b3,ICP,-0.0455591933784743
0xe14867e41410bd7232a52b9400476c08b4e535b3,IMX,-0.0358741465612518
0xe14867e41410bd7232a52b9400476c08b4e535b3,INJ,-0.0197425391090258
0xe14867e41410bd7232a52b9400476c08b4e535b3,LDO,-0.0314415135378138
0xe14867e41410bd7232a52b9400476c08b4e535b3,LINK,-0.0164058531733991
0xe14867e41410bd7232a52b9400476c08b4e535b3,LTC,-0.0153379737277548
0xe14867e41410bd7232a52b9400476c08b4e535b3,MATIC,-0.0275828917656852
0xe14867e41410bd7232a52b9400476c08b4e535b3,MAV,-0.0322957392871855
0xe14867e41410bd7232a52b9400476c08b4e535b3,MBOX,-0.0339509608377864
0xe14867e41410bd7232a52b9400476c08b4e535b3,MKR,-0.0200447961244168
0xe14867e41410bd7232a52b9400476c08b4e535b3,MOON,-0.0202771827170636
0xe14867e41410bd7232a52b9400476c08b4e535b3,NEAR,-0.0370434221881804
0xe14867e41410bd7232a52b9400476c08b4e535b3,OP,-0.0229071639770903
0xe14867e41410bd7232a52b9400476c08b4e535b3,PENDLE,-0.0420416585798364
0xe14867e41410bd7232a52b9400476c08b4e535b3,PEPE,-0.0283828256157764
0xe14867e41410bd7232a52b9400476c08b4e535b3,PERP,-0.0301015008220518
0xe14867e41410bd7232a52b9400476c08b4e535b3,PIT,-0.0391679940863742
0xe14867e41410bd7232a52b9400476c08b4e535b3,POLS,-0.0339509608377864
0xe14867e41410bd7232a52b9400476c08b4e535b3,PYTH,-0.0396954357321185
0xe14867e41410bd7232a52b9400476c08b4e535b3,QUACK,-0.0428431170728342
0xe14867e41410bd7232a52b9400476c08b4e535b3,RDNT,-0.0337634083652235
0xe14867e41410bd7232a52b9400476c08b4e535b3,RNDR,-0.0261622451892461
0xe14867e41410bd7232a52b9400476c08b4e535b3,RPL,-0.033670386446064
0xe14867e41410bd7232a52b9400476c08b4e535b3,RUNE,-0.0328088540259529
0xe14867e41410bd7232a52b9400476c08b4e535b3,SFP,-0.0296335316402919
0xe14867e41410bd7232a52b9400476c08b4e535b3,SFUND,-0.042909638425422
0xe14867e41410bd7232a52b9400476c08b4e535b3,SHIB,-0.0135023750311026
0xe14867e41410bd7232a52b9400476c08b4e535b3,SOL,-0.0013600381877142
0xe14867e41410bd7232a52b9400476c08b4e535b3,STG,-0.0334734512859331
0xe14867e41410bd7232a52b9400476c08b4e535b3,SUI,-0.0399089450546298
0xe14867e41410bd7232a52b9400476c08b4e535b3,SUSHI,-0.0277330785657772
0xe14867e41410bd7232a52b9400476c08b4e535b3,TIA,-0.0410703276681857
0xe14867e41410bd7232a52b9400476c08b4e535b3,TOKEN,-0.0356483901315677
0xe14867e41410bd7232a52b9400476c08b4e535b3,TRX,-0.0055229350739343
0xe14867e41410bd7232a52b9400476c08b4e535b3,UNI,-0.0125413166661209
0xe14867e41410bd7232a52b9400476c08b4e535b3,USDT,-0.0038229330507399
0xe14867e41410bd7232a52b9400476c08b4e535b3,XLM,-0.0226402455884811
0xe14867e41410bd7232a52b9400476c08b4e535b3,XMR,-0.0075603384450379
0xe14867e41410bd7232a52b9400476c08b4e535b3,XRP,-0.0222685220233342
0xe14867e41410bd7232a52b9400476c08b4e535b3,XTZ,-0.0277009916821538
0xe14867e41410bd7232a52b9400476c08b4e535b3,XVS,-0.0302770377782721
0xe14867e41410bd7232a52b9400476c08b4e535b3,YFI,-0.033612568205533
0xeba5ba85f72e40a9f2b8782c2bd51ec31a5564da,AAVE,-0.0005327191337829
0xeba5ba85f72e40a9f2b8782c2bd51ec31a5564da,ADA,-0.0074085500604481
0xeba5ba85f72e40a9f2b8782c2bd51ec31a5564da,ALGO,-0.0334429237511366
0xeba5ba85f72e40a9f2b8782c2bd51ec31a5564da,APE,-0.0446573598076331
0xeba5ba85f72e40a9f2b8782c2bd51ec31a5564da,APT,-0.0265151907683615
0xeba5ba85f72e40a9f2b8782c2bd51ec31a5564da,ATOM,-0.0343629765458518
0xeba5ba85f72e40a9f2b8782c2bd51ec31a5564da,AVAX,-0.021837207516892
0xeba5ba85f72e40a9f2b8782c2bd51ec31a5564da,AXS,-0.0272928260237171
0xeba5ba85f72e40a9f2b8782c2bd51ec31a5564da,BAL,-0.0201391977764842
0xeba5ba85f72e40a9f2b8782c2bd51ec31a5564da,BCH,0.0000017106355648832538
0xeba5ba85f72e40a9f2b8782c2bd51ec31a5564da,BLUR,-0.0453042799701148
0xeba5ba85f72e40a9f2b8782c2bd51ec31a5564da,BNB,0.0028164994710858
0xeba5ba85f72e40a9f2b8782c2bd51ec31a5564da,BONK,-0.0332619326290201
0xeba5ba85f72e40a9f2b8782c2bd51ec31a5564da,BTC,-0.0178306269212527
0xeba5ba85f72e40a9f2b8782c2bd51ec31a5564da,C98,-0.0341256859102873
0xeba5ba85f72e40a9f2b8782c2bd51ec31a5564da,CAKE,0.0066958500226496
0xeba5ba85f72e40a9f2b8782c2bd51ec31a5564da,COMP,-0.0221274054704334
0xeba5ba85f72e40a9f2b8782c2bd51ec31a5564da,CRV,-0.0355919490728917
0xeba5ba85f72e40a9f2b8782c2bd51ec31a5564da,CVX,-0.0394677070289076
0xeba5ba85f72e40a9f2b8782c2bd51ec31a5564da,DAI,-0.0182817553159193
0xeba5ba85f72e40a9f2b8782c2bd51ec31a5564da,DAO,-0.0251658550789938
0xeba5ba85f72e40a9f2b8782c2bd51ec31a5564da,DOGE,-0.0144260540898044
0xeba5ba85f72e40a9f2b8782c2bd51ec31a5564da,DOT,-0.0248513005692713
0xeba5ba85f72e40a9f2b8782c2bd51ec31a5564da,DYDX,-0.0381920842665832
0xeba5ba85f72e40a9f2b8782c2bd51ec31a5564da,EOS,-0.0353900247718318
0xeba5ba85f72e40a9f2b8782c2bd51ec31a5564da,ETC,0.0049043311995826
0xeba5ba85f72e40a9f2b8782c2bd51ec31a5564da,ETH,0.0088644326751494
0xeba5ba85f72e40a9f2b8782c2bd51ec31a5564da,FET,-0.0487980382089849
0xeba5ba85f72e40a9f2b8782c2bd51ec31a5564da,FIL,-0.0333758449250251
0xeba5ba85f72e40a9f2b8782c2bd51ec31a5564da,FRAX,-0.0224057526231555
0xeba5ba85f72e40a9f2b8782c2bd51ec31a5564da,FTM,-0.0167360582884912
0xeba5ba85f72e40a9f2b8782c2bd51ec31a5564da,FXS,-0.0397128431989021
0xeba5ba85f72e40a9f2b8782c2bd51ec31a5564da,GRT,-0.0218193748619774
0xeba5ba85f72e40a9f2b8782c2bd51ec31a5564da,HAI,-0.0383075596891524
0xeba5ba85f72e40a9f2b8782c2bd51ec31a5564da,HERO,-0.0359892689510185
0xeba5ba85f72e40a9f2b8782c2bd51ec31a5564da,ICP,-0.0468790246262755
0xeba5ba85f72e40a9f2b8782c2bd51ec31a5564da,IMX,-0.0281769151934298
0xeba5ba85f72e40a9f2b8782c2bd51ec31a5564da,INJ,-0.0130806316156035
0xeba5ba85f72e40a9f2b8782c2bd51ec31a5564da,LDO,-0.0312730532151457
0xeba5ba85f72e40a9f2b8782c2bd51ec31a5564da,LINK,-0.010397408493029
0xeba5ba85f72e40a9f2b8782c2bd51ec31a5564da,LTC,-0.0058966208121666
0xeba5ba85f72e40a9f2b8782c2bd51ec31a5564da,MATIC,-0.0362783148117078
0xeba5ba85f72e40a9f2b8782c2bd51ec31a5564da,MAV,-0.0439758822470284
0xeba5ba85f72e40a9f2b8782c2bd51ec31a5564da,MBOX,-0.0372949742625737
0xeba5ba85f72e40a9f2b8782c2bd51ec31a5564da,MKR,-0.0226710872141744
0xeba5ba85f72e40a9f2b8782c2bd51ec31a5564da,MOON,-0.039233679227114
0xeba5ba85f72e40a9f2b8782c2bd51ec31a5564da,NEAR,-0.0392670998253047
0xeba5ba85f72e40a9f2b8782c2bd51ec31a5564da,OP,-0.0327248181182316
0xeba5ba85f72e40a9f2b8782c2bd51ec31a5564da,PENDLE,-0.0431557609334108
0xeba5ba85f72e40a9f2b8782c2bd51ec31a5564da,PEPE,-0.039321166589306
0xeba5ba85f72e40a9f2b8782c2bd51ec31a5564da,PERP,-0.03361924101404
0xeba5ba85f72e40a9f2b8782c2bd51ec31a5564da,PIT,-0.0340625024007663
0xeba5ba85f72e40a9f2b8782c2bd51ec31a5564da,POLS,-0.0358545353874289
0xeba5ba85f72e40a9f2b8782c2bd51ec31a5564da,PYTH,-0.0415328514993207
0xeba5ba85f72e40a9f2b8782c2bd51ec31a5564da,QUACK,-0.0105463622178555
0xeba5ba85f72e40a9f2b8782c2bd51ec31a5564da,RDNT,-0.0338639373488504
0xeba5ba85f72e40a9f2b8782c2bd51ec31a5564da,RNDR,-0.0200661422073882
0xeba5ba85f72e40a9f2b8782c2bd51ec31a5564da,RPL,-0.0339659843928225
0xeba5ba85f72e40a9f2b8782c2bd51ec31a5564da,RUNE,-0.0293956141363486
0xeba5ba85f72e40a9f2b8782c2bd51ec31a5564da,SFP,-0.0290993622493808
0xeba5ba85f72e40a9f2b8782c2bd51ec31a5564da,SFUND,-0.0673258315051542
0xeba5ba85f72e40a9f2b8782c2bd51ec31a5564da,SHIB,-0.0096822576967939
0xeba5ba85f72e40a9f2b8782c2bd51ec31a5564da,SOL,-0.0015223675208411
0xeba5ba85f72e40a9f2b8782c2bd51ec31a5564da,STG,-0.0316409550483012
0xeba5ba85f72e40a9f2b8782c2bd51ec31a5564da,SUI,-0.0292411885465077
0xeba5ba85f72e40a9f2b8782c2bd51ec31a5564da,SUSHI,-0.027940819054271
0xeba5ba85f72e40a9f2b8782c2bd51ec31a5564da,TIA,-0.0429983264900061
0xeba5ba85f72e40a9f2b8782c2bd51ec31a5564da,TOKEN,-0.0426893115283815
0xeba5ba85f72e40a9f2b8782c2bd51ec31a5564da,TRX,0.0033075669503537
0xeba5ba85f72e40a9f2b8782c2bd51ec31a5564da,UNI,-0.0050072861509881
0xeba5ba85f72e40a9f2b8782c2bd51ec31a5564da,USDT,0.0002203615568915
0xeba5ba85f72e40a9f2b8782c2bd51ec31a5564da,XLM,-0.018385541068394
0xeba5ba85f72e40a9f2b8782c2bd51ec31a5564da,XMR,-0.0003247524879003
0xeba5ba85f72e40a9f2b8782c2bd51ec31a5564da,XRP,-0.0009745511886849
0xeba5ba85f72e40a9f2b8782c2bd51ec31a5564da,XTZ,-0.0234047740435185
0xeba5ba85f72e40a9f2b8782c2bd51ec31a5564da,XVS,-0.0362205314145945
0xeba5ba85f72e40a9f2b8782c2bd51ec31a5564da,YFI,-0.0263286513728125
0xf097ed117dd3930f1eeb91569a6a61b4c52744c8,AAVE,0.005660685
0xf097ed117dd3930f1eeb91569a6a61b4c52744c8,ADA,0.009325442
0xf097ed117dd3930f1eeb91569a6a61b4c52744c8,ALGO,-0.03968881
0xf097ed117dd3930f1eeb91569a6a61b4c52744c8,APE,-0.03917277
0xf097ed117dd3930f1eeb91569a6a61b4c52744c8,APT,-0.0042791227
0xf097ed117dd3930f1eeb91569a6a61b4c52744c8,ATOM,-0.04150035
0xf097ed117dd3930f1eeb91569a6a61b4c52744c8,AVAX,-0.011295833
0xf097ed117dd3930f1eeb91569a6a61b4c52744c8,AXS,-0.024826104
0xf097ed117dd3930f1eeb91569a6a61b4c52744c8,BAL,-0.0042582396
0xf097ed117dd3930f1eeb91569a6a61b4c52744c8,BCH,0.016335582
0xf097ed117dd3930f1eeb91569a6a61b4c52744c8,BLUR,-0.0602165
0xf097ed117dd3930f1eeb91569a6a61b4c52744c8,BNB,0.0058949203
0xf097ed117dd3930f1eeb91569a6a61b4c52744c8,BONK,-0.025583062
0xf097ed117dd3930f1eeb91569a6a61b4c52744c8,BTC,-0.006392977
0xf097ed117dd3930f1eeb91569a6a61b4c52744c8,C98,-0.030226698
0xf097ed117dd3930f1eeb91569a6a61b4c52744c8,CAKE,0.0011666137
0xf097ed117dd3930f1eeb91569a6a61b4c52744c8,COMP,-0.0036540276
0xf097ed117dd3930f1eeb91569a6a61b4c52744c8,CRV,-0.03993075
0xf097ed117dd3930f1eeb91569a6a61b4c52744c8,CVX,-0.035019554
0xf097ed117dd3930f1eeb91569a6a61b4c52744c8,DAI,-0.020665761
0xf097ed117dd3930f1eeb91569a6a61b4c52744c8,DAO,-0.01878923
0xf097ed117dd3930f1eeb91569a6a61b4c52744c8,DOGE,-0.00059694325
0xf097ed117dd3930f1eeb91569a6a61b4c52744c8,DOT,-0.048733957
0xf097ed117dd3930f1eeb91569a6a61b4c52744c8,DYDX,-0.02857745
0xf097ed117dd3930f1eeb91569a6a61b4c52744c8,EOS,-0.029581342
0xf097ed117dd3930f1eeb91569a6a61b4c52744c8,ETC,0.0002651881
0xf097ed117dd3930f1eeb91569a6a61b4c52744c8,ETH,0.008920845
0xf097ed117dd3930f1eeb91569a6a61b4c52744c8,FET,-0.0499546
0xf097ed117dd3930f1eeb91569a6a61b4c52744c8,FIL,-0.022684064
0xf097ed117dd3930f1eeb91569a6a61b4c52744c8,FRAX,-0.027717605
0xf097ed117dd3930f1eeb91569a6a61b4c52744c8,FTM,-0.02375298
0xf097ed117dd3930f1eeb91569a6a61b4c52744c8,FXS,-0.036967658
0xf097ed117dd3930f1eeb91569a6a61b4c52744c8,GRT,-0.017595315
0xf097ed117dd3930f1eeb91569a6a61b4c52744c8,HAI,-0.012379578
0xf097ed117dd3930f1eeb91569a6a61b4c52744c8,HERO,-0.0338057
0xf097ed117dd3930f1eeb91569a6a61b4c52744c8,ICP,-0.043221433
0xf097ed117dd3930f1eeb91569a6a61b4c52744c8,IMX,-0.03443873
0xf097ed117dd3930f1eeb91569a6a61b4c52744c8,INJ,-0.01111589
0xf097ed117dd3930f1eeb91569a6a61b4c52744c8,LDO,-0.023790885
0xf097ed117dd3930f1eeb91569a6a61b4c52744c8,LINK,-0.004698394
0xf097ed117dd3930f1eeb91569a6a61b4c52744c8,LTC,-0.013893099
0xf097ed117dd3930f1eeb91569a6a61b4c52744c8,MATIC,-0.02210314
0xf097ed117dd3930f1eeb91569a6a61b4c52744c8,MAV,-0.051029976
0xf097ed117dd3930f1eeb91569a6a61b4c52744c8,MBOX,-0.049886804
0xf097ed117dd3930f1eeb91569a6a61b4c52744c8,MKR,-0.017881546
0xf097ed117dd3930f1eeb91569a6a61b4c52744c8,MOON,-0.040099185
0xf097ed117dd3930f1eeb91569a6a61b4c52744c8,NEAR,-0.019746426
0xf097ed117dd3930f1eeb91569a6a61b4c52744c8,OP,-0.03336802
0xf097ed117dd3930f1eeb91569a6a61b4c52744c8,PENDLE,-0.029320106
0xf097ed117dd3930f1eeb91569a6a61b4c52744c8,PEPE,-0.047016304
0xf097ed117dd3930f1eeb91569a6a61b4c52744c8,PERP,-0.021800559
0xf097ed117dd3930f1eeb91569a6a61b4c52744c8,PIT,-0.024380054
0xf097ed117dd3930f1eeb91569a6a61b4c52744c8,POLS,-0.03791588
0xf097ed117dd3930f1eeb91569a6a61b4c52744c8,PYTH,-0.03957721
0xf097ed117dd3930f1eeb91569a6a61b4c52744c8,QUACK,-0.0058733043
0xf097ed117dd3930f1eeb91569a6a61b4c52744c8,RDNT,-0.036966644
0xf097ed117dd3930f1eeb91569a6a61b4c52744c8,RNDR,-0.000047523765
0xf097ed117dd3930f1eeb91569a6a61b4c52744c8,RPL,-0.029527023
0xf097ed117dd3930f1eeb91569a6a61b4c52744c8,RUNE,-0.0082927365
0xf097ed117dd3930f1eeb91569a6a61b4c52744c8,SFP,-0.024611987
0xf097ed117dd3930f1eeb91569a6a61b4c52744c8,SFUND,-0.061611082
0xf097ed117dd3930f1eeb91569a6a61b4c52744c8,SHIB,0.008480462
0xf097ed117dd3930f1eeb91569a6a61b4c52744c8,SOL,0.020083612
0xf097ed117dd3930f1eeb91569a6a61b4c52744c8,STG,-0.030126646
0xf097ed117dd3930f1eeb91569a6a61b4c52744c8,SUI,-0.025493348
0xf097ed117dd3930f1eeb91569a6a61b4c52744c8,SUSHI,-0.015845682
0xf097ed117dd3930f1eeb91569a6a61b4c52744c8,TIA,-0.035146676
0xf097ed117dd3930f1eeb91569a6a61b4c52744c8,TOKEN,-0.04279736
0xf097ed117dd3930f1eeb91569a6a61b4c52744c8,TRX,0.010804021
0xf097ed117dd3930f1eeb91569a6a61b4c52744c8,UNI,-0.0051948074
0xf097ed117dd3930f1eeb91569a6a61b4c52744c8,USDT,-0.0008520405
0xf097ed117dd3930f1eeb91569a6a61b4c52744c8,XLM,-0.012417443
0xf097ed117dd3930f1eeb91569a6a61b4c52744c8,XMR,-0.0008396619
0xf097ed117dd3930f1eeb91569a6a61b4c52744c8,XRP,0.0156244775
0xf097ed117dd3930f1eeb91569a6a61b4c52744c8,XTZ,-0.010143636
0xf097ed117dd3930f1eeb91569a6a61b4c52744c8,XVS,-0.026584858
0xf097ed117dd3930f1eeb91569a6a61b4c52744c8,YFI,-0.024355317
0xf8d50e3283fb6bf41260f7f294a48587d2a9b1fa,AAVE,-30.489461004943408
0xf8d50e3283fb6bf41260f7f294a48587d2a9b1fa,ADA,-139.93135229998893
0xf8d50e3283fb6bf41260f7f294a48587d2a9b1fa,ALGO,82.33154619940093
0xf8d50e3283fb6bf41260f7f294a48587d2a9b1fa,APE,-17.25272184392989
0xf8d50e3283fb6bf41260f7f294a48587d2a9b1fa,APT,45.43031764779765
0xf8d50e3283fb6bf41260f7f294a48587d2a9b1fa,ATOM,0.5111645330853847
0xf8d50e3283fb6bf41260f7f294a48587d2a9b1fa,AVAX,7.998642754517682
0xf8d50e3283fb6bf41260f7f294a48587d2a9b1fa,AXS,2.447836542780756
0xf8d50e3283fb6bf41260f7f294a48587d2a9b1fa,BAL,-48.75863205702712
0xf8d50e3283fb6bf41260f7f294a48587d2a9b1fa,BCH,-10.262403946244175
0xf8d50e3283fb6bf41260f7f294a48587d2a9b1fa,BLUR,-3.966986767336692
0xf8d50e3283fb6bf41260f7f294a48587d2a9b1fa,BNB,-1.887947351638033
0xf8d50e3283fb6bf41260f7f294a48587d2a9b1fa,BONK,7.485117967491554
0xf8d50e3283fb6bf41260f7f294a48587d2a9b1fa,BTC,-52.97798849818716
0xf8d50e3283fb6bf41260f7f294a48587d2a9b1fa,C98,-36.487615655362006
0xf8d50e3283fb6bf41260f7f294a48587d2a9b1fa,CAKE,-1.6799559576234202
0xf8d50e3283fb6bf41260f7f294a48587d2a9b1fa,COMP,13.74822882303203
0xf8d50e3283fb6bf41260f7f294a48587d2a9b1fa,CRV,1.2530786247504864
0xf8d50e3283fb6bf41260f7f294a48587d2a9b1fa,CVX,-9.428635025244375
0xf8d50e3283fb6bf41260f7f294a48587d2a9b1fa,DAI,12.724148525924996
0xf8d50e3283fb6bf41260f7f294a48587d2a9b1fa,DAO,11.253319794775486
0xf8d50e3283fb6bf41260f7f294a48587d2a9b1fa,DOGE,6.760887572666015
0xf8d50e3283fb6bf41260f7f294a48587d2a9b1fa,DOT,-20.995156399016352
0xf8d50e3283fb6bf41260f7f294a48587d2a9b1fa,DYDX,21.646743942947
0xf8d50e3283fb6bf41260f7f294a48587d2a9b1fa,EOS,-11.181418380262826
0xf8d50e3283fb6bf41260f7f294a48587d2a9b1fa,ETC,4.531784648035703
0xf8d50e3283fb6bf41260f7f294a48587d2a9b1fa,ETH,-197.88281136967
0xf8d50e3283fb6bf41260f7f294a48587d2a9b1fa,FET,1.546458883462229
0xf8d50e3283fb6bf41260f7f294a48587d2a9b1fa,FIL,15.222427023038216
0xf8d50e3283fb6bf41260f7f294a48587d2a9b1fa,FRAX,-26.93171060172027
0xf8d50e3283fb6bf41260f7f294a48587d2a9b1fa,FTM,-7.832743848638664
0xf8d50e3283fb6bf41260f7f294a48587d2a9b1fa,FXS,-10.157529988667534
0xf8d50e3283fb6bf41260f7f294a48587d2a9b1fa,GRT,-10.113403594559417
0xf8d50e3283fb6bf41260f7f294a48587d2a9b1fa,HAI,35.50911328452449
0xf8d50e3283fb6bf41260f7f294a48587d2a9b1fa,HERO,3.442998355181203
0xf8d50e3283fb6bf41260f7f294a48587d2a9b1fa,ICP,-14.949199605302212
0xf8d50e3283fb6bf41260f7f294a48587d2a9b1fa,IMX,-5.361470199359019
0xf8d50e3283fb6bf41260f7f294a48587d2a9b1fa,INJ,6.206103916161503
0xf8d50e3283fb6bf41260f7f294a48587d2a9b1fa,LDO,1.6113310021656917
0xf8d50e3283fb6bf41260f7f294a48587d2a9b1fa,LINK,1.323821462961412
0xf8d50e3283fb6bf41260f7f294a48587d2a9b1fa,LTC,-50.298001862812086
0xf8d50e3283fb6bf41260f7f294a48587d2a9b1fa,MATIC,24.57275971214055
0xf8d50e3283fb6bf41260f7f294a48587d2a9b1fa,MAV,-15.50561965141688
0xf8d50e3283fb6bf41260f7f294a48587d2a9b1fa,MBOX,1.6176809186585288
0xf8d50e3283fb6bf41260f7f294a48587d2a9b1fa,MKR,5.633057874293343
0xf8d50e3283fb6bf41260f7f294a48587d2a9b1fa,MOON,17.35562178873724
0xf8d50e3283fb6bf41260f7f294a48587d2a9b1fa,NEAR,-57.95417035469892
0xf8d50e3283fb6bf41260f7f294a48587d2a9b1fa,OP,2.343367146911831
0xf8d50e3283fb6bf41260f7f294a48587d2a9b1fa,PENDLE,-3.201179808130128
0xf8d50e3283fb6bf41260f7f294a48587d2a9b1fa,PEPE,5.470309847852711
0xf8d50e3283fb6bf41260f7f294a48587d2a9b1fa,PERP,-12.624465381849303
0xf8d50e3283fb6bf41260f7f294a48587d2a9b1fa,PIT,-6.025381860977667
0xf8d50e3283fb6bf41260f7f294a48587d2a9b1fa,POLS,-15.64349227493723
0xf8d50e3283fb6bf41260f7f294a48587d2a9b1fa,PYTH,-13.899552515003975
0xf8d50e3283fb6bf41260f7f294a48587d2a9b1fa,QUACK,-57.05007509658951
0xf8d50e3283fb6bf41260f7f294a48587d2a9b1fa,RDNT,2.4451618590264417
0xf8d50e3283fb6bf41260f7f294a48587d2a9b1fa,RNDR,-53.226535679846805
0xf8d50e3283fb6bf41260f7f294a48587d2a9b1fa,RPL,-15.963630876056513
0xf8d50e3283fb6bf41260f7f294a48587d2a9b1fa,RUNE,11.31039214750627
0xf8d50e3283fb6bf41260f7f294a48587d2a9b1fa,SFP,5.530419834768424
0xf8d50e3283fb6bf41260f7f294a48587d2a9b1fa,SFUND,11.730889185421375
0xf8d50e3283fb6bf41260f7f294a48587d2a9b1fa,SHIB,-5.114646662248113
0xf8d50e3283fb6bf41260f7f294a48587d2a9b1fa,SOL,-11.377889617990917
0xf8d50e3283fb6bf41260f7f294a48587d2a9b1fa,STG,-2.678476904611273
0xf8d50e3283fb6bf41260f7f294a48587d2a9b1fa,SUI,10.96651782451849
0xf8d50e3283fb6bf41260f7f294a48587d2a9b1fa,SUSHI,5.921698774988087
0xf8d50e3283fb6bf41260f7f294a48587d2a9b1fa,TIA,15.996879175409552
0xf8d50e3283fb6bf41260f7f294a48587d2a9b1fa,TOKEN,-16.438901824503006
0xf8d50e3283fb6bf41260f7f294a48587d2a9b1fa,TRX,-28.98837163595965
0xf8d50e3283fb6bf41260f7f294a48587d2a9b1fa,UNI,18.51050992600299
0xf8d50e3283fb6bf41260f7f294a48587d2a9b1fa,USDT,-411.7343086227193
0xf8d50e3283fb6bf41260f7f294a48587d2a9b1fa,XLM,-17.2089895101779
0xf8d50e3283fb6bf41260f7f294a48587d2a9b1fa,XMR,38.84879633149348
0xf8d50e3283fb6bf41260f7f294a48587d2a9b1fa,XRP,31.759067860115664
0xf8d50e3283fb6bf41260f7f294a48587d2a9b1fa,XTZ,-12.832136473261215
0xf8d50e3283fb6bf41260f7f294a48587d2a9b1fa,XVS,-22.35828427468047
0xf8d50e3283fb6bf41260f7f294a48587d2a9b1fa,YFI,-2.59725467084084
0xfb2744ba3942d3bbf6717448e82299b731ca7ae7,AAVE,0.0074768172314855
0xfb2744ba3942d3bbf6717448e82299b731ca7ae7,ADA,-0.0092070719315425
0xfb2744ba3942d3bbf6717448e82299b731ca7ae7,ALGO,-0.0144200144812848
0xfb2744ba3942d3bbf6717448e82299b731ca7ae7,APE,-0.0420974196951138
0xfb2744ba3942d3bbf6717448e82299b731ca7ae7,APT,-0.0054375290525673
0xfb2744ba3942d3bbf6717448e82299b731ca7ae7,ATOM,-0.0178517700633503
0xfb2744ba3942d3bbf6717448e82299b731ca7ae7,AVAX,-0.024409986817842
0xfb2744ba3942d3bbf6717448e82299b731ca7ae7,AXS,-0.0173318747088747
0xfb2744ba3942d3bbf6717448e82299b731ca7ae7,BAL,-0.0166010498820737
0xfb2744ba3942d3bbf6717448e82299b731ca7ae7,BCH,0.0122606371907383
0xfb2744ba3942d3bbf6717448e82299b731ca7ae7,BLUR,-0.0384188931185923
0xfb2744ba3942d3bbf6717448e82299b731ca7ae7,BNB,0.0059641504187211
0xfb2744ba3942d3bbf6717448e82299b731ca7ae7,BONK,-0.0189526110747624
0xfb2744ba3942d3bbf6717448e82299b731ca7ae7,BTC,-0.0150320651237653
0xfb2744ba3942d3bbf6717448e82299b731ca7ae7,C98,-0.0231086156153962
0xfb2744ba3942d3bbf6717448e82299b731ca7ae7,CAKE,0.0310136506012281
0xfb2744ba3942d3bbf6717448e82299b731ca7ae7,COMP,-0.0120765552918913
0xfb2744ba3942d3bbf6717448e82299b731ca7ae7,CRV,-0.0246363353673205
0xfb2744ba3942d3bbf6717448e82299b731ca7ae7,CVX,-0.0319208270235797
0xfb2744ba3942d3bbf6717448e82299b731ca7ae7,DAI,-0.0260248087935205
0xfb2744ba3942d3bbf6717448e82299b731ca7ae7,DAO,-0.0255698815432298
0xfb2744ba3942d3bbf6717448e82299b731ca7ae7,DOGE,-0.0185041389204996
0xfb2744ba3942d3bbf6717448e82299b731ca7ae7,DOT,-0.0030710236212077
0xfb2744ba3942d3bbf6717448e82299b731ca7ae7,DYDX,-0.0269932199313846
0xfb2744ba3942d3bbf6717448e82299b731ca7ae7,EOS,-0.0240175723127199
0xfb2744ba3942d3bbf6717448e82299b731ca7ae7,ETC,0.0243889736847284
0xfb2744ba3942d3bbf6717448e82299b731ca7ae7,ETH,0.0124325044805769
0xfb2744ba3942d3bbf6717448e82299b731ca7ae7,FET,-0.0208076904830119
0xfb2744ba3942d3bbf6717448e82299b731ca7ae7,FIL,-0.0269347367614323
0xfb2744ba3942d3bbf6717448e82299b731ca7ae7,FRAX,-0.0206329404800626
0xfb2744ba3942d3bbf6717448e82299b731ca7ae7,FTM,-0.0223266735410138
0xfb2744ba3942d3bbf6717448e82299b731ca7ae7,FXS,-0.0366522185729288
0xfb2744ba3942d3bbf6717448e82299b731ca7ae7,GRT,-0.0107566370231307
0xfb2744ba3942d3bbf6717448e82299b731ca7ae7,HAI,-0.0218081187194631
0xfb2744ba3942d3bbf6717448e82299b731ca7ae7,HERO,-0.0293864265459459
0xfb2744ba3942d3bbf6717448e82299b731ca7ae7,ICP,-0.0388131899486993
0xfb2744ba3942d3bbf6717448e82299b731ca7ae7,IMX,-0.0150310685880334
0xfb2744ba3942d3bbf6717448e82299b731ca7ae7,INJ,0.0015980180579821
0xfb2744ba3942d3bbf6717448e82299b731ca7ae7,LDO,-0.0197523958360971
0xfb2744ba3942d3bbf6717448e82299b731ca7ae7,LINK,0.0080776220685939
0xfb2744ba3942d3bbf6717448e82299b731ca7ae7,LTC,0.000257536906429
0xfb2744ba3942d3bbf6717448e82299b731ca7ae7,MATIC,-0.0193111827845645
0xfb2744ba3942d3bbf6717448e82299b731ca7ae7,MAV,-0.0313382609710761
0xfb2744ba3942d3bbf6717448e82299b731ca7ae7,MBOX,-0.0295081378223658
0xfb2744ba3942d3bbf6717448e82299b731ca7ae7,MKR,-0.0021750272903131
0xfb2744ba3942d3bbf6717448e82299b731ca7ae7,MOON,-0.0133947144051806
0xfb2744ba3942d3bbf6717448e82299b731ca7ae7,NEAR,-0.02537637071343
0xfb2744ba3942d3bbf6717448e82299b731ca7ae7,OP,-0.0143116398940329
0xfb2744ba3942d3bbf6717448e82299b731ca7ae7,PENDLE,-0.0368051952209451
0xfb2744ba3942d3bbf6717448e82299b731ca7ae7,PEPE,-0.0204965456838314
0xfb2744ba3942d3bbf6717448e82299b731ca7ae7,PERP,-0.0251940581501644
0xfb2744ba3942d3bbf6717448e82299b731ca7ae7,PIT,-0.022403732271586
0xfb2744ba3942d3bbf6717448e82299b731ca7ae7,POLS,-0.0224311188200799
0xfb2744ba3942d3bbf6717448e82299b731ca7ae7,PYTH,-0.0249778438112817
0xfb2744ba3942d3bbf6717448e82299b731ca7ae7,QUACK,-0.0195830783484524
0xfb2744ba3942d3bbf6717448e82299b731ca7ae7,RDNT,-0.0223571129024291
0xfb2744ba3942d3bbf6717448e82299b731ca7ae7,RNDR,-0.0103583825701118
0xfb2744ba3942d3bbf6717448e82299b731ca7ae7,RPL,-0.0252367178099597
0xfb2744ba3942d3bbf6717448e82299b731ca7ae7,RUNE,-0.0169758059127187
0xfb2744ba3942d3bbf6717448e82299b731ca7ae7,SFP,-0.0235633629032472
0xfb2744ba3942d3bbf6717448e82299b731ca7ae7,SFUND,-0.0563134103099916
0xfb2744ba3942d3bbf6717448e82299b731ca7ae7,SHIB,0.0090208899232353
0xfb2744ba3942d3bbf6717448e82299b731ca7ae7,SOL,0.0072604114184505
0xfb2744ba3942d3bbf6717448e82299b731ca7ae7,STG,-0.020190949146215
0xfb2744ba3942d3bbf6717448e82299b731ca7ae7,SUI,-0.0321645797802363
0xfb2744ba3942d3bbf6717448e82299b731ca7ae7,SUSHI,-0.0105885095407085
0xfb2744ba3942d3bbf6717448e82299b731ca7ae7,TIA,-0.0266068253890853
0xfb2744ba3942d3bbf6717448e82299b731ca7ae7,TOKEN,-0.0314300686160558
0xfb2744ba3942d3bbf6717448e82299b731ca7ae7,TRX,0.0130157729551084
0xfb2744ba3942d3bbf6717448e82299b731ca7ae7,UNI,-0.0007855633493437
0xfb2744ba3942d3bbf6717448e82299b731ca7ae7,USDT,-0.004645516587047
0xfb2744ba3942d3bbf6717448e82299b731ca7ae7,XLM,-0.0082033717233516
0xfb2744ba3942d3bbf6717448e82299b731ca7ae7,XMR,-0.000745559239544
0xfb2744ba3942d3bbf6717448e82299b731ca7ae7,XRP,0.0118316197975938
0xfb2744ba3942d3bbf6717448e82299b731ca7ae7,XTZ,-0.0181161588062595
0xfb2744ba3942d3bbf6717448e82299b731ca7ae7,XVS,-0.0194374099013724
0xfb2744ba3942d3bbf6717448e82299b731ca7ae7,YFI,-0.0149876778971852
0xfb8bc3433016a64a3b8aa23c0275afe7c20feb53,AAVE,0.030481631
0xfb8bc3433016a64a3b8aa23c0275afe7c20feb53,ADA,0.00031996687
0xfb8bc3433016a64a3b8aa23c0275afe7c20feb53,ALGO,-0.020271588
0xfb8bc3433016a64a3b8aa23c0275afe7c20feb53,APE,-0.05422787
0xfb8bc3433016a64a3b8aa23c0275afe7c20feb53,APT,-0.0022972843
0xfb8bc3433016a64a3b8aa23c0275afe7c20feb53,ATOM,-0.046966475
0xfb8bc3433016a64a3b8aa23c0275afe7c20feb53,AVAX,-0.011185137
0xfb8bc3433016a64a3b8aa23c0275afe7c20feb53,AXS,-0.026345922
0xfb8bc3433016a64a3b8aa23c0275afe7c20feb53,BAL,-0.018638872
0xfb8bc3433016a64a3b8aa23c0275afe7c20feb53,BCH,0.007901477
0xfb8bc3433016a64a3b8aa23c0275afe7c20feb53,BLUR,-0.043848228
0xfb8bc3433016a64a3b8aa23c0275afe7c20feb53,BNB,0.0013576265
0xfb8bc3433016a64a3b8aa23c0275afe7c20feb53,BONK,-0.043238282
0xfb8bc3433016a64a3b8aa23c0275afe7c20feb53,BTC,-0.029841607
0xfb8bc3433016a64a3b8aa23c0275afe7c20feb53,C98,-0.04153739
0xfb8bc3433016a64a3b8aa23c0275afe7c20feb53,CAKE,0.02395205
0xfb8bc3433016a64a3b8aa23c0275afe7c20feb53,COMP,-0.022002146
0xfb8bc3433016a64a3b8aa23c0275afe7c20feb53,CRV,-0.03328169
0xfb8bc3433016a64a3b8aa23c0275afe7c20feb53,CVX,-0.03849159
0xfb8bc3433016a64a3b8aa23c0275afe7c20feb53,DAI,-0.013637715
0xfb8bc3433016a64a3b8aa23c0275afe7c20feb53,DAO,-0.006390894
0xfb8bc3433016a64a3b8aa23c0275afe7c20feb53,DOGE,-0.023408206
0xfb8bc3433016a64a3b8aa23c0275afe7c20feb53,DOT,-0.036624067
0xfb8bc3433016a64a3b8aa23c0275afe7c20feb53,DYDX,-0.024870379
0xfb8bc3433016a64a3b8aa23c0275afe7c20feb53,EOS,-0.03956176
0xfb8bc3433016a64a3b8aa23c0275afe7c20feb53,ETC,0.013772145
0xfb8bc3433016a64a3b8aa23c0275afe7c20feb53,ETH,-0.00979831
0xfb8bc3433016a64a3b8aa23c0275afe7c20feb53,FET,-0.04927148
0xfb8bc3433016a64a3b8aa23c0275afe7c20feb53,FIL,-0.02134388
0xfb8bc3433016a64a3b8aa23c0275afe7c20feb53,FRAX,-0.019907478
0xfb8bc3433016a64a3b8aa23c0275afe7c20feb53,FTM,-0.037131935
0xfb8bc3433016a64a3b8aa23c0275afe7c20feb53,FXS,-0.039410945
0xfb8bc3433016a64a3b8aa23c0275afe7c20feb53,GRT,-0.0033473934
0xfb8bc3433016a64a3b8aa23c0275afe7c20feb53,HAI,-0.010603691
0xfb8bc3433016a64a3b8aa23c0275afe7c20feb53,HERO,-0.04011099
0xfb8bc3433016a64a3b8aa23c0275afe7c20feb53,ICP,-0.057965573
0xfb8bc3433016a64a3b8aa23c0275afe7c20feb53,IMX,-0.025719829
0xfb8bc3433016a64a3b8aa23c0275afe7c20feb53,INJ,-0.0008888102
0xfb8bc3433016a64a3b8aa23c0275afe7c20feb53,LDO,-0.018361626
0xfb8bc3433016a64a3b8aa23c0275afe7c20feb53,LINK,-0.0076938816
0xfb8bc3433016a64a3b8aa23c0275afe7c20feb53,LTC,-0.002859901
0xfb8bc3433016a64a3b8aa23c0275afe7c20feb53,MATIC,-0.033138536
0xfb8bc3433016a64a3b8aa23c0275afe7c20feb53,MAV,-0.03907961
0xfb8bc3433016a64a3b8aa23c0275afe7c20feb53,MBOX,-0.041665766
0xfb8bc3433016a64a3b8aa23c0275afe7c20feb53,MKR,-0.029538997
0xfb8bc3433016a64a3b8aa23c0275afe7c20feb53,MOON,-0.04832877
0xfb8bc3433016a64a3b8aa23c0275afe7c20feb53,NEAR,-0.035971943
0xfb8bc3433016a64a3b8aa23c0275afe7c20feb53,OP,-0.02864151
0xfb8bc3433016a64a3b8aa23c0275afe7c20feb53,PENDLE,-0.02845385
0xfb8bc3433016a64a3b8aa23c0275afe7c20feb53,PEPE,-0.04443843
0xfb8bc3433016a64a3b8aa23c0275afe7c20feb53,PERP,-0.039623667
0xfb8bc3433016a64a3b8aa23c0275afe7c20feb53,PIT,-0.02278634
0xfb8bc3433016a64a3b8aa23c0275afe7c20feb53,POLS,-0.03861782
0xfb8bc3433016a64a3b8aa23c0275afe7c20feb53,PYTH,-0.03670457
0xfb8bc3433016a64a3b8aa23c0275afe7c20feb53,QUACK,-0.0008932205
0xfb8bc3433016a64a3b8aa23c0275afe7c20feb53,RDNT,-0.038608037
0xfb8bc3433016a64a3b8aa23c0275afe7c20feb53,RNDR,-0.014746869
0xfb8bc3433016a64a3b8aa23c0275afe7c20feb53,RPL,-0.03585229
0xfb8bc3433016a64a3b8aa23c0275afe7c20feb53,RUNE,-0.036479283
0xfb8bc3433016a64a3b8aa23c0275afe7c20feb53,SFP,-0.013219117
0xfb8bc3433016a64a3b8aa23c0275afe7c20feb53,SFUND,-0.07608599
0xfb8bc3433016a64a3b8aa23c0275afe7c20feb53,SHIB,-0.002357283
0xfb8bc3433016a64a3b8aa23c0275afe7c20feb53,SOL,0.025944887
0xfb8bc3433016a64a3b8aa23c0275afe7c20feb53,STG,-0.036858805
0xfb8bc3433016a64a3b8aa23c0275afe7c20feb53,SUI,-0.017333595
0xfb8bc3433016a64a3b8aa23c0275afe7c20feb53,SUSHI,-0.019798882
0xfb8bc3433016a64a3b8aa23c0275afe7c20feb53,TIA,-0.026549006
0xfb8bc3433016a64a3b8aa23c0275afe7c20feb53,TOKEN,-0.045957442
0xfb8bc3433016a64a3b8aa23c0275afe7c20feb53,TRX,0.012218267
0xfb8bc3433016a64a3b8aa23c0275afe7c20feb53,UNI,-0.010031173
0xfb8bc3433016a64a3b8aa23c0275afe7c20feb53,USDT,-0.01898172
0xfb8bc3433016a64a3b8aa23c0275afe7c20feb53,XLM,-0.008220448
0xfb8bc3433016a64a3b8aa23c0275afe7c20feb53,XMR,-0.0004844512
0xfb8bc3433016a64a3b8aa23c0275afe7c20feb53,XRP,0.0054074745
0xfb8bc3433016a64a3b8aa23c0275afe7c20feb53,XTZ,-0.010822018
0xfb8bc3433016a64a3b8aa23c0275afe7c20feb53,XVS,-0.049173802
0xfb8bc3433016a64a3b8aa23c0275afe7c20feb53,YFI,-0.02005821
0xfe3c3f351e6df846566e10119e4295ed69b2cd72,AAVE,0.022552801
0xfe3c3f351e6df846566e10119e4295ed69b2cd72,ADA,-0.004529098
0xfe3c3f351e6df846566e10119e4295ed69b2cd72,ALGO,-0.027084552
0xfe3c3f351e6df846566e10119e4295ed69b2cd72,APE,-0.049118113
0xfe3c3f351e6df846566e10119e4295ed69b2cd72,APT,-0.02640588
0xfe3c3f351e6df846566e10119e4295ed69b2cd72,ATOM,-0.0418324
0xfe3c3f351e6df846566e10119e4295ed69b2cd72,AVAX,-0.015568776
0xfe3c3f351e6df846566e10119e4295ed69b2cd72,AXS,-0.02823073
0xfe3c3f351e6df846566e10119e4295ed69b2cd72,BAL,-0.042428404
0xfe3c3f351e6df846566e10119e4295ed69b2cd72,BCH,0.0014757763
0xfe3c3f351e6df846566e10119e4295ed69b2cd72,BLUR,-0.052300896
0xfe3c3f351e6df846566e10119e4295ed69b2cd72,BNB,0.012187177
0xfe3c3f351e6df846566e10119e4295ed69b2cd72,BONK,-0.028020207
0xfe3c3f351e6df846566e10119e4295ed69b2cd72,BTC,-0.046970863
0xfe3c3f351e6df846566e10119e4295ed69b2cd72,C98,-0.04012449
0xfe3c3f351e6df846566e10119e4295ed69b2cd72,CAKE,0.016713541
0xfe3c3f351e6df846566e10119e4295ed69b2cd72,COMP,-0.018091755
0xfe3c3f351e6df846566e10119e4295ed69b2cd72,CRV,-0.029046146
0xfe3c3f351e6df846566e10119e4295ed69b2cd72,CVX,-0.042744923
0xfe3c3f351e6df846566e10119e4295ed69b2cd72,DAI,-0.0082730325
0xfe3c3f351e6df846566e10119e4295ed69b2cd72,DAO,-0.017374352
0xfe3c3f351e6df846566e10119e4295ed69b2cd72,DOGE,0.0023090034
0xfe3c3f351e6df846566e10119e4295ed69b2cd72,DOT,-0.014970555
0xfe3c3f351e6df846566e10119e4295ed69b2cd72,DYDX,-0.045798104
0xfe3c3f351e6df846566e10119e4295ed69b2cd72,EOS,-0.031603333
0xfe3c3f351e6df846566e10119e4295ed69b2cd72,ETC,0.0006785432
0xfe3c3f351e6df846566e10119e4295ed69b2cd72,ETH,0.011954576
0xfe3c3f351e6df846566e10119e4295ed69b2cd72,FET,-0.04538518
0xfe3c3f351e6df846566e10119e4295ed69b2cd72,FIL,-0.03278514
0xfe3c3f351e6df846566e10119e4295ed69b2cd72,FRAX,-0.01992636
0xfe3c3f351e6df846566e10119e4295ed69b2cd72,FTM,-0.011171854
0xfe3c3f351e6df846566e10119e4295ed69b2cd72,FXS,-0.037872482
0xfe3c3f351e6df846566e10119e4295ed69b2cd72,GRT,-0.0074965497
0xfe3c3f351e6df846566e10119e4295ed69b2cd72,HAI,-0.021504188
0xfe3c3f351e6df846566e10119e4295ed69b2cd72,HERO,-0.039617058
0xfe3c3f351e6df846566e10119e4295ed69b2cd72,ICP,-0.052066065
0xfe3c3f351e6df846566e10119e4295ed69b2cd72,IMX,-0.0328518
0xfe3c3f351e6df846566e10119e4295ed69b2cd72,INJ,-0.011263671
0xfe3c3f351e6df846566e10119e4295ed69b2cd72,LDO,-0.022857578
0xfe3c3f351e6df846566e10119e4295ed69b2cd72,LINK,0.0028362735
0xfe3c3f351e6df846566e10119e4295ed69b2cd72,LTC,0.00035888152
0xfe3c3f351e6df846566e10119e4295ed69b2cd72,MATIC,-0.04355601
0xfe3c3f351e6df846566e10119e4295ed69b2cd72,MAV,-0.049719527
0xfe3c3f351e6df846566e10119e4295ed69b2cd72,MBOX,-0.05384009
0xfe3c3f351e6df846566e10119e4295ed69b2cd72,MKR,-0.03869634
0xfe3c3f351e6df846566e10119e4295ed69b2cd72,MOON,-0.030839227
0xfe3c3f351e6df846566e10119e4295ed69b2cd72,NEAR,-0.035529505
0xfe3c3f351e6df846566e10119e4295ed69b2cd72,OP,-0.034844954
0xfe3c3f351e6df846566e10119e4295ed69b2cd72,PENDLE,-0.041402083
0xfe3c3f351e6df846566e10119e4295ed69b2cd72,PEPE,-0.040512197
0xfe3c3f351e6df846566e10119e4295ed69b2cd72,PERP,-0.034884714
0xfe3c3f351e6df846566e10119e4295ed69b2cd72,PIT,-0.033080038
0xfe3c3f351e6df846566e10119e4295ed69b2cd72,POLS,-0.03965613
0xfe3c3f351e6df846566e10119e4295ed69b2cd72,PYTH,-0.04192959
0xfe3c3f351e6df846566e10119e4295ed69b2cd72,QUACK,-0.017584719
0xfe3c3f351e6df846566e10119e4295ed69b2cd72,RDNT,-0.031682394
0xfe3c3f351e6df846566e10119e4295ed69b2cd72,RNDR,-0.0053800014
0xfe3c3f351e6df846566e10119e4295ed69b2cd72,RPL,-0.042936914
0xfe3c3f351e6df846566e10119e4295ed69b2cd72,RUNE,-0.03438822
0xfe3c3f351e6df846566e10119e4295ed69b2cd72,SFP,-0.03731919
0xfe3c3f351e6df846566e10119e4295ed69b2cd72,SFUND,-0.077399254
0xfe3c3f351e6df846566e10119e4295ed69b2cd72,SHIB,-0.00064413325
0xfe3c3f351e6df846566e10119e4295ed69b2cd72,SOL,0.004145966
0xfe3c3f351e6df846566e10119e4295ed69b2cd72,STG,-0.035770517
0xfe3c3f351e6df846566e10119e4295ed69b2cd72,SUI,-0.007634106
0xfe3c3f351e6df846566e10119e4295ed69b2cd72,SUSHI,-0.01816017
0xfe3c3f351e6df846566e10119e4295ed69b2cd72,TIA,-0.02780253
0xfe3c3f351e6df846566e10119e4295ed69b2cd72,TOKEN,-0.059145328
0xfe3c3f351e6df846566e10119e4295ed69b2cd72,TRX,0.011495461
0xfe3c3f351e6df846566e10119e4295ed69b2cd72,UNI,0.0006925254
0xfe3c3f351e6df846566e10119e4295ed69b2cd72,USDT,0.0029957928
0xfe3c3f351e6df846566e10119e4295ed69b2cd72,XLM,-0.013849194
0xfe3c3f351e6df846566e10119e4295ed69b2cd72,XMR,6.664599E-7
0xfe3c3f351e6df846566e10119e4295ed69b2cd72,XRP,0.0021379697
0xfe3c3f351e6df846566e10119e4295ed69b2cd72,XTZ,-0.015722755
0xfe3c3f351e6df846566e10119e4295ed69b2cd72,XVS,-0.03727562
0xfe3c3f351e6df846566e10119e4295ed69b2cd72,YFI,-0.036183394
