address,symbol,prediction
0x04e1dd13ef029f573cf717f094a6b601b9e03550,AAVE,-0.00061798096
0x04e1dd13ef029f573cf717f094a6b601b9e03550,ADA,-0.0027276874
0x04e1dd13ef029f573cf717f094a6b601b9e03550,ALGO,-0.018283248
0x04e1dd13ef029f573cf717f094a6b601b9e03550,APE,-0.008548081
0x04e1dd13ef029f573cf717f094a6b601b9e03550,APT,-0.0031901002
0x04e1dd13ef029f573cf717f094a6b601b9e03550,ATOM,0.007789731
0x04e1dd13ef029f573cf717f094a6b601b9e03550,AVAX,-0.01027441
0x04e1dd13ef029f573cf717f094a6b601b9e03550,AXS,0.0007929802
0x04e1dd13ef029f573cf717f094a6b601b9e03550,BAL,0.002881527
0x04e1dd13ef029f573cf717f094a6b601b9e03550,BCH,-0.0037979484
0x04e1dd13ef029f573cf717f094a6b601b9e03550,BLUR,0.0015217066
0x04e1dd13ef029f573cf717f094a6b601b9e03550,BNB,-0.0028387308
0x04e1dd13ef029f573cf717f094a6b601b9e03550,BONK,-0.017401278
0x04e1dd13ef029f573cf717f094a6b601b9e03550,BTC,-0.0028816462
0x04e1dd13ef029f573cf717f094a6b601b9e03550,C98,-0.0022548437
0x04e1dd13ef029f573cf717f094a6b601b9e03550,CAKE,-0.010896027
0x04e1dd13ef029f573cf717f094a6b601b9e03550,COMP,-0.0048960447
0x04e1dd13ef029f573cf717f094a6b601b9e03550,CRV,0.0
0x04e1dd13ef029f573cf717f094a6b601b9e03550,CVX,0.0012577772
0x04e1dd13ef029f573cf717f094a6b601b9e03550,DAI,0.00754261
0x04e1dd13ef029f573cf717f094a6b601b9e03550,DAO,-0.011956036
0x04e1dd13ef029f573cf717f094a6b601b9e03550,DOGE,-0.0007465482
0x04e1dd13ef029f573cf717f094a6b601b9e03550,DOT,-0.0075213313
0x04e1dd13ef029f573cf717f094a6b601b9e03550,DYDX,-0.002333343
0x04e1dd13ef029f573cf717f094a6b601b9e03550,EOS,-0.00047540665
0x04e1dd13ef029f573cf717f094a6b601b9e03550,ETC,-0.0031597018
0x04e1dd13ef029f573cf717f094a6b601b9e03550,ETH,-0.006482959
0x04e1dd13ef029f573cf717f094a6b601b9e03550,FET,-0.007156074
0x04e1dd13ef029f573cf717f094a6b601b9e03550,FIL,-0.0072852373
0x04e1dd13ef029f573cf717f094a6b601b9e03550,FRAX,0.0036462545
0x04e1dd13ef029f573cf717f094a6b601b9e03550,FTM,-0.007462263
0x04e1dd13ef029f573cf717f094a6b601b9e03550,FXS,0.0043857098
0x04e1dd13ef029f573cf717f094a6b601b9e03550,GRT,0.0012550354
0x04e1dd13ef029f573cf717f094a6b601b9e03550,HAI,-0.013868272
0x04e1dd13ef029f573cf717f094a6b601b9e03550,HERO,-0.008595586
0x04e1dd13ef029f573cf717f094a6b601b9e03550,ICP,-0.00045406818
0x04e1dd13ef029f573cf717f094a6b601b9e03550,IMX,-0.006314218
0x04e1dd13ef029f573cf717f094a6b601b9e03550,INJ,-0.008586228
0x04e1dd13ef029f573cf717f094a6b601b9e03550,LDO,0.0019723177
0x04e1dd13ef029f573cf717f094a6b601b9e03550,LINK,-0.0057458878
0x04e1dd13ef029f573cf717f094a6b601b9e03550,LTC,-0.0032618642
0x04e1dd13ef029f573cf717f094a6b601b9e03550,MATIC,-0.000004053116
0x04e1dd13ef029f573cf717f094a6b601b9e03550,MAV,-0.00015926361
0x04e1dd13ef029f573cf717f094a6b601b9e03550,MBOX,-0.022387922
0x04e1dd13ef029f573cf717f094a6b601b9e03550,MKR,-0.0044810176
0x04e1dd13ef029f573cf717f094a6b601b9e03550,MOON,-0.008390069
0x04e1dd13ef029f573cf717f094a6b601b9e03550,NEAR,0.0
0x04e1dd13ef029f573cf717f094a6b601b9e03550,OP,-0.004153192
0x04e1dd13ef029f573cf717f094a6b601b9e03550,PENDLE,0.0023965836
0x04e1dd13ef029f573cf717f094a6b601b9e03550,PEPE,-0.008604348
0x04e1dd13ef029f573cf717f094a6b601b9e03550,PERP,-0.013944447
0x04e1dd13ef029f573cf717f094a6b601b9e03550,PIT,-0.011390269
0x04e1dd13ef029f573cf717f094a6b601b9e03550,POLS,-0.029150248
0x04e1dd13ef029f573cf717f094a6b601b9e03550,PYTH,0.007421851
0x04e1dd13ef029f573cf717f094a6b601b9e03550,QUACK,-0.015849829
0x04e1dd13ef029f573cf717f094a6b601b9e03550,RDNT,-0.008604944
0x04e1dd13ef029f573cf717f094a6b601b9e03550,RNDR,-0.021684349
0x04e1dd13ef029f573cf717f094a6b601b9e03550,RPL,-0.013160288
0x04e1dd13ef029f573cf717f094a6b601b9e03550,RUNE,-0.011572957
0x04e1dd13ef029f573cf717f094a6b601b9e03550,SFP,0.0027740002
0x04e1dd13ef029f573cf717f094a6b601b9e03550,SFUND,-0.029462755
0x04e1dd13ef029f573cf717f094a6b601b9e03550,SHIB,-0.014893115
0x04e1dd13ef029f573cf717f094a6b601b9e03550,SOL,-0.0029690266
0x04e1dd13ef029f573cf717f094a6b601b9e03550,STG,0.00083208084
0x04e1dd13ef029f573cf717f094a6b601b9e03550,SUI,-0.0090020895
0x04e1dd13ef029f573cf717f094a6b601b9e03550,SUSHI,-0.0032717586
0x04e1dd13ef029f573cf717f094a6b601b9e03550,TIA,0.0095489025
0x04e1dd13ef029f573cf717f094a6b601b9e03550,TOKEN,0.0002926588
0x04e1dd13ef029f573cf717f094a6b601b9e03550,TRX,-0.0011038184
0x04e1dd13ef029f573cf717f094a6b601b9e03550,UNI,0.0036331415
0x04e1dd13ef029f573cf717f094a6b601b9e03550,USDT,-0.004397154
0x04e1dd13ef029f573cf717f094a6b601b9e03550,XLM,-0.010754526
0x04e1dd13ef029f573cf717f094a6b601b9e03550,XMR,-0.009063423
0x04e1dd13ef029f573cf717f094a6b601b9e03550,XRP,-0.004918158
0x04e1dd13ef029f573cf717f094a6b601b9e03550,XTZ,0.002259016
0x04e1dd13ef029f573cf717f094a6b601b9e03550,XVS,-0.001993239
0x04e1dd13ef029f573cf717f094a6b601b9e03550,YFI,-0.005157411
0x05934b9313c703fb75363d27704cc6566f645a91,AAVE,0.0147142152279947
0x05934b9313c703fb75363d27704cc6566f645a91,ADA,0.0117154589888444
0x05934b9313c703fb75363d27704cc6566f645a91,ALGO,0.0124298693079998
0x05934b9313c703fb75363d27704cc6566f645a91,APE,0.0124297184379811
0x05934b9313c703fb75363d27704cc6566f645a91,APT,0.0125657809108022
0x05934b9313c703fb75363d27704cc6566f645a91,ATOM,0.0150738034821569
0x05934b9313c703fb75363d27704cc6566f645a91,AVAX,0.0090007536283997
0x05934b9313c703fb75363d27704cc6566f645a91,AXS,0.0128701445228976
0x05934b9313c703fb75363d27704cc6566f645a91,BAL,0.0116190460084299
0x05934b9313c703fb75363d27704cc6566f645a91,BCH,0.0153916000050855
0x05934b9313c703fb75363d27704cc6566f645a91,BLUR,0.012969010056175
0x05934b9313c703fb75363d27704cc6566f645a91,BNB,0.0098956075258324
0x05934b9313c703fb75363d27704cc6566f645a91,BONK,0.01031620543204
0x05934b9313c703fb75363d27704cc6566f645a91,BTC,0.0164395358332204
0x05934b9313c703fb75363d27704cc6566f645a91,C98,0.0129393126538523
0x05934b9313c703fb75363d27704cc6566f645a91,CAKE,0.0122375399207685
0x05934b9313c703fb75363d27704cc6566f645a91,COMP,0.013506149779961
0x05934b9313c703fb75363d27704cc6566f645a91,CRV,0.0123155473219056
0x05934b9313c703fb75363d27704cc6566f645a91,CVX,0.0144060572285744
0x05934b9313c703fb75363d27704cc6566f645a91,DAI,0.0127957660887343
0x05934b9313c703fb75363d27704cc6566f645a91,DAO,0.0129560652920763
0x05934b9313c703fb75363d27704cc6566f645a91,DOGE,0.0100680231811595
0x05934b9313c703fb75363d27704cc6566f645a91,DOT,0.0123572938243425
0x05934b9313c703fb75363d27704cc6566f645a91,DYDX,0.0136599747716606
0x05934b9313c703fb75363d27704cc6566f645a91,EOS,0.0149840987715886
0x05934b9313c703fb75363d27704cc6566f645a91,ETC,0.0183117299673944
0x05934b9313c703fb75363d27704cc6566f645a91,ETH,0.021349740356262
0x05934b9313c703fb75363d27704cc6566f645a91,FET,0.0110151263390722
0x05934b9313c703fb75363d27704cc6566f645a91,FIL,0.0131241696396596
0x05934b9313c703fb75363d27704cc6566f645a91,FRAX,0.0180829865290526
0x05934b9313c703fb75363d27704cc6566f645a91,FTM,0.0099578618214655
0x05934b9313c703fb75363d27704cc6566f645a91,FXS,0.0120469040392745
0x05934b9313c703fb75363d27704cc6566f645a91,GRT,0.0125585199706963
0x05934b9313c703fb75363d27704cc6566f645a91,HAI,0.0124470635052811
0x05934b9313c703fb75363d27704cc6566f645a91,HERO,0.0121907736510518
0x05934b9313c703fb75363d27704cc6566f645a91,ICP,0.0175077321391236
0x05934b9313c703fb75363d27704cc6566f645a91,IMX,0.0087706616251884
0x05934b9313c703fb75363d27704cc6566f645a91,INJ,0.0116145370599882
0x05934b9313c703fb75363d27704cc6566f645a91,LDO,0.0149481384389582
0x05934b9313c703fb75363d27704cc6566f645a91,LINK,0.0146598680717336
0x05934b9313c703fb75363d27704cc6566f645a91,LTC,0.0123316920258489
0x05934b9313c703fb75363d27704cc6566f645a91,MATIC,0.0118110840758656
0x05934b9313c703fb75363d27704cc6566f645a91,MAV,0.0132009226611248
0x05934b9313c703fb75363d27704cc6566f645a91,MBOX,0.0129288641614241
0x05934b9313c703fb75363d27704cc6566f645a91,MKR,0.0103807540735202
0x05934b9313c703fb75363d27704cc6566f645a91,MOON,0.0164279305931925
0x05934b9313c703fb75363d27704cc6566f645a91,NEAR,0.0152694293999587
0x05934b9313c703fb75363d27704cc6566f645a91,OP,0.0140947499168639
0x05934b9313c703fb75363d27704cc6566f645a91,PENDLE,0.0156136349989938
0x05934b9313c703fb75363d27704cc6566f645a91,PEPE,0.0132064274323296
0x05934b9313c703fb75363d27704cc6566f645a91,PERP,0.0107164160139932
0x05934b9313c703fb75363d27704cc6566f645a91,PIT,0.012796064293658
0x05934b9313c703fb75363d27704cc6566f645a91,POLS,0.0124576987002361
0x05934b9313c703fb75363d27704cc6566f645a91,PYTH,0.0130466608630234
0x05934b9313c703fb75363d27704cc6566f645a91,QUACK,0.0133102403274399
0x05934b9313c703fb75363d27704cc6566f645a91,RDNT,0.0110535740542636
0x05934b9313c703fb75363d27704cc6566f645a91,RNDR,0.0126054403432507
0x05934b9313c703fb75363d27704cc6566f645a91,RPL,0.0119620713006728
0x05934b9313c703fb75363d27704cc6566f645a91,RUNE,0.0116067207663306
0x05934b9313c703fb75363d27704cc6566f645a91,SFP,0.0109590811727884
0x05934b9313c703fb75363d27704cc6566f645a91,SFUND,0.0151080754603917
0x05934b9313c703fb75363d27704cc6566f645a91,SHIB,0.0113757026700308
0x05934b9313c703fb75363d27704cc6566f645a91,SOL,0.0133760119870851
0x05934b9313c703fb75363d27704cc6566f645a91,STG,0.01309977149026
0x05934b9313c703fb75363d27704cc6566f645a91,SUI,0.0129892498862418
0x05934b9313c703fb75363d27704cc6566f645a91,SUSHI,0.0128314418840184
0x05934b9313c703fb75363d27704cc6566f645a91,TIA,0.0123949105099295
0x05934b9313c703fb75363d27704cc6566f645a91,TOKEN,0.0103242361173098
0x05934b9313c703fb75363d27704cc6566f645a91,TRX,0.0103384313427128
0x05934b9313c703fb75363d27704cc6566f645a91,UNI,0.0110353366263217
0x05934b9313c703fb75363d27704cc6566f645a91,USDT,0.014818707009217
0x05934b9313c703fb75363d27704cc6566f645a91,XLM,0.0101781411331883
0x05934b9313c703fb75363d27704cc6566f645a91,XMR,0.0130753025637776
0x05934b9313c703fb75363d27704cc6566f645a91,XRP,0.0135760891327841
0x05934b9313c703fb75363d27704cc6566f645a91,XTZ,0.0123543394332803
0x05934b9313c703fb75363d27704cc6566f645a91,XVS,0.0135255261604734
0x05934b9313c703fb75363d27704cc6566f645a91,YFI,0.0142667779990879
0x063af2c2952d7799ce1eac2f1a85c7b4aa4fe553,AAVE,-0.017355556
0x063af2c2952d7799ce1eac2f1a85c7b4aa4fe553,ADA,-0.02442505
0x063af2c2952d7799ce1eac2f1a85c7b4aa4fe553,ALGO,-0.020366278
0x063af2c2952d7799ce1eac2f1a85c7b4aa4fe553,APE,-0.0476076
0x063af2c2952d7799ce1eac2f1a85c7b4aa4fe553,APT,-0.023352798
0x063af2c2952d7799ce1eac2f1a85c7b4aa4fe553,ATOM,-0.050740786
0x063af2c2952d7799ce1eac2f1a85c7b4aa4fe553,AVAX,-0.020388737
0x063af2c2952d7799ce1eac2f1a85c7b4aa4fe553,AXS,-0.02101281
0x063af2c2952d7799ce1eac2f1a85c7b4aa4fe553,BAL,-0.055894062
0x063af2c2952d7799ce1eac2f1a85c7b4aa4fe553,BCH,0.00016880834
0x063af2c2952d7799ce1eac2f1a85c7b4aa4fe553,BLUR,-0.038182054
0x063af2c2952d7799ce1eac2f1a85c7b4aa4fe553,BNB,-0.04279204
0x063af2c2952d7799ce1eac2f1a85c7b4aa4fe553,BONK,-0.054693803
0x063af2c2952d7799ce1eac2f1a85c7b4aa4fe553,BTC,0.02935493
0x063af2c2952d7799ce1eac2f1a85c7b4aa4fe553,C98,-0.046438813
0x063af2c2952d7799ce1eac2f1a85c7b4aa4fe553,CAKE,-0.0035164973
0x063af2c2952d7799ce1eac2f1a85c7b4aa4fe553,COMP,-0.009000678
0x063af2c2952d7799ce1eac2f1a85c7b4aa4fe553,CRV,-0.011706491
0x063af2c2952d7799ce1eac2f1a85c7b4aa4fe553,CVX,-0.023582762
0x063af2c2952d7799ce1eac2f1a85c7b4aa4fe553,DAI,-0.0076010004
0x063af2c2952d7799ce1eac2f1a85c7b4aa4fe553,DAO,-0.0053970325
0x063af2c2952d7799ce1eac2f1a85c7b4aa4fe553,DOGE,-0.0092647
0x063af2c2952d7799ce1eac2f1a85c7b4aa4fe553,DOT,0.00095360976
0x063af2c2952d7799ce1eac2f1a85c7b4aa4fe553,DYDX,-0.032560177
0x063af2c2952d7799ce1eac2f1a85c7b4aa4fe553,EOS,-0.021582503
0x063af2c2952d7799ce1eac2f1a85c7b4aa4fe553,ETC,0.008308959
0x063af2c2952d7799ce1eac2f1a85c7b4aa4fe553,ETH,0.0051993798
0x063af2c2952d7799ce1eac2f1a85c7b4aa4fe553,FET,-0.02767495
0x063af2c2952d7799ce1eac2f1a85c7b4aa4fe553,FIL,-0.0244197
0x063af2c2952d7799ce1eac2f1a85c7b4aa4fe553,FRAX,-0.12391771
0x063af2c2952d7799ce1eac2f1a85c7b4aa4fe553,FTM,0.0040651546
0x063af2c2952d7799ce1eac2f1a85c7b4aa4fe553,FXS,-0.014698673
0x063af2c2952d7799ce1eac2f1a85c7b4aa4fe553,GRT,-0.051298935
0x063af2c2952d7799ce1eac2f1a85c7b4aa4fe553,HAI,-0.027865618
0x063af2c2952d7799ce1eac2f1a85c7b4aa4fe553,HERO,-0.04210036
0x063af2c2952d7799ce1eac2f1a85c7b4aa4fe553,ICP,-0.043363217
0x063af2c2952d7799ce1eac2f1a85c7b4aa4fe553,IMX,-0.060436994
0x063af2c2952d7799ce1eac2f1a85c7b4aa4fe553,INJ,-0.065752745
0x063af2c2952d7799ce1eac2f1a85c7b4aa4fe553,LDO,-0.046782162
0x063af2c2952d7799ce1eac2f1a85c7b4aa4fe553,LINK,-0.01563567
0x063af2c2952d7799ce1eac2f1a85c7b4aa4fe553,LTC,0.017470485
0x063af2c2952d7799ce1eac2f1a85c7b4aa4fe553,MATIC,-0.03849079
0x063af2c2952d7799ce1eac2f1a85c7b4aa4fe553,MAV,-0.06487481
0x063af2c2952d7799ce1eac2f1a85c7b4aa4fe553,MBOX,-0.057835378
0x063af2c2952d7799ce1eac2f1a85c7b4aa4fe553,MKR,-0.033067994
0x063af2c2952d7799ce1eac2f1a85c7b4aa4fe553,MOON,0.015365979
0x063af2c2952d7799ce1eac2f1a85c7b4aa4fe553,NEAR,-0.05980666
0x063af2c2952d7799ce1eac2f1a85c7b4aa4fe553,OP,-0.013595532
0x063af2c2952d7799ce1eac2f1a85c7b4aa4fe553,PENDLE,-0.038557578
0x063af2c2952d7799ce1eac2f1a85c7b4aa4fe553,PEPE,-0.033384074
0x063af2c2952d7799ce1eac2f1a85c7b4aa4fe553,PERP,-0.07908475
0x063af2c2952d7799ce1eac2f1a85c7b4aa4fe553,PIT,-0.032878835
0x063af2c2952d7799ce1eac2f1a85c7b4aa4fe553,POLS,-0.038114283
0x063af2c2952d7799ce1eac2f1a85c7b4aa4fe553,PYTH,-0.042810805
0x063af2c2952d7799ce1eac2f1a85c7b4aa4fe553,QUACK,-0.045025248
0x063af2c2952d7799ce1eac2f1a85c7b4aa4fe553,RDNT,-0.062837586
0x063af2c2952d7799ce1eac2f1a85c7b4aa4fe553,RNDR,-0.035657156
0x063af2c2952d7799ce1eac2f1a85c7b4aa4fe553,RPL,-0.023984753
0x063af2c2952d7799ce1eac2f1a85c7b4aa4fe553,RUNE,-0.02946568
0x063af2c2952d7799ce1eac2f1a85c7b4aa4fe553,SFP,-0.044656664
0x063af2c2952d7799ce1eac2f1a85c7b4aa4fe553,SFUND,-0.20749849
0x063af2c2952d7799ce1eac2f1a85c7b4aa4fe553,SHIB,-0.016655203
0x063af2c2952d7799ce1eac2f1a85c7b4aa4fe553,SOL,0.008471167
0x063af2c2952d7799ce1eac2f1a85c7b4aa4fe553,STG,-0.064581364
0x063af2c2952d7799ce1eac2f1a85c7b4aa4fe553,SUI,-0.034378696
0x063af2c2952d7799ce1eac2f1a85c7b4aa4fe553,SUSHI,-0.01944871
0x063af2c2952d7799ce1eac2f1a85c7b4aa4fe553,TIA,-0.027077941
0x063af2c2952d7799ce1eac2f1a85c7b4aa4fe553,TOKEN,-0.04459986
0x063af2c2952d7799ce1eac2f1a85c7b4aa4fe553,TRX,0.005402249
0x063af2c2952d7799ce1eac2f1a85c7b4aa4fe553,UNI,-0.026498891
0x063af2c2952d7799ce1eac2f1a85c7b4aa4fe553,USDT,0.0334826
0x063af2c2952d7799ce1eac2f1a85c7b4aa4fe553,XLM,-0.0044246395
0x063af2c2952d7799ce1eac2f1a85c7b4aa4fe553,XMR,-0.00011863061
0x063af2c2952d7799ce1eac2f1a85c7b4aa4fe553,XRP,-0.0148649905
0x063af2c2952d7799ce1eac2f1a85c7b4aa4fe553,XTZ,-0.00015838169
0x063af2c2952d7799ce1eac2f1a85c7b4aa4fe553,XVS,-0.03833609
0x063af2c2952d7799ce1eac2f1a85c7b4aa4fe553,YFI,-0.032713562
0x0edc0ea676c5e608d628ecc659a13a213476de3e,AAVE,0.0102961574120843
0x0edc0ea676c5e608d628ecc659a13a213476de3e,ADA,0.0015546783486073
0x0edc0ea676c5e608d628ecc659a13a213476de3e,ALGO,0.0115853673271771
0x0edc0ea676c5e608d628ecc659a13a213476de3e,APE,0.0021818987410628
0x0edc0ea676c5e608d628ecc659a13a213476de3e,APT,0.0072704096603608
0x0edc0ea676c5e608d628ecc659a13a213476de3e,ATOM,-0.0026052241415894
0x0edc0ea676c5e608d628ecc659a13a213476de3e,AVAX,-0.0036597109335496
0x0edc0ea676c5e608d628ecc659a13a213476de3e,AXS,-0.0061991811668524
0x0edc0ea676c5e608d628ecc659a13a213476de3e,BAL,0.0016614066034783
0x0edc0ea676c5e608d628ecc659a13a213476de3e,BCH,0.0043548969030977
0x0edc0ea676c5e608d628ecc659a13a213476de3e,BLUR,0.0041453772238335
0x0edc0ea676c5e608d628ecc659a13a213476de3e,BNB,0.010547065882812
0x0edc0ea676c5e608d628ecc659a13a213476de3e,BONK,0.0038790447874104
0x0edc0ea676c5e608d628ecc659a13a213476de3e,BTC,0.0009686276039055
0x0edc0ea676c5e608d628ecc659a13a213476de3e,C98,-0.0001395004940907
0x0edc0ea676c5e608d628ecc659a13a213476de3e,CAKE,0.0009102671915819
0x0edc0ea676c5e608d628ecc659a13a213476de3e,COMP,0.0114368773845537
0x0edc0ea676c5e608d628ecc659a13a213476de3e,CRV,0.0072440003401306
0x0edc0ea676c5e608d628ecc659a13a213476de3e,CVX,0.0121026378294293
0x0edc0ea676c5e608d628ecc659a13a213476de3e,DAI,-0.0108630644209937
0x0edc0ea676c5e608d628ecc659a13a213476de3e,DAO,-0.0042438336327024
0x0edc0ea676c5e608d628ecc659a13a213476de3e,DOGE,0.0015112802478247
0x0edc0ea676c5e608d628ecc659a13a213476de3e,DOT,0.0059679086916648
0x0edc0ea676c5e608d628ecc659a13a213476de3e,DYDX,-0.0315301532867835
0x0edc0ea676c5e608d628ecc659a13a213476de3e,EOS,-0.0026356012115302
0x0edc0ea676c5e608d628ecc659a13a213476de3e,ETC,0.0021981983473295
0x0edc0ea676c5e608d628ecc659a13a213476de3e,ETH,-0.0019578856708955
0x0edc0ea676c5e608d628ecc659a13a213476de3e,FET,0.0060498613446931
0x0edc0ea676c5e608d628ecc659a13a213476de3e,FIL,-0.0011726508865614
0x0edc0ea676c5e608d628ecc659a13a213476de3e,FRAX,-0.0781367074668182
0x0edc0ea676c5e608d628ecc659a13a213476de3e,FTM,0.0039751716528766
0x0edc0ea676c5e608d628ecc659a13a213476de3e,FXS,0.0078820932833159
0x0edc0ea676c5e608d628ecc659a13a213476de3e,GRT,0.008073456547222
0x0edc0ea676c5e608d628ecc659a13a213476de3e,HAI,-0.007965322288264
0x0edc0ea676c5e608d628ecc659a13a213476de3e,HERO,0.001191131674618
0x0edc0ea676c5e608d628ecc659a13a213476de3e,ICP,0.0173111324598518
0x0edc0ea676c5e608d628ecc659a13a213476de3e,IMX,-0.0104617410175751
0x0edc0ea676c5e608d628ecc659a13a213476de3e,INJ,0.0044984346130931
0x0edc0ea676c5e608d628ecc659a13a213476de3e,LDO,-0.0082348673806378
0x0edc0ea676c5e608d628ecc659a13a213476de3e,LINK,-0.0038588863812143
0x0edc0ea676c5e608d628ecc659a13a213476de3e,LTC,0.0049079991082159
0x0edc0ea676c5e608d628ecc659a13a213476de3e,MATIC,-0.0146457378644627
0x0edc0ea676c5e608d628ecc659a13a213476de3e,MAV,-0.0005758775502529
0x0edc0ea676c5e608d628ecc659a13a213476de3e,MBOX,-0.0092902789415771
0x0edc0ea676c5e608d628ecc659a13a213476de3e,MKR,-0.033002729525401
0x0edc0ea676c5e608d628ecc659a13a213476de3e,MOON,-0.0050618283011476
0x0edc0ea676c5e608d628ecc659a13a213476de3e,NEAR,-0.0005007577764053
0x0edc0ea676c5e608d628ecc659a13a213476de3e,OP,-0.0045287707134353
0x0edc0ea676c5e608d628ecc659a13a213476de3e,PENDLE,-0.0062817008643432
0x0edc0ea676c5e608d628ecc659a13a213476de3e,PEPE,0.0001512903037028
0x0edc0ea676c5e608d628ecc659a13a213476de3e,PERP,-0.0162873925984866
0x0edc0ea676c5e608d628ecc659a13a213476de3e,PIT,0.0195716559382881
0x0edc0ea676c5e608d628ecc659a13a213476de3e,POLS,-0.0010513113336716
0x0edc0ea676c5e608d628ecc659a13a213476de3e,PYTH,-0.0254995455713307
0x0edc0ea676c5e608d628ecc659a13a213476de3e,QUACK,0.0107365095355756
0x0edc0ea676c5e608d628ecc659a13a213476de3e,RDNT,0.0063132415096713
0x0edc0ea676c5e608d628ecc659a13a213476de3e,RNDR,-0.0031956790203209
0x0edc0ea676c5e608d628ecc659a13a213476de3e,RPL,0.0227292859419901
0x0edc0ea676c5e608d628ecc659a13a213476de3e,RUNE,-0.0029561491572653
0x0edc0ea676c5e608d628ecc659a13a213476de3e,SFP,-0.0033270501580868
0x0edc0ea676c5e608d628ecc659a13a213476de3e,SFUND,-0.0533646047801997
0x0edc0ea676c5e608d628ecc659a13a213476de3e,SHIB,0.0002661703507185
0x0edc0ea676c5e608d628ecc659a13a213476de3e,SOL,-0.0071500866134306
0x0edc0ea676c5e608d628ecc659a13a213476de3e,STG,0.0085052994135801
0x0edc0ea676c5e608d628ecc659a13a213476de3e,SUI,0.0088418892085162
0x0edc0ea676c5e608d628ecc659a13a213476de3e,SUSHI,0.0090702705004366
0x0edc0ea676c5e608d628ecc659a13a213476de3e,TIA,0.0080704996074541
0x0edc0ea676c5e608d628ecc659a13a213476de3e,TOKEN,-0.0100099658035777
0x0edc0ea676c5e608d628ecc659a13a213476de3e,TRX,0.0080766736494581
0x0edc0ea676c5e608d628ecc659a13a213476de3e,UNI,0.0041007246617408
0x0edc0ea676c5e608d628ecc659a13a213476de3e,USDT,0.0116769708854578
0x0edc0ea676c5e608d628ecc659a13a213476de3e,XLM,-0.0053626196928031
0x0edc0ea676c5e608d628ecc659a13a213476de3e,XMR,0.0037189545389309
0x0edc0ea676c5e608d628ecc659a13a213476de3e,XRP,-0.0009569710456558
0x0edc0ea676c5e608d628ecc659a13a213476de3e,XTZ,-0.0061923533688867
0x0edc0ea676c5e608d628ecc659a13a213476de3e,XVS,-0.0010959824488066
0x0edc0ea676c5e608d628ecc659a13a213476de3e,YFI,-0.0037832948025604
0x181a5bac1f070befbba81a97b68d0e788b4f9189,AAVE,-0.0579943618923831
0x181a5bac1f070befbba81a97b68d0e788b4f9189,ADA,0.0505420194144838
0x181a5bac1f070befbba81a97b68d0e788b4f9189,ALGO,-0.0348000155238304
0x181a5bac1f070befbba81a97b68d0e788b4f9189,APE,0.1199741070472648
0x181a5bac1f070befbba81a97b68d0e788b4f9189,APT,-0.0870708134242653
0x181a5bac1f070befbba81a97b68d0e788b4f9189,ATOM,-0.0803104480894677
0x181a5bac1f070befbba81a97b68d0e788b4f9189,AVAX,0.1359801565648386
0x181a5bac1f070befbba81a97b68d0e788b4f9189,AXS,0.1589071485647637
0x181a5bac1f070befbba81a97b68d0e788b4f9189,BAL,-0.1672201380539851
0x181a5bac1f070befbba81a97b68d0e788b4f9189,BCH,0.2170552043552335
0x181a5bac1f070befbba81a97b68d0e788b4f9189,BLUR,-0.0404148949671136
0x181a5bac1f070befbba81a97b68d0e788b4f9189,BNB,0.0219282343920086
0x181a5bac1f070befbba81a97b68d0e788b4f9189,BONK,0.1610592573079113
0x181a5bac1f070befbba81a97b68d0e788b4f9189,BTC,-0.0859836239112747
0x181a5bac1f070befbba81a97b68d0e788b4f9189,C98,-0.1738294162503814
0x181a5bac1f070befbba81a97b68d0e788b4f9189,CAKE,0.1441866182498689
0x181a5bac1f070befbba81a97b68d0e788b4f9189,COMP,-0.0239519010147926
0x181a5bac1f070befbba81a97b68d0e788b4f9189,CRV,0.1075129698557937
0x181a5bac1f070befbba81a97b68d0e788b4f9189,CVX,-0.1013867404551484
0x181a5bac1f070befbba81a97b68d0e788b4f9189,DAI,0.0006948001163993
0x181a5bac1f070befbba81a97b68d0e788b4f9189,DAO,-0.1432182280591789
0x181a5bac1f070befbba81a97b68d0e788b4f9189,DOGE,0.9388288976215746
0x181a5bac1f070befbba81a97b68d0e788b4f9189,DOT,0.037251786126537
0x181a5bac1f070befbba81a97b68d0e788b4f9189,DYDX,-0.1175916431018193
0x181a5bac1f070befbba81a97b68d0e788b4f9189,EOS,-0.187952776382624
0x181a5bac1f070befbba81a97b68d0e788b4f9189,ETC,0.311043142378647
0x181a5bac1f070befbba81a97b68d0e788b4f9189,ETH,-0.0546803348342658
0x181a5bac1f070befbba81a97b68d0e788b4f9189,FET,0.0038873840635212
0x181a5bac1f070befbba81a97b68d0e788b4f9189,FIL,0.0667011880089671
0x181a5bac1f070befbba81a97b68d0e788b4f9189,FRAX,0.2780695559149757
0x181a5bac1f070befbba81a97b68d0e788b4f9189,FTM,0.0230122830473659
0x181a5bac1f070befbba81a97b68d0e788b4f9189,FXS,-0.0914486614953118
0x181a5bac1f070befbba81a97b68d0e788b4f9189,GRT,-0.1707572567490794
0x181a5bac1f070befbba81a97b68d0e788b4f9189,HAI,6.132207773169213
0x181a5bac1f070befbba81a97b68d0e788b4f9189,HERO,-0.0189768954225617
0x181a5bac1f070befbba81a97b68d0e788b4f9189,ICP,0.0992730827656508
0x181a5bac1f070befbba81a97b68d0e788b4f9189,IMX,-0.0266961310119672
0x181a5bac1f070befbba81a97b68d0e788b4f9189,INJ,-0.1012488679092315
0x181a5bac1f070befbba81a97b68d0e788b4f9189,LDO,0.1974684966542422
0x181a5bac1f070befbba81a97b68d0e788b4f9189,LINK,0.0299626771170313
0x181a5bac1f070befbba81a97b68d0e788b4f9189,LTC,-0.1127787517160768
0x181a5bac1f070befbba81a97b68d0e788b4f9189,MATIC,-0.0590496638291452
0x181a5bac1f070befbba81a97b68d0e788b4f9189,MAV,-0.1355912806967726
0x181a5bac1f070befbba81a97b68d0e788b4f9189,MBOX,-0.1147863144019157
0x181a5bac1f070befbba81a97b68d0e788b4f9189,MKR,0.0916845763227004
0x181a5bac1f070befbba81a97b68d0e788b4f9189,MOON,0.2188172647210603
0x181a5bac1f070befbba81a97b68d0e788b4f9189,NEAR,-0.0792001556025219
0x181a5bac1f070befbba81a97b68d0e788b4f9189,OP,0.0231404999602559
0x181a5bac1f070befbba81a97b68d0e788b4f9189,PENDLE,-0.0507477848632297
0x181a5bac1f070befbba81a97b68d0e788b4f9189,PEPE,0.8121966547644127
0x181a5bac1f070befbba81a97b68d0e788b4f9189,PERP,0.0737707483621403
0x181a5bac1f070befbba81a97b68d0e788b4f9189,PIT,0.0528116262549162
0x181a5bac1f070befbba81a97b68d0e788b4f9189,POLS,-0.0954894568921749
0x181a5bac1f070befbba81a97b68d0e788b4f9189,PYTH,-0.073322401876729
0x181a5bac1f070befbba81a97b68d0e788b4f9189,QUACK,-0.1574439288551213
0x181a5bac1f070befbba81a97b68d0e788b4f9189,RDNT,-0.0931392676070767
0x181a5bac1f070befbba81a97b68d0e788b4f9189,RNDR,0.0150017855620163
0x181a5bac1f070befbba81a97b68d0e788b4f9189,RPL,0.1232787431612024
0x181a5bac1f070befbba81a97b68d0e788b4f9189,RUNE,-0.0783920402173619
0x181a5bac1f070befbba81a97b68d0e788b4f9189,SFP,-0.0583908991166645
0x181a5bac1f070befbba81a97b68d0e788b4f9189,SFUND,-0.0526998821932702
0x181a5bac1f070befbba81a97b68d0e788b4f9189,SHIB,0.5060616474379352
0x181a5bac1f070befbba81a97b68d0e788b4f9189,SOL,-0.1332141824988181
0x181a5bac1f070befbba81a97b68d0e788b4f9189,STG,-0.0487528755230786
0x181a5bac1f070befbba81a97b68d0e788b4f9189,SUI,0.0897388666341635
0x181a5bac1f070befbba81a97b68d0e788b4f9189,SUSHI,0.0298845681659212
0x181a5bac1f070befbba81a97b68d0e788b4f9189,TIA,0.0095524975532598
0x181a5bac1f070befbba81a97b68d0e788b4f9189,TOKEN,0.0526847360105522
0x181a5bac1f070befbba81a97b68d0e788b4f9189,TRX,0.1112595322418343
0x181a5bac1f070befbba81a97b68d0e788b4f9189,UNI,-0.1445975400747693
0x181a5bac1f070befbba81a97b68d0e788b4f9189,USDT,-0.000966172163151
0x181a5bac1f070befbba81a97b68d0e788b4f9189,XLM,0.311841958446874
0x181a5bac1f070befbba81a97b68d0e788b4f9189,XMR,-0.0478975031419823
0x181a5bac1f070befbba81a97b68d0e788b4f9189,XRP,0.1064500258586117
0x181a5bac1f070befbba81a97b68d0e788b4f9189,XTZ,-0.0573097753043544
0x181a5bac1f070befbba81a97b68d0e788b4f9189,XVS,-0.0733609276200178
0x181a5bac1f070befbba81a97b68d0e788b4f9189,YFI,-0.0751914564043365
0x1be48b2b7594fe7e47701bc7e7bb83beaf84ecc0,AAVE,-0.0067808367
0x1be48b2b7594fe7e47701bc7e7bb83beaf84ecc0,ADA,-0.05253194
0x1be48b2b7594fe7e47701bc7e7bb83beaf84ecc0,ALGO,-0.0027508673
0x1be48b2b7594fe7e47701bc7e7bb83beaf84ecc0,APE,0.00091238663
0x1be48b2b7594fe7e47701bc7e7bb83beaf84ecc0,APT,-0.0071959794
0x1be48b2b7594fe7e47701bc7e7bb83beaf84ecc0,ATOM,-0.020932298
0x1be48b2b7594fe7e47701bc7e7bb83beaf84ecc0,AVAX,-0.008670879
0x1be48b2b7594fe7e47701bc7e7bb83beaf84ecc0,AXS,-0.026371717
0x1be48b2b7594fe7e47701bc7e7bb83beaf84ecc0,BAL,-0.030015515
0x1be48b2b7594fe7e47701bc7e7bb83beaf84ecc0,BCH,0.0006382765
0x1be48b2b7594fe7e47701bc7e7bb83beaf84ecc0,BLUR,-0.022381367
0x1be48b2b7594fe7e47701bc7e7bb83beaf84ecc0,BNB,-0.014096249
0x1be48b2b7594fe7e47701bc7e7bb83beaf84ecc0,BONK,-0.050285544
0x1be48b2b7594fe7e47701bc7e7bb83beaf84ecc0,BTC,0.027724922
0x1be48b2b7594fe7e47701bc7e7bb83beaf84ecc0,C98,-0.03994385
0x1be48b2b7594fe7e47701bc7e7bb83beaf84ecc0,CAKE,0.0027134633
0x1be48b2b7594fe7e47701bc7e7bb83beaf84ecc0,COMP,-0.017448708
0x1be48b2b7594fe7e47701bc7e7bb83beaf84ecc0,CRV,0.045558333
0x1be48b2b7594fe7e47701bc7e7bb83beaf84ecc0,CVX,-0.02202238
0x1be48b2b7594fe7e47701bc7e7bb83beaf84ecc0,DAI,-0.021860639
0x1be48b2b7594fe7e47701bc7e7bb83beaf84ecc0,DAO,-0.027723016
0x1be48b2b7594fe7e47701bc7e7bb83beaf84ecc0,DOGE,0.0028767048
0x1be48b2b7594fe7e47701bc7e7bb83beaf84ecc0,DOT,0.01328909
0x1be48b2b7594fe7e47701bc7e7bb83beaf84ecc0,DYDX,-0.022654457
0x1be48b2b7594fe7e47701bc7e7bb83beaf84ecc0,EOS,-0.03866919
0x1be48b2b7594fe7e47701bc7e7bb83beaf84ecc0,ETC,-0.0016677303
0x1be48b2b7594fe7e47701bc7e7bb83beaf84ecc0,ETH,-0.016165158
0x1be48b2b7594fe7e47701bc7e7bb83beaf84ecc0,FET,-0.021335015
0x1be48b2b7594fe7e47701bc7e7bb83beaf84ecc0,FIL,-0.021600006
0x1be48b2b7594fe7e47701bc7e7bb83beaf84ecc0,FRAX,-0.19469416
0x1be48b2b7594fe7e47701bc7e7bb83beaf84ecc0,FTM,-0.0027375508
0x1be48b2b7594fe7e47701bc7e7bb83beaf84ecc0,FXS,-0.00018137436
0x1be48b2b7594fe7e47701bc7e7bb83beaf84ecc0,GRT,-0.029535852
0x1be48b2b7594fe7e47701bc7e7bb83beaf84ecc0,HAI,-0.024939649
0x1be48b2b7594fe7e47701bc7e7bb83beaf84ecc0,HERO,-0.025817392
0x1be48b2b7594fe7e47701bc7e7bb83beaf84ecc0,ICP,-0.022498107
0x1be48b2b7594fe7e47701bc7e7bb83beaf84ecc0,IMX,-0.021947414
0x1be48b2b7594fe7e47701bc7e7bb83beaf84ecc0,INJ,-0.013610611
0x1be48b2b7594fe7e47701bc7e7bb83beaf84ecc0,LDO,-0.0100045595
0x1be48b2b7594fe7e47701bc7e7bb83beaf84ecc0,LINK,-0.0022775347
0x1be48b2b7594fe7e47701bc7e7bb83beaf84ecc0,LTC,-0.019947318
0x1be48b2b7594fe7e47701bc7e7bb83beaf84ecc0,MATIC,-0.039065797
0x1be48b2b7594fe7e47701bc7e7bb83beaf84ecc0,MAV,-0.043623187
0x1be48b2b7594fe7e47701bc7e7bb83beaf84ecc0,MBOX,-0.045829542
0x1be48b2b7594fe7e47701bc7e7bb83beaf84ecc0,MKR,-0.023335842
0x1be48b2b7594fe7e47701bc7e7bb83beaf84ecc0,MOON,-0.0030954825
0x1be48b2b7594fe7e47701bc7e7bb83beaf84ecc0,NEAR,-0.02643479
0x1be48b2b7594fe7e47701bc7e7bb83beaf84ecc0,OP,-0.010865662
0x1be48b2b7594fe7e47701bc7e7bb83beaf84ecc0,PENDLE,-0.025920799
0x1be48b2b7594fe7e47701bc7e7bb83beaf84ecc0,PEPE,-0.007832087
0x1be48b2b7594fe7e47701bc7e7bb83beaf84ecc0,PERP,-0.04133546
0x1be48b2b7594fe7e47701bc7e7bb83beaf84ecc0,PIT,-0.031664386
0x1be48b2b7594fe7e47701bc7e7bb83beaf84ecc0,POLS,-0.0250799
0x1be48b2b7594fe7e47701bc7e7bb83beaf84ecc0,PYTH,-0.027212761
0x1be48b2b7594fe7e47701bc7e7bb83beaf84ecc0,QUACK,-0.025717411
0x1be48b2b7594fe7e47701bc7e7bb83beaf84ecc0,RDNT,-0.041656904
0x1be48b2b7594fe7e47701bc7e7bb83beaf84ecc0,RNDR,-0.032003637
0x1be48b2b7594fe7e47701bc7e7bb83beaf84ecc0,RPL,-0.036106255
0x1be48b2b7594fe7e47701bc7e7bb83beaf84ecc0,RUNE,-0.019415837
0x1be48b2b7594fe7e47701bc7e7bb83beaf84ecc0,SFP,-0.004113936
0x1be48b2b7594fe7e47701bc7e7bb83beaf84ecc0,SFUND,-0.4493409
0x1be48b2b7594fe7e47701bc7e7bb83beaf84ecc0,SHIB,-0.022840934
0x1be48b2b7594fe7e47701bc7e7bb83beaf84ecc0,SOL,0.04644378
0x1be48b2b7594fe7e47701bc7e7bb83beaf84ecc0,STG,-0.032477662
0x1be48b2b7594fe7e47701bc7e7bb83beaf84ecc0,SUI,0.0077702627
0x1be48b2b7594fe7e47701bc7e7bb83beaf84ecc0,SUSHI,-0.014338031
0x1be48b2b7594fe7e47701bc7e7bb83beaf84ecc0,TIA,-0.020254862
0x1be48b2b7594fe7e47701bc7e7bb83beaf84ecc0,TOKEN,-0.04537693
0x1be48b2b7594fe7e47701bc7e7bb83beaf84ecc0,TRX,0.0027658402
0x1be48b2b7594fe7e47701bc7e7bb83beaf84ecc0,UNI,-0.000006405787
0x1be48b2b7594fe7e47701bc7e7bb83beaf84ecc0,USDT,0.02330154
0x1be48b2b7594fe7e47701bc7e7bb83beaf84ecc0,XLM,-0.027023418
0x1be48b2b7594fe7e47701bc7e7bb83beaf84ecc0,XMR,0.012200476
0x1be48b2b7594fe7e47701bc7e7bb83beaf84ecc0,XRP,0.029958626
0x1be48b2b7594fe7e47701bc7e7bb83beaf84ecc0,XTZ,-0.00057747704
0x1be48b2b7594fe7e47701bc7e7bb83beaf84ecc0,XVS,-0.020986333
0x1be48b2b7594fe7e47701bc7e7bb83beaf84ecc0,YFI,-0.028922973
0x1bfb6731ff80e75bf84bfe40a108723c5eb23d4f,AAVE,-0.0044739043055077
0x1bfb6731ff80e75bf84bfe40a108723c5eb23d4f,ADA,-0.0425815785043444
0x1bfb6731ff80e75bf84bfe40a108723c5eb23d4f,ALGO,-0.0078512307873406
0x1bfb6731ff80e75bf84bfe40a108723c5eb23d4f,APE,-0.0109108628165413
0x1bfb6731ff80e75bf84bfe40a108723c5eb23d4f,APT,-0.01107662821673
0x1bfb6731ff80e75bf84bfe40a108723c5eb23d4f,ATOM,-0.0092782701335948
0x1bfb6731ff80e75bf84bfe40a108723c5eb23d4f,AVAX,-0.0135269445905788
0x1bfb6731ff80e75bf84bfe40a108723c5eb23d4f,AXS,-0.0140178129082546
0x1bfb6731ff80e75bf84bfe40a108723c5eb23d4f,BAL,-0.0321135342647833
0x1bfb6731ff80e75bf84bfe40a108723c5eb23d4f,BCH,-0.0045026889596267
0x1bfb6731ff80e75bf84bfe40a108723c5eb23d4f,BLUR,-0.0139996832410598
0x1bfb6731ff80e75bf84bfe40a108723c5eb23d4f,BNB,-0.0313762539056882
0x1bfb6731ff80e75bf84bfe40a108723c5eb23d4f,BONK,-0.0337508731364818
0x1bfb6731ff80e75bf84bfe40a108723c5eb23d4f,BTC,-0.0166757057366725
0x1bfb6731ff80e75bf84bfe40a108723c5eb23d4f,C98,-0.0289720571951894
0x1bfb6731ff80e75bf84bfe40a108723c5eb23d4f,CAKE,0.0121226333114705
0x1bfb6731ff80e75bf84bfe40a108723c5eb23d4f,COMP,-0.0008114551622459
0x1bfb6731ff80e75bf84bfe40a108723c5eb23d4f,CRV,0.0218064527748797
0x1bfb6731ff80e75bf84bfe40a108723c5eb23d4f,CVX,-0.0164422646772081
0x1bfb6731ff80e75bf84bfe40a108723c5eb23d4f,DAI,-0.0197577031618745
0x1bfb6731ff80e75bf84bfe40a108723c5eb23d4f,DAO,-0.0156287435124628
0x1bfb6731ff80e75bf84bfe40a108723c5eb23d4f,DOGE,-0.0179478426015208
0x1bfb6731ff80e75bf84bfe40a108723c5eb23d4f,DOT,0.012192794101315
0x1bfb6731ff80e75bf84bfe40a108723c5eb23d4f,DYDX,-0.016543137164084
0x1bfb6731ff80e75bf84bfe40a108723c5eb23d4f,EOS,-0.0292947682721637
0x1bfb6731ff80e75bf84bfe40a108723c5eb23d4f,ETC,-0.005067738791589
0x1bfb6731ff80e75bf84bfe40a108723c5eb23d4f,ETH,-0.0121329744436589
0x1bfb6731ff80e75bf84bfe40a108723c5eb23d4f,FET,-0.0117420125097329
0x1bfb6731ff80e75bf84bfe40a108723c5eb23d4f,FIL,-0.0217877102995552
0x1bfb6731ff80e75bf84bfe40a108723c5eb23d4f,FRAX,-0.0823362703429418
0x1bfb6731ff80e75bf84bfe40a108723c5eb23d4f,FTM,-0.0134346853194255
0x1bfb6731ff80e75bf84bfe40a108723c5eb23d4f,FXS,0.0027355641045168
0x1bfb6731ff80e75bf84bfe40a108723c5eb23d4f,GRT,-0.0189764596009327
0x1bfb6731ff80e75bf84bfe40a108723c5eb23d4f,HAI,-0.029506297336096
0x1bfb6731ff80e75bf84bfe40a108723c5eb23d4f,HERO,-0.0315510125142011
0x1bfb6731ff80e75bf84bfe40a108723c5eb23d4f,ICP,-0.0056521315919318
0x1bfb6731ff80e75bf84bfe40a108723c5eb23d4f,IMX,-0.0274620647269154
0x1bfb6731ff80e75bf84bfe40a108723c5eb23d4f,INJ,-0.018589583193965
0x1bfb6731ff80e75bf84bfe40a108723c5eb23d4f,LDO,-0.0153583374656942
0x1bfb6731ff80e75bf84bfe40a108723c5eb23d4f,LINK,0.0028656057682854
0x1bfb6731ff80e75bf84bfe40a108723c5eb23d4f,LTC,-0.0083102033452469
0x1bfb6731ff80e75bf84bfe40a108723c5eb23d4f,MATIC,-0.0283246977335444
0x1bfb6731ff80e75bf84bfe40a108723c5eb23d4f,MAV,-0.0218522401107002
0x1bfb6731ff80e75bf84bfe40a108723c5eb23d4f,MBOX,-0.0294806193810469
0x1bfb6731ff80e75bf84bfe40a108723c5eb23d4f,MKR,-0.0220247604075114
0x1bfb6731ff80e75bf84bfe40a108723c5eb23d4f,MOON,0.0003197260419866
0x1bfb6731ff80e75bf84bfe40a108723c5eb23d4f,NEAR,-0.0246613500070309
0x1bfb6731ff80e75bf84bfe40a108723c5eb23d4f,OP,-0.0107410050750861
0x1bfb6731ff80e75bf84bfe40a108723c5eb23d4f,PENDLE,-0.0256062275455824
0x1bfb6731ff80e75bf84bfe40a108723c5eb23d4f,PEPE,-0.011517572995003
0x1bfb6731ff80e75bf84bfe40a108723c5eb23d4f,PERP,0.006558654619052
0x1bfb6731ff80e75bf84bfe40a108723c5eb23d4f,PIT,-0.0250138380569816
0x1bfb6731ff80e75bf84bfe40a108723c5eb23d4f,POLS,-0.013443054596706
0x1bfb6731ff80e75bf84bfe40a108723c5eb23d4f,PYTH,-0.0275955986052326
0x1bfb6731ff80e75bf84bfe40a108723c5eb23d4f,QUACK,-0.0234240896661957
0x1bfb6731ff80e75bf84bfe40a108723c5eb23d4f,RDNT,-0.0296450461327998
0x1bfb6731ff80e75bf84bfe40a108723c5eb23d4f,RNDR,-0.0355268438853607
0x1bfb6731ff80e75bf84bfe40a108723c5eb23d4f,RPL,-0.0116506983321343
0x1bfb6731ff80e75bf84bfe40a108723c5eb23d4f,RUNE,-0.0137828762827708
0x1bfb6731ff80e75bf84bfe40a108723c5eb23d4f,SFP,-0.0102260547266735
0x1bfb6731ff80e75bf84bfe40a108723c5eb23d4f,SFUND,-0.1684453480610481
0x1bfb6731ff80e75bf84bfe40a108723c5eb23d4f,SHIB,-0.0079698056123004
0x1bfb6731ff80e75bf84bfe40a108723c5eb23d4f,SOL,-0.0073801099093713
0x1bfb6731ff80e75bf84bfe40a108723c5eb23d4f,STG,-0.0373976206540198
0x1bfb6731ff80e75bf84bfe40a108723c5eb23d4f,SUI,0.0054477674560942
0x1bfb6731ff80e75bf84bfe40a108723c5eb23d4f,SUSHI,-0.0005144144689858
0x1bfb6731ff80e75bf84bfe40a108723c5eb23d4f,TIA,-0.0150349962078744
0x1bfb6731ff80e75bf84bfe40a108723c5eb23d4f,TOKEN,-0.0298604321566677
0x1bfb6731ff80e75bf84bfe40a108723c5eb23d4f,TRX,0.0128836882956538
0x1bfb6731ff80e75bf84bfe40a108723c5eb23d4f,UNI,-0.0258139114336204
0x1bfb6731ff80e75bf84bfe40a108723c5eb23d4f,USDT,0.0027213269567775
0x1bfb6731ff80e75bf84bfe40a108723c5eb23d4f,XLM,-0.0117460705435024
0x1bfb6731ff80e75bf84bfe40a108723c5eb23d4f,XMR,-0.003102009302773
0x1bfb6731ff80e75bf84bfe40a108723c5eb23d4f,XRP,0.0072205896816656
0x1bfb6731ff80e75bf84bfe40a108723c5eb23d4f,XTZ,0.0001246165011029
0x1bfb6731ff80e75bf84bfe40a108723c5eb23d4f,XVS,-0.0149569026629846
0x1bfb6731ff80e75bf84bfe40a108723c5eb23d4f,YFI,-0.022377444568449
0x1ddbf0ae77f367e99e38398d9694d8ea86d003f3,AAVE,-58.4775851126866
0x1ddbf0ae77f367e99e38398d9694d8ea86d003f3,ADA,-30.67612921661568
0x1ddbf0ae77f367e99e38398d9694d8ea86d003f3,ALGO,87.48746292841078
0x1ddbf0ae77f367e99e38398d9694d8ea86d003f3,APE,-58.4775851126866
0x1ddbf0ae77f367e99e38398d9694d8ea86d003f3,APT,-58.4775851126866
0x1ddbf0ae77f367e99e38398d9694d8ea86d003f3,ATOM,30.173670461030397
0x1ddbf0ae77f367e99e38398d9694d8ea86d003f3,AVAX,-51.61712024045812
0x1ddbf0ae77f367e99e38398d9694d8ea86d003f3,AXS,-58.4775851126866
0x1ddbf0ae77f367e99e38398d9694d8ea86d003f3,BAL,-58.4775851126866
0x1ddbf0ae77f367e99e38398d9694d8ea86d003f3,BCH,107.12090302364724
0x1ddbf0ae77f367e99e38398d9694d8ea86d003f3,BLUR,-58.4775851126866
0x1ddbf0ae77f367e99e38398d9694d8ea86d003f3,BNB,-9.004208623978537
0x1ddbf0ae77f367e99e38398d9694d8ea86d003f3,BONK,-58.4775851126866
0x1ddbf0ae77f367e99e38398d9694d8ea86d003f3,BTC,207.54093409730808
0x1ddbf0ae77f367e99e38398d9694d8ea86d003f3,C98,-58.4775851126866
0x1ddbf0ae77f367e99e38398d9694d8ea86d003f3,CAKE,-58.4775851126866
0x1ddbf0ae77f367e99e38398d9694d8ea86d003f3,COMP,-51.61712024045812
0x1ddbf0ae77f367e99e38398d9694d8ea86d003f3,CRV,-58.4775851126866
0x1ddbf0ae77f367e99e38398d9694d8ea86d003f3,CVX,-58.4775851126866
0x1ddbf0ae77f367e99e38398d9694d8ea86d003f3,DAI,-58.4775851126866
0x1ddbf0ae77f367e99e38398d9694d8ea86d003f3,DAO,-58.4775851126866
0x1ddbf0ae77f367e99e38398d9694d8ea86d003f3,DOGE,-55.921867506241
0x1ddbf0ae77f367e99e38398d9694d8ea86d003f3,DOT,-58.4775851126866
0x1ddbf0ae77f367e99e38398d9694d8ea86d003f3,DYDX,-58.4775851126866
0x1ddbf0ae77f367e99e38398d9694d8ea86d003f3,EOS,-58.4775851126866
0x1ddbf0ae77f367e99e38398d9694d8ea86d003f3,ETC,623.2151509233756
0x1ddbf0ae77f367e99e38398d9694d8ea86d003f3,ETH,129.4045178555018
0x1ddbf0ae77f367e99e38398d9694d8ea86d003f3,FET,-58.4775851126866
0x1ddbf0ae77f367e99e38398d9694d8ea86d003f3,FIL,-58.4775851126866
0x1ddbf0ae77f367e99e38398d9694d8ea86d003f3,FRAX,395.3767628236205
0x1ddbf0ae77f367e99e38398d9694d8ea86d003f3,FTM,481.2114904520685
0x1ddbf0ae77f367e99e38398d9694d8ea86d003f3,FXS,-58.4775851126866
0x1ddbf0ae77f367e99e38398d9694d8ea86d003f3,GRT,-51.61712024045812
0x1ddbf0ae77f367e99e38398d9694d8ea86d003f3,HAI,-58.4775851126866
0x1ddbf0ae77f367e99e38398d9694d8ea86d003f3,HERO,-58.4775851126866
0x1ddbf0ae77f367e99e38398d9694d8ea86d003f3,ICP,-58.4775851126866
0x1ddbf0ae77f367e99e38398d9694d8ea86d003f3,IMX,-58.4775851126866
0x1ddbf0ae77f367e99e38398d9694d8ea86d003f3,INJ,-58.4775851126866
0x1ddbf0ae77f367e99e38398d9694d8ea86d003f3,LDO,-58.4775851126866
0x1ddbf0ae77f367e99e38398d9694d8ea86d003f3,LINK,-58.4775851126866
0x1ddbf0ae77f367e99e38398d9694d8ea86d003f3,LTC,29.04131591348048
0x1ddbf0ae77f367e99e38398d9694d8ea86d003f3,MATIC,-58.4775851126866
0x1ddbf0ae77f367e99e38398d9694d8ea86d003f3,MAV,-58.4775851126866
0x1ddbf0ae77f367e99e38398d9694d8ea86d003f3,MBOX,-58.4775851126866
0x1ddbf0ae77f367e99e38398d9694d8ea86d003f3,MKR,-58.4775851126866
0x1ddbf0ae77f367e99e38398d9694d8ea86d003f3,MOON,32577.844883128928
0x1ddbf0ae77f367e99e38398d9694d8ea86d003f3,NEAR,-58.4775851126866
0x1ddbf0ae77f367e99e38398d9694d8ea86d003f3,OP,-51.61712024045812
0x1ddbf0ae77f367e99e38398d9694d8ea86d003f3,PENDLE,-58.4775851126866
0x1ddbf0ae77f367e99e38398d9694d8ea86d003f3,PEPE,-58.4775851126866
0x1ddbf0ae77f367e99e38398d9694d8ea86d003f3,PERP,-58.4775851126866
0x1ddbf0ae77f367e99e38398d9694d8ea86d003f3,PIT,-58.4775851126866
0x1ddbf0ae77f367e99e38398d9694d8ea86d003f3,POLS,-58.4775851126866
0x1ddbf0ae77f367e99e38398d9694d8ea86d003f3,PYTH,-58.4775851126866
0x1ddbf0ae77f367e99e38398d9694d8ea86d003f3,QUACK,-58.4775851126866
0x1ddbf0ae77f367e99e38398d9694d8ea86d003f3,RDNT,-58.4775851126866
0x1ddbf0ae77f367e99e38398d9694d8ea86d003f3,RNDR,-58.4775851126866
0x1ddbf0ae77f367e99e38398d9694d8ea86d003f3,RPL,-58.4775851126866
0x1ddbf0ae77f367e99e38398d9694d8ea86d003f3,RUNE,-58.4775851126866
0x1ddbf0ae77f367e99e38398d9694d8ea86d003f3,SFP,-58.4775851126866
0x1ddbf0ae77f367e99e38398d9694d8ea86d003f3,SFUND,-878.9580931500694
0x1ddbf0ae77f367e99e38398d9694d8ea86d003f3,SHIB,-51.61712024045812
0x1ddbf0ae77f367e99e38398d9694d8ea86d003f3,SOL,784.7160529770459
0x1ddbf0ae77f367e99e38398d9694d8ea86d003f3,STG,-58.4775851126866
0x1ddbf0ae77f367e99e38398d9694d8ea86d003f3,SUI,-51.61712024045812
0x1ddbf0ae77f367e99e38398d9694d8ea86d003f3,SUSHI,-58.4775851126866
0x1ddbf0ae77f367e99e38398d9694d8ea86d003f3,TIA,-58.4775851126866
0x1ddbf0ae77f367e99e38398d9694d8ea86d003f3,TOKEN,-58.4775851126866
0x1ddbf0ae77f367e99e38398d9694d8ea86d003f3,TRX,-30.67612921661568
0x1ddbf0ae77f367e99e38398d9694d8ea86d003f3,UNI,15.074371428353595
0x1ddbf0ae77f367e99e38398d9694d8ea86d003f3,USDT,148.87051250341364
0x1ddbf0ae77f367e99e38398d9694d8ea86d003f3,XLM,623.2151509233756
0x1ddbf0ae77f367e99e38398d9694d8ea86d003f3,XMR,2.161003514032867
0x1ddbf0ae77f367e99e38398d9694d8ea86d003f3,XRP,3402.172786409829
0x1ddbf0ae77f367e99e38398d9694d8ea86d003f3,XTZ,-51.61712024045812
0x1ddbf0ae77f367e99e38398d9694d8ea86d003f3,XVS,-27.40669217547573
0x1ddbf0ae77f367e99e38398d9694d8ea86d003f3,YFI,-58.4775851126866
0x1e2e7903fb871f38362a8760871d1648eaa12536,AAVE,0.0
0x1e2e7903fb871f38362a8760871d1648eaa12536,ADA,0.0
0x1e2e7903fb871f38362a8760871d1648eaa12536,ALGO,0.0
0x1e2e7903fb871f38362a8760871d1648eaa12536,APE,0.0
0x1e2e7903fb871f38362a8760871d1648eaa12536,APT,0.0
0x1e2e7903fb871f38362a8760871d1648eaa12536,ATOM,0.0
0x1e2e7903fb871f38362a8760871d1648eaa12536,AVAX,0.0
0x1e2e7903fb871f38362a8760871d1648eaa12536,AXS,0.0
0x1e2e7903fb871f38362a8760871d1648eaa12536,BAL,0.0
0x1e2e7903fb871f38362a8760871d1648eaa12536,BCH,0.1
0x1e2e7903fb871f38362a8760871d1648eaa12536,BLUR,0.0
0x1e2e7903fb871f38362a8760871d1648eaa12536,BNB,0.0
0x1e2e7903fb871f38362a8760871d1648eaa12536,BONK,0.0
0x1e2e7903fb871f38362a8760871d1648eaa12536,BTC,0.0
0x1e2e7903fb871f38362a8760871d1648eaa12536,C98,0.0
0x1e2e7903fb871f38362a8760871d1648eaa12536,CAKE,0.0
0x1e2e7903fb871f38362a8760871d1648eaa12536,COMP,0.0
0x1e2e7903fb871f38362a8760871d1648eaa12536,CRV,0.0
0x1e2e7903fb871f38362a8760871d1648eaa12536,CVX,0.0
0x1e2e7903fb871f38362a8760871d1648eaa12536,DAI,0.0
0x1e2e7903fb871f38362a8760871d1648eaa12536,DAO,0.1
0x1e2e7903fb871f38362a8760871d1648eaa12536,DOGE,0.0
0x1e2e7903fb871f38362a8760871d1648eaa12536,DOT,0.0
0x1e2e7903fb871f38362a8760871d1648eaa12536,DYDX,0.0
0x1e2e7903fb871f38362a8760871d1648eaa12536,EOS,0.0
0x1e2e7903fb871f38362a8760871d1648eaa12536,ETC,0.0
0x1e2e7903fb871f38362a8760871d1648eaa12536,ETH,0.0
0x1e2e7903fb871f38362a8760871d1648eaa12536,FET,0.0
0x1e2e7903fb871f38362a8760871d1648eaa12536,FIL,0.0
0x1e2e7903fb871f38362a8760871d1648eaa12536,FRAX,0.0
0x1e2e7903fb871f38362a8760871d1648eaa12536,FTM,0.0
0x1e2e7903fb871f38362a8760871d1648eaa12536,FXS,0.0
0x1e2e7903fb871f38362a8760871d1648eaa12536,GRT,0.0
0x1e2e7903fb871f38362a8760871d1648eaa12536,HAI,0.0
0x1e2e7903fb871f38362a8760871d1648eaa12536,HERO,0.0
0x1e2e7903fb871f38362a8760871d1648eaa12536,ICP,0.1
0x1e2e7903fb871f38362a8760871d1648eaa12536,IMX,0.0
0x1e2e7903fb871f38362a8760871d1648eaa12536,INJ,0.0
0x1e2e7903fb871f38362a8760871d1648eaa12536,LDO,0.0
0x1e2e7903fb871f38362a8760871d1648eaa12536,LINK,0.0
0x1e2e7903fb871f38362a8760871d1648eaa12536,LTC,0.1
0x1e2e7903fb871f38362a8760871d1648eaa12536,MATIC,0.0
0x1e2e7903fb871f38362a8760871d1648eaa12536,MAV,0.0
0x1e2e7903fb871f38362a8760871d1648eaa12536,MBOX,-0.1
0x1e2e7903fb871f38362a8760871d1648eaa12536,MKR,-0.1
0x1e2e7903fb871f38362a8760871d1648eaa12536,MOON,0.0
0x1e2e7903fb871f38362a8760871d1648eaa12536,NEAR,0.0
0x1e2e7903fb871f38362a8760871d1648eaa12536,OP,0.0
0x1e2e7903fb871f38362a8760871d1648eaa12536,PENDLE,0.0
0x1e2e7903fb871f38362a8760871d1648eaa12536,PEPE,0.0
0x1e2e7903fb871f38362a8760871d1648eaa12536,PERP,-0.1
0x1e2e7903fb871f38362a8760871d1648eaa12536,PIT,0.0
0x1e2e7903fb871f38362a8760871d1648eaa12536,POLS,0.0
0x1e2e7903fb871f38362a8760871d1648eaa12536,PYTH,0.0
0x1e2e7903fb871f38362a8760871d1648eaa12536,QUACK,0.0
0x1e2e7903fb871f38362a8760871d1648eaa12536,RDNT,0.0
0x1e2e7903fb871f38362a8760871d1648eaa12536,RNDR,0.0
0x1e2e7903fb871f38362a8760871d1648eaa12536,RPL,0.0
0x1e2e7903fb871f38362a8760871d1648eaa12536,RUNE,0.0
0x1e2e7903fb871f38362a8760871d1648eaa12536,SFP,0.0
0x1e2e7903fb871f38362a8760871d1648eaa12536,SFUND,-0.1
0x1e2e7903fb871f38362a8760871d1648eaa12536,SHIB,0.1
0x1e2e7903fb871f38362a8760871d1648eaa12536,SOL,0.0
0x1e2e7903fb871f38362a8760871d1648eaa12536,STG,-0.1
0x1e2e7903fb871f38362a8760871d1648eaa12536,SUI,0.0
0x1e2e7903fb871f38362a8760871d1648eaa12536,SUSHI,0.0
0x1e2e7903fb871f38362a8760871d1648eaa12536,TIA,0.0
0x1e2e7903fb871f38362a8760871d1648eaa12536,TOKEN,0.0
0x1e2e7903fb871f38362a8760871d1648eaa12536,TRX,0.0
0x1e2e7903fb871f38362a8760871d1648eaa12536,UNI,0.0
0x1e2e7903fb871f38362a8760871d1648eaa12536,USDT,0.0
0x1e2e7903fb871f38362a8760871d1648eaa12536,XLM,0.0
0x1e2e7903fb871f38362a8760871d1648eaa12536,XMR,0.0
0x1e2e7903fb871f38362a8760871d1648eaa12536,XRP,0.0
0x1e2e7903fb871f38362a8760871d1648eaa12536,XTZ,0.0
0x1e2e7903fb871f38362a8760871d1648eaa12536,XVS,0.0
0x1e2e7903fb871f38362a8760871d1648eaa12536,YFI,0.0
0x2b23c36232eac432433a919aedd9a169031661c2,AAVE,-0.01571542
0x2b23c36232eac432433a919aedd9a169031661c2,ADA,-0.07869735
0x2b23c36232eac432433a919aedd9a169031661c2,ALGO,-0.05134013
0x2b23c36232eac432433a919aedd9a169031661c2,APE,-0.031545926
0x2b23c36232eac432433a919aedd9a169031661c2,APT,-0.057896316
0x2b23c36232eac432433a919aedd9a169031661c2,ATOM,-0.068380155
0x2b23c36232eac432433a919aedd9a169031661c2,AVAX,-0.090021394
0x2b23c36232eac432433a919aedd9a169031661c2,AXS,-0.029071381
0x2b23c36232eac432433a919aedd9a169031661c2,BAL,-0.060114343
0x2b23c36232eac432433a919aedd9a169031661c2,BCH,0.0041027293
0x2b23c36232eac432433a919aedd9a169031661c2,BLUR,-0.05755762
0x2b23c36232eac432433a919aedd9a169031661c2,BNB,-0.014078341
0x2b23c36232eac432433a919aedd9a169031661c2,BONK,-0.04348067
0x2b23c36232eac432433a919aedd9a169031661c2,BTC,-0.0061876797
0x2b23c36232eac432433a919aedd9a169031661c2,C98,-0.07641325
0x2b23c36232eac432433a919aedd9a169031661c2,CAKE,-0.059884444
0x2b23c36232eac432433a919aedd9a169031661c2,COMP,-0.007820506
0x2b23c36232eac432433a919aedd9a169031661c2,CRV,-0.0075268587
0x2b23c36232eac432433a919aedd9a169031661c2,CVX,-0.060816526
0x2b23c36232eac432433a919aedd9a169031661c2,DAI,-0.02891267
0x2b23c36232eac432433a919aedd9a169031661c2,DAO,-0.05656688
0x2b23c36232eac432433a919aedd9a169031661c2,DOGE,-0.020147705
0x2b23c36232eac432433a919aedd9a169031661c2,DOT,-0.02175664
0x2b23c36232eac432433a919aedd9a169031661c2,DYDX,-0.056051176
0x2b23c36232eac432433a919aedd9a169031661c2,EOS,-0.031246519
0x2b23c36232eac432433a919aedd9a169031661c2,ETC,-0.019375546
0x2b23c36232eac432433a919aedd9a169031661c2,ETH,-0.049440917
0x2b23c36232eac432433a919aedd9a169031661c2,FET,-0.05866926
0x2b23c36232eac432433a919aedd9a169031661c2,FIL,-0.05850795
0x2b23c36232eac432433a919aedd9a169031661c2,FRAX,-0.1109213
0x2b23c36232eac432433a919aedd9a169031661c2,FTM,-0.007834905
0x2b23c36232eac432433a919aedd9a169031661c2,FXS,-0.021215022
0x2b23c36232eac432433a919aedd9a169031661c2,GRT,-0.069557
0x2b23c36232eac432433a919aedd9a169031661c2,HAI,-0.033828605
0x2b23c36232eac432433a919aedd9a169031661c2,HERO,-0.063024215
0x2b23c36232eac432433a919aedd9a169031661c2,ICP,-0.069236465
0x2b23c36232eac432433a919aedd9a169031661c2,IMX,-0.027735509
0x2b23c36232eac432433a919aedd9a169031661c2,INJ,-0.088477395
0x2b23c36232eac432433a919aedd9a169031661c2,LDO,-0.06622246
0x2b23c36232eac432433a919aedd9a169031661c2,LINK,-0.014418279
0x2b23c36232eac432433a919aedd9a169031661c2,LTC,-0.052199032
0x2b23c36232eac432433a919aedd9a169031661c2,MATIC,-0.06331099
0x2b23c36232eac432433a919aedd9a169031661c2,MAV,-0.08109273
0x2b23c36232eac432433a919aedd9a169031661c2,MBOX,-0.0734753
0x2b23c36232eac432433a919aedd9a169031661c2,MKR,-0.06914277
0x2b23c36232eac432433a919aedd9a169031661c2,MOON,-0.02283993
0x2b23c36232eac432433a919aedd9a169031661c2,NEAR,-0.035551857
0x2b23c36232eac432433a919aedd9a169031661c2,OP,-0.016238093
0x2b23c36232eac432433a919aedd9a169031661c2,PENDLE,-0.055584874
0x2b23c36232eac432433a919aedd9a169031661c2,PEPE,-0.040567957
0x2b23c36232eac432433a919aedd9a169031661c2,PERP,-0.04950047
0x2b23c36232eac432433a919aedd9a169031661c2,PIT,-0.05290476
0x2b23c36232eac432433a919aedd9a169031661c2,POLS,-0.058870643
0x2b23c36232eac432433a919aedd9a169031661c2,PYTH,-0.050138045
0x2b23c36232eac432433a919aedd9a169031661c2,QUACK,-0.058942027
0x2b23c36232eac432433a919aedd9a169031661c2,RDNT,-0.073699385
0x2b23c36232eac432433a919aedd9a169031661c2,RNDR,-0.048917804
0x2b23c36232eac432433a919aedd9a169031661c2,RPL,-0.022310609
0x2b23c36232eac432433a919aedd9a169031661c2,RUNE,-0.06405375
0x2b23c36232eac432433a919aedd9a169031661c2,SFP,-0.037275475
0x2b23c36232eac432433a919aedd9a169031661c2,SFUND,-0.21472941
0x2b23c36232eac432433a919aedd9a169031661c2,SHIB,-0.07431471
0x2b23c36232eac432433a919aedd9a169031661c2,SOL,-0.022076223
0x2b23c36232eac432433a919aedd9a169031661c2,STG,-0.044121422
0x2b23c36232eac432433a919aedd9a169031661c2,SUI,-0.028471945
0x2b23c36232eac432433a919aedd9a169031661c2,SUSHI,-0.048238195
0x2b23c36232eac432433a919aedd9a169031661c2,TIA,-0.060030036
0x2b23c36232eac432433a919aedd9a169031661c2,TOKEN,-0.071333684
0x2b23c36232eac432433a919aedd9a169031661c2,TRX,-0.0312275
0x2b23c36232eac432433a919aedd9a169031661c2,UNI,-0.037624046
0x2b23c36232eac432433a919aedd9a169031661c2,USDT,-0.008904443
0x2b23c36232eac432433a919aedd9a169031661c2,XLM,-0.05265606
0x2b23c36232eac432433a919aedd9a169031661c2,XMR,-0.04283288
0x2b23c36232eac432433a919aedd9a169031661c2,XRP,-0.02543484
0x2b23c36232eac432433a919aedd9a169031661c2,XTZ,-0.06887697
0x2b23c36232eac432433a919aedd9a169031661c2,XVS,-0.05941697
0x2b23c36232eac432433a919aedd9a169031661c2,YFI,-0.046336036
0x3e04d3e08ea54c34f721ac007107fe7a4bd957d5,AAVE,-0.0202403098224509
0x3e04d3e08ea54c34f721ac007107fe7a4bd957d5,ADA,-0.0274997413919219
0x3e04d3e08ea54c34f721ac007107fe7a4bd957d5,ALGO,-0.0292171824346409
0x3e04d3e08ea54c34f721ac007107fe7a4bd957d5,APE,-0.0216871830371239
0x3e04d3e08ea54c34f721ac007107fe7a4bd957d5,APT,-0.0200437774895684
0x3e04d3e08ea54c34f721ac007107fe7a4bd957d5,ATOM,-0.029245763337908
0x3e04d3e08ea54c34f721ac007107fe7a4bd957d5,AVAX,-0.0161084220124328
0x3e04d3e08ea54c34f721ac007107fe7a4bd957d5,AXS,-0.028352503394265
0x3e04d3e08ea54c34f721ac007107fe7a4bd957d5,BAL,-0.0289595876826642
0x3e04d3e08ea54c34f721ac007107fe7a4bd957d5,BCH,-0.0119465272217593
0x3e04d3e08ea54c34f721ac007107fe7a4bd957d5,BLUR,-0.028352503394265
0x3e04d3e08ea54c34f721ac007107fe7a4bd957d5,BNB,-0.0238081614532156
0x3e04d3e08ea54c34f721ac007107fe7a4bd957d5,BONK,-0.0181988233536182
0x3e04d3e08ea54c34f721ac007107fe7a4bd957d5,BTC,0.00002910711534355791
0x3e04d3e08ea54c34f721ac007107fe7a4bd957d5,C98,-0.0279759643351533
0x3e04d3e08ea54c34f721ac007107fe7a4bd957d5,CAKE,-0.0191246943472339
0x3e04d3e08ea54c34f721ac007107fe7a4bd957d5,COMP,-0.0075642353230084
0x3e04d3e08ea54c34f721ac007107fe7a4bd957d5,CRV,-0.0166087955307257
0x3e04d3e08ea54c34f721ac007107fe7a4bd957d5,CVX,-0.0279517064407081
0x3e04d3e08ea54c34f721ac007107fe7a4bd957d5,DAI,-0.031127259300302
0x3e04d3e08ea54c34f721ac007107fe7a4bd957d5,DAO,-0.0134248928013552
0x3e04d3e08ea54c34f721ac007107fe7a4bd957d5,DOGE,-0.0150001777215137
0x3e04d3e08ea54c34f721ac007107fe7a4bd957d5,DOT,-0.0149903983631799
0x3e04d3e08ea54c34f721ac007107fe7a4bd957d5,DYDX,-0.0294207822992851
0x3e04d3e08ea54c34f721ac007107fe7a4bd957d5,EOS,-0.0238655190137275
0x3e04d3e08ea54c34f721ac007107fe7a4bd957d5,ETC,-0.012513663330757
0x3e04d3e08ea54c34f721ac007107fe7a4bd957d5,ETH,-0.0108061318957075
0x3e04d3e08ea54c34f721ac007107fe7a4bd957d5,FET,-0.0288583242600428
0x3e04d3e08ea54c34f721ac007107fe7a4bd957d5,FIL,-0.0283985484987356
0x3e04d3e08ea54c34f721ac007107fe7a4bd957d5,FRAX,-0.0598331802959071
0x3e04d3e08ea54c34f721ac007107fe7a4bd957d5,FTM,-0.0010560335509051
0x3e04d3e08ea54c34f721ac007107fe7a4bd957d5,FXS,-0.0146067514801449
0x3e04d3e08ea54c34f721ac007107fe7a4bd957d5,GRT,-0.0255188890058618
0x3e04d3e08ea54c34f721ac007107fe7a4bd957d5,HAI,-0.0229555313182922
0x3e04d3e08ea54c34f721ac007107fe7a4bd957d5,HERO,-0.0279517064407081
0x3e04d3e08ea54c34f721ac007107fe7a4bd957d5,ICP,-0.0302206747975913
0x3e04d3e08ea54c34f721ac007107fe7a4bd957d5,IMX,-0.0418711776021086
0x3e04d3e08ea54c34f721ac007107fe7a4bd957d5,INJ,-0.0291714908051094
0x3e04d3e08ea54c34f721ac007107fe7a4bd957d5,LDO,-0.0283985484987356
0x3e04d3e08ea54c34f721ac007107fe7a4bd957d5,LINK,-0.0201179798723004
0x3e04d3e08ea54c34f721ac007107fe7a4bd957d5,LTC,-0.0181087182738335
0x3e04d3e08ea54c34f721ac007107fe7a4bd957d5,MATIC,-0.0275735688389205
0x3e04d3e08ea54c34f721ac007107fe7a4bd957d5,MAV,-0.0314319743263645
0x3e04d3e08ea54c34f721ac007107fe7a4bd957d5,MBOX,-0.0279759643351533
0x3e04d3e08ea54c34f721ac007107fe7a4bd957d5,MKR,-0.0327517666661727
0x3e04d3e08ea54c34f721ac007107fe7a4bd957d5,MOON,-0.0056576836015195
0x3e04d3e08ea54c34f721ac007107fe7a4bd957d5,NEAR,-0.0316749647999983
0x3e04d3e08ea54c34f721ac007107fe7a4bd957d5,OP,-0.0051299567700617
0x3e04d3e08ea54c34f721ac007107fe7a4bd957d5,PENDLE,-0.0291259095907433
0x3e04d3e08ea54c34f721ac007107fe7a4bd957d5,PEPE,-0.0195495031438204
0x3e04d3e08ea54c34f721ac007107fe7a4bd957d5,PERP,-0.0191544282190578
0x3e04d3e08ea54c34f721ac007107fe7a4bd957d5,PIT,-0.0325157535135475
0x3e04d3e08ea54c34f721ac007107fe7a4bd957d5,POLS,-0.0279517064407081
0x3e04d3e08ea54c34f721ac007107fe7a4bd957d5,PYTH,-0.0254313905058357
0x3e04d3e08ea54c34f721ac007107fe7a4bd957d5,QUACK,-0.0282410432743876
0x3e04d3e08ea54c34f721ac007107fe7a4bd957d5,RDNT,-0.0289307309698516
0x3e04d3e08ea54c34f721ac007107fe7a4bd957d5,RNDR,-0.0328332646452875
0x3e04d3e08ea54c34f721ac007107fe7a4bd957d5,RPL,-0.0290188599218074
0x3e04d3e08ea54c34f721ac007107fe7a4bd957d5,RUNE,-0.0285996160463209
0x3e04d3e08ea54c34f721ac007107fe7a4bd957d5,SFP,-0.0273729433881739
0x3e04d3e08ea54c34f721ac007107fe7a4bd957d5,SFUND,-0.0284348338177778
0x3e04d3e08ea54c34f721ac007107fe7a4bd957d5,SHIB,-0.0204253298744404
0x3e04d3e08ea54c34f721ac007107fe7a4bd957d5,SOL,-0.0012493295922937
0x3e04d3e08ea54c34f721ac007107fe7a4bd957d5,STG,-0.0405127756551718
0x3e04d3e08ea54c34f721ac007107fe7a4bd957d5,SUI,-0.0140735687346237
0x3e04d3e08ea54c34f721ac007107fe7a4bd957d5,SUSHI,-0.0289424572942774
0x3e04d3e08ea54c34f721ac007107fe7a4bd957d5,TIA,-0.0279759643351533
0x3e04d3e08ea54c34f721ac007107fe7a4bd957d5,TOKEN,-0.0279517064407081
0x3e04d3e08ea54c34f721ac007107fe7a4bd957d5,TRX,-0.0121230129613332
0x3e04d3e08ea54c34f721ac007107fe7a4bd957d5,UNI,-0.016743594398937
0x3e04d3e08ea54c34f721ac007107fe7a4bd957d5,USDT,-0.0112137427871174
0x3e04d3e08ea54c34f721ac007107fe7a4bd957d5,XLM,-0.0147461853592605
0x3e04d3e08ea54c34f721ac007107fe7a4bd957d5,XMR,-0.0061342687036923
0x3e04d3e08ea54c34f721ac007107fe7a4bd957d5,XRP,-0.0074525917246943
0x3e04d3e08ea54c34f721ac007107fe7a4bd957d5,XTZ,-0.0165035629402485
0x3e04d3e08ea54c34f721ac007107fe7a4bd957d5,XVS,-0.0279517064407081
0x3e04d3e08ea54c34f721ac007107fe7a4bd957d5,YFI,-0.0294874702747376
0x3ebab08d24031caa95c4290b28f66e71bbe418e5,AAVE,0.017446296
0x3ebab08d24031caa95c4290b28f66e71bbe418e5,ADA,-0.021261867
0x3ebab08d24031caa95c4290b28f66e71bbe418e5,ALGO,-0.00903847
0x3ebab08d24031caa95c4290b28f66e71bbe418e5,APE,-0.00075839984
0x3ebab08d24031caa95c4290b28f66e71bbe418e5,APT,-0.038150128
0x3ebab08d24031caa95c4290b28f66e71bbe418e5,ATOM,-0.025942389
0x3ebab08d24031caa95c4290b28f66e71bbe418e5,AVAX,-0.013701642
0x3ebab08d24031caa95c4290b28f66e71bbe418e5,AXS,-0.026405182
0x3ebab08d24031caa95c4290b28f66e71bbe418e5,BAL,-0.038949702
0x3ebab08d24031caa95c4290b28f66e71bbe418e5,BCH,0.054358587
0x3ebab08d24031caa95c4290b28f66e71bbe418e5,BLUR,-0.035970394
0x3ebab08d24031caa95c4290b28f66e71bbe418e5,BNB,-0.011082367
0x3ebab08d24031caa95c4290b28f66e71bbe418e5,BONK,-0.044274785
0x3ebab08d24031caa95c4290b28f66e71bbe418e5,BTC,0.015136245
0x3ebab08d24031caa95c4290b28f66e71bbe418e5,C98,-0.0556247
0x3ebab08d24031caa95c4290b28f66e71bbe418e5,CAKE,0.0034939845
0x3ebab08d24031caa95c4290b28f66e71bbe418e5,COMP,-0.020105708
0x3ebab08d24031caa95c4290b28f66e71bbe418e5,CRV,0.011382945
0x3ebab08d24031caa95c4290b28f66e71bbe418e5,CVX,-0.014162776
0x3ebab08d24031caa95c4290b28f66e71bbe418e5,DAI,-0.028682593
0x3ebab08d24031caa95c4290b28f66e71bbe418e5,DAO,-0.003463962
0x3ebab08d24031caa95c4290b28f66e71bbe418e5,DOGE,-0.004359425
0x3ebab08d24031caa95c4290b28f66e71bbe418e5,DOT,-0.020648742
0x3ebab08d24031caa95c4290b28f66e71bbe418e5,DYDX,-0.053359028
0x3ebab08d24031caa95c4290b28f66e71bbe418e5,EOS,-0.04926874
0x3ebab08d24031caa95c4290b28f66e71bbe418e5,ETC,-0.008335597
0x3ebab08d24031caa95c4290b28f66e71bbe418e5,ETH,0.00582716
0x3ebab08d24031caa95c4290b28f66e71bbe418e5,FET,-0.033626158
0x3ebab08d24031caa95c4290b28f66e71bbe418e5,FIL,-0.030072553
0x3ebab08d24031caa95c4290b28f66e71bbe418e5,FRAX,-0.087564945
0x3ebab08d24031caa95c4290b28f66e71bbe418e5,FTM,-0.0139539195
0x3ebab08d24031caa95c4290b28f66e71bbe418e5,FXS,-0.009143067
0x3ebab08d24031caa95c4290b28f66e71bbe418e5,GRT,-0.023560058
0x3ebab08d24031caa95c4290b28f66e71bbe418e5,HAI,-0.02739809
0x3ebab08d24031caa95c4290b28f66e71bbe418e5,HERO,-0.032090213
0x3ebab08d24031caa95c4290b28f66e71bbe418e5,ICP,-0.008612897
0x3ebab08d24031caa95c4290b28f66e71bbe418e5,IMX,-0.045086004
0x3ebab08d24031caa95c4290b28f66e71bbe418e5,INJ,-0.025769943
0x3ebab08d24031caa95c4290b28f66e71bbe418e5,LDO,-0.02282361
0x3ebab08d24031caa95c4290b28f66e71bbe418e5,LINK,-0.025859436
0x3ebab08d24031caa95c4290b28f66e71bbe418e5,LTC,-0.022760471
0x3ebab08d24031caa95c4290b28f66e71bbe418e5,MATIC,-0.05006708
0x3ebab08d24031caa95c4290b28f66e71bbe418e5,MAV,-0.05596481
0x3ebab08d24031caa95c4290b28f66e71bbe418e5,MBOX,-0.06782885
0x3ebab08d24031caa95c4290b28f66e71bbe418e5,MKR,-0.039216284
0x3ebab08d24031caa95c4290b28f66e71bbe418e5,MOON,-0.007937884
0x3ebab08d24031caa95c4290b28f66e71bbe418e5,NEAR,-0.03264749
0x3ebab08d24031caa95c4290b28f66e71bbe418e5,OP,-0.01571241
0x3ebab08d24031caa95c4290b28f66e71bbe418e5,PENDLE,-0.037063457
0x3ebab08d24031caa95c4290b28f66e71bbe418e5,PEPE,-0.016299998
0x3ebab08d24031caa95c4290b28f66e71bbe418e5,PERP,-0.051091745
0x3ebab08d24031caa95c4290b28f66e71bbe418e5,PIT,-0.049482886
0x3ebab08d24031caa95c4290b28f66e71bbe418e5,POLS,-0.019303964
0x3ebab08d24031caa95c4290b28f66e71bbe418e5,PYTH,-0.07285798
0x3ebab08d24031caa95c4290b28f66e71bbe418e5,QUACK,-0.03839412
0x3ebab08d24031caa95c4290b28f66e71bbe418e5,RDNT,-0.041718468
0x3ebab08d24031caa95c4290b28f66e71bbe418e5,RNDR,-0.046841603
0x3ebab08d24031caa95c4290b28f66e71bbe418e5,RPL,-0.04180179
0x3ebab08d24031caa95c4290b28f66e71bbe418e5,RUNE,-0.016741367
0x3ebab08d24031caa95c4290b28f66e71bbe418e5,SFP,-0.016985796
0x3ebab08d24031caa95c4290b28f66e71bbe418e5,SFUND,-0.30807677
0x3ebab08d24031caa95c4290b28f66e71bbe418e5,SHIB,-0.016811706
0x3ebab08d24031caa95c4290b28f66e71bbe418e5,SOL,0.0027900322
0x3ebab08d24031caa95c4290b28f66e71bbe418e5,STG,-0.027390348
0x3ebab08d24031caa95c4290b28f66e71bbe418e5,SUI,0.013821045
0x3ebab08d24031caa95c4290b28f66e71bbe418e5,SUSHI,-0.02836512
0x3ebab08d24031caa95c4290b28f66e71bbe418e5,TIA,-0.029602787
0x3ebab08d24031caa95c4290b28f66e71bbe418e5,TOKEN,-0.049803
0x3ebab08d24031caa95c4290b28f66e71bbe418e5,TRX,-0.01335276
0x3ebab08d24031caa95c4290b28f66e71bbe418e5,UNI,-0.02490122
0x3ebab08d24031caa95c4290b28f66e71bbe418e5,USDT,-0.0147415
0x3ebab08d24031caa95c4290b28f66e71bbe418e5,XLM,0.009191187
0x3ebab08d24031caa95c4290b28f66e71bbe418e5,XMR,-0.030924346
0x3ebab08d24031caa95c4290b28f66e71bbe418e5,XRP,-0.010179774
0x3ebab08d24031caa95c4290b28f66e71bbe418e5,XTZ,-0.0064955396
0x3ebab08d24031caa95c4290b28f66e71bbe418e5,XVS,-0.0449917
0x3ebab08d24031caa95c4290b28f66e71bbe418e5,YFI,-0.04453192
0x49451c6af70feef6ef29b8c78bc17d4bdaf9fdaa,AAVE,-16307.745
0x49451c6af70feef6ef29b8c78bc17d4bdaf9fdaa,ADA,-0.9282273
0x49451c6af70feef6ef29b8c78bc17d4bdaf9fdaa,ALGO,-0.9282273
0x49451c6af70feef6ef29b8c78bc17d4bdaf9fdaa,APE,-0.9282273
0x49451c6af70feef6ef29b8c78bc17d4bdaf9fdaa,APT,-0.9282273
0x49451c6af70feef6ef29b8c78bc17d4bdaf9fdaa,ATOM,-0.9282273
0x49451c6af70feef6ef29b8c78bc17d4bdaf9fdaa,AVAX,-0.9282273
0x49451c6af70feef6ef29b8c78bc17d4bdaf9fdaa,AXS,-0.9282273
0x49451c6af70feef6ef29b8c78bc17d4bdaf9fdaa,BAL,-0.9282273
0x49451c6af70feef6ef29b8c78bc17d4bdaf9fdaa,BCH,-0.9282273
0x49451c6af70feef6ef29b8c78bc17d4bdaf9fdaa,BLUR,-0.9282273
0x49451c6af70feef6ef29b8c78bc17d4bdaf9fdaa,BNB,-0.9282273
0x49451c6af70feef6ef29b8c78bc17d4bdaf9fdaa,BONK,-0.9282273
0x49451c6af70feef6ef29b8c78bc17d4bdaf9fdaa,BTC,-998.30023
0x49451c6af70feef6ef29b8c78bc17d4bdaf9fdaa,C98,-0.9282273
0x49451c6af70feef6ef29b8c78bc17d4bdaf9fdaa,CAKE,-0.9282273
0x49451c6af70feef6ef29b8c78bc17d4bdaf9fdaa,COMP,-0.9282273
0x49451c6af70feef6ef29b8c78bc17d4bdaf9fdaa,CRV,-0.9282273
0x49451c6af70feef6ef29b8c78bc17d4bdaf9fdaa,CVX,-0.9282273
0x49451c6af70feef6ef29b8c78bc17d4bdaf9fdaa,DAI,-0.9282273
0x49451c6af70feef6ef29b8c78bc17d4bdaf9fdaa,DAO,-0.9282273
0x49451c6af70feef6ef29b8c78bc17d4bdaf9fdaa,DOGE,-0.9282273
0x49451c6af70feef6ef29b8c78bc17d4bdaf9fdaa,DOT,-0.9282273
0x49451c6af70feef6ef29b8c78bc17d4bdaf9fdaa,DYDX,-0.9282273
0x49451c6af70feef6ef29b8c78bc17d4bdaf9fdaa,EOS,-0.9282273
0x49451c6af70feef6ef29b8c78bc17d4bdaf9fdaa,ETC,-0.9282273
0x49451c6af70feef6ef29b8c78bc17d4bdaf9fdaa,ETH,-21659.963
0x49451c6af70feef6ef29b8c78bc17d4bdaf9fdaa,FET,-0.9282273
0x49451c6af70feef6ef29b8c78bc17d4bdaf9fdaa,FIL,-0.9282273
0x49451c6af70feef6ef29b8c78bc17d4bdaf9fdaa,FRAX,-0.9282273
0x49451c6af70feef6ef29b8c78bc17d4bdaf9fdaa,FTM,-989.80945
0x49451c6af70feef6ef29b8c78bc17d4bdaf9fdaa,FXS,-0.9282273
0x49451c6af70feef6ef29b8c78bc17d4bdaf9fdaa,GRT,-0.9282273
0x49451c6af70feef6ef29b8c78bc17d4bdaf9fdaa,HAI,-0.9282273
0x49451c6af70feef6ef29b8c78bc17d4bdaf9fdaa,HERO,-0.9282273
0x49451c6af70feef6ef29b8c78bc17d4bdaf9fdaa,ICP,-0.9282273
0x49451c6af70feef6ef29b8c78bc17d4bdaf9fdaa,IMX,-0.9282273
0x49451c6af70feef6ef29b8c78bc17d4bdaf9fdaa,INJ,-0.9282273
0x49451c6af70feef6ef29b8c78bc17d4bdaf9fdaa,LDO,-0.9282273
0x49451c6af70feef6ef29b8c78bc17d4bdaf9fdaa,LINK,-76.15233
0x49451c6af70feef6ef29b8c78bc17d4bdaf9fdaa,LTC,-0.9282273
0x49451c6af70feef6ef29b8c78bc17d4bdaf9fdaa,MATIC,-0.9282273
0x49451c6af70feef6ef29b8c78bc17d4bdaf9fdaa,MAV,-0.9282273
0x49451c6af70feef6ef29b8c78bc17d4bdaf9fdaa,MBOX,-0.9282273
0x49451c6af70feef6ef29b8c78bc17d4bdaf9fdaa,MKR,-0.9282273
0x49451c6af70feef6ef29b8c78bc17d4bdaf9fdaa,MOON,-0.9282273
0x49451c6af70feef6ef29b8c78bc17d4bdaf9fdaa,NEAR,-0.9282273
0x49451c6af70feef6ef29b8c78bc17d4bdaf9fdaa,OP,-0.9282273
0x49451c6af70feef6ef29b8c78bc17d4bdaf9fdaa,PENDLE,-0.9282273
0x49451c6af70feef6ef29b8c78bc17d4bdaf9fdaa,PEPE,13406.118
0x49451c6af70feef6ef29b8c78bc17d4bdaf9fdaa,PERP,-0.9282273
0x49451c6af70feef6ef29b8c78bc17d4bdaf9fdaa,PIT,-0.9282273
0x49451c6af70feef6ef29b8c78bc17d4bdaf9fdaa,POLS,-0.9282273
0x49451c6af70feef6ef29b8c78bc17d4bdaf9fdaa,PYTH,-31.64514
0x49451c6af70feef6ef29b8c78bc17d4bdaf9fdaa,QUACK,-0.9282273
0x49451c6af70feef6ef29b8c78bc17d4bdaf9fdaa,RDNT,-0.9282273
0x49451c6af70feef6ef29b8c78bc17d4bdaf9fdaa,RNDR,-0.9282273
0x49451c6af70feef6ef29b8c78bc17d4bdaf9fdaa,RPL,-0.9282273
0x49451c6af70feef6ef29b8c78bc17d4bdaf9fdaa,RUNE,-0.9282273
0x49451c6af70feef6ef29b8c78bc17d4bdaf9fdaa,SFP,-0.9282273
0x49451c6af70feef6ef29b8c78bc17d4bdaf9fdaa,SFUND,-0.9282273
0x49451c6af70feef6ef29b8c78bc17d4bdaf9fdaa,SHIB,-0.9282273
0x49451c6af70feef6ef29b8c78bc17d4bdaf9fdaa,SOL,-2220.7458
0x49451c6af70feef6ef29b8c78bc17d4bdaf9fdaa,STG,-0.9282273
0x49451c6af70feef6ef29b8c78bc17d4bdaf9fdaa,SUI,-0.9282273
0x49451c6af70feef6ef29b8c78bc17d4bdaf9fdaa,SUSHI,-0.9282273
0x49451c6af70feef6ef29b8c78bc17d4bdaf9fdaa,TIA,-0.9282273
0x49451c6af70feef6ef29b8c78bc17d4bdaf9fdaa,TOKEN,-0.9282273
0x49451c6af70feef6ef29b8c78bc17d4bdaf9fdaa,TRX,-0.9282273
0x49451c6af70feef6ef29b8c78bc17d4bdaf9fdaa,UNI,-121.10211
0x49451c6af70feef6ef29b8c78bc17d4bdaf9fdaa,USDT,-0.9282273
0x49451c6af70feef6ef29b8c78bc17d4bdaf9fdaa,XLM,-0.9282273
0x49451c6af70feef6ef29b8c78bc17d4bdaf9fdaa,XMR,22.830166
0x49451c6af70feef6ef29b8c78bc17d4bdaf9fdaa,XRP,-3021.0889
0x49451c6af70feef6ef29b8c78bc17d4bdaf9fdaa,XTZ,-0.9282273
0x49451c6af70feef6ef29b8c78bc17d4bdaf9fdaa,XVS,-0.9282273
0x49451c6af70feef6ef29b8c78bc17d4bdaf9fdaa,YFI,-0.9282273
0x56d3fc9aa7062fd7b893c1ae33b365776ae1ee9d,AAVE,0.000351344611957
0x56d3fc9aa7062fd7b893c1ae33b365776ae1ee9d,ADA,-0.023689781610323
0x56d3fc9aa7062fd7b893c1ae33b365776ae1ee9d,ALGO,-0.0293482260168607
0x56d3fc9aa7062fd7b893c1ae33b365776ae1ee9d,APE,-0.0291964691636771
0x56d3fc9aa7062fd7b893c1ae33b365776ae1ee9d,APT,-0.0204139731867627
0x56d3fc9aa7062fd7b893c1ae33b365776ae1ee9d,ATOM,-0.0220295614187793
0x56d3fc9aa7062fd7b893c1ae33b365776ae1ee9d,AVAX,-0.0171795627303231
0x56d3fc9aa7062fd7b893c1ae33b365776ae1ee9d,AXS,-0.0333109378623793
0x56d3fc9aa7062fd7b893c1ae33b365776ae1ee9d,BAL,-0.029838193156374
0x56d3fc9aa7062fd7b893c1ae33b365776ae1ee9d,BCH,0.0022083499914831
0x56d3fc9aa7062fd7b893c1ae33b365776ae1ee9d,BLUR,-0.0296124502653308
0x56d3fc9aa7062fd7b893c1ae33b365776ae1ee9d,BNB,-0.0338516492687787
0x56d3fc9aa7062fd7b893c1ae33b365776ae1ee9d,BONK,-0.0242945959436131
0x56d3fc9aa7062fd7b893c1ae33b365776ae1ee9d,BTC,-0.0088186387442637
0x56d3fc9aa7062fd7b893c1ae33b365776ae1ee9d,C98,-0.0371997717114733
0x56d3fc9aa7062fd7b893c1ae33b365776ae1ee9d,CAKE,-0.029935486955337
0x56d3fc9aa7062fd7b893c1ae33b365776ae1ee9d,COMP,-0.0070464842451676
0x56d3fc9aa7062fd7b893c1ae33b365776ae1ee9d,CRV,-0.0087014301675555
0x56d3fc9aa7062fd7b893c1ae33b365776ae1ee9d,CVX,-0.0218292270242631
0x56d3fc9aa7062fd7b893c1ae33b365776ae1ee9d,DAI,-0.0129917609834312
0x56d3fc9aa7062fd7b893c1ae33b365776ae1ee9d,DAO,0.0001104251072627
0x56d3fc9aa7062fd7b893c1ae33b365776ae1ee9d,DOGE,-0.0160564229529035
0x56d3fc9aa7062fd7b893c1ae33b365776ae1ee9d,DOT,-0.0135486677278663
0x56d3fc9aa7062fd7b893c1ae33b365776ae1ee9d,DYDX,-0.0336346624861973
0x56d3fc9aa7062fd7b893c1ae33b365776ae1ee9d,EOS,-0.0335145537485692
0x56d3fc9aa7062fd7b893c1ae33b365776ae1ee9d,ETC,0.0147531889383017
0x56d3fc9aa7062fd7b893c1ae33b365776ae1ee9d,ETH,-0.0144892177411771
0x56d3fc9aa7062fd7b893c1ae33b365776ae1ee9d,FET,-0.0341750638054055
0x56d3fc9aa7062fd7b893c1ae33b365776ae1ee9d,FIL,-0.0344144208678992
0x56d3fc9aa7062fd7b893c1ae33b365776ae1ee9d,FRAX,-0.0091051028502334
0x56d3fc9aa7062fd7b893c1ae33b365776ae1ee9d,FTM,0.0032976251788558
0x56d3fc9aa7062fd7b893c1ae33b365776ae1ee9d,FXS,-0.0157081306561152
0x56d3fc9aa7062fd7b893c1ae33b365776ae1ee9d,GRT,-0.0249752032476942
0x56d3fc9aa7062fd7b893c1ae33b365776ae1ee9d,HAI,-0.0139974470266025
0x56d3fc9aa7062fd7b893c1ae33b365776ae1ee9d,HERO,-0.0457844782639641
0x56d3fc9aa7062fd7b893c1ae33b365776ae1ee9d,ICP,-0.0352716197704192
0x56d3fc9aa7062fd7b893c1ae33b365776ae1ee9d,IMX,-0.0465649004641401
0x56d3fc9aa7062fd7b893c1ae33b365776ae1ee9d,INJ,-0.0283285130074994
0x56d3fc9aa7062fd7b893c1ae33b365776ae1ee9d,LDO,-0.0347255521757013
0x56d3fc9aa7062fd7b893c1ae33b365776ae1ee9d,LINK,-0.022067875074223
0x56d3fc9aa7062fd7b893c1ae33b365776ae1ee9d,LTC,0.007389927500984
0x56d3fc9aa7062fd7b893c1ae33b365776ae1ee9d,MATIC,-0.0299587630341208
0x56d3fc9aa7062fd7b893c1ae33b365776ae1ee9d,MAV,-0.0530388673158184
0x56d3fc9aa7062fd7b893c1ae33b365776ae1ee9d,MBOX,-0.0420195592609118
0x56d3fc9aa7062fd7b893c1ae33b365776ae1ee9d,MKR,-0.0351454167575748
0x56d3fc9aa7062fd7b893c1ae33b365776ae1ee9d,MOON,-0.0112863588422128
0x56d3fc9aa7062fd7b893c1ae33b365776ae1ee9d,NEAR,-0.0404989966679004
0x56d3fc9aa7062fd7b893c1ae33b365776ae1ee9d,OP,-0.0260664738300089
0x56d3fc9aa7062fd7b893c1ae33b365776ae1ee9d,PENDLE,-0.0338363610915921
0x56d3fc9aa7062fd7b893c1ae33b365776ae1ee9d,PEPE,-0.0083031742876661
0x56d3fc9aa7062fd7b893c1ae33b365776ae1ee9d,PERP,-0.0206446381575897
0x56d3fc9aa7062fd7b893c1ae33b365776ae1ee9d,PIT,-0.029220192080391
0x56d3fc9aa7062fd7b893c1ae33b365776ae1ee9d,POLS,-0.0339214052004141
0x56d3fc9aa7062fd7b893c1ae33b365776ae1ee9d,PYTH,-0.0526111079162877
0x56d3fc9aa7062fd7b893c1ae33b365776ae1ee9d,QUACK,-0.0247374313329106
0x56d3fc9aa7062fd7b893c1ae33b365776ae1ee9d,RDNT,-0.0382441506776791
0x56d3fc9aa7062fd7b893c1ae33b365776ae1ee9d,RNDR,-0.0454968354750517
0x56d3fc9aa7062fd7b893c1ae33b365776ae1ee9d,RPL,-0.0296121462748644
0x56d3fc9aa7062fd7b893c1ae33b365776ae1ee9d,RUNE,-0.0257635317402987
0x56d3fc9aa7062fd7b893c1ae33b365776ae1ee9d,SFP,-0.0144400462740408
0x56d3fc9aa7062fd7b893c1ae33b365776ae1ee9d,SFUND,-0.3032257853314022
0x56d3fc9aa7062fd7b893c1ae33b365776ae1ee9d,SHIB,-0.0189296209689033
0x56d3fc9aa7062fd7b893c1ae33b365776ae1ee9d,SOL,0.0056177865645618
0x56d3fc9aa7062fd7b893c1ae33b365776ae1ee9d,STG,-0.050936193033937
0x56d3fc9aa7062fd7b893c1ae33b365776ae1ee9d,SUI,-0.0090544216006977
0x56d3fc9aa7062fd7b893c1ae33b365776ae1ee9d,SUSHI,-0.0199203975491351
0x56d3fc9aa7062fd7b893c1ae33b365776ae1ee9d,TIA,-0.0189021675928058
0x56d3fc9aa7062fd7b893c1ae33b365776ae1ee9d,TOKEN,-0.040299385121713
0x56d3fc9aa7062fd7b893c1ae33b365776ae1ee9d,TRX,-0.0086670918810962
0x56d3fc9aa7062fd7b893c1ae33b365776ae1ee9d,UNI,-0.0078144765439694
0x56d3fc9aa7062fd7b893c1ae33b365776ae1ee9d,USDT,-0.0006470242903634
0x56d3fc9aa7062fd7b893c1ae33b365776ae1ee9d,XLM,-0.0062395715677013
0x56d3fc9aa7062fd7b893c1ae33b365776ae1ee9d,XMR,-0.0265011507124473
0x56d3fc9aa7062fd7b893c1ae33b365776ae1ee9d,XRP,-0.0077291491344383
0x56d3fc9aa7062fd7b893c1ae33b365776ae1ee9d,XTZ,-0.0087470316831093
0x56d3fc9aa7062fd7b893c1ae33b365776ae1ee9d,XVS,-0.0323927093098301
0x56d3fc9aa7062fd7b893c1ae33b365776ae1ee9d,YFI,-0.0357030578415533
0x5f05ab6ed6106d6c962823e481bd9f39c6d60e96,AAVE,-0.0096611674903434
0x5f05ab6ed6106d6c962823e481bd9f39c6d60e96,ADA,-0.0229447548085676
0x5f05ab6ed6106d6c962823e481bd9f39c6d60e96,ALGO,-0.0203917857237226
0x5f05ab6ed6106d6c962823e481bd9f39c6d60e96,APE,-0.0219751948214057
0x5f05ab6ed6106d6c962823e481bd9f39c6d60e96,APT,-0.024791624784577
0x5f05ab6ed6106d6c962823e481bd9f39c6d60e96,ATOM,-0.0257319655325335
0x5f05ab6ed6106d6c962823e481bd9f39c6d60e96,AVAX,-0.014894480870324
0x5f05ab6ed6106d6c962823e481bd9f39c6d60e96,AXS,-0.0292617538793607
0x5f05ab6ed6106d6c962823e481bd9f39c6d60e96,BAL,-0.047226279122978
0x5f05ab6ed6106d6c962823e481bd9f39c6d60e96,BCH,0.0101098168616744
0x5f05ab6ed6106d6c962823e481bd9f39c6d60e96,BLUR,-0.0369189238884415
0x5f05ab6ed6106d6c962823e481bd9f39c6d60e96,BNB,-0.0101032045503994
0x5f05ab6ed6106d6c962823e481bd9f39c6d60e96,BONK,-0.0301291254570671
0x5f05ab6ed6106d6c962823e481bd9f39c6d60e96,BTC,-0.0045011680583797
0x5f05ab6ed6106d6c962823e481bd9f39c6d60e96,C98,-0.0478736778533157
0x5f05ab6ed6106d6c962823e481bd9f39c6d60e96,CAKE,-0.0342558279418076
0x5f05ab6ed6106d6c962823e481bd9f39c6d60e96,COMP,-0.0148054425319903
0x5f05ab6ed6106d6c962823e481bd9f39c6d60e96,CRV,-0.0166792747300685
0x5f05ab6ed6106d6c962823e481bd9f39c6d60e96,CVX,-0.0341492731074595
0x5f05ab6ed6106d6c962823e481bd9f39c6d60e96,DAI,-0.0368111221153018
0x5f05ab6ed6106d6c962823e481bd9f39c6d60e96,DAO,-0.012120524077054
0x5f05ab6ed6106d6c962823e481bd9f39c6d60e96,DOGE,-0.0028985682685426
0x5f05ab6ed6106d6c962823e481bd9f39c6d60e96,DOT,0.0002567274403919
0x5f05ab6ed6106d6c962823e481bd9f39c6d60e96,DYDX,-0.0666818866732536
0x5f05ab6ed6106d6c962823e481bd9f39c6d60e96,EOS,-0.022605305487139
0x5f05ab6ed6106d6c962823e481bd9f39c6d60e96,ETC,-0.0046857123316251
0x5f05ab6ed6106d6c962823e481bd9f39c6d60e96,ETH,0.008890623590811
0x5f05ab6ed6106d6c962823e481bd9f39c6d60e96,FET,-0.033000377912138
0x5f05ab6ed6106d6c962823e481bd9f39c6d60e96,FIL,-0.0361225732470977
0x5f05ab6ed6106d6c962823e481bd9f39c6d60e96,FRAX,-0.1648380839893469
0x5f05ab6ed6106d6c962823e481bd9f39c6d60e96,FTM,-0.0167319470670124
0x5f05ab6ed6106d6c962823e481bd9f39c6d60e96,FXS,-0.0109547968756012
0x5f05ab6ed6106d6c962823e481bd9f39c6d60e96,GRT,-0.027642324428463
0x5f05ab6ed6106d6c962823e481bd9f39c6d60e96,HAI,-0.0237963856821177
0x5f05ab6ed6106d6c962823e481bd9f39c6d60e96,HERO,-0.0437665669941959
0x5f05ab6ed6106d6c962823e481bd9f39c6d60e96,ICP,-0.0310558696955759
0x5f05ab6ed6106d6c962823e481bd9f39c6d60e96,IMX,-0.0351638759926253
0x5f05ab6ed6106d6c962823e481bd9f39c6d60e96,INJ,-0.0397915267561946
0x5f05ab6ed6106d6c962823e481bd9f39c6d60e96,LDO,-0.0407183103365555
0x5f05ab6ed6106d6c962823e481bd9f39c6d60e96,LINK,-0.0024206971984159
0x5f05ab6ed6106d6c962823e481bd9f39c6d60e96,LTC,-0.0167636787566507
0x5f05ab6ed6106d6c962823e481bd9f39c6d60e96,MATIC,-0.0446976608880685
0x5f05ab6ed6106d6c962823e481bd9f39c6d60e96,MAV,-0.0421504514170057
0x5f05ab6ed6106d6c962823e481bd9f39c6d60e96,MBOX,-0.0490053048736644
0x5f05ab6ed6106d6c962823e481bd9f39c6d60e96,MKR,-0.0349675140848497
0x5f05ab6ed6106d6c962823e481bd9f39c6d60e96,MOON,-0.0214121671280446
0x5f05ab6ed6106d6c962823e481bd9f39c6d60e96,NEAR,-0.038853872579305
0x5f05ab6ed6106d6c962823e481bd9f39c6d60e96,OP,-0.0137750968387813
0x5f05ab6ed6106d6c962823e481bd9f39c6d60e96,PENDLE,-0.0380457764349947
0x5f05ab6ed6106d6c962823e481bd9f39c6d60e96,PEPE,-0.0154212899752215
0x5f05ab6ed6106d6c962823e481bd9f39c6d60e96,PERP,-0.0237513333720073
0x5f05ab6ed6106d6c962823e481bd9f39c6d60e96,PIT,-0.0525989140046462
0x5f05ab6ed6106d6c962823e481bd9f39c6d60e96,POLS,-0.0330737408791108
0x5f05ab6ed6106d6c962823e481bd9f39c6d60e96,PYTH,-0.0503914072852511
0x5f05ab6ed6106d6c962823e481bd9f39c6d60e96,QUACK,-0.039281090053269
0x5f05ab6ed6106d6c962823e481bd9f39c6d60e96,RDNT,-0.0504594249496946
0x5f05ab6ed6106d6c962823e481bd9f39c6d60e96,RNDR,-0.0480620399227326
0x5f05ab6ed6106d6c962823e481bd9f39c6d60e96,RPL,-0.0424241900809159
0x5f05ab6ed6106d6c962823e481bd9f39c6d60e96,RUNE,-0.0358245194459353
0x5f05ab6ed6106d6c962823e481bd9f39c6d60e96,SFP,-0.0219662144656886
0x5f05ab6ed6106d6c962823e481bd9f39c6d60e96,SFUND,-0.2467098561817477
0x5f05ab6ed6106d6c962823e481bd9f39c6d60e96,SHIB,-0.0114155964221073
0x5f05ab6ed6106d6c962823e481bd9f39c6d60e96,SOL,0.0048344283006732
0x5f05ab6ed6106d6c962823e481bd9f39c6d60e96,STG,-0.0443049863966078
0x5f05ab6ed6106d6c962823e481bd9f39c6d60e96,SUI,-0.0029653522509259
0x5f05ab6ed6106d6c962823e481bd9f39c6d60e96,SUSHI,-0.0295373699403378
0x5f05ab6ed6106d6c962823e481bd9f39c6d60e96,TIA,-0.0306837016139361
0x5f05ab6ed6106d6c962823e481bd9f39c6d60e96,TOKEN,-0.0501557884060989
0x5f05ab6ed6106d6c962823e481bd9f39c6d60e96,TRX,0.0026051571616342
0x5f05ab6ed6106d6c962823e481bd9f39c6d60e96,UNI,-0.0467133978129944
0x5f05ab6ed6106d6c962823e481bd9f39c6d60e96,USDT,-0.0087747252287195
0x5f05ab6ed6106d6c962823e481bd9f39c6d60e96,XLM,-0.0003398700955426
0x5f05ab6ed6106d6c962823e481bd9f39c6d60e96,XMR,-0.026481629541924
0x5f05ab6ed6106d6c962823e481bd9f39c6d60e96,XRP,-0.00008506930536402296
0x5f05ab6ed6106d6c962823e481bd9f39c6d60e96,XTZ,-0.0196769949777955
0x5f05ab6ed6106d6c962823e481bd9f39c6d60e96,XVS,-0.0335527753727264
0x5f05ab6ed6106d6c962823e481bd9f39c6d60e96,YFI,-0.0295886861219172
0x6317b52d3888a74b093fcaa31a5d723d90b1cf8d,AAVE,-0.0825857497930968
0x6317b52d3888a74b093fcaa31a5d723d90b1cf8d,ADA,0.0257894530717313
0x6317b52d3888a74b093fcaa31a5d723d90b1cf8d,ALGO,-0.0519407150676991
0x6317b52d3888a74b093fcaa31a5d723d90b1cf8d,APE,0.093800205582167
0x6317b52d3888a74b093fcaa31a5d723d90b1cf8d,APT,-0.0933112940390401
0x6317b52d3888a74b093fcaa31a5d723d90b1cf8d,ATOM,-0.0959754554702774
0x6317b52d3888a74b093fcaa31a5d723d90b1cf8d,AVAX,0.1140043884335274
0x6317b52d3888a74b093fcaa31a5d723d90b1cf8d,AXS,0.1398613142097233
0x6317b52d3888a74b093fcaa31a5d723d90b1cf8d,BAL,-0.1764442347323752
0x6317b52d3888a74b093fcaa31a5d723d90b1cf8d,BCH,0.2194999680520153
0x6317b52d3888a74b093fcaa31a5d723d90b1cf8d,BLUR,-0.0441248722742464
0x6317b52d3888a74b093fcaa31a5d723d90b1cf8d,BNB,0.019428477620955
0x6317b52d3888a74b093fcaa31a5d723d90b1cf8d,BONK,0.1670317454568183
0x6317b52d3888a74b093fcaa31a5d723d90b1cf8d,BTC,-0.0801886543908275
0x6317b52d3888a74b093fcaa31a5d723d90b1cf8d,C98,-0.1743705122967376
0x6317b52d3888a74b093fcaa31a5d723d90b1cf8d,CAKE,0.1261757192946159
0x6317b52d3888a74b093fcaa31a5d723d90b1cf8d,COMP,-0.0367072749278908
0x6317b52d3888a74b093fcaa31a5d723d90b1cf8d,CRV,0.0640240320873701
0x6317b52d3888a74b093fcaa31a5d723d90b1cf8d,CVX,-0.1069304927665629
0x6317b52d3888a74b093fcaa31a5d723d90b1cf8d,DAI,0.0004392556578472
0x6317b52d3888a74b093fcaa31a5d723d90b1cf8d,DAO,-0.1430310807240132
0x6317b52d3888a74b093fcaa31a5d723d90b1cf8d,DOGE,0.8510069728215031
0x6317b52d3888a74b093fcaa31a5d723d90b1cf8d,DOT,-0.0087488242274843
0x6317b52d3888a74b093fcaa31a5d723d90b1cf8d,DYDX,-0.1258763337619614
0x6317b52d3888a74b093fcaa31a5d723d90b1cf8d,EOS,-0.1866278725436247
0x6317b52d3888a74b093fcaa31a5d723d90b1cf8d,ETC,0.2829882697926723
0x6317b52d3888a74b093fcaa31a5d723d90b1cf8d,ETH,-0.0550783010755253
0x6317b52d3888a74b093fcaa31a5d723d90b1cf8d,FET,0.0017186896981324
0x6317b52d3888a74b093fcaa31a5d723d90b1cf8d,FIL,0.0635846007526434
0x6317b52d3888a74b093fcaa31a5d723d90b1cf8d,FRAX,0.2833779279054593
0x6317b52d3888a74b093fcaa31a5d723d90b1cf8d,FTM,0.0230864980863578
0x6317b52d3888a74b093fcaa31a5d723d90b1cf8d,FXS,-0.100643850903569
0x6317b52d3888a74b093fcaa31a5d723d90b1cf8d,GRT,-0.1820861628524681
0x6317b52d3888a74b093fcaa31a5d723d90b1cf8d,HAI,6.3216590587941806
0x6317b52d3888a74b093fcaa31a5d723d90b1cf8d,HERO,-0.0134192149445204
0x6317b52d3888a74b093fcaa31a5d723d90b1cf8d,ICP,0.0898742134792121
0x6317b52d3888a74b093fcaa31a5d723d90b1cf8d,IMX,-0.0359980130575222
0x6317b52d3888a74b093fcaa31a5d723d90b1cf8d,INJ,-0.1137385295551153
0x6317b52d3888a74b093fcaa31a5d723d90b1cf8d,LDO,0.1965318340490834
0x6317b52d3888a74b093fcaa31a5d723d90b1cf8d,LINK,-0.0067053776864762
0x6317b52d3888a74b093fcaa31a5d723d90b1cf8d,LTC,-0.1262687652346061
0x6317b52d3888a74b093fcaa31a5d723d90b1cf8d,MATIC,-0.0594299015853925
0x6317b52d3888a74b093fcaa31a5d723d90b1cf8d,MAV,-0.1354587130110375
0x6317b52d3888a74b093fcaa31a5d723d90b1cf8d,MBOX,-0.115303624871552
0x6317b52d3888a74b093fcaa31a5d723d90b1cf8d,MKR,0.0981650726190555
0x6317b52d3888a74b093fcaa31a5d723d90b1cf8d,MOON,0.2228602699532124
0x6317b52d3888a74b093fcaa31a5d723d90b1cf8d,NEAR,-0.0930859734213658
0x6317b52d3888a74b093fcaa31a5d723d90b1cf8d,OP,0.01659744279781
0x6317b52d3888a74b093fcaa31a5d723d90b1cf8d,PENDLE,-0.0590121554660354
0x6317b52d3888a74b093fcaa31a5d723d90b1cf8d,PEPE,0.7826703293507108
0x6317b52d3888a74b093fcaa31a5d723d90b1cf8d,PERP,0.0612315057367742
0x6317b52d3888a74b093fcaa31a5d723d90b1cf8d,PIT,0.0561253557943054
0x6317b52d3888a74b093fcaa31a5d723d90b1cf8d,POLS,-0.0979033263008394
0x6317b52d3888a74b093fcaa31a5d723d90b1cf8d,PYTH,-0.075296897767177
0x6317b52d3888a74b093fcaa31a5d723d90b1cf8d,QUACK,-0.1527920834686193
0x6317b52d3888a74b093fcaa31a5d723d90b1cf8d,RDNT,-0.0929714229231827
0x6317b52d3888a74b093fcaa31a5d723d90b1cf8d,RNDR,0.0065441619215559
0x6317b52d3888a74b093fcaa31a5d723d90b1cf8d,RPL,0.118547938560534
0x6317b52d3888a74b093fcaa31a5d723d90b1cf8d,RUNE,-0.0861428543355966
0x6317b52d3888a74b093fcaa31a5d723d90b1cf8d,SFP,-0.0577502396087078
0x6317b52d3888a74b093fcaa31a5d723d90b1cf8d,SFUND,-0.0398862269713489
0x6317b52d3888a74b093fcaa31a5d723d90b1cf8d,SHIB,0.4832987663592673
0x6317b52d3888a74b093fcaa31a5d723d90b1cf8d,SOL,-0.1469870905445844
0x6317b52d3888a74b093fcaa31a5d723d90b1cf8d,STG,-0.0613248630347542
0x6317b52d3888a74b093fcaa31a5d723d90b1cf8d,SUI,0.0658003614004364
0x6317b52d3888a74b093fcaa31a5d723d90b1cf8d,SUSHI,0.0298415508218225
0x6317b52d3888a74b093fcaa31a5d723d90b1cf8d,TIA,0.0021278571946647
0x6317b52d3888a74b093fcaa31a5d723d90b1cf8d,TOKEN,0.0499239863790462
0x6317b52d3888a74b093fcaa31a5d723d90b1cf8d,TRX,0.0726660452897699
0x6317b52d3888a74b093fcaa31a5d723d90b1cf8d,UNI,-0.1650980606679959
0x6317b52d3888a74b093fcaa31a5d723d90b1cf8d,USDT,-0.0013209098765146
0x6317b52d3888a74b093fcaa31a5d723d90b1cf8d,XLM,0.2767672489194572
0x6317b52d3888a74b093fcaa31a5d723d90b1cf8d,XMR,-0.0403766987514745
0x6317b52d3888a74b093fcaa31a5d723d90b1cf8d,XRP,0.0772606615676626
0x6317b52d3888a74b093fcaa31a5d723d90b1cf8d,XTZ,-0.0642591939806405
0x6317b52d3888a74b093fcaa31a5d723d90b1cf8d,XVS,-0.0779639951929054
0x6317b52d3888a74b093fcaa31a5d723d90b1cf8d,YFI,-0.0849419285452388
0x691577252ffff4f3eefcc386302f8ba5bc40a360,AAVE,0.0027070361504228
0x691577252ffff4f3eefcc386302f8ba5bc40a360,ADA,0.0969883152407495
0x691577252ffff4f3eefcc386302f8ba5bc40a360,ALGO,-0.0117064656137845
0x691577252ffff4f3eefcc386302f8ba5bc40a360,APE,-0.0035506984635097
0x691577252ffff4f3eefcc386302f8ba5bc40a360,APT,0.0284818856354327
0x691577252ffff4f3eefcc386302f8ba5bc40a360,ATOM,0.0038335273827133
0x691577252ffff4f3eefcc386302f8ba5bc40a360,AVAX,0.0573215468282325
0x691577252ffff4f3eefcc386302f8ba5bc40a360,AXS,0.007121287584706
0x691577252ffff4f3eefcc386302f8ba5bc40a360,BAL,0.017394039963147
0x691577252ffff4f3eefcc386302f8ba5bc40a360,BCH,0.0186853219323672
0x691577252ffff4f3eefcc386302f8ba5bc40a360,BLUR,0.0127891275530765
0x691577252ffff4f3eefcc386302f8ba5bc40a360,BNB,0.0327530823722472
0x691577252ffff4f3eefcc386302f8ba5bc40a360,BONK,0.0209881115730815
0x691577252ffff4f3eefcc386302f8ba5bc40a360,BTC,-0.0097975351565998
0x691577252ffff4f3eefcc386302f8ba5bc40a360,C98,0.0243941162197313
0x691577252ffff4f3eefcc386302f8ba5bc40a360,CAKE,0.0338998510968117
0x691577252ffff4f3eefcc386302f8ba5bc40a360,COMP,0.0641173016877788
0x691577252ffff4f3eefcc386302f8ba5bc40a360,CRV,0.0191538157050118
0x691577252ffff4f3eefcc386302f8ba5bc40a360,CVX,0.0258716207417233
0x691577252ffff4f3eefcc386302f8ba5bc40a360,DAI,0.0149348434201704
0x691577252ffff4f3eefcc386302f8ba5bc40a360,DAO,0.0228934109869497
0x691577252ffff4f3eefcc386302f8ba5bc40a360,DOGE,0.0682547813603543
0x691577252ffff4f3eefcc386302f8ba5bc40a360,DOT,0.015154532821041
0x691577252ffff4f3eefcc386302f8ba5bc40a360,DYDX,0.059005915070858
0x691577252ffff4f3eefcc386302f8ba5bc40a360,EOS,0.0638840108957805
0x691577252ffff4f3eefcc386302f8ba5bc40a360,ETC,0.0098915670699998
0x691577252ffff4f3eefcc386302f8ba5bc40a360,ETH,0.0833206611763209
0x691577252ffff4f3eefcc386302f8ba5bc40a360,FET,-0.013052911434525
0x691577252ffff4f3eefcc386302f8ba5bc40a360,FIL,0.0162573160172862
0x691577252ffff4f3eefcc386302f8ba5bc40a360,FRAX,0.0371215783783127
0x691577252ffff4f3eefcc386302f8ba5bc40a360,FTM,-0.0244467117514644
0x691577252ffff4f3eefcc386302f8ba5bc40a360,FXS,0.0436941173953056
0x691577252ffff4f3eefcc386302f8ba5bc40a360,GRT,0.0517117340666107
0x691577252ffff4f3eefcc386302f8ba5bc40a360,HAI,0.0482745245769925
0x691577252ffff4f3eefcc386302f8ba5bc40a360,HERO,0.0336543554374454
0x691577252ffff4f3eefcc386302f8ba5bc40a360,ICP,0.011550146282363
0x691577252ffff4f3eefcc386302f8ba5bc40a360,IMX,0.0130381519898564
0x691577252ffff4f3eefcc386302f8ba5bc40a360,INJ,0.0195347064466992
0x691577252ffff4f3eefcc386302f8ba5bc40a360,LDO,0.0222642348244371
0x691577252ffff4f3eefcc386302f8ba5bc40a360,LINK,0.0381148617252753
0x691577252ffff4f3eefcc386302f8ba5bc40a360,LTC,0.0062016115363726
0x691577252ffff4f3eefcc386302f8ba5bc40a360,MATIC,0.01807349087568
0x691577252ffff4f3eefcc386302f8ba5bc40a360,MAV,0.0287545750225582
0x691577252ffff4f3eefcc386302f8ba5bc40a360,MBOX,0.0264375395614894
0x691577252ffff4f3eefcc386302f8ba5bc40a360,MKR,-0.0135148856520765
0x691577252ffff4f3eefcc386302f8ba5bc40a360,MOON,-0.0029407568589366
0x691577252ffff4f3eefcc386302f8ba5bc40a360,NEAR,0.0271351189387165
0x691577252ffff4f3eefcc386302f8ba5bc40a360,OP,0.0349268826690776
0x691577252ffff4f3eefcc386302f8ba5bc40a360,PENDLE,0.0139876794798616
0x691577252ffff4f3eefcc386302f8ba5bc40a360,PEPE,0.0157688713923294
0x691577252ffff4f3eefcc386302f8ba5bc40a360,PERP,0.0493105305290508
0x691577252ffff4f3eefcc386302f8ba5bc40a360,PIT,0.0389179488751053
0x691577252ffff4f3eefcc386302f8ba5bc40a360,POLS,0.0214701039302271
0x691577252ffff4f3eefcc386302f8ba5bc40a360,PYTH,0.0253891730646323
0x691577252ffff4f3eefcc386302f8ba5bc40a360,QUACK,0.032854149091592
0x691577252ffff4f3eefcc386302f8ba5bc40a360,RDNT,0.0427336891118625
0x691577252ffff4f3eefcc386302f8ba5bc40a360,RNDR,0.0297640212237755
0x691577252ffff4f3eefcc386302f8ba5bc40a360,RPL,0.0353741730185566
0x691577252ffff4f3eefcc386302f8ba5bc40a360,RUNE,0.0232236810813556
0x691577252ffff4f3eefcc386302f8ba5bc40a360,SFP,0.0396389404591973
0x691577252ffff4f3eefcc386302f8ba5bc40a360,SFUND,-0.0644287580346437
0x691577252ffff4f3eefcc386302f8ba5bc40a360,SHIB,0.0124537988565152
0x691577252ffff4f3eefcc386302f8ba5bc40a360,SOL,0.0428663660219624
0x691577252ffff4f3eefcc386302f8ba5bc40a360,STG,0.0417829044782124
0x691577252ffff4f3eefcc386302f8ba5bc40a360,SUI,0.0278097442590276
0x691577252ffff4f3eefcc386302f8ba5bc40a360,SUSHI,0.0272392019816916
0x691577252ffff4f3eefcc386302f8ba5bc40a360,TIA,0.0100388662081597
0x691577252ffff4f3eefcc386302f8ba5bc40a360,TOKEN,0.0254604999141569
0x691577252ffff4f3eefcc386302f8ba5bc40a360,TRX,-0.011766688895347
0x691577252ffff4f3eefcc386302f8ba5bc40a360,UNI,-0.0208034083653995
0x691577252ffff4f3eefcc386302f8ba5bc40a360,USDT,-0.0239373820132168
0x691577252ffff4f3eefcc386302f8ba5bc40a360,XLM,0.0575800529103328
0x691577252ffff4f3eefcc386302f8ba5bc40a360,XMR,0.0621221185187092
0x691577252ffff4f3eefcc386302f8ba5bc40a360,XRP,-0.0581444949063658
0x691577252ffff4f3eefcc386302f8ba5bc40a360,XTZ,0.012126561259567
0x691577252ffff4f3eefcc386302f8ba5bc40a360,XVS,0.0275523619154437
0x691577252ffff4f3eefcc386302f8ba5bc40a360,YFI,0.0138373032717844
0x6cb72d052d57563180474923fdd9f827455637db,AAVE,0.05
0x6cb72d052d57563180474923fdd9f827455637db,ADA,0.05
0x6cb72d052d57563180474923fdd9f827455637db,ALGO,-0.05
0x6cb72d052d57563180474923fdd9f827455637db,APE,0.05
0x6cb72d052d57563180474923fdd9f827455637db,APT,0.0
0x6cb72d052d57563180474923fdd9f827455637db,ATOM,0.0
0x6cb72d052d57563180474923fdd9f827455637db,AVAX,0.0
0x6cb72d052d57563180474923fdd9f827455637db,AXS,0.0
0x6cb72d052d57563180474923fdd9f827455637db,BAL,0.0
0x6cb72d052d57563180474923fdd9f827455637db,BCH,0.05
0x6cb72d052d57563180474923fdd9f827455637db,BLUR,0.0
0x6cb72d052d57563180474923fdd9f827455637db,BNB,0.0
0x6cb72d052d57563180474923fdd9f827455637db,BONK,0.0
0x6cb72d052d57563180474923fdd9f827455637db,BTC,0.05
0x6cb72d052d57563180474923fdd9f827455637db,C98,0.0
0x6cb72d052d57563180474923fdd9f827455637db,CAKE,0.0
0x6cb72d052d57563180474923fdd9f827455637db,COMP,0.0
0x6cb72d052d57563180474923fdd9f827455637db,CRV,0.0
0x6cb72d052d57563180474923fdd9f827455637db,CVX,0.0
0x6cb72d052d57563180474923fdd9f827455637db,DAI,0.0
0x6cb72d052d57563180474923fdd9f827455637db,DAO,0.0
0x6cb72d052d57563180474923fdd9f827455637db,DOGE,0.0
0x6cb72d052d57563180474923fdd9f827455637db,DOT,0.05
0x6cb72d052d57563180474923fdd9f827455637db,DYDX,-0.05
0x6cb72d052d57563180474923fdd9f827455637db,EOS,0.0
0x6cb72d052d57563180474923fdd9f827455637db,ETC,0.0
0x6cb72d052d57563180474923fdd9f827455637db,ETH,0.0
0x6cb72d052d57563180474923fdd9f827455637db,FET,0.05
0x6cb72d052d57563180474923fdd9f827455637db,FIL,0.0
0x6cb72d052d57563180474923fdd9f827455637db,FRAX,0.0
0x6cb72d052d57563180474923fdd9f827455637db,FTM,0.0
0x6cb72d052d57563180474923fdd9f827455637db,FXS,-0.05
0x6cb72d052d57563180474923fdd9f827455637db,GRT,0.05
0x6cb72d052d57563180474923fdd9f827455637db,HAI,0.0
0x6cb72d052d57563180474923fdd9f827455637db,HERO,0.0
0x6cb72d052d57563180474923fdd9f827455637db,ICP,0.05
0x6cb72d052d57563180474923fdd9f827455637db,IMX,0.0
0x6cb72d052d57563180474923fdd9f827455637db,INJ,0.0
0x6cb72d052d57563180474923fdd9f827455637db,LDO,0.0
0x6cb72d052d57563180474923fdd9f827455637db,LINK,0.0
0x6cb72d052d57563180474923fdd9f827455637db,LTC,0.0
0x6cb72d052d57563180474923fdd9f827455637db,MATIC,0.0
0x6cb72d052d57563180474923fdd9f827455637db,MAV,0.0
0x6cb72d052d57563180474923fdd9f827455637db,MBOX,0.0
0x6cb72d052d57563180474923fdd9f827455637db,MKR,0.0
0x6cb72d052d57563180474923fdd9f827455637db,MOON,0.0
0x6cb72d052d57563180474923fdd9f827455637db,NEAR,-0.05
0x6cb72d052d57563180474923fdd9f827455637db,OP,0.0
0x6cb72d052d57563180474923fdd9f827455637db,PENDLE,0.0
0x6cb72d052d57563180474923fdd9f827455637db,PEPE,0.0
0x6cb72d052d57563180474923fdd9f827455637db,PERP,0.0
0x6cb72d052d57563180474923fdd9f827455637db,PIT,0.0
0x6cb72d052d57563180474923fdd9f827455637db,POLS,0.0
0x6cb72d052d57563180474923fdd9f827455637db,PYTH,0.0
0x6cb72d052d57563180474923fdd9f827455637db,QUACK,0.0
0x6cb72d052d57563180474923fdd9f827455637db,RDNT,0.0
0x6cb72d052d57563180474923fdd9f827455637db,RNDR,0.0
0x6cb72d052d57563180474923fdd9f827455637db,RPL,-0.05
0x6cb72d052d57563180474923fdd9f827455637db,RUNE,-0.05
0x6cb72d052d57563180474923fdd9f827455637db,SFP,-0.05
0x6cb72d052d57563180474923fdd9f827455637db,SFUND,0.0
0x6cb72d052d57563180474923fdd9f827455637db,SHIB,0.0
0x6cb72d052d57563180474923fdd9f827455637db,SOL,-0.05
0x6cb72d052d57563180474923fdd9f827455637db,STG,-0.05
0x6cb72d052d57563180474923fdd9f827455637db,SUI,0.0
0x6cb72d052d57563180474923fdd9f827455637db,SUSHI,0.0
0x6cb72d052d57563180474923fdd9f827455637db,TIA,0.0
0x6cb72d052d57563180474923fdd9f827455637db,TOKEN,0.0
0x6cb72d052d57563180474923fdd9f827455637db,TRX,0.0
0x6cb72d052d57563180474923fdd9f827455637db,UNI,0.0
0x6cb72d052d57563180474923fdd9f827455637db,USDT,0.0
0x6cb72d052d57563180474923fdd9f827455637db,XLM,0.0
0x6cb72d052d57563180474923fdd9f827455637db,XMR,0.0
0x6cb72d052d57563180474923fdd9f827455637db,XRP,0.05
0x6cb72d052d57563180474923fdd9f827455637db,XTZ,0.0
0x6cb72d052d57563180474923fdd9f827455637db,XVS,-0.05
0x6cb72d052d57563180474923fdd9f827455637db,YFI,0.0
0x770a3026f8a348bebac2ba84cfc82f4ea01b420a,AAVE,0.008530413
0x770a3026f8a348bebac2ba84cfc82f4ea01b420a,ADA,0.008422254
0x770a3026f8a348bebac2ba84cfc82f4ea01b420a,ALGO,0.008315623
0x770a3026f8a348bebac2ba84cfc82f4ea01b420a,APE,0.008148519
0x770a3026f8a348bebac2ba84cfc82f4ea01b420a,APT,0.0081354175
0x770a3026f8a348bebac2ba84cfc82f4ea01b420a,ATOM,0.008542098
0x770a3026f8a348bebac2ba84cfc82f4ea01b420a,AVAX,0.008485696
0x770a3026f8a348bebac2ba84cfc82f4ea01b420a,AXS,0.007630365
0x770a3026f8a348bebac2ba84cfc82f4ea01b420a,BAL,0.0077962396
0x770a3026f8a348bebac2ba84cfc82f4ea01b420a,BCH,0.009414631
0x770a3026f8a348bebac2ba84cfc82f4ea01b420a,BLUR,0.007717111
0x770a3026f8a348bebac2ba84cfc82f4ea01b420a,BNB,0.0062591964
0x770a3026f8a348bebac2ba84cfc82f4ea01b420a,BONK,0.009027693
0x770a3026f8a348bebac2ba84cfc82f4ea01b420a,BTC,0.007953242
0x770a3026f8a348bebac2ba84cfc82f4ea01b420a,C98,0.007630365
0x770a3026f8a348bebac2ba84cfc82f4ea01b420a,CAKE,0.008968068
0x770a3026f8a348bebac2ba84cfc82f4ea01b420a,COMP,0.0075388146
0x770a3026f8a348bebac2ba84cfc82f4ea01b420a,CRV,0.009060346
0x770a3026f8a348bebac2ba84cfc82f4ea01b420a,CVX,0.007630365
0x770a3026f8a348bebac2ba84cfc82f4ea01b420a,DAI,0.00793096
0x770a3026f8a348bebac2ba84cfc82f4ea01b420a,DAO,0.008151258
0x770a3026f8a348bebac2ba84cfc82f4ea01b420a,DOGE,0.009246805
0x770a3026f8a348bebac2ba84cfc82f4ea01b420a,DOT,0.009023039
0x770a3026f8a348bebac2ba84cfc82f4ea01b420a,DYDX,0.007630365
0x770a3026f8a348bebac2ba84cfc82f4ea01b420a,EOS,0.0076507726
0x770a3026f8a348bebac2ba84cfc82f4ea01b420a,ETC,0.007934674
0x770a3026f8a348bebac2ba84cfc82f4ea01b420a,ETH,0.009003975
0x770a3026f8a348bebac2ba84cfc82f4ea01b420a,FET,0.007825773
0x770a3026f8a348bebac2ba84cfc82f4ea01b420a,FIL,0.007630365
0x770a3026f8a348bebac2ba84cfc82f4ea01b420a,FRAX,0.014396153
0x770a3026f8a348bebac2ba84cfc82f4ea01b420a,FTM,0.00768592
0x770a3026f8a348bebac2ba84cfc82f4ea01b420a,FXS,0.008111785
0x770a3026f8a348bebac2ba84cfc82f4ea01b420a,GRT,0.008472811
0x770a3026f8a348bebac2ba84cfc82f4ea01b420a,HAI,0.009151455
0x770a3026f8a348bebac2ba84cfc82f4ea01b420a,HERO,0.0077929045
0x770a3026f8a348bebac2ba84cfc82f4ea01b420a,ICP,0.008073511
0x770a3026f8a348bebac2ba84cfc82f4ea01b420a,IMX,0.007825773
0x770a3026f8a348bebac2ba84cfc82f4ea01b420a,INJ,0.007886644
0x770a3026f8a348bebac2ba84cfc82f4ea01b420a,LDO,0.007630365
0x770a3026f8a348bebac2ba84cfc82f4ea01b420a,LINK,0.008476916
0x770a3026f8a348bebac2ba84cfc82f4ea01b420a,LTC,0.010974788
0x770a3026f8a348bebac2ba84cfc82f4ea01b420a,MATIC,0.007664525
0x770a3026f8a348bebac2ba84cfc82f4ea01b420a,MAV,0.0076738177
0x770a3026f8a348bebac2ba84cfc82f4ea01b420a,MBOX,0.007630365
0x770a3026f8a348bebac2ba84cfc82f4ea01b420a,MKR,0.010288993
0x770a3026f8a348bebac2ba84cfc82f4ea01b420a,MOON,0.007922985
0x770a3026f8a348bebac2ba84cfc82f4ea01b420a,NEAR,0.0076816743
0x770a3026f8a348bebac2ba84cfc82f4ea01b420a,OP,0.007923713
0x770a3026f8a348bebac2ba84cfc82f4ea01b420a,PENDLE,0.007630365
0x770a3026f8a348bebac2ba84cfc82f4ea01b420a,PEPE,0.008522258
0x770a3026f8a348bebac2ba84cfc82f4ea01b420a,PERP,0.008271649
0x770a3026f8a348bebac2ba84cfc82f4ea01b420a,PIT,0.0070126303
0x770a3026f8a348bebac2ba84cfc82f4ea01b420a,POLS,0.007630365
0x770a3026f8a348bebac2ba84cfc82f4ea01b420a,PYTH,0.008386181
0x770a3026f8a348bebac2ba84cfc82f4ea01b420a,QUACK,0.0077929045
0x770a3026f8a348bebac2ba84cfc82f4ea01b420a,RDNT,0.007719887
0x770a3026f8a348bebac2ba84cfc82f4ea01b420a,RNDR,0.008090824
0x770a3026f8a348bebac2ba84cfc82f4ea01b420a,RPL,0.007630365
0x770a3026f8a348bebac2ba84cfc82f4ea01b420a,RUNE,0.0079259
0x770a3026f8a348bebac2ba84cfc82f4ea01b420a,SFP,0.007930907
0x770a3026f8a348bebac2ba84cfc82f4ea01b420a,SFUND,0.008090647
0x770a3026f8a348bebac2ba84cfc82f4ea01b420a,SHIB,0.008112227
0x770a3026f8a348bebac2ba84cfc82f4ea01b420a,SOL,0.007606823
0x770a3026f8a348bebac2ba84cfc82f4ea01b420a,STG,0.007927132
0x770a3026f8a348bebac2ba84cfc82f4ea01b420a,SUI,0.008359827
0x770a3026f8a348bebac2ba84cfc82f4ea01b420a,SUSHI,0.007630365
0x770a3026f8a348bebac2ba84cfc82f4ea01b420a,TIA,0.008090647
0x770a3026f8a348bebac2ba84cfc82f4ea01b420a,TOKEN,0.0077929045
0x770a3026f8a348bebac2ba84cfc82f4ea01b420a,TRX,0.009481158
0x770a3026f8a348bebac2ba84cfc82f4ea01b420a,UNI,0.008565934
0x770a3026f8a348bebac2ba84cfc82f4ea01b420a,USDT,0.007891528
0x770a3026f8a348bebac2ba84cfc82f4ea01b420a,XLM,0.008113361
0x770a3026f8a348bebac2ba84cfc82f4ea01b420a,XMR,0.009350015
0x770a3026f8a348bebac2ba84cfc82f4ea01b420a,XRP,0.009681445
0x770a3026f8a348bebac2ba84cfc82f4ea01b420a,XTZ,0.007774696
0x770a3026f8a348bebac2ba84cfc82f4ea01b420a,XVS,0.008060127
0x770a3026f8a348bebac2ba84cfc82f4ea01b420a,YFI,0.007630365
0x7824282944b7cc7b8ef86ed9adbe21f49b247f97,AAVE,0.53937364
0x7824282944b7cc7b8ef86ed9adbe21f49b247f97,ADA,0.5225453
0x7824282944b7cc7b8ef86ed9adbe21f49b247f97,ALGO,0.5335319
0x7824282944b7cc7b8ef86ed9adbe21f49b247f97,APE,0.53609234
0x7824282944b7cc7b8ef86ed9adbe21f49b247f97,APT,0.52406514
0x7824282944b7cc7b8ef86ed9adbe21f49b247f97,ATOM,0.5336234
0x7824282944b7cc7b8ef86ed9adbe21f49b247f97,AVAX,0.49208924
0x7824282944b7cc7b8ef86ed9adbe21f49b247f97,AXS,0.52489555
0x7824282944b7cc7b8ef86ed9adbe21f49b247f97,BAL,0.5245224
0x7824282944b7cc7b8ef86ed9adbe21f49b247f97,BCH,0.55338734
0x7824282944b7cc7b8ef86ed9adbe21f49b247f97,BLUR,0.5151133
0x7824282944b7cc7b8ef86ed9adbe21f49b247f97,BNB,0.5625651
0x7824282944b7cc7b8ef86ed9adbe21f49b247f97,BONK,0.5106947
0x7824282944b7cc7b8ef86ed9adbe21f49b247f97,BTC,0.5583373
0x7824282944b7cc7b8ef86ed9adbe21f49b247f97,C98,0.5011534
0x7824282944b7cc7b8ef86ed9adbe21f49b247f97,CAKE,0.5094256
0x7824282944b7cc7b8ef86ed9adbe21f49b247f97,COMP,0.54667497
0x7824282944b7cc7b8ef86ed9adbe21f49b247f97,CRV,0.53411615
0x7824282944b7cc7b8ef86ed9adbe21f49b247f97,CVX,0.52880436
0x7824282944b7cc7b8ef86ed9adbe21f49b247f97,DAI,0.57543254
0x7824282944b7cc7b8ef86ed9adbe21f49b247f97,DAO,0.5352964
0x7824282944b7cc7b8ef86ed9adbe21f49b247f97,DOGE,0.5045289
0x7824282944b7cc7b8ef86ed9adbe21f49b247f97,DOT,0.5234603
0x7824282944b7cc7b8ef86ed9adbe21f49b247f97,DYDX,0.4971746
0x7824282944b7cc7b8ef86ed9adbe21f49b247f97,EOS,0.5238046
0x7824282944b7cc7b8ef86ed9adbe21f49b247f97,ETC,0.5462925
0x7824282944b7cc7b8ef86ed9adbe21f49b247f97,ETH,0.5472701
0x7824282944b7cc7b8ef86ed9adbe21f49b247f97,FET,0.529308
0x7824282944b7cc7b8ef86ed9adbe21f49b247f97,FIL,0.5300554
0x7824282944b7cc7b8ef86ed9adbe21f49b247f97,FRAX,0.3939649
0x7824282944b7cc7b8ef86ed9adbe21f49b247f97,FTM,0.5192713
0x7824282944b7cc7b8ef86ed9adbe21f49b247f97,FXS,0.5215836
0x7824282944b7cc7b8ef86ed9adbe21f49b247f97,GRT,0.52951425
0x7824282944b7cc7b8ef86ed9adbe21f49b247f97,HAI,0.5222077
0x7824282944b7cc7b8ef86ed9adbe21f49b247f97,HERO,0.5277041
0x7824282944b7cc7b8ef86ed9adbe21f49b247f97,ICP,0.5381808
0x7824282944b7cc7b8ef86ed9adbe21f49b247f97,IMX,0.4566024
0x7824282944b7cc7b8ef86ed9adbe21f49b247f97,INJ,0.5315661
0x7824282944b7cc7b8ef86ed9adbe21f49b247f97,LDO,0.52144074
0x7824282944b7cc7b8ef86ed9adbe21f49b247f97,LINK,0.53140134
0x7824282944b7cc7b8ef86ed9adbe21f49b247f97,LTC,0.55928665
0x7824282944b7cc7b8ef86ed9adbe21f49b247f97,MATIC,0.51609623
0x7824282944b7cc7b8ef86ed9adbe21f49b247f97,MAV,0.5057912
0x7824282944b7cc7b8ef86ed9adbe21f49b247f97,MBOX,0.49782482
0x7824282944b7cc7b8ef86ed9adbe21f49b247f97,MKR,0.4877527
0x7824282944b7cc7b8ef86ed9adbe21f49b247f97,MOON,0.5261951
0x7824282944b7cc7b8ef86ed9adbe21f49b247f97,NEAR,0.48052102
0x7824282944b7cc7b8ef86ed9adbe21f49b247f97,OP,0.5222411
0x7824282944b7cc7b8ef86ed9adbe21f49b247f97,PENDLE,0.506069
0x7824282944b7cc7b8ef86ed9adbe21f49b247f97,PEPE,0.51531696
0x7824282944b7cc7b8ef86ed9adbe21f49b247f97,PERP,0.4702344
0x7824282944b7cc7b8ef86ed9adbe21f49b247f97,PIT,0.49144036
0x7824282944b7cc7b8ef86ed9adbe21f49b247f97,POLS,0.5171922
0x7824282944b7cc7b8ef86ed9adbe21f49b247f97,PYTH,0.47674504
0x7824282944b7cc7b8ef86ed9adbe21f49b247f97,QUACK,0.5135726
0x7824282944b7cc7b8ef86ed9adbe21f49b247f97,RDNT,0.50868165
0x7824282944b7cc7b8ef86ed9adbe21f49b247f97,RNDR,0.5179953
0x7824282944b7cc7b8ef86ed9adbe21f49b247f97,RPL,0.5109961
0x7824282944b7cc7b8ef86ed9adbe21f49b247f97,RUNE,0.52079093
0x7824282944b7cc7b8ef86ed9adbe21f49b247f97,SFP,0.48240423
0x7824282944b7cc7b8ef86ed9adbe21f49b247f97,SFUND,0.38798615
0x7824282944b7cc7b8ef86ed9adbe21f49b247f97,SHIB,0.53130007
0x7824282944b7cc7b8ef86ed9adbe21f49b247f97,SOL,0.5207471
0x7824282944b7cc7b8ef86ed9adbe21f49b247f97,STG,0.46280417
0x7824282944b7cc7b8ef86ed9adbe21f49b247f97,SUI,0.53155386
0x7824282944b7cc7b8ef86ed9adbe21f49b247f97,SUSHI,0.52431804
0x7824282944b7cc7b8ef86ed9adbe21f49b247f97,TIA,0.52413195
0x7824282944b7cc7b8ef86ed9adbe21f49b247f97,TOKEN,0.49027687
0x7824282944b7cc7b8ef86ed9adbe21f49b247f97,TRX,0.53987724
0x7824282944b7cc7b8ef86ed9adbe21f49b247f97,UNI,0.5197764
0x7824282944b7cc7b8ef86ed9adbe21f49b247f97,USDT,0.5608021
0x7824282944b7cc7b8ef86ed9adbe21f49b247f97,XLM,0.5271162
0x7824282944b7cc7b8ef86ed9adbe21f49b247f97,XMR,0.5480457
0x7824282944b7cc7b8ef86ed9adbe21f49b247f97,XRP,0.53608465
0x7824282944b7cc7b8ef86ed9adbe21f49b247f97,XTZ,0.5264365
0x7824282944b7cc7b8ef86ed9adbe21f49b247f97,XVS,0.5190459
0x7824282944b7cc7b8ef86ed9adbe21f49b247f97,YFI,0.5253727
0x7de5ac173e8ee69177f6243cf9c70608f6e1ad05,AAVE,-0.0089275526762744
0x7de5ac173e8ee69177f6243cf9c70608f6e1ad05,ADA,-0.0590872311597244
0x7de5ac173e8ee69177f6243cf9c70608f6e1ad05,ALGO,-0.0121278169617221
0x7de5ac173e8ee69177f6243cf9c70608f6e1ad05,APE,-0.0096922114495929
0x7de5ac173e8ee69177f6243cf9c70608f6e1ad05,APT,-0.0127665330576413
0x7de5ac173e8ee69177f6243cf9c70608f6e1ad05,ATOM,-0.0001459747031581
0x7de5ac173e8ee69177f6243cf9c70608f6e1ad05,AVAX,-0.0388117299893625
0x7de5ac173e8ee69177f6243cf9c70608f6e1ad05,AXS,-0.0096352569464326
0x7de5ac173e8ee69177f6243cf9c70608f6e1ad05,BAL,-0.0231637317331963
0x7de5ac173e8ee69177f6243cf9c70608f6e1ad05,BCH,0.0079355519861923
0x7de5ac173e8ee69177f6243cf9c70608f6e1ad05,BLUR,-0.0211272449853638
0x7de5ac173e8ee69177f6243cf9c70608f6e1ad05,BNB,-0.0200594392488892
0x7de5ac173e8ee69177f6243cf9c70608f6e1ad05,BONK,-0.0254416017714916
0x7de5ac173e8ee69177f6243cf9c70608f6e1ad05,BTC,-0.0263832280372111
0x7de5ac173e8ee69177f6243cf9c70608f6e1ad05,C98,-0.0169323488291167
0x7de5ac173e8ee69177f6243cf9c70608f6e1ad05,CAKE,-0.0113262867469084
0x7de5ac173e8ee69177f6243cf9c70608f6e1ad05,COMP,-0.0214640382666742
0x7de5ac173e8ee69177f6243cf9c70608f6e1ad05,CRV,0.0209198768434072
0x7de5ac173e8ee69177f6243cf9c70608f6e1ad05,CVX,-0.0197634874798841
0x7de5ac173e8ee69177f6243cf9c70608f6e1ad05,DAI,-0.014043243111036
0x7de5ac173e8ee69177f6243cf9c70608f6e1ad05,DAO,-0.027676462275873
0x7de5ac173e8ee69177f6243cf9c70608f6e1ad05,DOGE,-0.0555439962326626
0x7de5ac173e8ee69177f6243cf9c70608f6e1ad05,DOT,0.0173473171974816
0x7de5ac173e8ee69177f6243cf9c70608f6e1ad05,DYDX,-0.0166551459257666
0x7de5ac173e8ee69177f6243cf9c70608f6e1ad05,EOS,-0.0391857271224932
0x7de5ac173e8ee69177f6243cf9c70608f6e1ad05,ETC,-0.0197126585627108
0x7de5ac173e8ee69177f6243cf9c70608f6e1ad05,ETH,0.0096560824647649
0x7de5ac173e8ee69177f6243cf9c70608f6e1ad05,FET,-0.0139721613186602
0x7de5ac173e8ee69177f6243cf9c70608f6e1ad05,FIL,-0.0250509531722124
0x7de5ac173e8ee69177f6243cf9c70608f6e1ad05,FRAX,-0.1591190283904803
0x7de5ac173e8ee69177f6243cf9c70608f6e1ad05,FTM,-0.0030474027840262
0x7de5ac173e8ee69177f6243cf9c70608f6e1ad05,FXS,0.0097801867315834
0x7de5ac173e8ee69177f6243cf9c70608f6e1ad05,GRT,-0.0193006199995278
0x7de5ac173e8ee69177f6243cf9c70608f6e1ad05,HAI,-0.0367981994858817
0x7de5ac173e8ee69177f6243cf9c70608f6e1ad05,HERO,-0.0349959770609921
0x7de5ac173e8ee69177f6243cf9c70608f6e1ad05,ICP,-0.014755276717392
0x7de5ac173e8ee69177f6243cf9c70608f6e1ad05,IMX,-0.0273760047832222
0x7de5ac173e8ee69177f6243cf9c70608f6e1ad05,INJ,-0.0264571950941916
0x7de5ac173e8ee69177f6243cf9c70608f6e1ad05,LDO,-0.0248023528330141
0x7de5ac173e8ee69177f6243cf9c70608f6e1ad05,LINK,-0.0016643837092677
0x7de5ac173e8ee69177f6243cf9c70608f6e1ad05,LTC,-0.0066999609982826
0x7de5ac173e8ee69177f6243cf9c70608f6e1ad05,MATIC,-0.0208199435506664
0x7de5ac173e8ee69177f6243cf9c70608f6e1ad05,MAV,-0.0293354742757885
0x7de5ac173e8ee69177f6243cf9c70608f6e1ad05,MBOX,-0.035839953815681
0x7de5ac173e8ee69177f6243cf9c70608f6e1ad05,MKR,-0.0103105408135576
0x7de5ac173e8ee69177f6243cf9c70608f6e1ad05,MOON,-0.0175094836747775
0x7de5ac173e8ee69177f6243cf9c70608f6e1ad05,NEAR,-0.0159328624687774
0x7de5ac173e8ee69177f6243cf9c70608f6e1ad05,OP,-0.0385494408294185
0x7de5ac173e8ee69177f6243cf9c70608f6e1ad05,PENDLE,-0.0193771244090493
0x7de5ac173e8ee69177f6243cf9c70608f6e1ad05,PEPE,0.0034932665565788
0x7de5ac173e8ee69177f6243cf9c70608f6e1ad05,PERP,-0.0160261207963076
0x7de5ac173e8ee69177f6243cf9c70608f6e1ad05,PIT,-0.04126265275053
0x7de5ac173e8ee69177f6243cf9c70608f6e1ad05,POLS,-0.0138095273567977
0x7de5ac173e8ee69177f6243cf9c70608f6e1ad05,PYTH,-0.032213368661519
0x7de5ac173e8ee69177f6243cf9c70608f6e1ad05,QUACK,-0.0242194760435269
0x7de5ac173e8ee69177f6243cf9c70608f6e1ad05,RDNT,-0.0314060295155759
0x7de5ac173e8ee69177f6243cf9c70608f6e1ad05,RNDR,-0.0590995206068864
0x7de5ac173e8ee69177f6243cf9c70608f6e1ad05,RPL,-0.0163221125390175
0x7de5ac173e8ee69177f6243cf9c70608f6e1ad05,RUNE,-0.0181699942668948
0x7de5ac173e8ee69177f6243cf9c70608f6e1ad05,SFP,-0.0105930085209755
0x7de5ac173e8ee69177f6243cf9c70608f6e1ad05,SFUND,-0.1365651390565484
0x7de5ac173e8ee69177f6243cf9c70608f6e1ad05,SHIB,-0.0062495463986687
0x7de5ac173e8ee69177f6243cf9c70608f6e1ad05,SOL,-0.0058601204682496
0x7de5ac173e8ee69177f6243cf9c70608f6e1ad05,STG,-0.0351191494071352
0x7de5ac173e8ee69177f6243cf9c70608f6e1ad05,SUI,0.0168373537917261
0x7de5ac173e8ee69177f6243cf9c70608f6e1ad05,SUSHI,-0.0185652432976183
0x7de5ac173e8ee69177f6243cf9c70608f6e1ad05,TIA,-0.0238885103470641
0x7de5ac173e8ee69177f6243cf9c70608f6e1ad05,TOKEN,-0.0334202578603229
0x7de5ac173e8ee69177f6243cf9c70608f6e1ad05,TRX,0.0179822617703001
0x7de5ac173e8ee69177f6243cf9c70608f6e1ad05,UNI,-0.0257626121673786
0x7de5ac173e8ee69177f6243cf9c70608f6e1ad05,USDT,-0.0125145451892364
0x7de5ac173e8ee69177f6243cf9c70608f6e1ad05,XLM,-0.0205549309142421
0x7de5ac173e8ee69177f6243cf9c70608f6e1ad05,XMR,-0.0201694584024821
0x7de5ac173e8ee69177f6243cf9c70608f6e1ad05,XRP,-0.0420344118502242
0x7de5ac173e8ee69177f6243cf9c70608f6e1ad05,XTZ,-0.0143974703226113
0x7de5ac173e8ee69177f6243cf9c70608f6e1ad05,XVS,-0.0207581562493158
0x7de5ac173e8ee69177f6243cf9c70608f6e1ad05,YFI,-0.0188973871075395
0x81fbfb07888fff733958210796af7cbe4368ae5f,AAVE,-38.636546906209645
0x81fbfb07888fff733958210796af7cbe4368ae5f,ADA,-58.900143410194175
0x81fbfb07888fff733958210796af7cbe4368ae5f,ALGO,-23.982507575846363
0x81fbfb07888fff733958210796af7cbe4368ae5f,APE,-38.636546906209645
0x81fbfb07888fff733958210796af7cbe4368ae5f,APT,-38.636546906209645
0x81fbfb07888fff733958210796af7cbe4368ae5f,ATOM,84.41750018747692
0x81fbfb07888fff733958210796af7cbe4368ae5f,AVAX,-51.0763329845982
0x81fbfb07888fff733958210796af7cbe4368ae5f,AXS,-38.636546906209645
0x81fbfb07888fff733958210796af7cbe4368ae5f,BAL,-38.636546906209645
0x81fbfb07888fff733958210796af7cbe4368ae5f,BCH,-14.667409193850764
0x81fbfb07888fff733958210796af7cbe4368ae5f,BLUR,-38.636546906209645
0x81fbfb07888fff733958210796af7cbe4368ae5f,BNB,-36.015959686678144
0x81fbfb07888fff733958210796af7cbe4368ae5f,BONK,-38.636546906209645
0x81fbfb07888fff733958210796af7cbe4368ae5f,BTC,-26.78693234652881
0x81fbfb07888fff733958210796af7cbe4368ae5f,C98,-38.636546906209645
0x81fbfb07888fff733958210796af7cbe4368ae5f,CAKE,-38.636546906209645
0x81fbfb07888fff733958210796af7cbe4368ae5f,COMP,-38.636546906209645
0x81fbfb07888fff733958210796af7cbe4368ae5f,CRV,-63.861291957815226
0x81fbfb07888fff733958210796af7cbe4368ae5f,CVX,-38.636546906209645
0x81fbfb07888fff733958210796af7cbe4368ae5f,DAI,-47.74487862037999
0x81fbfb07888fff733958210796af7cbe4368ae5f,DAO,-51.0763329845982
0x81fbfb07888fff733958210796af7cbe4368ae5f,DOGE,-53.31309228324998
0x81fbfb07888fff733958210796af7cbe4368ae5f,DOT,-38.636546906209645
0x81fbfb07888fff733958210796af7cbe4368ae5f,DYDX,-37.11133528612871
0x81fbfb07888fff733958210796af7cbe4368ae5f,EOS,-38.636546906209645
0x81fbfb07888fff733958210796af7cbe4368ae5f,ETC,-72.64758753654237
0x81fbfb07888fff733958210796af7cbe4368ae5f,ETH,-120.33484533992883
0x81fbfb07888fff733958210796af7cbe4368ae5f,FET,-38.636546906209645
0x81fbfb07888fff733958210796af7cbe4368ae5f,FIL,-38.636546906209645
0x81fbfb07888fff733958210796af7cbe4368ae5f,FRAX,-46.4982775400249
0x81fbfb07888fff733958210796af7cbe4368ae5f,FTM,-410.5863248403937
0x81fbfb07888fff733958210796af7cbe4368ae5f,FXS,-38.636546906209645
0x81fbfb07888fff733958210796af7cbe4368ae5f,GRT,-38.636546906209645
0x81fbfb07888fff733958210796af7cbe4368ae5f,HAI,-48.64000638621493
0x81fbfb07888fff733958210796af7cbe4368ae5f,HERO,-38.636546906209645
0x81fbfb07888fff733958210796af7cbe4368ae5f,ICP,-70.18812417877379
0x81fbfb07888fff733958210796af7cbe4368ae5f,IMX,-38.636546906209645
0x81fbfb07888fff733958210796af7cbe4368ae5f,INJ,-38.636546906209645
0x81fbfb07888fff733958210796af7cbe4368ae5f,LDO,-38.636546906209645
0x81fbfb07888fff733958210796af7cbe4368ae5f,LINK,-58.1348426671539
0x81fbfb07888fff733958210796af7cbe4368ae5f,LTC,-58.900143410194175
0x81fbfb07888fff733958210796af7cbe4368ae5f,MATIC,-47.74487862037999
0x81fbfb07888fff733958210796af7cbe4368ae5f,MAV,-38.636546906209645
0x81fbfb07888fff733958210796af7cbe4368ae5f,MBOX,-38.636546906209645
0x81fbfb07888fff733958210796af7cbe4368ae5f,MKR,-38.636546906209645
0x81fbfb07888fff733958210796af7cbe4368ae5f,MOON,19426.208360538272
0x81fbfb07888fff733958210796af7cbe4368ae5f,NEAR,-38.636546906209645
0x81fbfb07888fff733958210796af7cbe4368ae5f,OP,-117.86274122970087
0x81fbfb07888fff733958210796af7cbe4368ae5f,PENDLE,-38.636546906209645
0x81fbfb07888fff733958210796af7cbe4368ae5f,PEPE,-38.636546906209645
0x81fbfb07888fff733958210796af7cbe4368ae5f,PERP,-51.0763329845982
0x81fbfb07888fff733958210796af7cbe4368ae5f,PIT,-38.636546906209645
0x81fbfb07888fff733958210796af7cbe4368ae5f,POLS,-38.636546906209645
0x81fbfb07888fff733958210796af7cbe4368ae5f,PYTH,-38.636546906209645
0x81fbfb07888fff733958210796af7cbe4368ae5f,QUACK,-38.636546906209645
0x81fbfb07888fff733958210796af7cbe4368ae5f,RDNT,-38.636546906209645
0x81fbfb07888fff733958210796af7cbe4368ae5f,RNDR,-66.80624175526482
0x81fbfb07888fff733958210796af7cbe4368ae5f,RPL,-38.636546906209645
0x81fbfb07888fff733958210796af7cbe4368ae5f,RUNE,-38.636546906209645
0x81fbfb07888fff733958210796af7cbe4368ae5f,SFP,-38.636546906209645
0x81fbfb07888fff733958210796af7cbe4368ae5f,SFUND,-8590.175187155732
0x81fbfb07888fff733958210796af7cbe4368ae5f,SHIB,-51.0763329845982
0x81fbfb07888fff733958210796af7cbe4368ae5f,SOL,0.5756091830566552
0x81fbfb07888fff733958210796af7cbe4368ae5f,STG,-38.636546906209645
0x81fbfb07888fff733958210796af7cbe4368ae5f,SUI,-45.69505658876534
0x81fbfb07888fff733958210796af7cbe4368ae5f,SUSHI,-38.636546906209645
0x81fbfb07888fff733958210796af7cbe4368ae5f,TIA,-38.636546906209645
0x81fbfb07888fff733958210796af7cbe4368ae5f,TOKEN,-38.636546906209645
0x81fbfb07888fff733958210796af7cbe4368ae5f,TRX,-46.46035733180562
0x81fbfb07888fff733958210796af7cbe4368ae5f,UNI,-24.872614768132895
0x81fbfb07888fff733958210796af7cbe4368ae5f,USDT,-40.32054010908443
0x81fbfb07888fff733958210796af7cbe4368ae5f,XLM,-48.15451994653384
0x81fbfb07888fff733958210796af7cbe4368ae5f,XMR,-30.397317964517384
0x81fbfb07888fff733958210796af7cbe4368ae5f,XRP,2096.209127119955
0x81fbfb07888fff733958210796af7cbe4368ae5f,XTZ,-38.636546906209645
0x81fbfb07888fff733958210796af7cbe4368ae5f,XVS,-39.11292843531453
0x81fbfb07888fff733958210796af7cbe4368ae5f,YFI,-38.636546906209645
0x8a8e1c4e454e092fc19c6cca2034bd22b29781e7,AAVE,0.0020626783
0x8a8e1c4e454e092fc19c6cca2034bd22b29781e7,ADA,0.002055645
0x8a8e1c4e454e092fc19c6cca2034bd22b29781e7,ALGO,0.00008106232
0x8a8e1c4e454e092fc19c6cca2034bd22b29781e7,APE,0.0000039339066
0x8a8e1c4e454e092fc19c6cca2034bd22b29781e7,APT,0.00002360344
0x8a8e1c4e454e092fc19c6cca2034bd22b29781e7,ATOM,-0.00016355515
0x8a8e1c4e454e092fc19c6cca2034bd22b29781e7,AVAX,0.00028765202
0x8a8e1c4e454e092fc19c6cca2034bd22b29781e7,AXS,-0.00015312433
0x8a8e1c4e454e092fc19c6cca2034bd22b29781e7,BAL,-0.00014609098
0x8a8e1c4e454e092fc19c6cca2034bd22b29781e7,BCH,0.0002552271
0x8a8e1c4e454e092fc19c6cca2034bd22b29781e7,BLUR,0.0000017881393
0x8a8e1c4e454e092fc19c6cca2034bd22b29781e7,BNB,0.00060653687
0x8a8e1c4e454e092fc19c6cca2034bd22b29781e7,BONK,-0.000013887882
0x8a8e1c4e454e092fc19c6cca2034bd22b29781e7,BTC,0.00096201897
0x8a8e1c4e454e092fc19c6cca2034bd22b29781e7,C98,-0.00021761656
0x8a8e1c4e454e092fc19c6cca2034bd22b29781e7,CAKE,0.001291275
0x8a8e1c4e454e092fc19c6cca2034bd22b29781e7,COMP,0.0009354353
0x8a8e1c4e454e092fc19c6cca2034bd22b29781e7,CRV,0.005118847
0x8a8e1c4e454e092fc19c6cca2034bd22b29781e7,CVX,-0.00026130676
0x8a8e1c4e454e092fc19c6cca2034bd22b29781e7,DAI,0.00081312656
0x8a8e1c4e454e092fc19c6cca2034bd22b29781e7,DAO,0.00024199486
0x8a8e1c4e454e092fc19c6cca2034bd22b29781e7,DOGE,0.0009963512
0x8a8e1c4e454e092fc19c6cca2034bd22b29781e7,DOT,0.0019693375
0x8a8e1c4e454e092fc19c6cca2034bd22b29781e7,DYDX,2.3841858E-7
0x8a8e1c4e454e092fc19c6cca2034bd22b29781e7,EOS,-0.000073969364
0x8a8e1c4e454e092fc19c6cca2034bd22b29781e7,ETC,0.00097584724
0x8a8e1c4e454e092fc19c6cca2034bd22b29781e7,ETH,0.00012123585
0x8a8e1c4e454e092fc19c6cca2034bd22b29781e7,FET,-0.000051379204
0x8a8e1c4e454e092fc19c6cca2034bd22b29781e7,FIL,-0.00008291006
0x8a8e1c4e454e092fc19c6cca2034bd22b29781e7,FRAX,0.00027024746
0x8a8e1c4e454e092fc19c6cca2034bd22b29781e7,FTM,0.0
0x8a8e1c4e454e092fc19c6cca2034bd22b29781e7,FXS,0.0003477335
0x8a8e1c4e454e092fc19c6cca2034bd22b29781e7,GRT,0.00042939186
0x8a8e1c4e454e092fc19c6cca2034bd22b29781e7,HAI,-0.00045210123
0x8a8e1c4e454e092fc19c6cca2034bd22b29781e7,HERO,-0.00014984608
0x8a8e1c4e454e092fc19c6cca2034bd22b29781e7,ICP,0.0011228323
0x8a8e1c4e454e092fc19c6cca2034bd22b29781e7,IMX,-0.00006133318
0x8a8e1c4e454e092fc19c6cca2034bd22b29781e7,INJ,-0.00009983778
0x8a8e1c4e454e092fc19c6cca2034bd22b29781e7,LDO,0.0000044107437
0x8a8e1c4e454e092fc19c6cca2034bd22b29781e7,LINK,0.0018548965
0x8a8e1c4e454e092fc19c6cca2034bd22b29781e7,LTC,0.0007122755
0x8a8e1c4e454e092fc19c6cca2034bd22b29781e7,MATIC,0.000115036964
0x8a8e1c4e454e092fc19c6cca2034bd22b29781e7,MAV,-0.00018662214
0x8a8e1c4e454e092fc19c6cca2034bd22b29781e7,MBOX,-0.0004965663
0x8a8e1c4e454e092fc19c6cca2034bd22b29781e7,MKR,-0.00016397238
0x8a8e1c4e454e092fc19c6cca2034bd22b29781e7,MOON,0.0001591444
0x8a8e1c4e454e092fc19c6cca2034bd22b29781e7,NEAR,-0.00048595667
0x8a8e1c4e454e092fc19c6cca2034bd22b29781e7,OP,0.0009994507
0x8a8e1c4e454e092fc19c6cca2034bd22b29781e7,PENDLE,0.0000015497208
0x8a8e1c4e454e092fc19c6cca2034bd22b29781e7,PEPE,0.0009851456
0x8a8e1c4e454e092fc19c6cca2034bd22b29781e7,PERP,0.0002654791
0x8a8e1c4e454e092fc19c6cca2034bd22b29781e7,PIT,-0.00026118755
0x8a8e1c4e454e092fc19c6cca2034bd22b29781e7,POLS,0.0
0x8a8e1c4e454e092fc19c6cca2034bd22b29781e7,PYTH,0.00022029877
0x8a8e1c4e454e092fc19c6cca2034bd22b29781e7,QUACK,-0.000039041042
0x8a8e1c4e454e092fc19c6cca2034bd22b29781e7,RDNT,-0.00002771616
0x8a8e1c4e454e092fc19c6cca2034bd22b29781e7,RNDR,-0.0003592968
0x8a8e1c4e454e092fc19c6cca2034bd22b29781e7,RPL,0.000024318695
0x8a8e1c4e454e092fc19c6cca2034bd22b29781e7,RUNE,-0.00044375658
0x8a8e1c4e454e092fc19c6cca2034bd22b29781e7,SFP,-0.00044459105
0x8a8e1c4e454e092fc19c6cca2034bd22b29781e7,SFUND,-0.00018596649
0x8a8e1c4e454e092fc19c6cca2034bd22b29781e7,SHIB,0.00038850307
0x8a8e1c4e454e092fc19c6cca2034bd22b29781e7,SOL,0.0010294914
0x8a8e1c4e454e092fc19c6cca2034bd22b29781e7,STG,-0.000025510788
0x8a8e1c4e454e092fc19c6cca2034bd22b29781e7,SUI,0.0012513399
0x8a8e1c4e454e092fc19c6cca2034bd22b29781e7,SUSHI,-0.00018131733
0x8a8e1c4e454e092fc19c6cca2034bd22b29781e7,TIA,-0.000018954277
0x8a8e1c4e454e092fc19c6cca2034bd22b29781e7,TOKEN,-0.000079512596
0x8a8e1c4e454e092fc19c6cca2034bd22b29781e7,TRX,0.0014147758
0x8a8e1c4e454e092fc19c6cca2034bd22b29781e7,UNI,0.0037522316
0x8a8e1c4e454e092fc19c6cca2034bd22b29781e7,USDT,0.00019598007
0x8a8e1c4e454e092fc19c6cca2034bd22b29781e7,XLM,-0.00053203106
0x8a8e1c4e454e092fc19c6cca2034bd22b29781e7,XMR,0.0031394958
0x8a8e1c4e454e092fc19c6cca2034bd22b29781e7,XRP,0.0010234118
0x8a8e1c4e454e092fc19c6cca2034bd22b29781e7,XTZ,0.000620842
0x8a8e1c4e454e092fc19c6cca2034bd22b29781e7,XVS,-0.00044471025
0x8a8e1c4e454e092fc19c6cca2034bd22b29781e7,YFI,0.0000042915344
0x98e41d65e981a882afcb05d41939197da3465b6f,AAVE,-0.0114055787087714
0x98e41d65e981a882afcb05d41939197da3465b6f,ADA,-0.0114055787087714
0x98e41d65e981a882afcb05d41939197da3465b6f,ALGO,-0.0114055787087714
0x98e41d65e981a882afcb05d41939197da3465b6f,APE,-0.0114055787087714
0x98e41d65e981a882afcb05d41939197da3465b6f,APT,-0.0114055787087714
0x98e41d65e981a882afcb05d41939197da3465b6f,ATOM,-0.0114055787087714
0x98e41d65e981a882afcb05d41939197da3465b6f,AVAX,-0.0114055787087714
0x98e41d65e981a882afcb05d41939197da3465b6f,AXS,-0.0114055787087714
0x98e41d65e981a882afcb05d41939197da3465b6f,BAL,-0.0114055787087714
0x98e41d65e981a882afcb05d41939197da3465b6f,BCH,-0.0114055787087714
0x98e41d65e981a882afcb05d41939197da3465b6f,BLUR,-0.0114055787087714
0x98e41d65e981a882afcb05d41939197da3465b6f,BNB,-0.0114055787087714
0x98e41d65e981a882afcb05d41939197da3465b6f,BONK,-0.0114055787087714
0x98e41d65e981a882afcb05d41939197da3465b6f,BTC,-0.0110629378967739
0x98e41d65e981a882afcb05d41939197da3465b6f,C98,-0.0114055787087714
0x98e41d65e981a882afcb05d41939197da3465b6f,CAKE,-0.0114055787087714
0x98e41d65e981a882afcb05d41939197da3465b6f,COMP,-0.0110629378967739
0x98e41d65e981a882afcb05d41939197da3465b6f,CRV,-0.0114055787087714
0x98e41d65e981a882afcb05d41939197da3465b6f,CVX,-0.0114055787087714
0x98e41d65e981a882afcb05d41939197da3465b6f,DAI,-0.0114055787087714
0x98e41d65e981a882afcb05d41939197da3465b6f,DAO,-0.0114055787087714
0x98e41d65e981a882afcb05d41939197da3465b6f,DOGE,-0.0114055787087714
0x98e41d65e981a882afcb05d41939197da3465b6f,DOT,-0.0114055787087714
0x98e41d65e981a882afcb05d41939197da3465b6f,DYDX,-0.0114055787087714
0x98e41d65e981a882afcb05d41939197da3465b6f,EOS,-0.0114055787087714
0x98e41d65e981a882afcb05d41939197da3465b6f,ETC,-0.0114055787087714
0x98e41d65e981a882afcb05d41939197da3465b6f,ETH,-0.0114055787087714
0x98e41d65e981a882afcb05d41939197da3465b6f,FET,-0.0114055787087714
0x98e41d65e981a882afcb05d41939197da3465b6f,FIL,-0.0114055787087714
0x98e41d65e981a882afcb05d41939197da3465b6f,FRAX,-0.0120625663413554
0x98e41d65e981a882afcb05d41939197da3465b6f,FTM,-0.0111708028772198
0x98e41d65e981a882afcb05d41939197da3465b6f,FXS,-0.0114055787087714
0x98e41d65e981a882afcb05d41939197da3465b6f,GRT,-0.0114055787087714
0x98e41d65e981a882afcb05d41939197da3465b6f,HAI,-0.0114055787087714
0x98e41d65e981a882afcb05d41939197da3465b6f,HERO,-0.0114055787087714
0x98e41d65e981a882afcb05d41939197da3465b6f,ICP,-0.0114055787087714
0x98e41d65e981a882afcb05d41939197da3465b6f,IMX,-0.0114055787087714
0x98e41d65e981a882afcb05d41939197da3465b6f,INJ,-0.0114055787087714
0x98e41d65e981a882afcb05d41939197da3465b6f,LDO,-0.0114055787087714
0x98e41d65e981a882afcb05d41939197da3465b6f,LINK,-0.0114055787087714
0x98e41d65e981a882afcb05d41939197da3465b6f,LTC,-0.0114055787087714
0x98e41d65e981a882afcb05d41939197da3465b6f,MATIC,-0.0114055787087714
0x98e41d65e981a882afcb05d41939197da3465b6f,MAV,-0.0114055787087714
0x98e41d65e981a882afcb05d41939197da3465b6f,MBOX,-0.0114055787087714
0x98e41d65e981a882afcb05d41939197da3465b6f,MKR,-0.0114055787087714
0x98e41d65e981a882afcb05d41939197da3465b6f,MOON,-0.0114055787087714
0x98e41d65e981a882afcb05d41939197da3465b6f,NEAR,-0.0114055787087714
0x98e41d65e981a882afcb05d41939197da3465b6f,OP,-0.0114055787087714
0x98e41d65e981a882afcb05d41939197da3465b6f,PENDLE,-0.0114055787087714
0x98e41d65e981a882afcb05d41939197da3465b6f,PEPE,-0.0114055787087714
0x98e41d65e981a882afcb05d41939197da3465b6f,PERP,-0.0114055787087714
0x98e41d65e981a882afcb05d41939197da3465b6f,PIT,-0.0114055787087714
0x98e41d65e981a882afcb05d41939197da3465b6f,POLS,-0.0114055787087714
0x98e41d65e981a882afcb05d41939197da3465b6f,PYTH,-0.0114055787087714
0x98e41d65e981a882afcb05d41939197da3465b6f,QUACK,-0.0114055787087714
0x98e41d65e981a882afcb05d41939197da3465b6f,RDNT,-0.0114055787087714
0x98e41d65e981a882afcb05d41939197da3465b6f,RNDR,-0.0114055787087714
0x98e41d65e981a882afcb05d41939197da3465b6f,RPL,-0.0114055787087714
0x98e41d65e981a882afcb05d41939197da3465b6f,RUNE,-0.0114055787087714
0x98e41d65e981a882afcb05d41939197da3465b6f,SFP,-0.0114055787087714
0x98e41d65e981a882afcb05d41939197da3465b6f,SFUND,-0.0114055787087714
0x98e41d65e981a882afcb05d41939197da3465b6f,SHIB,-0.0114055787087714
0x98e41d65e981a882afcb05d41939197da3465b6f,SOL,-0.0111708028772198
0x98e41d65e981a882afcb05d41939197da3465b6f,STG,-0.0120625663413554
0x98e41d65e981a882afcb05d41939197da3465b6f,SUI,-0.0114055787087714
0x98e41d65e981a882afcb05d41939197da3465b6f,SUSHI,-0.0114055787087714
0x98e41d65e981a882afcb05d41939197da3465b6f,TIA,-0.0114055787087714
0x98e41d65e981a882afcb05d41939197da3465b6f,TOKEN,-0.0114055787087714
0x98e41d65e981a882afcb05d41939197da3465b6f,TRX,-0.0114055787087714
0x98e41d65e981a882afcb05d41939197da3465b6f,UNI,-0.0114055787087714
0x98e41d65e981a882afcb05d41939197da3465b6f,USDT,-0.0114055787087714
0x98e41d65e981a882afcb05d41939197da3465b6f,XLM,-0.0114055787087714
0x98e41d65e981a882afcb05d41939197da3465b6f,XMR,-0.0111708028772198
0x98e41d65e981a882afcb05d41939197da3465b6f,XRP,-0.0114055787087714
0x98e41d65e981a882afcb05d41939197da3465b6f,XTZ,-0.0114055787087714
0x98e41d65e981a882afcb05d41939197da3465b6f,XVS,-0.0114055787087714
0x98e41d65e981a882afcb05d41939197da3465b6f,YFI,-0.0114055787087714
0x9c40349fbbb3fdca0dbb8d5a9ec1063476288a01,AAVE,-0.0593255426280845
0x9c40349fbbb3fdca0dbb8d5a9ec1063476288a01,ADA,0.0556155867317896
0x9c40349fbbb3fdca0dbb8d5a9ec1063476288a01,ALGO,-0.034031479356099
0x9c40349fbbb3fdca0dbb8d5a9ec1063476288a01,APE,0.1127142185431753
0x9c40349fbbb3fdca0dbb8d5a9ec1063476288a01,APT,-0.0844491007199468
0x9c40349fbbb3fdca0dbb8d5a9ec1063476288a01,ATOM,-0.0711413801307482
0x9c40349fbbb3fdca0dbb8d5a9ec1063476288a01,AVAX,0.1293210916023447
0x9c40349fbbb3fdca0dbb8d5a9ec1063476288a01,AXS,0.1548016888156878
0x9c40349fbbb3fdca0dbb8d5a9ec1063476288a01,BAL,-0.1679514724702032
0x9c40349fbbb3fdca0dbb8d5a9ec1063476288a01,BCH,0.2280691346846183
0x9c40349fbbb3fdca0dbb8d5a9ec1063476288a01,BLUR,-0.032180742494317
0x9c40349fbbb3fdca0dbb8d5a9ec1063476288a01,BNB,0.0275621838565867
0x9c40349fbbb3fdca0dbb8d5a9ec1063476288a01,BONK,0.143303179922027
0x9c40349fbbb3fdca0dbb8d5a9ec1063476288a01,BTC,-0.0696368024869529
0x9c40349fbbb3fdca0dbb8d5a9ec1063476288a01,C98,-0.1652980372713621
0x9c40349fbbb3fdca0dbb8d5a9ec1063476288a01,CAKE,0.1421518930527983
0x9c40349fbbb3fdca0dbb8d5a9ec1063476288a01,COMP,-0.0285582231640694
0x9c40349fbbb3fdca0dbb8d5a9ec1063476288a01,CRV,0.1053864046242917
0x9c40349fbbb3fdca0dbb8d5a9ec1063476288a01,CVX,-0.0991812290005619
0x9c40349fbbb3fdca0dbb8d5a9ec1063476288a01,DAI,0.0010695987386069
0x9c40349fbbb3fdca0dbb8d5a9ec1063476288a01,DAO,-0.1352651828880173
0x9c40349fbbb3fdca0dbb8d5a9ec1063476288a01,DOGE,0.9493503157157036
0x9c40349fbbb3fdca0dbb8d5a9ec1063476288a01,DOT,0.0413381617365207
0x9c40349fbbb3fdca0dbb8d5a9ec1063476288a01,DYDX,-0.1093917265159782
0x9c40349fbbb3fdca0dbb8d5a9ec1063476288a01,EOS,-0.1761064879306641
0x9c40349fbbb3fdca0dbb8d5a9ec1063476288a01,ETC,0.2817658155965644
0x9c40349fbbb3fdca0dbb8d5a9ec1063476288a01,ETH,-0.0295421480193339
0x9c40349fbbb3fdca0dbb8d5a9ec1063476288a01,FET,0.0040746687014813
0x9c40349fbbb3fdca0dbb8d5a9ec1063476288a01,FIL,0.0667614835571358
0x9c40349fbbb3fdca0dbb8d5a9ec1063476288a01,FRAX,0.2894255528714128
0x9c40349fbbb3fdca0dbb8d5a9ec1063476288a01,FTM,0.0644241518304664
0x9c40349fbbb3fdca0dbb8d5a9ec1063476288a01,FXS,-0.0951449772057358
0x9c40349fbbb3fdca0dbb8d5a9ec1063476288a01,GRT,-0.1595459824645999
0x9c40349fbbb3fdca0dbb8d5a9ec1063476288a01,HAI,6.085467363501419
0x9c40349fbbb3fdca0dbb8d5a9ec1063476288a01,HERO,-0.0191348363244001
0x9c40349fbbb3fdca0dbb8d5a9ec1063476288a01,ICP,0.0792749753682935
0x9c40349fbbb3fdca0dbb8d5a9ec1063476288a01,IMX,-0.0227417437761324
0x9c40349fbbb3fdca0dbb8d5a9ec1063476288a01,INJ,-0.0901272201554679
0x9c40349fbbb3fdca0dbb8d5a9ec1063476288a01,LDO,0.2125192915427378
0x9c40349fbbb3fdca0dbb8d5a9ec1063476288a01,LINK,0.0232647991059454
0x9c40349fbbb3fdca0dbb8d5a9ec1063476288a01,LTC,-0.119748298326209
0x9c40349fbbb3fdca0dbb8d5a9ec1063476288a01,MATIC,-0.0475905845884958
0x9c40349fbbb3fdca0dbb8d5a9ec1063476288a01,MAV,-0.1326063044266944
0x9c40349fbbb3fdca0dbb8d5a9ec1063476288a01,MBOX,-0.1065449396265253
0x9c40349fbbb3fdca0dbb8d5a9ec1063476288a01,MKR,0.0813046254772552
0x9c40349fbbb3fdca0dbb8d5a9ec1063476288a01,MOON,0.236602415600418
0x9c40349fbbb3fdca0dbb8d5a9ec1063476288a01,NEAR,-0.0707960529385594
0x9c40349fbbb3fdca0dbb8d5a9ec1063476288a01,OP,0.0341111904777346
0x9c40349fbbb3fdca0dbb8d5a9ec1063476288a01,PENDLE,-0.0429753125540239
0x9c40349fbbb3fdca0dbb8d5a9ec1063476288a01,PEPE,0.7380390090285266
0x9c40349fbbb3fdca0dbb8d5a9ec1063476288a01,PERP,0.0645273358770172
0x9c40349fbbb3fdca0dbb8d5a9ec1063476288a01,PIT,0.0527306180220978
0x9c40349fbbb3fdca0dbb8d5a9ec1063476288a01,POLS,-0.0788843664928919
0x9c40349fbbb3fdca0dbb8d5a9ec1063476288a01,PYTH,-0.0651641309880907
0x9c40349fbbb3fdca0dbb8d5a9ec1063476288a01,QUACK,-0.154517013270537
0x9c40349fbbb3fdca0dbb8d5a9ec1063476288a01,RDNT,-0.0842084269335933
0x9c40349fbbb3fdca0dbb8d5a9ec1063476288a01,RNDR,0.0147565314618737
0x9c40349fbbb3fdca0dbb8d5a9ec1063476288a01,RPL,0.1288353157533037
0x9c40349fbbb3fdca0dbb8d5a9ec1063476288a01,RUNE,-0.0781200972251868
0x9c40349fbbb3fdca0dbb8d5a9ec1063476288a01,SFP,-0.0550721598850185
0x9c40349fbbb3fdca0dbb8d5a9ec1063476288a01,SFUND,-0.040468346497463
0x9c40349fbbb3fdca0dbb8d5a9ec1063476288a01,SHIB,0.4811617678415348
0x9c40349fbbb3fdca0dbb8d5a9ec1063476288a01,SOL,-0.1096929335045548
0x9c40349fbbb3fdca0dbb8d5a9ec1063476288a01,STG,-0.0461845298313299
0x9c40349fbbb3fdca0dbb8d5a9ec1063476288a01,SUI,0.0854554045667034
0x9c40349fbbb3fdca0dbb8d5a9ec1063476288a01,SUSHI,0.0415677017087882
0x9c40349fbbb3fdca0dbb8d5a9ec1063476288a01,TIA,0.004109965834909
0x9c40349fbbb3fdca0dbb8d5a9ec1063476288a01,TOKEN,0.0615958048822519
0x9c40349fbbb3fdca0dbb8d5a9ec1063476288a01,TRX,0.1125646641813487
0x9c40349fbbb3fdca0dbb8d5a9ec1063476288a01,UNI,-0.1496717423908825
0x9c40349fbbb3fdca0dbb8d5a9ec1063476288a01,USDT,-0.000725474762597
0x9c40349fbbb3fdca0dbb8d5a9ec1063476288a01,XLM,0.3253175762241317
0x9c40349fbbb3fdca0dbb8d5a9ec1063476288a01,XMR,-0.0422667534422641
0x9c40349fbbb3fdca0dbb8d5a9ec1063476288a01,XRP,0.1090994899886029
0x9c40349fbbb3fdca0dbb8d5a9ec1063476288a01,XTZ,-0.0504833088448728
0x9c40349fbbb3fdca0dbb8d5a9ec1063476288a01,XVS,-0.0707989849965019
0x9c40349fbbb3fdca0dbb8d5a9ec1063476288a01,YFI,-0.0776906430040025
0xa16a483a18f00a00b14b93438e8ad21f485b382f,AAVE,-0.0112107560185301
0xa16a483a18f00a00b14b93438e8ad21f485b382f,ADA,-0.0112107560185301
0xa16a483a18f00a00b14b93438e8ad21f485b382f,ALGO,-0.0112107560185301
0xa16a483a18f00a00b14b93438e8ad21f485b382f,APE,-0.0112107560185301
0xa16a483a18f00a00b14b93438e8ad21f485b382f,APT,-0.0112107560185301
0xa16a483a18f00a00b14b93438e8ad21f485b382f,ATOM,-0.0112107560185301
0xa16a483a18f00a00b14b93438e8ad21f485b382f,AVAX,-0.0112107560185301
0xa16a483a18f00a00b14b93438e8ad21f485b382f,AXS,-0.0112107560185301
0xa16a483a18f00a00b14b93438e8ad21f485b382f,BAL,-0.0112107560185301
0xa16a483a18f00a00b14b93438e8ad21f485b382f,BCH,-0.0112107560185301
0xa16a483a18f00a00b14b93438e8ad21f485b382f,BLUR,-0.0112107560185301
0xa16a483a18f00a00b14b93438e8ad21f485b382f,BNB,-0.0112343381149017
0xa16a483a18f00a00b14b93438e8ad21f485b382f,BONK,-0.0112107560185301
0xa16a483a18f00a00b14b93438e8ad21f485b382f,BTC,-0.0110176542991564
0xa16a483a18f00a00b14b93438e8ad21f485b382f,C98,-0.0112107560185301
0xa16a483a18f00a00b14b93438e8ad21f485b382f,CAKE,-0.0112107560185301
0xa16a483a18f00a00b14b93438e8ad21f485b382f,COMP,-0.0110403459592771
0xa16a483a18f00a00b14b93438e8ad21f485b382f,CRV,-0.0112107560185301
0xa16a483a18f00a00b14b93438e8ad21f485b382f,CVX,-0.0112107560185301
0xa16a483a18f00a00b14b93438e8ad21f485b382f,DAI,-0.0112107560185301
0xa16a483a18f00a00b14b93438e8ad21f485b382f,DAO,-0.0112107560185301
0xa16a483a18f00a00b14b93438e8ad21f485b382f,DOGE,-0.0112107560185301
0xa16a483a18f00a00b14b93438e8ad21f485b382f,DOT,-0.0112107560185301
0xa16a483a18f00a00b14b93438e8ad21f485b382f,DYDX,-0.0112107560185301
0xa16a483a18f00a00b14b93438e8ad21f485b382f,EOS,-0.0112107560185301
0xa16a483a18f00a00b14b93438e8ad21f485b382f,ETC,-0.0111329678166645
0xa16a483a18f00a00b14b93438e8ad21f485b382f,ETH,-0.0111329678166645
0xa16a483a18f00a00b14b93438e8ad21f485b382f,FET,-0.0112107560185301
0xa16a483a18f00a00b14b93438e8ad21f485b382f,FIL,-0.0112107560185301
0xa16a483a18f00a00b14b93438e8ad21f485b382f,FRAX,-0.0126746404205339
0xa16a483a18f00a00b14b93438e8ad21f485b382f,FTM,-0.0111482106328615
0xa16a483a18f00a00b14b93438e8ad21f485b382f,FXS,-0.0112107560185301
0xa16a483a18f00a00b14b93438e8ad21f485b382f,GRT,-0.0112107560185301
0xa16a483a18f00a00b14b93438e8ad21f485b382f,HAI,-0.0112107560185301
0xa16a483a18f00a00b14b93438e8ad21f485b382f,HERO,-0.0112107560185301
0xa16a483a18f00a00b14b93438e8ad21f485b382f,ICP,-0.0112107560185301
0xa16a483a18f00a00b14b93438e8ad21f485b382f,IMX,-0.0120133961394156
0xa16a483a18f00a00b14b93438e8ad21f485b382f,INJ,-0.0112107560185301
0xa16a483a18f00a00b14b93438e8ad21f485b382f,LDO,-0.0112107560185301
0xa16a483a18f00a00b14b93438e8ad21f485b382f,LINK,-0.0112107560185301
0xa16a483a18f00a00b14b93438e8ad21f485b382f,LTC,-0.0115894218512107
0xa16a483a18f00a00b14b93438e8ad21f485b382f,MATIC,-0.0112107560185301
0xa16a483a18f00a00b14b93438e8ad21f485b382f,MAV,-0.0112107560185301
0xa16a483a18f00a00b14b93438e8ad21f485b382f,MBOX,-0.0112107560185301
0xa16a483a18f00a00b14b93438e8ad21f485b382f,MKR,-0.0112107560185301
0xa16a483a18f00a00b14b93438e8ad21f485b382f,MOON,-0.0112107560185301
0xa16a483a18f00a00b14b93438e8ad21f485b382f,NEAR,-0.0112107560185301
0xa16a483a18f00a00b14b93438e8ad21f485b382f,OP,-0.0112107560185301
0xa16a483a18f00a00b14b93438e8ad21f485b382f,PENDLE,-0.0112107560185301
0xa16a483a18f00a00b14b93438e8ad21f485b382f,PEPE,-0.0112107560185301
0xa16a483a18f00a00b14b93438e8ad21f485b382f,PERP,-0.0112107560185301
0xa16a483a18f00a00b14b93438e8ad21f485b382f,PIT,-0.0112107560185301
0xa16a483a18f00a00b14b93438e8ad21f485b382f,POLS,-0.0112107560185301
0xa16a483a18f00a00b14b93438e8ad21f485b382f,PYTH,-0.0112107560185301
0xa16a483a18f00a00b14b93438e8ad21f485b382f,QUACK,-0.0112107560185301
0xa16a483a18f00a00b14b93438e8ad21f485b382f,RDNT,-0.0112107560185301
0xa16a483a18f00a00b14b93438e8ad21f485b382f,RNDR,-0.0112107560185301
0xa16a483a18f00a00b14b93438e8ad21f485b382f,RPL,-0.0112107560185301
0xa16a483a18f00a00b14b93438e8ad21f485b382f,RUNE,-0.0112107560185301
0xa16a483a18f00a00b14b93438e8ad21f485b382f,SFP,-0.0112107560185301
0xa16a483a18f00a00b14b93438e8ad21f485b382f,SFUND,-0.0112107560185301
0xa16a483a18f00a00b14b93438e8ad21f485b382f,SHIB,-0.0112107560185301
0xa16a483a18f00a00b14b93438e8ad21f485b382f,SOL,-0.0110477312759813
0xa16a483a18f00a00b14b93438e8ad21f485b382f,STG,-0.0120165776343496
0xa16a483a18f00a00b14b93438e8ad21f485b382f,SUI,-0.0112107560185301
0xa16a483a18f00a00b14b93438e8ad21f485b382f,SUSHI,-0.0112107560185301
0xa16a483a18f00a00b14b93438e8ad21f485b382f,TIA,-0.0112107560185301
0xa16a483a18f00a00b14b93438e8ad21f485b382f,TOKEN,-0.0112107560185301
0xa16a483a18f00a00b14b93438e8ad21f485b382f,TRX,-0.0112107560185301
0xa16a483a18f00a00b14b93438e8ad21f485b382f,UNI,-0.0112107560185301
0xa16a483a18f00a00b14b93438e8ad21f485b382f,USDT,-0.0117002377145758
0xa16a483a18f00a00b14b93438e8ad21f485b382f,XLM,-0.0112107560185301
0xa16a483a18f00a00b14b93438e8ad21f485b382f,XMR,-0.0111482106328615
0xa16a483a18f00a00b14b93438e8ad21f485b382f,XRP,-0.0112107560185301
0xa16a483a18f00a00b14b93438e8ad21f485b382f,XTZ,-0.0112107560185301
0xa16a483a18f00a00b14b93438e8ad21f485b382f,XVS,-0.0112107560185301
0xa16a483a18f00a00b14b93438e8ad21f485b382f,YFI,-0.0112107560185301
0xa26dcd02deb5cb5c0e8600c16920432764be53ca,AAVE,0.0127891398008875
0xa26dcd02deb5cb5c0e8600c16920432764be53ca,ADA,-0.0862225567564025
0xa26dcd02deb5cb5c0e8600c16920432764be53ca,ALGO,0.1510131059426548
0xa26dcd02deb5cb5c0e8600c16920432764be53ca,APE,0.05002594637073
0xa26dcd02deb5cb5c0e8600c16920432764be53ca,APT,-0.1615154566937171
0xa26dcd02deb5cb5c0e8600c16920432764be53ca,ATOM,-0.0033384730546838
0xa26dcd02deb5cb5c0e8600c16920432764be53ca,AVAX,0.012748010157415
0xa26dcd02deb5cb5c0e8600c16920432764be53ca,AXS,-0.0483914086386707
0xa26dcd02deb5cb5c0e8600c16920432764be53ca,BAL,0.0289368095653502
0xa26dcd02deb5cb5c0e8600c16920432764be53ca,BCH,-0.1344621614583765
0xa26dcd02deb5cb5c0e8600c16920432764be53ca,BLUR,0.0348613467491887
0xa26dcd02deb5cb5c0e8600c16920432764be53ca,BNB,0.0191974975737164
0xa26dcd02deb5cb5c0e8600c16920432764be53ca,BONK,0.2608027053892605
0xa26dcd02deb5cb5c0e8600c16920432764be53ca,BTC,0.1206198810712872
0xa26dcd02deb5cb5c0e8600c16920432764be53ca,C98,-0.1724951863133006
0xa26dcd02deb5cb5c0e8600c16920432764be53ca,CAKE,0.0186099068983225
0xa26dcd02deb5cb5c0e8600c16920432764be53ca,COMP,0.1059594735028272
0xa26dcd02deb5cb5c0e8600c16920432764be53ca,CRV,0.0589244346602144
0xa26dcd02deb5cb5c0e8600c16920432764be53ca,CVX,0.0219717289148083
0xa26dcd02deb5cb5c0e8600c16920432764be53ca,DAI,0.0446078764801415
0xa26dcd02deb5cb5c0e8600c16920432764be53ca,DAO,-0.0065375687726679
0xa26dcd02deb5cb5c0e8600c16920432764be53ca,DOGE,-0.1159165287064372
0xa26dcd02deb5cb5c0e8600c16920432764be53ca,DOT,0.0296854922344667
0xa26dcd02deb5cb5c0e8600c16920432764be53ca,DYDX,0.1313772763210672
0xa26dcd02deb5cb5c0e8600c16920432764be53ca,EOS,0.0781873916799845
0xa26dcd02deb5cb5c0e8600c16920432764be53ca,ETC,-0.036000674013637
0xa26dcd02deb5cb5c0e8600c16920432764be53ca,ETH,0.0820997084501756
0xa26dcd02deb5cb5c0e8600c16920432764be53ca,FET,0.0119412408241008
0xa26dcd02deb5cb5c0e8600c16920432764be53ca,FIL,-0.0475085375394531
0xa26dcd02deb5cb5c0e8600c16920432764be53ca,FRAX,0.0138485163155048
0xa26dcd02deb5cb5c0e8600c16920432764be53ca,FTM,0.0872112279949424
0xa26dcd02deb5cb5c0e8600c16920432764be53ca,FXS,0.0213381887342534
0xa26dcd02deb5cb5c0e8600c16920432764be53ca,GRT,0.0045355359880806
0xa26dcd02deb5cb5c0e8600c16920432764be53ca,HAI,-0.0931444650954817
0xa26dcd02deb5cb5c0e8600c16920432764be53ca,HERO,0.0925074254015775
0xa26dcd02deb5cb5c0e8600c16920432764be53ca,ICP,-0.019007570033087
0xa26dcd02deb5cb5c0e8600c16920432764be53ca,IMX,0.016460135036342
0xa26dcd02deb5cb5c0e8600c16920432764be53ca,INJ,0.0063955220925802
0xa26dcd02deb5cb5c0e8600c16920432764be53ca,LDO,0.0776426455351589
0xa26dcd02deb5cb5c0e8600c16920432764be53ca,LINK,-0.0667650960793046
0xa26dcd02deb5cb5c0e8600c16920432764be53ca,LTC,-0.2839653017728408
0xa26dcd02deb5cb5c0e8600c16920432764be53ca,MATIC,0.0131520531115892
0xa26dcd02deb5cb5c0e8600c16920432764be53ca,MAV,-0.0657395995893777
0xa26dcd02deb5cb5c0e8600c16920432764be53ca,MBOX,0.0576794062715189
0xa26dcd02deb5cb5c0e8600c16920432764be53ca,MKR,0.1380597800410576
0xa26dcd02deb5cb5c0e8600c16920432764be53ca,MOON,0.2210009032390745
0xa26dcd02deb5cb5c0e8600c16920432764be53ca,NEAR,-0.1160301190701112
0xa26dcd02deb5cb5c0e8600c16920432764be53ca,OP,-0.0704426568934633
0xa26dcd02deb5cb5c0e8600c16920432764be53ca,PENDLE,-0.0293559252860049
0xa26dcd02deb5cb5c0e8600c16920432764be53ca,PEPE,0.0006462899649153
0xa26dcd02deb5cb5c0e8600c16920432764be53ca,PERP,0.0525018187569798
0xa26dcd02deb5cb5c0e8600c16920432764be53ca,PIT,0.0222964872617242
0xa26dcd02deb5cb5c0e8600c16920432764be53ca,POLS,0.0689105685725715
0xa26dcd02deb5cb5c0e8600c16920432764be53ca,PYTH,-0.0097660917898
0xa26dcd02deb5cb5c0e8600c16920432764be53ca,QUACK,-0.010665072855221
0xa26dcd02deb5cb5c0e8600c16920432764be53ca,RDNT,0.0647295409923283
0xa26dcd02deb5cb5c0e8600c16920432764be53ca,RNDR,0.1343185823005983
0xa26dcd02deb5cb5c0e8600c16920432764be53ca,RPL,-0.0620610142683812
0xa26dcd02deb5cb5c0e8600c16920432764be53ca,RUNE,-0.0244537385784084
0xa26dcd02deb5cb5c0e8600c16920432764be53ca,SFP,0.0643788248700316
0xa26dcd02deb5cb5c0e8600c16920432764be53ca,SFUND,0.0020825169036552
0xa26dcd02deb5cb5c0e8600c16920432764be53ca,SHIB,-0.0455732625521043
0xa26dcd02deb5cb5c0e8600c16920432764be53ca,SOL,-0.1972474437188968
0xa26dcd02deb5cb5c0e8600c16920432764be53ca,STG,-0.0258124274711626
0xa26dcd02deb5cb5c0e8600c16920432764be53ca,SUI,0.001580127973062
0xa26dcd02deb5cb5c0e8600c16920432764be53ca,SUSHI,0.0367119381927538
0xa26dcd02deb5cb5c0e8600c16920432764be53ca,TIA,0.0198498230727212
0xa26dcd02deb5cb5c0e8600c16920432764be53ca,TOKEN,-0.0486042183790207
0xa26dcd02deb5cb5c0e8600c16920432764be53ca,TRX,-0.1194207994803784
0xa26dcd02deb5cb5c0e8600c16920432764be53ca,UNI,-0.1585201400599588
0xa26dcd02deb5cb5c0e8600c16920432764be53ca,USDT,0.198036379663965
0xa26dcd02deb5cb5c0e8600c16920432764be53ca,XLM,-0.0093452920060025
0xa26dcd02deb5cb5c0e8600c16920432764be53ca,XMR,0.1002303019287541
0xa26dcd02deb5cb5c0e8600c16920432764be53ca,XRP,0.1951811292157735
0xa26dcd02deb5cb5c0e8600c16920432764be53ca,XTZ,0.0210592237029008
0xa26dcd02deb5cb5c0e8600c16920432764be53ca,XVS,-0.0113296396882403
0xa26dcd02deb5cb5c0e8600c16920432764be53ca,YFI,0.0590480668993421
0xad3ab30bf7e7423fa8266c7300f2dcd07377dc7e,AAVE,0.001734908247742
0xad3ab30bf7e7423fa8266c7300f2dcd07377dc7e,ADA,-0.0038101597245058
0xad3ab30bf7e7423fa8266c7300f2dcd07377dc7e,ALGO,0.0022442170489282
0xad3ab30bf7e7423fa8266c7300f2dcd07377dc7e,APE,-0.00179177188843
0xad3ab30bf7e7423fa8266c7300f2dcd07377dc7e,APT,0.0009533780614255
0xad3ab30bf7e7423fa8266c7300f2dcd07377dc7e,ATOM,-0.0011039557902466
0xad3ab30bf7e7423fa8266c7300f2dcd07377dc7e,AVAX,-0.0032278589941936
0xad3ab30bf7e7423fa8266c7300f2dcd07377dc7e,AXS,0.0001799385382919
0xad3ab30bf7e7423fa8266c7300f2dcd07377dc7e,BAL,-0.0002420019900688
0xad3ab30bf7e7423fa8266c7300f2dcd07377dc7e,BCH,-0.0033536343739147
0xad3ab30bf7e7423fa8266c7300f2dcd07377dc7e,BLUR,0.0009709655723561
0xad3ab30bf7e7423fa8266c7300f2dcd07377dc7e,BNB,-0.0053357154613544
0xad3ab30bf7e7423fa8266c7300f2dcd07377dc7e,BONK,0.0021809423700338
0xad3ab30bf7e7423fa8266c7300f2dcd07377dc7e,BTC,-0.0037934909181005
0xad3ab30bf7e7423fa8266c7300f2dcd07377dc7e,C98,-0.0009788950929461
0xad3ab30bf7e7423fa8266c7300f2dcd07377dc7e,CAKE,-0.0025200769851108
0xad3ab30bf7e7423fa8266c7300f2dcd07377dc7e,COMP,-0.0047408321753879
0xad3ab30bf7e7423fa8266c7300f2dcd07377dc7e,CRV,0.0020328539889892
0xad3ab30bf7e7423fa8266c7300f2dcd07377dc7e,CVX,0.0001799385382919
0xad3ab30bf7e7423fa8266c7300f2dcd07377dc7e,DAI,-0.0017300658330999
0xad3ab30bf7e7423fa8266c7300f2dcd07377dc7e,DAO,-0.0006926705893447
0xad3ab30bf7e7423fa8266c7300f2dcd07377dc7e,DOGE,-0.0006222599918555
0xad3ab30bf7e7423fa8266c7300f2dcd07377dc7e,DOT,-0.0017404275012418
0xad3ab30bf7e7423fa8266c7300f2dcd07377dc7e,DYDX,-0.002158438396561
0xad3ab30bf7e7423fa8266c7300f2dcd07377dc7e,EOS,-0.0036448836312313
0xad3ab30bf7e7423fa8266c7300f2dcd07377dc7e,ETC,-0.0014584019010546
0xad3ab30bf7e7423fa8266c7300f2dcd07377dc7e,ETH,-0.0048634405463535
0xad3ab30bf7e7423fa8266c7300f2dcd07377dc7e,FET,-0.0012076579660752
0xad3ab30bf7e7423fa8266c7300f2dcd07377dc7e,FIL,-0.000532358901103
0xad3ab30bf7e7423fa8266c7300f2dcd07377dc7e,FRAX,-0.0117178081239794
0xad3ab30bf7e7423fa8266c7300f2dcd07377dc7e,FTM,-0.0047234368547464
0xad3ab30bf7e7423fa8266c7300f2dcd07377dc7e,FXS,0.0012267651475298
0xad3ab30bf7e7423fa8266c7300f2dcd07377dc7e,GRT,0.0012038162195724
0xad3ab30bf7e7423fa8266c7300f2dcd07377dc7e,HAI,-0.0008448989112815
0xad3ab30bf7e7423fa8266c7300f2dcd07377dc7e,HERO,-0.0009788950929461
0xad3ab30bf7e7423fa8266c7300f2dcd07377dc7e,ICP,-0.0031869703908532
0xad3ab30bf7e7423fa8266c7300f2dcd07377dc7e,IMX,-0.0079444085341587
0xad3ab30bf7e7423fa8266c7300f2dcd07377dc7e,INJ,0.0014243808547478
0xad3ab30bf7e7423fa8266c7300f2dcd07377dc7e,LDO,-0.0002528550108163
0xad3ab30bf7e7423fa8266c7300f2dcd07377dc7e,LINK,-0.0011482549672624
0xad3ab30bf7e7423fa8266c7300f2dcd07377dc7e,LTC,0.0013688258955483
0xad3ab30bf7e7423fa8266c7300f2dcd07377dc7e,MATIC,0.0006925041853808
0xad3ab30bf7e7423fa8266c7300f2dcd07377dc7e,MAV,-0.0002698450400652
0xad3ab30bf7e7423fa8266c7300f2dcd07377dc7e,MBOX,0.0001799385382919
0xad3ab30bf7e7423fa8266c7300f2dcd07377dc7e,MKR,-0.0043324355979066
0xad3ab30bf7e7423fa8266c7300f2dcd07377dc7e,MOON,-0.0005346250489163
0xad3ab30bf7e7423fa8266c7300f2dcd07377dc7e,NEAR,-0.0024564233893715
0xad3ab30bf7e7423fa8266c7300f2dcd07377dc7e,OP,-0.0008560216318753
0xad3ab30bf7e7423fa8266c7300f2dcd07377dc7e,PENDLE,-0.0026140988923994
0xad3ab30bf7e7423fa8266c7300f2dcd07377dc7e,PEPE,0.0008974809856508
0xad3ab30bf7e7423fa8266c7300f2dcd07377dc7e,PERP,-0.005164334542393
0xad3ab30bf7e7423fa8266c7300f2dcd07377dc7e,PIT,-0.0021834807494992
0xad3ab30bf7e7423fa8266c7300f2dcd07377dc7e,POLS,0.0001799385382919
0xad3ab30bf7e7423fa8266c7300f2dcd07377dc7e,PYTH,0.0010507989427024
0xad3ab30bf7e7423fa8266c7300f2dcd07377dc7e,QUACK,-0.0016979711159532
0xad3ab30bf7e7423fa8266c7300f2dcd07377dc7e,RDNT,0.0001799385382919
0xad3ab30bf7e7423fa8266c7300f2dcd07377dc7e,RNDR,-0.0040806969080891
0xad3ab30bf7e7423fa8266c7300f2dcd07377dc7e,RPL,0.0001799385382919
0xad3ab30bf7e7423fa8266c7300f2dcd07377dc7e,RUNE,0.0001799385382919
0xad3ab30bf7e7423fa8266c7300f2dcd07377dc7e,SFP,-0.0021309232501562
0xad3ab30bf7e7423fa8266c7300f2dcd07377dc7e,SFUND,-0.0002528550108163
0xad3ab30bf7e7423fa8266c7300f2dcd07377dc7e,SHIB,-0.0004027466305404
0xad3ab30bf7e7423fa8266c7300f2dcd07377dc7e,SOL,-0.0025375103029886
0xad3ab30bf7e7423fa8266c7300f2dcd07377dc7e,STG,-0.0082407253815304
0xad3ab30bf7e7423fa8266c7300f2dcd07377dc7e,SUI,-0.0013507164964197
0xad3ab30bf7e7423fa8266c7300f2dcd07377dc7e,SUSHI,0.0001799385382919
0xad3ab30bf7e7423fa8266c7300f2dcd07377dc7e,TIA,0.0009709655723561
0xad3ab30bf7e7423fa8266c7300f2dcd07377dc7e,TOKEN,-0.0005048037675737
0xad3ab30bf7e7423fa8266c7300f2dcd07377dc7e,TRX,0.0009115371916604
0xad3ab30bf7e7423fa8266c7300f2dcd07377dc7e,UNI,-0.0012749686821287
0xad3ab30bf7e7423fa8266c7300f2dcd07377dc7e,USDT,-0.0037919214481896
0xad3ab30bf7e7423fa8266c7300f2dcd07377dc7e,XLM,-0.0035441567115083
0xad3ab30bf7e7423fa8266c7300f2dcd07377dc7e,XMR,-0.0023792447385413
0xad3ab30bf7e7423fa8266c7300f2dcd07377dc7e,XRP,-0.000294335396145
0xad3ab30bf7e7423fa8266c7300f2dcd07377dc7e,XTZ,-0.0003002326379875
0xad3ab30bf7e7423fa8266c7300f2dcd07377dc7e,XVS,-0.0005048037675737
0xad3ab30bf7e7423fa8266c7300f2dcd07377dc7e,YFI,-0.0033552132414009
0xb294a5316e76e84649a3b8ff0ff6ef9788595bed,AAVE,0.005632639
0xb294a5316e76e84649a3b8ff0ff6ef9788595bed,ADA,0.008588791
0xb294a5316e76e84649a3b8ff0ff6ef9788595bed,ALGO,-0.00015336275
0xb294a5316e76e84649a3b8ff0ff6ef9788595bed,APE,-0.002376318
0xb294a5316e76e84649a3b8ff0ff6ef9788595bed,APT,0.0028378963
0xb294a5316e76e84649a3b8ff0ff6ef9788595bed,ATOM,0.008906364
0xb294a5316e76e84649a3b8ff0ff6ef9788595bed,AVAX,0.00029551983
0xb294a5316e76e84649a3b8ff0ff6ef9788595bed,AXS,0.0021004677
0xb294a5316e76e84649a3b8ff0ff6ef9788595bed,BAL,0.00060248375
0xb294a5316e76e84649a3b8ff0ff6ef9788595bed,BCH,0.0050936937
0xb294a5316e76e84649a3b8ff0ff6ef9788595bed,BLUR,0.0036207438
0xb294a5316e76e84649a3b8ff0ff6ef9788595bed,BNB,0.0029437542
0xb294a5316e76e84649a3b8ff0ff6ef9788595bed,BONK,-0.0046798587
0xb294a5316e76e84649a3b8ff0ff6ef9788595bed,BTC,0.003273487
0xb294a5316e76e84649a3b8ff0ff6ef9788595bed,C98,-0.0022495985
0xb294a5316e76e84649a3b8ff0ff6ef9788595bed,CAKE,-0.00070279837
0xb294a5316e76e84649a3b8ff0ff6ef9788595bed,COMP,0.0000047683716
0xb294a5316e76e84649a3b8ff0ff6ef9788595bed,CRV,0.0076527596
0xb294a5316e76e84649a3b8ff0ff6ef9788595bed,CVX,0.00008368492
0xb294a5316e76e84649a3b8ff0ff6ef9788595bed,DAI,0.016927123
0xb294a5316e76e84649a3b8ff0ff6ef9788595bed,DAO,-0.006722808
0xb294a5316e76e84649a3b8ff0ff6ef9788595bed,DOGE,0.004240036
0xb294a5316e76e84649a3b8ff0ff6ef9788595bed,DOT,0.012895703
0xb294a5316e76e84649a3b8ff0ff6ef9788595bed,DYDX,-0.00017076731
0xb294a5316e76e84649a3b8ff0ff6ef9788595bed,EOS,0.010632277
0xb294a5316e76e84649a3b8ff0ff6ef9788595bed,ETC,0.0075603724
0xb294a5316e76e84649a3b8ff0ff6ef9788595bed,ETH,0.00019562244
0xb294a5316e76e84649a3b8ff0ff6ef9788595bed,FET,0.010490298
0xb294a5316e76e84649a3b8ff0ff6ef9788595bed,FIL,-0.002305746
0xb294a5316e76e84649a3b8ff0ff6ef9788595bed,FRAX,0.010672808
0xb294a5316e76e84649a3b8ff0ff6ef9788595bed,FTM,0.0039737225
0xb294a5316e76e84649a3b8ff0ff6ef9788595bed,FXS,0.009101152
0xb294a5316e76e84649a3b8ff0ff6ef9788595bed,GRT,0.007729888
0xb294a5316e76e84649a3b8ff0ff6ef9788595bed,HAI,0.0002040863
0xb294a5316e76e84649a3b8ff0ff6ef9788595bed,HERO,0.00012433529
0xb294a5316e76e84649a3b8ff0ff6ef9788595bed,ICP,0.00038027763
0xb294a5316e76e84649a3b8ff0ff6ef9788595bed,IMX,-0.000115573406
0xb294a5316e76e84649a3b8ff0ff6ef9788595bed,INJ,-0.0010403395
0xb294a5316e76e84649a3b8ff0ff6ef9788595bed,LDO,0.0000039339066
0xb294a5316e76e84649a3b8ff0ff6ef9788595bed,LINK,-0.0018945336
0xb294a5316e76e84649a3b8ff0ff6ef9788595bed,LTC,0.0014960766
0xb294a5316e76e84649a3b8ff0ff6ef9788595bed,MATIC,0.014349341
0xb294a5316e76e84649a3b8ff0ff6ef9788595bed,MAV,-0.000033438206
0xb294a5316e76e84649a3b8ff0ff6ef9788595bed,MBOX,-0.0028867722
0xb294a5316e76e84649a3b8ff0ff6ef9788595bed,MKR,-0.00013196468
0xb294a5316e76e84649a3b8ff0ff6ef9788595bed,MOON,0.000019550323
0xb294a5316e76e84649a3b8ff0ff6ef9788595bed,NEAR,-0.0007933974
0xb294a5316e76e84649a3b8ff0ff6ef9788595bed,OP,0.002965331
0xb294a5316e76e84649a3b8ff0ff6ef9788595bed,PENDLE,0.009459853
0xb294a5316e76e84649a3b8ff0ff6ef9788595bed,PEPE,-0.00018465519
0xb294a5316e76e84649a3b8ff0ff6ef9788595bed,PERP,0.000010371208
0xb294a5316e76e84649a3b8ff0ff6ef9788595bed,PIT,0.0009133816
0xb294a5316e76e84649a3b8ff0ff6ef9788595bed,POLS,-0.0013886094
0xb294a5316e76e84649a3b8ff0ff6ef9788595bed,PYTH,0.0096952915
0xb294a5316e76e84649a3b8ff0ff6ef9788595bed,QUACK,0.00034952164
0xb294a5316e76e84649a3b8ff0ff6ef9788595bed,RDNT,-0.00011956692
0xb294a5316e76e84649a3b8ff0ff6ef9788595bed,RNDR,-0.0015252233
0xb294a5316e76e84649a3b8ff0ff6ef9788595bed,RPL,-0.00010985136
0xb294a5316e76e84649a3b8ff0ff6ef9788595bed,RUNE,-0.010040283
0xb294a5316e76e84649a3b8ff0ff6ef9788595bed,SFP,0.0036381483
0xb294a5316e76e84649a3b8ff0ff6ef9788595bed,SFUND,-0.001839459
0xb294a5316e76e84649a3b8ff0ff6ef9788595bed,SHIB,-0.0056067705
0xb294a5316e76e84649a3b8ff0ff6ef9788595bed,SOL,0.0037064552
0xb294a5316e76e84649a3b8ff0ff6ef9788595bed,STG,0.00020289421
0xb294a5316e76e84649a3b8ff0ff6ef9788595bed,SUI,0.00037550926
0xb294a5316e76e84649a3b8ff0ff6ef9788595bed,SUSHI,0.0004988909
0xb294a5316e76e84649a3b8ff0ff6ef9788595bed,TIA,0.0038204193
0xb294a5316e76e84649a3b8ff0ff6ef9788595bed,TOKEN,0.000016331673
0xb294a5316e76e84649a3b8ff0ff6ef9788595bed,TRX,0.011377931
0xb294a5316e76e84649a3b8ff0ff6ef9788595bed,UNI,0.0016695261
0xb294a5316e76e84649a3b8ff0ff6ef9788595bed,USDT,0.0
0xb294a5316e76e84649a3b8ff0ff6ef9788595bed,XLM,0.00015461445
0xb294a5316e76e84649a3b8ff0ff6ef9788595bed,XMR,0.012677193
0xb294a5316e76e84649a3b8ff0ff6ef9788595bed,XRP,0.001488328
0xb294a5316e76e84649a3b8ff0ff6ef9788595bed,XTZ,0.005314946
0xb294a5316e76e84649a3b8ff0ff6ef9788595bed,XVS,-0.00030988455
0xb294a5316e76e84649a3b8ff0ff6ef9788595bed,YFI,-0.00012218952
0xb7ece21c962697a3194c0b6e4b81db54433055ab,AAVE,-0.0104974418581389
0xb7ece21c962697a3194c0b6e4b81db54433055ab,ADA,-0.0104974418581389
0xb7ece21c962697a3194c0b6e4b81db54433055ab,ALGO,-0.0104974418581389
0xb7ece21c962697a3194c0b6e4b81db54433055ab,APE,-0.0104974418581389
0xb7ece21c962697a3194c0b6e4b81db54433055ab,APT,-0.0104974418581389
0xb7ece21c962697a3194c0b6e4b81db54433055ab,ATOM,-0.0104974418581389
0xb7ece21c962697a3194c0b6e4b81db54433055ab,AVAX,-0.0184147180295008
0xb7ece21c962697a3194c0b6e4b81db54433055ab,AXS,-0.0104974418581389
0xb7ece21c962697a3194c0b6e4b81db54433055ab,BAL,-0.0104974418581389
0xb7ece21c962697a3194c0b6e4b81db54433055ab,BCH,-0.0104974418581389
0xb7ece21c962697a3194c0b6e4b81db54433055ab,BLUR,-0.0104974418581389
0xb7ece21c962697a3194c0b6e4b81db54433055ab,BNB,-0.0140734776994308
0xb7ece21c962697a3194c0b6e4b81db54433055ab,BONK,-0.0104974418581389
0xb7ece21c962697a3194c0b6e4b81db54433055ab,BTC,-0.011835589103309
0xb7ece21c962697a3194c0b6e4b81db54433055ab,C98,-0.0104974418581389
0xb7ece21c962697a3194c0b6e4b81db54433055ab,CAKE,-0.0184147180295008
0xb7ece21c962697a3194c0b6e4b81db54433055ab,COMP,-0.0140145867060427
0xb7ece21c962697a3194c0b6e4b81db54433055ab,CRV,-0.0104974418581389
0xb7ece21c962697a3194c0b6e4b81db54433055ab,CVX,-0.0104974418581389
0xb7ece21c962697a3194c0b6e4b81db54433055ab,DAI,-0.0104974418581389
0xb7ece21c962697a3194c0b6e4b81db54433055ab,DAO,-0.0104974418581389
0xb7ece21c962697a3194c0b6e4b81db54433055ab,DOGE,-0.0184147180295008
0xb7ece21c962697a3194c0b6e4b81db54433055ab,DOT,-0.0104974418581389
0xb7ece21c962697a3194c0b6e4b81db54433055ab,DYDX,-0.0104974418581389
0xb7ece21c962697a3194c0b6e4b81db54433055ab,EOS,-0.0104974418581389
0xb7ece21c962697a3194c0b6e4b81db54433055ab,ETC,-0.0166350653283155
0xb7ece21c962697a3194c0b6e4b81db54433055ab,ETH,-0.0106541035663014
0xb7ece21c962697a3194c0b6e4b81db54433055ab,FET,-0.0104974418581389
0xb7ece21c962697a3194c0b6e4b81db54433055ab,FIL,-0.0104974418581389
0xb7ece21c962697a3194c0b6e4b81db54433055ab,FRAX,-0.0112385160514735
0xb7ece21c962697a3194c0b6e4b81db54433055ab,FTM,-0.0096924359226485
0xb7ece21c962697a3194c0b6e4b81db54433055ab,FXS,-0.0104974418581389
0xb7ece21c962697a3194c0b6e4b81db54433055ab,GRT,-0.0104974418581389
0xb7ece21c962697a3194c0b6e4b81db54433055ab,HAI,-0.0104974418581389
0xb7ece21c962697a3194c0b6e4b81db54433055ab,HERO,-0.0104974418581389
0xb7ece21c962697a3194c0b6e4b81db54433055ab,ICP,-0.0104974418581389
0xb7ece21c962697a3194c0b6e4b81db54433055ab,IMX,-0.0104974418581389
0xb7ece21c962697a3194c0b6e4b81db54433055ab,INJ,-0.0104974418581389
0xb7ece21c962697a3194c0b6e4b81db54433055ab,LDO,-0.0104974418581389
0xb7ece21c962697a3194c0b6e4b81db54433055ab,LINK,-0.0184147180295008
0xb7ece21c962697a3194c0b6e4b81db54433055ab,LTC,-0.0166350653283155
0xb7ece21c962697a3194c0b6e4b81db54433055ab,MATIC,-0.0104974418581389
0xb7ece21c962697a3194c0b6e4b81db54433055ab,MAV,-0.0104974418581389
0xb7ece21c962697a3194c0b6e4b81db54433055ab,MBOX,-0.0104974418581389
0xb7ece21c962697a3194c0b6e4b81db54433055ab,MKR,-0.0104974418581389
0xb7ece21c962697a3194c0b6e4b81db54433055ab,MOON,-0.0111385597178775
0xb7ece21c962697a3194c0b6e4b81db54433055ab,NEAR,-0.0104974418581389
0xb7ece21c962697a3194c0b6e4b81db54433055ab,OP,-0.0111385597178775
0xb7ece21c962697a3194c0b6e4b81db54433055ab,PENDLE,-0.0104974418581389
0xb7ece21c962697a3194c0b6e4b81db54433055ab,PEPE,-0.0104974418581389
0xb7ece21c962697a3194c0b6e4b81db54433055ab,PERP,-0.0104974418581389
0xb7ece21c962697a3194c0b6e4b81db54433055ab,PIT,-0.0104974418581389
0xb7ece21c962697a3194c0b6e4b81db54433055ab,POLS,-0.0104974418581389
0xb7ece21c962697a3194c0b6e4b81db54433055ab,PYTH,-0.0104974418581389
0xb7ece21c962697a3194c0b6e4b81db54433055ab,QUACK,-0.0104974418581389
0xb7ece21c962697a3194c0b6e4b81db54433055ab,RDNT,-0.0104974418581389
0xb7ece21c962697a3194c0b6e4b81db54433055ab,RNDR,-0.0104974418581389
0xb7ece21c962697a3194c0b6e4b81db54433055ab,RPL,-0.0104974418581389
0xb7ece21c962697a3194c0b6e4b81db54433055ab,RUNE,-0.0104974418581389
0xb7ece21c962697a3194c0b6e4b81db54433055ab,SFP,-0.0104974418581389
0xb7ece21c962697a3194c0b6e4b81db54433055ab,SFUND,-0.0104974418581389
0xb7ece21c962697a3194c0b6e4b81db54433055ab,SHIB,-0.0104974418581389
0xb7ece21c962697a3194c0b6e4b81db54433055ab,SOL,-0.0096924359226485
0xb7ece21c962697a3194c0b6e4b81db54433055ab,STG,-0.0104974418581389
0xb7ece21c962697a3194c0b6e4b81db54433055ab,SUI,-0.0104974418581389
0xb7ece21c962697a3194c0b6e4b81db54433055ab,SUSHI,-0.0104974418581389
0xb7ece21c962697a3194c0b6e4b81db54433055ab,TIA,-0.0104974418581389
0xb7ece21c962697a3194c0b6e4b81db54433055ab,TOKEN,-0.0104974418581389
0xb7ece21c962697a3194c0b6e4b81db54433055ab,TRX,-0.0104974418581389
0xb7ece21c962697a3194c0b6e4b81db54433055ab,UNI,-0.0184147180295008
0xb7ece21c962697a3194c0b6e4b81db54433055ab,USDT,-0.0111385597178775
0xb7ece21c962697a3194c0b6e4b81db54433055ab,XLM,-0.0104974418581389
0xb7ece21c962697a3194c0b6e4b81db54433055ab,XMR,-0.0096924359226485
0xb7ece21c962697a3194c0b6e4b81db54433055ab,XRP,-0.0104974418581389
0xb7ece21c962697a3194c0b6e4b81db54433055ab,XTZ,-0.0104974418581389
0xb7ece21c962697a3194c0b6e4b81db54433055ab,XVS,-0.0104974418581389
0xb7ece21c962697a3194c0b6e4b81db54433055ab,YFI,-0.0104974418581389
0xcbe37e37bb9ac19e87e6e495303fab60c3111529,AAVE,-0.0047916025627625
0xcbe37e37bb9ac19e87e6e495303fab60c3111529,ADA,-0.0156627177645827
0xcbe37e37bb9ac19e87e6e495303fab60c3111529,ALGO,0.0005392621666199
0xcbe37e37bb9ac19e87e6e495303fab60c3111529,APE,-0.0079726846122721
0xcbe37e37bb9ac19e87e6e495303fab60c3111529,APT,0.0187934705035052
0xcbe37e37bb9ac19e87e6e495303fab60c3111529,ATOM,-0.0135892323458949
0xcbe37e37bb9ac19e87e6e495303fab60c3111529,AVAX,-0.0050634565842237
0xcbe37e37bb9ac19e87e6e495303fab60c3111529,AXS,-0.0077974742105268
0xcbe37e37bb9ac19e87e6e495303fab60c3111529,BAL,-0.0006721071494991
0xcbe37e37bb9ac19e87e6e495303fab60c3111529,BCH,-0.0091044449220442
0xcbe37e37bb9ac19e87e6e495303fab60c3111529,BLUR,-0.0014724222403506
0xcbe37e37bb9ac19e87e6e495303fab60c3111529,BNB,-0.0075564103375919
0xcbe37e37bb9ac19e87e6e495303fab60c3111529,BONK,-0.0099860283024904
0xcbe37e37bb9ac19e87e6e495303fab60c3111529,BTC,0.0127481708902398
0xcbe37e37bb9ac19e87e6e495303fab60c3111529,C98,-0.0140997135282314
0xcbe37e37bb9ac19e87e6e495303fab60c3111529,CAKE,0.0007690078472244
0xcbe37e37bb9ac19e87e6e495303fab60c3111529,COMP,-0.0084011039160122
0xcbe37e37bb9ac19e87e6e495303fab60c3111529,CRV,0.014072623986174
0xcbe37e37bb9ac19e87e6e495303fab60c3111529,CVX,-0.0036510331761198
0xcbe37e37bb9ac19e87e6e495303fab60c3111529,DAI,-0.0054218386252846
0xcbe37e37bb9ac19e87e6e495303fab60c3111529,DAO,-0.0156967372933532
0xcbe37e37bb9ac19e87e6e495303fab60c3111529,DOGE,0.0003139727623821
0xcbe37e37bb9ac19e87e6e495303fab60c3111529,DOT,0.0132118658953974
0xcbe37e37bb9ac19e87e6e495303fab60c3111529,DYDX,-0.0137171068086534
0xcbe37e37bb9ac19e87e6e495303fab60c3111529,EOS,-0.0198415553643794
0xcbe37e37bb9ac19e87e6e495303fab60c3111529,ETC,0.0121161214041636
0xcbe37e37bb9ac19e87e6e495303fab60c3111529,ETH,-0.0261705644003789
0xcbe37e37bb9ac19e87e6e495303fab60c3111529,FET,-0.0147382464536676
0xcbe37e37bb9ac19e87e6e495303fab60c3111529,FIL,-0.0168721144229536
0xcbe37e37bb9ac19e87e6e495303fab60c3111529,FRAX,-0.1842712632557745
0xcbe37e37bb9ac19e87e6e495303fab60c3111529,FTM,-0.0016431040721915
0xcbe37e37bb9ac19e87e6e495303fab60c3111529,FXS,0.0148695310137008
0xcbe37e37bb9ac19e87e6e495303fab60c3111529,GRT,-0.0343651341163985
0xcbe37e37bb9ac19e87e6e495303fab60c3111529,HAI,0.0126630298534542
0xcbe37e37bb9ac19e87e6e495303fab60c3111529,HERO,-0.0140336810740275
0xcbe37e37bb9ac19e87e6e495303fab60c3111529,ICP,-0.0437157654270186
0xcbe37e37bb9ac19e87e6e495303fab60c3111529,IMX,-0.0104451122143067
0xcbe37e37bb9ac19e87e6e495303fab60c3111529,INJ,-0.0106099692999728
0xcbe37e37bb9ac19e87e6e495303fab60c3111529,LDO,-0.0056542614517381
0xcbe37e37bb9ac19e87e6e495303fab60c3111529,LINK,-0.004332880030074
0xcbe37e37bb9ac19e87e6e495303fab60c3111529,LTC,-0.0014925292405335
0xcbe37e37bb9ac19e87e6e495303fab60c3111529,MATIC,-0.0292739586917986
0xcbe37e37bb9ac19e87e6e495303fab60c3111529,MAV,-0.0177796379742277
0xcbe37e37bb9ac19e87e6e495303fab60c3111529,MBOX,-0.0101192187401483
0xcbe37e37bb9ac19e87e6e495303fab60c3111529,MKR,-0.0312377151644938
0xcbe37e37bb9ac19e87e6e495303fab60c3111529,MOON,-0.0078196175765799
0xcbe37e37bb9ac19e87e6e495303fab60c3111529,NEAR,-0.0191692278987484
0xcbe37e37bb9ac19e87e6e495303fab60c3111529,OP,0.0001333066440904
0xcbe37e37bb9ac19e87e6e495303fab60c3111529,PENDLE,-0.0124732227733944
0xcbe37e37bb9ac19e87e6e495303fab60c3111529,PEPE,-0.0220183731262622
0xcbe37e37bb9ac19e87e6e495303fab60c3111529,PERP,-0.0307240086436165
0xcbe37e37bb9ac19e87e6e495303fab60c3111529,PIT,-0.0252060069283884
0xcbe37e37bb9ac19e87e6e495303fab60c3111529,POLS,-0.0098638162168963
0xcbe37e37bb9ac19e87e6e495303fab60c3111529,PYTH,-0.0139408714155471
0xcbe37e37bb9ac19e87e6e495303fab60c3111529,QUACK,-0.0016588057400532
0xcbe37e37bb9ac19e87e6e495303fab60c3111529,RDNT,-0.0053124349778504
0xcbe37e37bb9ac19e87e6e495303fab60c3111529,RNDR,-0.0335615266479515
0xcbe37e37bb9ac19e87e6e495303fab60c3111529,RPL,-0.0036760305628383
0xcbe37e37bb9ac19e87e6e495303fab60c3111529,RUNE,-0.0124320617029445
0xcbe37e37bb9ac19e87e6e495303fab60c3111529,SFP,-0.0131755922410608
0xcbe37e37bb9ac19e87e6e495303fab60c3111529,SFUND,-0.177568462409596
0xcbe37e37bb9ac19e87e6e495303fab60c3111529,SHIB,0.0098554424175727
0xcbe37e37bb9ac19e87e6e495303fab60c3111529,SOL,0.01139729456574
0xcbe37e37bb9ac19e87e6e495303fab60c3111529,STG,-0.0091931322699603
0xcbe37e37bb9ac19e87e6e495303fab60c3111529,SUI,0.0084845840822116
0xcbe37e37bb9ac19e87e6e495303fab60c3111529,SUSHI,-0.0018948561993586
0xcbe37e37bb9ac19e87e6e495303fab60c3111529,TIA,-0.0054294800954596
0xcbe37e37bb9ac19e87e6e495303fab60c3111529,TOKEN,-0.0097047171647253
0xcbe37e37bb9ac19e87e6e495303fab60c3111529,TRX,0.0002989298853867
0xcbe37e37bb9ac19e87e6e495303fab60c3111529,UNI,-0.0001469677998475
0xcbe37e37bb9ac19e87e6e495303fab60c3111529,USDT,0.0052536028102945
0xcbe37e37bb9ac19e87e6e495303fab60c3111529,XLM,-0.0594383634766296
0xcbe37e37bb9ac19e87e6e495303fab60c3111529,XMR,-0.0292832832798933
0xcbe37e37bb9ac19e87e6e495303fab60c3111529,XRP,-0.0164267707087435
0xcbe37e37bb9ac19e87e6e495303fab60c3111529,XTZ,-0.0010358172959905
0xcbe37e37bb9ac19e87e6e495303fab60c3111529,XVS,-0.0039580022970019
0xcbe37e37bb9ac19e87e6e495303fab60c3111529,YFI,-0.0105789222831763
0xcf28560da27700098a0efcb3f5742169948892de,AAVE,-0.0080658714627574
0xcf28560da27700098a0efcb3f5742169948892de,ADA,-0.0140962965051629
0xcf28560da27700098a0efcb3f5742169948892de,ALGO,-0.0116192887571906
0xcf28560da27700098a0efcb3f5742169948892de,APE,-0.01753896506133
0xcf28560da27700098a0efcb3f5742169948892de,APT,-0.0208626792043211
0xcf28560da27700098a0efcb3f5742169948892de,ATOM,-0.0160094694653467
0xcf28560da27700098a0efcb3f5742169948892de,AVAX,-0.0042067685933094
0xcf28560da27700098a0efcb3f5742169948892de,AXS,-0.0034835326640072
0xcf28560da27700098a0efcb3f5742169948892de,BAL,-0.0201659127108463
0xcf28560da27700098a0efcb3f5742169948892de,BCH,-0.0132791866454581
0xcf28560da27700098a0efcb3f5742169948892de,BLUR,-0.0146088413255191
0xcf28560da27700098a0efcb3f5742169948892de,BNB,0.0089030578698987
0xcf28560da27700098a0efcb3f5742169948892de,BONK,-0.0419769884244531
0xcf28560da27700098a0efcb3f5742169948892de,BTC,0.0137716023766352
0xcf28560da27700098a0efcb3f5742169948892de,C98,-0.0225781674183286
0xcf28560da27700098a0efcb3f5742169948892de,CAKE,-0.006712917470076
0xcf28560da27700098a0efcb3f5742169948892de,COMP,0.00005878636385307495
0xcf28560da27700098a0efcb3f5742169948892de,CRV,0.0072425617279259
0xcf28560da27700098a0efcb3f5742169948892de,CVX,-0.0154430051949267
0xcf28560da27700098a0efcb3f5742169948892de,DAI,0.0075533559446913
0xcf28560da27700098a0efcb3f5742169948892de,DAO,-0.0079510780378805
0xcf28560da27700098a0efcb3f5742169948892de,DOGE,-0.0292689922783481
0xcf28560da27700098a0efcb3f5742169948892de,DOT,-0.0138986418380615
0xcf28560da27700098a0efcb3f5742169948892de,DYDX,-0.0054080969951519
0xcf28560da27700098a0efcb3f5742169948892de,EOS,-0.0225221779685049
0xcf28560da27700098a0efcb3f5742169948892de,ETC,-0.0148941339425007
0xcf28560da27700098a0efcb3f5742169948892de,ETH,-0.032300239328773
0xcf28560da27700098a0efcb3f5742169948892de,FET,-0.0070366423467604
0xcf28560da27700098a0efcb3f5742169948892de,FIL,-0.0127445414214221
0xcf28560da27700098a0efcb3f5742169948892de,FRAX,-0.0134589097558124
0xcf28560da27700098a0efcb3f5742169948892de,FTM,-0.011914978206758
0xcf28560da27700098a0efcb3f5742169948892de,FXS,-0.00012376848339
0xcf28560da27700098a0efcb3f5742169948892de,GRT,-0.0105292615061054
0xcf28560da27700098a0efcb3f5742169948892de,HAI,-0.0258865269004782
0xcf28560da27700098a0efcb3f5742169948892de,HERO,-0.016401309340594
0xcf28560da27700098a0efcb3f5742169948892de,ICP,-0.0123042371147659
0xcf28560da27700098a0efcb3f5742169948892de,IMX,-0.0444877629868374
0xcf28560da27700098a0efcb3f5742169948892de,INJ,-0.0272586860707835
0xcf28560da27700098a0efcb3f5742169948892de,LDO,-0.0133930252825427
0xcf28560da27700098a0efcb3f5742169948892de,LINK,0.0180348664120223
0xcf28560da27700098a0efcb3f5742169948892de,LTC,0.00084775530014
0xcf28560da27700098a0efcb3f5742169948892de,MATIC,-0.0393467953311657
0xcf28560da27700098a0efcb3f5742169948892de,MAV,-0.0392378566766888
0xcf28560da27700098a0efcb3f5742169948892de,MBOX,-0.0181272151280073
0xcf28560da27700098a0efcb3f5742169948892de,MKR,-0.0203093202928036
0xcf28560da27700098a0efcb3f5742169948892de,MOON,-0.0089382158708181
0xcf28560da27700098a0efcb3f5742169948892de,NEAR,-0.0251212121243416
0xcf28560da27700098a0efcb3f5742169948892de,OP,-0.0000613728616108866
0xcf28560da27700098a0efcb3f5742169948892de,PENDLE,-0.0075154918946751
0xcf28560da27700098a0efcb3f5742169948892de,PEPE,-0.0205240701677657
0xcf28560da27700098a0efcb3f5742169948892de,PERP,-0.0127025867734165
0xcf28560da27700098a0efcb3f5742169948892de,PIT,-0.0315860663833616
0xcf28560da27700098a0efcb3f5742169948892de,POLS,-0.0102000621203997
0xcf28560da27700098a0efcb3f5742169948892de,PYTH,-0.0223965175211932
0xcf28560da27700098a0efcb3f5742169948892de,QUACK,-0.0131856711518121
0xcf28560da27700098a0efcb3f5742169948892de,RDNT,-0.0135564354224117
0xcf28560da27700098a0efcb3f5742169948892de,RNDR,-0.0463922718788491
0xcf28560da27700098a0efcb3f5742169948892de,RPL,-0.0119824360761086
0xcf28560da27700098a0efcb3f5742169948892de,RUNE,-0.0081443802113099
0xcf28560da27700098a0efcb3f5742169948892de,SFP,-0.026998982624084
0xcf28560da27700098a0efcb3f5742169948892de,SFUND,-0.0783580249573649
0xcf28560da27700098a0efcb3f5742169948892de,SHIB,-0.0263161559833134
0xcf28560da27700098a0efcb3f5742169948892de,SOL,-0.0041239705099151
0xcf28560da27700098a0efcb3f5742169948892de,STG,-0.0296098254803481
0xcf28560da27700098a0efcb3f5742169948892de,SUI,-0.0115851505290506
0xcf28560da27700098a0efcb3f5742169948892de,SUSHI,-0.0112384132233429
0xcf28560da27700098a0efcb3f5742169948892de,TIA,-0.0075999379959481
0xcf28560da27700098a0efcb3f5742169948892de,TOKEN,-0.0224778038354449
0xcf28560da27700098a0efcb3f5742169948892de,TRX,-0.0159638056079428
0xcf28560da27700098a0efcb3f5742169948892de,UNI,-0.002181408699105
0xcf28560da27700098a0efcb3f5742169948892de,USDT,0.0529164952402733
0xcf28560da27700098a0efcb3f5742169948892de,XLM,-0.006147123680897
0xcf28560da27700098a0efcb3f5742169948892de,XMR,-0.0013047555340137
0xcf28560da27700098a0efcb3f5742169948892de,XRP,0.0007411110332347
0xcf28560da27700098a0efcb3f5742169948892de,XTZ,-0.0102169924236909
0xcf28560da27700098a0efcb3f5742169948892de,XVS,-0.0158656663478098
0xcf28560da27700098a0efcb3f5742169948892de,YFI,-0.0110902434697064
0xe14867e41410bd7232a52b9400476c08b4e535b3,AAVE,-0.0114055787087714
0xe14867e41410bd7232a52b9400476c08b4e535b3,ADA,-0.0114055787087714
0xe14867e41410bd7232a52b9400476c08b4e535b3,ALGO,-0.0114055787087714
0xe14867e41410bd7232a52b9400476c08b4e535b3,APE,-0.0114055787087714
0xe14867e41410bd7232a52b9400476c08b4e535b3,APT,-0.0114055787087714
0xe14867e41410bd7232a52b9400476c08b4e535b3,ATOM,-0.0114055787087714
0xe14867e41410bd7232a52b9400476c08b4e535b3,AVAX,-0.0114055787087714
0xe14867e41410bd7232a52b9400476c08b4e535b3,AXS,-0.0114055787087714
0xe14867e41410bd7232a52b9400476c08b4e535b3,BAL,-0.0114055787087714
0xe14867e41410bd7232a52b9400476c08b4e535b3,BCH,-0.0114055787087714
0xe14867e41410bd7232a52b9400476c08b4e535b3,BLUR,-0.0114055787087714
0xe14867e41410bd7232a52b9400476c08b4e535b3,BNB,-0.0114055787087714
0xe14867e41410bd7232a52b9400476c08b4e535b3,BONK,-0.0114055787087714
0xe14867e41410bd7232a52b9400476c08b4e535b3,BTC,-0.0110629378967739
0xe14867e41410bd7232a52b9400476c08b4e535b3,C98,-0.0114055787087714
0xe14867e41410bd7232a52b9400476c08b4e535b3,CAKE,-0.0114055787087714
0xe14867e41410bd7232a52b9400476c08b4e535b3,COMP,-0.0110629378967739
0xe14867e41410bd7232a52b9400476c08b4e535b3,CRV,-0.0114055787087714
0xe14867e41410bd7232a52b9400476c08b4e535b3,CVX,-0.0114055787087714
0xe14867e41410bd7232a52b9400476c08b4e535b3,DAI,-0.0114055787087714
0xe14867e41410bd7232a52b9400476c08b4e535b3,DAO,-0.0114055787087714
0xe14867e41410bd7232a52b9400476c08b4e535b3,DOGE,-0.0114055787087714
0xe14867e41410bd7232a52b9400476c08b4e535b3,DOT,-0.0114055787087714
0xe14867e41410bd7232a52b9400476c08b4e535b3,DYDX,-0.0114055787087714
0xe14867e41410bd7232a52b9400476c08b4e535b3,EOS,-0.0114055787087714
0xe14867e41410bd7232a52b9400476c08b4e535b3,ETC,-0.0114055787087714
0xe14867e41410bd7232a52b9400476c08b4e535b3,ETH,-0.0114055787087714
0xe14867e41410bd7232a52b9400476c08b4e535b3,FET,-0.0114055787087714
0xe14867e41410bd7232a52b9400476c08b4e535b3,FIL,-0.0114055787087714
0xe14867e41410bd7232a52b9400476c08b4e535b3,FRAX,-0.0120625663413554
0xe14867e41410bd7232a52b9400476c08b4e535b3,FTM,-0.0111708028772198
0xe14867e41410bd7232a52b9400476c08b4e535b3,FXS,-0.0114055787087714
0xe14867e41410bd7232a52b9400476c08b4e535b3,GRT,-0.0114055787087714
0xe14867e41410bd7232a52b9400476c08b4e535b3,HAI,-0.0114055787087714
0xe14867e41410bd7232a52b9400476c08b4e535b3,HERO,-0.0114055787087714
0xe14867e41410bd7232a52b9400476c08b4e535b3,ICP,-0.0114055787087714
0xe14867e41410bd7232a52b9400476c08b4e535b3,IMX,-0.0114055787087714
0xe14867e41410bd7232a52b9400476c08b4e535b3,INJ,-0.0114055787087714
0xe14867e41410bd7232a52b9400476c08b4e535b3,LDO,-0.0114055787087714
0xe14867e41410bd7232a52b9400476c08b4e535b3,LINK,-0.0114055787087714
0xe14867e41410bd7232a52b9400476c08b4e535b3,LTC,-0.0114055787087714
0xe14867e41410bd7232a52b9400476c08b4e535b3,MATIC,-0.0114055787087714
0xe14867e41410bd7232a52b9400476c08b4e535b3,MAV,-0.0114055787087714
0xe14867e41410bd7232a52b9400476c08b4e535b3,MBOX,-0.0114055787087714
0xe14867e41410bd7232a52b9400476c08b4e535b3,MKR,-0.0114055787087714
0xe14867e41410bd7232a52b9400476c08b4e535b3,MOON,-0.0114055787087714
0xe14867e41410bd7232a52b9400476c08b4e535b3,NEAR,-0.0114055787087714
0xe14867e41410bd7232a52b9400476c08b4e535b3,OP,-0.0114055787087714
0xe14867e41410bd7232a52b9400476c08b4e535b3,PENDLE,-0.0114055787087714
0xe14867e41410bd7232a52b9400476c08b4e535b3,PEPE,-0.0114055787087714
0xe14867e41410bd7232a52b9400476c08b4e535b3,PERP,-0.0114055787087714
0xe14867e41410bd7232a52b9400476c08b4e535b3,PIT,-0.0114055787087714
0xe14867e41410bd7232a52b9400476c08b4e535b3,POLS,-0.0114055787087714
0xe14867e41410bd7232a52b9400476c08b4e535b3,PYTH,-0.0114055787087714
0xe14867e41410bd7232a52b9400476c08b4e535b3,QUACK,-0.0114055787087714
0xe14867e41410bd7232a52b9400476c08b4e535b3,RDNT,-0.0114055787087714
0xe14867e41410bd7232a52b9400476c08b4e535b3,RNDR,-0.0114055787087714
0xe14867e41410bd7232a52b9400476c08b4e535b3,RPL,-0.0114055787087714
0xe14867e41410bd7232a52b9400476c08b4e535b3,RUNE,-0.0114055787087714
0xe14867e41410bd7232a52b9400476c08b4e535b3,SFP,-0.0114055787087714
0xe14867e41410bd7232a52b9400476c08b4e535b3,SFUND,-0.0114055787087714
0xe14867e41410bd7232a52b9400476c08b4e535b3,SHIB,-0.0114055787087714
0xe14867e41410bd7232a52b9400476c08b4e535b3,SOL,-0.0111708028772198
0xe14867e41410bd7232a52b9400476c08b4e535b3,STG,-0.0120625663413554
0xe14867e41410bd7232a52b9400476c08b4e535b3,SUI,-0.0114055787087714
0xe14867e41410bd7232a52b9400476c08b4e535b3,SUSHI,-0.0114055787087714
0xe14867e41410bd7232a52b9400476c08b4e535b3,TIA,-0.0114055787087714
0xe14867e41410bd7232a52b9400476c08b4e535b3,TOKEN,-0.0114055787087714
0xe14867e41410bd7232a52b9400476c08b4e535b3,TRX,-0.0114055787087714
0xe14867e41410bd7232a52b9400476c08b4e535b3,UNI,-0.0114055787087714
0xe14867e41410bd7232a52b9400476c08b4e535b3,USDT,-0.0114055787087714
0xe14867e41410bd7232a52b9400476c08b4e535b3,XLM,-0.0114055787087714
0xe14867e41410bd7232a52b9400476c08b4e535b3,XMR,-0.0111708028772198
0xe14867e41410bd7232a52b9400476c08b4e535b3,XRP,-0.0114055787087714
0xe14867e41410bd7232a52b9400476c08b4e535b3,XTZ,-0.0114055787087714
0xe14867e41410bd7232a52b9400476c08b4e535b3,XVS,-0.0114055787087714
0xe14867e41410bd7232a52b9400476c08b4e535b3,YFI,-0.0114055787087714
0xe20f1eacf963ed838c05ff70372a45feb4aa74c5,AAVE,0.5357377776932849
0xe20f1eacf963ed838c05ff70372a45feb4aa74c5,ADA,0.5344678521748862
0xe20f1eacf963ed838c05ff70372a45feb4aa74c5,ALGO,0.5472509648336871
0xe20f1eacf963ed838c05ff70372a45feb4aa74c5,APE,0.5489301646033201
0xe20f1eacf963ed838c05ff70372a45feb4aa74c5,APT,0.5287107145138317
0xe20f1eacf963ed838c05ff70372a45feb4aa74c5,ATOM,0.5367603563394834
0xe20f1eacf963ed838c05ff70372a45feb4aa74c5,AVAX,0.5083038598812245
0xe20f1eacf963ed838c05ff70372a45feb4aa74c5,AXS,0.5289430762055368
0xe20f1eacf963ed838c05ff70372a45feb4aa74c5,BAL,0.5235739683562485
0xe20f1eacf963ed838c05ff70372a45feb4aa74c5,BCH,0.5452316129630214
0xe20f1eacf963ed838c05ff70372a45feb4aa74c5,BLUR,0.5175745522026161
0xe20f1eacf963ed838c05ff70372a45feb4aa74c5,BNB,0.5394731308901541
0xe20f1eacf963ed838c05ff70372a45feb4aa74c5,BONK,0.5243293438821287
0xe20f1eacf963ed838c05ff70372a45feb4aa74c5,BTC,0.554884685811842
0xe20f1eacf963ed838c05ff70372a45feb4aa74c5,C98,0.5050951097688886
0xe20f1eacf963ed838c05ff70372a45feb4aa74c5,CAKE,0.5100872430082635
0xe20f1eacf963ed838c05ff70372a45feb4aa74c5,COMP,0.5494755661860456
0xe20f1eacf963ed838c05ff70372a45feb4aa74c5,CRV,0.5476394039771579
0xe20f1eacf963ed838c05ff70372a45feb4aa74c5,CVX,0.5343820333760937
0xe20f1eacf963ed838c05ff70372a45feb4aa74c5,DAI,0.5452310719340683
0xe20f1eacf963ed838c05ff70372a45feb4aa74c5,DAO,0.5414459764594892
0xe20f1eacf963ed838c05ff70372a45feb4aa74c5,DOGE,0.5099579300893751
0xe20f1eacf963ed838c05ff70372a45feb4aa74c5,DOT,0.5321765232854463
0xe20f1eacf963ed838c05ff70372a45feb4aa74c5,DYDX,0.4917569895357296
0xe20f1eacf963ed838c05ff70372a45feb4aa74c5,EOS,0.5325584079950499
0xe20f1eacf963ed838c05ff70372a45feb4aa74c5,ETC,0.5536193543612755
0xe20f1eacf963ed838c05ff70372a45feb4aa74c5,ETH,0.5438749337727824
0xe20f1eacf963ed838c05ff70372a45feb4aa74c5,FET,0.5397985951936233
0xe20f1eacf963ed838c05ff70372a45feb4aa74c5,FIL,0.5321808681338835
0xe20f1eacf963ed838c05ff70372a45feb4aa74c5,FRAX,0.4011913983241594
0xe20f1eacf963ed838c05ff70372a45feb4aa74c5,FTM,0.5278521366458528
0xe20f1eacf963ed838c05ff70372a45feb4aa74c5,FXS,0.5431612066073083
0xe20f1eacf963ed838c05ff70372a45feb4aa74c5,GRT,0.5452818333262862
0xe20f1eacf963ed838c05ff70372a45feb4aa74c5,HAI,0.5224962187264872
0xe20f1eacf963ed838c05ff70372a45feb4aa74c5,HERO,0.5187626502134924
0xe20f1eacf963ed838c05ff70372a45feb4aa74c5,ICP,0.5495410623021786
0xe20f1eacf963ed838c05ff70372a45feb4aa74c5,IMX,0.4632146001114904
0xe20f1eacf963ed838c05ff70372a45feb4aa74c5,INJ,0.5420381752132576
0xe20f1eacf963ed838c05ff70372a45feb4aa74c5,LDO,0.5099950888622963
0xe20f1eacf963ed838c05ff70372a45feb4aa74c5,LINK,0.5290522370881745
0xe20f1eacf963ed838c05ff70372a45feb4aa74c5,LTC,0.5569587861349904
0xe20f1eacf963ed838c05ff70372a45feb4aa74c5,MATIC,0.505919815024263
0xe20f1eacf963ed838c05ff70372a45feb4aa74c5,MAV,0.5035229142159657
0xe20f1eacf963ed838c05ff70372a45feb4aa74c5,MBOX,0.5021960402722683
0xe20f1eacf963ed838c05ff70372a45feb4aa74c5,MKR,0.4789563585020967
0xe20f1eacf963ed838c05ff70372a45feb4aa74c5,MOON,0.5225279876925992
0xe20f1eacf963ed838c05ff70372a45feb4aa74c5,NEAR,0.4950615886281582
0xe20f1eacf963ed838c05ff70372a45feb4aa74c5,OP,0.5231040122546018
0xe20f1eacf963ed838c05ff70372a45feb4aa74c5,PENDLE,0.5027659692741716
0xe20f1eacf963ed838c05ff70372a45feb4aa74c5,PEPE,0.5239062611155436
0xe20f1eacf963ed838c05ff70372a45feb4aa74c5,PERP,0.4995453135189519
0xe20f1eacf963ed838c05ff70372a45feb4aa74c5,PIT,0.5024255724550101
0xe20f1eacf963ed838c05ff70372a45feb4aa74c5,POLS,0.5071196550545197
0xe20f1eacf963ed838c05ff70372a45feb4aa74c5,PYTH,0.4789856096249918
0xe20f1eacf963ed838c05ff70372a45feb4aa74c5,QUACK,0.5161727566152582
0xe20f1eacf963ed838c05ff70372a45feb4aa74c5,RDNT,0.5045753848706813
0xe20f1eacf963ed838c05ff70372a45feb4aa74c5,RNDR,0.5212565625004115
0xe20f1eacf963ed838c05ff70372a45feb4aa74c5,RPL,0.5307306928798382
0xe20f1eacf963ed838c05ff70372a45feb4aa74c5,RUNE,0.5266445547253645
0xe20f1eacf963ed838c05ff70372a45feb4aa74c5,SFP,0.4878691698596716
0xe20f1eacf963ed838c05ff70372a45feb4aa74c5,SFUND,0.5336690001400426
0xe20f1eacf963ed838c05ff70372a45feb4aa74c5,SHIB,0.5391496580156462
0xe20f1eacf963ed838c05ff70372a45feb4aa74c5,SOL,0.5273882384313608
0xe20f1eacf963ed838c05ff70372a45feb4aa74c5,STG,0.4553299547938464
0xe20f1eacf963ed838c05ff70372a45feb4aa74c5,SUI,0.5455569852076269
0xe20f1eacf963ed838c05ff70372a45feb4aa74c5,SUSHI,0.5411231792243187
0xe20f1eacf963ed838c05ff70372a45feb4aa74c5,TIA,0.5421196489444896
0xe20f1eacf963ed838c05ff70372a45feb4aa74c5,TOKEN,0.4954991830062784
0xe20f1eacf963ed838c05ff70372a45feb4aa74c5,TRX,0.5435415520670398
0xe20f1eacf963ed838c05ff70372a45feb4aa74c5,UNI,0.5354052987680736
0xe20f1eacf963ed838c05ff70372a45feb4aa74c5,USDT,0.5578317746838156
0xe20f1eacf963ed838c05ff70372a45feb4aa74c5,XLM,0.5274357036414142
0xe20f1eacf963ed838c05ff70372a45feb4aa74c5,XMR,0.5347655194916427
0xe20f1eacf963ed838c05ff70372a45feb4aa74c5,XRP,0.5430028663646533
0xe20f1eacf963ed838c05ff70372a45feb4aa74c5,XTZ,0.535927822260321
0xe20f1eacf963ed838c05ff70372a45feb4aa74c5,XVS,0.5188483427856424
0xe20f1eacf963ed838c05ff70372a45feb4aa74c5,YFI,0.505025665896344
0xeba5ba85f72e40a9f2b8782c2bd51ec31a5564da,AAVE,-0.0110232321756589
0xeba5ba85f72e40a9f2b8782c2bd51ec31a5564da,ADA,-0.0110232321756589
0xeba5ba85f72e40a9f2b8782c2bd51ec31a5564da,ALGO,-0.0110232321756589
0xeba5ba85f72e40a9f2b8782c2bd51ec31a5564da,APE,-0.0110232321756589
0xeba5ba85f72e40a9f2b8782c2bd51ec31a5564da,APT,-0.0110232321756589
0xeba5ba85f72e40a9f2b8782c2bd51ec31a5564da,ATOM,-0.0110232321756589
0xeba5ba85f72e40a9f2b8782c2bd51ec31a5564da,AVAX,-0.0136381190769511
0xeba5ba85f72e40a9f2b8782c2bd51ec31a5564da,AXS,-0.0110232321756589
0xeba5ba85f72e40a9f2b8782c2bd51ec31a5564da,BAL,-0.0110232321756589
0xeba5ba85f72e40a9f2b8782c2bd51ec31a5564da,BCH,-0.0110232321756589
0xeba5ba85f72e40a9f2b8782c2bd51ec31a5564da,BLUR,-0.0110232321756589
0xeba5ba85f72e40a9f2b8782c2bd51ec31a5564da,BNB,-0.0123302026103624
0xeba5ba85f72e40a9f2b8782c2bd51ec31a5564da,BONK,-0.0110232321756589
0xeba5ba85f72e40a9f2b8782c2bd51ec31a5564da,BTC,-0.0112676023225945
0xeba5ba85f72e40a9f2b8782c2bd51ec31a5564da,C98,-0.0110232321756589
0xeba5ba85f72e40a9f2b8782c2bd51ec31a5564da,CAKE,-0.0136381190769511
0xeba5ba85f72e40a9f2b8782c2bd51ec31a5564da,COMP,-0.0121582712906219
0xeba5ba85f72e40a9f2b8782c2bd51ec31a5564da,CRV,-0.0110232321756589
0xeba5ba85f72e40a9f2b8782c2bd51ec31a5564da,CVX,-0.0110232321756589
0xeba5ba85f72e40a9f2b8782c2bd51ec31a5564da,DAI,-0.0110232321756589
0xeba5ba85f72e40a9f2b8782c2bd51ec31a5564da,DAO,-0.0110232321756589
0xeba5ba85f72e40a9f2b8782c2bd51ec31a5564da,DOGE,-0.0136381190769511
0xeba5ba85f72e40a9f2b8782c2bd51ec31a5564da,DOT,-0.0110232321756589
0xeba5ba85f72e40a9f2b8782c2bd51ec31a5564da,DYDX,-0.0110232321756589
0xeba5ba85f72e40a9f2b8782c2bd51ec31a5564da,EOS,-0.0110232321756589
0xeba5ba85f72e40a9f2b8782c2bd51ec31a5564da,ETC,-0.0130830104649008
0xeba5ba85f72e40a9f2b8782c2bd51ec31a5564da,ETH,-0.0110538126345658
0xeba5ba85f72e40a9f2b8782c2bd51ec31a5564da,FET,-0.0110232321756589
0xeba5ba85f72e40a9f2b8782c2bd51ec31a5564da,FIL,-0.0110232321756589
0xeba5ba85f72e40a9f2b8782c2bd51ec31a5564da,FRAX,-0.0120398197992889
0xeba5ba85f72e40a9f2b8782c2bd51ec31a5564da,FTM,-0.0106789003669213
0xeba5ba85f72e40a9f2b8782c2bd51ec31a5564da,FXS,-0.0110232321756589
0xeba5ba85f72e40a9f2b8782c2bd51ec31a5564da,GRT,-0.0110232321756589
0xeba5ba85f72e40a9f2b8782c2bd51ec31a5564da,HAI,-0.0110232321756589
0xeba5ba85f72e40a9f2b8782c2bd51ec31a5564da,HERO,-0.0110232321756589
0xeba5ba85f72e40a9f2b8782c2bd51ec31a5564da,ICP,-0.0110232321756589
0xeba5ba85f72e40a9f2b8782c2bd51ec31a5564da,IMX,-0.0112490062792764
0xeba5ba85f72e40a9f2b8782c2bd51ec31a5564da,INJ,-0.0110232321756589
0xeba5ba85f72e40a9f2b8782c2bd51ec31a5564da,LDO,-0.0110232321756589
0xeba5ba85f72e40a9f2b8782c2bd51ec31a5564da,LINK,-0.0136381190769511
0xeba5ba85f72e40a9f2b8782c2bd51ec31a5564da,LTC,-0.0132121802579715
0xeba5ba85f72e40a9f2b8782c2bd51ec31a5564da,MATIC,-0.0110232321756589
0xeba5ba85f72e40a9f2b8782c2bd51ec31a5564da,MAV,-0.0110232321756589
0xeba5ba85f72e40a9f2b8782c2bd51ec31a5564da,MBOX,-0.0110232321756589
0xeba5ba85f72e40a9f2b8782c2bd51ec31a5564da,MKR,-0.0110232321756589
0xeba5ba85f72e40a9f2b8782c2bd51ec31a5564da,MOON,-0.0112484952577228
0xeba5ba85f72e40a9f2b8782c2bd51ec31a5564da,NEAR,-0.0110232321756589
0xeba5ba85f72e40a9f2b8782c2bd51ec31a5564da,OP,-0.0112484952577228
0xeba5ba85f72e40a9f2b8782c2bd51ec31a5564da,PENDLE,-0.0110232321756589
0xeba5ba85f72e40a9f2b8782c2bd51ec31a5564da,PEPE,-0.0110232321756589
0xeba5ba85f72e40a9f2b8782c2bd51ec31a5564da,PERP,-0.0110232321756589
0xeba5ba85f72e40a9f2b8782c2bd51ec31a5564da,PIT,-0.0110232321756589
0xeba5ba85f72e40a9f2b8782c2bd51ec31a5564da,POLS,-0.0110232321756589
0xeba5ba85f72e40a9f2b8782c2bd51ec31a5564da,PYTH,-0.0110232321756589
0xeba5ba85f72e40a9f2b8782c2bd51ec31a5564da,QUACK,-0.0110232321756589
0xeba5ba85f72e40a9f2b8782c2bd51ec31a5564da,RDNT,-0.0110232321756589
0xeba5ba85f72e40a9f2b8782c2bd51ec31a5564da,RNDR,-0.0110232321756589
0xeba5ba85f72e40a9f2b8782c2bd51ec31a5564da,RPL,-0.0110232321756589
0xeba5ba85f72e40a9f2b8782c2bd51ec31a5564da,RUNE,-0.0110232321756589
0xeba5ba85f72e40a9f2b8782c2bd51ec31a5564da,SFP,-0.0110232321756589
0xeba5ba85f72e40a9f2b8782c2bd51ec31a5564da,SFUND,-0.0110232321756589
0xeba5ba85f72e40a9f2b8782c2bd51ec31a5564da,SHIB,-0.0110232321756589
0xeba5ba85f72e40a9f2b8782c2bd51ec31a5564da,SOL,-0.0106480988480751
0xeba5ba85f72e40a9f2b8782c2bd51ec31a5564da,STG,-0.0114473499935093
0xeba5ba85f72e40a9f2b8782c2bd51ec31a5564da,SUI,-0.0110232321756589
0xeba5ba85f72e40a9f2b8782c2bd51ec31a5564da,SUSHI,-0.0110232321756589
0xeba5ba85f72e40a9f2b8782c2bd51ec31a5564da,TIA,-0.0110232321756589
0xeba5ba85f72e40a9f2b8782c2bd51ec31a5564da,TOKEN,-0.0110232321756589
0xeba5ba85f72e40a9f2b8782c2bd51ec31a5564da,TRX,-0.0110232321756589
0xeba5ba85f72e40a9f2b8782c2bd51ec31a5564da,UNI,-0.0136381190769511
0xeba5ba85f72e40a9f2b8782c2bd51ec31a5564da,USDT,-0.0113963814540677
0xeba5ba85f72e40a9f2b8782c2bd51ec31a5564da,XLM,-0.0110232321756589
0xeba5ba85f72e40a9f2b8782c2bd51ec31a5564da,XMR,-0.0106789003669213
0xeba5ba85f72e40a9f2b8782c2bd51ec31a5564da,XRP,-0.0110232321756589
0xeba5ba85f72e40a9f2b8782c2bd51ec31a5564da,XTZ,-0.0110232321756589
0xeba5ba85f72e40a9f2b8782c2bd51ec31a5564da,XVS,-0.0110232321756589
0xeba5ba85f72e40a9f2b8782c2bd51ec31a5564da,YFI,-0.0110232321756589
0xf097ed117dd3930f1eeb91569a6a61b4c52744c8,AAVE,-0.0182640605941383
0xf097ed117dd3930f1eeb91569a6a61b4c52744c8,ADA,-0.0319986410155335
0xf097ed117dd3930f1eeb91569a6a61b4c52744c8,ALGO,-0.0244979109248086
0xf097ed117dd3930f1eeb91569a6a61b4c52744c8,APE,-0.0174748838807432
0xf097ed117dd3930f1eeb91569a6a61b4c52744c8,APT,-0.0182904695937791
0xf097ed117dd3930f1eeb91569a6a61b4c52744c8,ATOM,-0.0292201268181683
0xf097ed117dd3930f1eeb91569a6a61b4c52744c8,AVAX,-0.0163246393949198
0xf097ed117dd3930f1eeb91569a6a61b4c52744c8,AXS,-0.0314484243650354
0xf097ed117dd3930f1eeb91569a6a61b4c52744c8,BAL,-0.0348804374121572
0xf097ed117dd3930f1eeb91569a6a61b4c52744c8,BCH,-0.0192724229176591
0xf097ed117dd3930f1eeb91569a6a61b4c52744c8,BLUR,-0.0316850287721221
0xf097ed117dd3930f1eeb91569a6a61b4c52744c8,BNB,-0.0292610543820453
0xf097ed117dd3930f1eeb91569a6a61b4c52744c8,BONK,-0.0151840439877491
0xf097ed117dd3930f1eeb91569a6a61b4c52744c8,BTC,0.0027947866851477
0xf097ed117dd3930f1eeb91569a6a61b4c52744c8,C98,-0.0314973517760848
0xf097ed117dd3930f1eeb91569a6a61b4c52744c8,CAKE,-0.0161447901506389
0xf097ed117dd3930f1eeb91569a6a61b4c52744c8,COMP,-0.0128297674394737
0xf097ed117dd3930f1eeb91569a6a61b4c52744c8,CRV,-0.017276011477818
0xf097ed117dd3930f1eeb91569a6a61b4c52744c8,CVX,-0.0312554135948158
0xf097ed117dd3930f1eeb91569a6a61b4c52744c8,DAI,-0.0341457884092124
0xf097ed117dd3930f1eeb91569a6a61b4c52744c8,DAO,-0.0160799721574099
0xf097ed117dd3930f1eeb91569a6a61b4c52744c8,DOGE,-0.0123452799538624
0xf097ed117dd3930f1eeb91569a6a61b4c52744c8,DOT,-0.0136887559809108
0xf097ed117dd3930f1eeb91569a6a61b4c52744c8,DYDX,-0.0294478738225916
0xf097ed117dd3930f1eeb91569a6a61b4c52744c8,EOS,-0.0302090023368409
0xf097ed117dd3930f1eeb91569a6a61b4c52744c8,ETC,-0.0108414527607365
0xf097ed117dd3930f1eeb91569a6a61b4c52744c8,ETH,-0.011255882564043
0xf097ed117dd3930f1eeb91569a6a61b4c52744c8,FET,-0.0315359956555722
0xf097ed117dd3930f1eeb91569a6a61b4c52744c8,FIL,-0.0316361093626982
0xf097ed117dd3930f1eeb91569a6a61b4c52744c8,FRAX,-0.0796577065523751
0xf097ed117dd3930f1eeb91569a6a61b4c52744c8,FTM,-0.0026983614164956
0xf097ed117dd3930f1eeb91569a6a61b4c52744c8,FXS,-0.016860814648641
0xf097ed117dd3930f1eeb91569a6a61b4c52744c8,GRT,-0.0296922335441996
0xf097ed117dd3930f1eeb91569a6a61b4c52744c8,HAI,-0.0280158937392836
0xf097ed117dd3930f1eeb91569a6a61b4c52744c8,HERO,-0.0314115262445499
0xf097ed117dd3930f1eeb91569a6a61b4c52744c8,ICP,-0.032512553908899
0xf097ed117dd3930f1eeb91569a6a61b4c52744c8,IMX,-0.0494799506444757
0xf097ed117dd3930f1eeb91569a6a61b4c52744c8,INJ,-0.0310637987970362
0xf097ed117dd3930f1eeb91569a6a61b4c52744c8,LDO,-0.0319137360578439
0xf097ed117dd3930f1eeb91569a6a61b4c52744c8,LINK,-0.0174395814404798
0xf097ed117dd3930f1eeb91569a6a61b4c52744c8,LTC,-0.0141647087039112
0xf097ed117dd3930f1eeb91569a6a61b4c52744c8,MATIC,-0.027307843415327
0xf097ed117dd3930f1eeb91569a6a61b4c52744c8,MAV,-0.0339797913607787
0xf097ed117dd3930f1eeb91569a6a61b4c52744c8,MBOX,-0.0316356603881165
0xf097ed117dd3930f1eeb91569a6a61b4c52744c8,MKR,-0.0382524990574072
0xf097ed117dd3930f1eeb91569a6a61b4c52744c8,MOON,-0.0064383889060559
0xf097ed117dd3930f1eeb91569a6a61b4c52744c8,NEAR,-0.0385849470374926
0xf097ed117dd3930f1eeb91569a6a61b4c52744c8,OP,-0.0024094654427218
0xf097ed117dd3930f1eeb91569a6a61b4c52744c8,PENDLE,-0.0315196741145675
0xf097ed117dd3930f1eeb91569a6a61b4c52744c8,PEPE,-0.021073293637624
0xf097ed117dd3930f1eeb91569a6a61b4c52744c8,PERP,-0.0222844628943522
0xf097ed117dd3930f1eeb91569a6a61b4c52744c8,PIT,-0.0373522723951018
0xf097ed117dd3930f1eeb91569a6a61b4c52744c8,POLS,-0.0314147666937334
0xf097ed117dd3930f1eeb91569a6a61b4c52744c8,PYTH,-0.0260560733559785
0xf097ed117dd3930f1eeb91569a6a61b4c52744c8,QUACK,-0.0321848908967701
0xf097ed117dd3930f1eeb91569a6a61b4c52744c8,RDNT,-0.0321142490494719
0xf097ed117dd3930f1eeb91569a6a61b4c52744c8,RNDR,-0.0377156554672782
0xf097ed117dd3930f1eeb91569a6a61b4c52744c8,RPL,-0.032562270217007
0xf097ed117dd3930f1eeb91569a6a61b4c52744c8,RUNE,-0.0285622143458751
0xf097ed117dd3930f1eeb91569a6a61b4c52744c8,SFP,-0.0289745236048254
0xf097ed117dd3930f1eeb91569a6a61b4c52744c8,SFUND,-0.0320209098273058
0xf097ed117dd3930f1eeb91569a6a61b4c52744c8,SHIB,-0.0184703358108064
0xf097ed117dd3930f1eeb91569a6a61b4c52744c8,SOL,0.0039007447604262
0xf097ed117dd3930f1eeb91569a6a61b4c52744c8,STG,-0.0494804277923665
0xf097ed117dd3930f1eeb91569a6a61b4c52744c8,SUI,-0.0116690140727944
0xf097ed117dd3930f1eeb91569a6a61b4c52744c8,SUSHI,-0.0320605385069807
0xf097ed117dd3930f1eeb91569a6a61b4c52744c8,TIA,-0.0320251803027314
0xf097ed117dd3930f1eeb91569a6a61b4c52744c8,TOKEN,-0.0316773049509149
0xf097ed117dd3930f1eeb91569a6a61b4c52744c8,TRX,-0.0131743109002365
0xf097ed117dd3930f1eeb91569a6a61b4c52744c8,UNI,-0.0119323326373371
0xf097ed117dd3930f1eeb91569a6a61b4c52744c8,USDT,-0.0061847963735948
0xf097ed117dd3930f1eeb91569a6a61b4c52744c8,XLM,-0.0174378652024735
0xf097ed117dd3930f1eeb91569a6a61b4c52744c8,XMR,-0.0009271169742846
0xf097ed117dd3930f1eeb91569a6a61b4c52744c8,XRP,-0.0046832163111415
0xf097ed117dd3930f1eeb91569a6a61b4c52744c8,XTZ,-0.0193513833476748
0xf097ed117dd3930f1eeb91569a6a61b4c52744c8,XVS,-0.0312692379763195
0xf097ed117dd3930f1eeb91569a6a61b4c52744c8,YFI,-0.0334984293296148
0xf5061bd41966374d89ddeada574602b3784e3d98,AAVE,-0.062571683754326
0xf5061bd41966374d89ddeada574602b3784e3d98,ADA,0.0701997911340817
0xf5061bd41966374d89ddeada574602b3784e3d98,ALGO,-0.0263984473421342
0xf5061bd41966374d89ddeada574602b3784e3d98,APE,0.1295002188277385
0xf5061bd41966374d89ddeada574602b3784e3d98,APT,-0.0806743980600031
0xf5061bd41966374d89ddeada574602b3784e3d98,ATOM,-0.0805600386248461
0xf5061bd41966374d89ddeada574602b3784e3d98,AVAX,0.1302309024450054
0xf5061bd41966374d89ddeada574602b3784e3d98,AXS,0.1660154472343448
0xf5061bd41966374d89ddeada574602b3784e3d98,BAL,-0.1680955415807625
0xf5061bd41966374d89ddeada574602b3784e3d98,BCH,0.2476728129056435
0xf5061bd41966374d89ddeada574602b3784e3d98,BLUR,-0.032765819928047
0xf5061bd41966374d89ddeada574602b3784e3d98,BNB,0.0276646346025667
0xf5061bd41966374d89ddeada574602b3784e3d98,BONK,0.1696618827158014
0xf5061bd41966374d89ddeada574602b3784e3d98,BTC,-0.0761065367107371
0xf5061bd41966374d89ddeada574602b3784e3d98,C98,-0.1603116543495819
0xf5061bd41966374d89ddeada574602b3784e3d98,CAKE,0.1530010160378731
0xf5061bd41966374d89ddeada574602b3784e3d98,COMP,-0.0328014008991872
0xf5061bd41966374d89ddeada574602b3784e3d98,CRV,0.0906672975410926
0xf5061bd41966374d89ddeada574602b3784e3d98,CVX,-0.0922628044695746
0xf5061bd41966374d89ddeada574602b3784e3d98,DAI,0.0010582321880199
0xf5061bd41966374d89ddeada574602b3784e3d98,DAO,-0.1362123306569597
0xf5061bd41966374d89ddeada574602b3784e3d98,DOGE,0.9067495341949154
0xf5061bd41966374d89ddeada574602b3784e3d98,DOT,0.0254268540952889
0xf5061bd41966374d89ddeada574602b3784e3d98,DYDX,-0.1138242122249527
0xf5061bd41966374d89ddeada574602b3784e3d98,EOS,-0.1842853483773422
0xf5061bd41966374d89ddeada574602b3784e3d98,ETC,0.2570154921454408
0xf5061bd41966374d89ddeada574602b3784e3d98,ETH,-0.0412454161407739
0xf5061bd41966374d89ddeada574602b3784e3d98,FET,0.0120328365974602
0xf5061bd41966374d89ddeada574602b3784e3d98,FIL,0.0745685755781629
0xf5061bd41966374d89ddeada574602b3784e3d98,FRAX,0.283983104511348
0xf5061bd41966374d89ddeada574602b3784e3d98,FTM,0.0679223425623357
0xf5061bd41966374d89ddeada574602b3784e3d98,FXS,-0.121030176101662
0xf5061bd41966374d89ddeada574602b3784e3d98,GRT,-0.1450703427531838
0xf5061bd41966374d89ddeada574602b3784e3d98,HAI,6.3926602975316005
0xf5061bd41966374d89ddeada574602b3784e3d98,HERO,-0.0158625671534342
0xf5061bd41966374d89ddeada574602b3784e3d98,ICP,0.0992207579672102
0xf5061bd41966374d89ddeada574602b3784e3d98,IMX,-0.03081951339241
0xf5061bd41966374d89ddeada574602b3784e3d98,INJ,-0.1047761978467571
0xf5061bd41966374d89ddeada574602b3784e3d98,LDO,0.2355805302205776
0xf5061bd41966374d89ddeada574602b3784e3d98,LINK,0.017257301187299
0xf5061bd41966374d89ddeada574602b3784e3d98,LTC,-0.1229200645297016
0xf5061bd41966374d89ddeada574602b3784e3d98,MATIC,-0.0477743248704188
0xf5061bd41966374d89ddeada574602b3784e3d98,MAV,-0.127308302048461
0xf5061bd41966374d89ddeada574602b3784e3d98,MBOX,-0.1141425420282245
0xf5061bd41966374d89ddeada574602b3784e3d98,MKR,0.0760625202773348
0xf5061bd41966374d89ddeada574602b3784e3d98,MOON,0.2113483242052739
0xf5061bd41966374d89ddeada574602b3784e3d98,NEAR,-0.071286916924977
0xf5061bd41966374d89ddeada574602b3784e3d98,OP,0.0132557186515388
0xf5061bd41966374d89ddeada574602b3784e3d98,PENDLE,-0.0401913712290058
0xf5061bd41966374d89ddeada574602b3784e3d98,PEPE,0.8195041038331471
0xf5061bd41966374d89ddeada574602b3784e3d98,PERP,0.0683660579360859
0xf5061bd41966374d89ddeada574602b3784e3d98,PIT,0.0531964778145857
0xf5061bd41966374d89ddeada574602b3784e3d98,POLS,-0.0821147696879889
0xf5061bd41966374d89ddeada574602b3784e3d98,PYTH,-0.0616929029594037
0xf5061bd41966374d89ddeada574602b3784e3d98,QUACK,-0.1518761026199184
0xf5061bd41966374d89ddeada574602b3784e3d98,RDNT,-0.0821379368810079
0xf5061bd41966374d89ddeada574602b3784e3d98,RNDR,0.0171134970827381
0xf5061bd41966374d89ddeada574602b3784e3d98,RPL,0.1263373714982603
0xf5061bd41966374d89ddeada574602b3784e3d98,RUNE,-0.0690922550759215
0xf5061bd41966374d89ddeada574602b3784e3d98,SFP,-0.0531385020277122
0xf5061bd41966374d89ddeada574602b3784e3d98,SFUND,-0.0432023325494631
0xf5061bd41966374d89ddeada574602b3784e3d98,SHIB,0.490185182314611
0xf5061bd41966374d89ddeada574602b3784e3d98,SOL,-0.1518951238542033
0xf5061bd41966374d89ddeada574602b3784e3d98,STG,-0.0455625552595533
0xf5061bd41966374d89ddeada574602b3784e3d98,SUI,0.0894931254898747
0xf5061bd41966374d89ddeada574602b3784e3d98,SUSHI,0.0449317369482107
0xf5061bd41966374d89ddeada574602b3784e3d98,TIA,0.0122673041824818
0xf5061bd41966374d89ddeada574602b3784e3d98,TOKEN,0.0643973615009206
0xf5061bd41966374d89ddeada574602b3784e3d98,TRX,0.0958658813382353
0xf5061bd41966374d89ddeada574602b3784e3d98,UNI,-0.1537744704562118
0xf5061bd41966374d89ddeada574602b3784e3d98,USDT,-0.0013656952137866
0xf5061bd41966374d89ddeada574602b3784e3d98,XLM,0.3316992509754503
0xf5061bd41966374d89ddeada574602b3784e3d98,XMR,-0.0338249910134422
0xf5061bd41966374d89ddeada574602b3784e3d98,XRP,0.088129740206855
0xf5061bd41966374d89ddeada574602b3784e3d98,XTZ,-0.0479617637985766
0xf5061bd41966374d89ddeada574602b3784e3d98,XVS,-0.0744650529282014
0xf5061bd41966374d89ddeada574602b3784e3d98,YFI,-0.0733712034615357
0xf8d50e3283fb6bf41260f7f294a48587d2a9b1fa,AAVE,0.0057804694111336
0xf8d50e3283fb6bf41260f7f294a48587d2a9b1fa,ADA,0.0781398683019351
0xf8d50e3283fb6bf41260f7f294a48587d2a9b1fa,ALGO,0.0125508069485136
0xf8d50e3283fb6bf41260f7f294a48587d2a9b1fa,APE,0.0296725397572567
0xf8d50e3283fb6bf41260f7f294a48587d2a9b1fa,APT,0.0339916892955955
0xf8d50e3283fb6bf41260f7f294a48587d2a9b1fa,ATOM,0.0328663905175138
0xf8d50e3283fb6bf41260f7f294a48587d2a9b1fa,AVAX,0.0835452894011682
0xf8d50e3283fb6bf41260f7f294a48587d2a9b1fa,AXS,0.014670165382866
0xf8d50e3283fb6bf41260f7f294a48587d2a9b1fa,BAL,0.0246208143825222
0xf8d50e3283fb6bf41260f7f294a48587d2a9b1fa,BCH,0.0595156167395272
0xf8d50e3283fb6bf41260f7f294a48587d2a9b1fa,BLUR,0.0231679089201056
0xf8d50e3283fb6bf41260f7f294a48587d2a9b1fa,BNB,0.0606038243827332
0xf8d50e3283fb6bf41260f7f294a48587d2a9b1fa,BONK,-0.0009243616400923
0xf8d50e3283fb6bf41260f7f294a48587d2a9b1fa,BTC,-0.036071817990234
0xf8d50e3283fb6bf41260f7f294a48587d2a9b1fa,C98,0.0181140257829656
0xf8d50e3283fb6bf41260f7f294a48587d2a9b1fa,CAKE,0.0368746948714276
0xf8d50e3283fb6bf41260f7f294a48587d2a9b1fa,COMP,0.0633125945295915
0xf8d50e3283fb6bf41260f7f294a48587d2a9b1fa,CRV,0.025247219204877
0xf8d50e3283fb6bf41260f7f294a48587d2a9b1fa,CVX,0.0504645637726478
0xf8d50e3283fb6bf41260f7f294a48587d2a9b1fa,DAI,0.0328746573815092
0xf8d50e3283fb6bf41260f7f294a48587d2a9b1fa,DAO,0.0106775086279392
0xf8d50e3283fb6bf41260f7f294a48587d2a9b1fa,DOGE,0.0582855635023197
0xf8d50e3283fb6bf41260f7f294a48587d2a9b1fa,DOT,0.0289710025050254
0xf8d50e3283fb6bf41260f7f294a48587d2a9b1fa,DYDX,0.0048294563017181
0xf8d50e3283fb6bf41260f7f294a48587d2a9b1fa,EOS,0.033151421318926
0xf8d50e3283fb6bf41260f7f294a48587d2a9b1fa,ETC,0.0831554579486467
0xf8d50e3283fb6bf41260f7f294a48587d2a9b1fa,ETH,0.1875417367602634
0xf8d50e3283fb6bf41260f7f294a48587d2a9b1fa,FET,0.0249756019794735
0xf8d50e3283fb6bf41260f7f294a48587d2a9b1fa,FIL,0.0058920322075634
0xf8d50e3283fb6bf41260f7f294a48587d2a9b1fa,FRAX,-0.0439339176019346
0xf8d50e3283fb6bf41260f7f294a48587d2a9b1fa,FTM,-0.041663156497831
0xf8d50e3283fb6bf41260f7f294a48587d2a9b1fa,FXS,0.0502949210839198
0xf8d50e3283fb6bf41260f7f294a48587d2a9b1fa,GRT,0.0222174945879585
0xf8d50e3283fb6bf41260f7f294a48587d2a9b1fa,HAI,0.0620542716392031
0xf8d50e3283fb6bf41260f7f294a48587d2a9b1fa,HERO,0.030082061792188
0xf8d50e3283fb6bf41260f7f294a48587d2a9b1fa,ICP,0.0115805099608451
0xf8d50e3283fb6bf41260f7f294a48587d2a9b1fa,IMX,0.0345771243505995
0xf8d50e3283fb6bf41260f7f294a48587d2a9b1fa,INJ,0.0237810347210894
0xf8d50e3283fb6bf41260f7f294a48587d2a9b1fa,LDO,0.031934674568023
0xf8d50e3283fb6bf41260f7f294a48587d2a9b1fa,LINK,0.0530902771471543
0xf8d50e3283fb6bf41260f7f294a48587d2a9b1fa,LTC,0.0674075721868084
0xf8d50e3283fb6bf41260f7f294a48587d2a9b1fa,MATIC,0.0176700410259154
0xf8d50e3283fb6bf41260f7f294a48587d2a9b1fa,MAV,0.0410362811476149
0xf8d50e3283fb6bf41260f7f294a48587d2a9b1fa,MBOX,0.0318803256441431
0xf8d50e3283fb6bf41260f7f294a48587d2a9b1fa,MKR,0.0025438261264846
0xf8d50e3283fb6bf41260f7f294a48587d2a9b1fa,MOON,0.0837919869472804
0xf8d50e3283fb6bf41260f7f294a48587d2a9b1fa,NEAR,0.0049901461396742
0xf8d50e3283fb6bf41260f7f294a48587d2a9b1fa,OP,0.0801062523028761
0xf8d50e3283fb6bf41260f7f294a48587d2a9b1fa,PENDLE,0.0351540969992345
0xf8d50e3283fb6bf41260f7f294a48587d2a9b1fa,PEPE,0.0117496395276413
0xf8d50e3283fb6bf41260f7f294a48587d2a9b1fa,PERP,0.0460285796566597
0xf8d50e3283fb6bf41260f7f294a48587d2a9b1fa,PIT,0.0486460308700059
0xf8d50e3283fb6bf41260f7f294a48587d2a9b1fa,POLS,0.0392354758988194
0xf8d50e3283fb6bf41260f7f294a48587d2a9b1fa,PYTH,0.039857858713683
0xf8d50e3283fb6bf41260f7f294a48587d2a9b1fa,QUACK,0.0298080614065269
0xf8d50e3283fb6bf41260f7f294a48587d2a9b1fa,RDNT,0.026201347719777
0xf8d50e3283fb6bf41260f7f294a48587d2a9b1fa,RNDR,0.018463562753395
0xf8d50e3283fb6bf41260f7f294a48587d2a9b1fa,RPL,0.0334906588580236
0xf8d50e3283fb6bf41260f7f294a48587d2a9b1fa,RUNE,0.0151107932545422
0xf8d50e3283fb6bf41260f7f294a48587d2a9b1fa,SFP,0.0017792202995354
0xf8d50e3283fb6bf41260f7f294a48587d2a9b1fa,SFUND,-0.0111983436583748
0xf8d50e3283fb6bf41260f7f294a48587d2a9b1fa,SHIB,0.0361895282515203
0xf8d50e3283fb6bf41260f7f294a48587d2a9b1fa,SOL,0.1092575843869646
0xf8d50e3283fb6bf41260f7f294a48587d2a9b1fa,STG,0.0087008060769594
0xf8d50e3283fb6bf41260f7f294a48587d2a9b1fa,SUI,0.0480999836644964
0xf8d50e3283fb6bf41260f7f294a48587d2a9b1fa,SUSHI,0.0430286146810384
0xf8d50e3283fb6bf41260f7f294a48587d2a9b1fa,TIA,0.0238812825940581
0xf8d50e3283fb6bf41260f7f294a48587d2a9b1fa,TOKEN,0.0210825427601697
0xf8d50e3283fb6bf41260f7f294a48587d2a9b1fa,TRX,0.0555268539009457
0xf8d50e3283fb6bf41260f7f294a48587d2a9b1fa,UNI,-0.0364340117767714
0xf8d50e3283fb6bf41260f7f294a48587d2a9b1fa,USDT,0.0348976333166305
0xf8d50e3283fb6bf41260f7f294a48587d2a9b1fa,XLM,0.0750067651970876
0xf8d50e3283fb6bf41260f7f294a48587d2a9b1fa,XMR,0.074622901235778
0xf8d50e3283fb6bf41260f7f294a48587d2a9b1fa,XRP,0.0166258085545406
0xf8d50e3283fb6bf41260f7f294a48587d2a9b1fa,XTZ,0.0361130047727699
0xf8d50e3283fb6bf41260f7f294a48587d2a9b1fa,XVS,0.0240414724756763
0xf8d50e3283fb6bf41260f7f294a48587d2a9b1fa,YFI,0.0150599405327757
0xfb2744ba3942d3bbf6717448e82299b731ca7ae7,AAVE,-0.0029875959095349
0xfb2744ba3942d3bbf6717448e82299b731ca7ae7,ADA,-0.0433831892256763
0xfb2744ba3942d3bbf6717448e82299b731ca7ae7,ALGO,-0.0196493442739158
0xfb2744ba3942d3bbf6717448e82299b731ca7ae7,APE,-0.0170589723786577
0xfb2744ba3942d3bbf6717448e82299b731ca7ae7,APT,-0.0312728222432011
0xfb2744ba3942d3bbf6717448e82299b731ca7ae7,ATOM,-0.0330765639747467
0xfb2744ba3942d3bbf6717448e82299b731ca7ae7,AVAX,-0.0320973247606552
0xfb2744ba3942d3bbf6717448e82299b731ca7ae7,AXS,-0.0219920353136462
0xfb2744ba3942d3bbf6717448e82299b731ca7ae7,BAL,-0.0450538161624439
0xfb2744ba3942d3bbf6717448e82299b731ca7ae7,BCH,0.0104839214046261
0xfb2744ba3942d3bbf6717448e82299b731ca7ae7,BLUR,-0.0337891319679802
0xfb2744ba3942d3bbf6717448e82299b731ca7ae7,BNB,-0.0219439517525726
0xfb2744ba3942d3bbf6717448e82299b731ca7ae7,BONK,-0.0417592347046522
0xfb2744ba3942d3bbf6717448e82299b731ca7ae7,BTC,0.000006087605352983602
0xfb2744ba3942d3bbf6717448e82299b731ca7ae7,C98,-0.0507315479048099
0xfb2744ba3942d3bbf6717448e82299b731ca7ae7,CAKE,-0.007130837789912
0xfb2744ba3942d3bbf6717448e82299b731ca7ae7,COMP,-0.0085273298609287
0xfb2744ba3942d3bbf6717448e82299b731ca7ae7,CRV,0.0048131977236102
0xfb2744ba3942d3bbf6717448e82299b731ca7ae7,CVX,-0.0273108927544057
0xfb2744ba3942d3bbf6717448e82299b731ca7ae7,DAI,-0.0225493761747444
0xfb2744ba3942d3bbf6717448e82299b731ca7ae7,DAO,-0.0197548382295492
0xfb2744ba3942d3bbf6717448e82299b731ca7ae7,DOGE,-0.0135191153287374
0xfb2744ba3942d3bbf6717448e82299b731ca7ae7,DOT,-0.0056304788358111
0xfb2744ba3942d3bbf6717448e82299b731ca7ae7,DYDX,-0.0382031553941878
0xfb2744ba3942d3bbf6717448e82299b731ca7ae7,EOS,-0.0337299888253352
0xfb2744ba3942d3bbf6717448e82299b731ca7ae7,ETC,-0.007526614778653
0xfb2744ba3942d3bbf6717448e82299b731ca7ae7,ETH,-0.0118573328868739
0xfb2744ba3942d3bbf6717448e82299b731ca7ae7,FET,-0.0311299359350677
0xfb2744ba3942d3bbf6717448e82299b731ca7ae7,FIL,-0.0337200067887129
0xfb2744ba3942d3bbf6717448e82299b731ca7ae7,FRAX,-0.0963429833909781
0xfb2744ba3942d3bbf6717448e82299b731ca7ae7,FTM,-0.0092307206939885
0xfb2744ba3942d3bbf6717448e82299b731ca7ae7,FXS,-0.0079781310981679
0xfb2744ba3942d3bbf6717448e82299b731ca7ae7,GRT,-0.0365895675760545
0xfb2744ba3942d3bbf6717448e82299b731ca7ae7,HAI,-0.0295973190123692
0xfb2744ba3942d3bbf6717448e82299b731ca7ae7,HERO,-0.0414205489531366
0xfb2744ba3942d3bbf6717448e82299b731ca7ae7,ICP,-0.02518472340116
0xfb2744ba3942d3bbf6717448e82299b731ca7ae7,IMX,-0.0358850702706164
0xfb2744ba3942d3bbf6717448e82299b731ca7ae7,INJ,-0.0445146660263644
0xfb2744ba3942d3bbf6717448e82299b731ca7ae7,LDO,-0.0337244889686845
0xfb2744ba3942d3bbf6717448e82299b731ca7ae7,LINK,-0.0104821854897004
0xfb2744ba3942d3bbf6717448e82299b731ca7ae7,LTC,-0.0181216509529453
0xfb2744ba3942d3bbf6717448e82299b731ca7ae7,MATIC,-0.0450387412072471
0xfb2744ba3942d3bbf6717448e82299b731ca7ae7,MAV,-0.0516051737180941
0xfb2744ba3942d3bbf6717448e82299b731ca7ae7,MBOX,-0.054664730288619
0xfb2744ba3942d3bbf6717448e82299b731ca7ae7,MKR,-0.0397701259557601
0xfb2744ba3942d3bbf6717448e82299b731ca7ae7,MOON,-0.0051157149413494
0xfb2744ba3942d3bbf6717448e82299b731ca7ae7,NEAR,-0.0342464473668167
0xfb2744ba3942d3bbf6717448e82299b731ca7ae7,OP,-0.0137792871144418
0xfb2744ba3942d3bbf6717448e82299b731ca7ae7,PENDLE,-0.0383229144212835
0xfb2744ba3942d3bbf6717448e82299b731ca7ae7,PEPE,-0.0223929389905217
0xfb2744ba3942d3bbf6717448e82299b731ca7ae7,PERP,-0.0297911622840509
0xfb2744ba3942d3bbf6717448e82299b731ca7ae7,PIT,-0.0394163023184168
0xfb2744ba3942d3bbf6717448e82299b731ca7ae7,POLS,-0.0289869748135704
0xfb2744ba3942d3bbf6717448e82299b731ca7ae7,PYTH,-0.0475130560445122
0xfb2744ba3942d3bbf6717448e82299b731ca7ae7,QUACK,-0.0391202651939308
0xfb2744ba3942d3bbf6717448e82299b731ca7ae7,RDNT,-0.0492612758458617
0xfb2744ba3942d3bbf6717448e82299b731ca7ae7,RNDR,-0.042347428135635
0xfb2744ba3942d3bbf6717448e82299b731ca7ae7,RPL,-0.0233470838164999
0xfb2744ba3942d3bbf6717448e82299b731ca7ae7,RUNE,-0.0284462341345892
0xfb2744ba3942d3bbf6717448e82299b731ca7ae7,SFP,-0.0227179873846151
0xfb2744ba3942d3bbf6717448e82299b731ca7ae7,SFUND,-0.2203937930168944
0xfb2744ba3942d3bbf6717448e82299b731ca7ae7,SHIB,-0.0263682056812005
0xfb2744ba3942d3bbf6717448e82299b731ca7ae7,SOL,-0.0052965685021309
0xfb2744ba3942d3bbf6717448e82299b731ca7ae7,STG,-0.039596171570952
0xfb2744ba3942d3bbf6717448e82299b731ca7ae7,SUI,-0.0043860920154539
0xfb2744ba3942d3bbf6717448e82299b731ca7ae7,SUSHI,-0.0212711520548787
0xfb2744ba3942d3bbf6717448e82299b731ca7ae7,TIA,-0.0317348699484821
0xfb2744ba3942d3bbf6717448e82299b731ca7ae7,TOKEN,-0.0483788601845944
0xfb2744ba3942d3bbf6717448e82299b731ca7ae7,TRX,-0.0051342263442247
0xfb2744ba3942d3bbf6717448e82299b731ca7ae7,UNI,-0.0288250065989692
0xfb2744ba3942d3bbf6717448e82299b731ca7ae7,USDT,-0.0006637223534706
0xfb2744ba3942d3bbf6717448e82299b731ca7ae7,XLM,-0.0132745085418228
0xfb2744ba3942d3bbf6717448e82299b731ca7ae7,XMR,-0.0185631390385907
0xfb2744ba3942d3bbf6717448e82299b731ca7ae7,XRP,-0.0078706763911125
0xfb2744ba3942d3bbf6717448e82299b731ca7ae7,XTZ,-0.0161165857019102
0xfb2744ba3942d3bbf6717448e82299b731ca7ae7,XVS,-0.0365862718122013
0xfb2744ba3942d3bbf6717448e82299b731ca7ae7,YFI,-0.0351366895834886
0xfb8bc3433016a64a3b8aa23c0275afe7c20feb53,AAVE,-0.016726933
0xfb8bc3433016a64a3b8aa23c0275afe7c20feb53,ADA,-0.029109634
0xfb8bc3433016a64a3b8aa23c0275afe7c20feb53,ALGO,-0.0081859315
0xfb8bc3433016a64a3b8aa23c0275afe7c20feb53,APE,-0.00029867384
0xfb8bc3433016a64a3b8aa23c0275afe7c20feb53,APT,-0.027333803
0xfb8bc3433016a64a3b8aa23c0275afe7c20feb53,ATOM,-0.021368122
0xfb8bc3433016a64a3b8aa23c0275afe7c20feb53,AVAX,-0.0050443104
0xfb8bc3433016a64a3b8aa23c0275afe7c20feb53,AXS,-0.01315474
0xfb8bc3433016a64a3b8aa23c0275afe7c20feb53,BAL,-0.02184576
0xfb8bc3433016a64a3b8aa23c0275afe7c20feb53,BCH,0.016371788
0xfb8bc3433016a64a3b8aa23c0275afe7c20feb53,BLUR,-0.014213854
0xfb8bc3433016a64a3b8aa23c0275afe7c20feb53,BNB,-0.010254415
0xfb8bc3433016a64a3b8aa23c0275afe7c20feb53,BONK,-0.028994087
0xfb8bc3433016a64a3b8aa23c0275afe7c20feb53,BTC,-0.0050208815
0xfb8bc3433016a64a3b8aa23c0275afe7c20feb53,C98,-0.025349949
0xfb8bc3433016a64a3b8aa23c0275afe7c20feb53,CAKE,0.001369771
0xfb8bc3433016a64a3b8aa23c0275afe7c20feb53,COMP,-0.023649657
0xfb8bc3433016a64a3b8aa23c0275afe7c20feb53,CRV,0.013849919
0xfb8bc3433016a64a3b8aa23c0275afe7c20feb53,CVX,-0.017725833
0xfb8bc3433016a64a3b8aa23c0275afe7c20feb53,DAI,-0.030624608
0xfb8bc3433016a64a3b8aa23c0275afe7c20feb53,DAO,-0.022299666
0xfb8bc3433016a64a3b8aa23c0275afe7c20feb53,DOGE,0.012680242
0xfb8bc3433016a64a3b8aa23c0275afe7c20feb53,DOT,0.017770296
0xfb8bc3433016a64a3b8aa23c0275afe7c20feb53,DYDX,-0.016567418
0xfb8bc3433016a64a3b8aa23c0275afe7c20feb53,EOS,-0.034243204
0xfb8bc3433016a64a3b8aa23c0275afe7c20feb53,ETC,0.010192795
0xfb8bc3433016a64a3b8aa23c0275afe7c20feb53,ETH,0.009850134
0xfb8bc3433016a64a3b8aa23c0275afe7c20feb53,FET,-0.013354254
0xfb8bc3433016a64a3b8aa23c0275afe7c20feb53,FIL,-0.013428659
0xfb8bc3433016a64a3b8aa23c0275afe7c20feb53,FRAX,-0.14808877
0xfb8bc3433016a64a3b8aa23c0275afe7c20feb53,FTM,0.0060485345
0xfb8bc3433016a64a3b8aa23c0275afe7c20feb53,FXS,-0.0016744655
0xfb8bc3433016a64a3b8aa23c0275afe7c20feb53,GRT,-0.023711918
0xfb8bc3433016a64a3b8aa23c0275afe7c20feb53,HAI,-0.03838901
0xfb8bc3433016a64a3b8aa23c0275afe7c20feb53,HERO,-0.014026806
0xfb8bc3433016a64a3b8aa23c0275afe7c20feb53,ICP,-0.010481435
0xfb8bc3433016a64a3b8aa23c0275afe7c20feb53,IMX,-0.016228806
0xfb8bc3433016a64a3b8aa23c0275afe7c20feb53,INJ,-0.035490416
0xfb8bc3433016a64a3b8aa23c0275afe7c20feb53,LDO,-0.0152613595
0xfb8bc3433016a64a3b8aa23c0275afe7c20feb53,LINK,0.009024024
0xfb8bc3433016a64a3b8aa23c0275afe7c20feb53,LTC,-0.016201055
0xfb8bc3433016a64a3b8aa23c0275afe7c20feb53,MATIC,-0.032332666
0xfb8bc3433016a64a3b8aa23c0275afe7c20feb53,MAV,-0.03296116
0xfb8bc3433016a64a3b8aa23c0275afe7c20feb53,MBOX,-0.036995724
0xfb8bc3433016a64a3b8aa23c0275afe7c20feb53,MKR,-0.0068278494
0xfb8bc3433016a64a3b8aa23c0275afe7c20feb53,MOON,-0.013321158
0xfb8bc3433016a64a3b8aa23c0275afe7c20feb53,NEAR,-0.034712456
0xfb8bc3433016a64a3b8aa23c0275afe7c20feb53,OP,-0.019488195
0xfb8bc3433016a64a3b8aa23c0275afe7c20feb53,PENDLE,-0.027207427
0xfb8bc3433016a64a3b8aa23c0275afe7c20feb53,PEPE,-0.008937767
0xfb8bc3433016a64a3b8aa23c0275afe7c20feb53,PERP,-0.035725378
0xfb8bc3433016a64a3b8aa23c0275afe7c20feb53,PIT,-0.038219508
0xfb8bc3433016a64a3b8aa23c0275afe7c20feb53,POLS,-0.01849034
0xfb8bc3433016a64a3b8aa23c0275afe7c20feb53,PYTH,-0.04576673
0xfb8bc3433016a64a3b8aa23c0275afe7c20feb53,QUACK,-0.009721071
0xfb8bc3433016a64a3b8aa23c0275afe7c20feb53,RDNT,-0.02736506
0xfb8bc3433016a64a3b8aa23c0275afe7c20feb53,RNDR,-0.035410054
0xfb8bc3433016a64a3b8aa23c0275afe7c20feb53,RPL,-0.025552403
0xfb8bc3433016a64a3b8aa23c0275afe7c20feb53,RUNE,-0.0101718595
0xfb8bc3433016a64a3b8aa23c0275afe7c20feb53,SFP,-0.012189195
0xfb8bc3433016a64a3b8aa23c0275afe7c20feb53,SFUND,-0.21205273
0xfb8bc3433016a64a3b8aa23c0275afe7c20feb53,SHIB,-0.017177451
0xfb8bc3433016a64a3b8aa23c0275afe7c20feb53,SOL,0.012003898
0xfb8bc3433016a64a3b8aa23c0275afe7c20feb53,STG,-0.02692528
0xfb8bc3433016a64a3b8aa23c0275afe7c20feb53,SUI,0.0059688785
0xfb8bc3433016a64a3b8aa23c0275afe7c20feb53,SUSHI,-0.012992451
0xfb8bc3433016a64a3b8aa23c0275afe7c20feb53,TIA,-0.021672014
0xfb8bc3433016a64a3b8aa23c0275afe7c20feb53,TOKEN,-0.0353433
0xfb8bc3433016a64a3b8aa23c0275afe7c20feb53,TRX,0.009582309
0xfb8bc3433016a64a3b8aa23c0275afe7c20feb53,UNI,-0.00525134
0xfb8bc3433016a64a3b8aa23c0275afe7c20feb53,USDT,0.017456023
0xfb8bc3433016a64a3b8aa23c0275afe7c20feb53,XLM,-0.0022989807
0xfb8bc3433016a64a3b8aa23c0275afe7c20feb53,XMR,0.014737495
0xfb8bc3433016a64a3b8aa23c0275afe7c20feb53,XRP,-0.0034395198
0xfb8bc3433016a64a3b8aa23c0275afe7c20feb53,XTZ,-0.0094063
0xfb8bc3433016a64a3b8aa23c0275afe7c20feb53,XVS,-0.020434447
0xfb8bc3433016a64a3b8aa23c0275afe7c20feb53,YFI,-0.03144537
0xfe3c3f351e6df846566e10119e4295ed69b2cd72,AAVE,-0.0114055787087714
0xfe3c3f351e6df846566e10119e4295ed69b2cd72,ADA,-0.0114055787087714
0xfe3c3f351e6df846566e10119e4295ed69b2cd72,ALGO,-0.0114055787087714
0xfe3c3f351e6df846566e10119e4295ed69b2cd72,APE,-0.0114055787087714
0xfe3c3f351e6df846566e10119e4295ed69b2cd72,APT,-0.0114055787087714
0xfe3c3f351e6df846566e10119e4295ed69b2cd72,ATOM,-0.0114055787087714
0xfe3c3f351e6df846566e10119e4295ed69b2cd72,AVAX,-0.0114055787087714
0xfe3c3f351e6df846566e10119e4295ed69b2cd72,AXS,-0.0114055787087714
0xfe3c3f351e6df846566e10119e4295ed69b2cd72,BAL,-0.0114055787087714
0xfe3c3f351e6df846566e10119e4295ed69b2cd72,BCH,-0.0114055787087714
0xfe3c3f351e6df846566e10119e4295ed69b2cd72,BLUR,-0.0114055787087714
0xfe3c3f351e6df846566e10119e4295ed69b2cd72,BNB,-0.0114055787087714
0xfe3c3f351e6df846566e10119e4295ed69b2cd72,BONK,-0.0114055787087714
0xfe3c3f351e6df846566e10119e4295ed69b2cd72,BTC,-0.0110629378967739
0xfe3c3f351e6df846566e10119e4295ed69b2cd72,C98,-0.0114055787087714
0xfe3c3f351e6df846566e10119e4295ed69b2cd72,CAKE,-0.0114055787087714
0xfe3c3f351e6df846566e10119e4295ed69b2cd72,COMP,-0.0110629378967739
0xfe3c3f351e6df846566e10119e4295ed69b2cd72,CRV,-0.0114055787087714
0xfe3c3f351e6df846566e10119e4295ed69b2cd72,CVX,-0.0114055787087714
0xfe3c3f351e6df846566e10119e4295ed69b2cd72,DAI,-0.0114055787087714
0xfe3c3f351e6df846566e10119e4295ed69b2cd72,DAO,-0.0114055787087714
0xfe3c3f351e6df846566e10119e4295ed69b2cd72,DOGE,-0.0114055787087714
0xfe3c3f351e6df846566e10119e4295ed69b2cd72,DOT,-0.0114055787087714
0xfe3c3f351e6df846566e10119e4295ed69b2cd72,DYDX,-0.0114055787087714
0xfe3c3f351e6df846566e10119e4295ed69b2cd72,EOS,-0.0114055787087714
0xfe3c3f351e6df846566e10119e4295ed69b2cd72,ETC,-0.0114055787087714
0xfe3c3f351e6df846566e10119e4295ed69b2cd72,ETH,-0.0114055787087714
0xfe3c3f351e6df846566e10119e4295ed69b2cd72,FET,-0.0114055787087714
0xfe3c3f351e6df846566e10119e4295ed69b2cd72,FIL,-0.0114055787087714
0xfe3c3f351e6df846566e10119e4295ed69b2cd72,FRAX,-0.0120625663413554
0xfe3c3f351e6df846566e10119e4295ed69b2cd72,FTM,-0.0111708028772198
0xfe3c3f351e6df846566e10119e4295ed69b2cd72,FXS,-0.0114055787087714
0xfe3c3f351e6df846566e10119e4295ed69b2cd72,GRT,-0.0114055787087714
0xfe3c3f351e6df846566e10119e4295ed69b2cd72,HAI,-0.0114055787087714
0xfe3c3f351e6df846566e10119e4295ed69b2cd72,HERO,-0.0114055787087714
0xfe3c3f351e6df846566e10119e4295ed69b2cd72,ICP,-0.0114055787087714
0xfe3c3f351e6df846566e10119e4295ed69b2cd72,IMX,-0.0114055787087714
0xfe3c3f351e6df846566e10119e4295ed69b2cd72,INJ,-0.0114055787087714
0xfe3c3f351e6df846566e10119e4295ed69b2cd72,LDO,-0.0114055787087714
0xfe3c3f351e6df846566e10119e4295ed69b2cd72,LINK,-0.0114055787087714
0xfe3c3f351e6df846566e10119e4295ed69b2cd72,LTC,-0.0114055787087714
0xfe3c3f351e6df846566e10119e4295ed69b2cd72,MATIC,-0.0114055787087714
0xfe3c3f351e6df846566e10119e4295ed69b2cd72,MAV,-0.0114055787087714
0xfe3c3f351e6df846566e10119e4295ed69b2cd72,MBOX,-0.0114055787087714
0xfe3c3f351e6df846566e10119e4295ed69b2cd72,MKR,-0.0114055787087714
0xfe3c3f351e6df846566e10119e4295ed69b2cd72,MOON,-0.0114055787087714
0xfe3c3f351e6df846566e10119e4295ed69b2cd72,NEAR,-0.0114055787087714
0xfe3c3f351e6df846566e10119e4295ed69b2cd72,OP,-0.0114055787087714
0xfe3c3f351e6df846566e10119e4295ed69b2cd72,PENDLE,-0.0114055787087714
0xfe3c3f351e6df846566e10119e4295ed69b2cd72,PEPE,-0.0114055787087714
0xfe3c3f351e6df846566e10119e4295ed69b2cd72,PERP,-0.0114055787087714
0xfe3c3f351e6df846566e10119e4295ed69b2cd72,PIT,-0.0114055787087714
0xfe3c3f351e6df846566e10119e4295ed69b2cd72,POLS,-0.0114055787087714
0xfe3c3f351e6df846566e10119e4295ed69b2cd72,PYTH,-0.0114055787087714
0xfe3c3f351e6df846566e10119e4295ed69b2cd72,QUACK,-0.0114055787087714
0xfe3c3f351e6df846566e10119e4295ed69b2cd72,RDNT,-0.0114055787087714
0xfe3c3f351e6df846566e10119e4295ed69b2cd72,RNDR,-0.0114055787087714
0xfe3c3f351e6df846566e10119e4295ed69b2cd72,RPL,-0.0114055787087714
0xfe3c3f351e6df846566e10119e4295ed69b2cd72,RUNE,-0.0114055787087714
0xfe3c3f351e6df846566e10119e4295ed69b2cd72,SFP,-0.0114055787087714
0xfe3c3f351e6df846566e10119e4295ed69b2cd72,SFUND,-0.0114055787087714
0xfe3c3f351e6df846566e10119e4295ed69b2cd72,SHIB,-0.0114055787087714
0xfe3c3f351e6df846566e10119e4295ed69b2cd72,SOL,-0.0111708028772198
0xfe3c3f351e6df846566e10119e4295ed69b2cd72,STG,-0.0120625663413554
0xfe3c3f351e6df846566e10119e4295ed69b2cd72,SUI,-0.0114055787087714
0xfe3c3f351e6df846566e10119e4295ed69b2cd72,SUSHI,-0.0114055787087714
0xfe3c3f351e6df846566e10119e4295ed69b2cd72,TIA,-0.0114055787087714
0xfe3c3f351e6df846566e10119e4295ed69b2cd72,TOKEN,-0.0114055787087714
0xfe3c3f351e6df846566e10119e4295ed69b2cd72,TRX,-0.0114055787087714
0xfe3c3f351e6df846566e10119e4295ed69b2cd72,UNI,-0.0114055787087714
0xfe3c3f351e6df846566e10119e4295ed69b2cd72,USDT,-0.0114055787087714
0xfe3c3f351e6df846566e10119e4295ed69b2cd72,XLM,-0.0114055787087714
0xfe3c3f351e6df846566e10119e4295ed69b2cd72,XMR,-0.0111708028772198
0xfe3c3f351e6df846566e10119e4295ed69b2cd72,XRP,-0.0114055787087714
0xfe3c3f351e6df846566e10119e4295ed69b2cd72,XTZ,-0.0114055787087714
0xfe3c3f351e6df846566e10119e4295ed69b2cd72,XVS,-0.0114055787087714
0xfe3c3f351e6df846566e10119e4295ed69b2cd72,YFI,-0.0114055787087714
