address,symbol,prediction
0x00c4210b2525cee9d981090baf6f9e867e650eb9,AAVE,0.7074280381202698
0x00c4210b2525cee9d981090baf6f9e867e650eb9,ADA,0.4714974164962768
0x00c4210b2525cee9d981090baf6f9e867e650eb9,ALGO,0.4777918457984924
0x00c4210b2525cee9d981090baf6f9e867e650eb9,APE,0.3567039966583252
0x00c4210b2525cee9d981090baf6f9e867e650eb9,APT,0.3809208571910858
0x00c4210b2525cee9d981090baf6f9e867e650eb9,ATOM,0.4033561944961548
0x00c4210b2525cee9d981090baf6f9e867e650eb9,AVAX,0.4498975872993469
0x00c4210b2525cee9d981090baf6f9e867e650eb9,AXS,0.3867949545383453
0x00c4210b2525cee9d981090baf6f9e867e650eb9,BAL,0.5181711912155151
0x00c4210b2525cee9d981090baf6f9e867e650eb9,BCH,0.8619182109832764
0x00c4210b2525cee9d981090baf6f9e867e650eb9,BLUR,0.2619224190711975
0x00c4210b2525cee9d981090baf6f9e867e650eb9,BNB,0.9939389824867249
0x00c4210b2525cee9d981090baf6f9e867e650eb9,BONK,0.2741486132144928
0x00c4210b2525cee9d981090baf6f9e867e650eb9,BTC,1.0
0x00c4210b2525cee9d981090baf6f9e867e650eb9,C98,0.2881575226783752
0x00c4210b2525cee9d981090baf6f9e867e650eb9,CAKE,0.5106989741325378
0x00c4210b2525cee9d981090baf6f9e867e650eb9,COMP,0.4869533777236938
0x00c4210b2525cee9d981090baf6f9e867e650eb9,CRV,0.4291660487651825
0x00c4210b2525cee9d981090baf6f9e867e650eb9,CVX,0.3712247908115387
0x00c4210b2525cee9d981090baf6f9e867e650eb9,DAI,0.993191123008728
0x00c4210b2525cee9d981090baf6f9e867e650eb9,DAO,0.1345393806695938
0x00c4210b2525cee9d981090baf6f9e867e650eb9,DOGE,0.5185658931732178
0x00c4210b2525cee9d981090baf6f9e867e650eb9,DOT,0.3841259479522705
0x00c4210b2525cee9d981090baf6f9e867e650eb9,DYDX,0.3025250434875488
0x00c4210b2525cee9d981090baf6f9e867e650eb9,EOS,0.2995689213275909
0x00c4210b2525cee9d981090baf6f9e867e650eb9,ETC,0.5852444767951965
0x00c4210b2525cee9d981090baf6f9e867e650eb9,ETH,0.902295172214508
0x00c4210b2525cee9d981090baf6f9e867e650eb9,FET,0.279186487197876
0x00c4210b2525cee9d981090baf6f9e867e650eb9,FIL,0.3354701399803161
0x00c4210b2525cee9d981090baf6f9e867e650eb9,FRAX,0.9411270022392272
0x00c4210b2525cee9d981090baf6f9e867e650eb9,FTM,0.3302249312400818
0x00c4210b2525cee9d981090baf6f9e867e650eb9,FXS,0.210185095667839
0x00c4210b2525cee9d981090baf6f9e867e650eb9,GRT,0.3554988205432892
0x00c4210b2525cee9d981090baf6f9e867e650eb9,HAI,0.3622301816940307
0x00c4210b2525cee9d981090baf6f9e867e650eb9,HERO,0.5119432806968689
0x00c4210b2525cee9d981090baf6f9e867e650eb9,ICP,0.3358393311500549
0x00c4210b2525cee9d981090baf6f9e867e650eb9,IMX,0.2390165776014328
0x00c4210b2525cee9d981090baf6f9e867e650eb9,INJ,0.2794836461544037
0x00c4210b2525cee9d981090baf6f9e867e650eb9,LDO,0.2809610068798065
0x00c4210b2525cee9d981090baf6f9e867e650eb9,LINK,0.5545976758003235
0x00c4210b2525cee9d981090baf6f9e867e650eb9,LTC,0.9201887249946594
0x00c4210b2525cee9d981090baf6f9e867e650eb9,MATIC,0.2929064631462097
0x00c4210b2525cee9d981090baf6f9e867e650eb9,MAV,0.2653631269931793
0x00c4210b2525cee9d981090baf6f9e867e650eb9,MBOX,0.3293225467205047
0x00c4210b2525cee9d981090baf6f9e867e650eb9,MKR,0.5683820843696594
0x00c4210b2525cee9d981090baf6f9e867e650eb9,MOON,0.2443795055150985
0x00c4210b2525cee9d981090baf6f9e867e650eb9,NEAR,0.3536802232265472
0x00c4210b2525cee9d981090baf6f9e867e650eb9,OP,0.6017462015151978
0x00c4210b2525cee9d981090baf6f9e867e650eb9,PENDLE,0.4786396324634552
0x00c4210b2525cee9d981090baf6f9e867e650eb9,PEPE,0.3664266765117645
0x00c4210b2525cee9d981090baf6f9e867e650eb9,PERP,0.2368582636117935
0x00c4210b2525cee9d981090baf6f9e867e650eb9,PIT,0.4990563988685608
0x00c4210b2525cee9d981090baf6f9e867e650eb9,POLS,0.2570363581180572
0x00c4210b2525cee9d981090baf6f9e867e650eb9,PYTH,0.2085210382938385
0x00c4210b2525cee9d981090baf6f9e867e650eb9,QUACK,0.6864025592803955
0x00c4210b2525cee9d981090baf6f9e867e650eb9,RDNT,0.2646961212158203
0x00c4210b2525cee9d981090baf6f9e867e650eb9,RNDR,0.325349360704422
0x00c4210b2525cee9d981090baf6f9e867e650eb9,RPL,0.0
0x00c4210b2525cee9d981090baf6f9e867e650eb9,RUNE,0.3587855696678161
0x00c4210b2525cee9d981090baf6f9e867e650eb9,SFP,0.5600454211235046
0x00c4210b2525cee9d981090baf6f9e867e650eb9,SFUND,0.2189635634422302
0x00c4210b2525cee9d981090baf6f9e867e650eb9,SHIB,0.5086356401443481
0x00c4210b2525cee9d981090baf6f9e867e650eb9,SOL,0.9245826601982116
0x00c4210b2525cee9d981090baf6f9e867e650eb9,STG,0.4422770142555237
0x00c4210b2525cee9d981090baf6f9e867e650eb9,SUI,0.4256802201271057
0x00c4210b2525cee9d981090baf6f9e867e650eb9,SUSHI,0.3461283147335052
0x00c4210b2525cee9d981090baf6f9e867e650eb9,TIA,0.2115813493728637
0x00c4210b2525cee9d981090baf6f9e867e650eb9,TOKEN,0.240769162774086
0x00c4210b2525cee9d981090baf6f9e867e650eb9,TRX,0.9127470254898072
0x00c4210b2525cee9d981090baf6f9e867e650eb9,UNI,0.3943337500095367
0x00c4210b2525cee9d981090baf6f9e867e650eb9,USDT,0.9525135159492492
0x00c4210b2525cee9d981090baf6f9e867e650eb9,XLM,0.5660663843154907
0x00c4210b2525cee9d981090baf6f9e867e650eb9,XMR,0.938980996608734
0x00c4210b2525cee9d981090baf6f9e867e650eb9,XRP,0.8934696316719055
0x00c4210b2525cee9d981090baf6f9e867e650eb9,XTZ,0.5185448527336121
0x00c4210b2525cee9d981090baf6f9e867e650eb9,XVS,0.5851059556007385
0x00c4210b2525cee9d981090baf6f9e867e650eb9,YFI,0.5917225480079651
0x03179fbf3ecc0ae5e85fe0de0dce21d6e16447fe,AAVE,0.5335490717643663
0x03179fbf3ecc0ae5e85fe0de0dce21d6e16447fe,ADA,0.3844919931489464
0x03179fbf3ecc0ae5e85fe0de0dce21d6e16447fe,ALGO,0.3730383332101979
0x03179fbf3ecc0ae5e85fe0de0dce21d6e16447fe,APE,0.2087151313623886
0x03179fbf3ecc0ae5e85fe0de0dce21d6e16447fe,APT,0.3041493670607311
0x03179fbf3ecc0ae5e85fe0de0dce21d6e16447fe,ATOM,0.2803663666541365
0x03179fbf3ecc0ae5e85fe0de0dce21d6e16447fe,AVAX,0.3426394857916193
0x03179fbf3ecc0ae5e85fe0de0dce21d6e16447fe,AXS,0.335203924711173
0x03179fbf3ecc0ae5e85fe0de0dce21d6e16447fe,BAL,0.2909854838519576
0x03179fbf3ecc0ae5e85fe0de0dce21d6e16447fe,BCH,0.6972194575367234
0x03179fbf3ecc0ae5e85fe0de0dce21d6e16447fe,BLUR,0.1971749541412543
0x03179fbf3ecc0ae5e85fe0de0dce21d6e16447fe,BNB,1.0
0x03179fbf3ecc0ae5e85fe0de0dce21d6e16447fe,BONK,0.1383304231662563
0x03179fbf3ecc0ae5e85fe0de0dce21d6e16447fe,BTC,0.937371057926786
0x03179fbf3ecc0ae5e85fe0de0dce21d6e16447fe,C98,0.1953208712406509
0x03179fbf3ecc0ae5e85fe0de0dce21d6e16447fe,CAKE,0.3973775574051282
0x03179fbf3ecc0ae5e85fe0de0dce21d6e16447fe,COMP,0.3386121503275018
0x03179fbf3ecc0ae5e85fe0de0dce21d6e16447fe,CRV,0.388103549077417
0x03179fbf3ecc0ae5e85fe0de0dce21d6e16447fe,CVX,0.3182109806734953
0x03179fbf3ecc0ae5e85fe0de0dce21d6e16447fe,DAI,0.9393610722884084
0x03179fbf3ecc0ae5e85fe0de0dce21d6e16447fe,DAO,0.1468674265480436
0x03179fbf3ecc0ae5e85fe0de0dce21d6e16447fe,DOGE,0.4459089002195326
0x03179fbf3ecc0ae5e85fe0de0dce21d6e16447fe,DOT,0.4208190796216395
0x03179fbf3ecc0ae5e85fe0de0dce21d6e16447fe,DYDX,0.1903305455922099
0x03179fbf3ecc0ae5e85fe0de0dce21d6e16447fe,EOS,0.2271500368715961
0x03179fbf3ecc0ae5e85fe0de0dce21d6e16447fe,ETC,0.4755854623431129
0x03179fbf3ecc0ae5e85fe0de0dce21d6e16447fe,ETH,0.7750580478234302
0x03179fbf3ecc0ae5e85fe0de0dce21d6e16447fe,FET,0.174226308198448
0x03179fbf3ecc0ae5e85fe0de0dce21d6e16447fe,FIL,0.2995203115399248
0x03179fbf3ecc0ae5e85fe0de0dce21d6e16447fe,FRAX,0.8518988786274908
0x03179fbf3ecc0ae5e85fe0de0dce21d6e16447fe,FTM,0.2019029047681953
0x03179fbf3ecc0ae5e85fe0de0dce21d6e16447fe,FXS,0.1470348338571481
0x03179fbf3ecc0ae5e85fe0de0dce21d6e16447fe,GRT,0.2372877745499398
0x03179fbf3ecc0ae5e85fe0de0dce21d6e16447fe,HAI,0.3175201983192277
0x03179fbf3ecc0ae5e85fe0de0dce21d6e16447fe,HERO,0.3734584612274234
0x03179fbf3ecc0ae5e85fe0de0dce21d6e16447fe,ICP,0.2907784342930847
0x03179fbf3ecc0ae5e85fe0de0dce21d6e16447fe,IMX,0.1997893279399038
0x03179fbf3ecc0ae5e85fe0de0dce21d6e16447fe,INJ,0.2397987266402746
0x03179fbf3ecc0ae5e85fe0de0dce21d6e16447fe,LDO,0.1671924934854088
0x03179fbf3ecc0ae5e85fe0de0dce21d6e16447fe,LINK,0.4266084724698982
0x03179fbf3ecc0ae5e85fe0de0dce21d6e16447fe,LTC,0.8924877297824451
0x03179fbf3ecc0ae5e85fe0de0dce21d6e16447fe,MATIC,0.2294864882538433
0x03179fbf3ecc0ae5e85fe0de0dce21d6e16447fe,MAV,0.1980551795122119
0x03179fbf3ecc0ae5e85fe0de0dce21d6e16447fe,MBOX,0.268908933947763
0x03179fbf3ecc0ae5e85fe0de0dce21d6e16447fe,MKR,0.5446269375181135
0x03179fbf3ecc0ae5e85fe0de0dce21d6e16447fe,MOON,0.2789918127812679
0x03179fbf3ecc0ae5e85fe0de0dce21d6e16447fe,NEAR,0.3552468766256698
0x03179fbf3ecc0ae5e85fe0de0dce21d6e16447fe,OP,0.2949612796092534
0x03179fbf3ecc0ae5e85fe0de0dce21d6e16447fe,PENDLE,0.3896617799310635
0x03179fbf3ecc0ae5e85fe0de0dce21d6e16447fe,PEPE,0.3196919653619622
0x03179fbf3ecc0ae5e85fe0de0dce21d6e16447fe,PERP,0.2206035521647094
0x03179fbf3ecc0ae5e85fe0de0dce21d6e16447fe,PIT,0.4035530466083121
0x03179fbf3ecc0ae5e85fe0de0dce21d6e16447fe,POLS,0.2099188897331053
0x03179fbf3ecc0ae5e85fe0de0dce21d6e16447fe,PYTH,0.1313885997084186
0x03179fbf3ecc0ae5e85fe0de0dce21d6e16447fe,QUACK,0.4337213612073924
0x03179fbf3ecc0ae5e85fe0de0dce21d6e16447fe,RDNT,0.1617266479638041
0x03179fbf3ecc0ae5e85fe0de0dce21d6e16447fe,RNDR,0.2469378610368184
0x03179fbf3ecc0ae5e85fe0de0dce21d6e16447fe,RPL,0.0
0x03179fbf3ecc0ae5e85fe0de0dce21d6e16447fe,RUNE,0.2294106269833986
0x03179fbf3ecc0ae5e85fe0de0dce21d6e16447fe,SFP,0.4437735956790301
0x03179fbf3ecc0ae5e85fe0de0dce21d6e16447fe,SFUND,0.2482189643118245
0x03179fbf3ecc0ae5e85fe0de0dce21d6e16447fe,SHIB,0.3701786636865362
0x03179fbf3ecc0ae5e85fe0de0dce21d6e16447fe,SOL,0.8493530212182924
0x03179fbf3ecc0ae5e85fe0de0dce21d6e16447fe,STG,0.3605111713344705
0x03179fbf3ecc0ae5e85fe0de0dce21d6e16447fe,SUI,0.3383122164566612
0x03179fbf3ecc0ae5e85fe0de0dce21d6e16447fe,SUSHI,0.2935149237896568
0x03179fbf3ecc0ae5e85fe0de0dce21d6e16447fe,TIA,0.1987874071861459
0x03179fbf3ecc0ae5e85fe0de0dce21d6e16447fe,TOKEN,0.1476548732865408
0x03179fbf3ecc0ae5e85fe0de0dce21d6e16447fe,TRX,0.8736690106905097
0x03179fbf3ecc0ae5e85fe0de0dce21d6e16447fe,UNI,0.3658168366346999
0x03179fbf3ecc0ae5e85fe0de0dce21d6e16447fe,USDT,0.8677991210797669
0x03179fbf3ecc0ae5e85fe0de0dce21d6e16447fe,XLM,0.4216990205516584
0x03179fbf3ecc0ae5e85fe0de0dce21d6e16447fe,XMR,0.8312846190182256
0x03179fbf3ecc0ae5e85fe0de0dce21d6e16447fe,XRP,0.8309040190593833
0x03179fbf3ecc0ae5e85fe0de0dce21d6e16447fe,XTZ,0.3862268927771746
0x03179fbf3ecc0ae5e85fe0de0dce21d6e16447fe,XVS,0.4509971792092894
0x03179fbf3ecc0ae5e85fe0de0dce21d6e16447fe,YFI,0.4454559988881511
0x04e1dd13ef029f573cf717f094a6b601b9e03550,AAVE,0.6396458
0x04e1dd13ef029f573cf717f094a6b601b9e03550,ADA,0.6687076
0x04e1dd13ef029f573cf717f094a6b601b9e03550,ALGO,0.6595893
0x04e1dd13ef029f573cf717f094a6b601b9e03550,APE,0.63097507
0x04e1dd13ef029f573cf717f094a6b601b9e03550,APT,0.64188766
0x04e1dd13ef029f573cf717f094a6b601b9e03550,ATOM,0.67251706
0x04e1dd13ef029f573cf717f094a6b601b9e03550,AVAX,0.66300136
0x04e1dd13ef029f573cf717f094a6b601b9e03550,AXS,0.64040047
0x04e1dd13ef029f573cf717f094a6b601b9e03550,BAL,0.6418131
0x04e1dd13ef029f573cf717f094a6b601b9e03550,BCH,0.6623371
0x04e1dd13ef029f573cf717f094a6b601b9e03550,BLUR,0.6372797
0x04e1dd13ef029f573cf717f094a6b601b9e03550,BNB,0.66454846
0x04e1dd13ef029f573cf717f094a6b601b9e03550,BONK,0.6580972
0x04e1dd13ef029f573cf717f094a6b601b9e03550,BTC,0.66812134
0x04e1dd13ef029f573cf717f094a6b601b9e03550,C98,0.6660737
0x04e1dd13ef029f573cf717f094a6b601b9e03550,CAKE,0.6849237
0x04e1dd13ef029f573cf717f094a6b601b9e03550,COMP,0.6326213
0x04e1dd13ef029f573cf717f094a6b601b9e03550,CRV,0.68883914
0x04e1dd13ef029f573cf717f094a6b601b9e03550,CVX,0.619446
0x04e1dd13ef029f573cf717f094a6b601b9e03550,DAI,0.64303905
0x04e1dd13ef029f573cf717f094a6b601b9e03550,DAO,0.67096007
0x04e1dd13ef029f573cf717f094a6b601b9e03550,DOGE,0.66341573
0x04e1dd13ef029f573cf717f094a6b601b9e03550,DOT,0.6604684
0x04e1dd13ef029f573cf717f094a6b601b9e03550,DYDX,0.64433277
0x04e1dd13ef029f573cf717f094a6b601b9e03550,EOS,0.65750295
0x04e1dd13ef029f573cf717f094a6b601b9e03550,ETC,0.66823775
0x04e1dd13ef029f573cf717f094a6b601b9e03550,ETH,0.6695109
0x04e1dd13ef029f573cf717f094a6b601b9e03550,FET,0.6392014
0x04e1dd13ef029f573cf717f094a6b601b9e03550,FIL,0.62494624
0x04e1dd13ef029f573cf717f094a6b601b9e03550,FRAX,0.64525366
0x04e1dd13ef029f573cf717f094a6b601b9e03550,FTM,0.67251796
0x04e1dd13ef029f573cf717f094a6b601b9e03550,FXS,0.6414417
0x04e1dd13ef029f573cf717f094a6b601b9e03550,GRT,0.6413526
0x04e1dd13ef029f573cf717f094a6b601b9e03550,HAI,0.6879818
0x04e1dd13ef029f573cf717f094a6b601b9e03550,HERO,0.66333735
0x04e1dd13ef029f573cf717f094a6b601b9e03550,ICP,0.6509736
0x04e1dd13ef029f573cf717f094a6b601b9e03550,IMX,0.6376494
0x04e1dd13ef029f573cf717f094a6b601b9e03550,INJ,0.63422835
0x04e1dd13ef029f573cf717f094a6b601b9e03550,LDO,0.63265204
0x04e1dd13ef029f573cf717f094a6b601b9e03550,LINK,0.67170614
0x04e1dd13ef029f573cf717f094a6b601b9e03550,LTC,0.66994625
0x04e1dd13ef029f573cf717f094a6b601b9e03550,MATIC,0.64260423
0x04e1dd13ef029f573cf717f094a6b601b9e03550,MAV,0.6455183
0x04e1dd13ef029f573cf717f094a6b601b9e03550,MBOX,0.65929806
0x04e1dd13ef029f573cf717f094a6b601b9e03550,MKR,0.6817709
0x04e1dd13ef029f573cf717f094a6b601b9e03550,MOON,0.6920474
0x04e1dd13ef029f573cf717f094a6b601b9e03550,NEAR,0.63038355
0x04e1dd13ef029f573cf717f094a6b601b9e03550,OP,0.67099625
0x04e1dd13ef029f573cf717f094a6b601b9e03550,PENDLE,0.636049
0x04e1dd13ef029f573cf717f094a6b601b9e03550,PEPE,0.64455
0x04e1dd13ef029f573cf717f094a6b601b9e03550,PERP,0.659202
0x04e1dd13ef029f573cf717f094a6b601b9e03550,PIT,0.6708668
0x04e1dd13ef029f573cf717f094a6b601b9e03550,POLS,0.6619257
0x04e1dd13ef029f573cf717f094a6b601b9e03550,PYTH,0.6234718
0x04e1dd13ef029f573cf717f094a6b601b9e03550,QUACK,0.6744426
0x04e1dd13ef029f573cf717f094a6b601b9e03550,RDNT,0.6449296
0x04e1dd13ef029f573cf717f094a6b601b9e03550,RNDR,0.6613234
0x04e1dd13ef029f573cf717f094a6b601b9e03550,RPL,0.6392511
0x04e1dd13ef029f573cf717f094a6b601b9e03550,RUNE,0.65133506
0x04e1dd13ef029f573cf717f094a6b601b9e03550,SFP,0.6346681
0x04e1dd13ef029f573cf717f094a6b601b9e03550,SFUND,0.65928674
0x04e1dd13ef029f573cf717f094a6b601b9e03550,SHIB,0.67244697
0x04e1dd13ef029f573cf717f094a6b601b9e03550,SOL,0.66882676
0x04e1dd13ef029f573cf717f094a6b601b9e03550,STG,0.6357773
0x04e1dd13ef029f573cf717f094a6b601b9e03550,SUI,0.6332409
0x04e1dd13ef029f573cf717f094a6b601b9e03550,SUSHI,0.653728
0x04e1dd13ef029f573cf717f094a6b601b9e03550,TIA,0.63692194
0x04e1dd13ef029f573cf717f094a6b601b9e03550,TOKEN,0.6565003
0x04e1dd13ef029f573cf717f094a6b601b9e03550,TRX,0.67371094
0x04e1dd13ef029f573cf717f094a6b601b9e03550,UNI,0.6705254
0x04e1dd13ef029f573cf717f094a6b601b9e03550,USDT,0.6646765
0x04e1dd13ef029f573cf717f094a6b601b9e03550,XLM,0.6484897
0x04e1dd13ef029f573cf717f094a6b601b9e03550,XMR,0.66623425
0x04e1dd13ef029f573cf717f094a6b601b9e03550,XRP,0.6625309
0x04e1dd13ef029f573cf717f094a6b601b9e03550,XTZ,0.65648234
0x04e1dd13ef029f573cf717f094a6b601b9e03550,XVS,0.6391514
0x04e1dd13ef029f573cf717f094a6b601b9e03550,YFI,0.63902533
0x05934b9313c703fb75363d27704cc6566f645a91,AAVE,0.4832716418380326
0x05934b9313c703fb75363d27704cc6566f645a91,ADA,0.5356174010983495
0x05934b9313c703fb75363d27704cc6566f645a91,ALGO,0.5353303257590791
0x05934b9313c703fb75363d27704cc6566f645a91,APE,0.5597236540852947
0x05934b9313c703fb75363d27704cc6566f645a91,APT,0.525899901826631
0x05934b9313c703fb75363d27704cc6566f645a91,ATOM,0.4922244008155159
0x05934b9313c703fb75363d27704cc6566f645a91,AVAX,0.5361638649955743
0x05934b9313c703fb75363d27704cc6566f645a91,AXS,0.4286091901892118
0x05934b9313c703fb75363d27704cc6566f645a91,BAL,0.638913704016896
0x05934b9313c703fb75363d27704cc6566f645a91,BCH,0.5394426891022309
0x05934b9313c703fb75363d27704cc6566f645a91,BLUR,0.4672095439426449
0x05934b9313c703fb75363d27704cc6566f645a91,BNB,0.5581625531099199
0x05934b9313c703fb75363d27704cc6566f645a91,BONK,0.4768376898444108
0x05934b9313c703fb75363d27704cc6566f645a91,BTC,0.5679239915677009
0x05934b9313c703fb75363d27704cc6566f645a91,C98,0.4758081205129679
0x05934b9313c703fb75363d27704cc6566f645a91,CAKE,0.5294879733234686
0x05934b9313c703fb75363d27704cc6566f645a91,COMP,0.5123398511468386
0x05934b9313c703fb75363d27704cc6566f645a91,CRV,0.5469794294140047
0x05934b9313c703fb75363d27704cc6566f645a91,CVX,0.4527177210549859
0x05934b9313c703fb75363d27704cc6566f645a91,DAI,0.5556481047693989
0x05934b9313c703fb75363d27704cc6566f645a91,DAO,0.5101817734114756
0x05934b9313c703fb75363d27704cc6566f645a91,DOGE,0.5301902416778064
0x05934b9313c703fb75363d27704cc6566f645a91,DOT,0.4473732317185995
0x05934b9313c703fb75363d27704cc6566f645a91,DYDX,0.5165883030565109
0x05934b9313c703fb75363d27704cc6566f645a91,EOS,0.5137807180243956
0x05934b9313c703fb75363d27704cc6566f645a91,ETC,0.5450618166737307
0x05934b9313c703fb75363d27704cc6566f645a91,ETH,0.5747186875444994
0x05934b9313c703fb75363d27704cc6566f645a91,FET,0.4733699149777034
0x05934b9313c703fb75363d27704cc6566f645a91,FIL,0.4502729088800727
0x05934b9313c703fb75363d27704cc6566f645a91,FRAX,0.550732486673909
0x05934b9313c703fb75363d27704cc6566f645a91,FTM,0.5661866408945582
0x05934b9313c703fb75363d27704cc6566f645a91,FXS,0.4768929833894682
0x05934b9313c703fb75363d27704cc6566f645a91,GRT,0.5108400628151613
0x05934b9313c703fb75363d27704cc6566f645a91,HAI,0.4837161066641073
0x05934b9313c703fb75363d27704cc6566f645a91,HERO,0.4904991046138202
0x05934b9313c703fb75363d27704cc6566f645a91,ICP,0.4994769319497683
0x05934b9313c703fb75363d27704cc6566f645a91,IMX,0.4534681257573185
0x05934b9313c703fb75363d27704cc6566f645a91,INJ,0.49430607840386
0x05934b9313c703fb75363d27704cc6566f645a91,LDO,0.4982980705306927
0x05934b9313c703fb75363d27704cc6566f645a91,LINK,0.5263882404375422
0x05934b9313c703fb75363d27704cc6566f645a91,LTC,0.584928760971093
0x05934b9313c703fb75363d27704cc6566f645a91,MATIC,0.5038198902164963
0x05934b9313c703fb75363d27704cc6566f645a91,MAV,0.5130845401862874
0x05934b9313c703fb75363d27704cc6566f645a91,MBOX,0.500781599124175
0x05934b9313c703fb75363d27704cc6566f645a91,MKR,0.4522663059834183
0x05934b9313c703fb75363d27704cc6566f645a91,MOON,0.5386648102644075
0x05934b9313c703fb75363d27704cc6566f645a91,NEAR,0.453138636745339
0x05934b9313c703fb75363d27704cc6566f645a91,OP,0.5501412720220755
0x05934b9313c703fb75363d27704cc6566f645a91,PENDLE,0.4631060031558964
0x05934b9313c703fb75363d27704cc6566f645a91,PEPE,0.5063208998082175
0x05934b9313c703fb75363d27704cc6566f645a91,PERP,0.5062485461450921
0x05934b9313c703fb75363d27704cc6566f645a91,PIT,0.4931725943212007
0x05934b9313c703fb75363d27704cc6566f645a91,POLS,0.4637332464761659
0x05934b9313c703fb75363d27704cc6566f645a91,PYTH,0.4523731831634937
0x05934b9313c703fb75363d27704cc6566f645a91,QUACK,0.5559704216892049
0x05934b9313c703fb75363d27704cc6566f645a91,RDNT,0.5120251904016663
0x05934b9313c703fb75363d27704cc6566f645a91,RNDR,0.4879542887595199
0x05934b9313c703fb75363d27704cc6566f645a91,RPL,0.4965013093708007
0x05934b9313c703fb75363d27704cc6566f645a91,RUNE,0.4877781848751448
0x05934b9313c703fb75363d27704cc6566f645a91,SFP,0.5118096833443351
0x05934b9313c703fb75363d27704cc6566f645a91,SFUND,0.5562919889562964
0x05934b9313c703fb75363d27704cc6566f645a91,SHIB,0.4939181195910284
0x05934b9313c703fb75363d27704cc6566f645a91,SOL,0.6015770927626142
0x05934b9313c703fb75363d27704cc6566f645a91,STG,0.4738728204040041
0x05934b9313c703fb75363d27704cc6566f645a91,SUI,0.525347835122038
0x05934b9313c703fb75363d27704cc6566f645a91,SUSHI,0.4404469697717938
0x05934b9313c703fb75363d27704cc6566f645a91,TIA,0.4620737197286563
0x05934b9313c703fb75363d27704cc6566f645a91,TOKEN,0.505914184370624
0x05934b9313c703fb75363d27704cc6566f645a91,TRX,0.5654931285517133
0x05934b9313c703fb75363d27704cc6566f645a91,UNI,0.4744742646318
0x05934b9313c703fb75363d27704cc6566f645a91,USDT,0.5822516034396612
0x05934b9313c703fb75363d27704cc6566f645a91,XLM,0.5085323753360679
0x05934b9313c703fb75363d27704cc6566f645a91,XMR,0.5630573566673536
0x05934b9313c703fb75363d27704cc6566f645a91,XRP,0.5594879579597941
0x05934b9313c703fb75363d27704cc6566f645a91,XTZ,0.4865160723763026
0x05934b9313c703fb75363d27704cc6566f645a91,XVS,0.4841777774277634
0x05934b9313c703fb75363d27704cc6566f645a91,YFI,0.4781566609966906
0x063af2c2952d7799ce1eac2f1a85c7b4aa4fe553,AAVE,0.5236136
0x063af2c2952d7799ce1eac2f1a85c7b4aa4fe553,ADA,0.5256654
0x063af2c2952d7799ce1eac2f1a85c7b4aa4fe553,ALGO,0.5061182
0x063af2c2952d7799ce1eac2f1a85c7b4aa4fe553,APE,0.5186739
0x063af2c2952d7799ce1eac2f1a85c7b4aa4fe553,APT,0.5068997
0x063af2c2952d7799ce1eac2f1a85c7b4aa4fe553,ATOM,0.47840685
0x063af2c2952d7799ce1eac2f1a85c7b4aa4fe553,AVAX,0.49540585
0x063af2c2952d7799ce1eac2f1a85c7b4aa4fe553,AXS,0.47602612
0x063af2c2952d7799ce1eac2f1a85c7b4aa4fe553,BAL,0.49671832
0x063af2c2952d7799ce1eac2f1a85c7b4aa4fe553,BCH,0.54952466
0x063af2c2952d7799ce1eac2f1a85c7b4aa4fe553,BLUR,0.50260836
0x063af2c2952d7799ce1eac2f1a85c7b4aa4fe553,BNB,0.5633806
0x063af2c2952d7799ce1eac2f1a85c7b4aa4fe553,BONK,0.53303045
0x063af2c2952d7799ce1eac2f1a85c7b4aa4fe553,BTC,0.5789648
0x063af2c2952d7799ce1eac2f1a85c7b4aa4fe553,C98,0.45225683
0x063af2c2952d7799ce1eac2f1a85c7b4aa4fe553,CAKE,0.56199753
0x063af2c2952d7799ce1eac2f1a85c7b4aa4fe553,COMP,0.4880487
0x063af2c2952d7799ce1eac2f1a85c7b4aa4fe553,CRV,0.5165459
0x063af2c2952d7799ce1eac2f1a85c7b4aa4fe553,CVX,0.48795396
0x063af2c2952d7799ce1eac2f1a85c7b4aa4fe553,DAI,0.69743097
0x063af2c2952d7799ce1eac2f1a85c7b4aa4fe553,DAO,0.45140672
0x063af2c2952d7799ce1eac2f1a85c7b4aa4fe553,DOGE,0.5164392
0x063af2c2952d7799ce1eac2f1a85c7b4aa4fe553,DOT,0.5593298
0x063af2c2952d7799ce1eac2f1a85c7b4aa4fe553,DYDX,0.53609
0x063af2c2952d7799ce1eac2f1a85c7b4aa4fe553,EOS,0.55568165
0x063af2c2952d7799ce1eac2f1a85c7b4aa4fe553,ETC,0.5184424
0x063af2c2952d7799ce1eac2f1a85c7b4aa4fe553,ETH,0.6295428
0x063af2c2952d7799ce1eac2f1a85c7b4aa4fe553,FET,0.5296964
0x063af2c2952d7799ce1eac2f1a85c7b4aa4fe553,FIL,0.50700504
0x063af2c2952d7799ce1eac2f1a85c7b4aa4fe553,FRAX,0.722682
0x063af2c2952d7799ce1eac2f1a85c7b4aa4fe553,FTM,0.5352279
0x063af2c2952d7799ce1eac2f1a85c7b4aa4fe553,FXS,0.5456821
0x063af2c2952d7799ce1eac2f1a85c7b4aa4fe553,GRT,0.5302533
0x063af2c2952d7799ce1eac2f1a85c7b4aa4fe553,HAI,0.5059605
0x063af2c2952d7799ce1eac2f1a85c7b4aa4fe553,HERO,0.5190521
0x063af2c2952d7799ce1eac2f1a85c7b4aa4fe553,ICP,0.528452
0x063af2c2952d7799ce1eac2f1a85c7b4aa4fe553,IMX,0.5139582
0x063af2c2952d7799ce1eac2f1a85c7b4aa4fe553,INJ,0.5226852
0x063af2c2952d7799ce1eac2f1a85c7b4aa4fe553,LDO,0.5254198
0x063af2c2952d7799ce1eac2f1a85c7b4aa4fe553,LINK,0.55704737
0x063af2c2952d7799ce1eac2f1a85c7b4aa4fe553,LTC,0.6014983
0x063af2c2952d7799ce1eac2f1a85c7b4aa4fe553,MATIC,0.52075315
0x063af2c2952d7799ce1eac2f1a85c7b4aa4fe553,MAV,0.5154926
0x063af2c2952d7799ce1eac2f1a85c7b4aa4fe553,MBOX,0.51641774
0x063af2c2952d7799ce1eac2f1a85c7b4aa4fe553,MKR,0.5475068
0x063af2c2952d7799ce1eac2f1a85c7b4aa4fe553,MOON,0.37216145
0x063af2c2952d7799ce1eac2f1a85c7b4aa4fe553,NEAR,0.47817665
0x063af2c2952d7799ce1eac2f1a85c7b4aa4fe553,OP,0.54070073
0x063af2c2952d7799ce1eac2f1a85c7b4aa4fe553,PENDLE,0.5006461
0x063af2c2952d7799ce1eac2f1a85c7b4aa4fe553,PEPE,0.52754825
0x063af2c2952d7799ce1eac2f1a85c7b4aa4fe553,PERP,0.3848346
0x063af2c2952d7799ce1eac2f1a85c7b4aa4fe553,PIT,0.56977046
0x063af2c2952d7799ce1eac2f1a85c7b4aa4fe553,POLS,0.4833164
0x063af2c2952d7799ce1eac2f1a85c7b4aa4fe553,PYTH,0.51735574
0x063af2c2952d7799ce1eac2f1a85c7b4aa4fe553,QUACK,0.50670594
0x063af2c2952d7799ce1eac2f1a85c7b4aa4fe553,RDNT,0.52460027
0x063af2c2952d7799ce1eac2f1a85c7b4aa4fe553,RNDR,0.5429929
0x063af2c2952d7799ce1eac2f1a85c7b4aa4fe553,RPL,0.4970544
0x063af2c2952d7799ce1eac2f1a85c7b4aa4fe553,RUNE,0.54342544
0x063af2c2952d7799ce1eac2f1a85c7b4aa4fe553,SFP,0.5567016
0x063af2c2952d7799ce1eac2f1a85c7b4aa4fe553,SFUND,0.4842718
0x063af2c2952d7799ce1eac2f1a85c7b4aa4fe553,SHIB,0.52484274
0x063af2c2952d7799ce1eac2f1a85c7b4aa4fe553,SOL,0.55849504
0x063af2c2952d7799ce1eac2f1a85c7b4aa4fe553,STG,0.47430173
0x063af2c2952d7799ce1eac2f1a85c7b4aa4fe553,SUI,0.5124582
0x063af2c2952d7799ce1eac2f1a85c7b4aa4fe553,SUSHI,0.5421706
0x063af2c2952d7799ce1eac2f1a85c7b4aa4fe553,TIA,0.49632323
0x063af2c2952d7799ce1eac2f1a85c7b4aa4fe553,TOKEN,0.5044998
0x063af2c2952d7799ce1eac2f1a85c7b4aa4fe553,TRX,0.5504103
0x063af2c2952d7799ce1eac2f1a85c7b4aa4fe553,UNI,0.5541767
0x063af2c2952d7799ce1eac2f1a85c7b4aa4fe553,USDT,0.79760104
0x063af2c2952d7799ce1eac2f1a85c7b4aa4fe553,XLM,0.51647276
0x063af2c2952d7799ce1eac2f1a85c7b4aa4fe553,XMR,0.49658182
0x063af2c2952d7799ce1eac2f1a85c7b4aa4fe553,XRP,0.53578025
0x063af2c2952d7799ce1eac2f1a85c7b4aa4fe553,XTZ,0.5188255
0x063af2c2952d7799ce1eac2f1a85c7b4aa4fe553,XVS,0.4570108
0x063af2c2952d7799ce1eac2f1a85c7b4aa4fe553,YFI,0.55365056
0x0edc0ea676c5e608d628ecc659a13a213476de3e,AAVE,0.8832425892317
0x0edc0ea676c5e608d628ecc659a13a213476de3e,ADA,0.745311554748941
0x0edc0ea676c5e608d628ecc659a13a213476de3e,ALGO,0.837870538415003
0x0edc0ea676c5e608d628ecc659a13a213476de3e,APE,0.926799758015729
0x0edc0ea676c5e608d628ecc659a13a213476de3e,APT,0.136116152450091
0x0edc0ea676c5e608d628ecc659a13a213476de3e,ATOM,0.302480338777979
0x0edc0ea676c5e608d628ecc659a13a213476de3e,AVAX,0.938898971566848
0x0edc0ea676c5e608d628ecc659a13a213476de3e,AXS,0.231699939503932
0x0edc0ea676c5e608d628ecc659a13a213476de3e,BAL,0.294615849969752
0x0edc0ea676c5e608d628ecc659a13a213476de3e,BCH,0.426497277676951
0x0edc0ea676c5e608d628ecc659a13a213476de3e,BLUR,0.806412583182093
0x0edc0ea676c5e608d628ecc659a13a213476de3e,BNB,0.947973381730188
0x0edc0ea676c5e608d628ecc659a13a213476de3e,BONK,0.780399274047187
0x0edc0ea676c5e608d628ecc659a13a213476de3e,BTC,0.966122202056866
0x0edc0ea676c5e608d628ecc659a13a213476de3e,C98,0.0617059891107078
0x0edc0ea676c5e608d628ecc659a13a213476de3e,CAKE,0.843920145190563
0x0edc0ea676c5e608d628ecc659a13a213476de3e,COMP,0.934059286146401
0x0edc0ea676c5e608d628ecc659a13a213476de3e,CRV,0.793708408953418
0x0edc0ea676c5e608d628ecc659a13a213476de3e,CVX,0.223230490018149
0x0edc0ea676c5e608d628ecc659a13a213476de3e,DAI,0.998185117967332
0x0edc0ea676c5e608d628ecc659a13a213476de3e,DAO,0.0187537810042347
0x0edc0ea676c5e608d628ecc659a13a213476de3e,DOGE,0.862068965517241
0x0edc0ea676c5e608d628ecc659a13a213476de3e,DOT,0.232304900181488
0x0edc0ea676c5e608d628ecc659a13a213476de3e,DYDX,0.858439201451906
0x0edc0ea676c5e608d628ecc659a13a213476de3e,EOS,0.513611615245009
0x0edc0ea676c5e608d628ecc659a13a213476de3e,ETC,0.94313369630974
0x0edc0ea676c5e608d628ecc659a13a213476de3e,ETH,0.958862673926195
0x0edc0ea676c5e608d628ecc659a13a213476de3e,FET,0.690865093768905
0x0edc0ea676c5e608d628ecc659a13a213476de3e,FIL,0.779794313369631
0x0edc0ea676c5e608d628ecc659a13a213476de3e,FRAX,0.977616454930429
0x0edc0ea676c5e608d628ecc659a13a213476de3e,FTM,0.903811252268603
0x0edc0ea676c5e608d628ecc659a13a213476de3e,FXS,0.681790683605566
0x0edc0ea676c5e608d628ecc659a13a213476de3e,GRT,0.846944948578343
0x0edc0ea676c5e608d628ecc659a13a213476de3e,HAI,0.309134906231095
0x0edc0ea676c5e608d628ecc659a13a213476de3e,HERO,0.455535390199637
0x0edc0ea676c5e608d628ecc659a13a213476de3e,ICP,0.383545069570478
0x0edc0ea676c5e608d628ecc659a13a213476de3e,IMX,0.52389594676346
0x0edc0ea676c5e608d628ecc659a13a213476de3e,INJ,0.875983061101028
0x0edc0ea676c5e608d628ecc659a13a213476de3e,LDO,0.807622504537205
0x0edc0ea676c5e608d628ecc659a13a213476de3e,LINK,0.943738656987296
0x0edc0ea676c5e608d628ecc659a13a213476de3e,LTC,0.960677555958863
0x0edc0ea676c5e608d628ecc659a13a213476de3e,MATIC,0.469449485783424
0x0edc0ea676c5e608d628ecc659a13a213476de3e,MAV,0.892921960072595
0x0edc0ea676c5e608d628ecc659a13a213476de3e,MBOX,0.683000604960678
0x0edc0ea676c5e608d628ecc659a13a213476de3e,MKR,0.670296430732002
0x0edc0ea676c5e608d628ecc659a13a213476de3e,MOON,0.194192377495463
0x0edc0ea676c5e608d628ecc659a13a213476de3e,NEAR,0.212341197822142
0x0edc0ea676c5e608d628ecc659a13a213476de3e,OP,0.512401693889897
0x0edc0ea676c5e608d628ecc659a13a213476de3e,PENDLE,0.338173018753781
0x0edc0ea676c5e608d628ecc659a13a213476de3e,PEPE,0.574712643678161
0x0edc0ea676c5e608d628ecc659a13a213476de3e,PERP,0.0060496067755595
0x0edc0ea676c5e608d628ecc659a13a213476de3e,PIT,0.863278886872353
0x0edc0ea676c5e608d628ecc659a13a213476de3e,POLS,0.917120387174834
0x0edc0ea676c5e608d628ecc659a13a213476de3e,PYTH,0.303085299455535
0x0edc0ea676c5e608d628ecc659a13a213476de3e,QUACK,0.262552934059286
0x0edc0ea676c5e608d628ecc659a13a213476de3e,RDNT,0.802782819116757
0x0edc0ea676c5e608d628ecc659a13a213476de3e,RNDR,0.456140350877193
0x0edc0ea676c5e608d628ecc659a13a213476de3e,RPL,0.4670296430732
0x0edc0ea676c5e608d628ecc659a13a213476de3e,RUNE,0.88626739261948
0x0edc0ea676c5e608d628ecc659a13a213476de3e,SFP,0.595281306715064
0x0edc0ea676c5e608d628ecc659a13a213476de3e,SFUND,0.194797338173019
0x0edc0ea676c5e608d628ecc659a13a213476de3e,SHIB,0.750756200846945
0x0edc0ea676c5e608d628ecc659a13a213476de3e,SOL,0.957652752571083
0x0edc0ea676c5e608d628ecc659a13a213476de3e,STG,0.0810647307924985
0x0edc0ea676c5e608d628ecc659a13a213476de3e,SUI,0.859649122807018
0x0edc0ea676c5e608d628ecc659a13a213476de3e,SUSHI,0.781004234724743
0x0edc0ea676c5e608d628ecc659a13a213476de3e,TIA,0.641863278886872
0x0edc0ea676c5e608d628ecc659a13a213476de3e,TOKEN,0.386569872958258
0x0edc0ea676c5e608d628ecc659a13a213476de3e,TRX,0.915305505142166
0x0edc0ea676c5e608d628ecc659a13a213476de3e,UNI,0.228675136116152
0x0edc0ea676c5e608d628ecc659a13a213476de3e,USDT,0.996370235934664
0x0edc0ea676c5e608d628ecc659a13a213476de3e,XLM,0.810042347247429
0x0edc0ea676c5e608d628ecc659a13a213476de3e,XMR,0.484573502722323
0x0edc0ea676c5e608d628ecc659a13a213476de3e,XRP,0.914095583787054
0x0edc0ea676c5e608d628ecc659a13a213476de3e,XTZ,0.745311554748941
0x0edc0ea676c5e608d628ecc659a13a213476de3e,XVS,0.635208711433757
0x0edc0ea676c5e608d628ecc659a13a213476de3e,YFI,0.856019358741682
0x18fbc0c8fdd7faa3f4fb72810a0c6360c1bb4bd6,AAVE,0.491123981363225
0x18fbc0c8fdd7faa3f4fb72810a0c6360c1bb4bd6,ADA,0.897461378123725
0x18fbc0c8fdd7faa3f4fb72810a0c6360c1bb4bd6,ALGO,0.842207540427104
0x18fbc0c8fdd7faa3f4fb72810a0c6360c1bb4bd6,APE,0.557275851978087
0x18fbc0c8fdd7faa3f4fb72810a0c6360c1bb4bd6,APT,0.510417550619257
0x18fbc0c8fdd7faa3f4fb72810a0c6360c1bb4bd6,ATOM,0.596939286495762
0x18fbc0c8fdd7faa3f4fb72810a0c6360c1bb4bd6,AVAX,0.743819418565125
0x18fbc0c8fdd7faa3f4fb72810a0c6360c1bb4bd6,AXS,0.0297107211364252
0x18fbc0c8fdd7faa3f4fb72810a0c6360c1bb4bd6,BAL,0.470066420863084
0x18fbc0c8fdd7faa3f4fb72810a0c6360c1bb4bd6,BCH,0.812856593931473
0x18fbc0c8fdd7faa3f4fb72810a0c6360c1bb4bd6,BLUR,0.258271001456334
0x18fbc0c8fdd7faa3f4fb72810a0c6360c1bb4bd6,BNB,0.819906870297172
0x18fbc0c8fdd7faa3f4fb72810a0c6360c1bb4bd6,BONK,0.779600115826862
0x18fbc0c8fdd7faa3f4fb72810a0c6360c1bb4bd6,BTC,0.950829005752516
0x18fbc0c8fdd7faa3f4fb72810a0c6360c1bb4bd6,C98,0.0131404939358347
0x18fbc0c8fdd7faa3f4fb72810a0c6360c1bb4bd6,CAKE,0.926262573708309
0x18fbc0c8fdd7faa3f4fb72810a0c6360c1bb4bd6,COMP,0.306733049889146
0x18fbc0c8fdd7faa3f4fb72810a0c6360c1bb4bd6,CRV,0.642151852223841
0x18fbc0c8fdd7faa3f4fb72810a0c6360c1bb4bd6,CVX,0.059249677263343
0x18fbc0c8fdd7faa3f4fb72810a0c6360c1bb4bd6,DAI,0.286336831747082
0x18fbc0c8fdd7faa3f4fb72810a0c6360c1bb4bd6,DAO,0.262732469373367
0x18fbc0c8fdd7faa3f4fb72810a0c6360c1bb4bd6,DOGE,0.869097517988964
0x18fbc0c8fdd7faa3f4fb72810a0c6360c1bb4bd6,DOT,0.42275856965374
0x18fbc0c8fdd7faa3f4fb72810a0c6360c1bb4bd6,DYDX,0.325421738729058
0x18fbc0c8fdd7faa3f4fb72810a0c6360c1bb4bd6,EOS,0.117607048595062
0x18fbc0c8fdd7faa3f4fb72810a0c6360c1bb4bd6,ETC,0.876729264636682
0x18fbc0c8fdd7faa3f4fb72810a0c6360c1bb4bd6,ETH,0.982132380027381
0x18fbc0c8fdd7faa3f4fb72810a0c6360c1bb4bd6,FET,0.64778668125994
0x18fbc0c8fdd7faa3f4fb72810a0c6360c1bb4bd6,FIL,0.466045734306425
0x18fbc0c8fdd7faa3f4fb72810a0c6360c1bb4bd6,FRAX,0.690802333532508
0x18fbc0c8fdd7faa3f4fb72810a0c6360c1bb4bd6,FTM,0.93530570285014
0x18fbc0c8fdd7faa3f4fb72810a0c6360c1bb4bd6,FXS,0.520017596181727
0x18fbc0c8fdd7faa3f4fb72810a0c6360c1bb4bd6,GRT,0.699117121490073
0x18fbc0c8fdd7faa3f4fb72810a0c6360c1bb4bd6,HAI,0.359331034425851
0x18fbc0c8fdd7faa3f4fb72810a0c6360c1bb4bd6,HERO,0.473378847847599
0x18fbc0c8fdd7faa3f4fb72810a0c6360c1bb4bd6,ICP,0.622097464233299
0x18fbc0c8fdd7faa3f4fb72810a0c6360c1bb4bd6,IMX,0.384681530344052
0x18fbc0c8fdd7faa3f4fb72810a0c6360c1bb4bd6,INJ,0.658662814244524
0x18fbc0c8fdd7faa3f4fb72810a0c6360c1bb4bd6,LDO,0.290579060215725
0x18fbc0c8fdd7faa3f4fb72810a0c6360c1bb4bd6,LINK,0.888241680782403
0x18fbc0c8fdd7faa3f4fb72810a0c6360c1bb4bd6,LTC,0.962912708130831
0x18fbc0c8fdd7faa3f4fb72810a0c6360c1bb4bd6,MATIC,0.181232199134713
0x18fbc0c8fdd7faa3f4fb72810a0c6360c1bb4bd6,MAV,0.216606408643696
0x18fbc0c8fdd7faa3f4fb72810a0c6360c1bb4bd6,MBOX,0.24772137408644
0x18fbc0c8fdd7faa3f4fb72810a0c6360c1bb4bd6,MKR,0.488566217046142
0x18fbc0c8fdd7faa3f4fb72810a0c6360c1bb4bd6,MOON,0.635558820690833
0x18fbc0c8fdd7faa3f4fb72810a0c6360c1bb4bd6,NEAR,0.503051452014255
0x18fbc0c8fdd7faa3f4fb72810a0c6360c1bb4bd6,OP,0.810940302347263
0x18fbc0c8fdd7faa3f4fb72810a0c6360c1bb4bd6,PENDLE,0.482268369131856
0x18fbc0c8fdd7faa3f4fb72810a0c6360c1bb4bd6,PEPE,0.528489694649122
0x18fbc0c8fdd7faa3f4fb72810a0c6360c1bb4bd6,PERP,0.102626742801213
0x18fbc0c8fdd7faa3f4fb72810a0c6360c1bb4bd6,PIT,0.375233482446919
0x18fbc0c8fdd7faa3f4fb72810a0c6360c1bb4bd6,POLS,0.0054525080631771
0x18fbc0c8fdd7faa3f4fb72810a0c6360c1bb4bd6,PYTH,0.275105480020118
0x18fbc0c8fdd7faa3f4fb72810a0c6360c1bb4bd6,QUACK,0.352644547930443
0x18fbc0c8fdd7faa3f4fb72810a0c6360c1bb4bd6,RDNT,0.469152765451037
0x18fbc0c8fdd7faa3f4fb72810a0c6360c1bb4bd6,RNDR,0.303240768979821
0x18fbc0c8fdd7faa3f4fb72810a0c6360c1bb4bd6,RPL,0.212988251466445
0x18fbc0c8fdd7faa3f4fb72810a0c6360c1bb4bd6,RUNE,0.212568319544903
0x18fbc0c8fdd7faa3f4fb72810a0c6360c1bb4bd6,SFP,0.517899562469565
0x18fbc0c8fdd7faa3f4fb72810a0c6360c1bb4bd6,SFUND,0.0956717943237727
0x18fbc0c8fdd7faa3f4fb72810a0c6360c1bb4bd6,SHIB,0.792663629855975
0x18fbc0c8fdd7faa3f4fb72810a0c6360c1bb4bd6,SOL,0.888778231763247
0x18fbc0c8fdd7faa3f4fb72810a0c6360c1bb4bd6,STG,0.0011108336934268
0x18fbc0c8fdd7faa3f4fb72810a0c6360c1bb4bd6,SUI,0.768207734109133
0x18fbc0c8fdd7faa3f4fb72810a0c6360c1bb4bd6,SUSHI,0.73944453187575
0x18fbc0c8fdd7faa3f4fb72810a0c6360c1bb4bd6,TIA,0.159988380700153
0x18fbc0c8fdd7faa3f4fb72810a0c6360c1bb4bd6,TOKEN,0.185701427004521
0x18fbc0c8fdd7faa3f4fb72810a0c6360c1bb4bd6,TRX,0.856625733717289
0x18fbc0c8fdd7faa3f4fb72810a0c6360c1bb4bd6,UNI,0.633708615901359
0x18fbc0c8fdd7faa3f4fb72810a0c6360c1bb4bd6,USDT,0.815993246395283
0x18fbc0c8fdd7faa3f4fb72810a0c6360c1bb4bd6,XLM,0.409462935335315
0x18fbc0c8fdd7faa3f4fb72810a0c6360c1bb4bd6,XMR,0.860225984988392
0x18fbc0c8fdd7faa3f4fb72810a0c6360c1bb4bd6,XRP,0.906696213235131
0x18fbc0c8fdd7faa3f4fb72810a0c6360c1bb4bd6,XTZ,0.365417369315995
0x18fbc0c8fdd7faa3f4fb72810a0c6360c1bb4bd6,XVS,0.125451289244321
0x18fbc0c8fdd7faa3f4fb72810a0c6360c1bb4bd6,YFI,0.185088299147643
0x1be48b2b7594fe7e47701bc7e7bb83beaf84ecc0,AAVE,0.51642287
0x1be48b2b7594fe7e47701bc7e7bb83beaf84ecc0,ADA,0.5181694
0x1be48b2b7594fe7e47701bc7e7bb83beaf84ecc0,ALGO,0.53543395
0x1be48b2b7594fe7e47701bc7e7bb83beaf84ecc0,APE,0.52728385
0x1be48b2b7594fe7e47701bc7e7bb83beaf84ecc0,APT,0.48995027
0x1be48b2b7594fe7e47701bc7e7bb83beaf84ecc0,ATOM,0.5139058
0x1be48b2b7594fe7e47701bc7e7bb83beaf84ecc0,AVAX,0.5260994
0x1be48b2b7594fe7e47701bc7e7bb83beaf84ecc0,AXS,0.49583456
0x1be48b2b7594fe7e47701bc7e7bb83beaf84ecc0,BAL,0.50075424
0x1be48b2b7594fe7e47701bc7e7bb83beaf84ecc0,BCH,0.5475333
0x1be48b2b7594fe7e47701bc7e7bb83beaf84ecc0,BLUR,0.5224336
0x1be48b2b7594fe7e47701bc7e7bb83beaf84ecc0,BNB,0.5488195
0x1be48b2b7594fe7e47701bc7e7bb83beaf84ecc0,BONK,0.52977407
0x1be48b2b7594fe7e47701bc7e7bb83beaf84ecc0,BTC,0.5659277
0x1be48b2b7594fe7e47701bc7e7bb83beaf84ecc0,C98,0.4313568
0x1be48b2b7594fe7e47701bc7e7bb83beaf84ecc0,CAKE,0.52261186
0x1be48b2b7594fe7e47701bc7e7bb83beaf84ecc0,COMP,0.5505933
0x1be48b2b7594fe7e47701bc7e7bb83beaf84ecc0,CRV,0.5015531
0x1be48b2b7594fe7e47701bc7e7bb83beaf84ecc0,CVX,0.49118048
0x1be48b2b7594fe7e47701bc7e7bb83beaf84ecc0,DAI,0.6445881
0x1be48b2b7594fe7e47701bc7e7bb83beaf84ecc0,DAO,0.37395048
0x1be48b2b7594fe7e47701bc7e7bb83beaf84ecc0,DOGE,0.532488
0x1be48b2b7594fe7e47701bc7e7bb83beaf84ecc0,DOT,0.4505258
0x1be48b2b7594fe7e47701bc7e7bb83beaf84ecc0,DYDX,0.5258658
0x1be48b2b7594fe7e47701bc7e7bb83beaf84ecc0,EOS,0.5480404
0x1be48b2b7594fe7e47701bc7e7bb83beaf84ecc0,ETC,0.53351223
0x1be48b2b7594fe7e47701bc7e7bb83beaf84ecc0,ETH,0.5592051
0x1be48b2b7594fe7e47701bc7e7bb83beaf84ecc0,FET,0.526035
0x1be48b2b7594fe7e47701bc7e7bb83beaf84ecc0,FIL,0.5077879
0x1be48b2b7594fe7e47701bc7e7bb83beaf84ecc0,FRAX,0.62413484
0x1be48b2b7594fe7e47701bc7e7bb83beaf84ecc0,FTM,0.5201753
0x1be48b2b7594fe7e47701bc7e7bb83beaf84ecc0,FXS,0.50647044
0x1be48b2b7594fe7e47701bc7e7bb83beaf84ecc0,GRT,0.52478296
0x1be48b2b7594fe7e47701bc7e7bb83beaf84ecc0,HAI,0.5049537
0x1be48b2b7594fe7e47701bc7e7bb83beaf84ecc0,HERO,0.5130439
0x1be48b2b7594fe7e47701bc7e7bb83beaf84ecc0,ICP,0.48864043
0x1be48b2b7594fe7e47701bc7e7bb83beaf84ecc0,IMX,0.51836234
0x1be48b2b7594fe7e47701bc7e7bb83beaf84ecc0,INJ,0.5398313
0x1be48b2b7594fe7e47701bc7e7bb83beaf84ecc0,LDO,0.5222263
0x1be48b2b7594fe7e47701bc7e7bb83beaf84ecc0,LINK,0.54634446
0x1be48b2b7594fe7e47701bc7e7bb83beaf84ecc0,LTC,0.55188453
0x1be48b2b7594fe7e47701bc7e7bb83beaf84ecc0,MATIC,0.5159312
0x1be48b2b7594fe7e47701bc7e7bb83beaf84ecc0,MAV,0.5156837
0x1be48b2b7594fe7e47701bc7e7bb83beaf84ecc0,MBOX,0.5211496
0x1be48b2b7594fe7e47701bc7e7bb83beaf84ecc0,MKR,0.5851964
0x1be48b2b7594fe7e47701bc7e7bb83beaf84ecc0,MOON,0.45714107
0x1be48b2b7594fe7e47701bc7e7bb83beaf84ecc0,NEAR,0.452616
0x1be48b2b7594fe7e47701bc7e7bb83beaf84ecc0,OP,0.5085919
0x1be48b2b7594fe7e47701bc7e7bb83beaf84ecc0,PENDLE,0.49637803
0x1be48b2b7594fe7e47701bc7e7bb83beaf84ecc0,PEPE,0.5294037
0x1be48b2b7594fe7e47701bc7e7bb83beaf84ecc0,PERP,0.3262269
0x1be48b2b7594fe7e47701bc7e7bb83beaf84ecc0,PIT,0.5345286
0x1be48b2b7594fe7e47701bc7e7bb83beaf84ecc0,POLS,0.52631485
0x1be48b2b7594fe7e47701bc7e7bb83beaf84ecc0,PYTH,0.50057596
0x1be48b2b7594fe7e47701bc7e7bb83beaf84ecc0,QUACK,0.43736708
0x1be48b2b7594fe7e47701bc7e7bb83beaf84ecc0,RDNT,0.51943725
0x1be48b2b7594fe7e47701bc7e7bb83beaf84ecc0,RNDR,0.51742756
0x1be48b2b7594fe7e47701bc7e7bb83beaf84ecc0,RPL,0.4740949
0x1be48b2b7594fe7e47701bc7e7bb83beaf84ecc0,RUNE,0.5288356
0x1be48b2b7594fe7e47701bc7e7bb83beaf84ecc0,SFP,0.5204082
0x1be48b2b7594fe7e47701bc7e7bb83beaf84ecc0,SFUND,0.47193632
0x1be48b2b7594fe7e47701bc7e7bb83beaf84ecc0,SHIB,0.51599205
0x1be48b2b7594fe7e47701bc7e7bb83beaf84ecc0,SOL,0.53840137
0x1be48b2b7594fe7e47701bc7e7bb83beaf84ecc0,STG,0.44600934
0x1be48b2b7594fe7e47701bc7e7bb83beaf84ecc0,SUI,0.5344156
0x1be48b2b7594fe7e47701bc7e7bb83beaf84ecc0,SUSHI,0.5310765
0x1be48b2b7594fe7e47701bc7e7bb83beaf84ecc0,TIA,0.51515675
0x1be48b2b7594fe7e47701bc7e7bb83beaf84ecc0,TOKEN,0.51105785
0x1be48b2b7594fe7e47701bc7e7bb83beaf84ecc0,TRX,0.55849224
0x1be48b2b7594fe7e47701bc7e7bb83beaf84ecc0,UNI,0.5025348
0x1be48b2b7594fe7e47701bc7e7bb83beaf84ecc0,USDT,0.627989
0x1be48b2b7594fe7e47701bc7e7bb83beaf84ecc0,XLM,0.5263484
0x1be48b2b7594fe7e47701bc7e7bb83beaf84ecc0,XMR,0.5538974
0x1be48b2b7594fe7e47701bc7e7bb83beaf84ecc0,XRP,0.53648734
0x1be48b2b7594fe7e47701bc7e7bb83beaf84ecc0,XTZ,0.5268938
0x1be48b2b7594fe7e47701bc7e7bb83beaf84ecc0,XVS,0.5119103
0x1be48b2b7594fe7e47701bc7e7bb83beaf84ecc0,YFI,0.5273565
0x1bfb6731ff80e75bf84bfe40a108723c5eb23d4f,AAVE,0.5099558003449107
0x1bfb6731ff80e75bf84bfe40a108723c5eb23d4f,ADA,0.522779218836421
0x1bfb6731ff80e75bf84bfe40a108723c5eb23d4f,ALGO,0.5915932109096251
0x1bfb6731ff80e75bf84bfe40a108723c5eb23d4f,APE,0.4949811462975966
0x1bfb6731ff80e75bf84bfe40a108723c5eb23d4f,APT,0.4471382188197093
0x1bfb6731ff80e75bf84bfe40a108723c5eb23d4f,ATOM,0.5325593824547801
0x1bfb6731ff80e75bf84bfe40a108723c5eb23d4f,AVAX,0.5106364822175653
0x1bfb6731ff80e75bf84bfe40a108723c5eb23d4f,AXS,0.4896514806115318
0x1bfb6731ff80e75bf84bfe40a108723c5eb23d4f,BAL,0.4873230204452202
0x1bfb6731ff80e75bf84bfe40a108723c5eb23d4f,BCH,0.5402366552622883
0x1bfb6731ff80e75bf84bfe40a108723c5eb23d4f,BLUR,0.5105583186732475
0x1bfb6731ff80e75bf84bfe40a108723c5eb23d4f,BNB,0.5625601378569253
0x1bfb6731ff80e75bf84bfe40a108723c5eb23d4f,BONK,0.5687092050941349
0x1bfb6731ff80e75bf84bfe40a108723c5eb23d4f,BTC,0.5730117130667393
0x1bfb6731ff80e75bf84bfe40a108723c5eb23d4f,C98,0.460745022524877
0x1bfb6731ff80e75bf84bfe40a108723c5eb23d4f,CAKE,0.5449053842927609
0x1bfb6731ff80e75bf84bfe40a108723c5eb23d4f,COMP,0.5553558173100455
0x1bfb6731ff80e75bf84bfe40a108723c5eb23d4f,CRV,0.5138778279863331
0x1bfb6731ff80e75bf84bfe40a108723c5eb23d4f,CVX,0.5059965459658339
0x1bfb6731ff80e75bf84bfe40a108723c5eb23d4f,DAI,0.6647337021379379
0x1bfb6731ff80e75bf84bfe40a108723c5eb23d4f,DAO,0.3592508389175077
0x1bfb6731ff80e75bf84bfe40a108723c5eb23d4f,DOGE,0.5489345461203776
0x1bfb6731ff80e75bf84bfe40a108723c5eb23d4f,DOT,0.4234366497057061
0x1bfb6731ff80e75bf84bfe40a108723c5eb23d4f,DYDX,0.5181262949133203
0x1bfb6731ff80e75bf84bfe40a108723c5eb23d4f,EOS,0.4717023538679302
0x1bfb6731ff80e75bf84bfe40a108723c5eb23d4f,ETC,0.5075408135295096
0x1bfb6731ff80e75bf84bfe40a108723c5eb23d4f,ETH,0.5944588414865907
0x1bfb6731ff80e75bf84bfe40a108723c5eb23d4f,FET,0.5296373693450693
0x1bfb6731ff80e75bf84bfe40a108723c5eb23d4f,FIL,0.4850044921840077
0x1bfb6731ff80e75bf84bfe40a108723c5eb23d4f,FRAX,0.659435284742425
0x1bfb6731ff80e75bf84bfe40a108723c5eb23d4f,FTM,0.4685019884472
0x1bfb6731ff80e75bf84bfe40a108723c5eb23d4f,FXS,0.5399958681113248
0x1bfb6731ff80e75bf84bfe40a108723c5eb23d4f,GRT,0.5106501979685041
0x1bfb6731ff80e75bf84bfe40a108723c5eb23d4f,HAI,0.4906890218575707
0x1bfb6731ff80e75bf84bfe40a108723c5eb23d4f,HERO,0.5168913280147531
0x1bfb6731ff80e75bf84bfe40a108723c5eb23d4f,ICP,0.4600532766266069
0x1bfb6731ff80e75bf84bfe40a108723c5eb23d4f,IMX,0.4760261111538548
0x1bfb6731ff80e75bf84bfe40a108723c5eb23d4f,INJ,0.5251538229497434
0x1bfb6731ff80e75bf84bfe40a108723c5eb23d4f,LDO,0.5131477063437709
0x1bfb6731ff80e75bf84bfe40a108723c5eb23d4f,LINK,0.5421759565711444
0x1bfb6731ff80e75bf84bfe40a108723c5eb23d4f,LTC,0.5613338422373724
0x1bfb6731ff80e75bf84bfe40a108723c5eb23d4f,MATIC,0.4957265953377113
0x1bfb6731ff80e75bf84bfe40a108723c5eb23d4f,MAV,0.5173977255404912
0x1bfb6731ff80e75bf84bfe40a108723c5eb23d4f,MBOX,0.5111378323729203
0x1bfb6731ff80e75bf84bfe40a108723c5eb23d4f,MKR,0.5687275164955774
0x1bfb6731ff80e75bf84bfe40a108723c5eb23d4f,MOON,0.4439130015033846
0x1bfb6731ff80e75bf84bfe40a108723c5eb23d4f,NEAR,0.4494222488082589
0x1bfb6731ff80e75bf84bfe40a108723c5eb23d4f,OP,0.5063271138707527
0x1bfb6731ff80e75bf84bfe40a108723c5eb23d4f,PENDLE,0.4736317151281063
0x1bfb6731ff80e75bf84bfe40a108723c5eb23d4f,PEPE,0.523890432475125
0x1bfb6731ff80e75bf84bfe40a108723c5eb23d4f,PERP,0.2936280600315458
0x1bfb6731ff80e75bf84bfe40a108723c5eb23d4f,PIT,0.564074374253446
0x1bfb6731ff80e75bf84bfe40a108723c5eb23d4f,POLS,0.4960049878199156
0x1bfb6731ff80e75bf84bfe40a108723c5eb23d4f,PYTH,0.4796804022774328
0x1bfb6731ff80e75bf84bfe40a108723c5eb23d4f,QUACK,0.4497838970686565
0x1bfb6731ff80e75bf84bfe40a108723c5eb23d4f,RDNT,0.5069702578738513
0x1bfb6731ff80e75bf84bfe40a108723c5eb23d4f,RNDR,0.5051518685167485
0x1bfb6731ff80e75bf84bfe40a108723c5eb23d4f,RPL,0.4760476146797347
0x1bfb6731ff80e75bf84bfe40a108723c5eb23d4f,RUNE,0.5404394498237576
0x1bfb6731ff80e75bf84bfe40a108723c5eb23d4f,SFP,0.5247734044470597
0x1bfb6731ff80e75bf84bfe40a108723c5eb23d4f,SFUND,0.465987668092573
0x1bfb6731ff80e75bf84bfe40a108723c5eb23d4f,SHIB,0.569057038867564
0x1bfb6731ff80e75bf84bfe40a108723c5eb23d4f,SOL,0.6368423413193464
0x1bfb6731ff80e75bf84bfe40a108723c5eb23d4f,STG,0.4526774642262684
0x1bfb6731ff80e75bf84bfe40a108723c5eb23d4f,SUI,0.5338882738167986
0x1bfb6731ff80e75bf84bfe40a108723c5eb23d4f,SUSHI,0.5059045883584732
0x1bfb6731ff80e75bf84bfe40a108723c5eb23d4f,TIA,0.4782872754005877
0x1bfb6731ff80e75bf84bfe40a108723c5eb23d4f,TOKEN,0.5101590365239603
0x1bfb6731ff80e75bf84bfe40a108723c5eb23d4f,TRX,0.5904030534466135
0x1bfb6731ff80e75bf84bfe40a108723c5eb23d4f,UNI,0.4522266659222529
0x1bfb6731ff80e75bf84bfe40a108723c5eb23d4f,USDT,0.6457686156734489
0x1bfb6731ff80e75bf84bfe40a108723c5eb23d4f,XLM,0.52384231394816
0x1bfb6731ff80e75bf84bfe40a108723c5eb23d4f,XMR,0.5252715145652347
0x1bfb6731ff80e75bf84bfe40a108723c5eb23d4f,XRP,0.6052567437127936
0x1bfb6731ff80e75bf84bfe40a108723c5eb23d4f,XTZ,0.5203628816387118
0x1bfb6731ff80e75bf84bfe40a108723c5eb23d4f,XVS,0.4801084572153038
0x1bfb6731ff80e75bf84bfe40a108723c5eb23d4f,YFI,0.5432941783273671
0x1ddbf0ae77f367e99e38398d9694d8ea86d003f3,AAVE,0.5250264420163626
0x1ddbf0ae77f367e99e38398d9694d8ea86d003f3,ADA,0.5185810039967249
0x1ddbf0ae77f367e99e38398d9694d8ea86d003f3,ALGO,0.540852765625358
0x1ddbf0ae77f367e99e38398d9694d8ea86d003f3,APE,0.5275080537141569
0x1ddbf0ae77f367e99e38398d9694d8ea86d003f3,APT,0.4653147887806076
0x1ddbf0ae77f367e99e38398d9694d8ea86d003f3,ATOM,0.515055449267056
0x1ddbf0ae77f367e99e38398d9694d8ea86d003f3,AVAX,0.5294024212362058
0x1ddbf0ae77f367e99e38398d9694d8ea86d003f3,AXS,0.4659250815779976
0x1ddbf0ae77f367e99e38398d9694d8ea86d003f3,BAL,0.4941401308467502
0x1ddbf0ae77f367e99e38398d9694d8ea86d003f3,BCH,0.5220707486288485
0x1ddbf0ae77f367e99e38398d9694d8ea86d003f3,BLUR,0.5230494609864188
0x1ddbf0ae77f367e99e38398d9694d8ea86d003f3,BNB,0.537120578298542
0x1ddbf0ae77f367e99e38398d9694d8ea86d003f3,BONK,0.5385683655434452
0x1ddbf0ae77f367e99e38398d9694d8ea86d003f3,BTC,0.55706880381687
0x1ddbf0ae77f367e99e38398d9694d8ea86d003f3,C98,0.4274984406649298
0x1ddbf0ae77f367e99e38398d9694d8ea86d003f3,CAKE,0.5246682075934319
0x1ddbf0ae77f367e99e38398d9694d8ea86d003f3,COMP,0.5266541745383273
0x1ddbf0ae77f367e99e38398d9694d8ea86d003f3,CRV,0.5133003322857798
0x1ddbf0ae77f367e99e38398d9694d8ea86d003f3,CVX,0.4930026342399305
0x1ddbf0ae77f367e99e38398d9694d8ea86d003f3,DAI,0.6537217430513524
0x1ddbf0ae77f367e99e38398d9694d8ea86d003f3,DAO,0.389335801356638
0x1ddbf0ae77f367e99e38398d9694d8ea86d003f3,DOGE,0.5310438894525087
0x1ddbf0ae77f367e99e38398d9694d8ea86d003f3,DOT,0.4701414658225162
0x1ddbf0ae77f367e99e38398d9694d8ea86d003f3,DYDX,0.5189813814967781
0x1ddbf0ae77f367e99e38398d9694d8ea86d003f3,EOS,0.5377266866794858
0x1ddbf0ae77f367e99e38398d9694d8ea86d003f3,ETC,0.5319999122782231
0x1ddbf0ae77f367e99e38398d9694d8ea86d003f3,ETH,0.5462415945721848
0x1ddbf0ae77f367e99e38398d9694d8ea86d003f3,FET,0.5188646729523002
0x1ddbf0ae77f367e99e38398d9694d8ea86d003f3,FIL,0.5060705920668456
0x1ddbf0ae77f367e99e38398d9694d8ea86d003f3,FRAX,0.6156853911897341
0x1ddbf0ae77f367e99e38398d9694d8ea86d003f3,FTM,0.5309453167197941
0x1ddbf0ae77f367e99e38398d9694d8ea86d003f3,FXS,0.4988410208472191
0x1ddbf0ae77f367e99e38398d9694d8ea86d003f3,GRT,0.5259431288918575
0x1ddbf0ae77f367e99e38398d9694d8ea86d003f3,HAI,0.5010198880530232
0x1ddbf0ae77f367e99e38398d9694d8ea86d003f3,HERO,0.53235737274566
0x1ddbf0ae77f367e99e38398d9694d8ea86d003f3,ICP,0.4789164411772501
0x1ddbf0ae77f367e99e38398d9694d8ea86d003f3,IMX,0.5085897902611334
0x1ddbf0ae77f367e99e38398d9694d8ea86d003f3,INJ,0.5265692746538427
0x1ddbf0ae77f367e99e38398d9694d8ea86d003f3,LDO,0.5182256634703802
0x1ddbf0ae77f367e99e38398d9694d8ea86d003f3,LINK,0.5283932996552929
0x1ddbf0ae77f367e99e38398d9694d8ea86d003f3,LTC,0.54711516364169
0x1ddbf0ae77f367e99e38398d9694d8ea86d003f3,MATIC,0.5068256564090693
0x1ddbf0ae77f367e99e38398d9694d8ea86d003f3,MAV,0.5185093566976301
0x1ddbf0ae77f367e99e38398d9694d8ea86d003f3,MBOX,0.5176868250463679
0x1ddbf0ae77f367e99e38398d9694d8ea86d003f3,MKR,0.5344928954292956
0x1ddbf0ae77f367e99e38398d9694d8ea86d003f3,MOON,0.458111842363623
0x1ddbf0ae77f367e99e38398d9694d8ea86d003f3,NEAR,0.4670901883816631
0x1ddbf0ae77f367e99e38398d9694d8ea86d003f3,OP,0.482822445761989
0x1ddbf0ae77f367e99e38398d9694d8ea86d003f3,PENDLE,0.4810074115664372
0x1ddbf0ae77f367e99e38398d9694d8ea86d003f3,PEPE,0.5255354855773099
0x1ddbf0ae77f367e99e38398d9694d8ea86d003f3,PERP,0.3183379863566587
0x1ddbf0ae77f367e99e38398d9694d8ea86d003f3,PIT,0.5351615284093566
0x1ddbf0ae77f367e99e38398d9694d8ea86d003f3,POLS,0.5209312921509454
0x1ddbf0ae77f367e99e38398d9694d8ea86d003f3,PYTH,0.4972459676607896
0x1ddbf0ae77f367e99e38398d9694d8ea86d003f3,QUACK,0.4737206664224754
0x1ddbf0ae77f367e99e38398d9694d8ea86d003f3,RDNT,0.5165174705251255
0x1ddbf0ae77f367e99e38398d9694d8ea86d003f3,RNDR,0.5125145933622042
0x1ddbf0ae77f367e99e38398d9694d8ea86d003f3,RPL,0.4898211572511184
0x1ddbf0ae77f367e99e38398d9694d8ea86d003f3,RUNE,0.5350695472973025
0x1ddbf0ae77f367e99e38398d9694d8ea86d003f3,SFP,0.5169392219302319
0x1ddbf0ae77f367e99e38398d9694d8ea86d003f3,SFUND,0.4905876572233208
0x1ddbf0ae77f367e99e38398d9694d8ea86d003f3,SHIB,0.5322733412391414
0x1ddbf0ae77f367e99e38398d9694d8ea86d003f3,SOL,0.5316539458293263
0x1ddbf0ae77f367e99e38398d9694d8ea86d003f3,STG,0.4435994855394868
0x1ddbf0ae77f367e99e38398d9694d8ea86d003f3,SUI,0.5283639532425327
0x1ddbf0ae77f367e99e38398d9694d8ea86d003f3,SUSHI,0.5225943814061152
0x1ddbf0ae77f367e99e38398d9694d8ea86d003f3,TIA,0.5079420976122764
0x1ddbf0ae77f367e99e38398d9694d8ea86d003f3,TOKEN,0.5106489589754799
0x1ddbf0ae77f367e99e38398d9694d8ea86d003f3,TRX,0.5480227551288709
0x1ddbf0ae77f367e99e38398d9694d8ea86d003f3,UNI,0.4848907744849061
0x1ddbf0ae77f367e99e38398d9694d8ea86d003f3,USDT,0.6317539881527777
0x1ddbf0ae77f367e99e38398d9694d8ea86d003f3,XLM,0.5288412978548622
0x1ddbf0ae77f367e99e38398d9694d8ea86d003f3,XMR,0.5064029044044004
0x1ddbf0ae77f367e99e38398d9694d8ea86d003f3,XRP,0.5334701263787804
0x1ddbf0ae77f367e99e38398d9694d8ea86d003f3,XTZ,0.5263243268713519
0x1ddbf0ae77f367e99e38398d9694d8ea86d003f3,XVS,0.4938567406999214
0x1ddbf0ae77f367e99e38398d9694d8ea86d003f3,YFI,0.5298887645660691
0x1e2e7903fb871f38362a8760871d1648eaa12536,AAVE,0.0089910089910089
0x1e2e7903fb871f38362a8760871d1648eaa12536,ADA,0.0029970029970029
0x1e2e7903fb871f38362a8760871d1648eaa12536,ALGO,0.0216450216450216
0x1e2e7903fb871f38362a8760871d1648eaa12536,APE,0.0086580086580086
0x1e2e7903fb871f38362a8760871d1648eaa12536,APT,0.0016650016650016
0x1e2e7903fb871f38362a8760871d1648eaa12536,ATOM,0.0019980019980019
0x1e2e7903fb871f38362a8760871d1648eaa12536,AVAX,0.0079920079920079
0x1e2e7903fb871f38362a8760871d1648eaa12536,AXS,0.0003330003330003
0x1e2e7903fb871f38362a8760871d1648eaa12536,BAL,0.0179820179820179
0x1e2e7903fb871f38362a8760871d1648eaa12536,BCH,0.0159840159840159
0x1e2e7903fb871f38362a8760871d1648eaa12536,BLUR,0.0106560106560106
0x1e2e7903fb871f38362a8760871d1648eaa12536,BNB,0.0213120213120213
0x1e2e7903fb871f38362a8760871d1648eaa12536,BONK,0.0139860139860139
0x1e2e7903fb871f38362a8760871d1648eaa12536,BTC,0.0243090243090243
0x1e2e7903fb871f38362a8760871d1648eaa12536,C98,0.0073260073260073
0x1e2e7903fb871f38362a8760871d1648eaa12536,CAKE,0.0136530136530136
0x1e2e7903fb871f38362a8760871d1648eaa12536,COMP,0.0149850149850149
0x1e2e7903fb871f38362a8760871d1648eaa12536,CRV,0.0049950049950049
0x1e2e7903fb871f38362a8760871d1648eaa12536,CVX,0.0109890109890109
0x1e2e7903fb871f38362a8760871d1648eaa12536,DAI,0.0249750249750249
0x1e2e7903fb871f38362a8760871d1648eaa12536,DAO,0.0026640026640026
0x1e2e7903fb871f38362a8760871d1648eaa12536,DOGE,0.0163170163170163
0x1e2e7903fb871f38362a8760871d1648eaa12536,DOT,0.0009990009990009
0x1e2e7903fb871f38362a8760871d1648eaa12536,DYDX,0.0153180153180153
0x1e2e7903fb871f38362a8760871d1648eaa12536,EOS,0.0176490176490176
0x1e2e7903fb871f38362a8760871d1648eaa12536,ETC,0.0066600066600066
0x1e2e7903fb871f38362a8760871d1648eaa12536,ETH,0.0083250083250083
0x1e2e7903fb871f38362a8760871d1648eaa12536,FET,0.0189810189810189
0x1e2e7903fb871f38362a8760871d1648eaa12536,FIL,0.0096570096570096
0x1e2e7903fb871f38362a8760871d1648eaa12536,FRAX,0.0253080253080253
0x1e2e7903fb871f38362a8760871d1648eaa12536,FTM,0.0128205128205128
0x1e2e7903fb871f38362a8760871d1648eaa12536,FXS,0.0143190143190143
0x1e2e7903fb871f38362a8760871d1648eaa12536,GRT,0.0196470196470196
0x1e2e7903fb871f38362a8760871d1648eaa12536,HAI,0.0193140193140193
0x1e2e7903fb871f38362a8760871d1648eaa12536,HERO,0.0209790209790209
0x1e2e7903fb871f38362a8760871d1648eaa12536,ICP,0.0056610056610056
0x1e2e7903fb871f38362a8760871d1648eaa12536,IMX,0.0093240093240093
0x1e2e7903fb871f38362a8760871d1648eaa12536,INJ,0.0128205128205128
0x1e2e7903fb871f38362a8760871d1648eaa12536,LDO,0.0223110223110223
0x1e2e7903fb871f38362a8760871d1648eaa12536,LINK,0.0043290043290043
0x1e2e7903fb871f38362a8760871d1648eaa12536,LTC,0.0246420246420246
0x1e2e7903fb871f38362a8760871d1648eaa12536,MATIC,0.0128205128205128
0x1e2e7903fb871f38362a8760871d1648eaa12536,MAV,0.0233100233100233
0x1e2e7903fb871f38362a8760871d1648eaa12536,MBOX,0.0113220113220113
0x1e2e7903fb871f38362a8760871d1648eaa12536,MKR,0.0186480186480186
0x1e2e7903fb871f38362a8760871d1648eaa12536,MOON,0.0023310023310023
0x1e2e7903fb871f38362a8760871d1648eaa12536,NEAR,0.0033300033300033
0x1e2e7903fb871f38362a8760871d1648eaa12536,OP,0.0006660006660006
0x1e2e7903fb871f38362a8760871d1648eaa12536,PENDLE,0.0063270063270063
0x1e2e7903fb871f38362a8760871d1648eaa12536,PEPE,0.0036630036630036
0x1e2e7903fb871f38362a8760871d1648eaa12536,PERP,0.0076590076590076
0x1e2e7903fb871f38362a8760871d1648eaa12536,PIT,0.0203130203130203
0x1e2e7903fb871f38362a8760871d1648eaa12536,POLS,0.0239760239760239
0x1e2e7903fb871f38362a8760871d1648eaa12536,PYTH,0.0166500166500166
0x1e2e7903fb871f38362a8760871d1648eaa12536,QUACK,0.0103230103230103
0x1e2e7903fb871f38362a8760871d1648eaa12536,RDNT,0.0119880119880119
0x1e2e7903fb871f38362a8760871d1648eaa12536,RNDR,0.0128205128205128
0x1e2e7903fb871f38362a8760871d1648eaa12536,RPL,0.0013320013320013
0x1e2e7903fb871f38362a8760871d1648eaa12536,RUNE,0.0219780219780219
0x1e2e7903fb871f38362a8760871d1648eaa12536,SFP,0.0226440226440226
0x1e2e7903fb871f38362a8760871d1648eaa12536,SFUND,0.0069930069930069
0x1e2e7903fb871f38362a8760871d1648eaa12536,SHIB,0.0059940059940059
0x1e2e7903fb871f38362a8760871d1648eaa12536,SOL,0.0169830169830169
0x1e2e7903fb871f38362a8760871d1648eaa12536,STG,0.0099900099900099
0x1e2e7903fb871f38362a8760871d1648eaa12536,SUI,0.0156510156510156
0x1e2e7903fb871f38362a8760871d1648eaa12536,SUSHI,0.0183150183150183
0x1e2e7903fb871f38362a8760871d1648eaa12536,TIA,0.0053280053280053
0x1e2e7903fb871f38362a8760871d1648eaa12536,TOKEN,0.0146520146520146
0x1e2e7903fb871f38362a8760871d1648eaa12536,TRX,0.0256410256410256
0x1e2e7903fb871f38362a8760871d1648eaa12536,UNI,0.0039960039960039
0x1e2e7903fb871f38362a8760871d1648eaa12536,USDT,0.0199800199800199
0x1e2e7903fb871f38362a8760871d1648eaa12536,XLM,0.0229770229770229
0x1e2e7903fb871f38362a8760871d1648eaa12536,XMR,0.0116550116550116
0x1e2e7903fb871f38362a8760871d1648eaa12536,XRP,0.0206460206460206
0x1e2e7903fb871f38362a8760871d1648eaa12536,XTZ,0.0236430236430236
0x1e2e7903fb871f38362a8760871d1648eaa12536,XVS,0.0046620046620046
0x1e2e7903fb871f38362a8760871d1648eaa12536,YFI,0.0173160173160173
0x2b23c36232eac432433a919aedd9a169031661c2,AAVE,0.5195827506083419
0x2b23c36232eac432433a919aedd9a169031661c2,ADA,0.5553872447130284
0x2b23c36232eac432433a919aedd9a169031661c2,ALGO,0.5651957173592066
0x2b23c36232eac432433a919aedd9a169031661c2,APE,0.5443299552776713
0x2b23c36232eac432433a919aedd9a169031661c2,APT,0.4632003525389161
0x2b23c36232eac432433a919aedd9a169031661c2,ATOM,0.5643984131303708
0x2b23c36232eac432433a919aedd9a169031661c2,AVAX,0.534693161183099
0x2b23c36232eac432433a919aedd9a169031661c2,AXS,0.4531376531762625
0x2b23c36232eac432433a919aedd9a169031661c2,BAL,0.4557469931191692
0x2b23c36232eac432433a919aedd9a169031661c2,BCH,0.4723519368620233
0x2b23c36232eac432433a919aedd9a169031661c2,BLUR,0.5211804517426057
0x2b23c36232eac432433a919aedd9a169031661c2,BNB,0.5516932434415679
0x2b23c36232eac432433a919aedd9a169031661c2,BONK,0.5314495839065569
0x2b23c36232eac432433a919aedd9a169031661c2,BTC,0.6010022997651968
0x2b23c36232eac432433a919aedd9a169031661c2,C98,0.4330736337742478
0x2b23c36232eac432433a919aedd9a169031661c2,CAKE,0.5185784496408741
0x2b23c36232eac432433a919aedd9a169031661c2,COMP,0.5080810450179573
0x2b23c36232eac432433a919aedd9a169031661c2,CRV,0.4957770849644161
0x2b23c36232eac432433a919aedd9a169031661c2,CVX,0.5028070117112642
0x2b23c36232eac432433a919aedd9a169031661c2,DAI,0.7066083460964714
0x2b23c36232eac432433a919aedd9a169031661c2,DAO,0.359139477994593
0x2b23c36232eac432433a919aedd9a169031661c2,DOGE,0.5383617653674978
0x2b23c36232eac432433a919aedd9a169031661c2,DOT,0.4587202860150587
0x2b23c36232eac432433a919aedd9a169031661c2,DYDX,0.5680689054097849
0x2b23c36232eac432433a919aedd9a169031661c2,EOS,0.511126349527458
0x2b23c36232eac432433a919aedd9a169031661c2,ETC,0.5160858812712124
0x2b23c36232eac432433a919aedd9a169031661c2,ETH,0.5509624670202904
0x2b23c36232eac432433a919aedd9a169031661c2,FET,0.5448634820090636
0x2b23c36232eac432433a919aedd9a169031661c2,FIL,0.5232966210339666
0x2b23c36232eac432433a919aedd9a169031661c2,FRAX,0.722555473172986
0x2b23c36232eac432433a919aedd9a169031661c2,FTM,0.5397535649998194
0x2b23c36232eac432433a919aedd9a169031661c2,FXS,0.510794160897038
0x2b23c36232eac432433a919aedd9a169031661c2,GRT,0.5456235894346815
0x2b23c36232eac432433a919aedd9a169031661c2,HAI,0.5190518938338211
0x2b23c36232eac432433a919aedd9a169031661c2,HERO,0.5224663713523972
0x2b23c36232eac432433a919aedd9a169031661c2,ICP,0.4583581679288789
0x2b23c36232eac432433a919aedd9a169031661c2,IMX,0.5147024473838584
0x2b23c36232eac432433a919aedd9a169031661c2,INJ,0.5618168327228077
0x2b23c36232eac432433a919aedd9a169031661c2,LDO,0.5597363069693126
0x2b23c36232eac432433a919aedd9a169031661c2,LINK,0.5700105736311087
0x2b23c36232eac432433a919aedd9a169031661c2,LTC,0.5521753069714666
0x2b23c36232eac432433a919aedd9a169031661c2,MATIC,0.5391009064911969
0x2b23c36232eac432433a919aedd9a169031661c2,MAV,0.5349531528066895
0x2b23c36232eac432433a919aedd9a169031661c2,MBOX,0.5367123377023869
0x2b23c36232eac432433a919aedd9a169031661c2,MKR,0.521385174557559
0x2b23c36232eac432433a919aedd9a169031661c2,MOON,0.4435313036631362
0x2b23c36232eac432433a919aedd9a169031661c2,NEAR,0.4479139150407866
0x2b23c36232eac432433a919aedd9a169031661c2,OP,0.5274244663123911
0x2b23c36232eac432433a919aedd9a169031661c2,PENDLE,0.5252383820091951
0x2b23c36232eac432433a919aedd9a169031661c2,PEPE,0.5066811974470665
0x2b23c36232eac432433a919aedd9a169031661c2,PERP,0.3030759530924634
0x2b23c36232eac432433a919aedd9a169031661c2,PIT,0.5348668089198626
0x2b23c36232eac432433a919aedd9a169031661c2,POLS,0.5202014268809656
0x2b23c36232eac432433a919aedd9a169031661c2,PYTH,0.4889477840424205
0x2b23c36232eac432433a919aedd9a169031661c2,QUACK,0.4794911106427859
0x2b23c36232eac432433a919aedd9a169031661c2,RDNT,0.5391184328375166
0x2b23c36232eac432433a919aedd9a169031661c2,RNDR,0.525209324257847
0x2b23c36232eac432433a919aedd9a169031661c2,RPL,0.4792878853562973
0x2b23c36232eac432433a919aedd9a169031661c2,RUNE,0.5698864142855228
0x2b23c36232eac432433a919aedd9a169031661c2,SFP,0.5381300301642801
0x2b23c36232eac432433a919aedd9a169031661c2,SFUND,0.5380889914763932
0x2b23c36232eac432433a919aedd9a169031661c2,SHIB,0.5279789101393957
0x2b23c36232eac432433a919aedd9a169031661c2,SOL,0.588800986525072
0x2b23c36232eac432433a919aedd9a169031661c2,STG,0.4386951303859365
0x2b23c36232eac432433a919aedd9a169031661c2,SUI,0.5367045076618457
0x2b23c36232eac432433a919aedd9a169031661c2,SUSHI,0.5361874407906626
0x2b23c36232eac432433a919aedd9a169031661c2,TIA,0.4978923030860887
0x2b23c36232eac432433a919aedd9a169031661c2,TOKEN,0.5205073595865544
0x2b23c36232eac432433a919aedd9a169031661c2,TRX,0.5899672406335024
0x2b23c36232eac432433a919aedd9a169031661c2,UNI,0.4795168487601591
0x2b23c36232eac432433a919aedd9a169031661c2,USDT,0.6661676178697974
0x2b23c36232eac432433a919aedd9a169031661c2,XLM,0.5334394387944605
0x2b23c36232eac432433a919aedd9a169031661c2,XMR,0.509065743051503
0x2b23c36232eac432433a919aedd9a169031661c2,XRP,0.5754600136367255
0x2b23c36232eac432433a919aedd9a169031661c2,XTZ,0.5308172958705151
0x2b23c36232eac432433a919aedd9a169031661c2,XVS,0.5125899389112596
0x2b23c36232eac432433a919aedd9a169031661c2,YFI,0.5509370260283931
0x3cf29379dbc05bdfa6ad4e81c6bc2c581a0a3ca1,AAVE,0.6393375992774963
0x3cf29379dbc05bdfa6ad4e81c6bc2c581a0a3ca1,ADA,0.3490512371063232
0x3cf29379dbc05bdfa6ad4e81c6bc2c581a0a3ca1,ALGO,0.4416840970516205
0x3cf29379dbc05bdfa6ad4e81c6bc2c581a0a3ca1,APE,0.331426054239273
0x3cf29379dbc05bdfa6ad4e81c6bc2c581a0a3ca1,APT,0.3109775185585022
0x3cf29379dbc05bdfa6ad4e81c6bc2c581a0a3ca1,ATOM,0.335754930973053
0x3cf29379dbc05bdfa6ad4e81c6bc2c581a0a3ca1,AVAX,0.4080341160297394
0x3cf29379dbc05bdfa6ad4e81c6bc2c581a0a3ca1,AXS,0.4025818407535553
0x3cf29379dbc05bdfa6ad4e81c6bc2c581a0a3ca1,BAL,0.4304430186748504
0x3cf29379dbc05bdfa6ad4e81c6bc2c581a0a3ca1,BCH,0.6951130628585815
0x3cf29379dbc05bdfa6ad4e81c6bc2c581a0a3ca1,BLUR,0.1901725381612777
0x3cf29379dbc05bdfa6ad4e81c6bc2c581a0a3ca1,BNB,0.9538232088088988
0x3cf29379dbc05bdfa6ad4e81c6bc2c581a0a3ca1,BONK,0.19263756275177
0x3cf29379dbc05bdfa6ad4e81c6bc2c581a0a3ca1,BTC,0.9019015431404114
0x3cf29379dbc05bdfa6ad4e81c6bc2c581a0a3ca1,C98,0.2409568428993225
0x3cf29379dbc05bdfa6ad4e81c6bc2c581a0a3ca1,CAKE,0.4840000569820404
0x3cf29379dbc05bdfa6ad4e81c6bc2c581a0a3ca1,COMP,0.4034823477268219
0x3cf29379dbc05bdfa6ad4e81c6bc2c581a0a3ca1,CRV,0.4390636682510376
0x3cf29379dbc05bdfa6ad4e81c6bc2c581a0a3ca1,CVX,0.3460899293422699
0x3cf29379dbc05bdfa6ad4e81c6bc2c581a0a3ca1,DAI,1.0
0x3cf29379dbc05bdfa6ad4e81c6bc2c581a0a3ca1,DAO,0.16249381005764
0x3cf29379dbc05bdfa6ad4e81c6bc2c581a0a3ca1,DOGE,0.5177652835845947
0x3cf29379dbc05bdfa6ad4e81c6bc2c581a0a3ca1,DOT,0.3295733630657196
0x3cf29379dbc05bdfa6ad4e81c6bc2c581a0a3ca1,DYDX,0.2146768718957901
0x3cf29379dbc05bdfa6ad4e81c6bc2c581a0a3ca1,EOS,0.2661541998386383
0x3cf29379dbc05bdfa6ad4e81c6bc2c581a0a3ca1,ETC,0.520909309387207
0x3cf29379dbc05bdfa6ad4e81c6bc2c581a0a3ca1,ETH,0.802731990814209
0x3cf29379dbc05bdfa6ad4e81c6bc2c581a0a3ca1,FET,0.2308191806077957
0x3cf29379dbc05bdfa6ad4e81c6bc2c581a0a3ca1,FIL,0.3078681230545044
0x3cf29379dbc05bdfa6ad4e81c6bc2c581a0a3ca1,FRAX,0.9241942167282104
0x3cf29379dbc05bdfa6ad4e81c6bc2c581a0a3ca1,FTM,0.2175213545560836
0x3cf29379dbc05bdfa6ad4e81c6bc2c581a0a3ca1,FXS,0.1725515276193618
0x3cf29379dbc05bdfa6ad4e81c6bc2c581a0a3ca1,GRT,0.2941590547561645
0x3cf29379dbc05bdfa6ad4e81c6bc2c581a0a3ca1,HAI,0.3351107835769653
0x3cf29379dbc05bdfa6ad4e81c6bc2c581a0a3ca1,HERO,0.4550268948078155
0x3cf29379dbc05bdfa6ad4e81c6bc2c581a0a3ca1,ICP,0.3468717634677887
0x3cf29379dbc05bdfa6ad4e81c6bc2c581a0a3ca1,IMX,0.2056087106466293
0x3cf29379dbc05bdfa6ad4e81c6bc2c581a0a3ca1,INJ,0.217041939496994
0x3cf29379dbc05bdfa6ad4e81c6bc2c581a0a3ca1,LDO,0.2196459919214248
0x3cf29379dbc05bdfa6ad4e81c6bc2c581a0a3ca1,LINK,0.4821149110794067
0x3cf29379dbc05bdfa6ad4e81c6bc2c581a0a3ca1,LTC,0.860354483127594
0x3cf29379dbc05bdfa6ad4e81c6bc2c581a0a3ca1,MATIC,0.2222782224416732
0x3cf29379dbc05bdfa6ad4e81c6bc2c581a0a3ca1,MAV,0.2107013463973999
0x3cf29379dbc05bdfa6ad4e81c6bc2c581a0a3ca1,MBOX,0.2793838679790497
0x3cf29379dbc05bdfa6ad4e81c6bc2c581a0a3ca1,MKR,0.5720743536949158
0x3cf29379dbc05bdfa6ad4e81c6bc2c581a0a3ca1,MOON,0.259609192609787
0x3cf29379dbc05bdfa6ad4e81c6bc2c581a0a3ca1,NEAR,0.2980664372444153
0x3cf29379dbc05bdfa6ad4e81c6bc2c581a0a3ca1,OP,0.4880255758762359
0x3cf29379dbc05bdfa6ad4e81c6bc2c581a0a3ca1,PENDLE,0.3907317817211151
0x3cf29379dbc05bdfa6ad4e81c6bc2c581a0a3ca1,PEPE,0.3426418304443359
0x3cf29379dbc05bdfa6ad4e81c6bc2c581a0a3ca1,PERP,0.1646307557821273
0x3cf29379dbc05bdfa6ad4e81c6bc2c581a0a3ca1,PIT,0.4630683362483978
0x3cf29379dbc05bdfa6ad4e81c6bc2c581a0a3ca1,POLS,0.184184193611145
0x3cf29379dbc05bdfa6ad4e81c6bc2c581a0a3ca1,PYTH,0.1129731088876724
0x3cf29379dbc05bdfa6ad4e81c6bc2c581a0a3ca1,QUACK,0.518454909324646
0x3cf29379dbc05bdfa6ad4e81c6bc2c581a0a3ca1,RDNT,0.2297557294368744
0x3cf29379dbc05bdfa6ad4e81c6bc2c581a0a3ca1,RNDR,0.3149249851703644
0x3cf29379dbc05bdfa6ad4e81c6bc2c581a0a3ca1,RPL,0.0
0x3cf29379dbc05bdfa6ad4e81c6bc2c581a0a3ca1,RUNE,0.3279326260089874
0x3cf29379dbc05bdfa6ad4e81c6bc2c581a0a3ca1,SFP,0.4373397827148437
0x3cf29379dbc05bdfa6ad4e81c6bc2c581a0a3ca1,SFUND,0.2463430762290954
0x3cf29379dbc05bdfa6ad4e81c6bc2c581a0a3ca1,SHIB,0.4455872774124145
0x3cf29379dbc05bdfa6ad4e81c6bc2c581a0a3ca1,SOL,0.8595762848854065
0x3cf29379dbc05bdfa6ad4e81c6bc2c581a0a3ca1,STG,0.3690901100635528
0x3cf29379dbc05bdfa6ad4e81c6bc2c581a0a3ca1,SUI,0.4115041196346283
0x3cf29379dbc05bdfa6ad4e81c6bc2c581a0a3ca1,SUSHI,0.317069262266159
0x3cf29379dbc05bdfa6ad4e81c6bc2c581a0a3ca1,TIA,0.1862410455942154
0x3cf29379dbc05bdfa6ad4e81c6bc2c581a0a3ca1,TOKEN,0.20309679210186
0x3cf29379dbc05bdfa6ad4e81c6bc2c581a0a3ca1,TRX,0.8460678458213806
0x3cf29379dbc05bdfa6ad4e81c6bc2c581a0a3ca1,UNI,0.3430311679840088
0x3cf29379dbc05bdfa6ad4e81c6bc2c581a0a3ca1,USDT,0.8741216063499451
0x3cf29379dbc05bdfa6ad4e81c6bc2c581a0a3ca1,XLM,0.507243812084198
0x3cf29379dbc05bdfa6ad4e81c6bc2c581a0a3ca1,XMR,0.8481644988059998
0x3cf29379dbc05bdfa6ad4e81c6bc2c581a0a3ca1,XRP,0.8606095910072327
0x3cf29379dbc05bdfa6ad4e81c6bc2c581a0a3ca1,XTZ,0.4430693387985229
0x3cf29379dbc05bdfa6ad4e81c6bc2c581a0a3ca1,XVS,0.4631208479404449
0x3cf29379dbc05bdfa6ad4e81c6bc2c581a0a3ca1,YFI,0.4901796579360962
0x3e04d3e08ea54c34f721ac007107fe7a4bd957d5,AAVE,0.5184832
0x3e04d3e08ea54c34f721ac007107fe7a4bd957d5,ADA,0.51666135
0x3e04d3e08ea54c34f721ac007107fe7a4bd957d5,ALGO,0.52918243
0x3e04d3e08ea54c34f721ac007107fe7a4bd957d5,APE,0.5151195
0x3e04d3e08ea54c34f721ac007107fe7a4bd957d5,APT,0.48208943
0x3e04d3e08ea54c34f721ac007107fe7a4bd957d5,ATOM,0.5143697
0x3e04d3e08ea54c34f721ac007107fe7a4bd957d5,AVAX,0.50640154
0x3e04d3e08ea54c34f721ac007107fe7a4bd957d5,AXS,0.49902785
0x3e04d3e08ea54c34f721ac007107fe7a4bd957d5,BAL,0.5047018
0x3e04d3e08ea54c34f721ac007107fe7a4bd957d5,BCH,0.53837955
0x3e04d3e08ea54c34f721ac007107fe7a4bd957d5,BLUR,0.5194469
0x3e04d3e08ea54c34f721ac007107fe7a4bd957d5,BNB,0.53726554
0x3e04d3e08ea54c34f721ac007107fe7a4bd957d5,BONK,0.5147691
0x3e04d3e08ea54c34f721ac007107fe7a4bd957d5,BTC,0.55795896
0x3e04d3e08ea54c34f721ac007107fe7a4bd957d5,C98,0.4180758
0x3e04d3e08ea54c34f721ac007107fe7a4bd957d5,CAKE,0.5265282
0x3e04d3e08ea54c34f721ac007107fe7a4bd957d5,COMP,0.5229005
0x3e04d3e08ea54c34f721ac007107fe7a4bd957d5,CRV,0.49851865
0x3e04d3e08ea54c34f721ac007107fe7a4bd957d5,CVX,0.49705687
0x3e04d3e08ea54c34f721ac007107fe7a4bd957d5,DAI,0.6191883
0x3e04d3e08ea54c34f721ac007107fe7a4bd957d5,DAO,0.3740291
0x3e04d3e08ea54c34f721ac007107fe7a4bd957d5,DOGE,0.516836
0x3e04d3e08ea54c34f721ac007107fe7a4bd957d5,DOT,0.45858753
0x3e04d3e08ea54c34f721ac007107fe7a4bd957d5,DYDX,0.5199349
0x3e04d3e08ea54c34f721ac007107fe7a4bd957d5,EOS,0.5389377
0x3e04d3e08ea54c34f721ac007107fe7a4bd957d5,ETC,0.5224277
0x3e04d3e08ea54c34f721ac007107fe7a4bd957d5,ETH,0.54419607
0x3e04d3e08ea54c34f721ac007107fe7a4bd957d5,FET,0.50657004
0x3e04d3e08ea54c34f721ac007107fe7a4bd957d5,FIL,0.4960215
0x3e04d3e08ea54c34f721ac007107fe7a4bd957d5,FRAX,0.6451267
0x3e04d3e08ea54c34f721ac007107fe7a4bd957d5,FTM,0.52224773
0x3e04d3e08ea54c34f721ac007107fe7a4bd957d5,FXS,0.5120144
0x3e04d3e08ea54c34f721ac007107fe7a4bd957d5,GRT,0.5260786
0x3e04d3e08ea54c34f721ac007107fe7a4bd957d5,HAI,0.5165611
0x3e04d3e08ea54c34f721ac007107fe7a4bd957d5,HERO,0.5230554
0x3e04d3e08ea54c34f721ac007107fe7a4bd957d5,ICP,0.4877404
0x3e04d3e08ea54c34f721ac007107fe7a4bd957d5,IMX,0.51214796
0x3e04d3e08ea54c34f721ac007107fe7a4bd957d5,INJ,0.5288492
0x3e04d3e08ea54c34f721ac007107fe7a4bd957d5,LDO,0.51951945
0x3e04d3e08ea54c34f721ac007107fe7a4bd957d5,LINK,0.524982
0x3e04d3e08ea54c34f721ac007107fe7a4bd957d5,LTC,0.53696877
0x3e04d3e08ea54c34f721ac007107fe7a4bd957d5,MATIC,0.5159005
0x3e04d3e08ea54c34f721ac007107fe7a4bd957d5,MAV,0.50793844
0x3e04d3e08ea54c34f721ac007107fe7a4bd957d5,MBOX,0.51621634
0x3e04d3e08ea54c34f721ac007107fe7a4bd957d5,MKR,0.5570538
0x3e04d3e08ea54c34f721ac007107fe7a4bd957d5,MOON,0.48703977
0x3e04d3e08ea54c34f721ac007107fe7a4bd957d5,NEAR,0.46371567
0x3e04d3e08ea54c34f721ac007107fe7a4bd957d5,OP,0.51519674
0x3e04d3e08ea54c34f721ac007107fe7a4bd957d5,PENDLE,0.48244655
0x3e04d3e08ea54c34f721ac007107fe7a4bd957d5,PEPE,0.5081538
0x3e04d3e08ea54c34f721ac007107fe7a4bd957d5,PERP,0.3000062
0x3e04d3e08ea54c34f721ac007107fe7a4bd957d5,PIT,0.5313923
0x3e04d3e08ea54c34f721ac007107fe7a4bd957d5,POLS,0.5178126
0x3e04d3e08ea54c34f721ac007107fe7a4bd957d5,PYTH,0.50120795
0x3e04d3e08ea54c34f721ac007107fe7a4bd957d5,QUACK,0.44686607
0x3e04d3e08ea54c34f721ac007107fe7a4bd957d5,RDNT,0.5123235
0x3e04d3e08ea54c34f721ac007107fe7a4bd957d5,RNDR,0.51483774
0x3e04d3e08ea54c34f721ac007107fe7a4bd957d5,RPL,0.47880203
0x3e04d3e08ea54c34f721ac007107fe7a4bd957d5,RUNE,0.52160305
0x3e04d3e08ea54c34f721ac007107fe7a4bd957d5,SFP,0.5175569
0x3e04d3e08ea54c34f721ac007107fe7a4bd957d5,SFUND,0.48771554
0x3e04d3e08ea54c34f721ac007107fe7a4bd957d5,SHIB,0.51813835
0x3e04d3e08ea54c34f721ac007107fe7a4bd957d5,SOL,0.5201551
0x3e04d3e08ea54c34f721ac007107fe7a4bd957d5,STG,0.44247246
0x3e04d3e08ea54c34f721ac007107fe7a4bd957d5,SUI,0.52333754
0x3e04d3e08ea54c34f721ac007107fe7a4bd957d5,SUSHI,0.51864177
0x3e04d3e08ea54c34f721ac007107fe7a4bd957d5,TIA,0.499385
0x3e04d3e08ea54c34f721ac007107fe7a4bd957d5,TOKEN,0.5110977
0x3e04d3e08ea54c34f721ac007107fe7a4bd957d5,TRX,0.55206716
0x3e04d3e08ea54c34f721ac007107fe7a4bd957d5,UNI,0.49907744
0x3e04d3e08ea54c34f721ac007107fe7a4bd957d5,USDT,0.5956896
0x3e04d3e08ea54c34f721ac007107fe7a4bd957d5,XLM,0.5210638
0x3e04d3e08ea54c34f721ac007107fe7a4bd957d5,XMR,0.5298729
0x3e04d3e08ea54c34f721ac007107fe7a4bd957d5,XRP,0.5201805
0x3e04d3e08ea54c34f721ac007107fe7a4bd957d5,XTZ,0.52143824
0x3e04d3e08ea54c34f721ac007107fe7a4bd957d5,XVS,0.49697474
0x3e04d3e08ea54c34f721ac007107fe7a4bd957d5,YFI,0.5238039
0x3ebab08d24031caa95c4290b28f66e71bbe418e5,AAVE,0.4983481568681353
0x3ebab08d24031caa95c4290b28f66e71bbe418e5,ADA,0.5041053204469592
0x3ebab08d24031caa95c4290b28f66e71bbe418e5,ALGO,0.613049307818725
0x3ebab08d24031caa95c4290b28f66e71bbe418e5,APE,0.5375214546641638
0x3ebab08d24031caa95c4290b28f66e71bbe418e5,APT,0.4337745721214029
0x3ebab08d24031caa95c4290b28f66e71bbe418e5,ATOM,0.4533664775372453
0x3ebab08d24031caa95c4290b28f66e71bbe418e5,AVAX,0.4910848048087697
0x3ebab08d24031caa95c4290b28f66e71bbe418e5,AXS,0.522614477391239
0x3ebab08d24031caa95c4290b28f66e71bbe418e5,BAL,0.4800270416276859
0x3ebab08d24031caa95c4290b28f66e71bbe418e5,BCH,0.5093876644329831
0x3ebab08d24031caa95c4290b28f66e71bbe418e5,BLUR,0.4558452778060524
0x3ebab08d24031caa95c4290b28f66e71bbe418e5,BNB,0.5918559055771844
0x3ebab08d24031caa95c4290b28f66e71bbe418e5,BONK,0.535537679624841
0x3ebab08d24031caa95c4290b28f66e71bbe418e5,BTC,0.4290125795286792
0x3ebab08d24031caa95c4290b28f66e71bbe418e5,C98,0.3697956755484925
0x3ebab08d24031caa95c4290b28f66e71bbe418e5,CAKE,0.5230722729771358
0x3ebab08d24031caa95c4290b28f66e71bbe418e5,COMP,0.515144766587558
0x3ebab08d24031caa95c4290b28f66e71bbe418e5,CRV,0.4804332315048074
0x3ebab08d24031caa95c4290b28f66e71bbe418e5,CVX,0.4821171731801763
0x3ebab08d24031caa95c4290b28f66e71bbe418e5,DAI,0.680690769275581
0x3ebab08d24031caa95c4290b28f66e71bbe418e5,DAO,0.1711003655141551
0x3ebab08d24031caa95c4290b28f66e71bbe418e5,DOGE,0.5087866131481645
0x3ebab08d24031caa95c4290b28f66e71bbe418e5,DOT,0.3375315268461762
0x3ebab08d24031caa95c4290b28f66e71bbe418e5,DYDX,0.5326144630647577
0x3ebab08d24031caa95c4290b28f66e71bbe418e5,EOS,0.5062266673255266
0x3ebab08d24031caa95c4290b28f66e71bbe418e5,ETC,0.6103928672135902
0x3ebab08d24031caa95c4290b28f66e71bbe418e5,ETH,0.7187416775527984
0x3ebab08d24031caa95c4290b28f66e71bbe418e5,FET,0.5153517692094192
0x3ebab08d24031caa95c4290b28f66e71bbe418e5,FIL,0.5215221588631477
0x3ebab08d24031caa95c4290b28f66e71bbe418e5,FRAX,0.6453831659288878
0x3ebab08d24031caa95c4290b28f66e71bbe418e5,FTM,0.7578901276291511
0x3ebab08d24031caa95c4290b28f66e71bbe418e5,FXS,0.5134109359387061
0x3ebab08d24031caa95c4290b28f66e71bbe418e5,GRT,0.5274031003479549
0x3ebab08d24031caa95c4290b28f66e71bbe418e5,HAI,0.5203609534631691
0x3ebab08d24031caa95c4290b28f66e71bbe418e5,HERO,0.532877676957682
0x3ebab08d24031caa95c4290b28f66e71bbe418e5,ICP,0.4972694853615438
0x3ebab08d24031caa95c4290b28f66e71bbe418e5,IMX,0.4373268177123501
0x3ebab08d24031caa95c4290b28f66e71bbe418e5,INJ,0.4956152385251486
0x3ebab08d24031caa95c4290b28f66e71bbe418e5,LDO,0.4876208967914668
0x3ebab08d24031caa95c4290b28f66e71bbe418e5,LINK,0.520757019878857
0x3ebab08d24031caa95c4290b28f66e71bbe418e5,LTC,0.5732760913705277
0x3ebab08d24031caa95c4290b28f66e71bbe418e5,MATIC,0.4713649690406194
0x3ebab08d24031caa95c4290b28f66e71bbe418e5,MAV,0.5322540243688687
0x3ebab08d24031caa95c4290b28f66e71bbe418e5,MBOX,0.492906569851946
0x3ebab08d24031caa95c4290b28f66e71bbe418e5,MKR,0.629090925796383
0x3ebab08d24031caa95c4290b28f66e71bbe418e5,MOON,0.4255939604284526
0x3ebab08d24031caa95c4290b28f66e71bbe418e5,NEAR,0.3897964385496413
0x3ebab08d24031caa95c4290b28f66e71bbe418e5,OP,0.6156430897387514
0x3ebab08d24031caa95c4290b28f66e71bbe418e5,PENDLE,0.4121139989652577
0x3ebab08d24031caa95c4290b28f66e71bbe418e5,PEPE,0.5512814680204653
0x3ebab08d24031caa95c4290b28f66e71bbe418e5,PERP,0.1216659536280913
0x3ebab08d24031caa95c4290b28f66e71bbe418e5,PIT,0.5313090277486333
0x3ebab08d24031caa95c4290b28f66e71bbe418e5,POLS,0.5252060914178793
0x3ebab08d24031caa95c4290b28f66e71bbe418e5,PYTH,0.4981588898322132
0x3ebab08d24031caa95c4290b28f66e71bbe418e5,QUACK,0.4770733543839119
0x3ebab08d24031caa95c4290b28f66e71bbe418e5,RDNT,0.5025003691748522
0x3ebab08d24031caa95c4290b28f66e71bbe418e5,RNDR,0.4865227072029071
0x3ebab08d24031caa95c4290b28f66e71bbe418e5,RPL,0.4606135912180976
0x3ebab08d24031caa95c4290b28f66e71bbe418e5,RUNE,0.5395273714039449
0x3ebab08d24031caa95c4290b28f66e71bbe418e5,SFP,0.535229558171999
0x3ebab08d24031caa95c4290b28f66e71bbe418e5,SFUND,0.4892096765520618
0x3ebab08d24031caa95c4290b28f66e71bbe418e5,SHIB,0.557843419463664
0x3ebab08d24031caa95c4290b28f66e71bbe418e5,SOL,0.4716899871829506
0x3ebab08d24031caa95c4290b28f66e71bbe418e5,STG,0.4039878779287885
0x3ebab08d24031caa95c4290b28f66e71bbe418e5,SUI,0.5245040470458352
0x3ebab08d24031caa95c4290b28f66e71bbe418e5,SUSHI,0.477495762672556
0x3ebab08d24031caa95c4290b28f66e71bbe418e5,TIA,0.4612294585366783
0x3ebab08d24031caa95c4290b28f66e71bbe418e5,TOKEN,0.5019133295676643
0x3ebab08d24031caa95c4290b28f66e71bbe418e5,TRX,0.6719635516031917
0x3ebab08d24031caa95c4290b28f66e71bbe418e5,UNI,0.4797652900428066
0x3ebab08d24031caa95c4290b28f66e71bbe418e5,USDT,0.620141247990806
0x3ebab08d24031caa95c4290b28f66e71bbe418e5,XLM,0.5615935197741826
0x3ebab08d24031caa95c4290b28f66e71bbe418e5,XMR,0.499892076411514
0x3ebab08d24031caa95c4290b28f66e71bbe418e5,XRP,0.6363291895864305
0x3ebab08d24031caa95c4290b28f66e71bbe418e5,XTZ,0.5416561287783606
0x3ebab08d24031caa95c4290b28f66e71bbe418e5,XVS,0.4456110181261078
0x3ebab08d24031caa95c4290b28f66e71bbe418e5,YFI,0.550480507458032
0x3ed9f0b565551387c431447601a116eb6d2af4a1,AAVE,0.588727593421936
0x3ed9f0b565551387c431447601a116eb6d2af4a1,ADA,0.3481850922107696
0x3ed9f0b565551387c431447601a116eb6d2af4a1,ALGO,0.3892481327056885
0x3ed9f0b565551387c431447601a116eb6d2af4a1,APE,0.2695212364196777
0x3ed9f0b565551387c431447601a116eb6d2af4a1,APT,0.280098021030426
0x3ed9f0b565551387c431447601a116eb6d2af4a1,ATOM,0.3382614552974701
0x3ed9f0b565551387c431447601a116eb6d2af4a1,AVAX,0.3817310035228729
0x3ed9f0b565551387c431447601a116eb6d2af4a1,AXS,0.367819994688034
0x3ed9f0b565551387c431447601a116eb6d2af4a1,BAL,0.3110983669757843
0x3ed9f0b565551387c431447601a116eb6d2af4a1,BCH,0.6821526288986206
0x3ed9f0b565551387c431447601a116eb6d2af4a1,BLUR,0.1468190252780914
0x3ed9f0b565551387c431447601a116eb6d2af4a1,BNB,0.9484916925430298
0x3ed9f0b565551387c431447601a116eb6d2af4a1,BONK,0.1405712664127349
0x3ed9f0b565551387c431447601a116eb6d2af4a1,BTC,0.8661139011383057
0x3ed9f0b565551387c431447601a116eb6d2af4a1,C98,0.2160210758447647
0x3ed9f0b565551387c431447601a116eb6d2af4a1,CAKE,0.4266264736652374
0x3ed9f0b565551387c431447601a116eb6d2af4a1,COMP,0.4076293706893921
0x3ed9f0b565551387c431447601a116eb6d2af4a1,CRV,0.3999316394329071
0x3ed9f0b565551387c431447601a116eb6d2af4a1,CVX,0.3280771672725677
0x3ed9f0b565551387c431447601a116eb6d2af4a1,DAI,1.0
0x3ed9f0b565551387c431447601a116eb6d2af4a1,DAO,0.134406566619873
0x3ed9f0b565551387c431447601a116eb6d2af4a1,DOGE,0.475119948387146
0x3ed9f0b565551387c431447601a116eb6d2af4a1,DOT,0.3481561541557312
0x3ed9f0b565551387c431447601a116eb6d2af4a1,DYDX,0.2002932727336883
0x3ed9f0b565551387c431447601a116eb6d2af4a1,EOS,0.2399386763572693
0x3ed9f0b565551387c431447601a116eb6d2af4a1,ETC,0.4815182089805603
0x3ed9f0b565551387c431447601a116eb6d2af4a1,ETH,0.7718716263771057
0x3ed9f0b565551387c431447601a116eb6d2af4a1,FET,0.1907522976398468
0x3ed9f0b565551387c431447601a116eb6d2af4a1,FIL,0.2739732265472412
0x3ed9f0b565551387c431447601a116eb6d2af4a1,FRAX,0.9112935662269592
0x3ed9f0b565551387c431447601a116eb6d2af4a1,FTM,0.2623993754386902
0x3ed9f0b565551387c431447601a116eb6d2af4a1,FXS,0.1487091928720474
0x3ed9f0b565551387c431447601a116eb6d2af4a1,GRT,0.2393066883087158
0x3ed9f0b565551387c431447601a116eb6d2af4a1,HAI,0.3020021319389343
0x3ed9f0b565551387c431447601a116eb6d2af4a1,HERO,0.3883978128433227
0x3ed9f0b565551387c431447601a116eb6d2af4a1,ICP,0.3110702931880951
0x3ed9f0b565551387c431447601a116eb6d2af4a1,IMX,0.1792582422494888
0x3ed9f0b565551387c431447601a116eb6d2af4a1,INJ,0.2583733797073364
0x3ed9f0b565551387c431447601a116eb6d2af4a1,LDO,0.1924773603677749
0x3ed9f0b565551387c431447601a116eb6d2af4a1,LINK,0.4492375552654266
0x3ed9f0b565551387c431447601a116eb6d2af4a1,LTC,0.8427744507789612
0x3ed9f0b565551387c431447601a116eb6d2af4a1,MATIC,0.2287015914916992
0x3ed9f0b565551387c431447601a116eb6d2af4a1,MAV,0.2046453207731247
0x3ed9f0b565551387c431447601a116eb6d2af4a1,MBOX,0.2628518939018249
0x3ed9f0b565551387c431447601a116eb6d2af4a1,MKR,0.5481774806976318
0x3ed9f0b565551387c431447601a116eb6d2af4a1,MOON,0.2335534989833831
0x3ed9f0b565551387c431447601a116eb6d2af4a1,NEAR,0.3347241282463074
0x3ed9f0b565551387c431447601a116eb6d2af4a1,OP,0.3164061903953552
0x3ed9f0b565551387c431447601a116eb6d2af4a1,PENDLE,0.3695102035999298
0x3ed9f0b565551387c431447601a116eb6d2af4a1,PEPE,0.3189366459846496
0x3ed9f0b565551387c431447601a116eb6d2af4a1,PERP,0.2052122354507446
0x3ed9f0b565551387c431447601a116eb6d2af4a1,PIT,0.4053278267383575
0x3ed9f0b565551387c431447601a116eb6d2af4a1,POLS,0.2053276449441909
0x3ed9f0b565551387c431447601a116eb6d2af4a1,PYTH,0.1126786470413208
0x3ed9f0b565551387c431447601a116eb6d2af4a1,QUACK,0.4075720012187958
0x3ed9f0b565551387c431447601a116eb6d2af4a1,RDNT,0.198037639260292
0x3ed9f0b565551387c431447601a116eb6d2af4a1,RNDR,0.2717959880828857
0x3ed9f0b565551387c431447601a116eb6d2af4a1,RPL,0.0
0x3ed9f0b565551387c431447601a116eb6d2af4a1,RUNE,0.2652485966682434
0x3ed9f0b565551387c431447601a116eb6d2af4a1,SFP,0.4149426519870758
0x3ed9f0b565551387c431447601a116eb6d2af4a1,SFUND,0.2569256722927093
0x3ed9f0b565551387c431447601a116eb6d2af4a1,SHIB,0.3574771583080292
0x3ed9f0b565551387c431447601a116eb6d2af4a1,SOL,0.8588539958000183
0x3ed9f0b565551387c431447601a116eb6d2af4a1,STG,0.3582966327667236
0x3ed9f0b565551387c431447601a116eb6d2af4a1,SUI,0.3508455753326416
0x3ed9f0b565551387c431447601a116eb6d2af4a1,SUSHI,0.2920305132865906
0x3ed9f0b565551387c431447601a116eb6d2af4a1,TIA,0.1604230999946594
0x3ed9f0b565551387c431447601a116eb6d2af4a1,TOKEN,0.1601587086915969
0x3ed9f0b565551387c431447601a116eb6d2af4a1,TRX,0.9417814612388612
0x3ed9f0b565551387c431447601a116eb6d2af4a1,UNI,0.3555861115455627
0x3ed9f0b565551387c431447601a116eb6d2af4a1,USDT,0.9850404858589172
0x3ed9f0b565551387c431447601a116eb6d2af4a1,XLM,0.4675522148609161
0x3ed9f0b565551387c431447601a116eb6d2af4a1,XMR,0.8567541837692261
0x3ed9f0b565551387c431447601a116eb6d2af4a1,XRP,0.7880131006240845
0x3ed9f0b565551387c431447601a116eb6d2af4a1,XTZ,0.3934606313705444
0x3ed9f0b565551387c431447601a116eb6d2af4a1,XVS,0.4244962036609649
0x3ed9f0b565551387c431447601a116eb6d2af4a1,YFI,0.435867041349411
0x49451c6af70feef6ef29b8c78bc17d4bdaf9fdaa,AAVE,11.008225
0x49451c6af70feef6ef29b8c78bc17d4bdaf9fdaa,ADA,11.008225
0x49451c6af70feef6ef29b8c78bc17d4bdaf9fdaa,ALGO,-3.8752694
0x49451c6af70feef6ef29b8c78bc17d4bdaf9fdaa,APE,-14.5619
0x49451c6af70feef6ef29b8c78bc17d4bdaf9fdaa,APT,11.008225
0x49451c6af70feef6ef29b8c78bc17d4bdaf9fdaa,ATOM,11.008225
0x49451c6af70feef6ef29b8c78bc17d4bdaf9fdaa,AVAX,11.008225
0x49451c6af70feef6ef29b8c78bc17d4bdaf9fdaa,AXS,-87.11768
0x49451c6af70feef6ef29b8c78bc17d4bdaf9fdaa,BAL,-0.7851976
0x49451c6af70feef6ef29b8c78bc17d4bdaf9fdaa,BCH,-14.5619
0x49451c6af70feef6ef29b8c78bc17d4bdaf9fdaa,BLUR,11.008225
0x49451c6af70feef6ef29b8c78bc17d4bdaf9fdaa,BNB,-14.5619
0x49451c6af70feef6ef29b8c78bc17d4bdaf9fdaa,BONK,11.008225
0x49451c6af70feef6ef29b8c78bc17d4bdaf9fdaa,BTC,-293.14294
0x49451c6af70feef6ef29b8c78bc17d4bdaf9fdaa,C98,11.008225
0x49451c6af70feef6ef29b8c78bc17d4bdaf9fdaa,CAKE,-14.5619
0x49451c6af70feef6ef29b8c78bc17d4bdaf9fdaa,COMP,-14.5619
0x49451c6af70feef6ef29b8c78bc17d4bdaf9fdaa,CRV,-3.8752694
0x49451c6af70feef6ef29b8c78bc17d4bdaf9fdaa,CVX,11.008225
0x49451c6af70feef6ef29b8c78bc17d4bdaf9fdaa,DAI,-14.5619
0x49451c6af70feef6ef29b8c78bc17d4bdaf9fdaa,DAO,11.008225
0x49451c6af70feef6ef29b8c78bc17d4bdaf9fdaa,DOGE,8.443333
0x49451c6af70feef6ef29b8c78bc17d4bdaf9fdaa,DOT,11.008225
0x49451c6af70feef6ef29b8c78bc17d4bdaf9fdaa,DYDX,11.008225
0x49451c6af70feef6ef29b8c78bc17d4bdaf9fdaa,EOS,11.008225
0x49451c6af70feef6ef29b8c78bc17d4bdaf9fdaa,ETC,11.008225
0x49451c6af70feef6ef29b8c78bc17d4bdaf9fdaa,ETH,-14.5619
0x49451c6af70feef6ef29b8c78bc17d4bdaf9fdaa,FET,11.008225
0x49451c6af70feef6ef29b8c78bc17d4bdaf9fdaa,FIL,11.008225
0x49451c6af70feef6ef29b8c78bc17d4bdaf9fdaa,FRAX,11.008225
0x49451c6af70feef6ef29b8c78bc17d4bdaf9fdaa,FTM,-588.64355
0x49451c6af70feef6ef29b8c78bc17d4bdaf9fdaa,FXS,11.008225
0x49451c6af70feef6ef29b8c78bc17d4bdaf9fdaa,GRT,-14.5619
0x49451c6af70feef6ef29b8c78bc17d4bdaf9fdaa,HAI,-14.5619
0x49451c6af70feef6ef29b8c78bc17d4bdaf9fdaa,HERO,11.008225
0x49451c6af70feef6ef29b8c78bc17d4bdaf9fdaa,ICP,-14.5619
0x49451c6af70feef6ef29b8c78bc17d4bdaf9fdaa,IMX,11.008225
0x49451c6af70feef6ef29b8c78bc17d4bdaf9fdaa,INJ,11.008225
0x49451c6af70feef6ef29b8c78bc17d4bdaf9fdaa,LDO,11.008225
0x49451c6af70feef6ef29b8c78bc17d4bdaf9fdaa,LINK,-14.5619
0x49451c6af70feef6ef29b8c78bc17d4bdaf9fdaa,LTC,-29.445383
0x49451c6af70feef6ef29b8c78bc17d4bdaf9fdaa,MATIC,11.008225
0x49451c6af70feef6ef29b8c78bc17d4bdaf9fdaa,MAV,11.008225
0x49451c6af70feef6ef29b8c78bc17d4bdaf9fdaa,MBOX,11.008225
0x49451c6af70feef6ef29b8c78bc17d4bdaf9fdaa,MKR,11.008225
0x49451c6af70feef6ef29b8c78bc17d4bdaf9fdaa,MOON,11.008225
0x49451c6af70feef6ef29b8c78bc17d4bdaf9fdaa,NEAR,11.008225
0x49451c6af70feef6ef29b8c78bc17d4bdaf9fdaa,OP,-26.355318
0x49451c6af70feef6ef29b8c78bc17d4bdaf9fdaa,PENDLE,11.008225
0x49451c6af70feef6ef29b8c78bc17d4bdaf9fdaa,PEPE,11.008225
0x49451c6af70feef6ef29b8c78bc17d4bdaf9fdaa,PERP,11.008225
0x49451c6af70feef6ef29b8c78bc17d4bdaf9fdaa,PIT,11.008225
0x49451c6af70feef6ef29b8c78bc17d4bdaf9fdaa,POLS,38.12238
0x49451c6af70feef6ef29b8c78bc17d4bdaf9fdaa,PYTH,11.008225
0x49451c6af70feef6ef29b8c78bc17d4bdaf9fdaa,QUACK,-0.7851976
0x49451c6af70feef6ef29b8c78bc17d4bdaf9fdaa,RDNT,11.008225
0x49451c6af70feef6ef29b8c78bc17d4bdaf9fdaa,RNDR,11.008225
0x49451c6af70feef6ef29b8c78bc17d4bdaf9fdaa,RPL,11.008225
0x49451c6af70feef6ef29b8c78bc17d4bdaf9fdaa,RUNE,-14.5619
0x49451c6af70feef6ef29b8c78bc17d4bdaf9fdaa,SFP,11.008225
0x49451c6af70feef6ef29b8c78bc17d4bdaf9fdaa,SFUND,11.008225
0x49451c6af70feef6ef29b8c78bc17d4bdaf9fdaa,SHIB,11.008225
0x49451c6af70feef6ef29b8c78bc17d4bdaf9fdaa,SOL,-119.55314
0x49451c6af70feef6ef29b8c78bc17d4bdaf9fdaa,STG,11.008225
0x49451c6af70feef6ef29b8c78bc17d4bdaf9fdaa,SUI,-198.80896
0x49451c6af70feef6ef29b8c78bc17d4bdaf9fdaa,SUSHI,11.008225
0x49451c6af70feef6ef29b8c78bc17d4bdaf9fdaa,TIA,11.008225
0x49451c6af70feef6ef29b8c78bc17d4bdaf9fdaa,TOKEN,11.008225
0x49451c6af70feef6ef29b8c78bc17d4bdaf9fdaa,TRX,-3.8752694
0x49451c6af70feef6ef29b8c78bc17d4bdaf9fdaa,UNI,11.008225
0x49451c6af70feef6ef29b8c78bc17d4bdaf9fdaa,USDT,11.008225
0x49451c6af70feef6ef29b8c78bc17d4bdaf9fdaa,XLM,11.008225
0x49451c6af70feef6ef29b8c78bc17d4bdaf9fdaa,XMR,11.008225
0x49451c6af70feef6ef29b8c78bc17d4bdaf9fdaa,XRP,11.008225
0x49451c6af70feef6ef29b8c78bc17d4bdaf9fdaa,XTZ,11.008225
0x49451c6af70feef6ef29b8c78bc17d4bdaf9fdaa,XVS,11.008225
0x49451c6af70feef6ef29b8c78bc17d4bdaf9fdaa,YFI,11.008225
0x521c9c1d68f8684b098be00a5cf479e9aaebf0f7,AAVE,0.5096269
0x521c9c1d68f8684b098be00a5cf479e9aaebf0f7,ADA,0.5374084
0x521c9c1d68f8684b098be00a5cf479e9aaebf0f7,ALGO,0.5315223
0x521c9c1d68f8684b098be00a5cf479e9aaebf0f7,APE,0.49721476
0x521c9c1d68f8684b098be00a5cf479e9aaebf0f7,APT,0.48762697
0x521c9c1d68f8684b098be00a5cf479e9aaebf0f7,ATOM,0.49580303
0x521c9c1d68f8684b098be00a5cf479e9aaebf0f7,AVAX,0.53030175
0x521c9c1d68f8684b098be00a5cf479e9aaebf0f7,AXS,0.49843726
0x521c9c1d68f8684b098be00a5cf479e9aaebf0f7,BAL,0.5212305
0x521c9c1d68f8684b098be00a5cf479e9aaebf0f7,BCH,0.51624733
0x521c9c1d68f8684b098be00a5cf479e9aaebf0f7,BLUR,0.5107772
0x521c9c1d68f8684b098be00a5cf479e9aaebf0f7,BNB,0.51676905
0x521c9c1d68f8684b098be00a5cf479e9aaebf0f7,BONK,0.5094113
0x521c9c1d68f8684b098be00a5cf479e9aaebf0f7,BTC,0.5113726
0x521c9c1d68f8684b098be00a5cf479e9aaebf0f7,C98,0.52253246
0x521c9c1d68f8684b098be00a5cf479e9aaebf0f7,CAKE,0.5427246
0x521c9c1d68f8684b098be00a5cf479e9aaebf0f7,COMP,0.50272465
0x521c9c1d68f8684b098be00a5cf479e9aaebf0f7,CRV,0.50944084
0x521c9c1d68f8684b098be00a5cf479e9aaebf0f7,CVX,0.52775085
0x521c9c1d68f8684b098be00a5cf479e9aaebf0f7,DAI,0.5015202
0x521c9c1d68f8684b098be00a5cf479e9aaebf0f7,DAO,0.5108213
0x521c9c1d68f8684b098be00a5cf479e9aaebf0f7,DOGE,0.54461306
0x521c9c1d68f8684b098be00a5cf479e9aaebf0f7,DOT,0.52299917
0x521c9c1d68f8684b098be00a5cf479e9aaebf0f7,DYDX,0.49032304
0x521c9c1d68f8684b098be00a5cf479e9aaebf0f7,EOS,0.5110538
0x521c9c1d68f8684b098be00a5cf479e9aaebf0f7,ETC,0.5361603
0x521c9c1d68f8684b098be00a5cf479e9aaebf0f7,ETH,0.5089412
0x521c9c1d68f8684b098be00a5cf479e9aaebf0f7,FET,0.5289274
0x521c9c1d68f8684b098be00a5cf479e9aaebf0f7,FIL,0.5288465
0x521c9c1d68f8684b098be00a5cf479e9aaebf0f7,FRAX,0.50827026
0x521c9c1d68f8684b098be00a5cf479e9aaebf0f7,FTM,0.517513
0x521c9c1d68f8684b098be00a5cf479e9aaebf0f7,FXS,0.4727292
0x521c9c1d68f8684b098be00a5cf479e9aaebf0f7,GRT,0.5493057
0x521c9c1d68f8684b098be00a5cf479e9aaebf0f7,HAI,0.5221641
0x521c9c1d68f8684b098be00a5cf479e9aaebf0f7,HERO,0.5196327
0x521c9c1d68f8684b098be00a5cf479e9aaebf0f7,ICP,0.507887
0x521c9c1d68f8684b098be00a5cf479e9aaebf0f7,IMX,0.5266331
0x521c9c1d68f8684b098be00a5cf479e9aaebf0f7,INJ,0.512082
0x521c9c1d68f8684b098be00a5cf479e9aaebf0f7,LDO,0.49615723
0x521c9c1d68f8684b098be00a5cf479e9aaebf0f7,LINK,0.5065971
0x521c9c1d68f8684b098be00a5cf479e9aaebf0f7,LTC,0.50741893
0x521c9c1d68f8684b098be00a5cf479e9aaebf0f7,MATIC,0.50056493
0x521c9c1d68f8684b098be00a5cf479e9aaebf0f7,MAV,0.48355937
0x521c9c1d68f8684b098be00a5cf479e9aaebf0f7,MBOX,0.5148037
0x521c9c1d68f8684b098be00a5cf479e9aaebf0f7,MKR,0.527485
0x521c9c1d68f8684b098be00a5cf479e9aaebf0f7,MOON,0.5081603
0x521c9c1d68f8684b098be00a5cf479e9aaebf0f7,NEAR,0.5310579
0x521c9c1d68f8684b098be00a5cf479e9aaebf0f7,OP,0.49095702
0x521c9c1d68f8684b098be00a5cf479e9aaebf0f7,PENDLE,0.51281077
0x521c9c1d68f8684b098be00a5cf479e9aaebf0f7,PEPE,0.51855856
0x521c9c1d68f8684b098be00a5cf479e9aaebf0f7,PERP,0.50663024
0x521c9c1d68f8684b098be00a5cf479e9aaebf0f7,PIT,0.52303547
0x521c9c1d68f8684b098be00a5cf479e9aaebf0f7,POLS,0.53516936
0x521c9c1d68f8684b098be00a5cf479e9aaebf0f7,PYTH,0.52533966
0x521c9c1d68f8684b098be00a5cf479e9aaebf0f7,QUACK,0.5281632
0x521c9c1d68f8684b098be00a5cf479e9aaebf0f7,RDNT,0.4854877
0x521c9c1d68f8684b098be00a5cf479e9aaebf0f7,RNDR,0.5303357
0x521c9c1d68f8684b098be00a5cf479e9aaebf0f7,RPL,0.5313173
0x521c9c1d68f8684b098be00a5cf479e9aaebf0f7,RUNE,0.5249724
0x521c9c1d68f8684b098be00a5cf479e9aaebf0f7,SFP,0.5451129
0x521c9c1d68f8684b098be00a5cf479e9aaebf0f7,SFUND,0.5129493
0x521c9c1d68f8684b098be00a5cf479e9aaebf0f7,SHIB,0.51473063
0x521c9c1d68f8684b098be00a5cf479e9aaebf0f7,SOL,0.5137157
0x521c9c1d68f8684b098be00a5cf479e9aaebf0f7,STG,0.51171434
0x521c9c1d68f8684b098be00a5cf479e9aaebf0f7,SUI,0.50408673
0x521c9c1d68f8684b098be00a5cf479e9aaebf0f7,SUSHI,0.5294477
0x521c9c1d68f8684b098be00a5cf479e9aaebf0f7,TIA,0.5156096
0x521c9c1d68f8684b098be00a5cf479e9aaebf0f7,TOKEN,0.51836866
0x521c9c1d68f8684b098be00a5cf479e9aaebf0f7,TRX,0.5144854
0x521c9c1d68f8684b098be00a5cf479e9aaebf0f7,UNI,0.5133454
0x521c9c1d68f8684b098be00a5cf479e9aaebf0f7,USDT,0.5123593
0x521c9c1d68f8684b098be00a5cf479e9aaebf0f7,XLM,0.51107955
0x521c9c1d68f8684b098be00a5cf479e9aaebf0f7,XMR,0.52534765
0x521c9c1d68f8684b098be00a5cf479e9aaebf0f7,XRP,0.52816576
0x521c9c1d68f8684b098be00a5cf479e9aaebf0f7,XTZ,0.522125
0x521c9c1d68f8684b098be00a5cf479e9aaebf0f7,XVS,0.49774083
0x521c9c1d68f8684b098be00a5cf479e9aaebf0f7,YFI,0.5365815
0x56d3fc9aa7062fd7b893c1ae33b365776ae1ee9d,AAVE,0.47586194
0x56d3fc9aa7062fd7b893c1ae33b365776ae1ee9d,ADA,0.55666304
0x56d3fc9aa7062fd7b893c1ae33b365776ae1ee9d,ALGO,0.5236201
0x56d3fc9aa7062fd7b893c1ae33b365776ae1ee9d,APE,0.5154651
0x56d3fc9aa7062fd7b893c1ae33b365776ae1ee9d,APT,0.48419118
0x56d3fc9aa7062fd7b893c1ae33b365776ae1ee9d,ATOM,0.53215796
0x56d3fc9aa7062fd7b893c1ae33b365776ae1ee9d,AVAX,0.52327603
0x56d3fc9aa7062fd7b893c1ae33b365776ae1ee9d,AXS,0.46631494
0x56d3fc9aa7062fd7b893c1ae33b365776ae1ee9d,BAL,0.48800302
0x56d3fc9aa7062fd7b893c1ae33b365776ae1ee9d,BCH,0.48371956
0x56d3fc9aa7062fd7b893c1ae33b365776ae1ee9d,BLUR,0.5137024
0x56d3fc9aa7062fd7b893c1ae33b365776ae1ee9d,BNB,0.54935104
0x56d3fc9aa7062fd7b893c1ae33b365776ae1ee9d,BONK,0.51775247
0x56d3fc9aa7062fd7b893c1ae33b365776ae1ee9d,BTC,0.5652955
0x56d3fc9aa7062fd7b893c1ae33b365776ae1ee9d,C98,0.39780593
0x56d3fc9aa7062fd7b893c1ae33b365776ae1ee9d,CAKE,0.56536186
0x56d3fc9aa7062fd7b893c1ae33b365776ae1ee9d,COMP,0.5454039
0x56d3fc9aa7062fd7b893c1ae33b365776ae1ee9d,CRV,0.5067582
0x56d3fc9aa7062fd7b893c1ae33b365776ae1ee9d,CVX,0.5010035
0x56d3fc9aa7062fd7b893c1ae33b365776ae1ee9d,DAI,0.6454242
0x56d3fc9aa7062fd7b893c1ae33b365776ae1ee9d,DAO,0.31811783
0x56d3fc9aa7062fd7b893c1ae33b365776ae1ee9d,DOGE,0.52541053
0x56d3fc9aa7062fd7b893c1ae33b365776ae1ee9d,DOT,0.46034962
0x56d3fc9aa7062fd7b893c1ae33b365776ae1ee9d,DYDX,0.5372965
0x56d3fc9aa7062fd7b893c1ae33b365776ae1ee9d,EOS,0.5262961
0x56d3fc9aa7062fd7b893c1ae33b365776ae1ee9d,ETC,0.56738627
0x56d3fc9aa7062fd7b893c1ae33b365776ae1ee9d,ETH,0.57582235
0x56d3fc9aa7062fd7b893c1ae33b365776ae1ee9d,FET,0.49571425
0x56d3fc9aa7062fd7b893c1ae33b365776ae1ee9d,FIL,0.5192268
0x56d3fc9aa7062fd7b893c1ae33b365776ae1ee9d,FRAX,0.6705828
0x56d3fc9aa7062fd7b893c1ae33b365776ae1ee9d,FTM,0.55133915
0x56d3fc9aa7062fd7b893c1ae33b365776ae1ee9d,FXS,0.51186574
0x56d3fc9aa7062fd7b893c1ae33b365776ae1ee9d,GRT,0.5153901
0x56d3fc9aa7062fd7b893c1ae33b365776ae1ee9d,HAI,0.47488222
0x56d3fc9aa7062fd7b893c1ae33b365776ae1ee9d,HERO,0.51364666
0x56d3fc9aa7062fd7b893c1ae33b365776ae1ee9d,ICP,0.49915785
0x56d3fc9aa7062fd7b893c1ae33b365776ae1ee9d,IMX,0.5004872
0x56d3fc9aa7062fd7b893c1ae33b365776ae1ee9d,INJ,0.56566864
0x56d3fc9aa7062fd7b893c1ae33b365776ae1ee9d,LDO,0.5266034
0x56d3fc9aa7062fd7b893c1ae33b365776ae1ee9d,LINK,0.51008964
0x56d3fc9aa7062fd7b893c1ae33b365776ae1ee9d,LTC,0.55243653
0x56d3fc9aa7062fd7b893c1ae33b365776ae1ee9d,MATIC,0.50890374
0x56d3fc9aa7062fd7b893c1ae33b365776ae1ee9d,MAV,0.53782976
0x56d3fc9aa7062fd7b893c1ae33b365776ae1ee9d,MBOX,0.5359
0x56d3fc9aa7062fd7b893c1ae33b365776ae1ee9d,MKR,0.5960848
0x56d3fc9aa7062fd7b893c1ae33b365776ae1ee9d,MOON,0.47854552
0x56d3fc9aa7062fd7b893c1ae33b365776ae1ee9d,NEAR,0.47569972
0x56d3fc9aa7062fd7b893c1ae33b365776ae1ee9d,OP,0.5430558
0x56d3fc9aa7062fd7b893c1ae33b365776ae1ee9d,PENDLE,0.48772672
0x56d3fc9aa7062fd7b893c1ae33b365776ae1ee9d,PEPE,0.51886976
0x56d3fc9aa7062fd7b893c1ae33b365776ae1ee9d,PERP,0.3697584
0x56d3fc9aa7062fd7b893c1ae33b365776ae1ee9d,PIT,0.54598135
0x56d3fc9aa7062fd7b893c1ae33b365776ae1ee9d,POLS,0.5152771
0x56d3fc9aa7062fd7b893c1ae33b365776ae1ee9d,PYTH,0.50856745
0x56d3fc9aa7062fd7b893c1ae33b365776ae1ee9d,QUACK,0.53627574
0x56d3fc9aa7062fd7b893c1ae33b365776ae1ee9d,RDNT,0.5346964
0x56d3fc9aa7062fd7b893c1ae33b365776ae1ee9d,RNDR,0.51085216
0x56d3fc9aa7062fd7b893c1ae33b365776ae1ee9d,RPL,0.4966343
0x56d3fc9aa7062fd7b893c1ae33b365776ae1ee9d,RUNE,0.5327548
0x56d3fc9aa7062fd7b893c1ae33b365776ae1ee9d,SFP,0.5578449
0x56d3fc9aa7062fd7b893c1ae33b365776ae1ee9d,SFUND,0.49515077
0x56d3fc9aa7062fd7b893c1ae33b365776ae1ee9d,SHIB,0.5608737
0x56d3fc9aa7062fd7b893c1ae33b365776ae1ee9d,SOL,0.5683949
0x56d3fc9aa7062fd7b893c1ae33b365776ae1ee9d,STG,0.4460145
0x56d3fc9aa7062fd7b893c1ae33b365776ae1ee9d,SUI,0.4850577
0x56d3fc9aa7062fd7b893c1ae33b365776ae1ee9d,SUSHI,0.5085324
0x56d3fc9aa7062fd7b893c1ae33b365776ae1ee9d,TIA,0.47986087
0x56d3fc9aa7062fd7b893c1ae33b365776ae1ee9d,TOKEN,0.47386032
0x56d3fc9aa7062fd7b893c1ae33b365776ae1ee9d,TRX,0.6088677
0x56d3fc9aa7062fd7b893c1ae33b365776ae1ee9d,UNI,0.50898945
0x56d3fc9aa7062fd7b893c1ae33b365776ae1ee9d,USDT,0.7394151
0x56d3fc9aa7062fd7b893c1ae33b365776ae1ee9d,XLM,0.5263766
0x56d3fc9aa7062fd7b893c1ae33b365776ae1ee9d,XMR,0.572111
0x56d3fc9aa7062fd7b893c1ae33b365776ae1ee9d,XRP,0.5574311
0x56d3fc9aa7062fd7b893c1ae33b365776ae1ee9d,XTZ,0.5222113
0x56d3fc9aa7062fd7b893c1ae33b365776ae1ee9d,XVS,0.49282575
0x56d3fc9aa7062fd7b893c1ae33b365776ae1ee9d,YFI,0.538548
0x5d8ec9180099a0f171f5f9615b66ee424ad5b330,AAVE,0.5431554222862148
0x5d8ec9180099a0f171f5f9615b66ee424ad5b330,ADA,0.4688241900537054
0x5d8ec9180099a0f171f5f9615b66ee424ad5b330,ALGO,0.568209883719021
0x5d8ec9180099a0f171f5f9615b66ee424ad5b330,APE,0.5450735004822707
0x5d8ec9180099a0f171f5f9615b66ee424ad5b330,APT,0.4734734697640902
0x5d8ec9180099a0f171f5f9615b66ee424ad5b330,ATOM,0.4801440600751208
0x5d8ec9180099a0f171f5f9615b66ee424ad5b330,AVAX,0.5732685311212669
0x5d8ec9180099a0f171f5f9615b66ee424ad5b330,AXS,0.461316356906872
0x5d8ec9180099a0f171f5f9615b66ee424ad5b330,BAL,0.4050307166056069
0x5d8ec9180099a0f171f5f9615b66ee424ad5b330,BCH,0.4618373192330548
0x5d8ec9180099a0f171f5f9615b66ee424ad5b330,BLUR,0.506332459456212
0x5d8ec9180099a0f171f5f9615b66ee424ad5b330,BNB,0.5925671378059099
0x5d8ec9180099a0f171f5f9615b66ee424ad5b330,BONK,0.6040568167327118
0x5d8ec9180099a0f171f5f9615b66ee424ad5b330,BTC,0.6820306197237724
0x5d8ec9180099a0f171f5f9615b66ee424ad5b330,C98,0.4379611935649607
0x5d8ec9180099a0f171f5f9615b66ee424ad5b330,CAKE,0.5216607606299263
0x5d8ec9180099a0f171f5f9615b66ee424ad5b330,COMP,0.5057394610379041
0x5d8ec9180099a0f171f5f9615b66ee424ad5b330,CRV,0.5184505451817957
0x5d8ec9180099a0f171f5f9615b66ee424ad5b330,CVX,0.4850040033301873
0x5d8ec9180099a0f171f5f9615b66ee424ad5b330,DAI,0.6358580692278363
0x5d8ec9180099a0f171f5f9615b66ee424ad5b330,DAO,0.4165475799697461
0x5d8ec9180099a0f171f5f9615b66ee424ad5b330,DOGE,0.5518916359881317
0x5d8ec9180099a0f171f5f9615b66ee424ad5b330,DOT,0.4724129204579271
0x5d8ec9180099a0f171f5f9615b66ee424ad5b330,DYDX,0.5280042861698373
0x5d8ec9180099a0f171f5f9615b66ee424ad5b330,EOS,0.5398623451580903
0x5d8ec9180099a0f171f5f9615b66ee424ad5b330,ETC,0.568052393049178
0x5d8ec9180099a0f171f5f9615b66ee424ad5b330,ETH,0.6232890274176845
0x5d8ec9180099a0f171f5f9615b66ee424ad5b330,FET,0.5311881006942412
0x5d8ec9180099a0f171f5f9615b66ee424ad5b330,FIL,0.5294481834455458
0x5d8ec9180099a0f171f5f9615b66ee424ad5b330,FRAX,0.5866893509698763
0x5d8ec9180099a0f171f5f9615b66ee424ad5b330,FTM,0.5374840711649514
0x5d8ec9180099a0f171f5f9615b66ee424ad5b330,FXS,0.5496082960181056
0x5d8ec9180099a0f171f5f9615b66ee424ad5b330,GRT,0.5327805082948498
0x5d8ec9180099a0f171f5f9615b66ee424ad5b330,HAI,0.5014528229149355
0x5d8ec9180099a0f171f5f9615b66ee424ad5b330,HERO,0.5336718688292228
0x5d8ec9180099a0f171f5f9615b66ee424ad5b330,ICP,0.4924203652761145
0x5d8ec9180099a0f171f5f9615b66ee424ad5b330,IMX,0.5053903702841469
0x5d8ec9180099a0f171f5f9615b66ee424ad5b330,INJ,0.4986247740674481
0x5d8ec9180099a0f171f5f9615b66ee424ad5b330,LDO,0.5095983251933225
0x5d8ec9180099a0f171f5f9615b66ee424ad5b330,LINK,0.5648269169899947
0x5d8ec9180099a0f171f5f9615b66ee424ad5b330,LTC,0.5220020346066544
0x5d8ec9180099a0f171f5f9615b66ee424ad5b330,MATIC,0.5253421801863505
0x5d8ec9180099a0f171f5f9615b66ee424ad5b330,MAV,0.4811503041133716
0x5d8ec9180099a0f171f5f9615b66ee424ad5b330,MBOX,0.5152128057278802
0x5d8ec9180099a0f171f5f9615b66ee424ad5b330,MKR,0.5467816391165191
0x5d8ec9180099a0f171f5f9615b66ee424ad5b330,MOON,0.4952253981978225
0x5d8ec9180099a0f171f5f9615b66ee424ad5b330,NEAR,0.4663585787130578
0x5d8ec9180099a0f171f5f9615b66ee424ad5b330,OP,0.453571664238976
0x5d8ec9180099a0f171f5f9615b66ee424ad5b330,PENDLE,0.475177327307128
0x5d8ec9180099a0f171f5f9615b66ee424ad5b330,PEPE,0.5562222348508814
0x5d8ec9180099a0f171f5f9615b66ee424ad5b330,PERP,0.342557538460943
0x5d8ec9180099a0f171f5f9615b66ee424ad5b330,PIT,0.5448914203821188
0x5d8ec9180099a0f171f5f9615b66ee424ad5b330,POLS,0.5707368390588885
0x5d8ec9180099a0f171f5f9615b66ee424ad5b330,PYTH,0.5099219558491077
0x5d8ec9180099a0f171f5f9615b66ee424ad5b330,QUACK,0.4338767652681262
0x5d8ec9180099a0f171f5f9615b66ee424ad5b330,RDNT,0.5263489623829594
0x5d8ec9180099a0f171f5f9615b66ee424ad5b330,RNDR,0.5248074081726452
0x5d8ec9180099a0f171f5f9615b66ee424ad5b330,RPL,0.5151588706682341
0x5d8ec9180099a0f171f5f9615b66ee424ad5b330,RUNE,0.541228488713843
0x5d8ec9180099a0f171f5f9615b66ee424ad5b330,SFP,0.5428317540048944
0x5d8ec9180099a0f171f5f9615b66ee424ad5b330,SFUND,0.466719785008517
0x5d8ec9180099a0f171f5f9615b66ee424ad5b330,SHIB,0.550550681782472
0x5d8ec9180099a0f171f5f9615b66ee424ad5b330,SOL,0.5790496999563807
0x5d8ec9180099a0f171f5f9615b66ee424ad5b330,STG,0.4647403258074377
0x5d8ec9180099a0f171f5f9615b66ee424ad5b330,SUI,0.5452322588965735
0x5d8ec9180099a0f171f5f9615b66ee424ad5b330,SUSHI,0.5460908139478353
0x5d8ec9180099a0f171f5f9615b66ee424ad5b330,TIA,0.5127781976756605
0x5d8ec9180099a0f171f5f9615b66ee424ad5b330,TOKEN,0.5037724777687465
0x5d8ec9180099a0f171f5f9615b66ee424ad5b330,TRX,0.585183577868779
0x5d8ec9180099a0f171f5f9615b66ee424ad5b330,UNI,0.4811173373661461
0x5d8ec9180099a0f171f5f9615b66ee424ad5b330,USDT,0.6063510386270535
0x5d8ec9180099a0f171f5f9615b66ee424ad5b330,XLM,0.5322478540056248
0x5d8ec9180099a0f171f5f9615b66ee424ad5b330,XMR,0.5531930182521191
0x5d8ec9180099a0f171f5f9615b66ee424ad5b330,XRP,0.6203829371859328
0x5d8ec9180099a0f171f5f9615b66ee424ad5b330,XTZ,0.5143559091029297
0x5d8ec9180099a0f171f5f9615b66ee424ad5b330,XVS,0.4970605559878404
0x5d8ec9180099a0f171f5f9615b66ee424ad5b330,YFI,0.5276405872987546
0x5f05ab6ed6106d6c962823e481bd9f39c6d60e96,AAVE,0.5321702626080337
0x5f05ab6ed6106d6c962823e481bd9f39c6d60e96,ADA,0.5404737414875627
0x5f05ab6ed6106d6c962823e481bd9f39c6d60e96,ALGO,0.5611907610143242
0x5f05ab6ed6106d6c962823e481bd9f39c6d60e96,APE,0.5381026020673101
0x5f05ab6ed6106d6c962823e481bd9f39c6d60e96,APT,0.4416732289907446
0x5f05ab6ed6106d6c962823e481bd9f39c6d60e96,ATOM,0.4930971187213518
0x5f05ab6ed6106d6c962823e481bd9f39c6d60e96,AVAX,0.5459273027561158
0x5f05ab6ed6106d6c962823e481bd9f39c6d60e96,AXS,0.484207274020308
0x5f05ab6ed6106d6c962823e481bd9f39c6d60e96,BAL,0.4734214081166196
0x5f05ab6ed6106d6c962823e481bd9f39c6d60e96,BCH,0.5024192221384609
0x5f05ab6ed6106d6c962823e481bd9f39c6d60e96,BLUR,0.5320142853079176
0x5f05ab6ed6106d6c962823e481bd9f39c6d60e96,BNB,0.5260408455408366
0x5f05ab6ed6106d6c962823e481bd9f39c6d60e96,BONK,0.5350051319290543
0x5f05ab6ed6106d6c962823e481bd9f39c6d60e96,BTC,0.6527302242610324
0x5f05ab6ed6106d6c962823e481bd9f39c6d60e96,C98,0.4423513578602709
0x5f05ab6ed6106d6c962823e481bd9f39c6d60e96,CAKE,0.5331132054967122
0x5f05ab6ed6106d6c962823e481bd9f39c6d60e96,COMP,0.5230766535169454
0x5f05ab6ed6106d6c962823e481bd9f39c6d60e96,CRV,0.4998584735625997
0x5f05ab6ed6106d6c962823e481bd9f39c6d60e96,CVX,0.4993585990425085
0x5f05ab6ed6106d6c962823e481bd9f39c6d60e96,DAI,0.6647628143721647
0x5f05ab6ed6106d6c962823e481bd9f39c6d60e96,DAO,0.3740582711071735
0x5f05ab6ed6106d6c962823e481bd9f39c6d60e96,DOGE,0.4987710551416525
0x5f05ab6ed6106d6c962823e481bd9f39c6d60e96,DOT,0.4358181330375044
0x5f05ab6ed6106d6c962823e481bd9f39c6d60e96,DYDX,0.5296297466578819
0x5f05ab6ed6106d6c962823e481bd9f39c6d60e96,EOS,0.5277405439871086
0x5f05ab6ed6106d6c962823e481bd9f39c6d60e96,ETC,0.505401301130524
0x5f05ab6ed6106d6c962823e481bd9f39c6d60e96,ETH,0.5760935758971025
0x5f05ab6ed6106d6c962823e481bd9f39c6d60e96,FET,0.5169830182458405
0x5f05ab6ed6106d6c962823e481bd9f39c6d60e96,FIL,0.4747258296414942
0x5f05ab6ed6106d6c962823e481bd9f39c6d60e96,FRAX,0.6624653528877943
0x5f05ab6ed6106d6c962823e481bd9f39c6d60e96,FTM,0.5543775439690113
0x5f05ab6ed6106d6c962823e481bd9f39c6d60e96,FXS,0.5081044096209529
0x5f05ab6ed6106d6c962823e481bd9f39c6d60e96,GRT,0.5247938989658318
0x5f05ab6ed6106d6c962823e481bd9f39c6d60e96,HAI,0.4966503094225269
0x5f05ab6ed6106d6c962823e481bd9f39c6d60e96,HERO,0.5067152891423885
0x5f05ab6ed6106d6c962823e481bd9f39c6d60e96,ICP,0.4621876557448121
0x5f05ab6ed6106d6c962823e481bd9f39c6d60e96,IMX,0.4699900954597727
0x5f05ab6ed6106d6c962823e481bd9f39c6d60e96,INJ,0.5467422083083959
0x5f05ab6ed6106d6c962823e481bd9f39c6d60e96,LDO,0.505284997161566
0x5f05ab6ed6106d6c962823e481bd9f39c6d60e96,LINK,0.5349587196569906
0x5f05ab6ed6106d6c962823e481bd9f39c6d60e96,LTC,0.5805437067927255
0x5f05ab6ed6106d6c962823e481bd9f39c6d60e96,MATIC,0.5244805160353677
0x5f05ab6ed6106d6c962823e481bd9f39c6d60e96,MAV,0.5133194910761221
0x5f05ab6ed6106d6c962823e481bd9f39c6d60e96,MBOX,0.5137937710756026
0x5f05ab6ed6106d6c962823e481bd9f39c6d60e96,MKR,0.5431887215559628
0x5f05ab6ed6106d6c962823e481bd9f39c6d60e96,MOON,0.4203286135711011
0x5f05ab6ed6106d6c962823e481bd9f39c6d60e96,NEAR,0.437205318749308
0x5f05ab6ed6106d6c962823e481bd9f39c6d60e96,OP,0.5204566515409227
0x5f05ab6ed6106d6c962823e481bd9f39c6d60e96,PENDLE,0.4491320473273518
0x5f05ab6ed6106d6c962823e481bd9f39c6d60e96,PEPE,0.5264323793900527
0x5f05ab6ed6106d6c962823e481bd9f39c6d60e96,PERP,0.3237213099317783
0x5f05ab6ed6106d6c962823e481bd9f39c6d60e96,PIT,0.5262993386359057
0x5f05ab6ed6106d6c962823e481bd9f39c6d60e96,POLS,0.4868099262224556
0x5f05ab6ed6106d6c962823e481bd9f39c6d60e96,PYTH,0.491101261410783
0x5f05ab6ed6106d6c962823e481bd9f39c6d60e96,QUACK,0.5020991220299529
0x5f05ab6ed6106d6c962823e481bd9f39c6d60e96,RDNT,0.5112378182389242
0x5f05ab6ed6106d6c962823e481bd9f39c6d60e96,RNDR,0.4917539581287567
0x5f05ab6ed6106d6c962823e481bd9f39c6d60e96,RPL,0.4874812718340965
0x5f05ab6ed6106d6c962823e481bd9f39c6d60e96,RUNE,0.5043716905252725
0x5f05ab6ed6106d6c962823e481bd9f39c6d60e96,SFP,0.5168332984894085
0x5f05ab6ed6106d6c962823e481bd9f39c6d60e96,SFUND,0.4838543570952727
0x5f05ab6ed6106d6c962823e481bd9f39c6d60e96,SHIB,0.5371329078499099
0x5f05ab6ed6106d6c962823e481bd9f39c6d60e96,SOL,0.5628744675844972
0x5f05ab6ed6106d6c962823e481bd9f39c6d60e96,STG,0.4485564375120907
0x5f05ab6ed6106d6c962823e481bd9f39c6d60e96,SUI,0.5307360868722962
0x5f05ab6ed6106d6c962823e481bd9f39c6d60e96,SUSHI,0.5025390316294888
0x5f05ab6ed6106d6c962823e481bd9f39c6d60e96,TIA,0.4788562155324092
0x5f05ab6ed6106d6c962823e481bd9f39c6d60e96,TOKEN,0.4959780355592976
0x5f05ab6ed6106d6c962823e481bd9f39c6d60e96,TRX,0.6190794139518736
0x5f05ab6ed6106d6c962823e481bd9f39c6d60e96,UNI,0.4821073568202572
0x5f05ab6ed6106d6c962823e481bd9f39c6d60e96,USDT,0.6173103590977413
0x5f05ab6ed6106d6c962823e481bd9f39c6d60e96,XLM,0.540132505736816
0x5f05ab6ed6106d6c962823e481bd9f39c6d60e96,XMR,0.5160447521656385
0x5f05ab6ed6106d6c962823e481bd9f39c6d60e96,XRP,0.5969979788772368
0x5f05ab6ed6106d6c962823e481bd9f39c6d60e96,XTZ,0.5144373248198189
0x5f05ab6ed6106d6c962823e481bd9f39c6d60e96,XVS,0.4770450450549657
0x5f05ab6ed6106d6c962823e481bd9f39c6d60e96,YFI,0.514098715206365
0x6cb72d052d57563180474923fdd9f827455637db,AAVE,0.0179820179820179
0x6cb72d052d57563180474923fdd9f827455637db,ADA,0.0209790209790209
0x6cb72d052d57563180474923fdd9f827455637db,ALGO,0.0153180153180153
0x6cb72d052d57563180474923fdd9f827455637db,APE,0.0139860139860139
0x6cb72d052d57563180474923fdd9f827455637db,APT,0.0053280053280053
0x6cb72d052d57563180474923fdd9f827455637db,ATOM,0.0016650016650016
0x6cb72d052d57563180474923fdd9f827455637db,AVAX,0.0036630036630036
0x6cb72d052d57563180474923fdd9f827455637db,AXS,0.0009990009990009
0x6cb72d052d57563180474923fdd9f827455637db,BAL,0.0069930069930069
0x6cb72d052d57563180474923fdd9f827455637db,BCH,0.0193140193140193
0x6cb72d052d57563180474923fdd9f827455637db,BLUR,0.0106560106560106
0x6cb72d052d57563180474923fdd9f827455637db,BNB,0.0173160173160173
0x6cb72d052d57563180474923fdd9f827455637db,BONK,0.0189810189810189
0x6cb72d052d57563180474923fdd9f827455637db,BTC,0.0256410256410256
0x6cb72d052d57563180474923fdd9f827455637db,C98,0.0026640026640026
0x6cb72d052d57563180474923fdd9f827455637db,CAKE,0.0226440226440226
0x6cb72d052d57563180474923fdd9f827455637db,COMP,0.0128205128205128
0x6cb72d052d57563180474923fdd9f827455637db,CRV,0.0213120213120213
0x6cb72d052d57563180474923fdd9f827455637db,CVX,0.0093240093240093
0x6cb72d052d57563180474923fdd9f827455637db,DAI,0.0246420246420246
0x6cb72d052d57563180474923fdd9f827455637db,DAO,0.0073260073260073
0x6cb72d052d57563180474923fdd9f827455637db,DOGE,0.0233100233100233
0x6cb72d052d57563180474923fdd9f827455637db,DOT,0.0019980019980019
0x6cb72d052d57563180474923fdd9f827455637db,DYDX,0.0076590076590076
0x6cb72d052d57563180474923fdd9f827455637db,EOS,0.0113220113220113
0x6cb72d052d57563180474923fdd9f827455637db,ETC,0.0063270063270063
0x6cb72d052d57563180474923fdd9f827455637db,ETH,0.0243090243090243
0x6cb72d052d57563180474923fdd9f827455637db,FET,0.0236430236430236
0x6cb72d052d57563180474923fdd9f827455637db,FIL,0.0023310023310023
0x6cb72d052d57563180474923fdd9f827455637db,FRAX,0.0223110223110223
0x6cb72d052d57563180474923fdd9f827455637db,FTM,0.0128205128205128
0x6cb72d052d57563180474923fdd9f827455637db,FXS,0.0099900099900099
0x6cb72d052d57563180474923fdd9f827455637db,GRT,0.0219780219780219
0x6cb72d052d57563180474923fdd9f827455637db,HAI,0.0116550116550116
0x6cb72d052d57563180474923fdd9f827455637db,HERO,0.0029970029970029
0x6cb72d052d57563180474923fdd9f827455637db,ICP,0.0166500166500166
0x6cb72d052d57563180474923fdd9f827455637db,IMX,0.0169830169830169
0x6cb72d052d57563180474923fdd9f827455637db,INJ,0.0163170163170163
0x6cb72d052d57563180474923fdd9f827455637db,LDO,0.0229770229770229
0x6cb72d052d57563180474923fdd9f827455637db,LINK,0.0216450216450216
0x6cb72d052d57563180474923fdd9f827455637db,LTC,0.0253080253080253
0x6cb72d052d57563180474923fdd9f827455637db,MATIC,0.0128205128205128
0x6cb72d052d57563180474923fdd9f827455637db,MAV,0.0156510156510156
0x6cb72d052d57563180474923fdd9f827455637db,MBOX,0.0039960039960039
0x6cb72d052d57563180474923fdd9f827455637db,MKR,0.0159840159840159
0x6cb72d052d57563180474923fdd9f827455637db,MOON,0.0046620046620046
0x6cb72d052d57563180474923fdd9f827455637db,NEAR,0.0056610056610056
0x6cb72d052d57563180474923fdd9f827455637db,OP,0.0049950049950049
0x6cb72d052d57563180474923fdd9f827455637db,PENDLE,0.0083250083250083
0x6cb72d052d57563180474923fdd9f827455637db,PEPE,0.0089910089910089
0x6cb72d052d57563180474923fdd9f827455637db,PERP,0.0059940059940059
0x6cb72d052d57563180474923fdd9f827455637db,PIT,0.0136530136530136
0x6cb72d052d57563180474923fdd9f827455637db,POLS,0.0143190143190143
0x6cb72d052d57563180474923fdd9f827455637db,PYTH,0.0096570096570096
0x6cb72d052d57563180474923fdd9f827455637db,QUACK,0.0066600066600066
0x6cb72d052d57563180474923fdd9f827455637db,RDNT,0.0103230103230103
0x6cb72d052d57563180474923fdd9f827455637db,RNDR,0.0128205128205128
0x6cb72d052d57563180474923fdd9f827455637db,RPL,0.0003330003330003
0x6cb72d052d57563180474923fdd9f827455637db,RUNE,0.0149850149850149
0x6cb72d052d57563180474923fdd9f827455637db,SFP,0.0206460206460206
0x6cb72d052d57563180474923fdd9f827455637db,SFUND,0.0006660006660006
0x6cb72d052d57563180474923fdd9f827455637db,SHIB,0.0119880119880119
0x6cb72d052d57563180474923fdd9f827455637db,SOL,0.0176490176490176
0x6cb72d052d57563180474923fdd9f827455637db,STG,0.0013320013320013
0x6cb72d052d57563180474923fdd9f827455637db,SUI,0.0109890109890109
0x6cb72d052d57563180474923fdd9f827455637db,SUSHI,0.0199800199800199
0x6cb72d052d57563180474923fdd9f827455637db,TIA,0.0043290043290043
0x6cb72d052d57563180474923fdd9f827455637db,TOKEN,0.0079920079920079
0x6cb72d052d57563180474923fdd9f827455637db,TRX,0.0203130203130203
0x6cb72d052d57563180474923fdd9f827455637db,UNI,0.0086580086580086
0x6cb72d052d57563180474923fdd9f827455637db,USDT,0.0239760239760239
0x6cb72d052d57563180474923fdd9f827455637db,XLM,0.0196470196470196
0x6cb72d052d57563180474923fdd9f827455637db,XMR,0.0146520146520146
0x6cb72d052d57563180474923fdd9f827455637db,XRP,0.0249750249750249
0x6cb72d052d57563180474923fdd9f827455637db,XTZ,0.0183150183150183
0x6cb72d052d57563180474923fdd9f827455637db,XVS,0.0033300033300033
0x6cb72d052d57563180474923fdd9f827455637db,YFI,0.0186480186480186
0x6d7841df878bff8ff84c2730d3051439d3009109,AAVE,0.7546329498291016
0x6d7841df878bff8ff84c2730d3051439d3009109,ADA,0.5174112319946289
0x6d7841df878bff8ff84c2730d3051439d3009109,ALGO,0.5004711151123047
0x6d7841df878bff8ff84c2730d3051439d3009109,APE,0.4601020812988281
0x6d7841df878bff8ff84c2730d3051439d3009109,APT,0.4768695831298828
0x6d7841df878bff8ff84c2730d3051439d3009109,ATOM,0.4377927780151367
0x6d7841df878bff8ff84c2730d3051439d3009109,AVAX,0.5273990631103516
0x6d7841df878bff8ff84c2730d3051439d3009109,AXS,0.4324140548706054
0x6d7841df878bff8ff84c2730d3051439d3009109,BAL,0.6096687316894531
0x6d7841df878bff8ff84c2730d3051439d3009109,BCH,0.8116521835327148
0x6d7841df878bff8ff84c2730d3051439d3009109,BLUR,0.3063726425170898
0x6d7841df878bff8ff84c2730d3051439d3009109,BNB,0.9787111282348632
0x6d7841df878bff8ff84c2730d3051439d3009109,BONK,0.3453178405761719
0x6d7841df878bff8ff84c2730d3051439d3009109,BTC,0.8898754119873047
0x6d7841df878bff8ff84c2730d3051439d3009109,C98,0.3203344345092773
0x6d7841df878bff8ff84c2730d3051439d3009109,CAKE,0.5291290283203125
0x6d7841df878bff8ff84c2730d3051439d3009109,COMP,0.61138916015625
0x6d7841df878bff8ff84c2730d3051439d3009109,CRV,0.4582147598266601
0x6d7841df878bff8ff84c2730d3051439d3009109,CVX,0.4195337295532226
0x6d7841df878bff8ff84c2730d3051439d3009109,DAI,0.9294557571411132
0x6d7841df878bff8ff84c2730d3051439d3009109,DAO,0.2056503295898437
0x6d7841df878bff8ff84c2730d3051439d3009109,DOGE,0.5859146118164062
0x6d7841df878bff8ff84c2730d3051439d3009109,DOT,0.4350404739379883
0x6d7841df878bff8ff84c2730d3051439d3009109,DYDX,0.4031343460083008
0x6d7841df878bff8ff84c2730d3051439d3009109,EOS,0.3617944717407226
0x6d7841df878bff8ff84c2730d3051439d3009109,ETC,0.6284036636352539
0x6d7841df878bff8ff84c2730d3051439d3009109,ETH,0.8733940124511719
0x6d7841df878bff8ff84c2730d3051439d3009109,FET,0.3416566848754883
0x6d7841df878bff8ff84c2730d3051439d3009109,FIL,0.3736572265625
0x6d7841df878bff8ff84c2730d3051439d3009109,FRAX,0.8554582595825195
0x6d7841df878bff8ff84c2730d3051439d3009109,FTM,0.430877685546875
0x6d7841df878bff8ff84c2730d3051439d3009109,FXS,0.2541055679321289
0x6d7841df878bff8ff84c2730d3051439d3009109,GRT,0.3851766586303711
0x6d7841df878bff8ff84c2730d3051439d3009109,HAI,0.3852491378784179
0x6d7841df878bff8ff84c2730d3051439d3009109,HERO,0.5529184341430664
0x6d7841df878bff8ff84c2730d3051439d3009109,ICP,0.37957763671875
0x6d7841df878bff8ff84c2730d3051439d3009109,IMX,0.2707395553588867
0x6d7841df878bff8ff84c2730d3051439d3009109,INJ,0.3561229705810547
0x6d7841df878bff8ff84c2730d3051439d3009109,LDO,0.3635587692260742
0x6d7841df878bff8ff84c2730d3051439d3009109,LINK,0.5655736923217773
0x6d7841df878bff8ff84c2730d3051439d3009109,LTC,1.0
0x6d7841df878bff8ff84c2730d3051439d3009109,MATIC,0.3190031051635742
0x6d7841df878bff8ff84c2730d3051439d3009109,MAV,0.3462295532226562
0x6d7841df878bff8ff84c2730d3051439d3009109,MBOX,0.3966646194458008
0x6d7841df878bff8ff84c2730d3051439d3009109,MKR,0.6107549667358398
0x6d7841df878bff8ff84c2730d3051439d3009109,MOON,0.2761592864990234
0x6d7841df878bff8ff84c2730d3051439d3009109,NEAR,0.397343635559082
0x6d7841df878bff8ff84c2730d3051439d3009109,OP,0.5781841278076172
0x6d7841df878bff8ff84c2730d3051439d3009109,PENDLE,0.5190467834472656
0x6d7841df878bff8ff84c2730d3051439d3009109,PEPE,0.3515424728393554
0x6d7841df878bff8ff84c2730d3051439d3009109,PERP,0.3860073089599609
0x6d7841df878bff8ff84c2730d3051439d3009109,PIT,0.5126419067382812
0x6d7841df878bff8ff84c2730d3051439d3009109,POLS,0.3050031661987304
0x6d7841df878bff8ff84c2730d3051439d3009109,PYTH,0.274540901184082
0x6d7841df878bff8ff84c2730d3051439d3009109,QUACK,0.6684370040893555
0x6d7841df878bff8ff84c2730d3051439d3009109,RDNT,0.3324661254882812
0x6d7841df878bff8ff84c2730d3051439d3009109,RNDR,0.3422689437866211
0x6d7841df878bff8ff84c2730d3051439d3009109,RPL,0.0
0x6d7841df878bff8ff84c2730d3051439d3009109,RUNE,0.3739099502563476
0x6d7841df878bff8ff84c2730d3051439d3009109,SFP,0.6063451766967773
0x6d7841df878bff8ff84c2730d3051439d3009109,SFUND,0.2784843444824219
0x6d7841df878bff8ff84c2730d3051439d3009109,SHIB,0.6055421829223633
0x6d7841df878bff8ff84c2730d3051439d3009109,SOL,0.8729515075683594
0x6d7841df878bff8ff84c2730d3051439d3009109,STG,0.4810028076171875
0x6d7841df878bff8ff84c2730d3051439d3009109,SUI,0.4319019317626953
0x6d7841df878bff8ff84c2730d3051439d3009109,SUSHI,0.3518199920654297
0x6d7841df878bff8ff84c2730d3051439d3009109,TIA,0.271885871887207
0x6d7841df878bff8ff84c2730d3051439d3009109,TOKEN,0.2851638793945312
0x6d7841df878bff8ff84c2730d3051439d3009109,TRX,0.8366870880126953
0x6d7841df878bff8ff84c2730d3051439d3009109,UNI,0.4449739456176758
0x6d7841df878bff8ff84c2730d3051439d3009109,USDT,0.888606071472168
0x6d7841df878bff8ff84c2730d3051439d3009109,XLM,0.5965909957885742
0x6d7841df878bff8ff84c2730d3051439d3009109,XMR,0.903660774230957
0x6d7841df878bff8ff84c2730d3051439d3009109,XRP,0.8588275909423828
0x6d7841df878bff8ff84c2730d3051439d3009109,XTZ,0.5051374435424805
0x6d7841df878bff8ff84c2730d3051439d3009109,XVS,0.6159439086914062
0x6d7841df878bff8ff84c2730d3051439d3009109,YFI,0.6150121688842773
0x770a3026f8a348bebac2ba84cfc82f4ea01b420a,AAVE,0.5807421627214179
0x770a3026f8a348bebac2ba84cfc82f4ea01b420a,ADA,0.4537293620923802
0x770a3026f8a348bebac2ba84cfc82f4ea01b420a,ALGO,0.6593395131351815
0x770a3026f8a348bebac2ba84cfc82f4ea01b420a,APE,0.6337105547831783
0x770a3026f8a348bebac2ba84cfc82f4ea01b420a,APT,0.340660486864818
0x770a3026f8a348bebac2ba84cfc82f4ea01b420a,ATOM,0.6025546915679505
0x770a3026f8a348bebac2ba84cfc82f4ea01b420a,AVAX,0.677956997916479
0x770a3026f8a348bebac2ba84cfc82f4ea01b420a,AXS,0.2535432732819266
0x770a3026f8a348bebac2ba84cfc82f4ea01b420a,BAL,0.6100883229129015
0x770a3026f8a348bebac2ba84cfc82f4ea01b420a,BCH,0.6505275553995906
0x770a3026f8a348bebac2ba84cfc82f4ea01b420a,BLUR,0.3494724446004089
0x770a3026f8a348bebac2ba84cfc82f4ea01b420a,BNB,1.0
0x770a3026f8a348bebac2ba84cfc82f4ea01b420a,BONK,0.4670923340933569
0x770a3026f8a348bebac2ba84cfc82f4ea01b420a,BTC,0.8156023458230723
0x770a3026f8a348bebac2ba84cfc82f4ea01b420a,C98,0.3220430020835204
0x770a3026f8a348bebac2ba84cfc82f4ea01b420a,CAKE,0.6419951143775149
0x770a3026f8a348bebac2ba84cfc82f4ea01b420a,COMP,0.3899116770870978
0x770a3026f8a348bebac2ba84cfc82f4ea01b420a,CRV,0.6256465904028308
0x770a3026f8a348bebac2ba84cfc82f4ea01b420a,CVX,0.3580048856224845
0x770a3026f8a348bebac2ba84cfc82f4ea01b420a,DAI,0.709172714969548
0x770a3026f8a348bebac2ba84cfc82f4ea01b420a,DAO,0.2050805293323804
0x770a3026f8a348bebac2ba84cfc82f4ea01b420a,DOGE,0.687858988270668
0x770a3026f8a348bebac2ba84cfc82f4ea01b420a,DOT,0.0
0x770a3026f8a348bebac2ba84cfc82f4ea01b420a,DYDX,0.4999999999999997
0x770a3026f8a348bebac2ba84cfc82f4ea01b420a,EOS,0.1597148942473113
0x770a3026f8a348bebac2ba84cfc82f4ea01b420a,ETC,0.746456726718073
0x770a3026f8a348bebac2ba84cfc82f4ea01b420a,ETH,0.794919470667619
0x770a3026f8a348bebac2ba84cfc82f4ea01b420a,FET,0.4604326541211352
0x770a3026f8a348bebac2ba84cfc82f4ea01b420a,FIL,0.2390440655355418
0x770a3026f8a348bebac2ba84cfc82f4ea01b420a,FRAX,0.595162094947925
0x770a3026f8a348bebac2ba84cfc82f4ea01b420a,FTM,0.6982379253057901
0x770a3026f8a348bebac2ba84cfc82f4ea01b420a,FXS,0.4263108088997995
0x770a3026f8a348bebac2ba84cfc82f4ea01b420a,GRT,0.4332744181272351
0x770a3026f8a348bebac2ba84cfc82f4ea01b420a,HAI,0.5667255818727643
0x770a3026f8a348bebac2ba84cfc82f4ea01b420a,HERO,0.5462706379076192
0x770a3026f8a348bebac2ba84cfc82f4ea01b420a,ICP,0.4469743390583348
0x770a3026f8a348bebac2ba84cfc82f4ea01b420a,IMX,0.3315319632810766
0x770a3026f8a348bebac2ba84cfc82f4ea01b420a,INJ,0.5329076659066425
0x770a3026f8a348bebac2ba84cfc82f4ea01b420a,LDO,0.5131139310851986
0x770a3026f8a348bebac2ba84cfc82f4ea01b420a,LINK,0.7331346898588502
0x770a3026f8a348bebac2ba84cfc82f4ea01b420a,LTC,0.871499972015043
0x770a3026f8a348bebac2ba84cfc82f4ea01b420a,MATIC,0.3017620746942093
0x770a3026f8a348bebac2ba84cfc82f4ea01b420a,MAV,0.4868860689148008
0x770a3026f8a348bebac2ba84cfc82f4ea01b420a,MBOX,0.4401590418980429
0x770a3026f8a348bebac2ba84cfc82f4ea01b420a,MKR,0.5598409581019566
0x770a3026f8a348bebac2ba84cfc82f4ea01b420a,MOON,0.5065534872158968
0x770a3026f8a348bebac2ba84cfc82f4ea01b420a,NEAR,0.1843976541769271
0x770a3026f8a348bebac2ba84cfc82f4ea01b420a,OP,0.6177794664902237
0x770a3026f8a348bebac2ba84cfc82f4ea01b420a,PENDLE,0.3822205335097756
0x770a3026f8a348bebac2ba84cfc82f4ea01b420a,PEPE,0.4192578372785817
0x770a3026f8a348bebac2ba84cfc82f4ea01b420a,PERP,0.2668653101411492
0x770a3026f8a348bebac2ba84cfc82f4ea01b420a,PIT,0.5395673458788642
0x770a3026f8a348bebac2ba84cfc82f4ea01b420a,POLS,0.0844416126559393
0x770a3026f8a348bebac2ba84cfc82f4ea01b420a,PYTH,0.3121410117293314
0x770a3026f8a348bebac2ba84cfc82f4ea01b420a,QUACK,0.5530256609416646
0x770a3026f8a348bebac2ba84cfc82f4ea01b420a,RDNT,0.4737161725461445
0x770a3026f8a348bebac2ba84cfc82f4ea01b420a,RNDR,0.3743534095971686
0x770a3026f8a348bebac2ba84cfc82f4ea01b420a,RPL,0.2230475365769594
0x770a3026f8a348bebac2ba84cfc82f4ea01b420a,RUNE,0.5878957218686539
0x770a3026f8a348bebac2ba84cfc82f4ea01b420a,SFP,0.5736891911001999
0x770a3026f8a348bebac2ba84cfc82f4ea01b420a,SFUND,0.4934465127841027
0x770a3026f8a348bebac2ba84cfc82f4ea01b420a,SHIB,0.5262838274538549
0x770a3026f8a348bebac2ba84cfc82f4ea01b420a,SOL,0.8402851057526883
0x770a3026f8a348bebac2ba84cfc82f4ea01b420a,STG,0.1285000279849564
0x770a3026f8a348bebac2ba84cfc82f4ea01b420a,SUI,0.6684680367189229
0x770a3026f8a348bebac2ba84cfc82f4ea01b420a,SUSHI,0.279237465328918
0x770a3026f8a348bebac2ba84cfc82f4ea01b420a,TIA,0.2908272850304514
0x770a3026f8a348bebac2ba84cfc82f4ea01b420a,TOKEN,0.4121042781313455
0x770a3026f8a348bebac2ba84cfc82f4ea01b420a,TRX,0.7207625346710814
0x770a3026f8a348bebac2ba84cfc82f4ea01b420a,UNI,0.4048379050520744
0x770a3026f8a348bebac2ba84cfc82f4ea01b420a,USDT,0.9155583873440604
0x770a3026f8a348bebac2ba84cfc82f4ea01b420a,XLM,0.5196883401030837
0x770a3026f8a348bebac2ba84cfc82f4ea01b420a,XMR,0.7769524634230401
0x770a3026f8a348bebac2ba84cfc82f4ea01b420a,XRP,0.7609559344644576
0x770a3026f8a348bebac2ba84cfc82f4ea01b420a,XTZ,0.4803116598969157
0x770a3026f8a348bebac2ba84cfc82f4ea01b420a,XVS,0.3974453084320489
0x770a3026f8a348bebac2ba84cfc82f4ea01b420a,YFI,0.3662894452168211
0x774b681d521dc347fc1ef449a134c88ed309cf62,AAVE,0.5276698
0x774b681d521dc347fc1ef449a134c88ed309cf62,ADA,0.51999253
0x774b681d521dc347fc1ef449a134c88ed309cf62,ALGO,0.53592503
0x774b681d521dc347fc1ef449a134c88ed309cf62,APE,0.52639335
0x774b681d521dc347fc1ef449a134c88ed309cf62,APT,0.47664315
0x774b681d521dc347fc1ef449a134c88ed309cf62,ATOM,0.5130704
0x774b681d521dc347fc1ef449a134c88ed309cf62,AVAX,0.5496873
0x774b681d521dc347fc1ef449a134c88ed309cf62,AXS,0.48577416
0x774b681d521dc347fc1ef449a134c88ed309cf62,BAL,0.48262858
0x774b681d521dc347fc1ef449a134c88ed309cf62,BCH,0.53890723
0x774b681d521dc347fc1ef449a134c88ed309cf62,BLUR,0.51950645
0x774b681d521dc347fc1ef449a134c88ed309cf62,BNB,0.57971823
0x774b681d521dc347fc1ef449a134c88ed309cf62,BONK,0.5379672
0x774b681d521dc347fc1ef449a134c88ed309cf62,BTC,0.5948376
0x774b681d521dc347fc1ef449a134c88ed309cf62,C98,0.4300886
0x774b681d521dc347fc1ef449a134c88ed309cf62,CAKE,0.550544
0x774b681d521dc347fc1ef449a134c88ed309cf62,COMP,0.5277171
0x774b681d521dc347fc1ef449a134c88ed309cf62,CRV,0.5231662
0x774b681d521dc347fc1ef449a134c88ed309cf62,CVX,0.49107194
0x774b681d521dc347fc1ef449a134c88ed309cf62,DAI,0.67019755
0x774b681d521dc347fc1ef449a134c88ed309cf62,DAO,0.3935264
0x774b681d521dc347fc1ef449a134c88ed309cf62,DOGE,0.53628266
0x774b681d521dc347fc1ef449a134c88ed309cf62,DOT,0.47650188
0x774b681d521dc347fc1ef449a134c88ed309cf62,DYDX,0.51791537
0x774b681d521dc347fc1ef449a134c88ed309cf62,EOS,0.5258009
0x774b681d521dc347fc1ef449a134c88ed309cf62,ETC,0.5596886
0x774b681d521dc347fc1ef449a134c88ed309cf62,ETH,0.5811034
0x774b681d521dc347fc1ef449a134c88ed309cf62,FET,0.5215341
0x774b681d521dc347fc1ef449a134c88ed309cf62,FIL,0.5030671
0x774b681d521dc347fc1ef449a134c88ed309cf62,FRAX,0.64601237
0x774b681d521dc347fc1ef449a134c88ed309cf62,FTM,0.52196914
0x774b681d521dc347fc1ef449a134c88ed309cf62,FXS,0.499901
0x774b681d521dc347fc1ef449a134c88ed309cf62,GRT,0.5272962
0x774b681d521dc347fc1ef449a134c88ed309cf62,HAI,0.50035423
0x774b681d521dc347fc1ef449a134c88ed309cf62,HERO,0.52636826
0x774b681d521dc347fc1ef449a134c88ed309cf62,ICP,0.47675377
0x774b681d521dc347fc1ef449a134c88ed309cf62,IMX,0.50200343
0x774b681d521dc347fc1ef449a134c88ed309cf62,INJ,0.53403914
0x774b681d521dc347fc1ef449a134c88ed309cf62,LDO,0.5177098
0x774b681d521dc347fc1ef449a134c88ed309cf62,LINK,0.5594042
0x774b681d521dc347fc1ef449a134c88ed309cf62,LTC,0.5817785
0x774b681d521dc347fc1ef449a134c88ed309cf62,MATIC,0.5055914
0x774b681d521dc347fc1ef449a134c88ed309cf62,MAV,0.5015197
0x774b681d521dc347fc1ef449a134c88ed309cf62,MBOX,0.50963837
0x774b681d521dc347fc1ef449a134c88ed309cf62,MKR,0.57081544
0x774b681d521dc347fc1ef449a134c88ed309cf62,MOON,0.4629987
0x774b681d521dc347fc1ef449a134c88ed309cf62,NEAR,0.47725856
0x774b681d521dc347fc1ef449a134c88ed309cf62,OP,0.49231628
0x774b681d521dc347fc1ef449a134c88ed309cf62,PENDLE,0.4799208
0x774b681d521dc347fc1ef449a134c88ed309cf62,PEPE,0.52397287
0x774b681d521dc347fc1ef449a134c88ed309cf62,PERP,0.30425796
0x774b681d521dc347fc1ef449a134c88ed309cf62,PIT,0.53614295
0x774b681d521dc347fc1ef449a134c88ed309cf62,POLS,0.51263714
0x774b681d521dc347fc1ef449a134c88ed309cf62,PYTH,0.487423
0x774b681d521dc347fc1ef449a134c88ed309cf62,QUACK,0.47577578
0x774b681d521dc347fc1ef449a134c88ed309cf62,RDNT,0.51279366
0x774b681d521dc347fc1ef449a134c88ed309cf62,RNDR,0.51199675
0x774b681d521dc347fc1ef449a134c88ed309cf62,RPL,0.47982928
0x774b681d521dc347fc1ef449a134c88ed309cf62,RUNE,0.53214246
0x774b681d521dc347fc1ef449a134c88ed309cf62,SFP,0.51731116
0x774b681d521dc347fc1ef449a134c88ed309cf62,SFUND,0.47845098
0x774b681d521dc347fc1ef449a134c88ed309cf62,SHIB,0.5382962
0x774b681d521dc347fc1ef449a134c88ed309cf62,SOL,0.56565136
0x774b681d521dc347fc1ef449a134c88ed309cf62,STG,0.4562276
0x774b681d521dc347fc1ef449a134c88ed309cf62,SUI,0.5380423
0x774b681d521dc347fc1ef449a134c88ed309cf62,SUSHI,0.5215891
0x774b681d521dc347fc1ef449a134c88ed309cf62,TIA,0.5083757
0x774b681d521dc347fc1ef449a134c88ed309cf62,TOKEN,0.49745962
0x774b681d521dc347fc1ef449a134c88ed309cf62,TRX,0.5715824
0x774b681d521dc347fc1ef449a134c88ed309cf62,UNI,0.5021251
0x774b681d521dc347fc1ef449a134c88ed309cf62,USDT,0.657689
0x774b681d521dc347fc1ef449a134c88ed309cf62,XLM,0.5342142
0x774b681d521dc347fc1ef449a134c88ed309cf62,XMR,0.5351672
0x774b681d521dc347fc1ef449a134c88ed309cf62,XRP,0.550939
0x774b681d521dc347fc1ef449a134c88ed309cf62,XTZ,0.5258831
0x774b681d521dc347fc1ef449a134c88ed309cf62,XVS,0.50061125
0x774b681d521dc347fc1ef449a134c88ed309cf62,YFI,0.5509155
0x7824282944b7cc7b8ef86ed9adbe21f49b247f97,AAVE,0.5198755
0x7824282944b7cc7b8ef86ed9adbe21f49b247f97,ADA,0.5164647
0x7824282944b7cc7b8ef86ed9adbe21f49b247f97,ALGO,0.5313346
0x7824282944b7cc7b8ef86ed9adbe21f49b247f97,APE,0.52958953
0x7824282944b7cc7b8ef86ed9adbe21f49b247f97,APT,0.4656167
0x7824282944b7cc7b8ef86ed9adbe21f49b247f97,ATOM,0.5161278
0x7824282944b7cc7b8ef86ed9adbe21f49b247f97,AVAX,0.5225922
0x7824282944b7cc7b8ef86ed9adbe21f49b247f97,AXS,0.49233377
0x7824282944b7cc7b8ef86ed9adbe21f49b247f97,BAL,0.49573523
0x7824282944b7cc7b8ef86ed9adbe21f49b247f97,BCH,0.5196108
0x7824282944b7cc7b8ef86ed9adbe21f49b247f97,BLUR,0.5147309
0x7824282944b7cc7b8ef86ed9adbe21f49b247f97,BNB,0.5432471
0x7824282944b7cc7b8ef86ed9adbe21f49b247f97,BONK,0.52413726
0x7824282944b7cc7b8ef86ed9adbe21f49b247f97,BTC,0.55120444
0x7824282944b7cc7b8ef86ed9adbe21f49b247f97,C98,0.44695795
0x7824282944b7cc7b8ef86ed9adbe21f49b247f97,CAKE,0.52408975
0x7824282944b7cc7b8ef86ed9adbe21f49b247f97,COMP,0.5263447
0x7824282944b7cc7b8ef86ed9adbe21f49b247f97,CRV,0.5035269
0x7824282944b7cc7b8ef86ed9adbe21f49b247f97,CVX,0.5021743
0x7824282944b7cc7b8ef86ed9adbe21f49b247f97,DAI,0.6354416
0x7824282944b7cc7b8ef86ed9adbe21f49b247f97,DAO,0.392966
0x7824282944b7cc7b8ef86ed9adbe21f49b247f97,DOGE,0.52189106
0x7824282944b7cc7b8ef86ed9adbe21f49b247f97,DOT,0.47063228
0x7824282944b7cc7b8ef86ed9adbe21f49b247f97,DYDX,0.52127266
0x7824282944b7cc7b8ef86ed9adbe21f49b247f97,EOS,0.5164381
0x7824282944b7cc7b8ef86ed9adbe21f49b247f97,ETC,0.53146017
0x7824282944b7cc7b8ef86ed9adbe21f49b247f97,ETH,0.5417111
0x7824282944b7cc7b8ef86ed9adbe21f49b247f97,FET,0.51945
0x7824282944b7cc7b8ef86ed9adbe21f49b247f97,FIL,0.50763035
0x7824282944b7cc7b8ef86ed9adbe21f49b247f97,FRAX,0.6528047
0x7824282944b7cc7b8ef86ed9adbe21f49b247f97,FTM,0.5193671
0x7824282944b7cc7b8ef86ed9adbe21f49b247f97,FXS,0.5040624
0x7824282944b7cc7b8ef86ed9adbe21f49b247f97,GRT,0.5212684
0x7824282944b7cc7b8ef86ed9adbe21f49b247f97,HAI,0.5124532
0x7824282944b7cc7b8ef86ed9adbe21f49b247f97,HERO,0.5191064
0x7824282944b7cc7b8ef86ed9adbe21f49b247f97,ICP,0.4835444
0x7824282944b7cc7b8ef86ed9adbe21f49b247f97,IMX,0.5065173
0x7824282944b7cc7b8ef86ed9adbe21f49b247f97,INJ,0.528375
0x7824282944b7cc7b8ef86ed9adbe21f49b247f97,LDO,0.52155733
0x7824282944b7cc7b8ef86ed9adbe21f49b247f97,LINK,0.5315992
0x7824282944b7cc7b8ef86ed9adbe21f49b247f97,LTC,0.54200846
0x7824282944b7cc7b8ef86ed9adbe21f49b247f97,MATIC,0.5111837
0x7824282944b7cc7b8ef86ed9adbe21f49b247f97,MAV,0.51472944
0x7824282944b7cc7b8ef86ed9adbe21f49b247f97,MBOX,0.51968116
0x7824282944b7cc7b8ef86ed9adbe21f49b247f97,MKR,0.5435295
0x7824282944b7cc7b8ef86ed9adbe21f49b247f97,MOON,0.46332923
0x7824282944b7cc7b8ef86ed9adbe21f49b247f97,NEAR,0.46133894
0x7824282944b7cc7b8ef86ed9adbe21f49b247f97,OP,0.5041886
0x7824282944b7cc7b8ef86ed9adbe21f49b247f97,PENDLE,0.48705566
0x7824282944b7cc7b8ef86ed9adbe21f49b247f97,PEPE,0.5183022
0x7824282944b7cc7b8ef86ed9adbe21f49b247f97,PERP,0.33865854
0x7824282944b7cc7b8ef86ed9adbe21f49b247f97,PIT,0.5312638
0x7824282944b7cc7b8ef86ed9adbe21f49b247f97,POLS,0.51291406
0x7824282944b7cc7b8ef86ed9adbe21f49b247f97,PYTH,0.49950844
0x7824282944b7cc7b8ef86ed9adbe21f49b247f97,QUACK,0.45265862
0x7824282944b7cc7b8ef86ed9adbe21f49b247f97,RDNT,0.5173324
0x7824282944b7cc7b8ef86ed9adbe21f49b247f97,RNDR,0.5126443
0x7824282944b7cc7b8ef86ed9adbe21f49b247f97,RPL,0.49000227
0x7824282944b7cc7b8ef86ed9adbe21f49b247f97,RUNE,0.5275391
0x7824282944b7cc7b8ef86ed9adbe21f49b247f97,SFP,0.52272946
0x7824282944b7cc7b8ef86ed9adbe21f49b247f97,SFUND,0.48299745
0x7824282944b7cc7b8ef86ed9adbe21f49b247f97,SHIB,0.5230834
0x7824282944b7cc7b8ef86ed9adbe21f49b247f97,SOL,0.526125
0x7824282944b7cc7b8ef86ed9adbe21f49b247f97,STG,0.4623919
0x7824282944b7cc7b8ef86ed9adbe21f49b247f97,SUI,0.5234671
0x7824282944b7cc7b8ef86ed9adbe21f49b247f97,SUSHI,0.518109
0x7824282944b7cc7b8ef86ed9adbe21f49b247f97,TIA,0.5031884
0x7824282944b7cc7b8ef86ed9adbe21f49b247f97,TOKEN,0.51045495
0x7824282944b7cc7b8ef86ed9adbe21f49b247f97,TRX,0.55415785
0x7824282944b7cc7b8ef86ed9adbe21f49b247f97,UNI,0.49968928
0x7824282944b7cc7b8ef86ed9adbe21f49b247f97,USDT,0.6004703
0x7824282944b7cc7b8ef86ed9adbe21f49b247f97,XLM,0.5255773
0x7824282944b7cc7b8ef86ed9adbe21f49b247f97,XMR,0.5127994
0x7824282944b7cc7b8ef86ed9adbe21f49b247f97,XRP,0.5311903
0x7824282944b7cc7b8ef86ed9adbe21f49b247f97,XTZ,0.52596194
0x7824282944b7cc7b8ef86ed9adbe21f49b247f97,XVS,0.5032661
0x7824282944b7cc7b8ef86ed9adbe21f49b247f97,YFI,0.53048354
0x7de5ac173e8ee69177f6243cf9c70608f6e1ad05,AAVE,0.52998906
0x7de5ac173e8ee69177f6243cf9c70608f6e1ad05,ADA,0.51950014
0x7de5ac173e8ee69177f6243cf9c70608f6e1ad05,ALGO,0.5603945
0x7de5ac173e8ee69177f6243cf9c70608f6e1ad05,APE,0.53015065
0x7de5ac173e8ee69177f6243cf9c70608f6e1ad05,APT,0.46694517
0x7de5ac173e8ee69177f6243cf9c70608f6e1ad05,ATOM,0.50340277
0x7de5ac173e8ee69177f6243cf9c70608f6e1ad05,AVAX,0.53987527
0x7de5ac173e8ee69177f6243cf9c70608f6e1ad05,AXS,0.4514962
0x7de5ac173e8ee69177f6243cf9c70608f6e1ad05,BAL,0.49193943
0x7de5ac173e8ee69177f6243cf9c70608f6e1ad05,BCH,0.4947907
0x7de5ac173e8ee69177f6243cf9c70608f6e1ad05,BLUR,0.54574037
0x7de5ac173e8ee69177f6243cf9c70608f6e1ad05,BNB,0.5376402
0x7de5ac173e8ee69177f6243cf9c70608f6e1ad05,BONK,0.5378173
0x7de5ac173e8ee69177f6243cf9c70608f6e1ad05,BTC,0.56456643
0x7de5ac173e8ee69177f6243cf9c70608f6e1ad05,C98,0.43660498
0x7de5ac173e8ee69177f6243cf9c70608f6e1ad05,CAKE,0.533311
0x7de5ac173e8ee69177f6243cf9c70608f6e1ad05,COMP,0.5406234
0x7de5ac173e8ee69177f6243cf9c70608f6e1ad05,CRV,0.5409512
0x7de5ac173e8ee69177f6243cf9c70608f6e1ad05,CVX,0.4585938
0x7de5ac173e8ee69177f6243cf9c70608f6e1ad05,DAI,0.63309294
0x7de5ac173e8ee69177f6243cf9c70608f6e1ad05,DAO,0.36296597
0x7de5ac173e8ee69177f6243cf9c70608f6e1ad05,DOGE,0.51948893
0x7de5ac173e8ee69177f6243cf9c70608f6e1ad05,DOT,0.45757112
0x7de5ac173e8ee69177f6243cf9c70608f6e1ad05,DYDX,0.5061268
0x7de5ac173e8ee69177f6243cf9c70608f6e1ad05,EOS,0.5582169
0x7de5ac173e8ee69177f6243cf9c70608f6e1ad05,ETC,0.5433369
0x7de5ac173e8ee69177f6243cf9c70608f6e1ad05,ETH,0.56023043
0x7de5ac173e8ee69177f6243cf9c70608f6e1ad05,FET,0.5135704
0x7de5ac173e8ee69177f6243cf9c70608f6e1ad05,FIL,0.480025
0x7de5ac173e8ee69177f6243cf9c70608f6e1ad05,FRAX,0.68180627
0x7de5ac173e8ee69177f6243cf9c70608f6e1ad05,FTM,0.5248122
0x7de5ac173e8ee69177f6243cf9c70608f6e1ad05,FXS,0.49883053
0x7de5ac173e8ee69177f6243cf9c70608f6e1ad05,GRT,0.5181401
0x7de5ac173e8ee69177f6243cf9c70608f6e1ad05,HAI,0.49958444
0x7de5ac173e8ee69177f6243cf9c70608f6e1ad05,HERO,0.5301566
0x7de5ac173e8ee69177f6243cf9c70608f6e1ad05,ICP,0.44947064
0x7de5ac173e8ee69177f6243cf9c70608f6e1ad05,IMX,0.49850142
0x7de5ac173e8ee69177f6243cf9c70608f6e1ad05,INJ,0.5460672
0x7de5ac173e8ee69177f6243cf9c70608f6e1ad05,LDO,0.5060604
0x7de5ac173e8ee69177f6243cf9c70608f6e1ad05,LINK,0.5496554
0x7de5ac173e8ee69177f6243cf9c70608f6e1ad05,LTC,0.57853067
0x7de5ac173e8ee69177f6243cf9c70608f6e1ad05,MATIC,0.48026553
0x7de5ac173e8ee69177f6243cf9c70608f6e1ad05,MAV,0.4976326
0x7de5ac173e8ee69177f6243cf9c70608f6e1ad05,MBOX,0.50786054
0x7de5ac173e8ee69177f6243cf9c70608f6e1ad05,MKR,0.5653901
0x7de5ac173e8ee69177f6243cf9c70608f6e1ad05,MOON,0.42873973
0x7de5ac173e8ee69177f6243cf9c70608f6e1ad05,NEAR,0.46044266
0x7de5ac173e8ee69177f6243cf9c70608f6e1ad05,OP,0.5442774
0x7de5ac173e8ee69177f6243cf9c70608f6e1ad05,PENDLE,0.4762569
0x7de5ac173e8ee69177f6243cf9c70608f6e1ad05,PEPE,0.5381054
0x7de5ac173e8ee69177f6243cf9c70608f6e1ad05,PERP,0.26787055
0x7de5ac173e8ee69177f6243cf9c70608f6e1ad05,PIT,0.5389196
0x7de5ac173e8ee69177f6243cf9c70608f6e1ad05,POLS,0.49596786
0x7de5ac173e8ee69177f6243cf9c70608f6e1ad05,PYTH,0.4756952
0x7de5ac173e8ee69177f6243cf9c70608f6e1ad05,QUACK,0.4129995
0x7de5ac173e8ee69177f6243cf9c70608f6e1ad05,RDNT,0.52357477
0x7de5ac173e8ee69177f6243cf9c70608f6e1ad05,RNDR,0.48859262
0x7de5ac173e8ee69177f6243cf9c70608f6e1ad05,RPL,0.4545735
0x7de5ac173e8ee69177f6243cf9c70608f6e1ad05,RUNE,0.53174466
0x7de5ac173e8ee69177f6243cf9c70608f6e1ad05,SFP,0.5460918
0x7de5ac173e8ee69177f6243cf9c70608f6e1ad05,SFUND,0.48296583
0x7de5ac173e8ee69177f6243cf9c70608f6e1ad05,SHIB,0.5375327
0x7de5ac173e8ee69177f6243cf9c70608f6e1ad05,SOL,0.5921594
0x7de5ac173e8ee69177f6243cf9c70608f6e1ad05,STG,0.44372612
0x7de5ac173e8ee69177f6243cf9c70608f6e1ad05,SUI,0.5664556
0x7de5ac173e8ee69177f6243cf9c70608f6e1ad05,SUSHI,0.5190248
0x7de5ac173e8ee69177f6243cf9c70608f6e1ad05,TIA,0.4905023
0x7de5ac173e8ee69177f6243cf9c70608f6e1ad05,TOKEN,0.50188065
0x7de5ac173e8ee69177f6243cf9c70608f6e1ad05,TRX,0.5889962
0x7de5ac173e8ee69177f6243cf9c70608f6e1ad05,UNI,0.49200085
0x7de5ac173e8ee69177f6243cf9c70608f6e1ad05,USDT,0.5670287
0x7de5ac173e8ee69177f6243cf9c70608f6e1ad05,XLM,0.51795655
0x7de5ac173e8ee69177f6243cf9c70608f6e1ad05,XMR,0.48185036
0x7de5ac173e8ee69177f6243cf9c70608f6e1ad05,XRP,0.5823972
0x7de5ac173e8ee69177f6243cf9c70608f6e1ad05,XTZ,0.5214115
0x7de5ac173e8ee69177f6243cf9c70608f6e1ad05,XVS,0.49717927
0x7de5ac173e8ee69177f6243cf9c70608f6e1ad05,YFI,0.52507246
0x81942befbb59f4461a32af5c4798f72f58f6797f,AAVE,0.7352215051651001
0x81942befbb59f4461a32af5c4798f72f58f6797f,ADA,0.3506921529769897
0x81942befbb59f4461a32af5c4798f72f58f6797f,ALGO,0.541027307510376
0x81942befbb59f4461a32af5c4798f72f58f6797f,APE,0.4487085342407226
0x81942befbb59f4461a32af5c4798f72f58f6797f,APT,0.3694806098937988
0x81942befbb59f4461a32af5c4798f72f58f6797f,ATOM,0.3310061693191528
0x81942befbb59f4461a32af5c4798f72f58f6797f,AVAX,0.4578670263290405
0x81942befbb59f4461a32af5c4798f72f58f6797f,AXS,0.468440294265747
0x81942befbb59f4461a32af5c4798f72f58f6797f,BAL,0.6565488576889038
0x81942befbb59f4461a32af5c4798f72f58f6797f,BCH,0.7196674346923828
0x81942befbb59f4461a32af5c4798f72f58f6797f,BLUR,0.2723084688186645
0x81942befbb59f4461a32af5c4798f72f58f6797f,BNB,0.9639241695404052
0x81942befbb59f4461a32af5c4798f72f58f6797f,BONK,0.2912803888320923
0x81942befbb59f4461a32af5c4798f72f58f6797f,BTC,0.9697034358978271
0x81942befbb59f4461a32af5c4798f72f58f6797f,C98,0.2881991863250732
0x81942befbb59f4461a32af5c4798f72f58f6797f,CAKE,0.5926978588104248
0x81942befbb59f4461a32af5c4798f72f58f6797f,COMP,0.3956255912780761
0x81942befbb59f4461a32af5c4798f72f58f6797f,CRV,0.5132017135620117
0x81942befbb59f4461a32af5c4798f72f58f6797f,CVX,0.3802162408828735
0x81942befbb59f4461a32af5c4798f72f58f6797f,DAI,1.0
0x81942befbb59f4461a32af5c4798f72f58f6797f,DAO,0.2157068252563476
0x81942befbb59f4461a32af5c4798f72f58f6797f,DOGE,0.5985594987869263
0x81942befbb59f4461a32af5c4798f72f58f6797f,DOT,0.2943670749664306
0x81942befbb59f4461a32af5c4798f72f58f6797f,DYDX,0.2419275045394897
0x81942befbb59f4461a32af5c4798f72f58f6797f,EOS,0.3158211708068847
0x81942befbb59f4461a32af5c4798f72f58f6797f,ETC,0.5955382585525513
0x81942befbb59f4461a32af5c4798f72f58f6797f,ETH,0.861198902130127
0x81942befbb59f4461a32af5c4798f72f58f6797f,FET,0.3067283630371094
0x81942befbb59f4461a32af5c4798f72f58f6797f,FIL,0.3720841407775879
0x81942befbb59f4461a32af5c4798f72f58f6797f,FRAX,0.9486353397369384
0x81942befbb59f4461a32af5c4798f72f58f6797f,FTM,0.1324971914291381
0x81942befbb59f4461a32af5c4798f72f58f6797f,FXS,0.2177222967147827
0x81942befbb59f4461a32af5c4798f72f58f6797f,GRT,0.3980802297592163
0x81942befbb59f4461a32af5c4798f72f58f6797f,HAI,0.3978371620178222
0x81942befbb59f4461a32af5c4798f72f58f6797f,HERO,0.5812598466873169
0x81942befbb59f4461a32af5c4798f72f58f6797f,ICP,0.414699912071228
0x81942befbb59f4461a32af5c4798f72f58f6797f,IMX,0.2555313110351562
0x81942befbb59f4461a32af5c4798f72f58f6797f,INJ,0.1387369632720947
0x81942befbb59f4461a32af5c4798f72f58f6797f,LDO,0.2711186408996582
0x81942befbb59f4461a32af5c4798f72f58f6797f,LINK,0.544403076171875
0x81942befbb59f4461a32af5c4798f72f58f6797f,LTC,0.8936610221862793
0x81942befbb59f4461a32af5c4798f72f58f6797f,MATIC,0.2101087570190429
0x81942befbb59f4461a32af5c4798f72f58f6797f,MAV,0.2221748828887939
0x81942befbb59f4461a32af5c4798f72f58f6797f,MBOX,0.3107047080993652
0x81942befbb59f4461a32af5c4798f72f58f6797f,MKR,0.6173484325408936
0x81942befbb59f4461a32af5c4798f72f58f6797f,MOON,0.3089733123779297
0x81942befbb59f4461a32af5c4798f72f58f6797f,NEAR,0.2286162376403808
0x81942befbb59f4461a32af5c4798f72f58f6797f,OP,0.8131691217422485
0x81942befbb59f4461a32af5c4798f72f58f6797f,PENDLE,0.4309374094009399
0x81942befbb59f4461a32af5c4798f72f58f6797f,PEPE,0.3875527381896972
0x81942befbb59f4461a32af5c4798f72f58f6797f,PERP,0.0877466201782226
0x81942befbb59f4461a32af5c4798f72f58f6797f,PIT,0.5724613666534424
0x81942befbb59f4461a32af5c4798f72f58f6797f,POLS,0.1441266536712646
0x81942befbb59f4461a32af5c4798f72f58f6797f,PYTH,0.1135309934616088
0x81942befbb59f4461a32af5c4798f72f58f6797f,QUACK,0.7285294532775879
0x81942befbb59f4461a32af5c4798f72f58f6797f,RDNT,0.2898476123809814
0x81942befbb59f4461a32af5c4798f72f58f6797f,RNDR,0.3966355323791504
0x81942befbb59f4461a32af5c4798f72f58f6797f,RPL,0.0
0x81942befbb59f4461a32af5c4798f72f58f6797f,RUNE,0.4466913938522339
0x81942befbb59f4461a32af5c4798f72f58f6797f,SFP,0.4797725677490234
0x81942befbb59f4461a32af5c4798f72f58f6797f,SFUND,0.226293683052063
0x81942befbb59f4461a32af5c4798f72f58f6797f,SHIB,0.6125173568725586
0x81942befbb59f4461a32af5c4798f72f58f6797f,SOL,0.8609448671340942
0x81942befbb59f4461a32af5c4798f72f58f6797f,STG,0.3895390033721924
0x81942befbb59f4461a32af5c4798f72f58f6797f,SUI,0.5264254808425903
0x81942befbb59f4461a32af5c4798f72f58f6797f,SUSHI,0.364506721496582
0x81942befbb59f4461a32af5c4798f72f58f6797f,TIA,0.2351547479629516
0x81942befbb59f4461a32af5c4798f72f58f6797f,TOKEN,0.2844456434249878
0x81942befbb59f4461a32af5c4798f72f58f6797f,TRX,0.6647324562072754
0x81942befbb59f4461a32af5c4798f72f58f6797f,UNI,0.3192451000213623
0x81942befbb59f4461a32af5c4798f72f58f6797f,USDT,0.6639789342880249
0x81942befbb59f4461a32af5c4798f72f58f6797f,XLM,0.582442045211792
0x81942befbb59f4461a32af5c4798f72f58f6797f,XMR,0.8318908214569092
0x81942befbb59f4461a32af5c4798f72f58f6797f,XRP,0.9981482028961182
0x81942befbb59f4461a32af5c4798f72f58f6797f,XTZ,0.5370560884475708
0x81942befbb59f4461a32af5c4798f72f58f6797f,XVS,0.5362976789474487
0x81942befbb59f4461a32af5c4798f72f58f6797f,YFI,0.5930782556533813
0x8a8e1c4e454e092fc19c6cca2034bd22b29781e7,AAVE,0.55398834
0x8a8e1c4e454e092fc19c6cca2034bd22b29781e7,ADA,0.54697305
0x8a8e1c4e454e092fc19c6cca2034bd22b29781e7,ALGO,0.549367
0x8a8e1c4e454e092fc19c6cca2034bd22b29781e7,APE,0.5457766
0x8a8e1c4e454e092fc19c6cca2034bd22b29781e7,APT,0.54165274
0x8a8e1c4e454e092fc19c6cca2034bd22b29781e7,ATOM,0.5430311
0x8a8e1c4e454e092fc19c6cca2034bd22b29781e7,AVAX,0.5507578
0x8a8e1c4e454e092fc19c6cca2034bd22b29781e7,AXS,0.53871375
0x8a8e1c4e454e092fc19c6cca2034bd22b29781e7,BAL,0.53597045
0x8a8e1c4e454e092fc19c6cca2034bd22b29781e7,BCH,0.5396361
0x8a8e1c4e454e092fc19c6cca2034bd22b29781e7,BLUR,0.5434141
0x8a8e1c4e454e092fc19c6cca2034bd22b29781e7,BNB,0.54903984
0x8a8e1c4e454e092fc19c6cca2034bd22b29781e7,BONK,0.5436868
0x8a8e1c4e454e092fc19c6cca2034bd22b29781e7,BTC,0.5509415
0x8a8e1c4e454e092fc19c6cca2034bd22b29781e7,C98,0.5445147
0x8a8e1c4e454e092fc19c6cca2034bd22b29781e7,CAKE,0.5460691
0x8a8e1c4e454e092fc19c6cca2034bd22b29781e7,COMP,0.5414009
0x8a8e1c4e454e092fc19c6cca2034bd22b29781e7,CRV,0.5481565
0x8a8e1c4e454e092fc19c6cca2034bd22b29781e7,CVX,0.54050106
0x8a8e1c4e454e092fc19c6cca2034bd22b29781e7,DAI,0.54548883
0x8a8e1c4e454e092fc19c6cca2034bd22b29781e7,DAO,0.5409011
0x8a8e1c4e454e092fc19c6cca2034bd22b29781e7,DOGE,0.5486324
0x8a8e1c4e454e092fc19c6cca2034bd22b29781e7,DOT,0.54371
0x8a8e1c4e454e092fc19c6cca2034bd22b29781e7,DYDX,0.5419782
0x8a8e1c4e454e092fc19c6cca2034bd22b29781e7,EOS,0.5486341
0x8a8e1c4e454e092fc19c6cca2034bd22b29781e7,ETC,0.54763603
0x8a8e1c4e454e092fc19c6cca2034bd22b29781e7,ETH,0.5485465
0x8a8e1c4e454e092fc19c6cca2034bd22b29781e7,FET,0.54284114
0x8a8e1c4e454e092fc19c6cca2034bd22b29781e7,FIL,0.5410559
0x8a8e1c4e454e092fc19c6cca2034bd22b29781e7,FRAX,0.5397634
0x8a8e1c4e454e092fc19c6cca2034bd22b29781e7,FTM,0.5512465
0x8a8e1c4e454e092fc19c6cca2034bd22b29781e7,FXS,0.5401255
0x8a8e1c4e454e092fc19c6cca2034bd22b29781e7,GRT,0.5354054
0x8a8e1c4e454e092fc19c6cca2034bd22b29781e7,HAI,0.5368232
0x8a8e1c4e454e092fc19c6cca2034bd22b29781e7,HERO,0.54097325
0x8a8e1c4e454e092fc19c6cca2034bd22b29781e7,ICP,0.54769623
0x8a8e1c4e454e092fc19c6cca2034bd22b29781e7,IMX,0.54336864
0x8a8e1c4e454e092fc19c6cca2034bd22b29781e7,INJ,0.5362032
0x8a8e1c4e454e092fc19c6cca2034bd22b29781e7,LDO,0.54182
0x8a8e1c4e454e092fc19c6cca2034bd22b29781e7,LINK,0.5499866
0x8a8e1c4e454e092fc19c6cca2034bd22b29781e7,LTC,0.54812604
0x8a8e1c4e454e092fc19c6cca2034bd22b29781e7,MATIC,0.53740215
0x8a8e1c4e454e092fc19c6cca2034bd22b29781e7,MAV,0.5389629
0x8a8e1c4e454e092fc19c6cca2034bd22b29781e7,MBOX,0.5411223
0x8a8e1c4e454e092fc19c6cca2034bd22b29781e7,MKR,0.53777474
0x8a8e1c4e454e092fc19c6cca2034bd22b29781e7,MOON,0.54511565
0x8a8e1c4e454e092fc19c6cca2034bd22b29781e7,NEAR,0.54307497
0x8a8e1c4e454e092fc19c6cca2034bd22b29781e7,OP,0.5516956
0x8a8e1c4e454e092fc19c6cca2034bd22b29781e7,PENDLE,0.54166806
0x8a8e1c4e454e092fc19c6cca2034bd22b29781e7,PEPE,0.53419006
0x8a8e1c4e454e092fc19c6cca2034bd22b29781e7,PERP,0.53711915
0x8a8e1c4e454e092fc19c6cca2034bd22b29781e7,PIT,0.541993
0x8a8e1c4e454e092fc19c6cca2034bd22b29781e7,POLS,0.54268533
0x8a8e1c4e454e092fc19c6cca2034bd22b29781e7,PYTH,0.5436673
0x8a8e1c4e454e092fc19c6cca2034bd22b29781e7,QUACK,0.5444208
0x8a8e1c4e454e092fc19c6cca2034bd22b29781e7,RDNT,0.5394297
0x8a8e1c4e454e092fc19c6cca2034bd22b29781e7,RNDR,0.54149365
0x8a8e1c4e454e092fc19c6cca2034bd22b29781e7,RPL,0.54154515
0x8a8e1c4e454e092fc19c6cca2034bd22b29781e7,RUNE,0.54118335
0x8a8e1c4e454e092fc19c6cca2034bd22b29781e7,SFP,0.5375993
0x8a8e1c4e454e092fc19c6cca2034bd22b29781e7,SFUND,0.54084074
0x8a8e1c4e454e092fc19c6cca2034bd22b29781e7,SHIB,0.541225
0x8a8e1c4e454e092fc19c6cca2034bd22b29781e7,SOL,0.5510533
0x8a8e1c4e454e092fc19c6cca2034bd22b29781e7,STG,0.5400658
0x8a8e1c4e454e092fc19c6cca2034bd22b29781e7,SUI,0.5389034
0x8a8e1c4e454e092fc19c6cca2034bd22b29781e7,SUSHI,0.54492176
0x8a8e1c4e454e092fc19c6cca2034bd22b29781e7,TIA,0.54141486
0x8a8e1c4e454e092fc19c6cca2034bd22b29781e7,TOKEN,0.54127485
0x8a8e1c4e454e092fc19c6cca2034bd22b29781e7,TRX,0.5570646
0x8a8e1c4e454e092fc19c6cca2034bd22b29781e7,UNI,0.5407807
0x8a8e1c4e454e092fc19c6cca2034bd22b29781e7,USDT,0.54687726
0x8a8e1c4e454e092fc19c6cca2034bd22b29781e7,XLM,0.5457602
0x8a8e1c4e454e092fc19c6cca2034bd22b29781e7,XMR,0.5492762
0x8a8e1c4e454e092fc19c6cca2034bd22b29781e7,XRP,0.54389495
0x8a8e1c4e454e092fc19c6cca2034bd22b29781e7,XTZ,0.5377385
0x8a8e1c4e454e092fc19c6cca2034bd22b29781e7,XVS,0.54439235
0x8a8e1c4e454e092fc19c6cca2034bd22b29781e7,YFI,0.54552734
0x904d35c124326ce0741d7b6c63b66a12fbeabcc5,AAVE,0.5823955535888672
0x904d35c124326ce0741d7b6c63b66a12fbeabcc5,ADA,0.2917537689208984
0x904d35c124326ce0741d7b6c63b66a12fbeabcc5,ALGO,0.3749561309814453
0x904d35c124326ce0741d7b6c63b66a12fbeabcc5,APE,0.3064918518066406
0x904d35c124326ce0741d7b6c63b66a12fbeabcc5,APT,0.253061294555664
0x904d35c124326ce0741d7b6c63b66a12fbeabcc5,ATOM,0.3520965576171875
0x904d35c124326ce0741d7b6c63b66a12fbeabcc5,AVAX,0.3999214172363281
0x904d35c124326ce0741d7b6c63b66a12fbeabcc5,AXS,0.3686103820800781
0x904d35c124326ce0741d7b6c63b66a12fbeabcc5,BAL,0.2922687530517578
0x904d35c124326ce0741d7b6c63b66a12fbeabcc5,BCH,0.5752983093261719
0x904d35c124326ce0741d7b6c63b66a12fbeabcc5,BLUR,0.0950698852539062
0x904d35c124326ce0741d7b6c63b66a12fbeabcc5,BNB,0.7969760894775391
0x904d35c124326ce0741d7b6c63b66a12fbeabcc5,BONK,0.1376838684082031
0x904d35c124326ce0741d7b6c63b66a12fbeabcc5,BTC,0.6950836181640625
0x904d35c124326ce0741d7b6c63b66a12fbeabcc5,C98,0.2217864990234375
0x904d35c124326ce0741d7b6c63b66a12fbeabcc5,CAKE,0.4274806976318359
0x904d35c124326ce0741d7b6c63b66a12fbeabcc5,COMP,0.4498462677001953
0x904d35c124326ce0741d7b6c63b66a12fbeabcc5,CRV,0.3906688690185547
0x904d35c124326ce0741d7b6c63b66a12fbeabcc5,CVX,0.3002204895019531
0x904d35c124326ce0741d7b6c63b66a12fbeabcc5,DAI,0.9544429779052734
0x904d35c124326ce0741d7b6c63b66a12fbeabcc5,DAO,0.1411647796630859
0x904d35c124326ce0741d7b6c63b66a12fbeabcc5,DOGE,0.4570064544677734
0x904d35c124326ce0741d7b6c63b66a12fbeabcc5,DOT,0.263580322265625
0x904d35c124326ce0741d7b6c63b66a12fbeabcc5,DYDX,0.1963996887207031
0x904d35c124326ce0741d7b6c63b66a12fbeabcc5,EOS,0.2396965026855468
0x904d35c124326ce0741d7b6c63b66a12fbeabcc5,ETC,0.4466972351074219
0x904d35c124326ce0741d7b6c63b66a12fbeabcc5,ETH,0.6878471374511719
0x904d35c124326ce0741d7b6c63b66a12fbeabcc5,FET,0.1939716339111328
0x904d35c124326ce0741d7b6c63b66a12fbeabcc5,FIL,0.2426490783691406
0x904d35c124326ce0741d7b6c63b66a12fbeabcc5,FRAX,0.8770732879638672
0x904d35c124326ce0741d7b6c63b66a12fbeabcc5,FTM,0.3020992279052734
0x904d35c124326ce0741d7b6c63b66a12fbeabcc5,FXS,0.1378440856933593
0x904d35c124326ce0741d7b6c63b66a12fbeabcc5,GRT,0.2236499786376953
0x904d35c124326ce0741d7b6c63b66a12fbeabcc5,HAI,0.2613544464111328
0x904d35c124326ce0741d7b6c63b66a12fbeabcc5,HERO,0.3680152893066406
0x904d35c124326ce0741d7b6c63b66a12fbeabcc5,ICP,0.325265884399414
0x904d35c124326ce0741d7b6c63b66a12fbeabcc5,IMX,0.1608505249023437
0x904d35c124326ce0741d7b6c63b66a12fbeabcc5,INJ,0.2444648742675781
0x904d35c124326ce0741d7b6c63b66a12fbeabcc5,LDO,0.2106971740722656
0x904d35c124326ce0741d7b6c63b66a12fbeabcc5,LINK,0.4370384216308594
0x904d35c124326ce0741d7b6c63b66a12fbeabcc5,LTC,0.7032318115234375
0x904d35c124326ce0741d7b6c63b66a12fbeabcc5,MATIC,0.2178173065185547
0x904d35c124326ce0741d7b6c63b66a12fbeabcc5,MAV,0.1915607452392578
0x904d35c124326ce0741d7b6c63b66a12fbeabcc5,MBOX,0.2398433685302734
0x904d35c124326ce0741d7b6c63b66a12fbeabcc5,MKR,0.5096359252929688
0x904d35c124326ce0741d7b6c63b66a12fbeabcc5,MOON,0.1918144226074218
0x904d35c124326ce0741d7b6c63b66a12fbeabcc5,NEAR,0.3047294616699219
0x904d35c124326ce0741d7b6c63b66a12fbeabcc5,OP,0.3185501098632812
0x904d35c124326ce0741d7b6c63b66a12fbeabcc5,PENDLE,0.3322315216064453
0x904d35c124326ce0741d7b6c63b66a12fbeabcc5,PEPE,0.2770824432373047
0x904d35c124326ce0741d7b6c63b66a12fbeabcc5,PERP,0.2000770568847656
0x904d35c124326ce0741d7b6c63b66a12fbeabcc5,PIT,0.3735275268554687
0x904d35c124326ce0741d7b6c63b66a12fbeabcc5,POLS,0.2028331756591797
0x904d35c124326ce0741d7b6c63b66a12fbeabcc5,PYTH,0.0858135223388671
0x904d35c124326ce0741d7b6c63b66a12fbeabcc5,QUACK,0.3619918823242187
0x904d35c124326ce0741d7b6c63b66a12fbeabcc5,RDNT,0.221231460571289
0x904d35c124326ce0741d7b6c63b66a12fbeabcc5,RNDR,0.2728195190429687
0x904d35c124326ce0741d7b6c63b66a12fbeabcc5,RPL,0.0
0x904d35c124326ce0741d7b6c63b66a12fbeabcc5,RUNE,0.2851848602294922
0x904d35c124326ce0741d7b6c63b66a12fbeabcc5,SFP,0.3574352264404297
0x904d35c124326ce0741d7b6c63b66a12fbeabcc5,SFUND,0.2495689392089843
0x904d35c124326ce0741d7b6c63b66a12fbeabcc5,SHIB,0.3009815216064453
0x904d35c124326ce0741d7b6c63b66a12fbeabcc5,SOL,0.7824726104736328
0x904d35c124326ce0741d7b6c63b66a12fbeabcc5,STG,0.343729019165039
0x904d35c124326ce0741d7b6c63b66a12fbeabcc5,SUI,0.3314094543457031
0x904d35c124326ce0741d7b6c63b66a12fbeabcc5,SUSHI,0.2726573944091797
0x904d35c124326ce0741d7b6c63b66a12fbeabcc5,TIA,0.1288433074951172
0x904d35c124326ce0741d7b6c63b66a12fbeabcc5,TOKEN,0.1614341735839843
0x904d35c124326ce0741d7b6c63b66a12fbeabcc5,TRX,0.9026050567626952
0x904d35c124326ce0741d7b6c63b66a12fbeabcc5,UNI,0.3315811157226562
0x904d35c124326ce0741d7b6c63b66a12fbeabcc5,USDT,1.0
0x904d35c124326ce0741d7b6c63b66a12fbeabcc5,XLM,0.4755229949951172
0x904d35c124326ce0741d7b6c63b66a12fbeabcc5,XMR,0.8013134002685547
0x904d35c124326ce0741d7b6c63b66a12fbeabcc5,XRP,0.6562328338623047
0x904d35c124326ce0741d7b6c63b66a12fbeabcc5,XTZ,0.3675193786621094
0x904d35c124326ce0741d7b6c63b66a12fbeabcc5,XVS,0.3697719573974609
0x904d35c124326ce0741d7b6c63b66a12fbeabcc5,YFI,0.3764114379882812
0x95129c9fe9aff2c537db3633906a56c29ff9ea06,AAVE,0.6858015060424805
0x95129c9fe9aff2c537db3633906a56c29ff9ea06,ADA,0.4710897803306579
0x95129c9fe9aff2c537db3633906a56c29ff9ea06,ALGO,0.4872649610042572
0x95129c9fe9aff2c537db3633906a56c29ff9ea06,APE,0.3823826313018799
0x95129c9fe9aff2c537db3633906a56c29ff9ea06,APT,0.3974457085132599
0x95129c9fe9aff2c537db3633906a56c29ff9ea06,ATOM,0.4127156138420105
0x95129c9fe9aff2c537db3633906a56c29ff9ea06,AVAX,0.4737206995487213
0x95129c9fe9aff2c537db3633906a56c29ff9ea06,AXS,0.3869021832942962
0x95129c9fe9aff2c537db3633906a56c29ff9ea06,BAL,0.5120785236358643
0x95129c9fe9aff2c537db3633906a56c29ff9ea06,BCH,0.8231902718544006
0x95129c9fe9aff2c537db3633906a56c29ff9ea06,BLUR,0.2752364575862884
0x95129c9fe9aff2c537db3633906a56c29ff9ea06,BNB,1.0
0x95129c9fe9aff2c537db3633906a56c29ff9ea06,BONK,0.2841786444187164
0x95129c9fe9aff2c537db3633906a56c29ff9ea06,BTC,0.9823167324066162
0x95129c9fe9aff2c537db3633906a56c29ff9ea06,C98,0.3021874129772186
0x95129c9fe9aff2c537db3633906a56c29ff9ea06,CAKE,0.5178096890449524
0x95129c9fe9aff2c537db3633906a56c29ff9ea06,COMP,0.5110622644424438
0x95129c9fe9aff2c537db3633906a56c29ff9ea06,CRV,0.4392535984516144
0x95129c9fe9aff2c537db3633906a56c29ff9ea06,CVX,0.3772442042827606
0x95129c9fe9aff2c537db3633906a56c29ff9ea06,DAI,0.995056927204132
0x95129c9fe9aff2c537db3633906a56c29ff9ea06,DAO,0.1586323529481887
0x95129c9fe9aff2c537db3633906a56c29ff9ea06,DOGE,0.5145586729049683
0x95129c9fe9aff2c537db3633906a56c29ff9ea06,DOT,0.4059450924396515
0x95129c9fe9aff2c537db3633906a56c29ff9ea06,DYDX,0.3305439949035644
0x95129c9fe9aff2c537db3633906a56c29ff9ea06,EOS,0.3219434916973114
0x95129c9fe9aff2c537db3633906a56c29ff9ea06,ETC,0.5606112480163574
0x95129c9fe9aff2c537db3633906a56c29ff9ea06,ETH,0.9024243354797364
0x95129c9fe9aff2c537db3633906a56c29ff9ea06,FET,0.2972384691238403
0x95129c9fe9aff2c537db3633906a56c29ff9ea06,FIL,0.344732403755188
0x95129c9fe9aff2c537db3633906a56c29ff9ea06,FRAX,0.9237047433853148
0x95129c9fe9aff2c537db3633906a56c29ff9ea06,FTM,0.3471379280090332
0x95129c9fe9aff2c537db3633906a56c29ff9ea06,FXS,0.2265692055225372
0x95129c9fe9aff2c537db3633906a56c29ff9ea06,GRT,0.3518677651882171
0x95129c9fe9aff2c537db3633906a56c29ff9ea06,HAI,0.3746898770332336
0x95129c9fe9aff2c537db3633906a56c29ff9ea06,HERO,0.533978283405304
0x95129c9fe9aff2c537db3633906a56c29ff9ea06,ICP,0.3386304676532745
0x95129c9fe9aff2c537db3633906a56c29ff9ea06,IMX,0.2485182732343673
0x95129c9fe9aff2c537db3633906a56c29ff9ea06,INJ,0.2709960043430328
0x95129c9fe9aff2c537db3633906a56c29ff9ea06,LDO,0.2925507426261902
0x95129c9fe9aff2c537db3633906a56c29ff9ea06,LINK,0.53703773021698
0x95129c9fe9aff2c537db3633906a56c29ff9ea06,LTC,0.9392858147621156
0x95129c9fe9aff2c537db3633906a56c29ff9ea06,MATIC,0.316106766462326
0x95129c9fe9aff2c537db3633906a56c29ff9ea06,MAV,0.2774211466312408
0x95129c9fe9aff2c537db3633906a56c29ff9ea06,MBOX,0.3427358567714691
0x95129c9fe9aff2c537db3633906a56c29ff9ea06,MKR,0.5713390111923218
0x95129c9fe9aff2c537db3633906a56c29ff9ea06,MOON,0.2510702610015869
0x95129c9fe9aff2c537db3633906a56c29ff9ea06,NEAR,0.372416615486145
0x95129c9fe9aff2c537db3633906a56c29ff9ea06,OP,0.5495210886001587
0x95129c9fe9aff2c537db3633906a56c29ff9ea06,PENDLE,0.4497081637382507
0x95129c9fe9aff2c537db3633906a56c29ff9ea06,PEPE,0.3431920111179352
0x95129c9fe9aff2c537db3633906a56c29ff9ea06,PERP,0.2635123133659363
0x95129c9fe9aff2c537db3633906a56c29ff9ea06,PIT,0.5130434036254883
0x95129c9fe9aff2c537db3633906a56c29ff9ea06,POLS,0.287276029586792
0x95129c9fe9aff2c537db3633906a56c29ff9ea06,PYTH,0.2407160848379135
0x95129c9fe9aff2c537db3633906a56c29ff9ea06,QUACK,0.6394161581993103
0x95129c9fe9aff2c537db3633906a56c29ff9ea06,RDNT,0.2734215855598449
0x95129c9fe9aff2c537db3633906a56c29ff9ea06,RNDR,0.3200279772281647
0x95129c9fe9aff2c537db3633906a56c29ff9ea06,RPL,0.0
0x95129c9fe9aff2c537db3633906a56c29ff9ea06,RUNE,0.3618771731853485
0x95129c9fe9aff2c537db3633906a56c29ff9ea06,SFP,0.5506605505943298
0x95129c9fe9aff2c537db3633906a56c29ff9ea06,SFUND,0.2382619976997375
0x95129c9fe9aff2c537db3633906a56c29ff9ea06,SHIB,0.514014720916748
0x95129c9fe9aff2c537db3633906a56c29ff9ea06,SOL,0.9272429943084716
0x95129c9fe9aff2c537db3633906a56c29ff9ea06,STG,0.4411791563034057
0x95129c9fe9aff2c537db3633906a56c29ff9ea06,SUI,0.4090912938117981
0x95129c9fe9aff2c537db3633906a56c29ff9ea06,SUSHI,0.3375389575958252
0x95129c9fe9aff2c537db3633906a56c29ff9ea06,TIA,0.2292562574148178
0x95129c9fe9aff2c537db3633906a56c29ff9ea06,TOKEN,0.2429836690425872
0x95129c9fe9aff2c537db3633906a56c29ff9ea06,TRX,0.910163938999176
0x95129c9fe9aff2c537db3633906a56c29ff9ea06,UNI,0.4358708262443542
0x95129c9fe9aff2c537db3633906a56c29ff9ea06,USDT,0.9631725549697876
0x95129c9fe9aff2c537db3633906a56c29ff9ea06,XLM,0.5674120783805847
0x95129c9fe9aff2c537db3633906a56c29ff9ea06,XMR,0.9304482340812684
0x95129c9fe9aff2c537db3633906a56c29ff9ea06,XRP,0.8531228303909302
0x95129c9fe9aff2c537db3633906a56c29ff9ea06,XTZ,0.5154764652252197
0x95129c9fe9aff2c537db3633906a56c29ff9ea06,XVS,0.575867772102356
0x95129c9fe9aff2c537db3633906a56c29ff9ea06,YFI,0.5936411619186401
0x98e41d65e981a882afcb05d41939197da3465b6f,AAVE,0.5663881
0x98e41d65e981a882afcb05d41939197da3465b6f,ADA,0.5180444
0x98e41d65e981a882afcb05d41939197da3465b6f,ALGO,0.55467683
0x98e41d65e981a882afcb05d41939197da3465b6f,APE,0.52744967
0x98e41d65e981a882afcb05d41939197da3465b6f,APT,0.47206956
0x98e41d65e981a882afcb05d41939197da3465b6f,ATOM,0.51484025
0x98e41d65e981a882afcb05d41939197da3465b6f,AVAX,0.52122086
0x98e41d65e981a882afcb05d41939197da3465b6f,AXS,0.49991763
0x98e41d65e981a882afcb05d41939197da3465b6f,BAL,0.5160536
0x98e41d65e981a882afcb05d41939197da3465b6f,BCH,0.4824279
0x98e41d65e981a882afcb05d41939197da3465b6f,BLUR,0.5297008
0x98e41d65e981a882afcb05d41939197da3465b6f,BNB,0.53895986
0x98e41d65e981a882afcb05d41939197da3465b6f,BONK,0.5359983
0x98e41d65e981a882afcb05d41939197da3465b6f,BTC,0.56396353
0x98e41d65e981a882afcb05d41939197da3465b6f,C98,0.41956574
0x98e41d65e981a882afcb05d41939197da3465b6f,CAKE,0.53336966
0x98e41d65e981a882afcb05d41939197da3465b6f,COMP,0.52929765
0x98e41d65e981a882afcb05d41939197da3465b6f,CRV,0.51771814
0x98e41d65e981a882afcb05d41939197da3465b6f,CVX,0.4788481
0x98e41d65e981a882afcb05d41939197da3465b6f,DAI,0.6382532
0x98e41d65e981a882afcb05d41939197da3465b6f,DAO,0.38444704
0x98e41d65e981a882afcb05d41939197da3465b6f,DOGE,0.53505147
0x98e41d65e981a882afcb05d41939197da3465b6f,DOT,0.43299082
0x98e41d65e981a882afcb05d41939197da3465b6f,DYDX,0.53654146
0x98e41d65e981a882afcb05d41939197da3465b6f,EOS,0.51253706
0x98e41d65e981a882afcb05d41939197da3465b6f,ETC,0.5351804
0x98e41d65e981a882afcb05d41939197da3465b6f,ETH,0.566035
0x98e41d65e981a882afcb05d41939197da3465b6f,FET,0.51601094
0x98e41d65e981a882afcb05d41939197da3465b6f,FIL,0.4998981
0x98e41d65e981a882afcb05d41939197da3465b6f,FRAX,0.68328834
0x98e41d65e981a882afcb05d41939197da3465b6f,FTM,0.52822626
0x98e41d65e981a882afcb05d41939197da3465b6f,FXS,0.50761265
0x98e41d65e981a882afcb05d41939197da3465b6f,GRT,0.5371239
0x98e41d65e981a882afcb05d41939197da3465b6f,HAI,0.50096333
0x98e41d65e981a882afcb05d41939197da3465b6f,HERO,0.52332073
0x98e41d65e981a882afcb05d41939197da3465b6f,ICP,0.48397696
0x98e41d65e981a882afcb05d41939197da3465b6f,IMX,0.515138
0x98e41d65e981a882afcb05d41939197da3465b6f,INJ,0.5395674
0x98e41d65e981a882afcb05d41939197da3465b6f,LDO,0.5295307
0x98e41d65e981a882afcb05d41939197da3465b6f,LINK,0.55255306
0x98e41d65e981a882afcb05d41939197da3465b6f,LTC,0.56524175
0x98e41d65e981a882afcb05d41939197da3465b6f,MATIC,0.5223856
0x98e41d65e981a882afcb05d41939197da3465b6f,MAV,0.51272774
0x98e41d65e981a882afcb05d41939197da3465b6f,MBOX,0.52526987
0x98e41d65e981a882afcb05d41939197da3465b6f,MKR,0.59127915
0x98e41d65e981a882afcb05d41939197da3465b6f,MOON,0.47850347
0x98e41d65e981a882afcb05d41939197da3465b6f,NEAR,0.46233168
0x98e41d65e981a882afcb05d41939197da3465b6f,OP,0.519229
0x98e41d65e981a882afcb05d41939197da3465b6f,PENDLE,0.48760596
0x98e41d65e981a882afcb05d41939197da3465b6f,PEPE,0.49992105
0x98e41d65e981a882afcb05d41939197da3465b6f,PERP,0.2539497
0x98e41d65e981a882afcb05d41939197da3465b6f,PIT,0.54840124
0x98e41d65e981a882afcb05d41939197da3465b6f,POLS,0.53424436
0x98e41d65e981a882afcb05d41939197da3465b6f,PYTH,0.5048598
0x98e41d65e981a882afcb05d41939197da3465b6f,QUACK,0.43604863
0x98e41d65e981a882afcb05d41939197da3465b6f,RDNT,0.5099673
0x98e41d65e981a882afcb05d41939197da3465b6f,RNDR,0.52407485
0x98e41d65e981a882afcb05d41939197da3465b6f,RPL,0.45331305
0x98e41d65e981a882afcb05d41939197da3465b6f,RUNE,0.5229305
0x98e41d65e981a882afcb05d41939197da3465b6f,SFP,0.5191223
0x98e41d65e981a882afcb05d41939197da3465b6f,SFUND,0.47374418
0x98e41d65e981a882afcb05d41939197da3465b6f,SHIB,0.54554206
0x98e41d65e981a882afcb05d41939197da3465b6f,SOL,0.55364525
0x98e41d65e981a882afcb05d41939197da3465b6f,STG,0.42844287
0x98e41d65e981a882afcb05d41939197da3465b6f,SUI,0.5348751
0x98e41d65e981a882afcb05d41939197da3465b6f,SUSHI,0.53075004
0x98e41d65e981a882afcb05d41939197da3465b6f,TIA,0.49456754
0x98e41d65e981a882afcb05d41939197da3465b6f,TOKEN,0.5126832
0x98e41d65e981a882afcb05d41939197da3465b6f,TRX,0.5737284
0x98e41d65e981a882afcb05d41939197da3465b6f,UNI,0.49210957
0x98e41d65e981a882afcb05d41939197da3465b6f,USDT,0.63413715
0x98e41d65e981a882afcb05d41939197da3465b6f,XLM,0.5311938
0x98e41d65e981a882afcb05d41939197da3465b6f,XMR,0.55992854
0x98e41d65e981a882afcb05d41939197da3465b6f,XRP,0.5510894
0x98e41d65e981a882afcb05d41939197da3465b6f,XTZ,0.5319413
0x98e41d65e981a882afcb05d41939197da3465b6f,XVS,0.5039196
0x98e41d65e981a882afcb05d41939197da3465b6f,YFI,0.53467786
0x9977891dd3be0d14082c0ac6624b808a951fd567,AAVE,0.7249679565429688
0x9977891dd3be0d14082c0ac6624b808a951fd567,ADA,0.4562408924102783
0x9977891dd3be0d14082c0ac6624b808a951fd567,ALGO,0.4433116912841797
0x9977891dd3be0d14082c0ac6624b808a951fd567,APE,0.2951655387878418
0x9977891dd3be0d14082c0ac6624b808a951fd567,APT,0.3361694812774658
0x9977891dd3be0d14082c0ac6624b808a951fd567,ATOM,0.3716270923614502
0x9977891dd3be0d14082c0ac6624b808a951fd567,AVAX,0.3887584209442138
0x9977891dd3be0d14082c0ac6624b808a951fd567,AXS,0.373429536819458
0x9977891dd3be0d14082c0ac6624b808a951fd567,BAL,0.5122642517089844
0x9977891dd3be0d14082c0ac6624b808a951fd567,BCH,0.9071035385131836
0x9977891dd3be0d14082c0ac6624b808a951fd567,BLUR,0.2273967266082763
0x9977891dd3be0d14082c0ac6624b808a951fd567,BNB,0.9484634399414062
0x9977891dd3be0d14082c0ac6624b808a951fd567,BONK,0.2455251216888427
0x9977891dd3be0d14082c0ac6624b808a951fd567,BTC,1.0
0x9977891dd3be0d14082c0ac6624b808a951fd567,C98,0.2513620853424072
0x9977891dd3be0d14082c0ac6624b808a951fd567,CAKE,0.4796442985534668
0x9977891dd3be0d14082c0ac6624b808a951fd567,COMP,0.4240038394927978
0x9977891dd3be0d14082c0ac6624b808a951fd567,CRV,0.395158052444458
0x9977891dd3be0d14082c0ac6624b808a951fd567,CVX,0.3470146656036377
0x9977891dd3be0d14082c0ac6624b808a951fd567,DAI,0.9558122158050536
0x9977891dd3be0d14082c0ac6624b808a951fd567,DAO,0.0836098194122314
0x9977891dd3be0d14082c0ac6624b808a951fd567,DOGE,0.5086333751678467
0x9977891dd3be0d14082c0ac6624b808a951fd567,DOT,0.3290798664093017
0x9977891dd3be0d14082c0ac6624b808a951fd567,DYDX,0.2383272647857666
0x9977891dd3be0d14082c0ac6624b808a951fd567,EOS,0.246330976486206
0x9977891dd3be0d14082c0ac6624b808a951fd567,ETC,0.6127257347106934
0x9977891dd3be0d14082c0ac6624b808a951fd567,ETH,0.8713498115539551
0x9977891dd3be0d14082c0ac6624b808a951fd567,FET,0.2349581718444824
0x9977891dd3be0d14082c0ac6624b808a951fd567,FIL,0.3062374591827392
0x9977891dd3be0d14082c0ac6624b808a951fd567,FRAX,0.9426276683807372
0x9977891dd3be0d14082c0ac6624b808a951fd567,FTM,0.2864515781402588
0x9977891dd3be0d14082c0ac6624b808a951fd567,FXS,0.1715130805969238
0x9977891dd3be0d14082c0ac6624b808a951fd567,GRT,0.3503901958465576
0x9977891dd3be0d14082c0ac6624b808a951fd567,HAI,0.3259356021881103
0x9977891dd3be0d14082c0ac6624b808a951fd567,HERO,0.4521334171295166
0x9977891dd3be0d14082c0ac6624b808a951fd567,ICP,0.3190438747406006
0x9977891dd3be0d14082c0ac6624b808a951fd567,IMX,0.2126047611236572
0x9977891dd3be0d14082c0ac6624b808a951fd567,INJ,0.2863047122955322
0x9977891dd3be0d14082c0ac6624b808a951fd567,LDO,0.2491049766540527
0x9977891dd3be0d14082c0ac6624b808a951fd567,LINK,0.5695133209228516
0x9977891dd3be0d14082c0ac6624b808a951fd567,LTC,0.852142333984375
0x9977891dd3be0d14082c0ac6624b808a951fd567,MATIC,0.2383065223693847
0x9977891dd3be0d14082c0ac6624b808a951fd567,MAV,0.2331368923187255
0x9977891dd3be0d14082c0ac6624b808a951fd567,MBOX,0.2923128604888916
0x9977891dd3be0d14082c0ac6624b808a951fd567,MKR,0.5433564186096191
0x9977891dd3be0d14082c0ac6624b808a951fd567,MOON,0.2231931686401367
0x9977891dd3be0d14082c0ac6624b808a951fd567,NEAR,0.3056008815765381
0x9977891dd3be0d14082c0ac6624b808a951fd567,OP,0.6817500591278076
0x9977891dd3be0d14082c0ac6624b808a951fd567,PENDLE,0.518017053604126
0x9977891dd3be0d14082c0ac6624b808a951fd567,PEPE,0.3986616134643554
0x9977891dd3be0d14082c0ac6624b808a951fd567,PERP,0.1775205135345459
0x9977891dd3be0d14082c0ac6624b808a951fd567,PIT,0.4551684856414795
0x9977891dd3be0d14082c0ac6624b808a951fd567,POLS,0.1901137828826904
0x9977891dd3be0d14082c0ac6624b808a951fd567,PYTH,0.1394870281219482
0x9977891dd3be0d14082c0ac6624b808a951fd567,QUACK,0.7534475326538086
0x9977891dd3be0d14082c0ac6624b808a951fd567,RDNT,0.2389039993286132
0x9977891dd3be0d14082c0ac6624b808a951fd567,RNDR,0.3245184421539306
0x9977891dd3be0d14082c0ac6624b808a951fd567,RPL,0.0
0x9977891dd3be0d14082c0ac6624b808a951fd567,RUNE,0.3406314849853515
0x9977891dd3be0d14082c0ac6624b808a951fd567,SFP,0.5590476989746094
0x9977891dd3be0d14082c0ac6624b808a951fd567,SFUND,0.1743860244750976
0x9977891dd3be0d14082c0ac6624b808a951fd567,SHIB,0.4809825420379638
0x9977891dd3be0d14082c0ac6624b808a951fd567,SOL,0.8880093097686768
0x9977891dd3be0d14082c0ac6624b808a951fd567,STG,0.42934250831604
0x9977891dd3be0d14082c0ac6624b808a951fd567,SUI,0.4431135654449463
0x9977891dd3be0d14082c0ac6624b808a951fd567,SUSHI,0.3508777618408203
0x9977891dd3be0d14082c0ac6624b808a951fd567,TIA,0.1703784465789795
0x9977891dd3be0d14082c0ac6624b808a951fd567,TOKEN,0.2283174991607666
0x9977891dd3be0d14082c0ac6624b808a951fd567,TRX,0.8866641521453857
0x9977891dd3be0d14082c0ac6624b808a951fd567,UNI,0.3010051250457763
0x9977891dd3be0d14082c0ac6624b808a951fd567,USDT,0.8996012210845947
0x9977891dd3be0d14082c0ac6624b808a951fd567,XLM,0.5442192554473877
0x9977891dd3be0d14082c0ac6624b808a951fd567,XMR,0.9234521389007568
0x9977891dd3be0d14082c0ac6624b808a951fd567,XRP,0.9406960010528564
0x9977891dd3be0d14082c0ac6624b808a951fd567,XTZ,0.5068068504333496
0x9977891dd3be0d14082c0ac6624b808a951fd567,XVS,0.5829734802246094
0x9977891dd3be0d14082c0ac6624b808a951fd567,YFI,0.5679004192352295
0xa16107f011f2553fc45f714d1c5e84d703309297,AAVE,0.5394736842105263
0xa16107f011f2553fc45f714d1c5e84d703309297,ADA,0.5394736842105263
0xa16107f011f2553fc45f714d1c5e84d703309297,ALGO,0.5394736842105263
0xa16107f011f2553fc45f714d1c5e84d703309297,APE,0.5394736842105263
0xa16107f011f2553fc45f714d1c5e84d703309297,APT,0.0921052631578947
0xa16107f011f2553fc45f714d1c5e84d703309297,ATOM,0.5394736842105263
0xa16107f011f2553fc45f714d1c5e84d703309297,AVAX,0.5394736842105263
0xa16107f011f2553fc45f714d1c5e84d703309297,AXS,0.5394736842105263
0xa16107f011f2553fc45f714d1c5e84d703309297,BAL,0.5394736842105263
0xa16107f011f2553fc45f714d1c5e84d703309297,BCH,0.0526315789473684
0xa16107f011f2553fc45f714d1c5e84d703309297,BLUR,0.5394736842105263
0xa16107f011f2553fc45f714d1c5e84d703309297,BNB,0.5394736842105263
0xa16107f011f2553fc45f714d1c5e84d703309297,BONK,0.5394736842105263
0xa16107f011f2553fc45f714d1c5e84d703309297,BTC,0.5394736842105263
0xa16107f011f2553fc45f714d1c5e84d703309297,C98,0.5394736842105263
0xa16107f011f2553fc45f714d1c5e84d703309297,CAKE,0.5394736842105263
0xa16107f011f2553fc45f714d1c5e84d703309297,COMP,0.5394736842105263
0xa16107f011f2553fc45f714d1c5e84d703309297,CRV,0.5394736842105263
0xa16107f011f2553fc45f714d1c5e84d703309297,CVX,0.0131578947368421
0xa16107f011f2553fc45f714d1c5e84d703309297,DAI,0.5394736842105263
0xa16107f011f2553fc45f714d1c5e84d703309297,DAO,0.5394736842105263
0xa16107f011f2553fc45f714d1c5e84d703309297,DOGE,0.5394736842105263
0xa16107f011f2553fc45f714d1c5e84d703309297,DOT,0.0
0xa16107f011f2553fc45f714d1c5e84d703309297,DYDX,0.5394736842105263
0xa16107f011f2553fc45f714d1c5e84d703309297,EOS,0.5394736842105263
0xa16107f011f2553fc45f714d1c5e84d703309297,ETC,0.5394736842105263
0xa16107f011f2553fc45f714d1c5e84d703309297,ETH,0.5394736842105263
0xa16107f011f2553fc45f714d1c5e84d703309297,FET,0.5394736842105263
0xa16107f011f2553fc45f714d1c5e84d703309297,FIL,0.5394736842105263
0xa16107f011f2553fc45f714d1c5e84d703309297,FRAX,0.5394736842105263
0xa16107f011f2553fc45f714d1c5e84d703309297,FTM,0.986842105263158
0xa16107f011f2553fc45f714d1c5e84d703309297,FXS,0.5394736842105263
0xa16107f011f2553fc45f714d1c5e84d703309297,GRT,0.5394736842105263
0xa16107f011f2553fc45f714d1c5e84d703309297,HAI,0.5394736842105263
0xa16107f011f2553fc45f714d1c5e84d703309297,HERO,0.5394736842105263
0xa16107f011f2553fc45f714d1c5e84d703309297,ICP,0.5394736842105263
0xa16107f011f2553fc45f714d1c5e84d703309297,IMX,0.5394736842105263
0xa16107f011f2553fc45f714d1c5e84d703309297,INJ,0.5394736842105263
0xa16107f011f2553fc45f714d1c5e84d703309297,LDO,0.5394736842105263
0xa16107f011f2553fc45f714d1c5e84d703309297,LINK,0.5394736842105263
0xa16107f011f2553fc45f714d1c5e84d703309297,LTC,0.5394736842105263
0xa16107f011f2553fc45f714d1c5e84d703309297,MATIC,0.5394736842105263
0xa16107f011f2553fc45f714d1c5e84d703309297,MAV,0.5394736842105263
0xa16107f011f2553fc45f714d1c5e84d703309297,MBOX,0.5394736842105263
0xa16107f011f2553fc45f714d1c5e84d703309297,MKR,0.5394736842105263
0xa16107f011f2553fc45f714d1c5e84d703309297,MOON,0.0263157894736842
0xa16107f011f2553fc45f714d1c5e84d703309297,NEAR,0.5394736842105263
0xa16107f011f2553fc45f714d1c5e84d703309297,OP,0.5394736842105263
0xa16107f011f2553fc45f714d1c5e84d703309297,PENDLE,0.5394736842105263
0xa16107f011f2553fc45f714d1c5e84d703309297,PEPE,0.5394736842105263
0xa16107f011f2553fc45f714d1c5e84d703309297,PERP,0.0789473684210526
0xa16107f011f2553fc45f714d1c5e84d703309297,PIT,0.5394736842105263
0xa16107f011f2553fc45f714d1c5e84d703309297,POLS,0.5394736842105263
0xa16107f011f2553fc45f714d1c5e84d703309297,PYTH,0.5394736842105263
0xa16107f011f2553fc45f714d1c5e84d703309297,QUACK,0.5394736842105263
0xa16107f011f2553fc45f714d1c5e84d703309297,RDNT,0.5394736842105263
0xa16107f011f2553fc45f714d1c5e84d703309297,RNDR,0.5394736842105263
0xa16107f011f2553fc45f714d1c5e84d703309297,RPL,0.5394736842105263
0xa16107f011f2553fc45f714d1c5e84d703309297,RUNE,0.5394736842105263
0xa16107f011f2553fc45f714d1c5e84d703309297,SFP,0.5394736842105263
0xa16107f011f2553fc45f714d1c5e84d703309297,SFUND,0.5394736842105263
0xa16107f011f2553fc45f714d1c5e84d703309297,SHIB,0.5394736842105263
0xa16107f011f2553fc45f714d1c5e84d703309297,SOL,0.0657894736842105
0xa16107f011f2553fc45f714d1c5e84d703309297,STG,0.5394736842105263
0xa16107f011f2553fc45f714d1c5e84d703309297,SUI,0.5394736842105263
0xa16107f011f2553fc45f714d1c5e84d703309297,SUSHI,0.5394736842105263
0xa16107f011f2553fc45f714d1c5e84d703309297,TIA,0.5394736842105263
0xa16107f011f2553fc45f714d1c5e84d703309297,TOKEN,0.5394736842105263
0xa16107f011f2553fc45f714d1c5e84d703309297,TRX,1.0
0xa16107f011f2553fc45f714d1c5e84d703309297,UNI,0.5394736842105263
0xa16107f011f2553fc45f714d1c5e84d703309297,USDT,0.5394736842105263
0xa16107f011f2553fc45f714d1c5e84d703309297,XLM,0.5394736842105263
0xa16107f011f2553fc45f714d1c5e84d703309297,XMR,0.0394736842105263
0xa16107f011f2553fc45f714d1c5e84d703309297,XRP,0.5394736842105263
0xa16107f011f2553fc45f714d1c5e84d703309297,XTZ,0.5394736842105263
0xa16107f011f2553fc45f714d1c5e84d703309297,XVS,0.5394736842105263
0xa16107f011f2553fc45f714d1c5e84d703309297,YFI,0.5394736842105263
0xa16a483a18f00a00b14b93438e8ad21f485b382f,AAVE,0.5381801
0xa16a483a18f00a00b14b93438e8ad21f485b382f,ADA,0.50853163
0xa16a483a18f00a00b14b93438e8ad21f485b382f,ALGO,0.54360455
0xa16a483a18f00a00b14b93438e8ad21f485b382f,APE,0.5386992
0xa16a483a18f00a00b14b93438e8ad21f485b382f,APT,0.47987717
0xa16a483a18f00a00b14b93438e8ad21f485b382f,ATOM,0.5213209
0xa16a483a18f00a00b14b93438e8ad21f485b382f,AVAX,0.5151305
0xa16a483a18f00a00b14b93438e8ad21f485b382f,AXS,0.4942288
0xa16a483a18f00a00b14b93438e8ad21f485b382f,BAL,0.507136
0xa16a483a18f00a00b14b93438e8ad21f485b382f,BCH,0.53240484
0xa16a483a18f00a00b14b93438e8ad21f485b382f,BLUR,0.5242713
0xa16a483a18f00a00b14b93438e8ad21f485b382f,BNB,0.54039735
0xa16a483a18f00a00b14b93438e8ad21f485b382f,BONK,0.5444727
0xa16a483a18f00a00b14b93438e8ad21f485b382f,BTC,0.57038665
0xa16a483a18f00a00b14b93438e8ad21f485b382f,C98,0.42378023
0xa16a483a18f00a00b14b93438e8ad21f485b382f,CAKE,0.5301269
0xa16a483a18f00a00b14b93438e8ad21f485b382f,COMP,0.527681
0xa16a483a18f00a00b14b93438e8ad21f485b382f,CRV,0.5118215
0xa16a483a18f00a00b14b93438e8ad21f485b382f,CVX,0.49902615
0xa16a483a18f00a00b14b93438e8ad21f485b382f,DAI,0.6483932
0xa16a483a18f00a00b14b93438e8ad21f485b382f,DAO,0.3650422
0xa16a483a18f00a00b14b93438e8ad21f485b382f,DOGE,0.53301245
0xa16a483a18f00a00b14b93438e8ad21f485b382f,DOT,0.44529337
0xa16a483a18f00a00b14b93438e8ad21f485b382f,DYDX,0.5303829
0xa16a483a18f00a00b14b93438e8ad21f485b382f,EOS,0.5247337
0xa16a483a18f00a00b14b93438e8ad21f485b382f,ETC,0.53224385
0xa16a483a18f00a00b14b93438e8ad21f485b382f,ETH,0.5639256
0xa16a483a18f00a00b14b93438e8ad21f485b382f,FET,0.5184706
0xa16a483a18f00a00b14b93438e8ad21f485b382f,FIL,0.509104
0xa16a483a18f00a00b14b93438e8ad21f485b382f,FRAX,0.6693219
0xa16a483a18f00a00b14b93438e8ad21f485b382f,FTM,0.5172572
0xa16a483a18f00a00b14b93438e8ad21f485b382f,FXS,0.52453876
0xa16a483a18f00a00b14b93438e8ad21f485b382f,GRT,0.5432019
0xa16a483a18f00a00b14b93438e8ad21f485b382f,HAI,0.50834346
0xa16a483a18f00a00b14b93438e8ad21f485b382f,HERO,0.5341247
0xa16a483a18f00a00b14b93438e8ad21f485b382f,ICP,0.49140435
0xa16a483a18f00a00b14b93438e8ad21f485b382f,IMX,0.5141224
0xa16a483a18f00a00b14b93438e8ad21f485b382f,INJ,0.5383188
0xa16a483a18f00a00b14b93438e8ad21f485b382f,LDO,0.5363523
0xa16a483a18f00a00b14b93438e8ad21f485b382f,LINK,0.53683084
0xa16a483a18f00a00b14b93438e8ad21f485b382f,LTC,0.55068344
0xa16a483a18f00a00b14b93438e8ad21f485b382f,MATIC,0.514003
0xa16a483a18f00a00b14b93438e8ad21f485b382f,MAV,0.5183082
0xa16a483a18f00a00b14b93438e8ad21f485b382f,MBOX,0.5153402
0xa16a483a18f00a00b14b93438e8ad21f485b382f,MKR,0.581892
0xa16a483a18f00a00b14b93438e8ad21f485b382f,MOON,0.5051379
0xa16a483a18f00a00b14b93438e8ad21f485b382f,NEAR,0.4553693
0xa16a483a18f00a00b14b93438e8ad21f485b382f,OP,0.5500866
0xa16a483a18f00a00b14b93438e8ad21f485b382f,PENDLE,0.47671053
0xa16a483a18f00a00b14b93438e8ad21f485b382f,PEPE,0.52800524
0xa16a483a18f00a00b14b93438e8ad21f485b382f,PERP,0.34704125
0xa16a483a18f00a00b14b93438e8ad21f485b382f,PIT,0.5512895
0xa16a483a18f00a00b14b93438e8ad21f485b382f,POLS,0.5232875
0xa16a483a18f00a00b14b93438e8ad21f485b382f,PYTH,0.5128461
0xa16a483a18f00a00b14b93438e8ad21f485b382f,QUACK,0.45158088
0xa16a483a18f00a00b14b93438e8ad21f485b382f,RDNT,0.50610775
0xa16a483a18f00a00b14b93438e8ad21f485b382f,RNDR,0.51533186
0xa16a483a18f00a00b14b93438e8ad21f485b382f,RPL,0.4779378
0xa16a483a18f00a00b14b93438e8ad21f485b382f,RUNE,0.5176068
0xa16a483a18f00a00b14b93438e8ad21f485b382f,SFP,0.5209956
0xa16a483a18f00a00b14b93438e8ad21f485b382f,SFUND,0.4797554
0xa16a483a18f00a00b14b93438e8ad21f485b382f,SHIB,0.5407931
0xa16a483a18f00a00b14b93438e8ad21f485b382f,SOL,0.54560393
0xa16a483a18f00a00b14b93438e8ad21f485b382f,STG,0.45069295
0xa16a483a18f00a00b14b93438e8ad21f485b382f,SUI,0.5446983
0xa16a483a18f00a00b14b93438e8ad21f485b382f,SUSHI,0.52676
0xa16a483a18f00a00b14b93438e8ad21f485b382f,TIA,0.5063032
0xa16a483a18f00a00b14b93438e8ad21f485b382f,TOKEN,0.52318054
0xa16a483a18f00a00b14b93438e8ad21f485b382f,TRX,0.56180876
0xa16a483a18f00a00b14b93438e8ad21f485b382f,UNI,0.49254477
0xa16a483a18f00a00b14b93438e8ad21f485b382f,USDT,0.630505
0xa16a483a18f00a00b14b93438e8ad21f485b382f,XLM,0.5268931
0xa16a483a18f00a00b14b93438e8ad21f485b382f,XMR,0.5343036
0xa16a483a18f00a00b14b93438e8ad21f485b382f,XRP,0.5461291
0xa16a483a18f00a00b14b93438e8ad21f485b382f,XTZ,0.5349424
0xa16a483a18f00a00b14b93438e8ad21f485b382f,XVS,0.4957206
0xa16a483a18f00a00b14b93438e8ad21f485b382f,YFI,0.54415065
0xb294a5316e76e84649a3b8ff0ff6ef9788595bed,AAVE,0.61177593
0xb294a5316e76e84649a3b8ff0ff6ef9788595bed,ADA,0.6876129
0xb294a5316e76e84649a3b8ff0ff6ef9788595bed,ALGO,0.66425705
0xb294a5316e76e84649a3b8ff0ff6ef9788595bed,APE,0.62202686
0xb294a5316e76e84649a3b8ff0ff6ef9788595bed,APT,0.5877366
0xb294a5316e76e84649a3b8ff0ff6ef9788595bed,ATOM,0.67601776
0xb294a5316e76e84649a3b8ff0ff6ef9788595bed,AVAX,0.6713413
0xb294a5316e76e84649a3b8ff0ff6ef9788595bed,AXS,0.5922775
0xb294a5316e76e84649a3b8ff0ff6ef9788595bed,BAL,0.60674644
0xb294a5316e76e84649a3b8ff0ff6ef9788595bed,BCH,0.6841102
0xb294a5316e76e84649a3b8ff0ff6ef9788595bed,BLUR,0.60545594
0xb294a5316e76e84649a3b8ff0ff6ef9788595bed,BNB,0.6674161
0xb294a5316e76e84649a3b8ff0ff6ef9788595bed,BONK,0.60607636
0xb294a5316e76e84649a3b8ff0ff6ef9788595bed,BTC,0.63416815
0xb294a5316e76e84649a3b8ff0ff6ef9788595bed,C98,0.5827751
0xb294a5316e76e84649a3b8ff0ff6ef9788595bed,CAKE,0.69625145
0xb294a5316e76e84649a3b8ff0ff6ef9788595bed,COMP,0.6406184
0xb294a5316e76e84649a3b8ff0ff6ef9788595bed,CRV,0.67564607
0xb294a5316e76e84649a3b8ff0ff6ef9788595bed,CVX,0.57478815
0xb294a5316e76e84649a3b8ff0ff6ef9788595bed,DAI,0.59679383
0xb294a5316e76e84649a3b8ff0ff6ef9788595bed,DAO,0.64417994
0xb294a5316e76e84649a3b8ff0ff6ef9788595bed,DOGE,0.66876704
0xb294a5316e76e84649a3b8ff0ff6ef9788595bed,DOT,0.6647962
0xb294a5316e76e84649a3b8ff0ff6ef9788595bed,DYDX,0.5933497
0xb294a5316e76e84649a3b8ff0ff6ef9788595bed,EOS,0.5958286
0xb294a5316e76e84649a3b8ff0ff6ef9788595bed,ETC,0.6473841
0xb294a5316e76e84649a3b8ff0ff6ef9788595bed,ETH,0.6375417
0xb294a5316e76e84649a3b8ff0ff6ef9788595bed,FET,0.58680356
0xb294a5316e76e84649a3b8ff0ff6ef9788595bed,FIL,0.56424487
0xb294a5316e76e84649a3b8ff0ff6ef9788595bed,FRAX,0.5838802
0xb294a5316e76e84649a3b8ff0ff6ef9788595bed,FTM,0.6472654
0xb294a5316e76e84649a3b8ff0ff6ef9788595bed,FXS,0.58479255
0xb294a5316e76e84649a3b8ff0ff6ef9788595bed,GRT,0.6367336
0xb294a5316e76e84649a3b8ff0ff6ef9788595bed,HAI,0.6869911
0xb294a5316e76e84649a3b8ff0ff6ef9788595bed,HERO,0.6361956
0xb294a5316e76e84649a3b8ff0ff6ef9788595bed,ICP,0.6482388
0xb294a5316e76e84649a3b8ff0ff6ef9788595bed,IMX,0.60391676
0xb294a5316e76e84649a3b8ff0ff6ef9788595bed,INJ,0.57411313
0xb294a5316e76e84649a3b8ff0ff6ef9788595bed,LDO,0.60040814
0xb294a5316e76e84649a3b8ff0ff6ef9788595bed,LINK,0.6850073
0xb294a5316e76e84649a3b8ff0ff6ef9788595bed,LTC,0.6757687
0xb294a5316e76e84649a3b8ff0ff6ef9788595bed,MATIC,0.64926225
0xb294a5316e76e84649a3b8ff0ff6ef9788595bed,MAV,0.6093443
0xb294a5316e76e84649a3b8ff0ff6ef9788595bed,MBOX,0.62172997
0xb294a5316e76e84649a3b8ff0ff6ef9788595bed,MKR,0.7066848
0xb294a5316e76e84649a3b8ff0ff6ef9788595bed,MOON,0.6730373
0xb294a5316e76e84649a3b8ff0ff6ef9788595bed,NEAR,0.55910033
0xb294a5316e76e84649a3b8ff0ff6ef9788595bed,OP,0.6684533
0xb294a5316e76e84649a3b8ff0ff6ef9788595bed,PENDLE,0.5852503
0xb294a5316e76e84649a3b8ff0ff6ef9788595bed,PEPE,0.63633233
0xb294a5316e76e84649a3b8ff0ff6ef9788595bed,PERP,0.66814786
0xb294a5316e76e84649a3b8ff0ff6ef9788595bed,PIT,0.6614285
0xb294a5316e76e84649a3b8ff0ff6ef9788595bed,POLS,0.6229549
0xb294a5316e76e84649a3b8ff0ff6ef9788595bed,PYTH,0.5976974
0xb294a5316e76e84649a3b8ff0ff6ef9788595bed,QUACK,0.65704674
0xb294a5316e76e84649a3b8ff0ff6ef9788595bed,RDNT,0.6110601
0xb294a5316e76e84649a3b8ff0ff6ef9788595bed,RNDR,0.57234585
0xb294a5316e76e84649a3b8ff0ff6ef9788595bed,RPL,0.6101136
0xb294a5316e76e84649a3b8ff0ff6ef9788595bed,RUNE,0.55857277
0xb294a5316e76e84649a3b8ff0ff6ef9788595bed,SFP,0.5470234
0xb294a5316e76e84649a3b8ff0ff6ef9788595bed,SFUND,0.6248469
0xb294a5316e76e84649a3b8ff0ff6ef9788595bed,SHIB,0.68378466
0xb294a5316e76e84649a3b8ff0ff6ef9788595bed,SOL,0.6478039
0xb294a5316e76e84649a3b8ff0ff6ef9788595bed,STG,0.6033895
0xb294a5316e76e84649a3b8ff0ff6ef9788595bed,SUI,0.6694535
0xb294a5316e76e84649a3b8ff0ff6ef9788595bed,SUSHI,0.5946717
0xb294a5316e76e84649a3b8ff0ff6ef9788595bed,TIA,0.5906204
0xb294a5316e76e84649a3b8ff0ff6ef9788595bed,TOKEN,0.6286702
0xb294a5316e76e84649a3b8ff0ff6ef9788595bed,TRX,0.69815445
0xb294a5316e76e84649a3b8ff0ff6ef9788595bed,UNI,0.6725408
0xb294a5316e76e84649a3b8ff0ff6ef9788595bed,USDT,0.63135177
0xb294a5316e76e84649a3b8ff0ff6ef9788595bed,XLM,0.6322185
0xb294a5316e76e84649a3b8ff0ff6ef9788595bed,XMR,0.70382905
0xb294a5316e76e84649a3b8ff0ff6ef9788595bed,XRP,0.6449501
0xb294a5316e76e84649a3b8ff0ff6ef9788595bed,XTZ,0.58369607
0xb294a5316e76e84649a3b8ff0ff6ef9788595bed,XVS,0.58534855
0xb294a5316e76e84649a3b8ff0ff6ef9788595bed,YFI,0.6026807
0xb7ece21c962697a3194c0b6e4b81db54433055ab,AAVE,0.51848555
0xb7ece21c962697a3194c0b6e4b81db54433055ab,ADA,0.5164269
0xb7ece21c962697a3194c0b6e4b81db54433055ab,ALGO,0.5291819
0xb7ece21c962697a3194c0b6e4b81db54433055ab,APE,0.5151227
0xb7ece21c962697a3194c0b6e4b81db54433055ab,APT,0.4820929
0xb7ece21c962697a3194c0b6e4b81db54433055ab,ATOM,0.514367
0xb7ece21c962697a3194c0b6e4b81db54433055ab,AVAX,0.50639445
0xb7ece21c962697a3194c0b6e4b81db54433055ab,AXS,0.500225
0xb7ece21c962697a3194c0b6e4b81db54433055ab,BAL,0.50471073
0xb7ece21c962697a3194c0b6e4b81db54433055ab,BCH,0.53837806
0xb7ece21c962697a3194c0b6e4b81db54433055ab,BLUR,0.51944596
0xb7ece21c962697a3194c0b6e4b81db54433055ab,BNB,0.537264
0xb7ece21c962697a3194c0b6e4b81db54433055ab,BONK,0.51476675
0xb7ece21c962697a3194c0b6e4b81db54433055ab,BTC,0.5579493
0xb7ece21c962697a3194c0b6e4b81db54433055ab,C98,0.41809726
0xb7ece21c962697a3194c0b6e4b81db54433055ab,CAKE,0.51561767
0xb7ece21c962697a3194c0b6e4b81db54433055ab,COMP,0.52290124
0xb7ece21c962697a3194c0b6e4b81db54433055ab,CRV,0.4985208
0xb7ece21c962697a3194c0b6e4b81db54433055ab,CVX,0.49682796
0xb7ece21c962697a3194c0b6e4b81db54433055ab,DAI,0.61919355
0xb7ece21c962697a3194c0b6e4b81db54433055ab,DAO,0.36589035
0xb7ece21c962697a3194c0b6e4b81db54433055ab,DOGE,0.51682687
0xb7ece21c962697a3194c0b6e4b81db54433055ab,DOT,0.45183676
0xb7ece21c962697a3194c0b6e4b81db54433055ab,DYDX,0.5199374
0xb7ece21c962697a3194c0b6e4b81db54433055ab,EOS,0.538939
0xb7ece21c962697a3194c0b6e4b81db54433055ab,ETC,0.5224313
0xb7ece21c962697a3194c0b6e4b81db54433055ab,ETH,0.5441978
0xb7ece21c962697a3194c0b6e4b81db54433055ab,FET,0.5065616
0xb7ece21c962697a3194c0b6e4b81db54433055ab,FIL,0.49602264
0xb7ece21c962697a3194c0b6e4b81db54433055ab,FRAX,0.645132
0xb7ece21c962697a3194c0b6e4b81db54433055ab,FTM,0.52225024
0xb7ece21c962697a3194c0b6e4b81db54433055ab,FXS,0.5120141
0xb7ece21c962697a3194c0b6e4b81db54433055ab,GRT,0.5260748
0xb7ece21c962697a3194c0b6e4b81db54433055ab,HAI,0.51655656
0xb7ece21c962697a3194c0b6e4b81db54433055ab,HERO,0.523057
0xb7ece21c962697a3194c0b6e4b81db54433055ab,ICP,0.4916147
0xb7ece21c962697a3194c0b6e4b81db54433055ab,IMX,0.5121525
0xb7ece21c962697a3194c0b6e4b81db54433055ab,INJ,0.5288506
0xb7ece21c962697a3194c0b6e4b81db54433055ab,LDO,0.519522
0xb7ece21c962697a3194c0b6e4b81db54433055ab,LINK,0.52498496
0xb7ece21c962697a3194c0b6e4b81db54433055ab,LTC,0.5369616
0xb7ece21c962697a3194c0b6e4b81db54433055ab,MATIC,0.51567227
0xb7ece21c962697a3194c0b6e4b81db54433055ab,MAV,0.50793767
0xb7ece21c962697a3194c0b6e4b81db54433055ab,MBOX,0.51621586
0xb7ece21c962697a3194c0b6e4b81db54433055ab,MKR,0.55686927
0xb7ece21c962697a3194c0b6e4b81db54433055ab,MOON,0.48777473
0xb7ece21c962697a3194c0b6e4b81db54433055ab,NEAR,0.4637184
0xb7ece21c962697a3194c0b6e4b81db54433055ab,OP,0.515199
0xb7ece21c962697a3194c0b6e4b81db54433055ab,PENDLE,0.4824522
0xb7ece21c962697a3194c0b6e4b81db54433055ab,PEPE,0.5081515
0xb7ece21c962697a3194c0b6e4b81db54433055ab,PERP,0.31370243
0xb7ece21c962697a3194c0b6e4b81db54433055ab,PIT,0.5313935
0xb7ece21c962697a3194c0b6e4b81db54433055ab,POLS,0.5178114
0xb7ece21c962697a3194c0b6e4b81db54433055ab,PYTH,0.5012072
0xb7ece21c962697a3194c0b6e4b81db54433055ab,QUACK,0.44686896
0xb7ece21c962697a3194c0b6e4b81db54433055ab,RDNT,0.5123228
0xb7ece21c962697a3194c0b6e4b81db54433055ab,RNDR,0.51483846
0xb7ece21c962697a3194c0b6e4b81db54433055ab,RPL,0.47857025
0xb7ece21c962697a3194c0b6e4b81db54433055ab,RUNE,0.5216051
0xb7ece21c962697a3194c0b6e4b81db54433055ab,SFP,0.517556
0xb7ece21c962697a3194c0b6e4b81db54433055ab,SFUND,0.4877293
0xb7ece21c962697a3194c0b6e4b81db54433055ab,SHIB,0.5181316
0xb7ece21c962697a3194c0b6e4b81db54433055ab,SOL,0.520159
0xb7ece21c962697a3194c0b6e4b81db54433055ab,STG,0.4439413
0xb7ece21c962697a3194c0b6e4b81db54433055ab,SUI,0.52334005
0xb7ece21c962697a3194c0b6e4b81db54433055ab,SUSHI,0.51864386
0xb7ece21c962697a3194c0b6e4b81db54433055ab,TIA,0.49938917
0xb7ece21c962697a3194c0b6e4b81db54433055ab,TOKEN,0.51109034
0xb7ece21c962697a3194c0b6e4b81db54433055ab,TRX,0.55205905
0xb7ece21c962697a3194c0b6e4b81db54433055ab,UNI,0.49885386
0xb7ece21c962697a3194c0b6e4b81db54433055ab,USDT,0.5957066
0xb7ece21c962697a3194c0b6e4b81db54433055ab,XLM,0.52106196
0xb7ece21c962697a3194c0b6e4b81db54433055ab,XMR,0.529865
0xb7ece21c962697a3194c0b6e4b81db54433055ab,XRP,0.5201786
0xb7ece21c962697a3194c0b6e4b81db54433055ab,XTZ,0.5214378
0xb7ece21c962697a3194c0b6e4b81db54433055ab,XVS,0.49697742
0xb7ece21c962697a3194c0b6e4b81db54433055ab,YFI,0.5238016
0xbf692d7684d6decc6cfc064247e7d8b52e104121,AAVE,0.5329852104187012
0xbf692d7684d6decc6cfc064247e7d8b52e104121,ADA,0.3679044246673584
0xbf692d7684d6decc6cfc064247e7d8b52e104121,ALGO,0.3624985218048095
0xbf692d7684d6decc6cfc064247e7d8b52e104121,APE,0.2041327953338623
0xbf692d7684d6decc6cfc064247e7d8b52e104121,APT,0.2776017189025879
0xbf692d7684d6decc6cfc064247e7d8b52e104121,ATOM,0.2887606620788574
0xbf692d7684d6decc6cfc064247e7d8b52e104121,AVAX,0.323291540145874
0xbf692d7684d6decc6cfc064247e7d8b52e104121,AXS,0.3282473087310791
0xbf692d7684d6decc6cfc064247e7d8b52e104121,BAL,0.297126293182373
0xbf692d7684d6decc6cfc064247e7d8b52e104121,BCH,0.7170820236206055
0xbf692d7684d6decc6cfc064247e7d8b52e104121,BLUR,0.1830878257751464
0xbf692d7684d6decc6cfc064247e7d8b52e104121,BNB,1.0
0xbf692d7684d6decc6cfc064247e7d8b52e104121,BONK,0.1286370754241943
0xbf692d7684d6decc6cfc064247e7d8b52e104121,BTC,0.9458227157592772
0xbf692d7684d6decc6cfc064247e7d8b52e104121,C98,0.1874787807464599
0xbf692d7684d6decc6cfc064247e7d8b52e104121,CAKE,0.3807895183563232
0xbf692d7684d6decc6cfc064247e7d8b52e104121,COMP,0.3224327564239502
0xbf692d7684d6decc6cfc064247e7d8b52e104121,CRV,0.3670263290405273
0xbf692d7684d6decc6cfc064247e7d8b52e104121,CVX,0.3213419914245605
0xbf692d7684d6decc6cfc064247e7d8b52e104121,DAI,0.9401187896728516
0xbf692d7684d6decc6cfc064247e7d8b52e104121,DAO,0.1134767532348632
0xbf692d7684d6decc6cfc064247e7d8b52e104121,DOGE,0.4431376457214355
0xbf692d7684d6decc6cfc064247e7d8b52e104121,DOT,0.3960230350494385
0xbf692d7684d6decc6cfc064247e7d8b52e104121,DYDX,0.1830682754516601
0xbf692d7684d6decc6cfc064247e7d8b52e104121,EOS,0.2148821353912353
0xbf692d7684d6decc6cfc064247e7d8b52e104121,ETC,0.4655687808990478
0xbf692d7684d6decc6cfc064247e7d8b52e104121,ETH,0.7745113372802734
0xbf692d7684d6decc6cfc064247e7d8b52e104121,FET,0.1674203872680664
0xbf692d7684d6decc6cfc064247e7d8b52e104121,FIL,0.2764101028442383
0xbf692d7684d6decc6cfc064247e7d8b52e104121,FRAX,0.849428653717041
0xbf692d7684d6decc6cfc064247e7d8b52e104121,FTM,0.1950325965881347
0xbf692d7684d6decc6cfc064247e7d8b52e104121,FXS,0.1438946723937988
0xbf692d7684d6decc6cfc064247e7d8b52e104121,GRT,0.2297313213348388
0xbf692d7684d6decc6cfc064247e7d8b52e104121,HAI,0.3108072280883789
0xbf692d7684d6decc6cfc064247e7d8b52e104121,HERO,0.367828369140625
0xbf692d7684d6decc6cfc064247e7d8b52e104121,ICP,0.2640759944915771
0xbf692d7684d6decc6cfc064247e7d8b52e104121,IMX,0.1787652969360351
0xbf692d7684d6decc6cfc064247e7d8b52e104121,INJ,0.2450394630432129
0xbf692d7684d6decc6cfc064247e7d8b52e104121,LDO,0.1539630889892578
0xbf692d7684d6decc6cfc064247e7d8b52e104121,LINK,0.4140698909759521
0xbf692d7684d6decc6cfc064247e7d8b52e104121,LTC,0.8934564590454102
0xbf692d7684d6decc6cfc064247e7d8b52e104121,MATIC,0.2154719829559326
0xbf692d7684d6decc6cfc064247e7d8b52e104121,MAV,0.1961524486541748
0xbf692d7684d6decc6cfc064247e7d8b52e104121,MBOX,0.258145809173584
0xbf692d7684d6decc6cfc064247e7d8b52e104121,MKR,0.5289201736450195
0xbf692d7684d6decc6cfc064247e7d8b52e104121,MOON,0.2506670951843261
0xbf692d7684d6decc6cfc064247e7d8b52e104121,NEAR,0.3294260501861572
0xbf692d7684d6decc6cfc064247e7d8b52e104121,OP,0.2809009552001953
0xbf692d7684d6decc6cfc064247e7d8b52e104121,PENDLE,0.367828369140625
0xbf692d7684d6decc6cfc064247e7d8b52e104121,PEPE,0.3271627426147461
0xbf692d7684d6decc6cfc064247e7d8b52e104121,PERP,0.1887102127075195
0xbf692d7684d6decc6cfc064247e7d8b52e104121,PIT,0.3943910598754883
0xbf692d7684d6decc6cfc064247e7d8b52e104121,POLS,0.1861727237701416
0xbf692d7684d6decc6cfc064247e7d8b52e104121,PYTH,0.1276631355285644
0xbf692d7684d6decc6cfc064247e7d8b52e104121,QUACK,0.4101784229278564
0xbf692d7684d6decc6cfc064247e7d8b52e104121,RDNT,0.1539630889892578
0xbf692d7684d6decc6cfc064247e7d8b52e104121,RNDR,0.242114782333374
0xbf692d7684d6decc6cfc064247e7d8b52e104121,RPL,0.0
0xbf692d7684d6decc6cfc064247e7d8b52e104121,RUNE,0.2173449993133545
0xbf692d7684d6decc6cfc064247e7d8b52e104121,SFP,0.428699254989624
0xbf692d7684d6decc6cfc064247e7d8b52e104121,SFUND,0.2371926307678222
0xbf692d7684d6decc6cfc064247e7d8b52e104121,SHIB,0.3762810230255127
0xbf692d7684d6decc6cfc064247e7d8b52e104121,SOL,0.8446793556213379
0xbf692d7684d6decc6cfc064247e7d8b52e104121,STG,0.3350861072540283
0xbf692d7684d6decc6cfc064247e7d8b52e104121,SUI,0.3332891464233398
0xbf692d7684d6decc6cfc064247e7d8b52e104121,SUSHI,0.2806124687194824
0xbf692d7684d6decc6cfc064247e7d8b52e104121,TIA,0.1750881671905517
0xbf692d7684d6decc6cfc064247e7d8b52e104121,TOKEN,0.1419963836669922
0xbf692d7684d6decc6cfc064247e7d8b52e104121,TRX,0.8816580772399902
0xbf692d7684d6decc6cfc064247e7d8b52e104121,UNI,0.3420987129211426
0xbf692d7684d6decc6cfc064247e7d8b52e104121,USDT,0.8662199974060059
0xbf692d7684d6decc6cfc064247e7d8b52e104121,XLM,0.4102835655212402
0xbf692d7684d6decc6cfc064247e7d8b52e104121,XMR,0.8218603134155273
0xbf692d7684d6decc6cfc064247e7d8b52e104121,XRP,0.8367066383361816
0xbf692d7684d6decc6cfc064247e7d8b52e104121,XTZ,0.3779160976409912
0xbf692d7684d6decc6cfc064247e7d8b52e104121,XVS,0.434462308883667
0xbf692d7684d6decc6cfc064247e7d8b52e104121,YFI,0.4493656158447265
0xc1d8e22cfb4d0ca7326057f027570abd2f732d00,AAVE,0.5647779703140259
0xc1d8e22cfb4d0ca7326057f027570abd2f732d00,ADA,0.3889166414737701
0xc1d8e22cfb4d0ca7326057f027570abd2f732d00,ALGO,0.4369761049747467
0xc1d8e22cfb4d0ca7326057f027570abd2f732d00,APE,0.2755624651908874
0xc1d8e22cfb4d0ca7326057f027570abd2f732d00,APT,0.2877747416496277
0xc1d8e22cfb4d0ca7326057f027570abd2f732d00,ATOM,0.3562292158603668
0xc1d8e22cfb4d0ca7326057f027570abd2f732d00,AVAX,0.3839904367923736
0xc1d8e22cfb4d0ca7326057f027570abd2f732d00,AXS,0.3119456171989441
0xc1d8e22cfb4d0ca7326057f027570abd2f732d00,BAL,0.3755172789096832
0xc1d8e22cfb4d0ca7326057f027570abd2f732d00,BCH,0.7720804810523987
0xc1d8e22cfb4d0ca7326057f027570abd2f732d00,BLUR,0.2231537699699401
0xc1d8e22cfb4d0ca7326057f027570abd2f732d00,BNB,0.9451851844787598
0xc1d8e22cfb4d0ca7326057f027570abd2f732d00,BONK,0.2014123946428299
0xc1d8e22cfb4d0ca7326057f027570abd2f732d00,BTC,1.0
0xc1d8e22cfb4d0ca7326057f027570abd2f732d00,C98,0.2610427737236023
0xc1d8e22cfb4d0ca7326057f027570abd2f732d00,CAKE,0.4670830965042114
0xc1d8e22cfb4d0ca7326057f027570abd2f732d00,COMP,0.3718415796756744
0xc1d8e22cfb4d0ca7326057f027570abd2f732d00,CRV,0.3868636190891266
0xc1d8e22cfb4d0ca7326057f027570abd2f732d00,CVX,0.3062450289726257
0xc1d8e22cfb4d0ca7326057f027570abd2f732d00,DAI,0.9849305152893066
0xc1d8e22cfb4d0ca7326057f027570abd2f732d00,DAO,0.0995418801903724
0xc1d8e22cfb4d0ca7326057f027570abd2f732d00,DOGE,0.4040428698062897
0xc1d8e22cfb4d0ca7326057f027570abd2f732d00,DOT,0.3459557592868805
0xc1d8e22cfb4d0ca7326057f027570abd2f732d00,DYDX,0.2327980399131775
0xc1d8e22cfb4d0ca7326057f027570abd2f732d00,EOS,0.2575914263725281
0xc1d8e22cfb4d0ca7326057f027570abd2f732d00,ETC,0.450154185295105
0xc1d8e22cfb4d0ca7326057f027570abd2f732d00,ETH,0.8627768158912659
0xc1d8e22cfb4d0ca7326057f027570abd2f732d00,FET,0.2301992774009704
0xc1d8e22cfb4d0ca7326057f027570abd2f732d00,FIL,0.2895721793174743
0xc1d8e22cfb4d0ca7326057f027570abd2f732d00,FRAX,0.9216537475585938
0xc1d8e22cfb4d0ca7326057f027570abd2f732d00,FTM,0.2369796633720398
0xc1d8e22cfb4d0ca7326057f027570abd2f732d00,FXS,0.1817900687456131
0xc1d8e22cfb4d0ca7326057f027570abd2f732d00,GRT,0.291780412197113
0xc1d8e22cfb4d0ca7326057f027570abd2f732d00,HAI,0.3356153070926666
0xc1d8e22cfb4d0ca7326057f027570abd2f732d00,HERO,0.4744004011154175
0xc1d8e22cfb4d0ca7326057f027570abd2f732d00,ICP,0.2719122767448425
0xc1d8e22cfb4d0ca7326057f027570abd2f732d00,IMX,0.2073838263750076
0xc1d8e22cfb4d0ca7326057f027570abd2f732d00,INJ,0.1652452498674392
0xc1d8e22cfb4d0ca7326057f027570abd2f732d00,LDO,0.1992785483598709
0xc1d8e22cfb4d0ca7326057f027570abd2f732d00,LINK,0.4676312208175659
0xc1d8e22cfb4d0ca7326057f027570abd2f732d00,LTC,0.8070884346961975
0xc1d8e22cfb4d0ca7326057f027570abd2f732d00,MATIC,0.289153516292572
0xc1d8e22cfb4d0ca7326057f027570abd2f732d00,MAV,0.1874999552965164
0xc1d8e22cfb4d0ca7326057f027570abd2f732d00,MBOX,0.2627236247062683
0xc1d8e22cfb4d0ca7326057f027570abd2f732d00,MKR,0.488442063331604
0xc1d8e22cfb4d0ca7326057f027570abd2f732d00,MOON,0.2068738490343094
0xc1d8e22cfb4d0ca7326057f027570abd2f732d00,NEAR,0.3191472589969635
0xc1d8e22cfb4d0ca7326057f027570abd2f732d00,OP,0.4790374040603637
0xc1d8e22cfb4d0ca7326057f027570abd2f732d00,PENDLE,0.3461450636386871
0xc1d8e22cfb4d0ca7326057f027570abd2f732d00,PEPE,0.3087233901023865
0xc1d8e22cfb4d0ca7326057f027570abd2f732d00,PERP,0.1209630668163299
0xc1d8e22cfb4d0ca7326057f027570abd2f732d00,PIT,0.4744004011154175
0xc1d8e22cfb4d0ca7326057f027570abd2f732d00,POLS,0.2476860880851745
0xc1d8e22cfb4d0ca7326057f027570abd2f732d00,PYTH,0.188571885228157
0xc1d8e22cfb4d0ca7326057f027570abd2f732d00,QUACK,0.5617333650588989
0xc1d8e22cfb4d0ca7326057f027570abd2f732d00,RDNT,0.1935686618089676
0xc1d8e22cfb4d0ca7326057f027570abd2f732d00,RNDR,0.2734317183494568
0xc1d8e22cfb4d0ca7326057f027570abd2f732d00,RPL,0.0
0xc1d8e22cfb4d0ca7326057f027570abd2f732d00,RUNE,0.3223041594028473
0xc1d8e22cfb4d0ca7326057f027570abd2f732d00,SFP,0.4530686140060425
0xc1d8e22cfb4d0ca7326057f027570abd2f732d00,SFUND,0.1799070388078689
0xc1d8e22cfb4d0ca7326057f027570abd2f732d00,SHIB,0.3833688795566559
0xc1d8e22cfb4d0ca7326057f027570abd2f732d00,SOL,0.9109678268432616
0xc1d8e22cfb4d0ca7326057f027570abd2f732d00,STG,0.3677801191806793
0xc1d8e22cfb4d0ca7326057f027570abd2f732d00,SUI,0.3551472723484039
0xc1d8e22cfb4d0ca7326057f027570abd2f732d00,SUSHI,0.2975699305534363
0xc1d8e22cfb4d0ca7326057f027570abd2f732d00,TIA,0.1691793948411941
0xc1d8e22cfb4d0ca7326057f027570abd2f732d00,TOKEN,0.1823114901781082
0xc1d8e22cfb4d0ca7326057f027570abd2f732d00,TRX,0.9143738746643066
0xc1d8e22cfb4d0ca7326057f027570abd2f732d00,UNI,0.3935963213443756
0xc1d8e22cfb4d0ca7326057f027570abd2f732d00,USDT,0.9644379615783693
0xc1d8e22cfb4d0ca7326057f027570abd2f732d00,XLM,0.4950510263442993
0xc1d8e22cfb4d0ca7326057f027570abd2f732d00,XMR,0.8864250183105469
0xc1d8e22cfb4d0ca7326057f027570abd2f732d00,XRP,0.7824922204017639
0xc1d8e22cfb4d0ca7326057f027570abd2f732d00,XTZ,0.4865857362747192
0xc1d8e22cfb4d0ca7326057f027570abd2f732d00,XVS,0.4919658899307251
0xc1d8e22cfb4d0ca7326057f027570abd2f732d00,YFI,0.5270918607711792
0xcbe37e37bb9ac19e87e6e495303fab60c3111529,AAVE,0.5453177429673794
0xcbe37e37bb9ac19e87e6e495303fab60c3111529,ADA,0.5228876141502077
0xcbe37e37bb9ac19e87e6e495303fab60c3111529,ALGO,0.556432003213226
0xcbe37e37bb9ac19e87e6e495303fab60c3111529,APE,0.522818834099554
0xcbe37e37bb9ac19e87e6e495303fab60c3111529,APT,0.4514744704127727
0xcbe37e37bb9ac19e87e6e495303fab60c3111529,ATOM,0.500045163613118
0xcbe37e37bb9ac19e87e6e495303fab60c3111529,AVAX,0.5061473373935887
0xcbe37e37bb9ac19e87e6e495303fab60c3111529,AXS,0.449693620039797
0xcbe37e37bb9ac19e87e6e495303fab60c3111529,BAL,0.4875052622253569
0xcbe37e37bb9ac19e87e6e495303fab60c3111529,BCH,0.5273473581899518
0xcbe37e37bb9ac19e87e6e495303fab60c3111529,BLUR,0.5378288819287571
0xcbe37e37bb9ac19e87e6e495303fab60c3111529,BNB,0.5516849848928528
0xcbe37e37bb9ac19e87e6e495303fab60c3111529,BONK,0.5298628654397342
0xcbe37e37bb9ac19e87e6e495303fab60c3111529,BTC,0.5782483351457418
0xcbe37e37bb9ac19e87e6e495303fab60c3111529,C98,0.4342459307024993
0xcbe37e37bb9ac19e87e6e495303fab60c3111529,CAKE,0.5082843711647993
0xcbe37e37bb9ac19e87e6e495303fab60c3111529,COMP,0.540939830781442
0xcbe37e37bb9ac19e87e6e495303fab60c3111529,CRV,0.5282541295792581
0xcbe37e37bb9ac19e87e6e495303fab60c3111529,CVX,0.4912694421741924
0xcbe37e37bb9ac19e87e6e495303fab60c3111529,DAI,0.6764991118414774
0xcbe37e37bb9ac19e87e6e495303fab60c3111529,DAO,0.3882524577093627
0xcbe37e37bb9ac19e87e6e495303fab60c3111529,DOGE,0.5343793648500631
0xcbe37e37bb9ac19e87e6e495303fab60c3111529,DOT,0.4442121411044192
0xcbe37e37bb9ac19e87e6e495303fab60c3111529,DYDX,0.5177049496971579
0xcbe37e37bb9ac19e87e6e495303fab60c3111529,EOS,0.5363019576955428
0xcbe37e37bb9ac19e87e6e495303fab60c3111529,ETC,0.534671425571269
0xcbe37e37bb9ac19e87e6e495303fab60c3111529,ETH,0.5895523675725599
0xcbe37e37bb9ac19e87e6e495303fab60c3111529,FET,0.5063094574545287
0xcbe37e37bb9ac19e87e6e495303fab60c3111529,FIL,0.4947449660345067
0xcbe37e37bb9ac19e87e6e495303fab60c3111529,FRAX,0.6593988209673964
0xcbe37e37bb9ac19e87e6e495303fab60c3111529,FTM,0.4944702060399189
0xcbe37e37bb9ac19e87e6e495303fab60c3111529,FXS,0.5111557980289105
0xcbe37e37bb9ac19e87e6e495303fab60c3111529,GRT,0.5182819127939918
0xcbe37e37bb9ac19e87e6e495303fab60c3111529,HAI,0.5015402310825531
0xcbe37e37bb9ac19e87e6e495303fab60c3111529,HERO,0.5217275721656384
0xcbe37e37bb9ac19e87e6e495303fab60c3111529,ICP,0.4413035630310621
0xcbe37e37bb9ac19e87e6e495303fab60c3111529,IMX,0.4774539489134379
0xcbe37e37bb9ac19e87e6e495303fab60c3111529,INJ,0.5312121974630677
0xcbe37e37bb9ac19e87e6e495303fab60c3111529,LDO,0.5217358298058665
0xcbe37e37bb9ac19e87e6e495303fab60c3111529,LINK,0.5600065715685324
0xcbe37e37bb9ac19e87e6e495303fab60c3111529,LTC,0.5848221628917722
0xcbe37e37bb9ac19e87e6e495303fab60c3111529,MATIC,0.5341891140633029
0xcbe37e37bb9ac19e87e6e495303fab60c3111529,MAV,0.4974510300304806
0xcbe37e37bb9ac19e87e6e495303fab60c3111529,MBOX,0.513554987721244
0xcbe37e37bb9ac19e87e6e495303fab60c3111529,MKR,0.530693425646537
0xcbe37e37bb9ac19e87e6e495303fab60c3111529,MOON,0.4584471120500003
0xcbe37e37bb9ac19e87e6e495303fab60c3111529,NEAR,0.4485414457579471
0xcbe37e37bb9ac19e87e6e495303fab60c3111529,OP,0.4724003890926894
0xcbe37e37bb9ac19e87e6e495303fab60c3111529,PENDLE,0.4632299781274521
0xcbe37e37bb9ac19e87e6e495303fab60c3111529,PEPE,0.5139246292488447
0xcbe37e37bb9ac19e87e6e495303fab60c3111529,PERP,0.3357121555874472
0xcbe37e37bb9ac19e87e6e495303fab60c3111529,PIT,0.5390414086552998
0xcbe37e37bb9ac19e87e6e495303fab60c3111529,POLS,0.4830826903225821
0xcbe37e37bb9ac19e87e6e495303fab60c3111529,PYTH,0.4862391388963243
0xcbe37e37bb9ac19e87e6e495303fab60c3111529,QUACK,0.4681878158864584
0xcbe37e37bb9ac19e87e6e495303fab60c3111529,RDNT,0.5050342781565234
0xcbe37e37bb9ac19e87e6e495303fab60c3111529,RNDR,0.4974173751738105
0xcbe37e37bb9ac19e87e6e495303fab60c3111529,RPL,0.4704639762765867
0xcbe37e37bb9ac19e87e6e495303fab60c3111529,RUNE,0.5386798156512598
0xcbe37e37bb9ac19e87e6e495303fab60c3111529,SFP,0.5432987272202817
0xcbe37e37bb9ac19e87e6e495303fab60c3111529,SFUND,0.4897801572055797
0xcbe37e37bb9ac19e87e6e495303fab60c3111529,SHIB,0.5333467633036917
0xcbe37e37bb9ac19e87e6e495303fab60c3111529,SOL,0.5414097289081362
0xcbe37e37bb9ac19e87e6e495303fab60c3111529,STG,0.4290401253328576
0xcbe37e37bb9ac19e87e6e495303fab60c3111529,SUI,0.5218444669090224
0xcbe37e37bb9ac19e87e6e495303fab60c3111529,SUSHI,0.5160925607506475
0xcbe37e37bb9ac19e87e6e495303fab60c3111529,TIA,0.4835484637800114
0xcbe37e37bb9ac19e87e6e495303fab60c3111529,TOKEN,0.4831271949765738
0xcbe37e37bb9ac19e87e6e495303fab60c3111529,TRX,0.5862304318311543
0xcbe37e37bb9ac19e87e6e495303fab60c3111529,UNI,0.4920599795715589
0xcbe37e37bb9ac19e87e6e495303fab60c3111529,USDT,0.6400399737606971
0xcbe37e37bb9ac19e87e6e495303fab60c3111529,XLM,0.543063838907758
0xcbe37e37bb9ac19e87e6e495303fab60c3111529,XMR,0.5255245233317928
0xcbe37e37bb9ac19e87e6e495303fab60c3111529,XRP,0.5553135898470042
0xcbe37e37bb9ac19e87e6e495303fab60c3111529,XTZ,0.5293950150283948
0xcbe37e37bb9ac19e87e6e495303fab60c3111529,XVS,0.4783467724166781
0xcbe37e37bb9ac19e87e6e495303fab60c3111529,YFI,0.532880774880052
0xccc8f7bb5f28056799f8e6e8dc36e5cebefdf7c5,AAVE,0.2808343045348559
0xccc8f7bb5f28056799f8e6e8dc36e5cebefdf7c5,ADA,0.5016328703677863
0xccc8f7bb5f28056799f8e6e8dc36e5cebefdf7c5,ALGO,0.5422675505557237
0xccc8f7bb5f28056799f8e6e8dc36e5cebefdf7c5,APE,0.2134355211390378
0xccc8f7bb5f28056799f8e6e8dc36e5cebefdf7c5,APT,0.1939131790617675
0xccc8f7bb5f28056799f8e6e8dc36e5cebefdf7c5,ATOM,0.196619826360587
0xccc8f7bb5f28056799f8e6e8dc36e5cebefdf7c5,AVAX,0.3579976432028579
0xccc8f7bb5f28056799f8e6e8dc36e5cebefdf7c5,AXS,0.1618075693442945
0xccc8f7bb5f28056799f8e6e8dc36e5cebefdf7c5,BAL,0.3316171130655822
0xccc8f7bb5f28056799f8e6e8dc36e5cebefdf7c5,BCH,0.2229940502650079
0xccc8f7bb5f28056799f8e6e8dc36e5cebefdf7c5,BLUR,0.3316171130655822
0xccc8f7bb5f28056799f8e6e8dc36e5cebefdf7c5,BNB,0.963902338733623
0xccc8f7bb5f28056799f8e6e8dc36e5cebefdf7c5,BONK,0.3963615152437868
0xccc8f7bb5f28056799f8e6e8dc36e5cebefdf7c5,BTC,0.7931893568575518
0xccc8f7bb5f28056799f8e6e8dc36e5cebefdf7c5,C98,0.01
0xccc8f7bb5f28056799f8e6e8dc36e5cebefdf7c5,CAKE,0.5341102699995494
0xccc8f7bb5f28056799f8e6e8dc36e5cebefdf7c5,COMP,0.3279750414660046
0xccc8f7bb5f28056799f8e6e8dc36e5cebefdf7c5,CRV,0.457230857353406
0xccc8f7bb5f28056799f8e6e8dc36e5cebefdf7c5,CVX,0.2306168654597799
0xccc8f7bb5f28056799f8e6e8dc36e5cebefdf7c5,DAI,0.3316171130655822
0xccc8f7bb5f28056799f8e6e8dc36e5cebefdf7c5,DAO,0.3316171130655822
0xccc8f7bb5f28056799f8e6e8dc36e5cebefdf7c5,DOGE,0.4086283938663613
0xccc8f7bb5f28056799f8e6e8dc36e5cebefdf7c5,DOT,0.1170528399950715
0xccc8f7bb5f28056799f8e6e8dc36e5cebefdf7c5,DYDX,0.3316171130655822
0xccc8f7bb5f28056799f8e6e8dc36e5cebefdf7c5,EOS,0.3316171130655822
0xccc8f7bb5f28056799f8e6e8dc36e5cebefdf7c5,ETC,0.5739857715784981
0xccc8f7bb5f28056799f8e6e8dc36e5cebefdf7c5,ETH,0.7837641784236146
0xccc8f7bb5f28056799f8e6e8dc36e5cebefdf7c5,FET,0.3585145253626238
0xccc8f7bb5f28056799f8e6e8dc36e5cebefdf7c5,FIL,0.2642721280907363
0xccc8f7bb5f28056799f8e6e8dc36e5cebefdf7c5,FRAX,0.3316171130655822
0xccc8f7bb5f28056799f8e6e8dc36e5cebefdf7c5,FTM,0.3316171130655822
0xccc8f7bb5f28056799f8e6e8dc36e5cebefdf7c5,FXS,0.3316171130655822
0xccc8f7bb5f28056799f8e6e8dc36e5cebefdf7c5,GRT,0.3581815423439813
0xccc8f7bb5f28056799f8e6e8dc36e5cebefdf7c5,HAI,0.3316171130655822
0xccc8f7bb5f28056799f8e6e8dc36e5cebefdf7c5,HERO,0.3316171130655822
0xccc8f7bb5f28056799f8e6e8dc36e5cebefdf7c5,ICP,0.2120195703901842
0xccc8f7bb5f28056799f8e6e8dc36e5cebefdf7c5,IMX,0.3283038987430367
0xccc8f7bb5f28056799f8e6e8dc36e5cebefdf7c5,INJ,0.3995053970484572
0xccc8f7bb5f28056799f8e6e8dc36e5cebefdf7c5,LDO,0.3469499442753498
0xccc8f7bb5f28056799f8e6e8dc36e5cebefdf7c5,LINK,0.3316171130655822
0xccc8f7bb5f28056799f8e6e8dc36e5cebefdf7c5,LTC,0.6186483997778167
0xccc8f7bb5f28056799f8e6e8dc36e5cebefdf7c5,MATIC,0.3316171130655822
0xccc8f7bb5f28056799f8e6e8dc36e5cebefdf7c5,MAV,0.2894826250926323
0xccc8f7bb5f28056799f8e6e8dc36e5cebefdf7c5,MBOX,0.3316171130655822
0xccc8f7bb5f28056799f8e6e8dc36e5cebefdf7c5,MKR,0.3316171130655822
0xccc8f7bb5f28056799f8e6e8dc36e5cebefdf7c5,MOON,0.3316171130655822
0xccc8f7bb5f28056799f8e6e8dc36e5cebefdf7c5,NEAR,0.0437653616852725
0xccc8f7bb5f28056799f8e6e8dc36e5cebefdf7c5,OP,0.1248403476707076
0xccc8f7bb5f28056799f8e6e8dc36e5cebefdf7c5,PENDLE,0.224513225179582
0xccc8f7bb5f28056799f8e6e8dc36e5cebefdf7c5,PEPE,0.2914863251611089
0xccc8f7bb5f28056799f8e6e8dc36e5cebefdf7c5,PERP,0.3316171130655822
0xccc8f7bb5f28056799f8e6e8dc36e5cebefdf7c5,PIT,0.3316171130655822
0xccc8f7bb5f28056799f8e6e8dc36e5cebefdf7c5,POLS,0.3316171130655822
0xccc8f7bb5f28056799f8e6e8dc36e5cebefdf7c5,PYTH,0.2719741423491419
0xccc8f7bb5f28056799f8e6e8dc36e5cebefdf7c5,QUACK,0.3316171130655822
0xccc8f7bb5f28056799f8e6e8dc36e5cebefdf7c5,RDNT,0.3316171130655822
0xccc8f7bb5f28056799f8e6e8dc36e5cebefdf7c5,RNDR,0.3316171130655822
0xccc8f7bb5f28056799f8e6e8dc36e5cebefdf7c5,RPL,0.1275327180161158
0xccc8f7bb5f28056799f8e6e8dc36e5cebefdf7c5,RUNE,0.5128923541613537
0xccc8f7bb5f28056799f8e6e8dc36e5cebefdf7c5,SFP,0.5306292647934789
0xccc8f7bb5f28056799f8e6e8dc36e5cebefdf7c5,SFUND,0.3316171130655822
0xccc8f7bb5f28056799f8e6e8dc36e5cebefdf7c5,SHIB,0.2323384806180025
0xccc8f7bb5f28056799f8e6e8dc36e5cebefdf7c5,SOL,0.5036356579718264
0xccc8f7bb5f28056799f8e6e8dc36e5cebefdf7c5,STG,0.0413685166204034
0xccc8f7bb5f28056799f8e6e8dc36e5cebefdf7c5,SUI,0.3138134517404944
0xccc8f7bb5f28056799f8e6e8dc36e5cebefdf7c5,SUSHI,0.3583941568473597
0xccc8f7bb5f28056799f8e6e8dc36e5cebefdf7c5,TIA,0.2901096389173518
0xccc8f7bb5f28056799f8e6e8dc36e5cebefdf7c5,TOKEN,0.3316171130655822
0xccc8f7bb5f28056799f8e6e8dc36e5cebefdf7c5,TRX,0.99
0xccc8f7bb5f28056799f8e6e8dc36e5cebefdf7c5,UNI,0.251110472709691
0xccc8f7bb5f28056799f8e6e8dc36e5cebefdf7c5,USDT,0.3316171130655822
0xccc8f7bb5f28056799f8e6e8dc36e5cebefdf7c5,XLM,0.6217918103654112
0xccc8f7bb5f28056799f8e6e8dc36e5cebefdf7c5,XMR,0.4296970564883334
0xccc8f7bb5f28056799f8e6e8dc36e5cebefdf7c5,XRP,0.6312540938423855
0xccc8f7bb5f28056799f8e6e8dc36e5cebefdf7c5,XTZ,0.3304955772014801
0xccc8f7bb5f28056799f8e6e8dc36e5cebefdf7c5,XVS,0.350720185405934
0xccc8f7bb5f28056799f8e6e8dc36e5cebefdf7c5,YFI,0.3602286092027024
0xcf28560da27700098a0efcb3f5742169948892de,AAVE,0.5383640297362279
0xcf28560da27700098a0efcb3f5742169948892de,ADA,0.523187420858013
0xcf28560da27700098a0efcb3f5742169948892de,ALGO,0.5371555183125865
0xcf28560da27700098a0efcb3f5742169948892de,APE,0.4913318219171541
0xcf28560da27700098a0efcb3f5742169948892de,APT,0.4805119944636215
0xcf28560da27700098a0efcb3f5742169948892de,ATOM,0.5057728248775462
0xcf28560da27700098a0efcb3f5742169948892de,AVAX,0.54682636109507
0xcf28560da27700098a0efcb3f5742169948892de,AXS,0.4631754362025728
0xcf28560da27700098a0efcb3f5742169948892de,BAL,0.5078918006531017
0xcf28560da27700098a0efcb3f5742169948892de,BCH,0.5291641270060586
0xcf28560da27700098a0efcb3f5742169948892de,BLUR,0.5317355697736366
0xcf28560da27700098a0efcb3f5742169948892de,BNB,0.5275420701657889
0xcf28560da27700098a0efcb3f5742169948892de,BONK,0.5520891070127916
0xcf28560da27700098a0efcb3f5742169948892de,BTC,0.5839663146513249
0xcf28560da27700098a0efcb3f5742169948892de,C98,0.4371612883780343
0xcf28560da27700098a0efcb3f5742169948892de,CAKE,0.5278082814423167
0xcf28560da27700098a0efcb3f5742169948892de,COMP,0.5362271170328661
0xcf28560da27700098a0efcb3f5742169948892de,CRV,0.5079285404931586
0xcf28560da27700098a0efcb3f5742169948892de,CVX,0.4957326709517584
0xcf28560da27700098a0efcb3f5742169948892de,DAI,0.5769288953675054
0xcf28560da27700098a0efcb3f5742169948892de,DAO,0.3862231512600295
0xcf28560da27700098a0efcb3f5742169948892de,DOGE,0.5425646476642695
0xcf28560da27700098a0efcb3f5742169948892de,DOT,0.4275275465094184
0xcf28560da27700098a0efcb3f5742169948892de,DYDX,0.5401653505594403
0xcf28560da27700098a0efcb3f5742169948892de,EOS,0.4916875480917336
0xcf28560da27700098a0efcb3f5742169948892de,ETC,0.5251963710879607
0xcf28560da27700098a0efcb3f5742169948892de,ETH,0.5669157499421305
0xcf28560da27700098a0efcb3f5742169948892de,FET,0.5388703324277664
0xcf28560da27700098a0efcb3f5742169948892de,FIL,0.518765947511066
0xcf28560da27700098a0efcb3f5742169948892de,FRAX,0.5359061821003042
0xcf28560da27700098a0efcb3f5742169948892de,FTM,0.529368972579711
0xcf28560da27700098a0efcb3f5742169948892de,FXS,0.4915365772900099
0xcf28560da27700098a0efcb3f5742169948892de,GRT,0.5492705553850908
0xcf28560da27700098a0efcb3f5742169948892de,HAI,0.5208630298407492
0xcf28560da27700098a0efcb3f5742169948892de,HERO,0.519452893233516
0xcf28560da27700098a0efcb3f5742169948892de,ICP,0.4852439025936827
0xcf28560da27700098a0efcb3f5742169948892de,IMX,0.5060817575072389
0xcf28560da27700098a0efcb3f5742169948892de,INJ,0.5513998077061105
0xcf28560da27700098a0efcb3f5742169948892de,LDO,0.5440516912354112
0xcf28560da27700098a0efcb3f5742169948892de,LINK,0.5537281296391448
0xcf28560da27700098a0efcb3f5742169948892de,LTC,0.5624320115048035
0xcf28560da27700098a0efcb3f5742169948892de,MATIC,0.4838801533008818
0xcf28560da27700098a0efcb3f5742169948892de,MAV,0.5287219468999197
0xcf28560da27700098a0efcb3f5742169948892de,MBOX,0.524401623289053
0xcf28560da27700098a0efcb3f5742169948892de,MKR,0.5233367663919303
0xcf28560da27700098a0efcb3f5742169948892de,MOON,0.4004305584329033
0xcf28560da27700098a0efcb3f5742169948892de,NEAR,0.4825715968971636
0xcf28560da27700098a0efcb3f5742169948892de,OP,0.5829384200151667
0xcf28560da27700098a0efcb3f5742169948892de,PENDLE,0.5092224692169564
0xcf28560da27700098a0efcb3f5742169948892de,PEPE,0.5288451835350652
0xcf28560da27700098a0efcb3f5742169948892de,PERP,0.3202687800300072
0xcf28560da27700098a0efcb3f5742169948892de,PIT,0.5328785673127379
0xcf28560da27700098a0efcb3f5742169948892de,POLS,0.54109123606944
0xcf28560da27700098a0efcb3f5742169948892de,PYTH,0.506263073319837
0xcf28560da27700098a0efcb3f5742169948892de,QUACK,0.4413220925020555
0xcf28560da27700098a0efcb3f5742169948892de,RDNT,0.5328320477228095
0xcf28560da27700098a0efcb3f5742169948892de,RNDR,0.5110511296734211
0xcf28560da27700098a0efcb3f5742169948892de,RPL,0.4925394872676029
0xcf28560da27700098a0efcb3f5742169948892de,RUNE,0.5314290359879089
0xcf28560da27700098a0efcb3f5742169948892de,SFP,0.5404008804578004
0xcf28560da27700098a0efcb3f5742169948892de,SFUND,0.465993715831384
0xcf28560da27700098a0efcb3f5742169948892de,SHIB,0.5412341283144623
0xcf28560da27700098a0efcb3f5742169948892de,SOL,0.5490425588973736
0xcf28560da27700098a0efcb3f5742169948892de,STG,0.463607014063678
0xcf28560da27700098a0efcb3f5742169948892de,SUI,0.5599191511601803
0xcf28560da27700098a0efcb3f5742169948892de,SUSHI,0.5421653790823949
0xcf28560da27700098a0efcb3f5742169948892de,TIA,0.5207687144843852
0xcf28560da27700098a0efcb3f5742169948892de,TOKEN,0.5009861267626604
0xcf28560da27700098a0efcb3f5742169948892de,TRX,0.5364711425637462
0xcf28560da27700098a0efcb3f5742169948892de,UNI,0.5054263065588223
0xcf28560da27700098a0efcb3f5742169948892de,USDT,0.6091490770330359
0xcf28560da27700098a0efcb3f5742169948892de,XLM,0.539942256154182
0xcf28560da27700098a0efcb3f5742169948892de,XMR,0.500469929581518
0xcf28560da27700098a0efcb3f5742169948892de,XRP,0.5488378441983184
0xcf28560da27700098a0efcb3f5742169948892de,XTZ,0.5311532790331079
0xcf28560da27700098a0efcb3f5742169948892de,XVS,0.5321160829155879
0xcf28560da27700098a0efcb3f5742169948892de,YFI,0.5506355285272425
0xe14867e41410bd7232a52b9400476c08b4e535b3,AAVE,0.5176958
0xe14867e41410bd7232a52b9400476c08b4e535b3,ADA,0.512589
0xe14867e41410bd7232a52b9400476c08b4e535b3,ALGO,0.5291034
0xe14867e41410bd7232a52b9400476c08b4e535b3,APE,0.51436204
0xe14867e41410bd7232a52b9400476c08b4e535b3,APT,0.48202676
0xe14867e41410bd7232a52b9400476c08b4e535b3,ATOM,0.51359403
0xe14867e41410bd7232a52b9400476c08b4e535b3,AVAX,0.5063683
0xe14867e41410bd7232a52b9400476c08b4e535b3,AXS,0.49898937
0xe14867e41410bd7232a52b9400476c08b4e535b3,BAL,0.5047174
0xe14867e41410bd7232a52b9400476c08b4e535b3,BCH,0.5375983
0xe14867e41410bd7232a52b9400476c08b4e535b3,BLUR,0.5194387
0xe14867e41410bd7232a52b9400476c08b4e535b3,BNB,0.53725594
0xe14867e41410bd7232a52b9400476c08b4e535b3,BONK,0.51925194
0xe14867e41410bd7232a52b9400476c08b4e535b3,BTC,0.5578551
0xe14867e41410bd7232a52b9400476c08b4e535b3,C98,0.4205201
0xe14867e41410bd7232a52b9400476c08b4e535b3,CAKE,0.52650636
0xe14867e41410bd7232a52b9400476c08b4e535b3,COMP,0.5228562
0xe14867e41410bd7232a52b9400476c08b4e535b3,CRV,0.49536172
0xe14867e41410bd7232a52b9400476c08b4e535b3,CVX,0.4962777
0xe14867e41410bd7232a52b9400476c08b4e535b3,DAI,0.6192048
0xe14867e41410bd7232a52b9400476c08b4e535b3,DAO,0.3791784
0xe14867e41410bd7232a52b9400476c08b4e535b3,DOGE,0.51681644
0xe14867e41410bd7232a52b9400476c08b4e535b3,DOT,0.45888215
0xe14867e41410bd7232a52b9400476c08b4e535b3,DYDX,0.5191917
0xe14867e41410bd7232a52b9400476c08b4e535b3,EOS,0.53892475
0xe14867e41410bd7232a52b9400476c08b4e535b3,ETC,0.52226114
0xe14867e41410bd7232a52b9400476c08b4e535b3,ETH,0.5441771
0xe14867e41410bd7232a52b9400476c08b4e535b3,FET,0.50580984
0xe14867e41410bd7232a52b9400476c08b4e535b3,FIL,0.49596632
0xe14867e41410bd7232a52b9400476c08b4e535b3,FRAX,0.6451403
0xe14867e41410bd7232a52b9400476c08b4e535b3,FTM,0.5222536
0xe14867e41410bd7232a52b9400476c08b4e535b3,FXS,0.51202404
0xe14867e41410bd7232a52b9400476c08b4e535b3,GRT,0.52607137
0xe14867e41410bd7232a52b9400476c08b4e535b3,HAI,0.5165548
0xe14867e41410bd7232a52b9400476c08b4e535b3,HERO,0.52304465
0xe14867e41410bd7232a52b9400476c08b4e535b3,ICP,0.4876333
0xe14867e41410bd7232a52b9400476c08b4e535b3,IMX,0.512727
0xe14867e41410bd7232a52b9400476c08b4e535b3,INJ,0.5288291
0xe14867e41410bd7232a52b9400476c08b4e535b3,LDO,0.5187727
0xe14867e41410bd7232a52b9400476c08b4e535b3,LINK,0.5209229
0xe14867e41410bd7232a52b9400476c08b4e535b3,LTC,0.53693324
0xe14867e41410bd7232a52b9400476c08b4e535b3,MATIC,0.5164484
0xe14867e41410bd7232a52b9400476c08b4e535b3,MAV,0.5079494
0xe14867e41410bd7232a52b9400476c08b4e535b3,MBOX,0.5154676
0xe14867e41410bd7232a52b9400476c08b4e535b3,MKR,0.5577052
0xe14867e41410bd7232a52b9400476c08b4e535b3,MOON,0.4882063
0xe14867e41410bd7232a52b9400476c08b4e535b3,NEAR,0.46463355
0xe14867e41410bd7232a52b9400476c08b4e535b3,OP,0.5152411
0xe14867e41410bd7232a52b9400476c08b4e535b3,PENDLE,0.48276064
0xe14867e41410bd7232a52b9400476c08b4e535b3,PEPE,0.51264924
0xe14867e41410bd7232a52b9400476c08b4e535b3,PERP,0.30432326
0xe14867e41410bd7232a52b9400476c08b4e535b3,PIT,0.5313896
0xe14867e41410bd7232a52b9400476c08b4e535b3,POLS,0.5178127
0xe14867e41410bd7232a52b9400476c08b4e535b3,PYTH,0.5015751
0xe14867e41410bd7232a52b9400476c08b4e535b3,QUACK,0.44525737
0xe14867e41410bd7232a52b9400476c08b4e535b3,RDNT,0.5123359
0xe14867e41410bd7232a52b9400476c08b4e535b3,RNDR,0.51482254
0xe14867e41410bd7232a52b9400476c08b4e535b3,RPL,0.47476426
0xe14867e41410bd7232a52b9400476c08b4e535b3,RUNE,0.5215176
0xe14867e41410bd7232a52b9400476c08b4e535b3,SFP,0.5175448
0xe14867e41410bd7232a52b9400476c08b4e535b3,SFUND,0.4845395
0xe14867e41410bd7232a52b9400476c08b4e535b3,SHIB,0.5174009
0xe14867e41410bd7232a52b9400476c08b4e535b3,SOL,0.52009875
0xe14867e41410bd7232a52b9400476c08b4e535b3,STG,0.44551352
0xe14867e41410bd7232a52b9400476c08b4e535b3,SUI,0.5225678
0xe14867e41410bd7232a52b9400476c08b4e535b3,SUSHI,0.51862
0xe14867e41410bd7232a52b9400476c08b4e535b3,TIA,0.49936375
0xe14867e41410bd7232a52b9400476c08b4e535b3,TOKEN,0.5111218
0xe14867e41410bd7232a52b9400476c08b4e535b3,TRX,0.55203414
0xe14867e41410bd7232a52b9400476c08b4e535b3,UNI,0.49726617
0xe14867e41410bd7232a52b9400476c08b4e535b3,USDT,0.5997657
0xe14867e41410bd7232a52b9400476c08b4e535b3,XLM,0.52105016
0xe14867e41410bd7232a52b9400476c08b4e535b3,XMR,0.530981
0xe14867e41410bd7232a52b9400476c08b4e535b3,XRP,0.51984507
0xe14867e41410bd7232a52b9400476c08b4e535b3,XTZ,0.52143466
0xe14867e41410bd7232a52b9400476c08b4e535b3,XVS,0.49698588
0xe14867e41410bd7232a52b9400476c08b4e535b3,YFI,0.5230178
0xe1929facb0bb53baa1fc6e91a31190ef228d9662,AAVE,0.5129686
0xe1929facb0bb53baa1fc6e91a31190ef228d9662,ADA,0.5201182
0xe1929facb0bb53baa1fc6e91a31190ef228d9662,ALGO,0.5260331
0xe1929facb0bb53baa1fc6e91a31190ef228d9662,APE,0.5192104
0xe1929facb0bb53baa1fc6e91a31190ef228d9662,APT,0.47574466
0xe1929facb0bb53baa1fc6e91a31190ef228d9662,ATOM,0.5134346
0xe1929facb0bb53baa1fc6e91a31190ef228d9662,AVAX,0.5209865
0xe1929facb0bb53baa1fc6e91a31190ef228d9662,AXS,0.48904216
0xe1929facb0bb53baa1fc6e91a31190ef228d9662,BAL,0.49664697
0xe1929facb0bb53baa1fc6e91a31190ef228d9662,BCH,0.5190424
0xe1929facb0bb53baa1fc6e91a31190ef228d9662,BLUR,0.51384246
0xe1929facb0bb53baa1fc6e91a31190ef228d9662,BNB,0.5483758
0xe1929facb0bb53baa1fc6e91a31190ef228d9662,BONK,0.523607
0xe1929facb0bb53baa1fc6e91a31190ef228d9662,BTC,0.54130685
0xe1929facb0bb53baa1fc6e91a31190ef228d9662,C98,0.44710064
0xe1929facb0bb53baa1fc6e91a31190ef228d9662,CAKE,0.51813906
0xe1929facb0bb53baa1fc6e91a31190ef228d9662,COMP,0.5292308
0xe1929facb0bb53baa1fc6e91a31190ef228d9662,CRV,0.49668217
0xe1929facb0bb53baa1fc6e91a31190ef228d9662,CVX,0.50689685
0xe1929facb0bb53baa1fc6e91a31190ef228d9662,DAI,0.6105464
0xe1929facb0bb53baa1fc6e91a31190ef228d9662,DAO,0.37904656
0xe1929facb0bb53baa1fc6e91a31190ef228d9662,DOGE,0.52204406
0xe1929facb0bb53baa1fc6e91a31190ef228d9662,DOT,0.45460224
0xe1929facb0bb53baa1fc6e91a31190ef228d9662,DYDX,0.52296853
0xe1929facb0bb53baa1fc6e91a31190ef228d9662,EOS,0.52858645
0xe1929facb0bb53baa1fc6e91a31190ef228d9662,ETC,0.5253417
0xe1929facb0bb53baa1fc6e91a31190ef228d9662,ETH,0.5417166
0xe1929facb0bb53baa1fc6e91a31190ef228d9662,FET,0.5197831
0xe1929facb0bb53baa1fc6e91a31190ef228d9662,FIL,0.5061083
0xe1929facb0bb53baa1fc6e91a31190ef228d9662,FRAX,0.612721
0xe1929facb0bb53baa1fc6e91a31190ef228d9662,FTM,0.5176345
0xe1929facb0bb53baa1fc6e91a31190ef228d9662,FXS,0.5028687
0xe1929facb0bb53baa1fc6e91a31190ef228d9662,GRT,0.5191039
0xe1929facb0bb53baa1fc6e91a31190ef228d9662,HAI,0.51444733
0xe1929facb0bb53baa1fc6e91a31190ef228d9662,HERO,0.52033406
0xe1929facb0bb53baa1fc6e91a31190ef228d9662,ICP,0.4710112
0xe1929facb0bb53baa1fc6e91a31190ef228d9662,IMX,0.5090881
0xe1929facb0bb53baa1fc6e91a31190ef228d9662,INJ,0.52727205
0xe1929facb0bb53baa1fc6e91a31190ef228d9662,LDO,0.5226948
0xe1929facb0bb53baa1fc6e91a31190ef228d9662,LINK,0.52268636
0xe1929facb0bb53baa1fc6e91a31190ef228d9662,LTC,0.53582
0xe1929facb0bb53baa1fc6e91a31190ef228d9662,MATIC,0.5215951
0xe1929facb0bb53baa1fc6e91a31190ef228d9662,MAV,0.5131083
0xe1929facb0bb53baa1fc6e91a31190ef228d9662,MBOX,0.5218441
0xe1929facb0bb53baa1fc6e91a31190ef228d9662,MKR,0.53082716
0xe1929facb0bb53baa1fc6e91a31190ef228d9662,MOON,0.45722693
0xe1929facb0bb53baa1fc6e91a31190ef228d9662,NEAR,0.4629788
0xe1929facb0bb53baa1fc6e91a31190ef228d9662,OP,0.5044624
0xe1929facb0bb53baa1fc6e91a31190ef228d9662,PENDLE,0.48623493
0xe1929facb0bb53baa1fc6e91a31190ef228d9662,PEPE,0.5185709
0xe1929facb0bb53baa1fc6e91a31190ef228d9662,PERP,0.2812879
0xe1929facb0bb53baa1fc6e91a31190ef228d9662,PIT,0.5312132
0xe1929facb0bb53baa1fc6e91a31190ef228d9662,POLS,0.52772903
0xe1929facb0bb53baa1fc6e91a31190ef228d9662,PYTH,0.499638
0xe1929facb0bb53baa1fc6e91a31190ef228d9662,QUACK,0.43042967
0xe1929facb0bb53baa1fc6e91a31190ef228d9662,RDNT,0.5191481
0xe1929facb0bb53baa1fc6e91a31190ef228d9662,RNDR,0.52504295
0xe1929facb0bb53baa1fc6e91a31190ef228d9662,RPL,0.49291125
0xe1929facb0bb53baa1fc6e91a31190ef228d9662,RUNE,0.53010404
0xe1929facb0bb53baa1fc6e91a31190ef228d9662,SFP,0.5157798
0xe1929facb0bb53baa1fc6e91a31190ef228d9662,SFUND,0.4961812
0xe1929facb0bb53baa1fc6e91a31190ef228d9662,SHIB,0.52345896
0xe1929facb0bb53baa1fc6e91a31190ef228d9662,SOL,0.52381957
0xe1929facb0bb53baa1fc6e91a31190ef228d9662,STG,0.4576394
0xe1929facb0bb53baa1fc6e91a31190ef228d9662,SUI,0.51632255
0xe1929facb0bb53baa1fc6e91a31190ef228d9662,SUSHI,0.52299225
0xe1929facb0bb53baa1fc6e91a31190ef228d9662,TIA,0.5126616
0xe1929facb0bb53baa1fc6e91a31190ef228d9662,TOKEN,0.51020676
0xe1929facb0bb53baa1fc6e91a31190ef228d9662,TRX,0.5611873
0xe1929facb0bb53baa1fc6e91a31190ef228d9662,UNI,0.5057327
0xe1929facb0bb53baa1fc6e91a31190ef228d9662,USDT,0.6197642
0xe1929facb0bb53baa1fc6e91a31190ef228d9662,XLM,0.5219699
0xe1929facb0bb53baa1fc6e91a31190ef228d9662,XMR,0.50798357
0xe1929facb0bb53baa1fc6e91a31190ef228d9662,XRP,0.5188214
0xe1929facb0bb53baa1fc6e91a31190ef228d9662,XTZ,0.52167106
0xe1929facb0bb53baa1fc6e91a31190ef228d9662,XVS,0.51452804
0xe1929facb0bb53baa1fc6e91a31190ef228d9662,YFI,0.5185613
0xeba5ba85f72e40a9f2b8782c2bd51ec31a5564da,AAVE,0.5421493
0xeba5ba85f72e40a9f2b8782c2bd51ec31a5564da,ADA,0.5148738
0xeba5ba85f72e40a9f2b8782c2bd51ec31a5564da,ALGO,0.54273355
0xeba5ba85f72e40a9f2b8782c2bd51ec31a5564da,APE,0.52683043
0xeba5ba85f72e40a9f2b8782c2bd51ec31a5564da,APT,0.47634253
0xeba5ba85f72e40a9f2b8782c2bd51ec31a5564da,ATOM,0.5166929
0xeba5ba85f72e40a9f2b8782c2bd51ec31a5564da,AVAX,0.5149199
0xeba5ba85f72e40a9f2b8782c2bd51ec31a5564da,AXS,0.49876466
0xeba5ba85f72e40a9f2b8782c2bd51ec31a5564da,BAL,0.5102325
0xeba5ba85f72e40a9f2b8782c2bd51ec31a5564da,BCH,0.5162291
0xeba5ba85f72e40a9f2b8782c2bd51ec31a5564da,BLUR,0.5248639
0xeba5ba85f72e40a9f2b8782c2bd51ec31a5564da,BNB,0.5360036
0xeba5ba85f72e40a9f2b8782c2bd51ec31a5564da,BONK,0.53141564
0xeba5ba85f72e40a9f2b8782c2bd51ec31a5564da,BTC,0.5650786
0xeba5ba85f72e40a9f2b8782c2bd51ec31a5564da,C98,0.4246675
0xeba5ba85f72e40a9f2b8782c2bd51ec31a5564da,CAKE,0.5295239
0xeba5ba85f72e40a9f2b8782c2bd51ec31a5564da,COMP,0.5296285
0xeba5ba85f72e40a9f2b8782c2bd51ec31a5564da,CRV,0.5097113
0xeba5ba85f72e40a9f2b8782c2bd51ec31a5564da,CVX,0.4902545
0xeba5ba85f72e40a9f2b8782c2bd51ec31a5564da,DAI,0.6334204
0xeba5ba85f72e40a9f2b8782c2bd51ec31a5564da,DAO,0.37704667
0xeba5ba85f72e40a9f2b8782c2bd51ec31a5564da,DOGE,0.52869684
0xeba5ba85f72e40a9f2b8782c2bd51ec31a5564da,DOT,0.44154954
0xeba5ba85f72e40a9f2b8782c2bd51ec31a5564da,DYDX,0.5283422
0xeba5ba85f72e40a9f2b8782c2bd51ec31a5564da,EOS,0.5237934
0xeba5ba85f72e40a9f2b8782c2bd51ec31a5564da,ETC,0.5308266
0xeba5ba85f72e40a9f2b8782c2bd51ec31a5564da,ETH,0.55912673
0xeba5ba85f72e40a9f2b8782c2bd51ec31a5564da,FET,0.51498514
0xeba5ba85f72e40a9f2b8782c2bd51ec31a5564da,FIL,0.50143015
0xeba5ba85f72e40a9f2b8782c2bd51ec31a5564da,FRAX,0.6618702
0xeba5ba85f72e40a9f2b8782c2bd51ec31a5564da,FTM,0.52231485
0xeba5ba85f72e40a9f2b8782c2bd51ec31a5564da,FXS,0.51396793
0xeba5ba85f72e40a9f2b8782c2bd51ec31a5564da,GRT,0.53541774
0xeba5ba85f72e40a9f2b8782c2bd51ec31a5564da,HAI,0.5080571
0xeba5ba85f72e40a9f2b8782c2bd51ec31a5564da,HERO,0.526037
0xeba5ba85f72e40a9f2b8782c2bd51ec31a5564da,ICP,0.48774624
0xeba5ba85f72e40a9f2b8782c2bd51ec31a5564da,IMX,0.5142048
0xeba5ba85f72e40a9f2b8782c2bd51ec31a5564da,INJ,0.53592443
0xeba5ba85f72e40a9f2b8782c2bd51ec31a5564da,LDO,0.52852345
0xeba5ba85f72e40a9f2b8782c2bd51ec31a5564da,LINK,0.5393483
0xeba5ba85f72e40a9f2b8782c2bd51ec31a5564da,LTC,0.5522925
0xeba5ba85f72e40a9f2b8782c2bd51ec31a5564da,MATIC,0.5163881
0xeba5ba85f72e40a9f2b8782c2bd51ec31a5564da,MAV,0.5134647
0xeba5ba85f72e40a9f2b8782c2bd51ec31a5564da,MBOX,0.5192111
0xeba5ba85f72e40a9f2b8782c2bd51ec31a5564da,MKR,0.5786948
0xeba5ba85f72e40a9f2b8782c2bd51ec31a5564da,MOON,0.4888064
0xeba5ba85f72e40a9f2b8782c2bd51ec31a5564da,NEAR,0.46045598
0xeba5ba85f72e40a9f2b8782c2bd51ec31a5564da,OP,0.53112376
0xeba5ba85f72e40a9f2b8782c2bd51ec31a5564da,PENDLE,0.48046485
0xeba5ba85f72e40a9f2b8782c2bd51ec31a5564da,PEPE,0.51161593
0xeba5ba85f72e40a9f2b8782c2bd51ec31a5564da,PERP,0.3060895
0xeba5ba85f72e40a9f2b8782c2bd51ec31a5564da,PIT,0.5440165
0xeba5ba85f72e40a9f2b8782c2bd51ec31a5564da,POLS,0.530011
0xeba5ba85f72e40a9f2b8782c2bd51ec31a5564da,PYTH,0.50732595
0xeba5ba85f72e40a9f2b8782c2bd51ec31a5564da,QUACK,0.4433056
0xeba5ba85f72e40a9f2b8782c2bd51ec31a5564da,RDNT,0.50967187
0xeba5ba85f72e40a9f2b8782c2bd51ec31a5564da,RNDR,0.5181505
0xeba5ba85f72e40a9f2b8782c2bd51ec31a5564da,RPL,0.4701543
0xeba5ba85f72e40a9f2b8782c2bd51ec31a5564da,RUNE,0.52158505
0xeba5ba85f72e40a9f2b8782c2bd51ec31a5564da,SFP,0.5195387
0xeba5ba85f72e40a9f2b8782c2bd51ec31a5564da,SFUND,0.47942933
0xeba5ba85f72e40a9f2b8782c2bd51ec31a5564da,SHIB,0.53486645
0xeba5ba85f72e40a9f2b8782c2bd51ec31a5564da,SOL,0.54100794
0xeba5ba85f72e40a9f2b8782c2bd51ec31a5564da,STG,0.439181
0xeba5ba85f72e40a9f2b8782c2bd51ec31a5564da,SUI,0.535333
0xeba5ba85f72e40a9f2b8782c2bd51ec31a5564da,SUSHI,0.526172
0xeba5ba85f72e40a9f2b8782c2bd51ec31a5564da,TIA,0.5018757
0xeba5ba85f72e40a9f2b8782c2bd51ec31a5564da,TOKEN,0.51586336
0xeba5ba85f72e40a9f2b8782c2bd51ec31a5564da,TRX,0.5622846
0xeba5ba85f72e40a9f2b8782c2bd51ec31a5564da,UNI,0.49355593
0xeba5ba85f72e40a9f2b8782c2bd51ec31a5564da,USDT,0.62291074
0xeba5ba85f72e40a9f2b8782c2bd51ec31a5564da,XLM,0.52704626
0xeba5ba85f72e40a9f2b8782c2bd51ec31a5564da,XMR,0.5421782
0xeba5ba85f72e40a9f2b8782c2bd51ec31a5564da,XRP,0.54068357
0xeba5ba85f72e40a9f2b8782c2bd51ec31a5564da,XTZ,0.5310914
0xeba5ba85f72e40a9f2b8782c2bd51ec31a5564da,XVS,0.5007104
0xeba5ba85f72e40a9f2b8782c2bd51ec31a5564da,YFI,0.5353491
0xf097ed117dd3930f1eeb91569a6a61b4c52744c8,AAVE,0.51848495
0xf097ed117dd3930f1eeb91569a6a61b4c52744c8,ADA,0.5164271
0xf097ed117dd3930f1eeb91569a6a61b4c52744c8,ALGO,0.5291819
0xf097ed117dd3930f1eeb91569a6a61b4c52744c8,APE,0.51512265
0xf097ed117dd3930f1eeb91569a6a61b4c52744c8,APT,0.4820932
0xf097ed117dd3930f1eeb91569a6a61b4c52744c8,ATOM,0.51436704
0xf097ed117dd3930f1eeb91569a6a61b4c52744c8,AVAX,0.5063947
0xf097ed117dd3930f1eeb91569a6a61b4c52744c8,AXS,0.5002183
0xf097ed117dd3930f1eeb91569a6a61b4c52744c8,BAL,0.5047109
0xf097ed117dd3930f1eeb91569a6a61b4c52744c8,BCH,0.5383779
0xf097ed117dd3930f1eeb91569a6a61b4c52744c8,BLUR,0.5194462
0xf097ed117dd3930f1eeb91569a6a61b4c52744c8,BNB,0.53726363
0xf097ed117dd3930f1eeb91569a6a61b4c52744c8,BONK,0.5147669
0xf097ed117dd3930f1eeb91569a6a61b4c52744c8,BTC,0.5579494
0xf097ed117dd3930f1eeb91569a6a61b4c52744c8,C98,0.41809452
0xf097ed117dd3930f1eeb91569a6a61b4c52744c8,CAKE,0.5156179
0xf097ed117dd3930f1eeb91569a6a61b4c52744c8,COMP,0.5229014
0xf097ed117dd3930f1eeb91569a6a61b4c52744c8,CRV,0.49852085
0xf097ed117dd3930f1eeb91569a6a61b4c52744c8,CVX,0.49682808
0xf097ed117dd3930f1eeb91569a6a61b4c52744c8,DAI,0.6191937
0xf097ed117dd3930f1eeb91569a6a61b4c52744c8,DAO,0.36588052
0xf097ed117dd3930f1eeb91569a6a61b4c52744c8,DOGE,0.5168271
0xf097ed117dd3930f1eeb91569a6a61b4c52744c8,DOT,0.45183223
0xf097ed117dd3930f1eeb91569a6a61b4c52744c8,DYDX,0.5199373
0xf097ed117dd3930f1eeb91569a6a61b4c52744c8,EOS,0.5389391
0xf097ed117dd3930f1eeb91569a6a61b4c52744c8,ETC,0.5224314
0xf097ed117dd3930f1eeb91569a6a61b4c52744c8,ETH,0.54419804
0xf097ed117dd3930f1eeb91569a6a61b4c52744c8,FET,0.5065619
0xf097ed117dd3930f1eeb91569a6a61b4c52744c8,FIL,0.49602282
0xf097ed117dd3930f1eeb91569a6a61b4c52744c8,FRAX,0.64513206
0xf097ed117dd3930f1eeb91569a6a61b4c52744c8,FTM,0.5222501
0xf097ed117dd3930f1eeb91569a6a61b4c52744c8,FXS,0.51201415
0xf097ed117dd3930f1eeb91569a6a61b4c52744c8,GRT,0.52607495
0xf097ed117dd3930f1eeb91569a6a61b4c52744c8,HAI,0.5165568
0xf097ed117dd3930f1eeb91569a6a61b4c52744c8,HERO,0.5230571
0xf097ed117dd3930f1eeb91569a6a61b4c52744c8,ICP,0.49161518
0xf097ed117dd3930f1eeb91569a6a61b4c52744c8,IMX,0.51215273
0xf097ed117dd3930f1eeb91569a6a61b4c52744c8,INJ,0.5288507
0xf097ed117dd3930f1eeb91569a6a61b4c52744c8,LDO,0.5195219
0xf097ed117dd3930f1eeb91569a6a61b4c52744c8,LINK,0.5249851
0xf097ed117dd3930f1eeb91569a6a61b4c52744c8,LTC,0.53696173
0xf097ed117dd3930f1eeb91569a6a61b4c52744c8,MATIC,0.5156725
0xf097ed117dd3930f1eeb91569a6a61b4c52744c8,MAV,0.5079377
0xf097ed117dd3930f1eeb91569a6a61b4c52744c8,MBOX,0.516216
0xf097ed117dd3930f1eeb91569a6a61b4c52744c8,MKR,0.5568697
0xf097ed117dd3930f1eeb91569a6a61b4c52744c8,MOON,0.48777515
0xf097ed117dd3930f1eeb91569a6a61b4c52744c8,NEAR,0.46371874
0xf097ed117dd3930f1eeb91569a6a61b4c52744c8,OP,0.5151994
0xf097ed117dd3930f1eeb91569a6a61b4c52744c8,PENDLE,0.4824524
0xf097ed117dd3930f1eeb91569a6a61b4c52744c8,PEPE,0.5081516
0xf097ed117dd3930f1eeb91569a6a61b4c52744c8,PERP,0.31370285
0xf097ed117dd3930f1eeb91569a6a61b4c52744c8,PIT,0.53139365
0xf097ed117dd3930f1eeb91569a6a61b4c52744c8,POLS,0.51781124
0xf097ed117dd3930f1eeb91569a6a61b4c52744c8,PYTH,0.50120735
0xf097ed117dd3930f1eeb91569a6a61b4c52744c8,QUACK,0.44686797
0xf097ed117dd3930f1eeb91569a6a61b4c52744c8,RDNT,0.51232284
0xf097ed117dd3930f1eeb91569a6a61b4c52744c8,RNDR,0.5148386
0xf097ed117dd3930f1eeb91569a6a61b4c52744c8,RPL,0.4785686
0xf097ed117dd3930f1eeb91569a6a61b4c52744c8,RUNE,0.52160543
0xf097ed117dd3930f1eeb91569a6a61b4c52744c8,SFP,0.51755625
0xf097ed117dd3930f1eeb91569a6a61b4c52744c8,SFUND,0.48772845
0xf097ed117dd3930f1eeb91569a6a61b4c52744c8,SHIB,0.51813203
0xf097ed117dd3930f1eeb91569a6a61b4c52744c8,SOL,0.5201591
0xf097ed117dd3930f1eeb91569a6a61b4c52744c8,STG,0.44393995
0xf097ed117dd3930f1eeb91569a6a61b4c52744c8,SUI,0.5233396
0xf097ed117dd3930f1eeb91569a6a61b4c52744c8,SUSHI,0.51864415
0xf097ed117dd3930f1eeb91569a6a61b4c52744c8,TIA,0.49938947
0xf097ed117dd3930f1eeb91569a6a61b4c52744c8,TOKEN,0.5110908
0xf097ed117dd3930f1eeb91569a6a61b4c52744c8,TRX,0.5520592
0xf097ed117dd3930f1eeb91569a6a61b4c52744c8,UNI,0.4988542
0xf097ed117dd3930f1eeb91569a6a61b4c52744c8,USDT,0.59570664
0xf097ed117dd3930f1eeb91569a6a61b4c52744c8,XLM,0.5210623
0xf097ed117dd3930f1eeb91569a6a61b4c52744c8,XMR,0.5298636
0xf097ed117dd3930f1eeb91569a6a61b4c52744c8,XRP,0.52017874
0xf097ed117dd3930f1eeb91569a6a61b4c52744c8,XTZ,0.5214378
0xf097ed117dd3930f1eeb91569a6a61b4c52744c8,XVS,0.49697754
0xf097ed117dd3930f1eeb91569a6a61b4c52744c8,YFI,0.5238018
0xf8d50e3283fb6bf41260f7f294a48587d2a9b1fa,AAVE,0.5096667698913495
0xf8d50e3283fb6bf41260f7f294a48587d2a9b1fa,ADA,0.5710073076235007
0xf8d50e3283fb6bf41260f7f294a48587d2a9b1fa,ALGO,0.5609997836359203
0xf8d50e3283fb6bf41260f7f294a48587d2a9b1fa,APE,0.5265507144653541
0xf8d50e3283fb6bf41260f7f294a48587d2a9b1fa,APT,0.4590236075870833
0xf8d50e3283fb6bf41260f7f294a48587d2a9b1fa,ATOM,0.4748431994525011
0xf8d50e3283fb6bf41260f7f294a48587d2a9b1fa,AVAX,0.5557520625224197
0xf8d50e3283fb6bf41260f7f294a48587d2a9b1fa,AXS,0.492989210471134
0xf8d50e3283fb6bf41260f7f294a48587d2a9b1fa,BAL,0.4043081988943087
0xf8d50e3283fb6bf41260f7f294a48587d2a9b1fa,BCH,0.5108451943710905
0xf8d50e3283fb6bf41260f7f294a48587d2a9b1fa,BLUR,0.5339493817625509
0xf8d50e3283fb6bf41260f7f294a48587d2a9b1fa,BNB,0.5719609349258925
0xf8d50e3283fb6bf41260f7f294a48587d2a9b1fa,BONK,0.5726868276573885
0xf8d50e3283fb6bf41260f7f294a48587d2a9b1fa,BTC,0.5779906643342118
0xf8d50e3283fb6bf41260f7f294a48587d2a9b1fa,C98,0.4582538481375002
0xf8d50e3283fb6bf41260f7f294a48587d2a9b1fa,CAKE,0.5360327210136931
0xf8d50e3283fb6bf41260f7f294a48587d2a9b1fa,COMP,0.5384574246222721
0xf8d50e3283fb6bf41260f7f294a48587d2a9b1fa,CRV,0.5197990501204308
0xf8d50e3283fb6bf41260f7f294a48587d2a9b1fa,CVX,0.4740083369000058
0xf8d50e3283fb6bf41260f7f294a48587d2a9b1fa,DAI,0.6709647730269941
0xf8d50e3283fb6bf41260f7f294a48587d2a9b1fa,DAO,0.4032601380706742
0xf8d50e3283fb6bf41260f7f294a48587d2a9b1fa,DOGE,0.5353391111695669
0xf8d50e3283fb6bf41260f7f294a48587d2a9b1fa,DOT,0.4640899722673849
0xf8d50e3283fb6bf41260f7f294a48587d2a9b1fa,DYDX,0.5197417802325638
0xf8d50e3283fb6bf41260f7f294a48587d2a9b1fa,EOS,0.4936498762720361
0xf8d50e3283fb6bf41260f7f294a48587d2a9b1fa,ETC,0.5465128858411312
0xf8d50e3283fb6bf41260f7f294a48587d2a9b1fa,ETH,0.5490588232586301
0xf8d50e3283fb6bf41260f7f294a48587d2a9b1fa,FET,0.5156917135787327
0xf8d50e3283fb6bf41260f7f294a48587d2a9b1fa,FIL,0.5142514020336003
0xf8d50e3283fb6bf41260f7f294a48587d2a9b1fa,FRAX,0.6325603271141229
0xf8d50e3283fb6bf41260f7f294a48587d2a9b1fa,FTM,0.5320207508821377
0xf8d50e3283fb6bf41260f7f294a48587d2a9b1fa,FXS,0.5354513289649737
0xf8d50e3283fb6bf41260f7f294a48587d2a9b1fa,GRT,0.5255254715923373
0xf8d50e3283fb6bf41260f7f294a48587d2a9b1fa,HAI,0.480619401732703
0xf8d50e3283fb6bf41260f7f294a48587d2a9b1fa,HERO,0.5225116886351023
0xf8d50e3283fb6bf41260f7f294a48587d2a9b1fa,ICP,0.4729977128946941
0xf8d50e3283fb6bf41260f7f294a48587d2a9b1fa,IMX,0.5076509824810239
0xf8d50e3283fb6bf41260f7f294a48587d2a9b1fa,INJ,0.5226300853001473
0xf8d50e3283fb6bf41260f7f294a48587d2a9b1fa,LDO,0.4968204603998727
0xf8d50e3283fb6bf41260f7f294a48587d2a9b1fa,LINK,0.5582486011774471
0xf8d50e3283fb6bf41260f7f294a48587d2a9b1fa,LTC,0.5658676206689325
0xf8d50e3283fb6bf41260f7f294a48587d2a9b1fa,MATIC,0.5188610704928837
0xf8d50e3283fb6bf41260f7f294a48587d2a9b1fa,MAV,0.5065160237934162
0xf8d50e3283fb6bf41260f7f294a48587d2a9b1fa,MBOX,0.5115804210718903
0xf8d50e3283fb6bf41260f7f294a48587d2a9b1fa,MKR,0.504180956082563
0xf8d50e3283fb6bf41260f7f294a48587d2a9b1fa,MOON,0.5585832041066612
0xf8d50e3283fb6bf41260f7f294a48587d2a9b1fa,NEAR,0.4673034882798946
0xf8d50e3283fb6bf41260f7f294a48587d2a9b1fa,OP,0.4810938877445463
0xf8d50e3283fb6bf41260f7f294a48587d2a9b1fa,PENDLE,0.4738936660334559
0xf8d50e3283fb6bf41260f7f294a48587d2a9b1fa,PEPE,0.5091880348949775
0xf8d50e3283fb6bf41260f7f294a48587d2a9b1fa,PERP,0.3654333777669998
0xf8d50e3283fb6bf41260f7f294a48587d2a9b1fa,PIT,0.5232175793746335
0xf8d50e3283fb6bf41260f7f294a48587d2a9b1fa,POLS,0.5574113394898642
0xf8d50e3283fb6bf41260f7f294a48587d2a9b1fa,PYTH,0.4841128311493919
0xf8d50e3283fb6bf41260f7f294a48587d2a9b1fa,QUACK,0.4787916924433574
0xf8d50e3283fb6bf41260f7f294a48587d2a9b1fa,RDNT,0.5129302052756075
0xf8d50e3283fb6bf41260f7f294a48587d2a9b1fa,RNDR,0.5217499723576039
0xf8d50e3283fb6bf41260f7f294a48587d2a9b1fa,RPL,0.474547279690266
0xf8d50e3283fb6bf41260f7f294a48587d2a9b1fa,RUNE,0.5409703759127356
0xf8d50e3283fb6bf41260f7f294a48587d2a9b1fa,SFP,0.5496600990173857
0xf8d50e3283fb6bf41260f7f294a48587d2a9b1fa,SFUND,0.480719434634583
0xf8d50e3283fb6bf41260f7f294a48587d2a9b1fa,SHIB,0.5240404122438268
0xf8d50e3283fb6bf41260f7f294a48587d2a9b1fa,SOL,0.5804495648077436
0xf8d50e3283fb6bf41260f7f294a48587d2a9b1fa,STG,0.4767525674971669
0xf8d50e3283fb6bf41260f7f294a48587d2a9b1fa,SUI,0.5286263288769807
0xf8d50e3283fb6bf41260f7f294a48587d2a9b1fa,SUSHI,0.5346640965738756
0xf8d50e3283fb6bf41260f7f294a48587d2a9b1fa,TIA,0.4986677362351906
0xf8d50e3283fb6bf41260f7f294a48587d2a9b1fa,TOKEN,0.5015336303949629
0xf8d50e3283fb6bf41260f7f294a48587d2a9b1fa,TRX,0.6200961286584344
0xf8d50e3283fb6bf41260f7f294a48587d2a9b1fa,UNI,0.4800222006777924
0xf8d50e3283fb6bf41260f7f294a48587d2a9b1fa,USDT,0.6399644476818324
0xf8d50e3283fb6bf41260f7f294a48587d2a9b1fa,XLM,0.511096103165338
0xf8d50e3283fb6bf41260f7f294a48587d2a9b1fa,XMR,0.5461416476814244
0xf8d50e3283fb6bf41260f7f294a48587d2a9b1fa,XRP,0.6049557266267811
0xf8d50e3283fb6bf41260f7f294a48587d2a9b1fa,XTZ,0.5341302324005278
0xf8d50e3283fb6bf41260f7f294a48587d2a9b1fa,XVS,0.5053399728907447
0xf8d50e3283fb6bf41260f7f294a48587d2a9b1fa,YFI,0.5333424191691302
0xfb2744ba3942d3bbf6717448e82299b731ca7ae7,AAVE,0.5049626869194671
0xfb2744ba3942d3bbf6717448e82299b731ca7ae7,ADA,0.5298172422740876
0xfb2744ba3942d3bbf6717448e82299b731ca7ae7,ALGO,0.5620045600161825
0xfb2744ba3942d3bbf6717448e82299b731ca7ae7,APE,0.5127784489719386
0xfb2744ba3942d3bbf6717448e82299b731ca7ae7,APT,0.4657901073430356
0xfb2744ba3942d3bbf6717448e82299b731ca7ae7,ATOM,0.5132121383443324
0xfb2744ba3942d3bbf6717448e82299b731ca7ae7,AVAX,0.5091151464221728
0xfb2744ba3942d3bbf6717448e82299b731ca7ae7,AXS,0.4842199172915935
0xfb2744ba3942d3bbf6717448e82299b731ca7ae7,BAL,0.4862602151475725
0xfb2744ba3942d3bbf6717448e82299b731ca7ae7,BCH,0.5221519889804743
0xfb2744ba3942d3bbf6717448e82299b731ca7ae7,BLUR,0.5030102155542175
0xfb2744ba3942d3bbf6717448e82299b731ca7ae7,BNB,0.5632640485896281
0xfb2744ba3942d3bbf6717448e82299b731ca7ae7,BONK,0.5444752620340806
0xfb2744ba3942d3bbf6717448e82299b731ca7ae7,BTC,0.5553252637803608
0xfb2744ba3942d3bbf6717448e82299b731ca7ae7,C98,0.4324882282009513
0xfb2744ba3942d3bbf6717448e82299b731ca7ae7,CAKE,0.5477488981418719
0xfb2744ba3942d3bbf6717448e82299b731ca7ae7,COMP,0.5313908835315431
0xfb2744ba3942d3bbf6717448e82299b731ca7ae7,CRV,0.5073215299677531
0xfb2744ba3942d3bbf6717448e82299b731ca7ae7,CVX,0.4979928725037463
0xfb2744ba3942d3bbf6717448e82299b731ca7ae7,DAI,0.6723305002849718
0xfb2744ba3942d3bbf6717448e82299b731ca7ae7,DAO,0.3443612643578203
0xfb2744ba3942d3bbf6717448e82299b731ca7ae7,DOGE,0.5316727723194895
0xfb2744ba3942d3bbf6717448e82299b731ca7ae7,DOT,0.4488961092394448
0xfb2744ba3942d3bbf6717448e82299b731ca7ae7,DYDX,0.5308143421105914
0xfb2744ba3942d3bbf6717448e82299b731ca7ae7,EOS,0.5066484575509185
0xfb2744ba3942d3bbf6717448e82299b731ca7ae7,ETC,0.5359734908948055
0xfb2744ba3942d3bbf6717448e82299b731ca7ae7,ETH,0.6114196275968765
0xfb2744ba3942d3bbf6717448e82299b731ca7ae7,FET,0.5219748795320168
0xfb2744ba3942d3bbf6717448e82299b731ca7ae7,FIL,0.5036708951682732
0xfb2744ba3942d3bbf6717448e82299b731ca7ae7,FRAX,0.6766485216672498
0xfb2744ba3942d3bbf6717448e82299b731ca7ae7,FTM,0.5417498001949976
0xfb2744ba3942d3bbf6717448e82299b731ca7ae7,FXS,0.5300156443015228
0xfb2744ba3942d3bbf6717448e82299b731ca7ae7,GRT,0.5200840644535133
0xfb2744ba3942d3bbf6717448e82299b731ca7ae7,HAI,0.4964290786492557
0xfb2744ba3942d3bbf6717448e82299b731ca7ae7,HERO,0.5191777376035535
0xfb2744ba3942d3bbf6717448e82299b731ca7ae7,ICP,0.4864030849209627
0xfb2744ba3942d3bbf6717448e82299b731ca7ae7,IMX,0.4859232760787108
0xfb2744ba3942d3bbf6717448e82299b731ca7ae7,INJ,0.5312687909579432
0xfb2744ba3942d3bbf6717448e82299b731ca7ae7,LDO,0.5179955903833662
0xfb2744ba3942d3bbf6717448e82299b731ca7ae7,LINK,0.5377327574433686
0xfb2744ba3942d3bbf6717448e82299b731ca7ae7,LTC,0.568568995539358
0xfb2744ba3942d3bbf6717448e82299b731ca7ae7,MATIC,0.5030107385174689
0xfb2744ba3942d3bbf6717448e82299b731ca7ae7,MAV,0.5242543000290378
0xfb2744ba3942d3bbf6717448e82299b731ca7ae7,MBOX,0.51642038709681
0xfb2744ba3942d3bbf6717448e82299b731ca7ae7,MKR,0.5748471209229661
0xfb2744ba3942d3bbf6717448e82299b731ca7ae7,MOON,0.4340212105024214
0xfb2744ba3942d3bbf6717448e82299b731ca7ae7,NEAR,0.4523779688436686
0xfb2744ba3942d3bbf6717448e82299b731ca7ae7,OP,0.5365295271965418
0xfb2744ba3942d3bbf6717448e82299b731ca7ae7,PENDLE,0.4770916719274315
0xfb2744ba3942d3bbf6717448e82299b731ca7ae7,PEPE,0.5261227214339276
0xfb2744ba3942d3bbf6717448e82299b731ca7ae7,PERP,0.3047970255932344
0xfb2744ba3942d3bbf6717448e82299b731ca7ae7,PIT,0.5552790893258505
0xfb2744ba3942d3bbf6717448e82299b731ca7ae7,POLS,0.5028282669748853
0xfb2744ba3942d3bbf6717448e82299b731ca7ae7,PYTH,0.4960745155792389
0xfb2744ba3942d3bbf6717448e82299b731ca7ae7,QUACK,0.4840857383754909
0xfb2744ba3942d3bbf6717448e82299b731ca7ae7,RDNT,0.5175887187174988
0xfb2744ba3942d3bbf6717448e82299b731ca7ae7,RNDR,0.5127134141883783
0xfb2744ba3942d3bbf6717448e82299b731ca7ae7,RPL,0.4825244655220085
0xfb2744ba3942d3bbf6717448e82299b731ca7ae7,RUNE,0.541341234332451
0xfb2744ba3942d3bbf6717448e82299b731ca7ae7,SFP,0.5400579297979956
0xfb2744ba3942d3bbf6717448e82299b731ca7ae7,SFUND,0.4833801373973775
0xfb2744ba3942d3bbf6717448e82299b731ca7ae7,SHIB,0.5543438134523364
0xfb2744ba3942d3bbf6717448e82299b731ca7ae7,SOL,0.5822603227357778
0xfb2744ba3942d3bbf6717448e82299b731ca7ae7,STG,0.4482456219727084
0xfb2744ba3942d3bbf6717448e82299b731ca7ae7,SUI,0.5187726663418221
0xfb2744ba3942d3bbf6717448e82299b731ca7ae7,SUSHI,0.5119143761603185
0xfb2744ba3942d3bbf6717448e82299b731ca7ae7,TIA,0.4812418015526193
0xfb2744ba3942d3bbf6717448e82299b731ca7ae7,TOKEN,0.5013579177416615
0xfb2744ba3942d3bbf6717448e82299b731ca7ae7,TRX,0.596943110053461
0xfb2744ba3942d3bbf6717448e82299b731ca7ae7,UNI,0.4894603899272879
0xfb2744ba3942d3bbf6717448e82299b731ca7ae7,USDT,0.6928073670878264
0xfb2744ba3942d3bbf6717448e82299b731ca7ae7,XLM,0.528548567155065
0xfb2744ba3942d3bbf6717448e82299b731ca7ae7,XMR,0.5244371675082565
0xfb2744ba3942d3bbf6717448e82299b731ca7ae7,XRP,0.5839528569304799
0xfb2744ba3942d3bbf6717448e82299b731ca7ae7,XTZ,0.52396114250677
0xfb2744ba3942d3bbf6717448e82299b731ca7ae7,XVS,0.4755981622992822
0xfb2744ba3942d3bbf6717448e82299b731ca7ae7,YFI,0.545883913560496
0xfb8bc3433016a64a3b8aa23c0275afe7c20feb53,AAVE,0.5068481
0xfb8bc3433016a64a3b8aa23c0275afe7c20feb53,ADA,0.50459915
0xfb8bc3433016a64a3b8aa23c0275afe7c20feb53,ALGO,0.5189222
0xfb8bc3433016a64a3b8aa23c0275afe7c20feb53,APE,0.51100624
0xfb8bc3433016a64a3b8aa23c0275afe7c20feb53,APT,0.4814005
0xfb8bc3433016a64a3b8aa23c0275afe7c20feb53,ATOM,0.5090972
0xfb8bc3433016a64a3b8aa23c0275afe7c20feb53,AVAX,0.51221865
0xfb8bc3433016a64a3b8aa23c0275afe7c20feb53,AXS,0.48838586
0xfb8bc3433016a64a3b8aa23c0275afe7c20feb53,BAL,0.49553967
0xfb8bc3433016a64a3b8aa23c0275afe7c20feb53,BCH,0.50769466
0xfb8bc3433016a64a3b8aa23c0275afe7c20feb53,BLUR,0.51680744
0xfb8bc3433016a64a3b8aa23c0275afe7c20feb53,BNB,0.5300579
0xfb8bc3433016a64a3b8aa23c0275afe7c20feb53,BONK,0.51337624
0xfb8bc3433016a64a3b8aa23c0275afe7c20feb53,BTC,0.5283225
0xfb8bc3433016a64a3b8aa23c0275afe7c20feb53,C98,0.45213228
0xfb8bc3433016a64a3b8aa23c0275afe7c20feb53,CAKE,0.51202136
0xfb8bc3433016a64a3b8aa23c0275afe7c20feb53,COMP,0.5146028
0xfb8bc3433016a64a3b8aa23c0275afe7c20feb53,CRV,0.5065208
0xfb8bc3433016a64a3b8aa23c0275afe7c20feb53,CVX,0.4992127
0xfb8bc3433016a64a3b8aa23c0275afe7c20feb53,DAI,0.5649402
0xfb8bc3433016a64a3b8aa23c0275afe7c20feb53,DAO,0.41260946
0xfb8bc3433016a64a3b8aa23c0275afe7c20feb53,DOGE,0.51191175
0xfb8bc3433016a64a3b8aa23c0275afe7c20feb53,DOT,0.4535093
0xfb8bc3433016a64a3b8aa23c0275afe7c20feb53,DYDX,0.51265365
0xfb8bc3433016a64a3b8aa23c0275afe7c20feb53,EOS,0.5191267
0xfb8bc3433016a64a3b8aa23c0275afe7c20feb53,ETC,0.51647085
0xfb8bc3433016a64a3b8aa23c0275afe7c20feb53,ETH,0.5248668
0xfb8bc3433016a64a3b8aa23c0275afe7c20feb53,FET,0.5166826
0xfb8bc3433016a64a3b8aa23c0275afe7c20feb53,FIL,0.50706947
0xfb8bc3433016a64a3b8aa23c0275afe7c20feb53,FRAX,0.5618478
0xfb8bc3433016a64a3b8aa23c0275afe7c20feb53,FTM,0.5114163
0xfb8bc3433016a64a3b8aa23c0275afe7c20feb53,FXS,0.5066011
0xfb8bc3433016a64a3b8aa23c0275afe7c20feb53,GRT,0.5163693
0xfb8bc3433016a64a3b8aa23c0275afe7c20feb53,HAI,0.51643825
0xfb8bc3433016a64a3b8aa23c0275afe7c20feb53,HERO,0.5121037
0xfb8bc3433016a64a3b8aa23c0275afe7c20feb53,ICP,0.48850092
0xfb8bc3433016a64a3b8aa23c0275afe7c20feb53,IMX,0.5071337
0xfb8bc3433016a64a3b8aa23c0275afe7c20feb53,INJ,0.5156512
0xfb8bc3433016a64a3b8aa23c0275afe7c20feb53,LDO,0.51188546
0xfb8bc3433016a64a3b8aa23c0275afe7c20feb53,LINK,0.51595885
0xfb8bc3433016a64a3b8aa23c0275afe7c20feb53,LTC,0.5258459
0xfb8bc3433016a64a3b8aa23c0275afe7c20feb53,MATIC,0.5157852
0xfb8bc3433016a64a3b8aa23c0275afe7c20feb53,MAV,0.5082231
0xfb8bc3433016a64a3b8aa23c0275afe7c20feb53,MBOX,0.51740205
0xfb8bc3433016a64a3b8aa23c0275afe7c20feb53,MKR,0.5246756
0xfb8bc3433016a64a3b8aa23c0275afe7c20feb53,MOON,0.45645583
0xfb8bc3433016a64a3b8aa23c0275afe7c20feb53,NEAR,0.46047235
0xfb8bc3433016a64a3b8aa23c0275afe7c20feb53,OP,0.49632522
0xfb8bc3433016a64a3b8aa23c0275afe7c20feb53,PENDLE,0.5017551
0xfb8bc3433016a64a3b8aa23c0275afe7c20feb53,PEPE,0.5120319
0xfb8bc3433016a64a3b8aa23c0275afe7c20feb53,PERP,0.40263763
0xfb8bc3433016a64a3b8aa23c0275afe7c20feb53,PIT,0.51848173
0xfb8bc3433016a64a3b8aa23c0275afe7c20feb53,POLS,0.5105541
0xfb8bc3433016a64a3b8aa23c0275afe7c20feb53,PYTH,0.50230026
0xfb8bc3433016a64a3b8aa23c0275afe7c20feb53,QUACK,0.47376084
0xfb8bc3433016a64a3b8aa23c0275afe7c20feb53,RDNT,0.5155243
0xfb8bc3433016a64a3b8aa23c0275afe7c20feb53,RNDR,0.5197106
0xfb8bc3433016a64a3b8aa23c0275afe7c20feb53,RPL,0.49623173
0xfb8bc3433016a64a3b8aa23c0275afe7c20feb53,RUNE,0.5231471
0xfb8bc3433016a64a3b8aa23c0275afe7c20feb53,SFP,0.51594496
0xfb8bc3433016a64a3b8aa23c0275afe7c20feb53,SFUND,0.5004186
0xfb8bc3433016a64a3b8aa23c0275afe7c20feb53,SHIB,0.51539856
0xfb8bc3433016a64a3b8aa23c0275afe7c20feb53,SOL,0.507024
0xfb8bc3433016a64a3b8aa23c0275afe7c20feb53,STG,0.46172547
0xfb8bc3433016a64a3b8aa23c0275afe7c20feb53,SUI,0.51499265
0xfb8bc3433016a64a3b8aa23c0275afe7c20feb53,SUSHI,0.5139192
0xfb8bc3433016a64a3b8aa23c0275afe7c20feb53,TIA,0.50770116
0xfb8bc3433016a64a3b8aa23c0275afe7c20feb53,TOKEN,0.5085525
0xfb8bc3433016a64a3b8aa23c0275afe7c20feb53,TRX,0.5371122
0xfb8bc3433016a64a3b8aa23c0275afe7c20feb53,UNI,0.49424076
0xfb8bc3433016a64a3b8aa23c0275afe7c20feb53,USDT,0.55476564
0xfb8bc3433016a64a3b8aa23c0275afe7c20feb53,XLM,0.5166739
0xfb8bc3433016a64a3b8aa23c0275afe7c20feb53,XMR,0.52053386
0xfb8bc3433016a64a3b8aa23c0275afe7c20feb53,XRP,0.5150918
0xfb8bc3433016a64a3b8aa23c0275afe7c20feb53,XTZ,0.5180568
0xfb8bc3433016a64a3b8aa23c0275afe7c20feb53,XVS,0.5043832
0xfb8bc3433016a64a3b8aa23c0275afe7c20feb53,YFI,0.51078147
0xfe3c3f351e6df846566e10119e4295ed69b2cd72,AAVE,0.5218796
0xfe3c3f351e6df846566e10119e4295ed69b2cd72,ADA,0.5180454
0xfe3c3f351e6df846566e10119e4295ed69b2cd72,ALGO,0.52991927
0xfe3c3f351e6df846566e10119e4295ed69b2cd72,APE,0.5143425
0xfe3c3f351e6df846566e10119e4295ed69b2cd72,APT,0.47708082
0xfe3c3f351e6df846566e10119e4295ed69b2cd72,ATOM,0.5139175
0xfe3c3f351e6df846566e10119e4295ed69b2cd72,AVAX,0.5084082
0xfe3c3f351e6df846566e10119e4295ed69b2cd72,AXS,0.5021476
0xfe3c3f351e6df846566e10119e4295ed69b2cd72,BAL,0.5075081
0xfe3c3f351e6df846566e10119e4295ed69b2cd72,BCH,0.5338546
0xfe3c3f351e6df846566e10119e4295ed69b2cd72,BLUR,0.5206196
0xfe3c3f351e6df846566e10119e4295ed69b2cd72,BNB,0.5286537
0xfe3c3f351e6df846566e10119e4295ed69b2cd72,BONK,0.5137758
0xfe3c3f351e6df846566e10119e4295ed69b2cd72,BTC,0.56088567
0xfe3c3f351e6df846566e10119e4295ed69b2cd72,C98,0.43065652
0xfe3c3f351e6df846566e10119e4295ed69b2cd72,CAKE,0.52507514
0xfe3c3f351e6df846566e10119e4295ed69b2cd72,COMP,0.5319068
0xfe3c3f351e6df846566e10119e4295ed69b2cd72,CRV,0.49959442
0xfe3c3f351e6df846566e10119e4295ed69b2cd72,CVX,0.4928892
0xfe3c3f351e6df846566e10119e4295ed69b2cd72,DAI,0.61361474
0xfe3c3f351e6df846566e10119e4295ed69b2cd72,DAO,0.3816508
0xfe3c3f351e6df846566e10119e4295ed69b2cd72,DOGE,0.5180265
0xfe3c3f351e6df846566e10119e4295ed69b2cd72,DOT,0.44636437
0xfe3c3f351e6df846566e10119e4295ed69b2cd72,DYDX,0.5181023
0xfe3c3f351e6df846566e10119e4295ed69b2cd72,EOS,0.5341093
0xfe3c3f351e6df846566e10119e4295ed69b2cd72,ETC,0.5250557
0xfe3c3f351e6df846566e10119e4295ed69b2cd72,ETH,0.54741967
0xfe3c3f351e6df846566e10119e4295ed69b2cd72,FET,0.510474
0xfe3c3f351e6df846566e10119e4295ed69b2cd72,FIL,0.49528837
0xfe3c3f351e6df846566e10119e4295ed69b2cd72,FRAX,0.6330003
0xfe3c3f351e6df846566e10119e4295ed69b2cd72,FTM,0.5214612
0xfe3c3f351e6df846566e10119e4295ed69b2cd72,FXS,0.50975233
0xfe3c3f351e6df846566e10119e4295ed69b2cd72,GRT,0.5259274
0xfe3c3f351e6df846566e10119e4295ed69b2cd72,HAI,0.5148646
0xfe3c3f351e6df846566e10119e4295ed69b2cd72,HERO,0.5206656
0xfe3c3f351e6df846566e10119e4295ed69b2cd72,ICP,0.48785734
0xfe3c3f351e6df846566e10119e4295ed69b2cd72,IMX,0.51335394
0xfe3c3f351e6df846566e10119e4295ed69b2cd72,INJ,0.52988714
0xfe3c3f351e6df846566e10119e4295ed69b2cd72,LDO,0.51968735
0xfe3c3f351e6df846566e10119e4295ed69b2cd72,LINK,0.528661
0xfe3c3f351e6df846566e10119e4295ed69b2cd72,LTC,0.5409523
0xfe3c3f351e6df846566e10119e4295ed69b2cd72,MATIC,0.51277566
0xfe3c3f351e6df846566e10119e4295ed69b2cd72,MAV,0.5093582
0xfe3c3f351e6df846566e10119e4295ed69b2cd72,MBOX,0.5170232
0xfe3c3f351e6df846566e10119e4295ed69b2cd72,MKR,0.56291336
0xfe3c3f351e6df846566e10119e4295ed69b2cd72,MOON,0.48277783
0xfe3c3f351e6df846566e10119e4295ed69b2cd72,NEAR,0.46366686
0xfe3c3f351e6df846566e10119e4295ed69b2cd72,OP,0.5240556
0xfe3c3f351e6df846566e10119e4295ed69b2cd72,PENDLE,0.47707808
0xfe3c3f351e6df846566e10119e4295ed69b2cd72,PEPE,0.50692147
0xfe3c3f351e6df846566e10119e4295ed69b2cd72,PERP,0.3172775
0xfe3c3f351e6df846566e10119e4295ed69b2cd72,PIT,0.53235877
0xfe3c3f351e6df846566e10119e4295ed69b2cd72,POLS,0.5325011
0xfe3c3f351e6df846566e10119e4295ed69b2cd72,PYTH,0.5042719
0xfe3c3f351e6df846566e10119e4295ed69b2cd72,QUACK,0.44228736
0xfe3c3f351e6df846566e10119e4295ed69b2cd72,RDNT,0.5129405
0xfe3c3f351e6df846566e10119e4295ed69b2cd72,RNDR,0.51504475
0xfe3c3f351e6df846566e10119e4295ed69b2cd72,RPL,0.47921205
0xfe3c3f351e6df846566e10119e4295ed69b2cd72,RUNE,0.5242177
0xfe3c3f351e6df846566e10119e4295ed69b2cd72,SFP,0.51849824
0xfe3c3f351e6df846566e10119e4295ed69b2cd72,SFUND,0.48478836
0xfe3c3f351e6df846566e10119e4295ed69b2cd72,SHIB,0.5182642
0xfe3c3f351e6df846566e10119e4295ed69b2cd72,SOL,0.5237746
0xfe3c3f351e6df846566e10119e4295ed69b2cd72,STG,0.43840712
0xfe3c3f351e6df846566e10119e4295ed69b2cd72,SUI,0.5264255
0xfe3c3f351e6df846566e10119e4295ed69b2cd72,SUSHI,0.521006
0xfe3c3f351e6df846566e10119e4295ed69b2cd72,TIA,0.5047565
0xfe3c3f351e6df846566e10119e4295ed69b2cd72,TOKEN,0.5117262
0xfe3c3f351e6df846566e10119e4295ed69b2cd72,TRX,0.5513166
0xfe3c3f351e6df846566e10119e4295ed69b2cd72,UNI,0.49601355
0xfe3c3f351e6df846566e10119e4295ed69b2cd72,USDT,0.6040899
0xfe3c3f351e6df846566e10119e4295ed69b2cd72,XLM,0.52305204
0xfe3c3f351e6df846566e10119e4295ed69b2cd72,XMR,0.53230256
0xfe3c3f351e6df846566e10119e4295ed69b2cd72,XRP,0.5248321
0xfe3c3f351e6df846566e10119e4295ed69b2cd72,XTZ,0.52639043
0xfe3c3f351e6df846566e10119e4295ed69b2cd72,XVS,0.50249094
0xfe3c3f351e6df846566e10119e4295ed69b2cd72,YFI,0.5272187
