address,symbol,prediction
0x00c4210b2525cee9d981090baf6f9e867e650eb9,SKY,0.7619507908821106
0x00c4210b2525cee9d981090baf6f9e867e650eb9,TRX,0.9190644025802612
0x00c4210b2525cee9d981090baf6f9e867e650eb9,XLM,0.7533181309700012
0x00c4210b2525cee9d981090baf6f9e867e650eb9,XMR,0.8068768382072449
0x00c4210b2525cee9d981090baf6f9e867e650eb9,XRP,0.8257262110710144
0x00c4210b2525cee9d981090baf6f9e867e650eb9,ZEC,0.875040590763092
0x00c4210b2525cee9d981090baf6f9e867e650eb9,BCH,0.8866252899169922
0x00c4210b2525cee9d981090baf6f9e867e650eb9,BTC,0.959515392780304
0x00c4210b2525cee9d981090baf6f9e867e650eb9,DOGE,0.8143242001533508
0x00c4210b2525cee9d981090baf6f9e867e650eb9,ETC,0.7519837617874146
0x00c4210b2525cee9d981090baf6f9e867e650eb9,LTC,0.8321390748023987
0x00c4210b2525cee9d981090baf6f9e867e650eb9,ETH,0.9910428524017334
0x00c4210b2525cee9d981090baf6f9e867e650eb9,ADA,0.6319515705108643
0x00c4210b2525cee9d981090baf6f9e867e650eb9,LINK,0.7457207441329956
0x00c4210b2525cee9d981090baf6f9e867e650eb9,S,0.2738359868526459
0x00c4210b2525cee9d981090baf6f9e867e650eb9,ATOM,0.6908770203590393
0x00c4210b2525cee9d981090baf6f9e867e650eb9,SNX,0.5350873470306396
0x00c4210b2525cee9d981090baf6f9e867e650eb9,RSR,0.5632350444793701
0x00c4210b2525cee9d981090baf6f9e867e650eb9,ALGO,0.6750027537345886
0x00c4210b2525cee9d981090baf6f9e867e650eb9,RUNE,0.67972332239151
0x00c4210b2525cee9d981090baf6f9e867e650eb9,TRB,0.7168385982513428
0x00c4210b2525cee9d981090baf6f9e867e650eb9,SOL,0.9026680588722228
0x00c4210b2525cee9d981090baf6f9e867e650eb9,UMA,0.6624237895011902
0x00c4210b2525cee9d981090baf6f9e867e650eb9,PAXG,0.9365607500076294
0x00c4210b2525cee9d981090baf6f9e867e650eb9,COMP,0.7121269702911377
0x00c4210b2525cee9d981090baf6f9e867e650eb9,AVAX,0.7221733331680298
0x00c4210b2525cee9d981090baf6f9e867e650eb9,SAND,0.5678613781929016
0x00c4210b2525cee9d981090baf6f9e867e650eb9,CRV,0.6584979891777039
0x00c4210b2525cee9d981090baf6f9e867e650eb9,LAYER,0.4855514168739319
0x00c4210b2525cee9d981090baf6f9e867e650eb9,DOT,0.5748359560966492
0x00c4210b2525cee9d981090baf6f9e867e650eb9,SUSHI,0.5834913849830627
0x00c4210b2525cee9d981090baf6f9e867e650eb9,UNI,0.6921772956848145
0x00c4210b2525cee9d981090baf6f9e867e650eb9,AAVE,0.8264793157577515
0x00c4210b2525cee9d981090baf6f9e867e650eb9,NEAR,0.6102296710014343
0x00c4210b2525cee9d981090baf6f9e867e650eb9,FIL,0.7019932270050049
0x00c4210b2525cee9d981090baf6f9e867e650eb9,AXS,0.5238277316093445
0x00c4210b2525cee9d981090baf6f9e867e650eb9,INJ,0.66299968957901
0x00c4210b2525cee9d981090baf6f9e867e650eb9,ZORA,0.4135919213294983
0x00c4210b2525cee9d981090baf6f9e867e650eb9,CELO,0.5682891011238098
0x00c4210b2525cee9d981090baf6f9e867e650eb9,LIT,0.7707164287567139
0x00c4210b2525cee9d981090baf6f9e867e650eb9,SHIB,0.6322924494743347
0x00c4210b2525cee9d981090baf6f9e867e650eb9,ICP,0.6577212810516357
0x00c4210b2525cee9d981090baf6f9e867e650eb9,RENDER,0.6809548139572144
0x00c4210b2525cee9d981090baf6f9e867e650eb9,LDO,0.5510724782943726
0x00c4210b2525cee9d981090baf6f9e867e650eb9,GALA,0.5148309469223022
0x00c4210b2525cee9d981090baf6f9e867e650eb9,FET,0.4405677020549774
0x00c4210b2525cee9d981090baf6f9e867e650eb9,ENS,0.6057831048965454
0x00c4210b2525cee9d981090baf6f9e867e650eb9,IMX,0.5351801514625549
0x00c4210b2525cee9d981090baf6f9e867e650eb9,PEOPLE,0.2912454605102539
0x00c4210b2525cee9d981090baf6f9e867e650eb9,GMT,0.4809364974498749
0x00c4210b2525cee9d981090baf6f9e867e650eb9,FLOKI,0.5372400879859924
0x00c4210b2525cee9d981090baf6f9e867e650eb9,POL,0.6134493947029114
0x00c4210b2525cee9d981090baf6f9e867e650eb9,APE,0.5358682870864868
0x00c4210b2525cee9d981090baf6f9e867e650eb9,GMX,0.6724676489830017
0x00c4210b2525cee9d981090baf6f9e867e650eb9,BLUR,0.536449134349823
0x00c4210b2525cee9d981090baf6f9e867e650eb9,PENDLE,0.7445502877235413
0x00c4210b2525cee9d981090baf6f9e867e650eb9,MINA,0.5205302834510803
0x00c4210b2525cee9d981090baf6f9e867e650eb9,LUNC,0.7120700478553772
0x00c4210b2525cee9d981090baf6f9e867e650eb9,MEME,0.3902384340763092
0x00c4210b2525cee9d981090baf6f9e867e650eb9,OP,0.6660557389259338
0x00c4210b2525cee9d981090baf6f9e867e650eb9,ZEN,0.5793017148971558
0x00c4210b2525cee9d981090baf6f9e867e650eb9,STRK,0.4786283671855926
0x00c4210b2525cee9d981090baf6f9e867e650eb9,STX,0.52037513256073
0x00c4210b2525cee9d981090baf6f9e867e650eb9,CFX,0.6114200949668884
0x00c4210b2525cee9d981090baf6f9e867e650eb9,CAKE,0.8311836123466492
0x00c4210b2525cee9d981090baf6f9e867e650eb9,DASH,0.7036483883857727
0x00c4210b2525cee9d981090baf6f9e867e650eb9,BSV,0.6704136729240417
0x00c4210b2525cee9d981090baf6f9e867e650eb9,AR,0.5113410353660583
0x00c4210b2525cee9d981090baf6f9e867e650eb9,APT,0.6133960485458374
0x00c4210b2525cee9d981090baf6f9e867e650eb9,ALT,0.5021441578865051
0x00c4210b2525cee9d981090baf6f9e867e650eb9,BNB,1.0
0x00c4210b2525cee9d981090baf6f9e867e650eb9,BONK,0.5036983489990234
0x00c4210b2525cee9d981090baf6f9e867e650eb9,BABY,0.3244648873806
0x00c4210b2525cee9d981090baf6f9e867e650eb9,HBAR,0.7140923738479614
0x00c4210b2525cee9d981090baf6f9e867e650eb9,KAS,0.5185915231704712
0x00c4210b2525cee9d981090baf6f9e867e650eb9,PEPE,0.6146911978721619
0x00c4210b2525cee9d981090baf6f9e867e650eb9,ORDI,0.5173313021659851
0x00c4210b2525cee9d981090baf6f9e867e650eb9,SUI,0.7512046694755554
0x00c4210b2525cee9d981090baf6f9e867e650eb9,MNT,0.6506116986274719
0x00c4210b2525cee9d981090baf6f9e867e650eb9,IOTA,0.4940574169158935
0x00c4210b2525cee9d981090baf6f9e867e650eb9,TURBO,0.4533157348632812
0x00c4210b2525cee9d981090baf6f9e867e650eb9,TIA,0.5079034566879272
0x00c4210b2525cee9d981090baf6f9e867e650eb9,SEI,0.5058904886245728
0x00c4210b2525cee9d981090baf6f9e867e650eb9,TAO,0.6954150795936584
0x00c4210b2525cee9d981090baf6f9e867e650eb9,JTO,0.5334243774414062
0x00c4210b2525cee9d981090baf6f9e867e650eb9,PYTH,0.5757838487625122
0x00c4210b2525cee9d981090baf6f9e867e650eb9,MANTA,0.5836470127105713
0x00c4210b2525cee9d981090baf6f9e867e650eb9,ONDO,0.6813167929649353
0x00c4210b2525cee9d981090baf6f9e867e650eb9,WIF,0.5390629172325134
0x00c4210b2525cee9d981090baf6f9e867e650eb9,XAI,0.0607032962143421
0x00c4210b2525cee9d981090baf6f9e867e650eb9,ZETA,0.576300323009491
0x00c4210b2525cee9d981090baf6f9e867e650eb9,JUP,0.6727599501609802
0x00c4210b2525cee9d981090baf6f9e867e650eb9,DYM,0.1374946534633636
0x00c4210b2525cee9d981090baf6f9e867e650eb9,TRUMP,0.4955581128597259
0x00c4210b2525cee9d981090baf6f9e867e650eb9,APEX,0.4669324457645416
0x00c4210b2525cee9d981090baf6f9e867e650eb9,ARB,0.5624469518661499
0x00c4210b2525cee9d981090baf6f9e867e650eb9,BOME,0.0
0x00c4210b2525cee9d981090baf6f9e867e650eb9,HYPER,0.461057960987091
0x00c4210b2525cee9d981090baf6f9e867e650eb9,ETHFI,0.6767874956130981
0x00c4210b2525cee9d981090baf6f9e867e650eb9,BRETT,0.4453903138637543
0x00c4210b2525cee9d981090baf6f9e867e650eb9,W,0.4905536472797394
0x00c4210b2525cee9d981090baf6f9e867e650eb9,GOAT,0.3275089561939239
0x00c4210b2525cee9d981090baf6f9e867e650eb9,POPCAT,0.4485078752040863
0x00c4210b2525cee9d981090baf6f9e867e650eb9,MERL,0.4964585602283478
0x00c4210b2525cee9d981090baf6f9e867e650eb9,ZK,0.5113113522529602
0x00c4210b2525cee9d981090baf6f9e867e650eb9,TNSR,0.4535031616687774
0x00c4210b2525cee9d981090baf6f9e867e650eb9,AERO,0.5923701524734497
0x00c4210b2525cee9d981090baf6f9e867e650eb9,REZ,0.2177367806434631
0x00c4210b2525cee9d981090baf6f9e867e650eb9,NOT,0.4305022358894348
0x00c4210b2525cee9d981090baf6f9e867e650eb9,MON,0.5127013325691223
0x00c4210b2525cee9d981090baf6f9e867e650eb9,VIRTUAL,0.7281136512756348
0x00c4210b2525cee9d981090baf6f9e867e650eb9,IO,0.5000308156013489
0x00c4210b2525cee9d981090baf6f9e867e650eb9,ZRO,0.560371458530426
0x00c4210b2525cee9d981090baf6f9e867e650eb9,WLD,0.491853803396225
0x00c4210b2525cee9d981090baf6f9e867e650eb9,NEIRO,0.1812272667884826
0x00c4210b2525cee9d981090baf6f9e867e650eb9,EIGEN,0.4459397196769714
0x00c4210b2525cee9d981090baf6f9e867e650eb9,MOVE,0.3171714246273041
0x00c4210b2525cee9d981090baf6f9e867e650eb9,FARTCOIN,0.4875887334346771
0x00c4210b2525cee9d981090baf6f9e867e650eb9,GRASS,0.4551499485969543
0x00c4210b2525cee9d981090baf6f9e867e650eb9,PNUT,0.4048186540603637
0x00c4210b2525cee9d981090baf6f9e867e650eb9,USUAL,0.194110482931137
0x00c4210b2525cee9d981090baf6f9e867e650eb9,MORPHO,0.8210684657096863
0x00c4210b2525cee9d981090baf6f9e867e650eb9,AIXBT,0.3489940166473388
0x00c4210b2525cee9d981090baf6f9e867e650eb9,HYPE,0.8550798296928406
0x00c4210b2525cee9d981090baf6f9e867e650eb9,ME,0.4902831315994262
0x00c4210b2525cee9d981090baf6f9e867e650eb9,PENGU,0.5732596516609192
0x00c4210b2525cee9d981090baf6f9e867e650eb9,sENA,0.3944590389728546
0x00c4210b2525cee9d981090baf6f9e867e650eb9,BIO,0.3864486515522003
0x00c4210b2525cee9d981090baf6f9e867e650eb9,GRIFFAIN,0.11607376486063
0x00c4210b2525cee9d981090baf6f9e867e650eb9,MELANIA,0.5114903450012207
0x00c4210b2525cee9d981090baf6f9e867e650eb9,VINE,0.4894377291202545
0x00c4210b2525cee9d981090baf6f9e867e650eb9,ANIME,0.5344530344009399
0x00c4210b2525cee9d981090baf6f9e867e650eb9,VVV,0.6700602769851685
0x00c4210b2525cee9d981090baf6f9e867e650eb9,SYRUP,0.6924245953559875
0x00c4210b2525cee9d981090baf6f9e867e650eb9,BERA,0.3918877840042114
0x00c4210b2525cee9d981090baf6f9e867e650eb9,IP,0.3668481409549713
0x00c4210b2525cee9d981090baf6f9e867e650eb9,KAITO,0.6758391261100769
0x00c4210b2525cee9d981090baf6f9e867e650eb9,NIL,0.2762923240661621
0x00c4210b2525cee9d981090baf6f9e867e650eb9,WCT,0.4982591569423675
0x00c4210b2525cee9d981090baf6f9e867e650eb9,PUMP,0.6431761384010315
0x00c4210b2525cee9d981090baf6f9e867e650eb9,INIT,0.4385225772857666
0x00c4210b2525cee9d981090baf6f9e867e650eb9,SOPH,0.4895090162754059
0x00c4210b2525cee9d981090baf6f9e867e650eb9,PROVE,0.4711369574069977
0x00c4210b2525cee9d981090baf6f9e867e650eb9,WLFI,0.6105066537857056
0x00c4210b2525cee9d981090baf6f9e867e650eb9,0G,0.3207271993160248
0x00c4210b2525cee9d981090baf6f9e867e650eb9,ASTER,0.7749425768852234
0x00c4210b2525cee9d981090baf6f9e867e650eb9,AVNT,0.2756763696670532
0x00c4210b2525cee9d981090baf6f9e867e650eb9,LINEA,0.5237544178962708
0x00c4210b2525cee9d981090baf6f9e867e650eb9,HEMI,0.2199728786945343
0x00c4210b2525cee9d981090baf6f9e867e650eb9,XPL,0.502344012260437
0x00c4210b2525cee9d981090baf6f9e867e650eb9,2Z,0.5717485547065735
0x00c4210b2525cee9d981090baf6f9e867e650eb9,CC,0.4292961657047272
0x03179fbf3ecc0ae5e85fe0de0dce21d6e16447fe,SKY,0.7081227581438798
0x03179fbf3ecc0ae5e85fe0de0dce21d6e16447fe,TRX,0.7621620018691628
0x03179fbf3ecc0ae5e85fe0de0dce21d6e16447fe,XLM,0.4601497275791382
0x03179fbf3ecc0ae5e85fe0de0dce21d6e16447fe,XMR,0.8551588012169082
0x03179fbf3ecc0ae5e85fe0de0dce21d6e16447fe,XRP,0.6761136715315161
0x03179fbf3ecc0ae5e85fe0de0dce21d6e16447fe,ZEC,0.8595935788281965
0x03179fbf3ecc0ae5e85fe0de0dce21d6e16447fe,BCH,0.7902189580810608
0x03179fbf3ecc0ae5e85fe0de0dce21d6e16447fe,BTC,1.0
0x03179fbf3ecc0ae5e85fe0de0dce21d6e16447fe,DOGE,0.5498674948938548
0x03179fbf3ecc0ae5e85fe0de0dce21d6e16447fe,ETC,0.5545733671262405
0x03179fbf3ecc0ae5e85fe0de0dce21d6e16447fe,LTC,0.8423679890345726
0x03179fbf3ecc0ae5e85fe0de0dce21d6e16447fe,ETH,0.8763190594702347
0x03179fbf3ecc0ae5e85fe0de0dce21d6e16447fe,ADA,0.3719360033528315
0x03179fbf3ecc0ae5e85fe0de0dce21d6e16447fe,LINK,0.60828558066668
0x03179fbf3ecc0ae5e85fe0de0dce21d6e16447fe,S,0.0609921677774467
0x03179fbf3ecc0ae5e85fe0de0dce21d6e16447fe,ATOM,0.4401273315027897
0x03179fbf3ecc0ae5e85fe0de0dce21d6e16447fe,SNX,0.2975669697499841
0x03179fbf3ecc0ae5e85fe0de0dce21d6e16447fe,RSR,0.2316259123312504
0x03179fbf3ecc0ae5e85fe0de0dce21d6e16447fe,ALGO,0.4257717346461415
0x03179fbf3ecc0ae5e85fe0de0dce21d6e16447fe,RUNE,0.4441312835531626
0x03179fbf3ecc0ae5e85fe0de0dce21d6e16447fe,TRB,0.5282467137731066
0x03179fbf3ecc0ae5e85fe0de0dce21d6e16447fe,SOL,0.792976271588232
0x03179fbf3ecc0ae5e85fe0de0dce21d6e16447fe,UMA,0.4506291387824583
0x03179fbf3ecc0ae5e85fe0de0dce21d6e16447fe,PAXG,0.9398439894420496
0x03179fbf3ecc0ae5e85fe0de0dce21d6e16447fe,COMP,0.578422075608934
0x03179fbf3ecc0ae5e85fe0de0dce21d6e16447fe,AVAX,0.5009499419150409
0x03179fbf3ecc0ae5e85fe0de0dce21d6e16447fe,SAND,0.2923193086856622
0x03179fbf3ecc0ae5e85fe0de0dce21d6e16447fe,CRV,0.5183325645733975
0x03179fbf3ecc0ae5e85fe0de0dce21d6e16447fe,LAYER,0.2421037507133646
0x03179fbf3ecc0ae5e85fe0de0dce21d6e16447fe,DOT,0.2535701694644012
0x03179fbf3ecc0ae5e85fe0de0dce21d6e16447fe,SUSHI,0.4550149509893284
0x03179fbf3ecc0ae5e85fe0de0dce21d6e16447fe,UNI,0.5489877323931768
0x03179fbf3ecc0ae5e85fe0de0dce21d6e16447fe,AAVE,0.6934260246777063
0x03179fbf3ecc0ae5e85fe0de0dce21d6e16447fe,NEAR,0.3978037970699986
0x03179fbf3ecc0ae5e85fe0de0dce21d6e16447fe,FIL,0.478832980455567
0x03179fbf3ecc0ae5e85fe0de0dce21d6e16447fe,AXS,0.3483150330109655
0x03179fbf3ecc0ae5e85fe0de0dce21d6e16447fe,INJ,0.3407375828404061
0x03179fbf3ecc0ae5e85fe0de0dce21d6e16447fe,ZORA,0.1734881372445615
0x03179fbf3ecc0ae5e85fe0de0dce21d6e16447fe,CELO,0.3529880342103735
0x03179fbf3ecc0ae5e85fe0de0dce21d6e16447fe,LIT,0.7178552137410193
0x03179fbf3ecc0ae5e85fe0de0dce21d6e16447fe,SHIB,0.4307871188839093
0x03179fbf3ecc0ae5e85fe0de0dce21d6e16447fe,ICP,0.4390832246229115
0x03179fbf3ecc0ae5e85fe0de0dce21d6e16447fe,RENDER,0.4475095788170332
0x03179fbf3ecc0ae5e85fe0de0dce21d6e16447fe,LDO,0.2963617278185216
0x03179fbf3ecc0ae5e85fe0de0dce21d6e16447fe,GALA,0.3106861056341317
0x03179fbf3ecc0ae5e85fe0de0dce21d6e16447fe,FET,0.2443424434861976
0x03179fbf3ecc0ae5e85fe0de0dce21d6e16447fe,ENS,0.3991185131088438
0x03179fbf3ecc0ae5e85fe0de0dce21d6e16447fe,IMX,0.3145089491057005
0x03179fbf3ecc0ae5e85fe0de0dce21d6e16447fe,PEOPLE,0.2853748430357258
0x03179fbf3ecc0ae5e85fe0de0dce21d6e16447fe,GMT,0.13812324181414
0x03179fbf3ecc0ae5e85fe0de0dce21d6e16447fe,FLOKI,0.2822605084640242
0x03179fbf3ecc0ae5e85fe0de0dce21d6e16447fe,POL,0.3760123164289589
0x03179fbf3ecc0ae5e85fe0de0dce21d6e16447fe,APE,0.2654594687286915
0x03179fbf3ecc0ae5e85fe0de0dce21d6e16447fe,GMX,0.4592316629468709
0x03179fbf3ecc0ae5e85fe0de0dce21d6e16447fe,BLUR,0.2750067821654801
0x03179fbf3ecc0ae5e85fe0de0dce21d6e16447fe,PENDLE,0.633600304230595
0x03179fbf3ecc0ae5e85fe0de0dce21d6e16447fe,MINA,0.2809026317979318
0x03179fbf3ecc0ae5e85fe0de0dce21d6e16447fe,LUNC,0.5342540746704295
0x03179fbf3ecc0ae5e85fe0de0dce21d6e16447fe,MEME,0.186164711947031
0x03179fbf3ecc0ae5e85fe0de0dce21d6e16447fe,OP,0.3886458061785753
0x03179fbf3ecc0ae5e85fe0de0dce21d6e16447fe,ZEN,0.311081873050919
0x03179fbf3ecc0ae5e85fe0de0dce21d6e16447fe,STRK,0.2886330491476944
0x03179fbf3ecc0ae5e85fe0de0dce21d6e16447fe,STX,0.2510333807370148
0x03179fbf3ecc0ae5e85fe0de0dce21d6e16447fe,CFX,0.3901196461082694
0x03179fbf3ecc0ae5e85fe0de0dce21d6e16447fe,CAKE,0.6242770247674101
0x03179fbf3ecc0ae5e85fe0de0dce21d6e16447fe,DASH,0.4603187252029355
0x03179fbf3ecc0ae5e85fe0de0dce21d6e16447fe,BSV,0.5510900240044387
0x03179fbf3ecc0ae5e85fe0de0dce21d6e16447fe,AR,0.3036921869950509
0x03179fbf3ecc0ae5e85fe0de0dce21d6e16447fe,APT,0.3639308024800177
0x03179fbf3ecc0ae5e85fe0de0dce21d6e16447fe,ALT,0.2998024876486933
0x03179fbf3ecc0ae5e85fe0de0dce21d6e16447fe,BNB,0.9463826529890706
0x03179fbf3ecc0ae5e85fe0de0dce21d6e16447fe,BONK,0.2321501789990919
0x03179fbf3ecc0ae5e85fe0de0dce21d6e16447fe,BABY,0.2111222602606457
0x03179fbf3ecc0ae5e85fe0de0dce21d6e16447fe,HBAR,0.429358361932606
0x03179fbf3ecc0ae5e85fe0de0dce21d6e16447fe,KAS,0.2987788749054823
0x03179fbf3ecc0ae5e85fe0de0dce21d6e16447fe,PEPE,0.387057740235444
0x03179fbf3ecc0ae5e85fe0de0dce21d6e16447fe,ORDI,0.3616420911505315
0x03179fbf3ecc0ae5e85fe0de0dce21d6e16447fe,SUI,0.591249050833665
0x03179fbf3ecc0ae5e85fe0de0dce21d6e16447fe,MNT,0.4804534978126349
0x03179fbf3ecc0ae5e85fe0de0dce21d6e16447fe,IOTA,0.3437254368241449
0x03179fbf3ecc0ae5e85fe0de0dce21d6e16447fe,TURBO,0.2642128976431427
0x03179fbf3ecc0ae5e85fe0de0dce21d6e16447fe,TIA,0.3128030209681538
0x03179fbf3ecc0ae5e85fe0de0dce21d6e16447fe,SEI,0.2815548984387584
0x03179fbf3ecc0ae5e85fe0de0dce21d6e16447fe,TAO,0.5215789678133036
0x03179fbf3ecc0ae5e85fe0de0dce21d6e16447fe,JTO,0.3142403150188527
0x03179fbf3ecc0ae5e85fe0de0dce21d6e16447fe,PYTH,0.360340984380895
0x03179fbf3ecc0ae5e85fe0de0dce21d6e16447fe,MANTA,0.3675544793750913
0x03179fbf3ecc0ae5e85fe0de0dce21d6e16447fe,ONDO,0.4187568776497258
0x03179fbf3ecc0ae5e85fe0de0dce21d6e16447fe,WIF,0.3031670956194513
0x03179fbf3ecc0ae5e85fe0de0dce21d6e16447fe,XAI,0.1654596598019481
0x03179fbf3ecc0ae5e85fe0de0dce21d6e16447fe,ZETA,0.2847284533493025
0x03179fbf3ecc0ae5e85fe0de0dce21d6e16447fe,JUP,0.3884274485867727
0x03179fbf3ecc0ae5e85fe0de0dce21d6e16447fe,DYM,0.1956360970635107
0x03179fbf3ecc0ae5e85fe0de0dce21d6e16447fe,TRUMP,0.2484100514817816
0x03179fbf3ecc0ae5e85fe0de0dce21d6e16447fe,APEX,0.2321532252509321
0x03179fbf3ecc0ae5e85fe0de0dce21d6e16447fe,ARB,0.3073755736551704
0x03179fbf3ecc0ae5e85fe0de0dce21d6e16447fe,BOME,0.1770112180329603
0x03179fbf3ecc0ae5e85fe0de0dce21d6e16447fe,HYPER,0.2765980028326534
0x03179fbf3ecc0ae5e85fe0de0dce21d6e16447fe,ETHFI,0.3838664712924162
0x03179fbf3ecc0ae5e85fe0de0dce21d6e16447fe,BRETT,0.3145646126751183
0x03179fbf3ecc0ae5e85fe0de0dce21d6e16447fe,W,0.1847900912108558
0x03179fbf3ecc0ae5e85fe0de0dce21d6e16447fe,GOAT,0.1446086424804142
0x03179fbf3ecc0ae5e85fe0de0dce21d6e16447fe,POPCAT,0.2972408364295707
0x03179fbf3ecc0ae5e85fe0de0dce21d6e16447fe,MERL,0.3549848039474425
0x03179fbf3ecc0ae5e85fe0de0dce21d6e16447fe,ZK,0.2977894023505885
0x03179fbf3ecc0ae5e85fe0de0dce21d6e16447fe,TNSR,0.2551123548994334
0x03179fbf3ecc0ae5e85fe0de0dce21d6e16447fe,AERO,0.3655249082058539
0x03179fbf3ecc0ae5e85fe0de0dce21d6e16447fe,REZ,0.2398248247947067
0x03179fbf3ecc0ae5e85fe0de0dce21d6e16447fe,NOT,0.2653404118851179
0x03179fbf3ecc0ae5e85fe0de0dce21d6e16447fe,MON,0.2766114333350263
0x03179fbf3ecc0ae5e85fe0de0dce21d6e16447fe,VIRTUAL,0.5936684075108069
0x03179fbf3ecc0ae5e85fe0de0dce21d6e16447fe,IO,0.2360554380851509
0x03179fbf3ecc0ae5e85fe0de0dce21d6e16447fe,ZRO,0.3040780652278272
0x03179fbf3ecc0ae5e85fe0de0dce21d6e16447fe,WLD,0.2997741649058334
0x03179fbf3ecc0ae5e85fe0de0dce21d6e16447fe,NEIRO,0.2102027179517299
0x03179fbf3ecc0ae5e85fe0de0dce21d6e16447fe,EIGEN,0.2338249818105645
0x03179fbf3ecc0ae5e85fe0de0dce21d6e16447fe,MOVE,0.0
0x03179fbf3ecc0ae5e85fe0de0dce21d6e16447fe,FARTCOIN,0.307795832928469
0x03179fbf3ecc0ae5e85fe0de0dce21d6e16447fe,GRASS,0.2212545458625622
0x03179fbf3ecc0ae5e85fe0de0dce21d6e16447fe,PNUT,0.2485312680315421
0x03179fbf3ecc0ae5e85fe0de0dce21d6e16447fe,USUAL,0.1166205502607061
0x03179fbf3ecc0ae5e85fe0de0dce21d6e16447fe,MORPHO,0.7885597199146617
0x03179fbf3ecc0ae5e85fe0de0dce21d6e16447fe,AIXBT,0.2724204711292589
0x03179fbf3ecc0ae5e85fe0de0dce21d6e16447fe,HYPE,0.8818472373924924
0x03179fbf3ecc0ae5e85fe0de0dce21d6e16447fe,ME,0.2340102139281593
0x03179fbf3ecc0ae5e85fe0de0dce21d6e16447fe,PENGU,0.3781510993156422
0x03179fbf3ecc0ae5e85fe0de0dce21d6e16447fe,sENA,0.25657718387459
0x03179fbf3ecc0ae5e85fe0de0dce21d6e16447fe,BIO,0.2118591312622371
0x03179fbf3ecc0ae5e85fe0de0dce21d6e16447fe,GRIFFAIN,0.180504899505934
0x03179fbf3ecc0ae5e85fe0de0dce21d6e16447fe,MELANIA,0.2610574571753409
0x03179fbf3ecc0ae5e85fe0de0dce21d6e16447fe,VINE,0.2848059935883011
0x03179fbf3ecc0ae5e85fe0de0dce21d6e16447fe,ANIME,0.3108826734497025
0x03179fbf3ecc0ae5e85fe0de0dce21d6e16447fe,VVV,0.49668934326339
0x03179fbf3ecc0ae5e85fe0de0dce21d6e16447fe,SYRUP,0.5123559827079923
0x03179fbf3ecc0ae5e85fe0de0dce21d6e16447fe,BERA,0.1943648281765648
0x03179fbf3ecc0ae5e85fe0de0dce21d6e16447fe,IP,0.0526568242676673
0x03179fbf3ecc0ae5e85fe0de0dce21d6e16447fe,KAITO,0.391742386871457
0x03179fbf3ecc0ae5e85fe0de0dce21d6e16447fe,NIL,0.2143246395210677
0x03179fbf3ecc0ae5e85fe0de0dce21d6e16447fe,WCT,0.2923674723693852
0x03179fbf3ecc0ae5e85fe0de0dce21d6e16447fe,PUMP,0.5401291909491327
0x03179fbf3ecc0ae5e85fe0de0dce21d6e16447fe,INIT,0.2793225092673381
0x03179fbf3ecc0ae5e85fe0de0dce21d6e16447fe,SOPH,0.3065672872491571
0x03179fbf3ecc0ae5e85fe0de0dce21d6e16447fe,PROVE,0.2421384206280487
0x03179fbf3ecc0ae5e85fe0de0dce21d6e16447fe,WLFI,0.3645485093134861
0x03179fbf3ecc0ae5e85fe0de0dce21d6e16447fe,0G,0.1928100118914638
0x03179fbf3ecc0ae5e85fe0de0dce21d6e16447fe,ASTER,0.7636806719917022
0x03179fbf3ecc0ae5e85fe0de0dce21d6e16447fe,AVNT,0.1861623659922126
0x03179fbf3ecc0ae5e85fe0de0dce21d6e16447fe,LINEA,0.3039106739029619
0x03179fbf3ecc0ae5e85fe0de0dce21d6e16447fe,HEMI,0.2400506094011467
0x03179fbf3ecc0ae5e85fe0de0dce21d6e16447fe,XPL,0.2672038159062077
0x03179fbf3ecc0ae5e85fe0de0dce21d6e16447fe,2Z,0.3002148998008416
0x03179fbf3ecc0ae5e85fe0de0dce21d6e16447fe,CC,0.1250931989416497
0x04e1dd13ef029f573cf717f094a6b601b9e03550,0G,0.6105162
0x04e1dd13ef029f573cf717f094a6b601b9e03550,STRK,0.6183007
0x04e1dd13ef029f573cf717f094a6b601b9e03550,NIL,0.61832833
0x04e1dd13ef029f573cf717f094a6b601b9e03550,EIGEN,0.61840296
0x04e1dd13ef029f573cf717f094a6b601b9e03550,IMX,0.6184109
0x04e1dd13ef029f573cf717f094a6b601b9e03550,LDO,0.61904657
0x04e1dd13ef029f573cf717f094a6b601b9e03550,BLUR,0.61961985
0x04e1dd13ef029f573cf717f094a6b601b9e03550,TIA,0.62071925
0x04e1dd13ef029f573cf717f094a6b601b9e03550,NEAR,0.62144876
0x04e1dd13ef029f573cf717f094a6b601b9e03550,APT,0.62152964
0x04e1dd13ef029f573cf717f094a6b601b9e03550,MNT,0.621538
0x04e1dd13ef029f573cf717f094a6b601b9e03550,TRB,0.6219672
0x04e1dd13ef029f573cf717f094a6b601b9e03550,ME,0.6224295
0x04e1dd13ef029f573cf717f094a6b601b9e03550,WLD,0.6241228
0x04e1dd13ef029f573cf717f094a6b601b9e03550,XPL,0.6244676
0x04e1dd13ef029f573cf717f094a6b601b9e03550,LIT,0.6247839
0x04e1dd13ef029f573cf717f094a6b601b9e03550,FIL,0.6250495
0x04e1dd13ef029f573cf717f094a6b601b9e03550,TURBO,0.6251538
0x04e1dd13ef029f573cf717f094a6b601b9e03550,JTO,0.6253511
0x04e1dd13ef029f573cf717f094a6b601b9e03550,ZRO,0.62625974
0x04e1dd13ef029f573cf717f094a6b601b9e03550,BERA,0.62840134
0x04e1dd13ef029f573cf717f094a6b601b9e03550,WIF,0.6291329
0x04e1dd13ef029f573cf717f094a6b601b9e03550,SYRUP,0.6293862
0x04e1dd13ef029f573cf717f094a6b601b9e03550,WCT,0.63114333
0x04e1dd13ef029f573cf717f094a6b601b9e03550,GALA,0.6315136
0x04e1dd13ef029f573cf717f094a6b601b9e03550,MINA,0.632069
0x04e1dd13ef029f573cf717f094a6b601b9e03550,FET,0.63215643
0x04e1dd13ef029f573cf717f094a6b601b9e03550,LINEA,0.6321793
0x04e1dd13ef029f573cf717f094a6b601b9e03550,PNUT,0.63241816
0x04e1dd13ef029f573cf717f094a6b601b9e03550,RENDER,0.63265926
0x04e1dd13ef029f573cf717f094a6b601b9e03550,ZORA,0.633616
0x04e1dd13ef029f573cf717f094a6b601b9e03550,POPCAT,0.6357453
0x04e1dd13ef029f573cf717f094a6b601b9e03550,PYTH,0.63588333
0x04e1dd13ef029f573cf717f094a6b601b9e03550,APE,0.63589174
0x04e1dd13ef029f573cf717f094a6b601b9e03550,AVNT,0.63611126
0x04e1dd13ef029f573cf717f094a6b601b9e03550,XAI,0.6366236
0x04e1dd13ef029f573cf717f094a6b601b9e03550,ICP,0.63677645
0x04e1dd13ef029f573cf717f094a6b601b9e03550,AXS,0.63694644
0x04e1dd13ef029f573cf717f094a6b601b9e03550,AERO,0.63717204
0x04e1dd13ef029f573cf717f094a6b601b9e03550,TAO,0.6374974
0x04e1dd13ef029f573cf717f094a6b601b9e03550,SAND,0.63835865
0x04e1dd13ef029f573cf717f094a6b601b9e03550,INIT,0.6392902
0x04e1dd13ef029f573cf717f094a6b601b9e03550,FLOKI,0.6396069
0x04e1dd13ef029f573cf717f094a6b601b9e03550,sENA,0.64082783
0x04e1dd13ef029f573cf717f094a6b601b9e03550,ENS,0.64090127
0x04e1dd13ef029f573cf717f094a6b601b9e03550,PAXG,0.6411454
0x04e1dd13ef029f573cf717f094a6b601b9e03550,TNSR,0.6420703
0x04e1dd13ef029f573cf717f094a6b601b9e03550,KAITO,0.6432024
0x04e1dd13ef029f573cf717f094a6b601b9e03550,ANIME,0.6435865
0x04e1dd13ef029f573cf717f094a6b601b9e03550,HYPER,0.64387155
0x04e1dd13ef029f573cf717f094a6b601b9e03550,REZ,0.6441578
0x04e1dd13ef029f573cf717f094a6b601b9e03550,IO,0.6443554
0x04e1dd13ef029f573cf717f094a6b601b9e03550,SEI,0.64458054
0x04e1dd13ef029f573cf717f094a6b601b9e03550,MELANIA,0.64535177
0x04e1dd13ef029f573cf717f094a6b601b9e03550,ETHFI,0.6454326
0x04e1dd13ef029f573cf717f094a6b601b9e03550,ASTER,0.6454676
0x04e1dd13ef029f573cf717f094a6b601b9e03550,ONDO,0.64555866
0x04e1dd13ef029f573cf717f094a6b601b9e03550,GMX,0.6456438
0x04e1dd13ef029f573cf717f094a6b601b9e03550,PENDLE,0.64566535
0x04e1dd13ef029f573cf717f094a6b601b9e03550,ZK,0.645704
0x04e1dd13ef029f573cf717f094a6b601b9e03550,ZEC,0.64580905
0x04e1dd13ef029f573cf717f094a6b601b9e03550,IOTA,0.6466744
0x04e1dd13ef029f573cf717f094a6b601b9e03550,DASH,0.6472128
0x04e1dd13ef029f573cf717f094a6b601b9e03550,COMP,0.6476191
0x04e1dd13ef029f573cf717f094a6b601b9e03550,GRASS,0.6485692
0x04e1dd13ef029f573cf717f094a6b601b9e03550,BRETT,0.64903104
0x04e1dd13ef029f573cf717f094a6b601b9e03550,PEOPLE,0.64908576
0x04e1dd13ef029f573cf717f094a6b601b9e03550,BONK,0.6493928
0x04e1dd13ef029f573cf717f094a6b601b9e03550,LUNC,0.6496628
0x04e1dd13ef029f573cf717f094a6b601b9e03550,AIXBT,0.649692
0x04e1dd13ef029f573cf717f094a6b601b9e03550,MON,0.64970493
0x04e1dd13ef029f573cf717f094a6b601b9e03550,INJ,0.64992636
0x04e1dd13ef029f573cf717f094a6b601b9e03550,AR,0.6499409
0x04e1dd13ef029f573cf717f094a6b601b9e03550,SUSHI,0.6499787
0x04e1dd13ef029f573cf717f094a6b601b9e03550,CFX,0.6501267
0x04e1dd13ef029f573cf717f094a6b601b9e03550,SUI,0.6508078
0x04e1dd13ef029f573cf717f094a6b601b9e03550,KAS,0.65117055
0x04e1dd13ef029f573cf717f094a6b601b9e03550,ORDI,0.65153074
0x04e1dd13ef029f573cf717f094a6b601b9e03550,BOME,0.65183717
0x04e1dd13ef029f573cf717f094a6b601b9e03550,SNX,0.6520428
0x04e1dd13ef029f573cf717f094a6b601b9e03550,VVV,0.6524687
0x04e1dd13ef029f573cf717f094a6b601b9e03550,AAVE,0.6524716
0x04e1dd13ef029f573cf717f094a6b601b9e03550,FARTCOIN,0.6524726
0x04e1dd13ef029f573cf717f094a6b601b9e03550,GRIFFAIN,0.65254974
0x04e1dd13ef029f573cf717f094a6b601b9e03550,ZETA,0.65271145
0x04e1dd13ef029f573cf717f094a6b601b9e03550,VINE,0.65325534
0x04e1dd13ef029f573cf717f094a6b601b9e03550,DYM,0.6532845
0x04e1dd13ef029f573cf717f094a6b601b9e03550,XLM,0.65400463
0x04e1dd13ef029f573cf717f094a6b601b9e03550,HBAR,0.6557158
0x04e1dd13ef029f573cf717f094a6b601b9e03550,HEMI,0.65628225
0x04e1dd13ef029f573cf717f094a6b601b9e03550,NEIRO,0.65643674
0x04e1dd13ef029f573cf717f094a6b601b9e03550,RUNE,0.657194
0x04e1dd13ef029f573cf717f094a6b601b9e03550,MERL,0.658603
0x04e1dd13ef029f573cf717f094a6b601b9e03550,ATOM,0.6589128
0x04e1dd13ef029f573cf717f094a6b601b9e03550,MANTA,0.65901357
0x04e1dd13ef029f573cf717f094a6b601b9e03550,APEX,0.65918314
0x04e1dd13ef029f573cf717f094a6b601b9e03550,PEPE,0.65961313
0x04e1dd13ef029f573cf717f094a6b601b9e03550,NOT,0.66033506
0x04e1dd13ef029f573cf717f094a6b601b9e03550,POL,0.6605222
0x04e1dd13ef029f573cf717f094a6b601b9e03550,PENGU,0.6611931
0x04e1dd13ef029f573cf717f094a6b601b9e03550,UMA,0.66120625
0x04e1dd13ef029f573cf717f094a6b601b9e03550,AVAX,0.6613194
0x04e1dd13ef029f573cf717f094a6b601b9e03550,BSV,0.66145974
0x04e1dd13ef029f573cf717f094a6b601b9e03550,MORPHO,0.6615134
0x04e1dd13ef029f573cf717f094a6b601b9e03550,WLFI,0.66208524
0x04e1dd13ef029f573cf717f094a6b601b9e03550,2Z,0.66284215
0x04e1dd13ef029f573cf717f094a6b601b9e03550,BCH,0.66285276
0x04e1dd13ef029f573cf717f094a6b601b9e03550,JUP,0.663407
0x04e1dd13ef029f573cf717f094a6b601b9e03550,ARB,0.66367584
0x04e1dd13ef029f573cf717f094a6b601b9e03550,STX,0.66405445
0x04e1dd13ef029f573cf717f094a6b601b9e03550,SOPH,0.6642497
0x04e1dd13ef029f573cf717f094a6b601b9e03550,ZEN,0.66434234
0x04e1dd13ef029f573cf717f094a6b601b9e03550,DOGE,0.6645667
0x04e1dd13ef029f573cf717f094a6b601b9e03550,TRUMP,0.66480845
0x04e1dd13ef029f573cf717f094a6b601b9e03550,ADA,0.6650724
0x04e1dd13ef029f573cf717f094a6b601b9e03550,SHIB,0.66554594
0x04e1dd13ef029f573cf717f094a6b601b9e03550,PUMP,0.665591
0x04e1dd13ef029f573cf717f094a6b601b9e03550,LTC,0.6658463
0x04e1dd13ef029f573cf717f094a6b601b9e03550,XMR,0.66622734
0x04e1dd13ef029f573cf717f094a6b601b9e03550,USUAL,0.6664135
0x04e1dd13ef029f573cf717f094a6b601b9e03550,ALGO,0.666785
0x04e1dd13ef029f573cf717f094a6b601b9e03550,XRP,0.6671209
0x04e1dd13ef029f573cf717f094a6b601b9e03550,W,0.6673639
0x04e1dd13ef029f573cf717f094a6b601b9e03550,BTC,0.6676131
0x04e1dd13ef029f573cf717f094a6b601b9e03550,SKY,0.6678158
0x04e1dd13ef029f573cf717f094a6b601b9e03550,TRX,0.6678269
0x04e1dd13ef029f573cf717f094a6b601b9e03550,OP,0.6678286
0x04e1dd13ef029f573cf717f094a6b601b9e03550,DOT,0.6679128
0x04e1dd13ef029f573cf717f094a6b601b9e03550,ETH,0.66817296
0x04e1dd13ef029f573cf717f094a6b601b9e03550,CAKE,0.6682317
0x04e1dd13ef029f573cf717f094a6b601b9e03550,CELO,0.6683914
0x04e1dd13ef029f573cf717f094a6b601b9e03550,ETC,0.6688384
0x04e1dd13ef029f573cf717f094a6b601b9e03550,MEME,0.6702573
0x04e1dd13ef029f573cf717f094a6b601b9e03550,LAYER,0.67096674
0x04e1dd13ef029f573cf717f094a6b601b9e03550,IP,0.67121685
0x04e1dd13ef029f573cf717f094a6b601b9e03550,BABY,0.6714982
0x04e1dd13ef029f573cf717f094a6b601b9e03550,GOAT,0.6717329
0x04e1dd13ef029f573cf717f094a6b601b9e03550,BNB,0.6718182
0x04e1dd13ef029f573cf717f094a6b601b9e03550,GMT,0.6725577
0x04e1dd13ef029f573cf717f094a6b601b9e03550,MOVE,0.67257047
0x04e1dd13ef029f573cf717f094a6b601b9e03550,HYPE,0.67279917
0x04e1dd13ef029f573cf717f094a6b601b9e03550,UNI,0.6729985
0x04e1dd13ef029f573cf717f094a6b601b9e03550,S,0.6731229
0x04e1dd13ef029f573cf717f094a6b601b9e03550,LINK,0.6741177
0x04e1dd13ef029f573cf717f094a6b601b9e03550,SOL,0.6742904
0x04e1dd13ef029f573cf717f094a6b601b9e03550,RSR,0.6743776
0x04e1dd13ef029f573cf717f094a6b601b9e03550,PROVE,0.6776753
0x04e1dd13ef029f573cf717f094a6b601b9e03550,VIRTUAL,0.6778084
0x04e1dd13ef029f573cf717f094a6b601b9e03550,CRV,0.67878175
0x04e1dd13ef029f573cf717f094a6b601b9e03550,CC,0.6825603
0x04e1dd13ef029f573cf717f094a6b601b9e03550,ALT,0.6838203
0x04e1dd13ef029f573cf717f094a6b601b9e03550,BIO,0.6839046
0x05934b9313c703fb75363d27704cc6566f645a91,SKY,0.5401635785667357
0x05934b9313c703fb75363d27704cc6566f645a91,TRX,0.5567085849789226
0x05934b9313c703fb75363d27704cc6566f645a91,XLM,0.5334616021419601
0x05934b9313c703fb75363d27704cc6566f645a91,XMR,0.5359736711989522
0x05934b9313c703fb75363d27704cc6566f645a91,XRP,0.5615481332725543
0x05934b9313c703fb75363d27704cc6566f645a91,ZEC,0.5286295548991043
0x05934b9313c703fb75363d27704cc6566f645a91,BCH,0.5488624548217096
0x05934b9313c703fb75363d27704cc6566f645a91,BTC,0.5789258089954706
0x05934b9313c703fb75363d27704cc6566f645a91,DOGE,0.5682840417249833
0x05934b9313c703fb75363d27704cc6566f645a91,ETC,0.5451462304079199
0x05934b9313c703fb75363d27704cc6566f645a91,LTC,0.5339301882926525
0x05934b9313c703fb75363d27704cc6566f645a91,ETH,0.5751870580415205
0x05934b9313c703fb75363d27704cc6566f645a91,ADA,0.5165450921698046
0x05934b9313c703fb75363d27704cc6566f645a91,LINK,0.5360799080924922
0x05934b9313c703fb75363d27704cc6566f645a91,S,0.5047596709950366
0x05934b9313c703fb75363d27704cc6566f645a91,ATOM,0.5656797255650231
0x05934b9313c703fb75363d27704cc6566f645a91,SNX,0.5772512258620466
0x05934b9313c703fb75363d27704cc6566f645a91,RSR,0.563958300281982
0x05934b9313c703fb75363d27704cc6566f645a91,ALGO,0.5574898093077619
0x05934b9313c703fb75363d27704cc6566f645a91,RUNE,0.5774481897578851
0x05934b9313c703fb75363d27704cc6566f645a91,TRB,0.5893947625520011
0x05934b9313c703fb75363d27704cc6566f645a91,SOL,0.5735625270435638
0x05934b9313c703fb75363d27704cc6566f645a91,UMA,0.5816763601061906
0x05934b9313c703fb75363d27704cc6566f645a91,PAXG,0.6065699405975734
0x05934b9313c703fb75363d27704cc6566f645a91,COMP,0.60190071015578
0x05934b9313c703fb75363d27704cc6566f645a91,AVAX,0.5804308082148903
0x05934b9313c703fb75363d27704cc6566f645a91,SAND,0.5614377372051449
0x05934b9313c703fb75363d27704cc6566f645a91,CRV,0.5037671051805382
0x05934b9313c703fb75363d27704cc6566f645a91,LAYER,0.5202815332445376
0x05934b9313c703fb75363d27704cc6566f645a91,DOT,0.5769318716695764
0x05934b9313c703fb75363d27704cc6566f645a91,SUSHI,0.5457188416027873
0x05934b9313c703fb75363d27704cc6566f645a91,UNI,0.5707566041042819
0x05934b9313c703fb75363d27704cc6566f645a91,AAVE,0.5838657429552615
0x05934b9313c703fb75363d27704cc6566f645a91,NEAR,0.6066178070743847
0x05934b9313c703fb75363d27704cc6566f645a91,FIL,0.5900856828984172
0x05934b9313c703fb75363d27704cc6566f645a91,AXS,0.5751287018130208
0x05934b9313c703fb75363d27704cc6566f645a91,INJ,0.5539368176764843
0x05934b9313c703fb75363d27704cc6566f645a91,ZORA,0.6029741514444485
0x05934b9313c703fb75363d27704cc6566f645a91,CELO,0.5529739659515622
0x05934b9313c703fb75363d27704cc6566f645a91,LIT,0.5330723359279912
0x05934b9313c703fb75363d27704cc6566f645a91,SHIB,0.5538803651546343
0x05934b9313c703fb75363d27704cc6566f645a91,ICP,0.5847262686032919
0x05934b9313c703fb75363d27704cc6566f645a91,RENDER,0.6131565184489696
0x05934b9313c703fb75363d27704cc6566f645a91,LDO,0.5761401989774314
0x05934b9313c703fb75363d27704cc6566f645a91,GALA,0.5970830370552804
0x05934b9313c703fb75363d27704cc6566f645a91,FET,0.5779832073295003
0x05934b9313c703fb75363d27704cc6566f645a91,ENS,0.5937244140735457
0x05934b9313c703fb75363d27704cc6566f645a91,IMX,0.6083652102465612
0x05934b9313c703fb75363d27704cc6566f645a91,PEOPLE,0.5645609467814824
0x05934b9313c703fb75363d27704cc6566f645a91,GMT,0.5127003287555542
0x05934b9313c703fb75363d27704cc6566f645a91,FLOKI,0.5864487226261281
0x05934b9313c703fb75363d27704cc6566f645a91,POL,0.5674235155511431
0x05934b9313c703fb75363d27704cc6566f645a91,APE,0.5468310336470233
0x05934b9313c703fb75363d27704cc6566f645a91,GMX,0.5926154724028236
0x05934b9313c703fb75363d27704cc6566f645a91,BLUR,0.5633206750310459
0x05934b9313c703fb75363d27704cc6566f645a91,PENDLE,0.5859858286152093
0x05934b9313c703fb75363d27704cc6566f645a91,MINA,0.5813965607102379
0x05934b9313c703fb75363d27704cc6566f645a91,LUNC,0.5809307347138626
0x05934b9313c703fb75363d27704cc6566f645a91,MEME,0.5457904075112732
0x05934b9313c703fb75363d27704cc6566f645a91,OP,0.5684465579260186
0x05934b9313c703fb75363d27704cc6566f645a91,ZEN,0.5716799537685832
0x05934b9313c703fb75363d27704cc6566f645a91,STRK,0.5941088681956137
0x05934b9313c703fb75363d27704cc6566f645a91,STX,0.5740526458840108
0x05934b9313c703fb75363d27704cc6566f645a91,CFX,0.5834510104479191
0x05934b9313c703fb75363d27704cc6566f645a91,CAKE,0.544761083337018
0x05934b9313c703fb75363d27704cc6566f645a91,DASH,0.6053574815952694
0x05934b9313c703fb75363d27704cc6566f645a91,BSV,0.5519477760268122
0x05934b9313c703fb75363d27704cc6566f645a91,AR,0.5941539246983611
0x05934b9313c703fb75363d27704cc6566f645a91,APT,0.5972482380824036
0x05934b9313c703fb75363d27704cc6566f645a91,ALT,0.541746366218416
0x05934b9313c703fb75363d27704cc6566f645a91,BNB,0.5688562132036624
0x05934b9313c703fb75363d27704cc6566f645a91,BONK,0.5145438665956971
0x05934b9313c703fb75363d27704cc6566f645a91,BABY,0.5630386876984186
0x05934b9313c703fb75363d27704cc6566f645a91,HBAR,0.584481955142634
0x05934b9313c703fb75363d27704cc6566f645a91,KAS,0.6089891596738679
0x05934b9313c703fb75363d27704cc6566f645a91,PEPE,0.5310439498957338
0x05934b9313c703fb75363d27704cc6566f645a91,ORDI,0.6060776687921728
0x05934b9313c703fb75363d27704cc6566f645a91,SUI,0.554554930212868
0x05934b9313c703fb75363d27704cc6566f645a91,MNT,0.5709094375641588
0x05934b9313c703fb75363d27704cc6566f645a91,IOTA,0.55978212859594
0x05934b9313c703fb75363d27704cc6566f645a91,TURBO,0.5550358028156553
0x05934b9313c703fb75363d27704cc6566f645a91,TIA,0.5872438693435681
0x05934b9313c703fb75363d27704cc6566f645a91,SEI,0.6000569266190645
0x05934b9313c703fb75363d27704cc6566f645a91,TAO,0.5899976861421815
0x05934b9313c703fb75363d27704cc6566f645a91,JTO,0.5954488906720374
0x05934b9313c703fb75363d27704cc6566f645a91,PYTH,0.582843189115292
0x05934b9313c703fb75363d27704cc6566f645a91,MANTA,0.5793474982814019
0x05934b9313c703fb75363d27704cc6566f645a91,ONDO,0.5818379873530538
0x05934b9313c703fb75363d27704cc6566f645a91,WIF,0.5802850391829172
0x05934b9313c703fb75363d27704cc6566f645a91,XAI,0.5158537425542848
0x05934b9313c703fb75363d27704cc6566f645a91,ZETA,0.6036443293882667
0x05934b9313c703fb75363d27704cc6566f645a91,JUP,0.582102086148252
0x05934b9313c703fb75363d27704cc6566f645a91,DYM,0.5628232443574729
0x05934b9313c703fb75363d27704cc6566f645a91,TRUMP,0.5446863774699122
0x05934b9313c703fb75363d27704cc6566f645a91,APEX,0.619647681106495
0x05934b9313c703fb75363d27704cc6566f645a91,ARB,0.5661401378583806
0x05934b9313c703fb75363d27704cc6566f645a91,BOME,0.5250896591253336
0x05934b9313c703fb75363d27704cc6566f645a91,HYPER,0.5831182113016518
0x05934b9313c703fb75363d27704cc6566f645a91,ETHFI,0.5494410838654217
0x05934b9313c703fb75363d27704cc6566f645a91,BRETT,0.5926317137031245
0x05934b9313c703fb75363d27704cc6566f645a91,W,0.5492941473992224
0x05934b9313c703fb75363d27704cc6566f645a91,GOAT,0.5560103064718293
0x05934b9313c703fb75363d27704cc6566f645a91,POPCAT,0.5656166959583777
0x05934b9313c703fb75363d27704cc6566f645a91,MERL,0.5701735865077497
0x05934b9313c703fb75363d27704cc6566f645a91,ZK,0.6145912280296387
0x05934b9313c703fb75363d27704cc6566f645a91,TNSR,0.569997099650714
0x05934b9313c703fb75363d27704cc6566f645a91,AERO,0.5679337958993742
0x05934b9313c703fb75363d27704cc6566f645a91,REZ,0.556756295286297
0x05934b9313c703fb75363d27704cc6566f645a91,NOT,0.559331994127621
0x05934b9313c703fb75363d27704cc6566f645a91,MON,0.5860888130023334
0x05934b9313c703fb75363d27704cc6566f645a91,VIRTUAL,0.520854820762128
0x05934b9313c703fb75363d27704cc6566f645a91,IO,0.5899364573917617
0x05934b9313c703fb75363d27704cc6566f645a91,ZRO,0.533438626367917
0x05934b9313c703fb75363d27704cc6566f645a91,WLD,0.5920450260708595
0x05934b9313c703fb75363d27704cc6566f645a91,NEIRO,0.5381387320053097
0x05934b9313c703fb75363d27704cc6566f645a91,EIGEN,0.5890069135985239
0x05934b9313c703fb75363d27704cc6566f645a91,MOVE,0.5021633885713126
0x05934b9313c703fb75363d27704cc6566f645a91,FARTCOIN,0.5431977610170273
0x05934b9313c703fb75363d27704cc6566f645a91,GRASS,0.574224598228853
0x05934b9313c703fb75363d27704cc6566f645a91,PNUT,0.5655249917249972
0x05934b9313c703fb75363d27704cc6566f645a91,USUAL,0.4710951257496162
0x05934b9313c703fb75363d27704cc6566f645a91,MORPHO,0.5853571836530314
0x05934b9313c703fb75363d27704cc6566f645a91,AIXBT,0.5541142921307257
0x05934b9313c703fb75363d27704cc6566f645a91,HYPE,0.5604013918890398
0x05934b9313c703fb75363d27704cc6566f645a91,ME,0.5869565221746982
0x05934b9313c703fb75363d27704cc6566f645a91,PENGU,0.555732768418045
0x05934b9313c703fb75363d27704cc6566f645a91,sENA,0.5504096006865975
0x05934b9313c703fb75363d27704cc6566f645a91,BIO,0.5092108956209148
0x05934b9313c703fb75363d27704cc6566f645a91,GRIFFAIN,0.5542072304978651
0x05934b9313c703fb75363d27704cc6566f645a91,MELANIA,0.6045387911901319
0x05934b9313c703fb75363d27704cc6566f645a91,VINE,0.5688849832949734
0x05934b9313c703fb75363d27704cc6566f645a91,ANIME,0.5669533624982008
0x05934b9313c703fb75363d27704cc6566f645a91,VVV,0.6020711599829925
0x05934b9313c703fb75363d27704cc6566f645a91,SYRUP,0.5802197672626109
0x05934b9313c703fb75363d27704cc6566f645a91,BERA,0.6108304003410581
0x05934b9313c703fb75363d27704cc6566f645a91,IP,0.515655603785177
0x05934b9313c703fb75363d27704cc6566f645a91,KAITO,0.4795618945410504
0x05934b9313c703fb75363d27704cc6566f645a91,NIL,0.5475276997881375
0x05934b9313c703fb75363d27704cc6566f645a91,WCT,0.6301699984802697
0x05934b9313c703fb75363d27704cc6566f645a91,PUMP,0.5408777822747733
0x05934b9313c703fb75363d27704cc6566f645a91,INIT,0.574689611991364
0x05934b9313c703fb75363d27704cc6566f645a91,SOPH,0.5990334434631539
0x05934b9313c703fb75363d27704cc6566f645a91,PROVE,0.5403121436218065
0x05934b9313c703fb75363d27704cc6566f645a91,WLFI,0.5991441427290984
0x05934b9313c703fb75363d27704cc6566f645a91,0G,0.6069010657758478
0x05934b9313c703fb75363d27704cc6566f645a91,ASTER,0.5768338545894979
0x05934b9313c703fb75363d27704cc6566f645a91,AVNT,0.5643627352184349
0x05934b9313c703fb75363d27704cc6566f645a91,LINEA,0.5827227405405826
0x05934b9313c703fb75363d27704cc6566f645a91,HEMI,0.542613047389437
0x05934b9313c703fb75363d27704cc6566f645a91,XPL,0.5775657508543431
0x05934b9313c703fb75363d27704cc6566f645a91,2Z,0.605090360962849
0x05934b9313c703fb75363d27704cc6566f645a91,CC,0.5288157753510235
0x063af2c2952d7799ce1eac2f1a85c7b4aa4fe553,BTC,0.6264670771276386
0x063af2c2952d7799ce1eac2f1a85c7b4aa4fe553,LTC,0.6004307339568334
0x063af2c2952d7799ce1eac2f1a85c7b4aa4fe553,XRP,0.5309020967416049
0x063af2c2952d7799ce1eac2f1a85c7b4aa4fe553,DOGE,0.5743598888715917
0x063af2c2952d7799ce1eac2f1a85c7b4aa4fe553,DASH,0.571218082201158
0x063af2c2952d7799ce1eac2f1a85c7b4aa4fe553,XMR,0.5892215045460578
0x063af2c2952d7799ce1eac2f1a85c7b4aa4fe553,XLM,0.4985924029233302
0x063af2c2952d7799ce1eac2f1a85c7b4aa4fe553,ETH,0.580174687375731
0x063af2c2952d7799ce1eac2f1a85c7b4aa4fe553,ETC,0.5304253699489706
0x063af2c2952d7799ce1eac2f1a85c7b4aa4fe553,ZEC,0.5713718522600258
0x063af2c2952d7799ce1eac2f1a85c7b4aa4fe553,ZEN,0.5403380413202378
0x063af2c2952d7799ce1eac2f1a85c7b4aa4fe553,IOTA,0.5249077982445037
0x063af2c2952d7799ce1eac2f1a85c7b4aa4fe553,BCH,0.5329483538173498
0x063af2c2952d7799ce1eac2f1a85c7b4aa4fe553,BNB,0.5881377317395133
0x063af2c2952d7799ce1eac2f1a85c7b4aa4fe553,TRX,0.6139669996288314
0x063af2c2952d7799ce1eac2f1a85c7b4aa4fe553,LINK,0.5698212203400316
0x063af2c2952d7799ce1eac2f1a85c7b4aa4fe553,ADA,0.4826853942791282
0x063af2c2952d7799ce1eac2f1a85c7b4aa4fe553,FIL,0.5446230866548464
0x063af2c2952d7799ce1eac2f1a85c7b4aa4fe553,SNX,0.5383598267122693
0x063af2c2952d7799ce1eac2f1a85c7b4aa4fe553,BSV,0.4985622386486916
0x063af2c2952d7799ce1eac2f1a85c7b4aa4fe553,FET,0.540241055811287
0x063af2c2952d7799ce1eac2f1a85c7b4aa4fe553,ATOM,0.5442215842368422
0x063af2c2952d7799ce1eac2f1a85c7b4aa4fe553,RSR,0.5153091356448712
0x063af2c2952d7799ce1eac2f1a85c7b4aa4fe553,ALGO,0.5808534589564981
0x063af2c2952d7799ce1eac2f1a85c7b4aa4fe553,RUNE,0.5923637199306183
0x063af2c2952d7799ce1eac2f1a85c7b4aa4fe553,LUNC,0.4976897633527775
0x063af2c2952d7799ce1eac2f1a85c7b4aa4fe553,HBAR,0.5238348939645361
0x063af2c2952d7799ce1eac2f1a85c7b4aa4fe553,PAXG,0.6783539746431524
0x063af2c2952d7799ce1eac2f1a85c7b4aa4fe553,STX,0.5528695469292378
0x063af2c2952d7799ce1eac2f1a85c7b4aa4fe553,TRB,0.5312079074208611
0x063af2c2952d7799ce1eac2f1a85c7b4aa4fe553,SOL,0.6200376352380601
0x063af2c2952d7799ce1eac2f1a85c7b4aa4fe553,CELO,0.4862559201301187
0x063af2c2952d7799ce1eac2f1a85c7b4aa4fe553,UMA,0.5519618195431706
0x063af2c2952d7799ce1eac2f1a85c7b4aa4fe553,AR,0.5856733312086588
0x063af2c2952d7799ce1eac2f1a85c7b4aa4fe553,RENDER,0.5526526038134341
0x063af2c2952d7799ce1eac2f1a85c7b4aa4fe553,COMP,0.5306625833855085
0x063af2c2952d7799ce1eac2f1a85c7b4aa4fe553,AVAX,0.550887127052795
0x063af2c2952d7799ce1eac2f1a85c7b4aa4fe553,SHIB,0.5133508604438667
0x063af2c2952d7799ce1eac2f1a85c7b4aa4fe553,SAND,0.5534562833536901
0x063af2c2952d7799ce1eac2f1a85c7b4aa4fe553,NEAR,0.537040005569295
0x063af2c2952d7799ce1eac2f1a85c7b4aa4fe553,CRV,0.4760993659745686
0x063af2c2952d7799ce1eac2f1a85c7b4aa4fe553,DOT,0.5540369958286323
0x063af2c2952d7799ce1eac2f1a85c7b4aa4fe553,SUSHI,0.4897372054799276
0x063af2c2952d7799ce1eac2f1a85c7b4aa4fe553,AXS,0.5487277812295904
0x063af2c2952d7799ce1eac2f1a85c7b4aa4fe553,GALA,0.4993446232574658
0x063af2c2952d7799ce1eac2f1a85c7b4aa4fe553,UNI,0.5083584648902137
0x063af2c2952d7799ce1eac2f1a85c7b4aa4fe553,CAKE,0.5232633137952399
0x063af2c2952d7799ce1eac2f1a85c7b4aa4fe553,INJ,0.5529085406132295
0x063af2c2952d7799ce1eac2f1a85c7b4aa4fe553,AAVE,0.4900803874369397
0x063af2c2952d7799ce1eac2f1a85c7b4aa4fe553,CFX,0.5110119611900679
0x063af2c2952d7799ce1eac2f1a85c7b4aa4fe553,LDO,0.4858800126957762
0x063af2c2952d7799ce1eac2f1a85c7b4aa4fe553,MINA,0.5156415945860174
0x063af2c2952d7799ce1eac2f1a85c7b4aa4fe553,ICP,0.5782187523540363
0x063af2c2952d7799ce1eac2f1a85c7b4aa4fe553,PENDLE,0.5092663795643381
0x063af2c2952d7799ce1eac2f1a85c7b4aa4fe553,IMX,0.5418902908325356
0x063af2c2952d7799ce1eac2f1a85c7b4aa4fe553,FLOKI,0.5222997093919897
0x063af2c2952d7799ce1eac2f1a85c7b4aa4fe553,OP,0.5021341799099622
0x063af2c2952d7799ce1eac2f1a85c7b4aa4fe553,ARB,0.5162066010811625
0x063af2c2952d7799ce1eac2f1a85c7b4aa4fe553,GMX,0.530516326808344
0x063af2c2952d7799ce1eac2f1a85c7b4aa4fe553,WLD,0.5543503779336004
0x063af2c2952d7799ce1eac2f1a85c7b4aa4fe553,MANTA,0.5013432554814921
0x063af2c2952d7799ce1eac2f1a85c7b4aa4fe553,ENS,0.5282558910954992
0x063af2c2952d7799ce1eac2f1a85c7b4aa4fe553,PEOPLE,0.5182656574338131
0x063af2c2952d7799ce1eac2f1a85c7b4aa4fe553,GMT,0.5139961194192588
0x063af2c2952d7799ce1eac2f1a85c7b4aa4fe553,APE,0.5295749548785292
0x063af2c2952d7799ce1eac2f1a85c7b4aa4fe553,APEX,0.558087018687195
0x063af2c2952d7799ce1eac2f1a85c7b4aa4fe553,KAS,0.5393965111449175
0x063af2c2952d7799ce1eac2f1a85c7b4aa4fe553,SUI,0.5341092594426411
0x063af2c2952d7799ce1eac2f1a85c7b4aa4fe553,ONDO,0.4913479887988559
0x063af2c2952d7799ce1eac2f1a85c7b4aa4fe553,ZETA,0.527840097621633
0x063af2c2952d7799ce1eac2f1a85c7b4aa4fe553,APT,0.5590024205038588
0x063af2c2952d7799ce1eac2f1a85c7b4aa4fe553,STRK,0.5568770985308509
0x063af2c2952d7799ce1eac2f1a85c7b4aa4fe553,TIA,0.5405855861324415
0x063af2c2952d7799ce1eac2f1a85c7b4aa4fe553,TAO,0.55408416672314
0x063af2c2952d7799ce1eac2f1a85c7b4aa4fe553,BONK,0.4591071000034679
0x063af2c2952d7799ce1eac2f1a85c7b4aa4fe553,BLUR,0.5071720489113993
0x063af2c2952d7799ce1eac2f1a85c7b4aa4fe553,SEI,0.5278974518583582
0x063af2c2952d7799ce1eac2f1a85c7b4aa4fe553,ZK,0.5232515730166147
0x063af2c2952d7799ce1eac2f1a85c7b4aa4fe553,PEPE,0.5387247571791095
0x063af2c2952d7799ce1eac2f1a85c7b4aa4fe553,BERA,0.5477296207992939
0x063af2c2952d7799ce1eac2f1a85c7b4aa4fe553,TURBO,0.5297917557631963
0x063af2c2952d7799ce1eac2f1a85c7b4aa4fe553,ORDI,0.5225862974345304
0x063af2c2952d7799ce1eac2f1a85c7b4aa4fe553,ZRO,0.4463135893873715
0x063af2c2952d7799ce1eac2f1a85c7b4aa4fe553,MNT,0.5513294868901398
0x063af2c2952d7799ce1eac2f1a85c7b4aa4fe553,LINEA,0.5087871154392645
0x063af2c2952d7799ce1eac2f1a85c7b4aa4fe553,PYTH,0.468781627594218
0x063af2c2952d7799ce1eac2f1a85c7b4aa4fe553,MEME,0.49164616611471
0x063af2c2952d7799ce1eac2f1a85c7b4aa4fe553,POL,0.4934776728066679
0x063af2c2952d7799ce1eac2f1a85c7b4aa4fe553,JTO,0.5084513833323201
0x063af2c2952d7799ce1eac2f1a85c7b4aa4fe553,WIF,0.53389504947598
0x063af2c2952d7799ce1eac2f1a85c7b4aa4fe553,POPCAT,0.5069376242737451
0x063af2c2952d7799ce1eac2f1a85c7b4aa4fe553,NOT,0.505639568066074
0x063af2c2952d7799ce1eac2f1a85c7b4aa4fe553,DYM,0.415849516877728
0x063af2c2952d7799ce1eac2f1a85c7b4aa4fe553,XAI,0.4691556168094498
0x063af2c2952d7799ce1eac2f1a85c7b4aa4fe553,ALT,0.5073002862173649
0x063af2c2952d7799ce1eac2f1a85c7b4aa4fe553,JUP,0.5481761201680989
0x063af2c2952d7799ce1eac2f1a85c7b4aa4fe553,AERO,0.5278913377867404
0x063af2c2952d7799ce1eac2f1a85c7b4aa4fe553,VIRTUAL,0.5214930810712728
0x063af2c2952d7799ce1eac2f1a85c7b4aa4fe553,W,0.5449105347297492
0x063af2c2952d7799ce1eac2f1a85c7b4aa4fe553,BRETT,0.5131464919161003
0x063af2c2952d7799ce1eac2f1a85c7b4aa4fe553,ETHFI,0.4882101937515938
0x063af2c2952d7799ce1eac2f1a85c7b4aa4fe553,IO,0.5351294472466747
0x063af2c2952d7799ce1eac2f1a85c7b4aa4fe553,BOME,0.4135525078196885
0x063af2c2952d7799ce1eac2f1a85c7b4aa4fe553,sENA,0.5548992610644278
0x063af2c2952d7799ce1eac2f1a85c7b4aa4fe553,TNSR,0.4978416732750277
0x063af2c2952d7799ce1eac2f1a85c7b4aa4fe553,EIGEN,0.5113028070534517
0x063af2c2952d7799ce1eac2f1a85c7b4aa4fe553,MON,0.5077856317211761
0x063af2c2952d7799ce1eac2f1a85c7b4aa4fe553,MERL,0.4611979355055087
0x063af2c2952d7799ce1eac2f1a85c7b4aa4fe553,REZ,0.4283197266732035
0x063af2c2952d7799ce1eac2f1a85c7b4aa4fe553,SOPH,0.4814190342394117
0x063af2c2952d7799ce1eac2f1a85c7b4aa4fe553,HYPE,0.583626121481492
0x063af2c2952d7799ce1eac2f1a85c7b4aa4fe553,ME,0.4583591098838028
0x063af2c2952d7799ce1eac2f1a85c7b4aa4fe553,BABY,0.4408149897726565
0x063af2c2952d7799ce1eac2f1a85c7b4aa4fe553,MOVE,0.4267901881137574
0x063af2c2952d7799ce1eac2f1a85c7b4aa4fe553,NEIRO,0.4366851616329613
0x063af2c2952d7799ce1eac2f1a85c7b4aa4fe553,S,0.4976694962028852
0x063af2c2952d7799ce1eac2f1a85c7b4aa4fe553,GRASS,0.5507144678488298
0x063af2c2952d7799ce1eac2f1a85c7b4aa4fe553,SKY,0.5246320800938271
0x063af2c2952d7799ce1eac2f1a85c7b4aa4fe553,INIT,0.487998528908273
0x063af2c2952d7799ce1eac2f1a85c7b4aa4fe553,WCT,0.5395857624070473
0x063af2c2952d7799ce1eac2f1a85c7b4aa4fe553,WLFI,0.5322832330068168
0x063af2c2952d7799ce1eac2f1a85c7b4aa4fe553,GOAT,0.4990544233608461
0x063af2c2952d7799ce1eac2f1a85c7b4aa4fe553,FARTCOIN,0.4973334665997821
0x063af2c2952d7799ce1eac2f1a85c7b4aa4fe553,PNUT,0.4722551028746393
0x063af2c2952d7799ce1eac2f1a85c7b4aa4fe553,SYRUP,0.4779868240563171
0x063af2c2952d7799ce1eac2f1a85c7b4aa4fe553,USUAL,0.4339642937350452
0x063af2c2952d7799ce1eac2f1a85c7b4aa4fe553,AIXBT,0.4674326634567314
0x063af2c2952d7799ce1eac2f1a85c7b4aa4fe553,MORPHO,0.5116877187981215
0x063af2c2952d7799ce1eac2f1a85c7b4aa4fe553,PENGU,0.4921626567342395
0x063af2c2952d7799ce1eac2f1a85c7b4aa4fe553,GRIFFAIN,0.4629192289285039
0x063af2c2952d7799ce1eac2f1a85c7b4aa4fe553,BIO,0.4618174675056637
0x063af2c2952d7799ce1eac2f1a85c7b4aa4fe553,ANIME,0.4650160474373734
0x063af2c2952d7799ce1eac2f1a85c7b4aa4fe553,TRUMP,0.5992330567146136
0x063af2c2952d7799ce1eac2f1a85c7b4aa4fe553,MELANIA,0.5348615737299908
0x063af2c2952d7799ce1eac2f1a85c7b4aa4fe553,VINE,0.5162305966473829
0x063af2c2952d7799ce1eac2f1a85c7b4aa4fe553,LAYER,0.5344340082142895
0x063af2c2952d7799ce1eac2f1a85c7b4aa4fe553,VVV,0.5420580912811979
0x063af2c2952d7799ce1eac2f1a85c7b4aa4fe553,IP,0.5674550390192508
0x063af2c2952d7799ce1eac2f1a85c7b4aa4fe553,NIL,0.3653126156929722
0x063af2c2952d7799ce1eac2f1a85c7b4aa4fe553,KAITO,0.4880925099149115
0x063af2c2952d7799ce1eac2f1a85c7b4aa4fe553,ZORA,0.5010483919795389
0x063af2c2952d7799ce1eac2f1a85c7b4aa4fe553,HYPER,0.5122316507284017
0x063af2c2952d7799ce1eac2f1a85c7b4aa4fe553,ASTER,0.5686557526789054
0x063af2c2952d7799ce1eac2f1a85c7b4aa4fe553,PUMP,0.4225283978199692
0x063af2c2952d7799ce1eac2f1a85c7b4aa4fe553,XPL,0.5457586728894191
0x063af2c2952d7799ce1eac2f1a85c7b4aa4fe553,CC,0.4695420591719038
0x063af2c2952d7799ce1eac2f1a85c7b4aa4fe553,PROVE,0.4926761604887265
0x063af2c2952d7799ce1eac2f1a85c7b4aa4fe553,HEMI,0.4406155950103448
0x063af2c2952d7799ce1eac2f1a85c7b4aa4fe553,AVNT,0.4539623738700003
0x063af2c2952d7799ce1eac2f1a85c7b4aa4fe553,0G,0.510352301283548
0x063af2c2952d7799ce1eac2f1a85c7b4aa4fe553,2Z,0.5056342390939715
0x063af2c2952d7799ce1eac2f1a85c7b4aa4fe553,LIT,0.4580092278274216
0x0edc0ea676c5e608d628ecc659a13a213476de3e,SKY,0.662606577344702
0x0edc0ea676c5e608d628ecc659a13a213476de3e,TRX,0.867844092570037
0x0edc0ea676c5e608d628ecc659a13a213476de3e,XLM,0.489037758830694
0x0edc0ea676c5e608d628ecc659a13a213476de3e,XMR,0.727771010962241
0x0edc0ea676c5e608d628ecc659a13a213476de3e,XRP,0.889768574908648
0x0edc0ea676c5e608d628ecc659a13a213476de3e,ZEC,0.676613885505481
0x0edc0ea676c5e608d628ecc659a13a213476de3e,BCH,0.53836784409257
0x0edc0ea676c5e608d628ecc659a13a213476de3e,BTC,0.995127892813642
0x0edc0ea676c5e608d628ecc659a13a213476de3e,DOGE,0.959805115712546
0x0edc0ea676c5e608d628ecc659a13a213476de3e,ETC,0.983556638246041
0x0edc0ea676c5e608d628ecc659a13a213476de3e,LTC,0.960414129110841
0x0edc0ea676c5e608d628ecc659a13a213476de3e,ETH,0.990864799025579
0x0edc0ea676c5e608d628ecc659a13a213476de3e,ADA,0.158952496954933
0x0edc0ea676c5e608d628ecc659a13a213476de3e,LINK,0.970767356881851
0x0edc0ea676c5e608d628ecc659a13a213476de3e,S,0.583434835566382
0x0edc0ea676c5e608d628ecc659a13a213476de3e,ATOM,0.790499390986602
0x0edc0ea676c5e608d628ecc659a13a213476de3e,SNX,0.891595615103532
0x0edc0ea676c5e608d628ecc659a13a213476de3e,RSR,0.582216808769793
0x0edc0ea676c5e608d628ecc659a13a213476de3e,ALGO,0.354445797807552
0x0edc0ea676c5e608d628ecc659a13a213476de3e,RUNE,0.711327649208283
0x0edc0ea676c5e608d628ecc659a13a213476de3e,TRB,0.607795371498173
0x0edc0ea676c5e608d628ecc659a13a213476de3e,SOL,0.968331303288672
0x0edc0ea676c5e608d628ecc659a13a213476de3e,UMA,0.704019488428745
0x0edc0ea676c5e608d628ecc659a13a213476de3e,PAXG,0.975030450669915
0x0edc0ea676c5e608d628ecc659a13a213476de3e,COMP,0.959196102314251
0x0edc0ea676c5e608d628ecc659a13a213476de3e,AVAX,0.52679658952497
0x0edc0ea676c5e608d628ecc659a13a213476de3e,SAND,0.918392204628502
0x0edc0ea676c5e608d628ecc659a13a213476de3e,CRV,0.746041412911084
0x0edc0ea676c5e608d628ecc659a13a213476de3e,LAYER,0.902557856272838
0x0edc0ea676c5e608d628ecc659a13a213476de3e,DOT,0.972594397076736
0x0edc0ea676c5e608d628ecc659a13a213476de3e,SUSHI,0.855054811205847
0x0edc0ea676c5e608d628ecc659a13a213476de3e,UNI,0.811814859926918
0x0edc0ea676c5e608d628ecc659a13a213476de3e,AAVE,0.388550548112058
0x0edc0ea676c5e608d628ecc659a13a213476de3e,NEAR,0.629719853836784
0x0edc0ea676c5e608d628ecc659a13a213476de3e,FIL,0.847137637028015
0x0edc0ea676c5e608d628ecc659a13a213476de3e,AXS,0.752740560292326
0x0edc0ea676c5e608d628ecc659a13a213476de3e,INJ,0.397076735688185
0x0edc0ea676c5e608d628ecc659a13a213476de3e,ZORA,0.694884287454324
0x0edc0ea676c5e608d628ecc659a13a213476de3e,CELO,0.575517661388551
0x0edc0ea676c5e608d628ecc659a13a213476de3e,LIT,0.251522533495737
0x0edc0ea676c5e608d628ecc659a13a213476de3e,SHIB,0.285018270401949
0x0edc0ea676c5e608d628ecc659a13a213476de3e,ICP,0.933008526187576
0x0edc0ea676c5e608d628ecc659a13a213476de3e,RENDER,0.940316686967113
0x0edc0ea676c5e608d628ecc659a13a213476de3e,LDO,0.224116930572473
0x0edc0ea676c5e608d628ecc659a13a213476de3e,GALA,0.651035322777101
0x0edc0ea676c5e608d628ecc659a13a213476de3e,FET,0.758221680876979
0x0edc0ea676c5e608d628ecc659a13a213476de3e,ENS,0.940925700365408
0x0edc0ea676c5e608d628ecc659a13a213476de3e,IMX,0.841656516443362
0x0edc0ea676c5e608d628ecc659a13a213476de3e,PEOPLE,0.176004872107186
0x0edc0ea676c5e608d628ecc659a13a213476de3e,GMT,0.742387332521316
0x0edc0ea676c5e608d628ecc659a13a213476de3e,FLOKI,0.879415347137637
0x0edc0ea676c5e608d628ecc659a13a213476de3e,POL,0.707064555420219
0x0edc0ea676c5e608d628ecc659a13a213476de3e,APE,0.633373934226553
0x0edc0ea676c5e608d628ecc659a13a213476de3e,GMX,0.632764920828258
0x0edc0ea676c5e608d628ecc659a13a213476de3e,BLUR,0.792326431181486
0x0edc0ea676c5e608d628ecc659a13a213476de3e,PENDLE,0.454323995127893
0x0edc0ea676c5e608d628ecc659a13a213476de3e,LUNC,0.727161997563946
0x0edc0ea676c5e608d628ecc659a13a213476de3e,MINA,0.523142509135201
0x0edc0ea676c5e608d628ecc659a13a213476de3e,MEME,0.420219244823386
0x0edc0ea676c5e608d628ecc659a13a213476de3e,OP,0.937880633373934
0x0edc0ea676c5e608d628ecc659a13a213476de3e,ZEN,0.495127892813642
0x0edc0ea676c5e608d628ecc659a13a213476de3e,STRK,0.806333739342266
0x0edc0ea676c5e608d628ecc659a13a213476de3e,STX,0.898294762484775
0x0edc0ea676c5e608d628ecc659a13a213476de3e,CFX,0.491473812423873
0x0edc0ea676c5e608d628ecc659a13a213476de3e,CAKE,0.763702801461632
0x0edc0ea676c5e608d628ecc659a13a213476de3e,DASH,0.900730816077954
0x0edc0ea676c5e608d628ecc659a13a213476de3e,AR,0.907429963459196
0x0edc0ea676c5e608d628ecc659a13a213476de3e,APT,0.862971985383678
0x0edc0ea676c5e608d628ecc659a13a213476de3e,ALT,0.507308160779537
0x0edc0ea676c5e608d628ecc659a13a213476de3e,BNB,0.9884287454324
0x0edc0ea676c5e608d628ecc659a13a213476de3e,BONK,0.609622411693057
0x0edc0ea676c5e608d628ecc659a13a213476de3e,BABY,0.822168087697929
0x0edc0ea676c5e608d628ecc659a13a213476de3e,BSV,0.630937880633374
0x0edc0ea676c5e608d628ecc659a13a213476de3e,HBAR,0.462241169305725
0x0edc0ea676c5e608d628ecc659a13a213476de3e,KAS,0.898903775883069
0x0edc0ea676c5e608d628ecc659a13a213476de3e,PEPE,0.671741778319123
0x0edc0ea676c5e608d628ecc659a13a213476de3e,ORDI,0.17904993909866
0x0edc0ea676c5e608d628ecc659a13a213476de3e,SUI,0.613885505481121
0x0edc0ea676c5e608d628ecc659a13a213476de3e,MNT,0.922655298416565
0x0edc0ea676c5e608d628ecc659a13a213476de3e,IOTA,0.586479902557856
0x0edc0ea676c5e608d628ecc659a13a213476de3e,TURBO,0.834348355663825
0x0edc0ea676c5e608d628ecc659a13a213476de3e,TIA,0.626065773447016
0x0edc0ea676c5e608d628ecc659a13a213476de3e,SEI,0.93727161997564
0x0edc0ea676c5e608d628ecc659a13a213476de3e,TAO,0.951278928136419
0x0edc0ea676c5e608d628ecc659a13a213476de3e,JTO,0.414129110840439
0x0edc0ea676c5e608d628ecc659a13a213476de3e,PYTH,0.392204628501827
0x0edc0ea676c5e608d628ecc659a13a213476de3e,MANTA,0.517661388550548
0x0edc0ea676c5e608d628ecc659a13a213476de3e,ONDO,0.485992691839221
0x0edc0ea676c5e608d628ecc659a13a213476de3e,WIF,0.780146163215591
0x0edc0ea676c5e608d628ecc659a13a213476de3e,XAI,0.769183922046285
0x0edc0ea676c5e608d628ecc659a13a213476de3e,ZETA,0.847746650426309
0x0edc0ea676c5e608d628ecc659a13a213476de3e,JUP,0.239342265529842
0x0edc0ea676c5e608d628ecc659a13a213476de3e,DYM,0.595006090133983
0x0edc0ea676c5e608d628ecc659a13a213476de3e,TRUMP,0.970767356881851
0x0edc0ea676c5e608d628ecc659a13a213476de3e,APEX,0.920219244823386
0x0edc0ea676c5e608d628ecc659a13a213476de3e,ARB,0.360535931790499
0x0edc0ea676c5e608d628ecc659a13a213476de3e,BOME,0.201583434835566
0x0edc0ea676c5e608d628ecc659a13a213476de3e,HYPER,0.24299634591961
0x0edc0ea676c5e608d628ecc659a13a213476de3e,ETHFI,0.275274056029233
0x0edc0ea676c5e608d628ecc659a13a213476de3e,BRETT,0.947624847746651
0x0edc0ea676c5e608d628ecc659a13a213476de3e,W,0.8721071863581
0x0edc0ea676c5e608d628ecc659a13a213476de3e,GOAT,0.326431181485993
0x0edc0ea676c5e608d628ecc659a13a213476de3e,POPCAT,0.152862362971985
0x0edc0ea676c5e608d628ecc659a13a213476de3e,MERL,0.233861144945189
0x0edc0ea676c5e608d628ecc659a13a213476de3e,ZK,0.884287454323995
0x0edc0ea676c5e608d628ecc659a13a213476de3e,TNSR,0.666869671132765
0x0edc0ea676c5e608d628ecc659a13a213476de3e,AERO,0.497563946406821
0x0edc0ea676c5e608d628ecc659a13a213476de3e,REZ,0.137637028014616
0x0edc0ea676c5e608d628ecc659a13a213476de3e,NOT,0.563337393422655
0x0edc0ea676c5e608d628ecc659a13a213476de3e,MON,0.66626065773447
0x0edc0ea676c5e608d628ecc659a13a213476de3e,VIRTUAL,0.571863580998782
0x0edc0ea676c5e608d628ecc659a13a213476de3e,IO,0.557856272838003
0x0edc0ea676c5e608d628ecc659a13a213476de3e,ZRO,0.907429963459196
0x0edc0ea676c5e608d628ecc659a13a213476de3e,WLD,0.509135200974422
0x0edc0ea676c5e608d628ecc659a13a213476de3e,NEIRO,0.165042630937881
0x0edc0ea676c5e608d628ecc659a13a213476de3e,EIGEN,0.579171741778319
0x0edc0ea676c5e608d628ecc659a13a213476de3e,MOVE,0.819123020706456
0x0edc0ea676c5e608d628ecc659a13a213476de3e,FARTCOIN,0.30694275274056
0x0edc0ea676c5e608d628ecc659a13a213476de3e,GRASS,0.348355663824604
0x0edc0ea676c5e608d628ecc659a13a213476de3e,PNUT,0.818514007308161
0x0edc0ea676c5e608d628ecc659a13a213476de3e,USUAL,0.83373934226553
0x0edc0ea676c5e608d628ecc659a13a213476de3e,MORPHO,0.595615103532278
0x0edc0ea676c5e608d628ecc659a13a213476de3e,AIXBT,0.702801461632156
0x0edc0ea676c5e608d628ecc659a13a213476de3e,HYPE,0.765529841656517
0x0edc0ea676c5e608d628ecc659a13a213476de3e,ME,0.314859926918392
0x0edc0ea676c5e608d628ecc659a13a213476de3e,PENGU,0.425700365408039
0x0edc0ea676c5e608d628ecc659a13a213476de3e,sENA,0.107795371498173
0x0edc0ea676c5e608d628ecc659a13a213476de3e,BIO,0.894031668696711
0x0edc0ea676c5e608d628ecc659a13a213476de3e,GRIFFAIN,0.200365408038977
0x0edc0ea676c5e608d628ecc659a13a213476de3e,MELANIA,0.651644336175396
0x0edc0ea676c5e608d628ecc659a13a213476de3e,VINE,0.476248477466504
0x0edc0ea676c5e608d628ecc659a13a213476de3e,ANIME,0.85931790499391
0x0edc0ea676c5e608d628ecc659a13a213476de3e,VVV,0.170523751522534
0x0edc0ea676c5e608d628ecc659a13a213476de3e,SYRUP,0.327040194884287
0x0edc0ea676c5e608d628ecc659a13a213476de3e,BERA,0.918392204628502
0x0edc0ea676c5e608d628ecc659a13a213476de3e,IP,0.829476248477467
0x0edc0ea676c5e608d628ecc659a13a213476de3e,KAITO,0.144945188794153
0x0edc0ea676c5e608d628ecc659a13a213476de3e,NIL,0.837393422655298
0x0edc0ea676c5e608d628ecc659a13a213476de3e,WCT,0.670523751522534
0x0edc0ea676c5e608d628ecc659a13a213476de3e,PUMP,0.29415347137637
0x0edc0ea676c5e608d628ecc659a13a213476de3e,INIT,0.87332521315469
0x0edc0ea676c5e608d628ecc659a13a213476de3e,SOPH,0.471985383678441
0x0edc0ea676c5e608d628ecc659a13a213476de3e,PROVE,0.752131546894032
0x0edc0ea676c5e608d628ecc659a13a213476de3e,WLFI,0.775883069427527
0x0edc0ea676c5e608d628ecc659a13a213476de3e,0G,0.674786845310597
0x0edc0ea676c5e608d628ecc659a13a213476de3e,AVNT,0.905602923264312
0x0edc0ea676c5e608d628ecc659a13a213476de3e,ASTER,0.801461632155908
0x0edc0ea676c5e608d628ecc659a13a213476de3e,LINEA,0.789890377588307
0x0edc0ea676c5e608d628ecc659a13a213476de3e,HEMI,0.149208282582217
0x0edc0ea676c5e608d628ecc659a13a213476de3e,XPL,0.47563946406821
0x0edc0ea676c5e608d628ecc659a13a213476de3e,2Z,0.791717417783191
0x0edc0ea676c5e608d628ecc659a13a213476de3e,CC,0.917174177831912
0x18fbc0c8fdd7faa3f4fb72810a0c6360c1bb4bd6,0G,0.116952811720116
0x18fbc0c8fdd7faa3f4fb72810a0c6360c1bb4bd6,2Z,0.740230769639313
0x18fbc0c8fdd7faa3f4fb72810a0c6360c1bb4bd6,AAVE,0.695521611805429
0x18fbc0c8fdd7faa3f4fb72810a0c6360c1bb4bd6,ADA,0.731451904688573
0x18fbc0c8fdd7faa3f4fb72810a0c6360c1bb4bd6,AERO,0.41068870217953
0x18fbc0c8fdd7faa3f4fb72810a0c6360c1bb4bd6,AIXBT,0.178382128895815
0x18fbc0c8fdd7faa3f4fb72810a0c6360c1bb4bd6,ALGO,0.822868838501857
0x18fbc0c8fdd7faa3f4fb72810a0c6360c1bb4bd6,ALT,0.8723703669509
0x18fbc0c8fdd7faa3f4fb72810a0c6360c1bb4bd6,ANIME,0.385914147431522
0x18fbc0c8fdd7faa3f4fb72810a0c6360c1bb4bd6,APE,0.407304109037849
0x18fbc0c8fdd7faa3f4fb72810a0c6360c1bb4bd6,APEX,0.696932086977818
0x18fbc0c8fdd7faa3f4fb72810a0c6360c1bb4bd6,APT,0.292326899927365
0x18fbc0c8fdd7faa3f4fb72810a0c6360c1bb4bd6,AR,0.595459771089393
0x18fbc0c8fdd7faa3f4fb72810a0c6360c1bb4bd6,ARB,0.934752269028517
0x18fbc0c8fdd7faa3f4fb72810a0c6360c1bb4bd6,ASTER,0.849499789561199
0x18fbc0c8fdd7faa3f4fb72810a0c6360c1bb4bd6,ATOM,0.261071574148057
0x18fbc0c8fdd7faa3f4fb72810a0c6360c1bb4bd6,AVAX,0.915155663721226
0x18fbc0c8fdd7faa3f4fb72810a0c6360c1bb4bd6,AVNT,0.0467622623746465
0x18fbc0c8fdd7faa3f4fb72810a0c6360c1bb4bd6,AXS,0.404244690431422
0x18fbc0c8fdd7faa3f4fb72810a0c6360c1bb4bd6,BABY,0.264335576565714
0x18fbc0c8fdd7faa3f4fb72810a0c6360c1bb4bd6,BCH,0.948025957286025
0x18fbc0c8fdd7faa3f4fb72810a0c6360c1bb4bd6,BERA,0.559953137529579
0x18fbc0c8fdd7faa3f4fb72810a0c6360c1bb4bd6,BIO,0.756575428369729
0x18fbc0c8fdd7faa3f4fb72810a0c6360c1bb4bd6,BLUR,0.243177738413325
0x18fbc0c8fdd7faa3f4fb72810a0c6360c1bb4bd6,BNB,0.909823335454316
0x18fbc0c8fdd7faa3f4fb72810a0c6360c1bb4bd6,BOME,0.0465102950263312
0x18fbc0c8fdd7faa3f4fb72810a0c6360c1bb4bd6,BONK,0.271341682429965
0x18fbc0c8fdd7faa3f4fb72810a0c6360c1bb4bd6,BRETT,0.48210506991618
0x18fbc0c8fdd7faa3f4fb72810a0c6360c1bb4bd6,BSV,0.0092994398188811
0x18fbc0c8fdd7faa3f4fb72810a0c6360c1bb4bd6,BTC,0.885633363095161
0x18fbc0c8fdd7faa3f4fb72810a0c6360c1bb4bd6,CAKE,0.865203625687791
0x18fbc0c8fdd7faa3f4fb72810a0c6360c1bb4bd6,CC,0.273388149737524
0x18fbc0c8fdd7faa3f4fb72810a0c6360c1bb4bd6,CELO,0.6249803156513
0x18fbc0c8fdd7faa3f4fb72810a0c6360c1bb4bd6,CFX,0.265200231441858
0x18fbc0c8fdd7faa3f4fb72810a0c6360c1bb4bd6,COMP,0.528884578446235
0x18fbc0c8fdd7faa3f4fb72810a0c6360c1bb4bd6,CRV,0.177343196003508
0x18fbc0c8fdd7faa3f4fb72810a0c6360c1bb4bd6,DASH,0.359180532738268
0x18fbc0c8fdd7faa3f4fb72810a0c6360c1bb4bd6,DOGE,0.930070905781309
0x18fbc0c8fdd7faa3f4fb72810a0c6360c1bb4bd6,DOT,0.923453245345104
0x18fbc0c8fdd7faa3f4fb72810a0c6360c1bb4bd6,DYM,0.0007742879327648
0x18fbc0c8fdd7faa3f4fb72810a0c6360c1bb4bd6,EIGEN,0.413208702234997
0x18fbc0c8fdd7faa3f4fb72810a0c6360c1bb4bd6,ENS,0.64597850258907
0x18fbc0c8fdd7faa3f4fb72810a0c6360c1bb4bd6,ETC,0.957524503341818
0x18fbc0c8fdd7faa3f4fb72810a0c6360c1bb4bd6,ETH,0.959190544477577
0x18fbc0c8fdd7faa3f4fb72810a0c6360c1bb4bd6,ETHFI,0.598074863297653
0x18fbc0c8fdd7faa3f4fb72810a0c6360c1bb4bd6,FARTCOIN,0.277494117064188
0x18fbc0c8fdd7faa3f4fb72810a0c6360c1bb4bd6,FET,0.391629800325718
0x18fbc0c8fdd7faa3f4fb72810a0c6360c1bb4bd6,FIL,0.633668900519703
0x18fbc0c8fdd7faa3f4fb72810a0c6360c1bb4bd6,FLOKI,0.423421094945961
0x18fbc0c8fdd7faa3f4fb72810a0c6360c1bb4bd6,GALA,0.796396930675902
0x18fbc0c8fdd7faa3f4fb72810a0c6360c1bb4bd6,GMT,0.688113717973894
0x18fbc0c8fdd7faa3f4fb72810a0c6360c1bb4bd6,GMX,0.328496398074023
0x18fbc0c8fdd7faa3f4fb72810a0c6360c1bb4bd6,GOAT,0.426251436345866
0x18fbc0c8fdd7faa3f4fb72810a0c6360c1bb4bd6,GRASS,0.552633311613159
0x18fbc0c8fdd7faa3f4fb72810a0c6360c1bb4bd6,GRIFFAIN,0.0021734413890284
0x18fbc0c8fdd7faa3f4fb72810a0c6360c1bb4bd6,HBAR,0.696112196143337
0x18fbc0c8fdd7faa3f4fb72810a0c6360c1bb4bd6,HEMI,0.0392798231641366
0x18fbc0c8fdd7faa3f4fb72810a0c6360c1bb4bd6,HYPE,0.851615021814429
0x18fbc0c8fdd7faa3f4fb72810a0c6360c1bb4bd6,HYPER,0.280346595879196
0x18fbc0c8fdd7faa3f4fb72810a0c6360c1bb4bd6,ICP,0.142491403692089
0x18fbc0c8fdd7faa3f4fb72810a0c6360c1bb4bd6,IMX,0.442011941357968
0x18fbc0c8fdd7faa3f4fb72810a0c6360c1bb4bd6,INIT,0.0742311179873549
0x18fbc0c8fdd7faa3f4fb72810a0c6360c1bb4bd6,INJ,0.821980665931532
0x18fbc0c8fdd7faa3f4fb72810a0c6360c1bb4bd6,IO,0.815955778257072
0x18fbc0c8fdd7faa3f4fb72810a0c6360c1bb4bd6,IOTA,0.356960611494873
0x18fbc0c8fdd7faa3f4fb72810a0c6360c1bb4bd6,IP,0.809514215282369
0x18fbc0c8fdd7faa3f4fb72810a0c6360c1bb4bd6,JTO,0.338038235390164
0x18fbc0c8fdd7faa3f4fb72810a0c6360c1bb4bd6,JUP,0.925308181726873
0x18fbc0c8fdd7faa3f4fb72810a0c6360c1bb4bd6,KAITO,0.0178841812938671
0x18fbc0c8fdd7faa3f4fb72810a0c6360c1bb4bd6,KAS,0.625703070642012
0x18fbc0c8fdd7faa3f4fb72810a0c6360c1bb4bd6,LAYER,0.718569404392244
0x18fbc0c8fdd7faa3f4fb72810a0c6360c1bb4bd6,LDO,0.151815487606656
0x18fbc0c8fdd7faa3f4fb72810a0c6360c1bb4bd6,LINEA,0.643907468882313
0x18fbc0c8fdd7faa3f4fb72810a0c6360c1bb4bd6,LINK,0.953675395075437
0x18fbc0c8fdd7faa3f4fb72810a0c6360c1bb4bd6,LIT,0.462529774884964
0x18fbc0c8fdd7faa3f4fb72810a0c6360c1bb4bd6,LTC,0.904648344395105
0x18fbc0c8fdd7faa3f4fb72810a0c6360c1bb4bd6,LUNC,0.90430126144839
0x18fbc0c8fdd7faa3f4fb72810a0c6360c1bb4bd6,MANTA,0.598134680430368
0x18fbc0c8fdd7faa3f4fb72810a0c6360c1bb4bd6,ME,0.206696649283233
0x18fbc0c8fdd7faa3f4fb72810a0c6360c1bb4bd6,MELANIA,0.344319333787545
0x18fbc0c8fdd7faa3f4fb72810a0c6360c1bb4bd6,MEME,0.466471386370409
0x18fbc0c8fdd7faa3f4fb72810a0c6360c1bb4bd6,MERL,0.353007171900436
0x18fbc0c8fdd7faa3f4fb72810a0c6360c1bb4bd6,MINA,0.765208672765023
0x18fbc0c8fdd7faa3f4fb72810a0c6360c1bb4bd6,MNT,0.591615356425869
0x18fbc0c8fdd7faa3f4fb72810a0c6360c1bb4bd6,MON,0.504953929903852
0x18fbc0c8fdd7faa3f4fb72810a0c6360c1bb4bd6,MORPHO,0.681718366987195
0x18fbc0c8fdd7faa3f4fb72810a0c6360c1bb4bd6,MOVE,0.891397077441957
0x18fbc0c8fdd7faa3f4fb72810a0c6360c1bb4bd6,NEAR,0.633592713073608
0x18fbc0c8fdd7faa3f4fb72810a0c6360c1bb4bd6,NEIRO,0.0578421404767801
0x18fbc0c8fdd7faa3f4fb72810a0c6360c1bb4bd6,NIL,0.0001720493721938
0x18fbc0c8fdd7faa3f4fb72810a0c6360c1bb4bd6,NOT,0.657178806875647
0x18fbc0c8fdd7faa3f4fb72810a0c6360c1bb4bd6,ONDO,0.698029145667873
0x18fbc0c8fdd7faa3f4fb72810a0c6360c1bb4bd6,OP,0.801066170828668
0x18fbc0c8fdd7faa3f4fb72810a0c6360c1bb4bd6,ORDI,0.0284149154928414
0x18fbc0c8fdd7faa3f4fb72810a0c6360c1bb4bd6,PAXG,0.347248557325329
0x18fbc0c8fdd7faa3f4fb72810a0c6360c1bb4bd6,PENDLE,0.585503767767521
0x18fbc0c8fdd7faa3f4fb72810a0c6360c1bb4bd6,PENGU,0.3134622573481
0x18fbc0c8fdd7faa3f4fb72810a0c6360c1bb4bd6,PEOPLE,0.0631108748173518
0x18fbc0c8fdd7faa3f4fb72810a0c6360c1bb4bd6,PEPE,0.124713039244768
0x18fbc0c8fdd7faa3f4fb72810a0c6360c1bb4bd6,PNUT,0.385262638683665
0x18fbc0c8fdd7faa3f4fb72810a0c6360c1bb4bd6,POL,0.550156372656142
0x18fbc0c8fdd7faa3f4fb72810a0c6360c1bb4bd6,POPCAT,0.509549034090959
0x18fbc0c8fdd7faa3f4fb72810a0c6360c1bb4bd6,PROVE,0.655652134248708
0x18fbc0c8fdd7faa3f4fb72810a0c6360c1bb4bd6,PUMP,0.62759724471861
0x18fbc0c8fdd7faa3f4fb72810a0c6360c1bb4bd6,PYTH,0.170689718768442
0x18fbc0c8fdd7faa3f4fb72810a0c6360c1bb4bd6,RENDER,0.564048317334878
0x18fbc0c8fdd7faa3f4fb72810a0c6360c1bb4bd6,REZ,0.028738424768382
0x18fbc0c8fdd7faa3f4fb72810a0c6360c1bb4bd6,RSR,0.853797036084849
0x18fbc0c8fdd7faa3f4fb72810a0c6360c1bb4bd6,RUNE,0.414212644277941
0x18fbc0c8fdd7faa3f4fb72810a0c6360c1bb4bd6,S,0.881835695960539
0x18fbc0c8fdd7faa3f4fb72810a0c6360c1bb4bd6,SAND,0.742627271079024
0x18fbc0c8fdd7faa3f4fb72810a0c6360c1bb4bd6,SEI,0.553041020334004
0x18fbc0c8fdd7faa3f4fb72810a0c6360c1bb4bd6,SHIB,0.506631652028091
0x18fbc0c8fdd7faa3f4fb72810a0c6360c1bb4bd6,SKY,0.536487015660756
0x18fbc0c8fdd7faa3f4fb72810a0c6360c1bb4bd6,SNX,0.88829701754517
0x18fbc0c8fdd7faa3f4fb72810a0c6360c1bb4bd6,SOL,0.895810267389171
0x18fbc0c8fdd7faa3f4fb72810a0c6360c1bb4bd6,SOPH,0.697153598305763
0x18fbc0c8fdd7faa3f4fb72810a0c6360c1bb4bd6,STRK,0.811036549390303
0x18fbc0c8fdd7faa3f4fb72810a0c6360c1bb4bd6,STX,0.720013151319251
0x18fbc0c8fdd7faa3f4fb72810a0c6360c1bb4bd6,SUI,0.252225116697595
0x18fbc0c8fdd7faa3f4fb72810a0c6360c1bb4bd6,SUSHI,0.034188607722617
0x18fbc0c8fdd7faa3f4fb72810a0c6360c1bb4bd6,SYRUP,0.318203360888992
0x18fbc0c8fdd7faa3f4fb72810a0c6360c1bb4bd6,TAO,0.487720889800072
0x18fbc0c8fdd7faa3f4fb72810a0c6360c1bb4bd6,TIA,0.457348566215149
0x18fbc0c8fdd7faa3f4fb72810a0c6360c1bb4bd6,TNSR,0.0595856240496962
0x18fbc0c8fdd7faa3f4fb72810a0c6360c1bb4bd6,TRB,0.27918313383256
0x18fbc0c8fdd7faa3f4fb72810a0c6360c1bb4bd6,TRUMP,0.894789449403322
0x18fbc0c8fdd7faa3f4fb72810a0c6360c1bb4bd6,TRX,0.692337338780424
0x18fbc0c8fdd7faa3f4fb72810a0c6360c1bb4bd6,TURBO,0.195657523440317
0x18fbc0c8fdd7faa3f4fb72810a0c6360c1bb4bd6,UMA,0.645215040727232
0x18fbc0c8fdd7faa3f4fb72810a0c6360c1bb4bd6,UNI,0.451944885598822
0x18fbc0c8fdd7faa3f4fb72810a0c6360c1bb4bd6,USUAL,0.349140291138682
0x18fbc0c8fdd7faa3f4fb72810a0c6360c1bb4bd6,VINE,0.374900142337357
0x18fbc0c8fdd7faa3f4fb72810a0c6360c1bb4bd6,VIRTUAL,0.867972909757171
0x18fbc0c8fdd7faa3f4fb72810a0c6360c1bb4bd6,VVV,0.333190629924662
0x18fbc0c8fdd7faa3f4fb72810a0c6360c1bb4bd6,W,0.784386202065429
0x18fbc0c8fdd7faa3f4fb72810a0c6360c1bb4bd6,WCT,0.75988784770203
0x18fbc0c8fdd7faa3f4fb72810a0c6360c1bb4bd6,WIF,0.261415625428003
0x18fbc0c8fdd7faa3f4fb72810a0c6360c1bb4bd6,WLD,0.639615660590184
0x18fbc0c8fdd7faa3f4fb72810a0c6360c1bb4bd6,WLFI,0.542747466808964
0x18fbc0c8fdd7faa3f4fb72810a0c6360c1bb4bd6,XAI,0.233365215723772
0x18fbc0c8fdd7faa3f4fb72810a0c6360c1bb4bd6,XLM,0.667198932786989
0x18fbc0c8fdd7faa3f4fb72810a0c6360c1bb4bd6,XMR,0.715445629526276
0x18fbc0c8fdd7faa3f4fb72810a0c6360c1bb4bd6,XPL,0.479690413502826
0x18fbc0c8fdd7faa3f4fb72810a0c6360c1bb4bd6,XRP,0.977654587563009
0x18fbc0c8fdd7faa3f4fb72810a0c6360c1bb4bd6,ZEC,0.719257866963589
0x18fbc0c8fdd7faa3f4fb72810a0c6360c1bb4bd6,ZEN,0.34127625093787
0x18fbc0c8fdd7faa3f4fb72810a0c6360c1bb4bd6,ZETA,0.47803123262893
0x18fbc0c8fdd7faa3f4fb72810a0c6360c1bb4bd6,ZK,0.574999552364978
0x18fbc0c8fdd7faa3f4fb72810a0c6360c1bb4bd6,ZORA,0.715190725518914
0x18fbc0c8fdd7faa3f4fb72810a0c6360c1bb4bd6,ZRO,0.0594847090376939
0x18fbc0c8fdd7faa3f4fb72810a0c6360c1bb4bd6,sENA,0.272308511545863
0x1be48b2b7594fe7e47701bc7e7bb83beaf84ecc0,BTC,0.5876748
0x1be48b2b7594fe7e47701bc7e7bb83beaf84ecc0,LTC,0.56784165
0x1be48b2b7594fe7e47701bc7e7bb83beaf84ecc0,XRP,0.5423375
0x1be48b2b7594fe7e47701bc7e7bb83beaf84ecc0,DOGE,0.53319997
0x1be48b2b7594fe7e47701bc7e7bb83beaf84ecc0,DASH,0.5489704
0x1be48b2b7594fe7e47701bc7e7bb83beaf84ecc0,XMR,0.5591947
0x1be48b2b7594fe7e47701bc7e7bb83beaf84ecc0,XLM,0.50208193
0x1be48b2b7594fe7e47701bc7e7bb83beaf84ecc0,ETH,0.5841746
0x1be48b2b7594fe7e47701bc7e7bb83beaf84ecc0,ETC,0.55219084
0x1be48b2b7594fe7e47701bc7e7bb83beaf84ecc0,ZEC,0.5322148
0x1be48b2b7594fe7e47701bc7e7bb83beaf84ecc0,ZEN,0.5543702
0x1be48b2b7594fe7e47701bc7e7bb83beaf84ecc0,IOTA,0.52225554
0x1be48b2b7594fe7e47701bc7e7bb83beaf84ecc0,BCH,0.572952
0x1be48b2b7594fe7e47701bc7e7bb83beaf84ecc0,BNB,0.5978147
0x1be48b2b7594fe7e47701bc7e7bb83beaf84ecc0,TRX,0.5778605
0x1be48b2b7594fe7e47701bc7e7bb83beaf84ecc0,LINK,0.523718
0x1be48b2b7594fe7e47701bc7e7bb83beaf84ecc0,ADA,0.45759323
0x1be48b2b7594fe7e47701bc7e7bb83beaf84ecc0,FIL,0.5345432
0x1be48b2b7594fe7e47701bc7e7bb83beaf84ecc0,SNX,0.5700191
0x1be48b2b7594fe7e47701bc7e7bb83beaf84ecc0,BSV,0.49725094
0x1be48b2b7594fe7e47701bc7e7bb83beaf84ecc0,FET,0.51956403
0x1be48b2b7594fe7e47701bc7e7bb83beaf84ecc0,ATOM,0.5359422
0x1be48b2b7594fe7e47701bc7e7bb83beaf84ecc0,RSR,0.5194113
0x1be48b2b7594fe7e47701bc7e7bb83beaf84ecc0,ALGO,0.5438943
0x1be48b2b7594fe7e47701bc7e7bb83beaf84ecc0,RUNE,0.5759923
0x1be48b2b7594fe7e47701bc7e7bb83beaf84ecc0,LUNC,0.5003601
0x1be48b2b7594fe7e47701bc7e7bb83beaf84ecc0,HBAR,0.5444645
0x1be48b2b7594fe7e47701bc7e7bb83beaf84ecc0,PAXG,0.61626744
0x1be48b2b7594fe7e47701bc7e7bb83beaf84ecc0,STX,0.49050212
0x1be48b2b7594fe7e47701bc7e7bb83beaf84ecc0,TRB,0.54997677
0x1be48b2b7594fe7e47701bc7e7bb83beaf84ecc0,SOL,0.54541874
0x1be48b2b7594fe7e47701bc7e7bb83beaf84ecc0,CELO,0.5023389
0x1be48b2b7594fe7e47701bc7e7bb83beaf84ecc0,UMA,0.5449249
0x1be48b2b7594fe7e47701bc7e7bb83beaf84ecc0,AR,0.55852926
0x1be48b2b7594fe7e47701bc7e7bb83beaf84ecc0,RENDER,0.5144725
0x1be48b2b7594fe7e47701bc7e7bb83beaf84ecc0,COMP,0.5593429
0x1be48b2b7594fe7e47701bc7e7bb83beaf84ecc0,AVAX,0.5568321
0x1be48b2b7594fe7e47701bc7e7bb83beaf84ecc0,SHIB,0.5000669
0x1be48b2b7594fe7e47701bc7e7bb83beaf84ecc0,SAND,0.5175981
0x1be48b2b7594fe7e47701bc7e7bb83beaf84ecc0,NEAR,0.5204508
0x1be48b2b7594fe7e47701bc7e7bb83beaf84ecc0,CRV,0.52391905
0x1be48b2b7594fe7e47701bc7e7bb83beaf84ecc0,DOT,0.53642154
0x1be48b2b7594fe7e47701bc7e7bb83beaf84ecc0,SUSHI,0.5257722
0x1be48b2b7594fe7e47701bc7e7bb83beaf84ecc0,AXS,0.51186836
0x1be48b2b7594fe7e47701bc7e7bb83beaf84ecc0,GALA,0.5064247
0x1be48b2b7594fe7e47701bc7e7bb83beaf84ecc0,UNI,0.5086033
0x1be48b2b7594fe7e47701bc7e7bb83beaf84ecc0,CAKE,0.56731606
0x1be48b2b7594fe7e47701bc7e7bb83beaf84ecc0,INJ,0.520775
0x1be48b2b7594fe7e47701bc7e7bb83beaf84ecc0,AAVE,0.48637506
0x1be48b2b7594fe7e47701bc7e7bb83beaf84ecc0,CFX,0.5068434
0x1be48b2b7594fe7e47701bc7e7bb83beaf84ecc0,LDO,0.47594735
0x1be48b2b7594fe7e47701bc7e7bb83beaf84ecc0,MINA,0.5085281
0x1be48b2b7594fe7e47701bc7e7bb83beaf84ecc0,ICP,0.55572647
0x1be48b2b7594fe7e47701bc7e7bb83beaf84ecc0,PENDLE,0.5171834
0x1be48b2b7594fe7e47701bc7e7bb83beaf84ecc0,IMX,0.5306909
0x1be48b2b7594fe7e47701bc7e7bb83beaf84ecc0,FLOKI,0.5211989
0x1be48b2b7594fe7e47701bc7e7bb83beaf84ecc0,OP,0.53706926
0x1be48b2b7594fe7e47701bc7e7bb83beaf84ecc0,ARB,0.51430714
0x1be48b2b7594fe7e47701bc7e7bb83beaf84ecc0,GMX,0.5392238
0x1be48b2b7594fe7e47701bc7e7bb83beaf84ecc0,WLD,0.52192736
0x1be48b2b7594fe7e47701bc7e7bb83beaf84ecc0,MANTA,0.51230115
0x1be48b2b7594fe7e47701bc7e7bb83beaf84ecc0,ENS,0.54074216
0x1be48b2b7594fe7e47701bc7e7bb83beaf84ecc0,PEOPLE,0.47599575
0x1be48b2b7594fe7e47701bc7e7bb83beaf84ecc0,GMT,0.5110921
0x1be48b2b7594fe7e47701bc7e7bb83beaf84ecc0,APE,0.5360614
0x1be48b2b7594fe7e47701bc7e7bb83beaf84ecc0,APEX,0.5181544
0x1be48b2b7594fe7e47701bc7e7bb83beaf84ecc0,KAS,0.515133
0x1be48b2b7594fe7e47701bc7e7bb83beaf84ecc0,SUI,0.5365328
0x1be48b2b7594fe7e47701bc7e7bb83beaf84ecc0,ONDO,0.4896554
0x1be48b2b7594fe7e47701bc7e7bb83beaf84ecc0,ZETA,0.51144946
0x1be48b2b7594fe7e47701bc7e7bb83beaf84ecc0,APT,0.5297015
0x1be48b2b7594fe7e47701bc7e7bb83beaf84ecc0,STRK,0.5420543
0x1be48b2b7594fe7e47701bc7e7bb83beaf84ecc0,TIA,0.52490103
0x1be48b2b7594fe7e47701bc7e7bb83beaf84ecc0,TAO,0.53607404
0x1be48b2b7594fe7e47701bc7e7bb83beaf84ecc0,BONK,0.4919143
0x1be48b2b7594fe7e47701bc7e7bb83beaf84ecc0,BLUR,0.49549586
0x1be48b2b7594fe7e47701bc7e7bb83beaf84ecc0,SEI,0.51443017
0x1be48b2b7594fe7e47701bc7e7bb83beaf84ecc0,ZK,0.512013
0x1be48b2b7594fe7e47701bc7e7bb83beaf84ecc0,PEPE,0.5265371
0x1be48b2b7594fe7e47701bc7e7bb83beaf84ecc0,BERA,0.5296762
0x1be48b2b7594fe7e47701bc7e7bb83beaf84ecc0,TURBO,0.50990444
0x1be48b2b7594fe7e47701bc7e7bb83beaf84ecc0,ORDI,0.51637393
0x1be48b2b7594fe7e47701bc7e7bb83beaf84ecc0,ZRO,0.45297432
0x1be48b2b7594fe7e47701bc7e7bb83beaf84ecc0,MNT,0.54229426
0x1be48b2b7594fe7e47701bc7e7bb83beaf84ecc0,LINEA,0.5263884
0x1be48b2b7594fe7e47701bc7e7bb83beaf84ecc0,PYTH,0.467242
0x1be48b2b7594fe7e47701bc7e7bb83beaf84ecc0,MEME,0.5020219
0x1be48b2b7594fe7e47701bc7e7bb83beaf84ecc0,POL,0.53175217
0x1be48b2b7594fe7e47701bc7e7bb83beaf84ecc0,JTO,0.4904561
0x1be48b2b7594fe7e47701bc7e7bb83beaf84ecc0,WIF,0.5425308
0x1be48b2b7594fe7e47701bc7e7bb83beaf84ecc0,POPCAT,0.52380896
0x1be48b2b7594fe7e47701bc7e7bb83beaf84ecc0,NOT,0.5236729
0x1be48b2b7594fe7e47701bc7e7bb83beaf84ecc0,DYM,0.4460944
0x1be48b2b7594fe7e47701bc7e7bb83beaf84ecc0,XAI,0.48934287
0x1be48b2b7594fe7e47701bc7e7bb83beaf84ecc0,ALT,0.506805
0x1be48b2b7594fe7e47701bc7e7bb83beaf84ecc0,JUP,0.5141641
0x1be48b2b7594fe7e47701bc7e7bb83beaf84ecc0,AERO,0.5144409
0x1be48b2b7594fe7e47701bc7e7bb83beaf84ecc0,VIRTUAL,0.5171098
0x1be48b2b7594fe7e47701bc7e7bb83beaf84ecc0,W,0.53222674
0x1be48b2b7594fe7e47701bc7e7bb83beaf84ecc0,BRETT,0.5039421
0x1be48b2b7594fe7e47701bc7e7bb83beaf84ecc0,ETHFI,0.46593985
0x1be48b2b7594fe7e47701bc7e7bb83beaf84ecc0,IO,0.50176346
0x1be48b2b7594fe7e47701bc7e7bb83beaf84ecc0,BOME,0.44750813
0x1be48b2b7594fe7e47701bc7e7bb83beaf84ecc0,sENA,0.5208196
0x1be48b2b7594fe7e47701bc7e7bb83beaf84ecc0,TNSR,0.48938894
0x1be48b2b7594fe7e47701bc7e7bb83beaf84ecc0,EIGEN,0.51151747
0x1be48b2b7594fe7e47701bc7e7bb83beaf84ecc0,MON,0.52908665
0x1be48b2b7594fe7e47701bc7e7bb83beaf84ecc0,MERL,0.4779666
0x1be48b2b7594fe7e47701bc7e7bb83beaf84ecc0,REZ,0.43422243
0x1be48b2b7594fe7e47701bc7e7bb83beaf84ecc0,SOPH,0.48002997
0x1be48b2b7594fe7e47701bc7e7bb83beaf84ecc0,HYPE,0.56912094
0x1be48b2b7594fe7e47701bc7e7bb83beaf84ecc0,ME,0.50179505
0x1be48b2b7594fe7e47701bc7e7bb83beaf84ecc0,BABY,0.41203663
0x1be48b2b7594fe7e47701bc7e7bb83beaf84ecc0,MOVE,0.51090145
0x1be48b2b7594fe7e47701bc7e7bb83beaf84ecc0,NEIRO,0.42867127
0x1be48b2b7594fe7e47701bc7e7bb83beaf84ecc0,S,0.49592072
0x1be48b2b7594fe7e47701bc7e7bb83beaf84ecc0,GRASS,0.52319705
0x1be48b2b7594fe7e47701bc7e7bb83beaf84ecc0,SKY,0.5047201
0x1be48b2b7594fe7e47701bc7e7bb83beaf84ecc0,INIT,0.4966328
0x1be48b2b7594fe7e47701bc7e7bb83beaf84ecc0,WCT,0.5243917
0x1be48b2b7594fe7e47701bc7e7bb83beaf84ecc0,WLFI,0.5052347
0x1be48b2b7594fe7e47701bc7e7bb83beaf84ecc0,GOAT,0.4839986
0x1be48b2b7594fe7e47701bc7e7bb83beaf84ecc0,FARTCOIN,0.5444211
0x1be48b2b7594fe7e47701bc7e7bb83beaf84ecc0,PNUT,0.4828002
0x1be48b2b7594fe7e47701bc7e7bb83beaf84ecc0,SYRUP,0.47068542
0x1be48b2b7594fe7e47701bc7e7bb83beaf84ecc0,USUAL,0.45577267
0x1be48b2b7594fe7e47701bc7e7bb83beaf84ecc0,AIXBT,0.47366634
0x1be48b2b7594fe7e47701bc7e7bb83beaf84ecc0,MORPHO,0.48310027
0x1be48b2b7594fe7e47701bc7e7bb83beaf84ecc0,PENGU,0.4997438
0x1be48b2b7594fe7e47701bc7e7bb83beaf84ecc0,GRIFFAIN,0.44707176
0x1be48b2b7594fe7e47701bc7e7bb83beaf84ecc0,BIO,0.45842686
0x1be48b2b7594fe7e47701bc7e7bb83beaf84ecc0,ANIME,0.49654117
0x1be48b2b7594fe7e47701bc7e7bb83beaf84ecc0,TRUMP,0.57328194
0x1be48b2b7594fe7e47701bc7e7bb83beaf84ecc0,MELANIA,0.5034793
0x1be48b2b7594fe7e47701bc7e7bb83beaf84ecc0,VINE,0.48908523
0x1be48b2b7594fe7e47701bc7e7bb83beaf84ecc0,LAYER,0.536977
0x1be48b2b7594fe7e47701bc7e7bb83beaf84ecc0,VVV,0.5206941
0x1be48b2b7594fe7e47701bc7e7bb83beaf84ecc0,IP,0.50160986
0x1be48b2b7594fe7e47701bc7e7bb83beaf84ecc0,NIL,0.43375295
0x1be48b2b7594fe7e47701bc7e7bb83beaf84ecc0,KAITO,0.46061197
0x1be48b2b7594fe7e47701bc7e7bb83beaf84ecc0,ZORA,0.5076233
0x1be48b2b7594fe7e47701bc7e7bb83beaf84ecc0,HYPER,0.515565
0x1be48b2b7594fe7e47701bc7e7bb83beaf84ecc0,ASTER,0.5973791
0x1be48b2b7594fe7e47701bc7e7bb83beaf84ecc0,PUMP,0.46608904
0x1be48b2b7594fe7e47701bc7e7bb83beaf84ecc0,XPL,0.5128108
0x1be48b2b7594fe7e47701bc7e7bb83beaf84ecc0,CC,0.47460306
0x1be48b2b7594fe7e47701bc7e7bb83beaf84ecc0,PROVE,0.5023371
0x1be48b2b7594fe7e47701bc7e7bb83beaf84ecc0,HEMI,0.4160285
0x1be48b2b7594fe7e47701bc7e7bb83beaf84ecc0,AVNT,0.46019754
0x1be48b2b7594fe7e47701bc7e7bb83beaf84ecc0,0G,0.4910628
0x1be48b2b7594fe7e47701bc7e7bb83beaf84ecc0,2Z,0.49781367
0x1be48b2b7594fe7e47701bc7e7bb83beaf84ecc0,LIT,0.4489443
0x1bfb6731ff80e75bf84bfe40a108723c5eb23d4f,BTC,0.6266261514163383
0x1bfb6731ff80e75bf84bfe40a108723c5eb23d4f,LTC,0.5623949075514667
0x1bfb6731ff80e75bf84bfe40a108723c5eb23d4f,XRP,0.517183143719181
0x1bfb6731ff80e75bf84bfe40a108723c5eb23d4f,DOGE,0.5840340699375945
0x1bfb6731ff80e75bf84bfe40a108723c5eb23d4f,DASH,0.5389762923711874
0x1bfb6731ff80e75bf84bfe40a108723c5eb23d4f,XMR,0.5476347032017894
0x1bfb6731ff80e75bf84bfe40a108723c5eb23d4f,XLM,0.48689004681559
0x1bfb6731ff80e75bf84bfe40a108723c5eb23d4f,ETH,0.6030640925026453
0x1bfb6731ff80e75bf84bfe40a108723c5eb23d4f,ETC,0.5847190744795525
0x1bfb6731ff80e75bf84bfe40a108723c5eb23d4f,ZEC,0.4701517296990157
0x1bfb6731ff80e75bf84bfe40a108723c5eb23d4f,ZEN,0.5177504983387302
0x1bfb6731ff80e75bf84bfe40a108723c5eb23d4f,IOTA,0.503085104027331
0x1bfb6731ff80e75bf84bfe40a108723c5eb23d4f,BCH,0.5510889855601937
0x1bfb6731ff80e75bf84bfe40a108723c5eb23d4f,BNB,0.5548353649684895
0x1bfb6731ff80e75bf84bfe40a108723c5eb23d4f,TRX,0.5779837506990969
0x1bfb6731ff80e75bf84bfe40a108723c5eb23d4f,LINK,0.5432202369855502
0x1bfb6731ff80e75bf84bfe40a108723c5eb23d4f,ADA,0.5107762351649451
0x1bfb6731ff80e75bf84bfe40a108723c5eb23d4f,FIL,0.5137603429259168
0x1bfb6731ff80e75bf84bfe40a108723c5eb23d4f,SNX,0.5424801008837066
0x1bfb6731ff80e75bf84bfe40a108723c5eb23d4f,BSV,0.4696494352432196
0x1bfb6731ff80e75bf84bfe40a108723c5eb23d4f,FET,0.5541325390794576
0x1bfb6731ff80e75bf84bfe40a108723c5eb23d4f,ATOM,0.5557933877241114
0x1bfb6731ff80e75bf84bfe40a108723c5eb23d4f,RSR,0.5399312759647782
0x1bfb6731ff80e75bf84bfe40a108723c5eb23d4f,ALGO,0.5514781436877533
0x1bfb6731ff80e75bf84bfe40a108723c5eb23d4f,RUNE,0.5587491184867375
0x1bfb6731ff80e75bf84bfe40a108723c5eb23d4f,LUNC,0.4935040015924705
0x1bfb6731ff80e75bf84bfe40a108723c5eb23d4f,HBAR,0.4804037304791839
0x1bfb6731ff80e75bf84bfe40a108723c5eb23d4f,PAXG,0.6299901704930828
0x1bfb6731ff80e75bf84bfe40a108723c5eb23d4f,STX,0.5146754268419002
0x1bfb6731ff80e75bf84bfe40a108723c5eb23d4f,TRB,0.5209640198676633
0x1bfb6731ff80e75bf84bfe40a108723c5eb23d4f,SOL,0.6134326934370719
0x1bfb6731ff80e75bf84bfe40a108723c5eb23d4f,CELO,0.5141870020449191
0x1bfb6731ff80e75bf84bfe40a108723c5eb23d4f,UMA,0.5649504600020927
0x1bfb6731ff80e75bf84bfe40a108723c5eb23d4f,AR,0.5797022208403905
0x1bfb6731ff80e75bf84bfe40a108723c5eb23d4f,RENDER,0.545374269861311
0x1bfb6731ff80e75bf84bfe40a108723c5eb23d4f,COMP,0.5515823026625815
0x1bfb6731ff80e75bf84bfe40a108723c5eb23d4f,AVAX,0.5325514788514228
0x1bfb6731ff80e75bf84bfe40a108723c5eb23d4f,SHIB,0.5190004696334534
0x1bfb6731ff80e75bf84bfe40a108723c5eb23d4f,SAND,0.530232819894316
0x1bfb6731ff80e75bf84bfe40a108723c5eb23d4f,NEAR,0.5398835824080084
0x1bfb6731ff80e75bf84bfe40a108723c5eb23d4f,CRV,0.4782573194740795
0x1bfb6731ff80e75bf84bfe40a108723c5eb23d4f,DOT,0.5582200726211902
0x1bfb6731ff80e75bf84bfe40a108723c5eb23d4f,SUSHI,0.4661158610925591
0x1bfb6731ff80e75bf84bfe40a108723c5eb23d4f,AXS,0.4883514312404488
0x1bfb6731ff80e75bf84bfe40a108723c5eb23d4f,GALA,0.5100360135275909
0x1bfb6731ff80e75bf84bfe40a108723c5eb23d4f,UNI,0.4729182821996136
0x1bfb6731ff80e75bf84bfe40a108723c5eb23d4f,CAKE,0.5389554280911323
0x1bfb6731ff80e75bf84bfe40a108723c5eb23d4f,INJ,0.5148715501103712
0x1bfb6731ff80e75bf84bfe40a108723c5eb23d4f,AAVE,0.5169068283451067
0x1bfb6731ff80e75bf84bfe40a108723c5eb23d4f,CFX,0.4879850723111991
0x1bfb6731ff80e75bf84bfe40a108723c5eb23d4f,LDO,0.5173206525651327
0x1bfb6731ff80e75bf84bfe40a108723c5eb23d4f,MINA,0.505807374456222
0x1bfb6731ff80e75bf84bfe40a108723c5eb23d4f,ICP,0.5093560618216553
0x1bfb6731ff80e75bf84bfe40a108723c5eb23d4f,PENDLE,0.5200677781320919
0x1bfb6731ff80e75bf84bfe40a108723c5eb23d4f,IMX,0.5487992175907321
0x1bfb6731ff80e75bf84bfe40a108723c5eb23d4f,FLOKI,0.5034712387069812
0x1bfb6731ff80e75bf84bfe40a108723c5eb23d4f,OP,0.4999024972421762
0x1bfb6731ff80e75bf84bfe40a108723c5eb23d4f,ARB,0.509714166668352
0x1bfb6731ff80e75bf84bfe40a108723c5eb23d4f,GMX,0.544171459158668
0x1bfb6731ff80e75bf84bfe40a108723c5eb23d4f,WLD,0.5338988760817092
0x1bfb6731ff80e75bf84bfe40a108723c5eb23d4f,MANTA,0.5056673984541398
0x1bfb6731ff80e75bf84bfe40a108723c5eb23d4f,ENS,0.5467256015764287
0x1bfb6731ff80e75bf84bfe40a108723c5eb23d4f,PEOPLE,0.5279209763210353
0x1bfb6731ff80e75bf84bfe40a108723c5eb23d4f,GMT,0.522784412556397
0x1bfb6731ff80e75bf84bfe40a108723c5eb23d4f,APE,0.5016016678413451
0x1bfb6731ff80e75bf84bfe40a108723c5eb23d4f,APEX,0.5779809020877782
0x1bfb6731ff80e75bf84bfe40a108723c5eb23d4f,KAS,0.5275773461665021
0x1bfb6731ff80e75bf84bfe40a108723c5eb23d4f,SUI,0.5355639422540696
0x1bfb6731ff80e75bf84bfe40a108723c5eb23d4f,ONDO,0.4700917702211099
0x1bfb6731ff80e75bf84bfe40a108723c5eb23d4f,ZETA,0.5081469734633006
0x1bfb6731ff80e75bf84bfe40a108723c5eb23d4f,APT,0.5245426805777066
0x1bfb6731ff80e75bf84bfe40a108723c5eb23d4f,STRK,0.5507006791157558
0x1bfb6731ff80e75bf84bfe40a108723c5eb23d4f,TIA,0.5561937592033337
0x1bfb6731ff80e75bf84bfe40a108723c5eb23d4f,TAO,0.5246994773031837
0x1bfb6731ff80e75bf84bfe40a108723c5eb23d4f,BONK,0.4922294508517272
0x1bfb6731ff80e75bf84bfe40a108723c5eb23d4f,BLUR,0.507887453711111
0x1bfb6731ff80e75bf84bfe40a108723c5eb23d4f,SEI,0.5240011413050938
0x1bfb6731ff80e75bf84bfe40a108723c5eb23d4f,ZK,0.5480740968469144
0x1bfb6731ff80e75bf84bfe40a108723c5eb23d4f,PEPE,0.5289106867273883
0x1bfb6731ff80e75bf84bfe40a108723c5eb23d4f,BERA,0.5302552269993062
0x1bfb6731ff80e75bf84bfe40a108723c5eb23d4f,TURBO,0.488024711005062
0x1bfb6731ff80e75bf84bfe40a108723c5eb23d4f,ORDI,0.5108852220742489
0x1bfb6731ff80e75bf84bfe40a108723c5eb23d4f,ZRO,0.443615647609661
0x1bfb6731ff80e75bf84bfe40a108723c5eb23d4f,MNT,0.5261193080200248
0x1bfb6731ff80e75bf84bfe40a108723c5eb23d4f,LINEA,0.5081360427995656
0x1bfb6731ff80e75bf84bfe40a108723c5eb23d4f,PYTH,0.4895407218852572
0x1bfb6731ff80e75bf84bfe40a108723c5eb23d4f,MEME,0.5099282913935981
0x1bfb6731ff80e75bf84bfe40a108723c5eb23d4f,POL,0.5195712674775578
0x1bfb6731ff80e75bf84bfe40a108723c5eb23d4f,JTO,0.5020642480700028
0x1bfb6731ff80e75bf84bfe40a108723c5eb23d4f,WIF,0.5230716000417784
0x1bfb6731ff80e75bf84bfe40a108723c5eb23d4f,POPCAT,0.4761494849120101
0x1bfb6731ff80e75bf84bfe40a108723c5eb23d4f,NOT,0.4970686190313447
0x1bfb6731ff80e75bf84bfe40a108723c5eb23d4f,DYM,0.3922912327461752
0x1bfb6731ff80e75bf84bfe40a108723c5eb23d4f,XAI,0.486075899805733
0x1bfb6731ff80e75bf84bfe40a108723c5eb23d4f,ALT,0.4837779253585292
0x1bfb6731ff80e75bf84bfe40a108723c5eb23d4f,JUP,0.555244565039985
0x1bfb6731ff80e75bf84bfe40a108723c5eb23d4f,AERO,0.5324395022083985
0x1bfb6731ff80e75bf84bfe40a108723c5eb23d4f,VIRTUAL,0.5023308767018281
0x1bfb6731ff80e75bf84bfe40a108723c5eb23d4f,W,0.5234788808825311
0x1bfb6731ff80e75bf84bfe40a108723c5eb23d4f,BRETT,0.527279736462618
0x1bfb6731ff80e75bf84bfe40a108723c5eb23d4f,ETHFI,0.4938463492624133
0x1bfb6731ff80e75bf84bfe40a108723c5eb23d4f,IO,0.5471965544709112
0x1bfb6731ff80e75bf84bfe40a108723c5eb23d4f,BOME,0.4620138745260083
0x1bfb6731ff80e75bf84bfe40a108723c5eb23d4f,sENA,0.5210104635784469
0x1bfb6731ff80e75bf84bfe40a108723c5eb23d4f,TNSR,0.466097522474926
0x1bfb6731ff80e75bf84bfe40a108723c5eb23d4f,EIGEN,0.5256468587500402
0x1bfb6731ff80e75bf84bfe40a108723c5eb23d4f,MON,0.501778016017011
0x1bfb6731ff80e75bf84bfe40a108723c5eb23d4f,MERL,0.4655664049108925
0x1bfb6731ff80e75bf84bfe40a108723c5eb23d4f,REZ,0.3785805241812572
0x1bfb6731ff80e75bf84bfe40a108723c5eb23d4f,SOPH,0.4916876561142109
0x1bfb6731ff80e75bf84bfe40a108723c5eb23d4f,HYPE,0.5627028361757646
0x1bfb6731ff80e75bf84bfe40a108723c5eb23d4f,ME,0.4735765421775226
0x1bfb6731ff80e75bf84bfe40a108723c5eb23d4f,BABY,0.4368153287989901
0x1bfb6731ff80e75bf84bfe40a108723c5eb23d4f,MOVE,0.5223184074188422
0x1bfb6731ff80e75bf84bfe40a108723c5eb23d4f,NEIRO,0.4371242274247612
0x1bfb6731ff80e75bf84bfe40a108723c5eb23d4f,S,0.5039790013614486
0x1bfb6731ff80e75bf84bfe40a108723c5eb23d4f,GRASS,0.5529389447306227
0x1bfb6731ff80e75bf84bfe40a108723c5eb23d4f,SKY,0.5201086449177115
0x1bfb6731ff80e75bf84bfe40a108723c5eb23d4f,INIT,0.4666129608420153
0x1bfb6731ff80e75bf84bfe40a108723c5eb23d4f,WCT,0.5238318673269807
0x1bfb6731ff80e75bf84bfe40a108723c5eb23d4f,WLFI,0.5099986590693625
0x1bfb6731ff80e75bf84bfe40a108723c5eb23d4f,GOAT,0.4696874406521093
0x1bfb6731ff80e75bf84bfe40a108723c5eb23d4f,FARTCOIN,0.4608322921036121
0x1bfb6731ff80e75bf84bfe40a108723c5eb23d4f,PNUT,0.4404508425748639
0x1bfb6731ff80e75bf84bfe40a108723c5eb23d4f,SYRUP,0.4915507494509502
0x1bfb6731ff80e75bf84bfe40a108723c5eb23d4f,USUAL,0.4515747670417988
0x1bfb6731ff80e75bf84bfe40a108723c5eb23d4f,AIXBT,0.4310796096064263
0x1bfb6731ff80e75bf84bfe40a108723c5eb23d4f,MORPHO,0.5167533850119813
0x1bfb6731ff80e75bf84bfe40a108723c5eb23d4f,PENGU,0.4610631237065492
0x1bfb6731ff80e75bf84bfe40a108723c5eb23d4f,GRIFFAIN,0.480330360128737
0x1bfb6731ff80e75bf84bfe40a108723c5eb23d4f,BIO,0.4273496270619853
0x1bfb6731ff80e75bf84bfe40a108723c5eb23d4f,ANIME,0.4779168039954261
0x1bfb6731ff80e75bf84bfe40a108723c5eb23d4f,TRUMP,0.5806720053026639
0x1bfb6731ff80e75bf84bfe40a108723c5eb23d4f,MELANIA,0.5007887758417988
0x1bfb6731ff80e75bf84bfe40a108723c5eb23d4f,VINE,0.5005075733332347
0x1bfb6731ff80e75bf84bfe40a108723c5eb23d4f,LAYER,0.5306705622440291
0x1bfb6731ff80e75bf84bfe40a108723c5eb23d4f,VVV,0.4957138353814614
0x1bfb6731ff80e75bf84bfe40a108723c5eb23d4f,IP,0.5237561553004817
0x1bfb6731ff80e75bf84bfe40a108723c5eb23d4f,NIL,0.3401049301014095
0x1bfb6731ff80e75bf84bfe40a108723c5eb23d4f,KAITO,0.4307770039458895
0x1bfb6731ff80e75bf84bfe40a108723c5eb23d4f,ZORA,0.5080697025817023
0x1bfb6731ff80e75bf84bfe40a108723c5eb23d4f,HYPER,0.5158245963068282
0x1bfb6731ff80e75bf84bfe40a108723c5eb23d4f,ASTER,0.5471172596842904
0x1bfb6731ff80e75bf84bfe40a108723c5eb23d4f,PUMP,0.4193334156004865
0x1bfb6731ff80e75bf84bfe40a108723c5eb23d4f,XPL,0.5537440359564884
0x1bfb6731ff80e75bf84bfe40a108723c5eb23d4f,CC,0.4685022970766657
0x1bfb6731ff80e75bf84bfe40a108723c5eb23d4f,PROVE,0.5126982453617515
0x1bfb6731ff80e75bf84bfe40a108723c5eb23d4f,HEMI,0.3828922468478617
0x1bfb6731ff80e75bf84bfe40a108723c5eb23d4f,AVNT,0.4511010764625464
0x1bfb6731ff80e75bf84bfe40a108723c5eb23d4f,0G,0.4987877077487806
0x1bfb6731ff80e75bf84bfe40a108723c5eb23d4f,2Z,0.5187285906000593
0x1bfb6731ff80e75bf84bfe40a108723c5eb23d4f,LIT,0.468313828879362
0x1ddbf0ae77f367e99e38398d9694d8ea86d003f3,SKY,0.5202552060444797
0x1ddbf0ae77f367e99e38398d9694d8ea86d003f3,TRX,0.5685874448152892
0x1ddbf0ae77f367e99e38398d9694d8ea86d003f3,XLM,0.5123340133030796
0x1ddbf0ae77f367e99e38398d9694d8ea86d003f3,XMR,0.5649570835176816
0x1ddbf0ae77f367e99e38398d9694d8ea86d003f3,XRP,0.5352058755063647
0x1ddbf0ae77f367e99e38398d9694d8ea86d003f3,ZEC,0.5312029119733447
0x1ddbf0ae77f367e99e38398d9694d8ea86d003f3,BCH,0.5445121114034194
0x1ddbf0ae77f367e99e38398d9694d8ea86d003f3,BTC,0.5819411817472705
0x1ddbf0ae77f367e99e38398d9694d8ea86d003f3,DOGE,0.545628950607234
0x1ddbf0ae77f367e99e38398d9694d8ea86d003f3,ETC,0.5504583818611558
0x1ddbf0ae77f367e99e38398d9694d8ea86d003f3,LTC,0.5502797904415881
0x1ddbf0ae77f367e99e38398d9694d8ea86d003f3,ETH,0.573462200639572
0x1ddbf0ae77f367e99e38398d9694d8ea86d003f3,ADA,0.5010966055425033
0x1ddbf0ae77f367e99e38398d9694d8ea86d003f3,LINK,0.5368853976232449
0x1ddbf0ae77f367e99e38398d9694d8ea86d003f3,S,0.5021220013284008
0x1ddbf0ae77f367e99e38398d9694d8ea86d003f3,ATOM,0.5085643538914132
0x1ddbf0ae77f367e99e38398d9694d8ea86d003f3,SNX,0.5288088116979771
0x1ddbf0ae77f367e99e38398d9694d8ea86d003f3,RSR,0.5276186660034586
0x1ddbf0ae77f367e99e38398d9694d8ea86d003f3,ALGO,0.5272532545814044
0x1ddbf0ae77f367e99e38398d9694d8ea86d003f3,RUNE,0.5579681531883085
0x1ddbf0ae77f367e99e38398d9694d8ea86d003f3,TRB,0.5216579510051097
0x1ddbf0ae77f367e99e38398d9694d8ea86d003f3,SOL,0.5611876600895885
0x1ddbf0ae77f367e99e38398d9694d8ea86d003f3,UMA,0.5309149285841875
0x1ddbf0ae77f367e99e38398d9694d8ea86d003f3,PAXG,0.5983041790728718
0x1ddbf0ae77f367e99e38398d9694d8ea86d003f3,COMP,0.5408486449653063
0x1ddbf0ae77f367e99e38398d9694d8ea86d003f3,AVAX,0.5376041714404843
0x1ddbf0ae77f367e99e38398d9694d8ea86d003f3,SAND,0.5202697116595402
0x1ddbf0ae77f367e99e38398d9694d8ea86d003f3,CRV,0.4771095086723195
0x1ddbf0ae77f367e99e38398d9694d8ea86d003f3,LAYER,0.5288568274007686
0x1ddbf0ae77f367e99e38398d9694d8ea86d003f3,DOT,0.5476857559256603
0x1ddbf0ae77f367e99e38398d9694d8ea86d003f3,SUSHI,0.4956837204562916
0x1ddbf0ae77f367e99e38398d9694d8ea86d003f3,UNI,0.4919445352696128
0x1ddbf0ae77f367e99e38398d9694d8ea86d003f3,AAVE,0.5049140824733762
0x1ddbf0ae77f367e99e38398d9694d8ea86d003f3,NEAR,0.5270916697851173
0x1ddbf0ae77f367e99e38398d9694d8ea86d003f3,FIL,0.5393699501523063
0x1ddbf0ae77f367e99e38398d9694d8ea86d003f3,AXS,0.5134409465636453
0x1ddbf0ae77f367e99e38398d9694d8ea86d003f3,INJ,0.5267898250303719
0x1ddbf0ae77f367e99e38398d9694d8ea86d003f3,ZORA,0.5048973581823197
0x1ddbf0ae77f367e99e38398d9694d8ea86d003f3,CELO,0.4996247172786396
0x1ddbf0ae77f367e99e38398d9694d8ea86d003f3,LIT,0.4417887225465385
0x1ddbf0ae77f367e99e38398d9694d8ea86d003f3,SHIB,0.512403648620667
0x1ddbf0ae77f367e99e38398d9694d8ea86d003f3,ICP,0.5339744483567974
0x1ddbf0ae77f367e99e38398d9694d8ea86d003f3,RENDER,0.5233201736773866
0x1ddbf0ae77f367e99e38398d9694d8ea86d003f3,LDO,0.4932668077967435
0x1ddbf0ae77f367e99e38398d9694d8ea86d003f3,GALA,0.5107315842636623
0x1ddbf0ae77f367e99e38398d9694d8ea86d003f3,FET,0.5252637755613693
0x1ddbf0ae77f367e99e38398d9694d8ea86d003f3,ENS,0.5318172667129608
0x1ddbf0ae77f367e99e38398d9694d8ea86d003f3,IMX,0.52065676458305
0x1ddbf0ae77f367e99e38398d9694d8ea86d003f3,PEOPLE,0.4582859275521057
0x1ddbf0ae77f367e99e38398d9694d8ea86d003f3,GMT,0.5320881782077816
0x1ddbf0ae77f367e99e38398d9694d8ea86d003f3,FLOKI,0.5319385816793228
0x1ddbf0ae77f367e99e38398d9694d8ea86d003f3,POL,0.5156816797217016
0x1ddbf0ae77f367e99e38398d9694d8ea86d003f3,APE,0.5056064627799519
0x1ddbf0ae77f367e99e38398d9694d8ea86d003f3,GMX,0.5181474307372667
0x1ddbf0ae77f367e99e38398d9694d8ea86d003f3,BLUR,0.5022226583440691
0x1ddbf0ae77f367e99e38398d9694d8ea86d003f3,PENDLE,0.5081503028845971
0x1ddbf0ae77f367e99e38398d9694d8ea86d003f3,MINA,0.5054577138129969
0x1ddbf0ae77f367e99e38398d9694d8ea86d003f3,LUNC,0.5246952576264348
0x1ddbf0ae77f367e99e38398d9694d8ea86d003f3,MEME,0.4901763917460371
0x1ddbf0ae77f367e99e38398d9694d8ea86d003f3,OP,0.5272040440436854
0x1ddbf0ae77f367e99e38398d9694d8ea86d003f3,ZEN,0.5222692082225379
0x1ddbf0ae77f367e99e38398d9694d8ea86d003f3,STRK,0.5225181026462234
0x1ddbf0ae77f367e99e38398d9694d8ea86d003f3,STX,0.5115230223134211
0x1ddbf0ae77f367e99e38398d9694d8ea86d003f3,CFX,0.5166432205098587
0x1ddbf0ae77f367e99e38398d9694d8ea86d003f3,CAKE,0.5329752996761539
0x1ddbf0ae77f367e99e38398d9694d8ea86d003f3,DASH,0.5391140881634422
0x1ddbf0ae77f367e99e38398d9694d8ea86d003f3,BSV,0.4822493691293048
0x1ddbf0ae77f367e99e38398d9694d8ea86d003f3,AR,0.5394929885986782
0x1ddbf0ae77f367e99e38398d9694d8ea86d003f3,APT,0.5225674534736616
0x1ddbf0ae77f367e99e38398d9694d8ea86d003f3,ALT,0.5102036609691564
0x1ddbf0ae77f367e99e38398d9694d8ea86d003f3,BNB,0.5920194425634125
0x1ddbf0ae77f367e99e38398d9694d8ea86d003f3,BONK,0.4967356378973941
0x1ddbf0ae77f367e99e38398d9694d8ea86d003f3,BABY,0.4273724493053079
0x1ddbf0ae77f367e99e38398d9694d8ea86d003f3,HBAR,0.5372990173945996
0x1ddbf0ae77f367e99e38398d9694d8ea86d003f3,KAS,0.5250947347389958
0x1ddbf0ae77f367e99e38398d9694d8ea86d003f3,PEPE,0.5268944475367222
0x1ddbf0ae77f367e99e38398d9694d8ea86d003f3,ORDI,0.500097556803801
0x1ddbf0ae77f367e99e38398d9694d8ea86d003f3,SUI,0.5286939427484625
0x1ddbf0ae77f367e99e38398d9694d8ea86d003f3,MNT,0.529485865508248
0x1ddbf0ae77f367e99e38398d9694d8ea86d003f3,IOTA,0.5121905527636741
0x1ddbf0ae77f367e99e38398d9694d8ea86d003f3,TURBO,0.5008142864221412
0x1ddbf0ae77f367e99e38398d9694d8ea86d003f3,TIA,0.5174627896704438
0x1ddbf0ae77f367e99e38398d9694d8ea86d003f3,SEI,0.5183716296973196
0x1ddbf0ae77f367e99e38398d9694d8ea86d003f3,TAO,0.5327164350991062
0x1ddbf0ae77f367e99e38398d9694d8ea86d003f3,JTO,0.4830668512327025
0x1ddbf0ae77f367e99e38398d9694d8ea86d003f3,PYTH,0.4514751429317167
0x1ddbf0ae77f367e99e38398d9694d8ea86d003f3,MANTA,0.5222131135692754
0x1ddbf0ae77f367e99e38398d9694d8ea86d003f3,ONDO,0.4984853295465346
0x1ddbf0ae77f367e99e38398d9694d8ea86d003f3,WIF,0.5262153622539216
0x1ddbf0ae77f367e99e38398d9694d8ea86d003f3,XAI,0.4875969617850558
0x1ddbf0ae77f367e99e38398d9694d8ea86d003f3,ZETA,0.5130215038111919
0x1ddbf0ae77f367e99e38398d9694d8ea86d003f3,JUP,0.5169289423896858
0x1ddbf0ae77f367e99e38398d9694d8ea86d003f3,DYM,0.4375244130218542
0x1ddbf0ae77f367e99e38398d9694d8ea86d003f3,TRUMP,0.5506221809623737
0x1ddbf0ae77f367e99e38398d9694d8ea86d003f3,APEX,0.5262475802608082
0x1ddbf0ae77f367e99e38398d9694d8ea86d003f3,ARB,0.5218401723411303
0x1ddbf0ae77f367e99e38398d9694d8ea86d003f3,BOME,0.4268016745955391
0x1ddbf0ae77f367e99e38398d9694d8ea86d003f3,HYPER,0.5023267662173352
0x1ddbf0ae77f367e99e38398d9694d8ea86d003f3,ETHFI,0.4801966972819375
0x1ddbf0ae77f367e99e38398d9694d8ea86d003f3,BRETT,0.4933687608779293
0x1ddbf0ae77f367e99e38398d9694d8ea86d003f3,W,0.5242349025264013
0x1ddbf0ae77f367e99e38398d9694d8ea86d003f3,GOAT,0.4678202787525701
0x1ddbf0ae77f367e99e38398d9694d8ea86d003f3,POPCAT,0.5004725751322463
0x1ddbf0ae77f367e99e38398d9694d8ea86d003f3,MERL,0.4933617135022047
0x1ddbf0ae77f367e99e38398d9694d8ea86d003f3,ZK,0.5108595487937655
0x1ddbf0ae77f367e99e38398d9694d8ea86d003f3,TNSR,0.4867011697253158
0x1ddbf0ae77f367e99e38398d9694d8ea86d003f3,AERO,0.4942065367614889
0x1ddbf0ae77f367e99e38398d9694d8ea86d003f3,REZ,0.4304861738513512
0x1ddbf0ae77f367e99e38398d9694d8ea86d003f3,NOT,0.5220566177243994
0x1ddbf0ae77f367e99e38398d9694d8ea86d003f3,MON,0.5157160119822678
0x1ddbf0ae77f367e99e38398d9694d8ea86d003f3,VIRTUAL,0.5124340997837858
0x1ddbf0ae77f367e99e38398d9694d8ea86d003f3,IO,0.5020931250864664
0x1ddbf0ae77f367e99e38398d9694d8ea86d003f3,ZRO,0.4483557748204527
0x1ddbf0ae77f367e99e38398d9694d8ea86d003f3,WLD,0.5030802963701039
0x1ddbf0ae77f367e99e38398d9694d8ea86d003f3,NEIRO,0.4347945112577733
0x1ddbf0ae77f367e99e38398d9694d8ea86d003f3,EIGEN,0.5052865362811488
0x1ddbf0ae77f367e99e38398d9694d8ea86d003f3,MOVE,0.5214190625689649
0x1ddbf0ae77f367e99e38398d9694d8ea86d003f3,FARTCOIN,0.4988849507267093
0x1ddbf0ae77f367e99e38398d9694d8ea86d003f3,GRASS,0.5122488667497228
0x1ddbf0ae77f367e99e38398d9694d8ea86d003f3,PNUT,0.4829608778092049
0x1ddbf0ae77f367e99e38398d9694d8ea86d003f3,USUAL,0.4500356564495374
0x1ddbf0ae77f367e99e38398d9694d8ea86d003f3,MORPHO,0.5110216957133548
0x1ddbf0ae77f367e99e38398d9694d8ea86d003f3,AIXBT,0.4598777567429321
0x1ddbf0ae77f367e99e38398d9694d8ea86d003f3,HYPE,0.5330464516629733
0x1ddbf0ae77f367e99e38398d9694d8ea86d003f3,ME,0.4948962626450713
0x1ddbf0ae77f367e99e38398d9694d8ea86d003f3,PENGU,0.498967236040617
0x1ddbf0ae77f367e99e38398d9694d8ea86d003f3,sENA,0.511061509128873
0x1ddbf0ae77f367e99e38398d9694d8ea86d003f3,BIO,0.4726977573163671
0x1ddbf0ae77f367e99e38398d9694d8ea86d003f3,GRIFFAIN,0.4195039323357005
0x1ddbf0ae77f367e99e38398d9694d8ea86d003f3,MELANIA,0.5128349415192617
0x1ddbf0ae77f367e99e38398d9694d8ea86d003f3,VINE,0.5111834965732414
0x1ddbf0ae77f367e99e38398d9694d8ea86d003f3,ANIME,0.5071250654687098
0x1ddbf0ae77f367e99e38398d9694d8ea86d003f3,VVV,0.5175712050477579
0x1ddbf0ae77f367e99e38398d9694d8ea86d003f3,SYRUP,0.4759420404510188
0x1ddbf0ae77f367e99e38398d9694d8ea86d003f3,BERA,0.5090459344519452
0x1ddbf0ae77f367e99e38398d9694d8ea86d003f3,IP,0.5086945757124901
0x1ddbf0ae77f367e99e38398d9694d8ea86d003f3,KAITO,0.465921829980447
0x1ddbf0ae77f367e99e38398d9694d8ea86d003f3,NIL,0.3728212536471581
0x1ddbf0ae77f367e99e38398d9694d8ea86d003f3,WCT,0.5120389667510242
0x1ddbf0ae77f367e99e38398d9694d8ea86d003f3,PUMP,0.4675629217285666
0x1ddbf0ae77f367e99e38398d9694d8ea86d003f3,INIT,0.4885522557144425
0x1ddbf0ae77f367e99e38398d9694d8ea86d003f3,SOPH,0.4978940256837997
0x1ddbf0ae77f367e99e38398d9694d8ea86d003f3,PROVE,0.5108580921742264
0x1ddbf0ae77f367e99e38398d9694d8ea86d003f3,WLFI,0.5195287887420912
0x1ddbf0ae77f367e99e38398d9694d8ea86d003f3,0G,0.4897361728777859
0x1ddbf0ae77f367e99e38398d9694d8ea86d003f3,ASTER,0.5478645141257955
0x1ddbf0ae77f367e99e38398d9694d8ea86d003f3,AVNT,0.4596965237725168
0x1ddbf0ae77f367e99e38398d9694d8ea86d003f3,LINEA,0.5268660627214566
0x1ddbf0ae77f367e99e38398d9694d8ea86d003f3,HEMI,0.4149026565459086
0x1ddbf0ae77f367e99e38398d9694d8ea86d003f3,XPL,0.5050407095036693
0x1ddbf0ae77f367e99e38398d9694d8ea86d003f3,2Z,0.5010633288619526
0x1ddbf0ae77f367e99e38398d9694d8ea86d003f3,CC,0.5093982142920601
0x1e2e7903fb871f38362a8760871d1648eaa12536,AAVE,0.463768115942029
0x1e2e7903fb871f38362a8760871d1648eaa12536,ADA,0.1304347826086956
0x1e2e7903fb871f38362a8760871d1648eaa12536,ALGO,0.8405797101449275
0x1e2e7903fb871f38362a8760871d1648eaa12536,APE,0.3768115942028985
0x1e2e7903fb871f38362a8760871d1648eaa12536,APT,0.4782608695652174
0x1e2e7903fb871f38362a8760871d1648eaa12536,ATOM,0.5797101449275363
0x1e2e7903fb871f38362a8760871d1648eaa12536,AVAX,0.5507246376811594
0x1e2e7903fb871f38362a8760871d1648eaa12536,AXS,0.6666666666666666
0x1e2e7903fb871f38362a8760871d1648eaa12536,BCH,0.7391304347826086
0x1e2e7903fb871f38362a8760871d1648eaa12536,BLUR,0.3188405797101449
0x1e2e7903fb871f38362a8760871d1648eaa12536,BNB,0.855072463768116
0x1e2e7903fb871f38362a8760871d1648eaa12536,BONK,0.5
0x1e2e7903fb871f38362a8760871d1648eaa12536,BTC,1.0
0x1e2e7903fb871f38362a8760871d1648eaa12536,CAKE,0.8115942028985508
0x1e2e7903fb871f38362a8760871d1648eaa12536,COMP,0.8260869565217391
0x1e2e7903fb871f38362a8760871d1648eaa12536,CRV,0.4492753623188406
0x1e2e7903fb871f38362a8760871d1648eaa12536,DOGE,0.7971014492753623
0x1e2e7903fb871f38362a8760871d1648eaa12536,DOT,0.5942028985507246
0x1e2e7903fb871f38362a8760871d1648eaa12536,ETC,0.2028985507246377
0x1e2e7903fb871f38362a8760871d1648eaa12536,ETH,0.9710144927536232
0x1e2e7903fb871f38362a8760871d1648eaa12536,FET,0.7101449275362319
0x1e2e7903fb871f38362a8760871d1648eaa12536,FIL,0.5217391304347826
0x1e2e7903fb871f38362a8760871d1648eaa12536,S,0.5
0x1e2e7903fb871f38362a8760871d1648eaa12536,ICP,0.6376811594202898
0x1e2e7903fb871f38362a8760871d1648eaa12536,IMX,0.782608695652174
0x1e2e7903fb871f38362a8760871d1648eaa12536,INJ,0.0144927536231884
0x1e2e7903fb871f38362a8760871d1648eaa12536,LDO,0.7681159420289855
0x1e2e7903fb871f38362a8760871d1648eaa12536,LINK,0.9420289855072465
0x1e2e7903fb871f38362a8760871d1648eaa12536,LTC,0.9855072463768116
0x1e2e7903fb871f38362a8760871d1648eaa12536,POL,0.5
0x1e2e7903fb871f38362a8760871d1648eaa12536,NEAR,0.0434782608695652
0x1e2e7903fb871f38362a8760871d1648eaa12536,OP,0.2463768115942029
0x1e2e7903fb871f38362a8760871d1648eaa12536,PENDLE,0.3623188405797101
0x1e2e7903fb871f38362a8760871d1648eaa12536,PEPE,0.4202898550724637
0x1e2e7903fb871f38362a8760871d1648eaa12536,PYTH,0.0579710144927536
0x1e2e7903fb871f38362a8760871d1648eaa12536,RENDER,0.5
0x1e2e7903fb871f38362a8760871d1648eaa12536,RUNE,0.3333333333333333
0x1e2e7903fb871f38362a8760871d1648eaa12536,SHIB,0.0
0x1e2e7903fb871f38362a8760871d1648eaa12536,SOL,0.5652173913043478
0x1e2e7903fb871f38362a8760871d1648eaa12536,SUI,0.5072463768115942
0x1e2e7903fb871f38362a8760871d1648eaa12536,SUSHI,0.2608695652173913
0x1e2e7903fb871f38362a8760871d1648eaa12536,TIA,0.0289855072463768
0x1e2e7903fb871f38362a8760871d1648eaa12536,TRX,0.8695652173913043
0x1e2e7903fb871f38362a8760871d1648eaa12536,UNI,0.6086956521739131
0x1e2e7903fb871f38362a8760871d1648eaa12536,XLM,0.6521739130434783
0x1e2e7903fb871f38362a8760871d1648eaa12536,XMR,0.4927536231884058
0x1e2e7903fb871f38362a8760871d1648eaa12536,XRP,0.9565217391304348
0x2b23c36232eac432433a919aedd9a169031661c2,BTC,0.6064284784922936
0x2b23c36232eac432433a919aedd9a169031661c2,LTC,0.567425612686856
0x2b23c36232eac432433a919aedd9a169031661c2,XRP,0.5726457476805027
0x2b23c36232eac432433a919aedd9a169031661c2,DOGE,0.5570948866775569
0x2b23c36232eac432433a919aedd9a169031661c2,DASH,0.5671799565178063
0x2b23c36232eac432433a919aedd9a169031661c2,XMR,0.6194710479075176
0x2b23c36232eac432433a919aedd9a169031661c2,XLM,0.513452331370747
0x2b23c36232eac432433a919aedd9a169031661c2,ETH,0.5948660211926072
0x2b23c36232eac432433a919aedd9a169031661c2,ETC,0.5721684384250538
0x2b23c36232eac432433a919aedd9a169031661c2,ZEC,0.4924698148422514
0x2b23c36232eac432433a919aedd9a169031661c2,ZEN,0.5353438206160476
0x2b23c36232eac432433a919aedd9a169031661c2,IOTA,0.5080484855837135
0x2b23c36232eac432433a919aedd9a169031661c2,BCH,0.5539500629721396
0x2b23c36232eac432433a919aedd9a169031661c2,BNB,0.5591104873451277
0x2b23c36232eac432433a919aedd9a169031661c2,TRX,0.575861550148367
0x2b23c36232eac432433a919aedd9a169031661c2,LINK,0.5583669931001669
0x2b23c36232eac432433a919aedd9a169031661c2,ADA,0.4649262414638524
0x2b23c36232eac432433a919aedd9a169031661c2,FIL,0.5403821312509549
0x2b23c36232eac432433a919aedd9a169031661c2,SNX,0.5502401479167599
0x2b23c36232eac432433a919aedd9a169031661c2,BSV,0.4836753494915173
0x2b23c36232eac432433a919aedd9a169031661c2,FET,0.5257458052389454
0x2b23c36232eac432433a919aedd9a169031661c2,ATOM,0.5404583841614182
0x2b23c36232eac432433a919aedd9a169031661c2,RSR,0.5384901974087397
0x2b23c36232eac432433a919aedd9a169031661c2,ALGO,0.5709054428795567
0x2b23c36232eac432433a919aedd9a169031661c2,RUNE,0.5772498214143019
0x2b23c36232eac432433a919aedd9a169031661c2,LUNC,0.5365258571634293
0x2b23c36232eac432433a919aedd9a169031661c2,HBAR,0.5376412657175964
0x2b23c36232eac432433a919aedd9a169031661c2,PAXG,0.6219491231202143
0x2b23c36232eac432433a919aedd9a169031661c2,STX,0.5131258331077712
0x2b23c36232eac432433a919aedd9a169031661c2,TRB,0.5412578280858226
0x2b23c36232eac432433a919aedd9a169031661c2,SOL,0.5616561511224053
0x2b23c36232eac432433a919aedd9a169031661c2,CELO,0.4990403540373243
0x2b23c36232eac432433a919aedd9a169031661c2,UMA,0.5532903835952372
0x2b23c36232eac432433a919aedd9a169031661c2,AR,0.5802624865820473
0x2b23c36232eac432433a919aedd9a169031661c2,RENDER,0.5602074489714116
0x2b23c36232eac432433a919aedd9a169031661c2,COMP,0.5315775094412201
0x2b23c36232eac432433a919aedd9a169031661c2,AVAX,0.5255664573874357
0x2b23c36232eac432433a919aedd9a169031661c2,SHIB,0.5190587642772633
0x2b23c36232eac432433a919aedd9a169031661c2,SAND,0.5526334976301657
0x2b23c36232eac432433a919aedd9a169031661c2,NEAR,0.5385866992883865
0x2b23c36232eac432433a919aedd9a169031661c2,CRV,0.4807008217221294
0x2b23c36232eac432433a919aedd9a169031661c2,DOT,0.5433470998269434
0x2b23c36232eac432433a919aedd9a169031661c2,SUSHI,0.5000162353547871
0x2b23c36232eac432433a919aedd9a169031661c2,AXS,0.5178387623276073
0x2b23c36232eac432433a919aedd9a169031661c2,GALA,0.5129358944310106
0x2b23c36232eac432433a919aedd9a169031661c2,UNI,0.5149050133456783
0x2b23c36232eac432433a919aedd9a169031661c2,CAKE,0.5322337760876887
0x2b23c36232eac432433a919aedd9a169031661c2,INJ,0.5224857686772515
0x2b23c36232eac432433a919aedd9a169031661c2,AAVE,0.4740177857305889
0x2b23c36232eac432433a919aedd9a169031661c2,CFX,0.512042783094301
0x2b23c36232eac432433a919aedd9a169031661c2,LDO,0.5088159607283941
0x2b23c36232eac432433a919aedd9a169031661c2,MINA,0.5182038504802845
0x2b23c36232eac432433a919aedd9a169031661c2,ICP,0.54843149820746
0x2b23c36232eac432433a919aedd9a169031661c2,PENDLE,0.5270156421232848
0x2b23c36232eac432433a919aedd9a169031661c2,IMX,0.5610364441679868
0x2b23c36232eac432433a919aedd9a169031661c2,FLOKI,0.5167997494326368
0x2b23c36232eac432433a919aedd9a169031661c2,OP,0.4955660363420859
0x2b23c36232eac432433a919aedd9a169031661c2,ARB,0.5450618452546825
0x2b23c36232eac432433a919aedd9a169031661c2,GMX,0.5243179816843708
0x2b23c36232eac432433a919aedd9a169031661c2,WLD,0.5389849679318733
0x2b23c36232eac432433a919aedd9a169031661c2,MANTA,0.5017196066145336
0x2b23c36232eac432433a919aedd9a169031661c2,ENS,0.5525413185766339
0x2b23c36232eac432433a919aedd9a169031661c2,PEOPLE,0.5120278949852846
0x2b23c36232eac432433a919aedd9a169031661c2,GMT,0.5012015875430236
0x2b23c36232eac432433a919aedd9a169031661c2,APE,0.5404984677237936
0x2b23c36232eac432433a919aedd9a169031661c2,APEX,0.5729222971927918
0x2b23c36232eac432433a919aedd9a169031661c2,KAS,0.5479880946974797
0x2b23c36232eac432433a919aedd9a169031661c2,SUI,0.530908763890875
0x2b23c36232eac432433a919aedd9a169031661c2,ONDO,0.5102576681153375
0x2b23c36232eac432433a919aedd9a169031661c2,ZETA,0.5500585726528779
0x2b23c36232eac432433a919aedd9a169031661c2,APT,0.5317890272747522
0x2b23c36232eac432433a919aedd9a169031661c2,STRK,0.5767705406554874
0x2b23c36232eac432433a919aedd9a169031661c2,TIA,0.5278911150383098
0x2b23c36232eac432433a919aedd9a169031661c2,TAO,0.5190312440474126
0x2b23c36232eac432433a919aedd9a169031661c2,BONK,0.478514711585485
0x2b23c36232eac432433a919aedd9a169031661c2,BLUR,0.5419790502430768
0x2b23c36232eac432433a919aedd9a169031661c2,SEI,0.5426835702598328
0x2b23c36232eac432433a919aedd9a169031661c2,ZK,0.5220167017630299
0x2b23c36232eac432433a919aedd9a169031661c2,PEPE,0.5287175487100021
0x2b23c36232eac432433a919aedd9a169031661c2,BERA,0.5459610244325713
0x2b23c36232eac432433a919aedd9a169031661c2,TURBO,0.5117203617235784
0x2b23c36232eac432433a919aedd9a169031661c2,ORDI,0.5110406586866878
0x2b23c36232eac432433a919aedd9a169031661c2,ZRO,0.4361294489971218
0x2b23c36232eac432433a919aedd9a169031661c2,MNT,0.5166068576213326
0x2b23c36232eac432433a919aedd9a169031661c2,LINEA,0.5258409719250015
0x2b23c36232eac432433a919aedd9a169031661c2,PYTH,0.451494539479557
0x2b23c36232eac432433a919aedd9a169031661c2,MEME,0.4690781397218473
0x2b23c36232eac432433a919aedd9a169031661c2,POL,0.4941956392300017
0x2b23c36232eac432433a919aedd9a169031661c2,JTO,0.4824776664943609
0x2b23c36232eac432433a919aedd9a169031661c2,WIF,0.5334439701421874
0x2b23c36232eac432433a919aedd9a169031661c2,POPCAT,0.4694275800325459
0x2b23c36232eac432433a919aedd9a169031661c2,NOT,0.5141217938717272
0x2b23c36232eac432433a919aedd9a169031661c2,DYM,0.4167350286382121
0x2b23c36232eac432433a919aedd9a169031661c2,XAI,0.4480374703588765
0x2b23c36232eac432433a919aedd9a169031661c2,ALT,0.4857101399433549
0x2b23c36232eac432433a919aedd9a169031661c2,JUP,0.5550428498119587
0x2b23c36232eac432433a919aedd9a169031661c2,AERO,0.5531728048895841
0x2b23c36232eac432433a919aedd9a169031661c2,VIRTUAL,0.5006754171038883
0x2b23c36232eac432433a919aedd9a169031661c2,W,0.5497611416136612
0x2b23c36232eac432433a919aedd9a169031661c2,BRETT,0.5053301710342233
0x2b23c36232eac432433a919aedd9a169031661c2,ETHFI,0.5021768415111568
0x2b23c36232eac432433a919aedd9a169031661c2,IO,0.5351311289655115
0x2b23c36232eac432433a919aedd9a169031661c2,BOME,0.4426483961701873
0x2b23c36232eac432433a919aedd9a169031661c2,sENA,0.5032735385297067
0x2b23c36232eac432433a919aedd9a169031661c2,TNSR,0.4989641502989745
0x2b23c36232eac432433a919aedd9a169031661c2,EIGEN,0.5382428218800717
0x2b23c36232eac432433a919aedd9a169031661c2,MON,0.5338415433164677
0x2b23c36232eac432433a919aedd9a169031661c2,MERL,0.4555191191398325
0x2b23c36232eac432433a919aedd9a169031661c2,REZ,0.4144318662306853
0x2b23c36232eac432433a919aedd9a169031661c2,SOPH,0.4990736596096547
0x2b23c36232eac432433a919aedd9a169031661c2,HYPE,0.5338838770486516
0x2b23c36232eac432433a919aedd9a169031661c2,ME,0.4521537121441378
0x2b23c36232eac432433a919aedd9a169031661c2,BABY,0.4266027602431675
0x2b23c36232eac432433a919aedd9a169031661c2,MOVE,0.4842059720016471
0x2b23c36232eac432433a919aedd9a169031661c2,NEIRO,0.4377718056627704
0x2b23c36232eac432433a919aedd9a169031661c2,S,0.5452233865805892
0x2b23c36232eac432433a919aedd9a169031661c2,GRASS,0.5428392643922793
0x2b23c36232eac432433a919aedd9a169031661c2,SKY,0.5299503134852788
0x2b23c36232eac432433a919aedd9a169031661c2,INIT,0.4629171296931068
0x2b23c36232eac432433a919aedd9a169031661c2,WCT,0.5353095083803576
0x2b23c36232eac432433a919aedd9a169031661c2,WLFI,0.5254656122959914
0x2b23c36232eac432433a919aedd9a169031661c2,GOAT,0.4884059522616237
0x2b23c36232eac432433a919aedd9a169031661c2,FARTCOIN,0.4668941045758652
0x2b23c36232eac432433a919aedd9a169031661c2,PNUT,0.4787743399940203
0x2b23c36232eac432433a919aedd9a169031661c2,SYRUP,0.5355486664046251
0x2b23c36232eac432433a919aedd9a169031661c2,USUAL,0.4326477132266359
0x2b23c36232eac432433a919aedd9a169031661c2,AIXBT,0.4206976056121405
0x2b23c36232eac432433a919aedd9a169031661c2,MORPHO,0.536544417922285
0x2b23c36232eac432433a919aedd9a169031661c2,PENGU,0.507207667982366
0x2b23c36232eac432433a919aedd9a169031661c2,GRIFFAIN,0.4606585898762062
0x2b23c36232eac432433a919aedd9a169031661c2,BIO,0.4591425984612625
0x2b23c36232eac432433a919aedd9a169031661c2,ANIME,0.4493079510488657
0x2b23c36232eac432433a919aedd9a169031661c2,TRUMP,0.5548866039489194
0x2b23c36232eac432433a919aedd9a169031661c2,MELANIA,0.5247089220892525
0x2b23c36232eac432433a919aedd9a169031661c2,VINE,0.5163685014924234
0x2b23c36232eac432433a919aedd9a169031661c2,LAYER,0.5614338140369933
0x2b23c36232eac432433a919aedd9a169031661c2,VVV,0.5092204365357039
0x2b23c36232eac432433a919aedd9a169031661c2,IP,0.585260901808287
0x2b23c36232eac432433a919aedd9a169031661c2,NIL,0.3543874139484411
0x2b23c36232eac432433a919aedd9a169031661c2,KAITO,0.5161962542113453
0x2b23c36232eac432433a919aedd9a169031661c2,ZORA,0.5358520848194689
0x2b23c36232eac432433a919aedd9a169031661c2,HYPER,0.512552390841684
0x2b23c36232eac432433a919aedd9a169031661c2,ASTER,0.577151570228383
0x2b23c36232eac432433a919aedd9a169031661c2,PUMP,0.5006332449489058
0x2b23c36232eac432433a919aedd9a169031661c2,XPL,0.56533088023419
0x2b23c36232eac432433a919aedd9a169031661c2,CC,0.3900948945473995
0x2b23c36232eac432433a919aedd9a169031661c2,PROVE,0.4983410328129783
0x2b23c36232eac432433a919aedd9a169031661c2,HEMI,0.4217899230493769
0x2b23c36232eac432433a919aedd9a169031661c2,AVNT,0.4495191757667044
0x2b23c36232eac432433a919aedd9a169031661c2,0G,0.5322048101084746
0x2b23c36232eac432433a919aedd9a169031661c2,2Z,0.5253804297229422
0x2b23c36232eac432433a919aedd9a169031661c2,LIT,0.468813787805429
0x3cf29379dbc05bdfa6ad4e81c6bc2c581a0a3ca1,SKY,0.6776769757270813
0x3cf29379dbc05bdfa6ad4e81c6bc2c581a0a3ca1,TRX,0.8579372763633728
0x3cf29379dbc05bdfa6ad4e81c6bc2c581a0a3ca1,XLM,0.530211865901947
0x3cf29379dbc05bdfa6ad4e81c6bc2c581a0a3ca1,XMR,0.8565291166305542
0x3cf29379dbc05bdfa6ad4e81c6bc2c581a0a3ca1,XRP,0.7416126728057861
0x3cf29379dbc05bdfa6ad4e81c6bc2c581a0a3ca1,ZEC,0.8513934016227722
0x3cf29379dbc05bdfa6ad4e81c6bc2c581a0a3ca1,BCH,0.7996734976768494
0x3cf29379dbc05bdfa6ad4e81c6bc2c581a0a3ca1,BTC,1.0
0x3cf29379dbc05bdfa6ad4e81c6bc2c581a0a3ca1,DOGE,0.5871381759643555
0x3cf29379dbc05bdfa6ad4e81c6bc2c581a0a3ca1,ETC,0.5879754424095154
0x3cf29379dbc05bdfa6ad4e81c6bc2c581a0a3ca1,LTC,0.8098159432411194
0x3cf29379dbc05bdfa6ad4e81c6bc2c581a0a3ca1,ETH,0.9570426940917968
0x3cf29379dbc05bdfa6ad4e81c6bc2c581a0a3ca1,ADA,0.4421779811382293
0x3cf29379dbc05bdfa6ad4e81c6bc2c581a0a3ca1,LINK,0.6332394480705261
0x3cf29379dbc05bdfa6ad4e81c6bc2c581a0a3ca1,S,0.0526705980300903
0x3cf29379dbc05bdfa6ad4e81c6bc2c581a0a3ca1,ATOM,0.485183447599411
0x3cf29379dbc05bdfa6ad4e81c6bc2c581a0a3ca1,SNX,0.2858482003211975
0x3cf29379dbc05bdfa6ad4e81c6bc2c581a0a3ca1,RSR,0.3013954758644104
0x3cf29379dbc05bdfa6ad4e81c6bc2c581a0a3ca1,ALGO,0.4938710629940033
0x3cf29379dbc05bdfa6ad4e81c6bc2c581a0a3ca1,RUNE,0.5187970399856567
0x3cf29379dbc05bdfa6ad4e81c6bc2c581a0a3ca1,TRB,0.5686402916908264
0x3cf29379dbc05bdfa6ad4e81c6bc2c581a0a3ca1,SOL,0.8390748500823975
0x3cf29379dbc05bdfa6ad4e81c6bc2c581a0a3ca1,UMA,0.469759076833725
0x3cf29379dbc05bdfa6ad4e81c6bc2c581a0a3ca1,PAXG,0.9180826544761658
0x3cf29379dbc05bdfa6ad4e81c6bc2c581a0a3ca1,COMP,0.5683403611183167
0x3cf29379dbc05bdfa6ad4e81c6bc2c581a0a3ca1,AVAX,0.5690602660179138
0x3cf29379dbc05bdfa6ad4e81c6bc2c581a0a3ca1,SAND,0.3430142998695373
0x3cf29379dbc05bdfa6ad4e81c6bc2c581a0a3ca1,CRV,0.5453059077262878
0x3cf29379dbc05bdfa6ad4e81c6bc2c581a0a3ca1,LAYER,0.2517452239990234
0x3cf29379dbc05bdfa6ad4e81c6bc2c581a0a3ca1,DOT,0.3038676381111145
0x3cf29379dbc05bdfa6ad4e81c6bc2c581a0a3ca1,SUSHI,0.4450250566005707
0x3cf29379dbc05bdfa6ad4e81c6bc2c581a0a3ca1,UNI,0.5720171928405762
0x3cf29379dbc05bdfa6ad4e81c6bc2c581a0a3ca1,AAVE,0.6778196096420288
0x3cf29379dbc05bdfa6ad4e81c6bc2c581a0a3ca1,NEAR,0.416085422039032
0x3cf29379dbc05bdfa6ad4e81c6bc2c581a0a3ca1,FIL,0.5251759886741638
0x3cf29379dbc05bdfa6ad4e81c6bc2c581a0a3ca1,AXS,0.2948822677135467
0x3cf29379dbc05bdfa6ad4e81c6bc2c581a0a3ca1,INJ,0.4611288011074066
0x3cf29379dbc05bdfa6ad4e81c6bc2c581a0a3ca1,ZORA,0.1614434719085693
0x3cf29379dbc05bdfa6ad4e81c6bc2c581a0a3ca1,CELO,0.3701096475124359
0x3cf29379dbc05bdfa6ad4e81c6bc2c581a0a3ca1,LIT,0.713007926940918
0x3cf29379dbc05bdfa6ad4e81c6bc2c581a0a3ca1,SHIB,0.5122538208961487
0x3cf29379dbc05bdfa6ad4e81c6bc2c581a0a3ca1,ICP,0.4683785736560821
0x3cf29379dbc05bdfa6ad4e81c6bc2c581a0a3ca1,RENDER,0.4869970381259918
0x3cf29379dbc05bdfa6ad4e81c6bc2c581a0a3ca1,LDO,0.3506203293800354
0x3cf29379dbc05bdfa6ad4e81c6bc2c581a0a3ca1,GALA,0.2901521027088165
0x3cf29379dbc05bdfa6ad4e81c6bc2c581a0a3ca1,FET,0.2056551575660705
0x3cf29379dbc05bdfa6ad4e81c6bc2c581a0a3ca1,ENS,0.4417996704578399
0x3cf29379dbc05bdfa6ad4e81c6bc2c581a0a3ca1,IMX,0.30356565117836
0x3cf29379dbc05bdfa6ad4e81c6bc2c581a0a3ca1,PEOPLE,0.2235268950462341
0x3cf29379dbc05bdfa6ad4e81c6bc2c581a0a3ca1,GMT,0.2255980372428894
0x3cf29379dbc05bdfa6ad4e81c6bc2c581a0a3ca1,FLOKI,0.2749315798282623
0x3cf29379dbc05bdfa6ad4e81c6bc2c581a0a3ca1,POL,0.4082820117473602
0x3cf29379dbc05bdfa6ad4e81c6bc2c581a0a3ca1,APE,0.3103805184364319
0x3cf29379dbc05bdfa6ad4e81c6bc2c581a0a3ca1,GMX,0.4750974476337433
0x3cf29379dbc05bdfa6ad4e81c6bc2c581a0a3ca1,BLUR,0.2905281782150268
0x3cf29379dbc05bdfa6ad4e81c6bc2c581a0a3ca1,PENDLE,0.6295207142829895
0x3cf29379dbc05bdfa6ad4e81c6bc2c581a0a3ca1,MINA,0.2950740158557892
0x3cf29379dbc05bdfa6ad4e81c6bc2c581a0a3ca1,LUNC,0.5547243356704712
0x3cf29379dbc05bdfa6ad4e81c6bc2c581a0a3ca1,MEME,0.1372314691543579
0x3cf29379dbc05bdfa6ad4e81c6bc2c581a0a3ca1,OP,0.4242604672908783
0x3cf29379dbc05bdfa6ad4e81c6bc2c581a0a3ca1,ZEN,0.3352425992488861
0x3cf29379dbc05bdfa6ad4e81c6bc2c581a0a3ca1,STRK,0.2825535237789154
0x3cf29379dbc05bdfa6ad4e81c6bc2c581a0a3ca1,STX,0.2770563066005707
0x3cf29379dbc05bdfa6ad4e81c6bc2c581a0a3ca1,CFX,0.4169745743274688
0x3cf29379dbc05bdfa6ad4e81c6bc2c581a0a3ca1,CAKE,0.684359610080719
0x3cf29379dbc05bdfa6ad4e81c6bc2c581a0a3ca1,DASH,0.5187901258468628
0x3cf29379dbc05bdfa6ad4e81c6bc2c581a0a3ca1,BSV,0.5380235910415649
0x3cf29379dbc05bdfa6ad4e81c6bc2c581a0a3ca1,AR,0.2729318141937256
0x3cf29379dbc05bdfa6ad4e81c6bc2c581a0a3ca1,APT,0.3800874352455139
0x3cf29379dbc05bdfa6ad4e81c6bc2c581a0a3ca1,ALT,0.2687474489212036
0x3cf29379dbc05bdfa6ad4e81c6bc2c581a0a3ca1,BNB,0.9327492713928224
0x3cf29379dbc05bdfa6ad4e81c6bc2c581a0a3ca1,BONK,0.2588791847229004
0x3cf29379dbc05bdfa6ad4e81c6bc2c581a0a3ca1,BABY,0.1148192957043647
0x3cf29379dbc05bdfa6ad4e81c6bc2c581a0a3ca1,HBAR,0.5162228345870972
0x3cf29379dbc05bdfa6ad4e81c6bc2c581a0a3ca1,KAS,0.2860594987869262
0x3cf29379dbc05bdfa6ad4e81c6bc2c581a0a3ca1,PEPE,0.430063247680664
0x3cf29379dbc05bdfa6ad4e81c6bc2c581a0a3ca1,ORDI,0.3506827056407928
0x3cf29379dbc05bdfa6ad4e81c6bc2c581a0a3ca1,SUI,0.6083114147186279
0x3cf29379dbc05bdfa6ad4e81c6bc2c581a0a3ca1,MNT,0.4932058751583099
0x3cf29379dbc05bdfa6ad4e81c6bc2c581a0a3ca1,IOTA,0.3090847432613373
0x3cf29379dbc05bdfa6ad4e81c6bc2c581a0a3ca1,TURBO,0.2418669462203979
0x3cf29379dbc05bdfa6ad4e81c6bc2c581a0a3ca1,TIA,0.289939820766449
0x3cf29379dbc05bdfa6ad4e81c6bc2c581a0a3ca1,SEI,0.2881060540676117
0x3cf29379dbc05bdfa6ad4e81c6bc2c581a0a3ca1,TAO,0.5472955107688904
0x3cf29379dbc05bdfa6ad4e81c6bc2c581a0a3ca1,JTO,0.3305394053459167
0x3cf29379dbc05bdfa6ad4e81c6bc2c581a0a3ca1,PYTH,0.3776283264160156
0x3cf29379dbc05bdfa6ad4e81c6bc2c581a0a3ca1,MANTA,0.3877392411231994
0x3cf29379dbc05bdfa6ad4e81c6bc2c581a0a3ca1,ONDO,0.4998108446598053
0x3cf29379dbc05bdfa6ad4e81c6bc2c581a0a3ca1,WIF,0.2657274603843689
0x3cf29379dbc05bdfa6ad4e81c6bc2c581a0a3ca1,XAI,0.0
0x3cf29379dbc05bdfa6ad4e81c6bc2c581a0a3ca1,ZETA,0.2910502552986145
0x3cf29379dbc05bdfa6ad4e81c6bc2c581a0a3ca1,JUP,0.4770123064517975
0x3cf29379dbc05bdfa6ad4e81c6bc2c581a0a3ca1,DYM,0.0066880360245704
0x3cf29379dbc05bdfa6ad4e81c6bc2c581a0a3ca1,TRUMP,0.2587774693965912
0x3cf29379dbc05bdfa6ad4e81c6bc2c581a0a3ca1,APEX,0.2341766655445099
0x3cf29379dbc05bdfa6ad4e81c6bc2c581a0a3ca1,ARB,0.3270778954029083
0x3cf29379dbc05bdfa6ad4e81c6bc2c581a0a3ca1,BOME,0.0129286125302314
0x3cf29379dbc05bdfa6ad4e81c6bc2c581a0a3ca1,HYPER,0.2564645111560821
0x3cf29379dbc05bdfa6ad4e81c6bc2c581a0a3ca1,ETHFI,0.4554684460163116
0x3cf29379dbc05bdfa6ad4e81c6bc2c581a0a3ca1,BRETT,0.2491352260112762
0x3cf29379dbc05bdfa6ad4e81c6bc2c581a0a3ca1,W,0.2349245846271515
0x3cf29379dbc05bdfa6ad4e81c6bc2c581a0a3ca1,GOAT,0.0933649763464927
0x3cf29379dbc05bdfa6ad4e81c6bc2c581a0a3ca1,POPCAT,0.2630506455898285
0x3cf29379dbc05bdfa6ad4e81c6bc2c581a0a3ca1,MERL,0.3066360056400299
0x3cf29379dbc05bdfa6ad4e81c6bc2c581a0a3ca1,ZK,0.294633686542511
0x3cf29379dbc05bdfa6ad4e81c6bc2c581a0a3ca1,TNSR,0.2255716025829315
0x3cf29379dbc05bdfa6ad4e81c6bc2c581a0a3ca1,AERO,0.4031929075717926
0x3cf29379dbc05bdfa6ad4e81c6bc2c581a0a3ca1,REZ,0.0967030599713325
0x3cf29379dbc05bdfa6ad4e81c6bc2c581a0a3ca1,NOT,0.2293311953544616
0x3cf29379dbc05bdfa6ad4e81c6bc2c581a0a3ca1,MON,0.2741007506847381
0x3cf29379dbc05bdfa6ad4e81c6bc2c581a0a3ca1,VIRTUAL,0.6043751239776611
0x3cf29379dbc05bdfa6ad4e81c6bc2c581a0a3ca1,IO,0.2543091177940368
0x3cf29379dbc05bdfa6ad4e81c6bc2c581a0a3ca1,ZRO,0.3292512893676758
0x3cf29379dbc05bdfa6ad4e81c6bc2c581a0a3ca1,WLD,0.2777562439441681
0x3cf29379dbc05bdfa6ad4e81c6bc2c581a0a3ca1,NEIRO,0.0700326338410377
0x3cf29379dbc05bdfa6ad4e81c6bc2c581a0a3ca1,EIGEN,0.2482579350471496
0x3cf29379dbc05bdfa6ad4e81c6bc2c581a0a3ca1,MOVE,0.0966721996665
0x3cf29379dbc05bdfa6ad4e81c6bc2c581a0a3ca1,FARTCOIN,0.3093882799148559
0x3cf29379dbc05bdfa6ad4e81c6bc2c581a0a3ca1,GRASS,0.2513476014137268
0x3cf29379dbc05bdfa6ad4e81c6bc2c581a0a3ca1,PNUT,0.1696761846542358
0x3cf29379dbc05bdfa6ad4e81c6bc2c581a0a3ca1,USUAL,0.0162397399544715
0x3cf29379dbc05bdfa6ad4e81c6bc2c581a0a3ca1,MORPHO,0.765864372253418
0x3cf29379dbc05bdfa6ad4e81c6bc2c581a0a3ca1,AIXBT,0.1415385603904724
0x3cf29379dbc05bdfa6ad4e81c6bc2c581a0a3ca1,HYPE,0.8551638126373291
0x3cf29379dbc05bdfa6ad4e81c6bc2c581a0a3ca1,ME,0.2085764706134796
0x3cf29379dbc05bdfa6ad4e81c6bc2c581a0a3ca1,PENGU,0.385288268327713
0x3cf29379dbc05bdfa6ad4e81c6bc2c581a0a3ca1,sENA,0.2167837619781494
0x3cf29379dbc05bdfa6ad4e81c6bc2c581a0a3ca1,BIO,0.1632350087165832
0x3cf29379dbc05bdfa6ad4e81c6bc2c581a0a3ca1,GRIFFAIN,0.0115784257650375
0x3cf29379dbc05bdfa6ad4e81c6bc2c581a0a3ca1,MELANIA,0.2513414919376373
0x3cf29379dbc05bdfa6ad4e81c6bc2c581a0a3ca1,VINE,0.2651636898517608
0x3cf29379dbc05bdfa6ad4e81c6bc2c581a0a3ca1,ANIME,0.2928524911403656
0x3cf29379dbc05bdfa6ad4e81c6bc2c581a0a3ca1,VVV,0.5137138962745667
0x3cf29379dbc05bdfa6ad4e81c6bc2c581a0a3ca1,SYRUP,0.5490709543228149
0x3cf29379dbc05bdfa6ad4e81c6bc2c581a0a3ca1,BERA,0.1582140624523162
0x3cf29379dbc05bdfa6ad4e81c6bc2c581a0a3ca1,IP,0.1056446954607963
0x3cf29379dbc05bdfa6ad4e81c6bc2c581a0a3ca1,KAITO,0.4446996748447418
0x3cf29379dbc05bdfa6ad4e81c6bc2c581a0a3ca1,NIL,0.150301992893219
0x3cf29379dbc05bdfa6ad4e81c6bc2c581a0a3ca1,WCT,0.2758259773254394
0x3cf29379dbc05bdfa6ad4e81c6bc2c581a0a3ca1,PUMP,0.5542083382606506
0x3cf29379dbc05bdfa6ad4e81c6bc2c581a0a3ca1,INIT,0.2388705313205719
0x3cf29379dbc05bdfa6ad4e81c6bc2c581a0a3ca1,SOPH,0.271396279335022
0x3cf29379dbc05bdfa6ad4e81c6bc2c581a0a3ca1,PROVE,0.2530326843261719
0x3cf29379dbc05bdfa6ad4e81c6bc2c581a0a3ca1,WLFI,0.3708533048629761
0x3cf29379dbc05bdfa6ad4e81c6bc2c581a0a3ca1,0G,0.1374457776546478
0x3cf29379dbc05bdfa6ad4e81c6bc2c581a0a3ca1,ASTER,0.7201308608055115
0x3cf29379dbc05bdfa6ad4e81c6bc2c581a0a3ca1,AVNT,0.0425569787621498
0x3cf29379dbc05bdfa6ad4e81c6bc2c581a0a3ca1,LINEA,0.2924168705940246
0x3cf29379dbc05bdfa6ad4e81c6bc2c581a0a3ca1,HEMI,0.0947548523545265
0x3cf29379dbc05bdfa6ad4e81c6bc2c581a0a3ca1,XPL,0.2651918232440948
0x3cf29379dbc05bdfa6ad4e81c6bc2c581a0a3ca1,2Z,0.3326182067394256
0x3cf29379dbc05bdfa6ad4e81c6bc2c581a0a3ca1,CC,0.1920934319496154
0x3e04d3e08ea54c34f721ac007107fe7a4bd957d5,BTC,0.6048791
0x3e04d3e08ea54c34f721ac007107fe7a4bd957d5,LTC,0.5604406
0x3e04d3e08ea54c34f721ac007107fe7a4bd957d5,XRP,0.5438531
0x3e04d3e08ea54c34f721ac007107fe7a4bd957d5,DOGE,0.5282265
0x3e04d3e08ea54c34f721ac007107fe7a4bd957d5,DASH,0.5573001
0x3e04d3e08ea54c34f721ac007107fe7a4bd957d5,XMR,0.5893057
0x3e04d3e08ea54c34f721ac007107fe7a4bd957d5,XLM,0.5121046
0x3e04d3e08ea54c34f721ac007107fe7a4bd957d5,ETH,0.6106072
0x3e04d3e08ea54c34f721ac007107fe7a4bd957d5,ETC,0.54830605
0x3e04d3e08ea54c34f721ac007107fe7a4bd957d5,ZEC,0.5458843
0x3e04d3e08ea54c34f721ac007107fe7a4bd957d5,ZEN,0.545134
0x3e04d3e08ea54c34f721ac007107fe7a4bd957d5,IOTA,0.50530636
0x3e04d3e08ea54c34f721ac007107fe7a4bd957d5,BCH,0.5611634
0x3e04d3e08ea54c34f721ac007107fe7a4bd957d5,BNB,0.58946013
0x3e04d3e08ea54c34f721ac007107fe7a4bd957d5,TRX,0.59060353
0x3e04d3e08ea54c34f721ac007107fe7a4bd957d5,LINK,0.532907
0x3e04d3e08ea54c34f721ac007107fe7a4bd957d5,ADA,0.47984618
0x3e04d3e08ea54c34f721ac007107fe7a4bd957d5,FIL,0.53529227
0x3e04d3e08ea54c34f721ac007107fe7a4bd957d5,SNX,0.58123547
0x3e04d3e08ea54c34f721ac007107fe7a4bd957d5,BSV,0.47559503
0x3e04d3e08ea54c34f721ac007107fe7a4bd957d5,FET,0.52213067
0x3e04d3e08ea54c34f721ac007107fe7a4bd957d5,ATOM,0.51416916
0x3e04d3e08ea54c34f721ac007107fe7a4bd957d5,RSR,0.5216786
0x3e04d3e08ea54c34f721ac007107fe7a4bd957d5,ALGO,0.5100266
0x3e04d3e08ea54c34f721ac007107fe7a4bd957d5,RUNE,0.5805898
0x3e04d3e08ea54c34f721ac007107fe7a4bd957d5,LUNC,0.50809103
0x3e04d3e08ea54c34f721ac007107fe7a4bd957d5,HBAR,0.5325027
0x3e04d3e08ea54c34f721ac007107fe7a4bd957d5,PAXG,0.63058776
0x3e04d3e08ea54c34f721ac007107fe7a4bd957d5,STX,0.5034939
0x3e04d3e08ea54c34f721ac007107fe7a4bd957d5,TRB,0.5176947
0x3e04d3e08ea54c34f721ac007107fe7a4bd957d5,SOL,0.55971724
0x3e04d3e08ea54c34f721ac007107fe7a4bd957d5,CELO,0.49949187
0x3e04d3e08ea54c34f721ac007107fe7a4bd957d5,UMA,0.54564327
0x3e04d3e08ea54c34f721ac007107fe7a4bd957d5,AR,0.5629095
0x3e04d3e08ea54c34f721ac007107fe7a4bd957d5,RENDER,0.5243783
0x3e04d3e08ea54c34f721ac007107fe7a4bd957d5,COMP,0.5381524
0x3e04d3e08ea54c34f721ac007107fe7a4bd957d5,AVAX,0.5633339
0x3e04d3e08ea54c34f721ac007107fe7a4bd957d5,SHIB,0.50418717
0x3e04d3e08ea54c34f721ac007107fe7a4bd957d5,SAND,0.50360626
0x3e04d3e08ea54c34f721ac007107fe7a4bd957d5,NEAR,0.5194874
0x3e04d3e08ea54c34f721ac007107fe7a4bd957d5,CRV,0.4894928
0x3e04d3e08ea54c34f721ac007107fe7a4bd957d5,DOT,0.55424607
0x3e04d3e08ea54c34f721ac007107fe7a4bd957d5,SUSHI,0.5375815
0x3e04d3e08ea54c34f721ac007107fe7a4bd957d5,AXS,0.53408223
0x3e04d3e08ea54c34f721ac007107fe7a4bd957d5,GALA,0.489489
0x3e04d3e08ea54c34f721ac007107fe7a4bd957d5,UNI,0.49844974
0x3e04d3e08ea54c34f721ac007107fe7a4bd957d5,CAKE,0.54026246
0x3e04d3e08ea54c34f721ac007107fe7a4bd957d5,INJ,0.5161814
0x3e04d3e08ea54c34f721ac007107fe7a4bd957d5,AAVE,0.5081622
0x3e04d3e08ea54c34f721ac007107fe7a4bd957d5,CFX,0.49768877
0x3e04d3e08ea54c34f721ac007107fe7a4bd957d5,LDO,0.4931071
0x3e04d3e08ea54c34f721ac007107fe7a4bd957d5,MINA,0.5000528
0x3e04d3e08ea54c34f721ac007107fe7a4bd957d5,ICP,0.56298494
0x3e04d3e08ea54c34f721ac007107fe7a4bd957d5,PENDLE,0.51049966
0x3e04d3e08ea54c34f721ac007107fe7a4bd957d5,IMX,0.5342178
0x3e04d3e08ea54c34f721ac007107fe7a4bd957d5,FLOKI,0.5207984
0x3e04d3e08ea54c34f721ac007107fe7a4bd957d5,OP,0.52672356
0x3e04d3e08ea54c34f721ac007107fe7a4bd957d5,ARB,0.50206167
0x3e04d3e08ea54c34f721ac007107fe7a4bd957d5,GMX,0.5268545
0x3e04d3e08ea54c34f721ac007107fe7a4bd957d5,WLD,0.50904495
0x3e04d3e08ea54c34f721ac007107fe7a4bd957d5,MANTA,0.515774
0x3e04d3e08ea54c34f721ac007107fe7a4bd957d5,ENS,0.5314144
0x3e04d3e08ea54c34f721ac007107fe7a4bd957d5,PEOPLE,0.50746906
0x3e04d3e08ea54c34f721ac007107fe7a4bd957d5,GMT,0.5058436
0x3e04d3e08ea54c34f721ac007107fe7a4bd957d5,APE,0.52911305
0x3e04d3e08ea54c34f721ac007107fe7a4bd957d5,APEX,0.5242094
0x3e04d3e08ea54c34f721ac007107fe7a4bd957d5,KAS,0.510713
0x3e04d3e08ea54c34f721ac007107fe7a4bd957d5,SUI,0.5290337
0x3e04d3e08ea54c34f721ac007107fe7a4bd957d5,ONDO,0.47782236
0x3e04d3e08ea54c34f721ac007107fe7a4bd957d5,ZETA,0.5083841
0x3e04d3e08ea54c34f721ac007107fe7a4bd957d5,APT,0.5299009
0x3e04d3e08ea54c34f721ac007107fe7a4bd957d5,STRK,0.5151833
0x3e04d3e08ea54c34f721ac007107fe7a4bd957d5,TIA,0.5221328
0x3e04d3e08ea54c34f721ac007107fe7a4bd957d5,TAO,0.5570404
0x3e04d3e08ea54c34f721ac007107fe7a4bd957d5,BONK,0.48708957
0x3e04d3e08ea54c34f721ac007107fe7a4bd957d5,BLUR,0.4993947
0x3e04d3e08ea54c34f721ac007107fe7a4bd957d5,SEI,0.52138525
0x3e04d3e08ea54c34f721ac007107fe7a4bd957d5,ZK,0.51728374
0x3e04d3e08ea54c34f721ac007107fe7a4bd957d5,PEPE,0.5331182
0x3e04d3e08ea54c34f721ac007107fe7a4bd957d5,BERA,0.51346874
0x3e04d3e08ea54c34f721ac007107fe7a4bd957d5,TURBO,0.52314115
0x3e04d3e08ea54c34f721ac007107fe7a4bd957d5,ORDI,0.509596
0x3e04d3e08ea54c34f721ac007107fe7a4bd957d5,ZRO,0.425933
0x3e04d3e08ea54c34f721ac007107fe7a4bd957d5,MNT,0.56549805
0x3e04d3e08ea54c34f721ac007107fe7a4bd957d5,LINEA,0.51826775
0x3e04d3e08ea54c34f721ac007107fe7a4bd957d5,PYTH,0.45930207
0x3e04d3e08ea54c34f721ac007107fe7a4bd957d5,MEME,0.5016668
0x3e04d3e08ea54c34f721ac007107fe7a4bd957d5,POL,0.50356853
0x3e04d3e08ea54c34f721ac007107fe7a4bd957d5,JTO,0.49348602
0x3e04d3e08ea54c34f721ac007107fe7a4bd957d5,WIF,0.53339624
0x3e04d3e08ea54c34f721ac007107fe7a4bd957d5,POPCAT,0.51514846
0x3e04d3e08ea54c34f721ac007107fe7a4bd957d5,NOT,0.5213817
0x3e04d3e08ea54c34f721ac007107fe7a4bd957d5,DYM,0.4434273
0x3e04d3e08ea54c34f721ac007107fe7a4bd957d5,XAI,0.47095397
0x3e04d3e08ea54c34f721ac007107fe7a4bd957d5,ALT,0.49288252
0x3e04d3e08ea54c34f721ac007107fe7a4bd957d5,JUP,0.5203397
0x3e04d3e08ea54c34f721ac007107fe7a4bd957d5,AERO,0.51071507
0x3e04d3e08ea54c34f721ac007107fe7a4bd957d5,VIRTUAL,0.51164055
0x3e04d3e08ea54c34f721ac007107fe7a4bd957d5,W,0.53042996
0x3e04d3e08ea54c34f721ac007107fe7a4bd957d5,BRETT,0.4747922
0x3e04d3e08ea54c34f721ac007107fe7a4bd957d5,ETHFI,0.4919661
0x3e04d3e08ea54c34f721ac007107fe7a4bd957d5,IO,0.51663184
0x3e04d3e08ea54c34f721ac007107fe7a4bd957d5,BOME,0.456471
0x3e04d3e08ea54c34f721ac007107fe7a4bd957d5,sENA,0.51479435
0x3e04d3e08ea54c34f721ac007107fe7a4bd957d5,TNSR,0.48563498
0x3e04d3e08ea54c34f721ac007107fe7a4bd957d5,EIGEN,0.5156843
0x3e04d3e08ea54c34f721ac007107fe7a4bd957d5,MON,0.5205821
0x3e04d3e08ea54c34f721ac007107fe7a4bd957d5,MERL,0.48534173
0x3e04d3e08ea54c34f721ac007107fe7a4bd957d5,REZ,0.4420061
0x3e04d3e08ea54c34f721ac007107fe7a4bd957d5,SOPH,0.49093992
0x3e04d3e08ea54c34f721ac007107fe7a4bd957d5,HYPE,0.54803735
0x3e04d3e08ea54c34f721ac007107fe7a4bd957d5,ME,0.4939164
0x3e04d3e08ea54c34f721ac007107fe7a4bd957d5,BABY,0.4220328
0x3e04d3e08ea54c34f721ac007107fe7a4bd957d5,MOVE,0.51230067
0x3e04d3e08ea54c34f721ac007107fe7a4bd957d5,NEIRO,0.44633782
0x3e04d3e08ea54c34f721ac007107fe7a4bd957d5,S,0.48277944
0x3e04d3e08ea54c34f721ac007107fe7a4bd957d5,GRASS,0.5144252
0x3e04d3e08ea54c34f721ac007107fe7a4bd957d5,SKY,0.5121285
0x3e04d3e08ea54c34f721ac007107fe7a4bd957d5,INIT,0.50664216
0x3e04d3e08ea54c34f721ac007107fe7a4bd957d5,WCT,0.5182823
0x3e04d3e08ea54c34f721ac007107fe7a4bd957d5,WLFI,0.5120652
0x3e04d3e08ea54c34f721ac007107fe7a4bd957d5,GOAT,0.49250364
0x3e04d3e08ea54c34f721ac007107fe7a4bd957d5,FARTCOIN,0.52515674
0x3e04d3e08ea54c34f721ac007107fe7a4bd957d5,PNUT,0.49379942
0x3e04d3e08ea54c34f721ac007107fe7a4bd957d5,SYRUP,0.47363663
0x3e04d3e08ea54c34f721ac007107fe7a4bd957d5,USUAL,0.48472884
0x3e04d3e08ea54c34f721ac007107fe7a4bd957d5,AIXBT,0.4685188
0x3e04d3e08ea54c34f721ac007107fe7a4bd957d5,MORPHO,0.5120882
0x3e04d3e08ea54c34f721ac007107fe7a4bd957d5,PENGU,0.50048435
0x3e04d3e08ea54c34f721ac007107fe7a4bd957d5,GRIFFAIN,0.44638646
0x3e04d3e08ea54c34f721ac007107fe7a4bd957d5,BIO,0.44381097
0x3e04d3e08ea54c34f721ac007107fe7a4bd957d5,ANIME,0.49025565
0x3e04d3e08ea54c34f721ac007107fe7a4bd957d5,TRUMP,0.56599504
0x3e04d3e08ea54c34f721ac007107fe7a4bd957d5,MELANIA,0.51913124
0x3e04d3e08ea54c34f721ac007107fe7a4bd957d5,VINE,0.48075923
0x3e04d3e08ea54c34f721ac007107fe7a4bd957d5,LAYER,0.5373339
0x3e04d3e08ea54c34f721ac007107fe7a4bd957d5,VVV,0.51648664
0x3e04d3e08ea54c34f721ac007107fe7a4bd957d5,IP,0.5176788
0x3e04d3e08ea54c34f721ac007107fe7a4bd957d5,NIL,0.39115807
0x3e04d3e08ea54c34f721ac007107fe7a4bd957d5,KAITO,0.4150626
0x3e04d3e08ea54c34f721ac007107fe7a4bd957d5,ZORA,0.49169305
0x3e04d3e08ea54c34f721ac007107fe7a4bd957d5,HYPER,0.5080683
0x3e04d3e08ea54c34f721ac007107fe7a4bd957d5,ASTER,0.58475
0x3e04d3e08ea54c34f721ac007107fe7a4bd957d5,PUMP,0.47902524
0x3e04d3e08ea54c34f721ac007107fe7a4bd957d5,XPL,0.5349125
0x3e04d3e08ea54c34f721ac007107fe7a4bd957d5,CC,0.48584017
0x3e04d3e08ea54c34f721ac007107fe7a4bd957d5,PROVE,0.520696
0x3e04d3e08ea54c34f721ac007107fe7a4bd957d5,HEMI,0.4236622
0x3e04d3e08ea54c34f721ac007107fe7a4bd957d5,AVNT,0.4706255
0x3e04d3e08ea54c34f721ac007107fe7a4bd957d5,0G,0.47815093
0x3e04d3e08ea54c34f721ac007107fe7a4bd957d5,2Z,0.49467036
0x3e04d3e08ea54c34f721ac007107fe7a4bd957d5,LIT,0.47466707
0x3ebab08d24031caa95c4290b28f66e71bbe418e5,BTC,0.6079480800186424
0x3ebab08d24031caa95c4290b28f66e71bbe418e5,LTC,0.5601825311303954
0x3ebab08d24031caa95c4290b28f66e71bbe418e5,XRP,0.5233788257667433
0x3ebab08d24031caa95c4290b28f66e71bbe418e5,DOGE,0.5976804502581816
0x3ebab08d24031caa95c4290b28f66e71bbe418e5,DASH,0.5628944598034034
0x3ebab08d24031caa95c4290b28f66e71bbe418e5,XMR,0.5471824418749129
0x3ebab08d24031caa95c4290b28f66e71bbe418e5,XLM,0.4453658210665832
0x3ebab08d24031caa95c4290b28f66e71bbe418e5,ETH,0.5368741890488404
0x3ebab08d24031caa95c4290b28f66e71bbe418e5,ETC,0.6178515292631785
0x3ebab08d24031caa95c4290b28f66e71bbe418e5,ZEC,0.4967934564176228
0x3ebab08d24031caa95c4290b28f66e71bbe418e5,ZEN,0.5215501255551078
0x3ebab08d24031caa95c4290b28f66e71bbe418e5,IOTA,0.5167797506803061
0x3ebab08d24031caa95c4290b28f66e71bbe418e5,BCH,0.5171852443409258
0x3ebab08d24031caa95c4290b28f66e71bbe418e5,BNB,0.586267799389294
0x3ebab08d24031caa95c4290b28f66e71bbe418e5,TRX,0.5992876561114109
0x3ebab08d24031caa95c4290b28f66e71bbe418e5,LINK,0.5533702292792217
0x3ebab08d24031caa95c4290b28f66e71bbe418e5,ADA,0.5092077909057264
0x3ebab08d24031caa95c4290b28f66e71bbe418e5,FIL,0.5382100532943273
0x3ebab08d24031caa95c4290b28f66e71bbe418e5,SNX,0.5669770420117948
0x3ebab08d24031caa95c4290b28f66e71bbe418e5,BSV,0.5200198672921096
0x3ebab08d24031caa95c4290b28f66e71bbe418e5,FET,0.5501359974566203
0x3ebab08d24031caa95c4290b28f66e71bbe418e5,ATOM,0.601922187521403
0x3ebab08d24031caa95c4290b28f66e71bbe418e5,RSR,0.505606041964408
0x3ebab08d24031caa95c4290b28f66e71bbe418e5,ALGO,0.6019365087709416
0x3ebab08d24031caa95c4290b28f66e71bbe418e5,RUNE,0.5677702196083175
0x3ebab08d24031caa95c4290b28f66e71bbe418e5,LUNC,0.4957562741273675
0x3ebab08d24031caa95c4290b28f66e71bbe418e5,HBAR,0.4888930811925147
0x3ebab08d24031caa95c4290b28f66e71bbe418e5,PAXG,0.6761032015009454
0x3ebab08d24031caa95c4290b28f66e71bbe418e5,STX,0.5619512282808786
0x3ebab08d24031caa95c4290b28f66e71bbe418e5,TRB,0.5315124002532451
0x3ebab08d24031caa95c4290b28f66e71bbe418e5,SOL,0.6560928345065978
0x3ebab08d24031caa95c4290b28f66e71bbe418e5,CELO,0.5032678146612153
0x3ebab08d24031caa95c4290b28f66e71bbe418e5,UMA,0.5512935874558135
0x3ebab08d24031caa95c4290b28f66e71bbe418e5,AR,0.6162891943791647
0x3ebab08d24031caa95c4290b28f66e71bbe418e5,RENDER,0.5401805917358772
0x3ebab08d24031caa95c4290b28f66e71bbe418e5,COMP,0.5292695927627062
0x3ebab08d24031caa95c4290b28f66e71bbe418e5,AVAX,0.5366869744743422
0x3ebab08d24031caa95c4290b28f66e71bbe418e5,SHIB,0.529333533857973
0x3ebab08d24031caa95c4290b28f66e71bbe418e5,SAND,0.5324759590929268
0x3ebab08d24031caa95c4290b28f66e71bbe418e5,NEAR,0.516657929252149
0x3ebab08d24031caa95c4290b28f66e71bbe418e5,CRV,0.4991446531953953
0x3ebab08d24031caa95c4290b28f66e71bbe418e5,DOT,0.5734591103420851
0x3ebab08d24031caa95c4290b28f66e71bbe418e5,SUSHI,0.4934576818514
0x3ebab08d24031caa95c4290b28f66e71bbe418e5,AXS,0.5391465376722286
0x3ebab08d24031caa95c4290b28f66e71bbe418e5,GALA,0.5007469465527961
0x3ebab08d24031caa95c4290b28f66e71bbe418e5,UNI,0.5073717229707707
0x3ebab08d24031caa95c4290b28f66e71bbe418e5,CAKE,0.5247115688720936
0x3ebab08d24031caa95c4290b28f66e71bbe418e5,INJ,0.4987826016494154
0x3ebab08d24031caa95c4290b28f66e71bbe418e5,AAVE,0.4936458789512524
0x3ebab08d24031caa95c4290b28f66e71bbe418e5,CFX,0.4892499113625901
0x3ebab08d24031caa95c4290b28f66e71bbe418e5,LDO,0.4829274006867492
0x3ebab08d24031caa95c4290b28f66e71bbe418e5,MINA,0.4766183882757968
0x3ebab08d24031caa95c4290b28f66e71bbe418e5,ICP,0.5700804699712337
0x3ebab08d24031caa95c4290b28f66e71bbe418e5,PENDLE,0.5151285642044701
0x3ebab08d24031caa95c4290b28f66e71bbe418e5,IMX,0.5581865379708446
0x3ebab08d24031caa95c4290b28f66e71bbe418e5,FLOKI,0.5188281920678544
0x3ebab08d24031caa95c4290b28f66e71bbe418e5,OP,0.4742111298140086
0x3ebab08d24031caa95c4290b28f66e71bbe418e5,ARB,0.5454886820373611
0x3ebab08d24031caa95c4290b28f66e71bbe418e5,GMX,0.5434425850636726
0x3ebab08d24031caa95c4290b28f66e71bbe418e5,WLD,0.4822061196745595
0x3ebab08d24031caa95c4290b28f66e71bbe418e5,MANTA,0.4948810107444127
0x3ebab08d24031caa95c4290b28f66e71bbe418e5,ENS,0.5171955605993896
0x3ebab08d24031caa95c4290b28f66e71bbe418e5,PEOPLE,0.5343569241444
0x3ebab08d24031caa95c4290b28f66e71bbe418e5,GMT,0.5014993508958449
0x3ebab08d24031caa95c4290b28f66e71bbe418e5,APE,0.5092935539333309
0x3ebab08d24031caa95c4290b28f66e71bbe418e5,APEX,0.5485392012339266
0x3ebab08d24031caa95c4290b28f66e71bbe418e5,KAS,0.5096475438316193
0x3ebab08d24031caa95c4290b28f66e71bbe418e5,SUI,0.5276512394258491
0x3ebab08d24031caa95c4290b28f66e71bbe418e5,ONDO,0.4779471387235752
0x3ebab08d24031caa95c4290b28f66e71bbe418e5,ZETA,0.5281873368865976
0x3ebab08d24031caa95c4290b28f66e71bbe418e5,APT,0.5383424816529649
0x3ebab08d24031caa95c4290b28f66e71bbe418e5,STRK,0.5406537060308171
0x3ebab08d24031caa95c4290b28f66e71bbe418e5,TIA,0.561005788812778
0x3ebab08d24031caa95c4290b28f66e71bbe418e5,TAO,0.5325491526853066
0x3ebab08d24031caa95c4290b28f66e71bbe418e5,BONK,0.4839760902365877
0x3ebab08d24031caa95c4290b28f66e71bbe418e5,BLUR,0.4796414474060628
0x3ebab08d24031caa95c4290b28f66e71bbe418e5,SEI,0.5345170382948828
0x3ebab08d24031caa95c4290b28f66e71bbe418e5,ZK,0.4901167983204805
0x3ebab08d24031caa95c4290b28f66e71bbe418e5,PEPE,0.5630455749106422
0x3ebab08d24031caa95c4290b28f66e71bbe418e5,BERA,0.5135051447227844
0x3ebab08d24031caa95c4290b28f66e71bbe418e5,TURBO,0.484152195847051
0x3ebab08d24031caa95c4290b28f66e71bbe418e5,ORDI,0.5187445356445335
0x3ebab08d24031caa95c4290b28f66e71bbe418e5,ZRO,0.4963740678115824
0x3ebab08d24031caa95c4290b28f66e71bbe418e5,MNT,0.5621054137378643
0x3ebab08d24031caa95c4290b28f66e71bbe418e5,LINEA,0.5142285245652753
0x3ebab08d24031caa95c4290b28f66e71bbe418e5,PYTH,0.4942657958658038
0x3ebab08d24031caa95c4290b28f66e71bbe418e5,MEME,0.5232001441581754
0x3ebab08d24031caa95c4290b28f66e71bbe418e5,POL,0.5022629882656349
0x3ebab08d24031caa95c4290b28f66e71bbe418e5,JTO,0.4784601723477871
0x3ebab08d24031caa95c4290b28f66e71bbe418e5,WIF,0.5468370802899049
0x3ebab08d24031caa95c4290b28f66e71bbe418e5,POPCAT,0.5062170545370671
0x3ebab08d24031caa95c4290b28f66e71bbe418e5,NOT,0.512685881218142
0x3ebab08d24031caa95c4290b28f66e71bbe418e5,DYM,0.4245496013497113
0x3ebab08d24031caa95c4290b28f66e71bbe418e5,XAI,0.5083271795270743
0x3ebab08d24031caa95c4290b28f66e71bbe418e5,ALT,0.4955838179181855
0x3ebab08d24031caa95c4290b28f66e71bbe418e5,JUP,0.5428826443705315
0x3ebab08d24031caa95c4290b28f66e71bbe418e5,AERO,0.5410590125611154
0x3ebab08d24031caa95c4290b28f66e71bbe418e5,VIRTUAL,0.531526359910734
0x3ebab08d24031caa95c4290b28f66e71bbe418e5,W,0.5258036938147634
0x3ebab08d24031caa95c4290b28f66e71bbe418e5,BRETT,0.5151401056668303
0x3ebab08d24031caa95c4290b28f66e71bbe418e5,ETHFI,0.4687886639521483
0x3ebab08d24031caa95c4290b28f66e71bbe418e5,IO,0.5463079486149693
0x3ebab08d24031caa95c4290b28f66e71bbe418e5,BOME,0.4387676725629683
0x3ebab08d24031caa95c4290b28f66e71bbe418e5,sENA,0.5396435766326995
0x3ebab08d24031caa95c4290b28f66e71bbe418e5,TNSR,0.4802540660506101
0x3ebab08d24031caa95c4290b28f66e71bbe418e5,EIGEN,0.5085518239793233
0x3ebab08d24031caa95c4290b28f66e71bbe418e5,MON,0.4927476417987382
0x3ebab08d24031caa95c4290b28f66e71bbe418e5,MERL,0.486804183839751
0x3ebab08d24031caa95c4290b28f66e71bbe418e5,REZ,0.4366617739156716
0x3ebab08d24031caa95c4290b28f66e71bbe418e5,SOPH,0.479214363226737
0x3ebab08d24031caa95c4290b28f66e71bbe418e5,HYPE,0.5238467366283608
0x3ebab08d24031caa95c4290b28f66e71bbe418e5,ME,0.4693906863581701
0x3ebab08d24031caa95c4290b28f66e71bbe418e5,BABY,0.4060937332955601
0x3ebab08d24031caa95c4290b28f66e71bbe418e5,MOVE,0.5631127072227605
0x3ebab08d24031caa95c4290b28f66e71bbe418e5,NEIRO,0.4743201388820086
0x3ebab08d24031caa95c4290b28f66e71bbe418e5,S,0.5631489266306426
0x3ebab08d24031caa95c4290b28f66e71bbe418e5,GRASS,0.5665530373069677
0x3ebab08d24031caa95c4290b28f66e71bbe418e5,SKY,0.5489102964817462
0x3ebab08d24031caa95c4290b28f66e71bbe418e5,INIT,0.4709954219741881
0x3ebab08d24031caa95c4290b28f66e71bbe418e5,WCT,0.5365486886245073
0x3ebab08d24031caa95c4290b28f66e71bbe418e5,WLFI,0.517691838862441
0x3ebab08d24031caa95c4290b28f66e71bbe418e5,GOAT,0.4308314543115808
0x3ebab08d24031caa95c4290b28f66e71bbe418e5,FARTCOIN,0.4784843385586571
0x3ebab08d24031caa95c4290b28f66e71bbe418e5,PNUT,0.4656700713275977
0x3ebab08d24031caa95c4290b28f66e71bbe418e5,SYRUP,0.5063161120346719
0x3ebab08d24031caa95c4290b28f66e71bbe418e5,USUAL,0.4620100589420102
0x3ebab08d24031caa95c4290b28f66e71bbe418e5,AIXBT,0.4495161491860204
0x3ebab08d24031caa95c4290b28f66e71bbe418e5,MORPHO,0.5056040255372316
0x3ebab08d24031caa95c4290b28f66e71bbe418e5,PENGU,0.4963158913321572
0x3ebab08d24031caa95c4290b28f66e71bbe418e5,GRIFFAIN,0.4782779982018169
0x3ebab08d24031caa95c4290b28f66e71bbe418e5,BIO,0.4521661140743827
0x3ebab08d24031caa95c4290b28f66e71bbe418e5,ANIME,0.4762906837689838
0x3ebab08d24031caa95c4290b28f66e71bbe418e5,TRUMP,0.547805875382547
0x3ebab08d24031caa95c4290b28f66e71bbe418e5,MELANIA,0.4903243707061705
0x3ebab08d24031caa95c4290b28f66e71bbe418e5,VINE,0.4979014062486409
0x3ebab08d24031caa95c4290b28f66e71bbe418e5,LAYER,0.5697532676406564
0x3ebab08d24031caa95c4290b28f66e71bbe418e5,VVV,0.498517051898982
0x3ebab08d24031caa95c4290b28f66e71bbe418e5,IP,0.5627696085530641
0x3ebab08d24031caa95c4290b28f66e71bbe418e5,NIL,0.3680909491068233
0x3ebab08d24031caa95c4290b28f66e71bbe418e5,KAITO,0.4725489953686732
0x3ebab08d24031caa95c4290b28f66e71bbe418e5,ZORA,0.5069309881752799
0x3ebab08d24031caa95c4290b28f66e71bbe418e5,HYPER,0.4781723882322716
0x3ebab08d24031caa95c4290b28f66e71bbe418e5,ASTER,0.5582809735674396
0x3ebab08d24031caa95c4290b28f66e71bbe418e5,PUMP,0.482610351232624
0x3ebab08d24031caa95c4290b28f66e71bbe418e5,XPL,0.5210258878720454
0x3ebab08d24031caa95c4290b28f66e71bbe418e5,CC,0.4524432911993352
0x3ebab08d24031caa95c4290b28f66e71bbe418e5,PROVE,0.4913805725632229
0x3ebab08d24031caa95c4290b28f66e71bbe418e5,HEMI,0.4172998968438183
0x3ebab08d24031caa95c4290b28f66e71bbe418e5,AVNT,0.4420224058242339
0x3ebab08d24031caa95c4290b28f66e71bbe418e5,0G,0.4881656410984041
0x3ebab08d24031caa95c4290b28f66e71bbe418e5,2Z,0.4966475868731826
0x3ebab08d24031caa95c4290b28f66e71bbe418e5,LIT,0.4840075277691278
0x3ed9f0b565551387c431447601a116eb6d2af4a1,SKY,0.7136241026892723
0x3ed9f0b565551387c431447601a116eb6d2af4a1,TRX,0.8329979677795153
0x3ed9f0b565551387c431447601a116eb6d2af4a1,XLM,0.5029779972420929
0x3ed9f0b565551387c431447601a116eb6d2af4a1,XMR,0.8606985128342219
0x3ed9f0b565551387c431447601a116eb6d2af4a1,XRP,0.7358136019595625
0x3ed9f0b565551387c431447601a116eb6d2af4a1,ZEC,0.8719272537188085
0x3ed9f0b565551387c431447601a116eb6d2af4a1,BCH,0.8372148178347837
0x3ed9f0b565551387c431447601a116eb6d2af4a1,BTC,1.0
0x3ed9f0b565551387c431447601a116eb6d2af4a1,DOGE,0.5660508612424648
0x3ed9f0b565551387c431447601a116eb6d2af4a1,ETC,0.5819668520669253
0x3ed9f0b565551387c431447601a116eb6d2af4a1,LTC,0.8112520463020829
0x3ed9f0b565551387c431447601a116eb6d2af4a1,ETH,0.936331268330292
0x3ed9f0b565551387c431447601a116eb6d2af4a1,ADA,0.4132327683706741
0x3ed9f0b565551387c431447601a116eb6d2af4a1,LINK,0.6309169906924361
0x3ed9f0b565551387c431447601a116eb6d2af4a1,S,0.0350667780677543
0x3ed9f0b565551387c431447601a116eb6d2af4a1,ATOM,0.4637703575951074
0x3ed9f0b565551387c431447601a116eb6d2af4a1,SNX,0.2797866034380557
0x3ed9f0b565551387c431447601a116eb6d2af4a1,RSR,0.2805886435859587
0x3ed9f0b565551387c431447601a116eb6d2af4a1,ALGO,0.4724405093455618
0x3ed9f0b565551387c431447601a116eb6d2af4a1,RUNE,0.4573371086917584
0x3ed9f0b565551387c431447601a116eb6d2af4a1,TRB,0.5562259290353018
0x3ed9f0b565551387c431447601a116eb6d2af4a1,SOL,0.8016861558965538
0x3ed9f0b565551387c431447601a116eb6d2af4a1,UMA,0.4427977468250839
0x3ed9f0b565551387c431447601a116eb6d2af4a1,PAXG,0.946495172172497
0x3ed9f0b565551387c431447601a116eb6d2af4a1,COMP,0.5770809398341739
0x3ed9f0b565551387c431447601a116eb6d2af4a1,AVAX,0.552218291295665
0x3ed9f0b565551387c431447601a116eb6d2af4a1,SAND,0.3337449034300389
0x3ed9f0b565551387c431447601a116eb6d2af4a1,CRV,0.5144191094886725
0x3ed9f0b565551387c431447601a116eb6d2af4a1,LAYER,0.2281101630991794
0x3ed9f0b565551387c431447601a116eb6d2af4a1,DOT,0.279145019003452
0x3ed9f0b565551387c431447601a116eb6d2af4a1,SUSHI,0.439251508668155
0x3ed9f0b565551387c431447601a116eb6d2af4a1,UNI,0.5581480597345865
0x3ed9f0b565551387c431447601a116eb6d2af4a1,AAVE,0.6615579522584648
0x3ed9f0b565551387c431447601a116eb6d2af4a1,NEAR,0.410163546214315
0x3ed9f0b565551387c431447601a116eb6d2af4a1,FIL,0.5233765556440685
0x3ed9f0b565551387c431447601a116eb6d2af4a1,AXS,0.304138857372931
0x3ed9f0b565551387c431447601a116eb6d2af4a1,INJ,0.4452151921519751
0x3ed9f0b565551387c431447601a116eb6d2af4a1,ZORA,0.1587558036301019
0x3ed9f0b565551387c431447601a116eb6d2af4a1,CELO,0.3394780361341259
0x3ed9f0b565551387c431447601a116eb6d2af4a1,LIT,0.6886395030402841
0x3ed9f0b565551387c431447601a116eb6d2af4a1,SHIB,0.4955101308530647
0x3ed9f0b565551387c431447601a116eb6d2af4a1,ICP,0.4473892120950944
0x3ed9f0b565551387c431447601a116eb6d2af4a1,RENDER,0.4706975502191514
0x3ed9f0b565551387c431447601a116eb6d2af4a1,LDO,0.3235700323325415
0x3ed9f0b565551387c431447601a116eb6d2af4a1,GALA,0.2755430505003363
0x3ed9f0b565551387c431447601a116eb6d2af4a1,FET,0.2188346367379806
0x3ed9f0b565551387c431447601a116eb6d2af4a1,ENS,0.4248838677933137
0x3ed9f0b565551387c431447601a116eb6d2af4a1,IMX,0.2851770094142561
0x3ed9f0b565551387c431447601a116eb6d2af4a1,PEOPLE,0.1770925180371116
0x3ed9f0b565551387c431447601a116eb6d2af4a1,GMT,0.1795510011643768
0x3ed9f0b565551387c431447601a116eb6d2af4a1,FLOKI,0.2591533815356124
0x3ed9f0b565551387c431447601a116eb6d2af4a1,POL,0.366915426666464
0x3ed9f0b565551387c431447601a116eb6d2af4a1,APE,0.2732840343287011
0x3ed9f0b565551387c431447601a116eb6d2af4a1,GMX,0.4478079347495994
0x3ed9f0b565551387c431447601a116eb6d2af4a1,BLUR,0.2819349337777456
0x3ed9f0b565551387c431447601a116eb6d2af4a1,PENDLE,0.6346093794470655
0x3ed9f0b565551387c431447601a116eb6d2af4a1,MINA,0.2741420432413842
0x3ed9f0b565551387c431447601a116eb6d2af4a1,LUNC,0.5595588421558644
0x3ed9f0b565551387c431447601a116eb6d2af4a1,MEME,0.1331999828338612
0x3ed9f0b565551387c431447601a116eb6d2af4a1,OP,0.4195831072081987
0x3ed9f0b565551387c431447601a116eb6d2af4a1,ZEN,0.2987166225145234
0x3ed9f0b565551387c431447601a116eb6d2af4a1,STRK,0.2648287573354695
0x3ed9f0b565551387c431447601a116eb6d2af4a1,STX,0.2626444853928378
0x3ed9f0b565551387c431447601a116eb6d2af4a1,CFX,0.4144712933582838
0x3ed9f0b565551387c431447601a116eb6d2af4a1,CAKE,0.67533044071975
0x3ed9f0b565551387c431447601a116eb6d2af4a1,DASH,0.5096646255054846
0x3ed9f0b565551387c431447601a116eb6d2af4a1,BSV,0.5293504911274011
0x3ed9f0b565551387c431447601a116eb6d2af4a1,AR,0.2733600302553194
0x3ed9f0b565551387c431447601a116eb6d2af4a1,APT,0.3741994723200483
0x3ed9f0b565551387c431447601a116eb6d2af4a1,ALT,0.2528893502288669
0x3ed9f0b565551387c431447601a116eb6d2af4a1,BNB,0.9671370963535962
0x3ed9f0b565551387c431447601a116eb6d2af4a1,BONK,0.2330255796328532
0x3ed9f0b565551387c431447601a116eb6d2af4a1,BABY,0.1751179650496223
0x3ed9f0b565551387c431447601a116eb6d2af4a1,HBAR,0.4708469790725099
0x3ed9f0b565551387c431447601a116eb6d2af4a1,KAS,0.2703349155387232
0x3ed9f0b565551387c431447601a116eb6d2af4a1,PEPE,0.4148114570862923
0x3ed9f0b565551387c431447601a116eb6d2af4a1,ORDI,0.3343071540777179
0x3ed9f0b565551387c431447601a116eb6d2af4a1,SUI,0.599779820429076
0x3ed9f0b565551387c431447601a116eb6d2af4a1,MNT,0.4611919797177303
0x3ed9f0b565551387c431447601a116eb6d2af4a1,IOTA,0.2993104636258163
0x3ed9f0b565551387c431447601a116eb6d2af4a1,TURBO,0.2085439538087817
0x3ed9f0b565551387c431447601a116eb6d2af4a1,TIA,0.2939149316498596
0x3ed9f0b565551387c431447601a116eb6d2af4a1,SEI,0.2635915436501231
0x3ed9f0b565551387c431447601a116eb6d2af4a1,TAO,0.5205840778698968
0x3ed9f0b565551387c431447601a116eb6d2af4a1,JTO,0.2939657744148835
0x3ed9f0b565551387c431447601a116eb6d2af4a1,PYTH,0.3556964013395549
0x3ed9f0b565551387c431447601a116eb6d2af4a1,MANTA,0.3768479452638593
0x3ed9f0b565551387c431447601a116eb6d2af4a1,ONDO,0.4723694010001064
0x3ed9f0b565551387c431447601a116eb6d2af4a1,WIF,0.272714869541816
0x3ed9f0b565551387c431447601a116eb6d2af4a1,XAI,0.0
0x3ed9f0b565551387c431447601a116eb6d2af4a1,ZETA,0.276838795950341
0x3ed9f0b565551387c431447601a116eb6d2af4a1,JUP,0.4464072255138889
0x3ed9f0b565551387c431447601a116eb6d2af4a1,DYM,0.0185767572269891
0x3ed9f0b565551387c431447601a116eb6d2af4a1,TRUMP,0.2208859307101923
0x3ed9f0b565551387c431447601a116eb6d2af4a1,APEX,0.2015089363759122
0x3ed9f0b565551387c431447601a116eb6d2af4a1,ARB,0.3101371711574299
0x3ed9f0b565551387c431447601a116eb6d2af4a1,BOME,0.0137139566966269
0x3ed9f0b565551387c431447601a116eb6d2af4a1,HYPER,0.25606466865925
0x3ed9f0b565551387c431447601a116eb6d2af4a1,ETHFI,0.4485442309703965
0x3ed9f0b565551387c431447601a116eb6d2af4a1,BRETT,0.2182718496484667
0x3ed9f0b565551387c431447601a116eb6d2af4a1,W,0.1967549888345592
0x3ed9f0b565551387c431447601a116eb6d2af4a1,GOAT,0.0726515992076158
0x3ed9f0b565551387c431447601a116eb6d2af4a1,POPCAT,0.2671396295511501
0x3ed9f0b565551387c431447601a116eb6d2af4a1,MERL,0.3605625248290613
0x3ed9f0b565551387c431447601a116eb6d2af4a1,ZK,0.2716527743132576
0x3ed9f0b565551387c431447601a116eb6d2af4a1,TNSR,0.2269797609436369
0x3ed9f0b565551387c431447601a116eb6d2af4a1,AERO,0.3570378635548272
0x3ed9f0b565551387c431447601a116eb6d2af4a1,REZ,0.1216772569225583
0x3ed9f0b565551387c431447601a116eb6d2af4a1,NOT,0.2344948938187893
0x3ed9f0b565551387c431447601a116eb6d2af4a1,MON,0.2591082012121797
0x3ed9f0b565551387c431447601a116eb6d2af4a1,VIRTUAL,0.6116316683072847
0x3ed9f0b565551387c431447601a116eb6d2af4a1,IO,0.231992243647113
0x3ed9f0b565551387c431447601a116eb6d2af4a1,ZRO,0.3021198691201132
0x3ed9f0b565551387c431447601a116eb6d2af4a1,WLD,0.2616080201630604
0x3ed9f0b565551387c431447601a116eb6d2af4a1,NEIRO,0.0533911617631412
0x3ed9f0b565551387c431447601a116eb6d2af4a1,EIGEN,0.2228299065130893
0x3ed9f0b565551387c431447601a116eb6d2af4a1,MOVE,0.0303623843409052
0x3ed9f0b565551387c431447601a116eb6d2af4a1,FARTCOIN,0.3112344331285019
0x3ed9f0b565551387c431447601a116eb6d2af4a1,GRASS,0.2275081263487414
0x3ed9f0b565551387c431447601a116eb6d2af4a1,PNUT,0.2006771237061693
0x3ed9f0b565551387c431447601a116eb6d2af4a1,USUAL,0.0253255233362629
0x3ed9f0b565551387c431447601a116eb6d2af4a1,MORPHO,0.7879565231774165
0x3ed9f0b565551387c431447601a116eb6d2af4a1,AIXBT,0.1590672230164541
0x3ed9f0b565551387c431447601a116eb6d2af4a1,HYPE,0.8952818450499681
0x3ed9f0b565551387c431447601a116eb6d2af4a1,ME,0.2262899265462116
0x3ed9f0b565551387c431447601a116eb6d2af4a1,PENGU,0.3845512500137836
0x3ed9f0b565551387c431447601a116eb6d2af4a1,sENA,0.223967252610162
0x3ed9f0b565551387c431447601a116eb6d2af4a1,BIO,0.1672228823437024
0x3ed9f0b565551387c431447601a116eb6d2af4a1,GRIFFAIN,0.0215938923712904
0x3ed9f0b565551387c431447601a116eb6d2af4a1,MELANIA,0.251577213500572
0x3ed9f0b565551387c431447601a116eb6d2af4a1,VINE,0.2591036116542585
0x3ed9f0b565551387c431447601a116eb6d2af4a1,ANIME,0.2862880996637403
0x3ed9f0b565551387c431447601a116eb6d2af4a1,VVV,0.5040963592586731
0x3ed9f0b565551387c431447601a116eb6d2af4a1,SYRUP,0.5578893159561942
0x3ed9f0b565551387c431447601a116eb6d2af4a1,BERA,0.1373033754410371
0x3ed9f0b565551387c431447601a116eb6d2af4a1,IP,0.0635927506442517
0x3ed9f0b565551387c431447601a116eb6d2af4a1,KAITO,0.4610305107254094
0x3ed9f0b565551387c431447601a116eb6d2af4a1,NIL,0.1659754166588435
0x3ed9f0b565551387c431447601a116eb6d2af4a1,WCT,0.2498960792956399
0x3ed9f0b565551387c431447601a116eb6d2af4a1,PUMP,0.5341986736177607
0x3ed9f0b565551387c431447601a116eb6d2af4a1,INIT,0.2506026178957592
0x3ed9f0b565551387c431447601a116eb6d2af4a1,SOPH,0.2439354952535328
0x3ed9f0b565551387c431447601a116eb6d2af4a1,PROVE,0.2300595331227501
0x3ed9f0b565551387c431447601a116eb6d2af4a1,WLFI,0.3987127184100579
0x3ed9f0b565551387c431447601a116eb6d2af4a1,0G,0.1224199904453748
0x3ed9f0b565551387c431447601a116eb6d2af4a1,ASTER,0.7153837511172146
0x3ed9f0b565551387c431447601a116eb6d2af4a1,AVNT,0.0887092851823142
0x3ed9f0b565551387c431447601a116eb6d2af4a1,LINEA,0.2731300159174213
0x3ed9f0b565551387c431447601a116eb6d2af4a1,HEMI,0.1100449031618179
0x3ed9f0b565551387c431447601a116eb6d2af4a1,XPL,0.2484701870960108
0x3ed9f0b565551387c431447601a116eb6d2af4a1,2Z,0.3228377892278307
0x3ed9f0b565551387c431447601a116eb6d2af4a1,CC,0.1664470384387396
0x49451c6af70feef6ef29b8c78bc17d4bdaf9fdaa,SKY,0.5348988
0x49451c6af70feef6ef29b8c78bc17d4bdaf9fdaa,TRX,0.58798015
0x49451c6af70feef6ef29b8c78bc17d4bdaf9fdaa,XLM,0.49986327
0x49451c6af70feef6ef29b8c78bc17d4bdaf9fdaa,XMR,0.55631465
0x49451c6af70feef6ef29b8c78bc17d4bdaf9fdaa,XRP,0.5626965
0x49451c6af70feef6ef29b8c78bc17d4bdaf9fdaa,ZEC,0.5181882
0x49451c6af70feef6ef29b8c78bc17d4bdaf9fdaa,BCH,0.47763908
0x49451c6af70feef6ef29b8c78bc17d4bdaf9fdaa,BTC,0.5306252
0x49451c6af70feef6ef29b8c78bc17d4bdaf9fdaa,DOGE,0.5168378
0x49451c6af70feef6ef29b8c78bc17d4bdaf9fdaa,ETC,0.54095864
0x49451c6af70feef6ef29b8c78bc17d4bdaf9fdaa,LTC,0.6068482
0x49451c6af70feef6ef29b8c78bc17d4bdaf9fdaa,ETH,0.58978915
0x49451c6af70feef6ef29b8c78bc17d4bdaf9fdaa,ADA,0.49282473
0x49451c6af70feef6ef29b8c78bc17d4bdaf9fdaa,LINK,0.5663132
0x49451c6af70feef6ef29b8c78bc17d4bdaf9fdaa,S,0.5219892
0x49451c6af70feef6ef29b8c78bc17d4bdaf9fdaa,ATOM,0.49062565
0x49451c6af70feef6ef29b8c78bc17d4bdaf9fdaa,SNX,0.5093232
0x49451c6af70feef6ef29b8c78bc17d4bdaf9fdaa,RSR,0.5379306
0x49451c6af70feef6ef29b8c78bc17d4bdaf9fdaa,ALGO,0.55627877
0x49451c6af70feef6ef29b8c78bc17d4bdaf9fdaa,RUNE,0.5299881
0x49451c6af70feef6ef29b8c78bc17d4bdaf9fdaa,TRB,0.5189811
0x49451c6af70feef6ef29b8c78bc17d4bdaf9fdaa,SOL,0.57773644
0x49451c6af70feef6ef29b8c78bc17d4bdaf9fdaa,UMA,0.50455654
0x49451c6af70feef6ef29b8c78bc17d4bdaf9fdaa,PAXG,0.6376474
0x49451c6af70feef6ef29b8c78bc17d4bdaf9fdaa,COMP,0.5515716
0x49451c6af70feef6ef29b8c78bc17d4bdaf9fdaa,AVAX,0.5460614
0x49451c6af70feef6ef29b8c78bc17d4bdaf9fdaa,SAND,0.51405555
0x49451c6af70feef6ef29b8c78bc17d4bdaf9fdaa,CRV,0.5377781
0x49451c6af70feef6ef29b8c78bc17d4bdaf9fdaa,LAYER,0.48082715
0x49451c6af70feef6ef29b8c78bc17d4bdaf9fdaa,DOT,0.5661179
0x49451c6af70feef6ef29b8c78bc17d4bdaf9fdaa,SUSHI,0.5406054
0x49451c6af70feef6ef29b8c78bc17d4bdaf9fdaa,UNI,0.49053496
0x49451c6af70feef6ef29b8c78bc17d4bdaf9fdaa,AAVE,0.47381768
0x49451c6af70feef6ef29b8c78bc17d4bdaf9fdaa,NEAR,0.46191305
0x49451c6af70feef6ef29b8c78bc17d4bdaf9fdaa,FIL,0.4986654
0x49451c6af70feef6ef29b8c78bc17d4bdaf9fdaa,AXS,0.4724673
0x49451c6af70feef6ef29b8c78bc17d4bdaf9fdaa,INJ,0.52333033
0x49451c6af70feef6ef29b8c78bc17d4bdaf9fdaa,ZORA,0.49897537
0x49451c6af70feef6ef29b8c78bc17d4bdaf9fdaa,CELO,0.51486087
0x49451c6af70feef6ef29b8c78bc17d4bdaf9fdaa,LIT,0.41181654
0x49451c6af70feef6ef29b8c78bc17d4bdaf9fdaa,SHIB,0.39981994
0x49451c6af70feef6ef29b8c78bc17d4bdaf9fdaa,ICP,0.54993427
0x49451c6af70feef6ef29b8c78bc17d4bdaf9fdaa,RENDER,0.5320933
0x49451c6af70feef6ef29b8c78bc17d4bdaf9fdaa,LDO,0.48991862
0x49451c6af70feef6ef29b8c78bc17d4bdaf9fdaa,GALA,0.49158415
0x49451c6af70feef6ef29b8c78bc17d4bdaf9fdaa,FET,0.47682804
0x49451c6af70feef6ef29b8c78bc17d4bdaf9fdaa,ENS,0.51999587
0x49451c6af70feef6ef29b8c78bc17d4bdaf9fdaa,IMX,0.5081175
0x49451c6af70feef6ef29b8c78bc17d4bdaf9fdaa,PEOPLE,0.39627227
0x49451c6af70feef6ef29b8c78bc17d4bdaf9fdaa,GMT,0.4997658
0x49451c6af70feef6ef29b8c78bc17d4bdaf9fdaa,FLOKI,0.51541674
0x49451c6af70feef6ef29b8c78bc17d4bdaf9fdaa,POL,0.5012781
0x49451c6af70feef6ef29b8c78bc17d4bdaf9fdaa,APE,0.4790138
0x49451c6af70feef6ef29b8c78bc17d4bdaf9fdaa,GMX,0.50752646
0x49451c6af70feef6ef29b8c78bc17d4bdaf9fdaa,BLUR,0.48268235
0x49451c6af70feef6ef29b8c78bc17d4bdaf9fdaa,PENDLE,0.55151975
0x49451c6af70feef6ef29b8c78bc17d4bdaf9fdaa,LUNC,0.5387768
0x49451c6af70feef6ef29b8c78bc17d4bdaf9fdaa,MINA,0.5240106
0x49451c6af70feef6ef29b8c78bc17d4bdaf9fdaa,MEME,0.5512405
0x49451c6af70feef6ef29b8c78bc17d4bdaf9fdaa,OP,0.5402731
0x49451c6af70feef6ef29b8c78bc17d4bdaf9fdaa,ZEN,0.5426575
0x49451c6af70feef6ef29b8c78bc17d4bdaf9fdaa,STRK,0.47256154
0x49451c6af70feef6ef29b8c78bc17d4bdaf9fdaa,STX,0.52656895
0x49451c6af70feef6ef29b8c78bc17d4bdaf9fdaa,CFX,0.5308512
0x49451c6af70feef6ef29b8c78bc17d4bdaf9fdaa,CAKE,0.6021009
0x49451c6af70feef6ef29b8c78bc17d4bdaf9fdaa,DASH,0.5328306
0x49451c6af70feef6ef29b8c78bc17d4bdaf9fdaa,BSV,0.55494684
0x49451c6af70feef6ef29b8c78bc17d4bdaf9fdaa,AR,0.51162225
0x49451c6af70feef6ef29b8c78bc17d4bdaf9fdaa,APT,0.49869666
0x49451c6af70feef6ef29b8c78bc17d4bdaf9fdaa,ALT,0.4789508
0x49451c6af70feef6ef29b8c78bc17d4bdaf9fdaa,BNB,0.59930354
0x49451c6af70feef6ef29b8c78bc17d4bdaf9fdaa,BONK,0.5109878
0x49451c6af70feef6ef29b8c78bc17d4bdaf9fdaa,BABY,0.5151436
0x49451c6af70feef6ef29b8c78bc17d4bdaf9fdaa,HBAR,0.5230246
0x49451c6af70feef6ef29b8c78bc17d4bdaf9fdaa,KAS,0.54683775
0x49451c6af70feef6ef29b8c78bc17d4bdaf9fdaa,PEPE,0.54376143
0x49451c6af70feef6ef29b8c78bc17d4bdaf9fdaa,ORDI,0.5322333
0x49451c6af70feef6ef29b8c78bc17d4bdaf9fdaa,SUI,0.52097577
0x49451c6af70feef6ef29b8c78bc17d4bdaf9fdaa,MNT,0.5142432
0x49451c6af70feef6ef29b8c78bc17d4bdaf9fdaa,IOTA,0.507347
0x49451c6af70feef6ef29b8c78bc17d4bdaf9fdaa,TURBO,0.5053535
0x49451c6af70feef6ef29b8c78bc17d4bdaf9fdaa,TIA,0.45938873
0x49451c6af70feef6ef29b8c78bc17d4bdaf9fdaa,SEI,0.4788495
0x49451c6af70feef6ef29b8c78bc17d4bdaf9fdaa,TAO,0.4994015
0x49451c6af70feef6ef29b8c78bc17d4bdaf9fdaa,JTO,0.43010876
0x49451c6af70feef6ef29b8c78bc17d4bdaf9fdaa,PYTH,0.4566482
0x49451c6af70feef6ef29b8c78bc17d4bdaf9fdaa,MANTA,0.4445597
0x49451c6af70feef6ef29b8c78bc17d4bdaf9fdaa,ONDO,0.54985774
0x49451c6af70feef6ef29b8c78bc17d4bdaf9fdaa,WIF,0.4451252
0x49451c6af70feef6ef29b8c78bc17d4bdaf9fdaa,XAI,0.54149204
0x49451c6af70feef6ef29b8c78bc17d4bdaf9fdaa,ZETA,0.5045583
0x49451c6af70feef6ef29b8c78bc17d4bdaf9fdaa,JUP,0.44342616
0x49451c6af70feef6ef29b8c78bc17d4bdaf9fdaa,DYM,0.4880115
0x49451c6af70feef6ef29b8c78bc17d4bdaf9fdaa,TRUMP,0.53909194
0x49451c6af70feef6ef29b8c78bc17d4bdaf9fdaa,APEX,0.5145451
0x49451c6af70feef6ef29b8c78bc17d4bdaf9fdaa,ARB,0.5407474
0x49451c6af70feef6ef29b8c78bc17d4bdaf9fdaa,BOME,0.42558694
0x49451c6af70feef6ef29b8c78bc17d4bdaf9fdaa,HYPER,0.47780654
0x49451c6af70feef6ef29b8c78bc17d4bdaf9fdaa,ETHFI,0.50677323
0x49451c6af70feef6ef29b8c78bc17d4bdaf9fdaa,BRETT,0.4887373
0x49451c6af70feef6ef29b8c78bc17d4bdaf9fdaa,W,0.50556105
0x49451c6af70feef6ef29b8c78bc17d4bdaf9fdaa,GOAT,0.51785976
0x49451c6af70feef6ef29b8c78bc17d4bdaf9fdaa,POPCAT,0.48246765
0x49451c6af70feef6ef29b8c78bc17d4bdaf9fdaa,MERL,0.43972874
0x49451c6af70feef6ef29b8c78bc17d4bdaf9fdaa,ZK,0.49684453
0x49451c6af70feef6ef29b8c78bc17d4bdaf9fdaa,TNSR,0.47828296
0x49451c6af70feef6ef29b8c78bc17d4bdaf9fdaa,AERO,0.42338118
0x49451c6af70feef6ef29b8c78bc17d4bdaf9fdaa,REZ,0.45098725
0x49451c6af70feef6ef29b8c78bc17d4bdaf9fdaa,NOT,0.4934892
0x49451c6af70feef6ef29b8c78bc17d4bdaf9fdaa,MON,0.50817555
0x49451c6af70feef6ef29b8c78bc17d4bdaf9fdaa,VIRTUAL,0.5393415
0x49451c6af70feef6ef29b8c78bc17d4bdaf9fdaa,IO,0.47070783
0x49451c6af70feef6ef29b8c78bc17d4bdaf9fdaa,ZRO,0.471268
0x49451c6af70feef6ef29b8c78bc17d4bdaf9fdaa,WLD,0.45285243
0x49451c6af70feef6ef29b8c78bc17d4bdaf9fdaa,NEIRO,0.5053882
0x49451c6af70feef6ef29b8c78bc17d4bdaf9fdaa,EIGEN,0.427261
0x49451c6af70feef6ef29b8c78bc17d4bdaf9fdaa,MOVE,0.51390797
0x49451c6af70feef6ef29b8c78bc17d4bdaf9fdaa,FARTCOIN,0.44028354
0x49451c6af70feef6ef29b8c78bc17d4bdaf9fdaa,GRASS,0.3723756
0x49451c6af70feef6ef29b8c78bc17d4bdaf9fdaa,PNUT,0.48851597
0x49451c6af70feef6ef29b8c78bc17d4bdaf9fdaa,USUAL,0.52537435
0x49451c6af70feef6ef29b8c78bc17d4bdaf9fdaa,MORPHO,0.5296507
0x49451c6af70feef6ef29b8c78bc17d4bdaf9fdaa,AIXBT,0.51674914
0x49451c6af70feef6ef29b8c78bc17d4bdaf9fdaa,HYPE,0.5031714
0x49451c6af70feef6ef29b8c78bc17d4bdaf9fdaa,ME,0.48826566
0x49451c6af70feef6ef29b8c78bc17d4bdaf9fdaa,PENGU,0.5137661
0x49451c6af70feef6ef29b8c78bc17d4bdaf9fdaa,sENA,0.4279109
0x49451c6af70feef6ef29b8c78bc17d4bdaf9fdaa,BIO,0.5026263
0x49451c6af70feef6ef29b8c78bc17d4bdaf9fdaa,GRIFFAIN,0.47753337
0x49451c6af70feef6ef29b8c78bc17d4bdaf9fdaa,MELANIA,0.54920137
0x49451c6af70feef6ef29b8c78bc17d4bdaf9fdaa,VINE,0.4904366
0x49451c6af70feef6ef29b8c78bc17d4bdaf9fdaa,ANIME,0.526531
0x49451c6af70feef6ef29b8c78bc17d4bdaf9fdaa,VVV,0.40927014
0x49451c6af70feef6ef29b8c78bc17d4bdaf9fdaa,SYRUP,0.45161784
0x49451c6af70feef6ef29b8c78bc17d4bdaf9fdaa,BERA,0.47797647
0x49451c6af70feef6ef29b8c78bc17d4bdaf9fdaa,IP,0.5777587
0x49451c6af70feef6ef29b8c78bc17d4bdaf9fdaa,KAITO,0.4110217
0x49451c6af70feef6ef29b8c78bc17d4bdaf9fdaa,NIL,0.49560368
0x49451c6af70feef6ef29b8c78bc17d4bdaf9fdaa,WCT,0.51902556
0x49451c6af70feef6ef29b8c78bc17d4bdaf9fdaa,PUMP,0.45664707
0x49451c6af70feef6ef29b8c78bc17d4bdaf9fdaa,INIT,0.5131265
0x49451c6af70feef6ef29b8c78bc17d4bdaf9fdaa,SOPH,0.5195353
0x49451c6af70feef6ef29b8c78bc17d4bdaf9fdaa,PROVE,0.5296464
0x49451c6af70feef6ef29b8c78bc17d4bdaf9fdaa,WLFI,0.49970904
0x49451c6af70feef6ef29b8c78bc17d4bdaf9fdaa,0G,0.466726
0x49451c6af70feef6ef29b8c78bc17d4bdaf9fdaa,AVNT,0.49179035
0x49451c6af70feef6ef29b8c78bc17d4bdaf9fdaa,ASTER,0.5930306
0x49451c6af70feef6ef29b8c78bc17d4bdaf9fdaa,LINEA,0.5283283
0x49451c6af70feef6ef29b8c78bc17d4bdaf9fdaa,HEMI,0.51813865
0x49451c6af70feef6ef29b8c78bc17d4bdaf9fdaa,XPL,0.47401223
0x49451c6af70feef6ef29b8c78bc17d4bdaf9fdaa,2Z,0.4689126
0x49451c6af70feef6ef29b8c78bc17d4bdaf9fdaa,CC,0.50644785
0x521c9c1d68f8684b098be00a5cf479e9aaebf0f7,SKY,0.50686145
0x521c9c1d68f8684b098be00a5cf479e9aaebf0f7,TRX,0.49129677
0x521c9c1d68f8684b098be00a5cf479e9aaebf0f7,XLM,0.5206086
0x521c9c1d68f8684b098be00a5cf479e9aaebf0f7,XMR,0.5192617
0x521c9c1d68f8684b098be00a5cf479e9aaebf0f7,XRP,0.52234906
0x521c9c1d68f8684b098be00a5cf479e9aaebf0f7,ZEC,0.5319393
0x521c9c1d68f8684b098be00a5cf479e9aaebf0f7,BCH,0.51384026
0x521c9c1d68f8684b098be00a5cf479e9aaebf0f7,BTC,0.50311464
0x521c9c1d68f8684b098be00a5cf479e9aaebf0f7,DOGE,0.5178555
0x521c9c1d68f8684b098be00a5cf479e9aaebf0f7,ETC,0.49684188
0x521c9c1d68f8684b098be00a5cf479e9aaebf0f7,LTC,0.5282575
0x521c9c1d68f8684b098be00a5cf479e9aaebf0f7,ETH,0.5158453
0x521c9c1d68f8684b098be00a5cf479e9aaebf0f7,ADA,0.5352493
0x521c9c1d68f8684b098be00a5cf479e9aaebf0f7,LINK,0.51632625
0x521c9c1d68f8684b098be00a5cf479e9aaebf0f7,S,0.48222464
0x521c9c1d68f8684b098be00a5cf479e9aaebf0f7,ATOM,0.48801666
0x521c9c1d68f8684b098be00a5cf479e9aaebf0f7,SNX,0.52016526
0x521c9c1d68f8684b098be00a5cf479e9aaebf0f7,RSR,0.5115585
0x521c9c1d68f8684b098be00a5cf479e9aaebf0f7,ALGO,0.51227427
0x521c9c1d68f8684b098be00a5cf479e9aaebf0f7,RUNE,0.49791208
0x521c9c1d68f8684b098be00a5cf479e9aaebf0f7,TRB,0.4783201
0x521c9c1d68f8684b098be00a5cf479e9aaebf0f7,SOL,0.52423984
0x521c9c1d68f8684b098be00a5cf479e9aaebf0f7,UMA,0.49419004
0x521c9c1d68f8684b098be00a5cf479e9aaebf0f7,PAXG,0.50737584
0x521c9c1d68f8684b098be00a5cf479e9aaebf0f7,COMP,0.5085223
0x521c9c1d68f8684b098be00a5cf479e9aaebf0f7,AVAX,0.5266673
0x521c9c1d68f8684b098be00a5cf479e9aaebf0f7,SAND,0.4936453
0x521c9c1d68f8684b098be00a5cf479e9aaebf0f7,CRV,0.4711161
0x521c9c1d68f8684b098be00a5cf479e9aaebf0f7,LAYER,0.50674695
0x521c9c1d68f8684b098be00a5cf479e9aaebf0f7,DOT,0.5223408
0x521c9c1d68f8684b098be00a5cf479e9aaebf0f7,SUSHI,0.48269174
0x521c9c1d68f8684b098be00a5cf479e9aaebf0f7,UNI,0.495335
0x521c9c1d68f8684b098be00a5cf479e9aaebf0f7,AAVE,0.5305408
0x521c9c1d68f8684b098be00a5cf479e9aaebf0f7,NEAR,0.5105237
0x521c9c1d68f8684b098be00a5cf479e9aaebf0f7,FIL,0.52432173
0x521c9c1d68f8684b098be00a5cf479e9aaebf0f7,AXS,0.47502106
0x521c9c1d68f8684b098be00a5cf479e9aaebf0f7,INJ,0.49306378
0x521c9c1d68f8684b098be00a5cf479e9aaebf0f7,ZORA,0.5042702
0x521c9c1d68f8684b098be00a5cf479e9aaebf0f7,CELO,0.49465027
0x521c9c1d68f8684b098be00a5cf479e9aaebf0f7,LIT,0.4890113
0x521c9c1d68f8684b098be00a5cf479e9aaebf0f7,SHIB,0.5060885
0x521c9c1d68f8684b098be00a5cf479e9aaebf0f7,ICP,0.48293018
0x521c9c1d68f8684b098be00a5cf479e9aaebf0f7,RENDER,0.50968623
0x521c9c1d68f8684b098be00a5cf479e9aaebf0f7,LDO,0.48578444
0x521c9c1d68f8684b098be00a5cf479e9aaebf0f7,GALA,0.48945
0x521c9c1d68f8684b098be00a5cf479e9aaebf0f7,FET,0.50858766
0x521c9c1d68f8684b098be00a5cf479e9aaebf0f7,ENS,0.52411884
0x521c9c1d68f8684b098be00a5cf479e9aaebf0f7,IMX,0.47922015
0x521c9c1d68f8684b098be00a5cf479e9aaebf0f7,PEOPLE,0.5068999
0x521c9c1d68f8684b098be00a5cf479e9aaebf0f7,GMT,0.49059427
0x521c9c1d68f8684b098be00a5cf479e9aaebf0f7,FLOKI,0.49834713
0x521c9c1d68f8684b098be00a5cf479e9aaebf0f7,POL,0.49498138
0x521c9c1d68f8684b098be00a5cf479e9aaebf0f7,APE,0.486719
0x521c9c1d68f8684b098be00a5cf479e9aaebf0f7,GMX,0.5090217
0x521c9c1d68f8684b098be00a5cf479e9aaebf0f7,BLUR,0.4877375
0x521c9c1d68f8684b098be00a5cf479e9aaebf0f7,PENDLE,0.5063968
0x521c9c1d68f8684b098be00a5cf479e9aaebf0f7,MINA,0.4974638
0x521c9c1d68f8684b098be00a5cf479e9aaebf0f7,LUNC,0.50508803
0x521c9c1d68f8684b098be00a5cf479e9aaebf0f7,MEME,0.48306423
0x521c9c1d68f8684b098be00a5cf479e9aaebf0f7,OP,0.48647094
0x521c9c1d68f8684b098be00a5cf479e9aaebf0f7,ZEN,0.5062875
0x521c9c1d68f8684b098be00a5cf479e9aaebf0f7,STRK,0.5193757
0x521c9c1d68f8684b098be00a5cf479e9aaebf0f7,STX,0.50343543
0x521c9c1d68f8684b098be00a5cf479e9aaebf0f7,CFX,0.49842757
0x521c9c1d68f8684b098be00a5cf479e9aaebf0f7,CAKE,0.493773
0x521c9c1d68f8684b098be00a5cf479e9aaebf0f7,DASH,0.5039124
0x521c9c1d68f8684b098be00a5cf479e9aaebf0f7,BSV,0.49429736
0x521c9c1d68f8684b098be00a5cf479e9aaebf0f7,AR,0.49618325
0x521c9c1d68f8684b098be00a5cf479e9aaebf0f7,APT,0.4975565
0x521c9c1d68f8684b098be00a5cf479e9aaebf0f7,ALT,0.524638
0x521c9c1d68f8684b098be00a5cf479e9aaebf0f7,BNB,0.51858306
0x521c9c1d68f8684b098be00a5cf479e9aaebf0f7,BONK,0.50776273
0x521c9c1d68f8684b098be00a5cf479e9aaebf0f7,BABY,0.485371
0x521c9c1d68f8684b098be00a5cf479e9aaebf0f7,HBAR,0.5095815
0x521c9c1d68f8684b098be00a5cf479e9aaebf0f7,KAS,0.508644
0x521c9c1d68f8684b098be00a5cf479e9aaebf0f7,PEPE,0.4817107
0x521c9c1d68f8684b098be00a5cf479e9aaebf0f7,ORDI,0.5218828
0x521c9c1d68f8684b098be00a5cf479e9aaebf0f7,SUI,0.52331865
0x521c9c1d68f8684b098be00a5cf479e9aaebf0f7,MNT,0.4899782
0x521c9c1d68f8684b098be00a5cf479e9aaebf0f7,IOTA,0.4865221
0x521c9c1d68f8684b098be00a5cf479e9aaebf0f7,TURBO,0.5123253
0x521c9c1d68f8684b098be00a5cf479e9aaebf0f7,TIA,0.48255032
0x521c9c1d68f8684b098be00a5cf479e9aaebf0f7,SEI,0.48751366
0x521c9c1d68f8684b098be00a5cf479e9aaebf0f7,TAO,0.5168752
0x521c9c1d68f8684b098be00a5cf479e9aaebf0f7,JTO,0.4878712
0x521c9c1d68f8684b098be00a5cf479e9aaebf0f7,PYTH,0.5031427
0x521c9c1d68f8684b098be00a5cf479e9aaebf0f7,MANTA,0.4977369
0x521c9c1d68f8684b098be00a5cf479e9aaebf0f7,ONDO,0.50316006
0x521c9c1d68f8684b098be00a5cf479e9aaebf0f7,WIF,0.49048054
0x521c9c1d68f8684b098be00a5cf479e9aaebf0f7,XAI,0.48833638
0x521c9c1d68f8684b098be00a5cf479e9aaebf0f7,ZETA,0.46426496
0x521c9c1d68f8684b098be00a5cf479e9aaebf0f7,JUP,0.48696482
0x521c9c1d68f8684b098be00a5cf479e9aaebf0f7,DYM,0.45862314
0x521c9c1d68f8684b098be00a5cf479e9aaebf0f7,TRUMP,0.49560264
0x521c9c1d68f8684b098be00a5cf479e9aaebf0f7,APEX,0.4973227
0x521c9c1d68f8684b098be00a5cf479e9aaebf0f7,ARB,0.50928044
0x521c9c1d68f8684b098be00a5cf479e9aaebf0f7,BOME,0.49581915
0x521c9c1d68f8684b098be00a5cf479e9aaebf0f7,HYPER,0.51019996
0x521c9c1d68f8684b098be00a5cf479e9aaebf0f7,ETHFI,0.5135287
0x521c9c1d68f8684b098be00a5cf479e9aaebf0f7,BRETT,0.47709367
0x521c9c1d68f8684b098be00a5cf479e9aaebf0f7,W,0.47235402
0x521c9c1d68f8684b098be00a5cf479e9aaebf0f7,GOAT,0.49465322
0x521c9c1d68f8684b098be00a5cf479e9aaebf0f7,POPCAT,0.514681
0x521c9c1d68f8684b098be00a5cf479e9aaebf0f7,MERL,0.51507086
0x521c9c1d68f8684b098be00a5cf479e9aaebf0f7,ZK,0.5127951
0x521c9c1d68f8684b098be00a5cf479e9aaebf0f7,TNSR,0.50431085
0x521c9c1d68f8684b098be00a5cf479e9aaebf0f7,AERO,0.4741183
0x521c9c1d68f8684b098be00a5cf479e9aaebf0f7,REZ,0.48435614
0x521c9c1d68f8684b098be00a5cf479e9aaebf0f7,NOT,0.49588737
0x521c9c1d68f8684b098be00a5cf479e9aaebf0f7,MON,0.49652496
0x521c9c1d68f8684b098be00a5cf479e9aaebf0f7,VIRTUAL,0.5014226
0x521c9c1d68f8684b098be00a5cf479e9aaebf0f7,IO,0.50383407
0x521c9c1d68f8684b098be00a5cf479e9aaebf0f7,ZRO,0.45449272
0x521c9c1d68f8684b098be00a5cf479e9aaebf0f7,WLD,0.5107624
0x521c9c1d68f8684b098be00a5cf479e9aaebf0f7,NEIRO,0.49623966
0x521c9c1d68f8684b098be00a5cf479e9aaebf0f7,EIGEN,0.5068277
0x521c9c1d68f8684b098be00a5cf479e9aaebf0f7,MOVE,0.49870223
0x521c9c1d68f8684b098be00a5cf479e9aaebf0f7,FARTCOIN,0.48997226
0x521c9c1d68f8684b098be00a5cf479e9aaebf0f7,GRASS,0.51115537
0x521c9c1d68f8684b098be00a5cf479e9aaebf0f7,PNUT,0.50304484
0x521c9c1d68f8684b098be00a5cf479e9aaebf0f7,USUAL,0.48543915
0x521c9c1d68f8684b098be00a5cf479e9aaebf0f7,MORPHO,0.5255685
0x521c9c1d68f8684b098be00a5cf479e9aaebf0f7,AIXBT,0.5086493
0x521c9c1d68f8684b098be00a5cf479e9aaebf0f7,HYPE,0.48870957
0x521c9c1d68f8684b098be00a5cf479e9aaebf0f7,ME,0.49697036
0x521c9c1d68f8684b098be00a5cf479e9aaebf0f7,PENGU,0.4974151
0x521c9c1d68f8684b098be00a5cf479e9aaebf0f7,sENA,0.5264138
0x521c9c1d68f8684b098be00a5cf479e9aaebf0f7,BIO,0.4523132
0x521c9c1d68f8684b098be00a5cf479e9aaebf0f7,GRIFFAIN,0.51288915
0x521c9c1d68f8684b098be00a5cf479e9aaebf0f7,MELANIA,0.50482494
0x521c9c1d68f8684b098be00a5cf479e9aaebf0f7,VINE,0.49599153
0x521c9c1d68f8684b098be00a5cf479e9aaebf0f7,ANIME,0.49250478
0x521c9c1d68f8684b098be00a5cf479e9aaebf0f7,VVV,0.5126293
0x521c9c1d68f8684b098be00a5cf479e9aaebf0f7,SYRUP,0.49814582
0x521c9c1d68f8684b098be00a5cf479e9aaebf0f7,BERA,0.49655303
0x521c9c1d68f8684b098be00a5cf479e9aaebf0f7,IP,0.50875115
0x521c9c1d68f8684b098be00a5cf479e9aaebf0f7,KAITO,0.49744502
0x521c9c1d68f8684b098be00a5cf479e9aaebf0f7,NIL,0.44843516
0x521c9c1d68f8684b098be00a5cf479e9aaebf0f7,WCT,0.4736186
0x521c9c1d68f8684b098be00a5cf479e9aaebf0f7,PUMP,0.5108458
0x521c9c1d68f8684b098be00a5cf479e9aaebf0f7,INIT,0.4653832
0x521c9c1d68f8684b098be00a5cf479e9aaebf0f7,SOPH,0.48800382
0x521c9c1d68f8684b098be00a5cf479e9aaebf0f7,PROVE,0.4814268
0x521c9c1d68f8684b098be00a5cf479e9aaebf0f7,WLFI,0.4999428
0x521c9c1d68f8684b098be00a5cf479e9aaebf0f7,0G,0.5032602
0x521c9c1d68f8684b098be00a5cf479e9aaebf0f7,ASTER,0.52549577
0x521c9c1d68f8684b098be00a5cf479e9aaebf0f7,AVNT,0.45626646
0x521c9c1d68f8684b098be00a5cf479e9aaebf0f7,LINEA,0.5018819
0x521c9c1d68f8684b098be00a5cf479e9aaebf0f7,HEMI,0.49254823
0x521c9c1d68f8684b098be00a5cf479e9aaebf0f7,XPL,0.46953976
0x521c9c1d68f8684b098be00a5cf479e9aaebf0f7,2Z,0.48055968
0x521c9c1d68f8684b098be00a5cf479e9aaebf0f7,CC,0.50412977
0x56d3fc9aa7062fd7b893c1ae33b365776ae1ee9d,BTC,0.512916
0x56d3fc9aa7062fd7b893c1ae33b365776ae1ee9d,LTC,0.4795561
0x56d3fc9aa7062fd7b893c1ae33b365776ae1ee9d,XRP,0.47448128
0x56d3fc9aa7062fd7b893c1ae33b365776ae1ee9d,DOGE,0.5652804
0x56d3fc9aa7062fd7b893c1ae33b365776ae1ee9d,DASH,0.59940827
0x56d3fc9aa7062fd7b893c1ae33b365776ae1ee9d,XMR,0.61121964
0x56d3fc9aa7062fd7b893c1ae33b365776ae1ee9d,XLM,0.44547758
0x56d3fc9aa7062fd7b893c1ae33b365776ae1ee9d,ETH,0.63188034
0x56d3fc9aa7062fd7b893c1ae33b365776ae1ee9d,ETC,0.61253905
0x56d3fc9aa7062fd7b893c1ae33b365776ae1ee9d,ZEC,0.6161906
0x56d3fc9aa7062fd7b893c1ae33b365776ae1ee9d,ZEN,0.5103254
0x56d3fc9aa7062fd7b893c1ae33b365776ae1ee9d,IOTA,0.5205798
0x56d3fc9aa7062fd7b893c1ae33b365776ae1ee9d,BCH,0.54580045
0x56d3fc9aa7062fd7b893c1ae33b365776ae1ee9d,BNB,0.5257454
0x56d3fc9aa7062fd7b893c1ae33b365776ae1ee9d,TRX,0.5253657
0x56d3fc9aa7062fd7b893c1ae33b365776ae1ee9d,LINK,0.540501
0x56d3fc9aa7062fd7b893c1ae33b365776ae1ee9d,ADA,0.44537205
0x56d3fc9aa7062fd7b893c1ae33b365776ae1ee9d,FIL,0.5531032
0x56d3fc9aa7062fd7b893c1ae33b365776ae1ee9d,SNX,0.54470575
0x56d3fc9aa7062fd7b893c1ae33b365776ae1ee9d,BSV,0.5337431
0x56d3fc9aa7062fd7b893c1ae33b365776ae1ee9d,FET,0.53949183
0x56d3fc9aa7062fd7b893c1ae33b365776ae1ee9d,ATOM,0.5456225
0x56d3fc9aa7062fd7b893c1ae33b365776ae1ee9d,RSR,0.52270114
0x56d3fc9aa7062fd7b893c1ae33b365776ae1ee9d,ALGO,0.5801617
0x56d3fc9aa7062fd7b893c1ae33b365776ae1ee9d,RUNE,0.5500814
0x56d3fc9aa7062fd7b893c1ae33b365776ae1ee9d,LUNC,0.5110461
0x56d3fc9aa7062fd7b893c1ae33b365776ae1ee9d,HBAR,0.5142798
0x56d3fc9aa7062fd7b893c1ae33b365776ae1ee9d,PAXG,0.5874664
0x56d3fc9aa7062fd7b893c1ae33b365776ae1ee9d,STX,0.565163
0x56d3fc9aa7062fd7b893c1ae33b365776ae1ee9d,TRB,0.5264348
0x56d3fc9aa7062fd7b893c1ae33b365776ae1ee9d,SOL,0.58262366
0x56d3fc9aa7062fd7b893c1ae33b365776ae1ee9d,CELO,0.52719325
0x56d3fc9aa7062fd7b893c1ae33b365776ae1ee9d,UMA,0.55538595
0x56d3fc9aa7062fd7b893c1ae33b365776ae1ee9d,AR,0.56262463
0x56d3fc9aa7062fd7b893c1ae33b365776ae1ee9d,RENDER,0.5442544
0x56d3fc9aa7062fd7b893c1ae33b365776ae1ee9d,COMP,0.50618964
0x56d3fc9aa7062fd7b893c1ae33b365776ae1ee9d,AVAX,0.564785
0x56d3fc9aa7062fd7b893c1ae33b365776ae1ee9d,SHIB,0.5023345
0x56d3fc9aa7062fd7b893c1ae33b365776ae1ee9d,SAND,0.4878061
0x56d3fc9aa7062fd7b893c1ae33b365776ae1ee9d,NEAR,0.5371715
0x56d3fc9aa7062fd7b893c1ae33b365776ae1ee9d,CRV,0.51793027
0x56d3fc9aa7062fd7b893c1ae33b365776ae1ee9d,DOT,0.53604716
0x56d3fc9aa7062fd7b893c1ae33b365776ae1ee9d,SUSHI,0.45638832
0x56d3fc9aa7062fd7b893c1ae33b365776ae1ee9d,AXS,0.5590041
0x56d3fc9aa7062fd7b893c1ae33b365776ae1ee9d,GALA,0.47894254
0x56d3fc9aa7062fd7b893c1ae33b365776ae1ee9d,UNI,0.48670027
0x56d3fc9aa7062fd7b893c1ae33b365776ae1ee9d,CAKE,0.54194725
0x56d3fc9aa7062fd7b893c1ae33b365776ae1ee9d,INJ,0.4869
0x56d3fc9aa7062fd7b893c1ae33b365776ae1ee9d,AAVE,0.50921136
0x56d3fc9aa7062fd7b893c1ae33b365776ae1ee9d,CFX,0.482094
0x56d3fc9aa7062fd7b893c1ae33b365776ae1ee9d,LDO,0.47872695
0x56d3fc9aa7062fd7b893c1ae33b365776ae1ee9d,MINA,0.51338845
0x56d3fc9aa7062fd7b893c1ae33b365776ae1ee9d,ICP,0.5867354
0x56d3fc9aa7062fd7b893c1ae33b365776ae1ee9d,PENDLE,0.53504926
0x56d3fc9aa7062fd7b893c1ae33b365776ae1ee9d,IMX,0.5684223
0x56d3fc9aa7062fd7b893c1ae33b365776ae1ee9d,FLOKI,0.49595952
0x56d3fc9aa7062fd7b893c1ae33b365776ae1ee9d,OP,0.4847928
0x56d3fc9aa7062fd7b893c1ae33b365776ae1ee9d,ARB,0.49624988
0x56d3fc9aa7062fd7b893c1ae33b365776ae1ee9d,GMX,0.5406262
0x56d3fc9aa7062fd7b893c1ae33b365776ae1ee9d,WLD,0.55046314
0x56d3fc9aa7062fd7b893c1ae33b365776ae1ee9d,MANTA,0.49031997
0x56d3fc9aa7062fd7b893c1ae33b365776ae1ee9d,ENS,0.57542753
0x56d3fc9aa7062fd7b893c1ae33b365776ae1ee9d,PEOPLE,0.5078294
0x56d3fc9aa7062fd7b893c1ae33b365776ae1ee9d,GMT,0.4831685
0x56d3fc9aa7062fd7b893c1ae33b365776ae1ee9d,APE,0.47491324
0x56d3fc9aa7062fd7b893c1ae33b365776ae1ee9d,APEX,0.6446129
0x56d3fc9aa7062fd7b893c1ae33b365776ae1ee9d,KAS,0.5461577
0x56d3fc9aa7062fd7b893c1ae33b365776ae1ee9d,SUI,0.55759203
0x56d3fc9aa7062fd7b893c1ae33b365776ae1ee9d,ONDO,0.5483564
0x56d3fc9aa7062fd7b893c1ae33b365776ae1ee9d,ZETA,0.51859826
0x56d3fc9aa7062fd7b893c1ae33b365776ae1ee9d,APT,0.51009107
0x56d3fc9aa7062fd7b893c1ae33b365776ae1ee9d,STRK,0.5390175
0x56d3fc9aa7062fd7b893c1ae33b365776ae1ee9d,TIA,0.5141984
0x56d3fc9aa7062fd7b893c1ae33b365776ae1ee9d,TAO,0.5174286
0x56d3fc9aa7062fd7b893c1ae33b365776ae1ee9d,BONK,0.45349905
0x56d3fc9aa7062fd7b893c1ae33b365776ae1ee9d,BLUR,0.5521328
0x56d3fc9aa7062fd7b893c1ae33b365776ae1ee9d,SEI,0.5444007
0x56d3fc9aa7062fd7b893c1ae33b365776ae1ee9d,ZK,0.52814674
0x56d3fc9aa7062fd7b893c1ae33b365776ae1ee9d,PEPE,0.5661925
0x56d3fc9aa7062fd7b893c1ae33b365776ae1ee9d,BERA,0.49372917
0x56d3fc9aa7062fd7b893c1ae33b365776ae1ee9d,TURBO,0.5311089
0x56d3fc9aa7062fd7b893c1ae33b365776ae1ee9d,ORDI,0.52647483
0x56d3fc9aa7062fd7b893c1ae33b365776ae1ee9d,ZRO,0.4855089
0x56d3fc9aa7062fd7b893c1ae33b365776ae1ee9d,MNT,0.5266376
0x56d3fc9aa7062fd7b893c1ae33b365776ae1ee9d,LINEA,0.494612
0x56d3fc9aa7062fd7b893c1ae33b365776ae1ee9d,PYTH,0.4842674
0x56d3fc9aa7062fd7b893c1ae33b365776ae1ee9d,MEME,0.47291744
0x56d3fc9aa7062fd7b893c1ae33b365776ae1ee9d,POL,0.4892345
0x56d3fc9aa7062fd7b893c1ae33b365776ae1ee9d,JTO,0.44903126
0x56d3fc9aa7062fd7b893c1ae33b365776ae1ee9d,WIF,0.5094835
0x56d3fc9aa7062fd7b893c1ae33b365776ae1ee9d,POPCAT,0.5119731
0x56d3fc9aa7062fd7b893c1ae33b365776ae1ee9d,NOT,0.5067904
0x56d3fc9aa7062fd7b893c1ae33b365776ae1ee9d,DYM,0.37514496
0x56d3fc9aa7062fd7b893c1ae33b365776ae1ee9d,XAI,0.5426247
0x56d3fc9aa7062fd7b893c1ae33b365776ae1ee9d,ALT,0.46278518
0x56d3fc9aa7062fd7b893c1ae33b365776ae1ee9d,JUP,0.57129174
0x56d3fc9aa7062fd7b893c1ae33b365776ae1ee9d,AERO,0.5479077
0x56d3fc9aa7062fd7b893c1ae33b365776ae1ee9d,VIRTUAL,0.5251368
0x56d3fc9aa7062fd7b893c1ae33b365776ae1ee9d,W,0.52460605
0x56d3fc9aa7062fd7b893c1ae33b365776ae1ee9d,BRETT,0.49638912
0x56d3fc9aa7062fd7b893c1ae33b365776ae1ee9d,ETHFI,0.47133094
0x56d3fc9aa7062fd7b893c1ae33b365776ae1ee9d,IO,0.53779703
0x56d3fc9aa7062fd7b893c1ae33b365776ae1ee9d,BOME,0.42832416
0x56d3fc9aa7062fd7b893c1ae33b365776ae1ee9d,sENA,0.5105818
0x56d3fc9aa7062fd7b893c1ae33b365776ae1ee9d,TNSR,0.49961838
0x56d3fc9aa7062fd7b893c1ae33b365776ae1ee9d,EIGEN,0.52161944
0x56d3fc9aa7062fd7b893c1ae33b365776ae1ee9d,MON,0.54031897
0x56d3fc9aa7062fd7b893c1ae33b365776ae1ee9d,MERL,0.4447287
0x56d3fc9aa7062fd7b893c1ae33b365776ae1ee9d,REZ,0.4041672
0x56d3fc9aa7062fd7b893c1ae33b365776ae1ee9d,SOPH,0.48736927
0x56d3fc9aa7062fd7b893c1ae33b365776ae1ee9d,HYPE,0.56583166
0x56d3fc9aa7062fd7b893c1ae33b365776ae1ee9d,ME,0.44423097
0x56d3fc9aa7062fd7b893c1ae33b365776ae1ee9d,BABY,0.45824912
0x56d3fc9aa7062fd7b893c1ae33b365776ae1ee9d,MOVE,0.56070715
0x56d3fc9aa7062fd7b893c1ae33b365776ae1ee9d,NEIRO,0.42440102
0x56d3fc9aa7062fd7b893c1ae33b365776ae1ee9d,S,0.5600468
0x56d3fc9aa7062fd7b893c1ae33b365776ae1ee9d,GRASS,0.5955953
0x56d3fc9aa7062fd7b893c1ae33b365776ae1ee9d,SKY,0.54139084
0x56d3fc9aa7062fd7b893c1ae33b365776ae1ee9d,INIT,0.49411222
0x56d3fc9aa7062fd7b893c1ae33b365776ae1ee9d,WCT,0.541991
0x56d3fc9aa7062fd7b893c1ae33b365776ae1ee9d,WLFI,0.5606248
0x56d3fc9aa7062fd7b893c1ae33b365776ae1ee9d,GOAT,0.48049328
0x56d3fc9aa7062fd7b893c1ae33b365776ae1ee9d,FARTCOIN,0.47246057
0x56d3fc9aa7062fd7b893c1ae33b365776ae1ee9d,PNUT,0.4932156
0x56d3fc9aa7062fd7b893c1ae33b365776ae1ee9d,SYRUP,0.45376125
0x56d3fc9aa7062fd7b893c1ae33b365776ae1ee9d,USUAL,0.44629845
0x56d3fc9aa7062fd7b893c1ae33b365776ae1ee9d,AIXBT,0.45463932
0x56d3fc9aa7062fd7b893c1ae33b365776ae1ee9d,MORPHO,0.5350409
0x56d3fc9aa7062fd7b893c1ae33b365776ae1ee9d,PENGU,0.49780303
0x56d3fc9aa7062fd7b893c1ae33b365776ae1ee9d,GRIFFAIN,0.4254642
0x56d3fc9aa7062fd7b893c1ae33b365776ae1ee9d,BIO,0.51600987
0x56d3fc9aa7062fd7b893c1ae33b365776ae1ee9d,ANIME,0.43320695
0x56d3fc9aa7062fd7b893c1ae33b365776ae1ee9d,TRUMP,0.4922404
0x56d3fc9aa7062fd7b893c1ae33b365776ae1ee9d,MELANIA,0.53973573
0x56d3fc9aa7062fd7b893c1ae33b365776ae1ee9d,VINE,0.47104278
0x56d3fc9aa7062fd7b893c1ae33b365776ae1ee9d,LAYER,0.49525362
0x56d3fc9aa7062fd7b893c1ae33b365776ae1ee9d,VVV,0.548035
0x56d3fc9aa7062fd7b893c1ae33b365776ae1ee9d,IP,0.65417594
0x56d3fc9aa7062fd7b893c1ae33b365776ae1ee9d,NIL,0.5026545
0x56d3fc9aa7062fd7b893c1ae33b365776ae1ee9d,KAITO,0.51963323
0x56d3fc9aa7062fd7b893c1ae33b365776ae1ee9d,ZORA,0.4981469
0x56d3fc9aa7062fd7b893c1ae33b365776ae1ee9d,HYPER,0.46225458
0x56d3fc9aa7062fd7b893c1ae33b365776ae1ee9d,ASTER,0.5527678
0x56d3fc9aa7062fd7b893c1ae33b365776ae1ee9d,PUMP,0.4894231
0x56d3fc9aa7062fd7b893c1ae33b365776ae1ee9d,XPL,0.50427544
0x56d3fc9aa7062fd7b893c1ae33b365776ae1ee9d,CC,0.5562513
0x56d3fc9aa7062fd7b893c1ae33b365776ae1ee9d,PROVE,0.46209338
0x56d3fc9aa7062fd7b893c1ae33b365776ae1ee9d,HEMI,0.38316092
0x56d3fc9aa7062fd7b893c1ae33b365776ae1ee9d,AVNT,0.50720644
0x56d3fc9aa7062fd7b893c1ae33b365776ae1ee9d,0G,0.5070081
0x56d3fc9aa7062fd7b893c1ae33b365776ae1ee9d,2Z,0.4912332
0x56d3fc9aa7062fd7b893c1ae33b365776ae1ee9d,LIT,0.49827844
0x5d8ec9180099a0f171f5f9615b66ee424ad5b330,SKY,0.5290061787493126
0x5d8ec9180099a0f171f5f9615b66ee424ad5b330,TRX,0.5998288853353169
0x5d8ec9180099a0f171f5f9615b66ee424ad5b330,XLM,0.4727535700610103
0x5d8ec9180099a0f171f5f9615b66ee424ad5b330,XMR,0.5519318448534649
0x5d8ec9180099a0f171f5f9615b66ee424ad5b330,XRP,0.5691518464124532
0x5d8ec9180099a0f171f5f9615b66ee424ad5b330,ZEC,0.5065627070846982
0x5d8ec9180099a0f171f5f9615b66ee424ad5b330,BCH,0.5273128803195883
0x5d8ec9180099a0f171f5f9615b66ee424ad5b330,BTC,0.616097025455663
0x5d8ec9180099a0f171f5f9615b66ee424ad5b330,DOGE,0.6406244703010209
0x5d8ec9180099a0f171f5f9615b66ee424ad5b330,ETC,0.5467263876382342
0x5d8ec9180099a0f171f5f9615b66ee424ad5b330,LTC,0.6020359041765431
0x5d8ec9180099a0f171f5f9615b66ee424ad5b330,ETH,0.5565116875211669
0x5d8ec9180099a0f171f5f9615b66ee424ad5b330,ADA,0.4385463882391678
0x5d8ec9180099a0f171f5f9615b66ee424ad5b330,LINK,0.5069424310599786
0x5d8ec9180099a0f171f5f9615b66ee424ad5b330,S,0.5256614858389445
0x5d8ec9180099a0f171f5f9615b66ee424ad5b330,ATOM,0.5299200808892529
0x5d8ec9180099a0f171f5f9615b66ee424ad5b330,SNX,0.5636368581301717
0x5d8ec9180099a0f171f5f9615b66ee424ad5b330,RSR,0.532119532230824
0x5d8ec9180099a0f171f5f9615b66ee424ad5b330,ALGO,0.5237255373244135
0x5d8ec9180099a0f171f5f9615b66ee424ad5b330,RUNE,0.5468912718973591
0x5d8ec9180099a0f171f5f9615b66ee424ad5b330,TRB,0.5452590453412535
0x5d8ec9180099a0f171f5f9615b66ee424ad5b330,SOL,0.5833321595039026
0x5d8ec9180099a0f171f5f9615b66ee424ad5b330,UMA,0.5452251448710036
0x5d8ec9180099a0f171f5f9615b66ee424ad5b330,PAXG,0.5902809154952627
0x5d8ec9180099a0f171f5f9615b66ee424ad5b330,COMP,0.5388922008288385
0x5d8ec9180099a0f171f5f9615b66ee424ad5b330,AVAX,0.5642786661828533
0x5d8ec9180099a0f171f5f9615b66ee424ad5b330,SAND,0.5519756536967074
0x5d8ec9180099a0f171f5f9615b66ee424ad5b330,CRV,0.4912092472575441
0x5d8ec9180099a0f171f5f9615b66ee424ad5b330,LAYER,0.5728982279603161
0x5d8ec9180099a0f171f5f9615b66ee424ad5b330,DOT,0.5508498964405981
0x5d8ec9180099a0f171f5f9615b66ee424ad5b330,SUSHI,0.4942028686641949
0x5d8ec9180099a0f171f5f9615b66ee424ad5b330,UNI,0.5028965623992167
0x5d8ec9180099a0f171f5f9615b66ee424ad5b330,AAVE,0.5299428346352447
0x5d8ec9180099a0f171f5f9615b66ee424ad5b330,NEAR,0.5767026118239689
0x5d8ec9180099a0f171f5f9615b66ee424ad5b330,FIL,0.5491765326377492
0x5d8ec9180099a0f171f5f9615b66ee424ad5b330,AXS,0.5100648258012975
0x5d8ec9180099a0f171f5f9615b66ee424ad5b330,INJ,0.5680006015991557
0x5d8ec9180099a0f171f5f9615b66ee424ad5b330,ZORA,0.546041576475042
0x5d8ec9180099a0f171f5f9615b66ee424ad5b330,CELO,0.5545919899885174
0x5d8ec9180099a0f171f5f9615b66ee424ad5b330,LIT,0.3890661937325512
0x5d8ec9180099a0f171f5f9615b66ee424ad5b330,SHIB,0.5383391679471157
0x5d8ec9180099a0f171f5f9615b66ee424ad5b330,ICP,0.5394593387087596
0x5d8ec9180099a0f171f5f9615b66ee424ad5b330,RENDER,0.5634206661597746
0x5d8ec9180099a0f171f5f9615b66ee424ad5b330,LDO,0.4941095557607861
0x5d8ec9180099a0f171f5f9615b66ee424ad5b330,GALA,0.519775189693243
0x5d8ec9180099a0f171f5f9615b66ee424ad5b330,FET,0.5809110748110607
0x5d8ec9180099a0f171f5f9615b66ee424ad5b330,ENS,0.5958222605277199
0x5d8ec9180099a0f171f5f9615b66ee424ad5b330,IMX,0.5507841247489675
0x5d8ec9180099a0f171f5f9615b66ee424ad5b330,PEOPLE,0.457268261877102
0x5d8ec9180099a0f171f5f9615b66ee424ad5b330,GMT,0.562882783534072
0x5d8ec9180099a0f171f5f9615b66ee424ad5b330,FLOKI,0.5241600998891665
0x5d8ec9180099a0f171f5f9615b66ee424ad5b330,POL,0.5247514317229051
0x5d8ec9180099a0f171f5f9615b66ee424ad5b330,APE,0.5401338887941475
0x5d8ec9180099a0f171f5f9615b66ee424ad5b330,GMX,0.5688735521203887
0x5d8ec9180099a0f171f5f9615b66ee424ad5b330,BLUR,0.5351860326614489
0x5d8ec9180099a0f171f5f9615b66ee424ad5b330,PENDLE,0.570383335337902
0x5d8ec9180099a0f171f5f9615b66ee424ad5b330,MINA,0.5024113223619141
0x5d8ec9180099a0f171f5f9615b66ee424ad5b330,LUNC,0.5789228360781322
0x5d8ec9180099a0f171f5f9615b66ee424ad5b330,MEME,0.5149523714386243
0x5d8ec9180099a0f171f5f9615b66ee424ad5b330,OP,0.5606786679371849
0x5d8ec9180099a0f171f5f9615b66ee424ad5b330,ZEN,0.5271136972949864
0x5d8ec9180099a0f171f5f9615b66ee424ad5b330,STRK,0.5767379303201212
0x5d8ec9180099a0f171f5f9615b66ee424ad5b330,STX,0.5525601072011141
0x5d8ec9180099a0f171f5f9615b66ee424ad5b330,CFX,0.5307390028762985
0x5d8ec9180099a0f171f5f9615b66ee424ad5b330,CAKE,0.5060245899643774
0x5d8ec9180099a0f171f5f9615b66ee424ad5b330,DASH,0.5583805437747953
0x5d8ec9180099a0f171f5f9615b66ee424ad5b330,BSV,0.4641446019871944
0x5d8ec9180099a0f171f5f9615b66ee424ad5b330,AR,0.5838637727166665
0x5d8ec9180099a0f171f5f9615b66ee424ad5b330,APT,0.5327268956105109
0x5d8ec9180099a0f171f5f9615b66ee424ad5b330,ALT,0.5052269986985424
0x5d8ec9180099a0f171f5f9615b66ee424ad5b330,BNB,0.5293764035087257
0x5d8ec9180099a0f171f5f9615b66ee424ad5b330,BONK,0.4776547351772755
0x5d8ec9180099a0f171f5f9615b66ee424ad5b330,BABY,0.3946502886270219
0x5d8ec9180099a0f171f5f9615b66ee424ad5b330,HBAR,0.551506649191742
0x5d8ec9180099a0f171f5f9615b66ee424ad5b330,KAS,0.5659980033232256
0x5d8ec9180099a0f171f5f9615b66ee424ad5b330,PEPE,0.5228637470691061
0x5d8ec9180099a0f171f5f9615b66ee424ad5b330,ORDI,0.5000645204993064
0x5d8ec9180099a0f171f5f9615b66ee424ad5b330,SUI,0.5196420675392676
0x5d8ec9180099a0f171f5f9615b66ee424ad5b330,MNT,0.5247250859847872
0x5d8ec9180099a0f171f5f9615b66ee424ad5b330,IOTA,0.5268268195429365
0x5d8ec9180099a0f171f5f9615b66ee424ad5b330,TURBO,0.4911854329622521
0x5d8ec9180099a0f171f5f9615b66ee424ad5b330,TIA,0.5363973293160024
0x5d8ec9180099a0f171f5f9615b66ee424ad5b330,SEI,0.5478716764345426
0x5d8ec9180099a0f171f5f9615b66ee424ad5b330,TAO,0.522191008000393
0x5d8ec9180099a0f171f5f9615b66ee424ad5b330,JTO,0.5077736766838524
0x5d8ec9180099a0f171f5f9615b66ee424ad5b330,PYTH,0.526686706560596
0x5d8ec9180099a0f171f5f9615b66ee424ad5b330,MANTA,0.5381983531008843
0x5d8ec9180099a0f171f5f9615b66ee424ad5b330,ONDO,0.5326237431065348
0x5d8ec9180099a0f171f5f9615b66ee424ad5b330,WIF,0.5178427026004413
0x5d8ec9180099a0f171f5f9615b66ee424ad5b330,XAI,0.5264988057984602
0x5d8ec9180099a0f171f5f9615b66ee424ad5b330,ZETA,0.5353778994360493
0x5d8ec9180099a0f171f5f9615b66ee424ad5b330,JUP,0.5561968877152879
0x5d8ec9180099a0f171f5f9615b66ee424ad5b330,DYM,0.4007840307689193
0x5d8ec9180099a0f171f5f9615b66ee424ad5b330,TRUMP,0.589250798831447
0x5d8ec9180099a0f171f5f9615b66ee424ad5b330,APEX,0.5765400687050244
0x5d8ec9180099a0f171f5f9615b66ee424ad5b330,ARB,0.5561346702858062
0x5d8ec9180099a0f171f5f9615b66ee424ad5b330,BOME,0.4195371592959614
0x5d8ec9180099a0f171f5f9615b66ee424ad5b330,HYPER,0.5061961688912168
0x5d8ec9180099a0f171f5f9615b66ee424ad5b330,ETHFI,0.5453592870618772
0x5d8ec9180099a0f171f5f9615b66ee424ad5b330,BRETT,0.5335225371564772
0x5d8ec9180099a0f171f5f9615b66ee424ad5b330,W,0.5521094734715877
0x5d8ec9180099a0f171f5f9615b66ee424ad5b330,GOAT,0.5363592907611987
0x5d8ec9180099a0f171f5f9615b66ee424ad5b330,POPCAT,0.4767009420269652
0x5d8ec9180099a0f171f5f9615b66ee424ad5b330,MERL,0.4829773924268946
0x5d8ec9180099a0f171f5f9615b66ee424ad5b330,ZK,0.5361934223306491
0x5d8ec9180099a0f171f5f9615b66ee424ad5b330,TNSR,0.4787397429809815
0x5d8ec9180099a0f171f5f9615b66ee424ad5b330,AERO,0.4980613828745248
0x5d8ec9180099a0f171f5f9615b66ee424ad5b330,REZ,0.4175100631649061
0x5d8ec9180099a0f171f5f9615b66ee424ad5b330,NOT,0.5024171545406975
0x5d8ec9180099a0f171f5f9615b66ee424ad5b330,MON,0.5420813052644812
0x5d8ec9180099a0f171f5f9615b66ee424ad5b330,VIRTUAL,0.5128251035324576
0x5d8ec9180099a0f171f5f9615b66ee424ad5b330,IO,0.5514015146613283
0x5d8ec9180099a0f171f5f9615b66ee424ad5b330,ZRO,0.4400608509151668
0x5d8ec9180099a0f171f5f9615b66ee424ad5b330,WLD,0.513549489403549
0x5d8ec9180099a0f171f5f9615b66ee424ad5b330,NEIRO,0.4144666453176261
0x5d8ec9180099a0f171f5f9615b66ee424ad5b330,EIGEN,0.5209029683814265
0x5d8ec9180099a0f171f5f9615b66ee424ad5b330,MOVE,0.5572336627269517
0x5d8ec9180099a0f171f5f9615b66ee424ad5b330,FARTCOIN,0.5260115286085936
0x5d8ec9180099a0f171f5f9615b66ee424ad5b330,GRASS,0.585962529241377
0x5d8ec9180099a0f171f5f9615b66ee424ad5b330,PNUT,0.4636644600872017
0x5d8ec9180099a0f171f5f9615b66ee424ad5b330,USUAL,0.4574248111128126
0x5d8ec9180099a0f171f5f9615b66ee424ad5b330,MORPHO,0.559144576169909
0x5d8ec9180099a0f171f5f9615b66ee424ad5b330,AIXBT,0.440429920864966
0x5d8ec9180099a0f171f5f9615b66ee424ad5b330,HYPE,0.61593912203975
0x5d8ec9180099a0f171f5f9615b66ee424ad5b330,ME,0.4991373926931833
0x5d8ec9180099a0f171f5f9615b66ee424ad5b330,PENGU,0.4764921664408668
0x5d8ec9180099a0f171f5f9615b66ee424ad5b330,sENA,0.5143076663885231
0x5d8ec9180099a0f171f5f9615b66ee424ad5b330,BIO,0.4749303210717551
0x5d8ec9180099a0f171f5f9615b66ee424ad5b330,GRIFFAIN,0.4232807776852745
0x5d8ec9180099a0f171f5f9615b66ee424ad5b330,MELANIA,0.5459916816118866
0x5d8ec9180099a0f171f5f9615b66ee424ad5b330,VINE,0.5461216526273411
0x5d8ec9180099a0f171f5f9615b66ee424ad5b330,ANIME,0.4964260057789312
0x5d8ec9180099a0f171f5f9615b66ee424ad5b330,VVV,0.5690196416292073
0x5d8ec9180099a0f171f5f9615b66ee424ad5b330,SYRUP,0.5390458650523285
0x5d8ec9180099a0f171f5f9615b66ee424ad5b330,BERA,0.5459833072178163
0x5d8ec9180099a0f171f5f9615b66ee424ad5b330,IP,0.5413931765611709
0x5d8ec9180099a0f171f5f9615b66ee424ad5b330,KAITO,0.4053263657687044
0x5d8ec9180099a0f171f5f9615b66ee424ad5b330,NIL,0.4018382213033135
0x5d8ec9180099a0f171f5f9615b66ee424ad5b330,WCT,0.5424219487853056
0x5d8ec9180099a0f171f5f9615b66ee424ad5b330,PUMP,0.5358037914392807
0x5d8ec9180099a0f171f5f9615b66ee424ad5b330,INIT,0.4748392483051097
0x5d8ec9180099a0f171f5f9615b66ee424ad5b330,SOPH,0.5193215131914721
0x5d8ec9180099a0f171f5f9615b66ee424ad5b330,PROVE,0.492546927151208
0x5d8ec9180099a0f171f5f9615b66ee424ad5b330,WLFI,0.5862934817502787
0x5d8ec9180099a0f171f5f9615b66ee424ad5b330,0G,0.5060592125809305
0x5d8ec9180099a0f171f5f9615b66ee424ad5b330,ASTER,0.5589567365680193
0x5d8ec9180099a0f171f5f9615b66ee424ad5b330,AVNT,0.4688550839750577
0x5d8ec9180099a0f171f5f9615b66ee424ad5b330,LINEA,0.538752350669486
0x5d8ec9180099a0f171f5f9615b66ee424ad5b330,HEMI,0.416160156376902
0x5d8ec9180099a0f171f5f9615b66ee424ad5b330,XPL,0.5267263714109208
0x5d8ec9180099a0f171f5f9615b66ee424ad5b330,2Z,0.5173558849784816
0x5d8ec9180099a0f171f5f9615b66ee424ad5b330,CC,0.395600665353348
0x5f05ab6ed6106d6c962823e481bd9f39c6d60e96,BTC,0.5823284520125436
0x5f05ab6ed6106d6c962823e481bd9f39c6d60e96,LTC,0.5497533890797349
0x5f05ab6ed6106d6c962823e481bd9f39c6d60e96,XRP,0.4645216416405578
0x5f05ab6ed6106d6c962823e481bd9f39c6d60e96,DOGE,0.5585557967940772
0x5f05ab6ed6106d6c962823e481bd9f39c6d60e96,DASH,0.5578636685163719
0x5f05ab6ed6106d6c962823e481bd9f39c6d60e96,XMR,0.558244036645106
0x5f05ab6ed6106d6c962823e481bd9f39c6d60e96,XLM,0.4742241300824246
0x5f05ab6ed6106d6c962823e481bd9f39c6d60e96,ETH,0.6721066405743662
0x5f05ab6ed6106d6c962823e481bd9f39c6d60e96,ETC,0.567617989528709
0x5f05ab6ed6106d6c962823e481bd9f39c6d60e96,ZEC,0.4491520917965378
0x5f05ab6ed6106d6c962823e481bd9f39c6d60e96,ZEN,0.5131618858574876
0x5f05ab6ed6106d6c962823e481bd9f39c6d60e96,IOTA,0.5127061533615056
0x5f05ab6ed6106d6c962823e481bd9f39c6d60e96,BCH,0.5774454304335636
0x5f05ab6ed6106d6c962823e481bd9f39c6d60e96,BNB,0.617133257848186
0x5f05ab6ed6106d6c962823e481bd9f39c6d60e96,TRX,0.6735977741647731
0x5f05ab6ed6106d6c962823e481bd9f39c6d60e96,LINK,0.5275023458063048
0x5f05ab6ed6106d6c962823e481bd9f39c6d60e96,ADA,0.421981630237506
0x5f05ab6ed6106d6c962823e481bd9f39c6d60e96,FIL,0.4878928365857495
0x5f05ab6ed6106d6c962823e481bd9f39c6d60e96,SNX,0.5463102990884227
0x5f05ab6ed6106d6c962823e481bd9f39c6d60e96,BSV,0.5583918927325611
0x5f05ab6ed6106d6c962823e481bd9f39c6d60e96,FET,0.5527184364225814
0x5f05ab6ed6106d6c962823e481bd9f39c6d60e96,ATOM,0.5695352034228481
0x5f05ab6ed6106d6c962823e481bd9f39c6d60e96,RSR,0.5255655602678865
0x5f05ab6ed6106d6c962823e481bd9f39c6d60e96,ALGO,0.5049771560793366
0x5f05ab6ed6106d6c962823e481bd9f39c6d60e96,RUNE,0.5502439537326349
0x5f05ab6ed6106d6c962823e481bd9f39c6d60e96,LUNC,0.477815244863193
0x5f05ab6ed6106d6c962823e481bd9f39c6d60e96,HBAR,0.520715317278887
0x5f05ab6ed6106d6c962823e481bd9f39c6d60e96,PAXG,0.6318047947355027
0x5f05ab6ed6106d6c962823e481bd9f39c6d60e96,STX,0.5334535357111025
0x5f05ab6ed6106d6c962823e481bd9f39c6d60e96,TRB,0.5508270205366733
0x5f05ab6ed6106d6c962823e481bd9f39c6d60e96,SOL,0.64542687930691
0x5f05ab6ed6106d6c962823e481bd9f39c6d60e96,CELO,0.5641789205057928
0x5f05ab6ed6106d6c962823e481bd9f39c6d60e96,UMA,0.5531346654362399
0x5f05ab6ed6106d6c962823e481bd9f39c6d60e96,AR,0.5870922514478786
0x5f05ab6ed6106d6c962823e481bd9f39c6d60e96,RENDER,0.5559972463800026
0x5f05ab6ed6106d6c962823e481bd9f39c6d60e96,COMP,0.511209610186085
0x5f05ab6ed6106d6c962823e481bd9f39c6d60e96,AVAX,0.5281612908867264
0x5f05ab6ed6106d6c962823e481bd9f39c6d60e96,SHIB,0.498807516399812
0x5f05ab6ed6106d6c962823e481bd9f39c6d60e96,SAND,0.5320987456488515
0x5f05ab6ed6106d6c962823e481bd9f39c6d60e96,NEAR,0.5365899707592169
0x5f05ab6ed6106d6c962823e481bd9f39c6d60e96,CRV,0.530279634549667
0x5f05ab6ed6106d6c962823e481bd9f39c6d60e96,DOT,0.4983671703183627
0x5f05ab6ed6106d6c962823e481bd9f39c6d60e96,SUSHI,0.4998107722793358
0x5f05ab6ed6106d6c962823e481bd9f39c6d60e96,AXS,0.516686703733328
0x5f05ab6ed6106d6c962823e481bd9f39c6d60e96,GALA,0.5007932931607875
0x5f05ab6ed6106d6c962823e481bd9f39c6d60e96,UNI,0.405800239323614
0x5f05ab6ed6106d6c962823e481bd9f39c6d60e96,CAKE,0.5561254556221367
0x5f05ab6ed6106d6c962823e481bd9f39c6d60e96,INJ,0.4794867394452236
0x5f05ab6ed6106d6c962823e481bd9f39c6d60e96,AAVE,0.3651134080939245
0x5f05ab6ed6106d6c962823e481bd9f39c6d60e96,CFX,0.5009044586383281
0x5f05ab6ed6106d6c962823e481bd9f39c6d60e96,LDO,0.4840572453874233
0x5f05ab6ed6106d6c962823e481bd9f39c6d60e96,MINA,0.5162048778066817
0x5f05ab6ed6106d6c962823e481bd9f39c6d60e96,ICP,0.4680171123717023
0x5f05ab6ed6106d6c962823e481bd9f39c6d60e96,PENDLE,0.5385448456470813
0x5f05ab6ed6106d6c962823e481bd9f39c6d60e96,IMX,0.5581773368326961
0x5f05ab6ed6106d6c962823e481bd9f39c6d60e96,FLOKI,0.5011661584344901
0x5f05ab6ed6106d6c962823e481bd9f39c6d60e96,OP,0.4513649370373622
0x5f05ab6ed6106d6c962823e481bd9f39c6d60e96,ARB,0.4761716631987152
0x5f05ab6ed6106d6c962823e481bd9f39c6d60e96,GMX,0.503309152691385
0x5f05ab6ed6106d6c962823e481bd9f39c6d60e96,WLD,0.5826685037762085
0x5f05ab6ed6106d6c962823e481bd9f39c6d60e96,MANTA,0.4949492064037757
0x5f05ab6ed6106d6c962823e481bd9f39c6d60e96,ENS,0.545164274912829
0x5f05ab6ed6106d6c962823e481bd9f39c6d60e96,PEOPLE,0.4648627727000144
0x5f05ab6ed6106d6c962823e481bd9f39c6d60e96,GMT,0.5865105359801583
0x5f05ab6ed6106d6c962823e481bd9f39c6d60e96,APE,0.4816905512844883
0x5f05ab6ed6106d6c962823e481bd9f39c6d60e96,APEX,0.5759434909934288
0x5f05ab6ed6106d6c962823e481bd9f39c6d60e96,KAS,0.5784281966432651
0x5f05ab6ed6106d6c962823e481bd9f39c6d60e96,SUI,0.521852267942385
0x5f05ab6ed6106d6c962823e481bd9f39c6d60e96,ONDO,0.4719042198582924
0x5f05ab6ed6106d6c962823e481bd9f39c6d60e96,ZETA,0.5126082847796678
0x5f05ab6ed6106d6c962823e481bd9f39c6d60e96,APT,0.4974783502674691
0x5f05ab6ed6106d6c962823e481bd9f39c6d60e96,STRK,0.5435853235342264
0x5f05ab6ed6106d6c962823e481bd9f39c6d60e96,TIA,0.5563950971115628
0x5f05ab6ed6106d6c962823e481bd9f39c6d60e96,TAO,0.4993377441646169
0x5f05ab6ed6106d6c962823e481bd9f39c6d60e96,BONK,0.4895389414145419
0x5f05ab6ed6106d6c962823e481bd9f39c6d60e96,BLUR,0.5000863594358157
0x5f05ab6ed6106d6c962823e481bd9f39c6d60e96,SEI,0.52721262512729
0x5f05ab6ed6106d6c962823e481bd9f39c6d60e96,ZK,0.5484100561378565
0x5f05ab6ed6106d6c962823e481bd9f39c6d60e96,PEPE,0.540442598706382
0x5f05ab6ed6106d6c962823e481bd9f39c6d60e96,BERA,0.5633845300360284
0x5f05ab6ed6106d6c962823e481bd9f39c6d60e96,TURBO,0.4850028336981961
0x5f05ab6ed6106d6c962823e481bd9f39c6d60e96,ORDI,0.4564744716209806
0x5f05ab6ed6106d6c962823e481bd9f39c6d60e96,ZRO,0.3486970881148684
0x5f05ab6ed6106d6c962823e481bd9f39c6d60e96,MNT,0.5338581780671252
0x5f05ab6ed6106d6c962823e481bd9f39c6d60e96,LINEA,0.5106667408693801
0x5f05ab6ed6106d6c962823e481bd9f39c6d60e96,PYTH,0.4861375419802611
0x5f05ab6ed6106d6c962823e481bd9f39c6d60e96,MEME,0.4874058717350991
0x5f05ab6ed6106d6c962823e481bd9f39c6d60e96,POL,0.4823665306069049
0x5f05ab6ed6106d6c962823e481bd9f39c6d60e96,JTO,0.4738162254183417
0x5f05ab6ed6106d6c962823e481bd9f39c6d60e96,WIF,0.5148136657894281
0x5f05ab6ed6106d6c962823e481bd9f39c6d60e96,POPCAT,0.4961292795344184
0x5f05ab6ed6106d6c962823e481bd9f39c6d60e96,NOT,0.509489691493285
0x5f05ab6ed6106d6c962823e481bd9f39c6d60e96,DYM,0.3191197705524928
0x5f05ab6ed6106d6c962823e481bd9f39c6d60e96,XAI,0.4246329666031385
0x5f05ab6ed6106d6c962823e481bd9f39c6d60e96,ALT,0.4606912125359022
0x5f05ab6ed6106d6c962823e481bd9f39c6d60e96,JUP,0.5103326844253642
0x5f05ab6ed6106d6c962823e481bd9f39c6d60e96,AERO,0.5358105158365036
0x5f05ab6ed6106d6c962823e481bd9f39c6d60e96,VIRTUAL,0.4902757233500777
0x5f05ab6ed6106d6c962823e481bd9f39c6d60e96,W,0.525071052645239
0x5f05ab6ed6106d6c962823e481bd9f39c6d60e96,BRETT,0.4899704603211746
0x5f05ab6ed6106d6c962823e481bd9f39c6d60e96,ETHFI,0.4525657872119249
0x5f05ab6ed6106d6c962823e481bd9f39c6d60e96,IO,0.5517165266384387
0x5f05ab6ed6106d6c962823e481bd9f39c6d60e96,BOME,0.3032352520412216
0x5f05ab6ed6106d6c962823e481bd9f39c6d60e96,sENA,0.4876706457172085
0x5f05ab6ed6106d6c962823e481bd9f39c6d60e96,TNSR,0.4753135415382337
0x5f05ab6ed6106d6c962823e481bd9f39c6d60e96,EIGEN,0.5204355866392311
0x5f05ab6ed6106d6c962823e481bd9f39c6d60e96,MON,0.5095185349682427
0x5f05ab6ed6106d6c962823e481bd9f39c6d60e96,MERL,0.4120795758891754
0x5f05ab6ed6106d6c962823e481bd9f39c6d60e96,REZ,0.278719625142146
0x5f05ab6ed6106d6c962823e481bd9f39c6d60e96,SOPH,0.5155593039511216
0x5f05ab6ed6106d6c962823e481bd9f39c6d60e96,HYPE,0.5676778501893847
0x5f05ab6ed6106d6c962823e481bd9f39c6d60e96,ME,0.4085413667190752
0x5f05ab6ed6106d6c962823e481bd9f39c6d60e96,BABY,0.3262336720005861
0x5f05ab6ed6106d6c962823e481bd9f39c6d60e96,MOVE,0.5376059067749122
0x5f05ab6ed6106d6c962823e481bd9f39c6d60e96,NEIRO,0.3458275906946328
0x5f05ab6ed6106d6c962823e481bd9f39c6d60e96,S,0.4799271063969356
0x5f05ab6ed6106d6c962823e481bd9f39c6d60e96,GRASS,0.5496791307850162
0x5f05ab6ed6106d6c962823e481bd9f39c6d60e96,SKY,0.5091426623312503
0x5f05ab6ed6106d6c962823e481bd9f39c6d60e96,INIT,0.479541647703525
0x5f05ab6ed6106d6c962823e481bd9f39c6d60e96,WCT,0.513090352622569
0x5f05ab6ed6106d6c962823e481bd9f39c6d60e96,WLFI,0.5559173384780967
0x5f05ab6ed6106d6c962823e481bd9f39c6d60e96,GOAT,0.4553555488331853
0x5f05ab6ed6106d6c962823e481bd9f39c6d60e96,FARTCOIN,0.4848830158682518
0x5f05ab6ed6106d6c962823e481bd9f39c6d60e96,PNUT,0.4190078052155962
0x5f05ab6ed6106d6c962823e481bd9f39c6d60e96,SYRUP,0.5156175739934225
0x5f05ab6ed6106d6c962823e481bd9f39c6d60e96,USUAL,0.3877151632184022
0x5f05ab6ed6106d6c962823e481bd9f39c6d60e96,AIXBT,0.3877722174671799
0x5f05ab6ed6106d6c962823e481bd9f39c6d60e96,MORPHO,0.5603718434972962
0x5f05ab6ed6106d6c962823e481bd9f39c6d60e96,PENGU,0.4482144875653017
0x5f05ab6ed6106d6c962823e481bd9f39c6d60e96,GRIFFAIN,0.4012873825248202
0x5f05ab6ed6106d6c962823e481bd9f39c6d60e96,BIO,0.3697405018210937
0x5f05ab6ed6106d6c962823e481bd9f39c6d60e96,ANIME,0.4555010172310396
0x5f05ab6ed6106d6c962823e481bd9f39c6d60e96,TRUMP,0.5120442454369734
0x5f05ab6ed6106d6c962823e481bd9f39c6d60e96,MELANIA,0.5094126114673807
0x5f05ab6ed6106d6c962823e481bd9f39c6d60e96,VINE,0.4935343681288267
0x5f05ab6ed6106d6c962823e481bd9f39c6d60e96,LAYER,0.5059528681857353
0x5f05ab6ed6106d6c962823e481bd9f39c6d60e96,VVV,0.4628117498265224
0x5f05ab6ed6106d6c962823e481bd9f39c6d60e96,IP,0.4450734875071186
0x5f05ab6ed6106d6c962823e481bd9f39c6d60e96,NIL,0.1507743223588047
0x5f05ab6ed6106d6c962823e481bd9f39c6d60e96,KAITO,0.4661892838951906
0x5f05ab6ed6106d6c962823e481bd9f39c6d60e96,ZORA,0.5041173661729239
0x5f05ab6ed6106d6c962823e481bd9f39c6d60e96,HYPER,0.4835287739771621
0x5f05ab6ed6106d6c962823e481bd9f39c6d60e96,ASTER,0.5249530031834637
0x5f05ab6ed6106d6c962823e481bd9f39c6d60e96,PUMP,0.2934332918774083
0x5f05ab6ed6106d6c962823e481bd9f39c6d60e96,XPL,0.5554416748086786
0x5f05ab6ed6106d6c962823e481bd9f39c6d60e96,CC,0.5108185992328277
0x5f05ab6ed6106d6c962823e481bd9f39c6d60e96,PROVE,0.4868169589109547
0x5f05ab6ed6106d6c962823e481bd9f39c6d60e96,HEMI,0.2392420065842208
0x5f05ab6ed6106d6c962823e481bd9f39c6d60e96,AVNT,0.3709264868167016
0x5f05ab6ed6106d6c962823e481bd9f39c6d60e96,0G,0.5074462111240142
0x5f05ab6ed6106d6c962823e481bd9f39c6d60e96,2Z,0.4872922108494
0x5f05ab6ed6106d6c962823e481bd9f39c6d60e96,LIT,0.4016131371334914
0x6cb72d052d57563180474923fdd9f827455637db,AAVE,0.4444444444444444
0x6cb72d052d57563180474923fdd9f827455637db,ADA,0.5416666666666666
0x6cb72d052d57563180474923fdd9f827455637db,ALGO,0.3611111111111111
0x6cb72d052d57563180474923fdd9f827455637db,APE,0.0555555555555555
0x6cb72d052d57563180474923fdd9f827455637db,APT,0.4027777777777778
0x6cb72d052d57563180474923fdd9f827455637db,ATOM,0.3888888888888889
0x6cb72d052d57563180474923fdd9f827455637db,AVAX,0.6111111111111112
0x6cb72d052d57563180474923fdd9f827455637db,AXS,0.2361111111111111
0x6cb72d052d57563180474923fdd9f827455637db,BCH,0.8472222222222222
0x6cb72d052d57563180474923fdd9f827455637db,BLUR,0.5
0x6cb72d052d57563180474923fdd9f827455637db,BNB,0.9722222222222222
0x6cb72d052d57563180474923fdd9f827455637db,BONK,0.5555555555555556
0x6cb72d052d57563180474923fdd9f827455637db,BTC,0.9861111111111112
0x6cb72d052d57563180474923fdd9f827455637db,CAKE,0.8055555555555556
0x6cb72d052d57563180474923fdd9f827455637db,COMP,0.7083333333333334
0x6cb72d052d57563180474923fdd9f827455637db,CRV,0.7916666666666666
0x6cb72d052d57563180474923fdd9f827455637db,DOGE,0.875
0x6cb72d052d57563180474923fdd9f827455637db,DOT,0.5972222222222222
0x6cb72d052d57563180474923fdd9f827455637db,ETC,0.6666666666666666
0x6cb72d052d57563180474923fdd9f827455637db,ETH,0.9444444444444444
0x6cb72d052d57563180474923fdd9f827455637db,FET,0.0
0x6cb72d052d57563180474923fdd9f827455637db,FIL,0.3333333333333333
0x6cb72d052d57563180474923fdd9f827455637db,S,0.5
0x6cb72d052d57563180474923fdd9f827455637db,ICP,0.7361111111111112
0x6cb72d052d57563180474923fdd9f827455637db,IMX,0.3194444444444444
0x6cb72d052d57563180474923fdd9f827455637db,INJ,0.2222222222222222
0x6cb72d052d57563180474923fdd9f827455637db,LDO,0.7638888888888888
0x6cb72d052d57563180474923fdd9f827455637db,LINK,0.8888888888888888
0x6cb72d052d57563180474923fdd9f827455637db,LTC,0.9166666666666666
0x6cb72d052d57563180474923fdd9f827455637db,POL,0.5
0x6cb72d052d57563180474923fdd9f827455637db,NEAR,0.0138888888888888
0x6cb72d052d57563180474923fdd9f827455637db,OP,0.6944444444444444
0x6cb72d052d57563180474923fdd9f827455637db,PENDLE,0.4305555555555556
0x6cb72d052d57563180474923fdd9f827455637db,PEPE,0.625
0x6cb72d052d57563180474923fdd9f827455637db,PYTH,0.0416666666666666
0x6cb72d052d57563180474923fdd9f827455637db,RENDER,0.5
0x6cb72d052d57563180474923fdd9f827455637db,RUNE,0.3472222222222222
0x6cb72d052d57563180474923fdd9f827455637db,SHIB,0.2638888888888889
0x6cb72d052d57563180474923fdd9f827455637db,SOL,0.8194444444444444
0x6cb72d052d57563180474923fdd9f827455637db,SUI,0.4861111111111111
0x6cb72d052d57563180474923fdd9f827455637db,SUSHI,0.5833333333333334
0x6cb72d052d57563180474923fdd9f827455637db,TIA,0.0277777777777777
0x6cb72d052d57563180474923fdd9f827455637db,TRX,1.0
0x6cb72d052d57563180474923fdd9f827455637db,UNI,0.5138888888888888
0x6cb72d052d57563180474923fdd9f827455637db,XLM,0.3055555555555556
0x6cb72d052d57563180474923fdd9f827455637db,XMR,0.6388888888888888
0x6cb72d052d57563180474923fdd9f827455637db,XRP,0.9583333333333334
0x6d7841df878bff8ff84c2730d3051439d3009109,SKY,0.763356626033783
0x6d7841df878bff8ff84c2730d3051439d3009109,TRX,0.857609212398529
0x6d7841df878bff8ff84c2730d3051439d3009109,XLM,0.7153896689414978
0x6d7841df878bff8ff84c2730d3051439d3009109,XMR,0.856780469417572
0x6d7841df878bff8ff84c2730d3051439d3009109,XRP,0.8187159895896912
0x6d7841df878bff8ff84c2730d3051439d3009109,ZEC,0.9283547401428224
0x6d7841df878bff8ff84c2730d3051439d3009109,BCH,0.8313693404197693
0x6d7841df878bff8ff84c2730d3051439d3009109,BTC,0.961618423461914
0x6d7841df878bff8ff84c2730d3051439d3009109,DOGE,0.7517589926719666
0x6d7841df878bff8ff84c2730d3051439d3009109,ETC,0.6617617011070251
0x6d7841df878bff8ff84c2730d3051439d3009109,LTC,0.8278726935386658
0x6d7841df878bff8ff84c2730d3051439d3009109,ETH,0.9445681571960448
0x6d7841df878bff8ff84c2730d3051439d3009109,ADA,0.5750550031661987
0x6d7841df878bff8ff84c2730d3051439d3009109,LINK,0.7159637808799744
0x6d7841df878bff8ff84c2730d3051439d3009109,S,0.2327023148536682
0x6d7841df878bff8ff84c2730d3051439d3009109,ATOM,0.6703476309776306
0x6d7841df878bff8ff84c2730d3051439d3009109,SNX,0.4849997758865356
0x6d7841df878bff8ff84c2730d3051439d3009109,RSR,0.5208081007003784
0x6d7841df878bff8ff84c2730d3051439d3009109,ALGO,0.6599668860435486
0x6d7841df878bff8ff84c2730d3051439d3009109,RUNE,0.6187776327133179
0x6d7841df878bff8ff84c2730d3051439d3009109,TRB,0.6825465559959412
0x6d7841df878bff8ff84c2730d3051439d3009109,SOL,0.7978844046592712
0x6d7841df878bff8ff84c2730d3051439d3009109,UMA,0.5922404527664185
0x6d7841df878bff8ff84c2730d3051439d3009109,PAXG,0.9318089485168456
0x6d7841df878bff8ff84c2730d3051439d3009109,COMP,0.6856483817100525
0x6d7841df878bff8ff84c2730d3051439d3009109,AVAX,0.6896914839744568
0x6d7841df878bff8ff84c2730d3051439d3009109,SAND,0.5584946870803833
0x6d7841df878bff8ff84c2730d3051439d3009109,CRV,0.6185365915298462
0x6d7841df878bff8ff84c2730d3051439d3009109,LAYER,0.4191358983516693
0x6d7841df878bff8ff84c2730d3051439d3009109,DOT,0.5300482511520386
0x6d7841df878bff8ff84c2730d3051439d3009109,SUSHI,0.5986489057540894
0x6d7841df878bff8ff84c2730d3051439d3009109,UNI,0.6855620741844177
0x6d7841df878bff8ff84c2730d3051439d3009109,AAVE,0.7703356146812439
0x6d7841df878bff8ff84c2730d3051439d3009109,NEAR,0.6076658964157104
0x6d7841df878bff8ff84c2730d3051439d3009109,FIL,0.6733099818229675
0x6d7841df878bff8ff84c2730d3051439d3009109,AXS,0.485547661781311
0x6d7841df878bff8ff84c2730d3051439d3009109,INJ,0.6903137564659119
0x6d7841df878bff8ff84c2730d3051439d3009109,ZORA,0.3433810174465179
0x6d7841df878bff8ff84c2730d3051439d3009109,CELO,0.5481663942337036
0x6d7841df878bff8ff84c2730d3051439d3009109,LIT,0.7498673796653748
0x6d7841df878bff8ff84c2730d3051439d3009109,SHIB,0.6754345297813416
0x6d7841df878bff8ff84c2730d3051439d3009109,ICP,0.6202760934829712
0x6d7841df878bff8ff84c2730d3051439d3009109,RENDER,0.636755645275116
0x6d7841df878bff8ff84c2730d3051439d3009109,LDO,0.5178333520889282
0x6d7841df878bff8ff84c2730d3051439d3009109,GALA,0.4661105871200561
0x6d7841df878bff8ff84c2730d3051439d3009109,FET,0.4378572702407837
0x6d7841df878bff8ff84c2730d3051439d3009109,ENS,0.5877505540847778
0x6d7841df878bff8ff84c2730d3051439d3009109,IMX,0.4801820516586303
0x6d7841df878bff8ff84c2730d3051439d3009109,PEOPLE,0.2452288269996643
0x6d7841df878bff8ff84c2730d3051439d3009109,GMT,0.409047931432724
0x6d7841df878bff8ff84c2730d3051439d3009109,FLOKI,0.4839423894882202
0x6d7841df878bff8ff84c2730d3051439d3009109,POL,0.541277289390564
0x6d7841df878bff8ff84c2730d3051439d3009109,APE,0.5250812768936157
0x6d7841df878bff8ff84c2730d3051439d3009109,GMX,0.6403157114982605
0x6d7841df878bff8ff84c2730d3051439d3009109,BLUR,0.5023294687271118
0x6d7841df878bff8ff84c2730d3051439d3009109,PENDLE,0.72469562292099
0x6d7841df878bff8ff84c2730d3051439d3009109,MINA,0.4970215559005737
0x6d7841df878bff8ff84c2730d3051439d3009109,LUNC,0.7077388167381287
0x6d7841df878bff8ff84c2730d3051439d3009109,MEME,0.3130193650722503
0x6d7841df878bff8ff84c2730d3051439d3009109,OP,0.612075686454773
0x6d7841df878bff8ff84c2730d3051439d3009109,ZEN,0.4435993432998657
0x6d7841df878bff8ff84c2730d3051439d3009109,STRK,0.4323621690273285
0x6d7841df878bff8ff84c2730d3051439d3009109,STX,0.5083311796188354
0x6d7841df878bff8ff84c2730d3051439d3009109,CFX,0.5822440385818481
0x6d7841df878bff8ff84c2730d3051439d3009109,CAKE,0.7570037245750427
0x6d7841df878bff8ff84c2730d3051439d3009109,DASH,0.6913833022117615
0x6d7841df878bff8ff84c2730d3051439d3009109,BSV,0.659587562084198
0x6d7841df878bff8ff84c2730d3051439d3009109,AR,0.4120260179042816
0x6d7841df878bff8ff84c2730d3051439d3009109,APT,0.5640562772750854
0x6d7841df878bff8ff84c2730d3051439d3009109,ALT,0.4468356370925903
0x6d7841df878bff8ff84c2730d3051439d3009109,BNB,1.0
0x6d7841df878bff8ff84c2730d3051439d3009109,BONK,0.3977437913417816
0x6d7841df878bff8ff84c2730d3051439d3009109,BABY,0.3323157727718353
0x6d7841df878bff8ff84c2730d3051439d3009109,HBAR,0.6486472487449646
0x6d7841df878bff8ff84c2730d3051439d3009109,KAS,0.4971030950546264
0x6d7841df878bff8ff84c2730d3051439d3009109,PEPE,0.5856200456619263
0x6d7841df878bff8ff84c2730d3051439d3009109,ORDI,0.4932254552841186
0x6d7841df878bff8ff84c2730d3051439d3009109,SUI,0.7078918814659119
0x6d7841df878bff8ff84c2730d3051439d3009109,MNT,0.6084095239639282
0x6d7841df878bff8ff84c2730d3051439d3009109,IOTA,0.4899793863296509
0x6d7841df878bff8ff84c2730d3051439d3009109,TURBO,0.4013558328151703
0x6d7841df878bff8ff84c2730d3051439d3009109,TIA,0.4428597688674927
0x6d7841df878bff8ff84c2730d3051439d3009109,SEI,0.4802449941635132
0x6d7841df878bff8ff84c2730d3051439d3009109,TAO,0.6694795489311218
0x6d7841df878bff8ff84c2730d3051439d3009109,JTO,0.5137771368026733
0x6d7841df878bff8ff84c2730d3051439d3009109,PYTH,0.556782603263855
0x6d7841df878bff8ff84c2730d3051439d3009109,MANTA,0.5565420389175415
0x6d7841df878bff8ff84c2730d3051439d3009109,ONDO,0.6760954260826111
0x6d7841df878bff8ff84c2730d3051439d3009109,WIF,0.4954880475997925
0x6d7841df878bff8ff84c2730d3051439d3009109,XAI,0.0421776883304119
0x6d7841df878bff8ff84c2730d3051439d3009109,ZETA,0.5145472288131714
0x6d7841df878bff8ff84c2730d3051439d3009109,JUP,0.6540910601615906
0x6d7841df878bff8ff84c2730d3051439d3009109,DYM,0.1089675650000572
0x6d7841df878bff8ff84c2730d3051439d3009109,TRUMP,0.3930793702602386
0x6d7841df878bff8ff84c2730d3051439d3009109,APEX,0.4347971379756927
0x6d7841df878bff8ff84c2730d3051439d3009109,ARB,0.5189353227615356
0x6d7841df878bff8ff84c2730d3051439d3009109,BOME,0.0
0x6d7841df878bff8ff84c2730d3051439d3009109,HYPER,0.4462610483169555
0x6d7841df878bff8ff84c2730d3051439d3009109,ETHFI,0.629382312297821
0x6d7841df878bff8ff84c2730d3051439d3009109,BRETT,0.3788901269435882
0x6d7841df878bff8ff84c2730d3051439d3009109,W,0.434642881155014
0x6d7841df878bff8ff84c2730d3051439d3009109,GOAT,0.2436094880104065
0x6d7841df878bff8ff84c2730d3051439d3009109,POPCAT,0.3912087380886078
0x6d7841df878bff8ff84c2730d3051439d3009109,MERL,0.5344196557998657
0x6d7841df878bff8ff84c2730d3051439d3009109,ZK,0.4659358263015747
0x6d7841df878bff8ff84c2730d3051439d3009109,TNSR,0.4181292951107025
0x6d7841df878bff8ff84c2730d3051439d3009109,AERO,0.5306349992752075
0x6d7841df878bff8ff84c2730d3051439d3009109,REZ,0.2157092541456222
0x6d7841df878bff8ff84c2730d3051439d3009109,NOT,0.4163902699947357
0x6d7841df878bff8ff84c2730d3051439d3009109,MON,0.4296687543392181
0x6d7841df878bff8ff84c2730d3051439d3009109,VIRTUAL,0.7457146048545837
0x6d7841df878bff8ff84c2730d3051439d3009109,IO,0.4763575792312622
0x6d7841df878bff8ff84c2730d3051439d3009109,ZRO,0.5506383180618286
0x6d7841df878bff8ff84c2730d3051439d3009109,WLD,0.4449762105941772
0x6d7841df878bff8ff84c2730d3051439d3009109,NEIRO,0.1302163898944854
0x6d7841df878bff8ff84c2730d3051439d3009109,EIGEN,0.4347971379756927
0x6d7841df878bff8ff84c2730d3051439d3009109,MOVE,0.1423161327838897
0x6d7841df878bff8ff84c2730d3051439d3009109,FARTCOIN,0.490165114402771
0x6d7841df878bff8ff84c2730d3051439d3009109,GRASS,0.4128125607967376
0x6d7841df878bff8ff84c2730d3051439d3009109,PNUT,0.3714936673641205
0x6d7841df878bff8ff84c2730d3051439d3009109,USUAL,0.1290216743946075
0x6d7841df878bff8ff84c2730d3051439d3009109,MORPHO,0.8517641425132751
0x6d7841df878bff8ff84c2730d3051439d3009109,AIXBT,0.3685875833034515
0x6d7841df878bff8ff84c2730d3051439d3009109,HYPE,0.796635091304779
0x6d7841df878bff8ff84c2730d3051439d3009109,ME,0.4667350053787231
0x6d7841df878bff8ff84c2730d3051439d3009109,PENGU,0.5563977956771851
0x6d7841df878bff8ff84c2730d3051439d3009109,sENA,0.3401242196559906
0x6d7841df878bff8ff84c2730d3051439d3009109,BIO,0.439494252204895
0x6d7841df878bff8ff84c2730d3051439d3009109,GRIFFAIN,0.0754866749048233
0x6d7841df878bff8ff84c2730d3051439d3009109,MELANIA,0.4713393449783325
0x6d7841df878bff8ff84c2730d3051439d3009109,VINE,0.4512289762496948
0x6d7841df878bff8ff84c2730d3051439d3009109,ANIME,0.5064841508865356
0x6d7841df878bff8ff84c2730d3051439d3009109,VVV,0.6927356123924255
0x6d7841df878bff8ff84c2730d3051439d3009109,SYRUP,0.6977404952049255
0x6d7841df878bff8ff84c2730d3051439d3009109,BERA,0.272102415561676
0x6d7841df878bff8ff84c2730d3051439d3009109,IP,0.2503991723060608
0x6d7841df878bff8ff84c2730d3051439d3009109,KAITO,0.7394976019859314
0x6d7841df878bff8ff84c2730d3051439d3009109,NIL,0.3368264138698578
0x6d7841df878bff8ff84c2730d3051439d3009109,WCT,0.4757453203201294
0x6d7841df878bff8ff84c2730d3051439d3009109,PUMP,0.687011182308197
0x6d7841df878bff8ff84c2730d3051439d3009109,INIT,0.4014600217342376
0x6d7841df878bff8ff84c2730d3051439d3009109,SOPH,0.4401425123214721
0x6d7841df878bff8ff84c2730d3051439d3009109,PROVE,0.4181097447872162
0x6d7841df878bff8ff84c2730d3051439d3009109,WLFI,0.5848873853683472
0x6d7841df878bff8ff84c2730d3051439d3009109,0G,0.2526443600654602
0x6d7841df878bff8ff84c2730d3051439d3009109,ASTER,0.7508367896080017
0x6d7841df878bff8ff84c2730d3051439d3009109,AVNT,0.1968906372785568
0x6d7841df878bff8ff84c2730d3051439d3009109,LINEA,0.4851113557815552
0x6d7841df878bff8ff84c2730d3051439d3009109,HEMI,0.2281749844551086
0x6d7841df878bff8ff84c2730d3051439d3009109,XPL,0.4785288572311401
0x6d7841df878bff8ff84c2730d3051439d3009109,2Z,0.5481747388839722
0x6d7841df878bff8ff84c2730d3051439d3009109,CC,0.3655050694942474
0x770a3026f8a348bebac2ba84cfc82f4ea01b420a,BTC,0.794919470667619
0x770a3026f8a348bebac2ba84cfc82f4ea01b420a,LTC,0.9155583873440604
0x770a3026f8a348bebac2ba84cfc82f4ea01b420a,TRX,0.709172714969548
0x770a3026f8a348bebac2ba84cfc82f4ea01b420a,DOGE,0.8156023458230723
0x770a3026f8a348bebac2ba84cfc82f4ea01b420a,XMR,0.871499972015043
0x770a3026f8a348bebac2ba84cfc82f4ea01b420a,XLM,0.3220430020835204
0x770a3026f8a348bebac2ba84cfc82f4ea01b420a,BCH,0.3899116770870978
0x770a3026f8a348bebac2ba84cfc82f4ea01b420a,XRP,0.4803116598969157
0x770a3026f8a348bebac2ba84cfc82f4ea01b420a,ETC,0.6025546915679505
0x770a3026f8a348bebac2ba84cfc82f4ea01b420a,ETH,0.6100883229129015
0x770a3026f8a348bebac2ba84cfc82f4ea01b420a,ADA,0.4192578372785817
0x770a3026f8a348bebac2ba84cfc82f4ea01b420a,LINK,0.7331346898588502
0x770a3026f8a348bebac2ba84cfc82f4ea01b420a,S,0.2908272850304514
0x770a3026f8a348bebac2ba84cfc82f4ea01b420a,ATOM,0.6684680367189229
0x770a3026f8a348bebac2ba84cfc82f4ea01b420a,ALGO,0.2668653101411492
0x770a3026f8a348bebac2ba84cfc82f4ea01b420a,RUNE,0.595162094947925
0x770a3026f8a348bebac2ba84cfc82f4ea01b420a,SOL,0.5462706379076192
0x770a3026f8a348bebac2ba84cfc82f4ea01b420a,COMP,0.6256465904028308
0x770a3026f8a348bebac2ba84cfc82f4ea01b420a,AVAX,0.5131139310851986
0x770a3026f8a348bebac2ba84cfc82f4ea01b420a,CRV,0.4263108088997995
0x770a3026f8a348bebac2ba84cfc82f4ea01b420a,DOT,1.0
0x770a3026f8a348bebac2ba84cfc82f4ea01b420a,SUSHI,0.677956997916479
0x770a3026f8a348bebac2ba84cfc82f4ea01b420a,UNI,0.4868860689148008
0x770a3026f8a348bebac2ba84cfc82f4ea01b420a,AAVE,0.7609559344644576
0x770a3026f8a348bebac2ba84cfc82f4ea01b420a,NEAR,0.340660486864818
0x770a3026f8a348bebac2ba84cfc82f4ea01b420a,FIL,0.687858988270668
0x770a3026f8a348bebac2ba84cfc82f4ea01b420a,AXS,0.5807421627214179
0x770a3026f8a348bebac2ba84cfc82f4ea01b420a,INJ,0.6419951143775149
0x770a3026f8a348bebac2ba84cfc82f4ea01b420a,SHIB,0.6337105547831783
0x770a3026f8a348bebac2ba84cfc82f4ea01b420a,ICP,0.7769524634230401
0x770a3026f8a348bebac2ba84cfc82f4ea01b420a,RENDER,0.2535432732819266
0x770a3026f8a348bebac2ba84cfc82f4ea01b420a,POL,0.4537293620923802
0x770a3026f8a348bebac2ba84cfc82f4ea01b420a,LDO,0.2230475365769594
0x770a3026f8a348bebac2ba84cfc82f4ea01b420a,FET,0.1597148942473113
0x770a3026f8a348bebac2ba84cfc82f4ea01b420a,IMX,0.5667255818727643
0x770a3026f8a348bebac2ba84cfc82f4ea01b420a,APE,0.3743534095971686
0x770a3026f8a348bebac2ba84cfc82f4ea01b420a,BLUR,0.0
0x770a3026f8a348bebac2ba84cfc82f4ea01b420a,OP,0.3822205335097756
0x770a3026f8a348bebac2ba84cfc82f4ea01b420a,APT,0.4737161725461445
0x770a3026f8a348bebac2ba84cfc82f4ea01b420a,BNB,0.6505275553995906
0x770a3026f8a348bebac2ba84cfc82f4ea01b420a,CAKE,0.5878957218686539
0x770a3026f8a348bebac2ba84cfc82f4ea01b420a,BONK,0.3974453084320489
0x770a3026f8a348bebac2ba84cfc82f4ea01b420a,PENDLE,0.6177794664902237
0x770a3026f8a348bebac2ba84cfc82f4ea01b420a,PEPE,0.6593395131351815
0x770a3026f8a348bebac2ba84cfc82f4ea01b420a,SUI,0.5736891911001999
0x770a3026f8a348bebac2ba84cfc82f4ea01b420a,TIA,0.5395673458788642
0x770a3026f8a348bebac2ba84cfc82f4ea01b420a,PYTH,0.4934465127841027
0x774b681d521dc347fc1ef449a134c88ed309cf62,NIL,0.0068965517241379
0x774b681d521dc347fc1ef449a134c88ed309cf62,KAITO,0.0137931034482758
0x774b681d521dc347fc1ef449a134c88ed309cf62,REZ,0.0206896551724137
0x774b681d521dc347fc1ef449a134c88ed309cf62,HEMI,0.0275862068965517
0x774b681d521dc347fc1ef449a134c88ed309cf62,BABY,0.0344827586206896
0x774b681d521dc347fc1ef449a134c88ed309cf62,DYM,0.0413793103448275
0x774b681d521dc347fc1ef449a134c88ed309cf62,NEIRO,0.0482758620689655
0x774b681d521dc347fc1ef449a134c88ed309cf62,BOME,0.0551724137931034
0x774b681d521dc347fc1ef449a134c88ed309cf62,AIXBT,0.0620689655172413
0x774b681d521dc347fc1ef449a134c88ed309cf62,ETHFI,0.0689655172413793
0x774b681d521dc347fc1ef449a134c88ed309cf62,LIT,0.0758620689655172
0x774b681d521dc347fc1ef449a134c88ed309cf62,CELO,0.0827586206896551
0x774b681d521dc347fc1ef449a134c88ed309cf62,ZRO,0.0896551724137931
0x774b681d521dc347fc1ef449a134c88ed309cf62,GRIFFAIN,0.096551724137931
0x774b681d521dc347fc1ef449a134c88ed309cf62,USUAL,0.1034482758620689
0x774b681d521dc347fc1ef449a134c88ed309cf62,LDO,0.1103448275862069
0x774b681d521dc347fc1ef449a134c88ed309cf62,CC,0.1172413793103448
0x774b681d521dc347fc1ef449a134c88ed309cf62,PUMP,0.1241379310344827
0x774b681d521dc347fc1ef449a134c88ed309cf62,PYTH,0.1310344827586207
0x774b681d521dc347fc1ef449a134c88ed309cf62,BONK,0.1379310344827586
0x774b681d521dc347fc1ef449a134c88ed309cf62,ME,0.1448275862068965
0x774b681d521dc347fc1ef449a134c88ed309cf62,EIGEN,0.1517241379310344
0x774b681d521dc347fc1ef449a134c88ed309cf62,SYRUP,0.1586206896551724
0x774b681d521dc347fc1ef449a134c88ed309cf62,AVNT,0.1655172413793103
0x774b681d521dc347fc1ef449a134c88ed309cf62,BIO,0.1724137931034483
0x774b681d521dc347fc1ef449a134c88ed309cf62,XAI,0.1793103448275862
0x774b681d521dc347fc1ef449a134c88ed309cf62,ORDI,0.1862068965517241
0x774b681d521dc347fc1ef449a134c88ed309cf62,GRASS,0.193103448275862
0x774b681d521dc347fc1ef449a134c88ed309cf62,ONDO,0.2
0x774b681d521dc347fc1ef449a134c88ed309cf62,PNUT,0.2068965517241379
0x774b681d521dc347fc1ef449a134c88ed309cf62,FARTCOIN,0.2137931034482758
0x774b681d521dc347fc1ef449a134c88ed309cf62,CFX,0.2206896551724138
0x774b681d521dc347fc1ef449a134c88ed309cf62,S,0.2275862068965517
0x774b681d521dc347fc1ef449a134c88ed309cf62,TNSR,0.2344827586206896
0x774b681d521dc347fc1ef449a134c88ed309cf62,VVV,0.2413793103448276
0x774b681d521dc347fc1ef449a134c88ed309cf62,UNI,0.2482758620689655
0x774b681d521dc347fc1ef449a134c88ed309cf62,WLFI,0.2551724137931034
0x774b681d521dc347fc1ef449a134c88ed309cf62,2Z,0.2620689655172414
0x774b681d521dc347fc1ef449a134c88ed309cf62,IO,0.2689655172413793
0x774b681d521dc347fc1ef449a134c88ed309cf62,AERO,0.2758620689655172
0x774b681d521dc347fc1ef449a134c88ed309cf62,SOPH,0.2827586206896552
0x774b681d521dc347fc1ef449a134c88ed309cf62,PROVE,0.2896551724137931
0x774b681d521dc347fc1ef449a134c88ed309cf62,ALT,0.296551724137931
0x774b681d521dc347fc1ef449a134c88ed309cf62,MEME,0.3034482758620689
0x774b681d521dc347fc1ef449a134c88ed309cf62,W,0.3103448275862069
0x774b681d521dc347fc1ef449a134c88ed309cf62,ANIME,0.3172413793103448
0x774b681d521dc347fc1ef449a134c88ed309cf62,APE,0.3241379310344827
0x774b681d521dc347fc1ef449a134c88ed309cf62,BRETT,0.3310344827586207
0x774b681d521dc347fc1ef449a134c88ed309cf62,BLUR,0.3379310344827586
0x774b681d521dc347fc1ef449a134c88ed309cf62,JTO,0.3448275862068966
0x774b681d521dc347fc1ef449a134c88ed309cf62,GOAT,0.3517241379310344
0x774b681d521dc347fc1ef449a134c88ed309cf62,INIT,0.3586206896551724
0x774b681d521dc347fc1ef449a134c88ed309cf62,XPL,0.3655172413793103
0x774b681d521dc347fc1ef449a134c88ed309cf62,MERL,0.3724137931034483
0x774b681d521dc347fc1ef449a134c88ed309cf62,ZK,0.3793103448275862
0x774b681d521dc347fc1ef449a134c88ed309cf62,TRB,0.3862068965517241
0x774b681d521dc347fc1ef449a134c88ed309cf62,JUP,0.3931034482758621
0x774b681d521dc347fc1ef449a134c88ed309cf62,TIA,0.4
0x774b681d521dc347fc1ef449a134c88ed309cf62,STX,0.4068965517241379
0x774b681d521dc347fc1ef449a134c88ed309cf62,SHIB,0.4137931034482758
0x774b681d521dc347fc1ef449a134c88ed309cf62,PENDLE,0.4206896551724138
0x774b681d521dc347fc1ef449a134c88ed309cf62,AAVE,0.4275862068965517
0x774b681d521dc347fc1ef449a134c88ed309cf62,ADA,0.4344827586206896
0x774b681d521dc347fc1ef449a134c88ed309cf62,LINEA,0.4413793103448276
0x774b681d521dc347fc1ef449a134c88ed309cf62,WLD,0.4482758620689655
0x774b681d521dc347fc1ef449a134c88ed309cf62,BERA,0.4551724137931034
0x774b681d521dc347fc1ef449a134c88ed309cf62,WIF,0.4620689655172413
0x774b681d521dc347fc1ef449a134c88ed309cf62,SEI,0.4689655172413793
0x774b681d521dc347fc1ef449a134c88ed309cf62,PENGU,0.4758620689655172
0x774b681d521dc347fc1ef449a134c88ed309cf62,NEAR,0.4827586206896552
0x774b681d521dc347fc1ef449a134c88ed309cf62,POPCAT,0.4896551724137931
0x774b681d521dc347fc1ef449a134c88ed309cf62,GALA,0.496551724137931
0x774b681d521dc347fc1ef449a134c88ed309cf62,VINE,0.503448275862069
0x774b681d521dc347fc1ef449a134c88ed309cf62,INJ,0.5103448275862069
0x774b681d521dc347fc1ef449a134c88ed309cf62,SUSHI,0.5172413793103449
0x774b681d521dc347fc1ef449a134c88ed309cf62,GMX,0.5241379310344828
0x774b681d521dc347fc1ef449a134c88ed309cf62,BSV,0.5310344827586206
0x774b681d521dc347fc1ef449a134c88ed309cf62,IP,0.5379310344827586
0x774b681d521dc347fc1ef449a134c88ed309cf62,ZETA,0.5448275862068965
0x774b681d521dc347fc1ef449a134c88ed309cf62,MORPHO,0.5517241379310345
0x774b681d521dc347fc1ef449a134c88ed309cf62,TURBO,0.5586206896551724
0x774b681d521dc347fc1ef449a134c88ed309cf62,MANTA,0.5655172413793104
0x774b681d521dc347fc1ef449a134c88ed309cf62,NOT,0.5724137931034483
0x774b681d521dc347fc1ef449a134c88ed309cf62,MON,0.5793103448275863
0x774b681d521dc347fc1ef449a134c88ed309cf62,FET,0.5862068965517241
0x774b681d521dc347fc1ef449a134c88ed309cf62,MINA,0.593103448275862
0x774b681d521dc347fc1ef449a134c88ed309cf62,WCT,0.6
0x774b681d521dc347fc1ef449a134c88ed309cf62,MELANIA,0.6068965517241379
0x774b681d521dc347fc1ef449a134c88ed309cf62,KAS,0.6137931034482759
0x774b681d521dc347fc1ef449a134c88ed309cf62,PEPE,0.6206896551724138
0x774b681d521dc347fc1ef449a134c88ed309cf62,OP,0.6275862068965518
0x774b681d521dc347fc1ef449a134c88ed309cf62,ALGO,0.6344827586206897
0x774b681d521dc347fc1ef449a134c88ed309cf62,SAND,0.6413793103448275
0x774b681d521dc347fc1ef449a134c88ed309cf62,ARB,0.6482758620689655
0x774b681d521dc347fc1ef449a134c88ed309cf62,APT,0.6551724137931034
0x774b681d521dc347fc1ef449a134c88ed309cf62,ZEC,0.6620689655172414
0x774b681d521dc347fc1ef449a134c88ed309cf62,XLM,0.6689655172413793
0x774b681d521dc347fc1ef449a134c88ed309cf62,GMT,0.6758620689655173
0x774b681d521dc347fc1ef449a134c88ed309cf62,AR,0.6827586206896552
0x774b681d521dc347fc1ef449a134c88ed309cf62,IOTA,0.6896551724137931
0x774b681d521dc347fc1ef449a134c88ed309cf62,SKY,0.696551724137931
0x774b681d521dc347fc1ef449a134c88ed309cf62,LUNC,0.7034482758620689
0x774b681d521dc347fc1ef449a134c88ed309cf62,ATOM,0.7103448275862069
0x774b681d521dc347fc1ef449a134c88ed309cf62,RSR,0.7172413793103448
0x774b681d521dc347fc1ef449a134c88ed309cf62,IMX,0.7241379310344828
0x774b681d521dc347fc1ef449a134c88ed309cf62,SNX,0.7310344827586207
0x774b681d521dc347fc1ef449a134c88ed309cf62,FIL,0.7379310344827587
0x774b681d521dc347fc1ef449a134c88ed309cf62,UMA,0.7448275862068966
0x774b681d521dc347fc1ef449a134c88ed309cf62,AXS,0.7517241379310344
0x774b681d521dc347fc1ef449a134c88ed309cf62,0G,0.7586206896551724
0x774b681d521dc347fc1ef449a134c88ed309cf62,VIRTUAL,0.7655172413793103
0x774b681d521dc347fc1ef449a134c88ed309cf62,CRV,0.7724137931034483
0x774b681d521dc347fc1ef449a134c88ed309cf62,DOT,0.7793103448275862
0x774b681d521dc347fc1ef449a134c88ed309cf62,SUI,0.7862068965517242
0x774b681d521dc347fc1ef449a134c88ed309cf62,RENDER,0.7931034482758621
0x774b681d521dc347fc1ef449a134c88ed309cf62,ETC,0.8
0x774b681d521dc347fc1ef449a134c88ed309cf62,ZORA,0.8068965517241379
0x774b681d521dc347fc1ef449a134c88ed309cf62,sENA,0.8137931034482758
0x774b681d521dc347fc1ef449a134c88ed309cf62,ZEN,0.8206896551724138
0x774b681d521dc347fc1ef449a134c88ed309cf62,FLOKI,0.8275862068965517
0x774b681d521dc347fc1ef449a134c88ed309cf62,COMP,0.8344827586206897
0x774b681d521dc347fc1ef449a134c88ed309cf62,ENS,0.8413793103448276
0x774b681d521dc347fc1ef449a134c88ed309cf62,RUNE,0.8482758620689655
0x774b681d521dc347fc1ef449a134c88ed309cf62,DASH,0.8551724137931035
0x774b681d521dc347fc1ef449a134c88ed309cf62,ASTER,0.8620689655172413
0x774b681d521dc347fc1ef449a134c88ed309cf62,HBAR,0.8689655172413793
0x774b681d521dc347fc1ef449a134c88ed309cf62,AVAX,0.8758620689655172
0x774b681d521dc347fc1ef449a134c88ed309cf62,PEOPLE,0.8827586206896552
0x774b681d521dc347fc1ef449a134c88ed309cf62,TAO,0.8896551724137931
0x774b681d521dc347fc1ef449a134c88ed309cf62,HYPE,0.896551724137931
0x774b681d521dc347fc1ef449a134c88ed309cf62,ICP,0.903448275862069
0x774b681d521dc347fc1ef449a134c88ed309cf62,POL,0.9103448275862068
0x774b681d521dc347fc1ef449a134c88ed309cf62,BCH,0.9172413793103448
0x774b681d521dc347fc1ef449a134c88ed309cf62,LINK,0.9241379310344828
0x774b681d521dc347fc1ef449a134c88ed309cf62,XRP,0.9310344827586208
0x774b681d521dc347fc1ef449a134c88ed309cf62,DOGE,0.9379310344827586
0x774b681d521dc347fc1ef449a134c88ed309cf62,CAKE,0.9448275862068966
0x774b681d521dc347fc1ef449a134c88ed309cf62,PAXG,0.9517241379310344
0x774b681d521dc347fc1ef449a134c88ed309cf62,SOL,0.9586206896551724
0x774b681d521dc347fc1ef449a134c88ed309cf62,LTC,0.9655172413793104
0x774b681d521dc347fc1ef449a134c88ed309cf62,BTC,0.9724137931034482
0x774b681d521dc347fc1ef449a134c88ed309cf62,ETH,0.9793103448275862
0x774b681d521dc347fc1ef449a134c88ed309cf62,BNB,0.986206896551724
0x774b681d521dc347fc1ef449a134c88ed309cf62,XMR,0.993103448275862
0x774b681d521dc347fc1ef449a134c88ed309cf62,TRX,1.0
0x7824282944b7cc7b8ef86ed9adbe21f49b247f97,SKY,0.5145504
0x7824282944b7cc7b8ef86ed9adbe21f49b247f97,TRX,0.56694406
0x7824282944b7cc7b8ef86ed9adbe21f49b247f97,XLM,0.509201
0x7824282944b7cc7b8ef86ed9adbe21f49b247f97,XMR,0.58197653
0x7824282944b7cc7b8ef86ed9adbe21f49b247f97,XRP,0.52526134
0x7824282944b7cc7b8ef86ed9adbe21f49b247f97,ZEC,0.51016337
0x7824282944b7cc7b8ef86ed9adbe21f49b247f97,BCH,0.5408791
0x7824282944b7cc7b8ef86ed9adbe21f49b247f97,BTC,0.5720776
0x7824282944b7cc7b8ef86ed9adbe21f49b247f97,DOGE,0.5279274
0x7824282944b7cc7b8ef86ed9adbe21f49b247f97,ETC,0.5208792
0x7824282944b7cc7b8ef86ed9adbe21f49b247f97,LTC,0.5500099
0x7824282944b7cc7b8ef86ed9adbe21f49b247f97,ETH,0.56816167
0x7824282944b7cc7b8ef86ed9adbe21f49b247f97,ADA,0.47578976
0x7824282944b7cc7b8ef86ed9adbe21f49b247f97,LINK,0.5302082
0x7824282944b7cc7b8ef86ed9adbe21f49b247f97,S,0.5148096
0x7824282944b7cc7b8ef86ed9adbe21f49b247f97,ATOM,0.50170606
0x7824282944b7cc7b8ef86ed9adbe21f49b247f97,SNX,0.52219915
0x7824282944b7cc7b8ef86ed9adbe21f49b247f97,RSR,0.5220941
0x7824282944b7cc7b8ef86ed9adbe21f49b247f97,ALGO,0.5291316
0x7824282944b7cc7b8ef86ed9adbe21f49b247f97,RUNE,0.57109714
0x7824282944b7cc7b8ef86ed9adbe21f49b247f97,TRB,0.51150066
0x7824282944b7cc7b8ef86ed9adbe21f49b247f97,SOL,0.54976904
0x7824282944b7cc7b8ef86ed9adbe21f49b247f97,UMA,0.5201214
0x7824282944b7cc7b8ef86ed9adbe21f49b247f97,PAXG,0.5968104
0x7824282944b7cc7b8ef86ed9adbe21f49b247f97,COMP,0.5274853
0x7824282944b7cc7b8ef86ed9adbe21f49b247f97,AVAX,0.5326074
0x7824282944b7cc7b8ef86ed9adbe21f49b247f97,SAND,0.5122937
0x7824282944b7cc7b8ef86ed9adbe21f49b247f97,CRV,0.48228002
0x7824282944b7cc7b8ef86ed9adbe21f49b247f97,LAYER,0.52097166
0x7824282944b7cc7b8ef86ed9adbe21f49b247f97,DOT,0.5372742
0x7824282944b7cc7b8ef86ed9adbe21f49b247f97,SUSHI,0.50192344
0x7824282944b7cc7b8ef86ed9adbe21f49b247f97,UNI,0.48227045
0x7824282944b7cc7b8ef86ed9adbe21f49b247f97,AAVE,0.48579216
0x7824282944b7cc7b8ef86ed9adbe21f49b247f97,NEAR,0.50678265
0x7824282944b7cc7b8ef86ed9adbe21f49b247f97,FIL,0.5229569
0x7824282944b7cc7b8ef86ed9adbe21f49b247f97,AXS,0.50900406
0x7824282944b7cc7b8ef86ed9adbe21f49b247f97,INJ,0.51654094
0x7824282944b7cc7b8ef86ed9adbe21f49b247f97,ZORA,0.500075
0x7824282944b7cc7b8ef86ed9adbe21f49b247f97,CELO,0.5084303
0x7824282944b7cc7b8ef86ed9adbe21f49b247f97,LIT,0.47308862
0x7824282944b7cc7b8ef86ed9adbe21f49b247f97,SHIB,0.5052293
0x7824282944b7cc7b8ef86ed9adbe21f49b247f97,ICP,0.5288621
0x7824282944b7cc7b8ef86ed9adbe21f49b247f97,RENDER,0.5098974
0x7824282944b7cc7b8ef86ed9adbe21f49b247f97,LDO,0.5033792
0x7824282944b7cc7b8ef86ed9adbe21f49b247f97,GALA,0.5044389
0x7824282944b7cc7b8ef86ed9adbe21f49b247f97,FET,0.5080512
0x7824282944b7cc7b8ef86ed9adbe21f49b247f97,ENS,0.52195424
0x7824282944b7cc7b8ef86ed9adbe21f49b247f97,IMX,0.50932974
0x7824282944b7cc7b8ef86ed9adbe21f49b247f97,PEOPLE,0.4920908
0x7824282944b7cc7b8ef86ed9adbe21f49b247f97,GMT,0.516388
0x7824282944b7cc7b8ef86ed9adbe21f49b247f97,FLOKI,0.5173479
0x7824282944b7cc7b8ef86ed9adbe21f49b247f97,POL,0.510428
0x7824282944b7cc7b8ef86ed9adbe21f49b247f97,APE,0.5062821
0x7824282944b7cc7b8ef86ed9adbe21f49b247f97,GMX,0.51789623
0x7824282944b7cc7b8ef86ed9adbe21f49b247f97,BLUR,0.5037029
0x7824282944b7cc7b8ef86ed9adbe21f49b247f97,PENDLE,0.50668037
0x7824282944b7cc7b8ef86ed9adbe21f49b247f97,MINA,0.5138581
0x7824282944b7cc7b8ef86ed9adbe21f49b247f97,LUNC,0.509246
0x7824282944b7cc7b8ef86ed9adbe21f49b247f97,MEME,0.5016044
0x7824282944b7cc7b8ef86ed9adbe21f49b247f97,OP,0.518759
0x7824282944b7cc7b8ef86ed9adbe21f49b247f97,ZEN,0.5289909
0x7824282944b7cc7b8ef86ed9adbe21f49b247f97,STRK,0.50044477
0x7824282944b7cc7b8ef86ed9adbe21f49b247f97,STX,0.5054324
0x7824282944b7cc7b8ef86ed9adbe21f49b247f97,CFX,0.5125225
0x7824282944b7cc7b8ef86ed9adbe21f49b247f97,CAKE,0.53564394
0x7824282944b7cc7b8ef86ed9adbe21f49b247f97,DASH,0.52242476
0x7824282944b7cc7b8ef86ed9adbe21f49b247f97,BSV,0.47407213
0x7824282944b7cc7b8ef86ed9adbe21f49b247f97,AR,0.5253389
0x7824282944b7cc7b8ef86ed9adbe21f49b247f97,APT,0.51811004
0x7824282944b7cc7b8ef86ed9adbe21f49b247f97,ALT,0.51135254
0x7824282944b7cc7b8ef86ed9adbe21f49b247f97,BNB,0.5832069
0x7824282944b7cc7b8ef86ed9adbe21f49b247f97,BONK,0.49885908
0x7824282944b7cc7b8ef86ed9adbe21f49b247f97,BABY,0.43753016
0x7824282944b7cc7b8ef86ed9adbe21f49b247f97,HBAR,0.53139114
0x7824282944b7cc7b8ef86ed9adbe21f49b247f97,KAS,0.515376
0x7824282944b7cc7b8ef86ed9adbe21f49b247f97,PEPE,0.51854926
0x7824282944b7cc7b8ef86ed9adbe21f49b247f97,ORDI,0.50808287
0x7824282944b7cc7b8ef86ed9adbe21f49b247f97,SUI,0.5199661
0x7824282944b7cc7b8ef86ed9adbe21f49b247f97,MNT,0.5256683
0x7824282944b7cc7b8ef86ed9adbe21f49b247f97,IOTA,0.51276493
0x7824282944b7cc7b8ef86ed9adbe21f49b247f97,TURBO,0.4952157
0x7824282944b7cc7b8ef86ed9adbe21f49b247f97,TIA,0.5123981
0x7824282944b7cc7b8ef86ed9adbe21f49b247f97,SEI,0.5104583
0x7824282944b7cc7b8ef86ed9adbe21f49b247f97,TAO,0.53573006
0x7824282944b7cc7b8ef86ed9adbe21f49b247f97,JTO,0.4959452
0x7824282944b7cc7b8ef86ed9adbe21f49b247f97,PYTH,0.46855852
0x7824282944b7cc7b8ef86ed9adbe21f49b247f97,MANTA,0.5138582
0x7824282944b7cc7b8ef86ed9adbe21f49b247f97,ONDO,0.50610715
0x7824282944b7cc7b8ef86ed9adbe21f49b247f97,WIF,0.5151811
0x7824282944b7cc7b8ef86ed9adbe21f49b247f97,XAI,0.45858645
0x7824282944b7cc7b8ef86ed9adbe21f49b247f97,ZETA,0.50419617
0x7824282944b7cc7b8ef86ed9adbe21f49b247f97,JUP,0.5167841
0x7824282944b7cc7b8ef86ed9adbe21f49b247f97,DYM,0.4382005
0x7824282944b7cc7b8ef86ed9adbe21f49b247f97,TRUMP,0.5196075
0x7824282944b7cc7b8ef86ed9adbe21f49b247f97,APEX,0.5057637
0x7824282944b7cc7b8ef86ed9adbe21f49b247f97,ARB,0.5189025
0x7824282944b7cc7b8ef86ed9adbe21f49b247f97,BOME,0.44759393
0x7824282944b7cc7b8ef86ed9adbe21f49b247f97,HYPER,0.4993953
0x7824282944b7cc7b8ef86ed9adbe21f49b247f97,ETHFI,0.49988392
0x7824282944b7cc7b8ef86ed9adbe21f49b247f97,BRETT,0.49166828
0x7824282944b7cc7b8ef86ed9adbe21f49b247f97,W,0.5081893
0x7824282944b7cc7b8ef86ed9adbe21f49b247f97,GOAT,0.49111295
0x7824282944b7cc7b8ef86ed9adbe21f49b247f97,POPCAT,0.5138166
0x7824282944b7cc7b8ef86ed9adbe21f49b247f97,MERL,0.49178088
0x7824282944b7cc7b8ef86ed9adbe21f49b247f97,ZK,0.5029353
0x7824282944b7cc7b8ef86ed9adbe21f49b247f97,TNSR,0.49806437
0x7824282944b7cc7b8ef86ed9adbe21f49b247f97,AERO,0.50272906
0x7824282944b7cc7b8ef86ed9adbe21f49b247f97,REZ,0.42668113
0x7824282944b7cc7b8ef86ed9adbe21f49b247f97,NOT,0.5174997
0x7824282944b7cc7b8ef86ed9adbe21f49b247f97,MON,0.5165347
0x7824282944b7cc7b8ef86ed9adbe21f49b247f97,VIRTUAL,0.51790136
0x7824282944b7cc7b8ef86ed9adbe21f49b247f97,IO,0.50497836
0x7824282944b7cc7b8ef86ed9adbe21f49b247f97,ZRO,0.45019305
0x7824282944b7cc7b8ef86ed9adbe21f49b247f97,WLD,0.49918213
0x7824282944b7cc7b8ef86ed9adbe21f49b247f97,NEIRO,0.43447673
0x7824282944b7cc7b8ef86ed9adbe21f49b247f97,EIGEN,0.5036375
0x7824282944b7cc7b8ef86ed9adbe21f49b247f97,MOVE,0.49905
0x7824282944b7cc7b8ef86ed9adbe21f49b247f97,FARTCOIN,0.5095901
0x7824282944b7cc7b8ef86ed9adbe21f49b247f97,GRASS,0.5020309
0x7824282944b7cc7b8ef86ed9adbe21f49b247f97,PNUT,0.49286515
0x7824282944b7cc7b8ef86ed9adbe21f49b247f97,USUAL,0.45004055
0x7824282944b7cc7b8ef86ed9adbe21f49b247f97,MORPHO,0.51370126
0x7824282944b7cc7b8ef86ed9adbe21f49b247f97,AIXBT,0.46286282
0x7824282944b7cc7b8ef86ed9adbe21f49b247f97,HYPE,0.5142792
0x7824282944b7cc7b8ef86ed9adbe21f49b247f97,ME,0.50941515
0x7824282944b7cc7b8ef86ed9adbe21f49b247f97,PENGU,0.50983423
0x7824282944b7cc7b8ef86ed9adbe21f49b247f97,sENA,0.51938385
0x7824282944b7cc7b8ef86ed9adbe21f49b247f97,BIO,0.46758533
0x7824282944b7cc7b8ef86ed9adbe21f49b247f97,GRIFFAIN,0.4370917
0x7824282944b7cc7b8ef86ed9adbe21f49b247f97,MELANIA,0.516551
0x7824282944b7cc7b8ef86ed9adbe21f49b247f97,VINE,0.5058781
0x7824282944b7cc7b8ef86ed9adbe21f49b247f97,ANIME,0.50342107
0x7824282944b7cc7b8ef86ed9adbe21f49b247f97,VVV,0.50978464
0x7824282944b7cc7b8ef86ed9adbe21f49b247f97,SYRUP,0.4911055
0x7824282944b7cc7b8ef86ed9adbe21f49b247f97,BERA,0.50270605
0x7824282944b7cc7b8ef86ed9adbe21f49b247f97,IP,0.5013694
0x7824282944b7cc7b8ef86ed9adbe21f49b247f97,KAITO,0.4888529
0x7824282944b7cc7b8ef86ed9adbe21f49b247f97,NIL,0.41762567
0x7824282944b7cc7b8ef86ed9adbe21f49b247f97,WCT,0.50560296
0x7824282944b7cc7b8ef86ed9adbe21f49b247f97,PUMP,0.4982088
0x7824282944b7cc7b8ef86ed9adbe21f49b247f97,INIT,0.50508213
0x7824282944b7cc7b8ef86ed9adbe21f49b247f97,SOPH,0.5022943
0x7824282944b7cc7b8ef86ed9adbe21f49b247f97,PROVE,0.5064193
0x7824282944b7cc7b8ef86ed9adbe21f49b247f97,WLFI,0.516834
0x7824282944b7cc7b8ef86ed9adbe21f49b247f97,0G,0.49825913
0x7824282944b7cc7b8ef86ed9adbe21f49b247f97,ASTER,0.54328233
0x7824282944b7cc7b8ef86ed9adbe21f49b247f97,AVNT,0.4543352
0x7824282944b7cc7b8ef86ed9adbe21f49b247f97,LINEA,0.5163862
0x7824282944b7cc7b8ef86ed9adbe21f49b247f97,HEMI,0.4191838
0x7824282944b7cc7b8ef86ed9adbe21f49b247f97,XPL,0.4982005
0x7824282944b7cc7b8ef86ed9adbe21f49b247f97,2Z,0.50264084
0x7824282944b7cc7b8ef86ed9adbe21f49b247f97,CC,0.50590366
0x7de5ac173e8ee69177f6243cf9c70608f6e1ad05,BTC,0.6780162
0x7de5ac173e8ee69177f6243cf9c70608f6e1ad05,LTC,0.5528536
0x7de5ac173e8ee69177f6243cf9c70608f6e1ad05,XRP,0.48104152
0x7de5ac173e8ee69177f6243cf9c70608f6e1ad05,DOGE,0.5249168
0x7de5ac173e8ee69177f6243cf9c70608f6e1ad05,DASH,0.57196504
0x7de5ac173e8ee69177f6243cf9c70608f6e1ad05,XMR,0.5863962
0x7de5ac173e8ee69177f6243cf9c70608f6e1ad05,XLM,0.49984244
0x7de5ac173e8ee69177f6243cf9c70608f6e1ad05,ETH,0.625493
0x7de5ac173e8ee69177f6243cf9c70608f6e1ad05,ETC,0.5131854
0x7de5ac173e8ee69177f6243cf9c70608f6e1ad05,ZEC,0.4792501
0x7de5ac173e8ee69177f6243cf9c70608f6e1ad05,ZEN,0.53226614
0x7de5ac173e8ee69177f6243cf9c70608f6e1ad05,IOTA,0.5144007
0x7de5ac173e8ee69177f6243cf9c70608f6e1ad05,BCH,0.55940926
0x7de5ac173e8ee69177f6243cf9c70608f6e1ad05,BNB,0.56982267
0x7de5ac173e8ee69177f6243cf9c70608f6e1ad05,TRX,0.59906304
0x7de5ac173e8ee69177f6243cf9c70608f6e1ad05,LINK,0.5390006
0x7de5ac173e8ee69177f6243cf9c70608f6e1ad05,ADA,0.5197056
0x7de5ac173e8ee69177f6243cf9c70608f6e1ad05,FIL,0.5218398
0x7de5ac173e8ee69177f6243cf9c70608f6e1ad05,SNX,0.5194862
0x7de5ac173e8ee69177f6243cf9c70608f6e1ad05,BSV,0.5114556
0x7de5ac173e8ee69177f6243cf9c70608f6e1ad05,FET,0.5320427
0x7de5ac173e8ee69177f6243cf9c70608f6e1ad05,ATOM,0.5560731
0x7de5ac173e8ee69177f6243cf9c70608f6e1ad05,RSR,0.5093554
0x7de5ac173e8ee69177f6243cf9c70608f6e1ad05,ALGO,0.55990654
0x7de5ac173e8ee69177f6243cf9c70608f6e1ad05,RUNE,0.56613964
0x7de5ac173e8ee69177f6243cf9c70608f6e1ad05,LUNC,0.48597026
0x7de5ac173e8ee69177f6243cf9c70608f6e1ad05,HBAR,0.50355315
0x7de5ac173e8ee69177f6243cf9c70608f6e1ad05,PAXG,0.6491347
0x7de5ac173e8ee69177f6243cf9c70608f6e1ad05,STX,0.5174175
0x7de5ac173e8ee69177f6243cf9c70608f6e1ad05,TRB,0.53724444
0x7de5ac173e8ee69177f6243cf9c70608f6e1ad05,SOL,0.6350348
0x7de5ac173e8ee69177f6243cf9c70608f6e1ad05,CELO,0.5070667
0x7de5ac173e8ee69177f6243cf9c70608f6e1ad05,UMA,0.54972965
0x7de5ac173e8ee69177f6243cf9c70608f6e1ad05,AR,0.5940066
0x7de5ac173e8ee69177f6243cf9c70608f6e1ad05,RENDER,0.5501991
0x7de5ac173e8ee69177f6243cf9c70608f6e1ad05,COMP,0.50859004
0x7de5ac173e8ee69177f6243cf9c70608f6e1ad05,AVAX,0.53224754
0x7de5ac173e8ee69177f6243cf9c70608f6e1ad05,SHIB,0.5235266
0x7de5ac173e8ee69177f6243cf9c70608f6e1ad05,SAND,0.52630293
0x7de5ac173e8ee69177f6243cf9c70608f6e1ad05,NEAR,0.5337585
0x7de5ac173e8ee69177f6243cf9c70608f6e1ad05,CRV,0.52307594
0x7de5ac173e8ee69177f6243cf9c70608f6e1ad05,DOT,0.5441786
0x7de5ac173e8ee69177f6243cf9c70608f6e1ad05,SUSHI,0.4852749
0x7de5ac173e8ee69177f6243cf9c70608f6e1ad05,AXS,0.5481028
0x7de5ac173e8ee69177f6243cf9c70608f6e1ad05,GALA,0.48255768
0x7de5ac173e8ee69177f6243cf9c70608f6e1ad05,UNI,0.55687714
0x7de5ac173e8ee69177f6243cf9c70608f6e1ad05,CAKE,0.5341833
0x7de5ac173e8ee69177f6243cf9c70608f6e1ad05,INJ,0.55483055
0x7de5ac173e8ee69177f6243cf9c70608f6e1ad05,AAVE,0.4990244
0x7de5ac173e8ee69177f6243cf9c70608f6e1ad05,CFX,0.49983996
0x7de5ac173e8ee69177f6243cf9c70608f6e1ad05,LDO,0.5204418
0x7de5ac173e8ee69177f6243cf9c70608f6e1ad05,MINA,0.5038001
0x7de5ac173e8ee69177f6243cf9c70608f6e1ad05,ICP,0.5532104
0x7de5ac173e8ee69177f6243cf9c70608f6e1ad05,PENDLE,0.5183029
0x7de5ac173e8ee69177f6243cf9c70608f6e1ad05,IMX,0.5552637
0x7de5ac173e8ee69177f6243cf9c70608f6e1ad05,FLOKI,0.5178249
0x7de5ac173e8ee69177f6243cf9c70608f6e1ad05,OP,0.49579003
0x7de5ac173e8ee69177f6243cf9c70608f6e1ad05,ARB,0.50509834
0x7de5ac173e8ee69177f6243cf9c70608f6e1ad05,GMX,0.5382781
0x7de5ac173e8ee69177f6243cf9c70608f6e1ad05,WLD,0.5535699
0x7de5ac173e8ee69177f6243cf9c70608f6e1ad05,MANTA,0.48735362
0x7de5ac173e8ee69177f6243cf9c70608f6e1ad05,ENS,0.5071061
0x7de5ac173e8ee69177f6243cf9c70608f6e1ad05,PEOPLE,0.54404706
0x7de5ac173e8ee69177f6243cf9c70608f6e1ad05,GMT,0.46035957
0x7de5ac173e8ee69177f6243cf9c70608f6e1ad05,APE,0.54288
0x7de5ac173e8ee69177f6243cf9c70608f6e1ad05,APEX,0.5703172
0x7de5ac173e8ee69177f6243cf9c70608f6e1ad05,KAS,0.5233191
0x7de5ac173e8ee69177f6243cf9c70608f6e1ad05,SUI,0.5166515
0x7de5ac173e8ee69177f6243cf9c70608f6e1ad05,ONDO,0.5133167
0x7de5ac173e8ee69177f6243cf9c70608f6e1ad05,ZETA,0.51567286
0x7de5ac173e8ee69177f6243cf9c70608f6e1ad05,APT,0.5235416
0x7de5ac173e8ee69177f6243cf9c70608f6e1ad05,STRK,0.5665868
0x7de5ac173e8ee69177f6243cf9c70608f6e1ad05,TIA,0.53998816
0x7de5ac173e8ee69177f6243cf9c70608f6e1ad05,TAO,0.49732986
0x7de5ac173e8ee69177f6243cf9c70608f6e1ad05,BONK,0.52049077
0x7de5ac173e8ee69177f6243cf9c70608f6e1ad05,BLUR,0.51606494
0x7de5ac173e8ee69177f6243cf9c70608f6e1ad05,SEI,0.51865005
0x7de5ac173e8ee69177f6243cf9c70608f6e1ad05,ZK,0.5228316
0x7de5ac173e8ee69177f6243cf9c70608f6e1ad05,PEPE,0.5404025
0x7de5ac173e8ee69177f6243cf9c70608f6e1ad05,BERA,0.5285442
0x7de5ac173e8ee69177f6243cf9c70608f6e1ad05,TURBO,0.53080386
0x7de5ac173e8ee69177f6243cf9c70608f6e1ad05,ORDI,0.50390935
0x7de5ac173e8ee69177f6243cf9c70608f6e1ad05,ZRO,0.44599915
0x7de5ac173e8ee69177f6243cf9c70608f6e1ad05,MNT,0.50822234
0x7de5ac173e8ee69177f6243cf9c70608f6e1ad05,LINEA,0.4974761
0x7de5ac173e8ee69177f6243cf9c70608f6e1ad05,PYTH,0.48366106
0x7de5ac173e8ee69177f6243cf9c70608f6e1ad05,MEME,0.46605974
0x7de5ac173e8ee69177f6243cf9c70608f6e1ad05,POL,0.50186795
0x7de5ac173e8ee69177f6243cf9c70608f6e1ad05,JTO,0.4979104
0x7de5ac173e8ee69177f6243cf9c70608f6e1ad05,WIF,0.5198928
0x7de5ac173e8ee69177f6243cf9c70608f6e1ad05,POPCAT,0.51054233
0x7de5ac173e8ee69177f6243cf9c70608f6e1ad05,NOT,0.5094956
0x7de5ac173e8ee69177f6243cf9c70608f6e1ad05,DYM,0.40684125
0x7de5ac173e8ee69177f6243cf9c70608f6e1ad05,XAI,0.49127787
0x7de5ac173e8ee69177f6243cf9c70608f6e1ad05,ALT,0.45642272
0x7de5ac173e8ee69177f6243cf9c70608f6e1ad05,JUP,0.5456199
0x7de5ac173e8ee69177f6243cf9c70608f6e1ad05,AERO,0.5435916
0x7de5ac173e8ee69177f6243cf9c70608f6e1ad05,VIRTUAL,0.48302665
0x7de5ac173e8ee69177f6243cf9c70608f6e1ad05,W,0.5072505
0x7de5ac173e8ee69177f6243cf9c70608f6e1ad05,BRETT,0.4948082
0x7de5ac173e8ee69177f6243cf9c70608f6e1ad05,ETHFI,0.51791704
0x7de5ac173e8ee69177f6243cf9c70608f6e1ad05,IO,0.54662645
0x7de5ac173e8ee69177f6243cf9c70608f6e1ad05,BOME,0.4330149
0x7de5ac173e8ee69177f6243cf9c70608f6e1ad05,sENA,0.5216669
0x7de5ac173e8ee69177f6243cf9c70608f6e1ad05,TNSR,0.50078285
0x7de5ac173e8ee69177f6243cf9c70608f6e1ad05,EIGEN,0.5193682
0x7de5ac173e8ee69177f6243cf9c70608f6e1ad05,MON,0.5186629
0x7de5ac173e8ee69177f6243cf9c70608f6e1ad05,MERL,0.4648567
0x7de5ac173e8ee69177f6243cf9c70608f6e1ad05,REZ,0.42198232
0x7de5ac173e8ee69177f6243cf9c70608f6e1ad05,SOPH,0.45954046
0x7de5ac173e8ee69177f6243cf9c70608f6e1ad05,HYPE,0.5474112
0x7de5ac173e8ee69177f6243cf9c70608f6e1ad05,ME,0.4576754
0x7de5ac173e8ee69177f6243cf9c70608f6e1ad05,BABY,0.4500304
0x7de5ac173e8ee69177f6243cf9c70608f6e1ad05,MOVE,0.40932077
0x7de5ac173e8ee69177f6243cf9c70608f6e1ad05,NEIRO,0.44552317
0x7de5ac173e8ee69177f6243cf9c70608f6e1ad05,S,0.5263719
0x7de5ac173e8ee69177f6243cf9c70608f6e1ad05,GRASS,0.52624273
0x7de5ac173e8ee69177f6243cf9c70608f6e1ad05,SKY,0.47934055
0x7de5ac173e8ee69177f6243cf9c70608f6e1ad05,INIT,0.46097773
0x7de5ac173e8ee69177f6243cf9c70608f6e1ad05,WCT,0.5118603
0x7de5ac173e8ee69177f6243cf9c70608f6e1ad05,WLFI,0.5301428
0x7de5ac173e8ee69177f6243cf9c70608f6e1ad05,GOAT,0.45751253
0x7de5ac173e8ee69177f6243cf9c70608f6e1ad05,FARTCOIN,0.47849694
0x7de5ac173e8ee69177f6243cf9c70608f6e1ad05,PNUT,0.47546256
0x7de5ac173e8ee69177f6243cf9c70608f6e1ad05,SYRUP,0.502819
0x7de5ac173e8ee69177f6243cf9c70608f6e1ad05,USUAL,0.415909
0x7de5ac173e8ee69177f6243cf9c70608f6e1ad05,AIXBT,0.43154338
0x7de5ac173e8ee69177f6243cf9c70608f6e1ad05,MORPHO,0.48597682
0x7de5ac173e8ee69177f6243cf9c70608f6e1ad05,PENGU,0.4666566
0x7de5ac173e8ee69177f6243cf9c70608f6e1ad05,GRIFFAIN,0.46470615
0x7de5ac173e8ee69177f6243cf9c70608f6e1ad05,BIO,0.48122537
0x7de5ac173e8ee69177f6243cf9c70608f6e1ad05,ANIME,0.48258823
0x7de5ac173e8ee69177f6243cf9c70608f6e1ad05,TRUMP,0.6183102
0x7de5ac173e8ee69177f6243cf9c70608f6e1ad05,MELANIA,0.49912423
0x7de5ac173e8ee69177f6243cf9c70608f6e1ad05,VINE,0.46576998
0x7de5ac173e8ee69177f6243cf9c70608f6e1ad05,LAYER,0.54613435
0x7de5ac173e8ee69177f6243cf9c70608f6e1ad05,VVV,0.48762468
0x7de5ac173e8ee69177f6243cf9c70608f6e1ad05,IP,0.49564657
0x7de5ac173e8ee69177f6243cf9c70608f6e1ad05,NIL,0.41103303
0x7de5ac173e8ee69177f6243cf9c70608f6e1ad05,KAITO,0.48854524
0x7de5ac173e8ee69177f6243cf9c70608f6e1ad05,ZORA,0.48088625
0x7de5ac173e8ee69177f6243cf9c70608f6e1ad05,HYPER,0.5104832
0x7de5ac173e8ee69177f6243cf9c70608f6e1ad05,ASTER,0.55114263
0x7de5ac173e8ee69177f6243cf9c70608f6e1ad05,PUMP,0.5271629
0x7de5ac173e8ee69177f6243cf9c70608f6e1ad05,XPL,0.5030605
0x7de5ac173e8ee69177f6243cf9c70608f6e1ad05,CC,0.43400544
0x7de5ac173e8ee69177f6243cf9c70608f6e1ad05,PROVE,0.45645145
0x7de5ac173e8ee69177f6243cf9c70608f6e1ad05,HEMI,0.3613248
0x7de5ac173e8ee69177f6243cf9c70608f6e1ad05,AVNT,0.48681676
0x7de5ac173e8ee69177f6243cf9c70608f6e1ad05,0G,0.49210203
0x7de5ac173e8ee69177f6243cf9c70608f6e1ad05,2Z,0.49736452
0x7de5ac173e8ee69177f6243cf9c70608f6e1ad05,LIT,0.5075255
0x81942befbb59f4461a32af5c4798f72f58f6797f,SKY,0.6254425048828125
0x81942befbb59f4461a32af5c4798f72f58f6797f,TRX,0.9106621742248536
0x81942befbb59f4461a32af5c4798f72f58f6797f,XLM,0.6019725799560547
0x81942befbb59f4461a32af5c4798f72f58f6797f,XMR,0.8552532196044922
0x81942befbb59f4461a32af5c4798f72f58f6797f,XRP,0.7640318870544434
0x81942befbb59f4461a32af5c4798f72f58f6797f,ZEC,0.8199548721313477
0x81942befbb59f4461a32af5c4798f72f58f6797f,BCH,0.738978385925293
0x81942befbb59f4461a32af5c4798f72f58f6797f,BTC,1.0
0x81942befbb59f4461a32af5c4798f72f58f6797f,DOGE,0.6449165344238281
0x81942befbb59f4461a32af5c4798f72f58f6797f,ETC,0.6177101135253906
0x81942befbb59f4461a32af5c4798f72f58f6797f,LTC,0.8157224655151367
0x81942befbb59f4461a32af5c4798f72f58f6797f,ETH,0.9974470138549804
0x81942befbb59f4461a32af5c4798f72f58f6797f,ADA,0.5210857391357422
0x81942befbb59f4461a32af5c4798f72f58f6797f,LINK,0.6540870666503906
0x81942befbb59f4461a32af5c4798f72f58f6797f,S,0.1280732154846191
0x81942befbb59f4461a32af5c4798f72f58f6797f,ATOM,0.5481629371643066
0x81942befbb59f4461a32af5c4798f72f58f6797f,SNX,0.3293013572692871
0x81942befbb59f4461a32af5c4798f72f58f6797f,RSR,0.3715343475341797
0x81942befbb59f4461a32af5c4798f72f58f6797f,ALGO,0.5564913749694824
0x81942befbb59f4461a32af5c4798f72f58f6797f,RUNE,0.6546411514282227
0x81942befbb59f4461a32af5c4798f72f58f6797f,TRB,0.6111440658569336
0x81942befbb59f4461a32af5c4798f72f58f6797f,SOL,0.9157724380493164
0x81942befbb59f4461a32af5c4798f72f58f6797f,UMA,0.543738842010498
0x81942befbb59f4461a32af5c4798f72f58f6797f,PAXG,0.8690047264099121
0x81942befbb59f4461a32af5c4798f72f58f6797f,COMP,0.571566104888916
0x81942befbb59f4461a32af5c4798f72f58f6797f,AVAX,0.6197686195373535
0x81942befbb59f4461a32af5c4798f72f58f6797f,SAND,0.3898482322692871
0x81942befbb59f4461a32af5c4798f72f58f6797f,CRV,0.6231708526611328
0x81942befbb59f4461a32af5c4798f72f58f6797f,LAYER,0.3293752670288086
0x81942befbb59f4461a32af5c4798f72f58f6797f,DOT,0.3811678886413574
0x81942befbb59f4461a32af5c4798f72f58f6797f,SUSHI,0.4807672500610351
0x81942befbb59f4461a32af5c4798f72f58f6797f,UNI,0.6170706748962402
0x81942befbb59f4461a32af5c4798f72f58f6797f,AAVE,0.7225470542907715
0x81942befbb59f4461a32af5c4798f72f58f6797f,NEAR,0.4534077644348144
0x81942befbb59f4461a32af5c4798f72f58f6797f,FIL,0.5499238967895508
0x81942befbb59f4461a32af5c4798f72f58f6797f,AXS,0.3094773292541504
0x81942befbb59f4461a32af5c4798f72f58f6797f,INJ,0.5149784088134766
0x81942befbb59f4461a32af5c4798f72f58f6797f,ZORA,0.2042384147644043
0x81942befbb59f4461a32af5c4798f72f58f6797f,CELO,0.4553985595703125
0x81942befbb59f4461a32af5c4798f72f58f6797f,LIT,0.7712059020996094
0x81942befbb59f4461a32af5c4798f72f58f6797f,SHIB,0.565340518951416
0x81942befbb59f4461a32af5c4798f72f58f6797f,ICP,0.5313286781311035
0x81942befbb59f4461a32af5c4798f72f58f6797f,RENDER,0.5403971672058105
0x81942befbb59f4461a32af5c4798f72f58f6797f,LDO,0.4301362037658691
0x81942befbb59f4461a32af5c4798f72f58f6797f,GALA,0.3492865562438965
0x81942befbb59f4461a32af5c4798f72f58f6797f,FET,0.2169866561889648
0x81942befbb59f4461a32af5c4798f72f58f6797f,ENS,0.4983820915222168
0x81942befbb59f4461a32af5c4798f72f58f6797f,IMX,0.3691153526306152
0x81942befbb59f4461a32af5c4798f72f58f6797f,PEOPLE,0.3447747230529785
0x81942befbb59f4461a32af5c4798f72f58f6797f,GMT,0.3460330963134765
0x81942befbb59f4461a32af5c4798f72f58f6797f,FLOKI,0.336923599243164
0x81942befbb59f4461a32af5c4798f72f58f6797f,POL,0.5117883682250977
0x81942befbb59f4461a32af5c4798f72f58f6797f,APE,0.4103693962097168
0x81942befbb59f4461a32af5c4798f72f58f6797f,GMX,0.5494461059570312
0x81942befbb59f4461a32af5c4798f72f58f6797f,BLUR,0.3384723663330078
0x81942befbb59f4461a32af5c4798f72f58f6797f,PENDLE,0.6367712020874023
0x81942befbb59f4461a32af5c4798f72f58f6797f,MINA,0.3657302856445312
0x81942befbb59f4461a32af5c4798f72f58f6797f,LUNC,0.5658187866210938
0x81942befbb59f4461a32af5c4798f72f58f6797f,MEME,0.1836137771606445
0x81942befbb59f4461a32af5c4798f72f58f6797f,OP,0.4589028358459472
0x81942befbb59f4461a32af5c4798f72f58f6797f,ZEN,0.4330511093139648
0x81942befbb59f4461a32af5c4798f72f58f6797f,STRK,0.3478174209594726
0x81942befbb59f4461a32af5c4798f72f58f6797f,STX,0.3364148139953613
0x81942befbb59f4461a32af5c4798f72f58f6797f,CFX,0.4479074478149414
0x81942befbb59f4461a32af5c4798f72f58f6797f,CAKE,0.7153592109680176
0x81942befbb59f4461a32af5c4798f72f58f6797f,DASH,0.5574326515197754
0x81942befbb59f4461a32af5c4798f72f58f6797f,BSV,0.5749588012695312
0x81942befbb59f4461a32af5c4798f72f58f6797f,AR,0.3049135208129883
0x81942befbb59f4461a32af5c4798f72f58f6797f,APT,0.4189696311950683
0x81942befbb59f4461a32af5c4798f72f58f6797f,ALT,0.3311667442321777
0x81942befbb59f4461a32af5c4798f72f58f6797f,BNB,0.8719120025634766
0x81942befbb59f4461a32af5c4798f72f58f6797f,BONK,0.3403081893920898
0x81942befbb59f4461a32af5c4798f72f58f6797f,BABY,0.0427303314208984
0x81942befbb59f4461a32af5c4798f72f58f6797f,HBAR,0.622309684753418
0x81942befbb59f4461a32af5c4798f72f58f6797f,KAS,0.3474502563476562
0x81942befbb59f4461a32af5c4798f72f58f6797f,PEPE,0.4840841293334961
0x81942befbb59f4461a32af5c4798f72f58f6797f,ORDI,0.4103693962097168
0x81942befbb59f4461a32af5c4798f72f58f6797f,SUI,0.641815185546875
0x81942befbb59f4461a32af5c4798f72f58f6797f,MNT,0.5755128860473633
0x81942befbb59f4461a32af5c4798f72f58f6797f,IOTA,0.3583860397338867
0x81942befbb59f4461a32af5c4798f72f58f6797f,TURBO,0.3379359245300293
0x81942befbb59f4461a32af5c4798f72f58f6797f,TIA,0.3145670890808105
0x81942befbb59f4461a32af5c4798f72f58f6797f,SEI,0.3657302856445312
0x81942befbb59f4461a32af5c4798f72f58f6797f,TAO,0.6173157691955566
0x81942befbb59f4461a32af5c4798f72f58f6797f,JTO,0.4286484718322754
0x81942befbb59f4461a32af5c4798f72f58f6797f,PYTH,0.4464201927185058
0x81942befbb59f4461a32af5c4798f72f58f6797f,MANTA,0.4355692863464355
0x81942befbb59f4461a32af5c4798f72f58f6797f,ONDO,0.5733275413513184
0x81942befbb59f4461a32af5c4798f72f58f6797f,WIF,0.2858514785766601
0x81942befbb59f4461a32af5c4798f72f58f6797f,XAI,0.0450811386108398
0x81942befbb59f4461a32af5c4798f72f58f6797f,ZETA,0.3494057655334472
0x81942befbb59f4461a32af5c4798f72f58f6797f,JUP,0.5574326515197754
0x81942befbb59f4461a32af5c4798f72f58f6797f,DYM,0.0293865203857421
0x81942befbb59f4461a32af5c4798f72f58f6797f,TRUMP,0.3625693321228027
0x81942befbb59f4461a32af5c4798f72f58f6797f,APEX,0.3293752670288086
0x81942befbb59f4461a32af5c4798f72f58f6797f,ARB,0.3888783454895019
0x81942befbb59f4461a32af5c4798f72f58f6797f,BOME,0.0559682846069335
0x81942befbb59f4461a32af5c4798f72f58f6797f,HYPER,0.2907266616821289
0x81942befbb59f4461a32af5c4798f72f58f6797f,ETHFI,0.4928770065307617
0x81942befbb59f4461a32af5c4798f72f58f6797f,BRETT,0.3403081893920898
0x81942befbb59f4461a32af5c4798f72f58f6797f,W,0.3403081893920898
0x81942befbb59f4461a32af5c4798f72f58f6797f,GOAT,0.172708511352539
0x81942befbb59f4461a32af5c4798f72f58f6797f,POPCAT,0.2886786460876465
0x81942befbb59f4461a32af5c4798f72f58f6797f,MERL,0.2377347946166992
0x81942befbb59f4461a32af5c4798f72f58f6797f,ZK,0.3691153526306152
0x81942befbb59f4461a32af5c4798f72f58f6797f,TNSR,0.2578682899475097
0x81942befbb59f4461a32af5c4798f72f58f6797f,AERO,0.5158224105834961
0x81942befbb59f4461a32af5c4798f72f58f6797f,REZ,0.0910396575927734
0x81942befbb59f4461a32af5c4798f72f58f6797f,NOT,0.2544832229614258
0x81942befbb59f4461a32af5c4798f72f58f6797f,MON,0.3346710205078125
0x81942befbb59f4461a32af5c4798f72f58f6797f,VIRTUAL,0.6087327003479004
0x81942befbb59f4461a32af5c4798f72f58f6797f,IO,0.3293752670288086
0x81942befbb59f4461a32af5c4798f72f58f6797f,ZRO,0.4098811149597168
0x81942befbb59f4461a32af5c4798f72f58f6797f,WLD,0.3403081893920898
0x81942befbb59f4461a32af5c4798f72f58f6797f,NEIRO,0.1428651809692382
0x81942befbb59f4461a32af5c4798f72f58f6797f,EIGEN,0.3293752670288086
0x81942befbb59f4461a32af5c4798f72f58f6797f,MOVE,0.2605538368225097
0x81942befbb59f4461a32af5c4798f72f58f6797f,FARTCOIN,0.3370928764343261
0x81942befbb59f4461a32af5c4798f72f58f6797f,GRASS,0.3293752670288086
0x81942befbb59f4461a32af5c4798f72f58f6797f,PNUT,0.1495294570922851
0x81942befbb59f4461a32af5c4798f72f58f6797f,USUAL,0.0437135696411132
0x81942befbb59f4461a32af5c4798f72f58f6797f,MORPHO,0.7353873252868652
0x81942befbb59f4461a32af5c4798f72f58f6797f,AIXBT,0.1476826667785644
0x81942befbb59f4461a32af5c4798f72f58f6797f,HYPE,0.7871813774108887
0x81942befbb59f4461a32af5c4798f72f58f6797f,ME,0.2113552093505859
0x81942befbb59f4461a32af5c4798f72f58f6797f,PENGU,0.4143691062927246
0x81942befbb59f4461a32af5c4798f72f58f6797f,sENA,0.2387499809265136
0x81942befbb59f4461a32af5c4798f72f58f6797f,BIO,0.1935505867004394
0x81942befbb59f4461a32af5c4798f72f58f6797f,GRIFFAIN,0.0375356674194335
0x81942befbb59f4461a32af5c4798f72f58f6797f,MELANIA,0.2846541404724121
0x81942befbb59f4461a32af5c4798f72f58f6797f,VINE,0.3095464706420898
0x81942befbb59f4461a32af5c4798f72f58f6797f,ANIME,0.336923599243164
0x81942befbb59f4461a32af5c4798f72f58f6797f,VVV,0.5534992218017578
0x81942befbb59f4461a32af5c4798f72f58f6797f,SYRUP,0.5530209541320801
0x81942befbb59f4461a32af5c4798f72f58f6797f,BERA,0.2350006103515625
0x81942befbb59f4461a32af5c4798f72f58f6797f,IP,0.224067211151123
0x81942befbb59f4461a32af5c4798f72f58f6797f,KAITO,0.439401626586914
0x81942befbb59f4461a32af5c4798f72f58f6797f,NIL,0.159496784210205
0x81942befbb59f4461a32af5c4798f72f58f6797f,WCT,0.3566327095031738
0x81942befbb59f4461a32af5c4798f72f58f6797f,PUMP,0.6114697456359863
0x81942befbb59f4461a32af5c4798f72f58f6797f,INIT,0.2513928413391113
0x81942befbb59f4461a32af5c4798f72f58f6797f,SOPH,0.3552460670471191
0x81942befbb59f4461a32af5c4798f72f58f6797f,PROVE,0.3293752670288086
0x81942befbb59f4461a32af5c4798f72f58f6797f,WLFI,0.3474721908569336
0x81942befbb59f4461a32af5c4798f72f58f6797f,0G,0.2042384147644043
0x81942befbb59f4461a32af5c4798f72f58f6797f,ASTER,0.7415647506713867
0x81942befbb59f4461a32af5c4798f72f58f6797f,AVNT,0.0
0x81942befbb59f4461a32af5c4798f72f58f6797f,LINEA,0.3601374626159668
0x81942befbb59f4461a32af5c4798f72f58f6797f,HEMI,0.1071658134460449
0x81942befbb59f4461a32af5c4798f72f58f6797f,XPL,0.3293752670288086
0x81942befbb59f4461a32af5c4798f72f58f6797f,2Z,0.3808698654174804
0x81942befbb59f4461a32af5c4798f72f58f6797f,CC,0.2761483192443847
0x81fbfb07888fff733958210796af7cbe4368ae5f,SKY,0.5206367643606024
0x81fbfb07888fff733958210796af7cbe4368ae5f,TRX,0.5786561907780858
0x81fbfb07888fff733958210796af7cbe4368ae5f,XLM,0.5026408423539374
0x81fbfb07888fff733958210796af7cbe4368ae5f,XMR,0.590108823082591
0x81fbfb07888fff733958210796af7cbe4368ae5f,XRP,0.5482897441837539
0x81fbfb07888fff733958210796af7cbe4368ae5f,ZEC,0.5459425862944295
0x81fbfb07888fff733958210796af7cbe4368ae5f,BCH,0.5574296749091016
0x81fbfb07888fff733958210796af7cbe4368ae5f,BTC,0.5841389805870458
0x81fbfb07888fff733958210796af7cbe4368ae5f,DOGE,0.5530769867194234
0x81fbfb07888fff733958210796af7cbe4368ae5f,ETC,0.5566154187782403
0x81fbfb07888fff733958210796af7cbe4368ae5f,LTC,0.5509266316365465
0x81fbfb07888fff733958210796af7cbe4368ae5f,ETH,0.5822493263726188
0x81fbfb07888fff733958210796af7cbe4368ae5f,ADA,0.487572636251427
0x81fbfb07888fff733958210796af7cbe4368ae5f,LINK,0.5459531555347814
0x81fbfb07888fff733958210796af7cbe4368ae5f,S,0.5031230040037719
0x81fbfb07888fff733958210796af7cbe4368ae5f,ATOM,0.5265693472080097
0x81fbfb07888fff733958210796af7cbe4368ae5f,SNX,0.5394638686598288
0x81fbfb07888fff733958210796af7cbe4368ae5f,RSR,0.5338647904996323
0x81fbfb07888fff733958210796af7cbe4368ae5f,ALGO,0.5378620249426785
0x81fbfb07888fff733958210796af7cbe4368ae5f,RUNE,0.5685381876748341
0x81fbfb07888fff733958210796af7cbe4368ae5f,TRB,0.5260953013655119
0x81fbfb07888fff733958210796af7cbe4368ae5f,SOL,0.5680728270709304
0x81fbfb07888fff733958210796af7cbe4368ae5f,UMA,0.5490890223404123
0x81fbfb07888fff733958210796af7cbe4368ae5f,PAXG,0.6310983178149316
0x81fbfb07888fff733958210796af7cbe4368ae5f,COMP,0.5444079123743022
0x81fbfb07888fff733958210796af7cbe4368ae5f,AVAX,0.5364018557827261
0x81fbfb07888fff733958210796af7cbe4368ae5f,SAND,0.5333443149041889
0x81fbfb07888fff733958210796af7cbe4368ae5f,CRV,0.4787134217242876
0x81fbfb07888fff733958210796af7cbe4368ae5f,LAYER,0.5349167889868758
0x81fbfb07888fff733958210796af7cbe4368ae5f,DOT,0.5599267933292529
0x81fbfb07888fff733958210796af7cbe4368ae5f,SUSHI,0.4892718309671931
0x81fbfb07888fff733958210796af7cbe4368ae5f,UNI,0.5103679039069875
0x81fbfb07888fff733958210796af7cbe4368ae5f,AAVE,0.498882767358668
0x81fbfb07888fff733958210796af7cbe4368ae5f,NEAR,0.5358944714993367
0x81fbfb07888fff733958210796af7cbe4368ae5f,FIL,0.5444582999071682
0x81fbfb07888fff733958210796af7cbe4368ae5f,AXS,0.5182069920610857
0x81fbfb07888fff733958210796af7cbe4368ae5f,INJ,0.5294565203791457
0x81fbfb07888fff733958210796af7cbe4368ae5f,ZORA,0.5099156051011776
0x81fbfb07888fff733958210796af7cbe4368ae5f,CELO,0.5007110278560617
0x81fbfb07888fff733958210796af7cbe4368ae5f,LIT,0.4735556127195639
0x81fbfb07888fff733958210796af7cbe4368ae5f,SHIB,0.5302658327516517
0x81fbfb07888fff733958210796af7cbe4368ae5f,ICP,0.5398354334873147
0x81fbfb07888fff733958210796af7cbe4368ae5f,RENDER,0.5383564311846193
0x81fbfb07888fff733958210796af7cbe4368ae5f,LDO,0.494310543129038
0x81fbfb07888fff733958210796af7cbe4368ae5f,GALA,0.5019900578084129
0x81fbfb07888fff733958210796af7cbe4368ae5f,FET,0.5306229229424342
0x81fbfb07888fff733958210796af7cbe4368ae5f,ENS,0.5477595500071109
0x81fbfb07888fff733958210796af7cbe4368ae5f,IMX,0.5340181627377207
0x81fbfb07888fff733958210796af7cbe4368ae5f,PEOPLE,0.4908811890887351
0x81fbfb07888fff733958210796af7cbe4368ae5f,GMT,0.5216587108037731
0x81fbfb07888fff733958210796af7cbe4368ae5f,FLOKI,0.52550866895676
0x81fbfb07888fff733958210796af7cbe4368ae5f,POL,0.5187764058097356
0x81fbfb07888fff733958210796af7cbe4368ae5f,APE,0.5140613303888585
0x81fbfb07888fff733958210796af7cbe4368ae5f,GMX,0.5238859447195375
0x81fbfb07888fff733958210796af7cbe4368ae5f,BLUR,0.5077335293928665
0x81fbfb07888fff733958210796af7cbe4368ae5f,PENDLE,0.5238521653007558
0x81fbfb07888fff733958210796af7cbe4368ae5f,MINA,0.5044600133189081
0x81fbfb07888fff733958210796af7cbe4368ae5f,LUNC,0.5103803738886789
0x81fbfb07888fff733958210796af7cbe4368ae5f,MEME,0.4938933816507402
0x81fbfb07888fff733958210796af7cbe4368ae5f,OP,0.5195320171232476
0x81fbfb07888fff733958210796af7cbe4368ae5f,ZEN,0.5417008131180026
0x81fbfb07888fff733958210796af7cbe4368ae5f,STRK,0.5314968575133457
0x81fbfb07888fff733958210796af7cbe4368ae5f,STX,0.5197498022336862
0x81fbfb07888fff733958210796af7cbe4368ae5f,CFX,0.5075139016285165
0x81fbfb07888fff733958210796af7cbe4368ae5f,CAKE,0.5401995044495284
0x81fbfb07888fff733958210796af7cbe4368ae5f,DASH,0.549607988865574
0x81fbfb07888fff733958210796af7cbe4368ae5f,BSV,0.4919728384128005
0x81fbfb07888fff733958210796af7cbe4368ae5f,AR,0.5527986980617208
0x81fbfb07888fff733958210796af7cbe4368ae5f,APT,0.5234764696248619
0x81fbfb07888fff733958210796af7cbe4368ae5f,ALT,0.5027955830146594
0x81fbfb07888fff733958210796af7cbe4368ae5f,BNB,0.5916274474790872
0x81fbfb07888fff733958210796af7cbe4368ae5f,BONK,0.4868469793764651
0x81fbfb07888fff733958210796af7cbe4368ae5f,BABY,0.4118893762338034
0x81fbfb07888fff733958210796af7cbe4368ae5f,HBAR,0.5343505398413224
0x81fbfb07888fff733958210796af7cbe4368ae5f,KAS,0.5309736031950816
0x81fbfb07888fff733958210796af7cbe4368ae5f,PEPE,0.530353051808417
0x81fbfb07888fff733958210796af7cbe4368ae5f,ORDI,0.5123288395777662
0x81fbfb07888fff733958210796af7cbe4368ae5f,SUI,0.5271844692777446
0x81fbfb07888fff733958210796af7cbe4368ae5f,MNT,0.5347196841394573
0x81fbfb07888fff733958210796af7cbe4368ae5f,IOTA,0.5093753650467763
0x81fbfb07888fff733958210796af7cbe4368ae5f,TURBO,0.5058919390823255
0x81fbfb07888fff733958210796af7cbe4368ae5f,TIA,0.5202473056219182
0x81fbfb07888fff733958210796af7cbe4368ae5f,SEI,0.5213868149312902
0x81fbfb07888fff733958210796af7cbe4368ae5f,TAO,0.5484277639304673
0x81fbfb07888fff733958210796af7cbe4368ae5f,JTO,0.4866211560875467
0x81fbfb07888fff733958210796af7cbe4368ae5f,PYTH,0.4689884202802918
0x81fbfb07888fff733958210796af7cbe4368ae5f,MANTA,0.5161135344891788
0x81fbfb07888fff733958210796af7cbe4368ae5f,ONDO,0.500699680636346
0x81fbfb07888fff733958210796af7cbe4368ae5f,WIF,0.5349117460868126
0x81fbfb07888fff733958210796af7cbe4368ae5f,XAI,0.4818289592104507
0x81fbfb07888fff733958210796af7cbe4368ae5f,ZETA,0.5160056370289239
0x81fbfb07888fff733958210796af7cbe4368ae5f,JUP,0.533005796403041
0x81fbfb07888fff733958210796af7cbe4368ae5f,DYM,0.4285812438658931
0x81fbfb07888fff733958210796af7cbe4368ae5f,TRUMP,0.5656132695022177
0x81fbfb07888fff733958210796af7cbe4368ae5f,APEX,0.5468346480980002
0x81fbfb07888fff733958210796af7cbe4368ae5f,ARB,0.5242601197129593
0x81fbfb07888fff733958210796af7cbe4368ae5f,BOME,0.4534091256790277
0x81fbfb07888fff733958210796af7cbe4368ae5f,HYPER,0.510316084207783
0x81fbfb07888fff733958210796af7cbe4368ae5f,ETHFI,0.4959388089966385
0x81fbfb07888fff733958210796af7cbe4368ae5f,BRETT,0.4970477438925025
0x81fbfb07888fff733958210796af7cbe4368ae5f,W,0.5209108337114793
0x81fbfb07888fff733958210796af7cbe4368ae5f,GOAT,0.4607315475517413
0x81fbfb07888fff733958210796af7cbe4368ae5f,POPCAT,0.5091826032033753
0x81fbfb07888fff733958210796af7cbe4368ae5f,MERL,0.4831115329133704
0x81fbfb07888fff733958210796af7cbe4368ae5f,ZK,0.5192161078863264
0x81fbfb07888fff733958210796af7cbe4368ae5f,TNSR,0.4846362090139162
0x81fbfb07888fff733958210796af7cbe4368ae5f,AERO,0.5112210260366564
0x81fbfb07888fff733958210796af7cbe4368ae5f,REZ,0.4264324504649353
0x81fbfb07888fff733958210796af7cbe4368ae5f,NOT,0.5113077684159856
0x81fbfb07888fff733958210796af7cbe4368ae5f,MON,0.5227803376661695
0x81fbfb07888fff733958210796af7cbe4368ae5f,VIRTUAL,0.5158102349816983
0x81fbfb07888fff733958210796af7cbe4368ae5f,IO,0.5247634531098201
0x81fbfb07888fff733958210796af7cbe4368ae5f,ZRO,0.4585535862086927
0x81fbfb07888fff733958210796af7cbe4368ae5f,WLD,0.5115534697726954
0x81fbfb07888fff733958210796af7cbe4368ae5f,NEIRO,0.4424921775846333
0x81fbfb07888fff733958210796af7cbe4368ae5f,EIGEN,0.5104233101947078
0x81fbfb07888fff733958210796af7cbe4368ae5f,MOVE,0.4933177726393183
0x81fbfb07888fff733958210796af7cbe4368ae5f,FARTCOIN,0.4988035655164265
0x81fbfb07888fff733958210796af7cbe4368ae5f,GRASS,0.5227582939383333
0x81fbfb07888fff733958210796af7cbe4368ae5f,PNUT,0.4653872915930632
0x81fbfb07888fff733958210796af7cbe4368ae5f,USUAL,0.4472127847005761
0x81fbfb07888fff733958210796af7cbe4368ae5f,MORPHO,0.5119135146489573
0x81fbfb07888fff733958210796af7cbe4368ae5f,AIXBT,0.4444344742523146
0x81fbfb07888fff733958210796af7cbe4368ae5f,HYPE,0.5449910236090907
0x81fbfb07888fff733958210796af7cbe4368ae5f,ME,0.4897105165422449
0x81fbfb07888fff733958210796af7cbe4368ae5f,PENGU,0.4994474620456509
0x81fbfb07888fff733958210796af7cbe4368ae5f,sENA,0.5231090345045188
0x81fbfb07888fff733958210796af7cbe4368ae5f,BIO,0.4658412117816761
0x81fbfb07888fff733958210796af7cbe4368ae5f,GRIFFAIN,0.4378637584900136
0x81fbfb07888fff733958210796af7cbe4368ae5f,MELANIA,0.523036953129357
0x81fbfb07888fff733958210796af7cbe4368ae5f,VINE,0.50387959259539
0x81fbfb07888fff733958210796af7cbe4368ae5f,ANIME,0.4880173455439957
0x81fbfb07888fff733958210796af7cbe4368ae5f,VVV,0.5201512294538511
0x81fbfb07888fff733958210796af7cbe4368ae5f,SYRUP,0.4914863988032537
0x81fbfb07888fff733958210796af7cbe4368ae5f,BERA,0.5217593066134383
0x81fbfb07888fff733958210796af7cbe4368ae5f,IP,0.5174064380136454
0x81fbfb07888fff733958210796af7cbe4368ae5f,KAITO,0.4735185474850405
0x81fbfb07888fff733958210796af7cbe4368ae5f,NIL,0.3805901127534489
0x81fbfb07888fff733958210796af7cbe4368ae5f,WCT,0.5143956413516978
0x81fbfb07888fff733958210796af7cbe4368ae5f,PUMP,0.5061029279720357
0x81fbfb07888fff733958210796af7cbe4368ae5f,INIT,0.4857928790759495
0x81fbfb07888fff733958210796af7cbe4368ae5f,SOPH,0.4820140493395845
0x81fbfb07888fff733958210796af7cbe4368ae5f,PROVE,0.4951146820759304
0x81fbfb07888fff733958210796af7cbe4368ae5f,WLFI,0.5279742326614048
0x81fbfb07888fff733958210796af7cbe4368ae5f,0G,0.4929807607692811
0x81fbfb07888fff733958210796af7cbe4368ae5f,ASTER,0.5599242818983555
0x81fbfb07888fff733958210796af7cbe4368ae5f,AVNT,0.4494767715241263
0x81fbfb07888fff733958210796af7cbe4368ae5f,LINEA,0.521574539321205
0x81fbfb07888fff733958210796af7cbe4368ae5f,HEMI,0.4077074485709685
0x81fbfb07888fff733958210796af7cbe4368ae5f,XPL,0.5011670199318519
0x81fbfb07888fff733958210796af7cbe4368ae5f,2Z,0.4946622881264287
0x81fbfb07888fff733958210796af7cbe4368ae5f,CC,0.4764890270106652
0x8a8e1c4e454e092fc19c6cca2034bd22b29781e7,PEPE,0.53151846
0x8a8e1c4e454e092fc19c6cca2034bd22b29781e7,SAND,0.53251576
0x8a8e1c4e454e092fc19c6cca2034bd22b29781e7,HYPER,0.53443146
0x8a8e1c4e454e092fc19c6cca2034bd22b29781e7,SEI,0.5348062
0x8a8e1c4e454e092fc19c6cca2034bd22b29781e7,SHIB,0.5348751
0x8a8e1c4e454e092fc19c6cca2034bd22b29781e7,STRK,0.53524303
0x8a8e1c4e454e092fc19c6cca2034bd22b29781e7,APE,0.53650063
0x8a8e1c4e454e092fc19c6cca2034bd22b29781e7,AERO,0.53653663
0x8a8e1c4e454e092fc19c6cca2034bd22b29781e7,ZRO,0.5365796
0x8a8e1c4e454e092fc19c6cca2034bd22b29781e7,LINEA,0.53658444
0x8a8e1c4e454e092fc19c6cca2034bd22b29781e7,BERA,0.53668797
0x8a8e1c4e454e092fc19c6cca2034bd22b29781e7,RENDER,0.536826
0x8a8e1c4e454e092fc19c6cca2034bd22b29781e7,HBAR,0.5369089
0x8a8e1c4e454e092fc19c6cca2034bd22b29781e7,ZK,0.53780437
0x8a8e1c4e454e092fc19c6cca2034bd22b29781e7,LDO,0.5378772
0x8a8e1c4e454e092fc19c6cca2034bd22b29781e7,BLUR,0.5380202
0x8a8e1c4e454e092fc19c6cca2034bd22b29781e7,BRETT,0.53823006
0x8a8e1c4e454e092fc19c6cca2034bd22b29781e7,IOTA,0.5382362
0x8a8e1c4e454e092fc19c6cca2034bd22b29781e7,EIGEN,0.53828216
0x8a8e1c4e454e092fc19c6cca2034bd22b29781e7,IMX,0.53829473
0x8a8e1c4e454e092fc19c6cca2034bd22b29781e7,POL,0.5384385
0x8a8e1c4e454e092fc19c6cca2034bd22b29781e7,ZEC,0.5384594
0x8a8e1c4e454e092fc19c6cca2034bd22b29781e7,POPCAT,0.53853655
0x8a8e1c4e454e092fc19c6cca2034bd22b29781e7,RUNE,0.5385394
0x8a8e1c4e454e092fc19c6cca2034bd22b29781e7,MORPHO,0.5385422
0x8a8e1c4e454e092fc19c6cca2034bd22b29781e7,ZEN,0.53859305
0x8a8e1c4e454e092fc19c6cca2034bd22b29781e7,TAO,0.5386801
0x8a8e1c4e454e092fc19c6cca2034bd22b29781e7,FET,0.5387414
0x8a8e1c4e454e092fc19c6cca2034bd22b29781e7,ANIME,0.53876144
0x8a8e1c4e454e092fc19c6cca2034bd22b29781e7,WCT,0.53879726
0x8a8e1c4e454e092fc19c6cca2034bd22b29781e7,MANTA,0.5388173
0x8a8e1c4e454e092fc19c6cca2034bd22b29781e7,ICP,0.53886837
0x8a8e1c4e454e092fc19c6cca2034bd22b29781e7,ATOM,0.5389375
0x8a8e1c4e454e092fc19c6cca2034bd22b29781e7,SUI,0.53918016
0x8a8e1c4e454e092fc19c6cca2034bd22b29781e7,JUP,0.53920424
0x8a8e1c4e454e092fc19c6cca2034bd22b29781e7,NIL,0.53926444
0x8a8e1c4e454e092fc19c6cca2034bd22b29781e7,ZETA,0.53933334
0x8a8e1c4e454e092fc19c6cca2034bd22b29781e7,BIO,0.53939396
0x8a8e1c4e454e092fc19c6cca2034bd22b29781e7,MINA,0.5394487
0x8a8e1c4e454e092fc19c6cca2034bd22b29781e7,NEAR,0.5394828
0x8a8e1c4e454e092fc19c6cca2034bd22b29781e7,TRB,0.5395056
0x8a8e1c4e454e092fc19c6cca2034bd22b29781e7,SUSHI,0.53960305
0x8a8e1c4e454e092fc19c6cca2034bd22b29781e7,AVNT,0.53964686
0x8a8e1c4e454e092fc19c6cca2034bd22b29781e7,PNUT,0.5396487
0x8a8e1c4e454e092fc19c6cca2034bd22b29781e7,REZ,0.5397063
0x8a8e1c4e454e092fc19c6cca2034bd22b29781e7,TIA,0.5397535
0x8a8e1c4e454e092fc19c6cca2034bd22b29781e7,PENDLE,0.5398208
0x8a8e1c4e454e092fc19c6cca2034bd22b29781e7,DYM,0.5398848
0x8a8e1c4e454e092fc19c6cca2034bd22b29781e7,FIL,0.5400292
0x8a8e1c4e454e092fc19c6cca2034bd22b29781e7,AIXBT,0.5400386
0x8a8e1c4e454e092fc19c6cca2034bd22b29781e7,TURBO,0.54007936
0x8a8e1c4e454e092fc19c6cca2034bd22b29781e7,APT,0.54010373
0x8a8e1c4e454e092fc19c6cca2034bd22b29781e7,JTO,0.54013085
0x8a8e1c4e454e092fc19c6cca2034bd22b29781e7,BOME,0.5401368
0x8a8e1c4e454e092fc19c6cca2034bd22b29781e7,PEOPLE,0.540157
0x8a8e1c4e454e092fc19c6cca2034bd22b29781e7,0G,0.5402057
0x8a8e1c4e454e092fc19c6cca2034bd22b29781e7,ZORA,0.5402884
0x8a8e1c4e454e092fc19c6cca2034bd22b29781e7,XLM,0.54052985
0x8a8e1c4e454e092fc19c6cca2034bd22b29781e7,ME,0.54061556
0x8a8e1c4e454e092fc19c6cca2034bd22b29781e7,MELANIA,0.54069847
0x8a8e1c4e454e092fc19c6cca2034bd22b29781e7,ORDI,0.5407412
0x8a8e1c4e454e092fc19c6cca2034bd22b29781e7,KAITO,0.5409419
0x8a8e1c4e454e092fc19c6cca2034bd22b29781e7,SYRUP,0.54110235
0x8a8e1c4e454e092fc19c6cca2034bd22b29781e7,NEIRO,0.5411319
0x8a8e1c4e454e092fc19c6cca2034bd22b29781e7,SOPH,0.541179
0x8a8e1c4e454e092fc19c6cca2034bd22b29781e7,sENA,0.5412565
0x8a8e1c4e454e092fc19c6cca2034bd22b29781e7,ENS,0.54125756
0x8a8e1c4e454e092fc19c6cca2034bd22b29781e7,BONK,0.54148257
0x8a8e1c4e454e092fc19c6cca2034bd22b29781e7,DOGE,0.54163444
0x8a8e1c4e454e092fc19c6cca2034bd22b29781e7,WIF,0.5416456
0x8a8e1c4e454e092fc19c6cca2034bd22b29781e7,MERL,0.541683
0x8a8e1c4e454e092fc19c6cca2034bd22b29781e7,GMX,0.5417731
0x8a8e1c4e454e092fc19c6cca2034bd22b29781e7,MNT,0.5417933
0x8a8e1c4e454e092fc19c6cca2034bd22b29781e7,UMA,0.5418054
0x8a8e1c4e454e092fc19c6cca2034bd22b29781e7,ETHFI,0.5419638
0x8a8e1c4e454e092fc19c6cca2034bd22b29781e7,BSV,0.54197514
0x8a8e1c4e454e092fc19c6cca2034bd22b29781e7,GALA,0.54198444
0x8a8e1c4e454e092fc19c6cca2034bd22b29781e7,CELO,0.54206616
0x8a8e1c4e454e092fc19c6cca2034bd22b29781e7,KAS,0.54210025
0x8a8e1c4e454e092fc19c6cca2034bd22b29781e7,CAKE,0.54231423
0x8a8e1c4e454e092fc19c6cca2034bd22b29781e7,PENGU,0.5423861
0x8a8e1c4e454e092fc19c6cca2034bd22b29781e7,STX,0.5424088
0x8a8e1c4e454e092fc19c6cca2034bd22b29781e7,CFX,0.54249257
0x8a8e1c4e454e092fc19c6cca2034bd22b29781e7,FLOKI,0.5425522
0x8a8e1c4e454e092fc19c6cca2034bd22b29781e7,APEX,0.5426217
0x8a8e1c4e454e092fc19c6cca2034bd22b29781e7,TNSR,0.5426563
0x8a8e1c4e454e092fc19c6cca2034bd22b29781e7,FARTCOIN,0.54269725
0x8a8e1c4e454e092fc19c6cca2034bd22b29781e7,NOT,0.5428445
0x8a8e1c4e454e092fc19c6cca2034bd22b29781e7,DASH,0.54286087
0x8a8e1c4e454e092fc19c6cca2034bd22b29781e7,PAXG,0.54311174
0x8a8e1c4e454e092fc19c6cca2034bd22b29781e7,IO,0.5431776
0x8a8e1c4e454e092fc19c6cca2034bd22b29781e7,ASTER,0.5435106
0x8a8e1c4e454e092fc19c6cca2034bd22b29781e7,AAVE,0.54357314
0x8a8e1c4e454e092fc19c6cca2034bd22b29781e7,2Z,0.5436031
0x8a8e1c4e454e092fc19c6cca2034bd22b29781e7,VINE,0.54371035
0x8a8e1c4e454e092fc19c6cca2034bd22b29781e7,SNX,0.5440164
0x8a8e1c4e454e092fc19c6cca2034bd22b29781e7,WLD,0.5440179
0x8a8e1c4e454e092fc19c6cca2034bd22b29781e7,VVV,0.5442621
0x8a8e1c4e454e092fc19c6cca2034bd22b29781e7,AXS,0.54452294
0x8a8e1c4e454e092fc19c6cca2034bd22b29781e7,GRIFFAIN,0.54463834
0x8a8e1c4e454e092fc19c6cca2034bd22b29781e7,ARB,0.54475003
0x8a8e1c4e454e092fc19c6cca2034bd22b29781e7,UNI,0.5447835
0x8a8e1c4e454e092fc19c6cca2034bd22b29781e7,BABY,0.5448715
0x8a8e1c4e454e092fc19c6cca2034bd22b29781e7,HEMI,0.54491
0x8a8e1c4e454e092fc19c6cca2034bd22b29781e7,COMP,0.54501015
0x8a8e1c4e454e092fc19c6cca2034bd22b29781e7,IP,0.5450828
0x8a8e1c4e454e092fc19c6cca2034bd22b29781e7,XAI,0.5451452
0x8a8e1c4e454e092fc19c6cca2034bd22b29781e7,LUNC,0.54517496
0x8a8e1c4e454e092fc19c6cca2034bd22b29781e7,LTC,0.54523367
0x8a8e1c4e454e092fc19c6cca2034bd22b29781e7,TRUMP,0.5453239
0x8a8e1c4e454e092fc19c6cca2034bd22b29781e7,WLFI,0.5454599
0x8a8e1c4e454e092fc19c6cca2034bd22b29781e7,GOAT,0.5454654
0x8a8e1c4e454e092fc19c6cca2034bd22b29781e7,PUMP,0.54563046
0x8a8e1c4e454e092fc19c6cca2034bd22b29781e7,INIT,0.5456933
0x8a8e1c4e454e092fc19c6cca2034bd22b29781e7,PYTH,0.54590875
0x8a8e1c4e454e092fc19c6cca2034bd22b29781e7,XPL,0.5464791
0x8a8e1c4e454e092fc19c6cca2034bd22b29781e7,INJ,0.5466387
0x8a8e1c4e454e092fc19c6cca2034bd22b29781e7,GRASS,0.5467399
0x8a8e1c4e454e092fc19c6cca2034bd22b29781e7,VIRTUAL,0.5469547
0x8a8e1c4e454e092fc19c6cca2034bd22b29781e7,LIT,0.54719067
0x8a8e1c4e454e092fc19c6cca2034bd22b29781e7,AR,0.5476518
0x8a8e1c4e454e092fc19c6cca2034bd22b29781e7,AVAX,0.54775226
0x8a8e1c4e454e092fc19c6cca2034bd22b29781e7,MEME,0.54816896
0x8a8e1c4e454e092fc19c6cca2034bd22b29781e7,SKY,0.5483155
0x8a8e1c4e454e092fc19c6cca2034bd22b29781e7,USUAL,0.548424
0x8a8e1c4e454e092fc19c6cca2034bd22b29781e7,BCH,0.5484914
0x8a8e1c4e454e092fc19c6cca2034bd22b29781e7,MOVE,0.5485459
0x8a8e1c4e454e092fc19c6cca2034bd22b29781e7,ALGO,0.5487131
0x8a8e1c4e454e092fc19c6cca2034bd22b29781e7,XRP,0.5489858
0x8a8e1c4e454e092fc19c6cca2034bd22b29781e7,ONDO,0.5497081
0x8a8e1c4e454e092fc19c6cca2034bd22b29781e7,LAYER,0.54975086
0x8a8e1c4e454e092fc19c6cca2034bd22b29781e7,MON,0.54987824
0x8a8e1c4e454e092fc19c6cca2034bd22b29781e7,GMT,0.5499953
0x8a8e1c4e454e092fc19c6cca2034bd22b29781e7,W,0.5500335
0x8a8e1c4e454e092fc19c6cca2034bd22b29781e7,ETC,0.5511886
0x8a8e1c4e454e092fc19c6cca2034bd22b29781e7,DOT,0.5518396
0x8a8e1c4e454e092fc19c6cca2034bd22b29781e7,TRX,0.55192274
0x8a8e1c4e454e092fc19c6cca2034bd22b29781e7,XMR,0.5519653
0x8a8e1c4e454e092fc19c6cca2034bd22b29781e7,OP,0.55235916
0x8a8e1c4e454e092fc19c6cca2034bd22b29781e7,ADA,0.5525117
0x8a8e1c4e454e092fc19c6cca2034bd22b29781e7,LINK,0.55411875
0x8a8e1c4e454e092fc19c6cca2034bd22b29781e7,CRV,0.5547521
0x8a8e1c4e454e092fc19c6cca2034bd22b29781e7,BTC,0.5548233
0x8a8e1c4e454e092fc19c6cca2034bd22b29781e7,S,0.55494475
0x8a8e1c4e454e092fc19c6cca2034bd22b29781e7,ETH,0.5556473
0x8a8e1c4e454e092fc19c6cca2034bd22b29781e7,RSR,0.5558805
0x8a8e1c4e454e092fc19c6cca2034bd22b29781e7,ALT,0.55638283
0x8a8e1c4e454e092fc19c6cca2034bd22b29781e7,BNB,0.5572754
0x8a8e1c4e454e092fc19c6cca2034bd22b29781e7,HYPE,0.5574386
0x8a8e1c4e454e092fc19c6cca2034bd22b29781e7,SOL,0.559656
0x8a8e1c4e454e092fc19c6cca2034bd22b29781e7,CC,0.5606787
0x8a8e1c4e454e092fc19c6cca2034bd22b29781e7,PROVE,0.56149584
0x904d35c124326ce0741d7b6c63b66a12fbeabcc5,SKY,0.7433972358703613
0x904d35c124326ce0741d7b6c63b66a12fbeabcc5,TRX,0.9237003326416016
0x904d35c124326ce0741d7b6c63b66a12fbeabcc5,XLM,0.6034760475158691
0x904d35c124326ce0741d7b6c63b66a12fbeabcc5,XMR,0.8926868438720703
0x904d35c124326ce0741d7b6c63b66a12fbeabcc5,XRP,0.8173480033874512
0x904d35c124326ce0741d7b6c63b66a12fbeabcc5,ZEC,0.9050049781799316
0x904d35c124326ce0741d7b6c63b66a12fbeabcc5,BCH,0.9028496742248536
0x904d35c124326ce0741d7b6c63b66a12fbeabcc5,BTC,0.9947867393493652
0x904d35c124326ce0741d7b6c63b66a12fbeabcc5,DOGE,0.6354670524597168
0x904d35c124326ce0741d7b6c63b66a12fbeabcc5,ETC,0.6585164070129395
0x904d35c124326ce0741d7b6c63b66a12fbeabcc5,LTC,0.8037099838256836
0x904d35c124326ce0741d7b6c63b66a12fbeabcc5,ETH,1.0
0x904d35c124326ce0741d7b6c63b66a12fbeabcc5,ADA,0.5472183227539062
0x904d35c124326ce0741d7b6c63b66a12fbeabcc5,LINK,0.695897102355957
0x904d35c124326ce0741d7b6c63b66a12fbeabcc5,S,0.1687259674072265
0x904d35c124326ce0741d7b6c63b66a12fbeabcc5,ATOM,0.5786933898925781
0x904d35c124326ce0741d7b6c63b66a12fbeabcc5,SNX,0.3644218444824219
0x904d35c124326ce0741d7b6c63b66a12fbeabcc5,RSR,0.4271831512451172
0x904d35c124326ce0741d7b6c63b66a12fbeabcc5,ALGO,0.5846991539001465
0x904d35c124326ce0741d7b6c63b66a12fbeabcc5,RUNE,0.5394887924194336
0x904d35c124326ce0741d7b6c63b66a12fbeabcc5,TRB,0.651463508605957
0x904d35c124326ce0741d7b6c63b66a12fbeabcc5,SOL,0.8413400650024414
0x904d35c124326ce0741d7b6c63b66a12fbeabcc5,UMA,0.5138654708862305
0x904d35c124326ce0741d7b6c63b66a12fbeabcc5,PAXG,0.9642128944396972
0x904d35c124326ce0741d7b6c63b66a12fbeabcc5,COMP,0.6347436904907227
0x904d35c124326ce0741d7b6c63b66a12fbeabcc5,AVAX,0.6598548889160156
0x904d35c124326ce0741d7b6c63b66a12fbeabcc5,SAND,0.4631862640380859
0x904d35c124326ce0741d7b6c63b66a12fbeabcc5,CRV,0.596916675567627
0x904d35c124326ce0741d7b6c63b66a12fbeabcc5,LAYER,0.3237628936767578
0x904d35c124326ce0741d7b6c63b66a12fbeabcc5,DOT,0.4101853370666504
0x904d35c124326ce0741d7b6c63b66a12fbeabcc5,SUSHI,0.5177960395812988
0x904d35c124326ce0741d7b6c63b66a12fbeabcc5,UNI,0.6180539131164551
0x904d35c124326ce0741d7b6c63b66a12fbeabcc5,AAVE,0.6674075126647949
0x904d35c124326ce0741d7b6c63b66a12fbeabcc5,NEAR,0.4946045875549316
0x904d35c124326ce0741d7b6c63b66a12fbeabcc5,FIL,0.6279921531677246
0x904d35c124326ce0741d7b6c63b66a12fbeabcc5,AXS,0.3753805160522461
0x904d35c124326ce0741d7b6c63b66a12fbeabcc5,INJ,0.613490104675293
0x904d35c124326ce0741d7b6c63b66a12fbeabcc5,ZORA,0.2572855949401855
0x904d35c124326ce0741d7b6c63b66a12fbeabcc5,CELO,0.4231562614440918
0x904d35c124326ce0741d7b6c63b66a12fbeabcc5,LIT,0.7155895233154297
0x904d35c124326ce0741d7b6c63b66a12fbeabcc5,SHIB,0.6203103065490723
0x904d35c124326ce0741d7b6c63b66a12fbeabcc5,ICP,0.5455217361450195
0x904d35c124326ce0741d7b6c63b66a12fbeabcc5,RENDER,0.5570478439331055
0x904d35c124326ce0741d7b6c63b66a12fbeabcc5,LDO,0.4333629608154297
0x904d35c124326ce0741d7b6c63b66a12fbeabcc5,GALA,0.3396601676940918
0x904d35c124326ce0741d7b6c63b66a12fbeabcc5,FET,0.2984976768493652
0x904d35c124326ce0741d7b6c63b66a12fbeabcc5,ENS,0.529505729675293
0x904d35c124326ce0741d7b6c63b66a12fbeabcc5,IMX,0.3543720245361328
0x904d35c124326ce0741d7b6c63b66a12fbeabcc5,PEOPLE,0.2098531723022461
0x904d35c124326ce0741d7b6c63b66a12fbeabcc5,GMT,0.3514051437377929
0x904d35c124326ce0741d7b6c63b66a12fbeabcc5,FLOKI,0.3541107177734375
0x904d35c124326ce0741d7b6c63b66a12fbeabcc5,POL,0.4624586105346679
0x904d35c124326ce0741d7b6c63b66a12fbeabcc5,APE,0.3896331787109375
0x904d35c124326ce0741d7b6c63b66a12fbeabcc5,GMX,0.5249638557434082
0x904d35c124326ce0741d7b6c63b66a12fbeabcc5,BLUR,0.388702392578125
0x904d35c124326ce0741d7b6c63b66a12fbeabcc5,PENDLE,0.6782493591308594
0x904d35c124326ce0741d7b6c63b66a12fbeabcc5,MINA,0.3707494735717773
0x904d35c124326ce0741d7b6c63b66a12fbeabcc5,LUNC,0.6346473693847656
0x904d35c124326ce0741d7b6c63b66a12fbeabcc5,MEME,0.2233433723449707
0x904d35c124326ce0741d7b6c63b66a12fbeabcc5,OP,0.5389323234558105
0x904d35c124326ce0741d7b6c63b66a12fbeabcc5,ZEN,0.3921194076538086
0x904d35c124326ce0741d7b6c63b66a12fbeabcc5,STRK,0.3348016738891601
0x904d35c124326ce0741d7b6c63b66a12fbeabcc5,STX,0.3705892562866211
0x904d35c124326ce0741d7b6c63b66a12fbeabcc5,CFX,0.5185737609863281
0x904d35c124326ce0741d7b6c63b66a12fbeabcc5,CAKE,0.7670192718505859
0x904d35c124326ce0741d7b6c63b66a12fbeabcc5,DASH,0.6240358352661133
0x904d35c124326ce0741d7b6c63b66a12fbeabcc5,BSV,0.5902786254882812
0x904d35c124326ce0741d7b6c63b66a12fbeabcc5,AR,0.3547325134277344
0x904d35c124326ce0741d7b6c63b66a12fbeabcc5,APT,0.4864892959594726
0x904d35c124326ce0741d7b6c63b66a12fbeabcc5,ALT,0.3275837898254394
0x904d35c124326ce0741d7b6c63b66a12fbeabcc5,BNB,0.9894137382507324
0x904d35c124326ce0741d7b6c63b66a12fbeabcc5,BONK,0.3299703598022461
0x904d35c124326ce0741d7b6c63b66a12fbeabcc5,BABY,0.2791800498962402
0x904d35c124326ce0741d7b6c63b66a12fbeabcc5,HBAR,0.5815868377685547
0x904d35c124326ce0741d7b6c63b66a12fbeabcc5,KAS,0.3406949043273926
0x904d35c124326ce0741d7b6c63b66a12fbeabcc5,PEPE,0.5229668617248535
0x904d35c124326ce0741d7b6c63b66a12fbeabcc5,ORDI,0.4007387161254883
0x904d35c124326ce0741d7b6c63b66a12fbeabcc5,SUI,0.6593742370605469
0x904d35c124326ce0741d7b6c63b66a12fbeabcc5,MNT,0.5308709144592285
0x904d35c124326ce0741d7b6c63b66a12fbeabcc5,IOTA,0.3662066459655761
0x904d35c124326ce0741d7b6c63b66a12fbeabcc5,TURBO,0.28472900390625
0x904d35c124326ce0741d7b6c63b66a12fbeabcc5,TIA,0.3706011772155761
0x904d35c124326ce0741d7b6c63b66a12fbeabcc5,SEI,0.3511538505554199
0x904d35c124326ce0741d7b6c63b66a12fbeabcc5,TAO,0.5979719161987305
0x904d35c124326ce0741d7b6c63b66a12fbeabcc5,JTO,0.3883881568908691
0x904d35c124326ce0741d7b6c63b66a12fbeabcc5,PYTH,0.4574713706970215
0x904d35c124326ce0741d7b6c63b66a12fbeabcc5,MANTA,0.4783010482788086
0x904d35c124326ce0741d7b6c63b66a12fbeabcc5,ONDO,0.5878057479858398
0x904d35c124326ce0741d7b6c63b66a12fbeabcc5,WIF,0.3538393974304199
0x904d35c124326ce0741d7b6c63b66a12fbeabcc5,XAI,0.0
0x904d35c124326ce0741d7b6c63b66a12fbeabcc5,ZETA,0.3835210800170898
0x904d35c124326ce0741d7b6c63b66a12fbeabcc5,JUP,0.5712246894836426
0x904d35c124326ce0741d7b6c63b66a12fbeabcc5,DYM,0.0055265426635742
0x904d35c124326ce0741d7b6c63b66a12fbeabcc5,TRUMP,0.3168835639953613
0x904d35c124326ce0741d7b6c63b66a12fbeabcc5,APEX,0.2819433212280273
0x904d35c124326ce0741d7b6c63b66a12fbeabcc5,ARB,0.4031953811645508
0x904d35c124326ce0741d7b6c63b66a12fbeabcc5,BOME,0.0173001289367675
0x904d35c124326ce0741d7b6c63b66a12fbeabcc5,HYPER,0.3370099067687988
0x904d35c124326ce0741d7b6c63b66a12fbeabcc5,ETHFI,0.5827088356018066
0x904d35c124326ce0741d7b6c63b66a12fbeabcc5,BRETT,0.2503600120544433
0x904d35c124326ce0741d7b6c63b66a12fbeabcc5,W,0.3363156318664551
0x904d35c124326ce0741d7b6c63b66a12fbeabcc5,GOAT,0.1555824279785156
0x904d35c124326ce0741d7b6c63b66a12fbeabcc5,POPCAT,0.3409323692321777
0x904d35c124326ce0741d7b6c63b66a12fbeabcc5,MERL,0.4711518287658691
0x904d35c124326ce0741d7b6c63b66a12fbeabcc5,ZK,0.3458395004272461
0x904d35c124326ce0741d7b6c63b66a12fbeabcc5,TNSR,0.3275837898254394
0x904d35c124326ce0741d7b6c63b66a12fbeabcc5,AERO,0.4528102874755859
0x904d35c124326ce0741d7b6c63b66a12fbeabcc5,REZ,0.1518359184265136
0x904d35c124326ce0741d7b6c63b66a12fbeabcc5,NOT,0.3275837898254394
0x904d35c124326ce0741d7b6c63b66a12fbeabcc5,MON,0.3485832214355469
0x904d35c124326ce0741d7b6c63b66a12fbeabcc5,VIRTUAL,0.6775646209716797
0x904d35c124326ce0741d7b6c63b66a12fbeabcc5,IO,0.3318963050842285
0x904d35c124326ce0741d7b6c63b66a12fbeabcc5,ZRO,0.4213628768920898
0x904d35c124326ce0741d7b6c63b66a12fbeabcc5,WLD,0.3270268440246582
0x904d35c124326ce0741d7b6c63b66a12fbeabcc5,NEIRO,0.0561804771423339
0x904d35c124326ce0741d7b6c63b66a12fbeabcc5,EIGEN,0.3139557838439941
0x904d35c124326ce0741d7b6c63b66a12fbeabcc5,MOVE,0.1938591003417968
0x904d35c124326ce0741d7b6c63b66a12fbeabcc5,FARTCOIN,0.4218654632568359
0x904d35c124326ce0741d7b6c63b66a12fbeabcc5,GRASS,0.3327498435974121
0x904d35c124326ce0741d7b6c63b66a12fbeabcc5,PNUT,0.2856969833374023
0x904d35c124326ce0741d7b6c63b66a12fbeabcc5,USUAL,0.0983414649963378
0x904d35c124326ce0741d7b6c63b66a12fbeabcc5,MORPHO,0.8052005767822266
0x904d35c124326ce0741d7b6c63b66a12fbeabcc5,AIXBT,0.1857967376708984
0x904d35c124326ce0741d7b6c63b66a12fbeabcc5,HYPE,0.921804904937744
0x904d35c124326ce0741d7b6c63b66a12fbeabcc5,ME,0.339146614074707
0x904d35c124326ce0741d7b6c63b66a12fbeabcc5,PENGU,0.4912428855895996
0x904d35c124326ce0741d7b6c63b66a12fbeabcc5,sENA,0.2968993186950683
0x904d35c124326ce0741d7b6c63b66a12fbeabcc5,BIO,0.2635092735290527
0x904d35c124326ce0741d7b6c63b66a12fbeabcc5,GRIFFAIN,0.0282201766967773
0x904d35c124326ce0741d7b6c63b66a12fbeabcc5,MELANIA,0.3481264114379883
0x904d35c124326ce0741d7b6c63b66a12fbeabcc5,VINE,0.3257169723510742
0x904d35c124326ce0741d7b6c63b66a12fbeabcc5,ANIME,0.379495620727539
0x904d35c124326ce0741d7b6c63b66a12fbeabcc5,VVV,0.5741047859191895
0x904d35c124326ce0741d7b6c63b66a12fbeabcc5,SYRUP,0.656456470489502
0x904d35c124326ce0741d7b6c63b66a12fbeabcc5,BERA,0.2035484313964843
0x904d35c124326ce0741d7b6c63b66a12fbeabcc5,IP,0.2057280540466308
0x904d35c124326ce0741d7b6c63b66a12fbeabcc5,KAITO,0.589019775390625
0x904d35c124326ce0741d7b6c63b66a12fbeabcc5,NIL,0.2619781494140625
0x904d35c124326ce0741d7b6c63b66a12fbeabcc5,WCT,0.3257169723510742
0x904d35c124326ce0741d7b6c63b66a12fbeabcc5,PUMP,0.6131954193115234
0x904d35c124326ce0741d7b6c63b66a12fbeabcc5,INIT,0.3459310531616211
0x904d35c124326ce0741d7b6c63b66a12fbeabcc5,SOPH,0.2983269691467285
0x904d35c124326ce0741d7b6c63b66a12fbeabcc5,PROVE,0.322206974029541
0x904d35c124326ce0741d7b6c63b66a12fbeabcc5,WLFI,0.5099539756774902
0x904d35c124326ce0741d7b6c63b66a12fbeabcc5,0G,0.1926326751708984
0x904d35c124326ce0741d7b6c63b66a12fbeabcc5,ASTER,0.7047533988952637
0x904d35c124326ce0741d7b6c63b66a12fbeabcc5,AVNT,0.1440629959106445
0x904d35c124326ce0741d7b6c63b66a12fbeabcc5,LINEA,0.3485832214355469
0x904d35c124326ce0741d7b6c63b66a12fbeabcc5,HEMI,0.1302309036254882
0x904d35c124326ce0741d7b6c63b66a12fbeabcc5,XPL,0.342355728149414
0x904d35c124326ce0741d7b6c63b66a12fbeabcc5,2Z,0.4452629089355469
0x904d35c124326ce0741d7b6c63b66a12fbeabcc5,CC,0.3160271644592285
0x95129c9fe9aff2c537db3633906a56c29ff9ea06,SKY,0.7547789812088013
0x95129c9fe9aff2c537db3633906a56c29ff9ea06,TRX,0.8979542255401611
0x95129c9fe9aff2c537db3633906a56c29ff9ea06,XLM,0.7605572938919067
0x95129c9fe9aff2c537db3633906a56c29ff9ea06,XMR,0.7742526531219482
0x95129c9fe9aff2c537db3633906a56c29ff9ea06,XRP,0.824316143989563
0x95129c9fe9aff2c537db3633906a56c29ff9ea06,ZEC,0.9111571311950684
0x95129c9fe9aff2c537db3633906a56c29ff9ea06,BCH,0.8476161956787109
0x95129c9fe9aff2c537db3633906a56c29ff9ea06,BTC,0.9158806800842284
0x95129c9fe9aff2c537db3633906a56c29ff9ea06,DOGE,0.7810282707214355
0x95129c9fe9aff2c537db3633906a56c29ff9ea06,ETC,0.7160369753837585
0x95129c9fe9aff2c537db3633906a56c29ff9ea06,LTC,0.8311338424682617
0x95129c9fe9aff2c537db3633906a56c29ff9ea06,ETH,0.9402518272399902
0x95129c9fe9aff2c537db3633906a56c29ff9ea06,ADA,0.5980744957923889
0x95129c9fe9aff2c537db3633906a56c29ff9ea06,LINK,0.7483097910881042
0x95129c9fe9aff2c537db3633906a56c29ff9ea06,S,0.2976670563220978
0x95129c9fe9aff2c537db3633906a56c29ff9ea06,ATOM,0.7021159529685974
0x95129c9fe9aff2c537db3633906a56c29ff9ea06,SNX,0.5483558773994446
0x95129c9fe9aff2c537db3633906a56c29ff9ea06,RSR,0.5606961846351624
0x95129c9fe9aff2c537db3633906a56c29ff9ea06,ALGO,0.6974684596061707
0x95129c9fe9aff2c537db3633906a56c29ff9ea06,RUNE,0.6691572070121765
0x95129c9fe9aff2c537db3633906a56c29ff9ea06,TRB,0.7231319546699524
0x95129c9fe9aff2c537db3633906a56c29ff9ea06,SOL,0.8706469535827637
0x95129c9fe9aff2c537db3633906a56c29ff9ea06,UMA,0.6723681092262268
0x95129c9fe9aff2c537db3633906a56c29ff9ea06,PAXG,0.962437868118286
0x95129c9fe9aff2c537db3633906a56c29ff9ea06,COMP,0.7158388495445251
0x95129c9fe9aff2c537db3633906a56c29ff9ea06,AVAX,0.7241074442863464
0x95129c9fe9aff2c537db3633906a56c29ff9ea06,SAND,0.5876855254173279
0x95129c9fe9aff2c537db3633906a56c29ff9ea06,CRV,0.6360289454460144
0x95129c9fe9aff2c537db3633906a56c29ff9ea06,LAYER,0.4901865124702453
0x95129c9fe9aff2c537db3633906a56c29ff9ea06,DOT,0.5792881846427917
0x95129c9fe9aff2c537db3633906a56c29ff9ea06,SUSHI,0.590331494808197
0x95129c9fe9aff2c537db3633906a56c29ff9ea06,UNI,0.675042450428009
0x95129c9fe9aff2c537db3633906a56c29ff9ea06,AAVE,0.8199775218963623
0x95129c9fe9aff2c537db3633906a56c29ff9ea06,NEAR,0.6121692061424255
0x95129c9fe9aff2c537db3633906a56c29ff9ea06,FIL,0.7170495390892029
0x95129c9fe9aff2c537db3633906a56c29ff9ea06,AXS,0.5291439890861511
0x95129c9fe9aff2c537db3633906a56c29ff9ea06,INJ,0.6764089465141296
0x95129c9fe9aff2c537db3633906a56c29ff9ea06,ZORA,0.4351024031639099
0x95129c9fe9aff2c537db3633906a56c29ff9ea06,CELO,0.5895816683769226
0x95129c9fe9aff2c537db3633906a56c29ff9ea06,LIT,0.7491785883903503
0x95129c9fe9aff2c537db3633906a56c29ff9ea06,SHIB,0.6537824273109436
0x95129c9fe9aff2c537db3633906a56c29ff9ea06,ICP,0.6431732773780823
0x95129c9fe9aff2c537db3633906a56c29ff9ea06,RENDER,0.6837404370307922
0x95129c9fe9aff2c537db3633906a56c29ff9ea06,LDO,0.5427278876304626
0x95129c9fe9aff2c537db3633906a56c29ff9ea06,GALA,0.535628616809845
0x95129c9fe9aff2c537db3633906a56c29ff9ea06,FET,0.471006691455841
0x95129c9fe9aff2c537db3633906a56c29ff9ea06,ENS,0.6218118071556091
0x95129c9fe9aff2c537db3633906a56c29ff9ea06,IMX,0.5483528971672058
0x95129c9fe9aff2c537db3633906a56c29ff9ea06,PEOPLE,0.2481466829776764
0x95129c9fe9aff2c537db3633906a56c29ff9ea06,GMT,0.4788358807563782
0x95129c9fe9aff2c537db3633906a56c29ff9ea06,FLOKI,0.5424688458442688
0x95129c9fe9aff2c537db3633906a56c29ff9ea06,POL,0.5887845158576965
0x95129c9fe9aff2c537db3633906a56c29ff9ea06,APE,0.5424655079841614
0x95129c9fe9aff2c537db3633906a56c29ff9ea06,GMX,0.6708760857582092
0x95129c9fe9aff2c537db3633906a56c29ff9ea06,BLUR,0.5643314719200134
0x95129c9fe9aff2c537db3633906a56c29ff9ea06,PENDLE,0.7446280121803284
0x95129c9fe9aff2c537db3633906a56c29ff9ea06,MINA,0.5351045727729797
0x95129c9fe9aff2c537db3633906a56c29ff9ea06,LUNC,0.7295710444450378
0x95129c9fe9aff2c537db3633906a56c29ff9ea06,MEME,0.377433717250824
0x95129c9fe9aff2c537db3633906a56c29ff9ea06,OP,0.6833211779594421
0x95129c9fe9aff2c537db3633906a56c29ff9ea06,ZEN,0.5397214293479919
0x95129c9fe9aff2c537db3633906a56c29ff9ea06,STRK,0.5000172257423401
0x95129c9fe9aff2c537db3633906a56c29ff9ea06,STX,0.544890820980072
0x95129c9fe9aff2c537db3633906a56c29ff9ea06,CFX,0.6225795149803162
0x95129c9fe9aff2c537db3633906a56c29ff9ea06,CAKE,0.8140616416931152
0x95129c9fe9aff2c537db3633906a56c29ff9ea06,DASH,0.7273885607719421
0x95129c9fe9aff2c537db3633906a56c29ff9ea06,BSV,0.6588287949562073
0x95129c9fe9aff2c537db3633906a56c29ff9ea06,AR,0.5061723589897156
0x95129c9fe9aff2c537db3633906a56c29ff9ea06,APT,0.6232438683509827
0x95129c9fe9aff2c537db3633906a56c29ff9ea06,ALT,0.5020470023155212
0x95129c9fe9aff2c537db3633906a56c29ff9ea06,BNB,1.0
0x95129c9fe9aff2c537db3633906a56c29ff9ea06,BONK,0.5018356442451477
0x95129c9fe9aff2c537db3633906a56c29ff9ea06,BABY,0.3844099640846252
0x95129c9fe9aff2c537db3633906a56c29ff9ea06,HBAR,0.7017831206321716
0x95129c9fe9aff2c537db3633906a56c29ff9ea06,KAS,0.5427564978599548
0x95129c9fe9aff2c537db3633906a56c29ff9ea06,PEPE,0.612287700176239
0x95129c9fe9aff2c537db3633906a56c29ff9ea06,ORDI,0.4990974068641662
0x95129c9fe9aff2c537db3633906a56c29ff9ea06,SUI,0.7501187324523926
0x95129c9fe9aff2c537db3633906a56c29ff9ea06,MNT,0.6449499726295471
0x95129c9fe9aff2c537db3633906a56c29ff9ea06,IOTA,0.5216096043586731
0x95129c9fe9aff2c537db3633906a56c29ff9ea06,TURBO,0.4493799805641174
0x95129c9fe9aff2c537db3633906a56c29ff9ea06,TIA,0.5088503956794739
0x95129c9fe9aff2c537db3633906a56c29ff9ea06,SEI,0.5229905247688293
0x95129c9fe9aff2c537db3633906a56c29ff9ea06,TAO,0.6980097889900208
0x95129c9fe9aff2c537db3633906a56c29ff9ea06,JTO,0.5450064539909363
0x95129c9fe9aff2c537db3633906a56c29ff9ea06,PYTH,0.5855709910392761
0x95129c9fe9aff2c537db3633906a56c29ff9ea06,MANTA,0.5846982598304749
0x95129c9fe9aff2c537db3633906a56c29ff9ea06,ONDO,0.6740822196006775
0x95129c9fe9aff2c537db3633906a56c29ff9ea06,WIF,0.5605946183204651
0x95129c9fe9aff2c537db3633906a56c29ff9ea06,XAI,0.05860186368227
0x95129c9fe9aff2c537db3633906a56c29ff9ea06,ZETA,0.5922161936759949
0x95129c9fe9aff2c537db3633906a56c29ff9ea06,JUP,0.6845006346702576
0x95129c9fe9aff2c537db3633906a56c29ff9ea06,DYM,0.1607656627893448
0x95129c9fe9aff2c537db3633906a56c29ff9ea06,TRUMP,0.4832355380058288
0x95129c9fe9aff2c537db3633906a56c29ff9ea06,APEX,0.4759674668312073
0x95129c9fe9aff2c537db3633906a56c29ff9ea06,ARB,0.5801191926002502
0x95129c9fe9aff2c537db3633906a56c29ff9ea06,BOME,0.0
0x95129c9fe9aff2c537db3633906a56c29ff9ea06,HYPER,0.4830610156059265
0x95129c9fe9aff2c537db3633906a56c29ff9ea06,ETHFI,0.6765336394309998
0x95129c9fe9aff2c537db3633906a56c29ff9ea06,BRETT,0.4328187108039856
0x95129c9fe9aff2c537db3633906a56c29ff9ea06,W,0.4844427704811096
0x95129c9fe9aff2c537db3633906a56c29ff9ea06,GOAT,0.3173544704914093
0x95129c9fe9aff2c537db3633906a56c29ff9ea06,POPCAT,0.4439783692359924
0x95129c9fe9aff2c537db3633906a56c29ff9ea06,MERL,0.5193880200386047
0x95129c9fe9aff2c537db3633906a56c29ff9ea06,ZK,0.536745011806488
0x95129c9fe9aff2c537db3633906a56c29ff9ea06,TNSR,0.4626252055168152
0x95129c9fe9aff2c537db3633906a56c29ff9ea06,AERO,0.5844826102256775
0x95129c9fe9aff2c537db3633906a56c29ff9ea06,REZ,0.2443795502185821
0x95129c9fe9aff2c537db3633906a56c29ff9ea06,NOT,0.4574155211448669
0x95129c9fe9aff2c537db3633906a56c29ff9ea06,MON,0.5052695870399475
0x95129c9fe9aff2c537db3633906a56c29ff9ea06,VIRTUAL,0.731322705745697
0x95129c9fe9aff2c537db3633906a56c29ff9ea06,IO,0.5250281691551208
0x95129c9fe9aff2c537db3633906a56c29ff9ea06,ZRO,0.5574420094490051
0x95129c9fe9aff2c537db3633906a56c29ff9ea06,WLD,0.4910286068916321
0x95129c9fe9aff2c537db3633906a56c29ff9ea06,NEIRO,0.1991434395313263
0x95129c9fe9aff2c537db3633906a56c29ff9ea06,EIGEN,0.4464192986488342
0x95129c9fe9aff2c537db3633906a56c29ff9ea06,MOVE,0.2785675823688507
0x95129c9fe9aff2c537db3633906a56c29ff9ea06,FARTCOIN,0.5298861861228943
0x95129c9fe9aff2c537db3633906a56c29ff9ea06,GRASS,0.4578024744987488
0x95129c9fe9aff2c537db3633906a56c29ff9ea06,PNUT,0.414808452129364
0x95129c9fe9aff2c537db3633906a56c29ff9ea06,USUAL,0.2256586849689483
0x95129c9fe9aff2c537db3633906a56c29ff9ea06,MORPHO,0.835440993309021
0x95129c9fe9aff2c537db3633906a56c29ff9ea06,AIXBT,0.3879700303077698
0x95129c9fe9aff2c537db3633906a56c29ff9ea06,HYPE,0.8419184684753418
0x95129c9fe9aff2c537db3633906a56c29ff9ea06,ME,0.5094192624092102
0x95129c9fe9aff2c537db3633906a56c29ff9ea06,PENGU,0.5798293948173523
0x95129c9fe9aff2c537db3633906a56c29ff9ea06,sENA,0.409091055393219
0x95129c9fe9aff2c537db3633906a56c29ff9ea06,BIO,0.3974125981330871
0x95129c9fe9aff2c537db3633906a56c29ff9ea06,GRIFFAIN,0.1273427158594131
0x95129c9fe9aff2c537db3633906a56c29ff9ea06,MELANIA,0.5311285853385925
0x95129c9fe9aff2c537db3633906a56c29ff9ea06,VINE,0.5157261490821838
0x95129c9fe9aff2c537db3633906a56c29ff9ea06,ANIME,0.5538951754570007
0x95129c9fe9aff2c537db3633906a56c29ff9ea06,VVV,0.6688500046730042
0x95129c9fe9aff2c537db3633906a56c29ff9ea06,SYRUP,0.7036578059196472
0x95129c9fe9aff2c537db3633906a56c29ff9ea06,BERA,0.3697111904621124
0x95129c9fe9aff2c537db3633906a56c29ff9ea06,IP,0.3534367382526397
0x95129c9fe9aff2c537db3633906a56c29ff9ea06,KAITO,0.666601836681366
0x95129c9fe9aff2c537db3633906a56c29ff9ea06,NIL,0.2869636118412018
0x95129c9fe9aff2c537db3633906a56c29ff9ea06,WCT,0.5210105776786804
0x95129c9fe9aff2c537db3633906a56c29ff9ea06,PUMP,0.6373041272163391
0x95129c9fe9aff2c537db3633906a56c29ff9ea06,INIT,0.441404640674591
0x95129c9fe9aff2c537db3633906a56c29ff9ea06,SOPH,0.5082942843437195
0x95129c9fe9aff2c537db3633906a56c29ff9ea06,PROVE,0.4830376505851745
0x95129c9fe9aff2c537db3633906a56c29ff9ea06,WLFI,0.6330146193504333
0x95129c9fe9aff2c537db3633906a56c29ff9ea06,0G,0.2845161259174347
0x95129c9fe9aff2c537db3633906a56c29ff9ea06,ASTER,0.7798813581466675
0x95129c9fe9aff2c537db3633906a56c29ff9ea06,AVNT,0.2711606323719024
0x95129c9fe9aff2c537db3633906a56c29ff9ea06,LINEA,0.5402283072471619
0x95129c9fe9aff2c537db3633906a56c29ff9ea06,HEMI,0.2565822899341583
0x95129c9fe9aff2c537db3633906a56c29ff9ea06,XPL,0.5208544135093689
0x95129c9fe9aff2c537db3633906a56c29ff9ea06,2Z,0.5933346152305603
0x95129c9fe9aff2c537db3633906a56c29ff9ea06,CC,0.420229971408844
0x98e41d65e981a882afcb05d41939197da3465b6f,BTC,0.5812284
0x98e41d65e981a882afcb05d41939197da3465b6f,LTC,0.5439043
0x98e41d65e981a882afcb05d41939197da3465b6f,XRP,0.5456343
0x98e41d65e981a882afcb05d41939197da3465b6f,DOGE,0.5415932
0x98e41d65e981a882afcb05d41939197da3465b6f,DASH,0.5553583
0x98e41d65e981a882afcb05d41939197da3465b6f,XMR,0.58834976
0x98e41d65e981a882afcb05d41939197da3465b6f,XLM,0.5081296
0x98e41d65e981a882afcb05d41939197da3465b6f,ETH,0.60152024
0x98e41d65e981a882afcb05d41939197da3465b6f,ETC,0.5463459
0x98e41d65e981a882afcb05d41939197da3465b6f,ZEC,0.54706544
0x98e41d65e981a882afcb05d41939197da3465b6f,ZEN,0.54054546
0x98e41d65e981a882afcb05d41939197da3465b6f,IOTA,0.5104762
0x98e41d65e981a882afcb05d41939197da3465b6f,BCH,0.5728084
0x98e41d65e981a882afcb05d41939197da3465b6f,BNB,0.5750943
0x98e41d65e981a882afcb05d41939197da3465b6f,TRX,0.61392236
0x98e41d65e981a882afcb05d41939197da3465b6f,LINK,0.557819
0x98e41d65e981a882afcb05d41939197da3465b6f,ADA,0.48342335
0x98e41d65e981a882afcb05d41939197da3465b6f,FIL,0.5414522
0x98e41d65e981a882afcb05d41939197da3465b6f,SNX,0.5782477
0x98e41d65e981a882afcb05d41939197da3465b6f,BSV,0.48157936
0x98e41d65e981a882afcb05d41939197da3465b6f,FET,0.52628446
0x98e41d65e981a882afcb05d41939197da3465b6f,ATOM,0.5264693
0x98e41d65e981a882afcb05d41939197da3465b6f,RSR,0.5189909
0x98e41d65e981a882afcb05d41939197da3465b6f,ALGO,0.5279319
0x98e41d65e981a882afcb05d41939197da3465b6f,RUNE,0.5895579
0x98e41d65e981a882afcb05d41939197da3465b6f,LUNC,0.51798296
0x98e41d65e981a882afcb05d41939197da3465b6f,HBAR,0.5292302
0x98e41d65e981a882afcb05d41939197da3465b6f,PAXG,0.6220236
0x98e41d65e981a882afcb05d41939197da3465b6f,STX,0.5126166
0x98e41d65e981a882afcb05d41939197da3465b6f,TRB,0.5268866
0x98e41d65e981a882afcb05d41939197da3465b6f,SOL,0.57090163
0x98e41d65e981a882afcb05d41939197da3465b6f,CELO,0.50111413
0x98e41d65e981a882afcb05d41939197da3465b6f,UMA,0.5559976
0x98e41d65e981a882afcb05d41939197da3465b6f,AR,0.58152455
0x98e41d65e981a882afcb05d41939197da3465b6f,RENDER,0.5246578
0x98e41d65e981a882afcb05d41939197da3465b6f,COMP,0.5424371
0x98e41d65e981a882afcb05d41939197da3465b6f,AVAX,0.57550496
0x98e41d65e981a882afcb05d41939197da3465b6f,SHIB,0.5147302
0x98e41d65e981a882afcb05d41939197da3465b6f,SAND,0.52837396
0x98e41d65e981a882afcb05d41939197da3465b6f,NEAR,0.54165226
0x98e41d65e981a882afcb05d41939197da3465b6f,CRV,0.4934737
0x98e41d65e981a882afcb05d41939197da3465b6f,DOT,0.55840033
0x98e41d65e981a882afcb05d41939197da3465b6f,SUSHI,0.5312547
0x98e41d65e981a882afcb05d41939197da3465b6f,AXS,0.5254323
0x98e41d65e981a882afcb05d41939197da3465b6f,GALA,0.51168764
0x98e41d65e981a882afcb05d41939197da3465b6f,UNI,0.48662856
0x98e41d65e981a882afcb05d41939197da3465b6f,CAKE,0.5403556
0x98e41d65e981a882afcb05d41939197da3465b6f,INJ,0.5135834
0x98e41d65e981a882afcb05d41939197da3465b6f,AAVE,0.49512094
0x98e41d65e981a882afcb05d41939197da3465b6f,CFX,0.50203586
0x98e41d65e981a882afcb05d41939197da3465b6f,LDO,0.49507317
0x98e41d65e981a882afcb05d41939197da3465b6f,MINA,0.5093239
0x98e41d65e981a882afcb05d41939197da3465b6f,ICP,0.57017404
0x98e41d65e981a882afcb05d41939197da3465b6f,PENDLE,0.5115508
0x98e41d65e981a882afcb05d41939197da3465b6f,IMX,0.53791404
0x98e41d65e981a882afcb05d41939197da3465b6f,FLOKI,0.52251035
0x98e41d65e981a882afcb05d41939197da3465b6f,OP,0.5363813
0x98e41d65e981a882afcb05d41939197da3465b6f,ARB,0.50055385
0x98e41d65e981a882afcb05d41939197da3465b6f,GMX,0.5418179
0x98e41d65e981a882afcb05d41939197da3465b6f,WLD,0.5266623
0x98e41d65e981a882afcb05d41939197da3465b6f,MANTA,0.5248938
0x98e41d65e981a882afcb05d41939197da3465b6f,ENS,0.5408332
0x98e41d65e981a882afcb05d41939197da3465b6f,PEOPLE,0.49514803
0x98e41d65e981a882afcb05d41939197da3465b6f,GMT,0.5169397
0x98e41d65e981a882afcb05d41939197da3465b6f,APE,0.53297377
0x98e41d65e981a882afcb05d41939197da3465b6f,APEX,0.53602415
0x98e41d65e981a882afcb05d41939197da3465b6f,KAS,0.525193
0x98e41d65e981a882afcb05d41939197da3465b6f,SUI,0.5298271
0x98e41d65e981a882afcb05d41939197da3465b6f,ONDO,0.473405
0x98e41d65e981a882afcb05d41939197da3465b6f,ZETA,0.51544255
0x98e41d65e981a882afcb05d41939197da3465b6f,APT,0.5276342
0x98e41d65e981a882afcb05d41939197da3465b6f,STRK,0.526661
0x98e41d65e981a882afcb05d41939197da3465b6f,TIA,0.5341276
0x98e41d65e981a882afcb05d41939197da3465b6f,TAO,0.54699486
0x98e41d65e981a882afcb05d41939197da3465b6f,BONK,0.49563903
0x98e41d65e981a882afcb05d41939197da3465b6f,BLUR,0.5041106
0x98e41d65e981a882afcb05d41939197da3465b6f,SEI,0.5418677
0x98e41d65e981a882afcb05d41939197da3465b6f,ZK,0.52476907
0x98e41d65e981a882afcb05d41939197da3465b6f,PEPE,0.5338907
0x98e41d65e981a882afcb05d41939197da3465b6f,BERA,0.5214138
0x98e41d65e981a882afcb05d41939197da3465b6f,TURBO,0.50956416
0x98e41d65e981a882afcb05d41939197da3465b6f,ORDI,0.50642353
0x98e41d65e981a882afcb05d41939197da3465b6f,ZRO,0.43143696
0x98e41d65e981a882afcb05d41939197da3465b6f,MNT,0.55591756
0x98e41d65e981a882afcb05d41939197da3465b6f,LINEA,0.523275
0x98e41d65e981a882afcb05d41939197da3465b6f,PYTH,0.4557813
0x98e41d65e981a882afcb05d41939197da3465b6f,MEME,0.5040577
0x98e41d65e981a882afcb05d41939197da3465b6f,POL,0.5204576
0x98e41d65e981a882afcb05d41939197da3465b6f,JTO,0.49197823
0x98e41d65e981a882afcb05d41939197da3465b6f,WIF,0.5374915
0x98e41d65e981a882afcb05d41939197da3465b6f,POPCAT,0.50696176
0x98e41d65e981a882afcb05d41939197da3465b6f,NOT,0.5202231
0x98e41d65e981a882afcb05d41939197da3465b6f,DYM,0.4243105
0x98e41d65e981a882afcb05d41939197da3465b6f,XAI,0.46239248
0x98e41d65e981a882afcb05d41939197da3465b6f,ALT,0.50885344
0x98e41d65e981a882afcb05d41939197da3465b6f,JUP,0.5252537
0x98e41d65e981a882afcb05d41939197da3465b6f,AERO,0.51026356
0x98e41d65e981a882afcb05d41939197da3465b6f,VIRTUAL,0.5246041
0x98e41d65e981a882afcb05d41939197da3465b6f,W,0.53238386
0x98e41d65e981a882afcb05d41939197da3465b6f,BRETT,0.4837492
0x98e41d65e981a882afcb05d41939197da3465b6f,ETHFI,0.46958473
0x98e41d65e981a882afcb05d41939197da3465b6f,IO,0.5275944
0x98e41d65e981a882afcb05d41939197da3465b6f,BOME,0.4498087
0x98e41d65e981a882afcb05d41939197da3465b6f,sENA,0.51332235
0x98e41d65e981a882afcb05d41939197da3465b6f,TNSR,0.48838195
0x98e41d65e981a882afcb05d41939197da3465b6f,EIGEN,0.51566756
0x98e41d65e981a882afcb05d41939197da3465b6f,MON,0.5306322
0x98e41d65e981a882afcb05d41939197da3465b6f,MERL,0.48224556
0x98e41d65e981a882afcb05d41939197da3465b6f,REZ,0.42783183
0x98e41d65e981a882afcb05d41939197da3465b6f,SOPH,0.49566832
0x98e41d65e981a882afcb05d41939197da3465b6f,HYPE,0.5413067
0x98e41d65e981a882afcb05d41939197da3465b6f,ME,0.48674673
0x98e41d65e981a882afcb05d41939197da3465b6f,BABY,0.42438897
0x98e41d65e981a882afcb05d41939197da3465b6f,MOVE,0.50558716
0x98e41d65e981a882afcb05d41939197da3465b6f,NEIRO,0.43480843
0x98e41d65e981a882afcb05d41939197da3465b6f,S,0.47524014
0x98e41d65e981a882afcb05d41939197da3465b6f,GRASS,0.5108765
0x98e41d65e981a882afcb05d41939197da3465b6f,SKY,0.51488376
0x98e41d65e981a882afcb05d41939197da3465b6f,INIT,0.49485153
0x98e41d65e981a882afcb05d41939197da3465b6f,WCT,0.5142595
0x98e41d65e981a882afcb05d41939197da3465b6f,WLFI,0.51306134
0x98e41d65e981a882afcb05d41939197da3465b6f,GOAT,0.48027876
0x98e41d65e981a882afcb05d41939197da3465b6f,FARTCOIN,0.52315617
0x98e41d65e981a882afcb05d41939197da3465b6f,PNUT,0.47861698
0x98e41d65e981a882afcb05d41939197da3465b6f,SYRUP,0.48630345
0x98e41d65e981a882afcb05d41939197da3465b6f,USUAL,0.47742075
0x98e41d65e981a882afcb05d41939197da3465b6f,AIXBT,0.4582102
0x98e41d65e981a882afcb05d41939197da3465b6f,MORPHO,0.5016297
0x98e41d65e981a882afcb05d41939197da3465b6f,PENGU,0.4986231
0x98e41d65e981a882afcb05d41939197da3465b6f,GRIFFAIN,0.44331926
0x98e41d65e981a882afcb05d41939197da3465b6f,BIO,0.45228386
0x98e41d65e981a882afcb05d41939197da3465b6f,ANIME,0.49099022
0x98e41d65e981a882afcb05d41939197da3465b6f,TRUMP,0.5790902
0x98e41d65e981a882afcb05d41939197da3465b6f,MELANIA,0.50969315
0x98e41d65e981a882afcb05d41939197da3465b6f,VINE,0.50509316
0x98e41d65e981a882afcb05d41939197da3465b6f,LAYER,0.5457885
0x98e41d65e981a882afcb05d41939197da3465b6f,VVV,0.52509147
0x98e41d65e981a882afcb05d41939197da3465b6f,IP,0.5161879
0x98e41d65e981a882afcb05d41939197da3465b6f,NIL,0.35792747
0x98e41d65e981a882afcb05d41939197da3465b6f,KAITO,0.41964787
0x98e41d65e981a882afcb05d41939197da3465b6f,ZORA,0.5125825
0x98e41d65e981a882afcb05d41939197da3465b6f,HYPER,0.51571864
0x98e41d65e981a882afcb05d41939197da3465b6f,ASTER,0.59366137
0x98e41d65e981a882afcb05d41939197da3465b6f,PUMP,0.48411068
0x98e41d65e981a882afcb05d41939197da3465b6f,XPL,0.52997243
0x98e41d65e981a882afcb05d41939197da3465b6f,CC,0.4584885
0x98e41d65e981a882afcb05d41939197da3465b6f,PROVE,0.5074464
0x98e41d65e981a882afcb05d41939197da3465b6f,HEMI,0.41518945
0x98e41d65e981a882afcb05d41939197da3465b6f,AVNT,0.45649353
0x98e41d65e981a882afcb05d41939197da3465b6f,0G,0.49318784
0x98e41d65e981a882afcb05d41939197da3465b6f,2Z,0.50168943
0x98e41d65e981a882afcb05d41939197da3465b6f,LIT,0.45411873
0x9977891dd3be0d14082c0ac6624b808a951fd567,SKY,0.7050809860229492
0x9977891dd3be0d14082c0ac6624b808a951fd567,TRX,0.8753871917724609
0x9977891dd3be0d14082c0ac6624b808a951fd567,XLM,0.6684331893920898
0x9977891dd3be0d14082c0ac6624b808a951fd567,XMR,0.7967128753662109
0x9977891dd3be0d14082c0ac6624b808a951fd567,XRP,0.7513723373413086
0x9977891dd3be0d14082c0ac6624b808a951fd567,ZEC,0.7210245132446289
0x9977891dd3be0d14082c0ac6624b808a951fd567,BCH,0.8817777633666992
0x9977891dd3be0d14082c0ac6624b808a951fd567,BTC,0.957106590270996
0x9977891dd3be0d14082c0ac6624b808a951fd567,DOGE,0.8048076629638672
0x9977891dd3be0d14082c0ac6624b808a951fd567,ETC,0.7535953521728516
0x9977891dd3be0d14082c0ac6624b808a951fd567,LTC,0.7563762664794922
0x9977891dd3be0d14082c0ac6624b808a951fd567,ETH,1.0
0x9977891dd3be0d14082c0ac6624b808a951fd567,ADA,0.6406421661376953
0x9977891dd3be0d14082c0ac6624b808a951fd567,LINK,0.6708459854125977
0x9977891dd3be0d14082c0ac6624b808a951fd567,S,0.2005805969238281
0x9977891dd3be0d14082c0ac6624b808a951fd567,ATOM,0.6038284301757812
0x9977891dd3be0d14082c0ac6624b808a951fd567,SNX,0.4585399627685547
0x9977891dd3be0d14082c0ac6624b808a951fd567,RSR,0.5156717300415039
0x9977891dd3be0d14082c0ac6624b808a951fd567,ALGO,0.5669841766357422
0x9977891dd3be0d14082c0ac6624b808a951fd567,RUNE,0.6373271942138672
0x9977891dd3be0d14082c0ac6624b808a951fd567,TRB,0.6372547149658203
0x9977891dd3be0d14082c0ac6624b808a951fd567,SOL,0.8823451995849609
0x9977891dd3be0d14082c0ac6624b808a951fd567,UMA,0.5806236267089844
0x9977891dd3be0d14082c0ac6624b808a951fd567,PAXG,0.7972736358642578
0x9977891dd3be0d14082c0ac6624b808a951fd567,COMP,0.6381464004516602
0x9977891dd3be0d14082c0ac6624b808a951fd567,AVAX,0.6508092880249023
0x9977891dd3be0d14082c0ac6624b808a951fd567,SAND,0.4751396179199219
0x9977891dd3be0d14082c0ac6624b808a951fd567,CRV,0.6418914794921875
0x9977891dd3be0d14082c0ac6624b808a951fd567,LAYER,0.4309005737304687
0x9977891dd3be0d14082c0ac6624b808a951fd567,DOT,0.5122060775756836
0x9977891dd3be0d14082c0ac6624b808a951fd567,SUSHI,0.5152769088745117
0x9977891dd3be0d14082c0ac6624b808a951fd567,UNI,0.6617546081542969
0x9977891dd3be0d14082c0ac6624b808a951fd567,AAVE,0.7622385025024414
0x9977891dd3be0d14082c0ac6624b808a951fd567,NEAR,0.5493173599243164
0x9977891dd3be0d14082c0ac6624b808a951fd567,FIL,0.6062707901000977
0x9977891dd3be0d14082c0ac6624b808a951fd567,AXS,0.4642372131347656
0x9977891dd3be0d14082c0ac6624b808a951fd567,INJ,0.5742158889770508
0x9977891dd3be0d14082c0ac6624b808a951fd567,ZORA,0.3319158554077148
0x9977891dd3be0d14082c0ac6624b808a951fd567,CELO,0.4725904464721679
0x9977891dd3be0d14082c0ac6624b808a951fd567,LIT,0.7417593002319336
0x9977891dd3be0d14082c0ac6624b808a951fd567,SHIB,0.530217170715332
0x9977891dd3be0d14082c0ac6624b808a951fd567,ICP,0.6253452301025391
0x9977891dd3be0d14082c0ac6624b808a951fd567,RENDER,0.6117401123046875
0x9977891dd3be0d14082c0ac6624b808a951fd567,LDO,0.5162572860717773
0x9977891dd3be0d14082c0ac6624b808a951fd567,GALA,0.4251184463500976
0x9977891dd3be0d14082c0ac6624b808a951fd567,FET,0.3385133743286133
0x9977891dd3be0d14082c0ac6624b808a951fd567,ENS,0.5171079635620117
0x9977891dd3be0d14082c0ac6624b808a951fd567,IMX,0.4588155746459961
0x9977891dd3be0d14082c0ac6624b808a951fd567,PEOPLE,0.3502225875854492
0x9977891dd3be0d14082c0ac6624b808a951fd567,GMT,0.4401884078979492
0x9977891dd3be0d14082c0ac6624b808a951fd567,FLOKI,0.4765710830688476
0x9977891dd3be0d14082c0ac6624b808a951fd567,POL,0.6054449081420898
0x9977891dd3be0d14082c0ac6624b808a951fd567,APE,0.4725904464721679
0x9977891dd3be0d14082c0ac6624b808a951fd567,GMX,0.6128005981445312
0x9977891dd3be0d14082c0ac6624b808a951fd567,BLUR,0.430546760559082
0x9977891dd3be0d14082c0ac6624b808a951fd567,PENDLE,0.6748075485229492
0x9977891dd3be0d14082c0ac6624b808a951fd567,MINA,0.4427318572998047
0x9977891dd3be0d14082c0ac6624b808a951fd567,LUNC,0.6105165481567383
0x9977891dd3be0d14082c0ac6624b808a951fd567,MEME,0.3793754577636719
0x9977891dd3be0d14082c0ac6624b808a951fd567,OP,0.5692739486694336
0x9977891dd3be0d14082c0ac6624b808a951fd567,ZEN,0.6043195724487305
0x9977891dd3be0d14082c0ac6624b808a951fd567,STRK,0.3911170959472656
0x9977891dd3be0d14082c0ac6624b808a951fd567,STX,0.422708511352539
0x9977891dd3be0d14082c0ac6624b808a951fd567,CFX,0.531956672668457
0x9977891dd3be0d14082c0ac6624b808a951fd567,CAKE,0.7877435684204102
0x9977891dd3be0d14082c0ac6624b808a951fd567,DASH,0.5904035568237305
0x9977891dd3be0d14082c0ac6624b808a951fd567,BSV,0.630925178527832
0x9977891dd3be0d14082c0ac6624b808a951fd567,AR,0.4738874435424804
0x9977891dd3be0d14082c0ac6624b808a951fd567,APT,0.5363712310791016
0x9977891dd3be0d14082c0ac6624b808a951fd567,ALT,0.4554071426391601
0x9977891dd3be0d14082c0ac6624b808a951fd567,BNB,0.9065380096435548
0x9977891dd3be0d14082c0ac6624b808a951fd567,BONK,0.4603471755981445
0x9977891dd3be0d14082c0ac6624b808a951fd567,BABY,0.1742496490478515
0x9977891dd3be0d14082c0ac6624b808a951fd567,HBAR,0.6719703674316406
0x9977891dd3be0d14082c0ac6624b808a951fd567,KAS,0.421792984008789
0x9977891dd3be0d14082c0ac6624b808a951fd567,PEPE,0.5620479583740234
0x9977891dd3be0d14082c0ac6624b808a951fd567,ORDI,0.5054483413696289
0x9977891dd3be0d14082c0ac6624b808a951fd567,SUI,0.6831674575805664
0x9977891dd3be0d14082c0ac6624b808a951fd567,MNT,0.6011276245117188
0x9977891dd3be0d14082c0ac6624b808a951fd567,IOTA,0.3927774429321289
0x9977891dd3be0d14082c0ac6624b808a951fd567,TURBO,0.4188194274902344
0x9977891dd3be0d14082c0ac6624b808a951fd567,TIA,0.4585399627685547
0x9977891dd3be0d14082c0ac6624b808a951fd567,SEI,0.4244089126586914
0x9977891dd3be0d14082c0ac6624b808a951fd567,TAO,0.6252307891845703
0x9977891dd3be0d14082c0ac6624b808a951fd567,JTO,0.4604053497314453
0x9977891dd3be0d14082c0ac6624b808a951fd567,PYTH,0.5023956298828125
0x9977891dd3be0d14082c0ac6624b808a951fd567,MANTA,0.5269956588745117
0x9977891dd3be0d14082c0ac6624b808a951fd567,ONDO,0.6321086883544922
0x9977891dd3be0d14082c0ac6624b808a951fd567,WIF,0.44561767578125
0x9977891dd3be0d14082c0ac6624b808a951fd567,XAI,0.0592327117919921
0x9977891dd3be0d14082c0ac6624b808a951fd567,ZETA,0.4906063079833984
0x9977891dd3be0d14082c0ac6624b808a951fd567,JUP,0.5864009857177734
0x9977891dd3be0d14082c0ac6624b808a951fd567,DYM,0.0781021118164062
0x9977891dd3be0d14082c0ac6624b808a951fd567,TRUMP,0.4738874435424804
0x9977891dd3be0d14082c0ac6624b808a951fd567,APEX,0.405221939086914
0x9977891dd3be0d14082c0ac6624b808a951fd567,ARB,0.4745349884033203
0x9977891dd3be0d14082c0ac6624b808a951fd567,BOME,0.0
0x9977891dd3be0d14082c0ac6624b808a951fd567,HYPER,0.3739604949951172
0x9977891dd3be0d14082c0ac6624b808a951fd567,ETHFI,0.6140413284301758
0x9977891dd3be0d14082c0ac6624b808a951fd567,BRETT,0.4289064407348633
0x9977891dd3be0d14082c0ac6624b808a951fd567,W,0.4569272994995117
0x9977891dd3be0d14082c0ac6624b808a951fd567,GOAT,0.3172082901000976
0x9977891dd3be0d14082c0ac6624b808a951fd567,POPCAT,0.4156484603881836
0x9977891dd3be0d14082c0ac6624b808a951fd567,MERL,0.4041996002197265
0x9977891dd3be0d14082c0ac6624b808a951fd567,ZK,0.4126558303833008
0x9977891dd3be0d14082c0ac6624b808a951fd567,TNSR,0.3928737640380859
0x9977891dd3be0d14082c0ac6624b808a951fd567,AERO,0.5527811050415039
0x9977891dd3be0d14082c0ac6624b808a951fd567,REZ,0.1441011428833007
0x9977891dd3be0d14082c0ac6624b808a951fd567,NOT,0.3364400863647461
0x9977891dd3be0d14082c0ac6624b808a951fd567,MON,0.4796466827392578
0x9977891dd3be0d14082c0ac6624b808a951fd567,VIRTUAL,0.6536445617675781
0x9977891dd3be0d14082c0ac6624b808a951fd567,IO,0.4033021926879883
0x9977891dd3be0d14082c0ac6624b808a951fd567,ZRO,0.5138568878173828
0x9977891dd3be0d14082c0ac6624b808a951fd567,WLD,0.4475345611572265
0x9977891dd3be0d14082c0ac6624b808a951fd567,NEIRO,0.1284570693969726
0x9977891dd3be0d14082c0ac6624b808a951fd567,EIGEN,0.4033021926879883
0x9977891dd3be0d14082c0ac6624b808a951fd567,MOVE,0.3647356033325195
0x9977891dd3be0d14082c0ac6624b808a951fd567,FARTCOIN,0.3574228286743164
0x9977891dd3be0d14082c0ac6624b808a951fd567,GRASS,0.4073057174682617
0x9977891dd3be0d14082c0ac6624b808a951fd567,PNUT,0.3470039367675781
0x9977891dd3be0d14082c0ac6624b808a951fd567,USUAL,0.1128721237182617
0x9977891dd3be0d14082c0ac6624b808a951fd567,MORPHO,0.7155847549438477
0x9977891dd3be0d14082c0ac6624b808a951fd567,AIXBT,0.2384243011474609
0x9977891dd3be0d14082c0ac6624b808a951fd567,HYPE,0.8014850616455078
0x9977891dd3be0d14082c0ac6624b808a951fd567,ME,0.4061880111694336
0x9977891dd3be0d14082c0ac6624b808a951fd567,PENGU,0.5065422058105469
0x9977891dd3be0d14082c0ac6624b808a951fd567,sENA,0.3283281326293945
0x9977891dd3be0d14082c0ac6624b808a951fd567,BIO,0.3284025192260742
0x9977891dd3be0d14082c0ac6624b808a951fd567,GRIFFAIN,0.0826873779296875
0x9977891dd3be0d14082c0ac6624b808a951fd567,MELANIA,0.4244089126586914
0x9977891dd3be0d14082c0ac6624b808a951fd567,VINE,0.3911170959472656
0x9977891dd3be0d14082c0ac6624b808a951fd567,ANIME,0.44561767578125
0x9977891dd3be0d14082c0ac6624b808a951fd567,VVV,0.6098556518554688
0x9977891dd3be0d14082c0ac6624b808a951fd567,SYRUP,0.6052427291870117
0x9977891dd3be0d14082c0ac6624b808a951fd567,BERA,0.3996143341064453
0x9977891dd3be0d14082c0ac6624b808a951fd567,IP,0.359384536743164
0x9977891dd3be0d14082c0ac6624b808a951fd567,KAITO,0.6311483383178711
0x9977891dd3be0d14082c0ac6624b808a951fd567,NIL,0.2291269302368164
0x9977891dd3be0d14082c0ac6624b808a951fd567,WCT,0.4061880111694336
0x9977891dd3be0d14082c0ac6624b808a951fd567,PUMP,0.5948076248168945
0x9977891dd3be0d14082c0ac6624b808a951fd567,INIT,0.3917732238769531
0x9977891dd3be0d14082c0ac6624b808a951fd567,SOPH,0.4061880111694336
0x9977891dd3be0d14082c0ac6624b808a951fd567,PROVE,0.4033021926879883
0x9977891dd3be0d14082c0ac6624b808a951fd567,WLFI,0.5084314346313477
0x9977891dd3be0d14082c0ac6624b808a951fd567,0G,0.3631734848022461
0x9977891dd3be0d14082c0ac6624b808a951fd567,ASTER,0.6926374435424805
0x9977891dd3be0d14082c0ac6624b808a951fd567,AVNT,0.2589426040649414
0x9977891dd3be0d14082c0ac6624b808a951fd567,LINEA,0.4418554306030273
0x9977891dd3be0d14082c0ac6624b808a951fd567,HEMI,0.126194953918457
0x9977891dd3be0d14082c0ac6624b808a951fd567,XPL,0.4183731079101562
0x9977891dd3be0d14082c0ac6624b808a951fd567,2Z,0.4751396179199219
0x9977891dd3be0d14082c0ac6624b808a951fd567,CC,0.4073057174682617
0xa16107f011f2553fc45f714d1c5e84d703309297,SKY,0.1456953642384106
0xa16107f011f2553fc45f714d1c5e84d703309297,TRX,0.4933774834437086
0xa16107f011f2553fc45f714d1c5e84d703309297,XLM,0.4933774834437086
0xa16107f011f2553fc45f714d1c5e84d703309297,XMR,0.4933774834437086
0xa16107f011f2553fc45f714d1c5e84d703309297,XRP,0.4933774834437086
0xa16107f011f2553fc45f714d1c5e84d703309297,ZEC,0.0529801324503311
0xa16107f011f2553fc45f714d1c5e84d703309297,BCH,0.9735099337748344
0xa16107f011f2553fc45f714d1c5e84d703309297,BTC,0.8807947019867549
0xa16107f011f2553fc45f714d1c5e84d703309297,DOGE,0.8543046357615894
0xa16107f011f2553fc45f714d1c5e84d703309297,ETC,0.4933774834437086
0xa16107f011f2553fc45f714d1c5e84d703309297,LTC,0.847682119205298
0xa16107f011f2553fc45f714d1c5e84d703309297,ETH,0.9403973509933776
0xa16107f011f2553fc45f714d1c5e84d703309297,ADA,0.4933774834437086
0xa16107f011f2553fc45f714d1c5e84d703309297,LINK,0.8079470198675497
0xa16107f011f2553fc45f714d1c5e84d703309297,S,0.152317880794702
0xa16107f011f2553fc45f714d1c5e84d703309297,ATOM,0.4933774834437086
0xa16107f011f2553fc45f714d1c5e84d703309297,SNX,0.9867549668874172
0xa16107f011f2553fc45f714d1c5e84d703309297,RSR,0.913907284768212
0xa16107f011f2553fc45f714d1c5e84d703309297,ALGO,0.9271523178807948
0xa16107f011f2553fc45f714d1c5e84d703309297,RUNE,0.4933774834437086
0xa16107f011f2553fc45f714d1c5e84d703309297,TRB,0.9470198675496688
0xa16107f011f2553fc45f714d1c5e84d703309297,SOL,0.4933774834437086
0xa16107f011f2553fc45f714d1c5e84d703309297,UMA,0.4933774834437086
0xa16107f011f2553fc45f714d1c5e84d703309297,PAXG,0.4933774834437086
0xa16107f011f2553fc45f714d1c5e84d703309297,COMP,0.4933774834437086
0xa16107f011f2553fc45f714d1c5e84d703309297,AVAX,0.1788079470198675
0xa16107f011f2553fc45f714d1c5e84d703309297,SAND,0.4933774834437086
0xa16107f011f2553fc45f714d1c5e84d703309297,CRV,0.4933774834437086
0xa16107f011f2553fc45f714d1c5e84d703309297,LAYER,0.8410596026490066
0xa16107f011f2553fc45f714d1c5e84d703309297,DOT,0.4933774834437086
0xa16107f011f2553fc45f714d1c5e84d703309297,SUSHI,0.0596026490066225
0xa16107f011f2553fc45f714d1c5e84d703309297,UNI,0.4933774834437086
0xa16107f011f2553fc45f714d1c5e84d703309297,AAVE,0.8211920529801324
0xa16107f011f2553fc45f714d1c5e84d703309297,NEAR,0.4933774834437086
0xa16107f011f2553fc45f714d1c5e84d703309297,FIL,0.4933774834437086
0xa16107f011f2553fc45f714d1c5e84d703309297,AXS,0.1721854304635761
0xa16107f011f2553fc45f714d1c5e84d703309297,INJ,0.1655629139072847
0xa16107f011f2553fc45f714d1c5e84d703309297,ZORA,0.4933774834437086
0xa16107f011f2553fc45f714d1c5e84d703309297,CELO,0.4933774834437086
0xa16107f011f2553fc45f714d1c5e84d703309297,LIT,0.4933774834437086
0xa16107f011f2553fc45f714d1c5e84d703309297,SHIB,0.7947019867549668
0xa16107f011f2553fc45f714d1c5e84d703309297,ICP,0.4933774834437086
0xa16107f011f2553fc45f714d1c5e84d703309297,RENDER,0.8874172185430463
0xa16107f011f2553fc45f714d1c5e84d703309297,LDO,0.4933774834437086
0xa16107f011f2553fc45f714d1c5e84d703309297,GALA,0.4933774834437086
0xa16107f011f2553fc45f714d1c5e84d703309297,FET,0.4933774834437086
0xa16107f011f2553fc45f714d1c5e84d703309297,ENS,0.4933774834437086
0xa16107f011f2553fc45f714d1c5e84d703309297,IMX,0.4933774834437086
0xa16107f011f2553fc45f714d1c5e84d703309297,PEOPLE,0.4933774834437086
0xa16107f011f2553fc45f714d1c5e84d703309297,GMT,0.4933774834437086
0xa16107f011f2553fc45f714d1c5e84d703309297,FLOKI,0.4933774834437086
0xa16107f011f2553fc45f714d1c5e84d703309297,POL,0.1920529801324503
0xa16107f011f2553fc45f714d1c5e84d703309297,APE,0.4933774834437086
0xa16107f011f2553fc45f714d1c5e84d703309297,GMX,0.4933774834437086
0xa16107f011f2553fc45f714d1c5e84d703309297,BLUR,0.4933774834437086
0xa16107f011f2553fc45f714d1c5e84d703309297,PENDLE,0.0927152317880794
0xa16107f011f2553fc45f714d1c5e84d703309297,MINA,0.9205298013245032
0xa16107f011f2553fc45f714d1c5e84d703309297,LUNC,0.4933774834437086
0xa16107f011f2553fc45f714d1c5e84d703309297,MEME,0.0264900662251655
0xa16107f011f2553fc45f714d1c5e84d703309297,OP,0.4933774834437086
0xa16107f011f2553fc45f714d1c5e84d703309297,ZEN,0.9668874172185432
0xa16107f011f2553fc45f714d1c5e84d703309297,STRK,0.9602649006622516
0xa16107f011f2553fc45f714d1c5e84d703309297,STX,0.4933774834437086
0xa16107f011f2553fc45f714d1c5e84d703309297,CFX,0.4933774834437086
0xa16107f011f2553fc45f714d1c5e84d703309297,CAKE,0.4933774834437086
0xa16107f011f2553fc45f714d1c5e84d703309297,DASH,0.8741721854304636
0xa16107f011f2553fc45f714d1c5e84d703309297,BSV,0.4933774834437086
0xa16107f011f2553fc45f714d1c5e84d703309297,AR,0.8278145695364238
0xa16107f011f2553fc45f714d1c5e84d703309297,APT,0.4933774834437086
0xa16107f011f2553fc45f714d1c5e84d703309297,ALT,0.1258278145695364
0xa16107f011f2553fc45f714d1c5e84d703309297,BNB,0.9536423841059604
0xa16107f011f2553fc45f714d1c5e84d703309297,BONK,0.4933774834437086
0xa16107f011f2553fc45f714d1c5e84d703309297,BABY,0.4933774834437086
0xa16107f011f2553fc45f714d1c5e84d703309297,HBAR,0.1854304635761589
0xa16107f011f2553fc45f714d1c5e84d703309297,KAS,0.8013245033112583
0xa16107f011f2553fc45f714d1c5e84d703309297,PEPE,0.4933774834437086
0xa16107f011f2553fc45f714d1c5e84d703309297,ORDI,0.4933774834437086
0xa16107f011f2553fc45f714d1c5e84d703309297,SUI,0.8940397350993378
0xa16107f011f2553fc45f714d1c5e84d703309297,MNT,0.1125827814569536
0xa16107f011f2553fc45f714d1c5e84d703309297,IOTA,0.4933774834437086
0xa16107f011f2553fc45f714d1c5e84d703309297,TURBO,0.1324503311258278
0xa16107f011f2553fc45f714d1c5e84d703309297,TIA,0.4933774834437086
0xa16107f011f2553fc45f714d1c5e84d703309297,SEI,0.4933774834437086
0xa16107f011f2553fc45f714d1c5e84d703309297,TAO,0.4933774834437086
0xa16107f011f2553fc45f714d1c5e84d703309297,JTO,0.4933774834437086
0xa16107f011f2553fc45f714d1c5e84d703309297,PYTH,0.1059602649006622
0xa16107f011f2553fc45f714d1c5e84d703309297,MANTA,0.119205298013245
0xa16107f011f2553fc45f714d1c5e84d703309297,ONDO,0.4933774834437086
0xa16107f011f2553fc45f714d1c5e84d703309297,WIF,0.4933774834437086
0xa16107f011f2553fc45f714d1c5e84d703309297,XAI,0.0662251655629139
0xa16107f011f2553fc45f714d1c5e84d703309297,ZETA,0.4933774834437086
0xa16107f011f2553fc45f714d1c5e84d703309297,JUP,0.4933774834437086
0xa16107f011f2553fc45f714d1c5e84d703309297,DYM,0.4933774834437086
0xa16107f011f2553fc45f714d1c5e84d703309297,TRUMP,0.4933774834437086
0xa16107f011f2553fc45f714d1c5e84d703309297,APEX,0.4933774834437086
0xa16107f011f2553fc45f714d1c5e84d703309297,ARB,0.4933774834437086
0xa16107f011f2553fc45f714d1c5e84d703309297,BOME,0.4933774834437086
0xa16107f011f2553fc45f714d1c5e84d703309297,HYPER,0.4933774834437086
0xa16107f011f2553fc45f714d1c5e84d703309297,ETHFI,0.0397350993377483
0xa16107f011f2553fc45f714d1c5e84d703309297,BRETT,0.9072847682119204
0xa16107f011f2553fc45f714d1c5e84d703309297,W,0.8145695364238411
0xa16107f011f2553fc45f714d1c5e84d703309297,GOAT,0.4933774834437086
0xa16107f011f2553fc45f714d1c5e84d703309297,POPCAT,0.8609271523178808
0xa16107f011f2553fc45f714d1c5e84d703309297,MERL,0.4933774834437086
0xa16107f011f2553fc45f714d1c5e84d703309297,ZK,0.9933774834437086
0xa16107f011f2553fc45f714d1c5e84d703309297,TNSR,0.8344370860927153
0xa16107f011f2553fc45f714d1c5e84d703309297,AERO,0.0132450331125827
0xa16107f011f2553fc45f714d1c5e84d703309297,REZ,0.0
0xa16107f011f2553fc45f714d1c5e84d703309297,NOT,0.4933774834437086
0xa16107f011f2553fc45f714d1c5e84d703309297,MON,0.4933774834437086
0xa16107f011f2553fc45f714d1c5e84d703309297,VIRTUAL,0.4933774834437086
0xa16107f011f2553fc45f714d1c5e84d703309297,IO,0.4933774834437086
0xa16107f011f2553fc45f714d1c5e84d703309297,ZRO,0.4933774834437086
0xa16107f011f2553fc45f714d1c5e84d703309297,WLD,0.1589403973509933
0xa16107f011f2553fc45f714d1c5e84d703309297,NEIRO,0.4933774834437086
0xa16107f011f2553fc45f714d1c5e84d703309297,EIGEN,0.1390728476821192
0xa16107f011f2553fc45f714d1c5e84d703309297,MOVE,0.4933774834437086
0xa16107f011f2553fc45f714d1c5e84d703309297,FARTCOIN,0.4933774834437086
0xa16107f011f2553fc45f714d1c5e84d703309297,GRASS,0.4933774834437086
0xa16107f011f2553fc45f714d1c5e84d703309297,PNUT,0.4933774834437086
0xa16107f011f2553fc45f714d1c5e84d703309297,USUAL,0.0198675496688741
0xa16107f011f2553fc45f714d1c5e84d703309297,MORPHO,0.0463576158940397
0xa16107f011f2553fc45f714d1c5e84d703309297,AIXBT,0.086092715231788
0xa16107f011f2553fc45f714d1c5e84d703309297,HYPE,0.4933774834437086
0xa16107f011f2553fc45f714d1c5e84d703309297,ME,0.4933774834437086
0xa16107f011f2553fc45f714d1c5e84d703309297,PENGU,0.4933774834437086
0xa16107f011f2553fc45f714d1c5e84d703309297,sENA,0.4933774834437086
0xa16107f011f2553fc45f714d1c5e84d703309297,BIO,0.4933774834437086
0xa16107f011f2553fc45f714d1c5e84d703309297,GRIFFAIN,0.4933774834437086
0xa16107f011f2553fc45f714d1c5e84d703309297,MELANIA,0.4933774834437086
0xa16107f011f2553fc45f714d1c5e84d703309297,VINE,0.8675496688741722
0xa16107f011f2553fc45f714d1c5e84d703309297,ANIME,0.0794701986754966
0xa16107f011f2553fc45f714d1c5e84d703309297,VVV,0.0331125827814569
0xa16107f011f2553fc45f714d1c5e84d703309297,SYRUP,0.933774834437086
0xa16107f011f2553fc45f714d1c5e84d703309297,BERA,0.9801324503311258
0xa16107f011f2553fc45f714d1c5e84d703309297,IP,0.4933774834437086
0xa16107f011f2553fc45f714d1c5e84d703309297,KAITO,0.0728476821192053
0xa16107f011f2553fc45f714d1c5e84d703309297,NIL,0.4933774834437086
0xa16107f011f2553fc45f714d1c5e84d703309297,WCT,0.4933774834437086
0xa16107f011f2553fc45f714d1c5e84d703309297,PUMP,0.0066225165562913
0xa16107f011f2553fc45f714d1c5e84d703309297,INIT,0.0993377483443708
0xa16107f011f2553fc45f714d1c5e84d703309297,SOPH,1.0
0xa16107f011f2553fc45f714d1c5e84d703309297,PROVE,0.4933774834437086
0xa16107f011f2553fc45f714d1c5e84d703309297,WLFI,0.4933774834437086
0xa16107f011f2553fc45f714d1c5e84d703309297,0G,0.4933774834437086
0xa16107f011f2553fc45f714d1c5e84d703309297,ASTER,0.4933774834437086
0xa16107f011f2553fc45f714d1c5e84d703309297,AVNT,0.4933774834437086
0xa16107f011f2553fc45f714d1c5e84d703309297,LINEA,0.4933774834437086
0xa16107f011f2553fc45f714d1c5e84d703309297,HEMI,0.4933774834437086
0xa16107f011f2553fc45f714d1c5e84d703309297,XPL,0.4933774834437086
0xa16107f011f2553fc45f714d1c5e84d703309297,2Z,0.9006622516556292
0xa16107f011f2553fc45f714d1c5e84d703309297,CC,0.4933774834437086
0xa16a483a18f00a00b14b93438e8ad21f485b382f,BTC,0.5923352
0xa16a483a18f00a00b14b93438e8ad21f485b382f,LTC,0.5307749
0xa16a483a18f00a00b14b93438e8ad21f485b382f,XRP,0.54534566
0xa16a483a18f00a00b14b93438e8ad21f485b382f,DOGE,0.5569764
0xa16a483a18f00a00b14b93438e8ad21f485b382f,DASH,0.5649911
0xa16a483a18f00a00b14b93438e8ad21f485b382f,XMR,0.5620389
0xa16a483a18f00a00b14b93438e8ad21f485b382f,XLM,0.51339537
0xa16a483a18f00a00b14b93438e8ad21f485b382f,ETH,0.57570237
0xa16a483a18f00a00b14b93438e8ad21f485b382f,ETC,0.5539142
0xa16a483a18f00a00b14b93438e8ad21f485b382f,ZEC,0.54768103
0xa16a483a18f00a00b14b93438e8ad21f485b382f,ZEN,0.5482173
0xa16a483a18f00a00b14b93438e8ad21f485b382f,IOTA,0.5197556
0xa16a483a18f00a00b14b93438e8ad21f485b382f,BCH,0.55534625
0xa16a483a18f00a00b14b93438e8ad21f485b382f,BNB,0.6069601
0xa16a483a18f00a00b14b93438e8ad21f485b382f,TRX,0.6259852
0xa16a483a18f00a00b14b93438e8ad21f485b382f,LINK,0.5380876
0xa16a483a18f00a00b14b93438e8ad21f485b382f,ADA,0.4729684
0xa16a483a18f00a00b14b93438e8ad21f485b382f,FIL,0.5540134
0xa16a483a18f00a00b14b93438e8ad21f485b382f,SNX,0.56748635
0xa16a483a18f00a00b14b93438e8ad21f485b382f,BSV,0.4915387
0xa16a483a18f00a00b14b93438e8ad21f485b382f,FET,0.51613224
0xa16a483a18f00a00b14b93438e8ad21f485b382f,ATOM,0.54422176
0xa16a483a18f00a00b14b93438e8ad21f485b382f,RSR,0.5212634
0xa16a483a18f00a00b14b93438e8ad21f485b382f,ALGO,0.5319217
0xa16a483a18f00a00b14b93438e8ad21f485b382f,RUNE,0.59367114
0xa16a483a18f00a00b14b93438e8ad21f485b382f,LUNC,0.5086613
0xa16a483a18f00a00b14b93438e8ad21f485b382f,HBAR,0.54418844
0xa16a483a18f00a00b14b93438e8ad21f485b382f,PAXG,0.6675225
0xa16a483a18f00a00b14b93438e8ad21f485b382f,STX,0.4984034
0xa16a483a18f00a00b14b93438e8ad21f485b382f,TRB,0.5240018
0xa16a483a18f00a00b14b93438e8ad21f485b382f,SOL,0.54429084
0xa16a483a18f00a00b14b93438e8ad21f485b382f,CELO,0.49429858
0xa16a483a18f00a00b14b93438e8ad21f485b382f,UMA,0.5474607
0xa16a483a18f00a00b14b93438e8ad21f485b382f,AR,0.56482416
0xa16a483a18f00a00b14b93438e8ad21f485b382f,RENDER,0.5359157
0xa16a483a18f00a00b14b93438e8ad21f485b382f,COMP,0.546945
0xa16a483a18f00a00b14b93438e8ad21f485b382f,AVAX,0.5599864
0xa16a483a18f00a00b14b93438e8ad21f485b382f,SHIB,0.511151
0xa16a483a18f00a00b14b93438e8ad21f485b382f,SAND,0.5293159
0xa16a483a18f00a00b14b93438e8ad21f485b382f,NEAR,0.5316676
0xa16a483a18f00a00b14b93438e8ad21f485b382f,CRV,0.50178164
0xa16a483a18f00a00b14b93438e8ad21f485b382f,DOT,0.5430888
0xa16a483a18f00a00b14b93438e8ad21f485b382f,SUSHI,0.49844798
0xa16a483a18f00a00b14b93438e8ad21f485b382f,AXS,0.5284815
0xa16a483a18f00a00b14b93438e8ad21f485b382f,GALA,0.51329315
0xa16a483a18f00a00b14b93438e8ad21f485b382f,UNI,0.4878782
0xa16a483a18f00a00b14b93438e8ad21f485b382f,CAKE,0.54438204
0xa16a483a18f00a00b14b93438e8ad21f485b382f,INJ,0.524548
0xa16a483a18f00a00b14b93438e8ad21f485b382f,AAVE,0.51183134
0xa16a483a18f00a00b14b93438e8ad21f485b382f,CFX,0.5076976
0xa16a483a18f00a00b14b93438e8ad21f485b382f,LDO,0.507087
0xa16a483a18f00a00b14b93438e8ad21f485b382f,MINA,0.51614535
0xa16a483a18f00a00b14b93438e8ad21f485b382f,ICP,0.559704
0xa16a483a18f00a00b14b93438e8ad21f485b382f,PENDLE,0.51586145
0xa16a483a18f00a00b14b93438e8ad21f485b382f,IMX,0.529091
0xa16a483a18f00a00b14b93438e8ad21f485b382f,FLOKI,0.51942873
0xa16a483a18f00a00b14b93438e8ad21f485b382f,OP,0.53610444
0xa16a483a18f00a00b14b93438e8ad21f485b382f,ARB,0.5276738
0xa16a483a18f00a00b14b93438e8ad21f485b382f,GMX,0.52670294
0xa16a483a18f00a00b14b93438e8ad21f485b382f,WLD,0.50790375
0xa16a483a18f00a00b14b93438e8ad21f485b382f,MANTA,0.51185966
0xa16a483a18f00a00b14b93438e8ad21f485b382f,ENS,0.54668903
0xa16a483a18f00a00b14b93438e8ad21f485b382f,PEOPLE,0.48716992
0xa16a483a18f00a00b14b93438e8ad21f485b382f,GMT,0.5044383
0xa16a483a18f00a00b14b93438e8ad21f485b382f,APE,0.5269808
0xa16a483a18f00a00b14b93438e8ad21f485b382f,APEX,0.5314432
0xa16a483a18f00a00b14b93438e8ad21f485b382f,KAS,0.5276462
0xa16a483a18f00a00b14b93438e8ad21f485b382f,SUI,0.5364215
0xa16a483a18f00a00b14b93438e8ad21f485b382f,ONDO,0.4764028
0xa16a483a18f00a00b14b93438e8ad21f485b382f,ZETA,0.5271386
0xa16a483a18f00a00b14b93438e8ad21f485b382f,APT,0.5325759
0xa16a483a18f00a00b14b93438e8ad21f485b382f,STRK,0.5294398
0xa16a483a18f00a00b14b93438e8ad21f485b382f,TIA,0.53292596
0xa16a483a18f00a00b14b93438e8ad21f485b382f,TAO,0.556572
0xa16a483a18f00a00b14b93438e8ad21f485b382f,BONK,0.49943563
0xa16a483a18f00a00b14b93438e8ad21f485b382f,BLUR,0.5012452
0xa16a483a18f00a00b14b93438e8ad21f485b382f,SEI,0.53121644
0xa16a483a18f00a00b14b93438e8ad21f485b382f,ZK,0.53153217
0xa16a483a18f00a00b14b93438e8ad21f485b382f,PEPE,0.5307875
0xa16a483a18f00a00b14b93438e8ad21f485b382f,BERA,0.52497166
0xa16a483a18f00a00b14b93438e8ad21f485b382f,TURBO,0.5240023
0xa16a483a18f00a00b14b93438e8ad21f485b382f,ORDI,0.4908502
0xa16a483a18f00a00b14b93438e8ad21f485b382f,ZRO,0.45389217
0xa16a483a18f00a00b14b93438e8ad21f485b382f,MNT,0.5578956
0xa16a483a18f00a00b14b93438e8ad21f485b382f,LINEA,0.5261645
0xa16a483a18f00a00b14b93438e8ad21f485b382f,PYTH,0.45097178
0xa16a483a18f00a00b14b93438e8ad21f485b382f,MEME,0.5047443
0xa16a483a18f00a00b14b93438e8ad21f485b382f,POL,0.5079504
0xa16a483a18f00a00b14b93438e8ad21f485b382f,JTO,0.48895034
0xa16a483a18f00a00b14b93438e8ad21f485b382f,WIF,0.547743
0xa16a483a18f00a00b14b93438e8ad21f485b382f,POPCAT,0.5159188
0xa16a483a18f00a00b14b93438e8ad21f485b382f,NOT,0.51520145
0xa16a483a18f00a00b14b93438e8ad21f485b382f,DYM,0.43328595
0xa16a483a18f00a00b14b93438e8ad21f485b382f,XAI,0.46912637
0xa16a483a18f00a00b14b93438e8ad21f485b382f,ALT,0.4937476
0xa16a483a18f00a00b14b93438e8ad21f485b382f,JUP,0.5206431
0xa16a483a18f00a00b14b93438e8ad21f485b382f,AERO,0.514794
0xa16a483a18f00a00b14b93438e8ad21f485b382f,VIRTUAL,0.5213111
0xa16a483a18f00a00b14b93438e8ad21f485b382f,W,0.53717315
0xa16a483a18f00a00b14b93438e8ad21f485b382f,BRETT,0.4969104
0xa16a483a18f00a00b14b93438e8ad21f485b382f,ETHFI,0.46535152
0xa16a483a18f00a00b14b93438e8ad21f485b382f,IO,0.54495746
0xa16a483a18f00a00b14b93438e8ad21f485b382f,BOME,0.45388368
0xa16a483a18f00a00b14b93438e8ad21f485b382f,sENA,0.5415301
0xa16a483a18f00a00b14b93438e8ad21f485b382f,TNSR,0.48278403
0xa16a483a18f00a00b14b93438e8ad21f485b382f,EIGEN,0.51947236
0xa16a483a18f00a00b14b93438e8ad21f485b382f,MON,0.54801947
0xa16a483a18f00a00b14b93438e8ad21f485b382f,MERL,0.47909692
0xa16a483a18f00a00b14b93438e8ad21f485b382f,REZ,0.43486518
0xa16a483a18f00a00b14b93438e8ad21f485b382f,SOPH,0.47759768
0xa16a483a18f00a00b14b93438e8ad21f485b382f,HYPE,0.5619758
0xa16a483a18f00a00b14b93438e8ad21f485b382f,ME,0.49315318
0xa16a483a18f00a00b14b93438e8ad21f485b382f,BABY,0.41430733
0xa16a483a18f00a00b14b93438e8ad21f485b382f,MOVE,0.5386501
0xa16a483a18f00a00b14b93438e8ad21f485b382f,NEIRO,0.42622426
0xa16a483a18f00a00b14b93438e8ad21f485b382f,S,0.47500074
0xa16a483a18f00a00b14b93438e8ad21f485b382f,GRASS,0.5073682
0xa16a483a18f00a00b14b93438e8ad21f485b382f,SKY,0.5070267
0xa16a483a18f00a00b14b93438e8ad21f485b382f,INIT,0.49370188
0xa16a483a18f00a00b14b93438e8ad21f485b382f,WCT,0.5326462
0xa16a483a18f00a00b14b93438e8ad21f485b382f,WLFI,0.5254449
0xa16a483a18f00a00b14b93438e8ad21f485b382f,GOAT,0.48045623
0xa16a483a18f00a00b14b93438e8ad21f485b382f,FARTCOIN,0.5057163
0xa16a483a18f00a00b14b93438e8ad21f485b382f,PNUT,0.46884897
0xa16a483a18f00a00b14b93438e8ad21f485b382f,SYRUP,0.48876396
0xa16a483a18f00a00b14b93438e8ad21f485b382f,USUAL,0.46611723
0xa16a483a18f00a00b14b93438e8ad21f485b382f,AIXBT,0.4684605
0xa16a483a18f00a00b14b93438e8ad21f485b382f,MORPHO,0.51832813
0xa16a483a18f00a00b14b93438e8ad21f485b382f,PENGU,0.50814664
0xa16a483a18f00a00b14b93438e8ad21f485b382f,GRIFFAIN,0.4405963
0xa16a483a18f00a00b14b93438e8ad21f485b382f,BIO,0.45615706
0xa16a483a18f00a00b14b93438e8ad21f485b382f,ANIME,0.49781212
0xa16a483a18f00a00b14b93438e8ad21f485b382f,TRUMP,0.56910217
0xa16a483a18f00a00b14b93438e8ad21f485b382f,MELANIA,0.52186924
0xa16a483a18f00a00b14b93438e8ad21f485b382f,VINE,0.50767463
0xa16a483a18f00a00b14b93438e8ad21f485b382f,LAYER,0.5434042
0xa16a483a18f00a00b14b93438e8ad21f485b382f,VVV,0.5063187
0xa16a483a18f00a00b14b93438e8ad21f485b382f,IP,0.54863745
0xa16a483a18f00a00b14b93438e8ad21f485b382f,NIL,0.38389716
0xa16a483a18f00a00b14b93438e8ad21f485b382f,KAITO,0.45712486
0xa16a483a18f00a00b14b93438e8ad21f485b382f,ZORA,0.50689584
0xa16a483a18f00a00b14b93438e8ad21f485b382f,HYPER,0.5166805
0xa16a483a18f00a00b14b93438e8ad21f485b382f,ASTER,0.595073
0xa16a483a18f00a00b14b93438e8ad21f485b382f,PUMP,0.46861383
0xa16a483a18f00a00b14b93438e8ad21f485b382f,XPL,0.53109163
0xa16a483a18f00a00b14b93438e8ad21f485b382f,CC,0.5201718
0xa16a483a18f00a00b14b93438e8ad21f485b382f,PROVE,0.5070216
0xa16a483a18f00a00b14b93438e8ad21f485b382f,HEMI,0.4153507
0xa16a483a18f00a00b14b93438e8ad21f485b382f,AVNT,0.4466442
0xa16a483a18f00a00b14b93438e8ad21f485b382f,0G,0.47650108
0xa16a483a18f00a00b14b93438e8ad21f485b382f,2Z,0.4990341
0xa16a483a18f00a00b14b93438e8ad21f485b382f,LIT,0.47861832
0xad3ab30bf7e7423fa8266c7300f2dcd07377dc7e,SKY,0.49668875
0xad3ab30bf7e7423fa8266c7300f2dcd07377dc7e,TRX,0.9470199
0xad3ab30bf7e7423fa8266c7300f2dcd07377dc7e,XLM,0.39072847
0xad3ab30bf7e7423fa8266c7300f2dcd07377dc7e,XMR,0.9735099
0xad3ab30bf7e7423fa8266c7300f2dcd07377dc7e,XRP,0.8807947
0xad3ab30bf7e7423fa8266c7300f2dcd07377dc7e,ZEC,0.68874174
0xad3ab30bf7e7423fa8266c7300f2dcd07377dc7e,BCH,0.9337748
0xad3ab30bf7e7423fa8266c7300f2dcd07377dc7e,BTC,0.9933775
0xad3ab30bf7e7423fa8266c7300f2dcd07377dc7e,DOGE,0.90066224
0xad3ab30bf7e7423fa8266c7300f2dcd07377dc7e,ETC,0.9403973
0xad3ab30bf7e7423fa8266c7300f2dcd07377dc7e,LTC,0.9668874
0xad3ab30bf7e7423fa8266c7300f2dcd07377dc7e,ETH,0.98675495
0xad3ab30bf7e7423fa8266c7300f2dcd07377dc7e,ADA,0.23178808
0xad3ab30bf7e7423fa8266c7300f2dcd07377dc7e,LINK,0.821192
0xad3ab30bf7e7423fa8266c7300f2dcd07377dc7e,S,0.17880794
0xad3ab30bf7e7423fa8266c7300f2dcd07377dc7e,ATOM,0.6821192
0xad3ab30bf7e7423fa8266c7300f2dcd07377dc7e,SNX,0.7218543
0xad3ab30bf7e7423fa8266c7300f2dcd07377dc7e,RSR,0.65562916
0xad3ab30bf7e7423fa8266c7300f2dcd07377dc7e,ALGO,0.74834436
0xad3ab30bf7e7423fa8266c7300f2dcd07377dc7e,RUNE,0.9205298
0xad3ab30bf7e7423fa8266c7300f2dcd07377dc7e,TRB,0.589404
0xad3ab30bf7e7423fa8266c7300f2dcd07377dc7e,SOL,0.95364237
0xad3ab30bf7e7423fa8266c7300f2dcd07377dc7e,UMA,0.8741722
0xad3ab30bf7e7423fa8266c7300f2dcd07377dc7e,PAXG,1.0
0xad3ab30bf7e7423fa8266c7300f2dcd07377dc7e,COMP,0.8344371
0xad3ab30bf7e7423fa8266c7300f2dcd07377dc7e,AVAX,0.7350993
0xad3ab30bf7e7423fa8266c7300f2dcd07377dc7e,SAND,0.7615894
0xad3ab30bf7e7423fa8266c7300f2dcd07377dc7e,CRV,0.17218544
0xad3ab30bf7e7423fa8266c7300f2dcd07377dc7e,LAYER,0.86092716
0xad3ab30bf7e7423fa8266c7300f2dcd07377dc7e,DOT,0.8874172
0xad3ab30bf7e7423fa8266c7300f2dcd07377dc7e,SUSHI,0.33774835
0xad3ab30bf7e7423fa8266c7300f2dcd07377dc7e,UNI,0.35099337
0xad3ab30bf7e7423fa8266c7300f2dcd07377dc7e,AAVE,0.21192053
0xad3ab30bf7e7423fa8266c7300f2dcd07377dc7e,NEAR,0.7152318
0xad3ab30bf7e7423fa8266c7300f2dcd07377dc7e,FIL,0.8476821
0xad3ab30bf7e7423fa8266c7300f2dcd07377dc7e,AXS,0.4834437
0xad3ab30bf7e7423fa8266c7300f2dcd07377dc7e,INJ,0.78807944
0xad3ab30bf7e7423fa8266c7300f2dcd07377dc7e,ZORA,0.43046358
0xad3ab30bf7e7423fa8266c7300f2dcd07377dc7e,CELO,0.3112583
0xad3ab30bf7e7423fa8266c7300f2dcd07377dc7e,LIT,0.08609272
0xad3ab30bf7e7423fa8266c7300f2dcd07377dc7e,SHIB,0.49006623
0xad3ab30bf7e7423fa8266c7300f2dcd07377dc7e,ICP,0.77483445
0xad3ab30bf7e7423fa8266c7300f2dcd07377dc7e,RENDER,0.8278146
0xad3ab30bf7e7423fa8266c7300f2dcd07377dc7e,LDO,0.29139072
0xad3ab30bf7e7423fa8266c7300f2dcd07377dc7e,GALA,0.3576159
0xad3ab30bf7e7423fa8266c7300f2dcd07377dc7e,FET,0.6754967
0xad3ab30bf7e7423fa8266c7300f2dcd07377dc7e,ENS,0.80794704
0xad3ab30bf7e7423fa8266c7300f2dcd07377dc7e,IMX,0.7682119
0xad3ab30bf7e7423fa8266c7300f2dcd07377dc7e,PEOPLE,0.28476822
0xad3ab30bf7e7423fa8266c7300f2dcd07377dc7e,GMT,0.56953645
0xad3ab30bf7e7423fa8266c7300f2dcd07377dc7e,FLOKI,0.54304636
0xad3ab30bf7e7423fa8266c7300f2dcd07377dc7e,POL,0.5033113
0xad3ab30bf7e7423fa8266c7300f2dcd07377dc7e,APE,0.5960265
0xad3ab30bf7e7423fa8266c7300f2dcd07377dc7e,GMX,0.45695364
0xad3ab30bf7e7423fa8266c7300f2dcd07377dc7e,BLUR,0.40397352
0xad3ab30bf7e7423fa8266c7300f2dcd07377dc7e,PENDLE,0.42384106
0xad3ab30bf7e7423fa8266c7300f2dcd07377dc7e,MINA,0.3178808
0xad3ab30bf7e7423fa8266c7300f2dcd07377dc7e,LUNC,0.6357616
0xad3ab30bf7e7423fa8266c7300f2dcd07377dc7e,MEME,0.29801324
0xad3ab30bf7e7423fa8266c7300f2dcd07377dc7e,OP,0.794702
0xad3ab30bf7e7423fa8266c7300f2dcd07377dc7e,ZEN,0.46357617
0xad3ab30bf7e7423fa8266c7300f2dcd07377dc7e,STRK,0.8543046
0xad3ab30bf7e7423fa8266c7300f2dcd07377dc7e,STX,0.69536424
0xad3ab30bf7e7423fa8266c7300f2dcd07377dc7e,CFX,0.410596
0xad3ab30bf7e7423fa8266c7300f2dcd07377dc7e,CAKE,0.81456953
0xad3ab30bf7e7423fa8266c7300f2dcd07377dc7e,DASH,0.9072848
0xad3ab30bf7e7423fa8266c7300f2dcd07377dc7e,BSV,0.2781457
0xad3ab30bf7e7423fa8266c7300f2dcd07377dc7e,AR,0.92715234
0xad3ab30bf7e7423fa8266c7300f2dcd07377dc7e,APT,0.5629139
0xad3ab30bf7e7423fa8266c7300f2dcd07377dc7e,ALT,0.3245033
0xad3ab30bf7e7423fa8266c7300f2dcd07377dc7e,BNB,0.98013246
0xad3ab30bf7e7423fa8266c7300f2dcd07377dc7e,BONK,0.15231788
0xad3ab30bf7e7423fa8266c7300f2dcd07377dc7e,BABY,0.0066225166
0xad3ab30bf7e7423fa8266c7300f2dcd07377dc7e,HBAR,0.7086093
0xad3ab30bf7e7423fa8266c7300f2dcd07377dc7e,KAS,0.62913907
0xad3ab30bf7e7423fa8266c7300f2dcd07377dc7e,PEPE,0.6490066
0xad3ab30bf7e7423fa8266c7300f2dcd07377dc7e,ORDI,0.3642384
0xad3ab30bf7e7423fa8266c7300f2dcd07377dc7e,SUI,0.70198673
0xad3ab30bf7e7423fa8266c7300f2dcd07377dc7e,MNT,0.45033112
0xad3ab30bf7e7423fa8266c7300f2dcd07377dc7e,IOTA,0.33112583
0xad3ab30bf7e7423fa8266c7300f2dcd07377dc7e,TURBO,0.22516556
0xad3ab30bf7e7423fa8266c7300f2dcd07377dc7e,TIA,0.66887414
0xad3ab30bf7e7423fa8266c7300f2dcd07377dc7e,SEI,0.6225166
0xad3ab30bf7e7423fa8266c7300f2dcd07377dc7e,TAO,0.89403975
0xad3ab30bf7e7423fa8266c7300f2dcd07377dc7e,JTO,0.18543047
0xad3ab30bf7e7423fa8266c7300f2dcd07377dc7e,PYTH,0.09933775
0xad3ab30bf7e7423fa8266c7300f2dcd07377dc7e,MANTA,0.47682118
0xad3ab30bf7e7423fa8266c7300f2dcd07377dc7e,ONDO,0.30463576
0xad3ab30bf7e7423fa8266c7300f2dcd07377dc7e,WIF,0.8013245
0xad3ab30bf7e7423fa8266c7300f2dcd07377dc7e,XAI,0.119205296
0xad3ab30bf7e7423fa8266c7300f2dcd07377dc7e,ZETA,0.38410595
0xad3ab30bf7e7423fa8266c7300f2dcd07377dc7e,JUP,0.6092715
0xad3ab30bf7e7423fa8266c7300f2dcd07377dc7e,DYM,0.026490066
0xad3ab30bf7e7423fa8266c7300f2dcd07377dc7e,TRUMP,0.9602649
0xad3ab30bf7e7423fa8266c7300f2dcd07377dc7e,APEX,0.86754966
0xad3ab30bf7e7423fa8266c7300f2dcd07377dc7e,ARB,0.6423841
0xad3ab30bf7e7423fa8266c7300f2dcd07377dc7e,BOME,0.0397351
0xad3ab30bf7e7423fa8266c7300f2dcd07377dc7e,HYPER,0.4437086
0xad3ab30bf7e7423fa8266c7300f2dcd07377dc7e,ETHFI,0.26490065
0xad3ab30bf7e7423fa8266c7300f2dcd07377dc7e,BRETT,0.1589404
0xad3ab30bf7e7423fa8266c7300f2dcd07377dc7e,W,0.7549669
0xad3ab30bf7e7423fa8266c7300f2dcd07377dc7e,GOAT,0.14569536
0xad3ab30bf7e7423fa8266c7300f2dcd07377dc7e,POPCAT,0.37748346
0xad3ab30bf7e7423fa8266c7300f2dcd07377dc7e,MERL,0.105960265
0xad3ab30bf7e7423fa8266c7300f2dcd07377dc7e,ZK,0.60264903
0xad3ab30bf7e7423fa8266c7300f2dcd07377dc7e,TNSR,0.25165564
0xad3ab30bf7e7423fa8266c7300f2dcd07377dc7e,AERO,0.615894
0xad3ab30bf7e7423fa8266c7300f2dcd07377dc7e,REZ,0.01986755
0xad3ab30bf7e7423fa8266c7300f2dcd07377dc7e,NOT,0.37086093
0xad3ab30bf7e7423fa8266c7300f2dcd07377dc7e,MON,0.4370861
0xad3ab30bf7e7423fa8266c7300f2dcd07377dc7e,VIRTUAL,0.34437087
0xad3ab30bf7e7423fa8266c7300f2dcd07377dc7e,IO,0.7284768
0xad3ab30bf7e7423fa8266c7300f2dcd07377dc7e,ZRO,0.07284768
0xad3ab30bf7e7423fa8266c7300f2dcd07377dc7e,WLD,0.5231788
0xad3ab30bf7e7423fa8266c7300f2dcd07377dc7e,NEIRO,0.046357617
0xad3ab30bf7e7423fa8266c7300f2dcd07377dc7e,EIGEN,0.74172187
0xad3ab30bf7e7423fa8266c7300f2dcd07377dc7e,MOVE,0.25827813
0xad3ab30bf7e7423fa8266c7300f2dcd07377dc7e,FARTCOIN,0.16556291
0xad3ab30bf7e7423fa8266c7300f2dcd07377dc7e,GRASS,0.78145695
0xad3ab30bf7e7423fa8266c7300f2dcd07377dc7e,PNUT,0.11258278
0xad3ab30bf7e7423fa8266c7300f2dcd07377dc7e,USUAL,0.06622516
0xad3ab30bf7e7423fa8266c7300f2dcd07377dc7e,MORPHO,0.53642386
0xad3ab30bf7e7423fa8266c7300f2dcd07377dc7e,AIXBT,0.052980132
0xad3ab30bf7e7423fa8266c7300f2dcd07377dc7e,HYPE,0.8410596
0xad3ab30bf7e7423fa8266c7300f2dcd07377dc7e,ME,0.19205298
0xad3ab30bf7e7423fa8266c7300f2dcd07377dc7e,PENGU,0.23841059
0xad3ab30bf7e7423fa8266c7300f2dcd07377dc7e,sENA,0.57615894
0xad3ab30bf7e7423fa8266c7300f2dcd07377dc7e,BIO,0.0794702
0xad3ab30bf7e7423fa8266c7300f2dcd07377dc7e,GRIFFAIN,0.03311258
0xad3ab30bf7e7423fa8266c7300f2dcd07377dc7e,MELANIA,0.5298013
0xad3ab30bf7e7423fa8266c7300f2dcd07377dc7e,VINE,0.24503312
0xad3ab30bf7e7423fa8266c7300f2dcd07377dc7e,ANIME,0.13245033
0xad3ab30bf7e7423fa8266c7300f2dcd07377dc7e,VVV,0.47019866
0xad3ab30bf7e7423fa8266c7300f2dcd07377dc7e,SYRUP,0.1986755
0xad3ab30bf7e7423fa8266c7300f2dcd07377dc7e,BERA,0.51655626
0xad3ab30bf7e7423fa8266c7300f2dcd07377dc7e,IP,0.66225165
0xad3ab30bf7e7423fa8266c7300f2dcd07377dc7e,KAITO,0.09271523
0xad3ab30bf7e7423fa8266c7300f2dcd07377dc7e,NIL,0.0
0xad3ab30bf7e7423fa8266c7300f2dcd07377dc7e,WCT,0.50993377
0xad3ab30bf7e7423fa8266c7300f2dcd07377dc7e,PUMP,0.13907285
0xad3ab30bf7e7423fa8266c7300f2dcd07377dc7e,INIT,0.21854305
0xad3ab30bf7e7423fa8266c7300f2dcd07377dc7e,SOPH,0.205298
0xad3ab30bf7e7423fa8266c7300f2dcd07377dc7e,PROVE,0.397351
0xad3ab30bf7e7423fa8266c7300f2dcd07377dc7e,WLFI,0.5562914
0xad3ab30bf7e7423fa8266c7300f2dcd07377dc7e,0G,0.27152318
0xad3ab30bf7e7423fa8266c7300f2dcd07377dc7e,ASTER,0.9139073
0xad3ab30bf7e7423fa8266c7300f2dcd07377dc7e,AVNT,0.059602648
0xad3ab30bf7e7423fa8266c7300f2dcd07377dc7e,LINEA,0.58278143
0xad3ab30bf7e7423fa8266c7300f2dcd07377dc7e,HEMI,0.013245033
0xad3ab30bf7e7423fa8266c7300f2dcd07377dc7e,XPL,0.54966885
0xad3ab30bf7e7423fa8266c7300f2dcd07377dc7e,2Z,0.41721854
0xad3ab30bf7e7423fa8266c7300f2dcd07377dc7e,CC,0.12582782
0xb294a5316e76e84649a3b8ff0ff6ef9788595bed,FIL,0.55421877
0xb294a5316e76e84649a3b8ff0ff6ef9788595bed,MORPHO,0.55469215
0xb294a5316e76e84649a3b8ff0ff6ef9788595bed,MNT,0.5550614
0xb294a5316e76e84649a3b8ff0ff6ef9788595bed,ONDO,0.55651426
0xb294a5316e76e84649a3b8ff0ff6ef9788595bed,ICP,0.5589505
0xb294a5316e76e84649a3b8ff0ff6ef9788595bed,FET,0.56076705
0xb294a5316e76e84649a3b8ff0ff6ef9788595bed,PENDLE,0.5608187
0xb294a5316e76e84649a3b8ff0ff6ef9788595bed,AAVE,0.5621823
0xb294a5316e76e84649a3b8ff0ff6ef9788595bed,TAO,0.56229776
0xb294a5316e76e84649a3b8ff0ff6ef9788595bed,WLD,0.56239027
0xb294a5316e76e84649a3b8ff0ff6ef9788595bed,JTO,0.56298304
0xb294a5316e76e84649a3b8ff0ff6ef9788595bed,ZRO,0.56589276
0xb294a5316e76e84649a3b8ff0ff6ef9788595bed,RENDER,0.5676077
0xb294a5316e76e84649a3b8ff0ff6ef9788595bed,PAXG,0.56836313
0xb294a5316e76e84649a3b8ff0ff6ef9788595bed,VVV,0.56849515
0xb294a5316e76e84649a3b8ff0ff6ef9788595bed,APT,0.5694577
0xb294a5316e76e84649a3b8ff0ff6ef9788595bed,BRETT,0.570665
0xb294a5316e76e84649a3b8ff0ff6ef9788595bed,SUSHI,0.57144374
0xb294a5316e76e84649a3b8ff0ff6ef9788595bed,ASTER,0.57210815
0xb294a5316e76e84649a3b8ff0ff6ef9788595bed,XPL,0.5721554
0xb294a5316e76e84649a3b8ff0ff6ef9788595bed,ENS,0.57239693
0xb294a5316e76e84649a3b8ff0ff6ef9788595bed,EIGEN,0.5730278
0xb294a5316e76e84649a3b8ff0ff6ef9788595bed,ANIME,0.573201
0xb294a5316e76e84649a3b8ff0ff6ef9788595bed,ATOM,0.57396346
0xb294a5316e76e84649a3b8ff0ff6ef9788595bed,NEAR,0.57522756
0xb294a5316e76e84649a3b8ff0ff6ef9788595bed,WLFI,0.5754795
0xb294a5316e76e84649a3b8ff0ff6ef9788595bed,FARTCOIN,0.5762782
0xb294a5316e76e84649a3b8ff0ff6ef9788595bed,IOTA,0.5763075
0xb294a5316e76e84649a3b8ff0ff6ef9788595bed,TURBO,0.5770492
0xb294a5316e76e84649a3b8ff0ff6ef9788595bed,ETHFI,0.57716817
0xb294a5316e76e84649a3b8ff0ff6ef9788595bed,WCT,0.5774245
0xb294a5316e76e84649a3b8ff0ff6ef9788595bed,DASH,0.5778711
0xb294a5316e76e84649a3b8ff0ff6ef9788595bed,0G,0.57889026
0xb294a5316e76e84649a3b8ff0ff6ef9788595bed,CELO,0.5813779
0xb294a5316e76e84649a3b8ff0ff6ef9788595bed,PYTH,0.58146507
0xb294a5316e76e84649a3b8ff0ff6ef9788595bed,PENGU,0.58148247
0xb294a5316e76e84649a3b8ff0ff6ef9788595bed,POPCAT,0.5816547
0xb294a5316e76e84649a3b8ff0ff6ef9788595bed,APEX,0.58240676
0xb294a5316e76e84649a3b8ff0ff6ef9788595bed,STRK,0.5843867
0xb294a5316e76e84649a3b8ff0ff6ef9788595bed,KAITO,0.5845675
0xb294a5316e76e84649a3b8ff0ff6ef9788595bed,WIF,0.5851947
0xb294a5316e76e84649a3b8ff0ff6ef9788595bed,IMX,0.5853729
0xb294a5316e76e84649a3b8ff0ff6ef9788595bed,KAS,0.58548445
0xb294a5316e76e84649a3b8ff0ff6ef9788595bed,AERO,0.58562434
0xb294a5316e76e84649a3b8ff0ff6ef9788595bed,TIA,0.5868169
0xb294a5316e76e84649a3b8ff0ff6ef9788595bed,RUNE,0.58703965
0xb294a5316e76e84649a3b8ff0ff6ef9788595bed,XAI,0.5873826
0xb294a5316e76e84649a3b8ff0ff6ef9788595bed,GMX,0.5877286
0xb294a5316e76e84649a3b8ff0ff6ef9788595bed,AVNT,0.58780134
0xb294a5316e76e84649a3b8ff0ff6ef9788595bed,UMA,0.58781475
0xb294a5316e76e84649a3b8ff0ff6ef9788595bed,AR,0.58783835
0xb294a5316e76e84649a3b8ff0ff6ef9788595bed,ZK,0.5882782
0xb294a5316e76e84649a3b8ff0ff6ef9788595bed,SYRUP,0.5887532
0xb294a5316e76e84649a3b8ff0ff6ef9788595bed,TRB,0.59049904
0xb294a5316e76e84649a3b8ff0ff6ef9788595bed,LIT,0.59186697
0xb294a5316e76e84649a3b8ff0ff6ef9788595bed,MELANIA,0.5921525
0xb294a5316e76e84649a3b8ff0ff6ef9788595bed,HYPER,0.59233046
0xb294a5316e76e84649a3b8ff0ff6ef9788595bed,LINEA,0.59268165
0xb294a5316e76e84649a3b8ff0ff6ef9788595bed,NIL,0.59545326
0xb294a5316e76e84649a3b8ff0ff6ef9788595bed,AXS,0.59577066
0xb294a5316e76e84649a3b8ff0ff6ef9788595bed,LDO,0.5966737
0xb294a5316e76e84649a3b8ff0ff6ef9788595bed,INIT,0.59671533
0xb294a5316e76e84649a3b8ff0ff6ef9788595bed,ZEN,0.5968245
0xb294a5316e76e84649a3b8ff0ff6ef9788595bed,BSV,0.59857756
0xb294a5316e76e84649a3b8ff0ff6ef9788595bed,BERA,0.6005736
0xb294a5316e76e84649a3b8ff0ff6ef9788595bed,COMP,0.6016772
0xb294a5316e76e84649a3b8ff0ff6ef9788595bed,BLUR,0.6033431
0xb294a5316e76e84649a3b8ff0ff6ef9788595bed,IO,0.60413086
0xb294a5316e76e84649a3b8ff0ff6ef9788595bed,INJ,0.60529226
0xb294a5316e76e84649a3b8ff0ff6ef9788595bed,CFX,0.60616285
0xb294a5316e76e84649a3b8ff0ff6ef9788595bed,ZETA,0.6067664
0xb294a5316e76e84649a3b8ff0ff6ef9788595bed,ME,0.6070242
0xb294a5316e76e84649a3b8ff0ff6ef9788595bed,BONK,0.6072366
0xb294a5316e76e84649a3b8ff0ff6ef9788595bed,PNUT,0.6076343
0xb294a5316e76e84649a3b8ff0ff6ef9788595bed,REZ,0.6078038
0xb294a5316e76e84649a3b8ff0ff6ef9788595bed,ZORA,0.6080524
0xb294a5316e76e84649a3b8ff0ff6ef9788595bed,GRIFFAIN,0.6090631
0xb294a5316e76e84649a3b8ff0ff6ef9788595bed,SEI,0.6101264
0xb294a5316e76e84649a3b8ff0ff6ef9788595bed,MINA,0.6106348
0xb294a5316e76e84649a3b8ff0ff6ef9788595bed,sENA,0.611296
0xb294a5316e76e84649a3b8ff0ff6ef9788595bed,2Z,0.61252075
0xb294a5316e76e84649a3b8ff0ff6ef9788595bed,ORDI,0.6135067
0xb294a5316e76e84649a3b8ff0ff6ef9788595bed,GALA,0.61501944
0xb294a5316e76e84649a3b8ff0ff6ef9788595bed,VINE,0.6151464
0xb294a5316e76e84649a3b8ff0ff6ef9788595bed,MANTA,0.6151767
0xb294a5316e76e84649a3b8ff0ff6ef9788595bed,NEIRO,0.61524785
0xb294a5316e76e84649a3b8ff0ff6ef9788595bed,HEMI,0.6153171
0xb294a5316e76e84649a3b8ff0ff6ef9788595bed,BOME,0.61631066
0xb294a5316e76e84649a3b8ff0ff6ef9788595bed,JUP,0.61701685
0xb294a5316e76e84649a3b8ff0ff6ef9788595bed,FLOKI,0.617041
0xb294a5316e76e84649a3b8ff0ff6ef9788595bed,TNSR,0.6171065
0xb294a5316e76e84649a3b8ff0ff6ef9788595bed,HBAR,0.6172771
0xb294a5316e76e84649a3b8ff0ff6ef9788595bed,SNX,0.6179173
0xb294a5316e76e84649a3b8ff0ff6ef9788595bed,MERL,0.6183447
0xb294a5316e76e84649a3b8ff0ff6ef9788595bed,MON,0.6206237
0xb294a5316e76e84649a3b8ff0ff6ef9788595bed,DYM,0.6215238
0xb294a5316e76e84649a3b8ff0ff6ef9788595bed,AIXBT,0.62180907
0xb294a5316e76e84649a3b8ff0ff6ef9788595bed,POL,0.62188995
0xb294a5316e76e84649a3b8ff0ff6ef9788595bed,PEOPLE,0.62323815
0xb294a5316e76e84649a3b8ff0ff6ef9788595bed,SOPH,0.62540156
0xb294a5316e76e84649a3b8ff0ff6ef9788595bed,NOT,0.62864923
0xb294a5316e76e84649a3b8ff0ff6ef9788595bed,APE,0.6296901
0xb294a5316e76e84649a3b8ff0ff6ef9788595bed,LUNC,0.6390807
0xb294a5316e76e84649a3b8ff0ff6ef9788595bed,AVAX,0.64159364
0xb294a5316e76e84649a3b8ff0ff6ef9788595bed,GMT,0.64236957
0xb294a5316e76e84649a3b8ff0ff6ef9788595bed,BTC,0.6424267
0xb294a5316e76e84649a3b8ff0ff6ef9788595bed,ETH,0.6427634
0xb294a5316e76e84649a3b8ff0ff6ef9788595bed,S,0.64499044
0xb294a5316e76e84649a3b8ff0ff6ef9788595bed,TRUMP,0.64751905
0xb294a5316e76e84649a3b8ff0ff6ef9788595bed,SOL,0.64813936
0xb294a5316e76e84649a3b8ff0ff6ef9788595bed,MOVE,0.6490684
0xb294a5316e76e84649a3b8ff0ff6ef9788595bed,GOAT,0.64964014
0xb294a5316e76e84649a3b8ff0ff6ef9788595bed,XRP,0.6498102
0xb294a5316e76e84649a3b8ff0ff6ef9788595bed,ETC,0.6518729
0xb294a5316e76e84649a3b8ff0ff6ef9788595bed,SAND,0.65286434
0xb294a5316e76e84649a3b8ff0ff6ef9788595bed,IP,0.6532273
0xb294a5316e76e84649a3b8ff0ff6ef9788595bed,GRASS,0.65421206
0xb294a5316e76e84649a3b8ff0ff6ef9788595bed,LAYER,0.65706295
0xb294a5316e76e84649a3b8ff0ff6ef9788595bed,PEPE,0.65848696
0xb294a5316e76e84649a3b8ff0ff6ef9788595bed,SKY,0.65899587
0xb294a5316e76e84649a3b8ff0ff6ef9788595bed,PUMP,0.65991855
0xb294a5316e76e84649a3b8ff0ff6ef9788595bed,ADA,0.66089314
0xb294a5316e76e84649a3b8ff0ff6ef9788595bed,SHIB,0.6631658
0xb294a5316e76e84649a3b8ff0ff6ef9788595bed,HYPE,0.66429275
0xb294a5316e76e84649a3b8ff0ff6ef9788595bed,PROVE,0.66606826
0xb294a5316e76e84649a3b8ff0ff6ef9788595bed,TRX,0.6661792
0xb294a5316e76e84649a3b8ff0ff6ef9788595bed,ZEC,0.66782564
0xb294a5316e76e84649a3b8ff0ff6ef9788595bed,CC,0.6682419
0xb294a5316e76e84649a3b8ff0ff6ef9788595bed,SUI,0.6683429
0xb294a5316e76e84649a3b8ff0ff6ef9788595bed,DOGE,0.66853625
0xb294a5316e76e84649a3b8ff0ff6ef9788595bed,UNI,0.6691412
0xb294a5316e76e84649a3b8ff0ff6ef9788595bed,STX,0.6692791
0xb294a5316e76e84649a3b8ff0ff6ef9788595bed,W,0.6701348
0xb294a5316e76e84649a3b8ff0ff6ef9788595bed,LTC,0.67167795
0xb294a5316e76e84649a3b8ff0ff6ef9788595bed,DOT,0.6725064
0xb294a5316e76e84649a3b8ff0ff6ef9788595bed,XLM,0.67461413
0xb294a5316e76e84649a3b8ff0ff6ef9788595bed,BIO,0.67615926
0xb294a5316e76e84649a3b8ff0ff6ef9788595bed,CRV,0.67807776
0xb294a5316e76e84649a3b8ff0ff6ef9788595bed,ARB,0.6787579
0xb294a5316e76e84649a3b8ff0ff6ef9788595bed,ALGO,0.68185014
0xb294a5316e76e84649a3b8ff0ff6ef9788595bed,BCH,0.6837951
0xb294a5316e76e84649a3b8ff0ff6ef9788595bed,MEME,0.6846834
0xb294a5316e76e84649a3b8ff0ff6ef9788595bed,BNB,0.6849462
0xb294a5316e76e84649a3b8ff0ff6ef9788595bed,LINK,0.6852986
0xb294a5316e76e84649a3b8ff0ff6ef9788595bed,CAKE,0.68812525
0xb294a5316e76e84649a3b8ff0ff6ef9788595bed,RSR,0.6884346
0xb294a5316e76e84649a3b8ff0ff6ef9788595bed,USUAL,0.68913496
0xb294a5316e76e84649a3b8ff0ff6ef9788595bed,OP,0.6893143
0xb294a5316e76e84649a3b8ff0ff6ef9788595bed,VIRTUAL,0.6906993
0xb294a5316e76e84649a3b8ff0ff6ef9788595bed,XMR,0.695092
0xb294a5316e76e84649a3b8ff0ff6ef9788595bed,BABY,0.70107573
0xb294a5316e76e84649a3b8ff0ff6ef9788595bed,ALT,0.71974623
0xb7ece21c962697a3194c0b6e4b81db54433055ab,BTC,0.58734703
0xb7ece21c962697a3194c0b6e4b81db54433055ab,LTC,0.5441751
0xb7ece21c962697a3194c0b6e4b81db54433055ab,XRP,0.54699254
0xb7ece21c962697a3194c0b6e4b81db54433055ab,DOGE,0.5428131
0xb7ece21c962697a3194c0b6e4b81db54433055ab,DASH,0.5400459
0xb7ece21c962697a3194c0b6e4b81db54433055ab,XMR,0.5748262
0xb7ece21c962697a3194c0b6e4b81db54433055ab,XLM,0.49966082
0xb7ece21c962697a3194c0b6e4b81db54433055ab,ETH,0.5860998
0xb7ece21c962697a3194c0b6e4b81db54433055ab,ETC,0.5397392
0xb7ece21c962697a3194c0b6e4b81db54433055ab,ZEC,0.54320014
0xb7ece21c962697a3194c0b6e4b81db54433055ab,ZEN,0.54777086
0xb7ece21c962697a3194c0b6e4b81db54433055ab,IOTA,0.5021855
0xb7ece21c962697a3194c0b6e4b81db54433055ab,BCH,0.56498295
0xb7ece21c962697a3194c0b6e4b81db54433055ab,BNB,0.5802579
0xb7ece21c962697a3194c0b6e4b81db54433055ab,TRX,0.5778745
0xb7ece21c962697a3194c0b6e4b81db54433055ab,LINK,0.54244554
0xb7ece21c962697a3194c0b6e4b81db54433055ab,ADA,0.466243
0xb7ece21c962697a3194c0b6e4b81db54433055ab,FIL,0.52938193
0xb7ece21c962697a3194c0b6e4b81db54433055ab,SNX,0.57227856
0xb7ece21c962697a3194c0b6e4b81db54433055ab,BSV,0.48431194
0xb7ece21c962697a3194c0b6e4b81db54433055ab,FET,0.51246715
0xb7ece21c962697a3194c0b6e4b81db54433055ab,ATOM,0.53290045
0xb7ece21c962697a3194c0b6e4b81db54433055ab,RSR,0.5143926
0xb7ece21c962697a3194c0b6e4b81db54433055ab,ALGO,0.5243938
0xb7ece21c962697a3194c0b6e4b81db54433055ab,RUNE,0.5926244
0xb7ece21c962697a3194c0b6e4b81db54433055ab,LUNC,0.5181898
0xb7ece21c962697a3194c0b6e4b81db54433055ab,HBAR,0.5339524
0xb7ece21c962697a3194c0b6e4b81db54433055ab,PAXG,0.6238455
0xb7ece21c962697a3194c0b6e4b81db54433055ab,STX,0.50036925
0xb7ece21c962697a3194c0b6e4b81db54433055ab,TRB,0.51703966
0xb7ece21c962697a3194c0b6e4b81db54433055ab,SOL,0.55267054
0xb7ece21c962697a3194c0b6e4b81db54433055ab,CELO,0.5011135
0xb7ece21c962697a3194c0b6e4b81db54433055ab,UMA,0.5399328
0xb7ece21c962697a3194c0b6e4b81db54433055ab,AR,0.56551796
0xb7ece21c962697a3194c0b6e4b81db54433055ab,RENDER,0.51749396
0xb7ece21c962697a3194c0b6e4b81db54433055ab,COMP,0.54468656
0xb7ece21c962697a3194c0b6e4b81db54433055ab,AVAX,0.5536271
0xb7ece21c962697a3194c0b6e4b81db54433055ab,SHIB,0.5047859
0xb7ece21c962697a3194c0b6e4b81db54433055ab,SAND,0.5075752
0xb7ece21c962697a3194c0b6e4b81db54433055ab,NEAR,0.52605796
0xb7ece21c962697a3194c0b6e4b81db54433055ab,CRV,0.48928007
0xb7ece21c962697a3194c0b6e4b81db54433055ab,DOT,0.5501979
0xb7ece21c962697a3194c0b6e4b81db54433055ab,SUSHI,0.5381648
0xb7ece21c962697a3194c0b6e4b81db54433055ab,AXS,0.52269423
0xb7ece21c962697a3194c0b6e4b81db54433055ab,GALA,0.5031904
0xb7ece21c962697a3194c0b6e4b81db54433055ab,UNI,0.49410725
0xb7ece21c962697a3194c0b6e4b81db54433055ab,CAKE,0.53897
0xb7ece21c962697a3194c0b6e4b81db54433055ab,INJ,0.51998156
0xb7ece21c962697a3194c0b6e4b81db54433055ab,AAVE,0.48943615
0xb7ece21c962697a3194c0b6e4b81db54433055ab,CFX,0.49332222
0xb7ece21c962697a3194c0b6e4b81db54433055ab,LDO,0.47414398
0xb7ece21c962697a3194c0b6e4b81db54433055ab,MINA,0.51926947
0xb7ece21c962697a3194c0b6e4b81db54433055ab,ICP,0.5530821
0xb7ece21c962697a3194c0b6e4b81db54433055ab,PENDLE,0.5107253
0xb7ece21c962697a3194c0b6e4b81db54433055ab,IMX,0.53410494
0xb7ece21c962697a3194c0b6e4b81db54433055ab,FLOKI,0.52580214
0xb7ece21c962697a3194c0b6e4b81db54433055ab,OP,0.52711266
0xb7ece21c962697a3194c0b6e4b81db54433055ab,ARB,0.51190716
0xb7ece21c962697a3194c0b6e4b81db54433055ab,GMX,0.54127526
0xb7ece21c962697a3194c0b6e4b81db54433055ab,WLD,0.51316017
0xb7ece21c962697a3194c0b6e4b81db54433055ab,MANTA,0.5079912
0xb7ece21c962697a3194c0b6e4b81db54433055ab,ENS,0.5421299
0xb7ece21c962697a3194c0b6e4b81db54433055ab,PEOPLE,0.48650137
0xb7ece21c962697a3194c0b6e4b81db54433055ab,GMT,0.50922626
0xb7ece21c962697a3194c0b6e4b81db54433055ab,APE,0.5190291
0xb7ece21c962697a3194c0b6e4b81db54433055ab,APEX,0.52634
0xb7ece21c962697a3194c0b6e4b81db54433055ab,KAS,0.5148004
0xb7ece21c962697a3194c0b6e4b81db54433055ab,SUI,0.5270543
0xb7ece21c962697a3194c0b6e4b81db54433055ab,ONDO,0.48623863
0xb7ece21c962697a3194c0b6e4b81db54433055ab,ZETA,0.5117612
0xb7ece21c962697a3194c0b6e4b81db54433055ab,APT,0.52987367
0xb7ece21c962697a3194c0b6e4b81db54433055ab,STRK,0.51624316
0xb7ece21c962697a3194c0b6e4b81db54433055ab,TIA,0.52491975
0xb7ece21c962697a3194c0b6e4b81db54433055ab,TAO,0.5401312
0xb7ece21c962697a3194c0b6e4b81db54433055ab,BONK,0.49752817
0xb7ece21c962697a3194c0b6e4b81db54433055ab,BLUR,0.506635
0xb7ece21c962697a3194c0b6e4b81db54433055ab,SEI,0.5158289
0xb7ece21c962697a3194c0b6e4b81db54433055ab,ZK,0.52511483
0xb7ece21c962697a3194c0b6e4b81db54433055ab,PEPE,0.5272393
0xb7ece21c962697a3194c0b6e4b81db54433055ab,BERA,0.5140618
0xb7ece21c962697a3194c0b6e4b81db54433055ab,TURBO,0.52366555
0xb7ece21c962697a3194c0b6e4b81db54433055ab,ORDI,0.50766236
0xb7ece21c962697a3194c0b6e4b81db54433055ab,ZRO,0.4270679
0xb7ece21c962697a3194c0b6e4b81db54433055ab,MNT,0.5505765
0xb7ece21c962697a3194c0b6e4b81db54433055ab,LINEA,0.52175915
0xb7ece21c962697a3194c0b6e4b81db54433055ab,PYTH,0.47277752
0xb7ece21c962697a3194c0b6e4b81db54433055ab,MEME,0.4977969
0xb7ece21c962697a3194c0b6e4b81db54433055ab,POL,0.5146684
0xb7ece21c962697a3194c0b6e4b81db54433055ab,JTO,0.49375704
0xb7ece21c962697a3194c0b6e4b81db54433055ab,WIF,0.5264713
0xb7ece21c962697a3194c0b6e4b81db54433055ab,POPCAT,0.5161893
0xb7ece21c962697a3194c0b6e4b81db54433055ab,NOT,0.524477
0xb7ece21c962697a3194c0b6e4b81db54433055ab,DYM,0.43762892
0xb7ece21c962697a3194c0b6e4b81db54433055ab,XAI,0.47343263
0xb7ece21c962697a3194c0b6e4b81db54433055ab,ALT,0.5025159
0xb7ece21c962697a3194c0b6e4b81db54433055ab,JUP,0.50844973
0xb7ece21c962697a3194c0b6e4b81db54433055ab,AERO,0.51246786
0xb7ece21c962697a3194c0b6e4b81db54433055ab,VIRTUAL,0.52778685
0xb7ece21c962697a3194c0b6e4b81db54433055ab,W,0.536493
0xb7ece21c962697a3194c0b6e4b81db54433055ab,BRETT,0.48359135
0xb7ece21c962697a3194c0b6e4b81db54433055ab,ETHFI,0.48813117
0xb7ece21c962697a3194c0b6e4b81db54433055ab,IO,0.50954616
0xb7ece21c962697a3194c0b6e4b81db54433055ab,BOME,0.4463777
0xb7ece21c962697a3194c0b6e4b81db54433055ab,sENA,0.5205848
0xb7ece21c962697a3194c0b6e4b81db54433055ab,TNSR,0.4863915
0xb7ece21c962697a3194c0b6e4b81db54433055ab,EIGEN,0.5196834
0xb7ece21c962697a3194c0b6e4b81db54433055ab,MON,0.5372186
0xb7ece21c962697a3194c0b6e4b81db54433055ab,MERL,0.49404505
0xb7ece21c962697a3194c0b6e4b81db54433055ab,REZ,0.43426946
0xb7ece21c962697a3194c0b6e4b81db54433055ab,SOPH,0.49339256
0xb7ece21c962697a3194c0b6e4b81db54433055ab,HYPE,0.56146604
0xb7ece21c962697a3194c0b6e4b81db54433055ab,ME,0.51003796
0xb7ece21c962697a3194c0b6e4b81db54433055ab,BABY,0.42765537
0xb7ece21c962697a3194c0b6e4b81db54433055ab,MOVE,0.5090044
0xb7ece21c962697a3194c0b6e4b81db54433055ab,NEIRO,0.4301242
0xb7ece21c962697a3194c0b6e4b81db54433055ab,S,0.4900602
0xb7ece21c962697a3194c0b6e4b81db54433055ab,GRASS,0.5046213
0xb7ece21c962697a3194c0b6e4b81db54433055ab,SKY,0.50096464
0xb7ece21c962697a3194c0b6e4b81db54433055ab,INIT,0.5024975
0xb7ece21c962697a3194c0b6e4b81db54433055ab,WCT,0.5289426
0xb7ece21c962697a3194c0b6e4b81db54433055ab,WLFI,0.5157667
0xb7ece21c962697a3194c0b6e4b81db54433055ab,GOAT,0.47736585
0xb7ece21c962697a3194c0b6e4b81db54433055ab,FARTCOIN,0.518685
0xb7ece21c962697a3194c0b6e4b81db54433055ab,PNUT,0.4814746
0xb7ece21c962697a3194c0b6e4b81db54433055ab,SYRUP,0.48331255
0xb7ece21c962697a3194c0b6e4b81db54433055ab,USUAL,0.48681918
0xb7ece21c962697a3194c0b6e4b81db54433055ab,AIXBT,0.4601746
0xb7ece21c962697a3194c0b6e4b81db54433055ab,MORPHO,0.5137127
0xb7ece21c962697a3194c0b6e4b81db54433055ab,PENGU,0.49171206
0xb7ece21c962697a3194c0b6e4b81db54433055ab,GRIFFAIN,0.43137848
0xb7ece21c962697a3194c0b6e4b81db54433055ab,BIO,0.44204256
0xb7ece21c962697a3194c0b6e4b81db54433055ab,ANIME,0.4959773
0xb7ece21c962697a3194c0b6e4b81db54433055ab,TRUMP,0.5660748
0xb7ece21c962697a3194c0b6e4b81db54433055ab,MELANIA,0.5196967
0xb7ece21c962697a3194c0b6e4b81db54433055ab,VINE,0.4880825
0xb7ece21c962697a3194c0b6e4b81db54433055ab,LAYER,0.5266336
0xb7ece21c962697a3194c0b6e4b81db54433055ab,VVV,0.5100368
0xb7ece21c962697a3194c0b6e4b81db54433055ab,IP,0.51803786
0xb7ece21c962697a3194c0b6e4b81db54433055ab,NIL,0.3780307
0xb7ece21c962697a3194c0b6e4b81db54433055ab,KAITO,0.42521656
0xb7ece21c962697a3194c0b6e4b81db54433055ab,ZORA,0.50016505
0xb7ece21c962697a3194c0b6e4b81db54433055ab,HYPER,0.49677584
0xb7ece21c962697a3194c0b6e4b81db54433055ab,ASTER,0.5844271
0xb7ece21c962697a3194c0b6e4b81db54433055ab,PUMP,0.49096286
0xb7ece21c962697a3194c0b6e4b81db54433055ab,XPL,0.52336234
0xb7ece21c962697a3194c0b6e4b81db54433055ab,CC,0.49372548
0xb7ece21c962697a3194c0b6e4b81db54433055ab,PROVE,0.5213483
0xb7ece21c962697a3194c0b6e4b81db54433055ab,HEMI,0.4155842
0xb7ece21c962697a3194c0b6e4b81db54433055ab,AVNT,0.45325303
0xb7ece21c962697a3194c0b6e4b81db54433055ab,0G,0.47177905
0xb7ece21c962697a3194c0b6e4b81db54433055ab,2Z,0.49227864
0xb7ece21c962697a3194c0b6e4b81db54433055ab,LIT,0.46822828
0xbf692d7684d6decc6cfc064247e7d8b52e104121,SKY,0.7194976806640625
0xbf692d7684d6decc6cfc064247e7d8b52e104121,TRX,0.7609100341796875
0xbf692d7684d6decc6cfc064247e7d8b52e104121,XLM,0.4681816101074219
0xbf692d7684d6decc6cfc064247e7d8b52e104121,XMR,0.8433723449707031
0xbf692d7684d6decc6cfc064247e7d8b52e104121,XRP,0.6867599487304688
0xbf692d7684d6decc6cfc064247e7d8b52e104121,ZEC,0.8519096374511719
0xbf692d7684d6decc6cfc064247e7d8b52e104121,BCH,0.7895927429199219
0xbf692d7684d6decc6cfc064247e7d8b52e104121,BTC,1.0
0xbf692d7684d6decc6cfc064247e7d8b52e104121,DOGE,0.5533370971679688
0xbf692d7684d6decc6cfc064247e7d8b52e104121,ETC,0.5598487854003906
0xbf692d7684d6decc6cfc064247e7d8b52e104121,LTC,0.8405113220214844
0xbf692d7684d6decc6cfc064247e7d8b52e104121,ETH,0.8765335083007812
0xbf692d7684d6decc6cfc064247e7d8b52e104121,ADA,0.3577537536621094
0xbf692d7684d6decc6cfc064247e7d8b52e104121,LINK,0.6133842468261719
0xbf692d7684d6decc6cfc064247e7d8b52e104121,S,0.0338706970214843
0xbf692d7684d6decc6cfc064247e7d8b52e104121,ATOM,0.4201431274414062
0xbf692d7684d6decc6cfc064247e7d8b52e104121,SNX,0.2926979064941406
0xbf692d7684d6decc6cfc064247e7d8b52e104121,RSR,0.2314262390136718
0xbf692d7684d6decc6cfc064247e7d8b52e104121,ALGO,0.4302406311035156
0xbf692d7684d6decc6cfc064247e7d8b52e104121,RUNE,0.4473991394042969
0xbf692d7684d6decc6cfc064247e7d8b52e104121,TRB,0.5190925598144531
0xbf692d7684d6decc6cfc064247e7d8b52e104121,SOL,0.7851142883300781
0xbf692d7684d6decc6cfc064247e7d8b52e104121,UMA,0.4460182189941406
0xbf692d7684d6decc6cfc064247e7d8b52e104121,PAXG,0.9311981201171876
0xbf692d7684d6decc6cfc064247e7d8b52e104121,COMP,0.5745468139648438
0xbf692d7684d6decc6cfc064247e7d8b52e104121,AVAX,0.5032577514648438
0xbf692d7684d6decc6cfc064247e7d8b52e104121,SAND,0.2941513061523437
0xbf692d7684d6decc6cfc064247e7d8b52e104121,CRV,0.4959907531738281
0xbf692d7684d6decc6cfc064247e7d8b52e104121,LAYER,0.2373771667480468
0xbf692d7684d6decc6cfc064247e7d8b52e104121,DOT,0.2457427978515625
0xbf692d7684d6decc6cfc064247e7d8b52e104121,SUSHI,0.4355010986328125
0xbf692d7684d6decc6cfc064247e7d8b52e104121,UNI,0.5560722351074219
0xbf692d7684d6decc6cfc064247e7d8b52e104121,AAVE,0.6987838745117188
0xbf692d7684d6decc6cfc064247e7d8b52e104121,NEAR,0.4046669006347656
0xbf692d7684d6decc6cfc064247e7d8b52e104121,FIL,0.4815521240234375
0xbf692d7684d6decc6cfc064247e7d8b52e104121,AXS,0.3269691467285156
0xbf692d7684d6decc6cfc064247e7d8b52e104121,INJ,0.3508834838867187
0xbf692d7684d6decc6cfc064247e7d8b52e104121,ZORA,0.1750411987304687
0xbf692d7684d6decc6cfc064247e7d8b52e104121,CELO,0.3448295593261719
0xbf692d7684d6decc6cfc064247e7d8b52e104121,LIT,0.7009010314941406
0xbf692d7684d6decc6cfc064247e7d8b52e104121,SHIB,0.4374771118164062
0xbf692d7684d6decc6cfc064247e7d8b52e104121,ICP,0.4228897094726562
0xbf692d7684d6decc6cfc064247e7d8b52e104121,RENDER,0.4546546936035156
0xbf692d7684d6decc6cfc064247e7d8b52e104121,LDO,0.3050765991210937
0xbf692d7684d6decc6cfc064247e7d8b52e104121,GALA,0.3095779418945312
0xbf692d7684d6decc6cfc064247e7d8b52e104121,FET,0.2454147338867187
0xbf692d7684d6decc6cfc064247e7d8b52e104121,ENS,0.3971061706542969
0xbf692d7684d6decc6cfc064247e7d8b52e104121,IMX,0.3127593994140625
0xbf692d7684d6decc6cfc064247e7d8b52e104121,PEOPLE,0.25653076171875
0xbf692d7684d6decc6cfc064247e7d8b52e104121,GMT,0.1195449829101562
0xbf692d7684d6decc6cfc064247e7d8b52e104121,FLOKI,0.2646865844726562
0xbf692d7684d6decc6cfc064247e7d8b52e104121,POL,0.3564872741699219
0xbf692d7684d6decc6cfc064247e7d8b52e104121,APE,0.2554092407226562
0xbf692d7684d6decc6cfc064247e7d8b52e104121,GMX,0.4442253112792969
0xbf692d7684d6decc6cfc064247e7d8b52e104121,BLUR,0.2724075317382812
0xbf692d7684d6decc6cfc064247e7d8b52e104121,PENDLE,0.6378898620605469
0xbf692d7684d6decc6cfc064247e7d8b52e104121,MINA,0.2758865356445312
0xbf692d7684d6decc6cfc064247e7d8b52e104121,LUNC,0.5420989990234375
0xbf692d7684d6decc6cfc064247e7d8b52e104121,MEME,0.1615180969238281
0xbf692d7684d6decc6cfc064247e7d8b52e104121,OP,0.3778343200683594
0xbf692d7684d6decc6cfc064247e7d8b52e104121,ZEN,0.3001594543457031
0xbf692d7684d6decc6cfc064247e7d8b52e104121,STRK,0.2945365905761719
0xbf692d7684d6decc6cfc064247e7d8b52e104121,STX,0.2546920776367187
0xbf692d7684d6decc6cfc064247e7d8b52e104121,CFX,0.3886985778808594
0xbf692d7684d6decc6cfc064247e7d8b52e104121,CAKE,0.6247520446777344
0xbf692d7684d6decc6cfc064247e7d8b52e104121,DASH,0.4600410461425781
0xbf692d7684d6decc6cfc064247e7d8b52e104121,BSV,0.5303611755371094
0xbf692d7684d6decc6cfc064247e7d8b52e104121,AR,0.2904510498046875
0xbf692d7684d6decc6cfc064247e7d8b52e104121,APT,0.3459854125976562
0xbf692d7684d6decc6cfc064247e7d8b52e104121,ALT,0.2795791625976562
0xbf692d7684d6decc6cfc064247e7d8b52e104121,BNB,0.9443359375
0xbf692d7684d6decc6cfc064247e7d8b52e104121,BONK,0.2402992248535156
0xbf692d7684d6decc6cfc064247e7d8b52e104121,BABY,0.1835365295410156
0xbf692d7684d6decc6cfc064247e7d8b52e104121,HBAR,0.4303932189941406
0xbf692d7684d6decc6cfc064247e7d8b52e104121,KAS,0.2988700866699219
0xbf692d7684d6decc6cfc064247e7d8b52e104121,PEPE,0.3849372863769531
0xbf692d7684d6decc6cfc064247e7d8b52e104121,ORDI,0.3576431274414062
0xbf692d7684d6decc6cfc064247e7d8b52e104121,SUI,0.5920753479003906
0xbf692d7684d6decc6cfc064247e7d8b52e104121,MNT,0.4631767272949219
0xbf692d7684d6decc6cfc064247e7d8b52e104121,IOTA,0.3271751403808594
0xbf692d7684d6decc6cfc064247e7d8b52e104121,TURBO,0.2400703430175781
0xbf692d7684d6decc6cfc064247e7d8b52e104121,TIA,0.3127593994140625
0xbf692d7684d6decc6cfc064247e7d8b52e104121,SEI,0.2758865356445312
0xbf692d7684d6decc6cfc064247e7d8b52e104121,TAO,0.5063858032226562
0xbf692d7684d6decc6cfc064247e7d8b52e104121,JTO,0.2950668334960937
0xbf692d7684d6decc6cfc064247e7d8b52e104121,PYTH,0.34063720703125
0xbf692d7684d6decc6cfc064247e7d8b52e104121,MANTA,0.3590927124023437
0xbf692d7684d6decc6cfc064247e7d8b52e104121,ONDO,0.427001953125
0xbf692d7684d6decc6cfc064247e7d8b52e104121,WIF,0.2901458740234375
0xbf692d7684d6decc6cfc064247e7d8b52e104121,XAI,0.1374664306640625
0xbf692d7684d6decc6cfc064247e7d8b52e104121,ZETA,0.2681236267089844
0xbf692d7684d6decc6cfc064247e7d8b52e104121,JUP,0.3953628540039062
0xbf692d7684d6decc6cfc064247e7d8b52e104121,DYM,0.16644287109375
0xbf692d7684d6decc6cfc064247e7d8b52e104121,TRUMP,0.2308387756347656
0xbf692d7684d6decc6cfc064247e7d8b52e104121,APEX,0.2297897338867187
0xbf692d7684d6decc6cfc064247e7d8b52e104121,ARB,0.3102951049804687
0xbf692d7684d6decc6cfc064247e7d8b52e104121,BOME,0.1456375122070312
0xbf692d7684d6decc6cfc064247e7d8b52e104121,HYPER,0.2760505676269531
0xbf692d7684d6decc6cfc064247e7d8b52e104121,ETHFI,0.387847900390625
0xbf692d7684d6decc6cfc064247e7d8b52e104121,BRETT,0.2925071716308594
0xbf692d7684d6decc6cfc064247e7d8b52e104121,W,0.1665878295898437
0xbf692d7684d6decc6cfc064247e7d8b52e104121,GOAT,0.1168212890625
0xbf692d7684d6decc6cfc064247e7d8b52e104121,POPCAT,0.2926979064941406
0xbf692d7684d6decc6cfc064247e7d8b52e104121,MERL,0.3359947204589844
0xbf692d7684d6decc6cfc064247e7d8b52e104121,ZK,0.296173095703125
0xbf692d7684d6decc6cfc064247e7d8b52e104121,TNSR,0.2314567565917968
0xbf692d7684d6decc6cfc064247e7d8b52e104121,AERO,0.3477897644042969
0xbf692d7684d6decc6cfc064247e7d8b52e104121,REZ,0.2116241455078125
0xbf692d7684d6decc6cfc064247e7d8b52e104121,NOT,0.2454147338867187
0xbf692d7684d6decc6cfc064247e7d8b52e104121,MON,0.2701301574707031
0xbf692d7684d6decc6cfc064247e7d8b52e104121,VIRTUAL,0.5958976745605469
0xbf692d7684d6decc6cfc064247e7d8b52e104121,IO,0.2364540100097656
0xbf692d7684d6decc6cfc064247e7d8b52e104121,ZRO,0.2772369384765625
0xbf692d7684d6decc6cfc064247e7d8b52e104121,WLD,0.2963294982910156
0xbf692d7684d6decc6cfc064247e7d8b52e104121,NEIRO,0.180450439453125
0xbf692d7684d6decc6cfc064247e7d8b52e104121,EIGEN,0.2373771667480468
0xbf692d7684d6decc6cfc064247e7d8b52e104121,MOVE,0.0
0xbf692d7684d6decc6cfc064247e7d8b52e104121,FARTCOIN,0.2936630249023437
0xbf692d7684d6decc6cfc064247e7d8b52e104121,GRASS,0.2272720336914062
0xbf692d7684d6decc6cfc064247e7d8b52e104121,PNUT,0.2244911193847656
0xbf692d7684d6decc6cfc064247e7d8b52e104121,USUAL,0.0861625671386718
0xbf692d7684d6decc6cfc064247e7d8b52e104121,MORPHO,0.7957534790039062
0xbf692d7684d6decc6cfc064247e7d8b52e104121,AIXBT,0.2471084594726562
0xbf692d7684d6decc6cfc064247e7d8b52e104121,HYPE,0.8784866333007812
0xbf692d7684d6decc6cfc064247e7d8b52e104121,ME,0.2186126708984375
0xbf692d7684d6decc6cfc064247e7d8b52e104121,PENGU,0.3604583740234375
0xbf692d7684d6decc6cfc064247e7d8b52e104121,sENA,0.2565460205078125
0xbf692d7684d6decc6cfc064247e7d8b52e104121,BIO,0.1845436096191406
0xbf692d7684d6decc6cfc064247e7d8b52e104121,GRIFFAIN,0.14935302734375
0xbf692d7684d6decc6cfc064247e7d8b52e104121,MELANIA,0.2565994262695312
0xbf692d7684d6decc6cfc064247e7d8b52e104121,VINE,0.2929878234863281
0xbf692d7684d6decc6cfc064247e7d8b52e104121,ANIME,0.2896995544433594
0xbf692d7684d6decc6cfc064247e7d8b52e104121,VVV,0.4996299743652344
0xbf692d7684d6decc6cfc064247e7d8b52e104121,SYRUP,0.5171890258789062
0xbf692d7684d6decc6cfc064247e7d8b52e104121,BERA,0.188934326171875
0xbf692d7684d6decc6cfc064247e7d8b52e104121,IP,0.0498504638671875
0xbf692d7684d6decc6cfc064247e7d8b52e104121,KAITO,0.4047279357910156
0xbf692d7684d6decc6cfc064247e7d8b52e104121,NIL,0.1837577819824218
0xbf692d7684d6decc6cfc064247e7d8b52e104121,WCT,0.2758865356445312
0xbf692d7684d6decc6cfc064247e7d8b52e104121,PUMP,0.516448974609375
0xbf692d7684d6decc6cfc064247e7d8b52e104121,INIT,0.2569847106933594
0xbf692d7684d6decc6cfc064247e7d8b52e104121,SOPH,0.292205810546875
0xbf692d7684d6decc6cfc064247e7d8b52e104121,PROVE,0.2425537109375
0xbf692d7684d6decc6cfc064247e7d8b52e104121,WLFI,0.3680496215820312
0xbf692d7684d6decc6cfc064247e7d8b52e104121,0G,0.1722068786621093
0xbf692d7684d6decc6cfc064247e7d8b52e104121,ASTER,0.7614097595214844
0xbf692d7684d6decc6cfc064247e7d8b52e104121,AVNT,0.1581649780273437
0xbf692d7684d6decc6cfc064247e7d8b52e104121,LINEA,0.296173095703125
0xbf692d7684d6decc6cfc064247e7d8b52e104121,HEMI,0.2116241455078125
0xbf692d7684d6decc6cfc064247e7d8b52e104121,XPL,0.2565994262695312
0xbf692d7684d6decc6cfc064247e7d8b52e104121,2Z,0.2918167114257812
0xbf692d7684d6decc6cfc064247e7d8b52e104121,CC,0.130584716796875
0xc1d8e22cfb4d0ca7326057f027570abd2f732d00,SKY,0.7462012767791748
0xc1d8e22cfb4d0ca7326057f027570abd2f732d00,TRX,0.9382991790771484
0xc1d8e22cfb4d0ca7326057f027570abd2f732d00,XLM,0.8057248592376709
0xc1d8e22cfb4d0ca7326057f027570abd2f732d00,XMR,0.6917247772216797
0xc1d8e22cfb4d0ca7326057f027570abd2f732d00,XRP,0.82991623878479
0xc1d8e22cfb4d0ca7326057f027570abd2f732d00,ZEC,0.8939595222473145
0xc1d8e22cfb4d0ca7326057f027570abd2f732d00,BCH,0.8638629913330078
0xc1d8e22cfb4d0ca7326057f027570abd2f732d00,BTC,0.870142936706543
0xc1d8e22cfb4d0ca7326057f027570abd2f732d00,DOGE,0.8102974891662598
0xc1d8e22cfb4d0ca7326057f027570abd2f732d00,ETC,0.7703123092651367
0xc1d8e22cfb4d0ca7326057f027570abd2f732d00,LTC,0.8343949317932129
0xc1d8e22cfb4d0ca7326057f027570abd2f732d00,ETH,0.9359354972839355
0xc1d8e22cfb4d0ca7326057f027570abd2f732d00,ADA,0.6210939884185791
0xc1d8e22cfb4d0ca7326057f027570abd2f732d00,LINK,0.7806558609008789
0xc1d8e22cfb4d0ca7326057f027570abd2f732d00,S,0.3626317977905273
0xc1d8e22cfb4d0ca7326057f027570abd2f732d00,ATOM,0.733884334564209
0xc1d8e22cfb4d0ca7326057f027570abd2f732d00,SNX,0.6117119789123535
0xc1d8e22cfb4d0ca7326057f027570abd2f732d00,RSR,0.6005842685699463
0xc1d8e22cfb4d0ca7326057f027570abd2f732d00,ALGO,0.7349700927734375
0xc1d8e22cfb4d0ca7326057f027570abd2f732d00,RUNE,0.7195367813110352
0xc1d8e22cfb4d0ca7326057f027570abd2f732d00,TRB,0.7637174129486084
0xc1d8e22cfb4d0ca7326057f027570abd2f732d00,SOL,0.9434094429016112
0xc1d8e22cfb4d0ca7326057f027570abd2f732d00,UMA,0.7524957656860352
0xc1d8e22cfb4d0ca7326057f027570abd2f732d00,PAXG,0.9930667877197266
0xc1d8e22cfb4d0ca7326057f027570abd2f732d00,COMP,0.7460293769836426
0xc1d8e22cfb4d0ca7326057f027570abd2f732d00,AVAX,0.7585234642028809
0xc1d8e22cfb4d0ca7326057f027570abd2f732d00,SAND,0.6168763637542725
0xc1d8e22cfb4d0ca7326057f027570abd2f732d00,CRV,0.6535212993621826
0xc1d8e22cfb4d0ca7326057f027570abd2f732d00,LAYER,0.561237096786499
0xc1d8e22cfb4d0ca7326057f027570abd2f732d00,DOT,0.6285281181335449
0xc1d8e22cfb4d0ca7326057f027570abd2f732d00,SUSHI,0.5820140838623047
0xc1d8e22cfb4d0ca7326057f027570abd2f732d00,UNI,0.6645228862762451
0xc1d8e22cfb4d0ca7326057f027570abd2f732d00,AAVE,0.8696193695068359
0xc1d8e22cfb4d0ca7326057f027570abd2f732d00,NEAR,0.6166725158691406
0xc1d8e22cfb4d0ca7326057f027570abd2f732d00,FIL,0.760789155960083
0xc1d8e22cfb4d0ca7326057f027570abd2f732d00,AXS,0.5727403163909912
0xc1d8e22cfb4d0ca7326057f027570abd2f732d00,INJ,0.6625041961669922
0xc1d8e22cfb4d0ca7326057f027570abd2f732d00,ZORA,0.5268237590789795
0xc1d8e22cfb4d0ca7326057f027570abd2f732d00,CELO,0.6309969425201416
0xc1d8e22cfb4d0ca7326057f027570abd2f732d00,LIT,0.7484898567199707
0xc1d8e22cfb4d0ca7326057f027570abd2f732d00,SHIB,0.6321303844451904
0xc1d8e22cfb4d0ca7326057f027570abd2f732d00,ICP,0.6660704612731934
0xc1d8e22cfb4d0ca7326057f027570abd2f732d00,RENDER,0.7307252883911133
0xc1d8e22cfb4d0ca7326057f027570abd2f732d00,LDO,0.5676224231719971
0xc1d8e22cfb4d0ca7326057f027570abd2f732d00,GALA,0.6051466464996338
0xc1d8e22cfb4d0ca7326057f027570abd2f732d00,FET,0.5041561126708984
0xc1d8e22cfb4d0ca7326057f027570abd2f732d00,ENS,0.6558730602264404
0xc1d8e22cfb4d0ca7326057f027570abd2f732d00,IMX,0.6165237426757812
0xc1d8e22cfb4d0ca7326057f027570abd2f732d00,PEOPLE,0.2510645389556885
0xc1d8e22cfb4d0ca7326057f027570abd2f732d00,GMT,0.54862380027771
0xc1d8e22cfb4d0ca7326057f027570abd2f732d00,FLOKI,0.6009953022003174
0xc1d8e22cfb4d0ca7326057f027570abd2f732d00,POL,0.6362917423248291
0xc1d8e22cfb4d0ca7326057f027570abd2f732d00,APE,0.559849739074707
0xc1d8e22cfb4d0ca7326057f027570abd2f732d00,GMX,0.7014365196228027
0xc1d8e22cfb4d0ca7326057f027570abd2f732d00,BLUR,0.626333475112915
0xc1d8e22cfb4d0ca7326057f027570abd2f732d00,PENDLE,0.7645604610443115
0xc1d8e22cfb4d0ca7326057f027570abd2f732d00,MINA,0.5731875896453857
0xc1d8e22cfb4d0ca7326057f027570abd2f732d00,LUNC,0.7514033317565918
0xc1d8e22cfb4d0ca7326057f027570abd2f732d00,MEME,0.4418480396270752
0xc1d8e22cfb4d0ca7326057f027570abd2f732d00,OP,0.7545666694641113
0xc1d8e22cfb4d0ca7326057f027570abd2f732d00,ZEN,0.6358435153961182
0xc1d8e22cfb4d0ca7326057f027570abd2f732d00,STRK,0.5676722526550293
0xc1d8e22cfb4d0ca7326057f027570abd2f732d00,STX,0.5814504623413086
0xc1d8e22cfb4d0ca7326057f027570abd2f732d00,CFX,0.6629149913787842
0xc1d8e22cfb4d0ca7326057f027570abd2f732d00,CAKE,0.871119499206543
0xc1d8e22cfb4d0ca7326057f027570abd2f732d00,DASH,0.7633938789367676
0xc1d8e22cfb4d0ca7326057f027570abd2f732d00,BSV,0.6580700874328613
0xc1d8e22cfb4d0ca7326057f027570abd2f732d00,AR,0.6003186702728271
0xc1d8e22cfb4d0ca7326057f027570abd2f732d00,APT,0.6824314594268799
0xc1d8e22cfb4d0ca7326057f027570abd2f732d00,ALT,0.5572583675384521
0xc1d8e22cfb4d0ca7326057f027570abd2f732d00,BNB,1.0
0xc1d8e22cfb4d0ca7326057f027570abd2f732d00,BONK,0.6059274673461914
0xc1d8e22cfb4d0ca7326057f027570abd2f732d00,BABY,0.4365041255950928
0xc1d8e22cfb4d0ca7326057f027570abd2f732d00,HBAR,0.7549190521240234
0xc1d8e22cfb4d0ca7326057f027570abd2f732d00,KAS,0.5884099006652832
0xc1d8e22cfb4d0ca7326057f027570abd2f732d00,PEPE,0.6389553546905518
0xc1d8e22cfb4d0ca7326057f027570abd2f732d00,ORDI,0.5049693584442139
0xc1d8e22cfb4d0ca7326057f027570abd2f732d00,SUI,0.7923455238342285
0xc1d8e22cfb4d0ca7326057f027570abd2f732d00,MNT,0.681490421295166
0xc1d8e22cfb4d0ca7326057f027570abd2f732d00,IOTA,0.5532398223876953
0xc1d8e22cfb4d0ca7326057f027570abd2f732d00,TURBO,0.4974040985107422
0xc1d8e22cfb4d0ca7326057f027570abd2f732d00,TIA,0.5748410224914551
0xc1d8e22cfb4d0ca7326057f027570abd2f732d00,SEI,0.5657360553741455
0xc1d8e22cfb4d0ca7326057f027570abd2f732d00,TAO,0.7265400886535645
0xc1d8e22cfb4d0ca7326057f027570abd2f732d00,JTO,0.5762357711791992
0xc1d8e22cfb4d0ca7326057f027570abd2f732d00,PYTH,0.6143593788146973
0xc1d8e22cfb4d0ca7326057f027570abd2f732d00,MANTA,0.6128544807434082
0xc1d8e22cfb4d0ca7326057f027570abd2f732d00,ONDO,0.6720690727233887
0xc1d8e22cfb4d0ca7326057f027570abd2f732d00,WIF,0.6257011890411377
0xc1d8e22cfb4d0ca7326057f027570abd2f732d00,XAI,0.0750260353088378
0xc1d8e22cfb4d0ca7326057f027570abd2f732d00,ZETA,0.6698851585388184
0xc1d8e22cfb4d0ca7326057f027570abd2f732d00,JUP,0.7149102687835693
0xc1d8e22cfb4d0ca7326057f027570abd2f732d00,DYM,0.2125637531280517
0xc1d8e22cfb4d0ca7326057f027570abd2f732d00,TRUMP,0.5733916759490967
0xc1d8e22cfb4d0ca7326057f027570abd2f732d00,APEX,0.5171377658843994
0xc1d8e22cfb4d0ca7326057f027570abd2f732d00,ARB,0.6413030624389648
0xc1d8e22cfb4d0ca7326057f027570abd2f732d00,BOME,0.0
0xc1d8e22cfb4d0ca7326057f027570abd2f732d00,HYPER,0.5198609828948975
0xc1d8e22cfb4d0ca7326057f027570abd2f732d00,ETHFI,0.7236850261688232
0xc1d8e22cfb4d0ca7326057f027570abd2f732d00,BRETT,0.4867472648620605
0xc1d8e22cfb4d0ca7326057f027570abd2f732d00,W,0.5342426300048828
0xc1d8e22cfb4d0ca7326057f027570abd2f732d00,GOAT,0.3910994529724121
0xc1d8e22cfb4d0ca7326057f027570abd2f732d00,POPCAT,0.4967479705810547
0xc1d8e22cfb4d0ca7326057f027570abd2f732d00,MERL,0.5043563842773438
0xc1d8e22cfb4d0ca7326057f027570abd2f732d00,ZK,0.6075541973114014
0xc1d8e22cfb4d0ca7326057f027570abd2f732d00,TNSR,0.5071210861206055
0xc1d8e22cfb4d0ca7326057f027570abd2f732d00,AERO,0.6383302211761475
0xc1d8e22cfb4d0ca7326057f027570abd2f732d00,REZ,0.2730498313903808
0xc1d8e22cfb4d0ca7326057f027570abd2f732d00,NOT,0.4984407424926758
0xc1d8e22cfb4d0ca7326057f027570abd2f732d00,MON,0.5808703899383545
0xc1d8e22cfb4d0ca7326057f027570abd2f732d00,VIRTUAL,0.7169308662414551
0xc1d8e22cfb4d0ca7326057f027570abd2f732d00,IO,0.5736987590789795
0xc1d8e22cfb4d0ca7326057f027570abd2f732d00,ZRO,0.5642457008361816
0xc1d8e22cfb4d0ca7326057f027570abd2f732d00,WLD,0.5370810031890869
0xc1d8e22cfb4d0ca7326057f027570abd2f732d00,NEIRO,0.2680704593658447
0xc1d8e22cfb4d0ca7326057f027570abd2f732d00,EIGEN,0.4580414295196533
0xc1d8e22cfb4d0ca7326057f027570abd2f732d00,MOVE,0.4148190021514892
0xc1d8e22cfb4d0ca7326057f027570abd2f732d00,FARTCOIN,0.5696072578430176
0xc1d8e22cfb4d0ca7326057f027570abd2f732d00,GRASS,0.5027923583984375
0xc1d8e22cfb4d0ca7326057f027570abd2f732d00,PNUT,0.4581232070922851
0xc1d8e22cfb4d0ca7326057f027570abd2f732d00,USUAL,0.3222956657409668
0xc1d8e22cfb4d0ca7326057f027570abd2f732d00,MORPHO,0.8191177845001221
0xc1d8e22cfb4d0ca7326057f027570abd2f732d00,AIXBT,0.4073524475097656
0xc1d8e22cfb4d0ca7326057f027570abd2f732d00,HYPE,0.8872017860412598
0xc1d8e22cfb4d0ca7326057f027570abd2f732d00,ME,0.5521035194396973
0xc1d8e22cfb4d0ca7326057f027570abd2f732d00,PENGU,0.6032609939575195
0xc1d8e22cfb4d0ca7326057f027570abd2f732d00,sENA,0.478057861328125
0xc1d8e22cfb4d0ca7326057f027570abd2f732d00,BIO,0.3553309440612793
0xc1d8e22cfb4d0ca7326057f027570abd2f732d00,GRIFFAIN,0.1791987419128418
0xc1d8e22cfb4d0ca7326057f027570abd2f732d00,MELANIA,0.5909178256988525
0xc1d8e22cfb4d0ca7326057f027570abd2f732d00,VINE,0.5802233219146729
0xc1d8e22cfb4d0ca7326057f027570abd2f732d00,ANIME,0.6013062000274658
0xc1d8e22cfb4d0ca7326057f027570abd2f732d00,VVV,0.6449644565582275
0xc1d8e22cfb4d0ca7326057f027570abd2f732d00,SYRUP,0.7095751762390137
0xc1d8e22cfb4d0ca7326057f027570abd2f732d00,BERA,0.4673199653625488
0xc1d8e22cfb4d0ca7326057f027570abd2f732d00,IP,0.4564743041992187
0xc1d8e22cfb4d0ca7326057f027570abd2f732d00,KAITO,0.5937061309814453
0xc1d8e22cfb4d0ca7326057f027570abd2f732d00,NIL,0.2371008396148681
0xc1d8e22cfb4d0ca7326057f027570abd2f732d00,WCT,0.5662758350372314
0xc1d8e22cfb4d0ca7326057f027570abd2f732d00,PUMP,0.587597131729126
0xc1d8e22cfb4d0ca7326057f027570abd2f732d00,INIT,0.481349229812622
0xc1d8e22cfb4d0ca7326057f027570abd2f732d00,SOPH,0.5764460563659668
0xc1d8e22cfb4d0ca7326057f027570abd2f732d00,PROVE,0.5479655265808105
0xc1d8e22cfb4d0ca7326057f027570abd2f732d00,WLFI,0.6811418533325195
0xc1d8e22cfb4d0ca7326057f027570abd2f732d00,0G,0.3163878917694092
0xc1d8e22cfb4d0ca7326057f027570abd2f732d00,ASTER,0.8089258670806885
0xc1d8e22cfb4d0ca7326057f027570abd2f732d00,AVNT,0.3454306125640869
0xc1d8e22cfb4d0ca7326057f027570abd2f732d00,LINEA,0.5953452587127686
0xc1d8e22cfb4d0ca7326057f027570abd2f732d00,HEMI,0.284989595413208
0xc1d8e22cfb4d0ca7326057f027570abd2f732d00,XPL,0.5631799697875977
0xc1d8e22cfb4d0ca7326057f027570abd2f732d00,2Z,0.6384944915771484
0xc1d8e22cfb4d0ca7326057f027570abd2f732d00,CC,0.4749548435211181
0xcbe37e37bb9ac19e87e6e495303fab60c3111529,BTC,0.5069769
0xcbe37e37bb9ac19e87e6e495303fab60c3111529,LTC,0.60861665
0xcbe37e37bb9ac19e87e6e495303fab60c3111529,XRP,0.5971583
0xcbe37e37bb9ac19e87e6e495303fab60c3111529,DOGE,0.57976025
0xcbe37e37bb9ac19e87e6e495303fab60c3111529,DASH,0.5697457
0xcbe37e37bb9ac19e87e6e495303fab60c3111529,XMR,0.60232115
0xcbe37e37bb9ac19e87e6e495303fab60c3111529,XLM,0.4646983
0xcbe37e37bb9ac19e87e6e495303fab60c3111529,ETH,0.53722054
0xcbe37e37bb9ac19e87e6e495303fab60c3111529,ETC,0.4535282
0xcbe37e37bb9ac19e87e6e495303fab60c3111529,ZEC,0.4883004
0xcbe37e37bb9ac19e87e6e495303fab60c3111529,ZEN,0.56872237
0xcbe37e37bb9ac19e87e6e495303fab60c3111529,IOTA,0.48222125
0xcbe37e37bb9ac19e87e6e495303fab60c3111529,BCH,0.41373357
0xcbe37e37bb9ac19e87e6e495303fab60c3111529,BNB,0.54478866
0xcbe37e37bb9ac19e87e6e495303fab60c3111529,TRX,0.57159925
0xcbe37e37bb9ac19e87e6e495303fab60c3111529,LINK,0.543449
0xcbe37e37bb9ac19e87e6e495303fab60c3111529,ADA,0.59211147
0xcbe37e37bb9ac19e87e6e495303fab60c3111529,FIL,0.52148545
0xcbe37e37bb9ac19e87e6e495303fab60c3111529,SNX,0.51934165
0xcbe37e37bb9ac19e87e6e495303fab60c3111529,BSV,0.4989147
0xcbe37e37bb9ac19e87e6e495303fab60c3111529,FET,0.5240499
0xcbe37e37bb9ac19e87e6e495303fab60c3111529,ATOM,0.49886364
0xcbe37e37bb9ac19e87e6e495303fab60c3111529,RSR,0.45189285
0xcbe37e37bb9ac19e87e6e495303fab60c3111529,ALGO,0.5746567
0xcbe37e37bb9ac19e87e6e495303fab60c3111529,RUNE,0.5243261
0xcbe37e37bb9ac19e87e6e495303fab60c3111529,LUNC,0.53215754
0xcbe37e37bb9ac19e87e6e495303fab60c3111529,HBAR,0.5188076
0xcbe37e37bb9ac19e87e6e495303fab60c3111529,PAXG,0.58711064
0xcbe37e37bb9ac19e87e6e495303fab60c3111529,STX,0.48971838
0xcbe37e37bb9ac19e87e6e495303fab60c3111529,TRB,0.51335037
0xcbe37e37bb9ac19e87e6e495303fab60c3111529,SOL,0.6177313
0xcbe37e37bb9ac19e87e6e495303fab60c3111529,CELO,0.5098399
0xcbe37e37bb9ac19e87e6e495303fab60c3111529,UMA,0.5475812
0xcbe37e37bb9ac19e87e6e495303fab60c3111529,AR,0.5734903
0xcbe37e37bb9ac19e87e6e495303fab60c3111529,RENDER,0.5338274
0xcbe37e37bb9ac19e87e6e495303fab60c3111529,COMP,0.51169395
0xcbe37e37bb9ac19e87e6e495303fab60c3111529,AVAX,0.53578293
0xcbe37e37bb9ac19e87e6e495303fab60c3111529,SHIB,0.51053476
0xcbe37e37bb9ac19e87e6e495303fab60c3111529,SAND,0.553419
0xcbe37e37bb9ac19e87e6e495303fab60c3111529,NEAR,0.60448486
0xcbe37e37bb9ac19e87e6e495303fab60c3111529,CRV,0.512351
0xcbe37e37bb9ac19e87e6e495303fab60c3111529,DOT,0.53296065
0xcbe37e37bb9ac19e87e6e495303fab60c3111529,SUSHI,0.46453997
0xcbe37e37bb9ac19e87e6e495303fab60c3111529,AXS,0.5441002
0xcbe37e37bb9ac19e87e6e495303fab60c3111529,GALA,0.5116866
0xcbe37e37bb9ac19e87e6e495303fab60c3111529,UNI,0.45538965
0xcbe37e37bb9ac19e87e6e495303fab60c3111529,CAKE,0.5584912
0xcbe37e37bb9ac19e87e6e495303fab60c3111529,INJ,0.5255409
0xcbe37e37bb9ac19e87e6e495303fab60c3111529,AAVE,0.4357605
0xcbe37e37bb9ac19e87e6e495303fab60c3111529,CFX,0.5203777
0xcbe37e37bb9ac19e87e6e495303fab60c3111529,LDO,0.49348143
0xcbe37e37bb9ac19e87e6e495303fab60c3111529,MINA,0.4916826
0xcbe37e37bb9ac19e87e6e495303fab60c3111529,ICP,0.54108775
0xcbe37e37bb9ac19e87e6e495303fab60c3111529,PENDLE,0.5444407
0xcbe37e37bb9ac19e87e6e495303fab60c3111529,IMX,0.5519749
0xcbe37e37bb9ac19e87e6e495303fab60c3111529,FLOKI,0.49359462
0xcbe37e37bb9ac19e87e6e495303fab60c3111529,OP,0.4983093
0xcbe37e37bb9ac19e87e6e495303fab60c3111529,ARB,0.5189251
0xcbe37e37bb9ac19e87e6e495303fab60c3111529,GMX,0.49038777
0xcbe37e37bb9ac19e87e6e495303fab60c3111529,WLD,0.5438338
0xcbe37e37bb9ac19e87e6e495303fab60c3111529,MANTA,0.4869138
0xcbe37e37bb9ac19e87e6e495303fab60c3111529,ENS,0.5046454
0xcbe37e37bb9ac19e87e6e495303fab60c3111529,PEOPLE,0.59172386
0xcbe37e37bb9ac19e87e6e495303fab60c3111529,GMT,0.42973566
0xcbe37e37bb9ac19e87e6e495303fab60c3111529,APE,0.5559012
0xcbe37e37bb9ac19e87e6e495303fab60c3111529,APEX,0.6508928
0xcbe37e37bb9ac19e87e6e495303fab60c3111529,KAS,0.50425863
0xcbe37e37bb9ac19e87e6e495303fab60c3111529,SUI,0.55426115
0xcbe37e37bb9ac19e87e6e495303fab60c3111529,ONDO,0.44735575
0xcbe37e37bb9ac19e87e6e495303fab60c3111529,ZETA,0.53810054
0xcbe37e37bb9ac19e87e6e495303fab60c3111529,APT,0.50025916
0xcbe37e37bb9ac19e87e6e495303fab60c3111529,STRK,0.5581017
0xcbe37e37bb9ac19e87e6e495303fab60c3111529,TIA,0.49686354
0xcbe37e37bb9ac19e87e6e495303fab60c3111529,TAO,0.51814705
0xcbe37e37bb9ac19e87e6e495303fab60c3111529,BONK,0.49176925
0xcbe37e37bb9ac19e87e6e495303fab60c3111529,BLUR,0.48532954
0xcbe37e37bb9ac19e87e6e495303fab60c3111529,SEI,0.55904853
0xcbe37e37bb9ac19e87e6e495303fab60c3111529,ZK,0.5225427
0xcbe37e37bb9ac19e87e6e495303fab60c3111529,PEPE,0.49820608
0xcbe37e37bb9ac19e87e6e495303fab60c3111529,BERA,0.5116883
0xcbe37e37bb9ac19e87e6e495303fab60c3111529,TURBO,0.48711663
0xcbe37e37bb9ac19e87e6e495303fab60c3111529,ORDI,0.5241605
0xcbe37e37bb9ac19e87e6e495303fab60c3111529,ZRO,0.48815176
0xcbe37e37bb9ac19e87e6e495303fab60c3111529,MNT,0.5001505
0xcbe37e37bb9ac19e87e6e495303fab60c3111529,LINEA,0.4852314
0xcbe37e37bb9ac19e87e6e495303fab60c3111529,PYTH,0.44480643
0xcbe37e37bb9ac19e87e6e495303fab60c3111529,MEME,0.48528785
0xcbe37e37bb9ac19e87e6e495303fab60c3111529,POL,0.46775526
0xcbe37e37bb9ac19e87e6e495303fab60c3111529,JTO,0.4553163
0xcbe37e37bb9ac19e87e6e495303fab60c3111529,WIF,0.52205724
0xcbe37e37bb9ac19e87e6e495303fab60c3111529,POPCAT,0.47147056
0xcbe37e37bb9ac19e87e6e495303fab60c3111529,NOT,0.4840964
0xcbe37e37bb9ac19e87e6e495303fab60c3111529,DYM,0.4141805
0xcbe37e37bb9ac19e87e6e495303fab60c3111529,XAI,0.5146815
0xcbe37e37bb9ac19e87e6e495303fab60c3111529,ALT,0.44709745
0xcbe37e37bb9ac19e87e6e495303fab60c3111529,JUP,0.52041656
0xcbe37e37bb9ac19e87e6e495303fab60c3111529,AERO,0.47857872
0xcbe37e37bb9ac19e87e6e495303fab60c3111529,VIRTUAL,0.49741006
0xcbe37e37bb9ac19e87e6e495303fab60c3111529,W,0.4904367
0xcbe37e37bb9ac19e87e6e495303fab60c3111529,BRETT,0.4946436
0xcbe37e37bb9ac19e87e6e495303fab60c3111529,ETHFI,0.48297477
0xcbe37e37bb9ac19e87e6e495303fab60c3111529,IO,0.60423386
0xcbe37e37bb9ac19e87e6e495303fab60c3111529,BOME,0.43467703
0xcbe37e37bb9ac19e87e6e495303fab60c3111529,sENA,0.48024902
0xcbe37e37bb9ac19e87e6e495303fab60c3111529,TNSR,0.4544522
0xcbe37e37bb9ac19e87e6e495303fab60c3111529,EIGEN,0.57708293
0xcbe37e37bb9ac19e87e6e495303fab60c3111529,MON,0.5385044
0xcbe37e37bb9ac19e87e6e495303fab60c3111529,MERL,0.45702934
0xcbe37e37bb9ac19e87e6e495303fab60c3111529,REZ,0.4316982
0xcbe37e37bb9ac19e87e6e495303fab60c3111529,SOPH,0.44568318
0xcbe37e37bb9ac19e87e6e495303fab60c3111529,HYPE,0.5255918
0xcbe37e37bb9ac19e87e6e495303fab60c3111529,ME,0.4487423
0xcbe37e37bb9ac19e87e6e495303fab60c3111529,BABY,0.41463318
0xcbe37e37bb9ac19e87e6e495303fab60c3111529,MOVE,0.4003085
0xcbe37e37bb9ac19e87e6e495303fab60c3111529,NEIRO,0.44506356
0xcbe37e37bb9ac19e87e6e495303fab60c3111529,S,0.5577786
0xcbe37e37bb9ac19e87e6e495303fab60c3111529,GRASS,0.56162703
0xcbe37e37bb9ac19e87e6e495303fab60c3111529,SKY,0.5616048
0xcbe37e37bb9ac19e87e6e495303fab60c3111529,INIT,0.45891836
0xcbe37e37bb9ac19e87e6e495303fab60c3111529,WCT,0.48019728
0xcbe37e37bb9ac19e87e6e495303fab60c3111529,WLFI,0.53313476
0xcbe37e37bb9ac19e87e6e495303fab60c3111529,GOAT,0.44450033
0xcbe37e37bb9ac19e87e6e495303fab60c3111529,FARTCOIN,0.4845099
0xcbe37e37bb9ac19e87e6e495303fab60c3111529,PNUT,0.4727946
0xcbe37e37bb9ac19e87e6e495303fab60c3111529,SYRUP,0.51172984
0xcbe37e37bb9ac19e87e6e495303fab60c3111529,USUAL,0.47908905
0xcbe37e37bb9ac19e87e6e495303fab60c3111529,AIXBT,0.4223883
0xcbe37e37bb9ac19e87e6e495303fab60c3111529,MORPHO,0.48689404
0xcbe37e37bb9ac19e87e6e495303fab60c3111529,PENGU,0.48021424
0xcbe37e37bb9ac19e87e6e495303fab60c3111529,GRIFFAIN,0.4815334
0xcbe37e37bb9ac19e87e6e495303fab60c3111529,BIO,0.50573236
0xcbe37e37bb9ac19e87e6e495303fab60c3111529,ANIME,0.427047
0xcbe37e37bb9ac19e87e6e495303fab60c3111529,TRUMP,0.6183411
0xcbe37e37bb9ac19e87e6e495303fab60c3111529,MELANIA,0.49127445
0xcbe37e37bb9ac19e87e6e495303fab60c3111529,VINE,0.56913567
0xcbe37e37bb9ac19e87e6e495303fab60c3111529,LAYER,0.5177082
0xcbe37e37bb9ac19e87e6e495303fab60c3111529,VVV,0.52005756
0xcbe37e37bb9ac19e87e6e495303fab60c3111529,IP,0.60892034
0xcbe37e37bb9ac19e87e6e495303fab60c3111529,NIL,0.40910158
0xcbe37e37bb9ac19e87e6e495303fab60c3111529,KAITO,0.65559137
0xcbe37e37bb9ac19e87e6e495303fab60c3111529,ZORA,0.5199747
0xcbe37e37bb9ac19e87e6e495303fab60c3111529,HYPER,0.4294511
0xcbe37e37bb9ac19e87e6e495303fab60c3111529,ASTER,0.5034945
0xcbe37e37bb9ac19e87e6e495303fab60c3111529,PUMP,0.5747973
0xcbe37e37bb9ac19e87e6e495303fab60c3111529,XPL,0.5589158
0xcbe37e37bb9ac19e87e6e495303fab60c3111529,CC,0.49991482
0xcbe37e37bb9ac19e87e6e495303fab60c3111529,PROVE,0.5852936
0xcbe37e37bb9ac19e87e6e495303fab60c3111529,HEMI,0.37479663
0xcbe37e37bb9ac19e87e6e495303fab60c3111529,AVNT,0.47459376
0xcbe37e37bb9ac19e87e6e495303fab60c3111529,0G,0.53918
0xcbe37e37bb9ac19e87e6e495303fab60c3111529,2Z,0.52538866
0xcbe37e37bb9ac19e87e6e495303fab60c3111529,LIT,0.53498834
0xccc8f7bb5f28056799f8e6e8dc36e5cebefdf7c5,JTO,0.2992446392822321
0xccc8f7bb5f28056799f8e6e8dc36e5cebefdf7c5,AR,0.5473142637631799
0xccc8f7bb5f28056799f8e6e8dc36e5cebefdf7c5,STX,0.4256834123280194
0xccc8f7bb5f28056799f8e6e8dc36e5cebefdf7c5,KAS,0.4363053761949714
0xccc8f7bb5f28056799f8e6e8dc36e5cebefdf7c5,PYTH,0.3138919015063579
0xccc8f7bb5f28056799f8e6e8dc36e5cebefdf7c5,ZEC,0.4926370544444219
0xccc8f7bb5f28056799f8e6e8dc36e5cebefdf7c5,WLFI,0.3860109882420118
0xccc8f7bb5f28056799f8e6e8dc36e5cebefdf7c5,BOME,0.0477482168052257
0xccc8f7bb5f28056799f8e6e8dc36e5cebefdf7c5,ETHFI,0.3541471196401296
0xccc8f7bb5f28056799f8e6e8dc36e5cebefdf7c5,ARB,0.4620070174516802
0xccc8f7bb5f28056799f8e6e8dc36e5cebefdf7c5,LAYER,0.4885705900017848
0xccc8f7bb5f28056799f8e6e8dc36e5cebefdf7c5,LINEA,0.380194541790802
0xccc8f7bb5f28056799f8e6e8dc36e5cebefdf7c5,INIT,0.3858461268931718
0xccc8f7bb5f28056799f8e6e8dc36e5cebefdf7c5,SAND,0.5233658743260269
0xccc8f7bb5f28056799f8e6e8dc36e5cebefdf7c5,0G,0.3966833645579914
0xccc8f7bb5f28056799f8e6e8dc36e5cebefdf7c5,PENDLE,0.375793855189366
0xccc8f7bb5f28056799f8e6e8dc36e5cebefdf7c5,NEIRO,0.1003667833584532
0xccc8f7bb5f28056799f8e6e8dc36e5cebefdf7c5,LINK,0.6125140010654034
0xccc8f7bb5f28056799f8e6e8dc36e5cebefdf7c5,NIL,0.01
0xccc8f7bb5f28056799f8e6e8dc36e5cebefdf7c5,AERO,0.3802062426811989
0xccc8f7bb5f28056799f8e6e8dc36e5cebefdf7c5,WLD,0.3719122184044147
0xccc8f7bb5f28056799f8e6e8dc36e5cebefdf7c5,BNB,0.8987488776125778
0xccc8f7bb5f28056799f8e6e8dc36e5cebefdf7c5,XLM,0.5003745641433677
0xccc8f7bb5f28056799f8e6e8dc36e5cebefdf7c5,GALA,0.4136230824489867
0xccc8f7bb5f28056799f8e6e8dc36e5cebefdf7c5,LDO,0.3484209920249272
0xccc8f7bb5f28056799f8e6e8dc36e5cebefdf7c5,BLUR,0.4078125354241461
0xccc8f7bb5f28056799f8e6e8dc36e5cebefdf7c5,POPCAT,0.4082294820022381
0xccc8f7bb5f28056799f8e6e8dc36e5cebefdf7c5,ALGO,0.4117190103999772
0xccc8f7bb5f28056799f8e6e8dc36e5cebefdf7c5,CAKE,0.7938129538939923
0xccc8f7bb5f28056799f8e6e8dc36e5cebefdf7c5,VIRTUAL,0.5543819412086424
0xccc8f7bb5f28056799f8e6e8dc36e5cebefdf7c5,XMR,0.6258232712370538
0xccc8f7bb5f28056799f8e6e8dc36e5cebefdf7c5,ZK,0.4934331743859708
0xccc8f7bb5f28056799f8e6e8dc36e5cebefdf7c5,REZ,0.1275138630285736
0xccc8f7bb5f28056799f8e6e8dc36e5cebefdf7c5,APEX,0.3967791575426734
0xccc8f7bb5f28056799f8e6e8dc36e5cebefdf7c5,ME,0.3738304032483937
0xccc8f7bb5f28056799f8e6e8dc36e5cebefdf7c5,SNX,0.4690725052256338
0xccc8f7bb5f28056799f8e6e8dc36e5cebefdf7c5,GOAT,0.2891669142642937
0xccc8f7bb5f28056799f8e6e8dc36e5cebefdf7c5,DOGE,0.4936756358178721
0xccc8f7bb5f28056799f8e6e8dc36e5cebefdf7c5,PNUT,0.2361280171397811
0xccc8f7bb5f28056799f8e6e8dc36e5cebefdf7c5,CRV,0.4058620726587645
0xccc8f7bb5f28056799f8e6e8dc36e5cebefdf7c5,BIO,0.3457148470036345
0xccc8f7bb5f28056799f8e6e8dc36e5cebefdf7c5,NOT,0.4333818055818776
0xccc8f7bb5f28056799f8e6e8dc36e5cebefdf7c5,LTC,0.6838350094587726
0xccc8f7bb5f28056799f8e6e8dc36e5cebefdf7c5,INJ,0.3594821483936704
0xccc8f7bb5f28056799f8e6e8dc36e5cebefdf7c5,XRP,0.4902478900048757
0xccc8f7bb5f28056799f8e6e8dc36e5cebefdf7c5,BCH,0.4764504310218592
0xccc8f7bb5f28056799f8e6e8dc36e5cebefdf7c5,BONK,0.3168316004948746
0xccc8f7bb5f28056799f8e6e8dc36e5cebefdf7c5,ZRO,0.3800466617589145
0xccc8f7bb5f28056799f8e6e8dc36e5cebefdf7c5,DASH,0.6034352829411039
0xccc8f7bb5f28056799f8e6e8dc36e5cebefdf7c5,ANIME,0.4118131231925829
0xccc8f7bb5f28056799f8e6e8dc36e5cebefdf7c5,HYPER,0.381481434098944
0xccc8f7bb5f28056799f8e6e8dc36e5cebefdf7c5,LIT,0.3846592076439145
0xccc8f7bb5f28056799f8e6e8dc36e5cebefdf7c5,CC,0.2291133845725123
0xccc8f7bb5f28056799f8e6e8dc36e5cebefdf7c5,OP,0.4783821629506303
0xccc8f7bb5f28056799f8e6e8dc36e5cebefdf7c5,PUMP,0.2955365579057184
0xccc8f7bb5f28056799f8e6e8dc36e5cebefdf7c5,EIGEN,0.3820926297067356
0xccc8f7bb5f28056799f8e6e8dc36e5cebefdf7c5,TRB,0.538311066433661
0xccc8f7bb5f28056799f8e6e8dc36e5cebefdf7c5,BERA,0.4261577443763621
0xccc8f7bb5f28056799f8e6e8dc36e5cebefdf7c5,AIXBT,0.1933145696637168
0xccc8f7bb5f28056799f8e6e8dc36e5cebefdf7c5,HBAR,0.6201680625696817
0xccc8f7bb5f28056799f8e6e8dc36e5cebefdf7c5,TAO,0.4825985022376556
0xccc8f7bb5f28056799f8e6e8dc36e5cebefdf7c5,SEI,0.4890814379484882
0xccc8f7bb5f28056799f8e6e8dc36e5cebefdf7c5,MANTA,0.5035284110143439
0xccc8f7bb5f28056799f8e6e8dc36e5cebefdf7c5,TRUMP,0.5342703018893823
0xccc8f7bb5f28056799f8e6e8dc36e5cebefdf7c5,ONDO,0.3565482555738384
0xccc8f7bb5f28056799f8e6e8dc36e5cebefdf7c5,RENDER,0.3978584839987999
0xccc8f7bb5f28056799f8e6e8dc36e5cebefdf7c5,SUSHI,0.3861103391825347
0xccc8f7bb5f28056799f8e6e8dc36e5cebefdf7c5,MORPHO,0.4845415620550913
0xccc8f7bb5f28056799f8e6e8dc36e5cebefdf7c5,MEME,0.3575629975224992
0xccc8f7bb5f28056799f8e6e8dc36e5cebefdf7c5,TURBO,0.3417965096228216
0xccc8f7bb5f28056799f8e6e8dc36e5cebefdf7c5,UMA,0.6056156937943257
0xccc8f7bb5f28056799f8e6e8dc36e5cebefdf7c5,AXS,0.4694724594582092
0xccc8f7bb5f28056799f8e6e8dc36e5cebefdf7c5,UNI,0.44163523861486
0xccc8f7bb5f28056799f8e6e8dc36e5cebefdf7c5,ORDI,0.3326816283876657
0xccc8f7bb5f28056799f8e6e8dc36e5cebefdf7c5,ETC,0.4350553426208774
0xccc8f7bb5f28056799f8e6e8dc36e5cebefdf7c5,SOL,0.7266047800793225
0xccc8f7bb5f28056799f8e6e8dc36e5cebefdf7c5,IP,0.2557411077104318
0xccc8f7bb5f28056799f8e6e8dc36e5cebefdf7c5,sENA,0.2914875580571606
0xccc8f7bb5f28056799f8e6e8dc36e5cebefdf7c5,JUP,0.4409402087002079
0xccc8f7bb5f28056799f8e6e8dc36e5cebefdf7c5,FIL,0.4352111326416475
0xccc8f7bb5f28056799f8e6e8dc36e5cebefdf7c5,POL,0.5103415883548725
0xccc8f7bb5f28056799f8e6e8dc36e5cebefdf7c5,2Z,0.4517386013909317
0xccc8f7bb5f28056799f8e6e8dc36e5cebefdf7c5,PEOPLE,0.1230206517249381
0xccc8f7bb5f28056799f8e6e8dc36e5cebefdf7c5,ZORA,0.3963009289835136
0xccc8f7bb5f28056799f8e6e8dc36e5cebefdf7c5,XAI,0.3247735994715322
0xccc8f7bb5f28056799f8e6e8dc36e5cebefdf7c5,BABY,0.160951179678389
0xccc8f7bb5f28056799f8e6e8dc36e5cebefdf7c5,STRK,0.3315099111562936
0xccc8f7bb5f28056799f8e6e8dc36e5cebefdf7c5,DOT,0.500873199213981
0xccc8f7bb5f28056799f8e6e8dc36e5cebefdf7c5,GRASS,0.3560695889594092
0xccc8f7bb5f28056799f8e6e8dc36e5cebefdf7c5,APE,0.3744910283649462
0xccc8f7bb5f28056799f8e6e8dc36e5cebefdf7c5,FLOKI,0.6035565148758045
0xccc8f7bb5f28056799f8e6e8dc36e5cebefdf7c5,MON,0.5189221572259309
0xccc8f7bb5f28056799f8e6e8dc36e5cebefdf7c5,HYPE,0.4562540799644389
0xccc8f7bb5f28056799f8e6e8dc36e5cebefdf7c5,VVV,0.3643110764156936
0xccc8f7bb5f28056799f8e6e8dc36e5cebefdf7c5,TIA,0.397598259287838
0xccc8f7bb5f28056799f8e6e8dc36e5cebefdf7c5,IOTA,0.4255758999865013
0xccc8f7bb5f28056799f8e6e8dc36e5cebefdf7c5,MOVE,0.3062829478868481
0xccc8f7bb5f28056799f8e6e8dc36e5cebefdf7c5,SUI,0.5762927073135772
0xccc8f7bb5f28056799f8e6e8dc36e5cebefdf7c5,ENS,0.5212904736337944
0xccc8f7bb5f28056799f8e6e8dc36e5cebefdf7c5,TNSR,0.4411186496453144
0xccc8f7bb5f28056799f8e6e8dc36e5cebefdf7c5,W,0.4347804225649077
0xccc8f7bb5f28056799f8e6e8dc36e5cebefdf7c5,ZETA,0.5479279350773507
0xccc8f7bb5f28056799f8e6e8dc36e5cebefdf7c5,GRIFFAIN,0.1280841570489502
0xccc8f7bb5f28056799f8e6e8dc36e5cebefdf7c5,WIF,0.4630436831677837
0xccc8f7bb5f28056799f8e6e8dc36e5cebefdf7c5,AVAX,0.5948447591986382
0xccc8f7bb5f28056799f8e6e8dc36e5cebefdf7c5,FET,0.4048032513920077
0xccc8f7bb5f28056799f8e6e8dc36e5cebefdf7c5,BTC,0.8783713583497856
0xccc8f7bb5f28056799f8e6e8dc36e5cebefdf7c5,GMX,0.3992426905045447
0xccc8f7bb5f28056799f8e6e8dc36e5cebefdf7c5,CFX,0.4273797275815237
0xccc8f7bb5f28056799f8e6e8dc36e5cebefdf7c5,KAITO,0.2261030346246868
0xccc8f7bb5f28056799f8e6e8dc36e5cebefdf7c5,TRX,0.99
0xccc8f7bb5f28056799f8e6e8dc36e5cebefdf7c5,RSR,0.4664909568970314
0xccc8f7bb5f28056799f8e6e8dc36e5cebefdf7c5,ALT,0.3937543320702099
0xccc8f7bb5f28056799f8e6e8dc36e5cebefdf7c5,ADA,0.3416556264238557
0xccc8f7bb5f28056799f8e6e8dc36e5cebefdf7c5,BSV,0.3906168388081209
0xccc8f7bb5f28056799f8e6e8dc36e5cebefdf7c5,BRETT,0.3751059369419873
0xccc8f7bb5f28056799f8e6e8dc36e5cebefdf7c5,ETH,0.8163120172915753
0xccc8f7bb5f28056799f8e6e8dc36e5cebefdf7c5,MELANIA,0.5442172538119965
0xccc8f7bb5f28056799f8e6e8dc36e5cebefdf7c5,COMP,0.5869253707162017
0xccc8f7bb5f28056799f8e6e8dc36e5cebefdf7c5,ICP,0.4928199701756825
0xccc8f7bb5f28056799f8e6e8dc36e5cebefdf7c5,S,0.3648119798509959
0xccc8f7bb5f28056799f8e6e8dc36e5cebefdf7c5,MNT,0.534991831342892
0xccc8f7bb5f28056799f8e6e8dc36e5cebefdf7c5,SHIB,0.3733522948087452
0xccc8f7bb5f28056799f8e6e8dc36e5cebefdf7c5,SYRUP,0.3811144363747227
0xccc8f7bb5f28056799f8e6e8dc36e5cebefdf7c5,SKY,0.4096250978601595
0xccc8f7bb5f28056799f8e6e8dc36e5cebefdf7c5,ASTER,0.5979173471226441
0xccc8f7bb5f28056799f8e6e8dc36e5cebefdf7c5,ATOM,0.4858950579858007
0xccc8f7bb5f28056799f8e6e8dc36e5cebefdf7c5,GMT,0.5195619018880268
0xccc8f7bb5f28056799f8e6e8dc36e5cebefdf7c5,USUAL,0.3103393406897501
0xccc8f7bb5f28056799f8e6e8dc36e5cebefdf7c5,AAVE,0.4162122092039639
0xccc8f7bb5f28056799f8e6e8dc36e5cebefdf7c5,FARTCOIN,0.405297644279745
0xccc8f7bb5f28056799f8e6e8dc36e5cebefdf7c5,APT,0.4730756562907543
0xccc8f7bb5f28056799f8e6e8dc36e5cebefdf7c5,MINA,0.5682141137319205
0xccc8f7bb5f28056799f8e6e8dc36e5cebefdf7c5,IO,0.3069155248501928
0xccc8f7bb5f28056799f8e6e8dc36e5cebefdf7c5,CELO,0.5022062982380735
0xccc8f7bb5f28056799f8e6e8dc36e5cebefdf7c5,MERL,0.2851088875599963
0xccc8f7bb5f28056799f8e6e8dc36e5cebefdf7c5,PEPE,0.4626335728049183
0xccc8f7bb5f28056799f8e6e8dc36e5cebefdf7c5,ZEN,0.4271279266910878
0xccc8f7bb5f28056799f8e6e8dc36e5cebefdf7c5,WCT,0.4814947034456434
0xccc8f7bb5f28056799f8e6e8dc36e5cebefdf7c5,RUNE,0.4390999197639023
0xccc8f7bb5f28056799f8e6e8dc36e5cebefdf7c5,NEAR,0.3807432801157647
0xccc8f7bb5f28056799f8e6e8dc36e5cebefdf7c5,LUNC,0.4656423011745275
0xccc8f7bb5f28056799f8e6e8dc36e5cebefdf7c5,PENGU,0.4001477874737646
0xccc8f7bb5f28056799f8e6e8dc36e5cebefdf7c5,PROVE,0.4155051297311372
0xccc8f7bb5f28056799f8e6e8dc36e5cebefdf7c5,IMX,0.484443028821223
0xccc8f7bb5f28056799f8e6e8dc36e5cebefdf7c5,AVNT,0.3134855185238726
0xccc8f7bb5f28056799f8e6e8dc36e5cebefdf7c5,HEMI,0.4158586694675505
0xccc8f7bb5f28056799f8e6e8dc36e5cebefdf7c5,XPL,0.4158586694675505
0xccc8f7bb5f28056799f8e6e8dc36e5cebefdf7c5,SOPH,0.4158586694675505
0xccc8f7bb5f28056799f8e6e8dc36e5cebefdf7c5,PAXG,0.4158586694675505
0xccc8f7bb5f28056799f8e6e8dc36e5cebefdf7c5,VINE,0.4158586694675505
0xccc8f7bb5f28056799f8e6e8dc36e5cebefdf7c5,DYM,0.4158586694675505
0xcf28560da27700098a0efcb3f5742169948892de,BTC,0.5950873182858978
0xcf28560da27700098a0efcb3f5742169948892de,LTC,0.613156337543927
0xcf28560da27700098a0efcb3f5742169948892de,XRP,0.5193622432705398
0xcf28560da27700098a0efcb3f5742169948892de,DOGE,0.565878265730972
0xcf28560da27700098a0efcb3f5742169948892de,DASH,0.6105826140135935
0xcf28560da27700098a0efcb3f5742169948892de,XMR,0.5932018333124986
0xcf28560da27700098a0efcb3f5742169948892de,XLM,0.4750891566932241
0xcf28560da27700098a0efcb3f5742169948892de,ETH,0.6101559792832115
0xcf28560da27700098a0efcb3f5742169948892de,ETC,0.5834779099113037
0xcf28560da27700098a0efcb3f5742169948892de,ZEC,0.5615629109573104
0xcf28560da27700098a0efcb3f5742169948892de,ZEN,0.5394589937642864
0xcf28560da27700098a0efcb3f5742169948892de,IOTA,0.5678632905056026
0xcf28560da27700098a0efcb3f5742169948892de,BCH,0.5310613091718417
0xcf28560da27700098a0efcb3f5742169948892de,BNB,0.5256936137696508
0xcf28560da27700098a0efcb3f5742169948892de,TRX,0.6237082642526035
0xcf28560da27700098a0efcb3f5742169948892de,LINK,0.5354952085553568
0xcf28560da27700098a0efcb3f5742169948892de,ADA,0.4842155599663342
0xcf28560da27700098a0efcb3f5742169948892de,FIL,0.5333665343231295
0xcf28560da27700098a0efcb3f5742169948892de,SNX,0.5374595542262028
0xcf28560da27700098a0efcb3f5742169948892de,BSV,0.4798936486374791
0xcf28560da27700098a0efcb3f5742169948892de,FET,0.5652358723717793
0xcf28560da27700098a0efcb3f5742169948892de,ATOM,0.5558317513065502
0xcf28560da27700098a0efcb3f5742169948892de,RSR,0.5233604339880394
0xcf28560da27700098a0efcb3f5742169948892de,ALGO,0.5873815683448333
0xcf28560da27700098a0efcb3f5742169948892de,RUNE,0.5924579137173959
0xcf28560da27700098a0efcb3f5742169948892de,LUNC,0.5118314495375741
0xcf28560da27700098a0efcb3f5742169948892de,HBAR,0.5255556229401621
0xcf28560da27700098a0efcb3f5742169948892de,PAXG,0.6628609139480273
0xcf28560da27700098a0efcb3f5742169948892de,STX,0.5360613336752844
0xcf28560da27700098a0efcb3f5742169948892de,TRB,0.5030981140824798
0xcf28560da27700098a0efcb3f5742169948892de,SOL,0.6381220759960953
0xcf28560da27700098a0efcb3f5742169948892de,CELO,0.4755950876121271
0xcf28560da27700098a0efcb3f5742169948892de,UMA,0.5927412047632515
0xcf28560da27700098a0efcb3f5742169948892de,AR,0.5737758012341022
0xcf28560da27700098a0efcb3f5742169948892de,RENDER,0.5766952573117793
0xcf28560da27700098a0efcb3f5742169948892de,COMP,0.5459049836497132
0xcf28560da27700098a0efcb3f5742169948892de,AVAX,0.5809684575541322
0xcf28560da27700098a0efcb3f5742169948892de,SHIB,0.5158915598113123
0xcf28560da27700098a0efcb3f5742169948892de,SAND,0.5593083061180647
0xcf28560da27700098a0efcb3f5742169948892de,NEAR,0.558011474698671
0xcf28560da27700098a0efcb3f5742169948892de,CRV,0.5380846349675101
0xcf28560da27700098a0efcb3f5742169948892de,DOT,0.6100728027919162
0xcf28560da27700098a0efcb3f5742169948892de,SUSHI,0.5123656508046801
0xcf28560da27700098a0efcb3f5742169948892de,AXS,0.520602566623369
0xcf28560da27700098a0efcb3f5742169948892de,GALA,0.4528729816388758
0xcf28560da27700098a0efcb3f5742169948892de,UNI,0.4546295674711036
0xcf28560da27700098a0efcb3f5742169948892de,CAKE,0.5422410274291101
0xcf28560da27700098a0efcb3f5742169948892de,INJ,0.5288431511469713
0xcf28560da27700098a0efcb3f5742169948892de,AAVE,0.4859794024844072
0xcf28560da27700098a0efcb3f5742169948892de,CFX,0.4947770992980847
0xcf28560da27700098a0efcb3f5742169948892de,LDO,0.4740164039117169
0xcf28560da27700098a0efcb3f5742169948892de,MINA,0.4687239475615674
0xcf28560da27700098a0efcb3f5742169948892de,ICP,0.548156364349614
0xcf28560da27700098a0efcb3f5742169948892de,PENDLE,0.4994360115122794
0xcf28560da27700098a0efcb3f5742169948892de,IMX,0.5408377636586762
0xcf28560da27700098a0efcb3f5742169948892de,FLOKI,0.5174771993039946
0xcf28560da27700098a0efcb3f5742169948892de,OP,0.5327563590040816
0xcf28560da27700098a0efcb3f5742169948892de,ARB,0.5208876795879647
0xcf28560da27700098a0efcb3f5742169948892de,GMX,0.5044372844422343
0xcf28560da27700098a0efcb3f5742169948892de,WLD,0.5335807841138113
0xcf28560da27700098a0efcb3f5742169948892de,MANTA,0.4951189057166238
0xcf28560da27700098a0efcb3f5742169948892de,ENS,0.533971111233198
0xcf28560da27700098a0efcb3f5742169948892de,PEOPLE,0.5271535416509187
0xcf28560da27700098a0efcb3f5742169948892de,GMT,0.5263969884763836
0xcf28560da27700098a0efcb3f5742169948892de,APE,0.4806174356580554
0xcf28560da27700098a0efcb3f5742169948892de,APEX,0.5518351671441938
0xcf28560da27700098a0efcb3f5742169948892de,KAS,0.5088738717169715
0xcf28560da27700098a0efcb3f5742169948892de,SUI,0.5272696215924421
0xcf28560da27700098a0efcb3f5742169948892de,ONDO,0.5418879146707527
0xcf28560da27700098a0efcb3f5742169948892de,ZETA,0.5141814117922375
0xcf28560da27700098a0efcb3f5742169948892de,APT,0.5096745588221796
0xcf28560da27700098a0efcb3f5742169948892de,STRK,0.5526397539923776
0xcf28560da27700098a0efcb3f5742169948892de,TIA,0.4847316983848141
0xcf28560da27700098a0efcb3f5742169948892de,TAO,0.544942637056663
0xcf28560da27700098a0efcb3f5742169948892de,BONK,0.4981767532453442
0xcf28560da27700098a0efcb3f5742169948892de,BLUR,0.5242450174440817
0xcf28560da27700098a0efcb3f5742169948892de,SEI,0.5054790671615371
0xcf28560da27700098a0efcb3f5742169948892de,ZK,0.4848376804176171
0xcf28560da27700098a0efcb3f5742169948892de,PEPE,0.530717069775213
0xcf28560da27700098a0efcb3f5742169948892de,BERA,0.5099404063492611
0xcf28560da27700098a0efcb3f5742169948892de,TURBO,0.5416966400184227
0xcf28560da27700098a0efcb3f5742169948892de,ORDI,0.5176106154657262
0xcf28560da27700098a0efcb3f5742169948892de,ZRO,0.5049734398120292
0xcf28560da27700098a0efcb3f5742169948892de,MNT,0.5832162899501256
0xcf28560da27700098a0efcb3f5742169948892de,LINEA,0.5076646532845484
0xcf28560da27700098a0efcb3f5742169948892de,PYTH,0.4929329532170307
0xcf28560da27700098a0efcb3f5742169948892de,MEME,0.4876346787248566
0xcf28560da27700098a0efcb3f5742169948892de,POL,0.5120996351174015
0xcf28560da27700098a0efcb3f5742169948892de,JTO,0.4989691911196048
0xcf28560da27700098a0efcb3f5742169948892de,WIF,0.5025323303273985
0xcf28560da27700098a0efcb3f5742169948892de,POPCAT,0.4896214434533987
0xcf28560da27700098a0efcb3f5742169948892de,NOT,0.5079039228864851
0xcf28560da27700098a0efcb3f5742169948892de,DYM,0.4200899154855804
0xcf28560da27700098a0efcb3f5742169948892de,XAI,0.4947410187424227
0xcf28560da27700098a0efcb3f5742169948892de,ALT,0.5082109842746073
0xcf28560da27700098a0efcb3f5742169948892de,JUP,0.4772026759824809
0xcf28560da27700098a0efcb3f5742169948892de,AERO,0.5315959701911082
0xcf28560da27700098a0efcb3f5742169948892de,VIRTUAL,0.5526435490985269
0xcf28560da27700098a0efcb3f5742169948892de,W,0.529118400348292
0xcf28560da27700098a0efcb3f5742169948892de,BRETT,0.4939326300598355
0xcf28560da27700098a0efcb3f5742169948892de,ETHFI,0.4428064044585433
0xcf28560da27700098a0efcb3f5742169948892de,IO,0.5233793659192609
0xcf28560da27700098a0efcb3f5742169948892de,BOME,0.4706363325676198
0xcf28560da27700098a0efcb3f5742169948892de,sENA,0.509394727100978
0xcf28560da27700098a0efcb3f5742169948892de,TNSR,0.4633158484542415
0xcf28560da27700098a0efcb3f5742169948892de,EIGEN,0.5188158725444469
0xcf28560da27700098a0efcb3f5742169948892de,MON,0.5040656716582599
0xcf28560da27700098a0efcb3f5742169948892de,MERL,0.5258201559599263
0xcf28560da27700098a0efcb3f5742169948892de,REZ,0.4327169692565797
0xcf28560da27700098a0efcb3f5742169948892de,SOPH,0.4808311648170552
0xcf28560da27700098a0efcb3f5742169948892de,HYPE,0.6157946785938924
0xcf28560da27700098a0efcb3f5742169948892de,ME,0.4773334136151221
0xcf28560da27700098a0efcb3f5742169948892de,BABY,0.445215949328663
0xcf28560da27700098a0efcb3f5742169948892de,MOVE,0.4792343803358136
0xcf28560da27700098a0efcb3f5742169948892de,NEIRO,0.4433607935692283
0xcf28560da27700098a0efcb3f5742169948892de,S,0.4715112698034993
0xcf28560da27700098a0efcb3f5742169948892de,GRASS,0.482803546236179
0xcf28560da27700098a0efcb3f5742169948892de,SKY,0.502709817115739
0xcf28560da27700098a0efcb3f5742169948892de,INIT,0.4699931042258097
0xcf28560da27700098a0efcb3f5742169948892de,WCT,0.4917087425348977
0xcf28560da27700098a0efcb3f5742169948892de,WLFI,0.5101498167372549
0xcf28560da27700098a0efcb3f5742169948892de,GOAT,0.5074010128391849
0xcf28560da27700098a0efcb3f5742169948892de,FARTCOIN,0.539623694235404
0xcf28560da27700098a0efcb3f5742169948892de,PNUT,0.4744958429156169
0xcf28560da27700098a0efcb3f5742169948892de,SYRUP,0.4601542943828288
0xcf28560da27700098a0efcb3f5742169948892de,USUAL,0.4669158378247323
0xcf28560da27700098a0efcb3f5742169948892de,AIXBT,0.4691909214145265
0xcf28560da27700098a0efcb3f5742169948892de,MORPHO,0.4701120168638684
0xcf28560da27700098a0efcb3f5742169948892de,PENGU,0.4663714337773843
0xcf28560da27700098a0efcb3f5742169948892de,GRIFFAIN,0.4445624034776087
0xcf28560da27700098a0efcb3f5742169948892de,BIO,0.4367074907564259
0xcf28560da27700098a0efcb3f5742169948892de,ANIME,0.4275415423357059
0xcf28560da27700098a0efcb3f5742169948892de,TRUMP,0.5760882875164032
0xcf28560da27700098a0efcb3f5742169948892de,MELANIA,0.533727407811825
0xcf28560da27700098a0efcb3f5742169948892de,VINE,0.5116032608771205
0xcf28560da27700098a0efcb3f5742169948892de,LAYER,0.5332948294925883
0xcf28560da27700098a0efcb3f5742169948892de,VVV,0.4915654910677154
0xcf28560da27700098a0efcb3f5742169948892de,IP,0.5727552560258842
0xcf28560da27700098a0efcb3f5742169948892de,NIL,0.4296449885588136
0xcf28560da27700098a0efcb3f5742169948892de,KAITO,0.4692439918221117
0xcf28560da27700098a0efcb3f5742169948892de,ZORA,0.5214693051820248
0xcf28560da27700098a0efcb3f5742169948892de,HYPER,0.5180334614556725
0xcf28560da27700098a0efcb3f5742169948892de,ASTER,0.5751950266346496
0xcf28560da27700098a0efcb3f5742169948892de,PUMP,0.5478545913889561
0xcf28560da27700098a0efcb3f5742169948892de,XPL,0.4859640493963418
0xcf28560da27700098a0efcb3f5742169948892de,CC,0.3759259461556229
0xcf28560da27700098a0efcb3f5742169948892de,PROVE,0.5162364677663392
0xcf28560da27700098a0efcb3f5742169948892de,HEMI,0.4250140399343477
0xcf28560da27700098a0efcb3f5742169948892de,AVNT,0.4705804492122128
0xcf28560da27700098a0efcb3f5742169948892de,0G,0.5198363507491005
0xcf28560da27700098a0efcb3f5742169948892de,2Z,0.5111787158258803
0xcf28560da27700098a0efcb3f5742169948892de,LIT,0.5308406733339339
0xe14867e41410bd7232a52b9400476c08b4e535b3,BTC,0.60219926
0xe14867e41410bd7232a52b9400476c08b4e535b3,LTC,0.5464286
0xe14867e41410bd7232a52b9400476c08b4e535b3,XRP,0.5420571
0xe14867e41410bd7232a52b9400476c08b4e535b3,DOGE,0.55738604
0xe14867e41410bd7232a52b9400476c08b4e535b3,DASH,0.5634858
0xe14867e41410bd7232a52b9400476c08b4e535b3,XMR,0.56617224
0xe14867e41410bd7232a52b9400476c08b4e535b3,XLM,0.4987988
0xe14867e41410bd7232a52b9400476c08b4e535b3,ETH,0.5846563
0xe14867e41410bd7232a52b9400476c08b4e535b3,ETC,0.552968
0xe14867e41410bd7232a52b9400476c08b4e535b3,ZEC,0.548977
0xe14867e41410bd7232a52b9400476c08b4e535b3,ZEN,0.54221874
0xe14867e41410bd7232a52b9400476c08b4e535b3,IOTA,0.5123569
0xe14867e41410bd7232a52b9400476c08b4e535b3,BCH,0.57893574
0xe14867e41410bd7232a52b9400476c08b4e535b3,BNB,0.61348605
0xe14867e41410bd7232a52b9400476c08b4e535b3,TRX,0.61882985
0xe14867e41410bd7232a52b9400476c08b4e535b3,LINK,0.54152274
0xe14867e41410bd7232a52b9400476c08b4e535b3,ADA,0.4928797
0xe14867e41410bd7232a52b9400476c08b4e535b3,FIL,0.536715
0xe14867e41410bd7232a52b9400476c08b4e535b3,SNX,0.56836575
0xe14867e41410bd7232a52b9400476c08b4e535b3,BSV,0.48585778
0xe14867e41410bd7232a52b9400476c08b4e535b3,FET,0.4988633
0xe14867e41410bd7232a52b9400476c08b4e535b3,ATOM,0.5511145
0xe14867e41410bd7232a52b9400476c08b4e535b3,RSR,0.5145775
0xe14867e41410bd7232a52b9400476c08b4e535b3,ALGO,0.54682016
0xe14867e41410bd7232a52b9400476c08b4e535b3,RUNE,0.577233
0xe14867e41410bd7232a52b9400476c08b4e535b3,LUNC,0.50733143
0xe14867e41410bd7232a52b9400476c08b4e535b3,HBAR,0.53718007
0xe14867e41410bd7232a52b9400476c08b4e535b3,PAXG,0.63299876
0xe14867e41410bd7232a52b9400476c08b4e535b3,STX,0.5053719
0xe14867e41410bd7232a52b9400476c08b4e535b3,TRB,0.53780097
0xe14867e41410bd7232a52b9400476c08b4e535b3,SOL,0.5490236
0xe14867e41410bd7232a52b9400476c08b4e535b3,CELO,0.4958453
0xe14867e41410bd7232a52b9400476c08b4e535b3,UMA,0.55184007
0xe14867e41410bd7232a52b9400476c08b4e535b3,AR,0.57242477
0xe14867e41410bd7232a52b9400476c08b4e535b3,RENDER,0.5215661
0xe14867e41410bd7232a52b9400476c08b4e535b3,COMP,0.5280991
0xe14867e41410bd7232a52b9400476c08b4e535b3,AVAX,0.5683991
0xe14867e41410bd7232a52b9400476c08b4e535b3,SHIB,0.50276107
0xe14867e41410bd7232a52b9400476c08b4e535b3,SAND,0.52195597
0xe14867e41410bd7232a52b9400476c08b4e535b3,NEAR,0.52978307
0xe14867e41410bd7232a52b9400476c08b4e535b3,CRV,0.47758275
0xe14867e41410bd7232a52b9400476c08b4e535b3,DOT,0.552665
0xe14867e41410bd7232a52b9400476c08b4e535b3,SUSHI,0.5126604
0xe14867e41410bd7232a52b9400476c08b4e535b3,AXS,0.5307007
0xe14867e41410bd7232a52b9400476c08b4e535b3,GALA,0.4994793
0xe14867e41410bd7232a52b9400476c08b4e535b3,UNI,0.49180964
0xe14867e41410bd7232a52b9400476c08b4e535b3,CAKE,0.5446378
0xe14867e41410bd7232a52b9400476c08b4e535b3,INJ,0.5156202
0xe14867e41410bd7232a52b9400476c08b4e535b3,AAVE,0.5045653
0xe14867e41410bd7232a52b9400476c08b4e535b3,CFX,0.5073009
0xe14867e41410bd7232a52b9400476c08b4e535b3,LDO,0.48152295
0xe14867e41410bd7232a52b9400476c08b4e535b3,MINA,0.5060053
0xe14867e41410bd7232a52b9400476c08b4e535b3,ICP,0.5626394
0xe14867e41410bd7232a52b9400476c08b4e535b3,PENDLE,0.5177922
0xe14867e41410bd7232a52b9400476c08b4e535b3,IMX,0.54421043
0xe14867e41410bd7232a52b9400476c08b4e535b3,FLOKI,0.5224314
0xe14867e41410bd7232a52b9400476c08b4e535b3,OP,0.5233688
0xe14867e41410bd7232a52b9400476c08b4e535b3,ARB,0.5042998
0xe14867e41410bd7232a52b9400476c08b4e535b3,GMX,0.5460475
0xe14867e41410bd7232a52b9400476c08b4e535b3,WLD,0.5358654
0xe14867e41410bd7232a52b9400476c08b4e535b3,MANTA,0.5195888
0xe14867e41410bd7232a52b9400476c08b4e535b3,ENS,0.5446155
0xe14867e41410bd7232a52b9400476c08b4e535b3,PEOPLE,0.48025057
0xe14867e41410bd7232a52b9400476c08b4e535b3,GMT,0.5039041
0xe14867e41410bd7232a52b9400476c08b4e535b3,APE,0.52795064
0xe14867e41410bd7232a52b9400476c08b4e535b3,APEX,0.54628503
0xe14867e41410bd7232a52b9400476c08b4e535b3,KAS,0.5275075
0xe14867e41410bd7232a52b9400476c08b4e535b3,SUI,0.5279533
0xe14867e41410bd7232a52b9400476c08b4e535b3,ONDO,0.50336206
0xe14867e41410bd7232a52b9400476c08b4e535b3,ZETA,0.5233941
0xe14867e41410bd7232a52b9400476c08b4e535b3,APT,0.5253889
0xe14867e41410bd7232a52b9400476c08b4e535b3,STRK,0.5011111
0xe14867e41410bd7232a52b9400476c08b4e535b3,TIA,0.53293234
0xe14867e41410bd7232a52b9400476c08b4e535b3,TAO,0.5382573
0xe14867e41410bd7232a52b9400476c08b4e535b3,BONK,0.5146476
0xe14867e41410bd7232a52b9400476c08b4e535b3,BLUR,0.51102257
0xe14867e41410bd7232a52b9400476c08b4e535b3,SEI,0.5246062
0xe14867e41410bd7232a52b9400476c08b4e535b3,ZK,0.53076416
0xe14867e41410bd7232a52b9400476c08b4e535b3,PEPE,0.5148238
0xe14867e41410bd7232a52b9400476c08b4e535b3,BERA,0.5375584
0xe14867e41410bd7232a52b9400476c08b4e535b3,TURBO,0.52505064
0xe14867e41410bd7232a52b9400476c08b4e535b3,ORDI,0.5139746
0xe14867e41410bd7232a52b9400476c08b4e535b3,ZRO,0.44561648
0xe14867e41410bd7232a52b9400476c08b4e535b3,MNT,0.5477192
0xe14867e41410bd7232a52b9400476c08b4e535b3,LINEA,0.5208944
0xe14867e41410bd7232a52b9400476c08b4e535b3,PYTH,0.46931887
0xe14867e41410bd7232a52b9400476c08b4e535b3,MEME,0.50102824
0xe14867e41410bd7232a52b9400476c08b4e535b3,POL,0.5134686
0xe14867e41410bd7232a52b9400476c08b4e535b3,JTO,0.5086914
0xe14867e41410bd7232a52b9400476c08b4e535b3,WIF,0.54751986
0xe14867e41410bd7232a52b9400476c08b4e535b3,POPCAT,0.5105059
0xe14867e41410bd7232a52b9400476c08b4e535b3,NOT,0.51050186
0xe14867e41410bd7232a52b9400476c08b4e535b3,DYM,0.4435137
0xe14867e41410bd7232a52b9400476c08b4e535b3,XAI,0.47645614
0xe14867e41410bd7232a52b9400476c08b4e535b3,ALT,0.5084726
0xe14867e41410bd7232a52b9400476c08b4e535b3,JUP,0.5266648
0xe14867e41410bd7232a52b9400476c08b4e535b3,AERO,0.5150307
0xe14867e41410bd7232a52b9400476c08b4e535b3,VIRTUAL,0.5185767
0xe14867e41410bd7232a52b9400476c08b4e535b3,W,0.52175033
0xe14867e41410bd7232a52b9400476c08b4e535b3,BRETT,0.4875875
0xe14867e41410bd7232a52b9400476c08b4e535b3,ETHFI,0.4903088
0xe14867e41410bd7232a52b9400476c08b4e535b3,IO,0.5109786
0xe14867e41410bd7232a52b9400476c08b4e535b3,BOME,0.46170428
0xe14867e41410bd7232a52b9400476c08b4e535b3,sENA,0.5223629
0xe14867e41410bd7232a52b9400476c08b4e535b3,TNSR,0.4775561
0xe14867e41410bd7232a52b9400476c08b4e535b3,EIGEN,0.5287923
0xe14867e41410bd7232a52b9400476c08b4e535b3,MON,0.5338315
0xe14867e41410bd7232a52b9400476c08b4e535b3,MERL,0.4899295
0xe14867e41410bd7232a52b9400476c08b4e535b3,REZ,0.43637684
0xe14867e41410bd7232a52b9400476c08b4e535b3,SOPH,0.48767006
0xe14867e41410bd7232a52b9400476c08b4e535b3,HYPE,0.55113935
0xe14867e41410bd7232a52b9400476c08b4e535b3,ME,0.5037435
0xe14867e41410bd7232a52b9400476c08b4e535b3,BABY,0.4367549
0xe14867e41410bd7232a52b9400476c08b4e535b3,MOVE,0.51552075
0xe14867e41410bd7232a52b9400476c08b4e535b3,NEIRO,0.42624372
0xe14867e41410bd7232a52b9400476c08b4e535b3,S,0.48311687
0xe14867e41410bd7232a52b9400476c08b4e535b3,GRASS,0.51704884
0xe14867e41410bd7232a52b9400476c08b4e535b3,SKY,0.5059066
0xe14867e41410bd7232a52b9400476c08b4e535b3,INIT,0.50195223
0xe14867e41410bd7232a52b9400476c08b4e535b3,WCT,0.5141635
0xe14867e41410bd7232a52b9400476c08b4e535b3,WLFI,0.52671325
0xe14867e41410bd7232a52b9400476c08b4e535b3,GOAT,0.4821193
0xe14867e41410bd7232a52b9400476c08b4e535b3,FARTCOIN,0.5017717
0xe14867e41410bd7232a52b9400476c08b4e535b3,PNUT,0.49176717
0xe14867e41410bd7232a52b9400476c08b4e535b3,SYRUP,0.49449623
0xe14867e41410bd7232a52b9400476c08b4e535b3,USUAL,0.4746666
0xe14867e41410bd7232a52b9400476c08b4e535b3,AIXBT,0.47170553
0xe14867e41410bd7232a52b9400476c08b4e535b3,MORPHO,0.5280594
0xe14867e41410bd7232a52b9400476c08b4e535b3,PENGU,0.505788
0xe14867e41410bd7232a52b9400476c08b4e535b3,GRIFFAIN,0.44638973
0xe14867e41410bd7232a52b9400476c08b4e535b3,BIO,0.45280978
0xe14867e41410bd7232a52b9400476c08b4e535b3,ANIME,0.4966049
0xe14867e41410bd7232a52b9400476c08b4e535b3,TRUMP,0.55981797
0xe14867e41410bd7232a52b9400476c08b4e535b3,MELANIA,0.5144539
0xe14867e41410bd7232a52b9400476c08b4e535b3,VINE,0.5090134
0xe14867e41410bd7232a52b9400476c08b4e535b3,LAYER,0.5372907
0xe14867e41410bd7232a52b9400476c08b4e535b3,VVV,0.5317481
0xe14867e41410bd7232a52b9400476c08b4e535b3,IP,0.52833277
0xe14867e41410bd7232a52b9400476c08b4e535b3,NIL,0.37861446
0xe14867e41410bd7232a52b9400476c08b4e535b3,KAITO,0.4846947
0xe14867e41410bd7232a52b9400476c08b4e535b3,ZORA,0.50666565
0xe14867e41410bd7232a52b9400476c08b4e535b3,HYPER,0.5128686
0xe14867e41410bd7232a52b9400476c08b4e535b3,ASTER,0.593051
0xe14867e41410bd7232a52b9400476c08b4e535b3,PUMP,0.45890042
0xe14867e41410bd7232a52b9400476c08b4e535b3,XPL,0.53912365
0xe14867e41410bd7232a52b9400476c08b4e535b3,CC,0.49683443
0xe14867e41410bd7232a52b9400476c08b4e535b3,PROVE,0.5196512
0xe14867e41410bd7232a52b9400476c08b4e535b3,HEMI,0.42264923
0xe14867e41410bd7232a52b9400476c08b4e535b3,AVNT,0.45381233
0xe14867e41410bd7232a52b9400476c08b4e535b3,0G,0.5082752
0xe14867e41410bd7232a52b9400476c08b4e535b3,2Z,0.5149029
0xe14867e41410bd7232a52b9400476c08b4e535b3,LIT,0.48214516
0xe1929facb0bb53baa1fc6e91a31190ef228d9662,TRX,29.518528
0xe1929facb0bb53baa1fc6e91a31190ef228d9662,XLM,-213.40076
0xe1929facb0bb53baa1fc6e91a31190ef228d9662,XMR,-213.40259
0xe1929facb0bb53baa1fc6e91a31190ef228d9662,XRP,-145.24306
0xe1929facb0bb53baa1fc6e91a31190ef228d9662,BCH,5.3054037
0xe1929facb0bb53baa1fc6e91a31190ef228d9662,BTC,-37.319614
0xe1929facb0bb53baa1fc6e91a31190ef228d9662,DOGE,5.3054037
0xe1929facb0bb53baa1fc6e91a31190ef228d9662,ETC,-11.488881
0xe1929facb0bb53baa1fc6e91a31190ef228d9662,LTC,10.622949
0xe1929facb0bb53baa1fc6e91a31190ef228d9662,ETH,-89.37182
0xe1929facb0bb53baa1fc6e91a31190ef228d9662,ADA,-276.31934
0xe1929facb0bb53baa1fc6e91a31190ef228d9662,LINK,5.3054037
0xe1929facb0bb53baa1fc6e91a31190ef228d9662,ATOM,5.3054037
0xe1929facb0bb53baa1fc6e91a31190ef228d9662,ALGO,-57.40221
0xe1929facb0bb53baa1fc6e91a31190ef228d9662,RUNE,5.3054037
0xe1929facb0bb53baa1fc6e91a31190ef228d9662,SOL,-363.42
0xe1929facb0bb53baa1fc6e91a31190ef228d9662,COMP,5.3054037
0xe1929facb0bb53baa1fc6e91a31190ef228d9662,AVAX,5.3054037
0xe1929facb0bb53baa1fc6e91a31190ef228d9662,CRV,5.3054037
0xe1929facb0bb53baa1fc6e91a31190ef228d9662,DOT,5.3054037
0xe1929facb0bb53baa1fc6e91a31190ef228d9662,SUSHI,10.622949
0xe1929facb0bb53baa1fc6e91a31190ef228d9662,UNI,-5.4031353
0xe1929facb0bb53baa1fc6e91a31190ef228d9662,AAVE,5.3054037
0xe1929facb0bb53baa1fc6e91a31190ef228d9662,NEAR,5.3054037
0xe1929facb0bb53baa1fc6e91a31190ef228d9662,FIL,5.3054037
0xe1929facb0bb53baa1fc6e91a31190ef228d9662,AXS,5.3054037
0xe1929facb0bb53baa1fc6e91a31190ef228d9662,INJ,5.3054037
0xe1929facb0bb53baa1fc6e91a31190ef228d9662,SHIB,5.3054037
0xe1929facb0bb53baa1fc6e91a31190ef228d9662,ICP,5.3054037
0xe1929facb0bb53baa1fc6e91a31190ef228d9662,LDO,5.3054037
0xe1929facb0bb53baa1fc6e91a31190ef228d9662,FET,5.3054037
0xe1929facb0bb53baa1fc6e91a31190ef228d9662,IMX,5.3054037
0xe1929facb0bb53baa1fc6e91a31190ef228d9662,APE,5.3054037
0xe1929facb0bb53baa1fc6e91a31190ef228d9662,BLUR,5.3054037
0xe1929facb0bb53baa1fc6e91a31190ef228d9662,PENDLE,5.3054037
0xe1929facb0bb53baa1fc6e91a31190ef228d9662,OP,42.735016
0xe1929facb0bb53baa1fc6e91a31190ef228d9662,CAKE,5.3054037
0xe1929facb0bb53baa1fc6e91a31190ef228d9662,APT,5.3054037
0xe1929facb0bb53baa1fc6e91a31190ef228d9662,BNB,24.66326
0xe1929facb0bb53baa1fc6e91a31190ef228d9662,BONK,5.3054037
0xe1929facb0bb53baa1fc6e91a31190ef228d9662,PEPE,-5.1284933
0xe1929facb0bb53baa1fc6e91a31190ef228d9662,SUI,5.3054037
0xe1929facb0bb53baa1fc6e91a31190ef228d9662,TIA,5.3054037
0xe1929facb0bb53baa1fc6e91a31190ef228d9662,PYTH,5.3054037
0xeba5ba85f72e40a9f2b8782c2bd51ec31a5564da,BTC,0.59165376
0xeba5ba85f72e40a9f2b8782c2bd51ec31a5564da,LTC,0.554055
0xeba5ba85f72e40a9f2b8782c2bd51ec31a5564da,XRP,0.54830307
0xeba5ba85f72e40a9f2b8782c2bd51ec31a5564da,DOGE,0.54916257
0xeba5ba85f72e40a9f2b8782c2bd51ec31a5564da,DASH,0.56124204
0xeba5ba85f72e40a9f2b8782c2bd51ec31a5564da,XMR,0.57784873
0xeba5ba85f72e40a9f2b8782c2bd51ec31a5564da,XLM,0.5082009
0xeba5ba85f72e40a9f2b8782c2bd51ec31a5564da,ETH,0.59289163
0xeba5ba85f72e40a9f2b8782c2bd51ec31a5564da,ETC,0.54990584
0xeba5ba85f72e40a9f2b8782c2bd51ec31a5564da,ZEC,0.54214936
0xeba5ba85f72e40a9f2b8782c2bd51ec31a5564da,ZEN,0.5347304
0xeba5ba85f72e40a9f2b8782c2bd51ec31a5564da,IOTA,0.5102578
0xeba5ba85f72e40a9f2b8782c2bd51ec31a5564da,BCH,0.5630841
0xeba5ba85f72e40a9f2b8782c2bd51ec31a5564da,BNB,0.6050436
0xeba5ba85f72e40a9f2b8782c2bd51ec31a5564da,TRX,0.61075515
0xeba5ba85f72e40a9f2b8782c2bd51ec31a5564da,LINK,0.55072397
0xeba5ba85f72e40a9f2b8782c2bd51ec31a5564da,ADA,0.48301652
0xeba5ba85f72e40a9f2b8782c2bd51ec31a5564da,FIL,0.5419541
0xeba5ba85f72e40a9f2b8782c2bd51ec31a5564da,SNX,0.5755287
0xeba5ba85f72e40a9f2b8782c2bd51ec31a5564da,BSV,0.48680022
0xeba5ba85f72e40a9f2b8782c2bd51ec31a5564da,FET,0.51379746
0xeba5ba85f72e40a9f2b8782c2bd51ec31a5564da,ATOM,0.5454777
0xeba5ba85f72e40a9f2b8782c2bd51ec31a5564da,RSR,0.5176468
0xeba5ba85f72e40a9f2b8782c2bd51ec31a5564da,ALGO,0.53344446
0xeba5ba85f72e40a9f2b8782c2bd51ec31a5564da,RUNE,0.5817361
0xeba5ba85f72e40a9f2b8782c2bd51ec31a5564da,LUNC,0.5168367
0xeba5ba85f72e40a9f2b8782c2bd51ec31a5564da,HBAR,0.5342373
0xeba5ba85f72e40a9f2b8782c2bd51ec31a5564da,PAXG,0.62609595
0xeba5ba85f72e40a9f2b8782c2bd51ec31a5564da,STX,0.5124652
0xeba5ba85f72e40a9f2b8782c2bd51ec31a5564da,TRB,0.5277967
0xeba5ba85f72e40a9f2b8782c2bd51ec31a5564da,SOL,0.55608267
0xeba5ba85f72e40a9f2b8782c2bd51ec31a5564da,CELO,0.495381
0xeba5ba85f72e40a9f2b8782c2bd51ec31a5564da,UMA,0.5509513
0xeba5ba85f72e40a9f2b8782c2bd51ec31a5564da,AR,0.576873
0xeba5ba85f72e40a9f2b8782c2bd51ec31a5564da,RENDER,0.5208439
0xeba5ba85f72e40a9f2b8782c2bd51ec31a5564da,COMP,0.53892684
0xeba5ba85f72e40a9f2b8782c2bd51ec31a5564da,AVAX,0.5662995
0xeba5ba85f72e40a9f2b8782c2bd51ec31a5564da,SHIB,0.509913
0xeba5ba85f72e40a9f2b8782c2bd51ec31a5564da,SAND,0.5265772
0xeba5ba85f72e40a9f2b8782c2bd51ec31a5564da,NEAR,0.53548294
0xeba5ba85f72e40a9f2b8782c2bd51ec31a5564da,CRV,0.4915386
0xeba5ba85f72e40a9f2b8782c2bd51ec31a5564da,DOT,0.5516029
0xeba5ba85f72e40a9f2b8782c2bd51ec31a5564da,SUSHI,0.5205896
0xeba5ba85f72e40a9f2b8782c2bd51ec31a5564da,AXS,0.5302071
0xeba5ba85f72e40a9f2b8782c2bd51ec31a5564da,GALA,0.5058606
0xeba5ba85f72e40a9f2b8782c2bd51ec31a5564da,UNI,0.48746908
0xeba5ba85f72e40a9f2b8782c2bd51ec31a5564da,CAKE,0.5504862
0xeba5ba85f72e40a9f2b8782c2bd51ec31a5564da,INJ,0.52055144
0xeba5ba85f72e40a9f2b8782c2bd51ec31a5564da,AAVE,0.49612144
0xeba5ba85f72e40a9f2b8782c2bd51ec31a5564da,CFX,0.5029962
0xeba5ba85f72e40a9f2b8782c2bd51ec31a5564da,LDO,0.48338684
0xeba5ba85f72e40a9f2b8782c2bd51ec31a5564da,MINA,0.5063362
0xeba5ba85f72e40a9f2b8782c2bd51ec31a5564da,ICP,0.561807
0xeba5ba85f72e40a9f2b8782c2bd51ec31a5564da,PENDLE,0.50795573
0xeba5ba85f72e40a9f2b8782c2bd51ec31a5564da,IMX,0.5409432
0xeba5ba85f72e40a9f2b8782c2bd51ec31a5564da,FLOKI,0.52724785
0xeba5ba85f72e40a9f2b8782c2bd51ec31a5564da,OP,0.5268031
0xeba5ba85f72e40a9f2b8782c2bd51ec31a5564da,ARB,0.5057722
0xeba5ba85f72e40a9f2b8782c2bd51ec31a5564da,GMX,0.541587
0xeba5ba85f72e40a9f2b8782c2bd51ec31a5564da,WLD,0.5223632
0xeba5ba85f72e40a9f2b8782c2bd51ec31a5564da,MANTA,0.52053183
0xeba5ba85f72e40a9f2b8782c2bd51ec31a5564da,ENS,0.54556113
0xeba5ba85f72e40a9f2b8782c2bd51ec31a5564da,PEOPLE,0.48783562
0xeba5ba85f72e40a9f2b8782c2bd51ec31a5564da,GMT,0.515014
0xeba5ba85f72e40a9f2b8782c2bd51ec31a5564da,APE,0.5315731
0xeba5ba85f72e40a9f2b8782c2bd51ec31a5564da,APEX,0.53795654
0xeba5ba85f72e40a9f2b8782c2bd51ec31a5564da,KAS,0.52611613
0xeba5ba85f72e40a9f2b8782c2bd51ec31a5564da,SUI,0.52823025
0xeba5ba85f72e40a9f2b8782c2bd51ec31a5564da,ONDO,0.4866437
0xeba5ba85f72e40a9f2b8782c2bd51ec31a5564da,ZETA,0.51648456
0xeba5ba85f72e40a9f2b8782c2bd51ec31a5564da,APT,0.5285664
0xeba5ba85f72e40a9f2b8782c2bd51ec31a5564da,STRK,0.5168976
0xeba5ba85f72e40a9f2b8782c2bd51ec31a5564da,TIA,0.5385534
0xeba5ba85f72e40a9f2b8782c2bd51ec31a5564da,TAO,0.54382044
0xeba5ba85f72e40a9f2b8782c2bd51ec31a5564da,BONK,0.492142
0xeba5ba85f72e40a9f2b8782c2bd51ec31a5564da,BLUR,0.5048061
0xeba5ba85f72e40a9f2b8782c2bd51ec31a5564da,SEI,0.5326651
0xeba5ba85f72e40a9f2b8782c2bd51ec31a5564da,ZK,0.5299074
0xeba5ba85f72e40a9f2b8782c2bd51ec31a5564da,PEPE,0.52551633
0xeba5ba85f72e40a9f2b8782c2bd51ec31a5564da,BERA,0.5287069
0xeba5ba85f72e40a9f2b8782c2bd51ec31a5564da,TURBO,0.5127949
0xeba5ba85f72e40a9f2b8782c2bd51ec31a5564da,ORDI,0.5082033
0xeba5ba85f72e40a9f2b8782c2bd51ec31a5564da,ZRO,0.43728337
0xeba5ba85f72e40a9f2b8782c2bd51ec31a5564da,MNT,0.5549705
0xeba5ba85f72e40a9f2b8782c2bd51ec31a5564da,LINEA,0.5227384
0xeba5ba85f72e40a9f2b8782c2bd51ec31a5564da,PYTH,0.45960626
0xeba5ba85f72e40a9f2b8782c2bd51ec31a5564da,MEME,0.5075888
0xeba5ba85f72e40a9f2b8782c2bd51ec31a5564da,POL,0.5199391
0xeba5ba85f72e40a9f2b8782c2bd51ec31a5564da,JTO,0.49499932
0xeba5ba85f72e40a9f2b8782c2bd51ec31a5564da,WIF,0.5448884
0xeba5ba85f72e40a9f2b8782c2bd51ec31a5564da,POPCAT,0.50657004
0xeba5ba85f72e40a9f2b8782c2bd51ec31a5564da,NOT,0.51959705
0xeba5ba85f72e40a9f2b8782c2bd51ec31a5564da,DYM,0.4347216
0xeba5ba85f72e40a9f2b8782c2bd51ec31a5564da,XAI,0.47699562
0xeba5ba85f72e40a9f2b8782c2bd51ec31a5564da,ALT,0.5089455
0xeba5ba85f72e40a9f2b8782c2bd51ec31a5564da,JUP,0.5245091
0xeba5ba85f72e40a9f2b8782c2bd51ec31a5564da,AERO,0.51625425
0xeba5ba85f72e40a9f2b8782c2bd51ec31a5564da,VIRTUAL,0.5191788
0xeba5ba85f72e40a9f2b8782c2bd51ec31a5564da,W,0.5354057
0xeba5ba85f72e40a9f2b8782c2bd51ec31a5564da,BRETT,0.48806727
0xeba5ba85f72e40a9f2b8782c2bd51ec31a5564da,ETHFI,0.48172864
0xeba5ba85f72e40a9f2b8782c2bd51ec31a5564da,IO,0.5194487
0xeba5ba85f72e40a9f2b8782c2bd51ec31a5564da,BOME,0.4576404
0xeba5ba85f72e40a9f2b8782c2bd51ec31a5564da,sENA,0.5192775
0xeba5ba85f72e40a9f2b8782c2bd51ec31a5564da,TNSR,0.48954317
0xeba5ba85f72e40a9f2b8782c2bd51ec31a5564da,EIGEN,0.5172841
0xeba5ba85f72e40a9f2b8782c2bd51ec31a5564da,MON,0.52685326
0xeba5ba85f72e40a9f2b8782c2bd51ec31a5564da,MERL,0.48494378
0xeba5ba85f72e40a9f2b8782c2bd51ec31a5564da,REZ,0.42885396
0xeba5ba85f72e40a9f2b8782c2bd51ec31a5564da,SOPH,0.4914776
0xeba5ba85f72e40a9f2b8782c2bd51ec31a5564da,HYPE,0.5589144
0xeba5ba85f72e40a9f2b8782c2bd51ec31a5564da,ME,0.49755955
0xeba5ba85f72e40a9f2b8782c2bd51ec31a5564da,BABY,0.43412983
0xeba5ba85f72e40a9f2b8782c2bd51ec31a5564da,MOVE,0.51812106
0xeba5ba85f72e40a9f2b8782c2bd51ec31a5564da,NEIRO,0.43173203
0xeba5ba85f72e40a9f2b8782c2bd51ec31a5564da,S,0.485935
0xeba5ba85f72e40a9f2b8782c2bd51ec31a5564da,GRASS,0.51599455
0xeba5ba85f72e40a9f2b8782c2bd51ec31a5564da,SKY,0.5083185
0xeba5ba85f72e40a9f2b8782c2bd51ec31a5564da,INIT,0.49660853
0xeba5ba85f72e40a9f2b8782c2bd51ec31a5564da,WCT,0.51807475
0xeba5ba85f72e40a9f2b8782c2bd51ec31a5564da,WLFI,0.52979136
0xeba5ba85f72e40a9f2b8782c2bd51ec31a5564da,GOAT,0.49012193
0xeba5ba85f72e40a9f2b8782c2bd51ec31a5564da,FARTCOIN,0.51566225
0xeba5ba85f72e40a9f2b8782c2bd51ec31a5564da,PNUT,0.4839395
0xeba5ba85f72e40a9f2b8782c2bd51ec31a5564da,SYRUP,0.48755038
0xeba5ba85f72e40a9f2b8782c2bd51ec31a5564da,USUAL,0.4719518
0xeba5ba85f72e40a9f2b8782c2bd51ec31a5564da,AIXBT,0.469239
0xeba5ba85f72e40a9f2b8782c2bd51ec31a5564da,MORPHO,0.50909024
0xeba5ba85f72e40a9f2b8782c2bd51ec31a5564da,PENGU,0.5027763
0xeba5ba85f72e40a9f2b8782c2bd51ec31a5564da,GRIFFAIN,0.44305554
0xeba5ba85f72e40a9f2b8782c2bd51ec31a5564da,BIO,0.44796392
0xeba5ba85f72e40a9f2b8782c2bd51ec31a5564da,ANIME,0.49619564
0xeba5ba85f72e40a9f2b8782c2bd51ec31a5564da,TRUMP,0.5694499
0xeba5ba85f72e40a9f2b8782c2bd51ec31a5564da,MELANIA,0.5122556
0xeba5ba85f72e40a9f2b8782c2bd51ec31a5564da,VINE,0.50603604
0xeba5ba85f72e40a9f2b8782c2bd51ec31a5564da,LAYER,0.5442024
0xeba5ba85f72e40a9f2b8782c2bd51ec31a5564da,VVV,0.5223009
0xeba5ba85f72e40a9f2b8782c2bd51ec31a5564da,IP,0.51527363
0xeba5ba85f72e40a9f2b8782c2bd51ec31a5564da,NIL,0.3718276
0xeba5ba85f72e40a9f2b8782c2bd51ec31a5564da,KAITO,0.44121742
0xeba5ba85f72e40a9f2b8782c2bd51ec31a5564da,ZORA,0.5111545
0xeba5ba85f72e40a9f2b8782c2bd51ec31a5564da,HYPER,0.5185253
0xeba5ba85f72e40a9f2b8782c2bd51ec31a5564da,ASTER,0.58888286
0xeba5ba85f72e40a9f2b8782c2bd51ec31a5564da,PUMP,0.48497912
0xeba5ba85f72e40a9f2b8782c2bd51ec31a5564da,XPL,0.5280228
0xeba5ba85f72e40a9f2b8782c2bd51ec31a5564da,CC,0.48561248
0xeba5ba85f72e40a9f2b8782c2bd51ec31a5564da,PROVE,0.5158219
0xeba5ba85f72e40a9f2b8782c2bd51ec31a5564da,HEMI,0.41576663
0xeba5ba85f72e40a9f2b8782c2bd51ec31a5564da,AVNT,0.4581367
0xeba5ba85f72e40a9f2b8782c2bd51ec31a5564da,0G,0.49824163
0xeba5ba85f72e40a9f2b8782c2bd51ec31a5564da,2Z,0.5063353
0xeba5ba85f72e40a9f2b8782c2bd51ec31a5564da,LIT,0.46718982
0xf097ed117dd3930f1eeb91569a6a61b4c52744c8,BTC,0.60354036
0xf097ed117dd3930f1eeb91569a6a61b4c52744c8,LTC,0.5648984
0xf097ed117dd3930f1eeb91569a6a61b4c52744c8,XRP,0.54670703
0xf097ed117dd3930f1eeb91569a6a61b4c52744c8,DOGE,0.5411903
0xf097ed117dd3930f1eeb91569a6a61b4c52744c8,DASH,0.5557922
0xf097ed117dd3930f1eeb91569a6a61b4c52744c8,XMR,0.58626163
0xf097ed117dd3930f1eeb91569a6a61b4c52744c8,XLM,0.5091056
0xf097ed117dd3930f1eeb91569a6a61b4c52744c8,ETH,0.60367125
0xf097ed117dd3930f1eeb91569a6a61b4c52744c8,ETC,0.54705215
0xf097ed117dd3930f1eeb91569a6a61b4c52744c8,ZEC,0.55614066
0xf097ed117dd3930f1eeb91569a6a61b4c52744c8,ZEN,0.5603435
0xf097ed117dd3930f1eeb91569a6a61b4c52744c8,IOTA,0.51063555
0xf097ed117dd3930f1eeb91569a6a61b4c52744c8,BCH,0.56196356
0xf097ed117dd3930f1eeb91569a6a61b4c52744c8,BNB,0.5793068
0xf097ed117dd3930f1eeb91569a6a61b4c52744c8,TRX,0.60309994
0xf097ed117dd3930f1eeb91569a6a61b4c52744c8,LINK,0.5402301
0xf097ed117dd3930f1eeb91569a6a61b4c52744c8,ADA,0.47291884
0xf097ed117dd3930f1eeb91569a6a61b4c52744c8,FIL,0.5432858
0xf097ed117dd3930f1eeb91569a6a61b4c52744c8,SNX,0.5832533
0xf097ed117dd3930f1eeb91569a6a61b4c52744c8,BSV,0.47443873
0xf097ed117dd3930f1eeb91569a6a61b4c52744c8,FET,0.52122575
0xf097ed117dd3930f1eeb91569a6a61b4c52744c8,ATOM,0.52536976
0xf097ed117dd3930f1eeb91569a6a61b4c52744c8,RSR,0.51082623
0xf097ed117dd3930f1eeb91569a6a61b4c52744c8,ALGO,0.5207466
0xf097ed117dd3930f1eeb91569a6a61b4c52744c8,RUNE,0.5934113
0xf097ed117dd3930f1eeb91569a6a61b4c52744c8,LUNC,0.509196
0xf097ed117dd3930f1eeb91569a6a61b4c52744c8,HBAR,0.5352332
0xf097ed117dd3930f1eeb91569a6a61b4c52744c8,PAXG,0.6389132
0xf097ed117dd3930f1eeb91569a6a61b4c52744c8,STX,0.5115762
0xf097ed117dd3930f1eeb91569a6a61b4c52744c8,TRB,0.52027667
0xf097ed117dd3930f1eeb91569a6a61b4c52744c8,SOL,0.5559323
0xf097ed117dd3930f1eeb91569a6a61b4c52744c8,CELO,0.4990251
0xf097ed117dd3930f1eeb91569a6a61b4c52744c8,UMA,0.5422804
0xf097ed117dd3930f1eeb91569a6a61b4c52744c8,AR,0.56567425
0xf097ed117dd3930f1eeb91569a6a61b4c52744c8,RENDER,0.5241849
0xf097ed117dd3930f1eeb91569a6a61b4c52744c8,COMP,0.541876
0xf097ed117dd3930f1eeb91569a6a61b4c52744c8,AVAX,0.5643735
0xf097ed117dd3930f1eeb91569a6a61b4c52744c8,SHIB,0.50435126
0xf097ed117dd3930f1eeb91569a6a61b4c52744c8,SAND,0.5173446
0xf097ed117dd3930f1eeb91569a6a61b4c52744c8,NEAR,0.52777404
0xf097ed117dd3930f1eeb91569a6a61b4c52744c8,CRV,0.47749653
0xf097ed117dd3930f1eeb91569a6a61b4c52744c8,DOT,0.5654852
0xf097ed117dd3930f1eeb91569a6a61b4c52744c8,SUSHI,0.52793795
0xf097ed117dd3930f1eeb91569a6a61b4c52744c8,AXS,0.5262617
0xf097ed117dd3930f1eeb91569a6a61b4c52744c8,GALA,0.49478158
0xf097ed117dd3930f1eeb91569a6a61b4c52744c8,UNI,0.491897
0xf097ed117dd3930f1eeb91569a6a61b4c52744c8,CAKE,0.53546065
0xf097ed117dd3930f1eeb91569a6a61b4c52744c8,INJ,0.50498724
0xf097ed117dd3930f1eeb91569a6a61b4c52744c8,AAVE,0.50237584
0xf097ed117dd3930f1eeb91569a6a61b4c52744c8,CFX,0.49673507
0xf097ed117dd3930f1eeb91569a6a61b4c52744c8,LDO,0.48366523
0xf097ed117dd3930f1eeb91569a6a61b4c52744c8,MINA,0.5023545
0xf097ed117dd3930f1eeb91569a6a61b4c52744c8,ICP,0.5600217
0xf097ed117dd3930f1eeb91569a6a61b4c52744c8,PENDLE,0.5104782
0xf097ed117dd3930f1eeb91569a6a61b4c52744c8,IMX,0.5360228
0xf097ed117dd3930f1eeb91569a6a61b4c52744c8,FLOKI,0.51542926
0xf097ed117dd3930f1eeb91569a6a61b4c52744c8,OP,0.5314762
0xf097ed117dd3930f1eeb91569a6a61b4c52744c8,ARB,0.51201254
0xf097ed117dd3930f1eeb91569a6a61b4c52744c8,GMX,0.5361428
0xf097ed117dd3930f1eeb91569a6a61b4c52744c8,WLD,0.52087915
0xf097ed117dd3930f1eeb91569a6a61b4c52744c8,MANTA,0.5202096
0xf097ed117dd3930f1eeb91569a6a61b4c52744c8,ENS,0.5341804
0xf097ed117dd3930f1eeb91569a6a61b4c52744c8,PEOPLE,0.5100511
0xf097ed117dd3930f1eeb91569a6a61b4c52744c8,GMT,0.5110249
0xf097ed117dd3930f1eeb91569a6a61b4c52744c8,APE,0.5300484
0xf097ed117dd3930f1eeb91569a6a61b4c52744c8,APEX,0.5249111
0xf097ed117dd3930f1eeb91569a6a61b4c52744c8,KAS,0.5208698
0xf097ed117dd3930f1eeb91569a6a61b4c52744c8,SUI,0.5164653
0xf097ed117dd3930f1eeb91569a6a61b4c52744c8,ONDO,0.4953613
0xf097ed117dd3930f1eeb91569a6a61b4c52744c8,ZETA,0.5136604
0xf097ed117dd3930f1eeb91569a6a61b4c52744c8,APT,0.5300187
0xf097ed117dd3930f1eeb91569a6a61b4c52744c8,STRK,0.51624095
0xf097ed117dd3930f1eeb91569a6a61b4c52744c8,TIA,0.5259924
0xf097ed117dd3930f1eeb91569a6a61b4c52744c8,TAO,0.553581
0xf097ed117dd3930f1eeb91569a6a61b4c52744c8,BONK,0.4854328
0xf097ed117dd3930f1eeb91569a6a61b4c52744c8,BLUR,0.5067804
0xf097ed117dd3930f1eeb91569a6a61b4c52744c8,SEI,0.52428526
0xf097ed117dd3930f1eeb91569a6a61b4c52744c8,ZK,0.51529634
0xf097ed117dd3930f1eeb91569a6a61b4c52744c8,PEPE,0.5306897
0xf097ed117dd3930f1eeb91569a6a61b4c52744c8,BERA,0.5094339
0xf097ed117dd3930f1eeb91569a6a61b4c52744c8,TURBO,0.5298486
0xf097ed117dd3930f1eeb91569a6a61b4c52744c8,ORDI,0.51470965
0xf097ed117dd3930f1eeb91569a6a61b4c52744c8,ZRO,0.4255174
0xf097ed117dd3930f1eeb91569a6a61b4c52744c8,MNT,0.55798066
0xf097ed117dd3930f1eeb91569a6a61b4c52744c8,LINEA,0.521416
0xf097ed117dd3930f1eeb91569a6a61b4c52744c8,PYTH,0.4645758
0xf097ed117dd3930f1eeb91569a6a61b4c52744c8,MEME,0.48991874
0xf097ed117dd3930f1eeb91569a6a61b4c52744c8,POL,0.51071393
0xf097ed117dd3930f1eeb91569a6a61b4c52744c8,JTO,0.48467866
0xf097ed117dd3930f1eeb91569a6a61b4c52744c8,WIF,0.54155606
0xf097ed117dd3930f1eeb91569a6a61b4c52744c8,POPCAT,0.52528065
0xf097ed117dd3930f1eeb91569a6a61b4c52744c8,NOT,0.5178478
0xf097ed117dd3930f1eeb91569a6a61b4c52744c8,DYM,0.4388643
0xf097ed117dd3930f1eeb91569a6a61b4c52744c8,XAI,0.46830177
0xf097ed117dd3930f1eeb91569a6a61b4c52744c8,ALT,0.487938
0xf097ed117dd3930f1eeb91569a6a61b4c52744c8,JUP,0.519513
0xf097ed117dd3930f1eeb91569a6a61b4c52744c8,AERO,0.51762825
0xf097ed117dd3930f1eeb91569a6a61b4c52744c8,VIRTUAL,0.5111735
0xf097ed117dd3930f1eeb91569a6a61b4c52744c8,W,0.52724624
0xf097ed117dd3930f1eeb91569a6a61b4c52744c8,BRETT,0.47521874
0xf097ed117dd3930f1eeb91569a6a61b4c52744c8,ETHFI,0.4936693
0xf097ed117dd3930f1eeb91569a6a61b4c52744c8,IO,0.5239429
0xf097ed117dd3930f1eeb91569a6a61b4c52744c8,BOME,0.46356785
0xf097ed117dd3930f1eeb91569a6a61b4c52744c8,sENA,0.5325957
0xf097ed117dd3930f1eeb91569a6a61b4c52744c8,TNSR,0.49015793
0xf097ed117dd3930f1eeb91569a6a61b4c52744c8,EIGEN,0.5214345
0xf097ed117dd3930f1eeb91569a6a61b4c52744c8,MON,0.52614594
0xf097ed117dd3930f1eeb91569a6a61b4c52744c8,MERL,0.49381837
0xf097ed117dd3930f1eeb91569a6a61b4c52744c8,REZ,0.43842912
0xf097ed117dd3930f1eeb91569a6a61b4c52744c8,SOPH,0.49220407
0xf097ed117dd3930f1eeb91569a6a61b4c52744c8,HYPE,0.5421539
0xf097ed117dd3930f1eeb91569a6a61b4c52744c8,ME,0.48599213
0xf097ed117dd3930f1eeb91569a6a61b4c52744c8,BABY,0.4151018
0xf097ed117dd3930f1eeb91569a6a61b4c52744c8,MOVE,0.5113781
0xf097ed117dd3930f1eeb91569a6a61b4c52744c8,NEIRO,0.446279
0xf097ed117dd3930f1eeb91569a6a61b4c52744c8,S,0.49267036
0xf097ed117dd3930f1eeb91569a6a61b4c52744c8,GRASS,0.5053688
0xf097ed117dd3930f1eeb91569a6a61b4c52744c8,SKY,0.50678813
0xf097ed117dd3930f1eeb91569a6a61b4c52744c8,INIT,0.49303252
0xf097ed117dd3930f1eeb91569a6a61b4c52744c8,WCT,0.51662576
0xf097ed117dd3930f1eeb91569a6a61b4c52744c8,WLFI,0.534753
0xf097ed117dd3930f1eeb91569a6a61b4c52744c8,GOAT,0.48217764
0xf097ed117dd3930f1eeb91569a6a61b4c52744c8,FARTCOIN,0.52355313
0xf097ed117dd3930f1eeb91569a6a61b4c52744c8,PNUT,0.4855407
0xf097ed117dd3930f1eeb91569a6a61b4c52744c8,SYRUP,0.48109847
0xf097ed117dd3930f1eeb91569a6a61b4c52744c8,USUAL,0.46793443
0xf097ed117dd3930f1eeb91569a6a61b4c52744c8,AIXBT,0.46974677
0xf097ed117dd3930f1eeb91569a6a61b4c52744c8,MORPHO,0.5258909
0xf097ed117dd3930f1eeb91569a6a61b4c52744c8,PENGU,0.4928436
0xf097ed117dd3930f1eeb91569a6a61b4c52744c8,GRIFFAIN,0.44873747
0xf097ed117dd3930f1eeb91569a6a61b4c52744c8,BIO,0.43621385
0xf097ed117dd3930f1eeb91569a6a61b4c52744c8,ANIME,0.4927493
0xf097ed117dd3930f1eeb91569a6a61b4c52744c8,TRUMP,0.5651607
0xf097ed117dd3930f1eeb91569a6a61b4c52744c8,MELANIA,0.5243259
0xf097ed117dd3930f1eeb91569a6a61b4c52744c8,VINE,0.47684947
0xf097ed117dd3930f1eeb91569a6a61b4c52744c8,LAYER,0.532121
0xf097ed117dd3930f1eeb91569a6a61b4c52744c8,VVV,0.51625735
0xf097ed117dd3930f1eeb91569a6a61b4c52744c8,IP,0.5229341
0xf097ed117dd3930f1eeb91569a6a61b4c52744c8,NIL,0.40126604
0xf097ed117dd3930f1eeb91569a6a61b4c52744c8,KAITO,0.40962794
0xf097ed117dd3930f1eeb91569a6a61b4c52744c8,ZORA,0.4992909
0xf097ed117dd3930f1eeb91569a6a61b4c52744c8,HYPER,0.5138914
0xf097ed117dd3930f1eeb91569a6a61b4c52744c8,ASTER,0.58297396
0xf097ed117dd3930f1eeb91569a6a61b4c52744c8,PUMP,0.4490814
0xf097ed117dd3930f1eeb91569a6a61b4c52744c8,XPL,0.5344362
0xf097ed117dd3930f1eeb91569a6a61b4c52744c8,CC,0.4775193
0xf097ed117dd3930f1eeb91569a6a61b4c52744c8,PROVE,0.5198455
0xf097ed117dd3930f1eeb91569a6a61b4c52744c8,HEMI,0.42020285
0xf097ed117dd3930f1eeb91569a6a61b4c52744c8,AVNT,0.46348688
0xf097ed117dd3930f1eeb91569a6a61b4c52744c8,0G,0.48044622
0xf097ed117dd3930f1eeb91569a6a61b4c52744c8,2Z,0.50043684
0xf097ed117dd3930f1eeb91569a6a61b4c52744c8,LIT,0.47570252
0xf8d50e3283fb6bf41260f7f294a48587d2a9b1fa,SKY,0.5369361696503832
0xf8d50e3283fb6bf41260f7f294a48587d2a9b1fa,TRX,0.5692908375970576
0xf8d50e3283fb6bf41260f7f294a48587d2a9b1fa,XLM,0.5167472738097191
0xf8d50e3283fb6bf41260f7f294a48587d2a9b1fa,XMR,0.5580851273405004
0xf8d50e3283fb6bf41260f7f294a48587d2a9b1fa,XRP,0.5659218437658029
0xf8d50e3283fb6bf41260f7f294a48587d2a9b1fa,ZEC,0.4881953069366419
0xf8d50e3283fb6bf41260f7f294a48587d2a9b1fa,BCH,0.5095465507750637
0xf8d50e3283fb6bf41260f7f294a48587d2a9b1fa,BTC,0.539454334042479
0xf8d50e3283fb6bf41260f7f294a48587d2a9b1fa,DOGE,0.6263789939018758
0xf8d50e3283fb6bf41260f7f294a48587d2a9b1fa,ETC,0.550018624585181
0xf8d50e3283fb6bf41260f7f294a48587d2a9b1fa,LTC,0.5408193193160101
0xf8d50e3283fb6bf41260f7f294a48587d2a9b1fa,ETH,0.5648412796610612
0xf8d50e3283fb6bf41260f7f294a48587d2a9b1fa,ADA,0.4829108352000225
0xf8d50e3283fb6bf41260f7f294a48587d2a9b1fa,LINK,0.5715193088816302
0xf8d50e3283fb6bf41260f7f294a48587d2a9b1fa,S,0.520926236221139
0xf8d50e3283fb6bf41260f7f294a48587d2a9b1fa,ATOM,0.5082808985036631
0xf8d50e3283fb6bf41260f7f294a48587d2a9b1fa,SNX,0.5463185687698782
0xf8d50e3283fb6bf41260f7f294a48587d2a9b1fa,RSR,0.5105108854732485
0xf8d50e3283fb6bf41260f7f294a48587d2a9b1fa,ALGO,0.538789411342888
0xf8d50e3283fb6bf41260f7f294a48587d2a9b1fa,RUNE,0.5632564873403335
0xf8d50e3283fb6bf41260f7f294a48587d2a9b1fa,TRB,0.5367275615441911
0xf8d50e3283fb6bf41260f7f294a48587d2a9b1fa,SOL,0.5816517504336477
0xf8d50e3283fb6bf41260f7f294a48587d2a9b1fa,UMA,0.5188006934752811
0xf8d50e3283fb6bf41260f7f294a48587d2a9b1fa,PAXG,0.5763642117804697
0xf8d50e3283fb6bf41260f7f294a48587d2a9b1fa,COMP,0.5624904235574664
0xf8d50e3283fb6bf41260f7f294a48587d2a9b1fa,AVAX,0.5809389384191068
0xf8d50e3283fb6bf41260f7f294a48587d2a9b1fa,SAND,0.5773638621396029
0xf8d50e3283fb6bf41260f7f294a48587d2a9b1fa,CRV,0.472152659873031
0xf8d50e3283fb6bf41260f7f294a48587d2a9b1fa,LAYER,0.5443933605116689
0xf8d50e3283fb6bf41260f7f294a48587d2a9b1fa,DOT,0.5490426683388308
0xf8d50e3283fb6bf41260f7f294a48587d2a9b1fa,SUSHI,0.4966178703684927
0xf8d50e3283fb6bf41260f7f294a48587d2a9b1fa,UNI,0.4873772578884565
0xf8d50e3283fb6bf41260f7f294a48587d2a9b1fa,AAVE,0.4993236992132793
0xf8d50e3283fb6bf41260f7f294a48587d2a9b1fa,NEAR,0.5633300268413596
0xf8d50e3283fb6bf41260f7f294a48587d2a9b1fa,FIL,0.542036648041844
0xf8d50e3283fb6bf41260f7f294a48587d2a9b1fa,AXS,0.4915689485723752
0xf8d50e3283fb6bf41260f7f294a48587d2a9b1fa,INJ,0.5176231568452981
0xf8d50e3283fb6bf41260f7f294a48587d2a9b1fa,ZORA,0.5188398816897661
0xf8d50e3283fb6bf41260f7f294a48587d2a9b1fa,CELO,0.5368759959488504
0xf8d50e3283fb6bf41260f7f294a48587d2a9b1fa,LIT,0.4299411090467832
0xf8d50e3283fb6bf41260f7f294a48587d2a9b1fa,SHIB,0.5790844544852797
0xf8d50e3283fb6bf41260f7f294a48587d2a9b1fa,ICP,0.5139030811532292
0xf8d50e3283fb6bf41260f7f294a48587d2a9b1fa,RENDER,0.5636292240811889
0xf8d50e3283fb6bf41260f7f294a48587d2a9b1fa,LDO,0.5176300153989958
0xf8d50e3283fb6bf41260f7f294a48587d2a9b1fa,GALA,0.5092657274825432
0xf8d50e3283fb6bf41260f7f294a48587d2a9b1fa,FET,0.553293610315839
0xf8d50e3283fb6bf41260f7f294a48587d2a9b1fa,ENS,0.5852336088715258
0xf8d50e3283fb6bf41260f7f294a48587d2a9b1fa,IMX,0.5436191173489707
0xf8d50e3283fb6bf41260f7f294a48587d2a9b1fa,PEOPLE,0.4781577220459722
0xf8d50e3283fb6bf41260f7f294a48587d2a9b1fa,GMT,0.5768012561910473
0xf8d50e3283fb6bf41260f7f294a48587d2a9b1fa,FLOKI,0.519643077200514
0xf8d50e3283fb6bf41260f7f294a48587d2a9b1fa,POL,0.528336926046966
0xf8d50e3283fb6bf41260f7f294a48587d2a9b1fa,APE,0.5380605283347973
0xf8d50e3283fb6bf41260f7f294a48587d2a9b1fa,GMX,0.5438044812038276
0xf8d50e3283fb6bf41260f7f294a48587d2a9b1fa,BLUR,0.5229922794832988
0xf8d50e3283fb6bf41260f7f294a48587d2a9b1fa,PENDLE,0.5220209356002072
0xf8d50e3283fb6bf41260f7f294a48587d2a9b1fa,MINA,0.5061707995776641
0xf8d50e3283fb6bf41260f7f294a48587d2a9b1fa,LUNC,0.5549363124524679
0xf8d50e3283fb6bf41260f7f294a48587d2a9b1fa,MEME,0.4719411271234514
0xf8d50e3283fb6bf41260f7f294a48587d2a9b1fa,OP,0.5371844086131272
0xf8d50e3283fb6bf41260f7f294a48587d2a9b1fa,ZEN,0.5024554952583655
0xf8d50e3283fb6bf41260f7f294a48587d2a9b1fa,STRK,0.5140706614458791
0xf8d50e3283fb6bf41260f7f294a48587d2a9b1fa,STX,0.5482662507006759
0xf8d50e3283fb6bf41260f7f294a48587d2a9b1fa,CFX,0.5392804508072664
0xf8d50e3283fb6bf41260f7f294a48587d2a9b1fa,CAKE,0.5210626256451413
0xf8d50e3283fb6bf41260f7f294a48587d2a9b1fa,DASH,0.5416969558112854
0xf8d50e3283fb6bf41260f7f294a48587d2a9b1fa,BSV,0.4619166050631238
0xf8d50e3283fb6bf41260f7f294a48587d2a9b1fa,AR,0.5787545288774106
0xf8d50e3283fb6bf41260f7f294a48587d2a9b1fa,APT,0.4976077030874519
0xf8d50e3283fb6bf41260f7f294a48587d2a9b1fa,ALT,0.4977889331921266
0xf8d50e3283fb6bf41260f7f294a48587d2a9b1fa,BNB,0.5661641846533357
0xf8d50e3283fb6bf41260f7f294a48587d2a9b1fa,BONK,0.5219919254950969
0xf8d50e3283fb6bf41260f7f294a48587d2a9b1fa,BABY,0.4266194590529282
0xf8d50e3283fb6bf41260f7f294a48587d2a9b1fa,HBAR,0.5271548027100194
0xf8d50e3283fb6bf41260f7f294a48587d2a9b1fa,KAS,0.5588968605618562
0xf8d50e3283fb6bf41260f7f294a48587d2a9b1fa,PEPE,0.5630623037993898
0xf8d50e3283fb6bf41260f7f294a48587d2a9b1fa,ORDI,0.5300689843990742
0xf8d50e3283fb6bf41260f7f294a48587d2a9b1fa,SUI,0.5673077091892971
0xf8d50e3283fb6bf41260f7f294a48587d2a9b1fa,MNT,0.5419495148809171
0xf8d50e3283fb6bf41260f7f294a48587d2a9b1fa,IOTA,0.4959764720572302
0xf8d50e3283fb6bf41260f7f294a48587d2a9b1fa,TURBO,0.4836342062759791
0xf8d50e3283fb6bf41260f7f294a48587d2a9b1fa,TIA,0.5080932945592858
0xf8d50e3283fb6bf41260f7f294a48587d2a9b1fa,SEI,0.5118457295611115
0xf8d50e3283fb6bf41260f7f294a48587d2a9b1fa,TAO,0.5506056573664638
0xf8d50e3283fb6bf41260f7f294a48587d2a9b1fa,JTO,0.5149268380291969
0xf8d50e3283fb6bf41260f7f294a48587d2a9b1fa,PYTH,0.4708098601439802
0xf8d50e3283fb6bf41260f7f294a48587d2a9b1fa,MANTA,0.5177236545638539
0xf8d50e3283fb6bf41260f7f294a48587d2a9b1fa,ONDO,0.489220539190871
0xf8d50e3283fb6bf41260f7f294a48587d2a9b1fa,WIF,0.5266444890938201
0xf8d50e3283fb6bf41260f7f294a48587d2a9b1fa,XAI,0.4868531037302894
0xf8d50e3283fb6bf41260f7f294a48587d2a9b1fa,ZETA,0.5183782808609014
0xf8d50e3283fb6bf41260f7f294a48587d2a9b1fa,JUP,0.503244516107773
0xf8d50e3283fb6bf41260f7f294a48587d2a9b1fa,DYM,0.3995355337929845
0xf8d50e3283fb6bf41260f7f294a48587d2a9b1fa,TRUMP,0.5816208162363956
0xf8d50e3283fb6bf41260f7f294a48587d2a9b1fa,APEX,0.5483486567679571
0xf8d50e3283fb6bf41260f7f294a48587d2a9b1fa,ARB,0.5482808296118947
0xf8d50e3283fb6bf41260f7f294a48587d2a9b1fa,BOME,0.439225880270625
0xf8d50e3283fb6bf41260f7f294a48587d2a9b1fa,HYPER,0.4916570997007466
0xf8d50e3283fb6bf41260f7f294a48587d2a9b1fa,ETHFI,0.5803352105560362
0xf8d50e3283fb6bf41260f7f294a48587d2a9b1fa,BRETT,0.5106187804231945
0xf8d50e3283fb6bf41260f7f294a48587d2a9b1fa,W,0.516743983794508
0xf8d50e3283fb6bf41260f7f294a48587d2a9b1fa,GOAT,0.4892541113108799
0xf8d50e3283fb6bf41260f7f294a48587d2a9b1fa,POPCAT,0.4961775663976304
0xf8d50e3283fb6bf41260f7f294a48587d2a9b1fa,MERL,0.5015406175954753
0xf8d50e3283fb6bf41260f7f294a48587d2a9b1fa,ZK,0.5311615524609358
0xf8d50e3283fb6bf41260f7f294a48587d2a9b1fa,TNSR,0.455235769792468
0xf8d50e3283fb6bf41260f7f294a48587d2a9b1fa,AERO,0.4888160146924376
0xf8d50e3283fb6bf41260f7f294a48587d2a9b1fa,REZ,0.3899686899054468
0xf8d50e3283fb6bf41260f7f294a48587d2a9b1fa,NOT,0.4898334809165026
0xf8d50e3283fb6bf41260f7f294a48587d2a9b1fa,MON,0.5184915259468478
0xf8d50e3283fb6bf41260f7f294a48587d2a9b1fa,VIRTUAL,0.5373884924852707
0xf8d50e3283fb6bf41260f7f294a48587d2a9b1fa,IO,0.5580048185511888
0xf8d50e3283fb6bf41260f7f294a48587d2a9b1fa,ZRO,0.4359967190482687
0xf8d50e3283fb6bf41260f7f294a48587d2a9b1fa,WLD,0.5429500699473266
0xf8d50e3283fb6bf41260f7f294a48587d2a9b1fa,NEIRO,0.4168728502486995
0xf8d50e3283fb6bf41260f7f294a48587d2a9b1fa,EIGEN,0.5346308253481965
0xf8d50e3283fb6bf41260f7f294a48587d2a9b1fa,MOVE,0.5643422525391157
0xf8d50e3283fb6bf41260f7f294a48587d2a9b1fa,FARTCOIN,0.500296090823102
0xf8d50e3283fb6bf41260f7f294a48587d2a9b1fa,GRASS,0.5787015766757544
0xf8d50e3283fb6bf41260f7f294a48587d2a9b1fa,PNUT,0.4833594504595259
0xf8d50e3283fb6bf41260f7f294a48587d2a9b1fa,USUAL,0.4868006468430193
0xf8d50e3283fb6bf41260f7f294a48587d2a9b1fa,MORPHO,0.5191709870696046
0xf8d50e3283fb6bf41260f7f294a48587d2a9b1fa,AIXBT,0.4388659556828261
0xf8d50e3283fb6bf41260f7f294a48587d2a9b1fa,HYPE,0.6097834484219258
0xf8d50e3283fb6bf41260f7f294a48587d2a9b1fa,ME,0.4959977294884291
0xf8d50e3283fb6bf41260f7f294a48587d2a9b1fa,PENGU,0.5030880648857119
0xf8d50e3283fb6bf41260f7f294a48587d2a9b1fa,sENA,0.5072343962713531
0xf8d50e3283fb6bf41260f7f294a48587d2a9b1fa,BIO,0.4801938421391367
0xf8d50e3283fb6bf41260f7f294a48587d2a9b1fa,GRIFFAIN,0.4414846118224272
0xf8d50e3283fb6bf41260f7f294a48587d2a9b1fa,MELANIA,0.5206361432713408
0xf8d50e3283fb6bf41260f7f294a48587d2a9b1fa,VINE,0.5640769378812719
0xf8d50e3283fb6bf41260f7f294a48587d2a9b1fa,ANIME,0.4916001058045991
0xf8d50e3283fb6bf41260f7f294a48587d2a9b1fa,VVV,0.5529708059532076
0xf8d50e3283fb6bf41260f7f294a48587d2a9b1fa,SYRUP,0.5228586844848422
0xf8d50e3283fb6bf41260f7f294a48587d2a9b1fa,BERA,0.533617414712849
0xf8d50e3283fb6bf41260f7f294a48587d2a9b1fa,IP,0.5932467160105158
0xf8d50e3283fb6bf41260f7f294a48587d2a9b1fa,KAITO,0.5214751981810705
0xf8d50e3283fb6bf41260f7f294a48587d2a9b1fa,NIL,0.3700624691770617
0xf8d50e3283fb6bf41260f7f294a48587d2a9b1fa,WCT,0.5084080787345482
0xf8d50e3283fb6bf41260f7f294a48587d2a9b1fa,PUMP,0.3980399385898541
0xf8d50e3283fb6bf41260f7f294a48587d2a9b1fa,INIT,0.4707443107486241
0xf8d50e3283fb6bf41260f7f294a48587d2a9b1fa,SOPH,0.5020933827729885
0xf8d50e3283fb6bf41260f7f294a48587d2a9b1fa,PROVE,0.4700048623577429
0xf8d50e3283fb6bf41260f7f294a48587d2a9b1fa,WLFI,0.5414751218883044
0xf8d50e3283fb6bf41260f7f294a48587d2a9b1fa,0G,0.4646494355409774
0xf8d50e3283fb6bf41260f7f294a48587d2a9b1fa,ASTER,0.5247527545648124
0xf8d50e3283fb6bf41260f7f294a48587d2a9b1fa,AVNT,0.4632365605545006
0xf8d50e3283fb6bf41260f7f294a48587d2a9b1fa,LINEA,0.5070663264763603
0xf8d50e3283fb6bf41260f7f294a48587d2a9b1fa,HEMI,0.3634590877738889
0xf8d50e3283fb6bf41260f7f294a48587d2a9b1fa,XPL,0.5209930851237083
0xf8d50e3283fb6bf41260f7f294a48587d2a9b1fa,2Z,0.5030968830565334
0xf8d50e3283fb6bf41260f7f294a48587d2a9b1fa,CC,0.5071844556135953
0xfb2744ba3942d3bbf6717448e82299b731ca7ae7,BTC,0.5812967246653525
0xfb2744ba3942d3bbf6717448e82299b731ca7ae7,LTC,0.5447184242504775
0xfb2744ba3942d3bbf6717448e82299b731ca7ae7,XRP,0.5139220033943119
0xfb2744ba3942d3bbf6717448e82299b731ca7ae7,DOGE,0.5757585675697557
0xfb2744ba3942d3bbf6717448e82299b731ca7ae7,DASH,0.5625658394093277
0xfb2744ba3942d3bbf6717448e82299b731ca7ae7,XMR,0.5749209269995593
0xfb2744ba3942d3bbf6717448e82299b731ca7ae7,XLM,0.4723852938877706
0xfb2744ba3942d3bbf6717448e82299b731ca7ae7,ETH,0.6043357449564387
0xfb2744ba3942d3bbf6717448e82299b731ca7ae7,ETC,0.5810315570103382
0xfb2744ba3942d3bbf6717448e82299b731ca7ae7,ZEC,0.5105038501490446
0xfb2744ba3942d3bbf6717448e82299b731ca7ae7,ZEN,0.5215422290051324
0xfb2744ba3942d3bbf6717448e82299b731ca7ae7,IOTA,0.5080767166883776
0xfb2744ba3942d3bbf6717448e82299b731ca7ae7,BCH,0.5379300483089476
0xfb2744ba3942d3bbf6717448e82299b731ca7ae7,BNB,0.5548927669650909
0xfb2744ba3942d3bbf6717448e82299b731ca7ae7,TRX,0.5738635091472415
0xfb2744ba3942d3bbf6717448e82299b731ca7ae7,LINK,0.5433577277689523
0xfb2744ba3942d3bbf6717448e82299b731ca7ae7,ADA,0.4898520318552235
0xfb2744ba3942d3bbf6717448e82299b731ca7ae7,FIL,0.526340150772486
0xfb2744ba3942d3bbf6717448e82299b731ca7ae7,SNX,0.544115573894551
0xfb2744ba3942d3bbf6717448e82299b731ca7ae7,BSV,0.5008731804486924
0xfb2744ba3942d3bbf6717448e82299b731ca7ae7,FET,0.5451490208166804
0xfb2744ba3942d3bbf6717448e82299b731ca7ae7,ATOM,0.5522178228639119
0xfb2744ba3942d3bbf6717448e82299b731ca7ae7,RSR,0.5241095387419553
0xfb2744ba3942d3bbf6717448e82299b731ca7ae7,ALGO,0.5625293019361947
0xfb2744ba3942d3bbf6717448e82299b731ca7ae7,RUNE,0.5552983158346997
0xfb2744ba3942d3bbf6717448e82299b731ca7ae7,LUNC,0.503576099965348
0xfb2744ba3942d3bbf6717448e82299b731ca7ae7,HBAR,0.5009095996086873
0xfb2744ba3942d3bbf6717448e82299b731ca7ae7,PAXG,0.6191098172554418
0xfb2744ba3942d3bbf6717448e82299b731ca7ae7,STX,0.530592929821438
0xfb2744ba3942d3bbf6717448e82299b731ca7ae7,TRB,0.526756004438472
0xfb2744ba3942d3bbf6717448e82299b731ca7ae7,SOL,0.6079951272820151
0xfb2744ba3942d3bbf6717448e82299b731ca7ae7,CELO,0.5190701397522917
0xfb2744ba3942d3bbf6717448e82299b731ca7ae7,UMA,0.5580174978342906
0xfb2744ba3942d3bbf6717448e82299b731ca7ae7,AR,0.5786265998816061
0xfb2744ba3942d3bbf6717448e82299b731ca7ae7,RENDER,0.5458206105838866
0xfb2744ba3942d3bbf6717448e82299b731ca7ae7,COMP,0.5300192643987865
0xfb2744ba3942d3bbf6717448e82299b731ca7ae7,AVAX,0.5402758384355929
0xfb2744ba3942d3bbf6717448e82299b731ca7ae7,SHIB,0.5133116960491929
0xfb2744ba3942d3bbf6717448e82299b731ca7ae7,SAND,0.5237674716931879
0xfb2744ba3942d3bbf6717448e82299b731ca7ae7,NEAR,0.5422709847156713
0xfb2744ba3942d3bbf6717448e82299b731ca7ae7,CRV,0.4972961242523934
0xfb2744ba3942d3bbf6717448e82299b731ca7ae7,DOT,0.5456146515975103
0xfb2744ba3942d3bbf6717448e82299b731ca7ae7,SUSHI,0.4714640761309407
0xfb2744ba3942d3bbf6717448e82299b731ca7ae7,AXS,0.5197118190374717
0xfb2744ba3942d3bbf6717448e82299b731ca7ae7,GALA,0.501097540373829
0xfb2744ba3942d3bbf6717448e82299b731ca7ae7,UNI,0.4756799004425577
0xfb2744ba3942d3bbf6717448e82299b731ca7ae7,CAKE,0.5410150706864533
0xfb2744ba3942d3bbf6717448e82299b731ca7ae7,INJ,0.5051128153107034
0xfb2744ba3942d3bbf6717448e82299b731ca7ae7,AAVE,0.4900588213647933
0xfb2744ba3942d3bbf6717448e82299b731ca7ae7,CFX,0.492398510012858
0xfb2744ba3942d3bbf6717448e82299b731ca7ae7,LDO,0.499338843921764
0xfb2744ba3942d3bbf6717448e82299b731ca7ae7,MINA,0.505992666853742
0xfb2744ba3942d3bbf6717448e82299b731ca7ae7,ICP,0.5362169465677525
0xfb2744ba3942d3bbf6717448e82299b731ca7ae7,PENDLE,0.5275513723275461
0xfb2744ba3942d3bbf6717448e82299b731ca7ae7,IMX,0.5565531876713424
0xfb2744ba3942d3bbf6717448e82299b731ca7ae7,FLOKI,0.5029686225951099
0xfb2744ba3942d3bbf6717448e82299b731ca7ae7,OP,0.489445189177135
0xfb2744ba3942d3bbf6717448e82299b731ca7ae7,ARB,0.5102473098244832
0xfb2744ba3942d3bbf6717448e82299b731ca7ae7,GMX,0.5336827838957084
0xfb2744ba3942d3bbf6717448e82299b731ca7ae7,WLD,0.539048093702389
0xfb2744ba3942d3bbf6717448e82299b731ca7ae7,MANTA,0.498146709840223
0xfb2744ba3942d3bbf6717448e82299b731ca7ae7,ENS,0.5482880971465826
0xfb2744ba3942d3bbf6717448e82299b731ca7ae7,PEOPLE,0.5221720513251978
0xfb2744ba3942d3bbf6717448e82299b731ca7ae7,GMT,0.5068645637753875
0xfb2744ba3942d3bbf6717448e82299b731ca7ae7,APE,0.5016776549972578
0xfb2744ba3942d3bbf6717448e82299b731ca7ae7,APEX,0.5976700849234414
0xfb2744ba3942d3bbf6717448e82299b731ca7ae7,KAS,0.5347235293149254
0xfb2744ba3942d3bbf6717448e82299b731ca7ae7,SUI,0.5404391027937577
0xfb2744ba3942d3bbf6717448e82299b731ca7ae7,ONDO,0.4919160722124498
0xfb2744ba3942d3bbf6717448e82299b731ca7ae7,ZETA,0.518790359846247
0xfb2744ba3942d3bbf6717448e82299b731ca7ae7,APT,0.5184046351800519
0xfb2744ba3942d3bbf6717448e82299b731ca7ae7,STRK,0.549138936211743
0xfb2744ba3942d3bbf6717448e82299b731ca7ae7,TIA,0.5388099673552026
0xfb2744ba3942d3bbf6717448e82299b731ca7ae7,TAO,0.5204040208318138
0xfb2744ba3942d3bbf6717448e82299b731ca7ae7,BONK,0.4804536140621169
0xfb2744ba3942d3bbf6717448e82299b731ca7ae7,BLUR,0.5169059967150389
0xfb2744ba3942d3bbf6717448e82299b731ca7ae7,SEI,0.5347224624671135
0xfb2744ba3942d3bbf6717448e82299b731ca7ae7,ZK,0.5339914155709844
0xfb2744ba3942d3bbf6717448e82299b731ca7ae7,PEPE,0.5394618965168058
0xfb2744ba3942d3bbf6717448e82299b731ca7ae7,BERA,0.5222502256858689
0xfb2744ba3942d3bbf6717448e82299b731ca7ae7,TURBO,0.500120199013497
0xfb2744ba3942d3bbf6717448e82299b731ca7ae7,ORDI,0.5120225650941638
0xfb2744ba3942d3bbf6717448e82299b731ca7ae7,ZRO,0.4536631032465362
0xfb2744ba3942d3bbf6717448e82299b731ca7ae7,MNT,0.5269358660149323
0xfb2744ba3942d3bbf6717448e82299b731ca7ae7,LINEA,0.50504032547463
0xfb2744ba3942d3bbf6717448e82299b731ca7ae7,PYTH,0.4814341745632782
0xfb2744ba3942d3bbf6717448e82299b731ca7ae7,MEME,0.4944471475315053
0xfb2744ba3942d3bbf6717448e82299b731ca7ae7,POL,0.501011694535833
0xfb2744ba3942d3bbf6717448e82299b731ca7ae7,JTO,0.4789571191952437
0xfb2744ba3942d3bbf6717448e82299b731ca7ae7,WIF,0.5217467033929615
0xfb2744ba3942d3bbf6717448e82299b731ca7ae7,POPCAT,0.4883259243934177
0xfb2744ba3942d3bbf6717448e82299b731ca7ae7,NOT,0.5021756723570311
0xfb2744ba3942d3bbf6717448e82299b731ca7ae7,DYM,0.3884563272628255
0xfb2744ba3942d3bbf6717448e82299b731ca7ae7,XAI,0.4961610641305562
0xfb2744ba3942d3bbf6717448e82299b731ca7ae7,ALT,0.4746939784358656
0xfb2744ba3942d3bbf6717448e82299b731ca7ae7,JUP,0.5515644046106932
0xfb2744ba3942d3bbf6717448e82299b731ca7ae7,AERO,0.5345451409226522
0xfb2744ba3942d3bbf6717448e82299b731ca7ae7,VIRTUAL,0.5089127023430583
0xfb2744ba3942d3bbf6717448e82299b731ca7ae7,W,0.5235237668533432
0xfb2744ba3942d3bbf6717448e82299b731ca7ae7,BRETT,0.5108875292316238
0xfb2744ba3942d3bbf6717448e82299b731ca7ae7,ETHFI,0.4824775573705946
0xfb2744ba3942d3bbf6717448e82299b731ca7ae7,IO,0.5488969498756654
0xfb2744ba3942d3bbf6717448e82299b731ca7ae7,BOME,0.4345308464413668
0xfb2744ba3942d3bbf6717448e82299b731ca7ae7,sENA,0.5123028775046882
0xfb2744ba3942d3bbf6717448e82299b731ca7ae7,TNSR,0.4781938892557078
0xfb2744ba3942d3bbf6717448e82299b731ca7ae7,EIGEN,0.5281171479682835
0xfb2744ba3942d3bbf6717448e82299b731ca7ae7,MON,0.5170382599679223
0xfb2744ba3942d3bbf6717448e82299b731ca7ae7,MERL,0.4561208602660423
0xfb2744ba3942d3bbf6717448e82299b731ca7ae7,REZ,0.3889096445308198
0xfb2744ba3942d3bbf6717448e82299b731ca7ae7,SOPH,0.4883397138533288
0xfb2744ba3942d3bbf6717448e82299b731ca7ae7,HYPE,0.5551674515912027
0xfb2744ba3942d3bbf6717448e82299b731ca7ae7,ME,0.4566169698281659
0xfb2744ba3942d3bbf6717448e82299b731ca7ae7,BABY,0.4276989491434257
0xfb2744ba3942d3bbf6717448e82299b731ca7ae7,MOVE,0.5232455523472564
0xfb2744ba3942d3bbf6717448e82299b731ca7ae7,NEIRO,0.4301506040743139
0xfb2744ba3942d3bbf6717448e82299b731ca7ae7,S,0.5288427832820387
0xfb2744ba3942d3bbf6717448e82299b731ca7ae7,GRASS,0.564348252291513
0xfb2744ba3942d3bbf6717448e82299b731ca7ae7,SKY,0.5311936453199074
0xfb2744ba3942d3bbf6717448e82299b731ca7ae7,INIT,0.4739811672328982
0xfb2744ba3942d3bbf6717448e82299b731ca7ae7,WCT,0.5258565127607518
0xfb2744ba3942d3bbf6717448e82299b731ca7ae7,WLFI,0.5303397598886087
0xfb2744ba3942d3bbf6717448e82299b731ca7ae7,GOAT,0.4674175239924067
0xfb2744ba3942d3bbf6717448e82299b731ca7ae7,FARTCOIN,0.4696928806908511
0xfb2744ba3942d3bbf6717448e82299b731ca7ae7,PNUT,0.4598456519783838
0xfb2744ba3942d3bbf6717448e82299b731ca7ae7,SYRUP,0.4906874762746405
0xfb2744ba3942d3bbf6717448e82299b731ca7ae7,USUAL,0.4465192619144532
0xfb2744ba3942d3bbf6717448e82299b731ca7ae7,AIXBT,0.4333075210426205
0xfb2744ba3942d3bbf6717448e82299b731ca7ae7,MORPHO,0.5231920048298553
0xfb2744ba3942d3bbf6717448e82299b731ca7ae7,PENGU,0.4775564216982247
0xfb2744ba3942d3bbf6717448e82299b731ca7ae7,GRIFFAIN,0.4583168231416225
0xfb2744ba3942d3bbf6717448e82299b731ca7ae7,BIO,0.4559632806956031
0xfb2744ba3942d3bbf6717448e82299b731ca7ae7,ANIME,0.4581126294198319
0xfb2744ba3942d3bbf6717448e82299b731ca7ae7,TRUMP,0.5510965839284279
0xfb2744ba3942d3bbf6717448e82299b731ca7ae7,MELANIA,0.511572614458698
0xfb2744ba3942d3bbf6717448e82299b731ca7ae7,VINE,0.4993838487030582
0xfb2744ba3942d3bbf6717448e82299b731ca7ae7,LAYER,0.5244968225515624
0xfb2744ba3942d3bbf6717448e82299b731ca7ae7,VVV,0.5094400875809781
0xfb2744ba3942d3bbf6717448e82299b731ca7ae7,IP,0.5652777385052615
0xfb2744ba3942d3bbf6717448e82299b731ca7ae7,NIL,0.3742368608745591
0xfb2744ba3942d3bbf6717448e82299b731ca7ae7,KAITO,0.485275880243073
0xfb2744ba3942d3bbf6717448e82299b731ca7ae7,ZORA,0.5084720279512593
0xfb2744ba3942d3bbf6717448e82299b731ca7ae7,HYPER,0.4891326211396274
0xfb2744ba3942d3bbf6717448e82299b731ca7ae7,ASTER,0.5464808204780359
0xfb2744ba3942d3bbf6717448e82299b731ca7ae7,PUMP,0.451367548907341
0xfb2744ba3942d3bbf6717448e82299b731ca7ae7,XPL,0.5401883950085244
0xfb2744ba3942d3bbf6717448e82299b731ca7ae7,CC,0.4887114131422074
0xfb2744ba3942d3bbf6717448e82299b731ca7ae7,PROVE,0.5009669634285123
0xfb2744ba3942d3bbf6717448e82299b731ca7ae7,HEMI,0.3764227013932943
0xfb2744ba3942d3bbf6717448e82299b731ca7ae7,AVNT,0.459515544101601
0xfb2744ba3942d3bbf6717448e82299b731ca7ae7,0G,0.5068299507476651
0xfb2744ba3942d3bbf6717448e82299b731ca7ae7,2Z,0.5085042840162243
0xfb2744ba3942d3bbf6717448e82299b731ca7ae7,LIT,0.4771522764633357
0xfb8bc3433016a64a3b8aa23c0275afe7c20feb53,BTC,0.5842361
0xfb8bc3433016a64a3b8aa23c0275afe7c20feb53,LTC,0.55505383
0xfb8bc3433016a64a3b8aa23c0275afe7c20feb53,XRP,0.5270748
0xfb8bc3433016a64a3b8aa23c0275afe7c20feb53,DOGE,0.5380678
0xfb8bc3433016a64a3b8aa23c0275afe7c20feb53,DASH,0.53944814
0xfb8bc3433016a64a3b8aa23c0275afe7c20feb53,XMR,0.5679569
0xfb8bc3433016a64a3b8aa23c0275afe7c20feb53,XLM,0.5204121
0xfb8bc3433016a64a3b8aa23c0275afe7c20feb53,ETH,0.54564613
0xfb8bc3433016a64a3b8aa23c0275afe7c20feb53,ETC,0.54102117
0xfb8bc3433016a64a3b8aa23c0275afe7c20feb53,ZEC,0.53732526
0xfb8bc3433016a64a3b8aa23c0275afe7c20feb53,ZEN,0.5434824
0xfb8bc3433016a64a3b8aa23c0275afe7c20feb53,IOTA,0.5128497
0xfb8bc3433016a64a3b8aa23c0275afe7c20feb53,BCH,0.54693437
0xfb8bc3433016a64a3b8aa23c0275afe7c20feb53,BNB,0.56219965
0xfb8bc3433016a64a3b8aa23c0275afe7c20feb53,TRX,0.5725121
0xfb8bc3433016a64a3b8aa23c0275afe7c20feb53,LINK,0.53567654
0xfb8bc3433016a64a3b8aa23c0275afe7c20feb53,ADA,0.46668205
0xfb8bc3433016a64a3b8aa23c0275afe7c20feb53,FIL,0.52825856
0xfb8bc3433016a64a3b8aa23c0275afe7c20feb53,SNX,0.5280936
0xfb8bc3433016a64a3b8aa23c0275afe7c20feb53,BSV,0.48506397
0xfb8bc3433016a64a3b8aa23c0275afe7c20feb53,FET,0.5203806
0xfb8bc3433016a64a3b8aa23c0275afe7c20feb53,ATOM,0.5038393
0xfb8bc3433016a64a3b8aa23c0275afe7c20feb53,RSR,0.5170093
0xfb8bc3433016a64a3b8aa23c0275afe7c20feb53,ALGO,0.5400649
0xfb8bc3433016a64a3b8aa23c0275afe7c20feb53,RUNE,0.57476944
0xfb8bc3433016a64a3b8aa23c0275afe7c20feb53,LUNC,0.5203052
0xfb8bc3433016a64a3b8aa23c0275afe7c20feb53,HBAR,0.5262552
0xfb8bc3433016a64a3b8aa23c0275afe7c20feb53,PAXG,0.59749925
0xfb8bc3433016a64a3b8aa23c0275afe7c20feb53,STX,0.5123392
0xfb8bc3433016a64a3b8aa23c0275afe7c20feb53,TRB,0.5240267
0xfb8bc3433016a64a3b8aa23c0275afe7c20feb53,SOL,0.5416265
0xfb8bc3433016a64a3b8aa23c0275afe7c20feb53,CELO,0.51711833
0xfb8bc3433016a64a3b8aa23c0275afe7c20feb53,UMA,0.53206426
0xfb8bc3433016a64a3b8aa23c0275afe7c20feb53,AR,0.5426523
0xfb8bc3433016a64a3b8aa23c0275afe7c20feb53,RENDER,0.5257307
0xfb8bc3433016a64a3b8aa23c0275afe7c20feb53,COMP,0.5426436
0xfb8bc3433016a64a3b8aa23c0275afe7c20feb53,AVAX,0.53238726
0xfb8bc3433016a64a3b8aa23c0275afe7c20feb53,SHIB,0.5091015
0xfb8bc3433016a64a3b8aa23c0275afe7c20feb53,SAND,0.5150449
0xfb8bc3433016a64a3b8aa23c0275afe7c20feb53,NEAR,0.52326024
0xfb8bc3433016a64a3b8aa23c0275afe7c20feb53,CRV,0.50441533
0xfb8bc3433016a64a3b8aa23c0275afe7c20feb53,DOT,0.53273565
0xfb8bc3433016a64a3b8aa23c0275afe7c20feb53,SUSHI,0.50014096
0xfb8bc3433016a64a3b8aa23c0275afe7c20feb53,AXS,0.51572764
0xfb8bc3433016a64a3b8aa23c0275afe7c20feb53,GALA,0.5122946
0xfb8bc3433016a64a3b8aa23c0275afe7c20feb53,UNI,0.47703964
0xfb8bc3433016a64a3b8aa23c0275afe7c20feb53,CAKE,0.54065675
0xfb8bc3433016a64a3b8aa23c0275afe7c20feb53,INJ,0.5198994
0xfb8bc3433016a64a3b8aa23c0275afe7c20feb53,AAVE,0.5115038
0xfb8bc3433016a64a3b8aa23c0275afe7c20feb53,CFX,0.51410365
0xfb8bc3433016a64a3b8aa23c0275afe7c20feb53,LDO,0.50783795
0xfb8bc3433016a64a3b8aa23c0275afe7c20feb53,MINA,0.5114832
0xfb8bc3433016a64a3b8aa23c0275afe7c20feb53,ICP,0.53668416
0xfb8bc3433016a64a3b8aa23c0275afe7c20feb53,PENDLE,0.5149797
0xfb8bc3433016a64a3b8aa23c0275afe7c20feb53,IMX,0.51654255
0xfb8bc3433016a64a3b8aa23c0275afe7c20feb53,FLOKI,0.51799685
0xfb8bc3433016a64a3b8aa23c0275afe7c20feb53,OP,0.52646464
0xfb8bc3433016a64a3b8aa23c0275afe7c20feb53,ARB,0.5189686
0xfb8bc3433016a64a3b8aa23c0275afe7c20feb53,GMX,0.52192885
0xfb8bc3433016a64a3b8aa23c0275afe7c20feb53,WLD,0.50357634
0xfb8bc3433016a64a3b8aa23c0275afe7c20feb53,MANTA,0.5182163
0xfb8bc3433016a64a3b8aa23c0275afe7c20feb53,ENS,0.5338013
0xfb8bc3433016a64a3b8aa23c0275afe7c20feb53,PEOPLE,0.49514866
0xfb8bc3433016a64a3b8aa23c0275afe7c20feb53,GMT,0.5177695
0xfb8bc3433016a64a3b8aa23c0275afe7c20feb53,APE,0.5093614
0xfb8bc3433016a64a3b8aa23c0275afe7c20feb53,APEX,0.52440697
0xfb8bc3433016a64a3b8aa23c0275afe7c20feb53,KAS,0.5199395
0xfb8bc3433016a64a3b8aa23c0275afe7c20feb53,SUI,0.5259807
0xfb8bc3433016a64a3b8aa23c0275afe7c20feb53,ONDO,0.5110072
0xfb8bc3433016a64a3b8aa23c0275afe7c20feb53,ZETA,0.5079928
0xfb8bc3433016a64a3b8aa23c0275afe7c20feb53,APT,0.51346684
0xfb8bc3433016a64a3b8aa23c0275afe7c20feb53,STRK,0.5153342
0xfb8bc3433016a64a3b8aa23c0275afe7c20feb53,TIA,0.51283383
0xfb8bc3433016a64a3b8aa23c0275afe7c20feb53,TAO,0.5382767
0xfb8bc3433016a64a3b8aa23c0275afe7c20feb53,BONK,0.49338382
0xfb8bc3433016a64a3b8aa23c0275afe7c20feb53,BLUR,0.5087847
0xfb8bc3433016a64a3b8aa23c0275afe7c20feb53,SEI,0.5133484
0xfb8bc3433016a64a3b8aa23c0275afe7c20feb53,ZK,0.51007146
0xfb8bc3433016a64a3b8aa23c0275afe7c20feb53,PEPE,0.52173245
0xfb8bc3433016a64a3b8aa23c0275afe7c20feb53,BERA,0.50354344
0xfb8bc3433016a64a3b8aa23c0275afe7c20feb53,TURBO,0.51520324
0xfb8bc3433016a64a3b8aa23c0275afe7c20feb53,ORDI,0.5158127
0xfb8bc3433016a64a3b8aa23c0275afe7c20feb53,ZRO,0.44656345
0xfb8bc3433016a64a3b8aa23c0275afe7c20feb53,MNT,0.53309935
0xfb8bc3433016a64a3b8aa23c0275afe7c20feb53,LINEA,0.52400565
0xfb8bc3433016a64a3b8aa23c0275afe7c20feb53,PYTH,0.47569573
0xfb8bc3433016a64a3b8aa23c0275afe7c20feb53,MEME,0.49244753
0xfb8bc3433016a64a3b8aa23c0275afe7c20feb53,POL,0.5175859
0xfb8bc3433016a64a3b8aa23c0275afe7c20feb53,JTO,0.475855
0xfb8bc3433016a64a3b8aa23c0275afe7c20feb53,WIF,0.5262165
0xfb8bc3433016a64a3b8aa23c0275afe7c20feb53,POPCAT,0.5163836
0xfb8bc3433016a64a3b8aa23c0275afe7c20feb53,NOT,0.5098531
0xfb8bc3433016a64a3b8aa23c0275afe7c20feb53,DYM,0.4334358
0xfb8bc3433016a64a3b8aa23c0275afe7c20feb53,XAI,0.4664493
0xfb8bc3433016a64a3b8aa23c0275afe7c20feb53,ALT,0.5102591
0xfb8bc3433016a64a3b8aa23c0275afe7c20feb53,JUP,0.5115634
0xfb8bc3433016a64a3b8aa23c0275afe7c20feb53,AERO,0.49122736
0xfb8bc3433016a64a3b8aa23c0275afe7c20feb53,VIRTUAL,0.51256317
0xfb8bc3433016a64a3b8aa23c0275afe7c20feb53,W,0.5165672
0xfb8bc3433016a64a3b8aa23c0275afe7c20feb53,BRETT,0.4912598
0xfb8bc3433016a64a3b8aa23c0275afe7c20feb53,ETHFI,0.4915253
0xfb8bc3433016a64a3b8aa23c0275afe7c20feb53,IO,0.5103309
0xfb8bc3433016a64a3b8aa23c0275afe7c20feb53,BOME,0.45725235
0xfb8bc3433016a64a3b8aa23c0275afe7c20feb53,sENA,0.5394058
0xfb8bc3433016a64a3b8aa23c0275afe7c20feb53,TNSR,0.49898988
0xfb8bc3433016a64a3b8aa23c0275afe7c20feb53,EIGEN,0.5052467
0xfb8bc3433016a64a3b8aa23c0275afe7c20feb53,MON,0.52634525
0xfb8bc3433016a64a3b8aa23c0275afe7c20feb53,MERL,0.49372244
0xfb8bc3433016a64a3b8aa23c0275afe7c20feb53,REZ,0.4423209
0xfb8bc3433016a64a3b8aa23c0275afe7c20feb53,SOPH,0.50032604
0xfb8bc3433016a64a3b8aa23c0275afe7c20feb53,HYPE,0.5296518
0xfb8bc3433016a64a3b8aa23c0275afe7c20feb53,ME,0.49797586
0xfb8bc3433016a64a3b8aa23c0275afe7c20feb53,BABY,0.42082113
0xfb8bc3433016a64a3b8aa23c0275afe7c20feb53,MOVE,0.50535166
0xfb8bc3433016a64a3b8aa23c0275afe7c20feb53,NEIRO,0.45922267
0xfb8bc3433016a64a3b8aa23c0275afe7c20feb53,S,0.49442947
0xfb8bc3433016a64a3b8aa23c0275afe7c20feb53,GRASS,0.5075006
0xfb8bc3433016a64a3b8aa23c0275afe7c20feb53,SKY,0.5181821
0xfb8bc3433016a64a3b8aa23c0275afe7c20feb53,INIT,0.49105406
0xfb8bc3433016a64a3b8aa23c0275afe7c20feb53,WCT,0.5094723
0xfb8bc3433016a64a3b8aa23c0275afe7c20feb53,WLFI,0.516224
0xfb8bc3433016a64a3b8aa23c0275afe7c20feb53,GOAT,0.4822516
0xfb8bc3433016a64a3b8aa23c0275afe7c20feb53,FARTCOIN,0.50795096
0xfb8bc3433016a64a3b8aa23c0275afe7c20feb53,PNUT,0.48720086
0xfb8bc3433016a64a3b8aa23c0275afe7c20feb53,SYRUP,0.49008152
0xfb8bc3433016a64a3b8aa23c0275afe7c20feb53,USUAL,0.45488268
0xfb8bc3433016a64a3b8aa23c0275afe7c20feb53,AIXBT,0.4731995
0xfb8bc3433016a64a3b8aa23c0275afe7c20feb53,MORPHO,0.5187175
0xfb8bc3433016a64a3b8aa23c0275afe7c20feb53,PENGU,0.50102663
0xfb8bc3433016a64a3b8aa23c0275afe7c20feb53,GRIFFAIN,0.45445272
0xfb8bc3433016a64a3b8aa23c0275afe7c20feb53,BIO,0.4837218
0xfb8bc3433016a64a3b8aa23c0275afe7c20feb53,ANIME,0.4970667
0xfb8bc3433016a64a3b8aa23c0275afe7c20feb53,TRUMP,0.54367995
0xfb8bc3433016a64a3b8aa23c0275afe7c20feb53,MELANIA,0.5239283
0xfb8bc3433016a64a3b8aa23c0275afe7c20feb53,VINE,0.5039726
0xfb8bc3433016a64a3b8aa23c0275afe7c20feb53,LAYER,0.5267645
0xfb8bc3433016a64a3b8aa23c0275afe7c20feb53,VVV,0.50676936
0xfb8bc3433016a64a3b8aa23c0275afe7c20feb53,IP,0.51608944
0xfb8bc3433016a64a3b8aa23c0275afe7c20feb53,NIL,0.40425798
0xfb8bc3433016a64a3b8aa23c0275afe7c20feb53,KAITO,0.50604576
0xfb8bc3433016a64a3b8aa23c0275afe7c20feb53,ZORA,0.50817287
0xfb8bc3433016a64a3b8aa23c0275afe7c20feb53,HYPER,0.49560025
0xfb8bc3433016a64a3b8aa23c0275afe7c20feb53,ASTER,0.5523345
0xfb8bc3433016a64a3b8aa23c0275afe7c20feb53,PUMP,0.47948802
0xfb8bc3433016a64a3b8aa23c0275afe7c20feb53,XPL,0.50227207
0xfb8bc3433016a64a3b8aa23c0275afe7c20feb53,CC,0.4985802
0xfb8bc3433016a64a3b8aa23c0275afe7c20feb53,PROVE,0.51427317
0xfb8bc3433016a64a3b8aa23c0275afe7c20feb53,HEMI,0.41962895
0xfb8bc3433016a64a3b8aa23c0275afe7c20feb53,AVNT,0.45733988
0xfb8bc3433016a64a3b8aa23c0275afe7c20feb53,0G,0.49093
0xfb8bc3433016a64a3b8aa23c0275afe7c20feb53,2Z,0.50275934
0xfb8bc3433016a64a3b8aa23c0275afe7c20feb53,LIT,0.4699646
0xfe3c3f351e6df846566e10119e4295ed69b2cd72,BTC,0.5915338
0xfe3c3f351e6df846566e10119e4295ed69b2cd72,LTC,0.57183194
0xfe3c3f351e6df846566e10119e4295ed69b2cd72,XRP,0.5572177
0xfe3c3f351e6df846566e10119e4295ed69b2cd72,DOGE,0.5485084
0xfe3c3f351e6df846566e10119e4295ed69b2cd72,DASH,0.56488204
0xfe3c3f351e6df846566e10119e4295ed69b2cd72,XMR,0.57902426
0xfe3c3f351e6df846566e10119e4295ed69b2cd72,XLM,0.5176742
0xfe3c3f351e6df846566e10119e4295ed69b2cd72,ETH,0.5924983
0xfe3c3f351e6df846566e10119e4295ed69b2cd72,ETC,0.5504035
0xfe3c3f351e6df846566e10119e4295ed69b2cd72,ZEC,0.53040564
0xfe3c3f351e6df846566e10119e4295ed69b2cd72,ZEN,0.52142704
0xfe3c3f351e6df846566e10119e4295ed69b2cd72,IOTA,0.5079403
0xfe3c3f351e6df846566e10119e4295ed69b2cd72,BCH,0.5375082
0xfe3c3f351e6df846566e10119e4295ed69b2cd72,BNB,0.62655056
0xfe3c3f351e6df846566e10119e4295ed69b2cd72,TRX,0.5995131
0xfe3c3f351e6df846566e10119e4295ed69b2cd72,LINK,0.55283004
0xfe3c3f351e6df846566e10119e4295ed69b2cd72,ADA,0.47274652
0xfe3c3f351e6df846566e10119e4295ed69b2cd72,FIL,0.5476951
0xfe3c3f351e6df846566e10119e4295ed69b2cd72,SNX,0.5799727
0xfe3c3f351e6df846566e10119e4295ed69b2cd72,BSV,0.49296352
0xfe3c3f351e6df846566e10119e4295ed69b2cd72,FET,0.51624453
0xfe3c3f351e6df846566e10119e4295ed69b2cd72,ATOM,0.5588494
0xfe3c3f351e6df846566e10119e4295ed69b2cd72,RSR,0.519372
0xfe3c3f351e6df846566e10119e4295ed69b2cd72,ALGO,0.5255813
0xfe3c3f351e6df846566e10119e4295ed69b2cd72,RUNE,0.57841724
0xfe3c3f351e6df846566e10119e4295ed69b2cd72,LUNC,0.5251958
0xfe3c3f351e6df846566e10119e4295ed69b2cd72,HBAR,0.5363016
0xfe3c3f351e6df846566e10119e4295ed69b2cd72,PAXG,0.62326545
0xfe3c3f351e6df846566e10119e4295ed69b2cd72,STX,0.5194071
0xfe3c3f351e6df846566e10119e4295ed69b2cd72,TRB,0.51870257
0xfe3c3f351e6df846566e10119e4295ed69b2cd72,SOL,0.5483227
0xfe3c3f351e6df846566e10119e4295ed69b2cd72,CELO,0.48918352
0xfe3c3f351e6df846566e10119e4295ed69b2cd72,UMA,0.54501617
0xfe3c3f351e6df846566e10119e4295ed69b2cd72,AR,0.5766697
0xfe3c3f351e6df846566e10119e4295ed69b2cd72,RENDER,0.51630783
0xfe3c3f351e6df846566e10119e4295ed69b2cd72,COMP,0.5462444
0xfe3c3f351e6df846566e10119e4295ed69b2cd72,AVAX,0.5549945
0xfe3c3f351e6df846566e10119e4295ed69b2cd72,SHIB,0.5122478
0xfe3c3f351e6df846566e10119e4295ed69b2cd72,SAND,0.5294015
0xfe3c3f351e6df846566e10119e4295ed69b2cd72,NEAR,0.5350136
0xfe3c3f351e6df846566e10119e4295ed69b2cd72,CRV,0.5035593
0xfe3c3f351e6df846566e10119e4295ed69b2cd72,DOT,0.5437434
0xfe3c3f351e6df846566e10119e4295ed69b2cd72,SUSHI,0.5178537
0xfe3c3f351e6df846566e10119e4295ed69b2cd72,AXS,0.5344883
0xfe3c3f351e6df846566e10119e4295ed69b2cd72,GALA,0.50641495
0xfe3c3f351e6df846566e10119e4295ed69b2cd72,UNI,0.483969
0xfe3c3f351e6df846566e10119e4295ed69b2cd72,CAKE,0.56646526
0xfe3c3f351e6df846566e10119e4295ed69b2cd72,INJ,0.53245074
0xfe3c3f351e6df846566e10119e4295ed69b2cd72,AAVE,0.4886781
0xfe3c3f351e6df846566e10119e4295ed69b2cd72,CFX,0.4996519
0xfe3c3f351e6df846566e10119e4295ed69b2cd72,LDO,0.47356433
0xfe3c3f351e6df846566e10119e4295ed69b2cd72,MINA,0.50367945
0xfe3c3f351e6df846566e10119e4295ed69b2cd72,ICP,0.55260754
0xfe3c3f351e6df846566e10119e4295ed69b2cd72,PENDLE,0.49452406
0xfe3c3f351e6df846566e10119e4295ed69b2cd72,IMX,0.5407051
0xfe3c3f351e6df846566e10119e4295ed69b2cd72,FLOKI,0.5368018
0xfe3c3f351e6df846566e10119e4295ed69b2cd72,OP,0.52065927
0xfe3c3f351e6df846566e10119e4295ed69b2cd72,ARB,0.5124629
0xfe3c3f351e6df846566e10119e4295ed69b2cd72,GMX,0.53689563
0xfe3c3f351e6df846566e10119e4295ed69b2cd72,WLD,0.50456184
0xfe3c3f351e6df846566e10119e4295ed69b2cd72,MANTA,0.5171127
0xfe3c3f351e6df846566e10119e4295ed69b2cd72,ENS,0.5512348
0xfe3c3f351e6df846566e10119e4295ed69b2cd72,PEOPLE,0.4881082
0xfe3c3f351e6df846566e10119e4295ed69b2cd72,GMT,0.5241983
0xfe3c3f351e6df846566e10119e4295ed69b2cd72,APE,0.53379506
0xfe3c3f351e6df846566e10119e4295ed69b2cd72,APEX,0.5315603
0xfe3c3f351e6df846566e10119e4295ed69b2cd72,KAS,0.5256479
0xfe3c3f351e6df846566e10119e4295ed69b2cd72,SUI,0.52691025
0xfe3c3f351e6df846566e10119e4295ed69b2cd72,ONDO,0.48316404
0xfe3c3f351e6df846566e10119e4295ed69b2cd72,ZETA,0.51061696
0xfe3c3f351e6df846566e10119e4295ed69b2cd72,APT,0.5326761
0xfe3c3f351e6df846566e10119e4295ed69b2cd72,STRK,0.5229208
0xfe3c3f351e6df846566e10119e4295ed69b2cd72,TIA,0.5486003
0xfe3c3f351e6df846566e10119e4295ed69b2cd72,TAO,0.5462092
0xfe3c3f351e6df846566e10119e4295ed69b2cd72,BONK,0.4661394
0xfe3c3f351e6df846566e10119e4295ed69b2cd72,BLUR,0.49928525
0xfe3c3f351e6df846566e10119e4295ed69b2cd72,SEI,0.5315212
0xfe3c3f351e6df846566e10119e4295ed69b2cd72,ZK,0.5341889
0xfe3c3f351e6df846566e10119e4295ed69b2cd72,PEPE,0.5278346
0xfe3c3f351e6df846566e10119e4295ed69b2cd72,BERA,0.5271486
0xfe3c3f351e6df846566e10119e4295ed69b2cd72,TURBO,0.50376993
0xfe3c3f351e6df846566e10119e4295ed69b2cd72,ORDI,0.50421196
0xfe3c3f351e6df846566e10119e4295ed69b2cd72,ZRO,0.4347967
0xfe3c3f351e6df846566e10119e4295ed69b2cd72,MNT,0.5612747
0xfe3c3f351e6df846566e10119e4295ed69b2cd72,LINEA,0.52404565
0xfe3c3f351e6df846566e10119e4295ed69b2cd72,PYTH,0.4537186
0xfe3c3f351e6df846566e10119e4295ed69b2cd72,MEME,0.5176805
0xfe3c3f351e6df846566e10119e4295ed69b2cd72,POL,0.5258911
0xfe3c3f351e6df846566e10119e4295ed69b2cd72,JTO,0.4843284
0xfe3c3f351e6df846566e10119e4295ed69b2cd72,WIF,0.54965377
0xfe3c3f351e6df846566e10119e4295ed69b2cd72,POPCAT,0.50224227
0xfe3c3f351e6df846566e10119e4295ed69b2cd72,NOT,0.5280662
0xfe3c3f351e6df846566e10119e4295ed69b2cd72,DYM,0.43634054
0xfe3c3f351e6df846566e10119e4295ed69b2cd72,XAI,0.4921383
0xfe3c3f351e6df846566e10119e4295ed69b2cd72,ALT,0.5095106
0xfe3c3f351e6df846566e10119e4295ed69b2cd72,JUP,0.5216087
0xfe3c3f351e6df846566e10119e4295ed69b2cd72,AERO,0.5234685
0xfe3c3f351e6df846566e10119e4295ed69b2cd72,VIRTUAL,0.51435566
0xfe3c3f351e6df846566e10119e4295ed69b2cd72,W,0.5520829
0xfe3c3f351e6df846566e10119e4295ed69b2cd72,BRETT,0.49286512
0xfe3c3f351e6df846566e10119e4295ed69b2cd72,ETHFI,0.48529238
0xfe3c3f351e6df846566e10119e4295ed69b2cd72,IO,0.51977295
0xfe3c3f351e6df846566e10119e4295ed69b2cd72,BOME,0.4614083
0xfe3c3f351e6df846566e10119e4295ed69b2cd72,sENA,0.5221471
0xfe3c3f351e6df846566e10119e4295ed69b2cd72,TNSR,0.5026914
0xfe3c3f351e6df846566e10119e4295ed69b2cd72,EIGEN,0.5073925
0xfe3c3f351e6df846566e10119e4295ed69b2cd72,MON,0.5160961
0xfe3c3f351e6df846566e10119e4295ed69b2cd72,MERL,0.48265633
0xfe3c3f351e6df846566e10119e4295ed69b2cd72,REZ,0.42235318
0xfe3c3f351e6df846566e10119e4295ed69b2cd72,SOPH,0.49109444
0xfe3c3f351e6df846566e10119e4295ed69b2cd72,HYPE,0.5842971
0xfe3c3f351e6df846566e10119e4295ed69b2cd72,ME,0.5021883
0xfe3c3f351e6df846566e10119e4295ed69b2cd72,BABY,0.44124565
0xfe3c3f351e6df846566e10119e4295ed69b2cd72,MOVE,0.53325534
0xfe3c3f351e6df846566e10119e4295ed69b2cd72,NEIRO,0.43414387
0xfe3c3f351e6df846566e10119e4295ed69b2cd72,S,0.49944806
0xfe3c3f351e6df846566e10119e4295ed69b2cd72,GRASS,0.5200584
0xfe3c3f351e6df846566e10119e4295ed69b2cd72,SKY,0.50416505
0xfe3c3f351e6df846566e10119e4295ed69b2cd72,INIT,0.49302188
0xfe3c3f351e6df846566e10119e4295ed69b2cd72,WCT,0.5258011
0xfe3c3f351e6df846566e10119e4295ed69b2cd72,WLFI,0.5495994
0xfe3c3f351e6df846566e10119e4295ed69b2cd72,GOAT,0.50796777
0xfe3c3f351e6df846566e10119e4295ed69b2cd72,FARTCOIN,0.5220589
0xfe3c3f351e6df846566e10119e4295ed69b2cd72,PNUT,0.48143432
0xfe3c3f351e6df846566e10119e4295ed69b2cd72,SYRUP,0.4818515
0xfe3c3f351e6df846566e10119e4295ed69b2cd72,USUAL,0.4637681
0xfe3c3f351e6df846566e10119e4295ed69b2cd72,AIXBT,0.4778013
0xfe3c3f351e6df846566e10119e4295ed69b2cd72,MORPHO,0.49758157
0xfe3c3f351e6df846566e10119e4295ed69b2cd72,PENGU,0.5039179
0xfe3c3f351e6df846566e10119e4295ed69b2cd72,GRIFFAIN,0.43945765
0xfe3c3f351e6df846566e10119e4295ed69b2cd72,BIO,0.43879807
0xfe3c3f351e6df846566e10119e4295ed69b2cd72,ANIME,0.50099176
0xfe3c3f351e6df846566e10119e4295ed69b2cd72,TRUMP,0.5694415
0xfe3c3f351e6df846566e10119e4295ed69b2cd72,MELANIA,0.5126197
0xfe3c3f351e6df846566e10119e4295ed69b2cd72,VINE,0.50400156
0xfe3c3f351e6df846566e10119e4295ed69b2cd72,LAYER,0.5495279
0xfe3c3f351e6df846566e10119e4295ed69b2cd72,VVV,0.5100631
0xfe3c3f351e6df846566e10119e4295ed69b2cd72,IP,0.5013003
0xfe3c3f351e6df846566e10119e4295ed69b2cd72,NIL,0.37894085
0xfe3c3f351e6df846566e10119e4295ed69b2cd72,KAITO,0.41930977
0xfe3c3f351e6df846566e10119e4295ed69b2cd72,ZORA,0.5142153
0xfe3c3f351e6df846566e10119e4295ed69b2cd72,HYPER,0.52698874
0xfe3c3f351e6df846566e10119e4295ed69b2cd72,ASTER,0.5799361
0xfe3c3f351e6df846566e10119e4295ed69b2cd72,PUMP,0.51192623
0xfe3c3f351e6df846566e10119e4295ed69b2cd72,XPL,0.51497245
0xfe3c3f351e6df846566e10119e4295ed69b2cd72,CC,0.50151455
0xfe3c3f351e6df846566e10119e4295ed69b2cd72,PROVE,0.520368
0xfe3c3f351e6df846566e10119e4295ed69b2cd72,HEMI,0.4094612
0xfe3c3f351e6df846566e10119e4295ed69b2cd72,AVNT,0.46410435
0xfe3c3f351e6df846566e10119e4295ed69b2cd72,0G,0.4932618
0xfe3c3f351e6df846566e10119e4295ed69b2cd72,2Z,0.50241363
0xfe3c3f351e6df846566e10119e4295ed69b2cd72,LIT,0.4653056
