address,symbol,prediction
0x04e1dd13ef029f573cf717f094a6b601b9e03550,PEPE,-0.03260839
0x04e1dd13ef029f573cf717f094a6b601b9e03550,BERA,-0.029241145
0x04e1dd13ef029f573cf717f094a6b601b9e03550,RENDER,-0.026136935
0x04e1dd13ef029f573cf717f094a6b601b9e03550,2Z,-0.026026368
0x04e1dd13ef029f573cf717f094a6b601b9e03550,BRETT,-0.023712993
0x04e1dd13ef029f573cf717f094a6b601b9e03550,XLM,-0.022696972
0x04e1dd13ef029f573cf717f094a6b601b9e03550,UNI,-0.020966828
0x04e1dd13ef029f573cf717f094a6b601b9e03550,TNSR,-0.020151198
0x04e1dd13ef029f573cf717f094a6b601b9e03550,SOPH,-0.020088136
0x04e1dd13ef029f573cf717f094a6b601b9e03550,NEIRO,-0.019965291
0x04e1dd13ef029f573cf717f094a6b601b9e03550,AXS,-0.018947005
0x04e1dd13ef029f573cf717f094a6b601b9e03550,SKY,-0.018102705
0x04e1dd13ef029f573cf717f094a6b601b9e03550,FLOKI,-0.017921746
0x04e1dd13ef029f573cf717f094a6b601b9e03550,BIO,-0.016968071
0x04e1dd13ef029f573cf717f094a6b601b9e03550,STX,-0.016004026
0x04e1dd13ef029f573cf717f094a6b601b9e03550,INIT,-0.015898108
0x04e1dd13ef029f573cf717f094a6b601b9e03550,ZETA,-0.015721738
0x04e1dd13ef029f573cf717f094a6b601b9e03550,ME,-0.015414476
0x04e1dd13ef029f573cf717f094a6b601b9e03550,GMX,-0.015398562
0x04e1dd13ef029f573cf717f094a6b601b9e03550,SHIB,-0.014981866
0x04e1dd13ef029f573cf717f094a6b601b9e03550,AIXBT,-0.014769018
0x04e1dd13ef029f573cf717f094a6b601b9e03550,EIGEN,-0.014635026
0x04e1dd13ef029f573cf717f094a6b601b9e03550,RUNE,-0.01458025
0x04e1dd13ef029f573cf717f094a6b601b9e03550,PNUT,-0.014496505
0x04e1dd13ef029f573cf717f094a6b601b9e03550,HYPER,-0.013994992
0x04e1dd13ef029f573cf717f094a6b601b9e03550,KAS,-0.013898492
0x04e1dd13ef029f573cf717f094a6b601b9e03550,SUSHI,-0.013835907
0x04e1dd13ef029f573cf717f094a6b601b9e03550,GRIFFAIN,-0.013763964
0x04e1dd13ef029f573cf717f094a6b601b9e03550,MERL,-0.013219833
0x04e1dd13ef029f573cf717f094a6b601b9e03550,NIL,-0.012538075
0x04e1dd13ef029f573cf717f094a6b601b9e03550,IOTA,-0.012531638
0x04e1dd13ef029f573cf717f094a6b601b9e03550,FARTCOIN,-0.012500644
0x04e1dd13ef029f573cf717f094a6b601b9e03550,JTO,-0.01239574
0x04e1dd13ef029f573cf717f094a6b601b9e03550,ALGO,-0.012292922
0x04e1dd13ef029f573cf717f094a6b601b9e03550,LINK,-0.012265027
0x04e1dd13ef029f573cf717f094a6b601b9e03550,DOT,-0.012157619
0x04e1dd13ef029f573cf717f094a6b601b9e03550,TIA,-0.012043893
0x04e1dd13ef029f573cf717f094a6b601b9e03550,USUAL,-0.011915326
0x04e1dd13ef029f573cf717f094a6b601b9e03550,WIF,-0.011894226
0x04e1dd13ef029f573cf717f094a6b601b9e03550,CRV,-0.01154691
0x04e1dd13ef029f573cf717f094a6b601b9e03550,GMT,-0.011534572
0x04e1dd13ef029f573cf717f094a6b601b9e03550,CAKE,-0.011528492
0x04e1dd13ef029f573cf717f094a6b601b9e03550,SUI,-0.011510372
0x04e1dd13ef029f573cf717f094a6b601b9e03550,GOAT,-0.011486769
0x04e1dd13ef029f573cf717f094a6b601b9e03550,AVNT,-0.011465907
0x04e1dd13ef029f573cf717f094a6b601b9e03550,ALT,-0.011389554
0x04e1dd13ef029f573cf717f094a6b601b9e03550,PAXG,-0.011176705
0x04e1dd13ef029f573cf717f094a6b601b9e03550,CC,-0.011060476
0x04e1dd13ef029f573cf717f094a6b601b9e03550,MOVE,-0.0106701255
0x04e1dd13ef029f573cf717f094a6b601b9e03550,ENS,-0.010497689
0x04e1dd13ef029f573cf717f094a6b601b9e03550,CELO,-0.010373831
0x04e1dd13ef029f573cf717f094a6b601b9e03550,PUMP,-0.010300398
0x04e1dd13ef029f573cf717f094a6b601b9e03550,KAITO,-0.010299206
0x04e1dd13ef029f573cf717f094a6b601b9e03550,TRUMP,-0.010120988
0x04e1dd13ef029f573cf717f094a6b601b9e03550,AERO,-0.010044038
0x04e1dd13ef029f573cf717f094a6b601b9e03550,HEMI,-0.0099895
0x04e1dd13ef029f573cf717f094a6b601b9e03550,APEX,-0.009945095
0x04e1dd13ef029f573cf717f094a6b601b9e03550,LUNC,-0.009726107
0x04e1dd13ef029f573cf717f094a6b601b9e03550,BONK,-0.009714901
0x04e1dd13ef029f573cf717f094a6b601b9e03550,LIT,-0.00945735
0x04e1dd13ef029f573cf717f094a6b601b9e03550,NOT,-0.0093714
0x04e1dd13ef029f573cf717f094a6b601b9e03550,0G,-0.009277165
0x04e1dd13ef029f573cf717f094a6b601b9e03550,ARB,-0.008915424
0x04e1dd13ef029f573cf717f094a6b601b9e03550,BOME,-0.008751214
0x04e1dd13ef029f573cf717f094a6b601b9e03550,DOGE,-0.0085837245
0x04e1dd13ef029f573cf717f094a6b601b9e03550,ANIME,-0.0085478425
0x04e1dd13ef029f573cf717f094a6b601b9e03550,IP,-0.008531034
0x04e1dd13ef029f573cf717f094a6b601b9e03550,CFX,-0.008316934
0x04e1dd13ef029f573cf717f094a6b601b9e03550,MANTA,-0.008239269
0x04e1dd13ef029f573cf717f094a6b601b9e03550,ASTER,-0.008222163
0x04e1dd13ef029f573cf717f094a6b601b9e03550,ETC,-0.008207858
0x04e1dd13ef029f573cf717f094a6b601b9e03550,HBAR,-0.0077934265
0x04e1dd13ef029f573cf717f094a6b601b9e03550,SOL,-0.007347226
0x04e1dd13ef029f573cf717f094a6b601b9e03550,SNX,-0.007170737
0x04e1dd13ef029f573cf717f094a6b601b9e03550,PEOPLE,-0.0071628094
0x04e1dd13ef029f573cf717f094a6b601b9e03550,TURBO,-0.0069574714
0x04e1dd13ef029f573cf717f094a6b601b9e03550,UMA,-0.0069458485
0x04e1dd13ef029f573cf717f094a6b601b9e03550,MELANIA,-0.0068823695
0x04e1dd13ef029f573cf717f094a6b601b9e03550,S,-0.0065867305
0x04e1dd13ef029f573cf717f094a6b601b9e03550,GALA,-0.0063263774
0x04e1dd13ef029f573cf717f094a6b601b9e03550,XAI,-0.006287396
0x04e1dd13ef029f573cf717f094a6b601b9e03550,MEME,-0.0060752034
0x04e1dd13ef029f573cf717f094a6b601b9e03550,POL,-0.0056904554
0x04e1dd13ef029f573cf717f094a6b601b9e03550,XMR,-0.005440712
0x04e1dd13ef029f573cf717f094a6b601b9e03550,ICP,-0.0053785443
0x04e1dd13ef029f573cf717f094a6b601b9e03550,ADA,-0.005289376
0x04e1dd13ef029f573cf717f094a6b601b9e03550,ZEN,-0.00515306
0x04e1dd13ef029f573cf717f094a6b601b9e03550,LAYER,-0.0051380396
0x04e1dd13ef029f573cf717f094a6b601b9e03550,ORDI,-0.0049262643
0x04e1dd13ef029f573cf717f094a6b601b9e03550,STRK,-0.00492543
0x04e1dd13ef029f573cf717f094a6b601b9e03550,BCH,-0.0047855973
0x04e1dd13ef029f573cf717f094a6b601b9e03550,PROVE,-0.004674971
0x04e1dd13ef029f573cf717f094a6b601b9e03550,HYPE,-0.004674554
0x04e1dd13ef029f573cf717f094a6b601b9e03550,XRP,-0.0046089888
0x04e1dd13ef029f573cf717f094a6b601b9e03550,INJ,-0.004571259
0x04e1dd13ef029f573cf717f094a6b601b9e03550,APE,-0.004513681
0x04e1dd13ef029f573cf717f094a6b601b9e03550,ETH,-0.0043839216
0x04e1dd13ef029f573cf717f094a6b601b9e03550,TRX,-0.0043370724
0x04e1dd13ef029f573cf717f094a6b601b9e03550,JUP,-0.0043135285
0x04e1dd13ef029f573cf717f094a6b601b9e03550,TRB,-0.0038140416
0x04e1dd13ef029f573cf717f094a6b601b9e03550,AAVE,-0.003766656
0x04e1dd13ef029f573cf717f094a6b601b9e03550,ZK,-0.003399551
0x04e1dd13ef029f573cf717f094a6b601b9e03550,IO,-0.003223896
0x04e1dd13ef029f573cf717f094a6b601b9e03550,VVV,-0.003161788
0x04e1dd13ef029f573cf717f094a6b601b9e03550,BTC,-0.0030587912
0x04e1dd13ef029f573cf717f094a6b601b9e03550,BABY,-0.002984643
0x04e1dd13ef029f573cf717f094a6b601b9e03550,BNB,-0.002636373
0x04e1dd13ef029f573cf717f094a6b601b9e03550,ZRO,-0.002534926
0x04e1dd13ef029f573cf717f094a6b601b9e03550,SYRUP,-0.0022895932
0x04e1dd13ef029f573cf717f094a6b601b9e03550,OP,-0.0022475123
0x04e1dd13ef029f573cf717f094a6b601b9e03550,SAND,-0.0022081137
0x04e1dd13ef029f573cf717f094a6b601b9e03550,PENGU,-0.0021821856
0x04e1dd13ef029f573cf717f094a6b601b9e03550,COMP,-0.002176702
0x04e1dd13ef029f573cf717f094a6b601b9e03550,DYM,-0.001954317
0x04e1dd13ef029f573cf717f094a6b601b9e03550,VIRTUAL,-0.0019062757
0x04e1dd13ef029f573cf717f094a6b601b9e03550,ZORA,-0.0016989708
0x04e1dd13ef029f573cf717f094a6b601b9e03550,LTC,-0.0015604496
0x04e1dd13ef029f573cf717f094a6b601b9e03550,RSR,-0.0015579462
0x04e1dd13ef029f573cf717f094a6b601b9e03550,W,-0.0015513301
0x04e1dd13ef029f573cf717f094a6b601b9e03550,sENA,-0.0014050007
0x04e1dd13ef029f573cf717f094a6b601b9e03550,DASH,-0.0012723207
0x04e1dd13ef029f573cf717f094a6b601b9e03550,ETHFI,-0.0011372566
0x04e1dd13ef029f573cf717f094a6b601b9e03550,WLFI,-0.0010668635
0x04e1dd13ef029f573cf717f094a6b601b9e03550,FIL,-0.0009543896
0x04e1dd13ef029f573cf717f094a6b601b9e03550,BSV,-0.0009254217
0x04e1dd13ef029f573cf717f094a6b601b9e03550,VINE,-0.00091415644
0x04e1dd13ef029f573cf717f094a6b601b9e03550,POPCAT,-0.0007646084
0x04e1dd13ef029f573cf717f094a6b601b9e03550,ATOM,-0.00060528517
0x04e1dd13ef029f573cf717f094a6b601b9e03550,ONDO,-0.00051009655
0x04e1dd13ef029f573cf717f094a6b601b9e03550,LINEA,-0.0004989505
0x04e1dd13ef029f573cf717f094a6b601b9e03550,MON,-0.00036936998
0x04e1dd13ef029f573cf717f094a6b601b9e03550,WLD,-0.00035429
0x04e1dd13ef029f573cf717f094a6b601b9e03550,GRASS,-0.0003373623
0x04e1dd13ef029f573cf717f094a6b601b9e03550,ZEC,-0.00016480684
0x04e1dd13ef029f573cf717f094a6b601b9e03550,XPL,-0.00015640259
0x04e1dd13ef029f573cf717f094a6b601b9e03550,BLUR,-0.00013393164
0x04e1dd13ef029f573cf717f094a6b601b9e03550,AVAX,-0.00012296438
0x04e1dd13ef029f573cf717f094a6b601b9e03550,APT,-0.00008517504
0x04e1dd13ef029f573cf717f094a6b601b9e03550,PENDLE,-0.00007081032
0x04e1dd13ef029f573cf717f094a6b601b9e03550,MORPHO,0.000051498413
0x04e1dd13ef029f573cf717f094a6b601b9e03550,IMX,0.00009870529
0x04e1dd13ef029f573cf717f094a6b601b9e03550,MNT,0.00015342236
0x04e1dd13ef029f573cf717f094a6b601b9e03550,PYTH,0.00020337105
0x04e1dd13ef029f573cf717f094a6b601b9e03550,NEAR,0.00032913685
0x04e1dd13ef029f573cf717f094a6b601b9e03550,SEI,0.00044083595
0x04e1dd13ef029f573cf717f094a6b601b9e03550,TAO,0.00080776215
0x04e1dd13ef029f573cf717f094a6b601b9e03550,MINA,0.0010650158
0x04e1dd13ef029f573cf717f094a6b601b9e03550,LDO,0.002212286
0x04e1dd13ef029f573cf717f094a6b601b9e03550,REZ,0.0035973787
0x04e1dd13ef029f573cf717f094a6b601b9e03550,AR,0.0050475597
0x04e1dd13ef029f573cf717f094a6b601b9e03550,FET,0.0060310364
0x04e1dd13ef029f573cf717f094a6b601b9e03550,WCT,0.010426998
0x05934b9313c703fb75363d27704cc6566f645a91,SKY,0.0133016868950701
0x05934b9313c703fb75363d27704cc6566f645a91,TRX,0.0223275935481999
0x05934b9313c703fb75363d27704cc6566f645a91,XLM,-0.0010655255156388
0x05934b9313c703fb75363d27704cc6566f645a91,XMR,0.0239777788689219
0x05934b9313c703fb75363d27704cc6566f645a91,XRP,0.0052442362570825
0x05934b9313c703fb75363d27704cc6566f645a91,ZEC,0.0069653791006672
0x05934b9313c703fb75363d27704cc6566f645a91,BCH,0.0058210372476335
0x05934b9313c703fb75363d27704cc6566f645a91,BTC,0.0051724504343591
0x05934b9313c703fb75363d27704cc6566f645a91,DOGE,-0.0089459690228456
0x05934b9313c703fb75363d27704cc6566f645a91,ETC,0.0012739187655677
0x05934b9313c703fb75363d27704cc6566f645a91,LTC,-0.0001165212221145
0x05934b9313c703fb75363d27704cc6566f645a91,ETH,0.0079100187378391
0x05934b9313c703fb75363d27704cc6566f645a91,ADA,0.0049052338349707
0x05934b9313c703fb75363d27704cc6566f645a91,LINK,0.0258742505318841
0x05934b9313c703fb75363d27704cc6566f645a91,S,0.0057526079671249
0x05934b9313c703fb75363d27704cc6566f645a91,ATOM,-0.0130879964502318
0x05934b9313c703fb75363d27704cc6566f645a91,SNX,-0.0049322715482053
0x05934b9313c703fb75363d27704cc6566f645a91,RSR,0.0117123050605053
0x05934b9313c703fb75363d27704cc6566f645a91,ALGO,0.0078681614106379
0x05934b9313c703fb75363d27704cc6566f645a91,RUNE,0.0145304254760832
0x05934b9313c703fb75363d27704cc6566f645a91,TRB,-0.0096393043092539
0x05934b9313c703fb75363d27704cc6566f645a91,SOL,-0.0011574344748232
0x05934b9313c703fb75363d27704cc6566f645a91,UMA,-0.0053492345785117
0x05934b9313c703fb75363d27704cc6566f645a91,PAXG,0.0001798083727431
0x05934b9313c703fb75363d27704cc6566f645a91,COMP,0.0102033358104603
0x05934b9313c703fb75363d27704cc6566f645a91,AVAX,-0.0069609433602722
0x05934b9313c703fb75363d27704cc6566f645a91,SAND,0.0135063825597836
0x05934b9313c703fb75363d27704cc6566f645a91,CRV,0.0256621550073633
0x05934b9313c703fb75363d27704cc6566f645a91,LAYER,0.0052490572210415
0x05934b9313c703fb75363d27704cc6566f645a91,DOT,0.0131263309392216
0x05934b9313c703fb75363d27704cc6566f645a91,SUSHI,0.0003003952906676
0x05934b9313c703fb75363d27704cc6566f645a91,UNI,-0.0103686562408541
0x05934b9313c703fb75363d27704cc6566f645a91,AAVE,-0.0029580586936166
0x05934b9313c703fb75363d27704cc6566f645a91,NEAR,0.0140326145038009
0x05934b9313c703fb75363d27704cc6566f645a91,FIL,-0.00653644388439
0x05934b9313c703fb75363d27704cc6566f645a91,AXS,-0.0054831042720647
0x05934b9313c703fb75363d27704cc6566f645a91,INJ,0.0141013542003239
0x05934b9313c703fb75363d27704cc6566f645a91,ZORA,0.0172176380137143
0x05934b9313c703fb75363d27704cc6566f645a91,CELO,-0.0121107527600358
0x05934b9313c703fb75363d27704cc6566f645a91,LIT,-0.0020027910603077
0x05934b9313c703fb75363d27704cc6566f645a91,SHIB,0.0055726730964988
0x05934b9313c703fb75363d27704cc6566f645a91,ICP,0.0084644337594259
0x05934b9313c703fb75363d27704cc6566f645a91,RENDER,0.0145687026679752
0x05934b9313c703fb75363d27704cc6566f645a91,LDO,0.0131196412914128
0x05934b9313c703fb75363d27704cc6566f645a91,GALA,0.0136078686625688
0x05934b9313c703fb75363d27704cc6566f645a91,FET,0.0031067319419039
0x05934b9313c703fb75363d27704cc6566f645a91,ENS,-0.0171252050600635
0x05934b9313c703fb75363d27704cc6566f645a91,IMX,-0.0011061663150093
0x05934b9313c703fb75363d27704cc6566f645a91,PEOPLE,0.0063891488764154
0x05934b9313c703fb75363d27704cc6566f645a91,GMT,-0.0024828056483952
0x05934b9313c703fb75363d27704cc6566f645a91,FLOKI,0.0101127065315368
0x05934b9313c703fb75363d27704cc6566f645a91,POL,0.0074350871613221
0x05934b9313c703fb75363d27704cc6566f645a91,APE,0.0050420660681943
0x05934b9313c703fb75363d27704cc6566f645a91,GMX,-0.0071416210670413
0x05934b9313c703fb75363d27704cc6566f645a91,BLUR,0.0135149762397325
0x05934b9313c703fb75363d27704cc6566f645a91,PENDLE,-0.0013736173157
0x05934b9313c703fb75363d27704cc6566f645a91,LUNC,0.0111411785774511
0x05934b9313c703fb75363d27704cc6566f645a91,MINA,-0.008798434201677
0x05934b9313c703fb75363d27704cc6566f645a91,MEME,0.0010017063590246
0x05934b9313c703fb75363d27704cc6566f645a91,OP,-0.0023758020222259
0x05934b9313c703fb75363d27704cc6566f645a91,ZEN,-0.0113855324137503
0x05934b9313c703fb75363d27704cc6566f645a91,STRK,0.0139950358141415
0x05934b9313c703fb75363d27704cc6566f645a91,STX,0.0152394766925628
0x05934b9313c703fb75363d27704cc6566f645a91,CFX,-0.0019398812250785
0x05934b9313c703fb75363d27704cc6566f645a91,CAKE,0.0154024462946184
0x05934b9313c703fb75363d27704cc6566f645a91,DASH,0.0068046284220127
0x05934b9313c703fb75363d27704cc6566f645a91,BSV,0.0116233873636138
0x05934b9313c703fb75363d27704cc6566f645a91,AR,-0.0025790703725444
0x05934b9313c703fb75363d27704cc6566f645a91,APT,-0.0000634943509743647
0x05934b9313c703fb75363d27704cc6566f645a91,ALT,0.0039489402293865
0x05934b9313c703fb75363d27704cc6566f645a91,BNB,0.0165172862342413
0x05934b9313c703fb75363d27704cc6566f645a91,BONK,0.0863449655254984
0x05934b9313c703fb75363d27704cc6566f645a91,BABY,0.0037717161659193
0x05934b9313c703fb75363d27704cc6566f645a91,HBAR,-0.0111338366006358
0x05934b9313c703fb75363d27704cc6566f645a91,KAS,0.0106743063727999
0x05934b9313c703fb75363d27704cc6566f645a91,PEPE,0.0204164089426164
0x05934b9313c703fb75363d27704cc6566f645a91,ORDI,-0.0011790553868905
0x05934b9313c703fb75363d27704cc6566f645a91,SUI,0.0156843867306794
0x05934b9313c703fb75363d27704cc6566f645a91,MNT,-0.0028097386053149
0x05934b9313c703fb75363d27704cc6566f645a91,IOTA,0.0009358078576134
0x05934b9313c703fb75363d27704cc6566f645a91,TURBO,0.0047635938744125
0x05934b9313c703fb75363d27704cc6566f645a91,TIA,-0.004183841938893
0x05934b9313c703fb75363d27704cc6566f645a91,SEI,-0.000372619883259
0x05934b9313c703fb75363d27704cc6566f645a91,TAO,0.0106411479147522
0x05934b9313c703fb75363d27704cc6566f645a91,JTO,-0.0066040124051556
0x05934b9313c703fb75363d27704cc6566f645a91,PYTH,0.013886978631383
0x05934b9313c703fb75363d27704cc6566f645a91,MANTA,0.0231876224558577
0x05934b9313c703fb75363d27704cc6566f645a91,ONDO,0.0074159620930589
0x05934b9313c703fb75363d27704cc6566f645a91,WIF,0.0045615826495739
0x05934b9313c703fb75363d27704cc6566f645a91,XAI,0.007324740946823
0x05934b9313c703fb75363d27704cc6566f645a91,ZETA,-0.0053935382086094
0x05934b9313c703fb75363d27704cc6566f645a91,JUP,0.0008014646163553
0x05934b9313c703fb75363d27704cc6566f645a91,DYM,-0.0019801657178778
0x05934b9313c703fb75363d27704cc6566f645a91,TRUMP,0.0044621279418227
0x05934b9313c703fb75363d27704cc6566f645a91,APEX,-0.0008935174906857
0x05934b9313c703fb75363d27704cc6566f645a91,ARB,0.0050554763233721
0x05934b9313c703fb75363d27704cc6566f645a91,BOME,0.0246651762247857
0x05934b9313c703fb75363d27704cc6566f645a91,HYPER,0.001026041751994
0x05934b9313c703fb75363d27704cc6566f645a91,ETHFI,0.0165594342100856
0x05934b9313c703fb75363d27704cc6566f645a91,BRETT,-0.0043604346141831
0x05934b9313c703fb75363d27704cc6566f645a91,W,0.0027784204729862
0x05934b9313c703fb75363d27704cc6566f645a91,GOAT,-0.0004747134338815
0x05934b9313c703fb75363d27704cc6566f645a91,POPCAT,-0.0001271640710169
0x05934b9313c703fb75363d27704cc6566f645a91,MERL,-0.006316771543094
0x05934b9313c703fb75363d27704cc6566f645a91,ZK,-0.0002838254236573
0x05934b9313c703fb75363d27704cc6566f645a91,TNSR,0.0013669281697826
0x05934b9313c703fb75363d27704cc6566f645a91,AERO,-0.0031393111988827
0x05934b9313c703fb75363d27704cc6566f645a91,REZ,0.0002237837560017
0x05934b9313c703fb75363d27704cc6566f645a91,NOT,0.0120761005177553
0x05934b9313c703fb75363d27704cc6566f645a91,MON,-0.0078407052481907
0x05934b9313c703fb75363d27704cc6566f645a91,VIRTUAL,-0.0088296685601548
0x05934b9313c703fb75363d27704cc6566f645a91,IO,0.0056934150466447
0x05934b9313c703fb75363d27704cc6566f645a91,ZRO,-0.0192510902904602
0x05934b9313c703fb75363d27704cc6566f645a91,WLD,-0.0031991674989256
0x05934b9313c703fb75363d27704cc6566f645a91,NEIRO,0.004218392157788
0x05934b9313c703fb75363d27704cc6566f645a91,EIGEN,0.0052539980542021
0x05934b9313c703fb75363d27704cc6566f645a91,MOVE,0.0979668587666303
0x05934b9313c703fb75363d27704cc6566f645a91,FARTCOIN,-0.0060349980585773
0x05934b9313c703fb75363d27704cc6566f645a91,GRASS,0.0236061928578743
0x05934b9313c703fb75363d27704cc6566f645a91,PNUT,-0.0102424112116576
0x05934b9313c703fb75363d27704cc6566f645a91,USUAL,0.0104839581041709
0x05934b9313c703fb75363d27704cc6566f645a91,MORPHO,-0.0078232409325666
0x05934b9313c703fb75363d27704cc6566f645a91,AIXBT,-0.0069713922992582
0x05934b9313c703fb75363d27704cc6566f645a91,HYPE,0.0030480013033691
0x05934b9313c703fb75363d27704cc6566f645a91,ME,0.0028587869367583
0x05934b9313c703fb75363d27704cc6566f645a91,PENGU,0.005525977517493
0x05934b9313c703fb75363d27704cc6566f645a91,sENA,0.017239810154394
0x05934b9313c703fb75363d27704cc6566f645a91,BIO,-0.0100224732878534
0x05934b9313c703fb75363d27704cc6566f645a91,GRIFFAIN,0.0188107808447074
0x05934b9313c703fb75363d27704cc6566f645a91,MELANIA,-0.00005158702147303505
0x05934b9313c703fb75363d27704cc6566f645a91,VINE,0.0310331030454588
0x05934b9313c703fb75363d27704cc6566f645a91,ANIME,-0.0029430396204201
0x05934b9313c703fb75363d27704cc6566f645a91,VVV,0.0043783123119708
0x05934b9313c703fb75363d27704cc6566f645a91,SYRUP,-0.0034910701631097
0x05934b9313c703fb75363d27704cc6566f645a91,BERA,-0.0020107789392026
0x05934b9313c703fb75363d27704cc6566f645a91,IP,0.0357990877959716
0x05934b9313c703fb75363d27704cc6566f645a91,KAITO,0.1469795664401247
0x05934b9313c703fb75363d27704cc6566f645a91,NIL,0.0309746577550927
0x05934b9313c703fb75363d27704cc6566f645a91,WCT,0.0007617898495836
0x05934b9313c703fb75363d27704cc6566f645a91,PUMP,0.0223211215977655
0x05934b9313c703fb75363d27704cc6566f645a91,INIT,0.004687613577452
0x05934b9313c703fb75363d27704cc6566f645a91,SOPH,-0.0121763077894913
0x05934b9313c703fb75363d27704cc6566f645a91,PROVE,0.0119655101522516
0x05934b9313c703fb75363d27704cc6566f645a91,WLFI,-0.0100444398326333
0x05934b9313c703fb75363d27704cc6566f645a91,0G,-0.0126150583791803
0x05934b9313c703fb75363d27704cc6566f645a91,AVNT,0.0075886068652025
0x05934b9313c703fb75363d27704cc6566f645a91,ASTER,0.0058700167926152
0x05934b9313c703fb75363d27704cc6566f645a91,LINEA,0.0052210468857249
0x05934b9313c703fb75363d27704cc6566f645a91,HEMI,0.0381347933813331
0x05934b9313c703fb75363d27704cc6566f645a91,XPL,-0.0014161791048014
0x05934b9313c703fb75363d27704cc6566f645a91,2Z,-0.0165994117508046
0x05934b9313c703fb75363d27704cc6566f645a91,CC,0.0113883349890836
0x063af2c2952d7799ce1eac2f1a85c7b4aa4fe553,BTC,-0.005574953
0x063af2c2952d7799ce1eac2f1a85c7b4aa4fe553,LTC,0.0043452433
0x063af2c2952d7799ce1eac2f1a85c7b4aa4fe553,XRP,0.009080274
0x063af2c2952d7799ce1eac2f1a85c7b4aa4fe553,DOGE,0.01587236
0x063af2c2952d7799ce1eac2f1a85c7b4aa4fe553,DASH,0.00015210308
0x063af2c2952d7799ce1eac2f1a85c7b4aa4fe553,XMR,0.057156324
0x063af2c2952d7799ce1eac2f1a85c7b4aa4fe553,XLM,0.028282654
0x063af2c2952d7799ce1eac2f1a85c7b4aa4fe553,ETH,0.012075683
0x063af2c2952d7799ce1eac2f1a85c7b4aa4fe553,ETC,-0.0043250727
0x063af2c2952d7799ce1eac2f1a85c7b4aa4fe553,ZEC,-0.010590864
0x063af2c2952d7799ce1eac2f1a85c7b4aa4fe553,ZEN,0.009900521
0x063af2c2952d7799ce1eac2f1a85c7b4aa4fe553,IOTA,0.015944997
0x063af2c2952d7799ce1eac2f1a85c7b4aa4fe553,BCH,0.034443412
0x063af2c2952d7799ce1eac2f1a85c7b4aa4fe553,BNB,0.0034055458
0x063af2c2952d7799ce1eac2f1a85c7b4aa4fe553,TRX,0.008091642
0x063af2c2952d7799ce1eac2f1a85c7b4aa4fe553,LINK,0.06272289
0x063af2c2952d7799ce1eac2f1a85c7b4aa4fe553,ADA,0.0028448182
0x063af2c2952d7799ce1eac2f1a85c7b4aa4fe553,FIL,0.014480132
0x063af2c2952d7799ce1eac2f1a85c7b4aa4fe553,SNX,-0.0007020073
0x063af2c2952d7799ce1eac2f1a85c7b4aa4fe553,BSV,0.007813845
0x063af2c2952d7799ce1eac2f1a85c7b4aa4fe553,FET,0.019654604
0x063af2c2952d7799ce1eac2f1a85c7b4aa4fe553,ATOM,-0.00040887165
0x063af2c2952d7799ce1eac2f1a85c7b4aa4fe553,RSR,0.000027498274
0x063af2c2952d7799ce1eac2f1a85c7b4aa4fe553,ALGO,-0.001921228
0x063af2c2952d7799ce1eac2f1a85c7b4aa4fe553,RUNE,-0.0019861239
0x063af2c2952d7799ce1eac2f1a85c7b4aa4fe553,LUNC,0.010761179
0x063af2c2952d7799ce1eac2f1a85c7b4aa4fe553,HBAR,0.01126125
0x063af2c2952d7799ce1eac2f1a85c7b4aa4fe553,PAXG,0.01452452
0x063af2c2952d7799ce1eac2f1a85c7b4aa4fe553,STX,0.0033271848
0x063af2c2952d7799ce1eac2f1a85c7b4aa4fe553,TRB,0.00037971576
0x063af2c2952d7799ce1eac2f1a85c7b4aa4fe553,SOL,0.005969765
0x063af2c2952d7799ce1eac2f1a85c7b4aa4fe553,CELO,0.012253883
0x063af2c2952d7799ce1eac2f1a85c7b4aa4fe553,UMA,0.038510904
0x063af2c2952d7799ce1eac2f1a85c7b4aa4fe553,AR,-0.0046843505
0x063af2c2952d7799ce1eac2f1a85c7b4aa4fe553,RENDER,0.0042271772
0x063af2c2952d7799ce1eac2f1a85c7b4aa4fe553,COMP,0.037299942
0x063af2c2952d7799ce1eac2f1a85c7b4aa4fe553,AVAX,0.0063728243
0x063af2c2952d7799ce1eac2f1a85c7b4aa4fe553,SHIB,0.017712932
0x063af2c2952d7799ce1eac2f1a85c7b4aa4fe553,SAND,0.019061156
0x063af2c2952d7799ce1eac2f1a85c7b4aa4fe553,NEAR,0.015722409
0x063af2c2952d7799ce1eac2f1a85c7b4aa4fe553,CRV,-0.011060877
0x063af2c2952d7799ce1eac2f1a85c7b4aa4fe553,DOT,0.011899349
0x063af2c2952d7799ce1eac2f1a85c7b4aa4fe553,SUSHI,0.0010031809
0x063af2c2952d7799ce1eac2f1a85c7b4aa4fe553,AXS,0.0053827395
0x063af2c2952d7799ce1eac2f1a85c7b4aa4fe553,GALA,0.007438431
0x063af2c2952d7799ce1eac2f1a85c7b4aa4fe553,UNI,-0.007851791
0x063af2c2952d7799ce1eac2f1a85c7b4aa4fe553,CAKE,0.030856118
0x063af2c2952d7799ce1eac2f1a85c7b4aa4fe553,INJ,0.031015059
0x063af2c2952d7799ce1eac2f1a85c7b4aa4fe553,AAVE,0.027735783
0x063af2c2952d7799ce1eac2f1a85c7b4aa4fe553,CFX,0.002005824
0x063af2c2952d7799ce1eac2f1a85c7b4aa4fe553,LDO,0.00016686683
0x063af2c2952d7799ce1eac2f1a85c7b4aa4fe553,MINA,-0.00017381235
0x063af2c2952d7799ce1eac2f1a85c7b4aa4fe553,ICP,-0.0024794207
0x063af2c2952d7799ce1eac2f1a85c7b4aa4fe553,PENDLE,0.024975544
0x063af2c2952d7799ce1eac2f1a85c7b4aa4fe553,IMX,0.011339502
0x063af2c2952d7799ce1eac2f1a85c7b4aa4fe553,FLOKI,0.005289337
0x063af2c2952d7799ce1eac2f1a85c7b4aa4fe553,OP,-0.014715653
0x063af2c2952d7799ce1eac2f1a85c7b4aa4fe553,ARB,0.0036078505
0x063af2c2952d7799ce1eac2f1a85c7b4aa4fe553,GMX,0.0030128583
0x063af2c2952d7799ce1eac2f1a85c7b4aa4fe553,WLD,-0.0015720065
0x063af2c2952d7799ce1eac2f1a85c7b4aa4fe553,MANTA,0.007359709
0x063af2c2952d7799ce1eac2f1a85c7b4aa4fe553,ENS,0.0105836205
0x063af2c2952d7799ce1eac2f1a85c7b4aa4fe553,PEOPLE,0.00018186781
0x063af2c2952d7799ce1eac2f1a85c7b4aa4fe553,GMT,0.023916816
0x063af2c2952d7799ce1eac2f1a85c7b4aa4fe553,APE,0.030658511
0x063af2c2952d7799ce1eac2f1a85c7b4aa4fe553,APEX,0.026853649
0x063af2c2952d7799ce1eac2f1a85c7b4aa4fe553,KAS,0.019886483
0x063af2c2952d7799ce1eac2f1a85c7b4aa4fe553,SUI,0.009949625
0x063af2c2952d7799ce1eac2f1a85c7b4aa4fe553,ONDO,0.015415749
0x063af2c2952d7799ce1eac2f1a85c7b4aa4fe553,ZETA,0.002700562
0x063af2c2952d7799ce1eac2f1a85c7b4aa4fe553,APT,0.0057791173
0x063af2c2952d7799ce1eac2f1a85c7b4aa4fe553,STRK,0.012954254
0x063af2c2952d7799ce1eac2f1a85c7b4aa4fe553,TIA,0.011875863
0x063af2c2952d7799ce1eac2f1a85c7b4aa4fe553,TAO,0.010860883
0x063af2c2952d7799ce1eac2f1a85c7b4aa4fe553,BONK,0.017799078
0x063af2c2952d7799ce1eac2f1a85c7b4aa4fe553,BLUR,0.014149568
0x063af2c2952d7799ce1eac2f1a85c7b4aa4fe553,SEI,0.014223304
0x063af2c2952d7799ce1eac2f1a85c7b4aa4fe553,ZK,0.0008467969
0x063af2c2952d7799ce1eac2f1a85c7b4aa4fe553,PEPE,-0.008086309
0x063af2c2952d7799ce1eac2f1a85c7b4aa4fe553,BERA,0.018346803
0x063af2c2952d7799ce1eac2f1a85c7b4aa4fe553,TURBO,0.014306799
0x063af2c2952d7799ce1eac2f1a85c7b4aa4fe553,ORDI,0.009232389
0x063af2c2952d7799ce1eac2f1a85c7b4aa4fe553,ZRO,0.0025121372
0x063af2c2952d7799ce1eac2f1a85c7b4aa4fe553,MNT,0.0050198133
0x063af2c2952d7799ce1eac2f1a85c7b4aa4fe553,LINEA,0.0173065
0x063af2c2952d7799ce1eac2f1a85c7b4aa4fe553,PYTH,0.016609613
0x063af2c2952d7799ce1eac2f1a85c7b4aa4fe553,MEME,0.008396769
0x063af2c2952d7799ce1eac2f1a85c7b4aa4fe553,POL,0.00008174402
0x063af2c2952d7799ce1eac2f1a85c7b4aa4fe553,JTO,-0.0059226877
0x063af2c2952d7799ce1eac2f1a85c7b4aa4fe553,WIF,0.014873768
0x063af2c2952d7799ce1eac2f1a85c7b4aa4fe553,POPCAT,0.012793451
0x063af2c2952d7799ce1eac2f1a85c7b4aa4fe553,NOT,-0.0078055365
0x063af2c2952d7799ce1eac2f1a85c7b4aa4fe553,DYM,-0.0039319075
0x063af2c2952d7799ce1eac2f1a85c7b4aa4fe553,XAI,-0.0017644638
0x063af2c2952d7799ce1eac2f1a85c7b4aa4fe553,ALT,0.015561955
0x063af2c2952d7799ce1eac2f1a85c7b4aa4fe553,JUP,0.033904344
0x063af2c2952d7799ce1eac2f1a85c7b4aa4fe553,AERO,0.0102322865
0x063af2c2952d7799ce1eac2f1a85c7b4aa4fe553,VIRTUAL,-0.000019500236
0x063af2c2952d7799ce1eac2f1a85c7b4aa4fe553,W,0.02183243
0x063af2c2952d7799ce1eac2f1a85c7b4aa4fe553,BRETT,0.0098308
0x063af2c2952d7799ce1eac2f1a85c7b4aa4fe553,ETHFI,-0.009090273
0x063af2c2952d7799ce1eac2f1a85c7b4aa4fe553,IO,0.01384521
0x063af2c2952d7799ce1eac2f1a85c7b4aa4fe553,BOME,-0.012093097
0x063af2c2952d7799ce1eac2f1a85c7b4aa4fe553,sENA,0.0035749092
0x063af2c2952d7799ce1eac2f1a85c7b4aa4fe553,TNSR,0.00020055383
0x063af2c2952d7799ce1eac2f1a85c7b4aa4fe553,EIGEN,0.00089096447
0x063af2c2952d7799ce1eac2f1a85c7b4aa4fe553,MON,0.01495969
0x063af2c2952d7799ce1eac2f1a85c7b4aa4fe553,MERL,0.005822854
0x063af2c2952d7799ce1eac2f1a85c7b4aa4fe553,REZ,0.013289378
0x063af2c2952d7799ce1eac2f1a85c7b4aa4fe553,SOPH,-0.00536292
0x063af2c2952d7799ce1eac2f1a85c7b4aa4fe553,HYPE,0.014857241
0x063af2c2952d7799ce1eac2f1a85c7b4aa4fe553,ME,0.0042527905
0x063af2c2952d7799ce1eac2f1a85c7b4aa4fe553,BABY,0.023216829
0x063af2c2952d7799ce1eac2f1a85c7b4aa4fe553,MOVE,-0.019193858
0x063af2c2952d7799ce1eac2f1a85c7b4aa4fe553,NEIRO,0.003837846
0x063af2c2952d7799ce1eac2f1a85c7b4aa4fe553,S,-0.010307142
0x063af2c2952d7799ce1eac2f1a85c7b4aa4fe553,GRASS,-0.0059453407
0x063af2c2952d7799ce1eac2f1a85c7b4aa4fe553,SKY,0.013559057
0x063af2c2952d7799ce1eac2f1a85c7b4aa4fe553,INIT,0.0012253686
0x063af2c2952d7799ce1eac2f1a85c7b4aa4fe553,WCT,0.0072843237
0x063af2c2952d7799ce1eac2f1a85c7b4aa4fe553,WLFI,0.0027045785
0x063af2c2952d7799ce1eac2f1a85c7b4aa4fe553,GOAT,0.012764505
0x063af2c2952d7799ce1eac2f1a85c7b4aa4fe553,FARTCOIN,0.0044250013
0x063af2c2952d7799ce1eac2f1a85c7b4aa4fe553,PNUT,0.002204548
0x063af2c2952d7799ce1eac2f1a85c7b4aa4fe553,SYRUP,-0.0053589884
0x063af2c2952d7799ce1eac2f1a85c7b4aa4fe553,USUAL,-0.008853574
0x063af2c2952d7799ce1eac2f1a85c7b4aa4fe553,AIXBT,0.0112472065
0x063af2c2952d7799ce1eac2f1a85c7b4aa4fe553,MORPHO,0.0118959695
0x063af2c2952d7799ce1eac2f1a85c7b4aa4fe553,PENGU,0.0018130705
0x063af2c2952d7799ce1eac2f1a85c7b4aa4fe553,GRIFFAIN,0.009730435
0x063af2c2952d7799ce1eac2f1a85c7b4aa4fe553,BIO,0.009077675
0x063af2c2952d7799ce1eac2f1a85c7b4aa4fe553,ANIME,0.019001488
0x063af2c2952d7799ce1eac2f1a85c7b4aa4fe553,TRUMP,-0.0026390548
0x063af2c2952d7799ce1eac2f1a85c7b4aa4fe553,MELANIA,0.00040500963
0x063af2c2952d7799ce1eac2f1a85c7b4aa4fe553,VINE,0.005283561
0x063af2c2952d7799ce1eac2f1a85c7b4aa4fe553,LAYER,0.015132727
0x063af2c2952d7799ce1eac2f1a85c7b4aa4fe553,VVV,0.01746985
0x063af2c2952d7799ce1eac2f1a85c7b4aa4fe553,IP,0.023752991
0x063af2c2952d7799ce1eac2f1a85c7b4aa4fe553,NIL,-0.017312411
0x063af2c2952d7799ce1eac2f1a85c7b4aa4fe553,KAITO,-0.15984493
0x063af2c2952d7799ce1eac2f1a85c7b4aa4fe553,ZORA,0.004846913
0x063af2c2952d7799ce1eac2f1a85c7b4aa4fe553,HYPER,0.01655667
0x063af2c2952d7799ce1eac2f1a85c7b4aa4fe553,ASTER,0.015551891
0x063af2c2952d7799ce1eac2f1a85c7b4aa4fe553,PUMP,0.00011579714
0x063af2c2952d7799ce1eac2f1a85c7b4aa4fe553,XPL,0.020589726
0x063af2c2952d7799ce1eac2f1a85c7b4aa4fe553,CC,0.008685761
0x063af2c2952d7799ce1eac2f1a85c7b4aa4fe553,PROVE,0.060523015
0x063af2c2952d7799ce1eac2f1a85c7b4aa4fe553,HEMI,-0.040351663
0x063af2c2952d7799ce1eac2f1a85c7b4aa4fe553,AVNT,-0.006947032
0x063af2c2952d7799ce1eac2f1a85c7b4aa4fe553,0G,-0.006313585
0x063af2c2952d7799ce1eac2f1a85c7b4aa4fe553,2Z,0.00335155
0x063af2c2952d7799ce1eac2f1a85c7b4aa4fe553,LIT,0.0021786625
0x0edc0ea676c5e608d628ecc659a13a213476de3e,SKY,-0.0146545054374838
0x0edc0ea676c5e608d628ecc659a13a213476de3e,TRX,0.0137860274710175
0x0edc0ea676c5e608d628ecc659a13a213476de3e,XLM,0.0115979620965216
0x0edc0ea676c5e608d628ecc659a13a213476de3e,XMR,0.0182977476535389
0x0edc0ea676c5e608d628ecc659a13a213476de3e,XRP,0.0006925337039913
0x0edc0ea676c5e608d628ecc659a13a213476de3e,ZEC,-0.0107763950811732
0x0edc0ea676c5e608d628ecc659a13a213476de3e,BCH,-0.0001646428630419
0x0edc0ea676c5e608d628ecc659a13a213476de3e,BTC,-0.0008074806304685
0x0edc0ea676c5e608d628ecc659a13a213476de3e,DOGE,0.0073660468150125
0x0edc0ea676c5e608d628ecc659a13a213476de3e,ETC,0.0051342979207396
0x0edc0ea676c5e608d628ecc659a13a213476de3e,LTC,-0.0078527920578841
0x0edc0ea676c5e608d628ecc659a13a213476de3e,ETH,0.0022666058124991
0x0edc0ea676c5e608d628ecc659a13a213476de3e,ADA,-0.0013372380607645
0x0edc0ea676c5e608d628ecc659a13a213476de3e,LINK,0.0192097000169413
0x0edc0ea676c5e608d628ecc659a13a213476de3e,S,-0.0057675755726154
0x0edc0ea676c5e608d628ecc659a13a213476de3e,ATOM,-0.0163695044064478
0x0edc0ea676c5e608d628ecc659a13a213476de3e,SNX,-0.0081146622929491
0x0edc0ea676c5e608d628ecc659a13a213476de3e,RSR,0.0079075804626056
0x0edc0ea676c5e608d628ecc659a13a213476de3e,ALGO,0.0012712516984552
0x0edc0ea676c5e608d628ecc659a13a213476de3e,RUNE,-0.0127414279849298
0x0edc0ea676c5e608d628ecc659a13a213476de3e,TRB,0.0011000912361398
0x0edc0ea676c5e608d628ecc659a13a213476de3e,SOL,-0.0053349095491681
0x0edc0ea676c5e608d628ecc659a13a213476de3e,UMA,-0.0006549027031967
0x0edc0ea676c5e608d628ecc659a13a213476de3e,PAXG,0.0176782081917659
0x0edc0ea676c5e608d628ecc659a13a213476de3e,COMP,-0.0018335550124251
0x0edc0ea676c5e608d628ecc659a13a213476de3e,AVAX,0.0082586272697977
0x0edc0ea676c5e608d628ecc659a13a213476de3e,SAND,0.0108090037451365
0x0edc0ea676c5e608d628ecc659a13a213476de3e,CRV,0.017844659463816
0x0edc0ea676c5e608d628ecc659a13a213476de3e,LAYER,0.0077030558215565
0x0edc0ea676c5e608d628ecc659a13a213476de3e,DOT,-0.0013337938204303
0x0edc0ea676c5e608d628ecc659a13a213476de3e,SUSHI,-0.0118235517133818
0x0edc0ea676c5e608d628ecc659a13a213476de3e,UNI,-0.0101330733953251
0x0edc0ea676c5e608d628ecc659a13a213476de3e,AAVE,-0.0061107547506664
0x0edc0ea676c5e608d628ecc659a13a213476de3e,NEAR,0.0098303724060153
0x0edc0ea676c5e608d628ecc659a13a213476de3e,FIL,0.0015781079822763
0x0edc0ea676c5e608d628ecc659a13a213476de3e,AXS,-0.015696555910341
0x0edc0ea676c5e608d628ecc659a13a213476de3e,INJ,0.0106936376643252
0x0edc0ea676c5e608d628ecc659a13a213476de3e,ZORA,0.0465569027312205
0x0edc0ea676c5e608d628ecc659a13a213476de3e,CELO,-0.0003896106207659
0x0edc0ea676c5e608d628ecc659a13a213476de3e,LIT,-0.0211717813526586
0x0edc0ea676c5e608d628ecc659a13a213476de3e,SHIB,0.0050298571182507
0x0edc0ea676c5e608d628ecc659a13a213476de3e,ICP,0.0125805715532821
0x0edc0ea676c5e608d628ecc659a13a213476de3e,RENDER,0.0123241700035615
0x0edc0ea676c5e608d628ecc659a13a213476de3e,LDO,-0.0022855480175723
0x0edc0ea676c5e608d628ecc659a13a213476de3e,GALA,0.0250144999747093
0x0edc0ea676c5e608d628ecc659a13a213476de3e,FET,0.0337213075037235
0x0edc0ea676c5e608d628ecc659a13a213476de3e,ENS,-0.0070905509725562
0x0edc0ea676c5e608d628ecc659a13a213476de3e,IMX,0.0029238638145523
0x0edc0ea676c5e608d628ecc659a13a213476de3e,PEOPLE,0.004492975187796
0x0edc0ea676c5e608d628ecc659a13a213476de3e,GMT,0.0144994885301908
0x0edc0ea676c5e608d628ecc659a13a213476de3e,FLOKI,0.0118129929264927
0x0edc0ea676c5e608d628ecc659a13a213476de3e,POL,-0.0137362051662757
0x0edc0ea676c5e608d628ecc659a13a213476de3e,APE,-0.0087391327898469
0x0edc0ea676c5e608d628ecc659a13a213476de3e,GMX,-0.0021148174962368
0x0edc0ea676c5e608d628ecc659a13a213476de3e,BLUR,0.0247246527224654
0x0edc0ea676c5e608d628ecc659a13a213476de3e,PENDLE,-0.0020152306084531
0x0edc0ea676c5e608d628ecc659a13a213476de3e,LUNC,0.0093711387127455
0x0edc0ea676c5e608d628ecc659a13a213476de3e,MINA,-0.0148781469262207
0x0edc0ea676c5e608d628ecc659a13a213476de3e,MEME,0.0065759328216028
0x0edc0ea676c5e608d628ecc659a13a213476de3e,OP,0.0071708802440733
0x0edc0ea676c5e608d628ecc659a13a213476de3e,ZEN,-0.030103075934987
0x0edc0ea676c5e608d628ecc659a13a213476de3e,STRK,0.0202539250924272
0x0edc0ea676c5e608d628ecc659a13a213476de3e,STX,0.0167546830355376
0x0edc0ea676c5e608d628ecc659a13a213476de3e,CFX,0.0077970605068247
0x0edc0ea676c5e608d628ecc659a13a213476de3e,CAKE,0.0122086549846845
0x0edc0ea676c5e608d628ecc659a13a213476de3e,DASH,0.0034147187295838
0x0edc0ea676c5e608d628ecc659a13a213476de3e,BSV,0.0071562060262542
0x0edc0ea676c5e608d628ecc659a13a213476de3e,AR,-0.0074753880257223
0x0edc0ea676c5e608d628ecc659a13a213476de3e,APT,-0.0032915279057033
0x0edc0ea676c5e608d628ecc659a13a213476de3e,ALT,0.0048808369718242
0x0edc0ea676c5e608d628ecc659a13a213476de3e,BNB,0.0172670457757196
0x0edc0ea676c5e608d628ecc659a13a213476de3e,BONK,0.0216413688600523
0x0edc0ea676c5e608d628ecc659a13a213476de3e,BABY,0.0247940539149496
0x0edc0ea676c5e608d628ecc659a13a213476de3e,HBAR,-0.0056362074425575
0x0edc0ea676c5e608d628ecc659a13a213476de3e,KAS,0.0105336673723271
0x0edc0ea676c5e608d628ecc659a13a213476de3e,PEPE,0.0018748598699718
0x0edc0ea676c5e608d628ecc659a13a213476de3e,ORDI,-0.0110355261079236
0x0edc0ea676c5e608d628ecc659a13a213476de3e,SUI,0.0040406396434782
0x0edc0ea676c5e608d628ecc659a13a213476de3e,MNT,-0.00337845448356
0x0edc0ea676c5e608d628ecc659a13a213476de3e,IOTA,0.0010921322507015
0x0edc0ea676c5e608d628ecc659a13a213476de3e,TURBO,0.001426592508648
0x0edc0ea676c5e608d628ecc659a13a213476de3e,TIA,0.0145424546747868
0x0edc0ea676c5e608d628ecc659a13a213476de3e,SEI,0.0104419814790107
0x0edc0ea676c5e608d628ecc659a13a213476de3e,TAO,-0.0032923240620628
0x0edc0ea676c5e608d628ecc659a13a213476de3e,JTO,-0.024122884478758
0x0edc0ea676c5e608d628ecc659a13a213476de3e,PYTH,-0.0027913260885901
0x0edc0ea676c5e608d628ecc659a13a213476de3e,MANTA,0.0101931264142603
0x0edc0ea676c5e608d628ecc659a13a213476de3e,ONDO,-0.007853115840444
0x0edc0ea676c5e608d628ecc659a13a213476de3e,WIF,0.0073474884726296
0x0edc0ea676c5e608d628ecc659a13a213476de3e,XAI,-0.0210222117962082
0x0edc0ea676c5e608d628ecc659a13a213476de3e,ZETA,0.0185304548256049
0x0edc0ea676c5e608d628ecc659a13a213476de3e,JUP,-0.0036818653484282
0x0edc0ea676c5e608d628ecc659a13a213476de3e,DYM,-0.0042025492467736
0x0edc0ea676c5e608d628ecc659a13a213476de3e,TRUMP,0.0081067082899324
0x0edc0ea676c5e608d628ecc659a13a213476de3e,APEX,0.0078590950539154
0x0edc0ea676c5e608d628ecc659a13a213476de3e,ARB,0.003706079463424
0x0edc0ea676c5e608d628ecc659a13a213476de3e,BOME,0.0091132039392525
0x0edc0ea676c5e608d628ecc659a13a213476de3e,HYPER,-0.0054945041561103
0x0edc0ea676c5e608d628ecc659a13a213476de3e,ETHFI,-0.007125672855498
0x0edc0ea676c5e608d628ecc659a13a213476de3e,BRETT,0.0146508520772957
0x0edc0ea676c5e608d628ecc659a13a213476de3e,W,0.0096738777458174
0x0edc0ea676c5e608d628ecc659a13a213476de3e,GOAT,-0.0075530583012741
0x0edc0ea676c5e608d628ecc659a13a213476de3e,POPCAT,0.0055585881014039
0x0edc0ea676c5e608d628ecc659a13a213476de3e,MERL,-0.0078198731584475
0x0edc0ea676c5e608d628ecc659a13a213476de3e,ZK,0.0155633881430437
0x0edc0ea676c5e608d628ecc659a13a213476de3e,TNSR,0.0103614770827918
0x0edc0ea676c5e608d628ecc659a13a213476de3e,AERO,-0.0033888770786718
0x0edc0ea676c5e608d628ecc659a13a213476de3e,REZ,0.0157695149971169
0x0edc0ea676c5e608d628ecc659a13a213476de3e,NOT,-0.0030259029252175
0x0edc0ea676c5e608d628ecc659a13a213476de3e,MON,0.0006471780935293
0x0edc0ea676c5e608d628ecc659a13a213476de3e,VIRTUAL,-0.009218584086158
0x0edc0ea676c5e608d628ecc659a13a213476de3e,IO,0.0202613659272886
0x0edc0ea676c5e608d628ecc659a13a213476de3e,ZRO,-0.0035181331264504
0x0edc0ea676c5e608d628ecc659a13a213476de3e,WLD,-0.0094994028827148
0x0edc0ea676c5e608d628ecc659a13a213476de3e,NEIRO,0.0260729562687856
0x0edc0ea676c5e608d628ecc659a13a213476de3e,EIGEN,0.019123506831402
0x0edc0ea676c5e608d628ecc659a13a213476de3e,MOVE,0.0138087226369674
0x0edc0ea676c5e608d628ecc659a13a213476de3e,FARTCOIN,-0.0096412328432695
0x0edc0ea676c5e608d628ecc659a13a213476de3e,GRASS,-0.0016648539557144
0x0edc0ea676c5e608d628ecc659a13a213476de3e,PNUT,-0.0107153921170746
0x0edc0ea676c5e608d628ecc659a13a213476de3e,USUAL,-0.0060903365279956
0x0edc0ea676c5e608d628ecc659a13a213476de3e,MORPHO,-0.0064400515912279
0x0edc0ea676c5e608d628ecc659a13a213476de3e,AIXBT,-0.0042876874813464
0x0edc0ea676c5e608d628ecc659a13a213476de3e,HYPE,-0.017015446960116
0x0edc0ea676c5e608d628ecc659a13a213476de3e,ME,0.0130579565388664
0x0edc0ea676c5e608d628ecc659a13a213476de3e,PENGU,0.0102303758904285
0x0edc0ea676c5e608d628ecc659a13a213476de3e,sENA,-0.006017947424415
0x0edc0ea676c5e608d628ecc659a13a213476de3e,BIO,0.0014495555978162
0x0edc0ea676c5e608d628ecc659a13a213476de3e,GRIFFAIN,0.015782725295711
0x0edc0ea676c5e608d628ecc659a13a213476de3e,MELANIA,-0.0095413226320011
0x0edc0ea676c5e608d628ecc659a13a213476de3e,VINE,0.0644148118254546
0x0edc0ea676c5e608d628ecc659a13a213476de3e,ANIME,0.0066475322062118
0x0edc0ea676c5e608d628ecc659a13a213476de3e,VVV,0.0099482060332405
0x0edc0ea676c5e608d628ecc659a13a213476de3e,SYRUP,-0.0200022313190331
0x0edc0ea676c5e608d628ecc659a13a213476de3e,BERA,0.0320975739542129
0x0edc0ea676c5e608d628ecc659a13a213476de3e,IP,0.0108360172547546
0x0edc0ea676c5e608d628ecc659a13a213476de3e,KAITO,-0.0344228513293323
0x0edc0ea676c5e608d628ecc659a13a213476de3e,NIL,0.0036475168538476
0x0edc0ea676c5e608d628ecc659a13a213476de3e,WCT,0.017511071363282
0x0edc0ea676c5e608d628ecc659a13a213476de3e,PUMP,0.0143444179681167
0x0edc0ea676c5e608d628ecc659a13a213476de3e,INIT,-0.0021432897984519
0x0edc0ea676c5e608d628ecc659a13a213476de3e,SOPH,0.0006119498366117
0x0edc0ea676c5e608d628ecc659a13a213476de3e,PROVE,0.0171125538286425
0x0edc0ea676c5e608d628ecc659a13a213476de3e,WLFI,-0.0084176974686627
0x0edc0ea676c5e608d628ecc659a13a213476de3e,0G,0.031155168235524
0x0edc0ea676c5e608d628ecc659a13a213476de3e,AVNT,0.0042887244606575
0x0edc0ea676c5e608d628ecc659a13a213476de3e,ASTER,-0.0025943595323083
0x0edc0ea676c5e608d628ecc659a13a213476de3e,LINEA,0.0038765789918116
0x0edc0ea676c5e608d628ecc659a13a213476de3e,HEMI,-0.0093444565494189
0x0edc0ea676c5e608d628ecc659a13a213476de3e,XPL,0.0012266337872104
0x0edc0ea676c5e608d628ecc659a13a213476de3e,2Z,-0.0055966738793584
0x0edc0ea676c5e608d628ecc659a13a213476de3e,CC,0.0124075749568782
0x18fbc0c8fdd7faa3f4fb72810a0c6360c1bb4bd6,0G,0.0066191009975891
0x18fbc0c8fdd7faa3f4fb72810a0c6360c1bb4bd6,2Z,0.0047028482293879
0x18fbc0c8fdd7faa3f4fb72810a0c6360c1bb4bd6,AAVE,0.0074559548253823
0x18fbc0c8fdd7faa3f4fb72810a0c6360c1bb4bd6,ADA,0.0077216906576681
0x18fbc0c8fdd7faa3f4fb72810a0c6360c1bb4bd6,AERO,0.0063655475488666
0x18fbc0c8fdd7faa3f4fb72810a0c6360c1bb4bd6,AIXBT,0.0069306208634487
0x18fbc0c8fdd7faa3f4fb72810a0c6360c1bb4bd6,ALGO,0.0069913310886644
0x18fbc0c8fdd7faa3f4fb72810a0c6360c1bb4bd6,ALT,0.0070372903179756
0x18fbc0c8fdd7faa3f4fb72810a0c6360c1bb4bd6,ANIME,0.007501347546019
0x18fbc0c8fdd7faa3f4fb72810a0c6360c1bb4bd6,APE,0.0069242778108147
0x18fbc0c8fdd7faa3f4fb72810a0c6360c1bb4bd6,APEX,0.0066160771812747
0x18fbc0c8fdd7faa3f4fb72810a0c6360c1bb4bd6,APT,0.0073657357557981
0x18fbc0c8fdd7faa3f4fb72810a0c6360c1bb4bd6,AR,0.0072151420790695
0x18fbc0c8fdd7faa3f4fb72810a0c6360c1bb4bd6,ARB,0.0077092334022722
0x18fbc0c8fdd7faa3f4fb72810a0c6360c1bb4bd6,ASTER,0.0072179938581324
0x18fbc0c8fdd7faa3f4fb72810a0c6360c1bb4bd6,ATOM,0.0068771832842176
0x18fbc0c8fdd7faa3f4fb72810a0c6360c1bb4bd6,AVAX,0.0073419274699173
0x18fbc0c8fdd7faa3f4fb72810a0c6360c1bb4bd6,AVNT,0.004086099200981
0x18fbc0c8fdd7faa3f4fb72810a0c6360c1bb4bd6,AXS,0.0067703724352066
0x18fbc0c8fdd7faa3f4fb72810a0c6360c1bb4bd6,BABY,0.0056173031654375
0x18fbc0c8fdd7faa3f4fb72810a0c6360c1bb4bd6,BCH,0.0071493668919145
0x18fbc0c8fdd7faa3f4fb72810a0c6360c1bb4bd6,BERA,0.005670206752104
0x18fbc0c8fdd7faa3f4fb72810a0c6360c1bb4bd6,BIO,0.0069060884585138
0x18fbc0c8fdd7faa3f4fb72810a0c6360c1bb4bd6,BLUR,0.0073637269768985
0x18fbc0c8fdd7faa3f4fb72810a0c6360c1bb4bd6,BNB,0.0078193385210326
0x18fbc0c8fdd7faa3f4fb72810a0c6360c1bb4bd6,BOME,0.0047581733976195
0x18fbc0c8fdd7faa3f4fb72810a0c6360c1bb4bd6,BONK,0.0075547207703492
0x18fbc0c8fdd7faa3f4fb72810a0c6360c1bb4bd6,BRETT,0.0066428137452919
0x18fbc0c8fdd7faa3f4fb72810a0c6360c1bb4bd6,BSV,0.0066647651716896
0x18fbc0c8fdd7faa3f4fb72810a0c6360c1bb4bd6,BTC,0.0076728981500066
0x18fbc0c8fdd7faa3f4fb72810a0c6360c1bb4bd6,CAKE,0.0077732844314004
0x18fbc0c8fdd7faa3f4fb72810a0c6360c1bb4bd6,CC,0.0077267646509074
0x18fbc0c8fdd7faa3f4fb72810a0c6360c1bb4bd6,CELO,0.0063177398990553
0x18fbc0c8fdd7faa3f4fb72810a0c6360c1bb4bd6,CFX,0.0070829632816592
0x18fbc0c8fdd7faa3f4fb72810a0c6360c1bb4bd6,COMP,0.0073973030196011
0x18fbc0c8fdd7faa3f4fb72810a0c6360c1bb4bd6,CRV,0.005384267365848
0x18fbc0c8fdd7faa3f4fb72810a0c6360c1bb4bd6,DASH,0.0066822546839615
0x18fbc0c8fdd7faa3f4fb72810a0c6360c1bb4bd6,DOGE,0.0075366766550544
0x18fbc0c8fdd7faa3f4fb72810a0c6360c1bb4bd6,DOT,0.0076670789416793
0x18fbc0c8fdd7faa3f4fb72810a0c6360c1bb4bd6,DYM,0.0051518915901554
0x18fbc0c8fdd7faa3f4fb72810a0c6360c1bb4bd6,EIGEN,0.0075163728244995
0x18fbc0c8fdd7faa3f4fb72810a0c6360c1bb4bd6,ENS,0.0071348266921655
0x18fbc0c8fdd7faa3f4fb72810a0c6360c1bb4bd6,ETC,0.007820396877173
0x18fbc0c8fdd7faa3f4fb72810a0c6360c1bb4bd6,ETH,0.0076198176320115
0x18fbc0c8fdd7faa3f4fb72810a0c6360c1bb4bd6,ETHFI,0.002983434983693
0x18fbc0c8fdd7faa3f4fb72810a0c6360c1bb4bd6,FARTCOIN,0.0057495832190497
0x18fbc0c8fdd7faa3f4fb72810a0c6360c1bb4bd6,FET,0.0072490941844464
0x18fbc0c8fdd7faa3f4fb72810a0c6360c1bb4bd6,FIL,0.0065265169722749
0x18fbc0c8fdd7faa3f4fb72810a0c6360c1bb4bd6,FLOKI,0.0067883307887141
0x18fbc0c8fdd7faa3f4fb72810a0c6360c1bb4bd6,GALA,0.007644409365528
0x18fbc0c8fdd7faa3f4fb72810a0c6360c1bb4bd6,GMT,0.0076086726443391
0x18fbc0c8fdd7faa3f4fb72810a0c6360c1bb4bd6,GMX,0.0061673934224416
0x18fbc0c8fdd7faa3f4fb72810a0c6360c1bb4bd6,GOAT,0.0074327751604566
0x18fbc0c8fdd7faa3f4fb72810a0c6360c1bb4bd6,GRASS,0.0056989336012262
0x18fbc0c8fdd7faa3f4fb72810a0c6360c1bb4bd6,GRIFFAIN,0.0065081819676199
0x18fbc0c8fdd7faa3f4fb72810a0c6360c1bb4bd6,HBAR,0.0077698155427339
0x18fbc0c8fdd7faa3f4fb72810a0c6360c1bb4bd6,HEMI,0.0005309519460929
0x18fbc0c8fdd7faa3f4fb72810a0c6360c1bb4bd6,HYPE,0.0077282676658457
0x18fbc0c8fdd7faa3f4fb72810a0c6360c1bb4bd6,HYPER,0.006549479882507
0x18fbc0c8fdd7faa3f4fb72810a0c6360c1bb4bd6,ICP,0.006547194896936
0x18fbc0c8fdd7faa3f4fb72810a0c6360c1bb4bd6,IMX,0.006541493711554
0x18fbc0c8fdd7faa3f4fb72810a0c6360c1bb4bd6,INIT,0.0052907339156236
0x18fbc0c8fdd7faa3f4fb72810a0c6360c1bb4bd6,INJ,0.0076527929687073
0x18fbc0c8fdd7faa3f4fb72810a0c6360c1bb4bd6,IO,0.0070324261381481
0x18fbc0c8fdd7faa3f4fb72810a0c6360c1bb4bd6,IOTA,0.0070994240522815
0x18fbc0c8fdd7faa3f4fb72810a0c6360c1bb4bd6,IP,0.0076734961187189
0x18fbc0c8fdd7faa3f4fb72810a0c6360c1bb4bd6,JTO,0.0059761743117671
0x18fbc0c8fdd7faa3f4fb72810a0c6360c1bb4bd6,JUP,0.0070742069588842
0x18fbc0c8fdd7faa3f4fb72810a0c6360c1bb4bd6,KAITO,0.002091466235587
0x18fbc0c8fdd7faa3f4fb72810a0c6360c1bb4bd6,KAS,0.0074855793736281
0x18fbc0c8fdd7faa3f4fb72810a0c6360c1bb4bd6,LAYER,0.0075068780476581
0x18fbc0c8fdd7faa3f4fb72810a0c6360c1bb4bd6,LDO,0.0048723758870526
0x18fbc0c8fdd7faa3f4fb72810a0c6360c1bb4bd6,LINEA,0.0067788095106384
0x18fbc0c8fdd7faa3f4fb72810a0c6360c1bb4bd6,LINK,0.0061022080891465
0x18fbc0c8fdd7faa3f4fb72810a0c6360c1bb4bd6,LIT,0.0062183820561963
0x18fbc0c8fdd7faa3f4fb72810a0c6360c1bb4bd6,LTC,0.007138598876392
0x18fbc0c8fdd7faa3f4fb72810a0c6360c1bb4bd6,LUNC,0.0075885549884111
0x18fbc0c8fdd7faa3f4fb72810a0c6360c1bb4bd6,MANTA,0.0071008912807785
0x18fbc0c8fdd7faa3f4fb72810a0c6360c1bb4bd6,ME,0.0052864386749151
0x18fbc0c8fdd7faa3f4fb72810a0c6360c1bb4bd6,MELANIA,0.0072229568482933
0x18fbc0c8fdd7faa3f4fb72810a0c6360c1bb4bd6,MEME,0.0073262571372633
0x18fbc0c8fdd7faa3f4fb72810a0c6360c1bb4bd6,MERL,0.0057706846952033
0x18fbc0c8fdd7faa3f4fb72810a0c6360c1bb4bd6,MINA,0.0063947082089522
0x18fbc0c8fdd7faa3f4fb72810a0c6360c1bb4bd6,MNT,0.0071395692511004
0x18fbc0c8fdd7faa3f4fb72810a0c6360c1bb4bd6,MON,0.0074016542331546
0x18fbc0c8fdd7faa3f4fb72810a0c6360c1bb4bd6,MORPHO,0.0066932608570235
0x18fbc0c8fdd7faa3f4fb72810a0c6360c1bb4bd6,MOVE,0.0076424992626974
0x18fbc0c8fdd7faa3f4fb72810a0c6360c1bb4bd6,NEAR,0.0071541024276165
0x18fbc0c8fdd7faa3f4fb72810a0c6360c1bb4bd6,NEIRO,0.0042954645801268
0x18fbc0c8fdd7faa3f4fb72810a0c6360c1bb4bd6,NIL,0.0027819700153784
0x18fbc0c8fdd7faa3f4fb72810a0c6360c1bb4bd6,NOT,0.0039224277690112
0x18fbc0c8fdd7faa3f4fb72810a0c6360c1bb4bd6,ONDO,0.0068168045987233
0x18fbc0c8fdd7faa3f4fb72810a0c6360c1bb4bd6,OP,0.0068922414782719
0x18fbc0c8fdd7faa3f4fb72810a0c6360c1bb4bd6,ORDI,0.0041420522055855
0x18fbc0c8fdd7faa3f4fb72810a0c6360c1bb4bd6,PAXG,0.0074077916234111
0x18fbc0c8fdd7faa3f4fb72810a0c6360c1bb4bd6,PENDLE,0.0064836492977845
0x18fbc0c8fdd7faa3f4fb72810a0c6360c1bb4bd6,PENGU,0.0067616212957692
0x18fbc0c8fdd7faa3f4fb72810a0c6360c1bb4bd6,PEOPLE,0.0047592122083543
0x18fbc0c8fdd7faa3f4fb72810a0c6360c1bb4bd6,PEPE,0.0065374965063029
0x18fbc0c8fdd7faa3f4fb72810a0c6360c1bb4bd6,PNUT,0.0052580581226319
0x18fbc0c8fdd7faa3f4fb72810a0c6360c1bb4bd6,POL,0.0054446382335265
0x18fbc0c8fdd7faa3f4fb72810a0c6360c1bb4bd6,POPCAT,0.0071098826129983
0x18fbc0c8fdd7faa3f4fb72810a0c6360c1bb4bd6,PROVE,0.0073915094319982
0x18fbc0c8fdd7faa3f4fb72810a0c6360c1bb4bd6,PUMP,0.0062858624905877
0x18fbc0c8fdd7faa3f4fb72810a0c6360c1bb4bd6,PYTH,0.0054350064527298
0x18fbc0c8fdd7faa3f4fb72810a0c6360c1bb4bd6,RENDER,0.0063652391058248
0x18fbc0c8fdd7faa3f4fb72810a0c6360c1bb4bd6,REZ,0.0038094643618578
0x18fbc0c8fdd7faa3f4fb72810a0c6360c1bb4bd6,RSR,0.0073374819367601
0x18fbc0c8fdd7faa3f4fb72810a0c6360c1bb4bd6,RUNE,0.0072774518294148
0x18fbc0c8fdd7faa3f4fb72810a0c6360c1bb4bd6,S,0.0076471493768337
0x18fbc0c8fdd7faa3f4fb72810a0c6360c1bb4bd6,SAND,0.0064614217792905
0x18fbc0c8fdd7faa3f4fb72810a0c6360c1bb4bd6,SEI,0.0070180454914123
0x18fbc0c8fdd7faa3f4fb72810a0c6360c1bb4bd6,SHIB,0.0071570616674806
0x18fbc0c8fdd7faa3f4fb72810a0c6360c1bb4bd6,SKY,0.0072747589033403
0x18fbc0c8fdd7faa3f4fb72810a0c6360c1bb4bd6,SNX,0.0071396144846449
0x18fbc0c8fdd7faa3f4fb72810a0c6360c1bb4bd6,SOL,0.007777543712728
0x18fbc0c8fdd7faa3f4fb72810a0c6360c1bb4bd6,SOPH,0.0059820895685435
0x18fbc0c8fdd7faa3f4fb72810a0c6360c1bb4bd6,STRK,0.0067125715080621
0x18fbc0c8fdd7faa3f4fb72810a0c6360c1bb4bd6,STX,0.0072154965802427
0x18fbc0c8fdd7faa3f4fb72810a0c6360c1bb4bd6,SUI,0.0067023678855651
0x18fbc0c8fdd7faa3f4fb72810a0c6360c1bb4bd6,SUSHI,0.0049984098305374
0x18fbc0c8fdd7faa3f4fb72810a0c6360c1bb4bd6,SYRUP,0.0062939101143808
0x18fbc0c8fdd7faa3f4fb72810a0c6360c1bb4bd6,TAO,0.0063415567667563
0x18fbc0c8fdd7faa3f4fb72810a0c6360c1bb4bd6,TIA,0.0072155812862504
0x18fbc0c8fdd7faa3f4fb72810a0c6360c1bb4bd6,TNSR,0.0065295247625596
0x18fbc0c8fdd7faa3f4fb72810a0c6360c1bb4bd6,TRB,0.0061425919311079
0x18fbc0c8fdd7faa3f4fb72810a0c6360c1bb4bd6,TRUMP,0.0077456562270585
0x18fbc0c8fdd7faa3f4fb72810a0c6360c1bb4bd6,TRX,0.0075865224384939
0x18fbc0c8fdd7faa3f4fb72810a0c6360c1bb4bd6,TURBO,0.0063439229557561
0x18fbc0c8fdd7faa3f4fb72810a0c6360c1bb4bd6,UMA,0.0072824001039783
0x18fbc0c8fdd7faa3f4fb72810a0c6360c1bb4bd6,UNI,0.0066968268444046
0x18fbc0c8fdd7faa3f4fb72810a0c6360c1bb4bd6,USUAL,0.0074037977905076
0x18fbc0c8fdd7faa3f4fb72810a0c6360c1bb4bd6,VINE,0.005530612864454
0x18fbc0c8fdd7faa3f4fb72810a0c6360c1bb4bd6,VIRTUAL,0.0075242864027816
0x18fbc0c8fdd7faa3f4fb72810a0c6360c1bb4bd6,VVV,0.0060581884644176
0x18fbc0c8fdd7faa3f4fb72810a0c6360c1bb4bd6,W,0.0072366771572339
0x18fbc0c8fdd7faa3f4fb72810a0c6360c1bb4bd6,WCT,0.0076448537219256
0x18fbc0c8fdd7faa3f4fb72810a0c6360c1bb4bd6,WIF,0.0063396432033536
0x18fbc0c8fdd7faa3f4fb72810a0c6360c1bb4bd6,WLD,0.0063956020221523
0x18fbc0c8fdd7faa3f4fb72810a0c6360c1bb4bd6,WLFI,0.0050714430757193
0x18fbc0c8fdd7faa3f4fb72810a0c6360c1bb4bd6,XAI,0.0042420717997459
0x18fbc0c8fdd7faa3f4fb72810a0c6360c1bb4bd6,XLM,0.00756368129069
0x18fbc0c8fdd7faa3f4fb72810a0c6360c1bb4bd6,XMR,0.0068410654907753
0x18fbc0c8fdd7faa3f4fb72810a0c6360c1bb4bd6,XPL,0.0069646918579355
0x18fbc0c8fdd7faa3f4fb72810a0c6360c1bb4bd6,XRP,0.0075453788204031
0x18fbc0c8fdd7faa3f4fb72810a0c6360c1bb4bd6,ZEC,0.007445299561059
0x18fbc0c8fdd7faa3f4fb72810a0c6360c1bb4bd6,ZEN,0.0068311675843472
0x18fbc0c8fdd7faa3f4fb72810a0c6360c1bb4bd6,ZETA,0.0071714615460782
0x18fbc0c8fdd7faa3f4fb72810a0c6360c1bb4bd6,ZK,0.006614247718127
0x18fbc0c8fdd7faa3f4fb72810a0c6360c1bb4bd6,ZORA,0.0076811143551875
0x18fbc0c8fdd7faa3f4fb72810a0c6360c1bb4bd6,ZRO,0.0057475448411328
0x18fbc0c8fdd7faa3f4fb72810a0c6360c1bb4bd6,sENA,0.0065463445954764
0x1b1d704cfd260f0eeca05d495d4818ebeac2922f,CFX,0.0
0x1b1d704cfd260f0eeca05d495d4818ebeac2922f,REZ,0.0
0x1b1d704cfd260f0eeca05d495d4818ebeac2922f,KAITO,-0.05
0x1b1d704cfd260f0eeca05d495d4818ebeac2922f,LTC,0.05
0x1b1d704cfd260f0eeca05d495d4818ebeac2922f,AR,0.0
0x1b1d704cfd260f0eeca05d495d4818ebeac2922f,CRV,0.0
0x1b1d704cfd260f0eeca05d495d4818ebeac2922f,SEI,0.0
0x1b1d704cfd260f0eeca05d495d4818ebeac2922f,MNT,0.0
0x1b1d704cfd260f0eeca05d495d4818ebeac2922f,WLFI,0.0
0x1b1d704cfd260f0eeca05d495d4818ebeac2922f,IMX,0.0
0x1b1d704cfd260f0eeca05d495d4818ebeac2922f,GOAT,0.0
0x1b1d704cfd260f0eeca05d495d4818ebeac2922f,LAYER,0.0
0x1b1d704cfd260f0eeca05d495d4818ebeac2922f,BTC,0.05
0x1b1d704cfd260f0eeca05d495d4818ebeac2922f,JUP,0.0
0x1b1d704cfd260f0eeca05d495d4818ebeac2922f,UNI,0.0
0x1b1d704cfd260f0eeca05d495d4818ebeac2922f,MOVE,0.0
0x1b1d704cfd260f0eeca05d495d4818ebeac2922f,CELO,0.05
0x1b1d704cfd260f0eeca05d495d4818ebeac2922f,STRK,0.0
0x1b1d704cfd260f0eeca05d495d4818ebeac2922f,VIRTUAL,0.0
0x1b1d704cfd260f0eeca05d495d4818ebeac2922f,DOT,0.0
0x1b1d704cfd260f0eeca05d495d4818ebeac2922f,NOT,0.0
0x1b1d704cfd260f0eeca05d495d4818ebeac2922f,GALA,0.0
0x1b1d704cfd260f0eeca05d495d4818ebeac2922f,ME,0.0
0x1b1d704cfd260f0eeca05d495d4818ebeac2922f,UMA,0.0
0x1b1d704cfd260f0eeca05d495d4818ebeac2922f,BCH,0.0
0x1b1d704cfd260f0eeca05d495d4818ebeac2922f,MANTA,0.0
0x1b1d704cfd260f0eeca05d495d4818ebeac2922f,RENDER,0.0
0x1b1d704cfd260f0eeca05d495d4818ebeac2922f,FARTCOIN,0.0
0x1b1d704cfd260f0eeca05d495d4818ebeac2922f,W,0.0
0x1b1d704cfd260f0eeca05d495d4818ebeac2922f,XAI,-0.05
0x1b1d704cfd260f0eeca05d495d4818ebeac2922f,GRASS,0.0
0x1b1d704cfd260f0eeca05d495d4818ebeac2922f,PEOPLE,0.0
0x1b1d704cfd260f0eeca05d495d4818ebeac2922f,2Z,0.0
0x1b1d704cfd260f0eeca05d495d4818ebeac2922f,ANIME,0.0
0x1b1d704cfd260f0eeca05d495d4818ebeac2922f,PENDLE,0.0
0x1b1d704cfd260f0eeca05d495d4818ebeac2922f,BSV,0.0
0x1b1d704cfd260f0eeca05d495d4818ebeac2922f,HYPER,0.0
0x1b1d704cfd260f0eeca05d495d4818ebeac2922f,XLM,0.0
0x1b1d704cfd260f0eeca05d495d4818ebeac2922f,MINA,0.0
0x1b1d704cfd260f0eeca05d495d4818ebeac2922f,BONK,0.0
0x1b1d704cfd260f0eeca05d495d4818ebeac2922f,GRIFFAIN,-0.05
0x1b1d704cfd260f0eeca05d495d4818ebeac2922f,GMT,0.0
0x1b1d704cfd260f0eeca05d495d4818ebeac2922f,FLOKI,0.0
0x1b1d704cfd260f0eeca05d495d4818ebeac2922f,TAO,0.0
0x1b1d704cfd260f0eeca05d495d4818ebeac2922f,BLUR,0.0
0x1b1d704cfd260f0eeca05d495d4818ebeac2922f,POL,0.0
0x1b1d704cfd260f0eeca05d495d4818ebeac2922f,ICP,0.0
0x1b1d704cfd260f0eeca05d495d4818ebeac2922f,BERA,0.0
0x1b1d704cfd260f0eeca05d495d4818ebeac2922f,IO,0.0
0x1b1d704cfd260f0eeca05d495d4818ebeac2922f,SHIB,0.0
0x1b1d704cfd260f0eeca05d495d4818ebeac2922f,TIA,0.0
0x1b1d704cfd260f0eeca05d495d4818ebeac2922f,SAND,0.0
0x1b1d704cfd260f0eeca05d495d4818ebeac2922f,XRP,0.0
0x1b1d704cfd260f0eeca05d495d4818ebeac2922f,FIL,0.0
0x1b1d704cfd260f0eeca05d495d4818ebeac2922f,ZK,0.0
0x1b1d704cfd260f0eeca05d495d4818ebeac2922f,WIF,0.0
0x1b1d704cfd260f0eeca05d495d4818ebeac2922f,EIGEN,0.0
0x1b1d704cfd260f0eeca05d495d4818ebeac2922f,POPCAT,0.0
0x1b1d704cfd260f0eeca05d495d4818ebeac2922f,BNB,0.05
0x1b1d704cfd260f0eeca05d495d4818ebeac2922f,WLD,0.0
0x1b1d704cfd260f0eeca05d495d4818ebeac2922f,ETHFI,0.0
0x1b1d704cfd260f0eeca05d495d4818ebeac2922f,APE,0.0
0x1b1d704cfd260f0eeca05d495d4818ebeac2922f,NIL,-0.05
0x1b1d704cfd260f0eeca05d495d4818ebeac2922f,HBAR,0.0
0x1b1d704cfd260f0eeca05d495d4818ebeac2922f,AVAX,0.0
0x1b1d704cfd260f0eeca05d495d4818ebeac2922f,TURBO,0.0
0x1b1d704cfd260f0eeca05d495d4818ebeac2922f,CAKE,0.05
0x1b1d704cfd260f0eeca05d495d4818ebeac2922f,OP,0.0
0x1b1d704cfd260f0eeca05d495d4818ebeac2922f,ENS,0.0
0x1b1d704cfd260f0eeca05d495d4818ebeac2922f,JTO,0.0
0x1b1d704cfd260f0eeca05d495d4818ebeac2922f,PNUT,0.0
0x1b1d704cfd260f0eeca05d495d4818ebeac2922f,RUNE,0.0
0x1b1d704cfd260f0eeca05d495d4818ebeac2922f,MERL,-0.05
0x1b1d704cfd260f0eeca05d495d4818ebeac2922f,TRUMP,0.0
0x1b1d704cfd260f0eeca05d495d4818ebeac2922f,INIT,0.0
0x1b1d704cfd260f0eeca05d495d4818ebeac2922f,MON,0.0
0x1b1d704cfd260f0eeca05d495d4818ebeac2922f,NEIRO,0.0
0x1b1d704cfd260f0eeca05d495d4818ebeac2922f,LIT,0.0
0x1b1d704cfd260f0eeca05d495d4818ebeac2922f,AERO,0.0
0x1b1d704cfd260f0eeca05d495d4818ebeac2922f,TNSR,0.0
0x1b1d704cfd260f0eeca05d495d4818ebeac2922f,COMP,0.05
0x1b1d704cfd260f0eeca05d495d4818ebeac2922f,ZETA,0.0
0x1b1d704cfd260f0eeca05d495d4818ebeac2922f,LUNC,0.0
0x1b1d704cfd260f0eeca05d495d4818ebeac2922f,PROVE,0.0
0x1b1d704cfd260f0eeca05d495d4818ebeac2922f,ALT,0.0
0x1b1d704cfd260f0eeca05d495d4818ebeac2922f,RSR,0.0
0x1b1d704cfd260f0eeca05d495d4818ebeac2922f,BRETT,0.0
0x1b1d704cfd260f0eeca05d495d4818ebeac2922f,ATOM,0.0
0x1b1d704cfd260f0eeca05d495d4818ebeac2922f,PYTH,0.0
0x1b1d704cfd260f0eeca05d495d4818ebeac2922f,SNX,0.0
0x1b1d704cfd260f0eeca05d495d4818ebeac2922f,BABY,-0.05
0x1b1d704cfd260f0eeca05d495d4818ebeac2922f,MEME,0.0
0x1b1d704cfd260f0eeca05d495d4818ebeac2922f,APEX,0.0
0x1b1d704cfd260f0eeca05d495d4818ebeac2922f,BOME,-0.05
0x1b1d704cfd260f0eeca05d495d4818ebeac2922f,DASH,0.0
0x1b1d704cfd260f0eeca05d495d4818ebeac2922f,GMX,0.0
0x1b1d704cfd260f0eeca05d495d4818ebeac2922f,MORPHO,0.0
0x1b1d704cfd260f0eeca05d495d4818ebeac2922f,APT,0.0
0x1b1d704cfd260f0eeca05d495d4818ebeac2922f,AVNT,-0.05
0x1b1d704cfd260f0eeca05d495d4818ebeac2922f,SUSHI,0.0
0x1b1d704cfd260f0eeca05d495d4818ebeac2922f,HYPE,0.0
0x1b1d704cfd260f0eeca05d495d4818ebeac2922f,ONDO,0.0
0x1b1d704cfd260f0eeca05d495d4818ebeac2922f,TRX,0.05
0x1b1d704cfd260f0eeca05d495d4818ebeac2922f,ORDI,0.0
0x1b1d704cfd260f0eeca05d495d4818ebeac2922f,ZORA,0.0
0x1b1d704cfd260f0eeca05d495d4818ebeac2922f,ETH,0.05
0x1b1d704cfd260f0eeca05d495d4818ebeac2922f,AAVE,0.0
0x1b1d704cfd260f0eeca05d495d4818ebeac2922f,FET,0.0
0x1b1d704cfd260f0eeca05d495d4818ebeac2922f,AIXBT,0.0
0x1b1d704cfd260f0eeca05d495d4818ebeac2922f,LINEA,0.0
0x1b1d704cfd260f0eeca05d495d4818ebeac2922f,ZRO,0.0
0x1b1d704cfd260f0eeca05d495d4818ebeac2922f,TRB,0.0
0x1b1d704cfd260f0eeca05d495d4818ebeac2922f,ASTER,0.0
0x1b1d704cfd260f0eeca05d495d4818ebeac2922f,SOL,0.05
0x1b1d704cfd260f0eeca05d495d4818ebeac2922f,XMR,0.05
0x1b1d704cfd260f0eeca05d495d4818ebeac2922f,ZEC,0.0
0x1b1d704cfd260f0eeca05d495d4818ebeac2922f,sENA,0.0
0x1b1d704cfd260f0eeca05d495d4818ebeac2922f,NEAR,0.0
0x1b1d704cfd260f0eeca05d495d4818ebeac2922f,ARB,0.0
0x1b1d704cfd260f0eeca05d495d4818ebeac2922f,SUI,0.0
0x1b1d704cfd260f0eeca05d495d4818ebeac2922f,BIO,0.0
0x1b1d704cfd260f0eeca05d495d4818ebeac2922f,KAS,0.0
0x1b1d704cfd260f0eeca05d495d4818ebeac2922f,ETC,0.0
0x1b1d704cfd260f0eeca05d495d4818ebeac2922f,S,0.0
0x1b1d704cfd260f0eeca05d495d4818ebeac2922f,VVV,0.0
0x1b1d704cfd260f0eeca05d495d4818ebeac2922f,PENGU,0.0
0x1b1d704cfd260f0eeca05d495d4818ebeac2922f,ZEN,0.0
0x1b1d704cfd260f0eeca05d495d4818ebeac2922f,LDO,0.0
0x1b1d704cfd260f0eeca05d495d4818ebeac2922f,USUAL,0.0
0x1b1d704cfd260f0eeca05d495d4818ebeac2922f,PUMP,0.0
0x1b1d704cfd260f0eeca05d495d4818ebeac2922f,PEPE,0.0
0x1b1d704cfd260f0eeca05d495d4818ebeac2922f,DOGE,0.0
0x1b1d704cfd260f0eeca05d495d4818ebeac2922f,ADA,0.0
0x1b1d704cfd260f0eeca05d495d4818ebeac2922f,AXS,0.0
0x1b1d704cfd260f0eeca05d495d4818ebeac2922f,ALGO,0.0
0x1b1d704cfd260f0eeca05d495d4818ebeac2922f,MELANIA,0.0
0x1b1d704cfd260f0eeca05d495d4818ebeac2922f,STX,0.0
0x1b1d704cfd260f0eeca05d495d4818ebeac2922f,LINK,0.0
0x1b1d704cfd260f0eeca05d495d4818ebeac2922f,WCT,0.0
0x1b1d704cfd260f0eeca05d495d4818ebeac2922f,INJ,0.0
0x1b1d704cfd260f0eeca05d495d4818ebeac2922f,CC,0.0
0x1b1d704cfd260f0eeca05d495d4818ebeac2922f,0G,0.0
0x1b1d704cfd260f0eeca05d495d4818ebeac2922f,SYRUP,-0.05
0x1b1d704cfd260f0eeca05d495d4818ebeac2922f,SKY,0.0
0x1b1d704cfd260f0eeca05d495d4818ebeac2922f,IP,-0.05
0x1b1d704cfd260f0eeca05d495d4818ebeac2922f,IOTA,0.0
0x1b1d704cfd260f0eeca05d495d4818ebeac2922f,PAXG,0.0
0x1b1d704cfd260f0eeca05d495d4818ebeac2922f,HEMI,0.0
0x1b1d704cfd260f0eeca05d495d4818ebeac2922f,DYM,0.0
0x1b1d704cfd260f0eeca05d495d4818ebeac2922f,VINE,0.0
0x1b1d704cfd260f0eeca05d495d4818ebeac2922f,SOPH,0.0
0x1b1d704cfd260f0eeca05d495d4818ebeac2922f,XPL,0.0
0x1be48b2b7594fe7e47701bc7e7bb83beaf84ecc0,BTC,0.036582325
0x1be48b2b7594fe7e47701bc7e7bb83beaf84ecc0,LTC,-0.012255506
0x1be48b2b7594fe7e47701bc7e7bb83beaf84ecc0,XRP,0.016015915
0x1be48b2b7594fe7e47701bc7e7bb83beaf84ecc0,DOGE,0.0030072262
0x1be48b2b7594fe7e47701bc7e7bb83beaf84ecc0,DASH,0.047195647
0x1be48b2b7594fe7e47701bc7e7bb83beaf84ecc0,XMR,0.03289613
0x1be48b2b7594fe7e47701bc7e7bb83beaf84ecc0,XLM,0.0080437325
0x1be48b2b7594fe7e47701bc7e7bb83beaf84ecc0,ETH,-0.0012158199
0x1be48b2b7594fe7e47701bc7e7bb83beaf84ecc0,ETC,-0.00045097034
0x1be48b2b7594fe7e47701bc7e7bb83beaf84ecc0,ZEC,0.0020251453
0x1be48b2b7594fe7e47701bc7e7bb83beaf84ecc0,ZEN,0.027631141
0x1be48b2b7594fe7e47701bc7e7bb83beaf84ecc0,IOTA,0.0130265895
0x1be48b2b7594fe7e47701bc7e7bb83beaf84ecc0,BCH,0.007127459
0x1be48b2b7594fe7e47701bc7e7bb83beaf84ecc0,BNB,0.013621912
0x1be48b2b7594fe7e47701bc7e7bb83beaf84ecc0,TRX,0.011427875
0x1be48b2b7594fe7e47701bc7e7bb83beaf84ecc0,LINK,0.019457921
0x1be48b2b7594fe7e47701bc7e7bb83beaf84ecc0,ADA,-0.000612713
0x1be48b2b7594fe7e47701bc7e7bb83beaf84ecc0,FIL,0.02756959
0x1be48b2b7594fe7e47701bc7e7bb83beaf84ecc0,SNX,0.009866092
0x1be48b2b7594fe7e47701bc7e7bb83beaf84ecc0,BSV,0.024391692
0x1be48b2b7594fe7e47701bc7e7bb83beaf84ecc0,FET,0.042453106
0x1be48b2b7594fe7e47701bc7e7bb83beaf84ecc0,ATOM,0.017337898
0x1be48b2b7594fe7e47701bc7e7bb83beaf84ecc0,RSR,0.029398818
0x1be48b2b7594fe7e47701bc7e7bb83beaf84ecc0,ALGO,0.0059275203
0x1be48b2b7594fe7e47701bc7e7bb83beaf84ecc0,RUNE,0.022520326
0x1be48b2b7594fe7e47701bc7e7bb83beaf84ecc0,LUNC,0.023155753
0x1be48b2b7594fe7e47701bc7e7bb83beaf84ecc0,HBAR,0.021152109
0x1be48b2b7594fe7e47701bc7e7bb83beaf84ecc0,PAXG,0.028046208
0x1be48b2b7594fe7e47701bc7e7bb83beaf84ecc0,STX,0.030727217
0x1be48b2b7594fe7e47701bc7e7bb83beaf84ecc0,TRB,0.0066826227
0x1be48b2b7594fe7e47701bc7e7bb83beaf84ecc0,SOL,0.029041287
0x1be48b2b7594fe7e47701bc7e7bb83beaf84ecc0,CELO,0.024166021
0x1be48b2b7594fe7e47701bc7e7bb83beaf84ecc0,UMA,0.038565427
0x1be48b2b7594fe7e47701bc7e7bb83beaf84ecc0,AR,0.007455104
0x1be48b2b7594fe7e47701bc7e7bb83beaf84ecc0,RENDER,0.023907322
0x1be48b2b7594fe7e47701bc7e7bb83beaf84ecc0,COMP,0.022886124
0x1be48b2b7594fe7e47701bc7e7bb83beaf84ecc0,AVAX,0.021330873
0x1be48b2b7594fe7e47701bc7e7bb83beaf84ecc0,SHIB,0.0023868228
0x1be48b2b7594fe7e47701bc7e7bb83beaf84ecc0,SAND,0.012960764
0x1be48b2b7594fe7e47701bc7e7bb83beaf84ecc0,NEAR,0.028030174
0x1be48b2b7594fe7e47701bc7e7bb83beaf84ecc0,CRV,0.0074325134
0x1be48b2b7594fe7e47701bc7e7bb83beaf84ecc0,DOT,0.053181067
0x1be48b2b7594fe7e47701bc7e7bb83beaf84ecc0,SUSHI,0.019658087
0x1be48b2b7594fe7e47701bc7e7bb83beaf84ecc0,AXS,0.0073082927
0x1be48b2b7594fe7e47701bc7e7bb83beaf84ecc0,GALA,0.004944529
0x1be48b2b7594fe7e47701bc7e7bb83beaf84ecc0,UNI,0.018672828
0x1be48b2b7594fe7e47701bc7e7bb83beaf84ecc0,CAKE,0.0022674252
0x1be48b2b7594fe7e47701bc7e7bb83beaf84ecc0,INJ,0.01938675
0x1be48b2b7594fe7e47701bc7e7bb83beaf84ecc0,AAVE,0.015515076
0x1be48b2b7594fe7e47701bc7e7bb83beaf84ecc0,CFX,0.014814928
0x1be48b2b7594fe7e47701bc7e7bb83beaf84ecc0,LDO,0.020518286
0x1be48b2b7594fe7e47701bc7e7bb83beaf84ecc0,MINA,0.0050205844
0x1be48b2b7594fe7e47701bc7e7bb83beaf84ecc0,ICP,0.005407724
0x1be48b2b7594fe7e47701bc7e7bb83beaf84ecc0,PENDLE,0.027107207
0x1be48b2b7594fe7e47701bc7e7bb83beaf84ecc0,IMX,0.012942036
0x1be48b2b7594fe7e47701bc7e7bb83beaf84ecc0,FLOKI,0.015326556
0x1be48b2b7594fe7e47701bc7e7bb83beaf84ecc0,OP,-0.001993528
0x1be48b2b7594fe7e47701bc7e7bb83beaf84ecc0,ARB,0.033741854
0x1be48b2b7594fe7e47701bc7e7bb83beaf84ecc0,GMX,0.015530147
0x1be48b2b7594fe7e47701bc7e7bb83beaf84ecc0,WLD,0.0089125335
0x1be48b2b7594fe7e47701bc7e7bb83beaf84ecc0,MANTA,0.0129450625
0x1be48b2b7594fe7e47701bc7e7bb83beaf84ecc0,ENS,0.04095848
0x1be48b2b7594fe7e47701bc7e7bb83beaf84ecc0,PEOPLE,0.0076491022
0x1be48b2b7594fe7e47701bc7e7bb83beaf84ecc0,GMT,0.02562953
0x1be48b2b7594fe7e47701bc7e7bb83beaf84ecc0,APE,0.028112901
0x1be48b2b7594fe7e47701bc7e7bb83beaf84ecc0,APEX,0.004027989
0x1be48b2b7594fe7e47701bc7e7bb83beaf84ecc0,KAS,0.03708459
0x1be48b2b7594fe7e47701bc7e7bb83beaf84ecc0,SUI,0.034598064
0x1be48b2b7594fe7e47701bc7e7bb83beaf84ecc0,ONDO,0.009216443
0x1be48b2b7594fe7e47701bc7e7bb83beaf84ecc0,ZETA,0.0050183507
0x1be48b2b7594fe7e47701bc7e7bb83beaf84ecc0,APT,0.023370558
0x1be48b2b7594fe7e47701bc7e7bb83beaf84ecc0,STRK,0.01694163
0x1be48b2b7594fe7e47701bc7e7bb83beaf84ecc0,TIA,0.02200961
0x1be48b2b7594fe7e47701bc7e7bb83beaf84ecc0,TAO,0.019173257
0x1be48b2b7594fe7e47701bc7e7bb83beaf84ecc0,BONK,0.035910893
0x1be48b2b7594fe7e47701bc7e7bb83beaf84ecc0,BLUR,0.015928246
0x1be48b2b7594fe7e47701bc7e7bb83beaf84ecc0,SEI,0.01639576
0x1be48b2b7594fe7e47701bc7e7bb83beaf84ecc0,ZK,0.010861423
0x1be48b2b7594fe7e47701bc7e7bb83beaf84ecc0,PEPE,0.000016734557
0x1be48b2b7594fe7e47701bc7e7bb83beaf84ecc0,BERA,0.015529387
0x1be48b2b7594fe7e47701bc7e7bb83beaf84ecc0,TURBO,0.014741887
0x1be48b2b7594fe7e47701bc7e7bb83beaf84ecc0,ORDI,0.025191484
0x1be48b2b7594fe7e47701bc7e7bb83beaf84ecc0,ZRO,0.005357178
0x1be48b2b7594fe7e47701bc7e7bb83beaf84ecc0,MNT,0.010286445
0x1be48b2b7594fe7e47701bc7e7bb83beaf84ecc0,LINEA,0.020953458
0x1be48b2b7594fe7e47701bc7e7bb83beaf84ecc0,PYTH,0.028826997
0x1be48b2b7594fe7e47701bc7e7bb83beaf84ecc0,MEME,0.038238168
0x1be48b2b7594fe7e47701bc7e7bb83beaf84ecc0,POL,0.01589556
0x1be48b2b7594fe7e47701bc7e7bb83beaf84ecc0,JTO,0.0017697605
0x1be48b2b7594fe7e47701bc7e7bb83beaf84ecc0,WIF,0.023683343
0x1be48b2b7594fe7e47701bc7e7bb83beaf84ecc0,POPCAT,0.010160331
0x1be48b2b7594fe7e47701bc7e7bb83beaf84ecc0,NOT,0.00073428795
0x1be48b2b7594fe7e47701bc7e7bb83beaf84ecc0,DYM,0.0024014383
0x1be48b2b7594fe7e47701bc7e7bb83beaf84ecc0,XAI,-0.012069884
0x1be48b2b7594fe7e47701bc7e7bb83beaf84ecc0,ALT,-0.00044582313
0x1be48b2b7594fe7e47701bc7e7bb83beaf84ecc0,JUP,0.040848657
0x1be48b2b7594fe7e47701bc7e7bb83beaf84ecc0,AERO,0.023363417
0x1be48b2b7594fe7e47701bc7e7bb83beaf84ecc0,VIRTUAL,0.023194797
0x1be48b2b7594fe7e47701bc7e7bb83beaf84ecc0,W,0.040569663
0x1be48b2b7594fe7e47701bc7e7bb83beaf84ecc0,BRETT,0.017712591
0x1be48b2b7594fe7e47701bc7e7bb83beaf84ecc0,ETHFI,0.00020427073
0x1be48b2b7594fe7e47701bc7e7bb83beaf84ecc0,IO,0.011929358
0x1be48b2b7594fe7e47701bc7e7bb83beaf84ecc0,BOME,-0.00777135
0x1be48b2b7594fe7e47701bc7e7bb83beaf84ecc0,sENA,0.014676186
0x1be48b2b7594fe7e47701bc7e7bb83beaf84ecc0,TNSR,0.009140697
0x1be48b2b7594fe7e47701bc7e7bb83beaf84ecc0,EIGEN,0.026112996
0x1be48b2b7594fe7e47701bc7e7bb83beaf84ecc0,MON,0.038408384
0x1be48b2b7594fe7e47701bc7e7bb83beaf84ecc0,MERL,0.014605001
0x1be48b2b7594fe7e47701bc7e7bb83beaf84ecc0,REZ,0.00025313027
0x1be48b2b7594fe7e47701bc7e7bb83beaf84ecc0,SOPH,-0.0021399874
0x1be48b2b7594fe7e47701bc7e7bb83beaf84ecc0,HYPE,0.000379023
0x1be48b2b7594fe7e47701bc7e7bb83beaf84ecc0,ME,0.011988224
0x1be48b2b7594fe7e47701bc7e7bb83beaf84ecc0,BABY,0.013198879
0x1be48b2b7594fe7e47701bc7e7bb83beaf84ecc0,MOVE,-0.008759127
0x1be48b2b7594fe7e47701bc7e7bb83beaf84ecc0,NEIRO,0.018676875
0x1be48b2b7594fe7e47701bc7e7bb83beaf84ecc0,S,-0.041786663
0x1be48b2b7594fe7e47701bc7e7bb83beaf84ecc0,GRASS,-0.00015454016
0x1be48b2b7594fe7e47701bc7e7bb83beaf84ecc0,SKY,0.041746378
0x1be48b2b7594fe7e47701bc7e7bb83beaf84ecc0,INIT,0.016178325
0x1be48b2b7594fe7e47701bc7e7bb83beaf84ecc0,WCT,0.020693896
0x1be48b2b7594fe7e47701bc7e7bb83beaf84ecc0,WLFI,0.003582812
0x1be48b2b7594fe7e47701bc7e7bb83beaf84ecc0,GOAT,0.009744074
0x1be48b2b7594fe7e47701bc7e7bb83beaf84ecc0,FARTCOIN,0.014267379
0x1be48b2b7594fe7e47701bc7e7bb83beaf84ecc0,PNUT,0.009253684
0x1be48b2b7594fe7e47701bc7e7bb83beaf84ecc0,SYRUP,0.0078071584
0x1be48b2b7594fe7e47701bc7e7bb83beaf84ecc0,USUAL,-0.008395846
0x1be48b2b7594fe7e47701bc7e7bb83beaf84ecc0,AIXBT,0.014922068
0x1be48b2b7594fe7e47701bc7e7bb83beaf84ecc0,MORPHO,0.018246012
0x1be48b2b7594fe7e47701bc7e7bb83beaf84ecc0,PENGU,0.013716763
0x1be48b2b7594fe7e47701bc7e7bb83beaf84ecc0,GRIFFAIN,-0.0003272908
0x1be48b2b7594fe7e47701bc7e7bb83beaf84ecc0,BIO,0.011339265
0x1be48b2b7594fe7e47701bc7e7bb83beaf84ecc0,ANIME,0.02656046
0x1be48b2b7594fe7e47701bc7e7bb83beaf84ecc0,TRUMP,0.03816917
0x1be48b2b7594fe7e47701bc7e7bb83beaf84ecc0,MELANIA,0.00596291
0x1be48b2b7594fe7e47701bc7e7bb83beaf84ecc0,VINE,0.020394295
0x1be48b2b7594fe7e47701bc7e7bb83beaf84ecc0,LAYER,0.00015094105
0x1be48b2b7594fe7e47701bc7e7bb83beaf84ecc0,VVV,0.030100409
0x1be48b2b7594fe7e47701bc7e7bb83beaf84ecc0,IP,-0.00174053
0x1be48b2b7594fe7e47701bc7e7bb83beaf84ecc0,NIL,-0.034995325
0x1be48b2b7594fe7e47701bc7e7bb83beaf84ecc0,KAITO,-0.1151964
0x1be48b2b7594fe7e47701bc7e7bb83beaf84ecc0,ZORA,0.022680353
0x1be48b2b7594fe7e47701bc7e7bb83beaf84ecc0,HYPER,0.021684807
0x1be48b2b7594fe7e47701bc7e7bb83beaf84ecc0,ASTER,0.040890515
0x1be48b2b7594fe7e47701bc7e7bb83beaf84ecc0,PUMP,0.0027573109
0x1be48b2b7594fe7e47701bc7e7bb83beaf84ecc0,XPL,0.02729222
0x1be48b2b7594fe7e47701bc7e7bb83beaf84ecc0,CC,0.010188462
0x1be48b2b7594fe7e47701bc7e7bb83beaf84ecc0,PROVE,0.04273863
0x1be48b2b7594fe7e47701bc7e7bb83beaf84ecc0,HEMI,-0.034311965
0x1be48b2b7594fe7e47701bc7e7bb83beaf84ecc0,AVNT,-0.008125381
0x1be48b2b7594fe7e47701bc7e7bb83beaf84ecc0,0G,0.0013007267
0x1be48b2b7594fe7e47701bc7e7bb83beaf84ecc0,2Z,0.0047226287
0x1be48b2b7594fe7e47701bc7e7bb83beaf84ecc0,LIT,0.011277038
0x1bfb6731ff80e75bf84bfe40a108723c5eb23d4f,BTC,-0.0061166335583213
0x1bfb6731ff80e75bf84bfe40a108723c5eb23d4f,LTC,-0.0053430185535056
0x1bfb6731ff80e75bf84bfe40a108723c5eb23d4f,XRP,0.0234179872241999
0x1bfb6731ff80e75bf84bfe40a108723c5eb23d4f,DOGE,0.0002640879834922
0x1bfb6731ff80e75bf84bfe40a108723c5eb23d4f,DASH,0.0176874065656934
0x1bfb6731ff80e75bf84bfe40a108723c5eb23d4f,XMR,0.0001864098670584
0x1bfb6731ff80e75bf84bfe40a108723c5eb23d4f,XLM,0.0228521104608749
0x1bfb6731ff80e75bf84bfe40a108723c5eb23d4f,ETH,0.0424476859169495
0x1bfb6731ff80e75bf84bfe40a108723c5eb23d4f,ETC,0.0003532097311725
0x1bfb6731ff80e75bf84bfe40a108723c5eb23d4f,ZEC,0.0008294748065038
0x1bfb6731ff80e75bf84bfe40a108723c5eb23d4f,ZEN,0.0124467467693591
0x1bfb6731ff80e75bf84bfe40a108723c5eb23d4f,IOTA,0.0131382482241283
0x1bfb6731ff80e75bf84bfe40a108723c5eb23d4f,BCH,0.0206119146657248
0x1bfb6731ff80e75bf84bfe40a108723c5eb23d4f,BNB,0.0041473412493256
0x1bfb6731ff80e75bf84bfe40a108723c5eb23d4f,TRX,-0.001319470403248
0x1bfb6731ff80e75bf84bfe40a108723c5eb23d4f,LINK,0.0441253636557351
0x1bfb6731ff80e75bf84bfe40a108723c5eb23d4f,ADA,0.00005543787802141367
0x1bfb6731ff80e75bf84bfe40a108723c5eb23d4f,FIL,0.0173310692155657
0x1bfb6731ff80e75bf84bfe40a108723c5eb23d4f,SNX,0.0053259524569144
0x1bfb6731ff80e75bf84bfe40a108723c5eb23d4f,BSV,0.0036976338413677
0x1bfb6731ff80e75bf84bfe40a108723c5eb23d4f,FET,0.0143880071331172
0x1bfb6731ff80e75bf84bfe40a108723c5eb23d4f,ATOM,-0.0008045257812554
0x1bfb6731ff80e75bf84bfe40a108723c5eb23d4f,RSR,0.0032957654052297
0x1bfb6731ff80e75bf84bfe40a108723c5eb23d4f,ALGO,0.0049348653245053
0x1bfb6731ff80e75bf84bfe40a108723c5eb23d4f,RUNE,0.0227749735750429
0x1bfb6731ff80e75bf84bfe40a108723c5eb23d4f,LUNC,0.0181697676475535
0x1bfb6731ff80e75bf84bfe40a108723c5eb23d4f,HBAR,0.0222648134411225
0x1bfb6731ff80e75bf84bfe40a108723c5eb23d4f,PAXG,0.0222701050380125
0x1bfb6731ff80e75bf84bfe40a108723c5eb23d4f,STX,0.0121282910481015
0x1bfb6731ff80e75bf84bfe40a108723c5eb23d4f,TRB,0.0059628372363788
0x1bfb6731ff80e75bf84bfe40a108723c5eb23d4f,SOL,0.0139674467689373
0x1bfb6731ff80e75bf84bfe40a108723c5eb23d4f,CELO,0.0187719850203036
0x1bfb6731ff80e75bf84bfe40a108723c5eb23d4f,UMA,0.0217174081274233
0x1bfb6731ff80e75bf84bfe40a108723c5eb23d4f,AR,0.0037726727942285
0x1bfb6731ff80e75bf84bfe40a108723c5eb23d4f,RENDER,0.0106375727678716
0x1bfb6731ff80e75bf84bfe40a108723c5eb23d4f,COMP,0.0317931989112367
0x1bfb6731ff80e75bf84bfe40a108723c5eb23d4f,AVAX,0.0256527963219834
0x1bfb6731ff80e75bf84bfe40a108723c5eb23d4f,SHIB,0.0104714702721621
0x1bfb6731ff80e75bf84bfe40a108723c5eb23d4f,SAND,-0.0003180243094221
0x1bfb6731ff80e75bf84bfe40a108723c5eb23d4f,NEAR,0.012738479826637
0x1bfb6731ff80e75bf84bfe40a108723c5eb23d4f,CRV,0.0068365717160753
0x1bfb6731ff80e75bf84bfe40a108723c5eb23d4f,DOT,0.023042690870902
0x1bfb6731ff80e75bf84bfe40a108723c5eb23d4f,SUSHI,0.0115005909205956
0x1bfb6731ff80e75bf84bfe40a108723c5eb23d4f,AXS,0.0131816944442905
0x1bfb6731ff80e75bf84bfe40a108723c5eb23d4f,GALA,0.005833221834335
0x1bfb6731ff80e75bf84bfe40a108723c5eb23d4f,UNI,-0.0041593423324476
0x1bfb6731ff80e75bf84bfe40a108723c5eb23d4f,CAKE,0.0003350666105299
0x1bfb6731ff80e75bf84bfe40a108723c5eb23d4f,INJ,0.0090560449051586
0x1bfb6731ff80e75bf84bfe40a108723c5eb23d4f,AAVE,0.0468736801380719
0x1bfb6731ff80e75bf84bfe40a108723c5eb23d4f,CFX,0.0008740862511118
0x1bfb6731ff80e75bf84bfe40a108723c5eb23d4f,LDO,0.0049656418379341
0x1bfb6731ff80e75bf84bfe40a108723c5eb23d4f,MINA,0.0011393457553057
0x1bfb6731ff80e75bf84bfe40a108723c5eb23d4f,ICP,0.0033708940481545
0x1bfb6731ff80e75bf84bfe40a108723c5eb23d4f,PENDLE,0.0179992380566373
0x1bfb6731ff80e75bf84bfe40a108723c5eb23d4f,IMX,0.0103995991492702
0x1bfb6731ff80e75bf84bfe40a108723c5eb23d4f,FLOKI,0.0075755098817754
0x1bfb6731ff80e75bf84bfe40a108723c5eb23d4f,OP,0.0003255915297793
0x1bfb6731ff80e75bf84bfe40a108723c5eb23d4f,ARB,0.0207825172929203
0x1bfb6731ff80e75bf84bfe40a108723c5eb23d4f,GMX,0.0074476930091334
0x1bfb6731ff80e75bf84bfe40a108723c5eb23d4f,WLD,0.0157922958957537
0x1bfb6731ff80e75bf84bfe40a108723c5eb23d4f,MANTA,0.0071784685291578
0x1bfb6731ff80e75bf84bfe40a108723c5eb23d4f,ENS,0.020714012392109
0x1bfb6731ff80e75bf84bfe40a108723c5eb23d4f,PEOPLE,0.0028614652103521
0x1bfb6731ff80e75bf84bfe40a108723c5eb23d4f,GMT,-0.0010149963508065
0x1bfb6731ff80e75bf84bfe40a108723c5eb23d4f,APE,0.0138918119618828
0x1bfb6731ff80e75bf84bfe40a108723c5eb23d4f,APEX,0.0132138194205351
0x1bfb6731ff80e75bf84bfe40a108723c5eb23d4f,KAS,0.0267963422041696
0x1bfb6731ff80e75bf84bfe40a108723c5eb23d4f,SUI,0.0167501179345963
0x1bfb6731ff80e75bf84bfe40a108723c5eb23d4f,ONDO,0.0056396015702099
0x1bfb6731ff80e75bf84bfe40a108723c5eb23d4f,ZETA,0.0052946584253244
0x1bfb6731ff80e75bf84bfe40a108723c5eb23d4f,APT,0.0115017689115239
0x1bfb6731ff80e75bf84bfe40a108723c5eb23d4f,STRK,0.0134675911548994
0x1bfb6731ff80e75bf84bfe40a108723c5eb23d4f,TIA,0.0133080938944125
0x1bfb6731ff80e75bf84bfe40a108723c5eb23d4f,TAO,0.0075112654133348
0x1bfb6731ff80e75bf84bfe40a108723c5eb23d4f,BONK,0.0079525603363895
0x1bfb6731ff80e75bf84bfe40a108723c5eb23d4f,BLUR,0.0089706366545623
0x1bfb6731ff80e75bf84bfe40a108723c5eb23d4f,SEI,0.0122881338872479
0x1bfb6731ff80e75bf84bfe40a108723c5eb23d4f,ZK,0.0197782309814855
0x1bfb6731ff80e75bf84bfe40a108723c5eb23d4f,PEPE,-0.0044995955299048
0x1bfb6731ff80e75bf84bfe40a108723c5eb23d4f,BERA,0.0042232146069769
0x1bfb6731ff80e75bf84bfe40a108723c5eb23d4f,TURBO,0.0134003463659957
0x1bfb6731ff80e75bf84bfe40a108723c5eb23d4f,ORDI,0.0184439002404
0x1bfb6731ff80e75bf84bfe40a108723c5eb23d4f,ZRO,0.0158705428192193
0x1bfb6731ff80e75bf84bfe40a108723c5eb23d4f,MNT,0.0006469113554564
0x1bfb6731ff80e75bf84bfe40a108723c5eb23d4f,LINEA,0.0129525882703347
0x1bfb6731ff80e75bf84bfe40a108723c5eb23d4f,PYTH,0.0217290691772663
0x1bfb6731ff80e75bf84bfe40a108723c5eb23d4f,MEME,0.0033141952298384
0x1bfb6731ff80e75bf84bfe40a108723c5eb23d4f,POL,0.0001213292705675
0x1bfb6731ff80e75bf84bfe40a108723c5eb23d4f,JTO,0.0012187391992808
0x1bfb6731ff80e75bf84bfe40a108723c5eb23d4f,WIF,0.0089376819812481
0x1bfb6731ff80e75bf84bfe40a108723c5eb23d4f,POPCAT,0.0152552756914012
0x1bfb6731ff80e75bf84bfe40a108723c5eb23d4f,NOT,-0.0054201522965488
0x1bfb6731ff80e75bf84bfe40a108723c5eb23d4f,DYM,0.00003254789020307069
0x1bfb6731ff80e75bf84bfe40a108723c5eb23d4f,XAI,-0.0099444016017602
0x1bfb6731ff80e75bf84bfe40a108723c5eb23d4f,ALT,-0.0145450732884985
0x1bfb6731ff80e75bf84bfe40a108723c5eb23d4f,JUP,0.006923198215948
0x1bfb6731ff80e75bf84bfe40a108723c5eb23d4f,AERO,0.0128819827284638
0x1bfb6731ff80e75bf84bfe40a108723c5eb23d4f,VIRTUAL,0.0053061598336918
0x1bfb6731ff80e75bf84bfe40a108723c5eb23d4f,W,0.0018918673664863
0x1bfb6731ff80e75bf84bfe40a108723c5eb23d4f,BRETT,0.0096795042131027
0x1bfb6731ff80e75bf84bfe40a108723c5eb23d4f,ETHFI,-0.0155383129855138
0x1bfb6731ff80e75bf84bfe40a108723c5eb23d4f,IO,0.0080098018722084
0x1bfb6731ff80e75bf84bfe40a108723c5eb23d4f,BOME,-0.0005731169291543
0x1bfb6731ff80e75bf84bfe40a108723c5eb23d4f,sENA,0.0053620896732279
0x1bfb6731ff80e75bf84bfe40a108723c5eb23d4f,TNSR,0.0051655242238496
0x1bfb6731ff80e75bf84bfe40a108723c5eb23d4f,EIGEN,0.0131205309156822
0x1bfb6731ff80e75bf84bfe40a108723c5eb23d4f,MON,0.0263328553045586
0x1bfb6731ff80e75bf84bfe40a108723c5eb23d4f,MERL,0.0033370840511143
0x1bfb6731ff80e75bf84bfe40a108723c5eb23d4f,REZ,0.0023698389557788
0x1bfb6731ff80e75bf84bfe40a108723c5eb23d4f,SOPH,-0.0136398204558782
0x1bfb6731ff80e75bf84bfe40a108723c5eb23d4f,HYPE,0.0047906432672921
0x1bfb6731ff80e75bf84bfe40a108723c5eb23d4f,ME,0.0018719971796726
0x1bfb6731ff80e75bf84bfe40a108723c5eb23d4f,BABY,0.0102549929509777
0x1bfb6731ff80e75bf84bfe40a108723c5eb23d4f,MOVE,-0.0295519692854802
0x1bfb6731ff80e75bf84bfe40a108723c5eb23d4f,NEIRO,0.0078340753699336
0x1bfb6731ff80e75bf84bfe40a108723c5eb23d4f,S,-0.0075395063569133
0x1bfb6731ff80e75bf84bfe40a108723c5eb23d4f,GRASS,-0.0002296043279037
0x1bfb6731ff80e75bf84bfe40a108723c5eb23d4f,SKY,0.0033251962476304
0x1bfb6731ff80e75bf84bfe40a108723c5eb23d4f,INIT,0.0072368811087644
0x1bfb6731ff80e75bf84bfe40a108723c5eb23d4f,WCT,0.0099864595067896
0x1bfb6731ff80e75bf84bfe40a108723c5eb23d4f,WLFI,0.000148042348347
0x1bfb6731ff80e75bf84bfe40a108723c5eb23d4f,GOAT,0.0354387740112464
0x1bfb6731ff80e75bf84bfe40a108723c5eb23d4f,FARTCOIN,0.0022595596122867
0x1bfb6731ff80e75bf84bfe40a108723c5eb23d4f,PNUT,0.0055615811180419
0x1bfb6731ff80e75bf84bfe40a108723c5eb23d4f,SYRUP,-0.000179497411527
0x1bfb6731ff80e75bf84bfe40a108723c5eb23d4f,USUAL,0.0005572023049154
0x1bfb6731ff80e75bf84bfe40a108723c5eb23d4f,AIXBT,0.0034072588127736
0x1bfb6731ff80e75bf84bfe40a108723c5eb23d4f,MORPHO,0.0152260211058854
0x1bfb6731ff80e75bf84bfe40a108723c5eb23d4f,PENGU,0.0120170485432857
0x1bfb6731ff80e75bf84bfe40a108723c5eb23d4f,GRIFFAIN,0.0035503616523679
0x1bfb6731ff80e75bf84bfe40a108723c5eb23d4f,BIO,0.00003689641938155478
0x1bfb6731ff80e75bf84bfe40a108723c5eb23d4f,ANIME,0.0150645833605292
0x1bfb6731ff80e75bf84bfe40a108723c5eb23d4f,TRUMP,0.0147111646260878
0x1bfb6731ff80e75bf84bfe40a108723c5eb23d4f,MELANIA,0.0073170639693298
0x1bfb6731ff80e75bf84bfe40a108723c5eb23d4f,VINE,0.0093828434583483
0x1bfb6731ff80e75bf84bfe40a108723c5eb23d4f,LAYER,0.000358399414037
0x1bfb6731ff80e75bf84bfe40a108723c5eb23d4f,VVV,0.0110963248552645
0x1bfb6731ff80e75bf84bfe40a108723c5eb23d4f,IP,0.010810827737295
0x1bfb6731ff80e75bf84bfe40a108723c5eb23d4f,NIL,-0.0140212353616248
0x1bfb6731ff80e75bf84bfe40a108723c5eb23d4f,KAITO,-0.1445123334105808
0x1bfb6731ff80e75bf84bfe40a108723c5eb23d4f,ZORA,0.0110233069077559
0x1bfb6731ff80e75bf84bfe40a108723c5eb23d4f,HYPER,0.0041387686285098
0x1bfb6731ff80e75bf84bfe40a108723c5eb23d4f,ASTER,0.0172640196986406
0x1bfb6731ff80e75bf84bfe40a108723c5eb23d4f,PUMP,-0.0189314614232014
0x1bfb6731ff80e75bf84bfe40a108723c5eb23d4f,XPL,0.0274918223239247
0x1bfb6731ff80e75bf84bfe40a108723c5eb23d4f,CC,0.0101257991529422
0x1bfb6731ff80e75bf84bfe40a108723c5eb23d4f,PROVE,0.0036251612082578
0x1bfb6731ff80e75bf84bfe40a108723c5eb23d4f,HEMI,-0.019809630549759
0x1bfb6731ff80e75bf84bfe40a108723c5eb23d4f,AVNT,-0.0046077155832198
0x1bfb6731ff80e75bf84bfe40a108723c5eb23d4f,0G,-0.0004611884880847
0x1bfb6731ff80e75bf84bfe40a108723c5eb23d4f,2Z,-0.00004906230474919936
0x1bfb6731ff80e75bf84bfe40a108723c5eb23d4f,LIT,0.02576218882774
0x1ddbf0ae77f367e99e38398d9694d8ea86d003f3,SKY,-1.1585904624889427
0x1ddbf0ae77f367e99e38398d9694d8ea86d003f3,TRX,-0.9956871291202342
0x1ddbf0ae77f367e99e38398d9694d8ea86d003f3,XLM,-0.9956871291202342
0x1ddbf0ae77f367e99e38398d9694d8ea86d003f3,XMR,-0.9956871291202342
0x1ddbf0ae77f367e99e38398d9694d8ea86d003f3,XRP,-0.9956871291202342
0x1ddbf0ae77f367e99e38398d9694d8ea86d003f3,ZEC,-0.9956871291202342
0x1ddbf0ae77f367e99e38398d9694d8ea86d003f3,BCH,-0.9956871291202342
0x1ddbf0ae77f367e99e38398d9694d8ea86d003f3,BTC,3.3347308053118003
0x1ddbf0ae77f367e99e38398d9694d8ea86d003f3,DOGE,-1.1585904624889427
0x1ddbf0ae77f367e99e38398d9694d8ea86d003f3,ETC,-0.9956871291202342
0x1ddbf0ae77f367e99e38398d9694d8ea86d003f3,LTC,-1.1585904624889427
0x1ddbf0ae77f367e99e38398d9694d8ea86d003f3,ETH,-0.9956871291202342
0x1ddbf0ae77f367e99e38398d9694d8ea86d003f3,ADA,-0.9956871291202342
0x1ddbf0ae77f367e99e38398d9694d8ea86d003f3,LINK,-0.9956871291202342
0x1ddbf0ae77f367e99e38398d9694d8ea86d003f3,S,-0.9956871291202342
0x1ddbf0ae77f367e99e38398d9694d8ea86d003f3,ATOM,0.2281282434511108
0x1ddbf0ae77f367e99e38398d9694d8ea86d003f3,SNX,-0.9956871291202342
0x1ddbf0ae77f367e99e38398d9694d8ea86d003f3,RSR,-0.9956871291202342
0x1ddbf0ae77f367e99e38398d9694d8ea86d003f3,ALGO,-0.9956871291202342
0x1ddbf0ae77f367e99e38398d9694d8ea86d003f3,RUNE,-0.9956871291202342
0x1ddbf0ae77f367e99e38398d9694d8ea86d003f3,TRB,-0.9956871291202342
0x1ddbf0ae77f367e99e38398d9694d8ea86d003f3,SOL,-0.9956871291202342
0x1ddbf0ae77f367e99e38398d9694d8ea86d003f3,UMA,-0.9956871291202342
0x1ddbf0ae77f367e99e38398d9694d8ea86d003f3,PAXG,-0.9956871291202342
0x1ddbf0ae77f367e99e38398d9694d8ea86d003f3,COMP,-0.9956871291202342
0x1ddbf0ae77f367e99e38398d9694d8ea86d003f3,AVAX,0.8193561772855004
0x1ddbf0ae77f367e99e38398d9694d8ea86d003f3,SAND,-0.9956871291202342
0x1ddbf0ae77f367e99e38398d9694d8ea86d003f3,CRV,-0.9956871291202342
0x1ddbf0ae77f367e99e38398d9694d8ea86d003f3,LAYER,-0.9956871291202342
0x1ddbf0ae77f367e99e38398d9694d8ea86d003f3,DOT,-1.1585904624889427
0x1ddbf0ae77f367e99e38398d9694d8ea86d003f3,SUSHI,-0.9956871291202342
0x1ddbf0ae77f367e99e38398d9694d8ea86d003f3,UNI,-0.9956871291202342
0x1ddbf0ae77f367e99e38398d9694d8ea86d003f3,AAVE,-0.9956871291202342
0x1ddbf0ae77f367e99e38398d9694d8ea86d003f3,NEAR,-0.9956871291202342
0x1ddbf0ae77f367e99e38398d9694d8ea86d003f3,FIL,-0.9956871291202342
0x1ddbf0ae77f367e99e38398d9694d8ea86d003f3,AXS,-0.9956871291202342
0x1ddbf0ae77f367e99e38398d9694d8ea86d003f3,INJ,-0.9956871291202342
0x1ddbf0ae77f367e99e38398d9694d8ea86d003f3,ZORA,-0.9956871291202342
0x1ddbf0ae77f367e99e38398d9694d8ea86d003f3,CELO,-0.9956871291202342
0x1ddbf0ae77f367e99e38398d9694d8ea86d003f3,LIT,-0.9956871291202342
0x1ddbf0ae77f367e99e38398d9694d8ea86d003f3,SHIB,-0.9956871291202342
0x1ddbf0ae77f367e99e38398d9694d8ea86d003f3,ICP,-0.9956871291202342
0x1ddbf0ae77f367e99e38398d9694d8ea86d003f3,RENDER,-0.9956871291202342
0x1ddbf0ae77f367e99e38398d9694d8ea86d003f3,LDO,-0.9956871291202342
0x1ddbf0ae77f367e99e38398d9694d8ea86d003f3,GALA,-0.9956871291202342
0x1ddbf0ae77f367e99e38398d9694d8ea86d003f3,FET,-0.9956871291202342
0x1ddbf0ae77f367e99e38398d9694d8ea86d003f3,ENS,-0.9956871291202342
0x1ddbf0ae77f367e99e38398d9694d8ea86d003f3,IMX,-0.9956871291202342
0x1ddbf0ae77f367e99e38398d9694d8ea86d003f3,PEOPLE,-0.9956871291202342
0x1ddbf0ae77f367e99e38398d9694d8ea86d003f3,GMT,1.5705949448045915
0x1ddbf0ae77f367e99e38398d9694d8ea86d003f3,FLOKI,-0.9956871291202342
0x1ddbf0ae77f367e99e38398d9694d8ea86d003f3,POL,-0.9956871291202342
0x1ddbf0ae77f367e99e38398d9694d8ea86d003f3,APE,-0.9956871291202342
0x1ddbf0ae77f367e99e38398d9694d8ea86d003f3,GMX,-0.9956871291202342
0x1ddbf0ae77f367e99e38398d9694d8ea86d003f3,BLUR,-0.9956871291202342
0x1ddbf0ae77f367e99e38398d9694d8ea86d003f3,PENDLE,-0.9956871291202342
0x1ddbf0ae77f367e99e38398d9694d8ea86d003f3,LUNC,-0.9956871291202342
0x1ddbf0ae77f367e99e38398d9694d8ea86d003f3,MINA,-0.9956871291202342
0x1ddbf0ae77f367e99e38398d9694d8ea86d003f3,MEME,-0.9956871291202342
0x1ddbf0ae77f367e99e38398d9694d8ea86d003f3,OP,-0.9956871291202342
0x1ddbf0ae77f367e99e38398d9694d8ea86d003f3,ZEN,-0.9956871291202342
0x1ddbf0ae77f367e99e38398d9694d8ea86d003f3,STRK,-0.9956871291202342
0x1ddbf0ae77f367e99e38398d9694d8ea86d003f3,STX,-1.1585904624889427
0x1ddbf0ae77f367e99e38398d9694d8ea86d003f3,CFX,-0.9956871291202342
0x1ddbf0ae77f367e99e38398d9694d8ea86d003f3,CAKE,-0.9956871291202342
0x1ddbf0ae77f367e99e38398d9694d8ea86d003f3,DASH,-0.9956871291202342
0x1ddbf0ae77f367e99e38398d9694d8ea86d003f3,BSV,-0.9956871291202342
0x1ddbf0ae77f367e99e38398d9694d8ea86d003f3,AR,-0.9956871291202342
0x1ddbf0ae77f367e99e38398d9694d8ea86d003f3,APT,-0.9956871291202342
0x1ddbf0ae77f367e99e38398d9694d8ea86d003f3,ALT,-0.9956871291202342
0x1ddbf0ae77f367e99e38398d9694d8ea86d003f3,BNB,0.8193561772855004
0x1ddbf0ae77f367e99e38398d9694d8ea86d003f3,BONK,-0.9956871291202342
0x1ddbf0ae77f367e99e38398d9694d8ea86d003f3,BABY,-0.9956871291202342
0x1ddbf0ae77f367e99e38398d9694d8ea86d003f3,HBAR,-0.9956871291202342
0x1ddbf0ae77f367e99e38398d9694d8ea86d003f3,KAS,-0.9956871291202342
0x1ddbf0ae77f367e99e38398d9694d8ea86d003f3,PEPE,-0.9956871291202342
0x1ddbf0ae77f367e99e38398d9694d8ea86d003f3,ORDI,-0.9956871291202342
0x1ddbf0ae77f367e99e38398d9694d8ea86d003f3,SUI,-1.1585904624889427
0x1ddbf0ae77f367e99e38398d9694d8ea86d003f3,MNT,-0.9956871291202342
0x1ddbf0ae77f367e99e38398d9694d8ea86d003f3,IOTA,-1.1585904624889427
0x1ddbf0ae77f367e99e38398d9694d8ea86d003f3,TURBO,-1.1585904624889427
0x1ddbf0ae77f367e99e38398d9694d8ea86d003f3,TIA,-0.9956871291202342
0x1ddbf0ae77f367e99e38398d9694d8ea86d003f3,SEI,-0.9956871291202342
0x1ddbf0ae77f367e99e38398d9694d8ea86d003f3,TAO,-0.9956871291202342
0x1ddbf0ae77f367e99e38398d9694d8ea86d003f3,JTO,-0.9956871291202342
0x1ddbf0ae77f367e99e38398d9694d8ea86d003f3,PYTH,-1.1585904624889427
0x1ddbf0ae77f367e99e38398d9694d8ea86d003f3,MANTA,-0.9956871291202342
0x1ddbf0ae77f367e99e38398d9694d8ea86d003f3,ONDO,-0.9956871291202342
0x1ddbf0ae77f367e99e38398d9694d8ea86d003f3,WIF,-0.9956871291202342
0x1ddbf0ae77f367e99e38398d9694d8ea86d003f3,XAI,-0.9956871291202342
0x1ddbf0ae77f367e99e38398d9694d8ea86d003f3,ZETA,-0.9956871291202342
0x1ddbf0ae77f367e99e38398d9694d8ea86d003f3,JUP,-0.9956871291202342
0x1ddbf0ae77f367e99e38398d9694d8ea86d003f3,DYM,-0.9956871291202342
0x1ddbf0ae77f367e99e38398d9694d8ea86d003f3,TRUMP,3.146976759281984
0x1ddbf0ae77f367e99e38398d9694d8ea86d003f3,APEX,-0.9956871291202342
0x1ddbf0ae77f367e99e38398d9694d8ea86d003f3,ARB,0.8193561772855004
0x1ddbf0ae77f367e99e38398d9694d8ea86d003f3,BOME,-0.7096876577142196
0x1ddbf0ae77f367e99e38398d9694d8ea86d003f3,HYPER,-0.9956871291202342
0x1ddbf0ae77f367e99e38398d9694d8ea86d003f3,ETHFI,-1.1585904624889427
0x1ddbf0ae77f367e99e38398d9694d8ea86d003f3,BRETT,-0.9956871291202342
0x1ddbf0ae77f367e99e38398d9694d8ea86d003f3,W,-0.9956871291202342
0x1ddbf0ae77f367e99e38398d9694d8ea86d003f3,GOAT,-0.9956871291202342
0x1ddbf0ae77f367e99e38398d9694d8ea86d003f3,POPCAT,-0.9956871291202342
0x1ddbf0ae77f367e99e38398d9694d8ea86d003f3,MERL,-0.9956871291202342
0x1ddbf0ae77f367e99e38398d9694d8ea86d003f3,ZK,-0.9956871291202342
0x1ddbf0ae77f367e99e38398d9694d8ea86d003f3,TNSR,-0.9956871291202342
0x1ddbf0ae77f367e99e38398d9694d8ea86d003f3,AERO,-0.9956871291202342
0x1ddbf0ae77f367e99e38398d9694d8ea86d003f3,REZ,-0.9956871291202342
0x1ddbf0ae77f367e99e38398d9694d8ea86d003f3,NOT,-0.9956871291202342
0x1ddbf0ae77f367e99e38398d9694d8ea86d003f3,MON,-0.9956871291202342
0x1ddbf0ae77f367e99e38398d9694d8ea86d003f3,VIRTUAL,-0.9956871291202342
0x1ddbf0ae77f367e99e38398d9694d8ea86d003f3,IO,-0.9956871291202342
0x1ddbf0ae77f367e99e38398d9694d8ea86d003f3,ZRO,-0.9956871291202342
0x1ddbf0ae77f367e99e38398d9694d8ea86d003f3,WLD,-0.9956871291202342
0x1ddbf0ae77f367e99e38398d9694d8ea86d003f3,NEIRO,-0.9956871291202342
0x1ddbf0ae77f367e99e38398d9694d8ea86d003f3,EIGEN,-0.9956871291202342
0x1ddbf0ae77f367e99e38398d9694d8ea86d003f3,MOVE,-0.9956871291202342
0x1ddbf0ae77f367e99e38398d9694d8ea86d003f3,FARTCOIN,-0.9956871291202342
0x1ddbf0ae77f367e99e38398d9694d8ea86d003f3,GRASS,-0.9956871291202342
0x1ddbf0ae77f367e99e38398d9694d8ea86d003f3,PNUT,-0.9956871291202342
0x1ddbf0ae77f367e99e38398d9694d8ea86d003f3,USUAL,-1.1585904624889427
0x1ddbf0ae77f367e99e38398d9694d8ea86d003f3,MORPHO,-0.9956871291202342
0x1ddbf0ae77f367e99e38398d9694d8ea86d003f3,AIXBT,-0.9956871291202342
0x1ddbf0ae77f367e99e38398d9694d8ea86d003f3,HYPE,-1.1585904624889427
0x1ddbf0ae77f367e99e38398d9694d8ea86d003f3,ME,-0.9956871291202342
0x1ddbf0ae77f367e99e38398d9694d8ea86d003f3,PENGU,-0.9956871291202342
0x1ddbf0ae77f367e99e38398d9694d8ea86d003f3,sENA,-0.9956871291202342
0x1ddbf0ae77f367e99e38398d9694d8ea86d003f3,BIO,-0.9956871291202342
0x1ddbf0ae77f367e99e38398d9694d8ea86d003f3,GRIFFAIN,-0.9956871291202342
0x1ddbf0ae77f367e99e38398d9694d8ea86d003f3,MELANIA,-0.9956871291202342
0x1ddbf0ae77f367e99e38398d9694d8ea86d003f3,VINE,-0.9956871291202342
0x1ddbf0ae77f367e99e38398d9694d8ea86d003f3,ANIME,-0.9956871291202342
0x1ddbf0ae77f367e99e38398d9694d8ea86d003f3,VVV,-0.9956871291202342
0x1ddbf0ae77f367e99e38398d9694d8ea86d003f3,SYRUP,-0.9956871291202342
0x1ddbf0ae77f367e99e38398d9694d8ea86d003f3,BERA,-0.9956871291202342
0x1ddbf0ae77f367e99e38398d9694d8ea86d003f3,IP,-0.9956871291202342
0x1ddbf0ae77f367e99e38398d9694d8ea86d003f3,KAITO,-3.347717534510976
0x1ddbf0ae77f367e99e38398d9694d8ea86d003f3,NIL,-0.9956871291202342
0x1ddbf0ae77f367e99e38398d9694d8ea86d003f3,WCT,-0.9956871291202342
0x1ddbf0ae77f367e99e38398d9694d8ea86d003f3,PUMP,-0.6812061303203455
0x1ddbf0ae77f367e99e38398d9694d8ea86d003f3,INIT,-0.9956871291202342
0x1ddbf0ae77f367e99e38398d9694d8ea86d003f3,SOPH,-0.9956871291202342
0x1ddbf0ae77f367e99e38398d9694d8ea86d003f3,PROVE,-0.9956871291202342
0x1ddbf0ae77f367e99e38398d9694d8ea86d003f3,WLFI,-0.9956871291202342
0x1ddbf0ae77f367e99e38398d9694d8ea86d003f3,0G,-0.9956871291202342
0x1ddbf0ae77f367e99e38398d9694d8ea86d003f3,AVNT,-0.9956871291202342
0x1ddbf0ae77f367e99e38398d9694d8ea86d003f3,ASTER,-0.9956871291202342
0x1ddbf0ae77f367e99e38398d9694d8ea86d003f3,LINEA,-0.9956871291202342
0x1ddbf0ae77f367e99e38398d9694d8ea86d003f3,HEMI,-0.6812061303203455
0x1ddbf0ae77f367e99e38398d9694d8ea86d003f3,XPL,-0.9956871291202342
0x1ddbf0ae77f367e99e38398d9694d8ea86d003f3,2Z,-0.9956871291202342
0x1ddbf0ae77f367e99e38398d9694d8ea86d003f3,CC,-0.9956871291202342
0x1e2e7903fb871f38362a8760871d1648eaa12536,AVAX,-0.025
0x1e2e7903fb871f38362a8760871d1648eaa12536,ATOM,-0.025
0x1e2e7903fb871f38362a8760871d1648eaa12536,BTC,-0.025
0x1e2e7903fb871f38362a8760871d1648eaa12536,BNB,-0.025
0x1e2e7903fb871f38362a8760871d1648eaa12536,CAKE,-0.025
0x1e2e7903fb871f38362a8760871d1648eaa12536,DOGE,-0.025
0x1e2e7903fb871f38362a8760871d1648eaa12536,CRV,-0.025
0x1e2e7903fb871f38362a8760871d1648eaa12536,COMP,-0.025
0x1e2e7903fb871f38362a8760871d1648eaa12536,ETH,-0.025
0x1e2e7903fb871f38362a8760871d1648eaa12536,LTC,-0.025
0x1e2e7903fb871f38362a8760871d1648eaa12536,NEAR,-0.025
0x1e2e7903fb871f38362a8760871d1648eaa12536,IMX,-0.025
0x1e2e7903fb871f38362a8760871d1648eaa12536,LDO,-0.025
0x1e2e7903fb871f38362a8760871d1648eaa12536,LINK,-0.025
0x1e2e7903fb871f38362a8760871d1648eaa12536,ICP,-0.025
0x1e2e7903fb871f38362a8760871d1648eaa12536,SOL,-0.025
0x1e2e7903fb871f38362a8760871d1648eaa12536,TRX,-0.025
0x1e2e7903fb871f38362a8760871d1648eaa12536,SUI,-0.025
0x1e2e7903fb871f38362a8760871d1648eaa12536,S,0.0
0x1e2e7903fb871f38362a8760871d1648eaa12536,BCH,0.0
0x1e2e7903fb871f38362a8760871d1648eaa12536,APE,0.0
0x1e2e7903fb871f38362a8760871d1648eaa12536,BLUR,0.0
0x1e2e7903fb871f38362a8760871d1648eaa12536,AXS,0.0
0x1e2e7903fb871f38362a8760871d1648eaa12536,DOT,0.0
0x1e2e7903fb871f38362a8760871d1648eaa12536,BONK,0.0
0x1e2e7903fb871f38362a8760871d1648eaa12536,OP,0.0
0x1e2e7903fb871f38362a8760871d1648eaa12536,PEPE,0.0
0x1e2e7903fb871f38362a8760871d1648eaa12536,FIL,0.0
0x1e2e7903fb871f38362a8760871d1648eaa12536,ETC,0.0
0x1e2e7903fb871f38362a8760871d1648eaa12536,INJ,0.0
0x1e2e7903fb871f38362a8760871d1648eaa12536,POL,0.0
0x1e2e7903fb871f38362a8760871d1648eaa12536,RUNE,0.0
0x1e2e7903fb871f38362a8760871d1648eaa12536,RENDER,0.0
0x1e2e7903fb871f38362a8760871d1648eaa12536,SHIB,0.0
0x1e2e7903fb871f38362a8760871d1648eaa12536,XLM,0.0
0x1e2e7903fb871f38362a8760871d1648eaa12536,SUSHI,0.0
0x1e2e7903fb871f38362a8760871d1648eaa12536,AAVE,0.0
0x1e2e7903fb871f38362a8760871d1648eaa12536,ALGO,0.0
0x1e2e7903fb871f38362a8760871d1648eaa12536,XMR,0.0
0x1e2e7903fb871f38362a8760871d1648eaa12536,XRP,0.0
0x1e2e7903fb871f38362a8760871d1648eaa12536,APT,0.0625
0x1e2e7903fb871f38362a8760871d1648eaa12536,ADA,0.0625
0x1e2e7903fb871f38362a8760871d1648eaa12536,FET,0.0625
0x1e2e7903fb871f38362a8760871d1648eaa12536,PENDLE,0.0625
0x1e2e7903fb871f38362a8760871d1648eaa12536,PYTH,0.0625
0x1e2e7903fb871f38362a8760871d1648eaa12536,TIA,0.0625
0x1e2e7903fb871f38362a8760871d1648eaa12536,UNI,0.0625
0x2b23c36232eac432433a919aedd9a169031661c2,BTC,0.0152768563469776
0x2b23c36232eac432433a919aedd9a169031661c2,LTC,-0.0023810132413122
0x2b23c36232eac432433a919aedd9a169031661c2,XRP,0.0092632465941198
0x2b23c36232eac432433a919aedd9a169031661c2,DOGE,0.00004854833155375199
0x2b23c36232eac432433a919aedd9a169031661c2,DASH,0.0123903654654879
0x2b23c36232eac432433a919aedd9a169031661c2,XMR,0.0164069608676499
0x2b23c36232eac432433a919aedd9a169031661c2,XLM,0.0119969994939104
0x2b23c36232eac432433a919aedd9a169031661c2,ETH,-0.0082381370757391
0x2b23c36232eac432433a919aedd9a169031661c2,ETC,0.0021809379541952
0x2b23c36232eac432433a919aedd9a169031661c2,ZEC,-0.0028428240903228
0x2b23c36232eac432433a919aedd9a169031661c2,ZEN,0.0157498329861515
0x2b23c36232eac432433a919aedd9a169031661c2,IOTA,0.0168210080733545
0x2b23c36232eac432433a919aedd9a169031661c2,BCH,0.0087619895594625
0x2b23c36232eac432433a919aedd9a169031661c2,BNB,-0.0057999248477666
0x2b23c36232eac432433a919aedd9a169031661c2,TRX,0.0127225998826032
0x2b23c36232eac432433a919aedd9a169031661c2,LINK,0.0130648157701867
0x2b23c36232eac432433a919aedd9a169031661c2,ADA,0.0086305212297083
0x2b23c36232eac432433a919aedd9a169031661c2,FIL,0.0125435583812725
0x2b23c36232eac432433a919aedd9a169031661c2,SNX,0.0007081796446951
0x2b23c36232eac432433a919aedd9a169031661c2,BSV,0.0113009415867163
0x2b23c36232eac432433a919aedd9a169031661c2,FET,0.0223296206029601
0x2b23c36232eac432433a919aedd9a169031661c2,ATOM,-0.0051712812146003
0x2b23c36232eac432433a919aedd9a169031661c2,RSR,0.0037278139019322
0x2b23c36232eac432433a919aedd9a169031661c2,ALGO,0.0124329554986171
0x2b23c36232eac432433a919aedd9a169031661c2,RUNE,0.0066293129602999
0x2b23c36232eac432433a919aedd9a169031661c2,LUNC,0.0136926487168562
0x2b23c36232eac432433a919aedd9a169031661c2,HBAR,0.0153454036180451
0x2b23c36232eac432433a919aedd9a169031661c2,PAXG,0.0185133914950717
0x2b23c36232eac432433a919aedd9a169031661c2,STX,-0.0004578221835184
0x2b23c36232eac432433a919aedd9a169031661c2,TRB,0.015661479321331
0x2b23c36232eac432433a919aedd9a169031661c2,SOL,0.0360735986841081
0x2b23c36232eac432433a919aedd9a169031661c2,CELO,0.0215360387631499
0x2b23c36232eac432433a919aedd9a169031661c2,UMA,0.0195224774439897
0x2b23c36232eac432433a919aedd9a169031661c2,AR,0.0039787191582969
0x2b23c36232eac432433a919aedd9a169031661c2,RENDER,0.0075375245489395
0x2b23c36232eac432433a919aedd9a169031661c2,COMP,0.0159027084140602
0x2b23c36232eac432433a919aedd9a169031661c2,AVAX,0.0235065676899488
0x2b23c36232eac432433a919aedd9a169031661c2,SHIB,0.0006559515825536
0x2b23c36232eac432433a919aedd9a169031661c2,SAND,0.0028343221084817
0x2b23c36232eac432433a919aedd9a169031661c2,NEAR,0.015253089321385
0x2b23c36232eac432433a919aedd9a169031661c2,CRV,-0.0005943967057881
0x2b23c36232eac432433a919aedd9a169031661c2,DOT,0.0025975777619181
0x2b23c36232eac432433a919aedd9a169031661c2,SUSHI,0.0154674613216332
0x2b23c36232eac432433a919aedd9a169031661c2,AXS,0.0107984301661927
0x2b23c36232eac432433a919aedd9a169031661c2,GALA,0.0060458572244183
0x2b23c36232eac432433a919aedd9a169031661c2,UNI,-0.0002215827232972
0x2b23c36232eac432433a919aedd9a169031661c2,CAKE,-0.0011543930722334
0x2b23c36232eac432433a919aedd9a169031661c2,INJ,0.0271188410822158
0x2b23c36232eac432433a919aedd9a169031661c2,AAVE,0.0150978466030945
0x2b23c36232eac432433a919aedd9a169031661c2,CFX,0.0092848218424707
0x2b23c36232eac432433a919aedd9a169031661c2,LDO,0.0007873769705791
0x2b23c36232eac432433a919aedd9a169031661c2,MINA,0.00005126502396954658
0x2b23c36232eac432433a919aedd9a169031661c2,ICP,-0.0124931700762496
0x2b23c36232eac432433a919aedd9a169031661c2,PENDLE,0.0135014190035451
0x2b23c36232eac432433a919aedd9a169031661c2,IMX,0.0107721557772836
0x2b23c36232eac432433a919aedd9a169031661c2,FLOKI,0.0144524802999835
0x2b23c36232eac432433a919aedd9a169031661c2,OP,-0.0051639540589845
0x2b23c36232eac432433a919aedd9a169031661c2,ARB,0.0023129213268557
0x2b23c36232eac432433a919aedd9a169031661c2,GMX,0.0078700194242731
0x2b23c36232eac432433a919aedd9a169031661c2,WLD,0.0101603241979079
0x2b23c36232eac432433a919aedd9a169031661c2,MANTA,0.0173946731369504
0x2b23c36232eac432433a919aedd9a169031661c2,ENS,-0.000009420632466464427
0x2b23c36232eac432433a919aedd9a169031661c2,PEOPLE,0.0118172030822975
0x2b23c36232eac432433a919aedd9a169031661c2,GMT,-0.002117963495786
0x2b23c36232eac432433a919aedd9a169031661c2,APE,0.007999866058932
0x2b23c36232eac432433a919aedd9a169031661c2,APEX,-0.0002438704236078
0x2b23c36232eac432433a919aedd9a169031661c2,KAS,0.0209197244938468
0x2b23c36232eac432433a919aedd9a169031661c2,SUI,0.0129016411294201
0x2b23c36232eac432433a919aedd9a169031661c2,ONDO,0.0026812172502432
0x2b23c36232eac432433a919aedd9a169031661c2,ZETA,0.0155026825519913
0x2b23c36232eac432433a919aedd9a169031661c2,APT,0.0120017794513889
0x2b23c36232eac432433a919aedd9a169031661c2,STRK,0.0141724915912221
0x2b23c36232eac432433a919aedd9a169031661c2,TIA,0.009789670259773
0x2b23c36232eac432433a919aedd9a169031661c2,TAO,0.008733994765123
0x2b23c36232eac432433a919aedd9a169031661c2,BONK,0.0003844381276319
0x2b23c36232eac432433a919aedd9a169031661c2,BLUR,0.010110597510228
0x2b23c36232eac432433a919aedd9a169031661c2,SEI,0.0047741601685987
0x2b23c36232eac432433a919aedd9a169031661c2,ZK,0.0099647740859402
0x2b23c36232eac432433a919aedd9a169031661c2,PEPE,0.0074141123061539
0x2b23c36232eac432433a919aedd9a169031661c2,BERA,0.0016712534175948
0x2b23c36232eac432433a919aedd9a169031661c2,TURBO,0.0084934826851748
0x2b23c36232eac432433a919aedd9a169031661c2,ORDI,0.0232848477173992
0x2b23c36232eac432433a919aedd9a169031661c2,ZRO,0.0252196981782535
0x2b23c36232eac432433a919aedd9a169031661c2,MNT,0.009886960619703
0x2b23c36232eac432433a919aedd9a169031661c2,LINEA,0.0133485064798134
0x2b23c36232eac432433a919aedd9a169031661c2,PYTH,0.0228701157810668
0x2b23c36232eac432433a919aedd9a169031661c2,MEME,0.0152591740045829
0x2b23c36232eac432433a919aedd9a169031661c2,POL,-0.000001045372837916708
0x2b23c36232eac432433a919aedd9a169031661c2,JTO,-0.0006296913310592
0x2b23c36232eac432433a919aedd9a169031661c2,WIF,0.0150267744198645
0x2b23c36232eac432433a919aedd9a169031661c2,POPCAT,0.0193934748191906
0x2b23c36232eac432433a919aedd9a169031661c2,NOT,-0.0057693119075038
0x2b23c36232eac432433a919aedd9a169031661c2,DYM,0.0014311553949391
0x2b23c36232eac432433a919aedd9a169031661c2,XAI,-0.0348752036431106
0x2b23c36232eac432433a919aedd9a169031661c2,ALT,0.0003780623852974
0x2b23c36232eac432433a919aedd9a169031661c2,JUP,0.0248619584839906
0x2b23c36232eac432433a919aedd9a169031661c2,AERO,0.0307467820678794
0x2b23c36232eac432433a919aedd9a169031661c2,VIRTUAL,0.0040728274384238
0x2b23c36232eac432433a919aedd9a169031661c2,W,-0.0024917455209406
0x2b23c36232eac432433a919aedd9a169031661c2,BRETT,0.0274720751861441
0x2b23c36232eac432433a919aedd9a169031661c2,ETHFI,-0.0106185509470852
0x2b23c36232eac432433a919aedd9a169031661c2,IO,0.0278570878237474
0x2b23c36232eac432433a919aedd9a169031661c2,BOME,-0.0126543362711317
0x2b23c36232eac432433a919aedd9a169031661c2,sENA,0.007251963966119
0x2b23c36232eac432433a919aedd9a169031661c2,TNSR,0.0125440181582678
0x2b23c36232eac432433a919aedd9a169031661c2,EIGEN,0.0189438383044376
0x2b23c36232eac432433a919aedd9a169031661c2,MON,0.0178573837184559
0x2b23c36232eac432433a919aedd9a169031661c2,MERL,0.0138317159560733
0x2b23c36232eac432433a919aedd9a169031661c2,REZ,0.0158590870744234
0x2b23c36232eac432433a919aedd9a169031661c2,SOPH,0.0006401925158235
0x2b23c36232eac432433a919aedd9a169031661c2,HYPE,0.0014875346712408
0x2b23c36232eac432433a919aedd9a169031661c2,ME,0.0122343997507503
0x2b23c36232eac432433a919aedd9a169031661c2,BABY,0.0324953627025243
0x2b23c36232eac432433a919aedd9a169031661c2,MOVE,-0.0018158204733391
0x2b23c36232eac432433a919aedd9a169031661c2,NEIRO,0.0087312637599391
0x2b23c36232eac432433a919aedd9a169031661c2,S,-0.0280193013890331
0x2b23c36232eac432433a919aedd9a169031661c2,GRASS,-0.0044713276705369
0x2b23c36232eac432433a919aedd9a169031661c2,SKY,0.0011469621424711
0x2b23c36232eac432433a919aedd9a169031661c2,INIT,0.013904209965787
0x2b23c36232eac432433a919aedd9a169031661c2,WCT,0.0140972170756733
0x2b23c36232eac432433a919aedd9a169031661c2,WLFI,-0.0062229757946861
0x2b23c36232eac432433a919aedd9a169031661c2,GOAT,0.008538812487202
0x2b23c36232eac432433a919aedd9a169031661c2,FARTCOIN,0.0090208308097717
0x2b23c36232eac432433a919aedd9a169031661c2,PNUT,0.0133210323110591
0x2b23c36232eac432433a919aedd9a169031661c2,SYRUP,0.0036135575260976
0x2b23c36232eac432433a919aedd9a169031661c2,USUAL,-0.0073617724618684
0x2b23c36232eac432433a919aedd9a169031661c2,AIXBT,0.0135983953518652
0x2b23c36232eac432433a919aedd9a169031661c2,MORPHO,0.0201063312164047
0x2b23c36232eac432433a919aedd9a169031661c2,PENGU,0.0144020969779849
0x2b23c36232eac432433a919aedd9a169031661c2,GRIFFAIN,-0.0035510231063461
0x2b23c36232eac432433a919aedd9a169031661c2,BIO,0.001644260702409
0x2b23c36232eac432433a919aedd9a169031661c2,ANIME,0.0127314026451149
0x2b23c36232eac432433a919aedd9a169031661c2,TRUMP,0.0003703511771285
0x2b23c36232eac432433a919aedd9a169031661c2,MELANIA,0.0002005544445231
0x2b23c36232eac432433a919aedd9a169031661c2,VINE,0.0193996129954477
0x2b23c36232eac432433a919aedd9a169031661c2,LAYER,-0.002796332216058
0x2b23c36232eac432433a919aedd9a169031661c2,VVV,0.0188557884992705
0x2b23c36232eac432433a919aedd9a169031661c2,IP,-0.0011401032574112
0x2b23c36232eac432433a919aedd9a169031661c2,NIL,-0.0390055915241632
0x2b23c36232eac432433a919aedd9a169031661c2,KAITO,-0.1037489352154032
0x2b23c36232eac432433a919aedd9a169031661c2,ZORA,0.005485238463341
0x2b23c36232eac432433a919aedd9a169031661c2,HYPER,0.0059056615432681
0x2b23c36232eac432433a919aedd9a169031661c2,ASTER,0.0165609864813285
0x2b23c36232eac432433a919aedd9a169031661c2,PUMP,-0.0349714641451097
0x2b23c36232eac432433a919aedd9a169031661c2,XPL,0.0235473240716756
0x2b23c36232eac432433a919aedd9a169031661c2,CC,0.0254252347406827
0x2b23c36232eac432433a919aedd9a169031661c2,PROVE,0.0038883531834623
0x2b23c36232eac432433a919aedd9a169031661c2,HEMI,-0.0322614529329745
0x2b23c36232eac432433a919aedd9a169031661c2,AVNT,-0.0072425003579179
0x2b23c36232eac432433a919aedd9a169031661c2,0G,-0.001717137486812
0x2b23c36232eac432433a919aedd9a169031661c2,2Z,0.0069705784851672
0x2b23c36232eac432433a919aedd9a169031661c2,LIT,0.0140208711981452
0x3e04d3e08ea54c34f721ac007107fe7a4bd957d5,BTC,-0.0149321623588402
0x3e04d3e08ea54c34f721ac007107fe7a4bd957d5,LTC,-0.015148449681082
0x3e04d3e08ea54c34f721ac007107fe7a4bd957d5,XRP,-0.0138396501769453
0x3e04d3e08ea54c34f721ac007107fe7a4bd957d5,DOGE,-0.0138396501769453
0x3e04d3e08ea54c34f721ac007107fe7a4bd957d5,DASH,-0.0138396501769453
0x3e04d3e08ea54c34f721ac007107fe7a4bd957d5,XMR,-0.0138396501769453
0x3e04d3e08ea54c34f721ac007107fe7a4bd957d5,XLM,-0.0138396501769453
0x3e04d3e08ea54c34f721ac007107fe7a4bd957d5,ETH,-0.0148814855160346
0x3e04d3e08ea54c34f721ac007107fe7a4bd957d5,ETC,-0.0139286079070404
0x3e04d3e08ea54c34f721ac007107fe7a4bd957d5,ZEC,-0.0141944220918373
0x3e04d3e08ea54c34f721ac007107fe7a4bd957d5,ZEN,-0.0138396501769453
0x3e04d3e08ea54c34f721ac007107fe7a4bd957d5,IOTA,-0.0138396501769453
0x3e04d3e08ea54c34f721ac007107fe7a4bd957d5,BCH,-0.0138396501769453
0x3e04d3e08ea54c34f721ac007107fe7a4bd957d5,BNB,-0.0139286079070404
0x3e04d3e08ea54c34f721ac007107fe7a4bd957d5,TRX,-0.0148085101767129
0x3e04d3e08ea54c34f721ac007107fe7a4bd957d5,LINK,-0.0138396501769453
0x3e04d3e08ea54c34f721ac007107fe7a4bd957d5,ADA,-0.0138396501769453
0x3e04d3e08ea54c34f721ac007107fe7a4bd957d5,FIL,-0.0138396501769453
0x3e04d3e08ea54c34f721ac007107fe7a4bd957d5,SNX,-0.0138396501769453
0x3e04d3e08ea54c34f721ac007107fe7a4bd957d5,BSV,-0.0154997670583949
0x3e04d3e08ea54c34f721ac007107fe7a4bd957d5,FET,-0.0138396501769453
0x3e04d3e08ea54c34f721ac007107fe7a4bd957d5,ATOM,-0.0138396501769453
0x3e04d3e08ea54c34f721ac007107fe7a4bd957d5,RSR,-0.0148085101767129
0x3e04d3e08ea54c34f721ac007107fe7a4bd957d5,ALGO,-0.0138396501769453
0x3e04d3e08ea54c34f721ac007107fe7a4bd957d5,RUNE,-0.0138396501769453
0x3e04d3e08ea54c34f721ac007107fe7a4bd957d5,LUNC,-0.0138396501769453
0x3e04d3e08ea54c34f721ac007107fe7a4bd957d5,HBAR,-0.0138396501769453
0x3e04d3e08ea54c34f721ac007107fe7a4bd957d5,PAXG,-0.0138396501769453
0x3e04d3e08ea54c34f721ac007107fe7a4bd957d5,STX,-0.0138396501769453
0x3e04d3e08ea54c34f721ac007107fe7a4bd957d5,TRB,-0.0138396501769453
0x3e04d3e08ea54c34f721ac007107fe7a4bd957d5,SOL,-0.0142218559694192
0x3e04d3e08ea54c34f721ac007107fe7a4bd957d5,CELO,-0.0138396501769453
0x3e04d3e08ea54c34f721ac007107fe7a4bd957d5,UMA,-0.0138396501769453
0x3e04d3e08ea54c34f721ac007107fe7a4bd957d5,AR,-0.0138396501769453
0x3e04d3e08ea54c34f721ac007107fe7a4bd957d5,RENDER,-0.0138396501769453
0x3e04d3e08ea54c34f721ac007107fe7a4bd957d5,COMP,-0.0138396501769453
0x3e04d3e08ea54c34f721ac007107fe7a4bd957d5,AVAX,-0.0138396501769453
0x3e04d3e08ea54c34f721ac007107fe7a4bd957d5,SHIB,-0.0138396501769453
0x3e04d3e08ea54c34f721ac007107fe7a4bd957d5,SAND,-0.0138396501769453
0x3e04d3e08ea54c34f721ac007107fe7a4bd957d5,NEAR,-0.0138396501769453
0x3e04d3e08ea54c34f721ac007107fe7a4bd957d5,CRV,-0.0154997670583949
0x3e04d3e08ea54c34f721ac007107fe7a4bd957d5,DOT,-0.0138396501769453
0x3e04d3e08ea54c34f721ac007107fe7a4bd957d5,SUSHI,-0.0138396501769453
0x3e04d3e08ea54c34f721ac007107fe7a4bd957d5,AXS,-0.0138396501769453
0x3e04d3e08ea54c34f721ac007107fe7a4bd957d5,GALA,-0.0138396501769453
0x3e04d3e08ea54c34f721ac007107fe7a4bd957d5,UNI,-0.0138396501769453
0x3e04d3e08ea54c34f721ac007107fe7a4bd957d5,CAKE,-0.0139286079070404
0x3e04d3e08ea54c34f721ac007107fe7a4bd957d5,INJ,-0.0138396501769453
0x3e04d3e08ea54c34f721ac007107fe7a4bd957d5,AAVE,-0.0138396501769453
0x3e04d3e08ea54c34f721ac007107fe7a4bd957d5,CFX,-0.0138396501769453
0x3e04d3e08ea54c34f721ac007107fe7a4bd957d5,LDO,-0.0138396501769453
0x3e04d3e08ea54c34f721ac007107fe7a4bd957d5,MINA,-0.0138396501769453
0x3e04d3e08ea54c34f721ac007107fe7a4bd957d5,ICP,-0.0138396501769453
0x3e04d3e08ea54c34f721ac007107fe7a4bd957d5,PENDLE,-0.0138396501769453
0x3e04d3e08ea54c34f721ac007107fe7a4bd957d5,IMX,-0.0138396501769453
0x3e04d3e08ea54c34f721ac007107fe7a4bd957d5,FLOKI,-0.0138396501769453
0x3e04d3e08ea54c34f721ac007107fe7a4bd957d5,OP,-0.0148085101767129
0x3e04d3e08ea54c34f721ac007107fe7a4bd957d5,ARB,-0.0138396501769453
0x3e04d3e08ea54c34f721ac007107fe7a4bd957d5,GMX,-0.0138396501769453
0x3e04d3e08ea54c34f721ac007107fe7a4bd957d5,WLD,-0.0154997670583949
0x3e04d3e08ea54c34f721ac007107fe7a4bd957d5,MANTA,-0.0138396501769453
0x3e04d3e08ea54c34f721ac007107fe7a4bd957d5,ENS,-0.0138396501769453
0x3e04d3e08ea54c34f721ac007107fe7a4bd957d5,PEOPLE,-0.0138396501769453
0x3e04d3e08ea54c34f721ac007107fe7a4bd957d5,GMT,-0.0138396501769453
0x3e04d3e08ea54c34f721ac007107fe7a4bd957d5,APE,-0.0138396501769453
0x3e04d3e08ea54c34f721ac007107fe7a4bd957d5,APEX,-0.0138396501769453
0x3e04d3e08ea54c34f721ac007107fe7a4bd957d5,KAS,-0.0138396501769453
0x3e04d3e08ea54c34f721ac007107fe7a4bd957d5,SUI,-0.0138396501769453
0x3e04d3e08ea54c34f721ac007107fe7a4bd957d5,ONDO,-0.0138396501769453
0x3e04d3e08ea54c34f721ac007107fe7a4bd957d5,ZETA,-0.0138396501769453
0x3e04d3e08ea54c34f721ac007107fe7a4bd957d5,APT,-0.0138396501769453
0x3e04d3e08ea54c34f721ac007107fe7a4bd957d5,STRK,-0.0138396501769453
0x3e04d3e08ea54c34f721ac007107fe7a4bd957d5,TIA,-0.0138396501769453
0x3e04d3e08ea54c34f721ac007107fe7a4bd957d5,TAO,-0.0138396501769453
0x3e04d3e08ea54c34f721ac007107fe7a4bd957d5,BONK,-0.0138396501769453
0x3e04d3e08ea54c34f721ac007107fe7a4bd957d5,BLUR,-0.0138396501769453
0x3e04d3e08ea54c34f721ac007107fe7a4bd957d5,SEI,-0.0138396501769453
0x3e04d3e08ea54c34f721ac007107fe7a4bd957d5,ZK,-0.0138396501769453
0x3e04d3e08ea54c34f721ac007107fe7a4bd957d5,PEPE,-0.0155855159821933
0x3e04d3e08ea54c34f721ac007107fe7a4bd957d5,BERA,-0.0138396501769453
0x3e04d3e08ea54c34f721ac007107fe7a4bd957d5,TURBO,-0.0138396501769453
0x3e04d3e08ea54c34f721ac007107fe7a4bd957d5,ORDI,-0.0138396501769453
0x3e04d3e08ea54c34f721ac007107fe7a4bd957d5,ZRO,-0.0138396501769453
0x3e04d3e08ea54c34f721ac007107fe7a4bd957d5,MNT,-0.0138396501769453
0x3e04d3e08ea54c34f721ac007107fe7a4bd957d5,LINEA,-0.0138396501769453
0x3e04d3e08ea54c34f721ac007107fe7a4bd957d5,PYTH,-0.0138396501769453
0x3e04d3e08ea54c34f721ac007107fe7a4bd957d5,MEME,-0.0138396501769453
0x3e04d3e08ea54c34f721ac007107fe7a4bd957d5,POL,-0.0138396501769453
0x3e04d3e08ea54c34f721ac007107fe7a4bd957d5,JTO,-0.0154997670583949
0x3e04d3e08ea54c34f721ac007107fe7a4bd957d5,WIF,-0.0138396501769453
0x3e04d3e08ea54c34f721ac007107fe7a4bd957d5,POPCAT,-0.0138396501769453
0x3e04d3e08ea54c34f721ac007107fe7a4bd957d5,NOT,-0.0138396501769453
0x3e04d3e08ea54c34f721ac007107fe7a4bd957d5,DYM,-0.0138396501769453
0x3e04d3e08ea54c34f721ac007107fe7a4bd957d5,XAI,-0.0162467463986208
0x3e04d3e08ea54c34f721ac007107fe7a4bd957d5,ALT,-0.0138396501769453
0x3e04d3e08ea54c34f721ac007107fe7a4bd957d5,JUP,-0.0138396501769453
0x3e04d3e08ea54c34f721ac007107fe7a4bd957d5,AERO,-0.0138396501769453
0x3e04d3e08ea54c34f721ac007107fe7a4bd957d5,VIRTUAL,-0.0138396501769453
0x3e04d3e08ea54c34f721ac007107fe7a4bd957d5,W,-0.0138396501769453
0x3e04d3e08ea54c34f721ac007107fe7a4bd957d5,BRETT,-0.0138396501769453
0x3e04d3e08ea54c34f721ac007107fe7a4bd957d5,ETHFI,-0.0172499821117971
0x3e04d3e08ea54c34f721ac007107fe7a4bd957d5,IO,-0.0138396501769453
0x3e04d3e08ea54c34f721ac007107fe7a4bd957d5,BOME,-0.0162467463986208
0x3e04d3e08ea54c34f721ac007107fe7a4bd957d5,sENA,-0.0138396501769453
0x3e04d3e08ea54c34f721ac007107fe7a4bd957d5,TNSR,-0.0138396501769453
0x3e04d3e08ea54c34f721ac007107fe7a4bd957d5,EIGEN,-0.0138396501769453
0x3e04d3e08ea54c34f721ac007107fe7a4bd957d5,MON,-0.0138396501769453
0x3e04d3e08ea54c34f721ac007107fe7a4bd957d5,MERL,-0.0138396501769453
0x3e04d3e08ea54c34f721ac007107fe7a4bd957d5,REZ,-0.0138396501769453
0x3e04d3e08ea54c34f721ac007107fe7a4bd957d5,SOPH,-0.0138396501769453
0x3e04d3e08ea54c34f721ac007107fe7a4bd957d5,HYPE,-0.0139286079070404
0x3e04d3e08ea54c34f721ac007107fe7a4bd957d5,ME,-0.0138396501769453
0x3e04d3e08ea54c34f721ac007107fe7a4bd957d5,BABY,-0.0148085101767129
0x3e04d3e08ea54c34f721ac007107fe7a4bd957d5,MOVE,-0.0151777977739893
0x3e04d3e08ea54c34f721ac007107fe7a4bd957d5,NEIRO,-0.0138396501769453
0x3e04d3e08ea54c34f721ac007107fe7a4bd957d5,S,-0.0138396501769453
0x3e04d3e08ea54c34f721ac007107fe7a4bd957d5,GRASS,-0.0138396501769453
0x3e04d3e08ea54c34f721ac007107fe7a4bd957d5,SKY,-0.0138396501769453
0x3e04d3e08ea54c34f721ac007107fe7a4bd957d5,INIT,-0.0138396501769453
0x3e04d3e08ea54c34f721ac007107fe7a4bd957d5,WCT,-0.0138396501769453
0x3e04d3e08ea54c34f721ac007107fe7a4bd957d5,WLFI,-0.0138396501769453
0x3e04d3e08ea54c34f721ac007107fe7a4bd957d5,GOAT,-0.0138396501769453
0x3e04d3e08ea54c34f721ac007107fe7a4bd957d5,FARTCOIN,-0.0138396501769453
0x3e04d3e08ea54c34f721ac007107fe7a4bd957d5,PNUT,-0.0138396501769453
0x3e04d3e08ea54c34f721ac007107fe7a4bd957d5,SYRUP,-0.0138396501769453
0x3e04d3e08ea54c34f721ac007107fe7a4bd957d5,USUAL,-0.0148085101767129
0x3e04d3e08ea54c34f721ac007107fe7a4bd957d5,AIXBT,-0.0138396501769453
0x3e04d3e08ea54c34f721ac007107fe7a4bd957d5,MORPHO,-0.0138396501769453
0x3e04d3e08ea54c34f721ac007107fe7a4bd957d5,PENGU,-0.0138396501769453
0x3e04d3e08ea54c34f721ac007107fe7a4bd957d5,GRIFFAIN,-0.0162467463986208
0x3e04d3e08ea54c34f721ac007107fe7a4bd957d5,BIO,-0.0138396501769453
0x3e04d3e08ea54c34f721ac007107fe7a4bd957d5,ANIME,-0.0138396501769453
0x3e04d3e08ea54c34f721ac007107fe7a4bd957d5,TRUMP,-0.0133357564750381
0x3e04d3e08ea54c34f721ac007107fe7a4bd957d5,MELANIA,-0.0138396501769453
0x3e04d3e08ea54c34f721ac007107fe7a4bd957d5,VINE,-0.0138396501769453
0x3e04d3e08ea54c34f721ac007107fe7a4bd957d5,LAYER,-0.0138396501769453
0x3e04d3e08ea54c34f721ac007107fe7a4bd957d5,VVV,-0.0138396501769453
0x3e04d3e08ea54c34f721ac007107fe7a4bd957d5,IP,-0.0139286079070404
0x3e04d3e08ea54c34f721ac007107fe7a4bd957d5,NIL,-0.0162467463986208
0x3e04d3e08ea54c34f721ac007107fe7a4bd957d5,KAITO,-0.0139286079070404
0x3e04d3e08ea54c34f721ac007107fe7a4bd957d5,ZORA,-0.0138396501769453
0x3e04d3e08ea54c34f721ac007107fe7a4bd957d5,HYPER,-0.0138396501769453
0x3e04d3e08ea54c34f721ac007107fe7a4bd957d5,ASTER,-0.0138396501769453
0x3e04d3e08ea54c34f721ac007107fe7a4bd957d5,PUMP,-0.0162657361866959
0x3e04d3e08ea54c34f721ac007107fe7a4bd957d5,XPL,-0.0138396501769453
0x3e04d3e08ea54c34f721ac007107fe7a4bd957d5,CC,-0.0138396501769453
0x3e04d3e08ea54c34f721ac007107fe7a4bd957d5,PROVE,-0.0138396501769453
0x3e04d3e08ea54c34f721ac007107fe7a4bd957d5,HEMI,-0.0162467463986208
0x3e04d3e08ea54c34f721ac007107fe7a4bd957d5,AVNT,-0.0154997670583949
0x3e04d3e08ea54c34f721ac007107fe7a4bd957d5,0G,-0.0138396501769453
0x3e04d3e08ea54c34f721ac007107fe7a4bd957d5,2Z,-0.0138396501769453
0x3e04d3e08ea54c34f721ac007107fe7a4bd957d5,LIT,-0.0138396501769453
0x3ebab08d24031caa95c4290b28f66e71bbe418e5,BTC,0.0064110276
0x3ebab08d24031caa95c4290b28f66e71bbe418e5,LTC,-0.0008141931
0x3ebab08d24031caa95c4290b28f66e71bbe418e5,XRP,0.029786015
0x3ebab08d24031caa95c4290b28f66e71bbe418e5,DOGE,-0.0005411475
0x3ebab08d24031caa95c4290b28f66e71bbe418e5,DASH,0.004329071
0x3ebab08d24031caa95c4290b28f66e71bbe418e5,XMR,0.06508844
0x3ebab08d24031caa95c4290b28f66e71bbe418e5,XLM,-0.0016524632
0x3ebab08d24031caa95c4290b28f66e71bbe418e5,ETH,-0.003632883
0x3ebab08d24031caa95c4290b28f66e71bbe418e5,ETC,0.01580848
0x3ebab08d24031caa95c4290b28f66e71bbe418e5,ZEC,0.012823648
0x3ebab08d24031caa95c4290b28f66e71bbe418e5,ZEN,0.02457514
0x3ebab08d24031caa95c4290b28f66e71bbe418e5,IOTA,0.010100172
0x3ebab08d24031caa95c4290b28f66e71bbe418e5,BCH,0.008276762
0x3ebab08d24031caa95c4290b28f66e71bbe418e5,BNB,-0.009385675
0x3ebab08d24031caa95c4290b28f66e71bbe418e5,TRX,0.005068805
0x3ebab08d24031caa95c4290b28f66e71bbe418e5,LINK,-0.0066703954
0x3ebab08d24031caa95c4290b28f66e71bbe418e5,ADA,0.026504515
0x3ebab08d24031caa95c4290b28f66e71bbe418e5,FIL,0.009023666
0x3ebab08d24031caa95c4290b28f66e71bbe418e5,SNX,-0.0006681476
0x3ebab08d24031caa95c4290b28f66e71bbe418e5,BSV,0.017977707
0x3ebab08d24031caa95c4290b28f66e71bbe418e5,FET,0.0044216877
0x3ebab08d24031caa95c4290b28f66e71bbe418e5,ATOM,0.0014501711
0x3ebab08d24031caa95c4290b28f66e71bbe418e5,RSR,0.017857376
0x3ebab08d24031caa95c4290b28f66e71bbe418e5,ALGO,0.00022069122
0x3ebab08d24031caa95c4290b28f66e71bbe418e5,RUNE,0.0038215853
0x3ebab08d24031caa95c4290b28f66e71bbe418e5,LUNC,0.013062741
0x3ebab08d24031caa95c4290b28f66e71bbe418e5,HBAR,0.0066134394
0x3ebab08d24031caa95c4290b28f66e71bbe418e5,PAXG,0.032181717
0x3ebab08d24031caa95c4290b28f66e71bbe418e5,STX,-0.0061163334
0x3ebab08d24031caa95c4290b28f66e71bbe418e5,TRB,0.0032857056
0x3ebab08d24031caa95c4290b28f66e71bbe418e5,SOL,-0.00058224273
0x3ebab08d24031caa95c4290b28f66e71bbe418e5,CELO,0.0084319245
0x3ebab08d24031caa95c4290b28f66e71bbe418e5,UMA,0.02868556
0x3ebab08d24031caa95c4290b28f66e71bbe418e5,AR,0.00023147716
0x3ebab08d24031caa95c4290b28f66e71bbe418e5,RENDER,-0.008578718
0x3ebab08d24031caa95c4290b28f66e71bbe418e5,COMP,0.01443448
0x3ebab08d24031caa95c4290b28f66e71bbe418e5,AVAX,0.007361859
0x3ebab08d24031caa95c4290b28f66e71bbe418e5,SHIB,0.002624622
0x3ebab08d24031caa95c4290b28f66e71bbe418e5,SAND,0.0037727328
0x3ebab08d24031caa95c4290b28f66e71bbe418e5,NEAR,0.009963007
0x3ebab08d24031caa95c4290b28f66e71bbe418e5,CRV,0.0055621415
0x3ebab08d24031caa95c4290b28f66e71bbe418e5,DOT,-0.0016145321
0x3ebab08d24031caa95c4290b28f66e71bbe418e5,SUSHI,0.004497452
0x3ebab08d24031caa95c4290b28f66e71bbe418e5,AXS,0.011040257
0x3ebab08d24031caa95c4290b28f66e71bbe418e5,GALA,0.007767399
0x3ebab08d24031caa95c4290b28f66e71bbe418e5,UNI,0.00035883818
0x3ebab08d24031caa95c4290b28f66e71bbe418e5,CAKE,0.0025564237
0x3ebab08d24031caa95c4290b28f66e71bbe418e5,INJ,0.020581564
0x3ebab08d24031caa95c4290b28f66e71bbe418e5,AAVE,0.035099305
0x3ebab08d24031caa95c4290b28f66e71bbe418e5,CFX,0.00046413354
0x3ebab08d24031caa95c4290b28f66e71bbe418e5,LDO,-0.000493574
0x3ebab08d24031caa95c4290b28f66e71bbe418e5,MINA,-0.004179877
0x3ebab08d24031caa95c4290b28f66e71bbe418e5,ICP,0.004199844
0x3ebab08d24031caa95c4290b28f66e71bbe418e5,PENDLE,0.010420306
0x3ebab08d24031caa95c4290b28f66e71bbe418e5,IMX,0.009109322
0x3ebab08d24031caa95c4290b28f66e71bbe418e5,FLOKI,0.00825857
0x3ebab08d24031caa95c4290b28f66e71bbe418e5,OP,0.00034545505
0x3ebab08d24031caa95c4290b28f66e71bbe418e5,ARB,0.009065991
0x3ebab08d24031caa95c4290b28f66e71bbe418e5,GMX,0.01289491
0x3ebab08d24031caa95c4290b28f66e71bbe418e5,WLD,0.007829785
0x3ebab08d24031caa95c4290b28f66e71bbe418e5,MANTA,0.008003429
0x3ebab08d24031caa95c4290b28f66e71bbe418e5,ENS,0.00012989448
0x3ebab08d24031caa95c4290b28f66e71bbe418e5,PEOPLE,0.016514303
0x3ebab08d24031caa95c4290b28f66e71bbe418e5,GMT,0.04302847
0x3ebab08d24031caa95c4290b28f66e71bbe418e5,APE,0.0130298715
0x3ebab08d24031caa95c4290b28f66e71bbe418e5,APEX,-0.021114103
0x3ebab08d24031caa95c4290b28f66e71bbe418e5,KAS,0.016731987
0x3ebab08d24031caa95c4290b28f66e71bbe418e5,SUI,0.02819195
0x3ebab08d24031caa95c4290b28f66e71bbe418e5,ONDO,0.0023424535
0x3ebab08d24031caa95c4290b28f66e71bbe418e5,ZETA,0.0063034506
0x3ebab08d24031caa95c4290b28f66e71bbe418e5,APT,0.0117278565
0x3ebab08d24031caa95c4290b28f66e71bbe418e5,STRK,0.015545295
0x3ebab08d24031caa95c4290b28f66e71bbe418e5,TIA,0.0018552975
0x3ebab08d24031caa95c4290b28f66e71bbe418e5,TAO,0.002478858
0x3ebab08d24031caa95c4290b28f66e71bbe418e5,BONK,-0.008616808
0x3ebab08d24031caa95c4290b28f66e71bbe418e5,BLUR,0.0009697438
0x3ebab08d24031caa95c4290b28f66e71bbe418e5,SEI,-0.00082815957
0x3ebab08d24031caa95c4290b28f66e71bbe418e5,ZK,-0.000057412613
0x3ebab08d24031caa95c4290b28f66e71bbe418e5,PEPE,0.0147132
0x3ebab08d24031caa95c4290b28f66e71bbe418e5,BERA,0.0091486
0x3ebab08d24031caa95c4290b28f66e71bbe418e5,TURBO,0.013887126
0x3ebab08d24031caa95c4290b28f66e71bbe418e5,ORDI,0.00822117
0x3ebab08d24031caa95c4290b28f66e71bbe418e5,ZRO,0.01308947
0x3ebab08d24031caa95c4290b28f66e71bbe418e5,MNT,0.00995494
0x3ebab08d24031caa95c4290b28f66e71bbe418e5,LINEA,0.014390295
0x3ebab08d24031caa95c4290b28f66e71bbe418e5,PYTH,0.017593713
0x3ebab08d24031caa95c4290b28f66e71bbe418e5,MEME,0.02649659
0x3ebab08d24031caa95c4290b28f66e71bbe418e5,POL,-0.0013257174
0x3ebab08d24031caa95c4290b28f66e71bbe418e5,JTO,-0.0029119668
0x3ebab08d24031caa95c4290b28f66e71bbe418e5,WIF,-0.0006189833
0x3ebab08d24031caa95c4290b28f66e71bbe418e5,POPCAT,0.013520485
0x3ebab08d24031caa95c4290b28f66e71bbe418e5,NOT,-0.0015935776
0x3ebab08d24031caa95c4290b28f66e71bbe418e5,DYM,0.0020483676
0x3ebab08d24031caa95c4290b28f66e71bbe418e5,XAI,-0.010433239
0x3ebab08d24031caa95c4290b28f66e71bbe418e5,ALT,0.037169676
0x3ebab08d24031caa95c4290b28f66e71bbe418e5,JUP,0.0033945444
0x3ebab08d24031caa95c4290b28f66e71bbe418e5,AERO,0.0110760555
0x3ebab08d24031caa95c4290b28f66e71bbe418e5,VIRTUAL,-0.00091549667
0x3ebab08d24031caa95c4290b28f66e71bbe418e5,W,0.02059658
0x3ebab08d24031caa95c4290b28f66e71bbe418e5,BRETT,0.0023852384
0x3ebab08d24031caa95c4290b28f66e71bbe418e5,ETHFI,-0.047444705
0x3ebab08d24031caa95c4290b28f66e71bbe418e5,IO,0.021089828
0x3ebab08d24031caa95c4290b28f66e71bbe418e5,BOME,0.012113065
0x3ebab08d24031caa95c4290b28f66e71bbe418e5,sENA,0.008067311
0x3ebab08d24031caa95c4290b28f66e71bbe418e5,TNSR,0.002619441
0x3ebab08d24031caa95c4290b28f66e71bbe418e5,EIGEN,0.022388546
0x3ebab08d24031caa95c4290b28f66e71bbe418e5,MON,0.025014404
0x3ebab08d24031caa95c4290b28f66e71bbe418e5,MERL,0.00074976124
0x3ebab08d24031caa95c4290b28f66e71bbe418e5,REZ,0.0028592346
0x3ebab08d24031caa95c4290b28f66e71bbe418e5,SOPH,-0.012387483
0x3ebab08d24031caa95c4290b28f66e71bbe418e5,HYPE,0.015913775
0x3ebab08d24031caa95c4290b28f66e71bbe418e5,ME,0.0023530452
0x3ebab08d24031caa95c4290b28f66e71bbe418e5,BABY,0.013425345
0x3ebab08d24031caa95c4290b28f66e71bbe418e5,MOVE,0.008603843
0x3ebab08d24031caa95c4290b28f66e71bbe418e5,NEIRO,0.011131965
0x3ebab08d24031caa95c4290b28f66e71bbe418e5,S,-0.031801704
0x3ebab08d24031caa95c4290b28f66e71bbe418e5,GRASS,-0.0047868113
0x3ebab08d24031caa95c4290b28f66e71bbe418e5,SKY,0.0031016762
0x3ebab08d24031caa95c4290b28f66e71bbe418e5,INIT,0.007211933
0x3ebab08d24031caa95c4290b28f66e71bbe418e5,WCT,0.0063456967
0x3ebab08d24031caa95c4290b28f66e71bbe418e5,WLFI,-0.0032425395
0x3ebab08d24031caa95c4290b28f66e71bbe418e5,GOAT,0.030194074
0x3ebab08d24031caa95c4290b28f66e71bbe418e5,FARTCOIN,0.01186499
0x3ebab08d24031caa95c4290b28f66e71bbe418e5,PNUT,0.011266026
0x3ebab08d24031caa95c4290b28f66e71bbe418e5,SYRUP,0.0033564665
0x3ebab08d24031caa95c4290b28f66e71bbe418e5,USUAL,-0.0019863416
0x3ebab08d24031caa95c4290b28f66e71bbe418e5,AIXBT,0.010247277
0x3ebab08d24031caa95c4290b28f66e71bbe418e5,MORPHO,0.00071216543
0x3ebab08d24031caa95c4290b28f66e71bbe418e5,PENGU,0.002518587
0x3ebab08d24031caa95c4290b28f66e71bbe418e5,GRIFFAIN,0.01647354
0x3ebab08d24031caa95c4290b28f66e71bbe418e5,BIO,0.0036977108
0x3ebab08d24031caa95c4290b28f66e71bbe418e5,ANIME,0.005870623
0x3ebab08d24031caa95c4290b28f66e71bbe418e5,TRUMP,-0.000517224
0x3ebab08d24031caa95c4290b28f66e71bbe418e5,MELANIA,-0.0017970363
0x3ebab08d24031caa95c4290b28f66e71bbe418e5,VINE,0.0045908084
0x3ebab08d24031caa95c4290b28f66e71bbe418e5,LAYER,0.012944781
0x3ebab08d24031caa95c4290b28f66e71bbe418e5,VVV,-0.0011366698
0x3ebab08d24031caa95c4290b28f66e71bbe418e5,IP,-0.014963212
0x3ebab08d24031caa95c4290b28f66e71bbe418e5,NIL,-0.021969534
0x3ebab08d24031caa95c4290b28f66e71bbe418e5,KAITO,-0.033493612
0x3ebab08d24031caa95c4290b28f66e71bbe418e5,ZORA,0.0076856115
0x3ebab08d24031caa95c4290b28f66e71bbe418e5,HYPER,0.005625831
0x3ebab08d24031caa95c4290b28f66e71bbe418e5,ASTER,0.013876711
0x3ebab08d24031caa95c4290b28f66e71bbe418e5,PUMP,-0.000128414
0x3ebab08d24031caa95c4290b28f66e71bbe418e5,XPL,0.010720619
0x3ebab08d24031caa95c4290b28f66e71bbe418e5,CC,0.0038540976
0x3ebab08d24031caa95c4290b28f66e71bbe418e5,PROVE,0.012138015
0x3ebab08d24031caa95c4290b28f66e71bbe418e5,HEMI,0.010192655
0x3ebab08d24031caa95c4290b28f66e71bbe418e5,AVNT,-0.012515253
0x3ebab08d24031caa95c4290b28f66e71bbe418e5,0G,0.004676306
0x3ebab08d24031caa95c4290b28f66e71bbe418e5,2Z,-0.000005051252
0x3ebab08d24031caa95c4290b28f66e71bbe418e5,LIT,0.017504131
0x49451c6af70feef6ef29b8c78bc17d4bdaf9fdaa,SKY,-41.87498
0x49451c6af70feef6ef29b8c78bc17d4bdaf9fdaa,TRX,-7.106678
0x49451c6af70feef6ef29b8c78bc17d4bdaf9fdaa,XLM,-41.87498
0x49451c6af70feef6ef29b8c78bc17d4bdaf9fdaa,XMR,-41.87498
0x49451c6af70feef6ef29b8c78bc17d4bdaf9fdaa,XRP,-41.87498
0x49451c6af70feef6ef29b8c78bc17d4bdaf9fdaa,ZEC,-41.87498
0x49451c6af70feef6ef29b8c78bc17d4bdaf9fdaa,BCH,-41.87498
0x49451c6af70feef6ef29b8c78bc17d4bdaf9fdaa,BTC,18.636826
0x49451c6af70feef6ef29b8c78bc17d4bdaf9fdaa,DOGE,-41.87498
0x49451c6af70feef6ef29b8c78bc17d4bdaf9fdaa,ETC,-41.87498
0x49451c6af70feef6ef29b8c78bc17d4bdaf9fdaa,LTC,-41.87498
0x49451c6af70feef6ef29b8c78bc17d4bdaf9fdaa,ETH,223.45451
0x49451c6af70feef6ef29b8c78bc17d4bdaf9fdaa,ADA,-41.87498
0x49451c6af70feef6ef29b8c78bc17d4bdaf9fdaa,LINK,-41.87498
0x49451c6af70feef6ef29b8c78bc17d4bdaf9fdaa,S,221.8542
0x49451c6af70feef6ef29b8c78bc17d4bdaf9fdaa,ATOM,-41.87498
0x49451c6af70feef6ef29b8c78bc17d4bdaf9fdaa,SNX,-41.87498
0x49451c6af70feef6ef29b8c78bc17d4bdaf9fdaa,RSR,-42.00832
0x49451c6af70feef6ef29b8c78bc17d4bdaf9fdaa,ALGO,-41.87498
0x49451c6af70feef6ef29b8c78bc17d4bdaf9fdaa,RUNE,-41.87498
0x49451c6af70feef6ef29b8c78bc17d4bdaf9fdaa,TRB,-41.87498
0x49451c6af70feef6ef29b8c78bc17d4bdaf9fdaa,SOL,221.85274
0x49451c6af70feef6ef29b8c78bc17d4bdaf9fdaa,UMA,-42.738117
0x49451c6af70feef6ef29b8c78bc17d4bdaf9fdaa,PAXG,-41.87498
0x49451c6af70feef6ef29b8c78bc17d4bdaf9fdaa,COMP,-41.875835
0x49451c6af70feef6ef29b8c78bc17d4bdaf9fdaa,AVAX,-41.87498
0x49451c6af70feef6ef29b8c78bc17d4bdaf9fdaa,SAND,-41.87498
0x49451c6af70feef6ef29b8c78bc17d4bdaf9fdaa,CRV,-41.87498
0x49451c6af70feef6ef29b8c78bc17d4bdaf9fdaa,LAYER,-41.875835
0x49451c6af70feef6ef29b8c78bc17d4bdaf9fdaa,DOT,-42.00832
0x49451c6af70feef6ef29b8c78bc17d4bdaf9fdaa,SUSHI,-41.87498
0x49451c6af70feef6ef29b8c78bc17d4bdaf9fdaa,UNI,251.07785
0x49451c6af70feef6ef29b8c78bc17d4bdaf9fdaa,AAVE,-41.87498
0x49451c6af70feef6ef29b8c78bc17d4bdaf9fdaa,NEAR,-41.87498
0x49451c6af70feef6ef29b8c78bc17d4bdaf9fdaa,FIL,-41.87498
0x49451c6af70feef6ef29b8c78bc17d4bdaf9fdaa,AXS,-41.87498
0x49451c6af70feef6ef29b8c78bc17d4bdaf9fdaa,INJ,-41.87498
0x49451c6af70feef6ef29b8c78bc17d4bdaf9fdaa,ZORA,-41.87498
0x49451c6af70feef6ef29b8c78bc17d4bdaf9fdaa,CELO,-41.87498
0x49451c6af70feef6ef29b8c78bc17d4bdaf9fdaa,LIT,-316.38208
0x49451c6af70feef6ef29b8c78bc17d4bdaf9fdaa,SHIB,-42.738117
0x49451c6af70feef6ef29b8c78bc17d4bdaf9fdaa,ICP,-41.87498
0x49451c6af70feef6ef29b8c78bc17d4bdaf9fdaa,RENDER,-41.87498
0x49451c6af70feef6ef29b8c78bc17d4bdaf9fdaa,LDO,-41.87498
0x49451c6af70feef6ef29b8c78bc17d4bdaf9fdaa,GALA,-41.87498
0x49451c6af70feef6ef29b8c78bc17d4bdaf9fdaa,FET,-41.87498
0x49451c6af70feef6ef29b8c78bc17d4bdaf9fdaa,ENS,-41.87498
0x49451c6af70feef6ef29b8c78bc17d4bdaf9fdaa,IMX,-41.87498
0x49451c6af70feef6ef29b8c78bc17d4bdaf9fdaa,PEOPLE,-47.63296
0x49451c6af70feef6ef29b8c78bc17d4bdaf9fdaa,GMT,251.70224
0x49451c6af70feef6ef29b8c78bc17d4bdaf9fdaa,FLOKI,-41.87498
0x49451c6af70feef6ef29b8c78bc17d4bdaf9fdaa,POL,-41.87498
0x49451c6af70feef6ef29b8c78bc17d4bdaf9fdaa,APE,-41.87498
0x49451c6af70feef6ef29b8c78bc17d4bdaf9fdaa,GMX,-41.87498
0x49451c6af70feef6ef29b8c78bc17d4bdaf9fdaa,BLUR,-41.87498
0x49451c6af70feef6ef29b8c78bc17d4bdaf9fdaa,PENDLE,-41.87498
0x49451c6af70feef6ef29b8c78bc17d4bdaf9fdaa,MINA,-41.87498
0x49451c6af70feef6ef29b8c78bc17d4bdaf9fdaa,LUNC,-41.87498
0x49451c6af70feef6ef29b8c78bc17d4bdaf9fdaa,MEME,154.44519
0x49451c6af70feef6ef29b8c78bc17d4bdaf9fdaa,OP,-7.106678
0x49451c6af70feef6ef29b8c78bc17d4bdaf9fdaa,ZEN,-41.87498
0x49451c6af70feef6ef29b8c78bc17d4bdaf9fdaa,STRK,-41.87498
0x49451c6af70feef6ef29b8c78bc17d4bdaf9fdaa,STX,-42.15124
0x49451c6af70feef6ef29b8c78bc17d4bdaf9fdaa,CFX,-41.87498
0x49451c6af70feef6ef29b8c78bc17d4bdaf9fdaa,CAKE,-41.87498
0x49451c6af70feef6ef29b8c78bc17d4bdaf9fdaa,DASH,-42.738117
0x49451c6af70feef6ef29b8c78bc17d4bdaf9fdaa,BSV,-42.738117
0x49451c6af70feef6ef29b8c78bc17d4bdaf9fdaa,AR,-41.87498
0x49451c6af70feef6ef29b8c78bc17d4bdaf9fdaa,APT,-41.87498
0x49451c6af70feef6ef29b8c78bc17d4bdaf9fdaa,ALT,-41.875835
0x49451c6af70feef6ef29b8c78bc17d4bdaf9fdaa,BNB,-41.87498
0x49451c6af70feef6ef29b8c78bc17d4bdaf9fdaa,BONK,-41.87498
0x49451c6af70feef6ef29b8c78bc17d4bdaf9fdaa,BABY,-42.73897
0x49451c6af70feef6ef29b8c78bc17d4bdaf9fdaa,HBAR,-41.87498
0x49451c6af70feef6ef29b8c78bc17d4bdaf9fdaa,KAS,-42.738117
0x49451c6af70feef6ef29b8c78bc17d4bdaf9fdaa,PEPE,-41.87498
0x49451c6af70feef6ef29b8c78bc17d4bdaf9fdaa,ORDI,-41.87498
0x49451c6af70feef6ef29b8c78bc17d4bdaf9fdaa,SUI,-41.87498
0x49451c6af70feef6ef29b8c78bc17d4bdaf9fdaa,MNT,-41.87498
0x49451c6af70feef6ef29b8c78bc17d4bdaf9fdaa,IOTA,-41.87498
0x49451c6af70feef6ef29b8c78bc17d4bdaf9fdaa,TURBO,-42.738117
0x49451c6af70feef6ef29b8c78bc17d4bdaf9fdaa,TIA,-41.87498
0x49451c6af70feef6ef29b8c78bc17d4bdaf9fdaa,SEI,-41.87498
0x49451c6af70feef6ef29b8c78bc17d4bdaf9fdaa,TAO,-41.87498
0x49451c6af70feef6ef29b8c78bc17d4bdaf9fdaa,JTO,-41.87498
0x49451c6af70feef6ef29b8c78bc17d4bdaf9fdaa,PYTH,-41.87498
0x49451c6af70feef6ef29b8c78bc17d4bdaf9fdaa,MANTA,-41.87498
0x49451c6af70feef6ef29b8c78bc17d4bdaf9fdaa,ONDO,-41.87498
0x49451c6af70feef6ef29b8c78bc17d4bdaf9fdaa,WIF,-41.87498
0x49451c6af70feef6ef29b8c78bc17d4bdaf9fdaa,XAI,-41.87498
0x49451c6af70feef6ef29b8c78bc17d4bdaf9fdaa,ZETA,-41.87498
0x49451c6af70feef6ef29b8c78bc17d4bdaf9fdaa,JUP,-41.87498
0x49451c6af70feef6ef29b8c78bc17d4bdaf9fdaa,DYM,-47.63296
0x49451c6af70feef6ef29b8c78bc17d4bdaf9fdaa,TRUMP,-265.6546
0x49451c6af70feef6ef29b8c78bc17d4bdaf9fdaa,APEX,-41.87498
0x49451c6af70feef6ef29b8c78bc17d4bdaf9fdaa,ARB,-41.87498
0x49451c6af70feef6ef29b8c78bc17d4bdaf9fdaa,BOME,-47.63296
0x49451c6af70feef6ef29b8c78bc17d4bdaf9fdaa,HYPER,-41.87498
0x49451c6af70feef6ef29b8c78bc17d4bdaf9fdaa,ETHFI,-41.87498
0x49451c6af70feef6ef29b8c78bc17d4bdaf9fdaa,BRETT,-41.87498
0x49451c6af70feef6ef29b8c78bc17d4bdaf9fdaa,W,68.23902
0x49451c6af70feef6ef29b8c78bc17d4bdaf9fdaa,GOAT,-41.875835
0x49451c6af70feef6ef29b8c78bc17d4bdaf9fdaa,POPCAT,-41.87498
0x49451c6af70feef6ef29b8c78bc17d4bdaf9fdaa,MERL,-41.87498
0x49451c6af70feef6ef29b8c78bc17d4bdaf9fdaa,ZK,-41.87498
0x49451c6af70feef6ef29b8c78bc17d4bdaf9fdaa,TNSR,-41.87498
0x49451c6af70feef6ef29b8c78bc17d4bdaf9fdaa,AERO,-41.87498
0x49451c6af70feef6ef29b8c78bc17d4bdaf9fdaa,REZ,-47.63296
0x49451c6af70feef6ef29b8c78bc17d4bdaf9fdaa,NOT,-41.87498
0x49451c6af70feef6ef29b8c78bc17d4bdaf9fdaa,MON,-41.87498
0x49451c6af70feef6ef29b8c78bc17d4bdaf9fdaa,VIRTUAL,-41.87498
0x49451c6af70feef6ef29b8c78bc17d4bdaf9fdaa,IO,-41.87498
0x49451c6af70feef6ef29b8c78bc17d4bdaf9fdaa,ZRO,-41.87498
0x49451c6af70feef6ef29b8c78bc17d4bdaf9fdaa,WLD,-41.87498
0x49451c6af70feef6ef29b8c78bc17d4bdaf9fdaa,NEIRO,-48.496098
0x49451c6af70feef6ef29b8c78bc17d4bdaf9fdaa,EIGEN,-41.87498
0x49451c6af70feef6ef29b8c78bc17d4bdaf9fdaa,MOVE,1027.7076
0x49451c6af70feef6ef29b8c78bc17d4bdaf9fdaa,FARTCOIN,-41.87498
0x49451c6af70feef6ef29b8c78bc17d4bdaf9fdaa,GRASS,-41.87498
0x49451c6af70feef6ef29b8c78bc17d4bdaf9fdaa,PNUT,-41.87498
0x49451c6af70feef6ef29b8c78bc17d4bdaf9fdaa,USUAL,-42.738117
0x49451c6af70feef6ef29b8c78bc17d4bdaf9fdaa,MORPHO,-41.87498
0x49451c6af70feef6ef29b8c78bc17d4bdaf9fdaa,AIXBT,-41.87498
0x49451c6af70feef6ef29b8c78bc17d4bdaf9fdaa,HYPE,-1206.2928
0x49451c6af70feef6ef29b8c78bc17d4bdaf9fdaa,ME,-41.87498
0x49451c6af70feef6ef29b8c78bc17d4bdaf9fdaa,PENGU,-41.87498
0x49451c6af70feef6ef29b8c78bc17d4bdaf9fdaa,sENA,-41.87498
0x49451c6af70feef6ef29b8c78bc17d4bdaf9fdaa,BIO,-1147.227
0x49451c6af70feef6ef29b8c78bc17d4bdaf9fdaa,GRIFFAIN,-47.63296
0x49451c6af70feef6ef29b8c78bc17d4bdaf9fdaa,MELANIA,-42.738117
0x49451c6af70feef6ef29b8c78bc17d4bdaf9fdaa,VINE,-41.87498
0x49451c6af70feef6ef29b8c78bc17d4bdaf9fdaa,ANIME,-41.87498
0x49451c6af70feef6ef29b8c78bc17d4bdaf9fdaa,VVV,-41.87498
0x49451c6af70feef6ef29b8c78bc17d4bdaf9fdaa,SYRUP,-41.87498
0x49451c6af70feef6ef29b8c78bc17d4bdaf9fdaa,BERA,-41.87498
0x49451c6af70feef6ef29b8c78bc17d4bdaf9fdaa,IP,-46.02291
0x49451c6af70feef6ef29b8c78bc17d4bdaf9fdaa,KAITO,-76.24962
0x49451c6af70feef6ef29b8c78bc17d4bdaf9fdaa,NIL,-47.63296
0x49451c6af70feef6ef29b8c78bc17d4bdaf9fdaa,WCT,-41.87498
0x49451c6af70feef6ef29b8c78bc17d4bdaf9fdaa,PUMP,219.92174
0x49451c6af70feef6ef29b8c78bc17d4bdaf9fdaa,INIT,-41.87498
0x49451c6af70feef6ef29b8c78bc17d4bdaf9fdaa,SOPH,-41.87498
0x49451c6af70feef6ef29b8c78bc17d4bdaf9fdaa,PROVE,-41.87498
0x49451c6af70feef6ef29b8c78bc17d4bdaf9fdaa,WLFI,-41.87498
0x49451c6af70feef6ef29b8c78bc17d4bdaf9fdaa,0G,-41.87498
0x49451c6af70feef6ef29b8c78bc17d4bdaf9fdaa,ASTER,-41.87498
0x49451c6af70feef6ef29b8c78bc17d4bdaf9fdaa,AVNT,-41.87498
0x49451c6af70feef6ef29b8c78bc17d4bdaf9fdaa,LINEA,-41.87498
0x49451c6af70feef6ef29b8c78bc17d4bdaf9fdaa,HEMI,-47.63296
0x49451c6af70feef6ef29b8c78bc17d4bdaf9fdaa,XPL,-41.87498
0x49451c6af70feef6ef29b8c78bc17d4bdaf9fdaa,2Z,-41.87498
0x49451c6af70feef6ef29b8c78bc17d4bdaf9fdaa,CC,-41.87498
0x521c9c1d68f8684b098be00a5cf479e9aaebf0f7,SKY,0.012932026
0x521c9c1d68f8684b098be00a5cf479e9aaebf0f7,TRX,-0.0001916877
0x521c9c1d68f8684b098be00a5cf479e9aaebf0f7,XLM,0.033367842
0x521c9c1d68f8684b098be00a5cf479e9aaebf0f7,XMR,-0.005849279
0x521c9c1d68f8684b098be00a5cf479e9aaebf0f7,XRP,0.018567793
0x521c9c1d68f8684b098be00a5cf479e9aaebf0f7,ZEC,0.0023448928
0x521c9c1d68f8684b098be00a5cf479e9aaebf0f7,BCH,0.008854404
0x521c9c1d68f8684b098be00a5cf479e9aaebf0f7,BTC,0.0054038963
0x521c9c1d68f8684b098be00a5cf479e9aaebf0f7,DOGE,0.0041482677
0x521c9c1d68f8684b098be00a5cf479e9aaebf0f7,ETC,0.023406295
0x521c9c1d68f8684b098be00a5cf479e9aaebf0f7,LTC,0.006277281
0x521c9c1d68f8684b098be00a5cf479e9aaebf0f7,ETH,0.0064139757
0x521c9c1d68f8684b098be00a5cf479e9aaebf0f7,ADA,0.004261511
0x521c9c1d68f8684b098be00a5cf479e9aaebf0f7,LINK,-0.008168426
0x521c9c1d68f8684b098be00a5cf479e9aaebf0f7,S,0.003214538
0x521c9c1d68f8684b098be00a5cf479e9aaebf0f7,ATOM,0.0019528016
0x521c9c1d68f8684b098be00a5cf479e9aaebf0f7,SNX,0.020992266
0x521c9c1d68f8684b098be00a5cf479e9aaebf0f7,RSR,0.01342282
0x521c9c1d68f8684b098be00a5cf479e9aaebf0f7,ALGO,0.00743221
0x521c9c1d68f8684b098be00a5cf479e9aaebf0f7,RUNE,0.012948968
0x521c9c1d68f8684b098be00a5cf479e9aaebf0f7,TRB,0.0041540344
0x521c9c1d68f8684b098be00a5cf479e9aaebf0f7,SOL,-0.00016444197
0x521c9c1d68f8684b098be00a5cf479e9aaebf0f7,UMA,0.018564837
0x521c9c1d68f8684b098be00a5cf479e9aaebf0f7,PAXG,-0.010798238
0x521c9c1d68f8684b098be00a5cf479e9aaebf0f7,COMP,0.007851054
0x521c9c1d68f8684b098be00a5cf479e9aaebf0f7,AVAX,0.0026158409
0x521c9c1d68f8684b098be00a5cf479e9aaebf0f7,SAND,0.033821125
0x521c9c1d68f8684b098be00a5cf479e9aaebf0f7,CRV,-0.017113987
0x521c9c1d68f8684b098be00a5cf479e9aaebf0f7,LAYER,0.005853344
0x521c9c1d68f8684b098be00a5cf479e9aaebf0f7,DOT,0.017790988
0x521c9c1d68f8684b098be00a5cf479e9aaebf0f7,SUSHI,-0.013427693
0x521c9c1d68f8684b098be00a5cf479e9aaebf0f7,UNI,0.0031973815
0x521c9c1d68f8684b098be00a5cf479e9aaebf0f7,AAVE,0.010136936
0x521c9c1d68f8684b098be00a5cf479e9aaebf0f7,NEAR,0.020384744
0x521c9c1d68f8684b098be00a5cf479e9aaebf0f7,FIL,0.009456136
0x521c9c1d68f8684b098be00a5cf479e9aaebf0f7,AXS,-0.005244908
0x521c9c1d68f8684b098be00a5cf479e9aaebf0f7,INJ,0.014562219
0x521c9c1d68f8684b098be00a5cf479e9aaebf0f7,ZORA,0.03216885
0x521c9c1d68f8684b098be00a5cf479e9aaebf0f7,CELO,0.008463616
0x521c9c1d68f8684b098be00a5cf479e9aaebf0f7,LIT,-0.0031597763
0x521c9c1d68f8684b098be00a5cf479e9aaebf0f7,SHIB,0.008626507
0x521c9c1d68f8684b098be00a5cf479e9aaebf0f7,ICP,-0.0128321145
0x521c9c1d68f8684b098be00a5cf479e9aaebf0f7,RENDER,0.03479937
0x521c9c1d68f8684b098be00a5cf479e9aaebf0f7,LDO,-0.01645818
0x521c9c1d68f8684b098be00a5cf479e9aaebf0f7,GALA,0.03760772
0x521c9c1d68f8684b098be00a5cf479e9aaebf0f7,FET,0.04042722
0x521c9c1d68f8684b098be00a5cf479e9aaebf0f7,ENS,0.019278008
0x521c9c1d68f8684b098be00a5cf479e9aaebf0f7,IMX,0.012833696
0x521c9c1d68f8684b098be00a5cf479e9aaebf0f7,PEOPLE,-0.01672719
0x521c9c1d68f8684b098be00a5cf479e9aaebf0f7,GMT,0.02616691
0x521c9c1d68f8684b098be00a5cf479e9aaebf0f7,FLOKI,0.0035619144
0x521c9c1d68f8684b098be00a5cf479e9aaebf0f7,POL,-0.012600589
0x521c9c1d68f8684b098be00a5cf479e9aaebf0f7,APE,0.016920898
0x521c9c1d68f8684b098be00a5cf479e9aaebf0f7,GMX,-0.007836291
0x521c9c1d68f8684b098be00a5cf479e9aaebf0f7,BLUR,0.023487717
0x521c9c1d68f8684b098be00a5cf479e9aaebf0f7,PENDLE,0.017107531
0x521c9c1d68f8684b098be00a5cf479e9aaebf0f7,LUNC,0.02563581
0x521c9c1d68f8684b098be00a5cf479e9aaebf0f7,MINA,0.013867322
0x521c9c1d68f8684b098be00a5cf479e9aaebf0f7,MEME,0.017959574
0x521c9c1d68f8684b098be00a5cf479e9aaebf0f7,OP,0.012643261
0x521c9c1d68f8684b098be00a5cf479e9aaebf0f7,ZEN,-0.0020343782
0x521c9c1d68f8684b098be00a5cf479e9aaebf0f7,STRK,0.021083837
0x521c9c1d68f8684b098be00a5cf479e9aaebf0f7,STX,0.032528546
0x521c9c1d68f8684b098be00a5cf479e9aaebf0f7,CFX,-0.013709461
0x521c9c1d68f8684b098be00a5cf479e9aaebf0f7,CAKE,0.00059099565
0x521c9c1d68f8684b098be00a5cf479e9aaebf0f7,DASH,0.013665305
0x521c9c1d68f8684b098be00a5cf479e9aaebf0f7,BSV,-0.012031295
0x521c9c1d68f8684b098be00a5cf479e9aaebf0f7,AR,0.0006400979
0x521c9c1d68f8684b098be00a5cf479e9aaebf0f7,APT,0.01600296
0x521c9c1d68f8684b098be00a5cf479e9aaebf0f7,ALT,-0.007994562
0x521c9c1d68f8684b098be00a5cf479e9aaebf0f7,BNB,-0.0023410404
0x521c9c1d68f8684b098be00a5cf479e9aaebf0f7,BONK,0.02245967
0x521c9c1d68f8684b098be00a5cf479e9aaebf0f7,BABY,0.022884697
0x521c9c1d68f8684b098be00a5cf479e9aaebf0f7,HBAR,0.020151446
0x521c9c1d68f8684b098be00a5cf479e9aaebf0f7,KAS,0.013260743
0x521c9c1d68f8684b098be00a5cf479e9aaebf0f7,PEPE,0.0057142726
0x521c9c1d68f8684b098be00a5cf479e9aaebf0f7,ORDI,-0.0071648406
0x521c9c1d68f8684b098be00a5cf479e9aaebf0f7,SUI,0.0066424944
0x521c9c1d68f8684b098be00a5cf479e9aaebf0f7,MNT,-0.0059693004
0x521c9c1d68f8684b098be00a5cf479e9aaebf0f7,IOTA,0.011374635
0x521c9c1d68f8684b098be00a5cf479e9aaebf0f7,TURBO,-0.0087835435
0x521c9c1d68f8684b098be00a5cf479e9aaebf0f7,TIA,0.024031688
0x521c9c1d68f8684b098be00a5cf479e9aaebf0f7,SEI,0.027523283
0x521c9c1d68f8684b098be00a5cf479e9aaebf0f7,TAO,-0.0010208881
0x521c9c1d68f8684b098be00a5cf479e9aaebf0f7,JTO,-0.0073957173
0x521c9c1d68f8684b098be00a5cf479e9aaebf0f7,PYTH,-0.0034235073
0x521c9c1d68f8684b098be00a5cf479e9aaebf0f7,MANTA,0.0050267046
0x521c9c1d68f8684b098be00a5cf479e9aaebf0f7,ONDO,0.007135199
0x521c9c1d68f8684b098be00a5cf479e9aaebf0f7,WIF,0.007968684
0x521c9c1d68f8684b098be00a5cf479e9aaebf0f7,XAI,-0.0143446
0x521c9c1d68f8684b098be00a5cf479e9aaebf0f7,ZETA,0.014012942
0x521c9c1d68f8684b098be00a5cf479e9aaebf0f7,JUP,0.024263991
0x521c9c1d68f8684b098be00a5cf479e9aaebf0f7,DYM,-0.017571999
0x521c9c1d68f8684b098be00a5cf479e9aaebf0f7,TRUMP,0.017933516
0x521c9c1d68f8684b098be00a5cf479e9aaebf0f7,APEX,0.02916763
0x521c9c1d68f8684b098be00a5cf479e9aaebf0f7,ARB,0.012876741
0x521c9c1d68f8684b098be00a5cf479e9aaebf0f7,BOME,-0.017497478
0x521c9c1d68f8684b098be00a5cf479e9aaebf0f7,HYPER,-0.00006970624
0x521c9c1d68f8684b098be00a5cf479e9aaebf0f7,ETHFI,-0.013675316
0x521c9c1d68f8684b098be00a5cf479e9aaebf0f7,BRETT,0.02972315
0x521c9c1d68f8684b098be00a5cf479e9aaebf0f7,W,0.0031966597
0x521c9c1d68f8684b098be00a5cf479e9aaebf0f7,GOAT,-0.0007699899
0x521c9c1d68f8684b098be00a5cf479e9aaebf0f7,POPCAT,0.0019136043
0x521c9c1d68f8684b098be00a5cf479e9aaebf0f7,MERL,-0.015807085
0x521c9c1d68f8684b098be00a5cf479e9aaebf0f7,ZK,0.026683452
0x521c9c1d68f8684b098be00a5cf479e9aaebf0f7,TNSR,-0.013264034
0x521c9c1d68f8684b098be00a5cf479e9aaebf0f7,AERO,-0.0010697204
0x521c9c1d68f8684b098be00a5cf479e9aaebf0f7,REZ,-0.01268984
0x521c9c1d68f8684b098be00a5cf479e9aaebf0f7,NOT,-0.017679244
0x521c9c1d68f8684b098be00a5cf479e9aaebf0f7,MON,-0.0034224899
0x521c9c1d68f8684b098be00a5cf479e9aaebf0f7,VIRTUAL,-0.003242977
0x521c9c1d68f8684b098be00a5cf479e9aaebf0f7,IO,0.025021993
0x521c9c1d68f8684b098be00a5cf479e9aaebf0f7,ZRO,-0.0018286145
0x521c9c1d68f8684b098be00a5cf479e9aaebf0f7,WLD,-0.008865187
0x521c9c1d68f8684b098be00a5cf479e9aaebf0f7,NEIRO,-0.013528323
0x521c9c1d68f8684b098be00a5cf479e9aaebf0f7,EIGEN,0.013740522
0x521c9c1d68f8684b098be00a5cf479e9aaebf0f7,MOVE,0.017376611
0x521c9c1d68f8684b098be00a5cf479e9aaebf0f7,FARTCOIN,-0.009982976
0x521c9c1d68f8684b098be00a5cf479e9aaebf0f7,GRASS,-0.008435572
0x521c9c1d68f8684b098be00a5cf479e9aaebf0f7,PNUT,-0.0138388155
0x521c9c1d68f8684b098be00a5cf479e9aaebf0f7,USUAL,-0.00378872
0x521c9c1d68f8684b098be00a5cf479e9aaebf0f7,MORPHO,0.0020472272
0x521c9c1d68f8684b098be00a5cf479e9aaebf0f7,AIXBT,-0.010402182
0x521c9c1d68f8684b098be00a5cf479e9aaebf0f7,HYPE,0.0016154596
0x521c9c1d68f8684b098be00a5cf479e9aaebf0f7,ME,-0.013252815
0x521c9c1d68f8684b098be00a5cf479e9aaebf0f7,PENGU,-0.008191743
0x521c9c1d68f8684b098be00a5cf479e9aaebf0f7,sENA,0.0007000912
0x521c9c1d68f8684b098be00a5cf479e9aaebf0f7,BIO,0.0021519205
0x521c9c1d68f8684b098be00a5cf479e9aaebf0f7,GRIFFAIN,-0.0173591
0x521c9c1d68f8684b098be00a5cf479e9aaebf0f7,MELANIA,0.01773506
0x521c9c1d68f8684b098be00a5cf479e9aaebf0f7,VINE,0.030642707
0x521c9c1d68f8684b098be00a5cf479e9aaebf0f7,ANIME,0.002714487
0x521c9c1d68f8684b098be00a5cf479e9aaebf0f7,VVV,0.0006247257
0x521c9c1d68f8684b098be00a5cf479e9aaebf0f7,SYRUP,-0.015000108
0x521c9c1d68f8684b098be00a5cf479e9aaebf0f7,BERA,0.025301592
0x521c9c1d68f8684b098be00a5cf479e9aaebf0f7,IP,0.027991854
0x521c9c1d68f8684b098be00a5cf479e9aaebf0f7,KAITO,0.0065937936
0x521c9c1d68f8684b098be00a5cf479e9aaebf0f7,NIL,-0.019317204
0x521c9c1d68f8684b098be00a5cf479e9aaebf0f7,WCT,0.033898853
0x521c9c1d68f8684b098be00a5cf479e9aaebf0f7,PUMP,-0.007808857
0x521c9c1d68f8684b098be00a5cf479e9aaebf0f7,INIT,-0.016911697
0x521c9c1d68f8684b098be00a5cf479e9aaebf0f7,SOPH,-0.0062835906
0x521c9c1d68f8684b098be00a5cf479e9aaebf0f7,PROVE,0.023901043
0x521c9c1d68f8684b098be00a5cf479e9aaebf0f7,WLFI,-0.0116918
0x521c9c1d68f8684b098be00a5cf479e9aaebf0f7,0G,-0.0056078094
0x521c9c1d68f8684b098be00a5cf479e9aaebf0f7,AVNT,-0.016208697
0x521c9c1d68f8684b098be00a5cf479e9aaebf0f7,ASTER,0.002686755
0x521c9c1d68f8684b098be00a5cf479e9aaebf0f7,LINEA,0.017610626
0x521c9c1d68f8684b098be00a5cf479e9aaebf0f7,HEMI,-0.019842418
0x521c9c1d68f8684b098be00a5cf479e9aaebf0f7,XPL,0.0025144839
0x521c9c1d68f8684b098be00a5cf479e9aaebf0f7,2Z,0.019545566
0x521c9c1d68f8684b098be00a5cf479e9aaebf0f7,CC,0.021560421
0x56d3fc9aa7062fd7b893c1ae33b365776ae1ee9d,BTC,0.016839657
0x56d3fc9aa7062fd7b893c1ae33b365776ae1ee9d,LTC,-0.016224561
0x56d3fc9aa7062fd7b893c1ae33b365776ae1ee9d,XRP,0.014509457
0x56d3fc9aa7062fd7b893c1ae33b365776ae1ee9d,DOGE,0.0035883149
0x56d3fc9aa7062fd7b893c1ae33b365776ae1ee9d,DASH,0.0026874726
0x56d3fc9aa7062fd7b893c1ae33b365776ae1ee9d,XMR,0.00017684547
0x56d3fc9aa7062fd7b893c1ae33b365776ae1ee9d,XLM,-0.00019035162
0x56d3fc9aa7062fd7b893c1ae33b365776ae1ee9d,ETH,0.0012688322
0x56d3fc9aa7062fd7b893c1ae33b365776ae1ee9d,ETC,-0.015889226
0x56d3fc9aa7062fd7b893c1ae33b365776ae1ee9d,ZEC,0.0022307835
0x56d3fc9aa7062fd7b893c1ae33b365776ae1ee9d,ZEN,0.004280554
0x56d3fc9aa7062fd7b893c1ae33b365776ae1ee9d,IOTA,0.011272034
0x56d3fc9aa7062fd7b893c1ae33b365776ae1ee9d,BCH,0.0032125572
0x56d3fc9aa7062fd7b893c1ae33b365776ae1ee9d,BNB,-0.00015313864
0x56d3fc9aa7062fd7b893c1ae33b365776ae1ee9d,TRX,0.016296536
0x56d3fc9aa7062fd7b893c1ae33b365776ae1ee9d,LINK,0.031469397
0x56d3fc9aa7062fd7b893c1ae33b365776ae1ee9d,ADA,0.011778916
0x56d3fc9aa7062fd7b893c1ae33b365776ae1ee9d,FIL,0.008550706
0x56d3fc9aa7062fd7b893c1ae33b365776ae1ee9d,SNX,0.0004541351
0x56d3fc9aa7062fd7b893c1ae33b365776ae1ee9d,BSV,-0.000103548606
0x56d3fc9aa7062fd7b893c1ae33b365776ae1ee9d,FET,0.01293937
0x56d3fc9aa7062fd7b893c1ae33b365776ae1ee9d,ATOM,-0.0041257855
0x56d3fc9aa7062fd7b893c1ae33b365776ae1ee9d,RSR,-0.012826019
0x56d3fc9aa7062fd7b893c1ae33b365776ae1ee9d,ALGO,0.018191172
0x56d3fc9aa7062fd7b893c1ae33b365776ae1ee9d,RUNE,0.0043365965
0x56d3fc9aa7062fd7b893c1ae33b365776ae1ee9d,LUNC,0.01791589
0x56d3fc9aa7062fd7b893c1ae33b365776ae1ee9d,HBAR,0.008365145
0x56d3fc9aa7062fd7b893c1ae33b365776ae1ee9d,PAXG,0.016521368
0x56d3fc9aa7062fd7b893c1ae33b365776ae1ee9d,STX,0.007557272
0x56d3fc9aa7062fd7b893c1ae33b365776ae1ee9d,TRB,0.0011539795
0x56d3fc9aa7062fd7b893c1ae33b365776ae1ee9d,SOL,0.0013842151
0x56d3fc9aa7062fd7b893c1ae33b365776ae1ee9d,CELO,0.012954332
0x56d3fc9aa7062fd7b893c1ae33b365776ae1ee9d,UMA,0.007207794
0x56d3fc9aa7062fd7b893c1ae33b365776ae1ee9d,AR,0.0040456755
0x56d3fc9aa7062fd7b893c1ae33b365776ae1ee9d,RENDER,0.000048672668
0x56d3fc9aa7062fd7b893c1ae33b365776ae1ee9d,COMP,0.030829875
0x56d3fc9aa7062fd7b893c1ae33b365776ae1ee9d,AVAX,0.033005126
0x56d3fc9aa7062fd7b893c1ae33b365776ae1ee9d,SHIB,0.014914448
0x56d3fc9aa7062fd7b893c1ae33b365776ae1ee9d,SAND,0.0051905415
0x56d3fc9aa7062fd7b893c1ae33b365776ae1ee9d,NEAR,0.008052309
0x56d3fc9aa7062fd7b893c1ae33b365776ae1ee9d,CRV,-0.0064021
0x56d3fc9aa7062fd7b893c1ae33b365776ae1ee9d,DOT,0.015465715
0x56d3fc9aa7062fd7b893c1ae33b365776ae1ee9d,SUSHI,-0.0010857403
0x56d3fc9aa7062fd7b893c1ae33b365776ae1ee9d,AXS,0.0042135576
0x56d3fc9aa7062fd7b893c1ae33b365776ae1ee9d,GALA,0.0020282497
0x56d3fc9aa7062fd7b893c1ae33b365776ae1ee9d,UNI,-0.0116701145
0x56d3fc9aa7062fd7b893c1ae33b365776ae1ee9d,CAKE,0.0011134509
0x56d3fc9aa7062fd7b893c1ae33b365776ae1ee9d,INJ,0.023287766
0x56d3fc9aa7062fd7b893c1ae33b365776ae1ee9d,AAVE,0.0075424123
0x56d3fc9aa7062fd7b893c1ae33b365776ae1ee9d,CFX,0.0071098106
0x56d3fc9aa7062fd7b893c1ae33b365776ae1ee9d,LDO,0.0052751955
0x56d3fc9aa7062fd7b893c1ae33b365776ae1ee9d,MINA,-0.0013778384
0x56d3fc9aa7062fd7b893c1ae33b365776ae1ee9d,ICP,-0.0052274545
0x56d3fc9aa7062fd7b893c1ae33b365776ae1ee9d,PENDLE,0.014384886
0x56d3fc9aa7062fd7b893c1ae33b365776ae1ee9d,IMX,0.0027620958
0x56d3fc9aa7062fd7b893c1ae33b365776ae1ee9d,FLOKI,0.0071353074
0x56d3fc9aa7062fd7b893c1ae33b365776ae1ee9d,OP,0.015699876
0x56d3fc9aa7062fd7b893c1ae33b365776ae1ee9d,ARB,0.008135961
0x56d3fc9aa7062fd7b893c1ae33b365776ae1ee9d,GMX,0.0037206535
0x56d3fc9aa7062fd7b893c1ae33b365776ae1ee9d,WLD,-0.0049637007
0x56d3fc9aa7062fd7b893c1ae33b365776ae1ee9d,MANTA,0.008076108
0x56d3fc9aa7062fd7b893c1ae33b365776ae1ee9d,ENS,-0.003176464
0x56d3fc9aa7062fd7b893c1ae33b365776ae1ee9d,PEOPLE,0.0039323214
0x56d3fc9aa7062fd7b893c1ae33b365776ae1ee9d,GMT,-0.01052755
0x56d3fc9aa7062fd7b893c1ae33b365776ae1ee9d,APE,0.0087958565
0x56d3fc9aa7062fd7b893c1ae33b365776ae1ee9d,APEX,0.0034695042
0x56d3fc9aa7062fd7b893c1ae33b365776ae1ee9d,KAS,0.02370982
0x56d3fc9aa7062fd7b893c1ae33b365776ae1ee9d,SUI,0.011795622
0x56d3fc9aa7062fd7b893c1ae33b365776ae1ee9d,ONDO,0.007829348
0x56d3fc9aa7062fd7b893c1ae33b365776ae1ee9d,ZETA,0.0007441714
0x56d3fc9aa7062fd7b893c1ae33b365776ae1ee9d,APT,0.003628415
0x56d3fc9aa7062fd7b893c1ae33b365776ae1ee9d,STRK,0.0179908
0x56d3fc9aa7062fd7b893c1ae33b365776ae1ee9d,TIA,0.005043528
0x56d3fc9aa7062fd7b893c1ae33b365776ae1ee9d,TAO,0.0043224264
0x56d3fc9aa7062fd7b893c1ae33b365776ae1ee9d,BONK,0.007648264
0x56d3fc9aa7062fd7b893c1ae33b365776ae1ee9d,BLUR,0.007572313
0x56d3fc9aa7062fd7b893c1ae33b365776ae1ee9d,SEI,0.0016853589
0x56d3fc9aa7062fd7b893c1ae33b365776ae1ee9d,ZK,0.0074630687
0x56d3fc9aa7062fd7b893c1ae33b365776ae1ee9d,PEPE,-0.00045156974
0x56d3fc9aa7062fd7b893c1ae33b365776ae1ee9d,BERA,0.00069333724
0x56d3fc9aa7062fd7b893c1ae33b365776ae1ee9d,TURBO,0.019195916
0x56d3fc9aa7062fd7b893c1ae33b365776ae1ee9d,ORDI,0.0082751475
0x56d3fc9aa7062fd7b893c1ae33b365776ae1ee9d,ZRO,0.007703657
0x56d3fc9aa7062fd7b893c1ae33b365776ae1ee9d,MNT,-0.00013228055
0x56d3fc9aa7062fd7b893c1ae33b365776ae1ee9d,LINEA,0.011751118
0x56d3fc9aa7062fd7b893c1ae33b365776ae1ee9d,PYTH,0.018819746
0x56d3fc9aa7062fd7b893c1ae33b365776ae1ee9d,MEME,0.013433153
0x56d3fc9aa7062fd7b893c1ae33b365776ae1ee9d,POL,-0.009310789
0x56d3fc9aa7062fd7b893c1ae33b365776ae1ee9d,JTO,0.0032878448
0x56d3fc9aa7062fd7b893c1ae33b365776ae1ee9d,WIF,0.0013775363
0x56d3fc9aa7062fd7b893c1ae33b365776ae1ee9d,POPCAT,0.009207745
0x56d3fc9aa7062fd7b893c1ae33b365776ae1ee9d,NOT,-0.016497009
0x56d3fc9aa7062fd7b893c1ae33b365776ae1ee9d,DYM,-0.000033060216
0x56d3fc9aa7062fd7b893c1ae33b365776ae1ee9d,XAI,-0.020696582
0x56d3fc9aa7062fd7b893c1ae33b365776ae1ee9d,ALT,0.0031643526
0x56d3fc9aa7062fd7b893c1ae33b365776ae1ee9d,JUP,0.015953315
0x56d3fc9aa7062fd7b893c1ae33b365776ae1ee9d,AERO,0.010443369
0x56d3fc9aa7062fd7b893c1ae33b365776ae1ee9d,VIRTUAL,0.00054831017
0x56d3fc9aa7062fd7b893c1ae33b365776ae1ee9d,W,0.0071010008
0x56d3fc9aa7062fd7b893c1ae33b365776ae1ee9d,BRETT,0.007112245
0x56d3fc9aa7062fd7b893c1ae33b365776ae1ee9d,ETHFI,-0.029716624
0x56d3fc9aa7062fd7b893c1ae33b365776ae1ee9d,IO,0.025211368
0x56d3fc9aa7062fd7b893c1ae33b365776ae1ee9d,BOME,-0.015396053
0x56d3fc9aa7062fd7b893c1ae33b365776ae1ee9d,sENA,0.00002739391
0x56d3fc9aa7062fd7b893c1ae33b365776ae1ee9d,TNSR,0.007055574
0x56d3fc9aa7062fd7b893c1ae33b365776ae1ee9d,EIGEN,0.006856977
0x56d3fc9aa7062fd7b893c1ae33b365776ae1ee9d,MON,0.025324069
0x56d3fc9aa7062fd7b893c1ae33b365776ae1ee9d,MERL,0.005156337
0x56d3fc9aa7062fd7b893c1ae33b365776ae1ee9d,REZ,0.001188672
0x56d3fc9aa7062fd7b893c1ae33b365776ae1ee9d,SOPH,-0.013974202
0x56d3fc9aa7062fd7b893c1ae33b365776ae1ee9d,HYPE,0.0040956186
0x56d3fc9aa7062fd7b893c1ae33b365776ae1ee9d,ME,0.0027827118
0x56d3fc9aa7062fd7b893c1ae33b365776ae1ee9d,BABY,0.009388944
0x56d3fc9aa7062fd7b893c1ae33b365776ae1ee9d,MOVE,-0.026600005
0x56d3fc9aa7062fd7b893c1ae33b365776ae1ee9d,NEIRO,0.008034368
0x56d3fc9aa7062fd7b893c1ae33b365776ae1ee9d,S,-0.054246884
0x56d3fc9aa7062fd7b893c1ae33b365776ae1ee9d,GRASS,-0.006473419
0x56d3fc9aa7062fd7b893c1ae33b365776ae1ee9d,SKY,0.0012206481
0x56d3fc9aa7062fd7b893c1ae33b365776ae1ee9d,INIT,0.0008297979
0x56d3fc9aa7062fd7b893c1ae33b365776ae1ee9d,WCT,0.009989828
0x56d3fc9aa7062fd7b893c1ae33b365776ae1ee9d,WLFI,-0.015331923
0x56d3fc9aa7062fd7b893c1ae33b365776ae1ee9d,GOAT,0.002546267
0x56d3fc9aa7062fd7b893c1ae33b365776ae1ee9d,FARTCOIN,0.0002867547
0x56d3fc9aa7062fd7b893c1ae33b365776ae1ee9d,PNUT,0.0058582737
0x56d3fc9aa7062fd7b893c1ae33b365776ae1ee9d,SYRUP,-0.0018683112
0x56d3fc9aa7062fd7b893c1ae33b365776ae1ee9d,USUAL,-0.017808823
0x56d3fc9aa7062fd7b893c1ae33b365776ae1ee9d,AIXBT,0.009694484
0x56d3fc9aa7062fd7b893c1ae33b365776ae1ee9d,MORPHO,0.0060349703
0x56d3fc9aa7062fd7b893c1ae33b365776ae1ee9d,PENGU,0.005368756
0x56d3fc9aa7062fd7b893c1ae33b365776ae1ee9d,GRIFFAIN,-0.0049350034
0x56d3fc9aa7062fd7b893c1ae33b365776ae1ee9d,BIO,0.0036051592
0x56d3fc9aa7062fd7b893c1ae33b365776ae1ee9d,ANIME,0.013179995
0x56d3fc9aa7062fd7b893c1ae33b365776ae1ee9d,TRUMP,-0.007061053
0x56d3fc9aa7062fd7b893c1ae33b365776ae1ee9d,MELANIA,0.007381283
0x56d3fc9aa7062fd7b893c1ae33b365776ae1ee9d,VINE,0.008502849
0x56d3fc9aa7062fd7b893c1ae33b365776ae1ee9d,LAYER,-0.00015784212
0x56d3fc9aa7062fd7b893c1ae33b365776ae1ee9d,VVV,0.0053541367
0x56d3fc9aa7062fd7b893c1ae33b365776ae1ee9d,IP,-0.00867487
0x56d3fc9aa7062fd7b893c1ae33b365776ae1ee9d,NIL,-0.033788744
0x56d3fc9aa7062fd7b893c1ae33b365776ae1ee9d,KAITO,-0.13698517
0x56d3fc9aa7062fd7b893c1ae33b365776ae1ee9d,ZORA,0.0038796312
0x56d3fc9aa7062fd7b893c1ae33b365776ae1ee9d,HYPER,0.0052385307
0x56d3fc9aa7062fd7b893c1ae33b365776ae1ee9d,ASTER,0.017752264
0x56d3fc9aa7062fd7b893c1ae33b365776ae1ee9d,PUMP,-0.061348703
0x56d3fc9aa7062fd7b893c1ae33b365776ae1ee9d,XPL,0.0027154288
0x56d3fc9aa7062fd7b893c1ae33b365776ae1ee9d,CC,-0.006967257
0x56d3fc9aa7062fd7b893c1ae33b365776ae1ee9d,PROVE,-0.002551965
0x56d3fc9aa7062fd7b893c1ae33b365776ae1ee9d,HEMI,-0.025071068
0x56d3fc9aa7062fd7b893c1ae33b365776ae1ee9d,AVNT,-0.01781331
0x56d3fc9aa7062fd7b893c1ae33b365776ae1ee9d,0G,-0.011479494
0x56d3fc9aa7062fd7b893c1ae33b365776ae1ee9d,2Z,-0.0034526172
0x56d3fc9aa7062fd7b893c1ae33b365776ae1ee9d,LIT,-0.00038228932
0x5f05ab6ed6106d6c962823e481bd9f39c6d60e96,BTC,-0.0404251323694356
0x5f05ab6ed6106d6c962823e481bd9f39c6d60e96,LTC,-0.0236425516715283
0x5f05ab6ed6106d6c962823e481bd9f39c6d60e96,XRP,0.006755463016303
0x5f05ab6ed6106d6c962823e481bd9f39c6d60e96,DOGE,-0.0137889190922547
0x5f05ab6ed6106d6c962823e481bd9f39c6d60e96,DASH,0.0048096200233495
0x5f05ab6ed6106d6c962823e481bd9f39c6d60e96,XMR,0.008985055510439
0x5f05ab6ed6106d6c962823e481bd9f39c6d60e96,XLM,0.0032166372400837
0x5f05ab6ed6106d6c962823e481bd9f39c6d60e96,ETH,0.0186698899265366
0x5f05ab6ed6106d6c962823e481bd9f39c6d60e96,ETC,-0.0204037682906401
0x5f05ab6ed6106d6c962823e481bd9f39c6d60e96,ZEC,0.0034819193948444
0x5f05ab6ed6106d6c962823e481bd9f39c6d60e96,ZEN,-0.000200496031044
0x5f05ab6ed6106d6c962823e481bd9f39c6d60e96,IOTA,0.0102039832559469
0x5f05ab6ed6106d6c962823e481bd9f39c6d60e96,BCH,0.0149570303876537
0x5f05ab6ed6106d6c962823e481bd9f39c6d60e96,BNB,0.0206647398428596
0x5f05ab6ed6106d6c962823e481bd9f39c6d60e96,TRX,0.0045285157534293
0x5f05ab6ed6106d6c962823e481bd9f39c6d60e96,LINK,0.0014341079493919
0x5f05ab6ed6106d6c962823e481bd9f39c6d60e96,ADA,0.0073036935352545
0x5f05ab6ed6106d6c962823e481bd9f39c6d60e96,FIL,0.0115203241461385
0x5f05ab6ed6106d6c962823e481bd9f39c6d60e96,SNX,-0.0015593602794505
0x5f05ab6ed6106d6c962823e481bd9f39c6d60e96,BSV,0.0123701038240391
0x5f05ab6ed6106d6c962823e481bd9f39c6d60e96,FET,0.0110438711201321
0x5f05ab6ed6106d6c962823e481bd9f39c6d60e96,ATOM,0.0037541543189352
0x5f05ab6ed6106d6c962823e481bd9f39c6d60e96,RSR,0.006594955787959
0x5f05ab6ed6106d6c962823e481bd9f39c6d60e96,ALGO,0.0031811215660553
0x5f05ab6ed6106d6c962823e481bd9f39c6d60e96,RUNE,0.0039869935874099
0x5f05ab6ed6106d6c962823e481bd9f39c6d60e96,LUNC,0.0110879870036496
0x5f05ab6ed6106d6c962823e481bd9f39c6d60e96,HBAR,0.0154717617884244
0x5f05ab6ed6106d6c962823e481bd9f39c6d60e96,PAXG,0.0251344322396015
0x5f05ab6ed6106d6c962823e481bd9f39c6d60e96,STX,0.0155431542091909
0x5f05ab6ed6106d6c962823e481bd9f39c6d60e96,TRB,-0.0003601677312482
0x5f05ab6ed6106d6c962823e481bd9f39c6d60e96,SOL,0.0425944286463755
0x5f05ab6ed6106d6c962823e481bd9f39c6d60e96,CELO,0.0013341978784835
0x5f05ab6ed6106d6c962823e481bd9f39c6d60e96,UMA,0.0087792895250288
0x5f05ab6ed6106d6c962823e481bd9f39c6d60e96,AR,-0.0025003354667428
0x5f05ab6ed6106d6c962823e481bd9f39c6d60e96,RENDER,0.0079313942564965
0x5f05ab6ed6106d6c962823e481bd9f39c6d60e96,COMP,0.0103738002012411
0x5f05ab6ed6106d6c962823e481bd9f39c6d60e96,AVAX,0.0086162257399535
0x5f05ab6ed6106d6c962823e481bd9f39c6d60e96,SHIB,0.0109728547342106
0x5f05ab6ed6106d6c962823e481bd9f39c6d60e96,SAND,-0.000170083922226
0x5f05ab6ed6106d6c962823e481bd9f39c6d60e96,NEAR,0.0080774890415164
0x5f05ab6ed6106d6c962823e481bd9f39c6d60e96,CRV,-0.0161015692807876
0x5f05ab6ed6106d6c962823e481bd9f39c6d60e96,DOT,0.0094157244663785
0x5f05ab6ed6106d6c962823e481bd9f39c6d60e96,SUSHI,-0.000819435414148
0x5f05ab6ed6106d6c962823e481bd9f39c6d60e96,AXS,0.0069950588951836
0x5f05ab6ed6106d6c962823e481bd9f39c6d60e96,GALA,-0.0038525965944068
0x5f05ab6ed6106d6c962823e481bd9f39c6d60e96,UNI,-0.0295419956188574
0x5f05ab6ed6106d6c962823e481bd9f39c6d60e96,CAKE,-0.0093020341634847
0x5f05ab6ed6106d6c962823e481bd9f39c6d60e96,INJ,0.013339142796913
0x5f05ab6ed6106d6c962823e481bd9f39c6d60e96,AAVE,0.013316506432891
0x5f05ab6ed6106d6c962823e481bd9f39c6d60e96,CFX,-0.0015489207057265
0x5f05ab6ed6106d6c962823e481bd9f39c6d60e96,LDO,0.0040564214026072
0x5f05ab6ed6106d6c962823e481bd9f39c6d60e96,MINA,-0.0006766520461984
0x5f05ab6ed6106d6c962823e481bd9f39c6d60e96,ICP,-0.001013321815718
0x5f05ab6ed6106d6c962823e481bd9f39c6d60e96,PENDLE,0.0091055807254021
0x5f05ab6ed6106d6c962823e481bd9f39c6d60e96,IMX,0.0038380576024344
0x5f05ab6ed6106d6c962823e481bd9f39c6d60e96,FLOKI,0.0030472297472594
0x5f05ab6ed6106d6c962823e481bd9f39c6d60e96,OP,-0.0107906867988462
0x5f05ab6ed6106d6c962823e481bd9f39c6d60e96,ARB,0.0060182358360536
0x5f05ab6ed6106d6c962823e481bd9f39c6d60e96,GMX,0.0001282748444646
0x5f05ab6ed6106d6c962823e481bd9f39c6d60e96,WLD,-0.007145772273176
0x5f05ab6ed6106d6c962823e481bd9f39c6d60e96,MANTA,0.0050183085990875
0x5f05ab6ed6106d6c962823e481bd9f39c6d60e96,ENS,0.0127170717702982
0x5f05ab6ed6106d6c962823e481bd9f39c6d60e96,PEOPLE,-0.0000024800713892862925
0x5f05ab6ed6106d6c962823e481bd9f39c6d60e96,GMT,0.0048142827852244
0x5f05ab6ed6106d6c962823e481bd9f39c6d60e96,APE,0.0060956765775796
0x5f05ab6ed6106d6c962823e481bd9f39c6d60e96,APEX,-0.0038730907394562
0x5f05ab6ed6106d6c962823e481bd9f39c6d60e96,KAS,0.0164001867256626
0x5f05ab6ed6106d6c962823e481bd9f39c6d60e96,SUI,0.0013914021507268
0x5f05ab6ed6106d6c962823e481bd9f39c6d60e96,ONDO,0.0010223420623587
0x5f05ab6ed6106d6c962823e481bd9f39c6d60e96,ZETA,-0.00003772676856509501
0x5f05ab6ed6106d6c962823e481bd9f39c6d60e96,APT,0.0060086264473772
0x5f05ab6ed6106d6c962823e481bd9f39c6d60e96,STRK,-0.0003679430355939
0x5f05ab6ed6106d6c962823e481bd9f39c6d60e96,TIA,0.0079166949523266
0x5f05ab6ed6106d6c962823e481bd9f39c6d60e96,TAO,0.0006693966192903
0x5f05ab6ed6106d6c962823e481bd9f39c6d60e96,BONK,0.0001613449901271
0x5f05ab6ed6106d6c962823e481bd9f39c6d60e96,BLUR,0.0065192084966801
0x5f05ab6ed6106d6c962823e481bd9f39c6d60e96,SEI,0.0006892061934011
0x5f05ab6ed6106d6c962823e481bd9f39c6d60e96,ZK,-0.0071421811874934
0x5f05ab6ed6106d6c962823e481bd9f39c6d60e96,PEPE,-0.0195064892773903
0x5f05ab6ed6106d6c962823e481bd9f39c6d60e96,BERA,-0.000461920344702
0x5f05ab6ed6106d6c962823e481bd9f39c6d60e96,TURBO,0.009067217308808
0x5f05ab6ed6106d6c962823e481bd9f39c6d60e96,ORDI,0.0155938320821737
0x5f05ab6ed6106d6c962823e481bd9f39c6d60e96,ZRO,0.0008874379935769
0x5f05ab6ed6106d6c962823e481bd9f39c6d60e96,MNT,-0.0002489195520862
0x5f05ab6ed6106d6c962823e481bd9f39c6d60e96,LINEA,0.0119641236343282
0x5f05ab6ed6106d6c962823e481bd9f39c6d60e96,PYTH,0.020824571089753
0x5f05ab6ed6106d6c962823e481bd9f39c6d60e96,MEME,-0.0031974763382066
0x5f05ab6ed6106d6c962823e481bd9f39c6d60e96,POL,-0.0118643591608646
0x5f05ab6ed6106d6c962823e481bd9f39c6d60e96,JTO,-0.002762866595455
0x5f05ab6ed6106d6c962823e481bd9f39c6d60e96,WIF,0.0040732300080068
0x5f05ab6ed6106d6c962823e481bd9f39c6d60e96,POPCAT,0.0122499640854484
0x5f05ab6ed6106d6c962823e481bd9f39c6d60e96,NOT,-0.0149448655164297
0x5f05ab6ed6106d6c962823e481bd9f39c6d60e96,DYM,-0.00584181687804
0x5f05ab6ed6106d6c962823e481bd9f39c6d60e96,XAI,-0.0124298123725326
0x5f05ab6ed6106d6c962823e481bd9f39c6d60e96,ALT,-0.0197965186287476
0x5f05ab6ed6106d6c962823e481bd9f39c6d60e96,JUP,0.0005592647463224
0x5f05ab6ed6106d6c962823e481bd9f39c6d60e96,AERO,0.0188876777282631
0x5f05ab6ed6106d6c962823e481bd9f39c6d60e96,VIRTUAL,-0.0133590428471747
0x5f05ab6ed6106d6c962823e481bd9f39c6d60e96,W,0.003958709765153
0x5f05ab6ed6106d6c962823e481bd9f39c6d60e96,BRETT,0.0059938527031631
0x5f05ab6ed6106d6c962823e481bd9f39c6d60e96,ETHFI,-0.0204202558439592
0x5f05ab6ed6106d6c962823e481bd9f39c6d60e96,IO,0.0190264450689019
0x5f05ab6ed6106d6c962823e481bd9f39c6d60e96,BOME,-0.0054767192303263
0x5f05ab6ed6106d6c962823e481bd9f39c6d60e96,sENA,0.0088307470510707
0x5f05ab6ed6106d6c962823e481bd9f39c6d60e96,TNSR,0.0008187411330216
0x5f05ab6ed6106d6c962823e481bd9f39c6d60e96,EIGEN,0.0101950088955546
0x5f05ab6ed6106d6c962823e481bd9f39c6d60e96,MON,0.0154644517710721
0x5f05ab6ed6106d6c962823e481bd9f39c6d60e96,MERL,0.0006294991745793
0x5f05ab6ed6106d6c962823e481bd9f39c6d60e96,REZ,-0.0023103493518782
0x5f05ab6ed6106d6c962823e481bd9f39c6d60e96,SOPH,-0.0337990368266988
0x5f05ab6ed6106d6c962823e481bd9f39c6d60e96,HYPE,-0.0084223966940918
0x5f05ab6ed6106d6c962823e481bd9f39c6d60e96,ME,-0.000488616601692
0x5f05ab6ed6106d6c962823e481bd9f39c6d60e96,BABY,0.0015877549004478
0x5f05ab6ed6106d6c962823e481bd9f39c6d60e96,MOVE,-0.0136257542788725
0x5f05ab6ed6106d6c962823e481bd9f39c6d60e96,NEIRO,0.0017886766347729
0x5f05ab6ed6106d6c962823e481bd9f39c6d60e96,S,-0.0195438139138736
0x5f05ab6ed6106d6c962823e481bd9f39c6d60e96,GRASS,-0.0181904315497547
0x5f05ab6ed6106d6c962823e481bd9f39c6d60e96,SKY,-0.0015570951035951
0x5f05ab6ed6106d6c962823e481bd9f39c6d60e96,INIT,-0.0008831290055082
0x5f05ab6ed6106d6c962823e481bd9f39c6d60e96,WCT,0.0052079272076622
0x5f05ab6ed6106d6c962823e481bd9f39c6d60e96,WLFI,-0.0106016622883773
0x5f05ab6ed6106d6c962823e481bd9f39c6d60e96,GOAT,0.0275207788309335
0x5f05ab6ed6106d6c962823e481bd9f39c6d60e96,FARTCOIN,-0.0015847505053053
0x5f05ab6ed6106d6c962823e481bd9f39c6d60e96,PNUT,-0.0021076199502202
0x5f05ab6ed6106d6c962823e481bd9f39c6d60e96,SYRUP,-0.0137977048807674
0x5f05ab6ed6106d6c962823e481bd9f39c6d60e96,USUAL,-0.0184872345392377
0x5f05ab6ed6106d6c962823e481bd9f39c6d60e96,AIXBT,-0.0001820542087429
0x5f05ab6ed6106d6c962823e481bd9f39c6d60e96,MORPHO,0.015755718057943
0x5f05ab6ed6106d6c962823e481bd9f39c6d60e96,PENGU,-0.000003334772744526336
0x5f05ab6ed6106d6c962823e481bd9f39c6d60e96,GRIFFAIN,0.0017257553606718
0x5f05ab6ed6106d6c962823e481bd9f39c6d60e96,BIO,-0.0016664759847807
0x5f05ab6ed6106d6c962823e481bd9f39c6d60e96,ANIME,0.0116637991093354
0x5f05ab6ed6106d6c962823e481bd9f39c6d60e96,TRUMP,0.0037825462705621
0x5f05ab6ed6106d6c962823e481bd9f39c6d60e96,MELANIA,0.0033125104793942
0x5f05ab6ed6106d6c962823e481bd9f39c6d60e96,VINE,0.0106093127647892
0x5f05ab6ed6106d6c962823e481bd9f39c6d60e96,LAYER,-0.0004009434997147
0x5f05ab6ed6106d6c962823e481bd9f39c6d60e96,VVV,0.000447326078949
0x5f05ab6ed6106d6c962823e481bd9f39c6d60e96,IP,-0.0205415599277924
0x5f05ab6ed6106d6c962823e481bd9f39c6d60e96,NIL,-0.0109437642580756
0x5f05ab6ed6106d6c962823e481bd9f39c6d60e96,KAITO,-0.1648171045217813
0x5f05ab6ed6106d6c962823e481bd9f39c6d60e96,ZORA,0.0043495520121255
0x5f05ab6ed6106d6c962823e481bd9f39c6d60e96,HYPER,-0.0052886472951806
0x5f05ab6ed6106d6c962823e481bd9f39c6d60e96,ASTER,0.0194084232223665
0x5f05ab6ed6106d6c962823e481bd9f39c6d60e96,PUMP,-0.0005347241595641
0x5f05ab6ed6106d6c962823e481bd9f39c6d60e96,XPL,0.0114449333030812
0x5f05ab6ed6106d6c962823e481bd9f39c6d60e96,CC,-0.0053741030925179
0x5f05ab6ed6106d6c962823e481bd9f39c6d60e96,PROVE,-0.00045895167012
0x5f05ab6ed6106d6c962823e481bd9f39c6d60e96,HEMI,-0.0305749482039634
0x5f05ab6ed6106d6c962823e481bd9f39c6d60e96,AVNT,-0.0070401874538773
0x5f05ab6ed6106d6c962823e481bd9f39c6d60e96,0G,-0.0068967575764725
0x5f05ab6ed6106d6c962823e481bd9f39c6d60e96,2Z,-0.0033376541438556
0x5f05ab6ed6106d6c962823e481bd9f39c6d60e96,LIT,0.0088474548963648
0x6cb72d052d57563180474923fdd9f827455637db,UNI,-0.05
0x6cb72d052d57563180474923fdd9f827455637db,APT,-0.04
0x6cb72d052d57563180474923fdd9f827455637db,FIL,-0.04
0x6cb72d052d57563180474923fdd9f827455637db,OP,-0.04
0x6cb72d052d57563180474923fdd9f827455637db,LDO,-0.04
0x6cb72d052d57563180474923fdd9f827455637db,APE,-0.03
0x6cb72d052d57563180474923fdd9f827455637db,BLUR,-0.03
0x6cb72d052d57563180474923fdd9f827455637db,ADA,-0.03
0x6cb72d052d57563180474923fdd9f827455637db,ICP,-0.02
0x6cb72d052d57563180474923fdd9f827455637db,FET,-0.02
0x6cb72d052d57563180474923fdd9f827455637db,INJ,-0.02
0x6cb72d052d57563180474923fdd9f827455637db,TIA,-0.02
0x6cb72d052d57563180474923fdd9f827455637db,PYTH,-0.02
0x6cb72d052d57563180474923fdd9f827455637db,COMP,-0.01
0x6cb72d052d57563180474923fdd9f827455637db,AAVE,-0.01
0x6cb72d052d57563180474923fdd9f827455637db,XMR,-0.01
0x6cb72d052d57563180474923fdd9f827455637db,SUI,-0.01
0x6cb72d052d57563180474923fdd9f827455637db,LINK,-0.01
0x6cb72d052d57563180474923fdd9f827455637db,BCH,-0.01
0x6cb72d052d57563180474923fdd9f827455637db,DOT,0.0
0x6cb72d052d57563180474923fdd9f827455637db,DOGE,0.0
0x6cb72d052d57563180474923fdd9f827455637db,ETC,0.0
0x6cb72d052d57563180474923fdd9f827455637db,S,0.0
0x6cb72d052d57563180474923fdd9f827455637db,BONK,0.0
0x6cb72d052d57563180474923fdd9f827455637db,CRV,0.0
0x6cb72d052d57563180474923fdd9f827455637db,RENDER,0.0
0x6cb72d052d57563180474923fdd9f827455637db,PEPE,0.0
0x6cb72d052d57563180474923fdd9f827455637db,POL,0.0
0x6cb72d052d57563180474923fdd9f827455637db,NEAR,0.0
0x6cb72d052d57563180474923fdd9f827455637db,PENDLE,0.0
0x6cb72d052d57563180474923fdd9f827455637db,SHIB,0.0
0x6cb72d052d57563180474923fdd9f827455637db,RUNE,0.0
0x6cb72d052d57563180474923fdd9f827455637db,SUSHI,0.0
0x6cb72d052d57563180474923fdd9f827455637db,XLM,0.0
0x6cb72d052d57563180474923fdd9f827455637db,AVAX,0.0
0x6cb72d052d57563180474923fdd9f827455637db,ALGO,0.0
0x6cb72d052d57563180474923fdd9f827455637db,ATOM,0.0
0x6cb72d052d57563180474923fdd9f827455637db,AXS,0.03
0x6cb72d052d57563180474923fdd9f827455637db,IMX,0.03
0x6cb72d052d57563180474923fdd9f827455637db,LTC,0.04
0x6cb72d052d57563180474923fdd9f827455637db,SOL,0.04
0x6cb72d052d57563180474923fdd9f827455637db,XRP,0.04
0x6cb72d052d57563180474923fdd9f827455637db,ETH,0.05
0x6cb72d052d57563180474923fdd9f827455637db,BNB,0.05
0x6cb72d052d57563180474923fdd9f827455637db,CAKE,0.05
0x6cb72d052d57563180474923fdd9f827455637db,BTC,0.08
0x6cb72d052d57563180474923fdd9f827455637db,TRX,0.09
0x770a3026f8a348bebac2ba84cfc82f4ea01b420a,SKY,-0.02178687544173
0x770a3026f8a348bebac2ba84cfc82f4ea01b420a,TRX,0.0097573470336794
0x770a3026f8a348bebac2ba84cfc82f4ea01b420a,XLM,0.0414268001924902
0x770a3026f8a348bebac2ba84cfc82f4ea01b420a,XMR,-0.0478535405259886
0x770a3026f8a348bebac2ba84cfc82f4ea01b420a,XRP,0.0022769756108115
0x770a3026f8a348bebac2ba84cfc82f4ea01b420a,ZEC,-0.0124269382956978
0x770a3026f8a348bebac2ba84cfc82f4ea01b420a,BCH,-0.0442016415707418
0x770a3026f8a348bebac2ba84cfc82f4ea01b420a,BTC,-0.0212285354103574
0x770a3026f8a348bebac2ba84cfc82f4ea01b420a,DOGE,0.0365445629936167
0x770a3026f8a348bebac2ba84cfc82f4ea01b420a,ETC,-0.0360893678562087
0x770a3026f8a348bebac2ba84cfc82f4ea01b420a,LTC,0.0052037574483643
0x770a3026f8a348bebac2ba84cfc82f4ea01b420a,ETH,-0.0202987450546534
0x770a3026f8a348bebac2ba84cfc82f4ea01b420a,ADA,0.0397446642453962
0x770a3026f8a348bebac2ba84cfc82f4ea01b420a,LINK,0.013013587966667
0x770a3026f8a348bebac2ba84cfc82f4ea01b420a,S,-0.0177946064067495
0x770a3026f8a348bebac2ba84cfc82f4ea01b420a,ATOM,0.0045787917537833
0x770a3026f8a348bebac2ba84cfc82f4ea01b420a,SNX,0.0422002884805039
0x770a3026f8a348bebac2ba84cfc82f4ea01b420a,RSR,-0.0029017137536986
0x770a3026f8a348bebac2ba84cfc82f4ea01b420a,ALGO,0.0295611156149371
0x770a3026f8a348bebac2ba84cfc82f4ea01b420a,RUNE,0.0174345920812337
0x770a3026f8a348bebac2ba84cfc82f4ea01b420a,TRB,0.0121950070903728
0x770a3026f8a348bebac2ba84cfc82f4ea01b420a,SOL,0.1205327253899535
0x770a3026f8a348bebac2ba84cfc82f4ea01b420a,UMA,0.0348846635604115
0x770a3026f8a348bebac2ba84cfc82f4ea01b420a,PAXG,0.020482112128575
0x770a3026f8a348bebac2ba84cfc82f4ea01b420a,COMP,-0.0068891401173901
0x770a3026f8a348bebac2ba84cfc82f4ea01b420a,AVAX,0.0717081239223861
0x770a3026f8a348bebac2ba84cfc82f4ea01b420a,SAND,0.0312436453557637
0x770a3026f8a348bebac2ba84cfc82f4ea01b420a,CRV,0.0292584741543302
0x770a3026f8a348bebac2ba84cfc82f4ea01b420a,LAYER,-0.0294774585432986
0x770a3026f8a348bebac2ba84cfc82f4ea01b420a,DOT,-0.015225814550754
0x770a3026f8a348bebac2ba84cfc82f4ea01b420a,SUSHI,0.0128663012290654
0x770a3026f8a348bebac2ba84cfc82f4ea01b420a,UNI,0.0008819168996323
0x770a3026f8a348bebac2ba84cfc82f4ea01b420a,AAVE,0.0369184530663136
0x770a3026f8a348bebac2ba84cfc82f4ea01b420a,NEAR,0.0403744982863909
0x770a3026f8a348bebac2ba84cfc82f4ea01b420a,FIL,0.0199069615689562
0x770a3026f8a348bebac2ba84cfc82f4ea01b420a,AXS,0.0604568861628505
0x770a3026f8a348bebac2ba84cfc82f4ea01b420a,INJ,0.0379606025218752
0x770a3026f8a348bebac2ba84cfc82f4ea01b420a,ZORA,0.0281426701173506
0x770a3026f8a348bebac2ba84cfc82f4ea01b420a,CELO,0.0206660170952541
0x770a3026f8a348bebac2ba84cfc82f4ea01b420a,LIT,0.0339033649773285
0x770a3026f8a348bebac2ba84cfc82f4ea01b420a,SHIB,0.0030976048486884
0x770a3026f8a348bebac2ba84cfc82f4ea01b420a,ICP,-0.0328201927738484
0x770a3026f8a348bebac2ba84cfc82f4ea01b420a,RENDER,0.023263466083725
0x770a3026f8a348bebac2ba84cfc82f4ea01b420a,LDO,0.0117784206645011
0x770a3026f8a348bebac2ba84cfc82f4ea01b420a,GALA,0.0091495697418853
0x770a3026f8a348bebac2ba84cfc82f4ea01b420a,FET,0.0832011519486134
0x770a3026f8a348bebac2ba84cfc82f4ea01b420a,ENS,0.047455387723725
0x770a3026f8a348bebac2ba84cfc82f4ea01b420a,IMX,0.0740739514896172
0x770a3026f8a348bebac2ba84cfc82f4ea01b420a,PEOPLE,0.0178181892380548
0x770a3026f8a348bebac2ba84cfc82f4ea01b420a,GMT,0.0012451110260125
0x770a3026f8a348bebac2ba84cfc82f4ea01b420a,FLOKI,0.0404026861960225
0x770a3026f8a348bebac2ba84cfc82f4ea01b420a,POL,0.0707486416916632
0x770a3026f8a348bebac2ba84cfc82f4ea01b420a,APE,0.029611074280079
0x770a3026f8a348bebac2ba84cfc82f4ea01b420a,GMX,0.0175497922672661
0x770a3026f8a348bebac2ba84cfc82f4ea01b420a,BLUR,0.0345226495748831
0x770a3026f8a348bebac2ba84cfc82f4ea01b420a,PENDLE,0.0350670434413104
0x770a3026f8a348bebac2ba84cfc82f4ea01b420a,LUNC,0.089341615811666
0x770a3026f8a348bebac2ba84cfc82f4ea01b420a,MINA,0.0304379125421023
0x770a3026f8a348bebac2ba84cfc82f4ea01b420a,MEME,0.0011728885681903
0x770a3026f8a348bebac2ba84cfc82f4ea01b420a,OP,0.0208307162462879
0x770a3026f8a348bebac2ba84cfc82f4ea01b420a,ZEN,0.0110514834918629
0x770a3026f8a348bebac2ba84cfc82f4ea01b420a,STRK,0.0308223702521078
0x770a3026f8a348bebac2ba84cfc82f4ea01b420a,STX,0.0332350048328977
0x770a3026f8a348bebac2ba84cfc82f4ea01b420a,CFX,0.0196406106325774
0x770a3026f8a348bebac2ba84cfc82f4ea01b420a,CAKE,0.0126109737787793
0x770a3026f8a348bebac2ba84cfc82f4ea01b420a,DASH,-0.0196891272653025
0x770a3026f8a348bebac2ba84cfc82f4ea01b420a,BSV,-0.00009374725026402552
0x770a3026f8a348bebac2ba84cfc82f4ea01b420a,AR,0.0280740497876442
0x770a3026f8a348bebac2ba84cfc82f4ea01b420a,APT,-0.0067769518025922
0x770a3026f8a348bebac2ba84cfc82f4ea01b420a,ALT,0.0100026023198631
0x770a3026f8a348bebac2ba84cfc82f4ea01b420a,BNB,0.0740103630693873
0x770a3026f8a348bebac2ba84cfc82f4ea01b420a,BONK,0.042712614468884
0x770a3026f8a348bebac2ba84cfc82f4ea01b420a,BABY,0.0660419780161965
0x770a3026f8a348bebac2ba84cfc82f4ea01b420a,HBAR,0.0780922960389211
0x770a3026f8a348bebac2ba84cfc82f4ea01b420a,KAS,0.0131413529233354
0x770a3026f8a348bebac2ba84cfc82f4ea01b420a,PEPE,0.0324812549682209
0x770a3026f8a348bebac2ba84cfc82f4ea01b420a,ORDI,0.0399179632026584
0x770a3026f8a348bebac2ba84cfc82f4ea01b420a,SUI,0.0129471115857507
0x770a3026f8a348bebac2ba84cfc82f4ea01b420a,MNT,0.0529779240887177
0x770a3026f8a348bebac2ba84cfc82f4ea01b420a,IOTA,0.0304891221368409
0x770a3026f8a348bebac2ba84cfc82f4ea01b420a,TURBO,0.0470573768506919
0x770a3026f8a348bebac2ba84cfc82f4ea01b420a,TIA,0.0827934723618233
0x770a3026f8a348bebac2ba84cfc82f4ea01b420a,SEI,0.0195851794661113
0x770a3026f8a348bebac2ba84cfc82f4ea01b420a,TAO,0.06075664505416
0x770a3026f8a348bebac2ba84cfc82f4ea01b420a,JTO,0.02323197579523
0x770a3026f8a348bebac2ba84cfc82f4ea01b420a,PYTH,0.0382281849737318
0x770a3026f8a348bebac2ba84cfc82f4ea01b420a,MANTA,0.020341893870905
0x770a3026f8a348bebac2ba84cfc82f4ea01b420a,ONDO,0.0671611384025829
0x770a3026f8a348bebac2ba84cfc82f4ea01b420a,WIF,0.0207100005464617
0x770a3026f8a348bebac2ba84cfc82f4ea01b420a,XAI,-0.00512467616092
0x770a3026f8a348bebac2ba84cfc82f4ea01b420a,ZETA,0.0444893612844228
0x770a3026f8a348bebac2ba84cfc82f4ea01b420a,JUP,0.0344962617648572
0x770a3026f8a348bebac2ba84cfc82f4ea01b420a,DYM,0.0285014259888374
0x770a3026f8a348bebac2ba84cfc82f4ea01b420a,TRUMP,-0.0016581088768952
0x770a3026f8a348bebac2ba84cfc82f4ea01b420a,APEX,0.0097779608432119
0x770a3026f8a348bebac2ba84cfc82f4ea01b420a,ARB,0.0656113248377485
0x770a3026f8a348bebac2ba84cfc82f4ea01b420a,BOME,0.0137595550446503
0x770a3026f8a348bebac2ba84cfc82f4ea01b420a,HYPER,0.0041182437290526
0x770a3026f8a348bebac2ba84cfc82f4ea01b420a,ETHFI,-0.065067290063038
0x770a3026f8a348bebac2ba84cfc82f4ea01b420a,BRETT,0.0338298828283066
0x770a3026f8a348bebac2ba84cfc82f4ea01b420a,W,0.0017579440758979
0x770a3026f8a348bebac2ba84cfc82f4ea01b420a,GOAT,0.0008755216094907
0x770a3026f8a348bebac2ba84cfc82f4ea01b420a,POPCAT,0.0379897728169742
0x770a3026f8a348bebac2ba84cfc82f4ea01b420a,MERL,0.0345567000903597
0x770a3026f8a348bebac2ba84cfc82f4ea01b420a,ZK,0.1021033460661552
0x770a3026f8a348bebac2ba84cfc82f4ea01b420a,TNSR,0.0755346540953444
0x770a3026f8a348bebac2ba84cfc82f4ea01b420a,AERO,0.0859490680105129
0x770a3026f8a348bebac2ba84cfc82f4ea01b420a,REZ,0.0760458903719304
0x770a3026f8a348bebac2ba84cfc82f4ea01b420a,NOT,0.0465623534896901
0x770a3026f8a348bebac2ba84cfc82f4ea01b420a,MON,0.013412794506921
0x770a3026f8a348bebac2ba84cfc82f4ea01b420a,VIRTUAL,-0.0093842318715189
0x770a3026f8a348bebac2ba84cfc82f4ea01b420a,IO,-0.003802768741749
0x770a3026f8a348bebac2ba84cfc82f4ea01b420a,ZRO,0.031670301907434
0x770a3026f8a348bebac2ba84cfc82f4ea01b420a,WLD,0.0454811377786607
0x770a3026f8a348bebac2ba84cfc82f4ea01b420a,NEIRO,0.0353873101134998
0x770a3026f8a348bebac2ba84cfc82f4ea01b420a,EIGEN,0.0497009345830632
0x770a3026f8a348bebac2ba84cfc82f4ea01b420a,MOVE,-0.0429647129321975
0x770a3026f8a348bebac2ba84cfc82f4ea01b420a,FARTCOIN,0.0436205906450267
0x770a3026f8a348bebac2ba84cfc82f4ea01b420a,GRASS,0.0311152723712788
0x770a3026f8a348bebac2ba84cfc82f4ea01b420a,PNUT,0.0114736190153423
0x770a3026f8a348bebac2ba84cfc82f4ea01b420a,USUAL,-0.0271774197316391
0x770a3026f8a348bebac2ba84cfc82f4ea01b420a,MORPHO,0.0234416134992519
0x770a3026f8a348bebac2ba84cfc82f4ea01b420a,AIXBT,0.0642260915500547
0x770a3026f8a348bebac2ba84cfc82f4ea01b420a,HYPE,-0.0040330318702939
0x770a3026f8a348bebac2ba84cfc82f4ea01b420a,ME,0.0400202845654247
0x770a3026f8a348bebac2ba84cfc82f4ea01b420a,PENGU,0.0426169761391874
0x770a3026f8a348bebac2ba84cfc82f4ea01b420a,sENA,0.0617833696975311
0x770a3026f8a348bebac2ba84cfc82f4ea01b420a,BIO,0.0245913005663185
0x770a3026f8a348bebac2ba84cfc82f4ea01b420a,GRIFFAIN,0.0503589567878764
0x770a3026f8a348bebac2ba84cfc82f4ea01b420a,MELANIA,0.0207295253729862
0x770a3026f8a348bebac2ba84cfc82f4ea01b420a,VINE,0.0681652040955033
0x770a3026f8a348bebac2ba84cfc82f4ea01b420a,ANIME,0.0001122440802875
0x770a3026f8a348bebac2ba84cfc82f4ea01b420a,VVV,0.0067243709999981
0x770a3026f8a348bebac2ba84cfc82f4ea01b420a,SYRUP,0.0066314466980702
0x770a3026f8a348bebac2ba84cfc82f4ea01b420a,BERA,0.0112220593177791
0x770a3026f8a348bebac2ba84cfc82f4ea01b420a,IP,0.053622335363091
0x770a3026f8a348bebac2ba84cfc82f4ea01b420a,KAITO,0.0024525211196295
0x770a3026f8a348bebac2ba84cfc82f4ea01b420a,NIL,0.0104882678689115
0x770a3026f8a348bebac2ba84cfc82f4ea01b420a,WCT,0.0391140545114573
0x770a3026f8a348bebac2ba84cfc82f4ea01b420a,PUMP,-0.0172256734848664
0x770a3026f8a348bebac2ba84cfc82f4ea01b420a,INIT,0.0474673792991207
0x770a3026f8a348bebac2ba84cfc82f4ea01b420a,SOPH,0.0329062986964325
0x770a3026f8a348bebac2ba84cfc82f4ea01b420a,PROVE,0.0902230056373436
0x770a3026f8a348bebac2ba84cfc82f4ea01b420a,WLFI,-0.0055962552854154
0x770a3026f8a348bebac2ba84cfc82f4ea01b420a,0G,0.0258616767114048
0x770a3026f8a348bebac2ba84cfc82f4ea01b420a,AVNT,0.0391085056428569
0x770a3026f8a348bebac2ba84cfc82f4ea01b420a,ASTER,0.0239354013356709
0x770a3026f8a348bebac2ba84cfc82f4ea01b420a,LINEA,0.0272943799455805
0x770a3026f8a348bebac2ba84cfc82f4ea01b420a,HEMI,-0.0037332382824942
0x770a3026f8a348bebac2ba84cfc82f4ea01b420a,XPL,0.0419070078282507
0x770a3026f8a348bebac2ba84cfc82f4ea01b420a,2Z,0.0382776008209709
0x770a3026f8a348bebac2ba84cfc82f4ea01b420a,CC,0.086556343255567
0x7824282944b7cc7b8ef86ed9adbe21f49b247f97,SKY,0.5083556
0x7824282944b7cc7b8ef86ed9adbe21f49b247f97,TRX,0.5853778
0x7824282944b7cc7b8ef86ed9adbe21f49b247f97,XLM,0.5116885
0x7824282944b7cc7b8ef86ed9adbe21f49b247f97,XMR,0.5716045
0x7824282944b7cc7b8ef86ed9adbe21f49b247f97,XRP,0.51911795
0x7824282944b7cc7b8ef86ed9adbe21f49b247f97,ZEC,0.5033843
0x7824282944b7cc7b8ef86ed9adbe21f49b247f97,BCH,0.52452534
0x7824282944b7cc7b8ef86ed9adbe21f49b247f97,BTC,0.5370625
0x7824282944b7cc7b8ef86ed9adbe21f49b247f97,DOGE,0.5356629
0x7824282944b7cc7b8ef86ed9adbe21f49b247f97,ETC,0.5199276
0x7824282944b7cc7b8ef86ed9adbe21f49b247f97,LTC,0.5271908
0x7824282944b7cc7b8ef86ed9adbe21f49b247f97,ETH,0.57129484
0x7824282944b7cc7b8ef86ed9adbe21f49b247f97,ADA,0.5132763
0x7824282944b7cc7b8ef86ed9adbe21f49b247f97,LINK,0.5486129
0x7824282944b7cc7b8ef86ed9adbe21f49b247f97,S,0.5191573
0x7824282944b7cc7b8ef86ed9adbe21f49b247f97,ATOM,0.4983853
0x7824282944b7cc7b8ef86ed9adbe21f49b247f97,SNX,0.511607
0x7824282944b7cc7b8ef86ed9adbe21f49b247f97,RSR,0.5158365
0x7824282944b7cc7b8ef86ed9adbe21f49b247f97,ALGO,0.51862013
0x7824282944b7cc7b8ef86ed9adbe21f49b247f97,RUNE,0.51627207
0x7824282944b7cc7b8ef86ed9adbe21f49b247f97,TRB,0.51313245
0x7824282944b7cc7b8ef86ed9adbe21f49b247f97,SOL,0.56367797
0x7824282944b7cc7b8ef86ed9adbe21f49b247f97,UMA,0.5210523
0x7824282944b7cc7b8ef86ed9adbe21f49b247f97,PAXG,0.6024283
0x7824282944b7cc7b8ef86ed9adbe21f49b247f97,COMP,0.522406
0x7824282944b7cc7b8ef86ed9adbe21f49b247f97,AVAX,0.5181774
0x7824282944b7cc7b8ef86ed9adbe21f49b247f97,SAND,0.5087279
0x7824282944b7cc7b8ef86ed9adbe21f49b247f97,CRV,0.51859194
0x7824282944b7cc7b8ef86ed9adbe21f49b247f97,LAYER,0.51886976
0x7824282944b7cc7b8ef86ed9adbe21f49b247f97,DOT,0.5214549
0x7824282944b7cc7b8ef86ed9adbe21f49b247f97,SUSHI,0.5120866
0x7824282944b7cc7b8ef86ed9adbe21f49b247f97,UNI,0.498603
0x7824282944b7cc7b8ef86ed9adbe21f49b247f97,AAVE,0.5034799
0x7824282944b7cc7b8ef86ed9adbe21f49b247f97,NEAR,0.50175375
0x7824282944b7cc7b8ef86ed9adbe21f49b247f97,FIL,0.5216622
0x7824282944b7cc7b8ef86ed9adbe21f49b247f97,AXS,0.51518047
0x7824282944b7cc7b8ef86ed9adbe21f49b247f97,INJ,0.5103253
0x7824282944b7cc7b8ef86ed9adbe21f49b247f97,ZORA,0.50249803
0x7824282944b7cc7b8ef86ed9adbe21f49b247f97,CELO,0.5155338
0x7824282944b7cc7b8ef86ed9adbe21f49b247f97,LIT,0.4922678
0x7824282944b7cc7b8ef86ed9adbe21f49b247f97,SHIB,0.5061363
0x7824282944b7cc7b8ef86ed9adbe21f49b247f97,ICP,0.5262339
0x7824282944b7cc7b8ef86ed9adbe21f49b247f97,RENDER,0.50635046
0x7824282944b7cc7b8ef86ed9adbe21f49b247f97,LDO,0.471573
0x7824282944b7cc7b8ef86ed9adbe21f49b247f97,GALA,0.50430113
0x7824282944b7cc7b8ef86ed9adbe21f49b247f97,FET,0.5060172
0x7824282944b7cc7b8ef86ed9adbe21f49b247f97,ENS,0.51596206
0x7824282944b7cc7b8ef86ed9adbe21f49b247f97,IMX,0.51341623
0x7824282944b7cc7b8ef86ed9adbe21f49b247f97,PEOPLE,0.4543957
0x7824282944b7cc7b8ef86ed9adbe21f49b247f97,GMT,0.5174517
0x7824282944b7cc7b8ef86ed9adbe21f49b247f97,FLOKI,0.52324075
0x7824282944b7cc7b8ef86ed9adbe21f49b247f97,POL,0.51777285
0x7824282944b7cc7b8ef86ed9adbe21f49b247f97,APE,0.5069892
0x7824282944b7cc7b8ef86ed9adbe21f49b247f97,GMX,0.52451235
0x7824282944b7cc7b8ef86ed9adbe21f49b247f97,BLUR,0.5075858
0x7824282944b7cc7b8ef86ed9adbe21f49b247f97,PENDLE,0.5080747
0x7824282944b7cc7b8ef86ed9adbe21f49b247f97,LUNC,0.5114586
0x7824282944b7cc7b8ef86ed9adbe21f49b247f97,MINA,0.5082351
0x7824282944b7cc7b8ef86ed9adbe21f49b247f97,MEME,0.5212027
0x7824282944b7cc7b8ef86ed9adbe21f49b247f97,OP,0.52032727
0x7824282944b7cc7b8ef86ed9adbe21f49b247f97,ZEN,0.5218398
0x7824282944b7cc7b8ef86ed9adbe21f49b247f97,STRK,0.49571374
0x7824282944b7cc7b8ef86ed9adbe21f49b247f97,STX,0.5043133
0x7824282944b7cc7b8ef86ed9adbe21f49b247f97,CFX,0.5023057
0x7824282944b7cc7b8ef86ed9adbe21f49b247f97,CAKE,0.5494952
0x7824282944b7cc7b8ef86ed9adbe21f49b247f97,DASH,0.5188325
0x7824282944b7cc7b8ef86ed9adbe21f49b247f97,BSV,0.53648776
0x7824282944b7cc7b8ef86ed9adbe21f49b247f97,AR,0.51119995
0x7824282944b7cc7b8ef86ed9adbe21f49b247f97,APT,0.5169536
0x7824282944b7cc7b8ef86ed9adbe21f49b247f97,ALT,0.51396877
0x7824282944b7cc7b8ef86ed9adbe21f49b247f97,BNB,0.59950644
0x7824282944b7cc7b8ef86ed9adbe21f49b247f97,BONK,0.5012937
0x7824282944b7cc7b8ef86ed9adbe21f49b247f97,BABY,0.5047283
0x7824282944b7cc7b8ef86ed9adbe21f49b247f97,HBAR,0.52181464
0x7824282944b7cc7b8ef86ed9adbe21f49b247f97,KAS,0.5188603
0x7824282944b7cc7b8ef86ed9adbe21f49b247f97,PEPE,0.5104937
0x7824282944b7cc7b8ef86ed9adbe21f49b247f97,ORDI,0.51789945
0x7824282944b7cc7b8ef86ed9adbe21f49b247f97,SUI,0.524603
0x7824282944b7cc7b8ef86ed9adbe21f49b247f97,MNT,0.51809454
0x7824282944b7cc7b8ef86ed9adbe21f49b247f97,IOTA,0.51630044
0x7824282944b7cc7b8ef86ed9adbe21f49b247f97,TURBO,0.51478416
0x7824282944b7cc7b8ef86ed9adbe21f49b247f97,TIA,0.5091881
0x7824282944b7cc7b8ef86ed9adbe21f49b247f97,SEI,0.5119775
0x7824282944b7cc7b8ef86ed9adbe21f49b247f97,TAO,0.5582014
0x7824282944b7cc7b8ef86ed9adbe21f49b247f97,JTO,0.47298402
0x7824282944b7cc7b8ef86ed9adbe21f49b247f97,PYTH,0.50446117
0x7824282944b7cc7b8ef86ed9adbe21f49b247f97,MANTA,0.51278394
0x7824282944b7cc7b8ef86ed9adbe21f49b247f97,ONDO,0.5047038
0x7824282944b7cc7b8ef86ed9adbe21f49b247f97,WIF,0.51820016
0x7824282944b7cc7b8ef86ed9adbe21f49b247f97,XAI,0.41863593
0x7824282944b7cc7b8ef86ed9adbe21f49b247f97,ZETA,0.50851226
0x7824282944b7cc7b8ef86ed9adbe21f49b247f97,JUP,0.51143074
0x7824282944b7cc7b8ef86ed9adbe21f49b247f97,DYM,0.48851627
0x7824282944b7cc7b8ef86ed9adbe21f49b247f97,TRUMP,0.51819336
0x7824282944b7cc7b8ef86ed9adbe21f49b247f97,APEX,0.50452524
0x7824282944b7cc7b8ef86ed9adbe21f49b247f97,ARB,0.5112723
0x7824282944b7cc7b8ef86ed9adbe21f49b247f97,BOME,0.44962808
0x7824282944b7cc7b8ef86ed9adbe21f49b247f97,HYPER,0.50362587
0x7824282944b7cc7b8ef86ed9adbe21f49b247f97,ETHFI,0.43947154
0x7824282944b7cc7b8ef86ed9adbe21f49b247f97,BRETT,0.5056191
0x7824282944b7cc7b8ef86ed9adbe21f49b247f97,W,0.49294162
0x7824282944b7cc7b8ef86ed9adbe21f49b247f97,GOAT,0.51221913
0x7824282944b7cc7b8ef86ed9adbe21f49b247f97,POPCAT,0.51943475
0x7824282944b7cc7b8ef86ed9adbe21f49b247f97,MERL,0.49310923
0x7824282944b7cc7b8ef86ed9adbe21f49b247f97,ZK,0.5026436
0x7824282944b7cc7b8ef86ed9adbe21f49b247f97,TNSR,0.50736177
0x7824282944b7cc7b8ef86ed9adbe21f49b247f97,AERO,0.5110769
0x7824282944b7cc7b8ef86ed9adbe21f49b247f97,REZ,0.5042243
0x7824282944b7cc7b8ef86ed9adbe21f49b247f97,NOT,0.47302213
0x7824282944b7cc7b8ef86ed9adbe21f49b247f97,MON,0.52220666
0x7824282944b7cc7b8ef86ed9adbe21f49b247f97,VIRTUAL,0.50761074
0x7824282944b7cc7b8ef86ed9adbe21f49b247f97,IO,0.50416404
0x7824282944b7cc7b8ef86ed9adbe21f49b247f97,ZRO,0.508609
0x7824282944b7cc7b8ef86ed9adbe21f49b247f97,WLD,0.46712282
0x7824282944b7cc7b8ef86ed9adbe21f49b247f97,NEIRO,0.51081735
0x7824282944b7cc7b8ef86ed9adbe21f49b247f97,EIGEN,0.50736874
0x7824282944b7cc7b8ef86ed9adbe21f49b247f97,MOVE,0.4961356
0x7824282944b7cc7b8ef86ed9adbe21f49b247f97,FARTCOIN,0.48958173
0x7824282944b7cc7b8ef86ed9adbe21f49b247f97,GRASS,0.44337088
0x7824282944b7cc7b8ef86ed9adbe21f49b247f97,PNUT,0.5140297
0x7824282944b7cc7b8ef86ed9adbe21f49b247f97,USUAL,0.4958836
0x7824282944b7cc7b8ef86ed9adbe21f49b247f97,MORPHO,0.53489864
0x7824282944b7cc7b8ef86ed9adbe21f49b247f97,AIXBT,0.5159593
0x7824282944b7cc7b8ef86ed9adbe21f49b247f97,HYPE,0.51002985
0x7824282944b7cc7b8ef86ed9adbe21f49b247f97,ME,0.51245236
0x7824282944b7cc7b8ef86ed9adbe21f49b247f97,PENGU,0.52066004
0x7824282944b7cc7b8ef86ed9adbe21f49b247f97,sENA,0.5096353
0x7824282944b7cc7b8ef86ed9adbe21f49b247f97,BIO,0.5032316
0x7824282944b7cc7b8ef86ed9adbe21f49b247f97,GRIFFAIN,0.48554018
0x7824282944b7cc7b8ef86ed9adbe21f49b247f97,MELANIA,0.51384634
0x7824282944b7cc7b8ef86ed9adbe21f49b247f97,VINE,0.50281024
0x7824282944b7cc7b8ef86ed9adbe21f49b247f97,ANIME,0.51753294
0x7824282944b7cc7b8ef86ed9adbe21f49b247f97,VVV,0.51401144
0x7824282944b7cc7b8ef86ed9adbe21f49b247f97,SYRUP,0.45415074
0x7824282944b7cc7b8ef86ed9adbe21f49b247f97,BERA,0.5025631
0x7824282944b7cc7b8ef86ed9adbe21f49b247f97,IP,0.5016863
0x7824282944b7cc7b8ef86ed9adbe21f49b247f97,KAITO,0.46940324
0x7824282944b7cc7b8ef86ed9adbe21f49b247f97,NIL,0.4139007
0x7824282944b7cc7b8ef86ed9adbe21f49b247f97,WCT,0.5088719
0x7824282944b7cc7b8ef86ed9adbe21f49b247f97,PUMP,0.5018661
0x7824282944b7cc7b8ef86ed9adbe21f49b247f97,INIT,0.5203033
0x7824282944b7cc7b8ef86ed9adbe21f49b247f97,SOPH,0.48392278
0x7824282944b7cc7b8ef86ed9adbe21f49b247f97,PROVE,0.5067553
0x7824282944b7cc7b8ef86ed9adbe21f49b247f97,WLFI,0.4668637
0x7824282944b7cc7b8ef86ed9adbe21f49b247f97,0G,0.473288
0x7824282944b7cc7b8ef86ed9adbe21f49b247f97,AVNT,0.46414164
0x7824282944b7cc7b8ef86ed9adbe21f49b247f97,ASTER,0.5321967
0x7824282944b7cc7b8ef86ed9adbe21f49b247f97,LINEA,0.5132762
0x7824282944b7cc7b8ef86ed9adbe21f49b247f97,HEMI,0.389956
0x7824282944b7cc7b8ef86ed9adbe21f49b247f97,XPL,0.51021147
0x7824282944b7cc7b8ef86ed9adbe21f49b247f97,2Z,0.48878273
0x7824282944b7cc7b8ef86ed9adbe21f49b247f97,CC,0.5018873
0x7de5ac173e8ee69177f6243cf9c70608f6e1ad05,BTC,-0.0225677545351795
0x7de5ac173e8ee69177f6243cf9c70608f6e1ad05,LTC,-0.0056606782084464
0x7de5ac173e8ee69177f6243cf9c70608f6e1ad05,XRP,0.0125460080469105
0x7de5ac173e8ee69177f6243cf9c70608f6e1ad05,DOGE,0.000005998410150397543
0x7de5ac173e8ee69177f6243cf9c70608f6e1ad05,DASH,0.0054451680345504
0x7de5ac173e8ee69177f6243cf9c70608f6e1ad05,XMR,0.0101741181131555
0x7de5ac173e8ee69177f6243cf9c70608f6e1ad05,XLM,0.006545315173814
0x7de5ac173e8ee69177f6243cf9c70608f6e1ad05,ETH,0.0003829281195862
0x7de5ac173e8ee69177f6243cf9c70608f6e1ad05,ETC,-0.0155851196741431
0x7de5ac173e8ee69177f6243cf9c70608f6e1ad05,ZEC,0.0007619863495485
0x7de5ac173e8ee69177f6243cf9c70608f6e1ad05,ZEN,0.0256956036483123
0x7de5ac173e8ee69177f6243cf9c70608f6e1ad05,IOTA,0.0192364585570683
0x7de5ac173e8ee69177f6243cf9c70608f6e1ad05,BCH,0.0192030430846245
0x7de5ac173e8ee69177f6243cf9c70608f6e1ad05,BNB,0.014944658594349
0x7de5ac173e8ee69177f6243cf9c70608f6e1ad05,TRX,-0.0002403372333357
0x7de5ac173e8ee69177f6243cf9c70608f6e1ad05,LINK,0.0270920917740725
0x7de5ac173e8ee69177f6243cf9c70608f6e1ad05,ADA,0.001459775143566
0x7de5ac173e8ee69177f6243cf9c70608f6e1ad05,FIL,0.0186333667200702
0x7de5ac173e8ee69177f6243cf9c70608f6e1ad05,SNX,0.0068263737009864
0x7de5ac173e8ee69177f6243cf9c70608f6e1ad05,BSV,0.0185205856969205
0x7de5ac173e8ee69177f6243cf9c70608f6e1ad05,FET,0.0207140380092346
0x7de5ac173e8ee69177f6243cf9c70608f6e1ad05,ATOM,0.0015077527200182
0x7de5ac173e8ee69177f6243cf9c70608f6e1ad05,RSR,-0.0021080623075751
0x7de5ac173e8ee69177f6243cf9c70608f6e1ad05,ALGO,0.0105743625371559
0x7de5ac173e8ee69177f6243cf9c70608f6e1ad05,RUNE,0.010681139999654
0x7de5ac173e8ee69177f6243cf9c70608f6e1ad05,LUNC,0.0144927425269092
0x7de5ac173e8ee69177f6243cf9c70608f6e1ad05,HBAR,0.0131744924248836
0x7de5ac173e8ee69177f6243cf9c70608f6e1ad05,PAXG,0.024410499660546
0x7de5ac173e8ee69177f6243cf9c70608f6e1ad05,STX,0.0077581832859594
0x7de5ac173e8ee69177f6243cf9c70608f6e1ad05,TRB,0.0143025900720819
0x7de5ac173e8ee69177f6243cf9c70608f6e1ad05,SOL,0.0194682288374184
0x7de5ac173e8ee69177f6243cf9c70608f6e1ad05,CELO,0.0208821949116123
0x7de5ac173e8ee69177f6243cf9c70608f6e1ad05,UMA,0.0164953284185939
0x7de5ac173e8ee69177f6243cf9c70608f6e1ad05,AR,0.0137118657979957
0x7de5ac173e8ee69177f6243cf9c70608f6e1ad05,RENDER,0.019003525565835
0x7de5ac173e8ee69177f6243cf9c70608f6e1ad05,COMP,0.031720602111019
0x7de5ac173e8ee69177f6243cf9c70608f6e1ad05,AVAX,0.0108266134864419
0x7de5ac173e8ee69177f6243cf9c70608f6e1ad05,SHIB,0.0104583845705962
0x7de5ac173e8ee69177f6243cf9c70608f6e1ad05,SAND,0.009205552446258
0x7de5ac173e8ee69177f6243cf9c70608f6e1ad05,NEAR,0.0180106340438401
0x7de5ac173e8ee69177f6243cf9c70608f6e1ad05,CRV,0.0019338678383053
0x7de5ac173e8ee69177f6243cf9c70608f6e1ad05,DOT,0.0146905639536221
0x7de5ac173e8ee69177f6243cf9c70608f6e1ad05,SUSHI,0.0153438137492413
0x7de5ac173e8ee69177f6243cf9c70608f6e1ad05,AXS,0.018475881806557
0x7de5ac173e8ee69177f6243cf9c70608f6e1ad05,GALA,0.0148386485206356
0x7de5ac173e8ee69177f6243cf9c70608f6e1ad05,UNI,0.0001412781061817
0x7de5ac173e8ee69177f6243cf9c70608f6e1ad05,CAKE,0.0036902483130732
0x7de5ac173e8ee69177f6243cf9c70608f6e1ad05,INJ,0.0103008943664909
0x7de5ac173e8ee69177f6243cf9c70608f6e1ad05,AAVE,0.0158099447387428
0x7de5ac173e8ee69177f6243cf9c70608f6e1ad05,CFX,0.0072850629415556
0x7de5ac173e8ee69177f6243cf9c70608f6e1ad05,LDO,0.0092320804264636
0x7de5ac173e8ee69177f6243cf9c70608f6e1ad05,MINA,0.0043641255713812
0x7de5ac173e8ee69177f6243cf9c70608f6e1ad05,ICP,0.0018273382809045
0x7de5ac173e8ee69177f6243cf9c70608f6e1ad05,PENDLE,0.0196788858624647
0x7de5ac173e8ee69177f6243cf9c70608f6e1ad05,IMX,0.013101441746375
0x7de5ac173e8ee69177f6243cf9c70608f6e1ad05,FLOKI,0.0157177696594684
0x7de5ac173e8ee69177f6243cf9c70608f6e1ad05,OP,-0.0006937730466369
0x7de5ac173e8ee69177f6243cf9c70608f6e1ad05,ARB,0.0022266332217937
0x7de5ac173e8ee69177f6243cf9c70608f6e1ad05,GMX,0.0183223331969602
0x7de5ac173e8ee69177f6243cf9c70608f6e1ad05,WLD,0.0013173829363245
0x7de5ac173e8ee69177f6243cf9c70608f6e1ad05,MANTA,0.020353352984521
0x7de5ac173e8ee69177f6243cf9c70608f6e1ad05,ENS,0.0092201245738903
0x7de5ac173e8ee69177f6243cf9c70608f6e1ad05,PEOPLE,0.0055611613570727
0x7de5ac173e8ee69177f6243cf9c70608f6e1ad05,GMT,0.009210700062078
0x7de5ac173e8ee69177f6243cf9c70608f6e1ad05,APE,0.0143758777999068
0x7de5ac173e8ee69177f6243cf9c70608f6e1ad05,APEX,0.0043153687980971
0x7de5ac173e8ee69177f6243cf9c70608f6e1ad05,KAS,0.0217267135659662
0x7de5ac173e8ee69177f6243cf9c70608f6e1ad05,SUI,0.0120272086193629
0x7de5ac173e8ee69177f6243cf9c70608f6e1ad05,ONDO,0.0115847776857301
0x7de5ac173e8ee69177f6243cf9c70608f6e1ad05,ZETA,0.0163822727760606
0x7de5ac173e8ee69177f6243cf9c70608f6e1ad05,APT,0.0116881277253734
0x7de5ac173e8ee69177f6243cf9c70608f6e1ad05,STRK,0.0231638459401667
0x7de5ac173e8ee69177f6243cf9c70608f6e1ad05,TIA,0.0193295864335195
0x7de5ac173e8ee69177f6243cf9c70608f6e1ad05,TAO,0.0101369263291876
0x7de5ac173e8ee69177f6243cf9c70608f6e1ad05,BONK,0.0234924029842805
0x7de5ac173e8ee69177f6243cf9c70608f6e1ad05,BLUR,0.0113807816664842
0x7de5ac173e8ee69177f6243cf9c70608f6e1ad05,SEI,0.0156963919898145
0x7de5ac173e8ee69177f6243cf9c70608f6e1ad05,ZK,0.0184796321947207
0x7de5ac173e8ee69177f6243cf9c70608f6e1ad05,PEPE,0.0003088075639704
0x7de5ac173e8ee69177f6243cf9c70608f6e1ad05,BERA,0.0143993816345591
0x7de5ac173e8ee69177f6243cf9c70608f6e1ad05,TURBO,0.015857466260062
0x7de5ac173e8ee69177f6243cf9c70608f6e1ad05,ORDI,0.0235800505549066
0x7de5ac173e8ee69177f6243cf9c70608f6e1ad05,ZRO,0.0222389672417533
0x7de5ac173e8ee69177f6243cf9c70608f6e1ad05,MNT,0.0093714163340573
0x7de5ac173e8ee69177f6243cf9c70608f6e1ad05,LINEA,0.0179469150839899
0x7de5ac173e8ee69177f6243cf9c70608f6e1ad05,PYTH,0.0365252803361584
0x7de5ac173e8ee69177f6243cf9c70608f6e1ad05,MEME,0.0026919527304412
0x7de5ac173e8ee69177f6243cf9c70608f6e1ad05,POL,-0.0012469934014179
0x7de5ac173e8ee69177f6243cf9c70608f6e1ad05,JTO,-0.0039970147502863
0x7de5ac173e8ee69177f6243cf9c70608f6e1ad05,WIF,0.0172685132220433
0x7de5ac173e8ee69177f6243cf9c70608f6e1ad05,POPCAT,0.0159130778348078
0x7de5ac173e8ee69177f6243cf9c70608f6e1ad05,NOT,-0.00005246220013682793
0x7de5ac173e8ee69177f6243cf9c70608f6e1ad05,DYM,0.0091243688463464
0x7de5ac173e8ee69177f6243cf9c70608f6e1ad05,XAI,-0.0137476646727887
0x7de5ac173e8ee69177f6243cf9c70608f6e1ad05,ALT,-0.000936553983661
0x7de5ac173e8ee69177f6243cf9c70608f6e1ad05,JUP,0.0330905592453683
0x7de5ac173e8ee69177f6243cf9c70608f6e1ad05,AERO,0.017726813173012
0x7de5ac173e8ee69177f6243cf9c70608f6e1ad05,VIRTUAL,0.0063214186921932
0x7de5ac173e8ee69177f6243cf9c70608f6e1ad05,W,0.0103717574523977
0x7de5ac173e8ee69177f6243cf9c70608f6e1ad05,BRETT,0.023088245992929
0x7de5ac173e8ee69177f6243cf9c70608f6e1ad05,ETHFI,-0.0252483372376522
0x7de5ac173e8ee69177f6243cf9c70608f6e1ad05,IO,0.0171575315154695
0x7de5ac173e8ee69177f6243cf9c70608f6e1ad05,BOME,-0.0051656700710428
0x7de5ac173e8ee69177f6243cf9c70608f6e1ad05,sENA,0.0116897301743234
0x7de5ac173e8ee69177f6243cf9c70608f6e1ad05,TNSR,0.0158659615370005
0x7de5ac173e8ee69177f6243cf9c70608f6e1ad05,EIGEN,0.0247175416549625
0x7de5ac173e8ee69177f6243cf9c70608f6e1ad05,MON,0.0182601841275814
0x7de5ac173e8ee69177f6243cf9c70608f6e1ad05,MERL,0.0153655434779721
0x7de5ac173e8ee69177f6243cf9c70608f6e1ad05,REZ,0.0135899480899951
0x7de5ac173e8ee69177f6243cf9c70608f6e1ad05,SOPH,-0.0030332657162858
0x7de5ac173e8ee69177f6243cf9c70608f6e1ad05,HYPE,-0.0020599061219103
0x7de5ac173e8ee69177f6243cf9c70608f6e1ad05,ME,0.017599634332065
0x7de5ac173e8ee69177f6243cf9c70608f6e1ad05,BABY,0.0214209418280745
0x7de5ac173e8ee69177f6243cf9c70608f6e1ad05,MOVE,-0.016844438535646
0x7de5ac173e8ee69177f6243cf9c70608f6e1ad05,NEIRO,0.0184907250837698
0x7de5ac173e8ee69177f6243cf9c70608f6e1ad05,S,-0.0151511340584
0x7de5ac173e8ee69177f6243cf9c70608f6e1ad05,GRASS,-0.0020642038383986
0x7de5ac173e8ee69177f6243cf9c70608f6e1ad05,SKY,0.0031445284067307
0x7de5ac173e8ee69177f6243cf9c70608f6e1ad05,INIT,0.0141607509034644
0x7de5ac173e8ee69177f6243cf9c70608f6e1ad05,WCT,0.0191257359127448
0x7de5ac173e8ee69177f6243cf9c70608f6e1ad05,WLFI,-0.0054618488905435
0x7de5ac173e8ee69177f6243cf9c70608f6e1ad05,GOAT,0.0112936135238124
0x7de5ac173e8ee69177f6243cf9c70608f6e1ad05,FARTCOIN,0.0024927191228859
0x7de5ac173e8ee69177f6243cf9c70608f6e1ad05,PNUT,0.0177066759207821
0x7de5ac173e8ee69177f6243cf9c70608f6e1ad05,SYRUP,0.000894538115265
0x7de5ac173e8ee69177f6243cf9c70608f6e1ad05,USUAL,-0.0100337547788495
0x7de5ac173e8ee69177f6243cf9c70608f6e1ad05,AIXBT,0.0165080003092712
0x7de5ac173e8ee69177f6243cf9c70608f6e1ad05,MORPHO,0.0296586137498109
0x7de5ac173e8ee69177f6243cf9c70608f6e1ad05,PENGU,0.0246193019644829
0x7de5ac173e8ee69177f6243cf9c70608f6e1ad05,GRIFFAIN,-0.0033295475486363
0x7de5ac173e8ee69177f6243cf9c70608f6e1ad05,BIO,-0.0031265228557497
0x7de5ac173e8ee69177f6243cf9c70608f6e1ad05,ANIME,0.0274997441139873
0x7de5ac173e8ee69177f6243cf9c70608f6e1ad05,TRUMP,0.0149954871738433
0x7de5ac173e8ee69177f6243cf9c70608f6e1ad05,MELANIA,0.0068469909115849
0x7de5ac173e8ee69177f6243cf9c70608f6e1ad05,VINE,0.0275734983767831
0x7de5ac173e8ee69177f6243cf9c70608f6e1ad05,LAYER,-0.0063633106758561
0x7de5ac173e8ee69177f6243cf9c70608f6e1ad05,VVV,0.0176336813213809
0x7de5ac173e8ee69177f6243cf9c70608f6e1ad05,IP,-0.0135464852681914
0x7de5ac173e8ee69177f6243cf9c70608f6e1ad05,NIL,-0.0197374696935232
0x7de5ac173e8ee69177f6243cf9c70608f6e1ad05,KAITO,-0.0820096323253029
0x7de5ac173e8ee69177f6243cf9c70608f6e1ad05,ZORA,0.0230945670928099
0x7de5ac173e8ee69177f6243cf9c70608f6e1ad05,HYPER,0.0007402990161079
0x7de5ac173e8ee69177f6243cf9c70608f6e1ad05,ASTER,0.0297170756934275
0x7de5ac173e8ee69177f6243cf9c70608f6e1ad05,PUMP,-0.0450111507417871
0x7de5ac173e8ee69177f6243cf9c70608f6e1ad05,XPL,0.0111278721180004
0x7de5ac173e8ee69177f6243cf9c70608f6e1ad05,CC,-0.0019360204517897
0x7de5ac173e8ee69177f6243cf9c70608f6e1ad05,PROVE,0.0245176587907405
0x7de5ac173e8ee69177f6243cf9c70608f6e1ad05,HEMI,-0.0338823065439065
0x7de5ac173e8ee69177f6243cf9c70608f6e1ad05,AVNT,-0.0003086401982463
0x7de5ac173e8ee69177f6243cf9c70608f6e1ad05,0G,0.0005816274159056
0x7de5ac173e8ee69177f6243cf9c70608f6e1ad05,2Z,0.0042712321951868
0x7de5ac173e8ee69177f6243cf9c70608f6e1ad05,LIT,0.0037941575203641
0x81fbfb07888fff733958210796af7cbe4368ae5f,SKY,-84.52966880577912
0x81fbfb07888fff733958210796af7cbe4368ae5f,TRX,-96.76909705094512
0x81fbfb07888fff733958210796af7cbe4368ae5f,XLM,49.058562314216495
0x81fbfb07888fff733958210796af7cbe4368ae5f,XMR,-41.94451962990404
0x81fbfb07888fff733958210796af7cbe4368ae5f,XRP,-141.87296127570573
0x81fbfb07888fff733958210796af7cbe4368ae5f,ZEC,-136.62348596136638
0x81fbfb07888fff733958210796af7cbe4368ae5f,BCH,-65.49596124491411
0x81fbfb07888fff733958210796af7cbe4368ae5f,BTC,-937.0028457647796
0x81fbfb07888fff733958210796af7cbe4368ae5f,DOGE,-126.96414545613472
0x81fbfb07888fff733958210796af7cbe4368ae5f,ETC,-63.506989743740014
0x81fbfb07888fff733958210796af7cbe4368ae5f,LTC,-135.94156186455714
0x81fbfb07888fff733958210796af7cbe4368ae5f,ETH,-147.35520968057816
0x81fbfb07888fff733958210796af7cbe4368ae5f,ADA,-97.38074941294478
0x81fbfb07888fff733958210796af7cbe4368ae5f,LINK,-73.81065945387054
0x81fbfb07888fff733958210796af7cbe4368ae5f,S,-206.0452221058321
0x81fbfb07888fff733958210796af7cbe4368ae5f,ATOM,1.502886879526279
0x81fbfb07888fff733958210796af7cbe4368ae5f,SNX,-24.0700197235337
0x81fbfb07888fff733958210796af7cbe4368ae5f,RSR,-13.85245588773602
0x81fbfb07888fff733958210796af7cbe4368ae5f,ALGO,-30.11946621539021
0x81fbfb07888fff733958210796af7cbe4368ae5f,RUNE,-24.0700197235337
0x81fbfb07888fff733958210796af7cbe4368ae5f,TRB,-24.0700197235337
0x81fbfb07888fff733958210796af7cbe4368ae5f,SOL,29.85037604468452
0x81fbfb07888fff733958210796af7cbe4368ae5f,UMA,-24.0700197235337
0x81fbfb07888fff733958210796af7cbe4368ae5f,PAXG,-24.0700197235337
0x81fbfb07888fff733958210796af7cbe4368ae5f,COMP,-24.0700197235337
0x81fbfb07888fff733958210796af7cbe4368ae5f,AVAX,111.48744062356758
0x81fbfb07888fff733958210796af7cbe4368ae5f,SAND,-33.83260580970399
0x81fbfb07888fff733958210796af7cbe4368ae5f,CRV,-63.88943165264927
0x81fbfb07888fff733958210796af7cbe4368ae5f,LAYER,-115.7638983356638
0x81fbfb07888fff733958210796af7cbe4368ae5f,DOT,-104.71947098711888
0x81fbfb07888fff733958210796af7cbe4368ae5f,SUSHI,-24.0700197235337
0x81fbfb07888fff733958210796af7cbe4368ae5f,UNI,-50.588152526188495
0x81fbfb07888fff733958210796af7cbe4368ae5f,AAVE,-27.63987664785825
0x81fbfb07888fff733958210796af7cbe4368ae5f,NEAR,-24.0700197235337
0x81fbfb07888fff733958210796af7cbe4368ae5f,FIL,-35.092267032714
0x81fbfb07888fff733958210796af7cbe4368ae5f,AXS,-24.0700197235337
0x81fbfb07888fff733958210796af7cbe4368ae5f,INJ,-26.060377985896075
0x81fbfb07888fff733958210796af7cbe4368ae5f,ZORA,-24.0700197235337
0x81fbfb07888fff733958210796af7cbe4368ae5f,CELO,-27.63987664785825
0x81fbfb07888fff733958210796af7cbe4368ae5f,LIT,-28.228928494948025
0x81fbfb07888fff733958210796af7cbe4368ae5f,SHIB,-31.166633597077595
0x81fbfb07888fff733958210796af7cbe4368ae5f,ICP,-27.16374950464456
0x81fbfb07888fff733958210796af7cbe4368ae5f,RENDER,-74.67847283676227
0x81fbfb07888fff733958210796af7cbe4368ae5f,LDO,-24.0700197235337
0x81fbfb07888fff733958210796af7cbe4368ae5f,GALA,-24.0700197235337
0x81fbfb07888fff733958210796af7cbe4368ae5f,FET,-24.0700197235337
0x81fbfb07888fff733958210796af7cbe4368ae5f,ENS,-28.370985510866586
0x81fbfb07888fff733958210796af7cbe4368ae5f,IMX,-24.0700197235337
0x81fbfb07888fff733958210796af7cbe4368ae5f,PEOPLE,-17.614242095424213
0x81fbfb07888fff733958210796af7cbe4368ae5f,GMT,-22.91135963911172
0x81fbfb07888fff733958210796af7cbe4368ae5f,FLOKI,-24.0700197235337
0x81fbfb07888fff733958210796af7cbe4368ae5f,POL,-61.23487791014748
0x81fbfb07888fff733958210796af7cbe4368ae5f,APE,-66.08261988748292
0x81fbfb07888fff733958210796af7cbe4368ae5f,GMX,-24.0700197235337
0x81fbfb07888fff733958210796af7cbe4368ae5f,BLUR,-24.0700197235337
0x81fbfb07888fff733958210796af7cbe4368ae5f,PENDLE,-24.0700197235337
0x81fbfb07888fff733958210796af7cbe4368ae5f,LUNC,-17.659954503323767
0x81fbfb07888fff733958210796af7cbe4368ae5f,MINA,-24.0700197235337
0x81fbfb07888fff733958210796af7cbe4368ae5f,MEME,-72.50792874305107
0x81fbfb07888fff733958210796af7cbe4368ae5f,OP,-170.14072557299724
0x81fbfb07888fff733958210796af7cbe4368ae5f,ZEN,-24.0700197235337
0x81fbfb07888fff733958210796af7cbe4368ae5f,STRK,-24.0700197235337
0x81fbfb07888fff733958210796af7cbe4368ae5f,STX,-76.8092292550615
0x81fbfb07888fff733958210796af7cbe4368ae5f,CFX,-24.0700197235337
0x81fbfb07888fff733958210796af7cbe4368ae5f,CAKE,-61.64926437453928
0x81fbfb07888fff733958210796af7cbe4368ae5f,DASH,-24.0700197235337
0x81fbfb07888fff733958210796af7cbe4368ae5f,BSV,-24.0700197235337
0x81fbfb07888fff733958210796af7cbe4368ae5f,AR,-24.0700197235337
0x81fbfb07888fff733958210796af7cbe4368ae5f,APT,-24.0700197235337
0x81fbfb07888fff733958210796af7cbe4368ae5f,ALT,-35.08438199626741
0x81fbfb07888fff733958210796af7cbe4368ae5f,BNB,73.40523460722237
0x81fbfb07888fff733958210796af7cbe4368ae5f,BONK,-26.060377985896075
0x81fbfb07888fff733958210796af7cbe4368ae5f,BABY,-49.07101818160481
0x81fbfb07888fff733958210796af7cbe4368ae5f,HBAR,10.705136299954663
0x81fbfb07888fff733958210796af7cbe4368ae5f,KAS,-24.0700197235337
0x81fbfb07888fff733958210796af7cbe4368ae5f,PEPE,-57.90621969905091
0x81fbfb07888fff733958210796af7cbe4368ae5f,ORDI,-24.0700197235337
0x81fbfb07888fff733958210796af7cbe4368ae5f,SUI,-73.23937233073694
0x81fbfb07888fff733958210796af7cbe4368ae5f,MNT,-24.0700197235337
0x81fbfb07888fff733958210796af7cbe4368ae5f,IOTA,-75.96083945610764
0x81fbfb07888fff733958210796af7cbe4368ae5f,TURBO,-75.3180547036003
0x81fbfb07888fff733958210796af7cbe4368ae5f,TIA,-24.0700197235337
0x81fbfb07888fff733958210796af7cbe4368ae5f,SEI,-34.01274268872091
0x81fbfb07888fff733958210796af7cbe4368ae5f,TAO,-27.025736434279352
0x81fbfb07888fff733958210796af7cbe4368ae5f,JTO,-24.0700197235337
0x81fbfb07888fff733958210796af7cbe4368ae5f,PYTH,-75.3180547036003
0x81fbfb07888fff733958210796af7cbe4368ae5f,MANTA,-24.0700197235337
0x81fbfb07888fff733958210796af7cbe4368ae5f,ONDO,-24.0700197235337
0x81fbfb07888fff733958210796af7cbe4368ae5f,WIF,-18.524959801251946
0x81fbfb07888fff733958210796af7cbe4368ae5f,XAI,-24.0700197235337
0x81fbfb07888fff733958210796af7cbe4368ae5f,ZETA,-24.0700197235337
0x81fbfb07888fff733958210796af7cbe4368ae5f,JUP,-27.63987664785825
0x81fbfb07888fff733958210796af7cbe4368ae5f,DYM,-24.0700197235337
0x81fbfb07888fff733958210796af7cbe4368ae5f,TRUMP,79.64007663671971
0x81fbfb07888fff733958210796af7cbe4368ae5f,APEX,-24.0700197235337
0x81fbfb07888fff733958210796af7cbe4368ae5f,ARB,48.60805632577984
0x81fbfb07888fff733958210796af7cbe4368ae5f,BOME,-17.614242095424213
0x81fbfb07888fff733958210796af7cbe4368ae5f,HYPER,-31.291275563350197
0x81fbfb07888fff733958210796af7cbe4368ae5f,ETHFI,-116.25008924635148
0x81fbfb07888fff733958210796af7cbe4368ae5f,BRETT,-24.0700197235337
0x81fbfb07888fff733958210796af7cbe4368ae5f,W,-131.54452448879448
0x81fbfb07888fff733958210796af7cbe4368ae5f,GOAT,-115.51994709569644
0x81fbfb07888fff733958210796af7cbe4368ae5f,POPCAT,-24.0700197235337
0x81fbfb07888fff733958210796af7cbe4368ae5f,MERL,-24.0700197235337
0x81fbfb07888fff733958210796af7cbe4368ae5f,ZK,13.884931484000973
0x81fbfb07888fff733958210796af7cbe4368ae5f,TNSR,-24.0700197235337
0x81fbfb07888fff733958210796af7cbe4368ae5f,AERO,-24.0700197235337
0x81fbfb07888fff733958210796af7cbe4368ae5f,REZ,-24.0700197235337
0x81fbfb07888fff733958210796af7cbe4368ae5f,NOT,-24.0700197235337
0x81fbfb07888fff733958210796af7cbe4368ae5f,MON,-24.0700197235337
0x81fbfb07888fff733958210796af7cbe4368ae5f,VIRTUAL,-49.4819335616148
0x81fbfb07888fff733958210796af7cbe4368ae5f,IO,-30.716816664940676
0x81fbfb07888fff733958210796af7cbe4368ae5f,ZRO,-24.0700197235337
0x81fbfb07888fff733958210796af7cbe4368ae5f,WLD,-24.0700197235337
0x81fbfb07888fff733958210796af7cbe4368ae5f,NEIRO,-24.0700197235337
0x81fbfb07888fff733958210796af7cbe4368ae5f,EIGEN,-33.50488333430523
0x81fbfb07888fff733958210796af7cbe4368ae5f,MOVE,14279.102959272936
0x81fbfb07888fff733958210796af7cbe4368ae5f,FARTCOIN,9.882047391567935
0x81fbfb07888fff733958210796af7cbe4368ae5f,GRASS,-25.64951838549588
0x81fbfb07888fff733958210796af7cbe4368ae5f,PNUT,-24.0700197235337
0x81fbfb07888fff733958210796af7cbe4368ae5f,USUAL,-122.97079110608324
0x81fbfb07888fff733958210796af7cbe4368ae5f,MORPHO,-24.0700197235337
0x81fbfb07888fff733958210796af7cbe4368ae5f,AIXBT,-24.0700197235337
0x81fbfb07888fff733958210796af7cbe4368ae5f,HYPE,-179.59388115795224
0x81fbfb07888fff733958210796af7cbe4368ae5f,ME,-24.0700197235337
0x81fbfb07888fff733958210796af7cbe4368ae5f,PENGU,-25.64951838549588
0x81fbfb07888fff733958210796af7cbe4368ae5f,sENA,-24.0700197235337
0x81fbfb07888fff733958210796af7cbe4368ae5f,BIO,-0.6193960131934505
0x81fbfb07888fff733958210796af7cbe4368ae5f,GRIFFAIN,-17.614242095424213
0x81fbfb07888fff733958210796af7cbe4368ae5f,MELANIA,-24.0700197235337
0x81fbfb07888fff733958210796af7cbe4368ae5f,VINE,-24.0700197235337
0x81fbfb07888fff733958210796af7cbe4368ae5f,ANIME,-24.0700197235337
0x81fbfb07888fff733958210796af7cbe4368ae5f,VVV,-24.0700197235337
0x81fbfb07888fff733958210796af7cbe4368ae5f,SYRUP,-24.0700197235337
0x81fbfb07888fff733958210796af7cbe4368ae5f,BERA,-24.0700197235337
0x81fbfb07888fff733958210796af7cbe4368ae5f,IP,71.56156254121524
0x81fbfb07888fff733958210796af7cbe4368ae5f,KAITO,-112.8053920312683
0x81fbfb07888fff733958210796af7cbe4368ae5f,NIL,-17.614242095424213
0x81fbfb07888fff733958210796af7cbe4368ae5f,WCT,-24.0700197235337
0x81fbfb07888fff733958210796af7cbe4368ae5f,PUMP,-125.0130758436436
0x81fbfb07888fff733958210796af7cbe4368ae5f,INIT,-24.0700197235337
0x81fbfb07888fff733958210796af7cbe4368ae5f,SOPH,-24.0700197235337
0x81fbfb07888fff733958210796af7cbe4368ae5f,PROVE,-80.26085559115748
0x81fbfb07888fff733958210796af7cbe4368ae5f,WLFI,-38.960776706594885
0x81fbfb07888fff733958210796af7cbe4368ae5f,0G,-24.0700197235337
0x81fbfb07888fff733958210796af7cbe4368ae5f,AVNT,-24.0700197235337
0x81fbfb07888fff733958210796af7cbe4368ae5f,ASTER,-24.0700197235337
0x81fbfb07888fff733958210796af7cbe4368ae5f,LINEA,-24.0700197235337
0x81fbfb07888fff733958210796af7cbe4368ae5f,HEMI,-24.0700197235337
0x81fbfb07888fff733958210796af7cbe4368ae5f,XPL,-24.0700197235337
0x81fbfb07888fff733958210796af7cbe4368ae5f,2Z,-24.0700197235337
0x81fbfb07888fff733958210796af7cbe4368ae5f,CC,-101.27456732596544
0x8a8e1c4e454e092fc19c6cca2034bd22b29781e7,PEPE,-0.0013572574
0x8a8e1c4e454e092fc19c6cca2034bd22b29781e7,BRETT,-0.0011234283
0x8a8e1c4e454e092fc19c6cca2034bd22b29781e7,KAS,-0.000987947
0x8a8e1c4e454e092fc19c6cca2034bd22b29781e7,LUNC,-0.0009723902
0x8a8e1c4e454e092fc19c6cca2034bd22b29781e7,NIL,-0.0008534193
0x8a8e1c4e454e092fc19c6cca2034bd22b29781e7,STX,-0.00082820654
0x8a8e1c4e454e092fc19c6cca2034bd22b29781e7,SYRUP,-0.00070488453
0x8a8e1c4e454e092fc19c6cca2034bd22b29781e7,SUSHI,-0.0006830096
0x8a8e1c4e454e092fc19c6cca2034bd22b29781e7,MERL,-0.0006278753
0x8a8e1c4e454e092fc19c6cca2034bd22b29781e7,INIT,-0.00061923265
0x8a8e1c4e454e092fc19c6cca2034bd22b29781e7,RENDER,-0.0005876422
0x8a8e1c4e454e092fc19c6cca2034bd22b29781e7,ANIME,-0.0005541444
0x8a8e1c4e454e092fc19c6cca2034bd22b29781e7,PYTH,-0.00054359436
0x8a8e1c4e454e092fc19c6cca2034bd22b29781e7,POPCAT,-0.0005250573
0x8a8e1c4e454e092fc19c6cca2034bd22b29781e7,RUNE,-0.000513196
0x8a8e1c4e454e092fc19c6cca2034bd22b29781e7,AERO,-0.0005068183
0x8a8e1c4e454e092fc19c6cca2034bd22b29781e7,NEIRO,-0.0005068183
0x8a8e1c4e454e092fc19c6cca2034bd22b29781e7,GOAT,-0.00050628185
0x8a8e1c4e454e092fc19c6cca2034bd22b29781e7,ASTER,-0.00048601627
0x8a8e1c4e454e092fc19c6cca2034bd22b29781e7,TAO,-0.0004567504
0x8a8e1c4e454e092fc19c6cca2034bd22b29781e7,UMA,-0.00045329332
0x8a8e1c4e454e092fc19c6cca2034bd22b29781e7,AXS,-0.0004413724
0x8a8e1c4e454e092fc19c6cca2034bd22b29781e7,SUI,-0.0004401207
0x8a8e1c4e454e092fc19c6cca2034bd22b29781e7,MELANIA,-0.00043600798
0x8a8e1c4e454e092fc19c6cca2034bd22b29781e7,SEI,-0.00042062998
0x8a8e1c4e454e092fc19c6cca2034bd22b29781e7,ENS,-0.00041151047
0x8a8e1c4e454e092fc19c6cca2034bd22b29781e7,LINEA,-0.00040453672
0x8a8e1c4e454e092fc19c6cca2034bd22b29781e7,GMX,-0.00039720535
0x8a8e1c4e454e092fc19c6cca2034bd22b29781e7,VVV,-0.0003746748
0x8a8e1c4e454e092fc19c6cca2034bd22b29781e7,NOT,-0.00036901236
0x8a8e1c4e454e092fc19c6cca2034bd22b29781e7,TNSR,-0.00036406517
0x8a8e1c4e454e092fc19c6cca2034bd22b29781e7,SOPH,-0.00035864115
0x8a8e1c4e454e092fc19c6cca2034bd22b29781e7,SAND,-0.0003567338
0x8a8e1c4e454e092fc19c6cca2034bd22b29781e7,SNX,-0.00035321712
0x8a8e1c4e454e092fc19c6cca2034bd22b29781e7,ZEN,-0.00035130978
0x8a8e1c4e454e092fc19c6cca2034bd22b29781e7,GALA,-0.0003386736
0x8a8e1c4e454e092fc19c6cca2034bd22b29781e7,BONK,-0.00033694506
0x8a8e1c4e454e092fc19c6cca2034bd22b29781e7,HBAR,-0.0003284812
0x8a8e1c4e454e092fc19c6cca2034bd22b29781e7,2Z,-0.000312984
0x8a8e1c4e454e092fc19c6cca2034bd22b29781e7,FARTCOIN,-0.00030952692
0x8a8e1c4e454e092fc19c6cca2034bd22b29781e7,TRB,-0.0003080964
0x8a8e1c4e454e092fc19c6cca2034bd22b29781e7,PENGU,-0.0002937317
0x8a8e1c4e454e092fc19c6cca2034bd22b29781e7,AVNT,-0.00028848648
0x8a8e1c4e454e092fc19c6cca2034bd22b29781e7,WCT,-0.00028437376
0x8a8e1c4e454e092fc19c6cca2034bd22b29781e7,STRK,-0.00026768446
0x8a8e1c4e454e092fc19c6cca2034bd22b29781e7,ZETA,-0.0002655983
0x8a8e1c4e454e092fc19c6cca2034bd22b29781e7,LIT,-0.00025761127
0x8a8e1c4e454e092fc19c6cca2034bd22b29781e7,UNI,-0.00025600195
0x8a8e1c4e454e092fc19c6cca2034bd22b29781e7,CAKE,-0.00024175644
0x8a8e1c4e454e092fc19c6cca2034bd22b29781e7,SKY,-0.00024157763
0x8a8e1c4e454e092fc19c6cca2034bd22b29781e7,sENA,-0.00024038553
0x8a8e1c4e454e092fc19c6cca2034bd22b29781e7,TIA,-0.0002399087
0x8a8e1c4e454e092fc19c6cca2034bd22b29781e7,GRIFFAIN,-0.0002374053
0x8a8e1c4e454e092fc19c6cca2034bd22b29781e7,IMX,-0.0002373457
0x8a8e1c4e454e092fc19c6cca2034bd22b29781e7,PEOPLE,-0.00023126602
0x8a8e1c4e454e092fc19c6cca2034bd22b29781e7,0G,-0.00022810698
0x8a8e1c4e454e092fc19c6cca2034bd22b29781e7,HEMI,-0.0002194047
0x8a8e1c4e454e092fc19c6cca2034bd22b29781e7,PNUT,-0.00021475554
0x8a8e1c4e454e092fc19c6cca2034bd22b29781e7,MANTA,-0.0002092123
0x8a8e1c4e454e092fc19c6cca2034bd22b29781e7,LDO,-0.000192523
0x8a8e1c4e454e092fc19c6cca2034bd22b29781e7,BLUR,-0.00019180775
0x8a8e1c4e454e092fc19c6cca2034bd22b29781e7,AIXBT,-0.00018775463
0x8a8e1c4e454e092fc19c6cca2034bd22b29781e7,BERA,-0.00018513203
0x8a8e1c4e454e092fc19c6cca2034bd22b29781e7,DYM,-0.00018268824
0x8a8e1c4e454e092fc19c6cca2034bd22b29781e7,BCH,-0.0001822114
0x8a8e1c4e454e092fc19c6cca2034bd22b29781e7,VINE,-0.00017875433
0x8a8e1c4e454e092fc19c6cca2034bd22b29781e7,MINA,-0.00017869473
0x8a8e1c4e454e092fc19c6cca2034bd22b29781e7,IOTA,-0.00017780066
0x8a8e1c4e454e092fc19c6cca2034bd22b29781e7,COMP,-0.00017130375
0x8a8e1c4e454e092fc19c6cca2034bd22b29781e7,APE,-0.00016379356
0x8a8e1c4e454e092fc19c6cca2034bd22b29781e7,ME,-0.00016337633
0x8a8e1c4e454e092fc19c6cca2034bd22b29781e7,EIGEN,-0.0001604557
0x8a8e1c4e454e092fc19c6cca2034bd22b29781e7,TURBO,-0.00015860796
0x8a8e1c4e454e092fc19c6cca2034bd22b29781e7,WLFI,-0.00015723705
0x8a8e1c4e454e092fc19c6cca2034bd22b29781e7,POL,-0.00015068054
0x8a8e1c4e454e092fc19c6cca2034bd22b29781e7,TRUMP,-0.00014460087
0x8a8e1c4e454e092fc19c6cca2034bd22b29781e7,CFX,-0.00014078617
0x8a8e1c4e454e092fc19c6cca2034bd22b29781e7,BIO,-0.00013923645
0x8a8e1c4e454e092fc19c6cca2034bd22b29781e7,PAXG,-0.00013870001
0x8a8e1c4e454e092fc19c6cca2034bd22b29781e7,ALGO,-0.00013619661
0x8a8e1c4e454e092fc19c6cca2034bd22b29781e7,APEX,-0.00013566017
0x8a8e1c4e454e092fc19c6cca2034bd22b29781e7,ETHFI,-0.0001322627
0x8a8e1c4e454e092fc19c6cca2034bd22b29781e7,AAVE,-0.00012528896
0x8a8e1c4e454e092fc19c6cca2034bd22b29781e7,ARB,-0.000121593475
0x8a8e1c4e454e092fc19c6cca2034bd22b29781e7,BSV,-0.00012087822
0x8a8e1c4e454e092fc19c6cca2034bd22b29781e7,SHIB,-0.000120699406
0x8a8e1c4e454e092fc19c6cca2034bd22b29781e7,FLOKI,-0.0001103282
0x8a8e1c4e454e092fc19c6cca2034bd22b29781e7,ORDI,-0.00009381771
0x8a8e1c4e454e092fc19c6cca2034bd22b29781e7,MOVE,-0.000083863735
0x8a8e1c4e454e092fc19c6cca2034bd22b29781e7,REZ,-0.00006920099
0x8a8e1c4e454e092fc19c6cca2034bd22b29781e7,BOME,-0.00006443262
0x8a8e1c4e454e092fc19c6cca2034bd22b29781e7,MON,-0.000045657158
0x8a8e1c4e454e092fc19c6cca2034bd22b29781e7,APT,-0.000036895275
0x8a8e1c4e454e092fc19c6cca2034bd22b29781e7,WIF,-0.000036537647
0x8a8e1c4e454e092fc19c6cca2034bd22b29781e7,DOGE,-0.00003606081
0x8a8e1c4e454e092fc19c6cca2034bd22b29781e7,DASH,-0.000034034252
0x8a8e1c4e454e092fc19c6cca2034bd22b29781e7,JTO,-0.000031232834
0x8a8e1c4e454e092fc19c6cca2034bd22b29781e7,XAI,-0.000026643276
0x8a8e1c4e454e092fc19c6cca2034bd22b29781e7,ZRO,-0.000024318695
0x8a8e1c4e454e092fc19c6cca2034bd22b29781e7,LTC,-0.000021159649
0x8a8e1c4e454e092fc19c6cca2034bd22b29781e7,CELO,-0.00001680851
0x8a8e1c4e454e092fc19c6cca2034bd22b29781e7,WLD,-0.00001680851
0x8a8e1c4e454e092fc19c6cca2034bd22b29781e7,ZEC,-0.000013947487
0x8a8e1c4e454e092fc19c6cca2034bd22b29781e7,MNT,-0.000003516674
0x8a8e1c4e454e092fc19c6cca2034bd22b29781e7,FET,0.0
0x8a8e1c4e454e092fc19c6cca2034bd22b29781e7,XLM,0.0
0x8a8e1c4e454e092fc19c6cca2034bd22b29781e7,W,0.0
0x8a8e1c4e454e092fc19c6cca2034bd22b29781e7,PUMP,0.0
0x8a8e1c4e454e092fc19c6cca2034bd22b29781e7,GMT,0.0
0x8a8e1c4e454e092fc19c6cca2034bd22b29781e7,FIL,7.1525574E-7
0x8a8e1c4e454e092fc19c6cca2034bd22b29781e7,IP,0.0000010728836
0x8a8e1c4e454e092fc19c6cca2034bd22b29781e7,LINK,0.0000023841858
0x8a8e1c4e454e092fc19c6cca2034bd22b29781e7,IO,0.0000026226044
0x8a8e1c4e454e092fc19c6cca2034bd22b29781e7,DOT,0.000002861023
0x8a8e1c4e454e092fc19c6cca2034bd22b29781e7,ONDO,0.000002861023
0x8a8e1c4e454e092fc19c6cca2034bd22b29781e7,BTC,0.00005054474
0x8a8e1c4e454e092fc19c6cca2034bd22b29781e7,HYPER,0.000059962273
0x8a8e1c4e454e092fc19c6cca2034bd22b29781e7,MORPHO,0.00007510185
0x8a8e1c4e454e092fc19c6cca2034bd22b29781e7,HYPE,0.00010430813
0x8a8e1c4e454e092fc19c6cca2034bd22b29781e7,ZK,0.000104784966
0x8a8e1c4e454e092fc19c6cca2034bd22b29781e7,ICP,0.000109791756
0x8a8e1c4e454e092fc19c6cca2034bd22b29781e7,ADA,0.00012779236
0x8a8e1c4e454e092fc19c6cca2034bd22b29781e7,AR,0.00014972687
0x8a8e1c4e454e092fc19c6cca2034bd22b29781e7,ZORA,0.00015127659
0x8a8e1c4e454e092fc19c6cca2034bd22b29781e7,USUAL,0.00016283989
0x8a8e1c4e454e092fc19c6cca2034bd22b29781e7,GRASS,0.0001680851
0x8a8e1c4e454e092fc19c6cca2034bd22b29781e7,JUP,0.00016975403
0x8a8e1c4e454e092fc19c6cca2034bd22b29781e7,S,0.00018453598
0x8a8e1c4e454e092fc19c6cca2034bd22b29781e7,MEME,0.0002206564
0x8a8e1c4e454e092fc19c6cca2034bd22b29781e7,XPL,0.00022625923
0x8a8e1c4e454e092fc19c6cca2034bd22b29781e7,BNB,0.00028932095
0x8a8e1c4e454e092fc19c6cca2034bd22b29781e7,KAITO,0.0004130602
0x8a8e1c4e454e092fc19c6cca2034bd22b29781e7,VIRTUAL,0.00041353703
0x8a8e1c4e454e092fc19c6cca2034bd22b29781e7,ATOM,0.00045764446
0x8a8e1c4e454e092fc19c6cca2034bd22b29781e7,ETC,0.00049722195
0x8a8e1c4e454e092fc19c6cca2034bd22b29781e7,PENDLE,0.0005130768
0x8a8e1c4e454e092fc19c6cca2034bd22b29781e7,NEAR,0.00055503845
0x8a8e1c4e454e092fc19c6cca2034bd22b29781e7,ETH,0.0005649328
0x8a8e1c4e454e092fc19c6cca2034bd22b29781e7,SOL,0.0005649328
0x8a8e1c4e454e092fc19c6cca2034bd22b29781e7,INJ,0.0007022619
0x8a8e1c4e454e092fc19c6cca2034bd22b29781e7,TRX,0.0007457733
0x8a8e1c4e454e092fc19c6cca2034bd22b29781e7,AVAX,0.00076568127
0x8a8e1c4e454e092fc19c6cca2034bd22b29781e7,OP,0.0008263588
0x8a8e1c4e454e092fc19c6cca2034bd22b29781e7,RSR,0.0010988712
0x8a8e1c4e454e092fc19c6cca2034bd22b29781e7,PROVE,0.001201868
0x8a8e1c4e454e092fc19c6cca2034bd22b29781e7,XRP,0.0012292862
0x8a8e1c4e454e092fc19c6cca2034bd22b29781e7,BABY,0.0012737513
0x8a8e1c4e454e092fc19c6cca2034bd22b29781e7,CC,0.0016824007
0x8a8e1c4e454e092fc19c6cca2034bd22b29781e7,CRV,0.002017498
0x8a8e1c4e454e092fc19c6cca2034bd22b29781e7,LAYER,0.0020914078
0x8a8e1c4e454e092fc19c6cca2034bd22b29781e7,ALT,0.0021220446
0x8a8e1c4e454e092fc19c6cca2034bd22b29781e7,XMR,0.0032801628
0x9250dbb45c4883de42348897b676ad11d6f5703c,AVNT,-0.0625
0x9250dbb45c4883de42348897b676ad11d6f5703c,BABY,-0.0625
0x9250dbb45c4883de42348897b676ad11d6f5703c,BNB,0.0625
0x9250dbb45c4883de42348897b676ad11d6f5703c,BOME,-0.0625
0x9250dbb45c4883de42348897b676ad11d6f5703c,CAKE,0.0625
0x9250dbb45c4883de42348897b676ad11d6f5703c,ETH,0.0625
0x9250dbb45c4883de42348897b676ad11d6f5703c,IP,-0.0625
0x9250dbb45c4883de42348897b676ad11d6f5703c,JTO,-0.0625
0x9250dbb45c4883de42348897b676ad11d6f5703c,KAITO,-0.0625
0x9250dbb45c4883de42348897b676ad11d6f5703c,MERL,-0.0625
0x9250dbb45c4883de42348897b676ad11d6f5703c,MORPHO,0.0625
0x9250dbb45c4883de42348897b676ad11d6f5703c,NIL,-0.0625
0x9250dbb45c4883de42348897b676ad11d6f5703c,PAXG,0.0625
0x9250dbb45c4883de42348897b676ad11d6f5703c,SAND,0.0625
0x9250dbb45c4883de42348897b676ad11d6f5703c,TRX,0.0625
0x9250dbb45c4883de42348897b676ad11d6f5703c,XMR,0.0625
0x9250dbb45c4883de42348897b676ad11d6f5703c,GRIFFAIN,0.0
0x9250dbb45c4883de42348897b676ad11d6f5703c,ADA,0.0
0x9250dbb45c4883de42348897b676ad11d6f5703c,BRETT,0.0
0x9250dbb45c4883de42348897b676ad11d6f5703c,PYTH,0.0
0x9250dbb45c4883de42348897b676ad11d6f5703c,IOTA,0.0
0x9250dbb45c4883de42348897b676ad11d6f5703c,SUI,0.0
0x9250dbb45c4883de42348897b676ad11d6f5703c,ZORA,0.0
0x9250dbb45c4883de42348897b676ad11d6f5703c,RENDER,0.0
0x9250dbb45c4883de42348897b676ad11d6f5703c,SHIB,0.0
0x9250dbb45c4883de42348897b676ad11d6f5703c,UMA,0.0
0x9250dbb45c4883de42348897b676ad11d6f5703c,W,0.0
0x9250dbb45c4883de42348897b676ad11d6f5703c,NEIRO,0.0
0x9250dbb45c4883de42348897b676ad11d6f5703c,ANIME,0.0
0x9250dbb45c4883de42348897b676ad11d6f5703c,TRUMP,0.0
0x9250dbb45c4883de42348897b676ad11d6f5703c,PEOPLE,0.0
0x9250dbb45c4883de42348897b676ad11d6f5703c,LAYER,0.0
0x9250dbb45c4883de42348897b676ad11d6f5703c,LIT,0.0
0x9250dbb45c4883de42348897b676ad11d6f5703c,LTC,0.0
0x9250dbb45c4883de42348897b676ad11d6f5703c,ALGO,0.0
0x9250dbb45c4883de42348897b676ad11d6f5703c,DYM,0.0
0x9250dbb45c4883de42348897b676ad11d6f5703c,LINEA,0.0
0x9250dbb45c4883de42348897b676ad11d6f5703c,POPCAT,0.0
0x9250dbb45c4883de42348897b676ad11d6f5703c,VVV,0.0
0x9250dbb45c4883de42348897b676ad11d6f5703c,ONDO,0.0
0x9250dbb45c4883de42348897b676ad11d6f5703c,WLFI,0.0
0x9250dbb45c4883de42348897b676ad11d6f5703c,GMX,0.0
0x9250dbb45c4883de42348897b676ad11d6f5703c,IO,0.0
0x9250dbb45c4883de42348897b676ad11d6f5703c,XAI,0.0
0x9250dbb45c4883de42348897b676ad11d6f5703c,PNUT,0.0
0x9250dbb45c4883de42348897b676ad11d6f5703c,WCT,0.0
0x9250dbb45c4883de42348897b676ad11d6f5703c,ORDI,0.0
0x9250dbb45c4883de42348897b676ad11d6f5703c,ZEC,0.0
0x9250dbb45c4883de42348897b676ad11d6f5703c,STRK,0.0
0x9250dbb45c4883de42348897b676ad11d6f5703c,TIA,0.0
0x9250dbb45c4883de42348897b676ad11d6f5703c,SYRUP,0.0
0x9250dbb45c4883de42348897b676ad11d6f5703c,BIO,0.0
0x9250dbb45c4883de42348897b676ad11d6f5703c,ZK,0.0
0x9250dbb45c4883de42348897b676ad11d6f5703c,MANTA,0.0
0x9250dbb45c4883de42348897b676ad11d6f5703c,PEPE,0.0
0x9250dbb45c4883de42348897b676ad11d6f5703c,SEI,0.0
0x9250dbb45c4883de42348897b676ad11d6f5703c,TNSR,0.0
0x9250dbb45c4883de42348897b676ad11d6f5703c,LINK,0.0
0x9250dbb45c4883de42348897b676ad11d6f5703c,HBAR,0.0
0x9250dbb45c4883de42348897b676ad11d6f5703c,BERA,0.0
0x9250dbb45c4883de42348897b676ad11d6f5703c,PENDLE,0.0
0x9250dbb45c4883de42348897b676ad11d6f5703c,AR,0.0
0x9250dbb45c4883de42348897b676ad11d6f5703c,RUNE,0.0
0x9250dbb45c4883de42348897b676ad11d6f5703c,LDO,0.0
0x9250dbb45c4883de42348897b676ad11d6f5703c,GMT,0.0
0x9250dbb45c4883de42348897b676ad11d6f5703c,BSV,0.0
0x9250dbb45c4883de42348897b676ad11d6f5703c,VIRTUAL,0.0
0x9250dbb45c4883de42348897b676ad11d6f5703c,INIT,0.0
0x9250dbb45c4883de42348897b676ad11d6f5703c,RSR,0.0
0x9250dbb45c4883de42348897b676ad11d6f5703c,PENGU,0.0
0x9250dbb45c4883de42348897b676ad11d6f5703c,AERO,0.0
0x9250dbb45c4883de42348897b676ad11d6f5703c,DOGE,0.0
0x9250dbb45c4883de42348897b676ad11d6f5703c,FLOKI,0.0
0x9250dbb45c4883de42348897b676ad11d6f5703c,UNI,0.0
0x9250dbb45c4883de42348897b676ad11d6f5703c,MELANIA,0.0
0x9250dbb45c4883de42348897b676ad11d6f5703c,TURBO,0.0
0x9250dbb45c4883de42348897b676ad11d6f5703c,GALA,0.0
0x9250dbb45c4883de42348897b676ad11d6f5703c,MON,0.0
0x9250dbb45c4883de42348897b676ad11d6f5703c,NEAR,0.0
0x9250dbb45c4883de42348897b676ad11d6f5703c,CFX,0.0
0x9250dbb45c4883de42348897b676ad11d6f5703c,GOAT,0.0
0x9250dbb45c4883de42348897b676ad11d6f5703c,BCH,0.0
0x9250dbb45c4883de42348897b676ad11d6f5703c,S,0.0
0x9250dbb45c4883de42348897b676ad11d6f5703c,TAO,0.0
0x9250dbb45c4883de42348897b676ad11d6f5703c,APE,0.0
0x9250dbb45c4883de42348897b676ad11d6f5703c,COMP,0.0
0x9250dbb45c4883de42348897b676ad11d6f5703c,HYPE,0.0
0x9250dbb45c4883de42348897b676ad11d6f5703c,XLM,0.0
0x9250dbb45c4883de42348897b676ad11d6f5703c,XPL,0.0
0x9250dbb45c4883de42348897b676ad11d6f5703c,SUSHI,0.0
0x9250dbb45c4883de42348897b676ad11d6f5703c,APT,0.0
0x9250dbb45c4883de42348897b676ad11d6f5703c,ME,0.0
0x9250dbb45c4883de42348897b676ad11d6f5703c,BONK,0.0
0x9250dbb45c4883de42348897b676ad11d6f5703c,FET,0.0
0x9250dbb45c4883de42348897b676ad11d6f5703c,PROVE,0.0
0x9250dbb45c4883de42348897b676ad11d6f5703c,WLD,0.0
0x9250dbb45c4883de42348897b676ad11d6f5703c,MNT,0.0
0x9250dbb45c4883de42348897b676ad11d6f5703c,WIF,0.0
0x9250dbb45c4883de42348897b676ad11d6f5703c,AXS,0.0
0x9250dbb45c4883de42348897b676ad11d6f5703c,LUNC,0.0
0x9250dbb45c4883de42348897b676ad11d6f5703c,APEX,0.0
0x9250dbb45c4883de42348897b676ad11d6f5703c,ETC,0.0
0x9250dbb45c4883de42348897b676ad11d6f5703c,ETHFI,0.0
0x9250dbb45c4883de42348897b676ad11d6f5703c,PUMP,0.0
0x9250dbb45c4883de42348897b676ad11d6f5703c,ARB,0.0
0x9250dbb45c4883de42348897b676ad11d6f5703c,IMX,0.0
0x9250dbb45c4883de42348897b676ad11d6f5703c,TRB,0.0
0x9250dbb45c4883de42348897b676ad11d6f5703c,ZRO,0.0
0x9250dbb45c4883de42348897b676ad11d6f5703c,BTC,0.0
0x9250dbb45c4883de42348897b676ad11d6f5703c,FARTCOIN,0.0
0x9250dbb45c4883de42348897b676ad11d6f5703c,SOL,0.0
0x9250dbb45c4883de42348897b676ad11d6f5703c,HEMI,0.0
0x9250dbb45c4883de42348897b676ad11d6f5703c,KAS,0.0
0x9250dbb45c4883de42348897b676ad11d6f5703c,2Z,0.0
0x9250dbb45c4883de42348897b676ad11d6f5703c,BLUR,0.0
0x9250dbb45c4883de42348897b676ad11d6f5703c,HYPER,0.0
0x9250dbb45c4883de42348897b676ad11d6f5703c,ALT,0.0
0x9250dbb45c4883de42348897b676ad11d6f5703c,DOT,0.0
0x9250dbb45c4883de42348897b676ad11d6f5703c,0G,0.0
0x9250dbb45c4883de42348897b676ad11d6f5703c,ASTER,0.0
0x9250dbb45c4883de42348897b676ad11d6f5703c,CC,0.0
0x9250dbb45c4883de42348897b676ad11d6f5703c,AIXBT,0.0
0x9250dbb45c4883de42348897b676ad11d6f5703c,GRASS,0.0
0x9250dbb45c4883de42348897b676ad11d6f5703c,ATOM,0.0
0x9250dbb45c4883de42348897b676ad11d6f5703c,VINE,0.0
0x9250dbb45c4883de42348897b676ad11d6f5703c,MEME,0.0
0x9250dbb45c4883de42348897b676ad11d6f5703c,DASH,0.0
0x9250dbb45c4883de42348897b676ad11d6f5703c,REZ,0.0
0x9250dbb45c4883de42348897b676ad11d6f5703c,NOT,0.0
0x9250dbb45c4883de42348897b676ad11d6f5703c,OP,0.0
0x9250dbb45c4883de42348897b676ad11d6f5703c,MINA,0.0
0x9250dbb45c4883de42348897b676ad11d6f5703c,sENA,0.0
0x9250dbb45c4883de42348897b676ad11d6f5703c,ICP,0.0
0x9250dbb45c4883de42348897b676ad11d6f5703c,FIL,0.0
0x9250dbb45c4883de42348897b676ad11d6f5703c,MOVE,0.0
0x9250dbb45c4883de42348897b676ad11d6f5703c,STX,0.0
0x9250dbb45c4883de42348897b676ad11d6f5703c,EIGEN,0.0
0x9250dbb45c4883de42348897b676ad11d6f5703c,ENS,0.0
0x9250dbb45c4883de42348897b676ad11d6f5703c,ZEN,0.0
0x9250dbb45c4883de42348897b676ad11d6f5703c,SNX,0.0
0x9250dbb45c4883de42348897b676ad11d6f5703c,CRV,0.0
0x9250dbb45c4883de42348897b676ad11d6f5703c,POL,0.0
0x9250dbb45c4883de42348897b676ad11d6f5703c,XRP,0.0
0x9250dbb45c4883de42348897b676ad11d6f5703c,ZETA,0.0
0x9250dbb45c4883de42348897b676ad11d6f5703c,SKY,0.0
0x9250dbb45c4883de42348897b676ad11d6f5703c,INJ,0.0
0x9250dbb45c4883de42348897b676ad11d6f5703c,USUAL,0.0
0x9250dbb45c4883de42348897b676ad11d6f5703c,SOPH,0.0
0x9250dbb45c4883de42348897b676ad11d6f5703c,CELO,0.0
0x9250dbb45c4883de42348897b676ad11d6f5703c,JUP,0.0
0x9250dbb45c4883de42348897b676ad11d6f5703c,AAVE,0.0
0x9250dbb45c4883de42348897b676ad11d6f5703c,AVAX,0.0
0x98e41d65e981a882afcb05d41939197da3465b6f,BTC,-0.0142998755607482
0x98e41d65e981a882afcb05d41939197da3465b6f,LTC,-0.0154022420057066
0x98e41d65e981a882afcb05d41939197da3465b6f,XRP,-0.0133533146687226
0x98e41d65e981a882afcb05d41939197da3465b6f,DOGE,-0.0133533146687226
0x98e41d65e981a882afcb05d41939197da3465b6f,DASH,-0.0133533146687226
0x98e41d65e981a882afcb05d41939197da3465b6f,XMR,-0.0133533146687226
0x98e41d65e981a882afcb05d41939197da3465b6f,XLM,-0.0133533146687226
0x98e41d65e981a882afcb05d41939197da3465b6f,ETH,-0.0154875324191127
0x98e41d65e981a882afcb05d41939197da3465b6f,ETC,-0.0134353286076728
0x98e41d65e981a882afcb05d41939197da3465b6f,ZEC,-0.0135769627454209
0x98e41d65e981a882afcb05d41939197da3465b6f,ZEN,-0.0133533146687226
0x98e41d65e981a882afcb05d41939197da3465b6f,IOTA,-0.0133533146687226
0x98e41d65e981a882afcb05d41939197da3465b6f,BCH,-0.0133533146687226
0x98e41d65e981a882afcb05d41939197da3465b6f,BNB,-0.0134353286076728
0x98e41d65e981a882afcb05d41939197da3465b6f,TRX,-0.014833783104227
0x98e41d65e981a882afcb05d41939197da3465b6f,LINK,-0.0133533146687226
0x98e41d65e981a882afcb05d41939197da3465b6f,ADA,-0.0133533146687226
0x98e41d65e981a882afcb05d41939197da3465b6f,FIL,-0.0133533146687226
0x98e41d65e981a882afcb05d41939197da3465b6f,SNX,-0.0133533146687226
0x98e41d65e981a882afcb05d41939197da3465b6f,BSV,-0.0156843766379453
0x98e41d65e981a882afcb05d41939197da3465b6f,FET,-0.0133533146687226
0x98e41d65e981a882afcb05d41939197da3465b6f,ATOM,-0.0133533146687226
0x98e41d65e981a882afcb05d41939197da3465b6f,RSR,-0.0141387800607027
0x98e41d65e981a882afcb05d41939197da3465b6f,ALGO,-0.0133533146687226
0x98e41d65e981a882afcb05d41939197da3465b6f,RUNE,-0.0133533146687226
0x98e41d65e981a882afcb05d41939197da3465b6f,LUNC,-0.0133533146687226
0x98e41d65e981a882afcb05d41939197da3465b6f,HBAR,-0.0133533146687226
0x98e41d65e981a882afcb05d41939197da3465b6f,PAXG,-0.0133533146687226
0x98e41d65e981a882afcb05d41939197da3465b6f,STX,-0.0133533146687226
0x98e41d65e981a882afcb05d41939197da3465b6f,TRB,-0.0133533146687226
0x98e41d65e981a882afcb05d41939197da3465b6f,SOL,-0.014833783104227
0x98e41d65e981a882afcb05d41939197da3465b6f,CELO,-0.0133533146687226
0x98e41d65e981a882afcb05d41939197da3465b6f,UMA,-0.0133533146687226
0x98e41d65e981a882afcb05d41939197da3465b6f,AR,-0.0133533146687226
0x98e41d65e981a882afcb05d41939197da3465b6f,RENDER,-0.0133533146687226
0x98e41d65e981a882afcb05d41939197da3465b6f,COMP,-0.0133533146687226
0x98e41d65e981a882afcb05d41939197da3465b6f,AVAX,-0.0133533146687226
0x98e41d65e981a882afcb05d41939197da3465b6f,SHIB,-0.0133533146687226
0x98e41d65e981a882afcb05d41939197da3465b6f,SAND,-0.0133533146687226
0x98e41d65e981a882afcb05d41939197da3465b6f,NEAR,-0.0133533146687226
0x98e41d65e981a882afcb05d41939197da3465b6f,CRV,-0.0156843766379453
0x98e41d65e981a882afcb05d41939197da3465b6f,DOT,-0.0133533146687226
0x98e41d65e981a882afcb05d41939197da3465b6f,SUSHI,-0.0133533146687226
0x98e41d65e981a882afcb05d41939197da3465b6f,AXS,-0.0133533146687226
0x98e41d65e981a882afcb05d41939197da3465b6f,GALA,-0.0133533146687226
0x98e41d65e981a882afcb05d41939197da3465b6f,UNI,-0.0133533146687226
0x98e41d65e981a882afcb05d41939197da3465b6f,CAKE,-0.0134353286076728
0x98e41d65e981a882afcb05d41939197da3465b6f,INJ,-0.0133533146687226
0x98e41d65e981a882afcb05d41939197da3465b6f,AAVE,-0.0133533146687226
0x98e41d65e981a882afcb05d41939197da3465b6f,CFX,-0.0133533146687226
0x98e41d65e981a882afcb05d41939197da3465b6f,LDO,-0.0133533146687226
0x98e41d65e981a882afcb05d41939197da3465b6f,MINA,-0.0133533146687226
0x98e41d65e981a882afcb05d41939197da3465b6f,ICP,-0.0133533146687226
0x98e41d65e981a882afcb05d41939197da3465b6f,PENDLE,-0.0133533146687226
0x98e41d65e981a882afcb05d41939197da3465b6f,IMX,-0.0133533146687226
0x98e41d65e981a882afcb05d41939197da3465b6f,FLOKI,-0.0133533146687226
0x98e41d65e981a882afcb05d41939197da3465b6f,OP,-0.0141387800607027
0x98e41d65e981a882afcb05d41939197da3465b6f,ARB,-0.0133533146687226
0x98e41d65e981a882afcb05d41939197da3465b6f,GMX,-0.0133533146687226
0x98e41d65e981a882afcb05d41939197da3465b6f,WLD,-0.0150258034013138
0x98e41d65e981a882afcb05d41939197da3465b6f,MANTA,-0.0133533146687226
0x98e41d65e981a882afcb05d41939197da3465b6f,ENS,-0.0133533146687226
0x98e41d65e981a882afcb05d41939197da3465b6f,PEOPLE,-0.0133533146687226
0x98e41d65e981a882afcb05d41939197da3465b6f,GMT,-0.0133533146687226
0x98e41d65e981a882afcb05d41939197da3465b6f,APE,-0.0133533146687226
0x98e41d65e981a882afcb05d41939197da3465b6f,APEX,-0.0133533146687226
0x98e41d65e981a882afcb05d41939197da3465b6f,KAS,-0.0133533146687226
0x98e41d65e981a882afcb05d41939197da3465b6f,SUI,-0.0133533146687226
0x98e41d65e981a882afcb05d41939197da3465b6f,ONDO,-0.0133533146687226
0x98e41d65e981a882afcb05d41939197da3465b6f,ZETA,-0.0133533146687226
0x98e41d65e981a882afcb05d41939197da3465b6f,APT,-0.0133533146687226
0x98e41d65e981a882afcb05d41939197da3465b6f,STRK,-0.0133533146687226
0x98e41d65e981a882afcb05d41939197da3465b6f,TIA,-0.0133533146687226
0x98e41d65e981a882afcb05d41939197da3465b6f,TAO,-0.0133533146687226
0x98e41d65e981a882afcb05d41939197da3465b6f,BONK,-0.0133533146687226
0x98e41d65e981a882afcb05d41939197da3465b6f,BLUR,-0.0133533146687226
0x98e41d65e981a882afcb05d41939197da3465b6f,SEI,-0.0133533146687226
0x98e41d65e981a882afcb05d41939197da3465b6f,ZK,-0.0133533146687226
0x98e41d65e981a882afcb05d41939197da3465b6f,PEPE,-0.0152457390872771
0x98e41d65e981a882afcb05d41939197da3465b6f,BERA,-0.0133533146687226
0x98e41d65e981a882afcb05d41939197da3465b6f,TURBO,-0.0133533146687226
0x98e41d65e981a882afcb05d41939197da3465b6f,ORDI,-0.0133533146687226
0x98e41d65e981a882afcb05d41939197da3465b6f,ZRO,-0.0133533146687226
0x98e41d65e981a882afcb05d41939197da3465b6f,MNT,-0.0133533146687226
0x98e41d65e981a882afcb05d41939197da3465b6f,LINEA,-0.0133533146687226
0x98e41d65e981a882afcb05d41939197da3465b6f,PYTH,-0.0133533146687226
0x98e41d65e981a882afcb05d41939197da3465b6f,MEME,-0.0133533146687226
0x98e41d65e981a882afcb05d41939197da3465b6f,POL,-0.0133533146687226
0x98e41d65e981a882afcb05d41939197da3465b6f,JTO,-0.0156843766379453
0x98e41d65e981a882afcb05d41939197da3465b6f,WIF,-0.0133533146687226
0x98e41d65e981a882afcb05d41939197da3465b6f,POPCAT,-0.0133533146687226
0x98e41d65e981a882afcb05d41939197da3465b6f,NOT,-0.0133533146687226
0x98e41d65e981a882afcb05d41939197da3465b6f,DYM,-0.0133533146687226
0x98e41d65e981a882afcb05d41939197da3465b6f,XAI,-0.0164662093073097
0x98e41d65e981a882afcb05d41939197da3465b6f,ALT,-0.0133533146687226
0x98e41d65e981a882afcb05d41939197da3465b6f,JUP,-0.0133533146687226
0x98e41d65e981a882afcb05d41939197da3465b6f,AERO,-0.0133533146687226
0x98e41d65e981a882afcb05d41939197da3465b6f,VIRTUAL,-0.0133533146687226
0x98e41d65e981a882afcb05d41939197da3465b6f,W,-0.0133533146687226
0x98e41d65e981a882afcb05d41939197da3465b6f,BRETT,-0.0133533146687226
0x98e41d65e981a882afcb05d41939197da3465b6f,ETHFI,-0.0188161600657807
0x98e41d65e981a882afcb05d41939197da3465b6f,IO,-0.0133533146687226
0x98e41d65e981a882afcb05d41939197da3465b6f,BOME,-0.0164662093073097
0x98e41d65e981a882afcb05d41939197da3465b6f,sENA,-0.0133533146687226
0x98e41d65e981a882afcb05d41939197da3465b6f,TNSR,-0.0133533146687226
0x98e41d65e981a882afcb05d41939197da3465b6f,EIGEN,-0.0133533146687226
0x98e41d65e981a882afcb05d41939197da3465b6f,MON,-0.0133533146687226
0x98e41d65e981a882afcb05d41939197da3465b6f,MERL,-0.0133533146687226
0x98e41d65e981a882afcb05d41939197da3465b6f,REZ,-0.0133533146687226
0x98e41d65e981a882afcb05d41939197da3465b6f,SOPH,-0.0133533146687226
0x98e41d65e981a882afcb05d41939197da3465b6f,HYPE,-0.0134353286076728
0x98e41d65e981a882afcb05d41939197da3465b6f,ME,-0.0133533146687226
0x98e41d65e981a882afcb05d41939197da3465b6f,BABY,-0.0141387800607027
0x98e41d65e981a882afcb05d41939197da3465b6f,MOVE,-0.0151277332424854
0x98e41d65e981a882afcb05d41939197da3465b6f,NEIRO,-0.0133533146687226
0x98e41d65e981a882afcb05d41939197da3465b6f,S,-0.0133533146687226
0x98e41d65e981a882afcb05d41939197da3465b6f,GRASS,-0.0133533146687226
0x98e41d65e981a882afcb05d41939197da3465b6f,SKY,-0.0133533146687226
0x98e41d65e981a882afcb05d41939197da3465b6f,INIT,-0.0133533146687226
0x98e41d65e981a882afcb05d41939197da3465b6f,WCT,-0.0133533146687226
0x98e41d65e981a882afcb05d41939197da3465b6f,WLFI,-0.0133533146687226
0x98e41d65e981a882afcb05d41939197da3465b6f,GOAT,-0.0133533146687226
0x98e41d65e981a882afcb05d41939197da3465b6f,FARTCOIN,-0.0133533146687226
0x98e41d65e981a882afcb05d41939197da3465b6f,PNUT,-0.0133533146687226
0x98e41d65e981a882afcb05d41939197da3465b6f,SYRUP,-0.0133533146687226
0x98e41d65e981a882afcb05d41939197da3465b6f,USUAL,-0.0141387800607027
0x98e41d65e981a882afcb05d41939197da3465b6f,AIXBT,-0.0133533146687226
0x98e41d65e981a882afcb05d41939197da3465b6f,MORPHO,-0.0133533146687226
0x98e41d65e981a882afcb05d41939197da3465b6f,PENGU,-0.0133533146687226
0x98e41d65e981a882afcb05d41939197da3465b6f,GRIFFAIN,-0.0164662093073097
0x98e41d65e981a882afcb05d41939197da3465b6f,BIO,-0.0133533146687226
0x98e41d65e981a882afcb05d41939197da3465b6f,ANIME,-0.0133533146687226
0x98e41d65e981a882afcb05d41939197da3465b6f,TRUMP,-0.0135769627454209
0x98e41d65e981a882afcb05d41939197da3465b6f,MELANIA,-0.0133533146687226
0x98e41d65e981a882afcb05d41939197da3465b6f,VINE,-0.0133533146687226
0x98e41d65e981a882afcb05d41939197da3465b6f,LAYER,-0.0133533146687226
0x98e41d65e981a882afcb05d41939197da3465b6f,VVV,-0.0133533146687226
0x98e41d65e981a882afcb05d41939197da3465b6f,IP,-0.0134353286076728
0x98e41d65e981a882afcb05d41939197da3465b6f,NIL,-0.0164662093073097
0x98e41d65e981a882afcb05d41939197da3465b6f,KAITO,-0.0134353286076728
0x98e41d65e981a882afcb05d41939197da3465b6f,ZORA,-0.0133533146687226
0x98e41d65e981a882afcb05d41939197da3465b6f,HYPER,-0.0133533146687226
0x98e41d65e981a882afcb05d41939197da3465b6f,ASTER,-0.0133533146687226
0x98e41d65e981a882afcb05d41939197da3465b6f,PUMP,-0.0164910253024908
0x98e41d65e981a882afcb05d41939197da3465b6f,XPL,-0.0133533146687226
0x98e41d65e981a882afcb05d41939197da3465b6f,CC,-0.0133533146687226
0x98e41d65e981a882afcb05d41939197da3465b6f,PROVE,-0.0133533146687226
0x98e41d65e981a882afcb05d41939197da3465b6f,HEMI,-0.0164662093073097
0x98e41d65e981a882afcb05d41939197da3465b6f,AVNT,-0.0156843766379453
0x98e41d65e981a882afcb05d41939197da3465b6f,0G,-0.0133533146687226
0x98e41d65e981a882afcb05d41939197da3465b6f,2Z,-0.0133533146687226
0x98e41d65e981a882afcb05d41939197da3465b6f,LIT,-0.0133533146687226
0xa16a483a18f00a00b14b93438e8ad21f485b382f,BTC,-0.01434621224362
0xa16a483a18f00a00b14b93438e8ad21f485b382f,LTC,-0.0156605989411197
0xa16a483a18f00a00b14b93438e8ad21f485b382f,XRP,-0.0133281058525532
0xa16a483a18f00a00b14b93438e8ad21f485b382f,DOGE,-0.0130419549420781
0xa16a483a18f00a00b14b93438e8ad21f485b382f,DASH,-0.0130308471130527
0xa16a483a18f00a00b14b93438e8ad21f485b382f,XMR,-0.0146473736733279
0xa16a483a18f00a00b14b93438e8ad21f485b382f,XLM,-0.0130308471130527
0xa16a483a18f00a00b14b93438e8ad21f485b382f,ETH,-0.0154167456823117
0xa16a483a18f00a00b14b93438e8ad21f485b382f,ETC,-0.0144640039704153
0xa16a483a18f00a00b14b93438e8ad21f485b382f,ZEC,-0.0132826165403029
0xa16a483a18f00a00b14b93438e8ad21f485b382f,ZEN,-0.0130308471130527
0xa16a483a18f00a00b14b93438e8ad21f485b382f,IOTA,-0.0130308471130527
0xa16a483a18f00a00b14b93438e8ad21f485b382f,BCH,-0.0130648459779913
0xa16a483a18f00a00b14b93438e8ad21f485b382f,BNB,-0.0131705725488803
0xa16a483a18f00a00b14b93438e8ad21f485b382f,TRX,-0.0143188408131665
0xa16a483a18f00a00b14b93438e8ad21f485b382f,LINK,-0.0136915817800589
0xa16a483a18f00a00b14b93438e8ad21f485b382f,ADA,-0.0130308471130527
0xa16a483a18f00a00b14b93438e8ad21f485b382f,FIL,-0.0130308471130527
0xa16a483a18f00a00b14b93438e8ad21f485b382f,SNX,-0.0130308471130527
0xa16a483a18f00a00b14b93438e8ad21f485b382f,BSV,-0.0133215911332293
0xa16a483a18f00a00b14b93438e8ad21f485b382f,FET,-0.0130308471130527
0xa16a483a18f00a00b14b93438e8ad21f485b382f,ATOM,-0.0130308471130527
0xa16a483a18f00a00b14b93438e8ad21f485b382f,RSR,-0.0145052745228026
0xa16a483a18f00a00b14b93438e8ad21f485b382f,ALGO,-0.0130419549420781
0xa16a483a18f00a00b14b93438e8ad21f485b382f,RUNE,-0.0130308471130527
0xa16a483a18f00a00b14b93438e8ad21f485b382f,LUNC,-0.0130308471130527
0xa16a483a18f00a00b14b93438e8ad21f485b382f,HBAR,-0.0130648459779913
0xa16a483a18f00a00b14b93438e8ad21f485b382f,PAXG,-0.0130308471130527
0xa16a483a18f00a00b14b93438e8ad21f485b382f,STX,-0.0130308471130527
0xa16a483a18f00a00b14b93438e8ad21f485b382f,TRB,-0.0130308471130527
0xa16a483a18f00a00b14b93438e8ad21f485b382f,SOL,-0.0141868082178578
0xa16a483a18f00a00b14b93438e8ad21f485b382f,CELO,-0.0130308471130527
0xa16a483a18f00a00b14b93438e8ad21f485b382f,UMA,-0.0130308471130527
0xa16a483a18f00a00b14b93438e8ad21f485b382f,AR,-0.0130308471130527
0xa16a483a18f00a00b14b93438e8ad21f485b382f,RENDER,-0.0130308471130527
0xa16a483a18f00a00b14b93438e8ad21f485b382f,COMP,-0.0130308471130527
0xa16a483a18f00a00b14b93438e8ad21f485b382f,AVAX,-0.0130308471130527
0xa16a483a18f00a00b14b93438e8ad21f485b382f,SHIB,-0.0130308471130527
0xa16a483a18f00a00b14b93438e8ad21f485b382f,SAND,-0.0130308471130527
0xa16a483a18f00a00b14b93438e8ad21f485b382f,NEAR,-0.0130308471130527
0xa16a483a18f00a00b14b93438e8ad21f485b382f,CRV,-0.014257231450207
0xa16a483a18f00a00b14b93438e8ad21f485b382f,DOT,-0.0130946302138592
0xa16a483a18f00a00b14b93438e8ad21f485b382f,SUSHI,-0.0130308471130527
0xa16a483a18f00a00b14b93438e8ad21f485b382f,AXS,-0.0130308471130527
0xa16a483a18f00a00b14b93438e8ad21f485b382f,GALA,-0.0130308471130527
0xa16a483a18f00a00b14b93438e8ad21f485b382f,UNI,-0.0130308471130527
0xa16a483a18f00a00b14b93438e8ad21f485b382f,CAKE,-0.0130521192473367
0xa16a483a18f00a00b14b93438e8ad21f485b382f,INJ,-0.0130308471130527
0xa16a483a18f00a00b14b93438e8ad21f485b382f,AAVE,-0.0130308471130527
0xa16a483a18f00a00b14b93438e8ad21f485b382f,CFX,-0.0130308471130527
0xa16a483a18f00a00b14b93438e8ad21f485b382f,LDO,-0.0130308471130527
0xa16a483a18f00a00b14b93438e8ad21f485b382f,MINA,-0.0130308471130527
0xa16a483a18f00a00b14b93438e8ad21f485b382f,ICP,-0.0130716460237869
0xa16a483a18f00a00b14b93438e8ad21f485b382f,PENDLE,-0.0130308471130527
0xa16a483a18f00a00b14b93438e8ad21f485b382f,IMX,-0.0130308471130527
0xa16a483a18f00a00b14b93438e8ad21f485b382f,FLOKI,-0.0130308471130527
0xa16a483a18f00a00b14b93438e8ad21f485b382f,OP,-0.0153657048978571
0xa16a483a18f00a00b14b93438e8ad21f485b382f,ARB,-0.012764264082009
0xa16a483a18f00a00b14b93438e8ad21f485b382f,GMX,-0.0130308471130527
0xa16a483a18f00a00b14b93438e8ad21f485b382f,WLD,-0.0139755893882424
0xa16a483a18f00a00b14b93438e8ad21f485b382f,MANTA,-0.0130308471130527
0xa16a483a18f00a00b14b93438e8ad21f485b382f,ENS,-0.0130308471130527
0xa16a483a18f00a00b14b93438e8ad21f485b382f,PEOPLE,-0.0130308471130527
0xa16a483a18f00a00b14b93438e8ad21f485b382f,GMT,-0.0129211325308535
0xa16a483a18f00a00b14b93438e8ad21f485b382f,APE,-0.0130308471130527
0xa16a483a18f00a00b14b93438e8ad21f485b382f,APEX,-0.0130308471130527
0xa16a483a18f00a00b14b93438e8ad21f485b382f,KAS,-0.0130308471130527
0xa16a483a18f00a00b14b93438e8ad21f485b382f,SUI,-0.0130011948509297
0xa16a483a18f00a00b14b93438e8ad21f485b382f,ONDO,-0.0130308471130527
0xa16a483a18f00a00b14b93438e8ad21f485b382f,ZETA,-0.0130308471130527
0xa16a483a18f00a00b14b93438e8ad21f485b382f,APT,-0.012764264082009
0xa16a483a18f00a00b14b93438e8ad21f485b382f,STRK,-0.0130308471130527
0xa16a483a18f00a00b14b93438e8ad21f485b382f,TIA,-0.0130308471130527
0xa16a483a18f00a00b14b93438e8ad21f485b382f,TAO,-0.0130308471130527
0xa16a483a18f00a00b14b93438e8ad21f485b382f,BONK,-0.0130308471130527
0xa16a483a18f00a00b14b93438e8ad21f485b382f,BLUR,-0.0130308471130527
0xa16a483a18f00a00b14b93438e8ad21f485b382f,SEI,-0.0130308471130527
0xa16a483a18f00a00b14b93438e8ad21f485b382f,ZK,-0.0130308471130527
0xa16a483a18f00a00b14b93438e8ad21f485b382f,PEPE,-0.0167108896382701
0xa16a483a18f00a00b14b93438e8ad21f485b382f,BERA,-0.0130308471130527
0xa16a483a18f00a00b14b93438e8ad21f485b382f,TURBO,-0.0130308471130527
0xa16a483a18f00a00b14b93438e8ad21f485b382f,ORDI,-0.0130308471130527
0xa16a483a18f00a00b14b93438e8ad21f485b382f,ZRO,-0.0130308471130527
0xa16a483a18f00a00b14b93438e8ad21f485b382f,MNT,-0.0130308471130527
0xa16a483a18f00a00b14b93438e8ad21f485b382f,LINEA,-0.0130308471130527
0xa16a483a18f00a00b14b93438e8ad21f485b382f,PYTH,-0.0130308471130527
0xa16a483a18f00a00b14b93438e8ad21f485b382f,MEME,-0.0130308471130527
0xa16a483a18f00a00b14b93438e8ad21f485b382f,POL,-0.0130308471130527
0xa16a483a18f00a00b14b93438e8ad21f485b382f,JTO,-0.0137937388356154
0xa16a483a18f00a00b14b93438e8ad21f485b382f,WIF,-0.0130308471130527
0xa16a483a18f00a00b14b93438e8ad21f485b382f,POPCAT,-0.0130308471130527
0xa16a483a18f00a00b14b93438e8ad21f485b382f,NOT,-0.0130308471130527
0xa16a483a18f00a00b14b93438e8ad21f485b382f,DYM,-0.0130308471130527
0xa16a483a18f00a00b14b93438e8ad21f485b382f,XAI,-0.0137937388356154
0xa16a483a18f00a00b14b93438e8ad21f485b382f,ALT,-0.0153441529104471
0xa16a483a18f00a00b14b93438e8ad21f485b382f,JUP,-0.0130308471130527
0xa16a483a18f00a00b14b93438e8ad21f485b382f,AERO,-0.0130308471130527
0xa16a483a18f00a00b14b93438e8ad21f485b382f,VIRTUAL,-0.0130716460237869
0xa16a483a18f00a00b14b93438e8ad21f485b382f,W,-0.0130716460237869
0xa16a483a18f00a00b14b93438e8ad21f485b382f,BRETT,-0.0130308471130527
0xa16a483a18f00a00b14b93438e8ad21f485b382f,ETHFI,-0.0162514112010503
0xa16a483a18f00a00b14b93438e8ad21f485b382f,IO,-0.0130308471130527
0xa16a483a18f00a00b14b93438e8ad21f485b382f,BOME,-0.014257231450207
0xa16a483a18f00a00b14b93438e8ad21f485b382f,sENA,-0.0130308471130527
0xa16a483a18f00a00b14b93438e8ad21f485b382f,TNSR,-0.0130308471130527
0xa16a483a18f00a00b14b93438e8ad21f485b382f,EIGEN,-0.0130308471130527
0xa16a483a18f00a00b14b93438e8ad21f485b382f,MON,-0.012764264082009
0xa16a483a18f00a00b14b93438e8ad21f485b382f,MERL,-0.0130308471130527
0xa16a483a18f00a00b14b93438e8ad21f485b382f,REZ,-0.0130308471130527
0xa16a483a18f00a00b14b93438e8ad21f485b382f,SOPH,-0.0130308471130527
0xa16a483a18f00a00b14b93438e8ad21f485b382f,HYPE,-0.0133557436341128
0xa16a483a18f00a00b14b93438e8ad21f485b382f,ME,-0.0130308471130527
0xa16a483a18f00a00b14b93438e8ad21f485b382f,BABY,-0.0152403103942929
0xa16a483a18f00a00b14b93438e8ad21f485b382f,MOVE,-0.0158447386431292
0xa16a483a18f00a00b14b93438e8ad21f485b382f,NEIRO,-0.0130308471130527
0xa16a483a18f00a00b14b93438e8ad21f485b382f,S,-0.0128302954215287
0xa16a483a18f00a00b14b93438e8ad21f485b382f,GRASS,-0.0130308471130527
0xa16a483a18f00a00b14b93438e8ad21f485b382f,SKY,-0.0130308471130527
0xa16a483a18f00a00b14b93438e8ad21f485b382f,INIT,-0.0130308471130527
0xa16a483a18f00a00b14b93438e8ad21f485b382f,WCT,-0.0130308471130527
0xa16a483a18f00a00b14b93438e8ad21f485b382f,WLFI,-0.0130308471130527
0xa16a483a18f00a00b14b93438e8ad21f485b382f,GOAT,-0.0130308471130527
0xa16a483a18f00a00b14b93438e8ad21f485b382f,FARTCOIN,-0.0130308471130527
0xa16a483a18f00a00b14b93438e8ad21f485b382f,PNUT,-0.0130308471130527
0xa16a483a18f00a00b14b93438e8ad21f485b382f,SYRUP,-0.0130308471130527
0xa16a483a18f00a00b14b93438e8ad21f485b382f,USUAL,-0.0152403103942929
0xa16a483a18f00a00b14b93438e8ad21f485b382f,AIXBT,-0.0130308471130527
0xa16a483a18f00a00b14b93438e8ad21f485b382f,MORPHO,-0.0130308471130527
0xa16a483a18f00a00b14b93438e8ad21f485b382f,PENGU,-0.0130308471130527
0xa16a483a18f00a00b14b93438e8ad21f485b382f,GRIFFAIN,-0.014257231450207
0xa16a483a18f00a00b14b93438e8ad21f485b382f,BIO,-0.0144253478779028
0xa16a483a18f00a00b14b93438e8ad21f485b382f,ANIME,-0.0130308471130527
0xa16a483a18f00a00b14b93438e8ad21f485b382f,TRUMP,-0.0158780636115204
0xa16a483a18f00a00b14b93438e8ad21f485b382f,MELANIA,-0.0130308471130527
0xa16a483a18f00a00b14b93438e8ad21f485b382f,VINE,-0.0130308471130527
0xa16a483a18f00a00b14b93438e8ad21f485b382f,LAYER,-0.014499418015969
0xa16a483a18f00a00b14b93438e8ad21f485b382f,VVV,-0.0130308471130527
0xa16a483a18f00a00b14b93438e8ad21f485b382f,IP,-0.013631695831614
0xa16a483a18f00a00b14b93438e8ad21f485b382f,NIL,-0.014257231450207
0xa16a483a18f00a00b14b93438e8ad21f485b382f,KAITO,-0.0134305978077264
0xa16a483a18f00a00b14b93438e8ad21f485b382f,ZORA,-0.0130308471130527
0xa16a483a18f00a00b14b93438e8ad21f485b382f,HYPER,-0.012764264082009
0xa16a483a18f00a00b14b93438e8ad21f485b382f,ASTER,-0.0130308471130527
0xa16a483a18f00a00b14b93438e8ad21f485b382f,PUMP,-0.014182367488938
0xa16a483a18f00a00b14b93438e8ad21f485b382f,XPL,-0.012764264082009
0xa16a483a18f00a00b14b93438e8ad21f485b382f,CC,-0.0130648459779913
0xa16a483a18f00a00b14b93438e8ad21f485b382f,PROVE,-0.0130011948509297
0xa16a483a18f00a00b14b93438e8ad21f485b382f,HEMI,-0.014257231450207
0xa16a483a18f00a00b14b93438e8ad21f485b382f,AVNT,-0.014257231450207
0xa16a483a18f00a00b14b93438e8ad21f485b382f,0G,-0.0130308471130527
0xa16a483a18f00a00b14b93438e8ad21f485b382f,2Z,-0.0130308471130527
0xa16a483a18f00a00b14b93438e8ad21f485b382f,LIT,-0.0130308471130527
0xad3ab30bf7e7423fa8266c7300f2dcd07377dc7e,SKY,0.0011891294
0xad3ab30bf7e7423fa8266c7300f2dcd07377dc7e,TRX,-0.0060049775
0xad3ab30bf7e7423fa8266c7300f2dcd07377dc7e,XLM,-0.0026344152
0xad3ab30bf7e7423fa8266c7300f2dcd07377dc7e,XMR,0.0040305275
0xad3ab30bf7e7423fa8266c7300f2dcd07377dc7e,XRP,0.0005343463
0xad3ab30bf7e7423fa8266c7300f2dcd07377dc7e,ZEC,-0.0027488917
0xad3ab30bf7e7423fa8266c7300f2dcd07377dc7e,BCH,-0.004619483
0xad3ab30bf7e7423fa8266c7300f2dcd07377dc7e,BTC,-0.003827132
0xad3ab30bf7e7423fa8266c7300f2dcd07377dc7e,DOGE,-0.0017121513
0xad3ab30bf7e7423fa8266c7300f2dcd07377dc7e,ETC,0.0029728143
0xad3ab30bf7e7423fa8266c7300f2dcd07377dc7e,LTC,-0.0094210785
0xad3ab30bf7e7423fa8266c7300f2dcd07377dc7e,ETH,0.0014744704
0xad3ab30bf7e7423fa8266c7300f2dcd07377dc7e,ADA,-0.0015182598
0xad3ab30bf7e7423fa8266c7300f2dcd07377dc7e,LINK,-0.0038471324
0xad3ab30bf7e7423fa8266c7300f2dcd07377dc7e,S,0.012571672
0xad3ab30bf7e7423fa8266c7300f2dcd07377dc7e,ATOM,0.0015158439
0xad3ab30bf7e7423fa8266c7300f2dcd07377dc7e,SNX,0.0001323726
0xad3ab30bf7e7423fa8266c7300f2dcd07377dc7e,RSR,-0.007035427
0xad3ab30bf7e7423fa8266c7300f2dcd07377dc7e,ALGO,-0.001733768
0xad3ab30bf7e7423fa8266c7300f2dcd07377dc7e,RUNE,0.00068659056
0xad3ab30bf7e7423fa8266c7300f2dcd07377dc7e,TRB,-0.00008627493
0xad3ab30bf7e7423fa8266c7300f2dcd07377dc7e,SOL,0.0045430586
0xad3ab30bf7e7423fa8266c7300f2dcd07377dc7e,UMA,-0.0039580762
0xad3ab30bf7e7423fa8266c7300f2dcd07377dc7e,PAXG,0.00030125212
0xad3ab30bf7e7423fa8266c7300f2dcd07377dc7e,COMP,0.0045462716
0xad3ab30bf7e7423fa8266c7300f2dcd07377dc7e,AVAX,-0.0038650478
0xad3ab30bf7e7423fa8266c7300f2dcd07377dc7e,SAND,0.00074151345
0xad3ab30bf7e7423fa8266c7300f2dcd07377dc7e,CRV,0.00033787545
0xad3ab30bf7e7423fa8266c7300f2dcd07377dc7e,LAYER,0.0052332226
0xad3ab30bf7e7423fa8266c7300f2dcd07377dc7e,DOT,0.010806603
0xad3ab30bf7e7423fa8266c7300f2dcd07377dc7e,SUSHI,0.00019754563
0xad3ab30bf7e7423fa8266c7300f2dcd07377dc7e,UNI,0.0077168243
0xad3ab30bf7e7423fa8266c7300f2dcd07377dc7e,AAVE,0.009339637
0xad3ab30bf7e7423fa8266c7300f2dcd07377dc7e,NEAR,0.002160932
0xad3ab30bf7e7423fa8266c7300f2dcd07377dc7e,FIL,-0.002310638
0xad3ab30bf7e7423fa8266c7300f2dcd07377dc7e,AXS,0.0009878771
0xad3ab30bf7e7423fa8266c7300f2dcd07377dc7e,INJ,0.008506889
0xad3ab30bf7e7423fa8266c7300f2dcd07377dc7e,ZORA,0.00027140928
0xad3ab30bf7e7423fa8266c7300f2dcd07377dc7e,CELO,0.0064570196
0xad3ab30bf7e7423fa8266c7300f2dcd07377dc7e,LIT,-0.0024267877
0xad3ab30bf7e7423fa8266c7300f2dcd07377dc7e,SHIB,0.0061550345
0xad3ab30bf7e7423fa8266c7300f2dcd07377dc7e,ICP,-0.00020049326
0xad3ab30bf7e7423fa8266c7300f2dcd07377dc7e,RENDER,-0.0063570132
0xad3ab30bf7e7423fa8266c7300f2dcd07377dc7e,LDO,-0.00006301701
0xad3ab30bf7e7423fa8266c7300f2dcd07377dc7e,GALA,-0.0006251936
0xad3ab30bf7e7423fa8266c7300f2dcd07377dc7e,FET,0.0012364862
0xad3ab30bf7e7423fa8266c7300f2dcd07377dc7e,ENS,0.0015040925
0xad3ab30bf7e7423fa8266c7300f2dcd07377dc7e,IMX,0.0010095183
0xad3ab30bf7e7423fa8266c7300f2dcd07377dc7e,PEOPLE,0.0011181221
0xad3ab30bf7e7423fa8266c7300f2dcd07377dc7e,GMT,-0.00011613406
0xad3ab30bf7e7423fa8266c7300f2dcd07377dc7e,FLOKI,0.0004598815
0xad3ab30bf7e7423fa8266c7300f2dcd07377dc7e,POL,-0.0030608538
0xad3ab30bf7e7423fa8266c7300f2dcd07377dc7e,APE,-0.0013929205
0xad3ab30bf7e7423fa8266c7300f2dcd07377dc7e,GMX,0.0008008843
0xad3ab30bf7e7423fa8266c7300f2dcd07377dc7e,BLUR,0.0015956536
0xad3ab30bf7e7423fa8266c7300f2dcd07377dc7e,PENDLE,0.0009859181
0xad3ab30bf7e7423fa8266c7300f2dcd07377dc7e,LUNC,-0.0056666294
0xad3ab30bf7e7423fa8266c7300f2dcd07377dc7e,MINA,-0.000055265613
0xad3ab30bf7e7423fa8266c7300f2dcd07377dc7e,MEME,0.00083028525
0xad3ab30bf7e7423fa8266c7300f2dcd07377dc7e,OP,-0.0054354896
0xad3ab30bf7e7423fa8266c7300f2dcd07377dc7e,ZEN,0.0010354598
0xad3ab30bf7e7423fa8266c7300f2dcd07377dc7e,STRK,0.00013693236
0xad3ab30bf7e7423fa8266c7300f2dcd07377dc7e,STX,-0.00047587324
0xad3ab30bf7e7423fa8266c7300f2dcd07377dc7e,CFX,-0.000055265613
0xad3ab30bf7e7423fa8266c7300f2dcd07377dc7e,CAKE,-0.0012457157
0xad3ab30bf7e7423fa8266c7300f2dcd07377dc7e,DASH,-0.004433817
0xad3ab30bf7e7423fa8266c7300f2dcd07377dc7e,BSV,-0.0007527359
0xad3ab30bf7e7423fa8266c7300f2dcd07377dc7e,AR,-0.0017214944
0xad3ab30bf7e7423fa8266c7300f2dcd07377dc7e,APT,0.00035207346
0xad3ab30bf7e7423fa8266c7300f2dcd07377dc7e,ALT,-0.0033324223
0xad3ab30bf7e7423fa8266c7300f2dcd07377dc7e,BNB,0.0048964545
0xad3ab30bf7e7423fa8266c7300f2dcd07377dc7e,BONK,-0.0021812206
0xad3ab30bf7e7423fa8266c7300f2dcd07377dc7e,BABY,0.0070136003
0xad3ab30bf7e7423fa8266c7300f2dcd07377dc7e,HBAR,0.009288311
0xad3ab30bf7e7423fa8266c7300f2dcd07377dc7e,KAS,0.005269179
0xad3ab30bf7e7423fa8266c7300f2dcd07377dc7e,PEPE,-0.013119791
0xad3ab30bf7e7423fa8266c7300f2dcd07377dc7e,ORDI,-0.00062972866
0xad3ab30bf7e7423fa8266c7300f2dcd07377dc7e,SUI,-0.005806759
0xad3ab30bf7e7423fa8266c7300f2dcd07377dc7e,MNT,0.0008304785
0xad3ab30bf7e7423fa8266c7300f2dcd07377dc7e,IOTA,-0.0025478029
0xad3ab30bf7e7423fa8266c7300f2dcd07377dc7e,TURBO,-0.002218218
0xad3ab30bf7e7423fa8266c7300f2dcd07377dc7e,TIA,0.00084448
0xad3ab30bf7e7423fa8266c7300f2dcd07377dc7e,SEI,0.0013089236
0xad3ab30bf7e7423fa8266c7300f2dcd07377dc7e,TAO,-0.007154921
0xad3ab30bf7e7423fa8266c7300f2dcd07377dc7e,JTO,0.000011370983
0xad3ab30bf7e7423fa8266c7300f2dcd07377dc7e,PYTH,0.0021848716
0xad3ab30bf7e7423fa8266c7300f2dcd07377dc7e,MANTA,0.00029872358
0xad3ab30bf7e7423fa8266c7300f2dcd07377dc7e,ONDO,-0.00094706705
0xad3ab30bf7e7423fa8266c7300f2dcd07377dc7e,WIF,-0.0017497011
0xad3ab30bf7e7423fa8266c7300f2dcd07377dc7e,XAI,-0.0018213822
0xad3ab30bf7e7423fa8266c7300f2dcd07377dc7e,ZETA,0.0007176064
0xad3ab30bf7e7423fa8266c7300f2dcd07377dc7e,JUP,0.010888914
0xad3ab30bf7e7423fa8266c7300f2dcd07377dc7e,DYM,0.0009507523
0xad3ab30bf7e7423fa8266c7300f2dcd07377dc7e,TRUMP,0.0042015817
0xad3ab30bf7e7423fa8266c7300f2dcd07377dc7e,APEX,0.0018452709
0xad3ab30bf7e7423fa8266c7300f2dcd07377dc7e,ARB,0.0066206036
0xad3ab30bf7e7423fa8266c7300f2dcd07377dc7e,BOME,-0.004378838
0xad3ab30bf7e7423fa8266c7300f2dcd07377dc7e,HYPER,0.0054062773
0xad3ab30bf7e7423fa8266c7300f2dcd07377dc7e,ETHFI,-0.008007987
0xad3ab30bf7e7423fa8266c7300f2dcd07377dc7e,BRETT,0.0019428325
0xad3ab30bf7e7423fa8266c7300f2dcd07377dc7e,W,0.003976077
0xad3ab30bf7e7423fa8266c7300f2dcd07377dc7e,GOAT,0.003408173
0xad3ab30bf7e7423fa8266c7300f2dcd07377dc7e,POPCAT,-0.000055265613
0xad3ab30bf7e7423fa8266c7300f2dcd07377dc7e,MERL,-0.000055265613
0xad3ab30bf7e7423fa8266c7300f2dcd07377dc7e,ZK,0.0026860917
0xad3ab30bf7e7423fa8266c7300f2dcd07377dc7e,TNSR,0.0004382399
0xad3ab30bf7e7423fa8266c7300f2dcd07377dc7e,AERO,0.000737173
0xad3ab30bf7e7423fa8266c7300f2dcd07377dc7e,REZ,0.0004382399
0xad3ab30bf7e7423fa8266c7300f2dcd07377dc7e,NOT,-0.00054577366
0xad3ab30bf7e7423fa8266c7300f2dcd07377dc7e,MON,0.0019447696
0xad3ab30bf7e7423fa8266c7300f2dcd07377dc7e,VIRTUAL,-0.0036327252
0xad3ab30bf7e7423fa8266c7300f2dcd07377dc7e,IO,-0.0016169751
0xad3ab30bf7e7423fa8266c7300f2dcd07377dc7e,ZRO,0.0013388325
0xad3ab30bf7e7423fa8266c7300f2dcd07377dc7e,WLD,0.0006748717
0xad3ab30bf7e7423fa8266c7300f2dcd07377dc7e,NEIRO,0.00046991743
0xad3ab30bf7e7423fa8266c7300f2dcd07377dc7e,EIGEN,0.0010567643
0xad3ab30bf7e7423fa8266c7300f2dcd07377dc7e,MOVE,-0.0067776246
0xad3ab30bf7e7423fa8266c7300f2dcd07377dc7e,FARTCOIN,0.0013861754
0xad3ab30bf7e7423fa8266c7300f2dcd07377dc7e,GRASS,-0.0003279308
0xad3ab30bf7e7423fa8266c7300f2dcd07377dc7e,PNUT,0.0003521773
0xad3ab30bf7e7423fa8266c7300f2dcd07377dc7e,USUAL,-0.009932343
0xad3ab30bf7e7423fa8266c7300f2dcd07377dc7e,MORPHO,-0.0017125392
0xad3ab30bf7e7423fa8266c7300f2dcd07377dc7e,AIXBT,0.0004598815
0xad3ab30bf7e7423fa8266c7300f2dcd07377dc7e,HYPE,0.00268366
0xad3ab30bf7e7423fa8266c7300f2dcd07377dc7e,ME,-0.000055265613
0xad3ab30bf7e7423fa8266c7300f2dcd07377dc7e,PENGU,-0.0027840375
0xad3ab30bf7e7423fa8266c7300f2dcd07377dc7e,sENA,-0.0003246148
0xad3ab30bf7e7423fa8266c7300f2dcd07377dc7e,BIO,0.001125027
0xad3ab30bf7e7423fa8266c7300f2dcd07377dc7e,GRIFFAIN,-0.005484392
0xad3ab30bf7e7423fa8266c7300f2dcd07377dc7e,MELANIA,0.0002992102
0xad3ab30bf7e7423fa8266c7300f2dcd07377dc7e,VINE,0.0029682405
0xad3ab30bf7e7423fa8266c7300f2dcd07377dc7e,ANIME,-0.002472564
0xad3ab30bf7e7423fa8266c7300f2dcd07377dc7e,VVV,-0.00037754932
0xad3ab30bf7e7423fa8266c7300f2dcd07377dc7e,SYRUP,0.0005308697
0xad3ab30bf7e7423fa8266c7300f2dcd07377dc7e,BERA,-0.0001754649
0xad3ab30bf7e7423fa8266c7300f2dcd07377dc7e,IP,-0.0038804612
0xad3ab30bf7e7423fa8266c7300f2dcd07377dc7e,KAITO,0.008830907
0xad3ab30bf7e7423fa8266c7300f2dcd07377dc7e,NIL,-0.010578921
0xad3ab30bf7e7423fa8266c7300f2dcd07377dc7e,WCT,0.0036371145
0xad3ab30bf7e7423fa8266c7300f2dcd07377dc7e,PUMP,-0.0032339483
0xad3ab30bf7e7423fa8266c7300f2dcd07377dc7e,INIT,-0.00063241925
0xad3ab30bf7e7423fa8266c7300f2dcd07377dc7e,SOPH,0.0012327521
0xad3ab30bf7e7423fa8266c7300f2dcd07377dc7e,PROVE,-0.008950671
0xad3ab30bf7e7423fa8266c7300f2dcd07377dc7e,WLFI,0.0026488286
0xad3ab30bf7e7423fa8266c7300f2dcd07377dc7e,0G,0.0011425987
0xad3ab30bf7e7423fa8266c7300f2dcd07377dc7e,AVNT,-0.0025028791
0xad3ab30bf7e7423fa8266c7300f2dcd07377dc7e,ASTER,0.0003670035
0xad3ab30bf7e7423fa8266c7300f2dcd07377dc7e,LINEA,-0.00011140201
0xad3ab30bf7e7423fa8266c7300f2dcd07377dc7e,HEMI,-0.009581339
0xad3ab30bf7e7423fa8266c7300f2dcd07377dc7e,XPL,0.004412625
0xad3ab30bf7e7423fa8266c7300f2dcd07377dc7e,2Z,0.0008137296
0xad3ab30bf7e7423fa8266c7300f2dcd07377dc7e,CC,0.000049397815
0xb294a5316e76e84649a3b8ff0ff6ef9788595bed,SUI,-0.012734115
0xb294a5316e76e84649a3b8ff0ff6ef9788595bed,UNI,-0.012324691
0xb294a5316e76e84649a3b8ff0ff6ef9788595bed,TURBO,-0.011886597
0xb294a5316e76e84649a3b8ff0ff6ef9788595bed,KAITO,-0.011658907
0xb294a5316e76e84649a3b8ff0ff6ef9788595bed,BIO,-0.011026561
0xb294a5316e76e84649a3b8ff0ff6ef9788595bed,AVAX,-0.01017803
0xb294a5316e76e84649a3b8ff0ff6ef9788595bed,XLM,-0.009670615
0xb294a5316e76e84649a3b8ff0ff6ef9788595bed,PEPE,-0.009523034
0xb294a5316e76e84649a3b8ff0ff6ef9788595bed,GOAT,-0.008056283
0xb294a5316e76e84649a3b8ff0ff6ef9788595bed,TAO,-0.007918894
0xb294a5316e76e84649a3b8ff0ff6ef9788595bed,INIT,-0.007166505
0xb294a5316e76e84649a3b8ff0ff6ef9788595bed,TIA,-0.006616473
0xb294a5316e76e84649a3b8ff0ff6ef9788595bed,LUNC,-0.0064570904
0xb294a5316e76e84649a3b8ff0ff6ef9788595bed,DOGE,-0.006339431
0xb294a5316e76e84649a3b8ff0ff6ef9788595bed,FIL,-0.006316781
0xb294a5316e76e84649a3b8ff0ff6ef9788595bed,ARB,-0.006205201
0xb294a5316e76e84649a3b8ff0ff6ef9788595bed,ADA,-0.006110966
0xb294a5316e76e84649a3b8ff0ff6ef9788595bed,STX,-0.0060480237
0xb294a5316e76e84649a3b8ff0ff6ef9788595bed,PENGU,-0.0059987307
0xb294a5316e76e84649a3b8ff0ff6ef9788595bed,AXS,-0.005893588
0xb294a5316e76e84649a3b8ff0ff6ef9788595bed,BERA,-0.005781293
0xb294a5316e76e84649a3b8ff0ff6ef9788595bed,ALGO,-0.005610347
0xb294a5316e76e84649a3b8ff0ff6ef9788595bed,STRK,-0.0055734515
0xb294a5316e76e84649a3b8ff0ff6ef9788595bed,ZEN,-0.0051293373
0xb294a5316e76e84649a3b8ff0ff6ef9788595bed,ZK,-0.0050251484
0xb294a5316e76e84649a3b8ff0ff6ef9788595bed,ZEC,-0.004917145
0xb294a5316e76e84649a3b8ff0ff6ef9788595bed,ENS,-0.004847467
0xb294a5316e76e84649a3b8ff0ff6ef9788595bed,WIF,-0.004604697
0xb294a5316e76e84649a3b8ff0ff6ef9788595bed,AVNT,-0.0033243299
0xb294a5316e76e84649a3b8ff0ff6ef9788595bed,ONDO,-0.0032253861
0xb294a5316e76e84649a3b8ff0ff6ef9788595bed,VVV,-0.0031865835
0xb294a5316e76e84649a3b8ff0ff6ef9788595bed,AIXBT,-0.0031329393
0xb294a5316e76e84649a3b8ff0ff6ef9788595bed,RUNE,-0.0029534698
0xb294a5316e76e84649a3b8ff0ff6ef9788595bed,AAVE,-0.0028197765
0xb294a5316e76e84649a3b8ff0ff6ef9788595bed,POL,-0.0027464628
0xb294a5316e76e84649a3b8ff0ff6ef9788595bed,2Z,-0.002584219
0xb294a5316e76e84649a3b8ff0ff6ef9788595bed,MNT,-0.0025621653
0xb294a5316e76e84649a3b8ff0ff6ef9788595bed,SHIB,-0.0024530292
0xb294a5316e76e84649a3b8ff0ff6ef9788595bed,UMA,-0.0023633838
0xb294a5316e76e84649a3b8ff0ff6ef9788595bed,IP,-0.0023199916
0xb294a5316e76e84649a3b8ff0ff6ef9788595bed,CRV,-0.0022862554
0xb294a5316e76e84649a3b8ff0ff6ef9788595bed,GMT,-0.002260089
0xb294a5316e76e84649a3b8ff0ff6ef9788595bed,XPL,-0.002224207
0xb294a5316e76e84649a3b8ff0ff6ef9788595bed,ZORA,-0.002221465
0xb294a5316e76e84649a3b8ff0ff6ef9788595bed,LIT,-0.0020589232
0xb294a5316e76e84649a3b8ff0ff6ef9788595bed,NIL,-0.0020380616
0xb294a5316e76e84649a3b8ff0ff6ef9788595bed,FARTCOIN,-0.0019769073
0xb294a5316e76e84649a3b8ff0ff6ef9788595bed,IMX,-0.0019322038
0xb294a5316e76e84649a3b8ff0ff6ef9788595bed,CC,-0.0018607974
0xb294a5316e76e84649a3b8ff0ff6ef9788595bed,CAKE,-0.0017769337
0xb294a5316e76e84649a3b8ff0ff6ef9788595bed,EIGEN,-0.0016822219
0xb294a5316e76e84649a3b8ff0ff6ef9788595bed,POPCAT,-0.0015462637
0xb294a5316e76e84649a3b8ff0ff6ef9788595bed,DOT,-0.001514852
0xb294a5316e76e84649a3b8ff0ff6ef9788595bed,MELANIA,-0.001491189
0xb294a5316e76e84649a3b8ff0ff6ef9788595bed,TRUMP,-0.0014384389
0xb294a5316e76e84649a3b8ff0ff6ef9788595bed,SOPH,-0.001347065
0xb294a5316e76e84649a3b8ff0ff6ef9788595bed,0G,-0.0012688637
0xb294a5316e76e84649a3b8ff0ff6ef9788595bed,AERO,-0.0011923313
0xb294a5316e76e84649a3b8ff0ff6ef9788595bed,ZETA,-0.0011219978
0xb294a5316e76e84649a3b8ff0ff6ef9788595bed,INJ,-0.0010690689
0xb294a5316e76e84649a3b8ff0ff6ef9788595bed,SKY,-0.00091362
0xb294a5316e76e84649a3b8ff0ff6ef9788595bed,BLUR,-0.0008966923
0xb294a5316e76e84649a3b8ff0ff6ef9788595bed,BRETT,-0.00087332726
0xb294a5316e76e84649a3b8ff0ff6ef9788595bed,SUSHI,-0.00083863735
0xb294a5316e76e84649a3b8ff0ff6ef9788595bed,USUAL,-0.0006417632
0xb294a5316e76e84649a3b8ff0ff6ef9788595bed,ASTER,-0.00050640106
0xb294a5316e76e84649a3b8ff0ff6ef9788595bed,WCT,-0.0005053282
0xb294a5316e76e84649a3b8ff0ff6ef9788595bed,HEMI,-0.00048977137
0xb294a5316e76e84649a3b8ff0ff6ef9788595bed,GRIFFAIN,-0.00048446655
0xb294a5316e76e84649a3b8ff0ff6ef9788595bed,HYPE,-0.00047552586
0xb294a5316e76e84649a3b8ff0ff6ef9788595bed,BONK,-0.0004592538
0xb294a5316e76e84649a3b8ff0ff6ef9788595bed,WLD,-0.00045597553
0xb294a5316e76e84649a3b8ff0ff6ef9788595bed,MON,-0.00038063526
0xb294a5316e76e84649a3b8ff0ff6ef9788595bed,APT,-0.00034600496
0xb294a5316e76e84649a3b8ff0ff6ef9788595bed,CFX,-0.00034368038
0xb294a5316e76e84649a3b8ff0ff6ef9788595bed,ME,-0.00034171343
0xb294a5316e76e84649a3b8ff0ff6ef9788595bed,ORDI,-0.00030070543
0xb294a5316e76e84649a3b8ff0ff6ef9788595bed,RENDER,-0.00027137995
0xb294a5316e76e84649a3b8ff0ff6ef9788595bed,TNSR,-0.00026249886
0xb294a5316e76e84649a3b8ff0ff6ef9788595bed,JTO,-0.00021642447
0xb294a5316e76e84649a3b8ff0ff6ef9788595bed,NOT,-0.00020688772
0xb294a5316e76e84649a3b8ff0ff6ef9788595bed,ANIME,-0.00019776821
0xb294a5316e76e84649a3b8ff0ff6ef9788595bed,FLOKI,-0.00017076731
0xb294a5316e76e84649a3b8ff0ff6ef9788595bed,PENDLE,-0.00015729666
0xb294a5316e76e84649a3b8ff0ff6ef9788595bed,W,-0.00014835596
0xb294a5316e76e84649a3b8ff0ff6ef9788595bed,PYTH,-0.00014781952
0xb294a5316e76e84649a3b8ff0ff6ef9788595bed,MEME,-0.00014048815
0xb294a5316e76e84649a3b8ff0ff6ef9788595bed,PAXG,-0.00014030933
0xb294a5316e76e84649a3b8ff0ff6ef9788595bed,BSV,-0.0001360774
0xb294a5316e76e84649a3b8ff0ff6ef9788595bed,SYRUP,-0.00012850761
0xb294a5316e76e84649a3b8ff0ff6ef9788595bed,LAYER,-0.000111579895
0xb294a5316e76e84649a3b8ff0ff6ef9788595bed,SAND,-0.00010663271
0xb294a5316e76e84649a3b8ff0ff6ef9788595bed,ICP,-0.00006186962
0xb294a5316e76e84649a3b8ff0ff6ef9788595bed,MERL,-0.000061392784
0xb294a5316e76e84649a3b8ff0ff6ef9788595bed,PNUT,-0.00003951788
0xb294a5316e76e84649a3b8ff0ff6ef9788595bed,DYM,-0.000028312206
0xb294a5316e76e84649a3b8ff0ff6ef9788595bed,XRP,-0.000024080276
0xb294a5316e76e84649a3b8ff0ff6ef9788595bed,SEI,-0.000020086765
0xb294a5316e76e84649a3b8ff0ff6ef9788595bed,SNX,-0.000011861324
0xb294a5316e76e84649a3b8ff0ff6ef9788595bed,WLFI,0.0
0xb294a5316e76e84649a3b8ff0ff6ef9788595bed,REZ,0.0000011920929
0xb294a5316e76e84649a3b8ff0ff6ef9788595bed,PEOPLE,0.0000038146973
0xb294a5316e76e84649a3b8ff0ff6ef9788595bed,APE,0.0000039339066
0xb294a5316e76e84649a3b8ff0ff6ef9788595bed,GMX,0.000019431114
0xb294a5316e76e84649a3b8ff0ff6ef9788595bed,MOVE,0.00014090538
0xb294a5316e76e84649a3b8ff0ff6ef9788595bed,XAI,0.00014913082
0xb294a5316e76e84649a3b8ff0ff6ef9788595bed,GALA,0.00016772747
0xb294a5316e76e84649a3b8ff0ff6ef9788595bed,HYPER,0.00017762184
0xb294a5316e76e84649a3b8ff0ff6ef9788595bed,ATOM,0.00028824806
0xb294a5316e76e84649a3b8ff0ff6ef9788595bed,KAS,0.00034546852
0xb294a5316e76e84649a3b8ff0ff6ef9788595bed,LDO,0.00034844875
0xb294a5316e76e84649a3b8ff0ff6ef9788595bed,SOL,0.00036633015
0xb294a5316e76e84649a3b8ff0ff6ef9788595bed,ETH,0.00037062168
0xb294a5316e76e84649a3b8ff0ff6ef9788595bed,IOTA,0.00038564205
0xb294a5316e76e84649a3b8ff0ff6ef9788595bed,APEX,0.00061762333
0xb294a5316e76e84649a3b8ff0ff6ef9788595bed,LINEA,0.00062930584
0xb294a5316e76e84649a3b8ff0ff6ef9788595bed,TRB,0.0006709099
0xb294a5316e76e84649a3b8ff0ff6ef9788595bed,NEIRO,0.00077295303
0xb294a5316e76e84649a3b8ff0ff6ef9788595bed,BOME,0.00077807903
0xb294a5316e76e84649a3b8ff0ff6ef9788595bed,BNB,0.00084912777
0xb294a5316e76e84649a3b8ff0ff6ef9788595bed,MORPHO,0.0008831024
0xb294a5316e76e84649a3b8ff0ff6ef9788595bed,ZRO,0.00090527534
0xb294a5316e76e84649a3b8ff0ff6ef9788595bed,BCH,0.00090658665
0xb294a5316e76e84649a3b8ff0ff6ef9788595bed,BTC,0.00096940994
0xb294a5316e76e84649a3b8ff0ff6ef9788595bed,MANTA,0.0009815693
0xb294a5316e76e84649a3b8ff0ff6ef9788595bed,MINA,0.0010707378
0xb294a5316e76e84649a3b8ff0ff6ef9788595bed,LINK,0.0011193752
0xb294a5316e76e84649a3b8ff0ff6ef9788595bed,BABY,0.0013136864
0xb294a5316e76e84649a3b8ff0ff6ef9788595bed,COMP,0.0014311075
0xb294a5316e76e84649a3b8ff0ff6ef9788595bed,S,0.0014395714
0xb294a5316e76e84649a3b8ff0ff6ef9788595bed,DASH,0.0014909506
0xb294a5316e76e84649a3b8ff0ff6ef9788595bed,IO,0.0015279055
0xb294a5316e76e84649a3b8ff0ff6ef9788595bed,ETHFI,0.0018481016
0xb294a5316e76e84649a3b8ff0ff6ef9788595bed,JUP,0.0018742085
0xb294a5316e76e84649a3b8ff0ff6ef9788595bed,sENA,0.0020420551
0xb294a5316e76e84649a3b8ff0ff6ef9788595bed,RSR,0.0022332668
0xb294a5316e76e84649a3b8ff0ff6ef9788595bed,ETC,0.0025507212
0xb294a5316e76e84649a3b8ff0ff6ef9788595bed,CELO,0.0028361082
0xb294a5316e76e84649a3b8ff0ff6ef9788595bed,VINE,0.0029187202
0xb294a5316e76e84649a3b8ff0ff6ef9788595bed,LTC,0.0030391216
0xb294a5316e76e84649a3b8ff0ff6ef9788595bed,GRASS,0.0031841993
0xb294a5316e76e84649a3b8ff0ff6ef9788595bed,PUMP,0.003485322
0xb294a5316e76e84649a3b8ff0ff6ef9788595bed,NEAR,0.0052832365
0xb294a5316e76e84649a3b8ff0ff6ef9788595bed,FET,0.005331993
0xb294a5316e76e84649a3b8ff0ff6ef9788595bed,ALT,0.006357074
0xb294a5316e76e84649a3b8ff0ff6ef9788595bed,HBAR,0.006413698
0xb294a5316e76e84649a3b8ff0ff6ef9788595bed,AR,0.006655097
0xb294a5316e76e84649a3b8ff0ff6ef9788595bed,TRX,0.007720828
0xb294a5316e76e84649a3b8ff0ff6ef9788595bed,OP,0.008475423
0xb294a5316e76e84649a3b8ff0ff6ef9788595bed,VIRTUAL,0.008712053
0xb294a5316e76e84649a3b8ff0ff6ef9788595bed,PROVE,0.00942874
0xb294a5316e76e84649a3b8ff0ff6ef9788595bed,XMR,0.02112329
0xb7ece21c962697a3194c0b6e4b81db54433055ab,BTC,-0.015255233113318
0xb7ece21c962697a3194c0b6e4b81db54433055ab,LTC,-0.0143948301276565
0xb7ece21c962697a3194c0b6e4b81db54433055ab,XRP,-0.0102613667899985
0xb7ece21c962697a3194c0b6e4b81db54433055ab,DOGE,-0.0130147390063602
0xb7ece21c962697a3194c0b6e4b81db54433055ab,DASH,-0.0102613667899985
0xb7ece21c962697a3194c0b6e4b81db54433055ab,XMR,-0.0146754730838697
0xb7ece21c962697a3194c0b6e4b81db54433055ab,XLM,-0.0102613667899985
0xb7ece21c962697a3194c0b6e4b81db54433055ab,ETH,-0.0181871257736077
0xb7ece21c962697a3194c0b6e4b81db54433055ab,ETC,-0.0146754730838697
0xb7ece21c962697a3194c0b6e4b81db54433055ab,ZEC,-0.0102613667899985
0xb7ece21c962697a3194c0b6e4b81db54433055ab,ZEN,-0.0102613667899985
0xb7ece21c962697a3194c0b6e4b81db54433055ab,IOTA,-0.0102613667899985
0xb7ece21c962697a3194c0b6e4b81db54433055ab,BCH,-0.0102613667899985
0xb7ece21c962697a3194c0b6e4b81db54433055ab,BNB,-0.0102613667899985
0xb7ece21c962697a3194c0b6e4b81db54433055ab,TRX,-0.0155136277077727
0xb7ece21c962697a3194c0b6e4b81db54433055ab,LINK,-0.0102613667899985
0xb7ece21c962697a3194c0b6e4b81db54433055ab,ADA,-0.0102613667899985
0xb7ece21c962697a3194c0b6e4b81db54433055ab,FIL,-0.0102613667899985
0xb7ece21c962697a3194c0b6e4b81db54433055ab,SNX,-0.0102613667899985
0xb7ece21c962697a3194c0b6e4b81db54433055ab,BSV,-0.0133477143460811
0xb7ece21c962697a3194c0b6e4b81db54433055ab,FET,-0.0102613667899985
0xb7ece21c962697a3194c0b6e4b81db54433055ab,ATOM,-0.0102613667899985
0xb7ece21c962697a3194c0b6e4b81db54433055ab,RSR,-0.015255233113318
0xb7ece21c962697a3194c0b6e4b81db54433055ab,ALGO,-0.0102613667899985
0xb7ece21c962697a3194c0b6e4b81db54433055ab,RUNE,-0.0102613667899985
0xb7ece21c962697a3194c0b6e4b81db54433055ab,LUNC,-0.0102613667899985
0xb7ece21c962697a3194c0b6e4b81db54433055ab,HBAR,-0.0102613667899985
0xb7ece21c962697a3194c0b6e4b81db54433055ab,PAXG,-0.0102613667899985
0xb7ece21c962697a3194c0b6e4b81db54433055ab,STX,-0.0102613667899985
0xb7ece21c962697a3194c0b6e4b81db54433055ab,TRB,-0.0102613667899985
0xb7ece21c962697a3194c0b6e4b81db54433055ab,SOL,-0.015255233113318
0xb7ece21c962697a3194c0b6e4b81db54433055ab,CELO,-0.0102613667899985
0xb7ece21c962697a3194c0b6e4b81db54433055ab,UMA,-0.0102613667899985
0xb7ece21c962697a3194c0b6e4b81db54433055ab,AR,-0.0102613667899985
0xb7ece21c962697a3194c0b6e4b81db54433055ab,RENDER,-0.0102613667899985
0xb7ece21c962697a3194c0b6e4b81db54433055ab,COMP,-0.0102613667899985
0xb7ece21c962697a3194c0b6e4b81db54433055ab,AVAX,-0.0102613667899985
0xb7ece21c962697a3194c0b6e4b81db54433055ab,SHIB,-0.0102613667899985
0xb7ece21c962697a3194c0b6e4b81db54433055ab,SAND,-0.0102613667899985
0xb7ece21c962697a3194c0b6e4b81db54433055ab,NEAR,-0.0102613667899985
0xb7ece21c962697a3194c0b6e4b81db54433055ab,CRV,-0.0133477143460811
0xb7ece21c962697a3194c0b6e4b81db54433055ab,DOT,-0.0102613667899985
0xb7ece21c962697a3194c0b6e4b81db54433055ab,SUSHI,-0.0102613667899985
0xb7ece21c962697a3194c0b6e4b81db54433055ab,AXS,-0.0102613667899985
0xb7ece21c962697a3194c0b6e4b81db54433055ab,GALA,-0.0102613667899985
0xb7ece21c962697a3194c0b6e4b81db54433055ab,UNI,-0.0102613667899985
0xb7ece21c962697a3194c0b6e4b81db54433055ab,CAKE,-0.0102613667899985
0xb7ece21c962697a3194c0b6e4b81db54433055ab,INJ,-0.0102613667899985
0xb7ece21c962697a3194c0b6e4b81db54433055ab,AAVE,-0.0102613667899985
0xb7ece21c962697a3194c0b6e4b81db54433055ab,CFX,-0.0102613667899985
0xb7ece21c962697a3194c0b6e4b81db54433055ab,LDO,-0.0102613667899985
0xb7ece21c962697a3194c0b6e4b81db54433055ab,MINA,-0.0102613667899985
0xb7ece21c962697a3194c0b6e4b81db54433055ab,ICP,-0.0102613667899985
0xb7ece21c962697a3194c0b6e4b81db54433055ab,PENDLE,-0.0102613667899985
0xb7ece21c962697a3194c0b6e4b81db54433055ab,IMX,-0.0102613667899985
0xb7ece21c962697a3194c0b6e4b81db54433055ab,FLOKI,-0.0102613667899985
0xb7ece21c962697a3194c0b6e4b81db54433055ab,OP,-0.0155136277077727
0xb7ece21c962697a3194c0b6e4b81db54433055ab,ARB,-0.0102613667899985
0xb7ece21c962697a3194c0b6e4b81db54433055ab,GMX,-0.0102613667899985
0xb7ece21c962697a3194c0b6e4b81db54433055ab,WLD,-0.0133477143460811
0xb7ece21c962697a3194c0b6e4b81db54433055ab,MANTA,-0.0102613667899985
0xb7ece21c962697a3194c0b6e4b81db54433055ab,ENS,-0.0102613667899985
0xb7ece21c962697a3194c0b6e4b81db54433055ab,PEOPLE,-0.0102613667899985
0xb7ece21c962697a3194c0b6e4b81db54433055ab,GMT,-0.0102613667899985
0xb7ece21c962697a3194c0b6e4b81db54433055ab,APE,-0.0102613667899985
0xb7ece21c962697a3194c0b6e4b81db54433055ab,APEX,-0.0102613667899985
0xb7ece21c962697a3194c0b6e4b81db54433055ab,KAS,-0.0102613667899985
0xb7ece21c962697a3194c0b6e4b81db54433055ab,SUI,-0.0102613667899985
0xb7ece21c962697a3194c0b6e4b81db54433055ab,ONDO,-0.0102613667899985
0xb7ece21c962697a3194c0b6e4b81db54433055ab,ZETA,-0.0102613667899985
0xb7ece21c962697a3194c0b6e4b81db54433055ab,APT,-0.0102613667899985
0xb7ece21c962697a3194c0b6e4b81db54433055ab,STRK,-0.0102613667899985
0xb7ece21c962697a3194c0b6e4b81db54433055ab,TIA,-0.0102613667899985
0xb7ece21c962697a3194c0b6e4b81db54433055ab,TAO,-0.0102613667899985
0xb7ece21c962697a3194c0b6e4b81db54433055ab,BONK,-0.0102613667899985
0xb7ece21c962697a3194c0b6e4b81db54433055ab,BLUR,-0.0102613667899985
0xb7ece21c962697a3194c0b6e4b81db54433055ab,SEI,-0.0102613667899985
0xb7ece21c962697a3194c0b6e4b81db54433055ab,ZK,-0.0102613667899985
0xb7ece21c962697a3194c0b6e4b81db54433055ab,PEPE,-0.0153297879304875
0xb7ece21c962697a3194c0b6e4b81db54433055ab,BERA,-0.0102613667899985
0xb7ece21c962697a3194c0b6e4b81db54433055ab,TURBO,-0.0102613667899985
0xb7ece21c962697a3194c0b6e4b81db54433055ab,ORDI,-0.0102613667899985
0xb7ece21c962697a3194c0b6e4b81db54433055ab,ZRO,-0.0102613667899985
0xb7ece21c962697a3194c0b6e4b81db54433055ab,MNT,-0.0102613667899985
0xb7ece21c962697a3194c0b6e4b81db54433055ab,LINEA,-0.0102613667899985
0xb7ece21c962697a3194c0b6e4b81db54433055ab,PYTH,-0.0102613667899985
0xb7ece21c962697a3194c0b6e4b81db54433055ab,MEME,-0.0102613667899985
0xb7ece21c962697a3194c0b6e4b81db54433055ab,POL,-0.0102613667899985
0xb7ece21c962697a3194c0b6e4b81db54433055ab,JTO,-0.0133477143460811
0xb7ece21c962697a3194c0b6e4b81db54433055ab,WIF,-0.0102613667899985
0xb7ece21c962697a3194c0b6e4b81db54433055ab,POPCAT,-0.0102613667899985
0xb7ece21c962697a3194c0b6e4b81db54433055ab,NOT,-0.0102613667899985
0xb7ece21c962697a3194c0b6e4b81db54433055ab,DYM,-0.0102613667899985
0xb7ece21c962697a3194c0b6e4b81db54433055ab,XAI,-0.0133477143460811
0xb7ece21c962697a3194c0b6e4b81db54433055ab,ALT,-0.0161496261150329
0xb7ece21c962697a3194c0b6e4b81db54433055ab,JUP,-0.0102613667899985
0xb7ece21c962697a3194c0b6e4b81db54433055ab,AERO,-0.0102613667899985
0xb7ece21c962697a3194c0b6e4b81db54433055ab,VIRTUAL,-0.0102613667899985
0xb7ece21c962697a3194c0b6e4b81db54433055ab,W,-0.0102613667899985
0xb7ece21c962697a3194c0b6e4b81db54433055ab,BRETT,-0.0102613667899985
0xb7ece21c962697a3194c0b6e4b81db54433055ab,ETHFI,-0.0133477143460811
0xb7ece21c962697a3194c0b6e4b81db54433055ab,IO,-0.0102613667899985
0xb7ece21c962697a3194c0b6e4b81db54433055ab,BOME,-0.0133477143460811
0xb7ece21c962697a3194c0b6e4b81db54433055ab,sENA,-0.0102613667899985
0xb7ece21c962697a3194c0b6e4b81db54433055ab,TNSR,-0.0102613667899985
0xb7ece21c962697a3194c0b6e4b81db54433055ab,EIGEN,-0.0102613667899985
0xb7ece21c962697a3194c0b6e4b81db54433055ab,MON,-0.0102613667899985
0xb7ece21c962697a3194c0b6e4b81db54433055ab,MERL,-0.0102613667899985
0xb7ece21c962697a3194c0b6e4b81db54433055ab,REZ,-0.0102613667899985
0xb7ece21c962697a3194c0b6e4b81db54433055ab,SOPH,-0.0102613667899985
0xb7ece21c962697a3194c0b6e4b81db54433055ab,HYPE,-0.0102613667899985
0xb7ece21c962697a3194c0b6e4b81db54433055ab,ME,-0.0102613667899985
0xb7ece21c962697a3194c0b6e4b81db54433055ab,BABY,-0.0155136277077727
0xb7ece21c962697a3194c0b6e4b81db54433055ab,MOVE,-0.0155136277077727
0xb7ece21c962697a3194c0b6e4b81db54433055ab,NEIRO,-0.0102613667899985
0xb7ece21c962697a3194c0b6e4b81db54433055ab,S,-0.0131857313878436
0xb7ece21c962697a3194c0b6e4b81db54433055ab,GRASS,-0.0102613667899985
0xb7ece21c962697a3194c0b6e4b81db54433055ab,SKY,-0.0102613667899985
0xb7ece21c962697a3194c0b6e4b81db54433055ab,INIT,-0.0102613667899985
0xb7ece21c962697a3194c0b6e4b81db54433055ab,WCT,-0.0102613667899985
0xb7ece21c962697a3194c0b6e4b81db54433055ab,WLFI,-0.0102613667899985
0xb7ece21c962697a3194c0b6e4b81db54433055ab,GOAT,-0.0102613667899985
0xb7ece21c962697a3194c0b6e4b81db54433055ab,FARTCOIN,-0.0102613667899985
0xb7ece21c962697a3194c0b6e4b81db54433055ab,PNUT,-0.0102613667899985
0xb7ece21c962697a3194c0b6e4b81db54433055ab,SYRUP,-0.0102613667899985
0xb7ece21c962697a3194c0b6e4b81db54433055ab,USUAL,-0.0155136277077727
0xb7ece21c962697a3194c0b6e4b81db54433055ab,AIXBT,-0.0102613667899985
0xb7ece21c962697a3194c0b6e4b81db54433055ab,MORPHO,-0.0102613667899985
0xb7ece21c962697a3194c0b6e4b81db54433055ab,PENGU,-0.0102613667899985
0xb7ece21c962697a3194c0b6e4b81db54433055ab,GRIFFAIN,-0.0133477143460811
0xb7ece21c962697a3194c0b6e4b81db54433055ab,BIO,-0.0146754730838697
0xb7ece21c962697a3194c0b6e4b81db54433055ab,ANIME,-0.0102613667899985
0xb7ece21c962697a3194c0b6e4b81db54433055ab,TRUMP,-0.0163370016298219
0xb7ece21c962697a3194c0b6e4b81db54433055ab,MELANIA,-0.0102613667899985
0xb7ece21c962697a3194c0b6e4b81db54433055ab,VINE,-0.0102613667899985
0xb7ece21c962697a3194c0b6e4b81db54433055ab,LAYER,-0.0146754730838697
0xb7ece21c962697a3194c0b6e4b81db54433055ab,VVV,-0.0102613667899985
0xb7ece21c962697a3194c0b6e4b81db54433055ab,IP,-0.0136197041792815
0xb7ece21c962697a3194c0b6e4b81db54433055ab,NIL,-0.0133477143460811
0xb7ece21c962697a3194c0b6e4b81db54433055ab,KAITO,-0.0102613667899985
0xb7ece21c962697a3194c0b6e4b81db54433055ab,ZORA,-0.0102613667899985
0xb7ece21c962697a3194c0b6e4b81db54433055ab,HYPER,-0.0130147390063602
0xb7ece21c962697a3194c0b6e4b81db54433055ab,ASTER,-0.0102613667899985
0xb7ece21c962697a3194c0b6e4b81db54433055ab,PUMP,-0.0133477143460811
0xb7ece21c962697a3194c0b6e4b81db54433055ab,XPL,-0.0102613667899985
0xb7ece21c962697a3194c0b6e4b81db54433055ab,CC,-0.0102613667899985
0xb7ece21c962697a3194c0b6e4b81db54433055ab,PROVE,-0.0102613667899985
0xb7ece21c962697a3194c0b6e4b81db54433055ab,HEMI,-0.0133477143460811
0xb7ece21c962697a3194c0b6e4b81db54433055ab,AVNT,-0.0133477143460811
0xb7ece21c962697a3194c0b6e4b81db54433055ab,0G,-0.0102613667899985
0xb7ece21c962697a3194c0b6e4b81db54433055ab,2Z,-0.0102613667899985
0xb7ece21c962697a3194c0b6e4b81db54433055ab,LIT,-0.0102613667899985
0xcbe37e37bb9ac19e87e6e495303fab60c3111529,BTC,0.0294150838459194
0xcbe37e37bb9ac19e87e6e495303fab60c3111529,LTC,0.033578680511432
0xcbe37e37bb9ac19e87e6e495303fab60c3111529,XRP,0.0005983470852285
0xcbe37e37bb9ac19e87e6e495303fab60c3111529,DOGE,-0.0127231945895151
0xcbe37e37bb9ac19e87e6e495303fab60c3111529,DASH,0.0243660796937326
0xcbe37e37bb9ac19e87e6e495303fab60c3111529,XMR,0.0095561738567332
0xcbe37e37bb9ac19e87e6e495303fab60c3111529,XLM,0.0393344732637752
0xcbe37e37bb9ac19e87e6e495303fab60c3111529,ETH,0.0232479301632408
0xcbe37e37bb9ac19e87e6e495303fab60c3111529,ETC,-0.0151403088406527
0xcbe37e37bb9ac19e87e6e495303fab60c3111529,ZEC,-0.0095723727810664
0xcbe37e37bb9ac19e87e6e495303fab60c3111529,ZEN,0.010022877879322
0xcbe37e37bb9ac19e87e6e495303fab60c3111529,IOTA,0.0138948077592933
0xcbe37e37bb9ac19e87e6e495303fab60c3111529,BCH,0.0306462594601026
0xcbe37e37bb9ac19e87e6e495303fab60c3111529,BNB,0.0147208014713591
0xcbe37e37bb9ac19e87e6e495303fab60c3111529,TRX,-0.0159818128884216
0xcbe37e37bb9ac19e87e6e495303fab60c3111529,LINK,0.0050284165378206
0xcbe37e37bb9ac19e87e6e495303fab60c3111529,ADA,-0.0002440133635789
0xcbe37e37bb9ac19e87e6e495303fab60c3111529,FIL,0.0149380694894724
0xcbe37e37bb9ac19e87e6e495303fab60c3111529,SNX,0.0023569892003876
0xcbe37e37bb9ac19e87e6e495303fab60c3111529,BSV,0.0208824209002672
0xcbe37e37bb9ac19e87e6e495303fab60c3111529,FET,0.0144638856481158
0xcbe37e37bb9ac19e87e6e495303fab60c3111529,ATOM,0.0011402073850103
0xcbe37e37bb9ac19e87e6e495303fab60c3111529,RSR,0.0101743705397612
0xcbe37e37bb9ac19e87e6e495303fab60c3111529,ALGO,0.0003982355839252
0xcbe37e37bb9ac19e87e6e495303fab60c3111529,RUNE,0.008883235070667
0xcbe37e37bb9ac19e87e6e495303fab60c3111529,LUNC,0.0191844244356475
0xcbe37e37bb9ac19e87e6e495303fab60c3111529,HBAR,0.0167023671713574
0xcbe37e37bb9ac19e87e6e495303fab60c3111529,PAXG,0.0279040438115032
0xcbe37e37bb9ac19e87e6e495303fab60c3111529,STX,0.0028694601935051
0xcbe37e37bb9ac19e87e6e495303fab60c3111529,TRB,0.0144585928178067
0xcbe37e37bb9ac19e87e6e495303fab60c3111529,SOL,0.0049225849240593
0xcbe37e37bb9ac19e87e6e495303fab60c3111529,CELO,0.0169246544925134
0xcbe37e37bb9ac19e87e6e495303fab60c3111529,UMA,0.0369119814453217
0xcbe37e37bb9ac19e87e6e495303fab60c3111529,AR,0.0038493062794788
0xcbe37e37bb9ac19e87e6e495303fab60c3111529,RENDER,0.0023192534314312
0xcbe37e37bb9ac19e87e6e495303fab60c3111529,COMP,0.0257050169041625
0xcbe37e37bb9ac19e87e6e495303fab60c3111529,AVAX,0.0408236010279013
0xcbe37e37bb9ac19e87e6e495303fab60c3111529,SHIB,0.0006383618042891
0xcbe37e37bb9ac19e87e6e495303fab60c3111529,SAND,0.0007786755791326
0xcbe37e37bb9ac19e87e6e495303fab60c3111529,NEAR,0.0146844845578827
0xcbe37e37bb9ac19e87e6e495303fab60c3111529,CRV,-0.0062392790112937
0xcbe37e37bb9ac19e87e6e495303fab60c3111529,DOT,0.0019553460599003
0xcbe37e37bb9ac19e87e6e495303fab60c3111529,SUSHI,0.0061580609538142
0xcbe37e37bb9ac19e87e6e495303fab60c3111529,AXS,0.0134294512840024
0xcbe37e37bb9ac19e87e6e495303fab60c3111529,GALA,0.0130598679439344
0xcbe37e37bb9ac19e87e6e495303fab60c3111529,UNI,-0.0035185718598759
0xcbe37e37bb9ac19e87e6e495303fab60c3111529,CAKE,-0.0023554783046755
0xcbe37e37bb9ac19e87e6e495303fab60c3111529,INJ,0.0011675328192756
0xcbe37e37bb9ac19e87e6e495303fab60c3111529,AAVE,0.0110964904573481
0xcbe37e37bb9ac19e87e6e495303fab60c3111529,CFX,0.0091588813886725
0xcbe37e37bb9ac19e87e6e495303fab60c3111529,LDO,-0.0011437561400748
0xcbe37e37bb9ac19e87e6e495303fab60c3111529,MINA,0.0017519524517829
0xcbe37e37bb9ac19e87e6e495303fab60c3111529,ICP,0.000004462529113332956
0xcbe37e37bb9ac19e87e6e495303fab60c3111529,PENDLE,0.0149703667097147
0xcbe37e37bb9ac19e87e6e495303fab60c3111529,IMX,0.0181050634257914
0xcbe37e37bb9ac19e87e6e495303fab60c3111529,FLOKI,0.0114464247167877
0xcbe37e37bb9ac19e87e6e495303fab60c3111529,OP,0.0221061499521807
0xcbe37e37bb9ac19e87e6e495303fab60c3111529,ARB,0.011888099909496
0xcbe37e37bb9ac19e87e6e495303fab60c3111529,GMX,0.0163482206179645
0xcbe37e37bb9ac19e87e6e495303fab60c3111529,WLD,-0.0231256646267245
0xcbe37e37bb9ac19e87e6e495303fab60c3111529,MANTA,0.0121353206188109
0xcbe37e37bb9ac19e87e6e495303fab60c3111529,ENS,0.0060228774422139
0xcbe37e37bb9ac19e87e6e495303fab60c3111529,PEOPLE,0.0112713586268346
0xcbe37e37bb9ac19e87e6e495303fab60c3111529,GMT,0.0239579992503388
0xcbe37e37bb9ac19e87e6e495303fab60c3111529,APE,0.0169204031142511
0xcbe37e37bb9ac19e87e6e495303fab60c3111529,APEX,0.0018630117336011
0xcbe37e37bb9ac19e87e6e495303fab60c3111529,KAS,0.02379456937098
0xcbe37e37bb9ac19e87e6e495303fab60c3111529,SUI,0.0089086299876427
0xcbe37e37bb9ac19e87e6e495303fab60c3111529,ONDO,0.0246189203919857
0xcbe37e37bb9ac19e87e6e495303fab60c3111529,ZETA,0.0091712379188508
0xcbe37e37bb9ac19e87e6e495303fab60c3111529,APT,0.0317021479001569
0xcbe37e37bb9ac19e87e6e495303fab60c3111529,STRK,0.0109949852527602
0xcbe37e37bb9ac19e87e6e495303fab60c3111529,TIA,0.0101913764904456
0xcbe37e37bb9ac19e87e6e495303fab60c3111529,TAO,0.018869877987916
0xcbe37e37bb9ac19e87e6e495303fab60c3111529,BONK,0.0049380223959113
0xcbe37e37bb9ac19e87e6e495303fab60c3111529,BLUR,0.0175103689193725
0xcbe37e37bb9ac19e87e6e495303fab60c3111529,SEI,0.0129187995108324
0xcbe37e37bb9ac19e87e6e495303fab60c3111529,ZK,0.0182002079834925
0xcbe37e37bb9ac19e87e6e495303fab60c3111529,PEPE,-0.0221417716938006
0xcbe37e37bb9ac19e87e6e495303fab60c3111529,BERA,0.0037448557189361
0xcbe37e37bb9ac19e87e6e495303fab60c3111529,TURBO,0.0239828333913553
0xcbe37e37bb9ac19e87e6e495303fab60c3111529,ORDI,0.0167572531613374
0xcbe37e37bb9ac19e87e6e495303fab60c3111529,ZRO,0.0285029918530698
0xcbe37e37bb9ac19e87e6e495303fab60c3111529,MNT,0.0007967254150784
0xcbe37e37bb9ac19e87e6e495303fab60c3111529,LINEA,0.0156339010626338
0xcbe37e37bb9ac19e87e6e495303fab60c3111529,PYTH,0.012932913795995
0xcbe37e37bb9ac19e87e6e495303fab60c3111529,MEME,0.0324958775643709
0xcbe37e37bb9ac19e87e6e495303fab60c3111529,POL,-0.0077164422076842
0xcbe37e37bb9ac19e87e6e495303fab60c3111529,JTO,-0.0029234094260269
0xcbe37e37bb9ac19e87e6e495303fab60c3111529,WIF,0.0335246224105663
0xcbe37e37bb9ac19e87e6e495303fab60c3111529,POPCAT,0.0164904697059289
0xcbe37e37bb9ac19e87e6e495303fab60c3111529,NOT,-0.0058784175886101
0xcbe37e37bb9ac19e87e6e495303fab60c3111529,DYM,0.0003041833927207
0xcbe37e37bb9ac19e87e6e495303fab60c3111529,XAI,-0.0175014548148283
0xcbe37e37bb9ac19e87e6e495303fab60c3111529,ALT,-0.0005227578020116
0xcbe37e37bb9ac19e87e6e495303fab60c3111529,JUP,0.0166368108818802
0xcbe37e37bb9ac19e87e6e495303fab60c3111529,AERO,0.0203000286605912
0xcbe37e37bb9ac19e87e6e495303fab60c3111529,VIRTUAL,-0.0011295746907334
0xcbe37e37bb9ac19e87e6e495303fab60c3111529,W,-0.0076248303206379
0xcbe37e37bb9ac19e87e6e495303fab60c3111529,BRETT,0.019445784311047
0xcbe37e37bb9ac19e87e6e495303fab60c3111529,ETHFI,-0.0332312760940764
0xcbe37e37bb9ac19e87e6e495303fab60c3111529,IO,0.0240743957928796
0xcbe37e37bb9ac19e87e6e495303fab60c3111529,BOME,-0.0068483291274409
0xcbe37e37bb9ac19e87e6e495303fab60c3111529,sENA,0.0072527234356318
0xcbe37e37bb9ac19e87e6e495303fab60c3111529,TNSR,0.0089019614703725
0xcbe37e37bb9ac19e87e6e495303fab60c3111529,EIGEN,0.0242261180385817
0xcbe37e37bb9ac19e87e6e495303fab60c3111529,MON,0.032883060498758
0xcbe37e37bb9ac19e87e6e495303fab60c3111529,MERL,0.0057112413433763
0xcbe37e37bb9ac19e87e6e495303fab60c3111529,REZ,0.0121435192084901
0xcbe37e37bb9ac19e87e6e495303fab60c3111529,SOPH,-0.0049128011005698
0xcbe37e37bb9ac19e87e6e495303fab60c3111529,HYPE,-0.0204422442618059
0xcbe37e37bb9ac19e87e6e495303fab60c3111529,ME,0.0074218575840823
0xcbe37e37bb9ac19e87e6e495303fab60c3111529,BABY,0.0331505889746185
0xcbe37e37bb9ac19e87e6e495303fab60c3111529,MOVE,-0.0493594427756357
0xcbe37e37bb9ac19e87e6e495303fab60c3111529,NEIRO,0.0158326919702236
0xcbe37e37bb9ac19e87e6e495303fab60c3111529,S,0.0071368637635021
0xcbe37e37bb9ac19e87e6e495303fab60c3111529,GRASS,-0.0069802103176362
0xcbe37e37bb9ac19e87e6e495303fab60c3111529,SKY,-0.0001622615771292
0xcbe37e37bb9ac19e87e6e495303fab60c3111529,INIT,0.0089755956205791
0xcbe37e37bb9ac19e87e6e495303fab60c3111529,WCT,0.0183967286645167
0xcbe37e37bb9ac19e87e6e495303fab60c3111529,WLFI,-0.0028090508450202
0xcbe37e37bb9ac19e87e6e495303fab60c3111529,GOAT,0.0261847230138667
0xcbe37e37bb9ac19e87e6e495303fab60c3111529,FARTCOIN,-0.0009012801771544
0xcbe37e37bb9ac19e87e6e495303fab60c3111529,PNUT,0.0122805495673777
0xcbe37e37bb9ac19e87e6e495303fab60c3111529,SYRUP,-0.0068801477238914
0xcbe37e37bb9ac19e87e6e495303fab60c3111529,USUAL,-0.0202308328013643
0xcbe37e37bb9ac19e87e6e495303fab60c3111529,AIXBT,0.0145983161063195
0xcbe37e37bb9ac19e87e6e495303fab60c3111529,MORPHO,0.0241058432982749
0xcbe37e37bb9ac19e87e6e495303fab60c3111529,PENGU,0.0263365770890485
0xcbe37e37bb9ac19e87e6e495303fab60c3111529,GRIFFAIN,0.0003751693419248
0xcbe37e37bb9ac19e87e6e495303fab60c3111529,BIO,-0.0053851028022301
0xcbe37e37bb9ac19e87e6e495303fab60c3111529,ANIME,0.0282528773340015
0xcbe37e37bb9ac19e87e6e495303fab60c3111529,TRUMP,-0.0068335900147181
0xcbe37e37bb9ac19e87e6e495303fab60c3111529,MELANIA,0.0181648632657985
0xcbe37e37bb9ac19e87e6e495303fab60c3111529,VINE,0.0130070330718699
0xcbe37e37bb9ac19e87e6e495303fab60c3111529,LAYER,-0.0003190607751091
0xcbe37e37bb9ac19e87e6e495303fab60c3111529,VVV,0.0067783309950723
0xcbe37e37bb9ac19e87e6e495303fab60c3111529,IP,-0.0227900526273039
0xcbe37e37bb9ac19e87e6e495303fab60c3111529,NIL,-0.04077166253862
0xcbe37e37bb9ac19e87e6e495303fab60c3111529,KAITO,-0.070339082779978
0xcbe37e37bb9ac19e87e6e495303fab60c3111529,ZORA,0.0112437338533173
0xcbe37e37bb9ac19e87e6e495303fab60c3111529,HYPER,0.0255470670144685
0xcbe37e37bb9ac19e87e6e495303fab60c3111529,ASTER,0.0329839788322224
0xcbe37e37bb9ac19e87e6e495303fab60c3111529,PUMP,-0.0426660543353364
0xcbe37e37bb9ac19e87e6e495303fab60c3111529,XPL,0.0309211349973493
0xcbe37e37bb9ac19e87e6e495303fab60c3111529,CC,0.006268966573236
0xcbe37e37bb9ac19e87e6e495303fab60c3111529,PROVE,-0.0057988354370488
0xcbe37e37bb9ac19e87e6e495303fab60c3111529,HEMI,-0.0480536245265073
0xcbe37e37bb9ac19e87e6e495303fab60c3111529,AVNT,-0.0128018330506099
0xcbe37e37bb9ac19e87e6e495303fab60c3111529,0G,-0.0019143109227031
0xcbe37e37bb9ac19e87e6e495303fab60c3111529,2Z,0.0122745174221025
0xcbe37e37bb9ac19e87e6e495303fab60c3111529,LIT,0.0099419129129638
0xcf28560da27700098a0efcb3f5742169948892de,BTC,-0.0122930607647068
0xcf28560da27700098a0efcb3f5742169948892de,LTC,-0.0029466849237879
0xcf28560da27700098a0efcb3f5742169948892de,XRP,-0.005030578241767
0xcf28560da27700098a0efcb3f5742169948892de,DOGE,0.020400010937359
0xcf28560da27700098a0efcb3f5742169948892de,DASH,0.0114369893206905
0xcf28560da27700098a0efcb3f5742169948892de,XMR,0.0278667403395712
0xcf28560da27700098a0efcb3f5742169948892de,XLM,0.0185403069193683
0xcf28560da27700098a0efcb3f5742169948892de,ETH,0.0142574811119387
0xcf28560da27700098a0efcb3f5742169948892de,ETC,0.0016474446159807
0xcf28560da27700098a0efcb3f5742169948892de,ZEC,0.0235953221206031
0xcf28560da27700098a0efcb3f5742169948892de,ZEN,0.0145267801644636
0xcf28560da27700098a0efcb3f5742169948892de,IOTA,0.0157266668824528
0xcf28560da27700098a0efcb3f5742169948892de,BCH,0.0383101183239098
0xcf28560da27700098a0efcb3f5742169948892de,BNB,-0.0012520905960861
0xcf28560da27700098a0efcb3f5742169948892de,TRX,-0.0156535650817043
0xcf28560da27700098a0efcb3f5742169948892de,LINK,0.0256127494424262
0xcf28560da27700098a0efcb3f5742169948892de,ADA,0.024121844855993
0xcf28560da27700098a0efcb3f5742169948892de,FIL,0.0036511692059356
0xcf28560da27700098a0efcb3f5742169948892de,SNX,0.001091231003403
0xcf28560da27700098a0efcb3f5742169948892de,BSV,0.0092056498346604
0xcf28560da27700098a0efcb3f5742169948892de,FET,0.0127426311567843
0xcf28560da27700098a0efcb3f5742169948892de,ATOM,0.0071627683052125
0xcf28560da27700098a0efcb3f5742169948892de,RSR,0.0274078824112473
0xcf28560da27700098a0efcb3f5742169948892de,ALGO,-0.0062668890296666
0xcf28560da27700098a0efcb3f5742169948892de,RUNE,0.0054857352078467
0xcf28560da27700098a0efcb3f5742169948892de,LUNC,0.0058982195004447
0xcf28560da27700098a0efcb3f5742169948892de,HBAR,0.000415376215581
0xcf28560da27700098a0efcb3f5742169948892de,PAXG,0.0265740274515582
0xcf28560da27700098a0efcb3f5742169948892de,STX,0.0102156091669645
0xcf28560da27700098a0efcb3f5742169948892de,TRB,0.0028901207344634
0xcf28560da27700098a0efcb3f5742169948892de,SOL,-0.018738719002744
0xcf28560da27700098a0efcb3f5742169948892de,CELO,0.0285421865627716
0xcf28560da27700098a0efcb3f5742169948892de,UMA,0.0038480755399344
0xcf28560da27700098a0efcb3f5742169948892de,AR,0.0260327030700031
0xcf28560da27700098a0efcb3f5742169948892de,RENDER,0.0124769120516313
0xcf28560da27700098a0efcb3f5742169948892de,COMP,0.0280302347522668
0xcf28560da27700098a0efcb3f5742169948892de,AVAX,0.0086717930366066
0xcf28560da27700098a0efcb3f5742169948892de,SHIB,0.0121185947198607
0xcf28560da27700098a0efcb3f5742169948892de,SAND,-0.0007235060014721
0xcf28560da27700098a0efcb3f5742169948892de,NEAR,0.031617242403217
0xcf28560da27700098a0efcb3f5742169948892de,CRV,0.0255793777761948
0xcf28560da27700098a0efcb3f5742169948892de,DOT,0.0177936958196982
0xcf28560da27700098a0efcb3f5742169948892de,SUSHI,0.001148649276899
0xcf28560da27700098a0efcb3f5742169948892de,AXS,0.0069093704893915
0xcf28560da27700098a0efcb3f5742169948892de,GALA,0.0059833633132562
0xcf28560da27700098a0efcb3f5742169948892de,UNI,0.0285317400189305
0xcf28560da27700098a0efcb3f5742169948892de,CAKE,0.0145701893122636
0xcf28560da27700098a0efcb3f5742169948892de,INJ,0.0244920049715102
0xcf28560da27700098a0efcb3f5742169948892de,AAVE,0.0087182623428963
0xcf28560da27700098a0efcb3f5742169948892de,CFX,0.0002520927672953
0xcf28560da27700098a0efcb3f5742169948892de,LDO,0.0075238478057127
0xcf28560da27700098a0efcb3f5742169948892de,MINA,-0.0001575750176423
0xcf28560da27700098a0efcb3f5742169948892de,ICP,-0.0001844495414432
0xcf28560da27700098a0efcb3f5742169948892de,PENDLE,0.0153279611024127
0xcf28560da27700098a0efcb3f5742169948892de,IMX,0.0119642319136021
0xcf28560da27700098a0efcb3f5742169948892de,FLOKI,0.0096681352968295
0xcf28560da27700098a0efcb3f5742169948892de,OP,0.0029862893872751
0xcf28560da27700098a0efcb3f5742169948892de,ARB,0.0137052179245962
0xcf28560da27700098a0efcb3f5742169948892de,GMX,0.0100531402149582
0xcf28560da27700098a0efcb3f5742169948892de,WLD,-0.0060811029691901
0xcf28560da27700098a0efcb3f5742169948892de,MANTA,0.0036131492804159
0xcf28560da27700098a0efcb3f5742169948892de,ENS,0.0169200928911255
0xcf28560da27700098a0efcb3f5742169948892de,PEOPLE,-0.000004534047881705612
0xcf28560da27700098a0efcb3f5742169948892de,GMT,0.0028106614444919
0xcf28560da27700098a0efcb3f5742169948892de,APE,0.0110226889699914
0xcf28560da27700098a0efcb3f5742169948892de,APEX,0.0024852727621051
0xcf28560da27700098a0efcb3f5742169948892de,KAS,0.0158050596885691
0xcf28560da27700098a0efcb3f5742169948892de,SUI,0.0147770383755158
0xcf28560da27700098a0efcb3f5742169948892de,ONDO,0.0128992641112395
0xcf28560da27700098a0efcb3f5742169948892de,ZETA,0.0145938524851265
0xcf28560da27700098a0efcb3f5742169948892de,APT,0.009356379416963
0xcf28560da27700098a0efcb3f5742169948892de,STRK,0.012165558462837
0xcf28560da27700098a0efcb3f5742169948892de,TIA,0.0230206116512438
0xcf28560da27700098a0efcb3f5742169948892de,TAO,0.0142536985795596
0xcf28560da27700098a0efcb3f5742169948892de,BONK,-0.0016014343143379
0xcf28560da27700098a0efcb3f5742169948892de,BLUR,0.0006357601787586
0xcf28560da27700098a0efcb3f5742169948892de,SEI,0.0145464968490632
0xcf28560da27700098a0efcb3f5742169948892de,ZK,0.0111848590621884
0xcf28560da27700098a0efcb3f5742169948892de,PEPE,-0.0174294694251381
0xcf28560da27700098a0efcb3f5742169948892de,BERA,0.0060083216983167
0xcf28560da27700098a0efcb3f5742169948892de,TURBO,0.0157636483396649
0xcf28560da27700098a0efcb3f5742169948892de,ORDI,0.0123604840537281
0xcf28560da27700098a0efcb3f5742169948892de,ZRO,0.0006631813219422
0xcf28560da27700098a0efcb3f5742169948892de,MNT,0.0102012625893195
0xcf28560da27700098a0efcb3f5742169948892de,LINEA,0.0137207911154626
0xcf28560da27700098a0efcb3f5742169948892de,PYTH,0.0189756169127805
0xcf28560da27700098a0efcb3f5742169948892de,MEME,0.015691062726987
0xcf28560da27700098a0efcb3f5742169948892de,POL,0.0080425792653361
0xcf28560da27700098a0efcb3f5742169948892de,JTO,-0.024358096003976
0xcf28560da27700098a0efcb3f5742169948892de,WIF,0.0145501820357772
0xcf28560da27700098a0efcb3f5742169948892de,POPCAT,0.0148635766498256
0xcf28560da27700098a0efcb3f5742169948892de,NOT,-0.0153493034213087
0xcf28560da27700098a0efcb3f5742169948892de,DYM,0.0024785277350225
0xcf28560da27700098a0efcb3f5742169948892de,XAI,-0.0215760442863439
0xcf28560da27700098a0efcb3f5742169948892de,ALT,-0.0002098280457543
0xcf28560da27700098a0efcb3f5742169948892de,JUP,0.0433072510375107
0xcf28560da27700098a0efcb3f5742169948892de,AERO,0.0290041424905661
0xcf28560da27700098a0efcb3f5742169948892de,VIRTUAL,0.0284348649159474
0xcf28560da27700098a0efcb3f5742169948892de,W,0.0160990550169308
0xcf28560da27700098a0efcb3f5742169948892de,BRETT,0.0006879707892599
0xcf28560da27700098a0efcb3f5742169948892de,ETHFI,-0.0264918436606451
0xcf28560da27700098a0efcb3f5742169948892de,IO,0.0034411473359484
0xcf28560da27700098a0efcb3f5742169948892de,BOME,-0.0146545772176815
0xcf28560da27700098a0efcb3f5742169948892de,sENA,0.0114729232228409
0xcf28560da27700098a0efcb3f5742169948892de,TNSR,0.0050768129082377
0xcf28560da27700098a0efcb3f5742169948892de,EIGEN,0.0300398553117183
0xcf28560da27700098a0efcb3f5742169948892de,MON,0.0048582968847814
0xcf28560da27700098a0efcb3f5742169948892de,MERL,0.0119611464277575
0xcf28560da27700098a0efcb3f5742169948892de,REZ,0.0023335621669293
0xcf28560da27700098a0efcb3f5742169948892de,SOPH,0.000489549303166
0xcf28560da27700098a0efcb3f5742169948892de,HYPE,0.0201933873086285
0xcf28560da27700098a0efcb3f5742169948892de,ME,0.0099950158937087
0xcf28560da27700098a0efcb3f5742169948892de,BABY,0.0232334445479885
0xcf28560da27700098a0efcb3f5742169948892de,MOVE,0.0649679120358684
0xcf28560da27700098a0efcb3f5742169948892de,NEIRO,0.0157450094493633
0xcf28560da27700098a0efcb3f5742169948892de,S,-0.0044616071689402
0xcf28560da27700098a0efcb3f5742169948892de,GRASS,-0.0048231592450896
0xcf28560da27700098a0efcb3f5742169948892de,SKY,0.0269327869840316
0xcf28560da27700098a0efcb3f5742169948892de,INIT,0.0071483617255038
0xcf28560da27700098a0efcb3f5742169948892de,WCT,0.0105988899883411
0xcf28560da27700098a0efcb3f5742169948892de,WLFI,-0.0048094313419508
0xcf28560da27700098a0efcb3f5742169948892de,GOAT,0.0311173469686936
0xcf28560da27700098a0efcb3f5742169948892de,FARTCOIN,0.004162587601383
0xcf28560da27700098a0efcb3f5742169948892de,PNUT,0.0015113939560471
0xcf28560da27700098a0efcb3f5742169948892de,SYRUP,0.0025215246323286
0xcf28560da27700098a0efcb3f5742169948892de,USUAL,0.00308117105896
0xcf28560da27700098a0efcb3f5742169948892de,AIXBT,0.0075400119098713
0xcf28560da27700098a0efcb3f5742169948892de,MORPHO,0.0179754350663652
0xcf28560da27700098a0efcb3f5742169948892de,PENGU,0.0071506267209736
0xcf28560da27700098a0efcb3f5742169948892de,GRIFFAIN,-0.0080993884812707
0xcf28560da27700098a0efcb3f5742169948892de,BIO,0.0000012019500434076395
0xcf28560da27700098a0efcb3f5742169948892de,ANIME,0.0235081935604248
0xcf28560da27700098a0efcb3f5742169948892de,TRUMP,0.0322517682624387
0xcf28560da27700098a0efcb3f5742169948892de,MELANIA,0.0029909424708673
0xcf28560da27700098a0efcb3f5742169948892de,VINE,0.0086804197301971
0xcf28560da27700098a0efcb3f5742169948892de,LAYER,-0.0027894870129517
0xcf28560da27700098a0efcb3f5742169948892de,VVV,0.0023291252418544
0xcf28560da27700098a0efcb3f5742169948892de,IP,-0.0203605346596095
0xcf28560da27700098a0efcb3f5742169948892de,NIL,-0.0126562442173431
0xcf28560da27700098a0efcb3f5742169948892de,KAITO,-0.0519311361629607
0xcf28560da27700098a0efcb3f5742169948892de,ZORA,0.0075364450164614
0xcf28560da27700098a0efcb3f5742169948892de,HYPER,-0.0211894069542193
0xcf28560da27700098a0efcb3f5742169948892de,ASTER,0.0204856374362741
0xcf28560da27700098a0efcb3f5742169948892de,PUMP,-0.0279989391500033
0xcf28560da27700098a0efcb3f5742169948892de,XPL,0.0045617060276831
0xcf28560da27700098a0efcb3f5742169948892de,CC,0.052228950851941
0xcf28560da27700098a0efcb3f5742169948892de,PROVE,-0.000005371271392285545
0xcf28560da27700098a0efcb3f5742169948892de,HEMI,-0.0521785877422724
0xcf28560da27700098a0efcb3f5742169948892de,AVNT,-0.0048787554274085
0xcf28560da27700098a0efcb3f5742169948892de,0G,-0.0106425252117998
0xcf28560da27700098a0efcb3f5742169948892de,2Z,-0.003647941665902
0xcf28560da27700098a0efcb3f5742169948892de,LIT,0.0102001078978872
0xe14867e41410bd7232a52b9400476c08b4e535b3,BTC,-0.014345288740445
0xe14867e41410bd7232a52b9400476c08b4e535b3,LTC,-0.01540059003996
0xe14867e41410bd7232a52b9400476c08b4e535b3,XRP,-0.0133536029253499
0xe14867e41410bd7232a52b9400476c08b4e535b3,DOGE,-0.0133536029253499
0xe14867e41410bd7232a52b9400476c08b4e535b3,DASH,-0.0133536029253499
0xe14867e41410bd7232a52b9400476c08b4e535b3,XMR,-0.0133536029253499
0xe14867e41410bd7232a52b9400476c08b4e535b3,XLM,-0.0133536029253499
0xe14867e41410bd7232a52b9400476c08b4e535b3,ETH,-0.0154862650372631
0xe14867e41410bd7232a52b9400476c08b4e535b3,ETC,-0.01343608057304
0xe14867e41410bd7232a52b9400476c08b4e535b3,ZEC,-0.0135774541643018
0xe14867e41410bd7232a52b9400476c08b4e535b3,ZEN,-0.0133536029253499
0xe14867e41410bd7232a52b9400476c08b4e535b3,IOTA,-0.0133536029253499
0xe14867e41410bd7232a52b9400476c08b4e535b3,BCH,-0.0133536029253499
0xe14867e41410bd7232a52b9400476c08b4e535b3,BNB,-0.01343608057304
0xe14867e41410bd7232a52b9400476c08b4e535b3,TRX,-0.0148826366048129
0xe14867e41410bd7232a52b9400476c08b4e535b3,LINK,-0.0133536029253499
0xe14867e41410bd7232a52b9400476c08b4e535b3,ADA,-0.0133536029253499
0xe14867e41410bd7232a52b9400476c08b4e535b3,FIL,-0.0133536029253499
0xe14867e41410bd7232a52b9400476c08b4e535b3,SNX,-0.0133536029253499
0xe14867e41410bd7232a52b9400476c08b4e535b3,BSV,-0.0156850530550319
0xe14867e41410bd7232a52b9400476c08b4e535b3,FET,-0.0133536029253499
0xe14867e41410bd7232a52b9400476c08b4e535b3,ATOM,-0.0133536029253499
0xe14867e41410bd7232a52b9400476c08b4e535b3,RSR,-0.0141802871338871
0xe14867e41410bd7232a52b9400476c08b4e535b3,ALGO,-0.0133536029253499
0xe14867e41410bd7232a52b9400476c08b4e535b3,RUNE,-0.0133536029253499
0xe14867e41410bd7232a52b9400476c08b4e535b3,LUNC,-0.0133536029253499
0xe14867e41410bd7232a52b9400476c08b4e535b3,HBAR,-0.0133536029253499
0xe14867e41410bd7232a52b9400476c08b4e535b3,PAXG,-0.0133536029253499
0xe14867e41410bd7232a52b9400476c08b4e535b3,STX,-0.0133536029253499
0xe14867e41410bd7232a52b9400476c08b4e535b3,TRB,-0.0133536029253499
0xe14867e41410bd7232a52b9400476c08b4e535b3,SOL,-0.0148826366048129
0xe14867e41410bd7232a52b9400476c08b4e535b3,CELO,-0.0133536029253499
0xe14867e41410bd7232a52b9400476c08b4e535b3,UMA,-0.0133536029253499
0xe14867e41410bd7232a52b9400476c08b4e535b3,AR,-0.0133536029253499
0xe14867e41410bd7232a52b9400476c08b4e535b3,RENDER,-0.0133536029253499
0xe14867e41410bd7232a52b9400476c08b4e535b3,COMP,-0.0133536029253499
0xe14867e41410bd7232a52b9400476c08b4e535b3,AVAX,-0.0133536029253499
0xe14867e41410bd7232a52b9400476c08b4e535b3,SHIB,-0.0133536029253499
0xe14867e41410bd7232a52b9400476c08b4e535b3,SAND,-0.0133536029253499
0xe14867e41410bd7232a52b9400476c08b4e535b3,NEAR,-0.0133536029253499
0xe14867e41410bd7232a52b9400476c08b4e535b3,CRV,-0.0156850530550319
0xe14867e41410bd7232a52b9400476c08b4e535b3,DOT,-0.0133536029253499
0xe14867e41410bd7232a52b9400476c08b4e535b3,SUSHI,-0.0133536029253499
0xe14867e41410bd7232a52b9400476c08b4e535b3,AXS,-0.0133536029253499
0xe14867e41410bd7232a52b9400476c08b4e535b3,GALA,-0.0133536029253499
0xe14867e41410bd7232a52b9400476c08b4e535b3,UNI,-0.0133536029253499
0xe14867e41410bd7232a52b9400476c08b4e535b3,CAKE,-0.01343608057304
0xe14867e41410bd7232a52b9400476c08b4e535b3,INJ,-0.0133536029253499
0xe14867e41410bd7232a52b9400476c08b4e535b3,AAVE,-0.0133536029253499
0xe14867e41410bd7232a52b9400476c08b4e535b3,CFX,-0.0133536029253499
0xe14867e41410bd7232a52b9400476c08b4e535b3,LDO,-0.0133536029253499
0xe14867e41410bd7232a52b9400476c08b4e535b3,MINA,-0.0133536029253499
0xe14867e41410bd7232a52b9400476c08b4e535b3,ICP,-0.0133536029253499
0xe14867e41410bd7232a52b9400476c08b4e535b3,PENDLE,-0.0133536029253499
0xe14867e41410bd7232a52b9400476c08b4e535b3,IMX,-0.0133536029253499
0xe14867e41410bd7232a52b9400476c08b4e535b3,FLOKI,-0.0133536029253499
0xe14867e41410bd7232a52b9400476c08b4e535b3,OP,-0.0141802871338871
0xe14867e41410bd7232a52b9400476c08b4e535b3,ARB,-0.0133536029253499
0xe14867e41410bd7232a52b9400476c08b4e535b3,GMX,-0.0133536029253499
0xe14867e41410bd7232a52b9400476c08b4e535b3,WLD,-0.0150264216319567
0xe14867e41410bd7232a52b9400476c08b4e535b3,MANTA,-0.0133536029253499
0xe14867e41410bd7232a52b9400476c08b4e535b3,ENS,-0.0133536029253499
0xe14867e41410bd7232a52b9400476c08b4e535b3,PEOPLE,-0.0133536029253499
0xe14867e41410bd7232a52b9400476c08b4e535b3,GMT,-0.0133536029253499
0xe14867e41410bd7232a52b9400476c08b4e535b3,APE,-0.0133536029253499
0xe14867e41410bd7232a52b9400476c08b4e535b3,APEX,-0.0133536029253499
0xe14867e41410bd7232a52b9400476c08b4e535b3,KAS,-0.0133536029253499
0xe14867e41410bd7232a52b9400476c08b4e535b3,SUI,-0.0133536029253499
0xe14867e41410bd7232a52b9400476c08b4e535b3,ONDO,-0.0133536029253499
0xe14867e41410bd7232a52b9400476c08b4e535b3,ZETA,-0.0133536029253499
0xe14867e41410bd7232a52b9400476c08b4e535b3,APT,-0.0133536029253499
0xe14867e41410bd7232a52b9400476c08b4e535b3,STRK,-0.0133536029253499
0xe14867e41410bd7232a52b9400476c08b4e535b3,TIA,-0.0133536029253499
0xe14867e41410bd7232a52b9400476c08b4e535b3,TAO,-0.0133536029253499
0xe14867e41410bd7232a52b9400476c08b4e535b3,BONK,-0.0133536029253499
0xe14867e41410bd7232a52b9400476c08b4e535b3,BLUR,-0.0133536029253499
0xe14867e41410bd7232a52b9400476c08b4e535b3,SEI,-0.0133536029253499
0xe14867e41410bd7232a52b9400476c08b4e535b3,ZK,-0.0133536029253499
0xe14867e41410bd7232a52b9400476c08b4e535b3,PEPE,-0.0143739303719867
0xe14867e41410bd7232a52b9400476c08b4e535b3,BERA,-0.0133536029253499
0xe14867e41410bd7232a52b9400476c08b4e535b3,TURBO,-0.0133536029253499
0xe14867e41410bd7232a52b9400476c08b4e535b3,ORDI,-0.0133536029253499
0xe14867e41410bd7232a52b9400476c08b4e535b3,ZRO,-0.0133536029253499
0xe14867e41410bd7232a52b9400476c08b4e535b3,MNT,-0.0133536029253499
0xe14867e41410bd7232a52b9400476c08b4e535b3,LINEA,-0.0133536029253499
0xe14867e41410bd7232a52b9400476c08b4e535b3,PYTH,-0.0133536029253499
0xe14867e41410bd7232a52b9400476c08b4e535b3,MEME,-0.0133536029253499
0xe14867e41410bd7232a52b9400476c08b4e535b3,POL,-0.0133536029253499
0xe14867e41410bd7232a52b9400476c08b4e535b3,JTO,-0.0156850530550319
0xe14867e41410bd7232a52b9400476c08b4e535b3,WIF,-0.0133536029253499
0xe14867e41410bd7232a52b9400476c08b4e535b3,POPCAT,-0.0133536029253499
0xe14867e41410bd7232a52b9400476c08b4e535b3,NOT,-0.0133536029253499
0xe14867e41410bd7232a52b9400476c08b4e535b3,DYM,-0.0133536029253499
0xe14867e41410bd7232a52b9400476c08b4e535b3,XAI,-0.0164670096402047
0xe14867e41410bd7232a52b9400476c08b4e535b3,ALT,-0.0133536029253499
0xe14867e41410bd7232a52b9400476c08b4e535b3,JUP,-0.0133536029253499
0xe14867e41410bd7232a52b9400476c08b4e535b3,AERO,-0.0133536029253499
0xe14867e41410bd7232a52b9400476c08b4e535b3,VIRTUAL,-0.0133536029253499
0xe14867e41410bd7232a52b9400476c08b4e535b3,W,-0.0133536029253499
0xe14867e41410bd7232a52b9400476c08b4e535b3,BRETT,-0.0133536029253499
0xe14867e41410bd7232a52b9400476c08b4e535b3,ETHFI,-0.01881641687817
0xe14867e41410bd7232a52b9400476c08b4e535b3,IO,-0.0133536029253499
0xe14867e41410bd7232a52b9400476c08b4e535b3,BOME,-0.0164670096402047
0xe14867e41410bd7232a52b9400476c08b4e535b3,sENA,-0.0133536029253499
0xe14867e41410bd7232a52b9400476c08b4e535b3,TNSR,-0.0133536029253499
0xe14867e41410bd7232a52b9400476c08b4e535b3,EIGEN,-0.0133536029253499
0xe14867e41410bd7232a52b9400476c08b4e535b3,MON,-0.0133536029253499
0xe14867e41410bd7232a52b9400476c08b4e535b3,MERL,-0.0133536029253499
0xe14867e41410bd7232a52b9400476c08b4e535b3,REZ,-0.0133536029253499
0xe14867e41410bd7232a52b9400476c08b4e535b3,SOPH,-0.0133536029253499
0xe14867e41410bd7232a52b9400476c08b4e535b3,HYPE,-0.01343608057304
0xe14867e41410bd7232a52b9400476c08b4e535b3,ME,-0.0133536029253499
0xe14867e41410bd7232a52b9400476c08b4e535b3,BABY,-0.0141802871338871
0xe14867e41410bd7232a52b9400476c08b4e535b3,MOVE,-0.0151609482435019
0xe14867e41410bd7232a52b9400476c08b4e535b3,NEIRO,-0.0133536029253499
0xe14867e41410bd7232a52b9400476c08b4e535b3,S,-0.0133536029253499
0xe14867e41410bd7232a52b9400476c08b4e535b3,GRASS,-0.0133536029253499
0xe14867e41410bd7232a52b9400476c08b4e535b3,SKY,-0.0133536029253499
0xe14867e41410bd7232a52b9400476c08b4e535b3,INIT,-0.0133536029253499
0xe14867e41410bd7232a52b9400476c08b4e535b3,WCT,-0.0133536029253499
0xe14867e41410bd7232a52b9400476c08b4e535b3,WLFI,-0.0133536029253499
0xe14867e41410bd7232a52b9400476c08b4e535b3,GOAT,-0.0133536029253499
0xe14867e41410bd7232a52b9400476c08b4e535b3,FARTCOIN,-0.0133536029253499
0xe14867e41410bd7232a52b9400476c08b4e535b3,PNUT,-0.0133536029253499
0xe14867e41410bd7232a52b9400476c08b4e535b3,SYRUP,-0.0133536029253499
0xe14867e41410bd7232a52b9400476c08b4e535b3,USUAL,-0.0141802871338871
0xe14867e41410bd7232a52b9400476c08b4e535b3,AIXBT,-0.0133536029253499
0xe14867e41410bd7232a52b9400476c08b4e535b3,MORPHO,-0.0133536029253499
0xe14867e41410bd7232a52b9400476c08b4e535b3,PENGU,-0.0133536029253499
0xe14867e41410bd7232a52b9400476c08b4e535b3,GRIFFAIN,-0.0164670096402047
0xe14867e41410bd7232a52b9400476c08b4e535b3,BIO,-0.0133536029253499
0xe14867e41410bd7232a52b9400476c08b4e535b3,ANIME,-0.0133536029253499
0xe14867e41410bd7232a52b9400476c08b4e535b3,TRUMP,-0.0135774541643018
0xe14867e41410bd7232a52b9400476c08b4e535b3,MELANIA,-0.0133536029253499
0xe14867e41410bd7232a52b9400476c08b4e535b3,VINE,-0.0133536029253499
0xe14867e41410bd7232a52b9400476c08b4e535b3,LAYER,-0.0133536029253499
0xe14867e41410bd7232a52b9400476c08b4e535b3,VVV,-0.0133536029253499
0xe14867e41410bd7232a52b9400476c08b4e535b3,IP,-0.01343608057304
0xe14867e41410bd7232a52b9400476c08b4e535b3,NIL,-0.0164670096402047
0xe14867e41410bd7232a52b9400476c08b4e535b3,KAITO,-0.01343608057304
0xe14867e41410bd7232a52b9400476c08b4e535b3,ZORA,-0.0133536029253499
0xe14867e41410bd7232a52b9400476c08b4e535b3,HYPER,-0.0133536029253499
0xe14867e41410bd7232a52b9400476c08b4e535b3,ASTER,-0.0133536029253499
0xe14867e41410bd7232a52b9400476c08b4e535b3,PUMP,-0.0164919397591808
0xe14867e41410bd7232a52b9400476c08b4e535b3,XPL,-0.0133536029253499
0xe14867e41410bd7232a52b9400476c08b4e535b3,CC,-0.0133536029253499
0xe14867e41410bd7232a52b9400476c08b4e535b3,PROVE,-0.0133536029253499
0xe14867e41410bd7232a52b9400476c08b4e535b3,HEMI,-0.0164670096402047
0xe14867e41410bd7232a52b9400476c08b4e535b3,AVNT,-0.0156850530550319
0xe14867e41410bd7232a52b9400476c08b4e535b3,0G,-0.0133536029253499
0xe14867e41410bd7232a52b9400476c08b4e535b3,2Z,-0.0133536029253499
0xe14867e41410bd7232a52b9400476c08b4e535b3,LIT,-0.0133536029253499
0xeba5ba85f72e40a9f2b8782c2bd51ec31a5564da,BTC,-0.014702588148209
0xeba5ba85f72e40a9f2b8782c2bd51ec31a5564da,LTC,-0.0152511440653681
0xeba5ba85f72e40a9f2b8782c2bd51ec31a5564da,XRP,-0.0124706997944873
0xeba5ba85f72e40a9f2b8782c2bd51ec31a5564da,DOGE,-0.0131483872491482
0xeba5ba85f72e40a9f2b8782c2bd51ec31a5564da,DASH,-0.0123331612329829
0xeba5ba85f72e40a9f2b8782c2bd51ec31a5564da,XMR,-0.0141029217145871
0xeba5ba85f72e40a9f2b8782c2bd51ec31a5564da,XLM,-0.0123331612329829
0xeba5ba85f72e40a9f2b8782c2bd51ec31a5564da,ETH,-0.0163150783919802
0xeba5ba85f72e40a9f2b8782c2bd51ec31a5564da,ETC,-0.0141019974716391
0xeba5ba85f72e40a9f2b8782c2bd51ec31a5564da,ZEC,-0.0125405807114063
0xeba5ba85f72e40a9f2b8782c2bd51ec31a5564da,ZEN,-0.0123331612329829
0xeba5ba85f72e40a9f2b8782c2bd51ec31a5564da,IOTA,-0.0123331612329829
0xeba5ba85f72e40a9f2b8782c2bd51ec31a5564da,BCH,-0.0123466508630736
0xeba5ba85f72e40a9f2b8782c2bd51ec31a5564da,BNB,-0.0124244601405
0xeba5ba85f72e40a9f2b8782c2bd51ec31a5564da,TRX,-0.0150011412586749
0xeba5ba85f72e40a9f2b8782c2bd51ec31a5564da,LINK,-0.012636880468314
0xeba5ba85f72e40a9f2b8782c2bd51ec31a5564da,ADA,-0.0123331612329829
0xeba5ba85f72e40a9f2b8782c2bd51ec31a5564da,FIL,-0.0123331612329829
0xeba5ba85f72e40a9f2b8782c2bd51ec31a5564da,SNX,-0.0123331612329829
0xeba5ba85f72e40a9f2b8782c2bd51ec31a5564da,BSV,-0.0140200059915126
0xeba5ba85f72e40a9f2b8782c2bd51ec31a5564da,FET,-0.0123331612329829
0xeba5ba85f72e40a9f2b8782c2bd51ec31a5564da,ATOM,-0.0123331612329829
0xeba5ba85f72e40a9f2b8782c2bd51ec31a5564da,RSR,-0.0147003468739806
0xeba5ba85f72e40a9f2b8782c2bd51ec31a5564da,ALGO,-0.0123375695682891
0xeba5ba85f72e40a9f2b8782c2bd51ec31a5564da,RUNE,-0.0123331612329829
0xeba5ba85f72e40a9f2b8782c2bd51ec31a5564da,LUNC,-0.0123331612329829
0xeba5ba85f72e40a9f2b8782c2bd51ec31a5564da,HBAR,-0.0123466508630736
0xeba5ba85f72e40a9f2b8782c2bd51ec31a5564da,PAXG,-0.0123331612329829
0xeba5ba85f72e40a9f2b8782c2bd51ec31a5564da,STX,-0.0123331612329829
0xeba5ba85f72e40a9f2b8782c2bd51ec31a5564da,TRB,-0.0123331612329829
0xeba5ba85f72e40a9f2b8782c2bd51ec31a5564da,SOL,-0.0148285593316408
0xeba5ba85f72e40a9f2b8782c2bd51ec31a5564da,CELO,-0.0123331612329829
0xeba5ba85f72e40a9f2b8782c2bd51ec31a5564da,UMA,-0.0123331612329829
0xeba5ba85f72e40a9f2b8782c2bd51ec31a5564da,AR,-0.0123331612329829
0xeba5ba85f72e40a9f2b8782c2bd51ec31a5564da,RENDER,-0.0123331612329829
0xeba5ba85f72e40a9f2b8782c2bd51ec31a5564da,COMP,-0.0123331612329829
0xeba5ba85f72e40a9f2b8782c2bd51ec31a5564da,AVAX,-0.0123331612329829
0xeba5ba85f72e40a9f2b8782c2bd51ec31a5564da,SHIB,-0.0123331612329829
0xeba5ba85f72e40a9f2b8782c2bd51ec31a5564da,SAND,-0.0123331612329829
0xeba5ba85f72e40a9f2b8782c2bd51ec31a5564da,NEAR,-0.0123331612329829
0xeba5ba85f72e40a9f2b8782c2bd51ec31a5564da,CRV,-0.0144365119733578
0xeba5ba85f72e40a9f2b8782c2bd51ec31a5564da,DOT,-0.0123584189592877
0xeba5ba85f72e40a9f2b8782c2bd51ec31a5564da,SUSHI,-0.0123331612329829
0xeba5ba85f72e40a9f2b8782c2bd51ec31a5564da,AXS,-0.0123331612329829
0xeba5ba85f72e40a9f2b8782c2bd51ec31a5564da,GALA,-0.0123331612329829
0xeba5ba85f72e40a9f2b8782c2bd51ec31a5564da,UNI,-0.0123331612329829
0xeba5ba85f72e40a9f2b8782c2bd51ec31a5564da,CAKE,-0.0123776386647633
0xeba5ba85f72e40a9f2b8782c2bd51ec31a5564da,INJ,-0.0123331612329829
0xeba5ba85f72e40a9f2b8782c2bd51ec31a5564da,AAVE,-0.0123331612329829
0xeba5ba85f72e40a9f2b8782c2bd51ec31a5564da,CFX,-0.0123331612329829
0xeba5ba85f72e40a9f2b8782c2bd51ec31a5564da,LDO,-0.0123331612329829
0xeba5ba85f72e40a9f2b8782c2bd51ec31a5564da,MINA,-0.0123331612329829
0xeba5ba85f72e40a9f2b8782c2bd51ec31a5564da,ICP,-0.0123493376416617
0xeba5ba85f72e40a9f2b8782c2bd51ec31a5564da,PENDLE,-0.0123331612329829
0xeba5ba85f72e40a9f2b8782c2bd51ec31a5564da,IMX,-0.0123331612329829
0xeba5ba85f72e40a9f2b8782c2bd51ec31a5564da,FLOKI,-0.0123331612329829
0xeba5ba85f72e40a9f2b8782c2bd51ec31a5564da,OP,-0.0151406418827405
0xeba5ba85f72e40a9f2b8782c2bd51ec31a5564da,ARB,-0.0122125668578342
0xeba5ba85f72e40a9f2b8782c2bd51ec31a5564da,GMX,-0.0123331612329829
0xeba5ba85f72e40a9f2b8782c2bd51ec31a5564da,WLD,-0.0140110656275519
0xeba5ba85f72e40a9f2b8782c2bd51ec31a5564da,MANTA,-0.0123331612329829
0xeba5ba85f72e40a9f2b8782c2bd51ec31a5564da,ENS,-0.0123331612329829
0xeba5ba85f72e40a9f2b8782c2bd51ec31a5564da,PEOPLE,-0.0123331612329829
0xeba5ba85f72e40a9f2b8782c2bd51ec31a5564da,GMT,-0.0122896189051476
0xeba5ba85f72e40a9f2b8782c2bd51ec31a5564da,APE,-0.0123331612329829
0xeba5ba85f72e40a9f2b8782c2bd51ec31a5564da,APEX,-0.0123331612329829
0xeba5ba85f72e40a9f2b8782c2bd51ec31a5564da,KAS,-0.0123331612329829
0xeba5ba85f72e40a9f2b8782c2bd51ec31a5564da,SUI,-0.0123213932005809
0xeba5ba85f72e40a9f2b8782c2bd51ec31a5564da,ONDO,-0.0123331612329829
0xeba5ba85f72e40a9f2b8782c2bd51ec31a5564da,ZETA,-0.0123331612329829
0xeba5ba85f72e40a9f2b8782c2bd51ec31a5564da,APT,-0.0122125668578342
0xeba5ba85f72e40a9f2b8782c2bd51ec31a5564da,STRK,-0.0123331612329829
0xeba5ba85f72e40a9f2b8782c2bd51ec31a5564da,TIA,-0.0123331612329829
0xeba5ba85f72e40a9f2b8782c2bd51ec31a5564da,TAO,-0.0123331612329829
0xeba5ba85f72e40a9f2b8782c2bd51ec31a5564da,BONK,-0.0123331612329829
0xeba5ba85f72e40a9f2b8782c2bd51ec31a5564da,BLUR,-0.0123331612329829
0xeba5ba85f72e40a9f2b8782c2bd51ec31a5564da,SEI,-0.0123331612329829
0xeba5ba85f72e40a9f2b8782c2bd51ec31a5564da,ZK,-0.0123331612329829
0xeba5ba85f72e40a9f2b8782c2bd51ec31a5564da,PEPE,-0.0154922620975402
0xeba5ba85f72e40a9f2b8782c2bd51ec31a5564da,BERA,-0.0123331612329829
0xeba5ba85f72e40a9f2b8782c2bd51ec31a5564da,TURBO,-0.0123331612329829
0xeba5ba85f72e40a9f2b8782c2bd51ec31a5564da,ORDI,-0.0123331612329829
0xeba5ba85f72e40a9f2b8782c2bd51ec31a5564da,ZRO,-0.0123331612329829
0xeba5ba85f72e40a9f2b8782c2bd51ec31a5564da,MNT,-0.0123331612329829
0xeba5ba85f72e40a9f2b8782c2bd51ec31a5564da,LINEA,-0.0123331612329829
0xeba5ba85f72e40a9f2b8782c2bd51ec31a5564da,PYTH,-0.0123331612329829
0xeba5ba85f72e40a9f2b8782c2bd51ec31a5564da,MEME,-0.0123331612329829
0xeba5ba85f72e40a9f2b8782c2bd51ec31a5564da,POL,-0.0123331612329829
0xeba5ba85f72e40a9f2b8782c2bd51ec31a5564da,JTO,-0.0142401663471378
0xeba5ba85f72e40a9f2b8782c2bd51ec31a5564da,WIF,-0.0123331612329829
0xeba5ba85f72e40a9f2b8782c2bd51ec31a5564da,POPCAT,-0.0123331612329829
0xeba5ba85f72e40a9f2b8782c2bd51ec31a5564da,NOT,-0.0123331612329829
0xeba5ba85f72e40a9f2b8782c2bd51ec31a5564da,DYM,-0.0123331612329829
0xeba5ba85f72e40a9f2b8782c2bd51ec31a5564da,XAI,-0.0146049491859094
0xeba5ba85f72e40a9f2b8782c2bd51ec31a5564da,ALT,-0.0150489918418736
0xeba5ba85f72e40a9f2b8782c2bd51ec31a5564da,JUP,-0.0123331612329829
0xeba5ba85f72e40a9f2b8782c2bd51ec31a5564da,AERO,-0.0123331612329829
0xeba5ba85f72e40a9f2b8782c2bd51ec31a5564da,VIRTUAL,-0.0123493376416617
0xeba5ba85f72e40a9f2b8782c2bd51ec31a5564da,W,-0.0123493376416617
0xeba5ba85f72e40a9f2b8782c2bd51ec31a5564da,BRETT,-0.0123331612329829
0xeba5ba85f72e40a9f2b8782c2bd51ec31a5564da,ETHFI,-0.0161123408798435
0xeba5ba85f72e40a9f2b8782c2bd51ec31a5564da,IO,-0.0123331612329829
0xeba5ba85f72e40a9f2b8782c2bd51ec31a5564da,BOME,-0.0148240284833625
0xeba5ba85f72e40a9f2b8782c2bd51ec31a5564da,sENA,-0.0123331612329829
0xeba5ba85f72e40a9f2b8782c2bd51ec31a5564da,TNSR,-0.0123331612329829
0xeba5ba85f72e40a9f2b8782c2bd51ec31a5564da,EIGEN,-0.0123331612329829
0xeba5ba85f72e40a9f2b8782c2bd51ec31a5564da,MON,-0.0122125668578342
0xeba5ba85f72e40a9f2b8782c2bd51ec31a5564da,MERL,-0.0123331612329829
0xeba5ba85f72e40a9f2b8782c2bd51ec31a5564da,REZ,-0.0123331612329829
0xeba5ba85f72e40a9f2b8782c2bd51ec31a5564da,SOPH,-0.0123331612329829
0xeba5ba85f72e40a9f2b8782c2bd51ec31a5564da,HYPE,-0.0125365547984493
0xeba5ba85f72e40a9f2b8782c2bd51ec31a5564da,ME,-0.0123331612329829
0xeba5ba85f72e40a9f2b8782c2bd51ec31a5564da,BABY,-0.015089337961741
0xeba5ba85f72e40a9f2b8782c2bd51ec31a5564da,MOVE,-0.0154929672641173
0xeba5ba85f72e40a9f2b8782c2bd51ec31a5564da,NEIRO,-0.0123331612329829
0xeba5ba85f72e40a9f2b8782c2bd51ec31a5564da,S,-0.0131299865141833
0xeba5ba85f72e40a9f2b8782c2bd51ec31a5564da,GRASS,-0.0123331612329829
0xeba5ba85f72e40a9f2b8782c2bd51ec31a5564da,SKY,-0.0123331612329829
0xeba5ba85f72e40a9f2b8782c2bd51ec31a5564da,INIT,-0.0123331612329829
0xeba5ba85f72e40a9f2b8782c2bd51ec31a5564da,WCT,-0.0123331612329829
0xeba5ba85f72e40a9f2b8782c2bd51ec31a5564da,WLFI,-0.0123331612329829
0xeba5ba85f72e40a9f2b8782c2bd51ec31a5564da,GOAT,-0.0123331612329829
0xeba5ba85f72e40a9f2b8782c2bd51ec31a5564da,FARTCOIN,-0.0123331612329829
0xeba5ba85f72e40a9f2b8782c2bd51ec31a5564da,PNUT,-0.0123331612329829
0xeba5ba85f72e40a9f2b8782c2bd51ec31a5564da,SYRUP,-0.0123331612329829
0xeba5ba85f72e40a9f2b8782c2bd51ec31a5564da,USUAL,-0.015089337961741
0xeba5ba85f72e40a9f2b8782c2bd51ec31a5564da,AIXBT,-0.0123331612329829
0xeba5ba85f72e40a9f2b8782c2bd51ec31a5564da,MORPHO,-0.0123331612329829
0xeba5ba85f72e40a9f2b8782c2bd51ec31a5564da,PENGU,-0.0123331612329829
0xeba5ba85f72e40a9f2b8782c2bd51ec31a5564da,GRIFFAIN,-0.0148240284833625
0xeba5ba85f72e40a9f2b8782c2bd51ec31a5564da,BIO,-0.0140487523278285
0xeba5ba85f72e40a9f2b8782c2bd51ec31a5564da,ANIME,-0.0123331612329829
0xeba5ba85f72e40a9f2b8782c2bd51ec31a5564da,TRUMP,-0.0153825744125116
0xeba5ba85f72e40a9f2b8782c2bd51ec31a5564da,MELANIA,-0.0123331612329829
0xeba5ba85f72e40a9f2b8782c2bd51ec31a5564da,VINE,-0.0123331612329829
0xeba5ba85f72e40a9f2b8782c2bd51ec31a5564da,LAYER,-0.0140681176068155
0xeba5ba85f72e40a9f2b8782c2bd51ec31a5564da,VVV,-0.0123331612329829
0xeba5ba85f72e40a9f2b8782c2bd51ec31a5564da,IP,-0.0135624933357066
0xeba5ba85f72e40a9f2b8782c2bd51ec31a5564da,NIL,-0.0148240284833625
0xeba5ba85f72e40a9f2b8782c2bd51ec31a5564da,KAITO,-0.0125794877566451
0xeba5ba85f72e40a9f2b8782c2bd51ec31a5564da,ZORA,-0.0123331612329829
0xeba5ba85f72e40a9f2b8782c2bd51ec31a5564da,HYPER,-0.0130430158438835
0xeba5ba85f72e40a9f2b8782c2bd51ec31a5564da,ASTER,-0.0123331612329829
0xeba5ba85f72e40a9f2b8782c2bd51ec31a5564da,PUMP,-0.0148073969090616
0xeba5ba85f72e40a9f2b8782c2bd51ec31a5564da,XPL,-0.0122125668578342
0xeba5ba85f72e40a9f2b8782c2bd51ec31a5564da,CC,-0.0123466508630736
0xeba5ba85f72e40a9f2b8782c2bd51ec31a5564da,PROVE,-0.0123213932005809
0xeba5ba85f72e40a9f2b8782c2bd51ec31a5564da,HEMI,-0.0148240284833625
0xeba5ba85f72e40a9f2b8782c2bd51ec31a5564da,AVNT,-0.0144365119733578
0xeba5ba85f72e40a9f2b8782c2bd51ec31a5564da,0G,-0.0123331612329829
0xeba5ba85f72e40a9f2b8782c2bd51ec31a5564da,2Z,-0.0123331612329829
0xeba5ba85f72e40a9f2b8782c2bd51ec31a5564da,LIT,-0.0123331612329829
0xf097ed117dd3930f1eeb91569a6a61b4c52744c8,BTC,-0.0151837749184648
0xf097ed117dd3930f1eeb91569a6a61b4c52744c8,LTC,-0.015434993302465
0xf097ed117dd3930f1eeb91569a6a61b4c52744c8,XRP,-0.0135658372313966
0xf097ed117dd3930f1eeb91569a6a61b4c52744c8,DOGE,-0.0141819507363231
0xf097ed117dd3930f1eeb91569a6a61b4c52744c8,DASH,-0.0134565044168628
0xf097ed117dd3930f1eeb91569a6a61b4c52744c8,XMR,-0.0142598740851669
0xf097ed117dd3930f1eeb91569a6a61b4c52744c8,XLM,-0.0134565044168628
0xf097ed117dd3930f1eeb91569a6a61b4c52744c8,ETH,-0.0159846733010162
0xf097ed117dd3930f1eeb91569a6a61b4c52744c8,ETC,-0.0150074008233748
0xf097ed117dd3930f1eeb91569a6a61b4c52744c8,ZEC,-0.0138083745522938
0xf097ed117dd3930f1eeb91569a6a61b4c52744c8,ZEN,-0.0134565044168628
0xf097ed117dd3930f1eeb91569a6a61b4c52744c8,IOTA,-0.0134565044168628
0xf097ed117dd3930f1eeb91569a6a61b4c52744c8,BCH,-0.0134075087057219
0xf097ed117dd3930f1eeb91569a6a61b4c52744c8,BNB,-0.0135501480191339
0xf097ed117dd3930f1eeb91569a6a61b4c52744c8,TRX,-0.0151175188112543
0xf097ed117dd3930f1eeb91569a6a61b4c52744c8,LINK,-0.0142386917542374
0xf097ed117dd3930f1eeb91569a6a61b4c52744c8,ADA,-0.0134565044168628
0xf097ed117dd3930f1eeb91569a6a61b4c52744c8,FIL,-0.0134565044168628
0xf097ed117dd3930f1eeb91569a6a61b4c52744c8,SNX,-0.0134565044168628
0xf097ed117dd3930f1eeb91569a6a61b4c52744c8,BSV,-0.0138648566138857
0xf097ed117dd3930f1eeb91569a6a61b4c52744c8,FET,-0.0134565044168628
0xf097ed117dd3930f1eeb91569a6a61b4c52744c8,ATOM,-0.0134565044168628
0xf097ed117dd3930f1eeb91569a6a61b4c52744c8,RSR,-0.0153152385426105
0xf097ed117dd3930f1eeb91569a6a61b4c52744c8,ALGO,-0.0134075087057219
0xf097ed117dd3930f1eeb91569a6a61b4c52744c8,RUNE,-0.0134565044168628
0xf097ed117dd3930f1eeb91569a6a61b4c52744c8,LUNC,-0.0134565044168628
0xf097ed117dd3930f1eeb91569a6a61b4c52744c8,HBAR,-0.0134075087057219
0xf097ed117dd3930f1eeb91569a6a61b4c52744c8,PAXG,-0.0134565044168628
0xf097ed117dd3930f1eeb91569a6a61b4c52744c8,STX,-0.0134565044168628
0xf097ed117dd3930f1eeb91569a6a61b4c52744c8,TRB,-0.0134565044168628
0xf097ed117dd3930f1eeb91569a6a61b4c52744c8,SOL,-0.0152156523893995
0xf097ed117dd3930f1eeb91569a6a61b4c52744c8,CELO,-0.0134565044168628
0xf097ed117dd3930f1eeb91569a6a61b4c52744c8,UMA,-0.0134565044168628
0xf097ed117dd3930f1eeb91569a6a61b4c52744c8,AR,-0.0134565044168628
0xf097ed117dd3930f1eeb91569a6a61b4c52744c8,RENDER,-0.0134565044168628
0xf097ed117dd3930f1eeb91569a6a61b4c52744c8,COMP,-0.0134565044168628
0xf097ed117dd3930f1eeb91569a6a61b4c52744c8,AVAX,-0.0136148333375992
0xf097ed117dd3930f1eeb91569a6a61b4c52744c8,SHIB,-0.0136148333375992
0xf097ed117dd3930f1eeb91569a6a61b4c52744c8,SAND,-0.0134565044168628
0xf097ed117dd3930f1eeb91569a6a61b4c52744c8,NEAR,-0.0134565044168628
0xf097ed117dd3930f1eeb91569a6a61b4c52744c8,CRV,-0.0138648566138857
0xf097ed117dd3930f1eeb91569a6a61b4c52744c8,DOT,-0.0134565044168628
0xf097ed117dd3930f1eeb91569a6a61b4c52744c8,SUSHI,-0.0134565044168628
0xf097ed117dd3930f1eeb91569a6a61b4c52744c8,AXS,-0.0134565044168628
0xf097ed117dd3930f1eeb91569a6a61b4c52744c8,GALA,-0.0134565044168628
0xf097ed117dd3930f1eeb91569a6a61b4c52744c8,UNI,-0.0134565044168628
0xf097ed117dd3930f1eeb91569a6a61b4c52744c8,CAKE,-0.0141465562447985
0xf097ed117dd3930f1eeb91569a6a61b4c52744c8,INJ,-0.0134565044168628
0xf097ed117dd3930f1eeb91569a6a61b4c52744c8,AAVE,-0.0136148333375992
0xf097ed117dd3930f1eeb91569a6a61b4c52744c8,CFX,-0.0134565044168628
0xf097ed117dd3930f1eeb91569a6a61b4c52744c8,LDO,-0.0134565044168628
0xf097ed117dd3930f1eeb91569a6a61b4c52744c8,MINA,-0.0134565044168628
0xf097ed117dd3930f1eeb91569a6a61b4c52744c8,ICP,-0.0134565044168628
0xf097ed117dd3930f1eeb91569a6a61b4c52744c8,PENDLE,-0.0134565044168628
0xf097ed117dd3930f1eeb91569a6a61b4c52744c8,IMX,-0.0134565044168628
0xf097ed117dd3930f1eeb91569a6a61b4c52744c8,FLOKI,-0.0134565044168628
0xf097ed117dd3930f1eeb91569a6a61b4c52744c8,OP,-0.0154172072492648
0xf097ed117dd3930f1eeb91569a6a61b4c52744c8,ARB,-0.0132736044654088
0xf097ed117dd3930f1eeb91569a6a61b4c52744c8,GMX,-0.0134565044168628
0xf097ed117dd3930f1eeb91569a6a61b4c52744c8,WLD,-0.0148898186252539
0xf097ed117dd3930f1eeb91569a6a61b4c52744c8,MANTA,-0.0134565044168628
0xf097ed117dd3930f1eeb91569a6a61b4c52744c8,ENS,-0.0134565044168628
0xf097ed117dd3930f1eeb91569a6a61b4c52744c8,PEOPLE,-0.0134565044168628
0xf097ed117dd3930f1eeb91569a6a61b4c52744c8,GMT,-0.0126668830862071
0xf097ed117dd3930f1eeb91569a6a61b4c52744c8,APE,-0.0134565044168628
0xf097ed117dd3930f1eeb91569a6a61b4c52744c8,APEX,-0.0134565044168628
0xf097ed117dd3930f1eeb91569a6a61b4c52744c8,KAS,-0.0134565044168628
0xf097ed117dd3930f1eeb91569a6a61b4c52744c8,SUI,-0.0134075087057219
0xf097ed117dd3930f1eeb91569a6a61b4c52744c8,ONDO,-0.0134565044168628
0xf097ed117dd3930f1eeb91569a6a61b4c52744c8,ZETA,-0.0134565044168628
0xf097ed117dd3930f1eeb91569a6a61b4c52744c8,APT,-0.0132736044654088
0xf097ed117dd3930f1eeb91569a6a61b4c52744c8,STRK,-0.0134565044168628
0xf097ed117dd3930f1eeb91569a6a61b4c52744c8,TIA,-0.0134565044168628
0xf097ed117dd3930f1eeb91569a6a61b4c52744c8,TAO,-0.0134565044168628
0xf097ed117dd3930f1eeb91569a6a61b4c52744c8,BONK,-0.0134565044168628
0xf097ed117dd3930f1eeb91569a6a61b4c52744c8,BLUR,-0.0134565044168628
0xf097ed117dd3930f1eeb91569a6a61b4c52744c8,SEI,-0.0134565044168628
0xf097ed117dd3930f1eeb91569a6a61b4c52744c8,ZK,-0.0134565044168628
0xf097ed117dd3930f1eeb91569a6a61b4c52744c8,PEPE,-0.0171990735165108
0xf097ed117dd3930f1eeb91569a6a61b4c52744c8,BERA,-0.0134565044168628
0xf097ed117dd3930f1eeb91569a6a61b4c52744c8,TURBO,-0.0134565044168628
0xf097ed117dd3930f1eeb91569a6a61b4c52744c8,ORDI,-0.0134565044168628
0xf097ed117dd3930f1eeb91569a6a61b4c52744c8,ZRO,-0.0134565044168628
0xf097ed117dd3930f1eeb91569a6a61b4c52744c8,MNT,-0.0134565044168628
0xf097ed117dd3930f1eeb91569a6a61b4c52744c8,LINEA,-0.0134565044168628
0xf097ed117dd3930f1eeb91569a6a61b4c52744c8,PYTH,-0.0134565044168628
0xf097ed117dd3930f1eeb91569a6a61b4c52744c8,MEME,-0.0134565044168628
0xf097ed117dd3930f1eeb91569a6a61b4c52744c8,POL,-0.0134565044168628
0xf097ed117dd3930f1eeb91569a6a61b4c52744c8,JTO,-0.0138648566138857
0xf097ed117dd3930f1eeb91569a6a61b4c52744c8,WIF,-0.0134565044168628
0xf097ed117dd3930f1eeb91569a6a61b4c52744c8,POPCAT,-0.0134565044168628
0xf097ed117dd3930f1eeb91569a6a61b4c52744c8,NOT,-0.0134565044168628
0xf097ed117dd3930f1eeb91569a6a61b4c52744c8,DYM,-0.0134565044168628
0xf097ed117dd3930f1eeb91569a6a61b4c52744c8,XAI,-0.0138648566138857
0xf097ed117dd3930f1eeb91569a6a61b4c52744c8,ALT,-0.014125913251584
0xf097ed117dd3930f1eeb91569a6a61b4c52744c8,JUP,-0.0134565044168628
0xf097ed117dd3930f1eeb91569a6a61b4c52744c8,AERO,-0.0134565044168628
0xf097ed117dd3930f1eeb91569a6a61b4c52744c8,VIRTUAL,-0.0134565044168628
0xf097ed117dd3930f1eeb91569a6a61b4c52744c8,W,-0.0134565044168628
0xf097ed117dd3930f1eeb91569a6a61b4c52744c8,BRETT,-0.0134565044168628
0xf097ed117dd3930f1eeb91569a6a61b4c52744c8,ETHFI,-0.0157726186170759
0xf097ed117dd3930f1eeb91569a6a61b4c52744c8,IO,-0.0134565044168628
0xf097ed117dd3930f1eeb91569a6a61b4c52744c8,BOME,-0.0151177594818478
0xf097ed117dd3930f1eeb91569a6a61b4c52744c8,sENA,-0.0134565044168628
0xf097ed117dd3930f1eeb91569a6a61b4c52744c8,TNSR,-0.0134565044168628
0xf097ed117dd3930f1eeb91569a6a61b4c52744c8,EIGEN,-0.0134565044168628
0xf097ed117dd3930f1eeb91569a6a61b4c52744c8,MON,-0.0132736044654088
0xf097ed117dd3930f1eeb91569a6a61b4c52744c8,MERL,-0.0134565044168628
0xf097ed117dd3930f1eeb91569a6a61b4c52744c8,REZ,-0.0134565044168628
0xf097ed117dd3930f1eeb91569a6a61b4c52744c8,SOPH,-0.0134565044168628
0xf097ed117dd3930f1eeb91569a6a61b4c52744c8,HYPE,-0.0135728704370311
0xf097ed117dd3930f1eeb91569a6a61b4c52744c8,ME,-0.0134565044168628
0xf097ed117dd3930f1eeb91569a6a61b4c52744c8,BABY,-0.0153247296868235
0xf097ed117dd3930f1eeb91569a6a61b4c52744c8,MOVE,-0.0157833727760533
0xf097ed117dd3930f1eeb91569a6a61b4c52744c8,NEIRO,-0.0134565044168628
0xf097ed117dd3930f1eeb91569a6a61b4c52744c8,S,-0.0133769951699086
0xf097ed117dd3930f1eeb91569a6a61b4c52744c8,GRASS,-0.0142386917542374
0xf097ed117dd3930f1eeb91569a6a61b4c52744c8,SKY,-0.0134565044168628
0xf097ed117dd3930f1eeb91569a6a61b4c52744c8,INIT,-0.0134565044168628
0xf097ed117dd3930f1eeb91569a6a61b4c52744c8,WCT,-0.0134565044168628
0xf097ed117dd3930f1eeb91569a6a61b4c52744c8,WLFI,-0.0134565044168628
0xf097ed117dd3930f1eeb91569a6a61b4c52744c8,GOAT,-0.0134565044168628
0xf097ed117dd3930f1eeb91569a6a61b4c52744c8,FARTCOIN,-0.0134565044168628
0xf097ed117dd3930f1eeb91569a6a61b4c52744c8,PNUT,-0.0134565044168628
0xf097ed117dd3930f1eeb91569a6a61b4c52744c8,SYRUP,-0.0134565044168628
0xf097ed117dd3930f1eeb91569a6a61b4c52744c8,USUAL,-0.0153247296868235
0xf097ed117dd3930f1eeb91569a6a61b4c52744c8,AIXBT,-0.0134565044168628
0xf097ed117dd3930f1eeb91569a6a61b4c52744c8,MORPHO,-0.0134565044168628
0xf097ed117dd3930f1eeb91569a6a61b4c52744c8,PENGU,-0.0134565044168628
0xf097ed117dd3930f1eeb91569a6a61b4c52744c8,GRIFFAIN,-0.0151177594818478
0xf097ed117dd3930f1eeb91569a6a61b4c52744c8,BIO,-0.0144809532086361
0xf097ed117dd3930f1eeb91569a6a61b4c52744c8,ANIME,-0.0134565044168628
0xf097ed117dd3930f1eeb91569a6a61b4c52744c8,TRUMP,-0.0146764845069767
0xf097ed117dd3930f1eeb91569a6a61b4c52744c8,MELANIA,-0.0134565044168628
0xf097ed117dd3930f1eeb91569a6a61b4c52744c8,VINE,-0.0134565044168628
0xf097ed117dd3930f1eeb91569a6a61b4c52744c8,LAYER,-0.0147221001519823
0xf097ed117dd3930f1eeb91569a6a61b4c52744c8,VVV,-0.0134565044168628
0xf097ed117dd3930f1eeb91569a6a61b4c52744c8,IP,-0.0157038417537802
0xf097ed117dd3930f1eeb91569a6a61b4c52744c8,NIL,-0.0151177594818478
0xf097ed117dd3930f1eeb91569a6a61b4c52744c8,KAITO,-0.0141465562447985
0xf097ed117dd3930f1eeb91569a6a61b4c52744c8,ZORA,-0.0134565044168628
0xf097ed117dd3930f1eeb91569a6a61b4c52744c8,HYPER,-0.0139217600252075
0xf097ed117dd3930f1eeb91569a6a61b4c52744c8,ASTER,-0.0134565044168628
0xf097ed117dd3930f1eeb91569a6a61b4c52744c8,PUMP,-0.0154333141771524
0xf097ed117dd3930f1eeb91569a6a61b4c52744c8,XPL,-0.0132736044654088
0xf097ed117dd3930f1eeb91569a6a61b4c52744c8,CC,-0.0134075087057219
0xf097ed117dd3930f1eeb91569a6a61b4c52744c8,PROVE,-0.0134075087057219
0xf097ed117dd3930f1eeb91569a6a61b4c52744c8,HEMI,-0.0157726186170759
0xf097ed117dd3930f1eeb91569a6a61b4c52744c8,AVNT,-0.0151177594818478
0xf097ed117dd3930f1eeb91569a6a61b4c52744c8,0G,-0.0134565044168628
0xf097ed117dd3930f1eeb91569a6a61b4c52744c8,2Z,-0.0134565044168628
0xf097ed117dd3930f1eeb91569a6a61b4c52744c8,LIT,-0.0134565044168628
0xf8d50e3283fb6bf41260f7f294a48587d2a9b1fa,SKY,-161.09713539621097
0xf8d50e3283fb6bf41260f7f294a48587d2a9b1fa,TRX,-123.68570763791232
0xf8d50e3283fb6bf41260f7f294a48587d2a9b1fa,XLM,-109.90687440588415
0xf8d50e3283fb6bf41260f7f294a48587d2a9b1fa,XMR,-16.836960817168432
0xf8d50e3283fb6bf41260f7f294a48587d2a9b1fa,XRP,23.88898452813457
0xf8d50e3283fb6bf41260f7f294a48587d2a9b1fa,ZEC,44.006647308445366
0xf8d50e3283fb6bf41260f7f294a48587d2a9b1fa,BCH,-93.78253589406368
0xf8d50e3283fb6bf41260f7f294a48587d2a9b1fa,BTC,159.9569721059777
0xf8d50e3283fb6bf41260f7f294a48587d2a9b1fa,DOGE,-28.014546328654177
0xf8d50e3283fb6bf41260f7f294a48587d2a9b1fa,ETC,53.03817794465073
0xf8d50e3283fb6bf41260f7f294a48587d2a9b1fa,LTC,75.72067113122199
0xf8d50e3283fb6bf41260f7f294a48587d2a9b1fa,ETH,78.73549088084444
0xf8d50e3283fb6bf41260f7f294a48587d2a9b1fa,ADA,-186.4302394438081
0xf8d50e3283fb6bf41260f7f294a48587d2a9b1fa,LINK,-6.4376127530511695
0xf8d50e3283fb6bf41260f7f294a48587d2a9b1fa,S,-66.1128260692422
0xf8d50e3283fb6bf41260f7f294a48587d2a9b1fa,ATOM,-225.68689080981895
0xf8d50e3283fb6bf41260f7f294a48587d2a9b1fa,SNX,-5.996933799613643
0xf8d50e3283fb6bf41260f7f294a48587d2a9b1fa,RSR,-141.2645482737082
0xf8d50e3283fb6bf41260f7f294a48587d2a9b1fa,ALGO,173.5892431531716
0xf8d50e3283fb6bf41260f7f294a48587d2a9b1fa,RUNE,259.3427876688302
0xf8d50e3283fb6bf41260f7f294a48587d2a9b1fa,TRB,-39.34378997941293
0xf8d50e3283fb6bf41260f7f294a48587d2a9b1fa,SOL,-70.36002289474789
0xf8d50e3283fb6bf41260f7f294a48587d2a9b1fa,UMA,2.401522168880291
0xf8d50e3283fb6bf41260f7f294a48587d2a9b1fa,PAXG,-4.4290225683187145
0xf8d50e3283fb6bf41260f7f294a48587d2a9b1fa,COMP,-157.06588074385286
0xf8d50e3283fb6bf41260f7f294a48587d2a9b1fa,AVAX,33.2777869722922
0xf8d50e3283fb6bf41260f7f294a48587d2a9b1fa,SAND,-92.76178938334876
0xf8d50e3283fb6bf41260f7f294a48587d2a9b1fa,CRV,63.597059720645966
0xf8d50e3283fb6bf41260f7f294a48587d2a9b1fa,LAYER,2.146995438684101
0xf8d50e3283fb6bf41260f7f294a48587d2a9b1fa,DOT,-25.987153482348678
0xf8d50e3283fb6bf41260f7f294a48587d2a9b1fa,SUSHI,134.31440401737876
0xf8d50e3283fb6bf41260f7f294a48587d2a9b1fa,UNI,110.1026593930172
0xf8d50e3283fb6bf41260f7f294a48587d2a9b1fa,AAVE,-189.70139521062745
0xf8d50e3283fb6bf41260f7f294a48587d2a9b1fa,NEAR,-4.428936387828756
0xf8d50e3283fb6bf41260f7f294a48587d2a9b1fa,FIL,-56.49658906649756
0xf8d50e3283fb6bf41260f7f294a48587d2a9b1fa,AXS,-15.18325067445339
0xf8d50e3283fb6bf41260f7f294a48587d2a9b1fa,INJ,-151.1263972707889
0xf8d50e3283fb6bf41260f7f294a48587d2a9b1fa,ZORA,62.26127699295602
0xf8d50e3283fb6bf41260f7f294a48587d2a9b1fa,CELO,-65.7365718521526
0xf8d50e3283fb6bf41260f7f294a48587d2a9b1fa,LIT,17.756428322111994
0xf8d50e3283fb6bf41260f7f294a48587d2a9b1fa,SHIB,-41.00184024699962
0xf8d50e3283fb6bf41260f7f294a48587d2a9b1fa,ICP,5.237581162617715
0xf8d50e3283fb6bf41260f7f294a48587d2a9b1fa,RENDER,-23.74546272256312
0xf8d50e3283fb6bf41260f7f294a48587d2a9b1fa,LDO,285.21831821550404
0xf8d50e3283fb6bf41260f7f294a48587d2a9b1fa,GALA,29.55384220450285
0xf8d50e3283fb6bf41260f7f294a48587d2a9b1fa,FET,24.381952899489505
0xf8d50e3283fb6bf41260f7f294a48587d2a9b1fa,ENS,137.54630794725395
0xf8d50e3283fb6bf41260f7f294a48587d2a9b1fa,IMX,2.7045052282615103
0xf8d50e3283fb6bf41260f7f294a48587d2a9b1fa,PEOPLE,-53.21933492321418
0xf8d50e3283fb6bf41260f7f294a48587d2a9b1fa,GMT,73.28902713605497
0xf8d50e3283fb6bf41260f7f294a48587d2a9b1fa,FLOKI,48.83685781641846
0xf8d50e3283fb6bf41260f7f294a48587d2a9b1fa,POL,-8.547404234950136
0xf8d50e3283fb6bf41260f7f294a48587d2a9b1fa,APE,-79.30114371752902
0xf8d50e3283fb6bf41260f7f294a48587d2a9b1fa,GMX,195.8025298198438
0xf8d50e3283fb6bf41260f7f294a48587d2a9b1fa,BLUR,-33.657416146526074
0xf8d50e3283fb6bf41260f7f294a48587d2a9b1fa,PENDLE,98.38838282024972
0xf8d50e3283fb6bf41260f7f294a48587d2a9b1fa,LUNC,141.9171836063001
0xf8d50e3283fb6bf41260f7f294a48587d2a9b1fa,MINA,40.40257893497255
0xf8d50e3283fb6bf41260f7f294a48587d2a9b1fa,MEME,-142.45276731523575
0xf8d50e3283fb6bf41260f7f294a48587d2a9b1fa,OP,76.6108381390012
0xf8d50e3283fb6bf41260f7f294a48587d2a9b1fa,ZEN,-12.86162707813726
0xf8d50e3283fb6bf41260f7f294a48587d2a9b1fa,STRK,124.38751508782522
0xf8d50e3283fb6bf41260f7f294a48587d2a9b1fa,STX,203.82678239430112
0xf8d50e3283fb6bf41260f7f294a48587d2a9b1fa,CFX,-72.59966890132424
0xf8d50e3283fb6bf41260f7f294a48587d2a9b1fa,CAKE,-123.325306027916
0xf8d50e3283fb6bf41260f7f294a48587d2a9b1fa,DASH,-125.40269645545456
0xf8d50e3283fb6bf41260f7f294a48587d2a9b1fa,BSV,-16.97573518451479
0xf8d50e3283fb6bf41260f7f294a48587d2a9b1fa,AR,10.070893873301245
0xf8d50e3283fb6bf41260f7f294a48587d2a9b1fa,APT,-82.69341722523774
0xf8d50e3283fb6bf41260f7f294a48587d2a9b1fa,ALT,94.86301025266772
0xf8d50e3283fb6bf41260f7f294a48587d2a9b1fa,BNB,-19.818692946810742
0xf8d50e3283fb6bf41260f7f294a48587d2a9b1fa,BONK,-29.833919677477084
0xf8d50e3283fb6bf41260f7f294a48587d2a9b1fa,BABY,-102.9147888032672
0xf8d50e3283fb6bf41260f7f294a48587d2a9b1fa,HBAR,-84.91754586186681
0xf8d50e3283fb6bf41260f7f294a48587d2a9b1fa,KAS,52.53333837063279
0xf8d50e3283fb6bf41260f7f294a48587d2a9b1fa,PEPE,-28.22295566928068
0xf8d50e3283fb6bf41260f7f294a48587d2a9b1fa,ORDI,-48.5939909851156
0xf8d50e3283fb6bf41260f7f294a48587d2a9b1fa,SUI,-54.34088163496264
0xf8d50e3283fb6bf41260f7f294a48587d2a9b1fa,MNT,-136.30060610119233
0xf8d50e3283fb6bf41260f7f294a48587d2a9b1fa,IOTA,-8.529341205038392
0xf8d50e3283fb6bf41260f7f294a48587d2a9b1fa,TURBO,284.14450055082364
0xf8d50e3283fb6bf41260f7f294a48587d2a9b1fa,TIA,45.591431984642
0xf8d50e3283fb6bf41260f7f294a48587d2a9b1fa,SEI,225.34427219315856
0xf8d50e3283fb6bf41260f7f294a48587d2a9b1fa,TAO,-30.06931628277283
0xf8d50e3283fb6bf41260f7f294a48587d2a9b1fa,JTO,64.2352851166022
0xf8d50e3283fb6bf41260f7f294a48587d2a9b1fa,PYTH,381.279634302773
0xf8d50e3283fb6bf41260f7f294a48587d2a9b1fa,MANTA,-38.74067461296006
0xf8d50e3283fb6bf41260f7f294a48587d2a9b1fa,ONDO,-55.59931476122949
0xf8d50e3283fb6bf41260f7f294a48587d2a9b1fa,WIF,26.832953801520546
0xf8d50e3283fb6bf41260f7f294a48587d2a9b1fa,XAI,-24.92322051946168
0xf8d50e3283fb6bf41260f7f294a48587d2a9b1fa,ZETA,8.916255706388242
0xf8d50e3283fb6bf41260f7f294a48587d2a9b1fa,JUP,246.38567419608177
0xf8d50e3283fb6bf41260f7f294a48587d2a9b1fa,DYM,75.32634261455529
0xf8d50e3283fb6bf41260f7f294a48587d2a9b1fa,TRUMP,-261.19198723629904
0xf8d50e3283fb6bf41260f7f294a48587d2a9b1fa,APEX,73.58790691354297
0xf8d50e3283fb6bf41260f7f294a48587d2a9b1fa,ARB,-101.29417512263674
0xf8d50e3283fb6bf41260f7f294a48587d2a9b1fa,BOME,-65.21691298262363
0xf8d50e3283fb6bf41260f7f294a48587d2a9b1fa,HYPER,-123.11943130406408
0xf8d50e3283fb6bf41260f7f294a48587d2a9b1fa,ETHFI,-164.7073337293065
0xf8d50e3283fb6bf41260f7f294a48587d2a9b1fa,BRETT,84.38374077093584
0xf8d50e3283fb6bf41260f7f294a48587d2a9b1fa,W,-104.23198075536432
0xf8d50e3283fb6bf41260f7f294a48587d2a9b1fa,GOAT,-117.14084697354772
0xf8d50e3283fb6bf41260f7f294a48587d2a9b1fa,POPCAT,-50.62674802141234
0xf8d50e3283fb6bf41260f7f294a48587d2a9b1fa,MERL,152.44353184800391
0xf8d50e3283fb6bf41260f7f294a48587d2a9b1fa,ZK,101.24201692688916
0xf8d50e3283fb6bf41260f7f294a48587d2a9b1fa,TNSR,17.911194934910604
0xf8d50e3283fb6bf41260f7f294a48587d2a9b1fa,AERO,-23.74388385158035
0xf8d50e3283fb6bf41260f7f294a48587d2a9b1fa,REZ,-16.266643129772945
0xf8d50e3283fb6bf41260f7f294a48587d2a9b1fa,NOT,-56.93070436469259
0xf8d50e3283fb6bf41260f7f294a48587d2a9b1fa,MON,-23.215883911744385
0xf8d50e3283fb6bf41260f7f294a48587d2a9b1fa,VIRTUAL,118.17367117861056
0xf8d50e3283fb6bf41260f7f294a48587d2a9b1fa,IO,132.5176773865777
0xf8d50e3283fb6bf41260f7f294a48587d2a9b1fa,ZRO,-13.802493185334484
0xf8d50e3283fb6bf41260f7f294a48587d2a9b1fa,WLD,94.83163515486422
0xf8d50e3283fb6bf41260f7f294a48587d2a9b1fa,NEIRO,163.8655110152106
0xf8d50e3283fb6bf41260f7f294a48587d2a9b1fa,EIGEN,-68.02635292053796
0xf8d50e3283fb6bf41260f7f294a48587d2a9b1fa,MOVE,-23.50708641475829
0xf8d50e3283fb6bf41260f7f294a48587d2a9b1fa,FARTCOIN,-65.44986107733635
0xf8d50e3283fb6bf41260f7f294a48587d2a9b1fa,GRASS,-71.67929601909151
0xf8d50e3283fb6bf41260f7f294a48587d2a9b1fa,PNUT,22.02896566385855
0xf8d50e3283fb6bf41260f7f294a48587d2a9b1fa,USUAL,-76.48448365415194
0xf8d50e3283fb6bf41260f7f294a48587d2a9b1fa,MORPHO,69.66415453834696
0xf8d50e3283fb6bf41260f7f294a48587d2a9b1fa,AIXBT,26.22459955996706
0xf8d50e3283fb6bf41260f7f294a48587d2a9b1fa,HYPE,-185.7672175713577
0xf8d50e3283fb6bf41260f7f294a48587d2a9b1fa,ME,1.866129358571854
0xf8d50e3283fb6bf41260f7f294a48587d2a9b1fa,PENGU,-41.66614591012908
0xf8d50e3283fb6bf41260f7f294a48587d2a9b1fa,sENA,-66.86526655081227
0xf8d50e3283fb6bf41260f7f294a48587d2a9b1fa,BIO,-86.90413332229403
0xf8d50e3283fb6bf41260f7f294a48587d2a9b1fa,GRIFFAIN,-103.39690193908775
0xf8d50e3283fb6bf41260f7f294a48587d2a9b1fa,MELANIA,124.47812804258572
0xf8d50e3283fb6bf41260f7f294a48587d2a9b1fa,VINE,8.08627869557975
0xf8d50e3283fb6bf41260f7f294a48587d2a9b1fa,ANIME,-118.05044994943978
0xf8d50e3283fb6bf41260f7f294a48587d2a9b1fa,VVV,-71.65999125989728
0xf8d50e3283fb6bf41260f7f294a48587d2a9b1fa,SYRUP,-17.78459072755483
0xf8d50e3283fb6bf41260f7f294a48587d2a9b1fa,BERA,18.570246946770908
0xf8d50e3283fb6bf41260f7f294a48587d2a9b1fa,IP,6.49899193011386
0xf8d50e3283fb6bf41260f7f294a48587d2a9b1fa,KAITO,-139.8908615178688
0xf8d50e3283fb6bf41260f7f294a48587d2a9b1fa,NIL,-28.512707827928224
0xf8d50e3283fb6bf41260f7f294a48587d2a9b1fa,WCT,-32.639821202031044
0xf8d50e3283fb6bf41260f7f294a48587d2a9b1fa,PUMP,-233.6306446463012
0xf8d50e3283fb6bf41260f7f294a48587d2a9b1fa,INIT,-47.0349922937644
0xf8d50e3283fb6bf41260f7f294a48587d2a9b1fa,SOPH,283.4907970720771
0xf8d50e3283fb6bf41260f7f294a48587d2a9b1fa,PROVE,-64.46234184045412
0xf8d50e3283fb6bf41260f7f294a48587d2a9b1fa,WLFI,10.29665391105206
0xf8d50e3283fb6bf41260f7f294a48587d2a9b1fa,0G,-42.25284589827098
0xf8d50e3283fb6bf41260f7f294a48587d2a9b1fa,AVNT,202.60315478213323
0xf8d50e3283fb6bf41260f7f294a48587d2a9b1fa,ASTER,-192.16890007290004
0xf8d50e3283fb6bf41260f7f294a48587d2a9b1fa,LINEA,114.12707237047717
0xf8d50e3283fb6bf41260f7f294a48587d2a9b1fa,HEMI,20.257401037333885
0xf8d50e3283fb6bf41260f7f294a48587d2a9b1fa,XPL,10.71687243365544
0xf8d50e3283fb6bf41260f7f294a48587d2a9b1fa,2Z,25.37190866405508
0xf8d50e3283fb6bf41260f7f294a48587d2a9b1fa,CC,12.116654957345382
0xfb2744ba3942d3bbf6717448e82299b731ca7ae7,BTC,-0.0001347522978791
0xfb2744ba3942d3bbf6717448e82299b731ca7ae7,LTC,-0.002267706840233
0xfb2744ba3942d3bbf6717448e82299b731ca7ae7,XRP,0.0168395775418874
0xfb2744ba3942d3bbf6717448e82299b731ca7ae7,DOGE,0.0001870000217863
0xfb2744ba3942d3bbf6717448e82299b731ca7ae7,DASH,0.0075513689923448
0xfb2744ba3942d3bbf6717448e82299b731ca7ae7,XMR,0.0265302140699597
0xfb2744ba3942d3bbf6717448e82299b731ca7ae7,XLM,0.0093214791139095
0xfb2744ba3942d3bbf6717448e82299b731ca7ae7,ETH,0.0099297120166328
0xfb2744ba3942d3bbf6717448e82299b731ca7ae7,ETC,-0.0002305566094119
0xfb2744ba3942d3bbf6717448e82299b731ca7ae7,ZEC,0.000841318676387
0xfb2744ba3942d3bbf6717448e82299b731ca7ae7,ZEN,0.012275433588919
0xfb2744ba3942d3bbf6717448e82299b731ca7ae7,IOTA,0.0124372411495049
0xfb2744ba3942d3bbf6717448e82299b731ca7ae7,BCH,0.0158147808541242
0xfb2744ba3942d3bbf6717448e82299b731ca7ae7,BNB,0.0005567207897376
0xfb2744ba3942d3bbf6717448e82299b731ca7ae7,TRX,0.0032222729075069
0xfb2744ba3942d3bbf6717448e82299b731ca7ae7,LINK,0.0178211969636961
0xfb2744ba3942d3bbf6717448e82299b731ca7ae7,ADA,0.0088863368359989
0xfb2744ba3942d3bbf6717448e82299b731ca7ae7,FIL,0.0124451210332445
0xfb2744ba3942d3bbf6717448e82299b731ca7ae7,SNX,0.0002237260179661
0xfb2744ba3942d3bbf6717448e82299b731ca7ae7,BSV,0.0097625497758373
0xfb2744ba3942d3bbf6717448e82299b731ca7ae7,FET,0.0122758862857872
0xfb2744ba3942d3bbf6717448e82299b731ca7ae7,ATOM,-0.0000010678831417387687
0xfb2744ba3942d3bbf6717448e82299b731ca7ae7,RSR,0.0042108378606978
0xfb2744ba3942d3bbf6717448e82299b731ca7ae7,ALGO,0.0024556685374595
0xfb2744ba3942d3bbf6717448e82299b731ca7ae7,RUNE,0.0063665522297066
0xfb2744ba3942d3bbf6717448e82299b731ca7ae7,LUNC,0.0145580681546018
0xfb2744ba3942d3bbf6717448e82299b731ca7ae7,HBAR,0.0128606574414237
0xfb2744ba3942d3bbf6717448e82299b731ca7ae7,PAXG,0.0232714398050054
0xfb2744ba3942d3bbf6717448e82299b731ca7ae7,STX,0.0024195198898861
0xfb2744ba3942d3bbf6717448e82299b731ca7ae7,TRB,0.003259049324541
0xfb2744ba3942d3bbf6717448e82299b731ca7ae7,SOL,0.008735370115372
0xfb2744ba3942d3bbf6717448e82299b731ca7ae7,CELO,0.0120978721842006
0xfb2744ba3942d3bbf6717448e82299b731ca7ae7,UMA,0.0234342434145105
0xfb2744ba3942d3bbf6717448e82299b731ca7ae7,AR,0.0003726593987813
0xfb2744ba3942d3bbf6717448e82299b731ca7ae7,RENDER,0.0009077549059238
0xfb2744ba3942d3bbf6717448e82299b731ca7ae7,COMP,0.0234571149644584
0xfb2744ba3942d3bbf6717448e82299b731ca7ae7,AVAX,0.0158229771175201
0xfb2744ba3942d3bbf6717448e82299b731ca7ae7,SHIB,0.0086361858131293
0xfb2744ba3942d3bbf6717448e82299b731ca7ae7,SAND,0.0034523248473866
0xfb2744ba3942d3bbf6717448e82299b731ca7ae7,NEAR,0.0117036390623386
0xfb2744ba3942d3bbf6717448e82299b731ca7ae7,CRV,-0.0004315071358105
0xfb2744ba3942d3bbf6717448e82299b731ca7ae7,DOT,0.0076590133886192
0xfb2744ba3942d3bbf6717448e82299b731ca7ae7,SUSHI,0.0036786966727812
0xfb2744ba3942d3bbf6717448e82299b731ca7ae7,AXS,0.0093665999539655
0xfb2744ba3942d3bbf6717448e82299b731ca7ae7,GALA,0.0046061064866903
0xfb2744ba3942d3bbf6717448e82299b731ca7ae7,UNI,-0.0053632149960218
0xfb2744ba3942d3bbf6717448e82299b731ca7ae7,CAKE,0.0025305452461991
0xfb2744ba3942d3bbf6717448e82299b731ca7ae7,INJ,0.017795569408856
0xfb2744ba3942d3bbf6717448e82299b731ca7ae7,AAVE,0.0276124240608601
0xfb2744ba3942d3bbf6717448e82299b731ca7ae7,CFX,0.0014953317595711
0xfb2744ba3942d3bbf6717448e82299b731ca7ae7,LDO,0.0009645120690792
0xfb2744ba3942d3bbf6717448e82299b731ca7ae7,MINA,-0.0004784498737709
0xfb2744ba3942d3bbf6717448e82299b731ca7ae7,ICP,0.0001090218770155
0xfb2744ba3942d3bbf6717448e82299b731ca7ae7,PENDLE,0.0150130676671866
0xfb2744ba3942d3bbf6717448e82299b731ca7ae7,IMX,0.0089968179371799
0xfb2744ba3942d3bbf6717448e82299b731ca7ae7,FLOKI,0.007502863776458
0xfb2744ba3942d3bbf6717448e82299b731ca7ae7,OP,-0.0001667109317971
0xfb2744ba3942d3bbf6717448e82299b731ca7ae7,ARB,0.0100721560837573
0xfb2744ba3942d3bbf6717448e82299b731ca7ae7,GMX,0.007277411402484
0xfb2744ba3942d3bbf6717448e82299b731ca7ae7,WLD,0.0013591596881494
0xfb2744ba3942d3bbf6717448e82299b731ca7ae7,MANTA,0.0080034483277544
0xfb2744ba3942d3bbf6717448e82299b731ca7ae7,ENS,0.0058800340983212
0xfb2744ba3942d3bbf6717448e82299b731ca7ae7,PEOPLE,0.0059780875029003
0xfb2744ba3942d3bbf6717448e82299b731ca7ae7,GMT,0.0120864034798309
0xfb2744ba3942d3bbf6717448e82299b731ca7ae7,APE,0.0145414332117798
0xfb2744ba3942d3bbf6717448e82299b731ca7ae7,APEX,0.0003865058904926
0xfb2744ba3942d3bbf6717448e82299b731ca7ae7,KAS,0.0206691750627815
0xfb2744ba3942d3bbf6717448e82299b731ca7ae7,SUI,0.0152516918141249
0xfb2744ba3942d3bbf6717448e82299b731ca7ae7,ONDO,0.0067216187590506
0xfb2744ba3942d3bbf6717448e82299b731ca7ae7,ZETA,0.0041234578907284
0xfb2744ba3942d3bbf6717448e82299b731ca7ae7,APT,0.0101776390522706
0xfb2744ba3942d3bbf6717448e82299b731ca7ae7,STRK,0.0123036230532113
0xfb2744ba3942d3bbf6717448e82299b731ca7ae7,TIA,0.0077804491719252
0xfb2744ba3942d3bbf6717448e82299b731ca7ae7,TAO,0.0058866980955528
0xfb2744ba3942d3bbf6717448e82299b731ca7ae7,BONK,0.0017715383272335
0xfb2744ba3942d3bbf6717448e82299b731ca7ae7,BLUR,0.0074974453164837
0xfb2744ba3942d3bbf6717448e82299b731ca7ae7,SEI,0.0042584628364528
0xfb2744ba3942d3bbf6717448e82299b731ca7ae7,ZK,0.0038854290662089
0xfb2744ba3942d3bbf6717448e82299b731ca7ae7,PEPE,-0.0006087802511862
0xfb2744ba3942d3bbf6717448e82299b731ca7ae7,BERA,0.0060857967951985
0xfb2744ba3942d3bbf6717448e82299b731ca7ae7,TURBO,0.0141692009721242
0xfb2744ba3942d3bbf6717448e82299b731ca7ae7,ORDI,0.0127370077732533
0xfb2744ba3942d3bbf6717448e82299b731ca7ae7,ZRO,0.0111565719136601
0xfb2744ba3942d3bbf6717448e82299b731ca7ae7,MNT,0.0031817331461108
0xfb2744ba3942d3bbf6717448e82299b731ca7ae7,LINEA,0.0139624031196127
0xfb2744ba3942d3bbf6717448e82299b731ca7ae7,PYTH,0.018712863671806
0xfb2744ba3942d3bbf6717448e82299b731ca7ae7,MEME,0.0118978375268145
0xfb2744ba3942d3bbf6717448e82299b731ca7ae7,POL,-0.0019283586700268
0xfb2744ba3942d3bbf6717448e82299b731ca7ae7,JTO,-0.0008517392411926
0xfb2744ba3942d3bbf6717448e82299b731ca7ae7,WIF,0.0058205872979405
0xfb2744ba3942d3bbf6717448e82299b731ca7ae7,POPCAT,0.0135870479040763
0xfb2744ba3942d3bbf6717448e82299b731ca7ae7,NOT,-0.0067849881101808
0xfb2744ba3942d3bbf6717448e82299b731ca7ae7,DYM,-0.00008186657542630462
0xfb2744ba3942d3bbf6717448e82299b731ca7ae7,XAI,-0.0117405064337128
0xfb2744ba3942d3bbf6717448e82299b731ca7ae7,ALT,0.0038119282725835
0xfb2744ba3942d3bbf6717448e82299b731ca7ae7,JUP,0.0113284107512969
0xfb2744ba3942d3bbf6717448e82299b731ca7ae7,AERO,0.0134204758404496
0xfb2744ba3942d3bbf6717448e82299b731ca7ae7,VIRTUAL,-0.000023163728163038365
0xfb2744ba3942d3bbf6717448e82299b731ca7ae7,W,0.009147387329704
0xfb2744ba3942d3bbf6717448e82299b731ca7ae7,BRETT,0.008095355401565
0xfb2744ba3942d3bbf6717448e82299b731ca7ae7,ETHFI,-0.0252727817758711
0xfb2744ba3942d3bbf6717448e82299b731ca7ae7,IO,0.0172637533496528
0xfb2744ba3942d3bbf6717448e82299b731ca7ae7,BOME,-0.001186684444348
0xfb2744ba3942d3bbf6717448e82299b731ca7ae7,sENA,0.0053887591214765
0xfb2744ba3942d3bbf6717448e82299b731ca7ae7,TNSR,0.0034588229737188
0xfb2744ba3942d3bbf6717448e82299b731ca7ae7,EIGEN,0.0129641642755945
0xfb2744ba3942d3bbf6717448e82299b731ca7ae7,MON,0.0227062695740614
0xfb2744ba3942d3bbf6717448e82299b731ca7ae7,MERL,0.0032865280421918
0xfb2744ba3942d3bbf6717448e82299b731ca7ae7,REZ,0.0039331608529077
0xfb2744ba3942d3bbf6717448e82299b731ca7ae7,SOPH,-0.0126107355046507
0xfb2744ba3942d3bbf6717448e82299b731ca7ae7,HYPE,0.0051376204796602
0xfb2744ba3942d3bbf6717448e82299b731ca7ae7,ME,0.0025796607804557
0xfb2744ba3942d3bbf6717448e82299b731ca7ae7,BABY,0.0142632959740571
0xfb2744ba3942d3bbf6717448e82299b731ca7ae7,MOVE,-0.0124764480714791
0xfb2744ba3942d3bbf6717448e82299b731ca7ae7,NEIRO,0.0078195507566779
0xfb2744ba3942d3bbf6717448e82299b731ca7ae7,S,-0.020497212294978
0xfb2744ba3942d3bbf6717448e82299b731ca7ae7,GRASS,-0.0052251351590798
0xfb2744ba3942d3bbf6717448e82299b731ca7ae7,SKY,0.0029940156508673
0xfb2744ba3942d3bbf6717448e82299b731ca7ae7,INIT,0.0040097929811949
0xfb2744ba3942d3bbf6717448e82299b731ca7ae7,WCT,0.0085842438470633
0xfb2744ba3942d3bbf6717448e82299b731ca7ae7,WLFI,-0.0023825830205784
0xfb2744ba3942d3bbf6717448e82299b731ca7ae7,GOAT,0.0229515626414511
0xfb2744ba3942d3bbf6717448e82299b731ca7ae7,FARTCOIN,0.0035926705765614
0xfb2744ba3942d3bbf6717448e82299b731ca7ae7,PNUT,0.0057414050412183
0xfb2744ba3942d3bbf6717448e82299b731ca7ae7,SYRUP,-0.0007249170190319
0xfb2744ba3942d3bbf6717448e82299b731ca7ae7,USUAL,-0.0060620279586439
0xfb2744ba3942d3bbf6717448e82299b731ca7ae7,AIXBT,0.0076084809559284
0xfb2744ba3942d3bbf6717448e82299b731ca7ae7,MORPHO,0.0100510780171136
0xfb2744ba3942d3bbf6717448e82299b731ca7ae7,PENGU,0.0057746391880271
0xfb2744ba3942d3bbf6717448e82299b731ca7ae7,GRIFFAIN,0.00502476502873
0xfb2744ba3942d3bbf6717448e82299b731ca7ae7,BIO,0.0014926807027965
0xfb2744ba3942d3bbf6717448e82299b731ca7ae7,ANIME,0.0130047406606112
0xfb2744ba3942d3bbf6717448e82299b731ca7ae7,TRUMP,0.0003699149312975
0xfb2744ba3942d3bbf6717448e82299b731ca7ae7,MELANIA,0.0018360244909866
0xfb2744ba3942d3bbf6717448e82299b731ca7ae7,VINE,0.0081208717348935
0xfb2744ba3942d3bbf6717448e82299b731ca7ae7,LAYER,0.0038614790302685
0xfb2744ba3942d3bbf6717448e82299b731ca7ae7,VVV,0.0052280676432922
0xfb2744ba3942d3bbf6717448e82299b731ca7ae7,IP,-0.0011963238178977
0xfb2744ba3942d3bbf6717448e82299b731ca7ae7,NIL,-0.0213802858411631
0xfb2744ba3942d3bbf6717448e82299b731ca7ae7,KAITO,-0.1048269404762061
0xfb2744ba3942d3bbf6717448e82299b731ca7ae7,ZORA,0.0074221207940553
0xfb2744ba3942d3bbf6717448e82299b731ca7ae7,HYPER,0.0061768218483956
0xfb2744ba3942d3bbf6717448e82299b731ca7ae7,ASTER,0.016916298680837
0xfb2744ba3942d3bbf6717448e82299b731ca7ae7,PUMP,-0.0128916510611204
0xfb2744ba3942d3bbf6717448e82299b731ca7ae7,XPL,0.0162915598167729
0xfb2744ba3942d3bbf6717448e82299b731ca7ae7,CC,0.0035949197727106
0xfb2744ba3942d3bbf6717448e82299b731ca7ae7,PROVE,0.0105784975689105
0xfb2744ba3942d3bbf6717448e82299b731ca7ae7,HEMI,-0.0163098346091456
0xfb2744ba3942d3bbf6717448e82299b731ca7ae7,AVNT,-0.0094056361989207
0xfb2744ba3942d3bbf6717448e82299b731ca7ae7,0G,-0.0010295274199574
0xfb2744ba3942d3bbf6717448e82299b731ca7ae7,2Z,0.0002030042090769
0xfb2744ba3942d3bbf6717448e82299b731ca7ae7,LIT,0.0122248357664038
0xfb8bc3433016a64a3b8aa23c0275afe7c20feb53,BTC,-0.00085291755
0xfb8bc3433016a64a3b8aa23c0275afe7c20feb53,LTC,-0.0008128011
0xfb8bc3433016a64a3b8aa23c0275afe7c20feb53,XRP,0.012584229
0xfb8bc3433016a64a3b8aa23c0275afe7c20feb53,DOGE,0.009074066
0xfb8bc3433016a64a3b8aa23c0275afe7c20feb53,DASH,0.016503468
0xfb8bc3433016a64a3b8aa23c0275afe7c20feb53,XMR,0.016081002
0xfb8bc3433016a64a3b8aa23c0275afe7c20feb53,XLM,0.012994249
0xfb8bc3433016a64a3b8aa23c0275afe7c20feb53,ETH,0.043923605
0xfb8bc3433016a64a3b8aa23c0275afe7c20feb53,ETC,0.0014464604
0xfb8bc3433016a64a3b8aa23c0275afe7c20feb53,ZEC,0.006681337
0xfb8bc3433016a64a3b8aa23c0275afe7c20feb53,ZEN,0.018502435
0xfb8bc3433016a64a3b8aa23c0275afe7c20feb53,IOTA,0.010684626
0xfb8bc3433016a64a3b8aa23c0275afe7c20feb53,BCH,0.004390512
0xfb8bc3433016a64a3b8aa23c0275afe7c20feb53,BNB,0.022990318
0xfb8bc3433016a64a3b8aa23c0275afe7c20feb53,TRX,0.009386753
0xfb8bc3433016a64a3b8aa23c0275afe7c20feb53,LINK,0.03186801
0xfb8bc3433016a64a3b8aa23c0275afe7c20feb53,ADA,0.012206127
0xfb8bc3433016a64a3b8aa23c0275afe7c20feb53,FIL,0.014594838
0xfb8bc3433016a64a3b8aa23c0275afe7c20feb53,SNX,0.002469991
0xfb8bc3433016a64a3b8aa23c0275afe7c20feb53,BSV,0.006030961
0xfb8bc3433016a64a3b8aa23c0275afe7c20feb53,FET,0.03550771
0xfb8bc3433016a64a3b8aa23c0275afe7c20feb53,ATOM,0.018282242
0xfb8bc3433016a64a3b8aa23c0275afe7c20feb53,RSR,-0.0029459968
0xfb8bc3433016a64a3b8aa23c0275afe7c20feb53,ALGO,0.033256885
0xfb8bc3433016a64a3b8aa23c0275afe7c20feb53,RUNE,0.0209905
0xfb8bc3433016a64a3b8aa23c0275afe7c20feb53,LUNC,0.0047589373
0xfb8bc3433016a64a3b8aa23c0275afe7c20feb53,HBAR,0.024180423
0xfb8bc3433016a64a3b8aa23c0275afe7c20feb53,PAXG,0.026923899
0xfb8bc3433016a64a3b8aa23c0275afe7c20feb53,STX,0.023677146
0xfb8bc3433016a64a3b8aa23c0275afe7c20feb53,TRB,0.009320796
0xfb8bc3433016a64a3b8aa23c0275afe7c20feb53,SOL,0.023475086
0xfb8bc3433016a64a3b8aa23c0275afe7c20feb53,CELO,0.027457364
0xfb8bc3433016a64a3b8aa23c0275afe7c20feb53,UMA,0.02788012
0xfb8bc3433016a64a3b8aa23c0275afe7c20feb53,AR,-0.000018200733
0xfb8bc3433016a64a3b8aa23c0275afe7c20feb53,RENDER,0.011820713
0xfb8bc3433016a64a3b8aa23c0275afe7c20feb53,COMP,0.035960406
0xfb8bc3433016a64a3b8aa23c0275afe7c20feb53,AVAX,0.017907338
0xfb8bc3433016a64a3b8aa23c0275afe7c20feb53,SHIB,0.04257095
0xfb8bc3433016a64a3b8aa23c0275afe7c20feb53,SAND,0.0008951757
0xfb8bc3433016a64a3b8aa23c0275afe7c20feb53,NEAR,0.024556324
0xfb8bc3433016a64a3b8aa23c0275afe7c20feb53,CRV,0.013499574
0xfb8bc3433016a64a3b8aa23c0275afe7c20feb53,DOT,0.025582729
0xfb8bc3433016a64a3b8aa23c0275afe7c20feb53,SUSHI,0.0025328118
0xfb8bc3433016a64a3b8aa23c0275afe7c20feb53,AXS,0.013055478
0xfb8bc3433016a64a3b8aa23c0275afe7c20feb53,GALA,0.0032264683
0xfb8bc3433016a64a3b8aa23c0275afe7c20feb53,UNI,0.0029273331
0xfb8bc3433016a64a3b8aa23c0275afe7c20feb53,CAKE,0.006271091
0xfb8bc3433016a64a3b8aa23c0275afe7c20feb53,INJ,0.015258527
0xfb8bc3433016a64a3b8aa23c0275afe7c20feb53,AAVE,0.03535517
0xfb8bc3433016a64a3b8aa23c0275afe7c20feb53,CFX,0.006553238
0xfb8bc3433016a64a3b8aa23c0275afe7c20feb53,LDO,0.0058209947
0xfb8bc3433016a64a3b8aa23c0275afe7c20feb53,MINA,0.00074785645
0xfb8bc3433016a64a3b8aa23c0275afe7c20feb53,ICP,0.022203902
0xfb8bc3433016a64a3b8aa23c0275afe7c20feb53,PENDLE,0.03058263
0xfb8bc3433016a64a3b8aa23c0275afe7c20feb53,IMX,0.011271618
0xfb8bc3433016a64a3b8aa23c0275afe7c20feb53,FLOKI,0.017796062
0xfb8bc3433016a64a3b8aa23c0275afe7c20feb53,OP,-0.035514362
0xfb8bc3433016a64a3b8aa23c0275afe7c20feb53,ARB,0.004707351
0xfb8bc3433016a64a3b8aa23c0275afe7c20feb53,GMX,0.013177765
0xfb8bc3433016a64a3b8aa23c0275afe7c20feb53,WLD,0.013789332
0xfb8bc3433016a64a3b8aa23c0275afe7c20feb53,MANTA,0.007734131
0xfb8bc3433016a64a3b8aa23c0275afe7c20feb53,ENS,0.02383932
0xfb8bc3433016a64a3b8aa23c0275afe7c20feb53,PEOPLE,0.016755216
0xfb8bc3433016a64a3b8aa23c0275afe7c20feb53,GMT,-0.032726917
0xfb8bc3433016a64a3b8aa23c0275afe7c20feb53,APE,0.01701757
0xfb8bc3433016a64a3b8aa23c0275afe7c20feb53,APEX,0.0060920483
0xfb8bc3433016a64a3b8aa23c0275afe7c20feb53,KAS,0.039915968
0xfb8bc3433016a64a3b8aa23c0275afe7c20feb53,SUI,0.032753315
0xfb8bc3433016a64a3b8aa23c0275afe7c20feb53,ONDO,0.002324006
0xfb8bc3433016a64a3b8aa23c0275afe7c20feb53,ZETA,0.0014567875
0xfb8bc3433016a64a3b8aa23c0275afe7c20feb53,APT,0.012549318
0xfb8bc3433016a64a3b8aa23c0275afe7c20feb53,STRK,0.012190112
0xfb8bc3433016a64a3b8aa23c0275afe7c20feb53,TIA,0.01800986
0xfb8bc3433016a64a3b8aa23c0275afe7c20feb53,TAO,0.0066319937
0xfb8bc3433016a64a3b8aa23c0275afe7c20feb53,BONK,0.010831285
0xfb8bc3433016a64a3b8aa23c0275afe7c20feb53,BLUR,0.0022007625
0xfb8bc3433016a64a3b8aa23c0275afe7c20feb53,SEI,0.013309101
0xfb8bc3433016a64a3b8aa23c0275afe7c20feb53,ZK,0.018427907
0xfb8bc3433016a64a3b8aa23c0275afe7c20feb53,PEPE,0.011113829
0xfb8bc3433016a64a3b8aa23c0275afe7c20feb53,BERA,0.014475893
0xfb8bc3433016a64a3b8aa23c0275afe7c20feb53,TURBO,0.020873457
0xfb8bc3433016a64a3b8aa23c0275afe7c20feb53,ORDI,0.023525305
0xfb8bc3433016a64a3b8aa23c0275afe7c20feb53,ZRO,0.012043986
0xfb8bc3433016a64a3b8aa23c0275afe7c20feb53,MNT,0.015798016
0xfb8bc3433016a64a3b8aa23c0275afe7c20feb53,LINEA,0.009088066
0xfb8bc3433016a64a3b8aa23c0275afe7c20feb53,PYTH,0.015855983
0xfb8bc3433016a64a3b8aa23c0275afe7c20feb53,MEME,0.018057691
0xfb8bc3433016a64a3b8aa23c0275afe7c20feb53,POL,0.019003985
0xfb8bc3433016a64a3b8aa23c0275afe7c20feb53,JTO,0.0006188289
0xfb8bc3433016a64a3b8aa23c0275afe7c20feb53,WIF,0.012996964
0xfb8bc3433016a64a3b8aa23c0275afe7c20feb53,POPCAT,0.019283332
0xfb8bc3433016a64a3b8aa23c0275afe7c20feb53,NOT,-0.001400753
0xfb8bc3433016a64a3b8aa23c0275afe7c20feb53,DYM,0.0031293803
0xfb8bc3433016a64a3b8aa23c0275afe7c20feb53,XAI,-0.0143017955
0xfb8bc3433016a64a3b8aa23c0275afe7c20feb53,ALT,0.0020260664
0xfb8bc3433016a64a3b8aa23c0275afe7c20feb53,JUP,0.03444106
0xfb8bc3433016a64a3b8aa23c0275afe7c20feb53,AERO,0.019723138
0xfb8bc3433016a64a3b8aa23c0275afe7c20feb53,VIRTUAL,-0.00059401034
0xfb8bc3433016a64a3b8aa23c0275afe7c20feb53,W,0.01807574
0xfb8bc3433016a64a3b8aa23c0275afe7c20feb53,BRETT,0.0064877803
0xfb8bc3433016a64a3b8aa23c0275afe7c20feb53,ETHFI,-0.016179971
0xfb8bc3433016a64a3b8aa23c0275afe7c20feb53,IO,0.012259646
0xfb8bc3433016a64a3b8aa23c0275afe7c20feb53,BOME,-0.040985532
0xfb8bc3433016a64a3b8aa23c0275afe7c20feb53,sENA,0.007554206
0xfb8bc3433016a64a3b8aa23c0275afe7c20feb53,TNSR,0.008889509
0xfb8bc3433016a64a3b8aa23c0275afe7c20feb53,EIGEN,0.022213597
0xfb8bc3433016a64a3b8aa23c0275afe7c20feb53,MON,0.016290922
0xfb8bc3433016a64a3b8aa23c0275afe7c20feb53,MERL,0.01346414
0xfb8bc3433016a64a3b8aa23c0275afe7c20feb53,REZ,0.007869563
0xfb8bc3433016a64a3b8aa23c0275afe7c20feb53,SOPH,-0.011439283
0xfb8bc3433016a64a3b8aa23c0275afe7c20feb53,HYPE,0.016064253
0xfb8bc3433016a64a3b8aa23c0275afe7c20feb53,ME,0.008937854
0xfb8bc3433016a64a3b8aa23c0275afe7c20feb53,BABY,-0.016011167
0xfb8bc3433016a64a3b8aa23c0275afe7c20feb53,MOVE,-0.059612762
0xfb8bc3433016a64a3b8aa23c0275afe7c20feb53,NEIRO,0.004948545
0xfb8bc3433016a64a3b8aa23c0275afe7c20feb53,S,-0.022340432
0xfb8bc3433016a64a3b8aa23c0275afe7c20feb53,GRASS,-0.0030961127
0xfb8bc3433016a64a3b8aa23c0275afe7c20feb53,SKY,0.01779641
0xfb8bc3433016a64a3b8aa23c0275afe7c20feb53,INIT,0.0064365403
0xfb8bc3433016a64a3b8aa23c0275afe7c20feb53,WCT,0.014388229
0xfb8bc3433016a64a3b8aa23c0275afe7c20feb53,WLFI,0.02843544
0xfb8bc3433016a64a3b8aa23c0275afe7c20feb53,GOAT,0.028730214
0xfb8bc3433016a64a3b8aa23c0275afe7c20feb53,FARTCOIN,0.014363968
0xfb8bc3433016a64a3b8aa23c0275afe7c20feb53,PNUT,0.007990108
0xfb8bc3433016a64a3b8aa23c0275afe7c20feb53,SYRUP,-0.0021776052
0xfb8bc3433016a64a3b8aa23c0275afe7c20feb53,USUAL,-0.02625319
0xfb8bc3433016a64a3b8aa23c0275afe7c20feb53,AIXBT,0.01037643
0xfb8bc3433016a64a3b8aa23c0275afe7c20feb53,MORPHO,0.030546088
0xfb8bc3433016a64a3b8aa23c0275afe7c20feb53,PENGU,0.022046246
0xfb8bc3433016a64a3b8aa23c0275afe7c20feb53,GRIFFAIN,-0.0064526377
0xfb8bc3433016a64a3b8aa23c0275afe7c20feb53,BIO,0.01928836
0xfb8bc3433016a64a3b8aa23c0275afe7c20feb53,ANIME,0.024725044
0xfb8bc3433016a64a3b8aa23c0275afe7c20feb53,TRUMP,0.021726485
0xfb8bc3433016a64a3b8aa23c0275afe7c20feb53,MELANIA,0.008183731
0xfb8bc3433016a64a3b8aa23c0275afe7c20feb53,VINE,0.010217367
0xfb8bc3433016a64a3b8aa23c0275afe7c20feb53,LAYER,-0.011795073
0xfb8bc3433016a64a3b8aa23c0275afe7c20feb53,VVV,0.01590625
0xfb8bc3433016a64a3b8aa23c0275afe7c20feb53,IP,-0.012983371
0xfb8bc3433016a64a3b8aa23c0275afe7c20feb53,NIL,-0.045279846
0xfb8bc3433016a64a3b8aa23c0275afe7c20feb53,KAITO,-0.113728344
0xfb8bc3433016a64a3b8aa23c0275afe7c20feb53,ZORA,0.0033836856
0xfb8bc3433016a64a3b8aa23c0275afe7c20feb53,HYPER,0.017116284
0xfb8bc3433016a64a3b8aa23c0275afe7c20feb53,ASTER,0.052332226
0xfb8bc3433016a64a3b8aa23c0275afe7c20feb53,PUMP,-0.022104202
0xfb8bc3433016a64a3b8aa23c0275afe7c20feb53,XPL,0.023550551
0xfb8bc3433016a64a3b8aa23c0275afe7c20feb53,CC,0.0032851233
0xfb8bc3433016a64a3b8aa23c0275afe7c20feb53,PROVE,0.0028896772
0xfb8bc3433016a64a3b8aa23c0275afe7c20feb53,HEMI,-0.048748493
0xfb8bc3433016a64a3b8aa23c0275afe7c20feb53,AVNT,-0.016726125
0xfb8bc3433016a64a3b8aa23c0275afe7c20feb53,0G,0.0024101806
0xfb8bc3433016a64a3b8aa23c0275afe7c20feb53,2Z,-0.0024482638
0xfb8bc3433016a64a3b8aa23c0275afe7c20feb53,LIT,0.014463524
0xfe3c3f351e6df846566e10119e4295ed69b2cd72,BTC,-0.0142998755607482
0xfe3c3f351e6df846566e10119e4295ed69b2cd72,LTC,-0.0154022420057066
0xfe3c3f351e6df846566e10119e4295ed69b2cd72,XRP,-0.0133533146687226
0xfe3c3f351e6df846566e10119e4295ed69b2cd72,DOGE,-0.0133533146687226
0xfe3c3f351e6df846566e10119e4295ed69b2cd72,DASH,-0.0133533146687226
0xfe3c3f351e6df846566e10119e4295ed69b2cd72,XMR,-0.0133533146687226
0xfe3c3f351e6df846566e10119e4295ed69b2cd72,XLM,-0.0133533146687226
0xfe3c3f351e6df846566e10119e4295ed69b2cd72,ETH,-0.0154875324191127
0xfe3c3f351e6df846566e10119e4295ed69b2cd72,ETC,-0.0134353286076728
0xfe3c3f351e6df846566e10119e4295ed69b2cd72,ZEC,-0.0135769627454209
0xfe3c3f351e6df846566e10119e4295ed69b2cd72,ZEN,-0.0133533146687226
0xfe3c3f351e6df846566e10119e4295ed69b2cd72,IOTA,-0.0133533146687226
0xfe3c3f351e6df846566e10119e4295ed69b2cd72,BCH,-0.0133533146687226
0xfe3c3f351e6df846566e10119e4295ed69b2cd72,BNB,-0.0134353286076728
0xfe3c3f351e6df846566e10119e4295ed69b2cd72,TRX,-0.014833783104227
0xfe3c3f351e6df846566e10119e4295ed69b2cd72,LINK,-0.0133533146687226
0xfe3c3f351e6df846566e10119e4295ed69b2cd72,ADA,-0.0133533146687226
0xfe3c3f351e6df846566e10119e4295ed69b2cd72,FIL,-0.0133533146687226
0xfe3c3f351e6df846566e10119e4295ed69b2cd72,SNX,-0.0133533146687226
0xfe3c3f351e6df846566e10119e4295ed69b2cd72,BSV,-0.0156843766379453
0xfe3c3f351e6df846566e10119e4295ed69b2cd72,FET,-0.0133533146687226
0xfe3c3f351e6df846566e10119e4295ed69b2cd72,ATOM,-0.0133533146687226
0xfe3c3f351e6df846566e10119e4295ed69b2cd72,RSR,-0.0141387800607027
0xfe3c3f351e6df846566e10119e4295ed69b2cd72,ALGO,-0.0133533146687226
0xfe3c3f351e6df846566e10119e4295ed69b2cd72,RUNE,-0.0133533146687226
0xfe3c3f351e6df846566e10119e4295ed69b2cd72,LUNC,-0.0133533146687226
0xfe3c3f351e6df846566e10119e4295ed69b2cd72,HBAR,-0.0133533146687226
0xfe3c3f351e6df846566e10119e4295ed69b2cd72,PAXG,-0.0133533146687226
0xfe3c3f351e6df846566e10119e4295ed69b2cd72,STX,-0.0133533146687226
0xfe3c3f351e6df846566e10119e4295ed69b2cd72,TRB,-0.0133533146687226
0xfe3c3f351e6df846566e10119e4295ed69b2cd72,SOL,-0.014833783104227
0xfe3c3f351e6df846566e10119e4295ed69b2cd72,CELO,-0.0133533146687226
0xfe3c3f351e6df846566e10119e4295ed69b2cd72,UMA,-0.0133533146687226
0xfe3c3f351e6df846566e10119e4295ed69b2cd72,AR,-0.0133533146687226
0xfe3c3f351e6df846566e10119e4295ed69b2cd72,RENDER,-0.0133533146687226
0xfe3c3f351e6df846566e10119e4295ed69b2cd72,COMP,-0.0133533146687226
0xfe3c3f351e6df846566e10119e4295ed69b2cd72,AVAX,-0.0133533146687226
0xfe3c3f351e6df846566e10119e4295ed69b2cd72,SHIB,-0.0133533146687226
0xfe3c3f351e6df846566e10119e4295ed69b2cd72,SAND,-0.0133533146687226
0xfe3c3f351e6df846566e10119e4295ed69b2cd72,NEAR,-0.0133533146687226
0xfe3c3f351e6df846566e10119e4295ed69b2cd72,CRV,-0.0156843766379453
0xfe3c3f351e6df846566e10119e4295ed69b2cd72,DOT,-0.0133533146687226
0xfe3c3f351e6df846566e10119e4295ed69b2cd72,SUSHI,-0.0133533146687226
0xfe3c3f351e6df846566e10119e4295ed69b2cd72,AXS,-0.0133533146687226
0xfe3c3f351e6df846566e10119e4295ed69b2cd72,GALA,-0.0133533146687226
0xfe3c3f351e6df846566e10119e4295ed69b2cd72,UNI,-0.0133533146687226
0xfe3c3f351e6df846566e10119e4295ed69b2cd72,CAKE,-0.0134353286076728
0xfe3c3f351e6df846566e10119e4295ed69b2cd72,INJ,-0.0133533146687226
0xfe3c3f351e6df846566e10119e4295ed69b2cd72,AAVE,-0.0133533146687226
0xfe3c3f351e6df846566e10119e4295ed69b2cd72,CFX,-0.0133533146687226
0xfe3c3f351e6df846566e10119e4295ed69b2cd72,LDO,-0.0133533146687226
0xfe3c3f351e6df846566e10119e4295ed69b2cd72,MINA,-0.0133533146687226
0xfe3c3f351e6df846566e10119e4295ed69b2cd72,ICP,-0.0133533146687226
0xfe3c3f351e6df846566e10119e4295ed69b2cd72,PENDLE,-0.0133533146687226
0xfe3c3f351e6df846566e10119e4295ed69b2cd72,IMX,-0.0133533146687226
0xfe3c3f351e6df846566e10119e4295ed69b2cd72,FLOKI,-0.0133533146687226
0xfe3c3f351e6df846566e10119e4295ed69b2cd72,OP,-0.0141387800607027
0xfe3c3f351e6df846566e10119e4295ed69b2cd72,ARB,-0.0133533146687226
0xfe3c3f351e6df846566e10119e4295ed69b2cd72,GMX,-0.0133533146687226
0xfe3c3f351e6df846566e10119e4295ed69b2cd72,WLD,-0.0150258034013138
0xfe3c3f351e6df846566e10119e4295ed69b2cd72,MANTA,-0.0133533146687226
0xfe3c3f351e6df846566e10119e4295ed69b2cd72,ENS,-0.0133533146687226
0xfe3c3f351e6df846566e10119e4295ed69b2cd72,PEOPLE,-0.0133533146687226
0xfe3c3f351e6df846566e10119e4295ed69b2cd72,GMT,-0.0133533146687226
0xfe3c3f351e6df846566e10119e4295ed69b2cd72,APE,-0.0133533146687226
0xfe3c3f351e6df846566e10119e4295ed69b2cd72,APEX,-0.0133533146687226
0xfe3c3f351e6df846566e10119e4295ed69b2cd72,KAS,-0.0133533146687226
0xfe3c3f351e6df846566e10119e4295ed69b2cd72,SUI,-0.0133533146687226
0xfe3c3f351e6df846566e10119e4295ed69b2cd72,ONDO,-0.0133533146687226
0xfe3c3f351e6df846566e10119e4295ed69b2cd72,ZETA,-0.0133533146687226
0xfe3c3f351e6df846566e10119e4295ed69b2cd72,APT,-0.0133533146687226
0xfe3c3f351e6df846566e10119e4295ed69b2cd72,STRK,-0.0133533146687226
0xfe3c3f351e6df846566e10119e4295ed69b2cd72,TIA,-0.0133533146687226
0xfe3c3f351e6df846566e10119e4295ed69b2cd72,TAO,-0.0133533146687226
0xfe3c3f351e6df846566e10119e4295ed69b2cd72,BONK,-0.0133533146687226
0xfe3c3f351e6df846566e10119e4295ed69b2cd72,BLUR,-0.0133533146687226
0xfe3c3f351e6df846566e10119e4295ed69b2cd72,SEI,-0.0133533146687226
0xfe3c3f351e6df846566e10119e4295ed69b2cd72,ZK,-0.0133533146687226
0xfe3c3f351e6df846566e10119e4295ed69b2cd72,PEPE,-0.0152457390872771
0xfe3c3f351e6df846566e10119e4295ed69b2cd72,BERA,-0.0133533146687226
0xfe3c3f351e6df846566e10119e4295ed69b2cd72,TURBO,-0.0133533146687226
0xfe3c3f351e6df846566e10119e4295ed69b2cd72,ORDI,-0.0133533146687226
0xfe3c3f351e6df846566e10119e4295ed69b2cd72,ZRO,-0.0133533146687226
0xfe3c3f351e6df846566e10119e4295ed69b2cd72,MNT,-0.0133533146687226
0xfe3c3f351e6df846566e10119e4295ed69b2cd72,LINEA,-0.0133533146687226
0xfe3c3f351e6df846566e10119e4295ed69b2cd72,PYTH,-0.0133533146687226
0xfe3c3f351e6df846566e10119e4295ed69b2cd72,MEME,-0.0133533146687226
0xfe3c3f351e6df846566e10119e4295ed69b2cd72,POL,-0.0133533146687226
0xfe3c3f351e6df846566e10119e4295ed69b2cd72,JTO,-0.0156843766379453
0xfe3c3f351e6df846566e10119e4295ed69b2cd72,WIF,-0.0133533146687226
0xfe3c3f351e6df846566e10119e4295ed69b2cd72,POPCAT,-0.0133533146687226
0xfe3c3f351e6df846566e10119e4295ed69b2cd72,NOT,-0.0133533146687226
0xfe3c3f351e6df846566e10119e4295ed69b2cd72,DYM,-0.0133533146687226
0xfe3c3f351e6df846566e10119e4295ed69b2cd72,XAI,-0.0164662093073097
0xfe3c3f351e6df846566e10119e4295ed69b2cd72,ALT,-0.0133533146687226
0xfe3c3f351e6df846566e10119e4295ed69b2cd72,JUP,-0.0133533146687226
0xfe3c3f351e6df846566e10119e4295ed69b2cd72,AERO,-0.0133533146687226
0xfe3c3f351e6df846566e10119e4295ed69b2cd72,VIRTUAL,-0.0133533146687226
0xfe3c3f351e6df846566e10119e4295ed69b2cd72,W,-0.0133533146687226
0xfe3c3f351e6df846566e10119e4295ed69b2cd72,BRETT,-0.0133533146687226
0xfe3c3f351e6df846566e10119e4295ed69b2cd72,ETHFI,-0.0188161600657807
0xfe3c3f351e6df846566e10119e4295ed69b2cd72,IO,-0.0133533146687226
0xfe3c3f351e6df846566e10119e4295ed69b2cd72,BOME,-0.0164662093073097
0xfe3c3f351e6df846566e10119e4295ed69b2cd72,sENA,-0.0133533146687226
0xfe3c3f351e6df846566e10119e4295ed69b2cd72,TNSR,-0.0133533146687226
0xfe3c3f351e6df846566e10119e4295ed69b2cd72,EIGEN,-0.0133533146687226
0xfe3c3f351e6df846566e10119e4295ed69b2cd72,MON,-0.0133533146687226
0xfe3c3f351e6df846566e10119e4295ed69b2cd72,MERL,-0.0133533146687226
0xfe3c3f351e6df846566e10119e4295ed69b2cd72,REZ,-0.0133533146687226
0xfe3c3f351e6df846566e10119e4295ed69b2cd72,SOPH,-0.0133533146687226
0xfe3c3f351e6df846566e10119e4295ed69b2cd72,HYPE,-0.0134353286076728
0xfe3c3f351e6df846566e10119e4295ed69b2cd72,ME,-0.0133533146687226
0xfe3c3f351e6df846566e10119e4295ed69b2cd72,BABY,-0.0141387800607027
0xfe3c3f351e6df846566e10119e4295ed69b2cd72,MOVE,-0.0151277332424854
0xfe3c3f351e6df846566e10119e4295ed69b2cd72,NEIRO,-0.0133533146687226
0xfe3c3f351e6df846566e10119e4295ed69b2cd72,S,-0.0133533146687226
0xfe3c3f351e6df846566e10119e4295ed69b2cd72,GRASS,-0.0133533146687226
0xfe3c3f351e6df846566e10119e4295ed69b2cd72,SKY,-0.0133533146687226
0xfe3c3f351e6df846566e10119e4295ed69b2cd72,INIT,-0.0133533146687226
0xfe3c3f351e6df846566e10119e4295ed69b2cd72,WCT,-0.0133533146687226
0xfe3c3f351e6df846566e10119e4295ed69b2cd72,WLFI,-0.0133533146687226
0xfe3c3f351e6df846566e10119e4295ed69b2cd72,GOAT,-0.0133533146687226
0xfe3c3f351e6df846566e10119e4295ed69b2cd72,FARTCOIN,-0.0133533146687226
0xfe3c3f351e6df846566e10119e4295ed69b2cd72,PNUT,-0.0133533146687226
0xfe3c3f351e6df846566e10119e4295ed69b2cd72,SYRUP,-0.0133533146687226
0xfe3c3f351e6df846566e10119e4295ed69b2cd72,USUAL,-0.0141387800607027
0xfe3c3f351e6df846566e10119e4295ed69b2cd72,AIXBT,-0.0133533146687226
0xfe3c3f351e6df846566e10119e4295ed69b2cd72,MORPHO,-0.0133533146687226
0xfe3c3f351e6df846566e10119e4295ed69b2cd72,PENGU,-0.0133533146687226
0xfe3c3f351e6df846566e10119e4295ed69b2cd72,GRIFFAIN,-0.0164662093073097
0xfe3c3f351e6df846566e10119e4295ed69b2cd72,BIO,-0.0133533146687226
0xfe3c3f351e6df846566e10119e4295ed69b2cd72,ANIME,-0.0133533146687226
0xfe3c3f351e6df846566e10119e4295ed69b2cd72,TRUMP,-0.0135769627454209
0xfe3c3f351e6df846566e10119e4295ed69b2cd72,MELANIA,-0.0133533146687226
0xfe3c3f351e6df846566e10119e4295ed69b2cd72,VINE,-0.0133533146687226
0xfe3c3f351e6df846566e10119e4295ed69b2cd72,LAYER,-0.0133533146687226
0xfe3c3f351e6df846566e10119e4295ed69b2cd72,VVV,-0.0133533146687226
0xfe3c3f351e6df846566e10119e4295ed69b2cd72,IP,-0.0134353286076728
0xfe3c3f351e6df846566e10119e4295ed69b2cd72,NIL,-0.0164662093073097
0xfe3c3f351e6df846566e10119e4295ed69b2cd72,KAITO,-0.0134353286076728
0xfe3c3f351e6df846566e10119e4295ed69b2cd72,ZORA,-0.0133533146687226
0xfe3c3f351e6df846566e10119e4295ed69b2cd72,HYPER,-0.0133533146687226
0xfe3c3f351e6df846566e10119e4295ed69b2cd72,ASTER,-0.0133533146687226
0xfe3c3f351e6df846566e10119e4295ed69b2cd72,PUMP,-0.0164910253024908
0xfe3c3f351e6df846566e10119e4295ed69b2cd72,XPL,-0.0133533146687226
0xfe3c3f351e6df846566e10119e4295ed69b2cd72,CC,-0.0133533146687226
0xfe3c3f351e6df846566e10119e4295ed69b2cd72,PROVE,-0.0133533146687226
0xfe3c3f351e6df846566e10119e4295ed69b2cd72,HEMI,-0.0164662093073097
0xfe3c3f351e6df846566e10119e4295ed69b2cd72,AVNT,-0.0156843766379453
0xfe3c3f351e6df846566e10119e4295ed69b2cd72,0G,-0.0133533146687226
0xfe3c3f351e6df846566e10119e4295ed69b2cd72,2Z,-0.0133533146687226
0xfe3c3f351e6df846566e10119e4295ed69b2cd72,LIT,-0.0133533146687226
