address,symbol,prediction
0x00c4210b2525cee9d981090baf6f9e867e650eb9,AAVE,0.5867457389831543
0x00c4210b2525cee9d981090baf6f9e867e650eb9,ADA,0.4502577483654022
0x00c4210b2525cee9d981090baf6f9e867e650eb9,ALGO,0.3951815366744995
0x00c4210b2525cee9d981090baf6f9e867e650eb9,APE,0.3448593914508819
0x00c4210b2525cee9d981090baf6f9e867e650eb9,APT,0.3526819944381714
0x00c4210b2525cee9d981090baf6f9e867e650eb9,ATOM,0.4551050066947937
0x00c4210b2525cee9d981090baf6f9e867e650eb9,AVAX,0.3395440280437469
0x00c4210b2525cee9d981090baf6f9e867e650eb9,AXS,0.3835631906986236
0x00c4210b2525cee9d981090baf6f9e867e650eb9,BAL,0.2884120345115661
0x00c4210b2525cee9d981090baf6f9e867e650eb9,BCH,0.8769097924232483
0x00c4210b2525cee9d981090baf6f9e867e650eb9,BLUR,0.3196428418159485
0x00c4210b2525cee9d981090baf6f9e867e650eb9,BNB,0.7206072807312012
0x00c4210b2525cee9d981090baf6f9e867e650eb9,BONK,0.3260969519615173
0x00c4210b2525cee9d981090baf6f9e867e650eb9,BTC,0.7396933436393738
0x00c4210b2525cee9d981090baf6f9e867e650eb9,C98,0.2922130525112152
0x00c4210b2525cee9d981090baf6f9e867e650eb9,CAKE,0.3699771761894226
0x00c4210b2525cee9d981090baf6f9e867e650eb9,COMP,0.5191679000854492
0x00c4210b2525cee9d981090baf6f9e867e650eb9,CRV,0.429290622472763
0x00c4210b2525cee9d981090baf6f9e867e650eb9,CVX,0.3422596454620361
0x00c4210b2525cee9d981090baf6f9e867e650eb9,DAI,0.976567804813385
0x00c4210b2525cee9d981090baf6f9e867e650eb9,DAO,0.0193994678556919
0x00c4210b2525cee9d981090baf6f9e867e650eb9,DOGE,0.418613463640213
0x00c4210b2525cee9d981090baf6f9e867e650eb9,DOT,0.3364600241184234
0x00c4210b2525cee9d981090baf6f9e867e650eb9,DYDX,0.3075678944587707
0x00c4210b2525cee9d981090baf6f9e867e650eb9,EOS,0.3790840208530426
0x00c4210b2525cee9d981090baf6f9e867e650eb9,ETC,0.5366266965866089
0x00c4210b2525cee9d981090baf6f9e867e650eb9,ETH,0.6695835590362549
0x00c4210b2525cee9d981090baf6f9e867e650eb9,FET,0.0
0x00c4210b2525cee9d981090baf6f9e867e650eb9,FIL,0.4185887575149536
0x00c4210b2525cee9d981090baf6f9e867e650eb9,FRAX,0.9183226227760316
0x00c4210b2525cee9d981090baf6f9e867e650eb9,FTM,0.1847252249717712
0x00c4210b2525cee9d981090baf6f9e867e650eb9,FXS,0.3091115355491638
0x00c4210b2525cee9d981090baf6f9e867e650eb9,GRT,0.3377004861831665
0x00c4210b2525cee9d981090baf6f9e867e650eb9,HAI,0.2673625946044922
0x00c4210b2525cee9d981090baf6f9e867e650eb9,HERO,0.4252561926841736
0x00c4210b2525cee9d981090baf6f9e867e650eb9,ICP,0.3025007545948028
0x00c4210b2525cee9d981090baf6f9e867e650eb9,IMX,0.2504934072494507
0x00c4210b2525cee9d981090baf6f9e867e650eb9,INJ,0.3484888970851898
0x00c4210b2525cee9d981090baf6f9e867e650eb9,LDO,0.3237852454185486
0x00c4210b2525cee9d981090baf6f9e867e650eb9,LINK,0.4914648234844208
0x00c4210b2525cee9d981090baf6f9e867e650eb9,LTC,0.6803104281425476
0x00c4210b2525cee9d981090baf6f9e867e650eb9,MATIC,0.3819175064563751
0x00c4210b2525cee9d981090baf6f9e867e650eb9,MAV,0.2689309418201446
0x00c4210b2525cee9d981090baf6f9e867e650eb9,MBOX,0.3207160532474518
0x00c4210b2525cee9d981090baf6f9e867e650eb9,MKR,0.4967821538448334
0x00c4210b2525cee9d981090baf6f9e867e650eb9,MOON,0.3098183572292328
0x00c4210b2525cee9d981090baf6f9e867e650eb9,NEAR,0.2474215626716613
0x00c4210b2525cee9d981090baf6f9e867e650eb9,OP,0.3484013378620147
0x00c4210b2525cee9d981090baf6f9e867e650eb9,PENDLE,0.4217968881130218
0x00c4210b2525cee9d981090baf6f9e867e650eb9,PEPE,0.36426642537117
0x00c4210b2525cee9d981090baf6f9e867e650eb9,PERP,0.0811717361211776
0x00c4210b2525cee9d981090baf6f9e867e650eb9,PIT,0.4621361792087555
0x00c4210b2525cee9d981090baf6f9e867e650eb9,POLS,0.3268314003944397
0x00c4210b2525cee9d981090baf6f9e867e650eb9,PYTH,0.3377100229263305
0x00c4210b2525cee9d981090baf6f9e867e650eb9,QUACK,0.4080410003662109
0x00c4210b2525cee9d981090baf6f9e867e650eb9,RDNT,0.2057157456874847
0x00c4210b2525cee9d981090baf6f9e867e650eb9,RNDR,0.1174025386571884
0x00c4210b2525cee9d981090baf6f9e867e650eb9,RPL,0.2894539833068847
0x00c4210b2525cee9d981090baf6f9e867e650eb9,RUNE,0.3010660707950592
0x00c4210b2525cee9d981090baf6f9e867e650eb9,SFP,0.547164261341095
0x00c4210b2525cee9d981090baf6f9e867e650eb9,SFUND,0.3084146082401275
0x00c4210b2525cee9d981090baf6f9e867e650eb9,SHIB,0.474721759557724
0x00c4210b2525cee9d981090baf6f9e867e650eb9,SOL,0.6199712157249451
0x00c4210b2525cee9d981090baf6f9e867e650eb9,STG,0.3273008465766907
0x00c4210b2525cee9d981090baf6f9e867e650eb9,SUI,0.3153819441795349
0x00c4210b2525cee9d981090baf6f9e867e650eb9,SUSHI,0.3315528929233551
0x00c4210b2525cee9d981090baf6f9e867e650eb9,TIA,0.2456632852554321
0x00c4210b2525cee9d981090baf6f9e867e650eb9,TOKEN,0.2679479122161865
0x00c4210b2525cee9d981090baf6f9e867e650eb9,TRX,0.8198353052139282
0x00c4210b2525cee9d981090baf6f9e867e650eb9,UNI,0.3815250694751739
0x00c4210b2525cee9d981090baf6f9e867e650eb9,USDT,1.0
0x00c4210b2525cee9d981090baf6f9e867e650eb9,XLM,0.4563141763210296
0x00c4210b2525cee9d981090baf6f9e867e650eb9,XMR,0.6684221625328064
0x00c4210b2525cee9d981090baf6f9e867e650eb9,XRP,0.6424944996833801
0x00c4210b2525cee9d981090baf6f9e867e650eb9,XTZ,0.4931691586971283
0x00c4210b2525cee9d981090baf6f9e867e650eb9,XVS,0.480688601732254
0x00c4210b2525cee9d981090baf6f9e867e650eb9,YFI,0.528486430644989
0x03179fbf3ecc0ae5e85fe0de0dce21d6e16447fe,AAVE,0.6406079156094319
0x03179fbf3ecc0ae5e85fe0de0dce21d6e16447fe,ADA,0.5600861984417347
0x03179fbf3ecc0ae5e85fe0de0dce21d6e16447fe,ALGO,0.4291271179361673
0x03179fbf3ecc0ae5e85fe0de0dce21d6e16447fe,APE,0.376583543162484
0x03179fbf3ecc0ae5e85fe0de0dce21d6e16447fe,APT,0.4333698666301057
0x03179fbf3ecc0ae5e85fe0de0dce21d6e16447fe,ATOM,0.5227572928153995
0x03179fbf3ecc0ae5e85fe0de0dce21d6e16447fe,AVAX,0.4628210977064959
0x03179fbf3ecc0ae5e85fe0de0dce21d6e16447fe,AXS,0.4086703211627709
0x03179fbf3ecc0ae5e85fe0de0dce21d6e16447fe,BAL,0.222903926321296
0x03179fbf3ecc0ae5e85fe0de0dce21d6e16447fe,BCH,0.8544653230752467
0x03179fbf3ecc0ae5e85fe0de0dce21d6e16447fe,BLUR,0.3723119275360967
0x03179fbf3ecc0ae5e85fe0de0dce21d6e16447fe,BNB,0.7394324111133949
0x03179fbf3ecc0ae5e85fe0de0dce21d6e16447fe,BONK,0.3242576628116632
0x03179fbf3ecc0ae5e85fe0de0dce21d6e16447fe,BTC,0.8541948662953242
0x03179fbf3ecc0ae5e85fe0de0dce21d6e16447fe,C98,0.2341188447713723
0x03179fbf3ecc0ae5e85fe0de0dce21d6e16447fe,CAKE,0.3844575287375059
0x03179fbf3ecc0ae5e85fe0de0dce21d6e16447fe,COMP,0.5134968199232085
0x03179fbf3ecc0ae5e85fe0de0dce21d6e16447fe,CRV,0.400221623999785
0x03179fbf3ecc0ae5e85fe0de0dce21d6e16447fe,CVX,0.3272122342851097
0x03179fbf3ecc0ae5e85fe0de0dce21d6e16447fe,DAI,0.7850219043399346
0x03179fbf3ecc0ae5e85fe0de0dce21d6e16447fe,DAO,0.0821189033455154
0x03179fbf3ecc0ae5e85fe0de0dce21d6e16447fe,DOGE,0.5526190321827151
0x03179fbf3ecc0ae5e85fe0de0dce21d6e16447fe,DOT,0.5183414681646216
0x03179fbf3ecc0ae5e85fe0de0dce21d6e16447fe,DYDX,0.298487981037432
0x03179fbf3ecc0ae5e85fe0de0dce21d6e16447fe,EOS,0.3965988844313051
0x03179fbf3ecc0ae5e85fe0de0dce21d6e16447fe,ETC,0.6903106509400178
0x03179fbf3ecc0ae5e85fe0de0dce21d6e16447fe,ETH,0.7519302832763534
0x03179fbf3ecc0ae5e85fe0de0dce21d6e16447fe,FET,0.0
0x03179fbf3ecc0ae5e85fe0de0dce21d6e16447fe,FIL,0.3643264404541942
0x03179fbf3ecc0ae5e85fe0de0dce21d6e16447fe,FRAX,0.712136278005531
0x03179fbf3ecc0ae5e85fe0de0dce21d6e16447fe,FTM,0.3247481962093289
0x03179fbf3ecc0ae5e85fe0de0dce21d6e16447fe,FXS,0.2529971623851565
0x03179fbf3ecc0ae5e85fe0de0dce21d6e16447fe,GRT,0.4703040373194334
0x03179fbf3ecc0ae5e85fe0de0dce21d6e16447fe,HAI,0.2123361218202818
0x03179fbf3ecc0ae5e85fe0de0dce21d6e16447fe,HERO,0.4574064400386836
0x03179fbf3ecc0ae5e85fe0de0dce21d6e16447fe,ICP,0.3537403092259237
0x03179fbf3ecc0ae5e85fe0de0dce21d6e16447fe,IMX,0.192553027418553
0x03179fbf3ecc0ae5e85fe0de0dce21d6e16447fe,INJ,0.3823929812341206
0x03179fbf3ecc0ae5e85fe0de0dce21d6e16447fe,LDO,0.3039016274431147
0x03179fbf3ecc0ae5e85fe0de0dce21d6e16447fe,LINK,0.5602319779811494
0x03179fbf3ecc0ae5e85fe0de0dce21d6e16447fe,LTC,0.9139876433440024
0x03179fbf3ecc0ae5e85fe0de0dce21d6e16447fe,MATIC,0.3484099856382144
0x03179fbf3ecc0ae5e85fe0de0dce21d6e16447fe,MAV,0.3361303123214008
0x03179fbf3ecc0ae5e85fe0de0dce21d6e16447fe,MBOX,0.2730011506871455
0x03179fbf3ecc0ae5e85fe0de0dce21d6e16447fe,MKR,0.5364140524963066
0x03179fbf3ecc0ae5e85fe0de0dce21d6e16447fe,MOON,0.3891811205251908
0x03179fbf3ecc0ae5e85fe0de0dce21d6e16447fe,NEAR,0.2685103600416059
0x03179fbf3ecc0ae5e85fe0de0dce21d6e16447fe,OP,0.5103861724860514
0x03179fbf3ecc0ae5e85fe0de0dce21d6e16447fe,PENDLE,0.4497848025993773
0x03179fbf3ecc0ae5e85fe0de0dce21d6e16447fe,PEPE,0.3677208148389035
0x03179fbf3ecc0ae5e85fe0de0dce21d6e16447fe,PERP,0.1078837770839037
0x03179fbf3ecc0ae5e85fe0de0dce21d6e16447fe,PIT,0.4267383774977948
0x03179fbf3ecc0ae5e85fe0de0dce21d6e16447fe,POLS,0.3778341170617255
0x03179fbf3ecc0ae5e85fe0de0dce21d6e16447fe,PYTH,0.3032613961870765
0x03179fbf3ecc0ae5e85fe0de0dce21d6e16447fe,QUACK,0.4586223491448869
0x03179fbf3ecc0ae5e85fe0de0dce21d6e16447fe,RDNT,0.1290094702656433
0x03179fbf3ecc0ae5e85fe0de0dce21d6e16447fe,RNDR,0.0501798623239275
0x03179fbf3ecc0ae5e85fe0de0dce21d6e16447fe,RPL,0.2628589901196869
0x03179fbf3ecc0ae5e85fe0de0dce21d6e16447fe,RUNE,0.3589924227635568
0x03179fbf3ecc0ae5e85fe0de0dce21d6e16447fe,SFP,0.4963909042531214
0x03179fbf3ecc0ae5e85fe0de0dce21d6e16447fe,SFUND,0.3575227235182905
0x03179fbf3ecc0ae5e85fe0de0dce21d6e16447fe,SHIB,0.5279360677534187
0x03179fbf3ecc0ae5e85fe0de0dce21d6e16447fe,SOL,0.7084268745804297
0x03179fbf3ecc0ae5e85fe0de0dce21d6e16447fe,STG,0.2772342991624597
0x03179fbf3ecc0ae5e85fe0de0dce21d6e16447fe,SUI,0.3411480286507285
0x03179fbf3ecc0ae5e85fe0de0dce21d6e16447fe,SUSHI,0.3107205651390269
0x03179fbf3ecc0ae5e85fe0de0dce21d6e16447fe,TIA,0.1596998120771321
0x03179fbf3ecc0ae5e85fe0de0dce21d6e16447fe,TOKEN,0.2943280432878195
0x03179fbf3ecc0ae5e85fe0de0dce21d6e16447fe,TRX,0.7655789704742565
0x03179fbf3ecc0ae5e85fe0de0dce21d6e16447fe,UNI,0.5011814326892539
0x03179fbf3ecc0ae5e85fe0de0dce21d6e16447fe,USDT,1.0
0x03179fbf3ecc0ae5e85fe0de0dce21d6e16447fe,XLM,0.4353807540070153
0x03179fbf3ecc0ae5e85fe0de0dce21d6e16447fe,XMR,0.7281872981781778
0x03179fbf3ecc0ae5e85fe0de0dce21d6e16447fe,XRP,0.6664770214993403
0x03179fbf3ecc0ae5e85fe0de0dce21d6e16447fe,XTZ,0.54232175029677
0x03179fbf3ecc0ae5e85fe0de0dce21d6e16447fe,XVS,0.4467186923784443
0x03179fbf3ecc0ae5e85fe0de0dce21d6e16447fe,YFI,0.5761044440901888
0x04e1dd13ef029f573cf717f094a6b601b9e03550,AAVE,0.64781904
0x04e1dd13ef029f573cf717f094a6b601b9e03550,ADA,0.6733118
0x04e1dd13ef029f573cf717f094a6b601b9e03550,ALGO,0.64444315
0x04e1dd13ef029f573cf717f094a6b601b9e03550,APE,0.64022964
0x04e1dd13ef029f573cf717f094a6b601b9e03550,APT,0.6436509
0x04e1dd13ef029f573cf717f094a6b601b9e03550,ATOM,0.6706031
0x04e1dd13ef029f573cf717f094a6b601b9e03550,AVAX,0.65577066
0x04e1dd13ef029f573cf717f094a6b601b9e03550,AXS,0.6303315
0x04e1dd13ef029f573cf717f094a6b601b9e03550,BAL,0.6445315
0x04e1dd13ef029f573cf717f094a6b601b9e03550,BCH,0.66622037
0x04e1dd13ef029f573cf717f094a6b601b9e03550,BLUR,0.6411568
0x04e1dd13ef029f573cf717f094a6b601b9e03550,BNB,0.67067975
0x04e1dd13ef029f573cf717f094a6b601b9e03550,BONK,0.6490702
0x04e1dd13ef029f573cf717f094a6b601b9e03550,BTC,0.67231655
0x04e1dd13ef029f573cf717f094a6b601b9e03550,C98,0.651839
0x04e1dd13ef029f573cf717f094a6b601b9e03550,CAKE,0.6881248
0x04e1dd13ef029f573cf717f094a6b601b9e03550,COMP,0.6464532
0x04e1dd13ef029f573cf717f094a6b601b9e03550,CRV,0.66611075
0x04e1dd13ef029f573cf717f094a6b601b9e03550,CVX,0.6404921
0x04e1dd13ef029f573cf717f094a6b601b9e03550,DAI,0.65720767
0x04e1dd13ef029f573cf717f094a6b601b9e03550,DAO,0.64761037
0x04e1dd13ef029f573cf717f094a6b601b9e03550,DOGE,0.66770136
0x04e1dd13ef029f573cf717f094a6b601b9e03550,DOT,0.66321236
0x04e1dd13ef029f573cf717f094a6b601b9e03550,DYDX,0.6417955
0x04e1dd13ef029f573cf717f094a6b601b9e03550,EOS,0.6630038
0x04e1dd13ef029f573cf717f094a6b601b9e03550,ETC,0.6679439
0x04e1dd13ef029f573cf717f094a6b601b9e03550,ETH,0.6693296
0x04e1dd13ef029f573cf717f094a6b601b9e03550,FET,0.63366336
0x04e1dd13ef029f573cf717f094a6b601b9e03550,FIL,0.63735044
0x04e1dd13ef029f573cf717f094a6b601b9e03550,FRAX,0.6484781
0x04e1dd13ef029f573cf717f094a6b601b9e03550,FTM,0.6720876
0x04e1dd13ef029f573cf717f094a6b601b9e03550,FXS,0.6515272
0x04e1dd13ef029f573cf717f094a6b601b9e03550,GRT,0.6214811
0x04e1dd13ef029f573cf717f094a6b601b9e03550,HAI,0.70163995
0x04e1dd13ef029f573cf717f094a6b601b9e03550,HERO,0.6643411
0x04e1dd13ef029f573cf717f094a6b601b9e03550,ICP,0.6551102
0x04e1dd13ef029f573cf717f094a6b601b9e03550,IMX,0.6148941
0x04e1dd13ef029f573cf717f094a6b601b9e03550,INJ,0.64959556
0x04e1dd13ef029f573cf717f094a6b601b9e03550,LDO,0.6093093
0x04e1dd13ef029f573cf717f094a6b601b9e03550,LINK,0.6484747
0x04e1dd13ef029f573cf717f094a6b601b9e03550,LTC,0.6705153
0x04e1dd13ef029f573cf717f094a6b601b9e03550,MATIC,0.6322162
0x04e1dd13ef029f573cf717f094a6b601b9e03550,MAV,0.6389256
0x04e1dd13ef029f573cf717f094a6b601b9e03550,MBOX,0.65980387
0x04e1dd13ef029f573cf717f094a6b601b9e03550,MKR,0.68506396
0x04e1dd13ef029f573cf717f094a6b601b9e03550,MOON,0.68458277
0x04e1dd13ef029f573cf717f094a6b601b9e03550,NEAR,0.61925215
0x04e1dd13ef029f573cf717f094a6b601b9e03550,OP,0.6692891
0x04e1dd13ef029f573cf717f094a6b601b9e03550,PENDLE,0.66326547
0x04e1dd13ef029f573cf717f094a6b601b9e03550,PEPE,0.63899386
0x04e1dd13ef029f573cf717f094a6b601b9e03550,PERP,0.68114
0x04e1dd13ef029f573cf717f094a6b601b9e03550,PIT,0.6802883
0x04e1dd13ef029f573cf717f094a6b601b9e03550,POLS,0.6561702
0x04e1dd13ef029f573cf717f094a6b601b9e03550,PYTH,0.6418542
0x04e1dd13ef029f573cf717f094a6b601b9e03550,QUACK,0.6889291
0x04e1dd13ef029f573cf717f094a6b601b9e03550,RDNT,0.6401958
0x04e1dd13ef029f573cf717f094a6b601b9e03550,RNDR,0.6483154
0x04e1dd13ef029f573cf717f094a6b601b9e03550,RPL,0.6461149
0x04e1dd13ef029f573cf717f094a6b601b9e03550,RUNE,0.6445194
0x04e1dd13ef029f573cf717f094a6b601b9e03550,SFP,0.6431958
0x04e1dd13ef029f573cf717f094a6b601b9e03550,SFUND,0.6569577
0x04e1dd13ef029f573cf717f094a6b601b9e03550,SHIB,0.66146916
0x04e1dd13ef029f573cf717f094a6b601b9e03550,SOL,0.66892534
0x04e1dd13ef029f573cf717f094a6b601b9e03550,STG,0.6575048
0x04e1dd13ef029f573cf717f094a6b601b9e03550,SUI,0.63321495
0x04e1dd13ef029f573cf717f094a6b601b9e03550,SUSHI,0.65495044
0x04e1dd13ef029f573cf717f094a6b601b9e03550,TIA,0.6456118
0x04e1dd13ef029f573cf717f094a6b601b9e03550,TOKEN,0.651571
0x04e1dd13ef029f573cf717f094a6b601b9e03550,TRX,0.6782525
0x04e1dd13ef029f573cf717f094a6b601b9e03550,UNI,0.66062677
0x04e1dd13ef029f573cf717f094a6b601b9e03550,USDT,0.6661023
0x04e1dd13ef029f573cf717f094a6b601b9e03550,XLM,0.640529
0x04e1dd13ef029f573cf717f094a6b601b9e03550,XMR,0.66898495
0x04e1dd13ef029f573cf717f094a6b601b9e03550,XRP,0.6689773
0x04e1dd13ef029f573cf717f094a6b601b9e03550,XTZ,0.6439382
0x04e1dd13ef029f573cf717f094a6b601b9e03550,XVS,0.6354226
0x04e1dd13ef029f573cf717f094a6b601b9e03550,YFI,0.64747155
0x05934b9313c703fb75363d27704cc6566f645a91,AAVE,0.5461410833798803
0x05934b9313c703fb75363d27704cc6566f645a91,ADA,0.5255986545947215
0x05934b9313c703fb75363d27704cc6566f645a91,ALGO,0.5352969929507301
0x05934b9313c703fb75363d27704cc6566f645a91,APE,0.5905943803979871
0x05934b9313c703fb75363d27704cc6566f645a91,APT,0.5261321646721704
0x05934b9313c703fb75363d27704cc6566f645a91,ATOM,0.5272212918642716
0x05934b9313c703fb75363d27704cc6566f645a91,AVAX,0.5221912806711042
0x05934b9313c703fb75363d27704cc6566f645a91,AXS,0.4989358051858444
0x05934b9313c703fb75363d27704cc6566f645a91,BAL,0.5942700741534133
0x05934b9313c703fb75363d27704cc6566f645a91,BCH,0.5847941757909472
0x05934b9313c703fb75363d27704cc6566f645a91,BLUR,0.5334713241839634
0x05934b9313c703fb75363d27704cc6566f645a91,BNB,0.5811548466834946
0x05934b9313c703fb75363d27704cc6566f645a91,BONK,0.5227888379856824
0x05934b9313c703fb75363d27704cc6566f645a91,BTC,0.6083657035999394
0x05934b9313c703fb75363d27704cc6566f645a91,C98,0.500775364678154
0x05934b9313c703fb75363d27704cc6566f645a91,CAKE,0.5254873378382148
0x05934b9313c703fb75363d27704cc6566f645a91,COMP,0.5228248751488724
0x05934b9313c703fb75363d27704cc6566f645a91,CRV,0.564238903207029
0x05934b9313c703fb75363d27704cc6566f645a91,CVX,0.5328299847840358
0x05934b9313c703fb75363d27704cc6566f645a91,DAI,0.5651910691435869
0x05934b9313c703fb75363d27704cc6566f645a91,DAO,0.5136214111262262
0x05934b9313c703fb75363d27704cc6566f645a91,DOGE,0.5274696880232318
0x05934b9313c703fb75363d27704cc6566f645a91,DOT,0.5464121101568382
0x05934b9313c703fb75363d27704cc6566f645a91,DYDX,0.5607778194703924
0x05934b9313c703fb75363d27704cc6566f645a91,EOS,0.545629999937107
0x05934b9313c703fb75363d27704cc6566f645a91,ETC,0.5763798632599823
0x05934b9313c703fb75363d27704cc6566f645a91,ETH,0.5754887712920044
0x05934b9313c703fb75363d27704cc6566f645a91,FET,0.5270551462170476
0x05934b9313c703fb75363d27704cc6566f645a91,FIL,0.5309657478860818
0x05934b9313c703fb75363d27704cc6566f645a91,FRAX,0.5634789152901551
0x05934b9313c703fb75363d27704cc6566f645a91,FTM,0.540378694559762
0x05934b9313c703fb75363d27704cc6566f645a91,FXS,0.5402533896505789
0x05934b9313c703fb75363d27704cc6566f645a91,GRT,0.5660731866691431
0x05934b9313c703fb75363d27704cc6566f645a91,HAI,0.5301389439827091
0x05934b9313c703fb75363d27704cc6566f645a91,HERO,0.5402160413911873
0x05934b9313c703fb75363d27704cc6566f645a91,ICP,0.5296770500944213
0x05934b9313c703fb75363d27704cc6566f645a91,IMX,0.4865598535067498
0x05934b9313c703fb75363d27704cc6566f645a91,INJ,0.5297101817958845
0x05934b9313c703fb75363d27704cc6566f645a91,LDO,0.5405486326790289
0x05934b9313c703fb75363d27704cc6566f645a91,LINK,0.5104940991877984
0x05934b9313c703fb75363d27704cc6566f645a91,LTC,0.5517917249470697
0x05934b9313c703fb75363d27704cc6566f645a91,MATIC,0.5532082025229702
0x05934b9313c703fb75363d27704cc6566f645a91,MAV,0.5451570478380807
0x05934b9313c703fb75363d27704cc6566f645a91,MBOX,0.5117451788344496
0x05934b9313c703fb75363d27704cc6566f645a91,MKR,0.5264845056065414
0x05934b9313c703fb75363d27704cc6566f645a91,MOON,0.5316726750816838
0x05934b9313c703fb75363d27704cc6566f645a91,NEAR,0.5239130060558217
0x05934b9313c703fb75363d27704cc6566f645a91,OP,0.5877003685882892
0x05934b9313c703fb75363d27704cc6566f645a91,PENDLE,0.5401989568848361
0x05934b9313c703fb75363d27704cc6566f645a91,PEPE,0.5047218557938122
0x05934b9313c703fb75363d27704cc6566f645a91,PERP,0.4808745201193653
0x05934b9313c703fb75363d27704cc6566f645a91,PIT,0.5441267711095554
0x05934b9313c703fb75363d27704cc6566f645a91,POLS,0.5441852391675567
0x05934b9313c703fb75363d27704cc6566f645a91,PYTH,0.52800447213298
0x05934b9313c703fb75363d27704cc6566f645a91,QUACK,0.6204590331152556
0x05934b9313c703fb75363d27704cc6566f645a91,RDNT,0.4729004008481126
0x05934b9313c703fb75363d27704cc6566f645a91,RNDR,0.5236829887356561
0x05934b9313c703fb75363d27704cc6566f645a91,RPL,0.5315972229861138
0x05934b9313c703fb75363d27704cc6566f645a91,RUNE,0.550013379082043
0x05934b9313c703fb75363d27704cc6566f645a91,SFP,0.5397938161754662
0x05934b9313c703fb75363d27704cc6566f645a91,SFUND,0.5348563512264538
0x05934b9313c703fb75363d27704cc6566f645a91,SHIB,0.5455695563510334
0x05934b9313c703fb75363d27704cc6566f645a91,SOL,0.540508911795401
0x05934b9313c703fb75363d27704cc6566f645a91,STG,0.471600674530349
0x05934b9313c703fb75363d27704cc6566f645a91,SUI,0.5338469301481682
0x05934b9313c703fb75363d27704cc6566f645a91,SUSHI,0.528749298680112
0x05934b9313c703fb75363d27704cc6566f645a91,TIA,0.507317678274857
0x05934b9313c703fb75363d27704cc6566f645a91,TOKEN,0.5412022214653092
0x05934b9313c703fb75363d27704cc6566f645a91,TRX,0.5851653216794923
0x05934b9313c703fb75363d27704cc6566f645a91,UNI,0.5574093297397147
0x05934b9313c703fb75363d27704cc6566f645a91,USDT,0.578126983211081
0x05934b9313c703fb75363d27704cc6566f645a91,XLM,0.5220593106589648
0x05934b9313c703fb75363d27704cc6566f645a91,XMR,0.5290017566639124
0x05934b9313c703fb75363d27704cc6566f645a91,XRP,0.5264365527815243
0x05934b9313c703fb75363d27704cc6566f645a91,XTZ,0.552493591303965
0x05934b9313c703fb75363d27704cc6566f645a91,XVS,0.5345188321411817
0x05934b9313c703fb75363d27704cc6566f645a91,YFI,0.5418529913134666
0x063af2c2952d7799ce1eac2f1a85c7b4aa4fe553,AAVE,0.5408639
0x063af2c2952d7799ce1eac2f1a85c7b4aa4fe553,ADA,0.4961743
0x063af2c2952d7799ce1eac2f1a85c7b4aa4fe553,ALGO,0.54381156
0x063af2c2952d7799ce1eac2f1a85c7b4aa4fe553,APE,0.4425227
0x063af2c2952d7799ce1eac2f1a85c7b4aa4fe553,APT,0.51891136
0x063af2c2952d7799ce1eac2f1a85c7b4aa4fe553,ATOM,0.59036297
0x063af2c2952d7799ce1eac2f1a85c7b4aa4fe553,AVAX,0.5170546
0x063af2c2952d7799ce1eac2f1a85c7b4aa4fe553,AXS,0.50503796
0x063af2c2952d7799ce1eac2f1a85c7b4aa4fe553,BAL,0.4535525
0x063af2c2952d7799ce1eac2f1a85c7b4aa4fe553,BCH,0.5358574
0x063af2c2952d7799ce1eac2f1a85c7b4aa4fe553,BLUR,0.49341932
0x063af2c2952d7799ce1eac2f1a85c7b4aa4fe553,BNB,0.54051065
0x063af2c2952d7799ce1eac2f1a85c7b4aa4fe553,BONK,0.4942917
0x063af2c2952d7799ce1eac2f1a85c7b4aa4fe553,BTC,0.6061401
0x063af2c2952d7799ce1eac2f1a85c7b4aa4fe553,C98,0.5114374
0x063af2c2952d7799ce1eac2f1a85c7b4aa4fe553,CAKE,0.5224032
0x063af2c2952d7799ce1eac2f1a85c7b4aa4fe553,COMP,0.50737876
0x063af2c2952d7799ce1eac2f1a85c7b4aa4fe553,CRV,0.5283505
0x063af2c2952d7799ce1eac2f1a85c7b4aa4fe553,CVX,0.44476283
0x063af2c2952d7799ce1eac2f1a85c7b4aa4fe553,DAI,0.6286845
0x063af2c2952d7799ce1eac2f1a85c7b4aa4fe553,DAO,0.35586336
0x063af2c2952d7799ce1eac2f1a85c7b4aa4fe553,DOGE,0.49330035
0x063af2c2952d7799ce1eac2f1a85c7b4aa4fe553,DOT,0.48241243
0x063af2c2952d7799ce1eac2f1a85c7b4aa4fe553,DYDX,0.5110911
0x063af2c2952d7799ce1eac2f1a85c7b4aa4fe553,EOS,0.5107397
0x063af2c2952d7799ce1eac2f1a85c7b4aa4fe553,ETC,0.560601
0x063af2c2952d7799ce1eac2f1a85c7b4aa4fe553,ETH,0.5843385
0x063af2c2952d7799ce1eac2f1a85c7b4aa4fe553,FET,0.41869062
0x063af2c2952d7799ce1eac2f1a85c7b4aa4fe553,FIL,0.49502444
0x063af2c2952d7799ce1eac2f1a85c7b4aa4fe553,FRAX,0.62790966
0x063af2c2952d7799ce1eac2f1a85c7b4aa4fe553,FTM,0.4543724
0x063af2c2952d7799ce1eac2f1a85c7b4aa4fe553,FXS,0.50703734
0x063af2c2952d7799ce1eac2f1a85c7b4aa4fe553,GRT,0.5568917
0x063af2c2952d7799ce1eac2f1a85c7b4aa4fe553,HAI,0.47769493
0x063af2c2952d7799ce1eac2f1a85c7b4aa4fe553,HERO,0.5340287
0x063af2c2952d7799ce1eac2f1a85c7b4aa4fe553,ICP,0.5296444
0x063af2c2952d7799ce1eac2f1a85c7b4aa4fe553,IMX,0.48753035
0x063af2c2952d7799ce1eac2f1a85c7b4aa4fe553,INJ,0.50243425
0x063af2c2952d7799ce1eac2f1a85c7b4aa4fe553,LDO,0.51347464
0x063af2c2952d7799ce1eac2f1a85c7b4aa4fe553,LINK,0.52570385
0x063af2c2952d7799ce1eac2f1a85c7b4aa4fe553,LTC,0.5609437
0x063af2c2952d7799ce1eac2f1a85c7b4aa4fe553,MATIC,0.45489419
0x063af2c2952d7799ce1eac2f1a85c7b4aa4fe553,MAV,0.5236281
0x063af2c2952d7799ce1eac2f1a85c7b4aa4fe553,MBOX,0.51599306
0x063af2c2952d7799ce1eac2f1a85c7b4aa4fe553,MKR,0.5877361
0x063af2c2952d7799ce1eac2f1a85c7b4aa4fe553,MOON,0.6662417
0x063af2c2952d7799ce1eac2f1a85c7b4aa4fe553,NEAR,0.5239905
0x063af2c2952d7799ce1eac2f1a85c7b4aa4fe553,OP,0.53418803
0x063af2c2952d7799ce1eac2f1a85c7b4aa4fe553,PENDLE,0.51940715
0x063af2c2952d7799ce1eac2f1a85c7b4aa4fe553,PEPE,0.5083259
0x063af2c2952d7799ce1eac2f1a85c7b4aa4fe553,PERP,0.40469304
0x063af2c2952d7799ce1eac2f1a85c7b4aa4fe553,PIT,0.5464737
0x063af2c2952d7799ce1eac2f1a85c7b4aa4fe553,POLS,0.51271635
0x063af2c2952d7799ce1eac2f1a85c7b4aa4fe553,PYTH,0.47997886
0x063af2c2952d7799ce1eac2f1a85c7b4aa4fe553,QUACK,0.58230454
0x063af2c2952d7799ce1eac2f1a85c7b4aa4fe553,RDNT,0.33405527
0x063af2c2952d7799ce1eac2f1a85c7b4aa4fe553,RNDR,0.47567198
0x063af2c2952d7799ce1eac2f1a85c7b4aa4fe553,RPL,0.5042669
0x063af2c2952d7799ce1eac2f1a85c7b4aa4fe553,RUNE,0.5028986
0x063af2c2952d7799ce1eac2f1a85c7b4aa4fe553,SFP,0.54826933
0x063af2c2952d7799ce1eac2f1a85c7b4aa4fe553,SFUND,0.47118098
0x063af2c2952d7799ce1eac2f1a85c7b4aa4fe553,SHIB,0.54067564
0x063af2c2952d7799ce1eac2f1a85c7b4aa4fe553,SOL,0.54402196
0x063af2c2952d7799ce1eac2f1a85c7b4aa4fe553,STG,0.51029253
0x063af2c2952d7799ce1eac2f1a85c7b4aa4fe553,SUI,0.53155506
0x063af2c2952d7799ce1eac2f1a85c7b4aa4fe553,SUSHI,0.5108473
0x063af2c2952d7799ce1eac2f1a85c7b4aa4fe553,TIA,0.49771556
0x063af2c2952d7799ce1eac2f1a85c7b4aa4fe553,TOKEN,0.5076255
0x063af2c2952d7799ce1eac2f1a85c7b4aa4fe553,TRX,0.52202797
0x063af2c2952d7799ce1eac2f1a85c7b4aa4fe553,UNI,0.50442654
0x063af2c2952d7799ce1eac2f1a85c7b4aa4fe553,USDT,0.5922083
0x063af2c2952d7799ce1eac2f1a85c7b4aa4fe553,XLM,0.5000556
0x063af2c2952d7799ce1eac2f1a85c7b4aa4fe553,XMR,0.50294185
0x063af2c2952d7799ce1eac2f1a85c7b4aa4fe553,XRP,0.5106609
0x063af2c2952d7799ce1eac2f1a85c7b4aa4fe553,XTZ,0.5287536
0x063af2c2952d7799ce1eac2f1a85c7b4aa4fe553,XVS,0.5207303
0x063af2c2952d7799ce1eac2f1a85c7b4aa4fe553,YFI,0.5655447
0x0edc0ea676c5e608d628ecc659a13a213476de3e,AAVE,0.89607965152458
0x0edc0ea676c5e608d628ecc659a13a213476de3e,ADA,0.749844430616055
0x0edc0ea676c5e608d628ecc659a13a213476de3e,ALGO,0.590541381456129
0x0edc0ea676c5e608d628ecc659a13a213476de3e,APE,0.861232109520846
0x0edc0ea676c5e608d628ecc659a13a213476de3e,APT,0.569383945239577
0x0edc0ea676c5e608d628ecc659a13a213476de3e,ATOM,0.534536403235843
0x0edc0ea676c5e608d628ecc659a13a213476de3e,AVAX,0.635967641568139
0x0edc0ea676c5e608d628ecc659a13a213476de3e,AXS,0.273802115743622
0x0edc0ea676c5e608d628ecc659a13a213476de3e,BAL,0.161169881767268
0x0edc0ea676c5e608d628ecc659a13a213476de3e,BCH,0.432482887367766
0x0edc0ea676c5e608d628ecc659a13a213476de3e,BLUR,0.655258245177349
0x0edc0ea676c5e608d628ecc659a13a213476de3e,BNB,0.901057871810828
0x0edc0ea676c5e608d628ecc659a13a213476de3e,BONK,0.665836963285625
0x0edc0ea676c5e608d628ecc659a13a213476de3e,BTC,0.917859365276913
0x0edc0ea676c5e608d628ecc659a13a213476de3e,C98,0.23397635345364
0x0edc0ea676c5e608d628ecc659a13a213476de3e,CAKE,0.598008711885501
0x0edc0ea676c5e608d628ecc659a13a213476de3e,COMP,0.418170504044804
0x0edc0ea676c5e608d628ecc659a13a213476de3e,CRV,0.913503422526447
0x0edc0ea676c5e608d628ecc659a13a213476de3e,CVX,0.219041692594897
0x0edc0ea676c5e608d628ecc659a13a213476de3e,DAI,0.988176726820162
0x0edc0ea676c5e608d628ecc659a13a213476de3e,DAO,0.186683260734287
0x0edc0ea676c5e608d628ecc659a13a213476de3e,DOGE,0.767890479153703
0x0edc0ea676c5e608d628ecc659a13a213476de3e,DOT,0.527069072806472
0x0edc0ea676c5e608d628ecc659a13a213476de3e,DYDX,0.736776602364655
0x0edc0ea676c5e608d628ecc659a13a213476de3e,EOS,0.613565650280025
0x0edc0ea676c5e608d628ecc659a13a213476de3e,ETC,0.87678904791537
0x0edc0ea676c5e608d628ecc659a13a213476de3e,ETH,0.838830118232732
0x0edc0ea676c5e608d628ecc659a13a213476de3e,FET,0.165525824517735
0x0edc0ea676c5e608d628ecc659a13a213476de3e,FIL,0.831985065339141
0x0edc0ea676c5e608d628ecc659a13a213476de3e,FRAX,0.971997510889857
0x0edc0ea676c5e608d628ecc659a13a213476de3e,FTM,0.156191661481021
0x0edc0ea676c5e608d628ecc659a13a213476de3e,FXS,0.59116365899191
0x0edc0ea676c5e608d628ecc659a13a213476de3e,GRT,0.774113254511512
0x0edc0ea676c5e608d628ecc659a13a213476de3e,HAI,0.392034847542004
0x0edc0ea676c5e608d628ecc659a13a213476de3e,HERO,0.864343497199751
0x0edc0ea676c5e608d628ecc659a13a213476de3e,ICP,0.571873055382701
0x0edc0ea676c5e608d628ecc659a13a213476de3e,IMX,0.447417548226509
0x0edc0ea676c5e608d628ecc659a13a213476de3e,INJ,0.507156191661481
0x0edc0ea676c5e608d628ecc659a13a213476de3e,LDO,0.621032980709396
0x0edc0ea676c5e608d628ecc659a13a213476de3e,LINK,0.698195395146235
0x0edc0ea676c5e608d628ecc659a13a213476de3e,LTC,0.806471686372122
0x0edc0ea676c5e608d628ecc659a13a213476de3e,MATIC,0.364032358431861
0x0edc0ea676c5e608d628ecc659a13a213476de3e,MAV,0.751711263223398
0x0edc0ea676c5e608d628ecc659a13a213476de3e,MBOX,0.842563783447418
0x0edc0ea676c5e608d628ecc659a13a213476de3e,MKR,0.614810205351587
0x0edc0ea676c5e608d628ecc659a13a213476de3e,MOON,0.940883634100809
0x0edc0ea676c5e608d628ecc659a13a213476de3e,NEAR,0.34411947728687
0x0edc0ea676c5e608d628ecc659a13a213476de3e,OP,0.443683883011823
0x0edc0ea676c5e608d628ecc659a13a213476de3e,PENDLE,0.659614187927816
0x0edc0ea676c5e608d628ecc659a13a213476de3e,PEPE,0.443061605476042
0x0edc0ea676c5e608d628ecc659a13a213476de3e,PERP,0.0491599253266957
0x0edc0ea676c5e608d628ecc659a13a213476de3e,PIT,0.772246421904169
0x0edc0ea676c5e608d628ecc659a13a213476de3e,POLS,0.537025513378967
0x0edc0ea676c5e608d628ecc659a13a213476de3e,PYTH,0.762289981331674
0x0edc0ea676c5e608d628ecc659a13a213476de3e,QUACK,0.98070939639079
0x0edc0ea676c5e608d628ecc659a13a213476de3e,RDNT,0.0323584318606098
0x0edc0ea676c5e608d628ecc659a13a213476de3e,RNDR,0.161792159303049
0x0edc0ea676c5e608d628ecc659a13a213476de3e,RPL,0.399502177971375
0x0edc0ea676c5e608d628ecc659a13a213476de3e,RUNE,0.436838830118233
0x0edc0ea676c5e608d628ecc659a13a213476de3e,SFP,0.464841319228376
0x0edc0ea676c5e608d628ecc659a13a213476de3e,SFUND,0.302426882389546
0x0edc0ea676c5e608d628ecc659a13a213476de3e,SHIB,0.427504667081518
0x0edc0ea676c5e608d628ecc659a13a213476de3e,SOL,0.839452395768513
0x0edc0ea676c5e608d628ecc659a13a213476de3e,STG,0.314250155569384
0x0edc0ea676c5e608d628ecc659a13a213476de3e,SUI,0.411947728686994
0x0edc0ea676c5e608d628ecc659a13a213476de3e,SUSHI,0.686994399502178
0x0edc0ea676c5e608d628ecc659a13a213476de3e,TIA,0.515868077162415
0x0edc0ea676c5e608d628ecc659a13a213476de3e,TOKEN,0.489110143123833
0x0edc0ea676c5e608d628ecc659a13a213476de3e,TRX,0.924082140634723
0x0edc0ea676c5e608d628ecc659a13a213476de3e,UNI,0.487865588052271
0x0edc0ea676c5e608d628ecc659a13a213476de3e,USDT,0.994399502177971
0x0edc0ea676c5e608d628ecc659a13a213476de3e,XLM,0.472308649657747
0x0edc0ea676c5e608d628ecc659a13a213476de3e,XMR,0.502177971375233
0x0edc0ea676c5e608d628ecc659a13a213476de3e,XRP,0.60360920970753
0x0edc0ea676c5e608d628ecc659a13a213476de3e,XTZ,0.641568139390168
0x0edc0ea676c5e608d628ecc659a13a213476de3e,XVS,0.819539514623522
0x0edc0ea676c5e608d628ecc659a13a213476de3e,YFI,0.844430616054761
0x18fbc0c8fdd7faa3f4fb72810a0c6360c1bb4bd6,AAVE,0.353011216289481
0x18fbc0c8fdd7faa3f4fb72810a0c6360c1bb4bd6,ADA,0.834301879728768
0x18fbc0c8fdd7faa3f4fb72810a0c6360c1bb4bd6,ALGO,0.589078595704542
0x18fbc0c8fdd7faa3f4fb72810a0c6360c1bb4bd6,APE,0.67928384739849
0x18fbc0c8fdd7faa3f4fb72810a0c6360c1bb4bd6,APT,0.516020546247529
0x18fbc0c8fdd7faa3f4fb72810a0c6360c1bb4bd6,ATOM,0.820265961665412
0x18fbc0c8fdd7faa3f4fb72810a0c6360c1bb4bd6,AVAX,0.871947367038922
0x18fbc0c8fdd7faa3f4fb72810a0c6360c1bb4bd6,AXS,0.214996393167507
0x18fbc0c8fdd7faa3f4fb72810a0c6360c1bb4bd6,BAL,0.0731731378891858
0x18fbc0c8fdd7faa3f4fb72810a0c6360c1bb4bd6,BCH,0.400654811644738
0x18fbc0c8fdd7faa3f4fb72810a0c6360c1bb4bd6,BLUR,0.348896404961259
0x18fbc0c8fdd7faa3f4fb72810a0c6360c1bb4bd6,BNB,0.985439253291803
0x18fbc0c8fdd7faa3f4fb72810a0c6360c1bb4bd6,BONK,0.352586511453026
0x18fbc0c8fdd7faa3f4fb72810a0c6360c1bb4bd6,BTC,0.962475278770155
0x18fbc0c8fdd7faa3f4fb72810a0c6360c1bb4bd6,C98,0.151945148010965
0x18fbc0c8fdd7faa3f4fb72810a0c6360c1bb4bd6,CAKE,0.90309427434929
0x18fbc0c8fdd7faa3f4fb72810a0c6360c1bb4bd6,COMP,0.452901358750541
0x18fbc0c8fdd7faa3f4fb72810a0c6360c1bb4bd6,CRV,0.771275201081187
0x18fbc0c8fdd7faa3f4fb72810a0c6360c1bb4bd6,CVX,0.0598286101175942
0x18fbc0c8fdd7faa3f4fb72810a0c6360c1bb4bd6,DAI,0.639559704729722
0x18fbc0c8fdd7faa3f4fb72810a0c6360c1bb4bd6,DAO,0.155674657309975
0x18fbc0c8fdd7faa3f4fb72810a0c6360c1bb4bd6,DOGE,0.748343736486786
0x18fbc0c8fdd7faa3f4fb72810a0c6360c1bb4bd6,DOT,0.661247714572975
0x18fbc0c8fdd7faa3f4fb72810a0c6360c1bb4bd6,DYDX,0.196580315081787
0x18fbc0c8fdd7faa3f4fb72810a0c6360c1bb4bd6,EOS,0.107091866315535
0x18fbc0c8fdd7faa3f4fb72810a0c6360c1bb4bd6,ETC,0.938056790290746
0x18fbc0c8fdd7faa3f4fb72810a0c6360c1bb4bd6,ETH,0.92456644800202
0x18fbc0c8fdd7faa3f4fb72810a0c6360c1bb4bd6,FET,0.207042059272135
0x18fbc0c8fdd7faa3f4fb72810a0c6360c1bb4bd6,FIL,0.46456004935184
0x18fbc0c8fdd7faa3f4fb72810a0c6360c1bb4bd6,FRAX,0.706275013205493
0x18fbc0c8fdd7faa3f4fb72810a0c6360c1bb4bd6,FTM,0.847800639160334
0x18fbc0c8fdd7faa3f4fb72810a0c6360c1bb4bd6,FXS,0.111390555465504
0x18fbc0c8fdd7faa3f4fb72810a0c6360c1bb4bd6,GRT,0.660423533209683
0x18fbc0c8fdd7faa3f4fb72810a0c6360c1bb4bd6,HAI,0.0952304364297385
0x18fbc0c8fdd7faa3f4fb72810a0c6360c1bb4bd6,HERO,0.791652766267642
0x18fbc0c8fdd7faa3f4fb72810a0c6360c1bb4bd6,ICP,0.340965059406502
0x18fbc0c8fdd7faa3f4fb72810a0c6360c1bb4bd6,IMX,0.400873046483691
0x18fbc0c8fdd7faa3f4fb72810a0c6360c1bb4bd6,INJ,0.260556863313929
0x18fbc0c8fdd7faa3f4fb72810a0c6360c1bb4bd6,LDO,0.154244593851669
0x18fbc0c8fdd7faa3f4fb72810a0c6360c1bb4bd6,LINK,0.915536925124708
0x18fbc0c8fdd7faa3f4fb72810a0c6360c1bb4bd6,LTC,0.880768116883118
0x18fbc0c8fdd7faa3f4fb72810a0c6360c1bb4bd6,MATIC,0.3353014043447
0x18fbc0c8fdd7faa3f4fb72810a0c6360c1bb4bd6,MAV,0.104783404397097
0x18fbc0c8fdd7faa3f4fb72810a0c6360c1bb4bd6,MBOX,0.106717733270864
0x18fbc0c8fdd7faa3f4fb72810a0c6360c1bb4bd6,MKR,0.847574986197921
0x18fbc0c8fdd7faa3f4fb72810a0c6360c1bb4bd6,MOON,0.893779189638496
0x18fbc0c8fdd7faa3f4fb72810a0c6360c1bb4bd6,NEAR,0.245894793082037
0x18fbc0c8fdd7faa3f4fb72810a0c6360c1bb4bd6,OP,0.968883249000437
0x18fbc0c8fdd7faa3f4fb72810a0c6360c1bb4bd6,PENDLE,0.640264383198769
0x18fbc0c8fdd7faa3f4fb72810a0c6360c1bb4bd6,PEPE,0.414990743512353
0x18fbc0c8fdd7faa3f4fb72810a0c6360c1bb4bd6,PERP,0.677703336684052
0x18fbc0c8fdd7faa3f4fb72810a0c6360c1bb4bd6,PIT,0.599168303650883
0x18fbc0c8fdd7faa3f4fb72810a0c6360c1bb4bd6,POLS,0.0538525483466676
0x18fbc0c8fdd7faa3f4fb72810a0c6360c1bb4bd6,PYTH,0.407232605528256
0x18fbc0c8fdd7faa3f4fb72810a0c6360c1bb4bd6,QUACK,0.212143997380782
0x18fbc0c8fdd7faa3f4fb72810a0c6360c1bb4bd6,RDNT,0.0020629858390476
0x18fbc0c8fdd7faa3f4fb72810a0c6360c1bb4bd6,RNDR,0.255468216386841
0x18fbc0c8fdd7faa3f4fb72810a0c6360c1bb4bd6,RPL,0.355566065531555
0x18fbc0c8fdd7faa3f4fb72810a0c6360c1bb4bd6,RUNE,0.131970331654054
0x18fbc0c8fdd7faa3f4fb72810a0c6360c1bb4bd6,SFP,0.281744052517695
0x18fbc0c8fdd7faa3f4fb72810a0c6360c1bb4bd6,SFUND,0.185811527659474
0x18fbc0c8fdd7faa3f4fb72810a0c6360c1bb4bd6,SHIB,0.817855311521232
0x18fbc0c8fdd7faa3f4fb72810a0c6360c1bb4bd6,SOL,0.811719583345988
0x18fbc0c8fdd7faa3f4fb72810a0c6360c1bb4bd6,STG,0.0497500114867912
0x18fbc0c8fdd7faa3f4fb72810a0c6360c1bb4bd6,SUI,0.845549125058158
0x18fbc0c8fdd7faa3f4fb72810a0c6360c1bb4bd6,SUSHI,0.324346713584924
0x18fbc0c8fdd7faa3f4fb72810a0c6360c1bb4bd6,TIA,0.398859807587556
0x18fbc0c8fdd7faa3f4fb72810a0c6360c1bb4bd6,TOKEN,0.267772956328721
0x18fbc0c8fdd7faa3f4fb72810a0c6360c1bb4bd6,TRX,0.582019860537224
0x18fbc0c8fdd7faa3f4fb72810a0c6360c1bb4bd6,UNI,0.682735534231388
0x18fbc0c8fdd7faa3f4fb72810a0c6360c1bb4bd6,USDT,0.946344189943799
0x18fbc0c8fdd7faa3f4fb72810a0c6360c1bb4bd6,XLM,0.786273090845845
0x18fbc0c8fdd7faa3f4fb72810a0c6360c1bb4bd6,XMR,0.737812855528622
0x18fbc0c8fdd7faa3f4fb72810a0c6360c1bb4bd6,XRP,0.826244113307674
0x18fbc0c8fdd7faa3f4fb72810a0c6360c1bb4bd6,XTZ,0.354822714575468
0x18fbc0c8fdd7faa3f4fb72810a0c6360c1bb4bd6,XVS,0.225556072933526
0x18fbc0c8fdd7faa3f4fb72810a0c6360c1bb4bd6,YFI,0.521575601180348
0x1be48b2b7594fe7e47701bc7e7bb83beaf84ecc0,AAVE,0.52650076
0x1be48b2b7594fe7e47701bc7e7bb83beaf84ecc0,ADA,0.52300197
0x1be48b2b7594fe7e47701bc7e7bb83beaf84ecc0,ALGO,0.5109502
0x1be48b2b7594fe7e47701bc7e7bb83beaf84ecc0,APE,0.5159822
0x1be48b2b7594fe7e47701bc7e7bb83beaf84ecc0,APT,0.53913164
0x1be48b2b7594fe7e47701bc7e7bb83beaf84ecc0,ATOM,0.5238526
0x1be48b2b7594fe7e47701bc7e7bb83beaf84ecc0,AVAX,0.5337209
0x1be48b2b7594fe7e47701bc7e7bb83beaf84ecc0,AXS,0.5201963
0x1be48b2b7594fe7e47701bc7e7bb83beaf84ecc0,BAL,0.46492878
0x1be48b2b7594fe7e47701bc7e7bb83beaf84ecc0,BCH,0.553288
0x1be48b2b7594fe7e47701bc7e7bb83beaf84ecc0,BLUR,0.5382268
0x1be48b2b7594fe7e47701bc7e7bb83beaf84ecc0,BNB,0.55177027
0x1be48b2b7594fe7e47701bc7e7bb83beaf84ecc0,BONK,0.527942
0x1be48b2b7594fe7e47701bc7e7bb83beaf84ecc0,BTC,0.5420636
0x1be48b2b7594fe7e47701bc7e7bb83beaf84ecc0,C98,0.4735086
0x1be48b2b7594fe7e47701bc7e7bb83beaf84ecc0,CAKE,0.5303125
0x1be48b2b7594fe7e47701bc7e7bb83beaf84ecc0,COMP,0.5177673
0x1be48b2b7594fe7e47701bc7e7bb83beaf84ecc0,CRV,0.54284376
0x1be48b2b7594fe7e47701bc7e7bb83beaf84ecc0,CVX,0.4768876
0x1be48b2b7594fe7e47701bc7e7bb83beaf84ecc0,DAI,0.57753724
0x1be48b2b7594fe7e47701bc7e7bb83beaf84ecc0,DAO,0.49931931
0x1be48b2b7594fe7e47701bc7e7bb83beaf84ecc0,DOGE,0.52554375
0x1be48b2b7594fe7e47701bc7e7bb83beaf84ecc0,DOT,0.52949554
0x1be48b2b7594fe7e47701bc7e7bb83beaf84ecc0,DYDX,0.51383215
0x1be48b2b7594fe7e47701bc7e7bb83beaf84ecc0,EOS,0.5031752
0x1be48b2b7594fe7e47701bc7e7bb83beaf84ecc0,ETC,0.54186046
0x1be48b2b7594fe7e47701bc7e7bb83beaf84ecc0,ETH,0.55544955
0x1be48b2b7594fe7e47701bc7e7bb83beaf84ecc0,FET,0.44855875
0x1be48b2b7594fe7e47701bc7e7bb83beaf84ecc0,FIL,0.5305807
0x1be48b2b7594fe7e47701bc7e7bb83beaf84ecc0,FRAX,0.5925059
0x1be48b2b7594fe7e47701bc7e7bb83beaf84ecc0,FTM,0.5168602
0x1be48b2b7594fe7e47701bc7e7bb83beaf84ecc0,FXS,0.5209987
0x1be48b2b7594fe7e47701bc7e7bb83beaf84ecc0,GRT,0.5283575
0x1be48b2b7594fe7e47701bc7e7bb83beaf84ecc0,HAI,0.48281273
0x1be48b2b7594fe7e47701bc7e7bb83beaf84ecc0,HERO,0.5373422
0x1be48b2b7594fe7e47701bc7e7bb83beaf84ecc0,ICP,0.5212877
0x1be48b2b7594fe7e47701bc7e7bb83beaf84ecc0,IMX,0.5141807
0x1be48b2b7594fe7e47701bc7e7bb83beaf84ecc0,INJ,0.530962
0x1be48b2b7594fe7e47701bc7e7bb83beaf84ecc0,LDO,0.53389263
0x1be48b2b7594fe7e47701bc7e7bb83beaf84ecc0,LINK,0.5180155
0x1be48b2b7594fe7e47701bc7e7bb83beaf84ecc0,LTC,0.5551864
0x1be48b2b7594fe7e47701bc7e7bb83beaf84ecc0,MATIC,0.5335467
0x1be48b2b7594fe7e47701bc7e7bb83beaf84ecc0,MAV,0.5152617
0x1be48b2b7594fe7e47701bc7e7bb83beaf84ecc0,MBOX,0.5237331
0x1be48b2b7594fe7e47701bc7e7bb83beaf84ecc0,MKR,0.5363738
0x1be48b2b7594fe7e47701bc7e7bb83beaf84ecc0,MOON,0.53719467
0x1be48b2b7594fe7e47701bc7e7bb83beaf84ecc0,NEAR,0.51592726
0x1be48b2b7594fe7e47701bc7e7bb83beaf84ecc0,OP,0.49998692
0x1be48b2b7594fe7e47701bc7e7bb83beaf84ecc0,PENDLE,0.51371115
0x1be48b2b7594fe7e47701bc7e7bb83beaf84ecc0,PEPE,0.5059513
0x1be48b2b7594fe7e47701bc7e7bb83beaf84ecc0,PERP,0.37876612
0x1be48b2b7594fe7e47701bc7e7bb83beaf84ecc0,PIT,0.53467244
0x1be48b2b7594fe7e47701bc7e7bb83beaf84ecc0,POLS,0.5010033
0x1be48b2b7594fe7e47701bc7e7bb83beaf84ecc0,PYTH,0.5231116
0x1be48b2b7594fe7e47701bc7e7bb83beaf84ecc0,QUACK,0.58868474
0x1be48b2b7594fe7e47701bc7e7bb83beaf84ecc0,RDNT,0.41368482
0x1be48b2b7594fe7e47701bc7e7bb83beaf84ecc0,RNDR,0.47670817
0x1be48b2b7594fe7e47701bc7e7bb83beaf84ecc0,RPL,0.49560404
0x1be48b2b7594fe7e47701bc7e7bb83beaf84ecc0,RUNE,0.5160496
0x1be48b2b7594fe7e47701bc7e7bb83beaf84ecc0,SFP,0.5060451
0x1be48b2b7594fe7e47701bc7e7bb83beaf84ecc0,SFUND,0.49429148
0x1be48b2b7594fe7e47701bc7e7bb83beaf84ecc0,SHIB,0.50955594
0x1be48b2b7594fe7e47701bc7e7bb83beaf84ecc0,SOL,0.54832685
0x1be48b2b7594fe7e47701bc7e7bb83beaf84ecc0,STG,0.48701254
0x1be48b2b7594fe7e47701bc7e7bb83beaf84ecc0,SUI,0.53434664
0x1be48b2b7594fe7e47701bc7e7bb83beaf84ecc0,SUSHI,0.53111607
0x1be48b2b7594fe7e47701bc7e7bb83beaf84ecc0,TIA,0.51836216
0x1be48b2b7594fe7e47701bc7e7bb83beaf84ecc0,TOKEN,0.51183397
0x1be48b2b7594fe7e47701bc7e7bb83beaf84ecc0,TRX,0.55072427
0x1be48b2b7594fe7e47701bc7e7bb83beaf84ecc0,UNI,0.52179676
0x1be48b2b7594fe7e47701bc7e7bb83beaf84ecc0,USDT,0.5871033
0x1be48b2b7594fe7e47701bc7e7bb83beaf84ecc0,XLM,0.5102378
0x1be48b2b7594fe7e47701bc7e7bb83beaf84ecc0,XMR,0.5181466
0x1be48b2b7594fe7e47701bc7e7bb83beaf84ecc0,XRP,0.53154206
0x1be48b2b7594fe7e47701bc7e7bb83beaf84ecc0,XTZ,0.53459805
0x1be48b2b7594fe7e47701bc7e7bb83beaf84ecc0,XVS,0.54231614
0x1be48b2b7594fe7e47701bc7e7bb83beaf84ecc0,YFI,0.54824
0x1bfb6731ff80e75bf84bfe40a108723c5eb23d4f,AAVE,0.5320120981251563
0x1bfb6731ff80e75bf84bfe40a108723c5eb23d4f,ADA,0.5792301136945783
0x1bfb6731ff80e75bf84bfe40a108723c5eb23d4f,ALGO,0.4799028504181005
0x1bfb6731ff80e75bf84bfe40a108723c5eb23d4f,APE,0.5125811343965936
0x1bfb6731ff80e75bf84bfe40a108723c5eb23d4f,APT,0.4887502520127219
0x1bfb6731ff80e75bf84bfe40a108723c5eb23d4f,ATOM,0.5250924094383611
0x1bfb6731ff80e75bf84bfe40a108723c5eb23d4f,AVAX,0.5053187917525285
0x1bfb6731ff80e75bf84bfe40a108723c5eb23d4f,AXS,0.5212420015267765
0x1bfb6731ff80e75bf84bfe40a108723c5eb23d4f,BAL,0.4800172351584736
0x1bfb6731ff80e75bf84bfe40a108723c5eb23d4f,BCH,0.5451504428224487
0x1bfb6731ff80e75bf84bfe40a108723c5eb23d4f,BLUR,0.5182928186364384
0x1bfb6731ff80e75bf84bfe40a108723c5eb23d4f,BNB,0.5408724556503703
0x1bfb6731ff80e75bf84bfe40a108723c5eb23d4f,BONK,0.5376104582632939
0x1bfb6731ff80e75bf84bfe40a108723c5eb23d4f,BTC,0.5393543017645865
0x1bfb6731ff80e75bf84bfe40a108723c5eb23d4f,C98,0.4361020844072132
0x1bfb6731ff80e75bf84bfe40a108723c5eb23d4f,CAKE,0.5383871614720517
0x1bfb6731ff80e75bf84bfe40a108723c5eb23d4f,COMP,0.4925721574652618
0x1bfb6731ff80e75bf84bfe40a108723c5eb23d4f,CRV,0.5733623177182017
0x1bfb6731ff80e75bf84bfe40a108723c5eb23d4f,CVX,0.4576251331635595
0x1bfb6731ff80e75bf84bfe40a108723c5eb23d4f,DAI,0.6909367880323323
0x1bfb6731ff80e75bf84bfe40a108723c5eb23d4f,DAO,0.4221047374873916
0x1bfb6731ff80e75bf84bfe40a108723c5eb23d4f,DOGE,0.508851888067198
0x1bfb6731ff80e75bf84bfe40a108723c5eb23d4f,DOT,0.5190640380262758
0x1bfb6731ff80e75bf84bfe40a108723c5eb23d4f,DYDX,0.5040355841958258
0x1bfb6731ff80e75bf84bfe40a108723c5eb23d4f,EOS,0.5363532409427584
0x1bfb6731ff80e75bf84bfe40a108723c5eb23d4f,ETC,0.5890694931090062
0x1bfb6731ff80e75bf84bfe40a108723c5eb23d4f,ETH,0.6101111160365469
0x1bfb6731ff80e75bf84bfe40a108723c5eb23d4f,FET,0.3982070925450869
0x1bfb6731ff80e75bf84bfe40a108723c5eb23d4f,FIL,0.5278948483809678
0x1bfb6731ff80e75bf84bfe40a108723c5eb23d4f,FRAX,0.6087285355334049
0x1bfb6731ff80e75bf84bfe40a108723c5eb23d4f,FTM,0.5508584222260108
0x1bfb6731ff80e75bf84bfe40a108723c5eb23d4f,FXS,0.48917360708059
0x1bfb6731ff80e75bf84bfe40a108723c5eb23d4f,GRT,0.5140564943857399
0x1bfb6731ff80e75bf84bfe40a108723c5eb23d4f,HAI,0.4651468714749263
0x1bfb6731ff80e75bf84bfe40a108723c5eb23d4f,HERO,0.5338579760791392
0x1bfb6731ff80e75bf84bfe40a108723c5eb23d4f,ICP,0.512692531835243
0x1bfb6731ff80e75bf84bfe40a108723c5eb23d4f,IMX,0.456548075343598
0x1bfb6731ff80e75bf84bfe40a108723c5eb23d4f,INJ,0.5101676389931867
0x1bfb6731ff80e75bf84bfe40a108723c5eb23d4f,LDO,0.5144533103750975
0x1bfb6731ff80e75bf84bfe40a108723c5eb23d4f,LINK,0.5115899182097958
0x1bfb6731ff80e75bf84bfe40a108723c5eb23d4f,LTC,0.5819849395580777
0x1bfb6731ff80e75bf84bfe40a108723c5eb23d4f,MATIC,0.477884518832911
0x1bfb6731ff80e75bf84bfe40a108723c5eb23d4f,MAV,0.5150358873136917
0x1bfb6731ff80e75bf84bfe40a108723c5eb23d4f,MBOX,0.500637840383385
0x1bfb6731ff80e75bf84bfe40a108723c5eb23d4f,MKR,0.5311271862254715
0x1bfb6731ff80e75bf84bfe40a108723c5eb23d4f,MOON,0.6412958097595688
0x1bfb6731ff80e75bf84bfe40a108723c5eb23d4f,NEAR,0.4810948860622619
0x1bfb6731ff80e75bf84bfe40a108723c5eb23d4f,OP,0.5286662485836264
0x1bfb6731ff80e75bf84bfe40a108723c5eb23d4f,PENDLE,0.5663729077799349
0x1bfb6731ff80e75bf84bfe40a108723c5eb23d4f,PEPE,0.5082471558464985
0x1bfb6731ff80e75bf84bfe40a108723c5eb23d4f,PERP,0.3327442167967354
0x1bfb6731ff80e75bf84bfe40a108723c5eb23d4f,PIT,0.5377045881150474
0x1bfb6731ff80e75bf84bfe40a108723c5eb23d4f,POLS,0.4690093243549385
0x1bfb6731ff80e75bf84bfe40a108723c5eb23d4f,PYTH,0.5004247947513084
0x1bfb6731ff80e75bf84bfe40a108723c5eb23d4f,QUACK,0.6084756085218975
0x1bfb6731ff80e75bf84bfe40a108723c5eb23d4f,RDNT,0.3429122387953817
0x1bfb6731ff80e75bf84bfe40a108723c5eb23d4f,RNDR,0.4614439462280136
0x1bfb6731ff80e75bf84bfe40a108723c5eb23d4f,RPL,0.5021377252241677
0x1bfb6731ff80e75bf84bfe40a108723c5eb23d4f,RUNE,0.4921955889834272
0x1bfb6731ff80e75bf84bfe40a108723c5eb23d4f,SFP,0.5168885317929386
0x1bfb6731ff80e75bf84bfe40a108723c5eb23d4f,SFUND,0.4497909147720875
0x1bfb6731ff80e75bf84bfe40a108723c5eb23d4f,SHIB,0.490745742215864
0x1bfb6731ff80e75bf84bfe40a108723c5eb23d4f,SOL,0.5818089257343795
0x1bfb6731ff80e75bf84bfe40a108723c5eb23d4f,STG,0.5275295617264639
0x1bfb6731ff80e75bf84bfe40a108723c5eb23d4f,SUI,0.5252406046397777
0x1bfb6731ff80e75bf84bfe40a108723c5eb23d4f,SUSHI,0.5014398805631555
0x1bfb6731ff80e75bf84bfe40a108723c5eb23d4f,TIA,0.5172991101904904
0x1bfb6731ff80e75bf84bfe40a108723c5eb23d4f,TOKEN,0.4945546640339203
0x1bfb6731ff80e75bf84bfe40a108723c5eb23d4f,TRX,0.5819296951540917
0x1bfb6731ff80e75bf84bfe40a108723c5eb23d4f,UNI,0.4976123349330998
0x1bfb6731ff80e75bf84bfe40a108723c5eb23d4f,USDT,0.6438790044123409
0x1bfb6731ff80e75bf84bfe40a108723c5eb23d4f,XLM,0.5265609797496372
0x1bfb6731ff80e75bf84bfe40a108723c5eb23d4f,XMR,0.5384207143093361
0x1bfb6731ff80e75bf84bfe40a108723c5eb23d4f,XRP,0.5158235436533322
0x1bfb6731ff80e75bf84bfe40a108723c5eb23d4f,XTZ,0.5486238362606126
0x1bfb6731ff80e75bf84bfe40a108723c5eb23d4f,XVS,0.529632980865877
0x1bfb6731ff80e75bf84bfe40a108723c5eb23d4f,YFI,0.5697434482199798
0x1ddbf0ae77f367e99e38398d9694d8ea86d003f3,AAVE,0.5380838406841953
0x1ddbf0ae77f367e99e38398d9694d8ea86d003f3,ADA,0.5369942975440503
0x1ddbf0ae77f367e99e38398d9694d8ea86d003f3,ALGO,0.5191223466737444
0x1ddbf0ae77f367e99e38398d9694d8ea86d003f3,APE,0.5258898507465908
0x1ddbf0ae77f367e99e38398d9694d8ea86d003f3,APT,0.5249251107519086
0x1ddbf0ae77f367e99e38398d9694d8ea86d003f3,ATOM,0.5229477471928798
0x1ddbf0ae77f367e99e38398d9694d8ea86d003f3,AVAX,0.5353157606655876
0x1ddbf0ae77f367e99e38398d9694d8ea86d003f3,AXS,0.5177950957813816
0x1ddbf0ae77f367e99e38398d9694d8ea86d003f3,BAL,0.4869436777291551
0x1ddbf0ae77f367e99e38398d9694d8ea86d003f3,BCH,0.5114887043682763
0x1ddbf0ae77f367e99e38398d9694d8ea86d003f3,BLUR,0.5260008278759497
0x1ddbf0ae77f367e99e38398d9694d8ea86d003f3,BNB,0.5527590567996518
0x1ddbf0ae77f367e99e38398d9694d8ea86d003f3,BONK,0.5284161218837783
0x1ddbf0ae77f367e99e38398d9694d8ea86d003f3,BTC,0.5539165840918837
0x1ddbf0ae77f367e99e38398d9694d8ea86d003f3,C98,0.4631830207737114
0x1ddbf0ae77f367e99e38398d9694d8ea86d003f3,CAKE,0.5156175328313047
0x1ddbf0ae77f367e99e38398d9694d8ea86d003f3,COMP,0.5070195764689622
0x1ddbf0ae77f367e99e38398d9694d8ea86d003f3,CRV,0.5373236125824377
0x1ddbf0ae77f367e99e38398d9694d8ea86d003f3,CVX,0.4947662891396805
0x1ddbf0ae77f367e99e38398d9694d8ea86d003f3,DAI,0.5961241694010924
0x1ddbf0ae77f367e99e38398d9694d8ea86d003f3,DAO,0.4300337817920512
0x1ddbf0ae77f367e99e38398d9694d8ea86d003f3,DOGE,0.5297657548511353
0x1ddbf0ae77f367e99e38398d9694d8ea86d003f3,DOT,0.5194937986603875
0x1ddbf0ae77f367e99e38398d9694d8ea86d003f3,DYDX,0.5247174558135623
0x1ddbf0ae77f367e99e38398d9694d8ea86d003f3,EOS,0.523122485568512
0x1ddbf0ae77f367e99e38398d9694d8ea86d003f3,ETC,0.5488492984415161
0x1ddbf0ae77f367e99e38398d9694d8ea86d003f3,ETH,0.5418539367066407
0x1ddbf0ae77f367e99e38398d9694d8ea86d003f3,FET,0.4640972655386501
0x1ddbf0ae77f367e99e38398d9694d8ea86d003f3,FIL,0.5358420901390478
0x1ddbf0ae77f367e99e38398d9694d8ea86d003f3,FRAX,0.5704490606553918
0x1ddbf0ae77f367e99e38398d9694d8ea86d003f3,FTM,0.4948173036395835
0x1ddbf0ae77f367e99e38398d9694d8ea86d003f3,FXS,0.5442442534608194
0x1ddbf0ae77f367e99e38398d9694d8ea86d003f3,GRT,0.5297453632642708
0x1ddbf0ae77f367e99e38398d9694d8ea86d003f3,HAI,0.4894044423930024
0x1ddbf0ae77f367e99e38398d9694d8ea86d003f3,HERO,0.5442953878380721
0x1ddbf0ae77f367e99e38398d9694d8ea86d003f3,ICP,0.5220943422478154
0x1ddbf0ae77f367e99e38398d9694d8ea86d003f3,IMX,0.5094141248710862
0x1ddbf0ae77f367e99e38398d9694d8ea86d003f3,INJ,0.5133826996594438
0x1ddbf0ae77f367e99e38398d9694d8ea86d003f3,LDO,0.5311365538305726
0x1ddbf0ae77f367e99e38398d9694d8ea86d003f3,LINK,0.5300703421196856
0x1ddbf0ae77f367e99e38398d9694d8ea86d003f3,LTC,0.5456133450154819
0x1ddbf0ae77f367e99e38398d9694d8ea86d003f3,MATIC,0.5102522297225239
0x1ddbf0ae77f367e99e38398d9694d8ea86d003f3,MAV,0.5245542198007296
0x1ddbf0ae77f367e99e38398d9694d8ea86d003f3,MBOX,0.5294485731591758
0x1ddbf0ae77f367e99e38398d9694d8ea86d003f3,MKR,0.5278031419168646
0x1ddbf0ae77f367e99e38398d9694d8ea86d003f3,MOON,0.5409459341149558
0x1ddbf0ae77f367e99e38398d9694d8ea86d003f3,NEAR,0.4945300653509754
0x1ddbf0ae77f367e99e38398d9694d8ea86d003f3,OP,0.5232940244203906
0x1ddbf0ae77f367e99e38398d9694d8ea86d003f3,PENDLE,0.5295883938607002
0x1ddbf0ae77f367e99e38398d9694d8ea86d003f3,PEPE,0.5163670566651339
0x1ddbf0ae77f367e99e38398d9694d8ea86d003f3,PERP,0.4230926267874617
0x1ddbf0ae77f367e99e38398d9694d8ea86d003f3,PIT,0.5361497569118387
0x1ddbf0ae77f367e99e38398d9694d8ea86d003f3,POLS,0.5081336996828519
0x1ddbf0ae77f367e99e38398d9694d8ea86d003f3,PYTH,0.5272322042162728
0x1ddbf0ae77f367e99e38398d9694d8ea86d003f3,QUACK,0.5656935938696434
0x1ddbf0ae77f367e99e38398d9694d8ea86d003f3,RDNT,0.4297421099804681
0x1ddbf0ae77f367e99e38398d9694d8ea86d003f3,RNDR,0.4742383643184986
0x1ddbf0ae77f367e99e38398d9694d8ea86d003f3,RPL,0.5031497903971756
0x1ddbf0ae77f367e99e38398d9694d8ea86d003f3,RUNE,0.5219251550477317
0x1ddbf0ae77f367e99e38398d9694d8ea86d003f3,SFP,0.5026273972531685
0x1ddbf0ae77f367e99e38398d9694d8ea86d003f3,SFUND,0.5090294278138529
0x1ddbf0ae77f367e99e38398d9694d8ea86d003f3,SHIB,0.5083642574958791
0x1ddbf0ae77f367e99e38398d9694d8ea86d003f3,SOL,0.5339890373712017
0x1ddbf0ae77f367e99e38398d9694d8ea86d003f3,STG,0.4939868581500521
0x1ddbf0ae77f367e99e38398d9694d8ea86d003f3,SUI,0.5143225738679491
0x1ddbf0ae77f367e99e38398d9694d8ea86d003f3,SUSHI,0.5299491627752303
0x1ddbf0ae77f367e99e38398d9694d8ea86d003f3,TIA,0.5261766489598615
0x1ddbf0ae77f367e99e38398d9694d8ea86d003f3,TOKEN,0.5206326555102244
0x1ddbf0ae77f367e99e38398d9694d8ea86d003f3,TRX,0.5406736896398784
0x1ddbf0ae77f367e99e38398d9694d8ea86d003f3,UNI,0.5208164036954246
0x1ddbf0ae77f367e99e38398d9694d8ea86d003f3,USDT,0.6023076792495521
0x1ddbf0ae77f367e99e38398d9694d8ea86d003f3,XLM,0.5135674606805536
0x1ddbf0ae77f367e99e38398d9694d8ea86d003f3,XMR,0.5182730193035798
0x1ddbf0ae77f367e99e38398d9694d8ea86d003f3,XRP,0.5257480213152311
0x1ddbf0ae77f367e99e38398d9694d8ea86d003f3,XTZ,0.527477913896697
0x1ddbf0ae77f367e99e38398d9694d8ea86d003f3,XVS,0.53582155454056
0x1ddbf0ae77f367e99e38398d9694d8ea86d003f3,YFI,0.5398182135892912
0x1e2e7903fb871f38362a8760871d1648eaa12536,AAVE,0.0394736842105263
0x1e2e7903fb871f38362a8760871d1648eaa12536,ADA,0.75
0x1e2e7903fb871f38362a8760871d1648eaa12536,ALGO,0.4605263157894737
0x1e2e7903fb871f38362a8760871d1648eaa12536,APE,0.7105263157894737
0x1e2e7903fb871f38362a8760871d1648eaa12536,APT,0.6447368421052632
0x1e2e7903fb871f38362a8760871d1648eaa12536,ATOM,0.3157894736842105
0x1e2e7903fb871f38362a8760871d1648eaa12536,AVAX,0.0131578947368421
0x1e2e7903fb871f38362a8760871d1648eaa12536,AXS,0.2763157894736842
0x1e2e7903fb871f38362a8760871d1648eaa12536,BAL,0.4342105263157895
0x1e2e7903fb871f38362a8760871d1648eaa12536,BCH,0.6578947368421053
0x1e2e7903fb871f38362a8760871d1648eaa12536,BLUR,0.1447368421052631
0x1e2e7903fb871f38362a8760871d1648eaa12536,BNB,1.0
0x1e2e7903fb871f38362a8760871d1648eaa12536,BONK,0.2631578947368421
0x1e2e7903fb871f38362a8760871d1648eaa12536,BTC,0.881578947368421
0x1e2e7903fb871f38362a8760871d1648eaa12536,C98,0.5921052631578947
0x1e2e7903fb871f38362a8760871d1648eaa12536,CAKE,0.1842105263157894
0x1e2e7903fb871f38362a8760871d1648eaa12536,COMP,0.1184210526315789
0x1e2e7903fb871f38362a8760871d1648eaa12536,CRV,0.8289473684210527
0x1e2e7903fb871f38362a8760871d1648eaa12536,CVX,0.7368421052631579
0x1e2e7903fb871f38362a8760871d1648eaa12536,DAI,0.868421052631579
0x1e2e7903fb871f38362a8760871d1648eaa12536,DAO,0.0789473684210526
0x1e2e7903fb871f38362a8760871d1648eaa12536,DOGE,0.3815789473684211
0x1e2e7903fb871f38362a8760871d1648eaa12536,DOT,0.1578947368421052
0x1e2e7903fb871f38362a8760871d1648eaa12536,DYDX,0.8947368421052632
0x1e2e7903fb871f38362a8760871d1648eaa12536,EOS,0.5394736842105263
0x1e2e7903fb871f38362a8760871d1648eaa12536,ETC,0.3289473684210526
0x1e2e7903fb871f38362a8760871d1648eaa12536,ETH,0.3552631578947368
0x1e2e7903fb871f38362a8760871d1648eaa12536,FET,0.4736842105263157
0x1e2e7903fb871f38362a8760871d1648eaa12536,FIL,0.2368421052631578
0x1e2e7903fb871f38362a8760871d1648eaa12536,FRAX,0.8421052631578947
0x1e2e7903fb871f38362a8760871d1648eaa12536,FTM,0.5131578947368421
0x1e2e7903fb871f38362a8760871d1648eaa12536,FXS,0.5789473684210527
0x1e2e7903fb871f38362a8760871d1648eaa12536,GRT,0.1973684210526315
0x1e2e7903fb871f38362a8760871d1648eaa12536,HAI,0.2236842105263158
0x1e2e7903fb871f38362a8760871d1648eaa12536,HERO,0.8157894736842105
0x1e2e7903fb871f38362a8760871d1648eaa12536,ICP,0.0921052631578947
0x1e2e7903fb871f38362a8760871d1648eaa12536,IMX,0.2105263157894736
0x1e2e7903fb871f38362a8760871d1648eaa12536,INJ,0.0263157894736842
0x1e2e7903fb871f38362a8760871d1648eaa12536,LDO,0.9605263157894736
0x1e2e7903fb871f38362a8760871d1648eaa12536,LINK,0.4210526315789473
0x1e2e7903fb871f38362a8760871d1648eaa12536,LTC,0.5526315789473685
0x1e2e7903fb871f38362a8760871d1648eaa12536,MATIC,0.5131578947368421
0x1e2e7903fb871f38362a8760871d1648eaa12536,MAV,0.8552631578947368
0x1e2e7903fb871f38362a8760871d1648eaa12536,MBOX,0.7631578947368421
0x1e2e7903fb871f38362a8760871d1648eaa12536,MKR,0.1052631578947368
0x1e2e7903fb871f38362a8760871d1648eaa12536,MOON,0.6710526315789473
0x1e2e7903fb871f38362a8760871d1648eaa12536,NEAR,0.25
0x1e2e7903fb871f38362a8760871d1648eaa12536,OP,0.9210526315789472
0x1e2e7903fb871f38362a8760871d1648eaa12536,PENDLE,0.6052631578947368
0x1e2e7903fb871f38362a8760871d1648eaa12536,PEPE,0.0
0x1e2e7903fb871f38362a8760871d1648eaa12536,PERP,0.2894736842105263
0x1e2e7903fb871f38362a8760871d1648eaa12536,PIT,0.4078947368421052
0x1e2e7903fb871f38362a8760871d1648eaa12536,POLS,0.8026315789473685
0x1e2e7903fb871f38362a8760871d1648eaa12536,PYTH,0.4473684210526316
0x1e2e7903fb871f38362a8760871d1648eaa12536,QUACK,0.7236842105263158
0x1e2e7903fb871f38362a8760871d1648eaa12536,RDNT,0.0526315789473684
0x1e2e7903fb871f38362a8760871d1648eaa12536,RNDR,0.5131578947368421
0x1e2e7903fb871f38362a8760871d1648eaa12536,RPL,0.3421052631578947
0x1e2e7903fb871f38362a8760871d1648eaa12536,RUNE,0.131578947368421
0x1e2e7903fb871f38362a8760871d1648eaa12536,SFP,0.1710526315789473
0x1e2e7903fb871f38362a8760871d1648eaa12536,SFUND,0.9078947368421052
0x1e2e7903fb871f38362a8760871d1648eaa12536,SHIB,0.3947368421052631
0x1e2e7903fb871f38362a8760871d1648eaa12536,SOL,0.9736842105263158
0x1e2e7903fb871f38362a8760871d1648eaa12536,STG,0.3684210526315789
0x1e2e7903fb871f38362a8760871d1648eaa12536,SUI,0.3026315789473684
0x1e2e7903fb871f38362a8760871d1648eaa12536,SUSHI,0.7894736842105263
0x1e2e7903fb871f38362a8760871d1648eaa12536,TIA,0.4868421052631579
0x1e2e7903fb871f38362a8760871d1648eaa12536,TOKEN,0.9342105263157896
0x1e2e7903fb871f38362a8760871d1648eaa12536,TRX,0.9473684210526316
0x1e2e7903fb871f38362a8760871d1648eaa12536,UNI,0.0657894736842105
0x1e2e7903fb871f38362a8760871d1648eaa12536,USDT,0.6842105263157895
0x1e2e7903fb871f38362a8760871d1648eaa12536,XLM,0.7763157894736842
0x1e2e7903fb871f38362a8760871d1648eaa12536,XMR,0.618421052631579
0x1e2e7903fb871f38362a8760871d1648eaa12536,XRP,0.986842105263158
0x1e2e7903fb871f38362a8760871d1648eaa12536,XTZ,0.6973684210526315
0x1e2e7903fb871f38362a8760871d1648eaa12536,XVS,0.5657894736842105
0x1e2e7903fb871f38362a8760871d1648eaa12536,YFI,0.631578947368421
0x2b23c36232eac432433a919aedd9a169031661c2,AAVE,0.565020547483796
0x2b23c36232eac432433a919aedd9a169031661c2,ADA,0.5584890121895866
0x2b23c36232eac432433a919aedd9a169031661c2,ALGO,0.45135893825725
0x2b23c36232eac432433a919aedd9a169031661c2,APE,0.5430617556623678
0x2b23c36232eac432433a919aedd9a169031661c2,APT,0.537952858320312
0x2b23c36232eac432433a919aedd9a169031661c2,ATOM,0.6712563298119789
0x2b23c36232eac432433a919aedd9a169031661c2,AVAX,0.5745906474481597
0x2b23c36232eac432433a919aedd9a169031661c2,AXS,0.5334402081850231
0x2b23c36232eac432433a919aedd9a169031661c2,BAL,0.5099240575359039
0x2b23c36232eac432433a919aedd9a169031661c2,BCH,0.6038774580117451
0x2b23c36232eac432433a919aedd9a169031661c2,BLUR,0.5917708483089289
0x2b23c36232eac432433a919aedd9a169031661c2,BNB,0.5124428395169727
0x2b23c36232eac432433a919aedd9a169031661c2,BONK,0.45974799321958
0x2b23c36232eac432433a919aedd9a169031661c2,BTC,0.6370262555075775
0x2b23c36232eac432433a919aedd9a169031661c2,C98,0.429584233582961
0x2b23c36232eac432433a919aedd9a169031661c2,CAKE,0.5539379020997942
0x2b23c36232eac432433a919aedd9a169031661c2,COMP,0.4527239936444549
0x2b23c36232eac432433a919aedd9a169031661c2,CRV,0.5626839517187933
0x2b23c36232eac432433a919aedd9a169031661c2,CVX,0.4297258471404137
0x2b23c36232eac432433a919aedd9a169031661c2,DAI,0.5688797816261626
0x2b23c36232eac432433a919aedd9a169031661c2,DAO,0.3411356537980876
0x2b23c36232eac432433a919aedd9a169031661c2,DOGE,0.5547205707593461
0x2b23c36232eac432433a919aedd9a169031661c2,DOT,0.5073489904377352
0x2b23c36232eac432433a919aedd9a169031661c2,DYDX,0.5810023403109343
0x2b23c36232eac432433a919aedd9a169031661c2,EOS,0.6000395944304249
0x2b23c36232eac432433a919aedd9a169031661c2,ETC,0.6454731472498956
0x2b23c36232eac432433a919aedd9a169031661c2,ETH,0.6376880724755936
0x2b23c36232eac432433a919aedd9a169031661c2,FET,0.4349522151474555
0x2b23c36232eac432433a919aedd9a169031661c2,FIL,0.6070181868418191
0x2b23c36232eac432433a919aedd9a169031661c2,FRAX,0.6197473647988334
0x2b23c36232eac432433a919aedd9a169031661c2,FTM,0.4482450003856181
0x2b23c36232eac432433a919aedd9a169031661c2,FXS,0.5794687032791569
0x2b23c36232eac432433a919aedd9a169031661c2,GRT,0.5601931608333446
0x2b23c36232eac432433a919aedd9a169031661c2,HAI,0.4706640974488066
0x2b23c36232eac432433a919aedd9a169031661c2,HERO,0.5354830827081772
0x2b23c36232eac432433a919aedd9a169031661c2,ICP,0.5122778664820172
0x2b23c36232eac432433a919aedd9a169031661c2,IMX,0.4737941741201597
0x2b23c36232eac432433a919aedd9a169031661c2,INJ,0.4715447444966119
0x2b23c36232eac432433a919aedd9a169031661c2,LDO,0.5455457165405456
0x2b23c36232eac432433a919aedd9a169031661c2,LINK,0.514924320339486
0x2b23c36232eac432433a919aedd9a169031661c2,LTC,0.616194623156008
0x2b23c36232eac432433a919aedd9a169031661c2,MATIC,0.5362288973273034
0x2b23c36232eac432433a919aedd9a169031661c2,MAV,0.5419842068419647
0x2b23c36232eac432433a919aedd9a169031661c2,MBOX,0.4917596845544852
0x2b23c36232eac432433a919aedd9a169031661c2,MKR,0.544996277838634
0x2b23c36232eac432433a919aedd9a169031661c2,MOON,0.5716141682110221
0x2b23c36232eac432433a919aedd9a169031661c2,NEAR,0.5025315484914022
0x2b23c36232eac432433a919aedd9a169031661c2,OP,0.5952063389719882
0x2b23c36232eac432433a919aedd9a169031661c2,PENDLE,0.5371457351245402
0x2b23c36232eac432433a919aedd9a169031661c2,PEPE,0.4846525886758596
0x2b23c36232eac432433a919aedd9a169031661c2,PERP,0.2961900384447078
0x2b23c36232eac432433a919aedd9a169031661c2,PIT,0.5237984864176842
0x2b23c36232eac432433a919aedd9a169031661c2,POLS,0.4641591624023315
0x2b23c36232eac432433a919aedd9a169031661c2,PYTH,0.5218366591210001
0x2b23c36232eac432433a919aedd9a169031661c2,QUACK,0.6932045319692283
0x2b23c36232eac432433a919aedd9a169031661c2,RDNT,0.3246569664995632
0x2b23c36232eac432433a919aedd9a169031661c2,RNDR,0.4139474214360467
0x2b23c36232eac432433a919aedd9a169031661c2,RPL,0.4522566413275594
0x2b23c36232eac432433a919aedd9a169031661c2,RUNE,0.505562430255653
0x2b23c36232eac432433a919aedd9a169031661c2,SFP,0.5333923829406553
0x2b23c36232eac432433a919aedd9a169031661c2,SFUND,0.4470542826192841
0x2b23c36232eac432433a919aedd9a169031661c2,SHIB,0.4707229421888981
0x2b23c36232eac432433a919aedd9a169031661c2,SOL,0.6010358346715472
0x2b23c36232eac432433a919aedd9a169031661c2,STG,0.4985026146493651
0x2b23c36232eac432433a919aedd9a169031661c2,SUI,0.5008454307621834
0x2b23c36232eac432433a919aedd9a169031661c2,SUSHI,0.5265816484024638
0x2b23c36232eac432433a919aedd9a169031661c2,TIA,0.5098173324492525
0x2b23c36232eac432433a919aedd9a169031661c2,TOKEN,0.4744419493410128
0x2b23c36232eac432433a919aedd9a169031661c2,TRX,0.6547205156600644
0x2b23c36232eac432433a919aedd9a169031661c2,UNI,0.5453234742312164
0x2b23c36232eac432433a919aedd9a169031661c2,USDT,0.572528760413295
0x2b23c36232eac432433a919aedd9a169031661c2,XLM,0.5330840349748064
0x2b23c36232eac432433a919aedd9a169031661c2,XMR,0.4572983852706105
0x2b23c36232eac432433a919aedd9a169031661c2,XRP,0.5886700981026202
0x2b23c36232eac432433a919aedd9a169031661c2,XTZ,0.5386673061180989
0x2b23c36232eac432433a919aedd9a169031661c2,XVS,0.5583470811176946
0x2b23c36232eac432433a919aedd9a169031661c2,YFI,0.5816417803170839
0x3cf29379dbc05bdfa6ad4e81c6bc2c581a0a3ca1,AAVE,0.5237014293670654
0x3cf29379dbc05bdfa6ad4e81c6bc2c581a0a3ca1,ADA,0.3869550228118896
0x3cf29379dbc05bdfa6ad4e81c6bc2c581a0a3ca1,ALGO,0.2427562922239303
0x3cf29379dbc05bdfa6ad4e81c6bc2c581a0a3ca1,APE,0.2184429317712783
0x3cf29379dbc05bdfa6ad4e81c6bc2c581a0a3ca1,APT,0.2735903263092041
0x3cf29379dbc05bdfa6ad4e81c6bc2c581a0a3ca1,ATOM,0.3300102353096008
0x3cf29379dbc05bdfa6ad4e81c6bc2c581a0a3ca1,AVAX,0.2767448425292969
0x3cf29379dbc05bdfa6ad4e81c6bc2c581a0a3ca1,AXS,0.1949141770601272
0x3cf29379dbc05bdfa6ad4e81c6bc2c581a0a3ca1,BAL,0.1034842580556869
0x3cf29379dbc05bdfa6ad4e81c6bc2c581a0a3ca1,BCH,0.8436053991317749
0x3cf29379dbc05bdfa6ad4e81c6bc2c581a0a3ca1,BLUR,0.2234469205141067
0x3cf29379dbc05bdfa6ad4e81c6bc2c581a0a3ca1,BNB,0.774204671382904
0x3cf29379dbc05bdfa6ad4e81c6bc2c581a0a3ca1,BONK,0.1507384628057479
0x3cf29379dbc05bdfa6ad4e81c6bc2c581a0a3ca1,BTC,0.8334413170814514
0x3cf29379dbc05bdfa6ad4e81c6bc2c581a0a3ca1,C98,0.1892544478178024
0x3cf29379dbc05bdfa6ad4e81c6bc2c581a0a3ca1,CAKE,0.3067706227302551
0x3cf29379dbc05bdfa6ad4e81c6bc2c581a0a3ca1,COMP,0.38611501455307
0x3cf29379dbc05bdfa6ad4e81c6bc2c581a0a3ca1,CRV,0.2339609414339065
0x3cf29379dbc05bdfa6ad4e81c6bc2c581a0a3ca1,CVX,0.1666344702243805
0x3cf29379dbc05bdfa6ad4e81c6bc2c581a0a3ca1,DAI,0.8666074872016907
0x3cf29379dbc05bdfa6ad4e81c6bc2c581a0a3ca1,DAO,0.0
0x3cf29379dbc05bdfa6ad4e81c6bc2c581a0a3ca1,DOGE,0.3765818476676941
0x3cf29379dbc05bdfa6ad4e81c6bc2c581a0a3ca1,DOT,0.3166980743408203
0x3cf29379dbc05bdfa6ad4e81c6bc2c581a0a3ca1,DYDX,0.175717756152153
0x3cf29379dbc05bdfa6ad4e81c6bc2c581a0a3ca1,EOS,0.1889505535364151
0x3cf29379dbc05bdfa6ad4e81c6bc2c581a0a3ca1,ETC,0.5617775917053223
0x3cf29379dbc05bdfa6ad4e81c6bc2c581a0a3ca1,ETH,0.7464912533760071
0x3cf29379dbc05bdfa6ad4e81c6bc2c581a0a3ca1,FET,0.0398843884468078
0x3cf29379dbc05bdfa6ad4e81c6bc2c581a0a3ca1,FIL,0.2197393029928207
0x3cf29379dbc05bdfa6ad4e81c6bc2c581a0a3ca1,FRAX,0.7515807747840881
0x3cf29379dbc05bdfa6ad4e81c6bc2c581a0a3ca1,FTM,0.1666861623525619
0x3cf29379dbc05bdfa6ad4e81c6bc2c581a0a3ca1,FXS,0.1563497930765152
0x3cf29379dbc05bdfa6ad4e81c6bc2c581a0a3ca1,GRT,0.2870845198631286
0x3cf29379dbc05bdfa6ad4e81c6bc2c581a0a3ca1,HAI,0.0982832610607147
0x3cf29379dbc05bdfa6ad4e81c6bc2c581a0a3ca1,HERO,0.2969647049903869
0x3cf29379dbc05bdfa6ad4e81c6bc2c581a0a3ca1,ICP,0.2254522889852523
0x3cf29379dbc05bdfa6ad4e81c6bc2c581a0a3ca1,IMX,0.0954698175191879
0x3cf29379dbc05bdfa6ad4e81c6bc2c581a0a3ca1,INJ,0.2271288782358169
0x3cf29379dbc05bdfa6ad4e81c6bc2c581a0a3ca1,LDO,0.1669737696647644
0x3cf29379dbc05bdfa6ad4e81c6bc2c581a0a3ca1,LINK,0.4247167110443115
0x3cf29379dbc05bdfa6ad4e81c6bc2c581a0a3ca1,LTC,0.7395415306091309
0x3cf29379dbc05bdfa6ad4e81c6bc2c581a0a3ca1,MATIC,0.2554185390472412
0x3cf29379dbc05bdfa6ad4e81c6bc2c581a0a3ca1,MAV,0.1208527088165283
0x3cf29379dbc05bdfa6ad4e81c6bc2c581a0a3ca1,MBOX,0.1175347566604614
0x3cf29379dbc05bdfa6ad4e81c6bc2c581a0a3ca1,MKR,0.3932004570960998
0x3cf29379dbc05bdfa6ad4e81c6bc2c581a0a3ca1,MOON,0.2603031396865845
0x3cf29379dbc05bdfa6ad4e81c6bc2c581a0a3ca1,NEAR,0.1707223951816558
0x3cf29379dbc05bdfa6ad4e81c6bc2c581a0a3ca1,OP,0.3117098212242126
0x3cf29379dbc05bdfa6ad4e81c6bc2c581a0a3ca1,PENDLE,0.3195493817329407
0x3cf29379dbc05bdfa6ad4e81c6bc2c581a0a3ca1,PEPE,0.2334588915109634
0x3cf29379dbc05bdfa6ad4e81c6bc2c581a0a3ca1,PERP,0.0401061922311782
0x3cf29379dbc05bdfa6ad4e81c6bc2c581a0a3ca1,PIT,0.3268347382545471
0x3cf29379dbc05bdfa6ad4e81c6bc2c581a0a3ca1,POLS,0.1757578402757644
0x3cf29379dbc05bdfa6ad4e81c6bc2c581a0a3ca1,PYTH,0.16056489944458
0x3cf29379dbc05bdfa6ad4e81c6bc2c581a0a3ca1,QUACK,0.2834814190864563
0x3cf29379dbc05bdfa6ad4e81c6bc2c581a0a3ca1,RDNT,0.0399552658200264
0x3cf29379dbc05bdfa6ad4e81c6bc2c581a0a3ca1,RNDR,0.006097562611103
0x3cf29379dbc05bdfa6ad4e81c6bc2c581a0a3ca1,RPL,0.1366150379180908
0x3cf29379dbc05bdfa6ad4e81c6bc2c581a0a3ca1,RUNE,0.1875363737344741
0x3cf29379dbc05bdfa6ad4e81c6bc2c581a0a3ca1,SFP,0.4785951972007751
0x3cf29379dbc05bdfa6ad4e81c6bc2c581a0a3ca1,SFUND,0.1912209540605545
0x3cf29379dbc05bdfa6ad4e81c6bc2c581a0a3ca1,SHIB,0.3612929582595825
0x3cf29379dbc05bdfa6ad4e81c6bc2c581a0a3ca1,SOL,0.6429336071014404
0x3cf29379dbc05bdfa6ad4e81c6bc2c581a0a3ca1,STG,0.2068106681108474
0x3cf29379dbc05bdfa6ad4e81c6bc2c581a0a3ca1,SUI,0.2183047086000442
0x3cf29379dbc05bdfa6ad4e81c6bc2c581a0a3ca1,SUSHI,0.1464920043945312
0x3cf29379dbc05bdfa6ad4e81c6bc2c581a0a3ca1,TIA,0.0865370482206344
0x3cf29379dbc05bdfa6ad4e81c6bc2c581a0a3ca1,TOKEN,0.1631893366575241
0x3cf29379dbc05bdfa6ad4e81c6bc2c581a0a3ca1,TRX,0.8839321732521057
0x3cf29379dbc05bdfa6ad4e81c6bc2c581a0a3ca1,UNI,0.3111571073532104
0x3cf29379dbc05bdfa6ad4e81c6bc2c581a0a3ca1,USDT,1.0
0x3cf29379dbc05bdfa6ad4e81c6bc2c581a0a3ca1,XLM,0.3491063117980957
0x3cf29379dbc05bdfa6ad4e81c6bc2c581a0a3ca1,XMR,0.7968432903289795
0x3cf29379dbc05bdfa6ad4e81c6bc2c581a0a3ca1,XRP,0.6187486052513123
0x3cf29379dbc05bdfa6ad4e81c6bc2c581a0a3ca1,XTZ,0.4150715470314026
0x3cf29379dbc05bdfa6ad4e81c6bc2c581a0a3ca1,XVS,0.3553892970085144
0x3cf29379dbc05bdfa6ad4e81c6bc2c581a0a3ca1,YFI,0.4397606253623962
0x3e04d3e08ea54c34f721ac007107fe7a4bd957d5,AAVE,0.5356262
0x3e04d3e08ea54c34f721ac007107fe7a4bd957d5,ADA,0.5231687
0x3e04d3e08ea54c34f721ac007107fe7a4bd957d5,ALGO,0.51219696
0x3e04d3e08ea54c34f721ac007107fe7a4bd957d5,APE,0.5249584
0x3e04d3e08ea54c34f721ac007107fe7a4bd957d5,APT,0.5296736
0x3e04d3e08ea54c34f721ac007107fe7a4bd957d5,ATOM,0.53277856
0x3e04d3e08ea54c34f721ac007107fe7a4bd957d5,AVAX,0.539588
0x3e04d3e08ea54c34f721ac007107fe7a4bd957d5,AXS,0.5047192
0x3e04d3e08ea54c34f721ac007107fe7a4bd957d5,BAL,0.47076344
0x3e04d3e08ea54c34f721ac007107fe7a4bd957d5,BCH,0.55914575
0x3e04d3e08ea54c34f721ac007107fe7a4bd957d5,BLUR,0.52129734
0x3e04d3e08ea54c34f721ac007107fe7a4bd957d5,BNB,0.5660178
0x3e04d3e08ea54c34f721ac007107fe7a4bd957d5,BONK,0.53659374
0x3e04d3e08ea54c34f721ac007107fe7a4bd957d5,BTC,0.54245883
0x3e04d3e08ea54c34f721ac007107fe7a4bd957d5,C98,0.4962954
0x3e04d3e08ea54c34f721ac007107fe7a4bd957d5,CAKE,0.53032386
0x3e04d3e08ea54c34f721ac007107fe7a4bd957d5,COMP,0.51119876
0x3e04d3e08ea54c34f721ac007107fe7a4bd957d5,CRV,0.53146106
0x3e04d3e08ea54c34f721ac007107fe7a4bd957d5,CVX,0.48196477
0x3e04d3e08ea54c34f721ac007107fe7a4bd957d5,DAI,0.61987036
0x3e04d3e08ea54c34f721ac007107fe7a4bd957d5,DAO,0.45944592
0x3e04d3e08ea54c34f721ac007107fe7a4bd957d5,DOGE,0.52402985
0x3e04d3e08ea54c34f721ac007107fe7a4bd957d5,DOT,0.51847184
0x3e04d3e08ea54c34f721ac007107fe7a4bd957d5,DYDX,0.5090082
0x3e04d3e08ea54c34f721ac007107fe7a4bd957d5,EOS,0.5050609
0x3e04d3e08ea54c34f721ac007107fe7a4bd957d5,ETC,0.54683924
0x3e04d3e08ea54c34f721ac007107fe7a4bd957d5,ETH,0.5326944
0x3e04d3e08ea54c34f721ac007107fe7a4bd957d5,FET,0.46707574
0x3e04d3e08ea54c34f721ac007107fe7a4bd957d5,FIL,0.5247839
0x3e04d3e08ea54c34f721ac007107fe7a4bd957d5,FRAX,0.5811549
0x3e04d3e08ea54c34f721ac007107fe7a4bd957d5,FTM,0.5032406
0x3e04d3e08ea54c34f721ac007107fe7a4bd957d5,FXS,0.5146992
0x3e04d3e08ea54c34f721ac007107fe7a4bd957d5,GRT,0.5251155
0x3e04d3e08ea54c34f721ac007107fe7a4bd957d5,HAI,0.48819858
0x3e04d3e08ea54c34f721ac007107fe7a4bd957d5,HERO,0.5267288
0x3e04d3e08ea54c34f721ac007107fe7a4bd957d5,ICP,0.5217686
0x3e04d3e08ea54c34f721ac007107fe7a4bd957d5,IMX,0.49947655
0x3e04d3e08ea54c34f721ac007107fe7a4bd957d5,INJ,0.5145872
0x3e04d3e08ea54c34f721ac007107fe7a4bd957d5,LDO,0.5087939
0x3e04d3e08ea54c34f721ac007107fe7a4bd957d5,LINK,0.5318694
0x3e04d3e08ea54c34f721ac007107fe7a4bd957d5,LTC,0.55590594
0x3e04d3e08ea54c34f721ac007107fe7a4bd957d5,MATIC,0.51423794
0x3e04d3e08ea54c34f721ac007107fe7a4bd957d5,MAV,0.5219964
0x3e04d3e08ea54c34f721ac007107fe7a4bd957d5,MBOX,0.51626474
0x3e04d3e08ea54c34f721ac007107fe7a4bd957d5,MKR,0.5686614
0x3e04d3e08ea54c34f721ac007107fe7a4bd957d5,MOON,0.50571024
0x3e04d3e08ea54c34f721ac007107fe7a4bd957d5,NEAR,0.49501413
0x3e04d3e08ea54c34f721ac007107fe7a4bd957d5,OP,0.51203954
0x3e04d3e08ea54c34f721ac007107fe7a4bd957d5,PENDLE,0.51489115
0x3e04d3e08ea54c34f721ac007107fe7a4bd957d5,PEPE,0.5209598
0x3e04d3e08ea54c34f721ac007107fe7a4bd957d5,PERP,0.4031994
0x3e04d3e08ea54c34f721ac007107fe7a4bd957d5,PIT,0.51717776
0x3e04d3e08ea54c34f721ac007107fe7a4bd957d5,POLS,0.5027524
0x3e04d3e08ea54c34f721ac007107fe7a4bd957d5,PYTH,0.5210125
0x3e04d3e08ea54c34f721ac007107fe7a4bd957d5,QUACK,0.5644362
0x3e04d3e08ea54c34f721ac007107fe7a4bd957d5,RDNT,0.41853186
0x3e04d3e08ea54c34f721ac007107fe7a4bd957d5,RNDR,0.46533176
0x3e04d3e08ea54c34f721ac007107fe7a4bd957d5,RPL,0.51078635
0x3e04d3e08ea54c34f721ac007107fe7a4bd957d5,RUNE,0.51054573
0x3e04d3e08ea54c34f721ac007107fe7a4bd957d5,SFP,0.51413524
0x3e04d3e08ea54c34f721ac007107fe7a4bd957d5,SFUND,0.48390535
0x3e04d3e08ea54c34f721ac007107fe7a4bd957d5,SHIB,0.496236
0x3e04d3e08ea54c34f721ac007107fe7a4bd957d5,SOL,0.5171383
0x3e04d3e08ea54c34f721ac007107fe7a4bd957d5,STG,0.4933465
0x3e04d3e08ea54c34f721ac007107fe7a4bd957d5,SUI,0.5055496
0x3e04d3e08ea54c34f721ac007107fe7a4bd957d5,SUSHI,0.5238782
0x3e04d3e08ea54c34f721ac007107fe7a4bd957d5,TIA,0.52197653
0x3e04d3e08ea54c34f721ac007107fe7a4bd957d5,TOKEN,0.5096981
0x3e04d3e08ea54c34f721ac007107fe7a4bd957d5,TRX,0.5757026
0x3e04d3e08ea54c34f721ac007107fe7a4bd957d5,UNI,0.51237667
0x3e04d3e08ea54c34f721ac007107fe7a4bd957d5,USDT,0.5607689
0x3e04d3e08ea54c34f721ac007107fe7a4bd957d5,XLM,0.50683945
0x3e04d3e08ea54c34f721ac007107fe7a4bd957d5,XMR,0.5104742
0x3e04d3e08ea54c34f721ac007107fe7a4bd957d5,XRP,0.53428686
0x3e04d3e08ea54c34f721ac007107fe7a4bd957d5,XTZ,0.5371295
0x3e04d3e08ea54c34f721ac007107fe7a4bd957d5,XVS,0.5259153
0x3e04d3e08ea54c34f721ac007107fe7a4bd957d5,YFI,0.55137426
0x3ebab08d24031caa95c4290b28f66e71bbe418e5,AAVE,0.5349023563394503
0x3ebab08d24031caa95c4290b28f66e71bbe418e5,ADA,0.518020785425984
0x3ebab08d24031caa95c4290b28f66e71bbe418e5,ALGO,0.48884415391851
0x3ebab08d24031caa95c4290b28f66e71bbe418e5,APE,0.5331152542828104
0x3ebab08d24031caa95c4290b28f66e71bbe418e5,APT,0.5485271395994895
0x3ebab08d24031caa95c4290b28f66e71bbe418e5,ATOM,0.5430437673481525
0x3ebab08d24031caa95c4290b28f66e71bbe418e5,AVAX,0.4731166891005825
0x3ebab08d24031caa95c4290b28f66e71bbe418e5,AXS,0.538096709043911
0x3ebab08d24031caa95c4290b28f66e71bbe418e5,BAL,0.5134551682996855
0x3ebab08d24031caa95c4290b28f66e71bbe418e5,BCH,0.5061513125495661
0x3ebab08d24031caa95c4290b28f66e71bbe418e5,BLUR,0.5367216298471804
0x3ebab08d24031caa95c4290b28f66e71bbe418e5,BNB,0.5682502093145854
0x3ebab08d24031caa95c4290b28f66e71bbe418e5,BONK,0.5163823778800444
0x3ebab08d24031caa95c4290b28f66e71bbe418e5,BTC,0.6170760486791622
0x3ebab08d24031caa95c4290b28f66e71bbe418e5,C98,0.4342426140556135
0x3ebab08d24031caa95c4290b28f66e71bbe418e5,CAKE,0.5803158849444812
0x3ebab08d24031caa95c4290b28f66e71bbe418e5,COMP,0.5269604817261763
0x3ebab08d24031caa95c4290b28f66e71bbe418e5,CRV,0.5603776000267
0x3ebab08d24031caa95c4290b28f66e71bbe418e5,CVX,0.488045118388874
0x3ebab08d24031caa95c4290b28f66e71bbe418e5,DAI,0.6659019077980595
0x3ebab08d24031caa95c4290b28f66e71bbe418e5,DAO,0.4278964376569948
0x3ebab08d24031caa95c4290b28f66e71bbe418e5,DOGE,0.5069059349299205
0x3ebab08d24031caa95c4290b28f66e71bbe418e5,DOT,0.5063717446556066
0x3ebab08d24031caa95c4290b28f66e71bbe418e5,DYDX,0.5127886832971179
0x3ebab08d24031caa95c4290b28f66e71bbe418e5,EOS,0.5128858784927989
0x3ebab08d24031caa95c4290b28f66e71bbe418e5,ETC,0.5538973043370545
0x3ebab08d24031caa95c4290b28f66e71bbe418e5,ETH,0.6130052744932726
0x3ebab08d24031caa95c4290b28f66e71bbe418e5,FET,0.408018023968179
0x3ebab08d24031caa95c4290b28f66e71bbe418e5,FIL,0.538893418386756
0x3ebab08d24031caa95c4290b28f66e71bbe418e5,FRAX,0.6233777370118206
0x3ebab08d24031caa95c4290b28f66e71bbe418e5,FTM,0.4761892299576772
0x3ebab08d24031caa95c4290b28f66e71bbe418e5,FXS,0.5032060199799042
0x3ebab08d24031caa95c4290b28f66e71bbe418e5,GRT,0.5231742593060448
0x3ebab08d24031caa95c4290b28f66e71bbe418e5,HAI,0.502025625225946
0x3ebab08d24031caa95c4290b28f66e71bbe418e5,HERO,0.5483183087759422
0x3ebab08d24031caa95c4290b28f66e71bbe418e5,ICP,0.525532214631869
0x3ebab08d24031caa95c4290b28f66e71bbe418e5,IMX,0.4115765790282072
0x3ebab08d24031caa95c4290b28f66e71bbe418e5,INJ,0.4849606371597058
0x3ebab08d24031caa95c4290b28f66e71bbe418e5,LDO,0.5347079624444799
0x3ebab08d24031caa95c4290b28f66e71bbe418e5,LINK,0.4945899294116443
0x3ebab08d24031caa95c4290b28f66e71bbe418e5,LTC,0.5458114270874782
0x3ebab08d24031caa95c4290b28f66e71bbe418e5,MATIC,0.4410470801049574
0x3ebab08d24031caa95c4290b28f66e71bbe418e5,MAV,0.5124949781331808
0x3ebab08d24031caa95c4290b28f66e71bbe418e5,MBOX,0.4982478371037968
0x3ebab08d24031caa95c4290b28f66e71bbe418e5,MKR,0.576094955453013
0x3ebab08d24031caa95c4290b28f66e71bbe418e5,MOON,0.5660148920542711
0x3ebab08d24031caa95c4290b28f66e71bbe418e5,NEAR,0.4982879650313037
0x3ebab08d24031caa95c4290b28f66e71bbe418e5,OP,0.5396966188382959
0x3ebab08d24031caa95c4290b28f66e71bbe418e5,PENDLE,0.5177646119438958
0x3ebab08d24031caa95c4290b28f66e71bbe418e5,PEPE,0.479753749127159
0x3ebab08d24031caa95c4290b28f66e71bbe418e5,PERP,0.4700981023690306
0x3ebab08d24031caa95c4290b28f66e71bbe418e5,PIT,0.5170577351030327
0x3ebab08d24031caa95c4290b28f66e71bbe418e5,POLS,0.4850986163878353
0x3ebab08d24031caa95c4290b28f66e71bbe418e5,PYTH,0.5043095517034428
0x3ebab08d24031caa95c4290b28f66e71bbe418e5,QUACK,0.6116777832157809
0x3ebab08d24031caa95c4290b28f66e71bbe418e5,RDNT,0.3551778018998655
0x3ebab08d24031caa95c4290b28f66e71bbe418e5,RNDR,0.4373060965931606
0x3ebab08d24031caa95c4290b28f66e71bbe418e5,RPL,0.5222212884067989
0x3ebab08d24031caa95c4290b28f66e71bbe418e5,RUNE,0.5081884672841591
0x3ebab08d24031caa95c4290b28f66e71bbe418e5,SFP,0.548402823327864
0x3ebab08d24031caa95c4290b28f66e71bbe418e5,SFUND,0.4530994609098981
0x3ebab08d24031caa95c4290b28f66e71bbe418e5,SHIB,0.4833166254780079
0x3ebab08d24031caa95c4290b28f66e71bbe418e5,SOL,0.540423633035101
0x3ebab08d24031caa95c4290b28f66e71bbe418e5,STG,0.4972675530888193
0x3ebab08d24031caa95c4290b28f66e71bbe418e5,SUI,0.5135188937422694
0x3ebab08d24031caa95c4290b28f66e71bbe418e5,SUSHI,0.4970343908107545
0x3ebab08d24031caa95c4290b28f66e71bbe418e5,TIA,0.507938293837141
0x3ebab08d24031caa95c4290b28f66e71bbe418e5,TOKEN,0.469359064268038
0x3ebab08d24031caa95c4290b28f66e71bbe418e5,TRX,0.5700326371379082
0x3ebab08d24031caa95c4290b28f66e71bbe418e5,UNI,0.5659115852634071
0x3ebab08d24031caa95c4290b28f66e71bbe418e5,USDT,0.6367215661633682
0x3ebab08d24031caa95c4290b28f66e71bbe418e5,XLM,0.5228974630125289
0x3ebab08d24031caa95c4290b28f66e71bbe418e5,XMR,0.5119886336671274
0x3ebab08d24031caa95c4290b28f66e71bbe418e5,XRP,0.5642172949204494
0x3ebab08d24031caa95c4290b28f66e71bbe418e5,XTZ,0.5429107687139575
0x3ebab08d24031caa95c4290b28f66e71bbe418e5,XVS,0.5308156776420079
0x3ebab08d24031caa95c4290b28f66e71bbe418e5,YFI,0.6066803566458293
0x3ed9f0b565551387c431447601a116eb6d2af4a1,AAVE,0.4898103177547455
0x3ed9f0b565551387c431447601a116eb6d2af4a1,ADA,0.4218280613422394
0x3ed9f0b565551387c431447601a116eb6d2af4a1,ALGO,0.2631579041481018
0x3ed9f0b565551387c431447601a116eb6d2af4a1,APE,0.2758190035820007
0x3ed9f0b565551387c431447601a116eb6d2af4a1,APT,0.346335768699646
0x3ed9f0b565551387c431447601a116eb6d2af4a1,ATOM,0.3731826543807983
0x3ed9f0b565551387c431447601a116eb6d2af4a1,AVAX,0.2865358293056488
0x3ed9f0b565551387c431447601a116eb6d2af4a1,AXS,0.2403376698493957
0x3ed9f0b565551387c431447601a116eb6d2af4a1,BAL,0.1215874999761581
0x3ed9f0b565551387c431447601a116eb6d2af4a1,BCH,0.7919107675552368
0x3ed9f0b565551387c431447601a116eb6d2af4a1,BLUR,0.2833650410175323
0x3ed9f0b565551387c431447601a116eb6d2af4a1,BNB,0.6872545480728149
0x3ed9f0b565551387c431447601a116eb6d2af4a1,BONK,0.1737207323312759
0x3ed9f0b565551387c431447601a116eb6d2af4a1,BTC,0.8088058233261108
0x3ed9f0b565551387c431447601a116eb6d2af4a1,C98,0.2145645022392273
0x3ed9f0b565551387c431447601a116eb6d2af4a1,CAKE,0.3162655532360077
0x3ed9f0b565551387c431447601a116eb6d2af4a1,COMP,0.3682257533073425
0x3ed9f0b565551387c431447601a116eb6d2af4a1,CRV,0.2498944997787475
0x3ed9f0b565551387c431447601a116eb6d2af4a1,CVX,0.1984366774559021
0x3ed9f0b565551387c431447601a116eb6d2af4a1,DAI,0.8114897012710571
0x3ed9f0b565551387c431447601a116eb6d2af4a1,DAO,0.0
0x3ed9f0b565551387c431447601a116eb6d2af4a1,DOGE,0.4188308119773865
0x3ed9f0b565551387c431447601a116eb6d2af4a1,DOT,0.3873075246810913
0x3ed9f0b565551387c431447601a116eb6d2af4a1,DYDX,0.1987440288066864
0x3ed9f0b565551387c431447601a116eb6d2af4a1,EOS,0.2313445210456848
0x3ed9f0b565551387c431447601a116eb6d2af4a1,ETC,0.6142061948776245
0x3ed9f0b565551387c431447601a116eb6d2af4a1,ETH,0.7049214839935303
0x3ed9f0b565551387c431447601a116eb6d2af4a1,FET,0.0353651344776153
0x3ed9f0b565551387c431447601a116eb6d2af4a1,FIL,0.2410937547683715
0x3ed9f0b565551387c431447601a116eb6d2af4a1,FRAX,0.6657812595367432
0x3ed9f0b565551387c431447601a116eb6d2af4a1,FTM,0.2513625919818878
0x3ed9f0b565551387c431447601a116eb6d2af4a1,FXS,0.1821826100349426
0x3ed9f0b565551387c431447601a116eb6d2af4a1,GRT,0.3793304860591888
0x3ed9f0b565551387c431447601a116eb6d2af4a1,HAI,0.1137444078922271
0x3ed9f0b565551387c431447601a116eb6d2af4a1,HERO,0.3228346705436706
0x3ed9f0b565551387c431447601a116eb6d2af4a1,ICP,0.2554457783699035
0x3ed9f0b565551387c431447601a116eb6d2af4a1,IMX,0.0903756618499755
0x3ed9f0b565551387c431447601a116eb6d2af4a1,INJ,0.2706185281276703
0x3ed9f0b565551387c431447601a116eb6d2af4a1,LDO,0.1982035636901855
0x3ed9f0b565551387c431447601a116eb6d2af4a1,LINK,0.3898949027061462
0x3ed9f0b565551387c431447601a116eb6d2af4a1,LTC,0.7867906093597412
0x3ed9f0b565551387c431447601a116eb6d2af4a1,MATIC,0.3189327418804168
0x3ed9f0b565551387c431447601a116eb6d2af4a1,MAV,0.1660770028829574
0x3ed9f0b565551387c431447601a116eb6d2af4a1,MBOX,0.141928568482399
0x3ed9f0b565551387c431447601a116eb6d2af4a1,MKR,0.3797923922538757
0x3ed9f0b565551387c431447601a116eb6d2af4a1,MOON,0.3262986838817596
0x3ed9f0b565551387c431447601a116eb6d2af4a1,NEAR,0.1854563057422638
0x3ed9f0b565551387c431447601a116eb6d2af4a1,OP,0.4038198888301849
0x3ed9f0b565551387c431447601a116eb6d2af4a1,PENDLE,0.2981119155883789
0x3ed9f0b565551387c431447601a116eb6d2af4a1,PEPE,0.2491374313831329
0x3ed9f0b565551387c431447601a116eb6d2af4a1,PERP,0.0443113073706626
0x3ed9f0b565551387c431447601a116eb6d2af4a1,PIT,0.3230118155479431
0x3ed9f0b565551387c431447601a116eb6d2af4a1,POLS,0.2131530046463012
0x3ed9f0b565551387c431447601a116eb6d2af4a1,PYTH,0.1885389685630798
0x3ed9f0b565551387c431447601a116eb6d2af4a1,QUACK,0.3429536819458008
0x3ed9f0b565551387c431447601a116eb6d2af4a1,RDNT,0.0440837144851684
0x3ed9f0b565551387c431447601a116eb6d2af4a1,RNDR,0.0218385905027389
0x3ed9f0b565551387c431447601a116eb6d2af4a1,RPL,0.1524226069450378
0x3ed9f0b565551387c431447601a116eb6d2af4a1,RUNE,0.2165664732456207
0x3ed9f0b565551387c431447601a116eb6d2af4a1,SFP,0.4512102305889129
0x3ed9f0b565551387c431447601a116eb6d2af4a1,SFUND,0.2347683012485504
0x3ed9f0b565551387c431447601a116eb6d2af4a1,SHIB,0.361061155796051
0x3ed9f0b565551387c431447601a116eb6d2af4a1,SOL,0.5487565994262695
0x3ed9f0b565551387c431447601a116eb6d2af4a1,STG,0.1479033678770065
0x3ed9f0b565551387c431447601a116eb6d2af4a1,SUI,0.2231876254081726
0x3ed9f0b565551387c431447601a116eb6d2af4a1,SUSHI,0.1546716094017028
0x3ed9f0b565551387c431447601a116eb6d2af4a1,TIA,0.0769050344824791
0x3ed9f0b565551387c431447601a116eb6d2af4a1,TOKEN,0.1798511743545532
0x3ed9f0b565551387c431447601a116eb6d2af4a1,TRX,0.8249697685241699
0x3ed9f0b565551387c431447601a116eb6d2af4a1,UNI,0.3257860243320465
0x3ed9f0b565551387c431447601a116eb6d2af4a1,USDT,1.0
0x3ed9f0b565551387c431447601a116eb6d2af4a1,XLM,0.3061425685882568
0x3ed9f0b565551387c431447601a116eb6d2af4a1,XMR,0.7213934659957886
0x3ed9f0b565551387c431447601a116eb6d2af4a1,XRP,0.5409449338912964
0x3ed9f0b565551387c431447601a116eb6d2af4a1,XTZ,0.4280718564987182
0x3ed9f0b565551387c431447601a116eb6d2af4a1,XVS,0.2979937493801117
0x3ed9f0b565551387c431447601a116eb6d2af4a1,YFI,0.4617668092250824
0x49451c6af70feef6ef29b8c78bc17d4bdaf9fdaa,AAVE,0.5239914
0x49451c6af70feef6ef29b8c78bc17d4bdaf9fdaa,ADA,0.54623765
0x49451c6af70feef6ef29b8c78bc17d4bdaf9fdaa,ALGO,0.5349858
0x49451c6af70feef6ef29b8c78bc17d4bdaf9fdaa,APE,0.51418245
0x49451c6af70feef6ef29b8c78bc17d4bdaf9fdaa,APT,0.4949122
0x49451c6af70feef6ef29b8c78bc17d4bdaf9fdaa,ATOM,0.46417317
0x49451c6af70feef6ef29b8c78bc17d4bdaf9fdaa,AVAX,0.55073535
0x49451c6af70feef6ef29b8c78bc17d4bdaf9fdaa,AXS,0.48800173
0x49451c6af70feef6ef29b8c78bc17d4bdaf9fdaa,BAL,0.4605791
0x49451c6af70feef6ef29b8c78bc17d4bdaf9fdaa,BCH,0.54586476
0x49451c6af70feef6ef29b8c78bc17d4bdaf9fdaa,BLUR,0.52011925
0x49451c6af70feef6ef29b8c78bc17d4bdaf9fdaa,BNB,0.5766278
0x49451c6af70feef6ef29b8c78bc17d4bdaf9fdaa,BONK,0.51047534
0x49451c6af70feef6ef29b8c78bc17d4bdaf9fdaa,BTC,0.5525569
0x49451c6af70feef6ef29b8c78bc17d4bdaf9fdaa,C98,0.42908517
0x49451c6af70feef6ef29b8c78bc17d4bdaf9fdaa,CAKE,0.50704217
0x49451c6af70feef6ef29b8c78bc17d4bdaf9fdaa,COMP,0.48450428
0x49451c6af70feef6ef29b8c78bc17d4bdaf9fdaa,CRV,0.49284193
0x49451c6af70feef6ef29b8c78bc17d4bdaf9fdaa,CVX,0.4544739
0x49451c6af70feef6ef29b8c78bc17d4bdaf9fdaa,DAI,0.5120928
0x49451c6af70feef6ef29b8c78bc17d4bdaf9fdaa,DAO,0.58730274
0x49451c6af70feef6ef29b8c78bc17d4bdaf9fdaa,DOGE,0.52502984
0x49451c6af70feef6ef29b8c78bc17d4bdaf9fdaa,DOT,0.536805
0x49451c6af70feef6ef29b8c78bc17d4bdaf9fdaa,DYDX,0.49513936
0x49451c6af70feef6ef29b8c78bc17d4bdaf9fdaa,EOS,0.49860272
0x49451c6af70feef6ef29b8c78bc17d4bdaf9fdaa,ETC,0.5348029
0x49451c6af70feef6ef29b8c78bc17d4bdaf9fdaa,ETH,0.6033359
0x49451c6af70feef6ef29b8c78bc17d4bdaf9fdaa,FET,0.48379135
0x49451c6af70feef6ef29b8c78bc17d4bdaf9fdaa,FIL,0.5290365
0x49451c6af70feef6ef29b8c78bc17d4bdaf9fdaa,FRAX,0.5365527
0x49451c6af70feef6ef29b8c78bc17d4bdaf9fdaa,FTM,0.5174085
0x49451c6af70feef6ef29b8c78bc17d4bdaf9fdaa,FXS,0.4967577
0x49451c6af70feef6ef29b8c78bc17d4bdaf9fdaa,GRT,0.50051
0x49451c6af70feef6ef29b8c78bc17d4bdaf9fdaa,HAI,0.49471697
0x49451c6af70feef6ef29b8c78bc17d4bdaf9fdaa,HERO,0.5416978
0x49451c6af70feef6ef29b8c78bc17d4bdaf9fdaa,ICP,0.45365813
0x49451c6af70feef6ef29b8c78bc17d4bdaf9fdaa,IMX,0.5014161
0x49451c6af70feef6ef29b8c78bc17d4bdaf9fdaa,INJ,0.49601313
0x49451c6af70feef6ef29b8c78bc17d4bdaf9fdaa,LDO,0.4714601
0x49451c6af70feef6ef29b8c78bc17d4bdaf9fdaa,LINK,0.56273204
0x49451c6af70feef6ef29b8c78bc17d4bdaf9fdaa,LTC,0.58051014
0x49451c6af70feef6ef29b8c78bc17d4bdaf9fdaa,MATIC,0.54227245
0x49451c6af70feef6ef29b8c78bc17d4bdaf9fdaa,MAV,0.48094362
0x49451c6af70feef6ef29b8c78bc17d4bdaf9fdaa,MBOX,0.561597
0x49451c6af70feef6ef29b8c78bc17d4bdaf9fdaa,MKR,0.56819415
0x49451c6af70feef6ef29b8c78bc17d4bdaf9fdaa,MOON,0.49898243
0x49451c6af70feef6ef29b8c78bc17d4bdaf9fdaa,NEAR,0.46446157
0x49451c6af70feef6ef29b8c78bc17d4bdaf9fdaa,OP,0.5039064
0x49451c6af70feef6ef29b8c78bc17d4bdaf9fdaa,PENDLE,0.52111286
0x49451c6af70feef6ef29b8c78bc17d4bdaf9fdaa,PEPE,0.54830366
0x49451c6af70feef6ef29b8c78bc17d4bdaf9fdaa,PERP,0.34986323
0x49451c6af70feef6ef29b8c78bc17d4bdaf9fdaa,PIT,0.50483024
0x49451c6af70feef6ef29b8c78bc17d4bdaf9fdaa,POLS,0.47888312
0x49451c6af70feef6ef29b8c78bc17d4bdaf9fdaa,PYTH,0.49209854
0x49451c6af70feef6ef29b8c78bc17d4bdaf9fdaa,QUACK,0.49418235
0x49451c6af70feef6ef29b8c78bc17d4bdaf9fdaa,RDNT,0.52411854
0x49451c6af70feef6ef29b8c78bc17d4bdaf9fdaa,RNDR,0.4624815
0x49451c6af70feef6ef29b8c78bc17d4bdaf9fdaa,RPL,0.46008208
0x49451c6af70feef6ef29b8c78bc17d4bdaf9fdaa,RUNE,0.49376786
0x49451c6af70feef6ef29b8c78bc17d4bdaf9fdaa,SFP,0.46471995
0x49451c6af70feef6ef29b8c78bc17d4bdaf9fdaa,SFUND,0.49191156
0x49451c6af70feef6ef29b8c78bc17d4bdaf9fdaa,SHIB,0.48949146
0x49451c6af70feef6ef29b8c78bc17d4bdaf9fdaa,SOL,0.5411514
0x49451c6af70feef6ef29b8c78bc17d4bdaf9fdaa,STG,0.53489166
0x49451c6af70feef6ef29b8c78bc17d4bdaf9fdaa,SUI,0.4539371
0x49451c6af70feef6ef29b8c78bc17d4bdaf9fdaa,SUSHI,0.50003403
0x49451c6af70feef6ef29b8c78bc17d4bdaf9fdaa,TIA,0.4352262
0x49451c6af70feef6ef29b8c78bc17d4bdaf9fdaa,TOKEN,0.49841926
0x49451c6af70feef6ef29b8c78bc17d4bdaf9fdaa,TRX,0.5706426
0x49451c6af70feef6ef29b8c78bc17d4bdaf9fdaa,UNI,0.48835513
0x49451c6af70feef6ef29b8c78bc17d4bdaf9fdaa,USDT,0.561742
0x49451c6af70feef6ef29b8c78bc17d4bdaf9fdaa,XLM,0.50172967
0x49451c6af70feef6ef29b8c78bc17d4bdaf9fdaa,XMR,0.5958616
0x49451c6af70feef6ef29b8c78bc17d4bdaf9fdaa,XRP,0.5409902
0x49451c6af70feef6ef29b8c78bc17d4bdaf9fdaa,XTZ,0.513147
0x49451c6af70feef6ef29b8c78bc17d4bdaf9fdaa,XVS,0.5448041
0x49451c6af70feef6ef29b8c78bc17d4bdaf9fdaa,YFI,0.5191777
0x521c9c1d68f8684b098be00a5cf479e9aaebf0f7,AAVE,0.48931432
0x521c9c1d68f8684b098be00a5cf479e9aaebf0f7,ADA,0.5219104
0x521c9c1d68f8684b098be00a5cf479e9aaebf0f7,ALGO,0.544738
0x521c9c1d68f8684b098be00a5cf479e9aaebf0f7,APE,0.4983914
0x521c9c1d68f8684b098be00a5cf479e9aaebf0f7,APT,0.511643
0x521c9c1d68f8684b098be00a5cf479e9aaebf0f7,ATOM,0.4960867
0x521c9c1d68f8684b098be00a5cf479e9aaebf0f7,AVAX,0.5373271
0x521c9c1d68f8684b098be00a5cf479e9aaebf0f7,AXS,0.4908751
0x521c9c1d68f8684b098be00a5cf479e9aaebf0f7,BAL,0.5223813
0x521c9c1d68f8684b098be00a5cf479e9aaebf0f7,BCH,0.5098174
0x521c9c1d68f8684b098be00a5cf479e9aaebf0f7,BLUR,0.49272585
0x521c9c1d68f8684b098be00a5cf479e9aaebf0f7,BNB,0.53206646
0x521c9c1d68f8684b098be00a5cf479e9aaebf0f7,BONK,0.5115326
0x521c9c1d68f8684b098be00a5cf479e9aaebf0f7,BTC,0.5310044
0x521c9c1d68f8684b098be00a5cf479e9aaebf0f7,C98,0.5204987
0x521c9c1d68f8684b098be00a5cf479e9aaebf0f7,CAKE,0.5357209
0x521c9c1d68f8684b098be00a5cf479e9aaebf0f7,COMP,0.51286834
0x521c9c1d68f8684b098be00a5cf479e9aaebf0f7,CRV,0.5084836
0x521c9c1d68f8684b098be00a5cf479e9aaebf0f7,CVX,0.5099355
0x521c9c1d68f8684b098be00a5cf479e9aaebf0f7,DAI,0.5103642
0x521c9c1d68f8684b098be00a5cf479e9aaebf0f7,DAO,0.5065596
0x521c9c1d68f8684b098be00a5cf479e9aaebf0f7,DOGE,0.517209
0x521c9c1d68f8684b098be00a5cf479e9aaebf0f7,DOT,0.5118552
0x521c9c1d68f8684b098be00a5cf479e9aaebf0f7,DYDX,0.47471112
0x521c9c1d68f8684b098be00a5cf479e9aaebf0f7,EOS,0.49291748
0x521c9c1d68f8684b098be00a5cf479e9aaebf0f7,ETC,0.5254726
0x521c9c1d68f8684b098be00a5cf479e9aaebf0f7,ETH,0.5301326
0x521c9c1d68f8684b098be00a5cf479e9aaebf0f7,FET,0.4877722
0x521c9c1d68f8684b098be00a5cf479e9aaebf0f7,FIL,0.5333064
0x521c9c1d68f8684b098be00a5cf479e9aaebf0f7,FRAX,0.5527318
0x521c9c1d68f8684b098be00a5cf479e9aaebf0f7,FTM,0.5121506
0x521c9c1d68f8684b098be00a5cf479e9aaebf0f7,FXS,0.5272315
0x521c9c1d68f8684b098be00a5cf479e9aaebf0f7,GRT,0.5292313
0x521c9c1d68f8684b098be00a5cf479e9aaebf0f7,HAI,0.5011841
0x521c9c1d68f8684b098be00a5cf479e9aaebf0f7,HERO,0.5205243
0x521c9c1d68f8684b098be00a5cf479e9aaebf0f7,ICP,0.53548986
0x521c9c1d68f8684b098be00a5cf479e9aaebf0f7,IMX,0.51754427
0x521c9c1d68f8684b098be00a5cf479e9aaebf0f7,INJ,0.48995173
0x521c9c1d68f8684b098be00a5cf479e9aaebf0f7,LDO,0.49488845
0x521c9c1d68f8684b098be00a5cf479e9aaebf0f7,LINK,0.53885305
0x521c9c1d68f8684b098be00a5cf479e9aaebf0f7,LTC,0.53942335
0x521c9c1d68f8684b098be00a5cf479e9aaebf0f7,MATIC,0.4938567
0x521c9c1d68f8684b098be00a5cf479e9aaebf0f7,MAV,0.47420242
0x521c9c1d68f8684b098be00a5cf479e9aaebf0f7,MBOX,0.52028126
0x521c9c1d68f8684b098be00a5cf479e9aaebf0f7,MKR,0.5190988
0x521c9c1d68f8684b098be00a5cf479e9aaebf0f7,MOON,0.5318938
0x521c9c1d68f8684b098be00a5cf479e9aaebf0f7,NEAR,0.5058231
0x521c9c1d68f8684b098be00a5cf479e9aaebf0f7,OP,0.5088085
0x521c9c1d68f8684b098be00a5cf479e9aaebf0f7,PENDLE,0.49089578
0x521c9c1d68f8684b098be00a5cf479e9aaebf0f7,PEPE,0.5014261
0x521c9c1d68f8684b098be00a5cf479e9aaebf0f7,PERP,0.5289407
0x521c9c1d68f8684b098be00a5cf479e9aaebf0f7,PIT,0.5479096
0x521c9c1d68f8684b098be00a5cf479e9aaebf0f7,POLS,0.5320858
0x521c9c1d68f8684b098be00a5cf479e9aaebf0f7,PYTH,0.5054481
0x521c9c1d68f8684b098be00a5cf479e9aaebf0f7,QUACK,0.53731567
0x521c9c1d68f8684b098be00a5cf479e9aaebf0f7,RDNT,0.5078473
0x521c9c1d68f8684b098be00a5cf479e9aaebf0f7,RNDR,0.51880616
0x521c9c1d68f8684b098be00a5cf479e9aaebf0f7,RPL,0.5138994
0x521c9c1d68f8684b098be00a5cf479e9aaebf0f7,RUNE,0.5258926
0x521c9c1d68f8684b098be00a5cf479e9aaebf0f7,SFP,0.55380356
0x521c9c1d68f8684b098be00a5cf479e9aaebf0f7,SFUND,0.5262087
0x521c9c1d68f8684b098be00a5cf479e9aaebf0f7,SHIB,0.52930546
0x521c9c1d68f8684b098be00a5cf479e9aaebf0f7,SOL,0.52724886
0x521c9c1d68f8684b098be00a5cf479e9aaebf0f7,STG,0.5440442
0x521c9c1d68f8684b098be00a5cf479e9aaebf0f7,SUI,0.531809
0x521c9c1d68f8684b098be00a5cf479e9aaebf0f7,SUSHI,0.5263441
0x521c9c1d68f8684b098be00a5cf479e9aaebf0f7,TIA,0.539778
0x521c9c1d68f8684b098be00a5cf479e9aaebf0f7,TOKEN,0.54986995
0x521c9c1d68f8684b098be00a5cf479e9aaebf0f7,TRX,0.53862894
0x521c9c1d68f8684b098be00a5cf479e9aaebf0f7,UNI,0.535497
0x521c9c1d68f8684b098be00a5cf479e9aaebf0f7,USDT,0.512883
0x521c9c1d68f8684b098be00a5cf479e9aaebf0f7,XLM,0.5195121
0x521c9c1d68f8684b098be00a5cf479e9aaebf0f7,XMR,0.53576887
0x521c9c1d68f8684b098be00a5cf479e9aaebf0f7,XRP,0.5242218
0x521c9c1d68f8684b098be00a5cf479e9aaebf0f7,XTZ,0.53576535
0x521c9c1d68f8684b098be00a5cf479e9aaebf0f7,XVS,0.5038283
0x521c9c1d68f8684b098be00a5cf479e9aaebf0f7,YFI,0.52502507
0x56d3fc9aa7062fd7b893c1ae33b365776ae1ee9d,AAVE,0.5360245617739475
0x56d3fc9aa7062fd7b893c1ae33b365776ae1ee9d,ADA,0.5322924991556178
0x56d3fc9aa7062fd7b893c1ae33b365776ae1ee9d,ALGO,0.4982603637176557
0x56d3fc9aa7062fd7b893c1ae33b365776ae1ee9d,APE,0.5166461732547878
0x56d3fc9aa7062fd7b893c1ae33b365776ae1ee9d,APT,0.5251653943065612
0x56d3fc9aa7062fd7b893c1ae33b365776ae1ee9d,ATOM,0.557350980151689
0x56d3fc9aa7062fd7b893c1ae33b365776ae1ee9d,AVAX,0.535206637848377
0x56d3fc9aa7062fd7b893c1ae33b365776ae1ee9d,AXS,0.5006543334926602
0x56d3fc9aa7062fd7b893c1ae33b365776ae1ee9d,BAL,0.5134821778176767
0x56d3fc9aa7062fd7b893c1ae33b365776ae1ee9d,BCH,0.4934040497809502
0x56d3fc9aa7062fd7b893c1ae33b365776ae1ee9d,BLUR,0.5247016455540745
0x56d3fc9aa7062fd7b893c1ae33b365776ae1ee9d,BNB,0.5437857821073574
0x56d3fc9aa7062fd7b893c1ae33b365776ae1ee9d,BONK,0.5319310222563156
0x56d3fc9aa7062fd7b893c1ae33b365776ae1ee9d,BTC,0.5796017897375676
0x56d3fc9aa7062fd7b893c1ae33b365776ae1ee9d,C98,0.4912106244115015
0x56d3fc9aa7062fd7b893c1ae33b365776ae1ee9d,CAKE,0.5202368687992052
0x56d3fc9aa7062fd7b893c1ae33b365776ae1ee9d,COMP,0.5142481102600222
0x56d3fc9aa7062fd7b893c1ae33b365776ae1ee9d,CRV,0.5348307638493492
0x56d3fc9aa7062fd7b893c1ae33b365776ae1ee9d,CVX,0.454884309131527
0x56d3fc9aa7062fd7b893c1ae33b365776ae1ee9d,DAI,0.6540721200614297
0x56d3fc9aa7062fd7b893c1ae33b365776ae1ee9d,DAO,0.4324135136391495
0x56d3fc9aa7062fd7b893c1ae33b365776ae1ee9d,DOGE,0.511521220684493
0x56d3fc9aa7062fd7b893c1ae33b365776ae1ee9d,DOT,0.5094836808743495
0x56d3fc9aa7062fd7b893c1ae33b365776ae1ee9d,DYDX,0.5043008059449302
0x56d3fc9aa7062fd7b893c1ae33b365776ae1ee9d,EOS,0.5154461193219899
0x56d3fc9aa7062fd7b893c1ae33b365776ae1ee9d,ETC,0.5560456442549377
0x56d3fc9aa7062fd7b893c1ae33b365776ae1ee9d,ETH,0.5831492545496302
0x56d3fc9aa7062fd7b893c1ae33b365776ae1ee9d,FET,0.3880337397692912
0x56d3fc9aa7062fd7b893c1ae33b365776ae1ee9d,FIL,0.5133278150169153
0x56d3fc9aa7062fd7b893c1ae33b365776ae1ee9d,FRAX,0.6191527043198155
0x56d3fc9aa7062fd7b893c1ae33b365776ae1ee9d,FTM,0.4767919840649681
0x56d3fc9aa7062fd7b893c1ae33b365776ae1ee9d,FXS,0.5232419524359161
0x56d3fc9aa7062fd7b893c1ae33b365776ae1ee9d,GRT,0.5203339390685411
0x56d3fc9aa7062fd7b893c1ae33b365776ae1ee9d,HAI,0.4977745767955862
0x56d3fc9aa7062fd7b893c1ae33b365776ae1ee9d,HERO,0.5368036271388282
0x56d3fc9aa7062fd7b893c1ae33b365776ae1ee9d,ICP,0.5079532102003843
0x56d3fc9aa7062fd7b893c1ae33b365776ae1ee9d,IMX,0.4971416629077791
0x56d3fc9aa7062fd7b893c1ae33b365776ae1ee9d,INJ,0.4976206309736386
0x56d3fc9aa7062fd7b893c1ae33b365776ae1ee9d,LDO,0.5022467157070931
0x56d3fc9aa7062fd7b893c1ae33b365776ae1ee9d,LINK,0.5431034990932079
0x56d3fc9aa7062fd7b893c1ae33b365776ae1ee9d,LTC,0.5594370736229577
0x56d3fc9aa7062fd7b893c1ae33b365776ae1ee9d,MATIC,0.4929513093871367
0x56d3fc9aa7062fd7b893c1ae33b365776ae1ee9d,MAV,0.4998248682402621
0x56d3fc9aa7062fd7b893c1ae33b365776ae1ee9d,MBOX,0.5234745463041872
0x56d3fc9aa7062fd7b893c1ae33b365776ae1ee9d,MKR,0.5326359495529872
0x56d3fc9aa7062fd7b893c1ae33b365776ae1ee9d,MOON,0.5736789686867976
0x56d3fc9aa7062fd7b893c1ae33b365776ae1ee9d,NEAR,0.4998251348215197
0x56d3fc9aa7062fd7b893c1ae33b365776ae1ee9d,OP,0.5201035244672948
0x56d3fc9aa7062fd7b893c1ae33b365776ae1ee9d,PENDLE,0.5128342812325025
0x56d3fc9aa7062fd7b893c1ae33b365776ae1ee9d,PEPE,0.5106976155014648
0x56d3fc9aa7062fd7b893c1ae33b365776ae1ee9d,PERP,0.3605991053668859
0x56d3fc9aa7062fd7b893c1ae33b365776ae1ee9d,PIT,0.5430249883407633
0x56d3fc9aa7062fd7b893c1ae33b365776ae1ee9d,POLS,0.4957924901239352
0x56d3fc9aa7062fd7b893c1ae33b365776ae1ee9d,PYTH,0.5147474807082493
0x56d3fc9aa7062fd7b893c1ae33b365776ae1ee9d,QUACK,0.6218562997082527
0x56d3fc9aa7062fd7b893c1ae33b365776ae1ee9d,RDNT,0.3568187817843123
0x56d3fc9aa7062fd7b893c1ae33b365776ae1ee9d,RNDR,0.4706630854986314
0x56d3fc9aa7062fd7b893c1ae33b365776ae1ee9d,RPL,0.4825143033139819
0x56d3fc9aa7062fd7b893c1ae33b365776ae1ee9d,RUNE,0.5151572996102719
0x56d3fc9aa7062fd7b893c1ae33b365776ae1ee9d,SFP,0.5210920485475519
0x56d3fc9aa7062fd7b893c1ae33b365776ae1ee9d,SFUND,0.4569073230102418
0x56d3fc9aa7062fd7b893c1ae33b365776ae1ee9d,SHIB,0.5138997030312533
0x56d3fc9aa7062fd7b893c1ae33b365776ae1ee9d,SOL,0.5362108480469965
0x56d3fc9aa7062fd7b893c1ae33b365776ae1ee9d,STG,0.4995335502146405
0x56d3fc9aa7062fd7b893c1ae33b365776ae1ee9d,SUI,0.4972346903353536
0x56d3fc9aa7062fd7b893c1ae33b365776ae1ee9d,SUSHI,0.5301356915638911
0x56d3fc9aa7062fd7b893c1ae33b365776ae1ee9d,TIA,0.5073259353217755
0x56d3fc9aa7062fd7b893c1ae33b365776ae1ee9d,TOKEN,0.4868865374555033
0x56d3fc9aa7062fd7b893c1ae33b365776ae1ee9d,TRX,0.5891268551047533
0x56d3fc9aa7062fd7b893c1ae33b365776ae1ee9d,UNI,0.5110701088400385
0x56d3fc9aa7062fd7b893c1ae33b365776ae1ee9d,USDT,0.6174881490721569
0x56d3fc9aa7062fd7b893c1ae33b365776ae1ee9d,XLM,0.4977589922139709
0x56d3fc9aa7062fd7b893c1ae33b365776ae1ee9d,XMR,0.4822087456087219
0x56d3fc9aa7062fd7b893c1ae33b365776ae1ee9d,XRP,0.5119006268228911
0x56d3fc9aa7062fd7b893c1ae33b365776ae1ee9d,XTZ,0.541615547826313
0x56d3fc9aa7062fd7b893c1ae33b365776ae1ee9d,XVS,0.5361135545924184
0x56d3fc9aa7062fd7b893c1ae33b365776ae1ee9d,YFI,0.5636055352799006
0x5d8ec9180099a0f171f5f9615b66ee424ad5b330,AAVE,0.5321039049241
0x5d8ec9180099a0f171f5f9615b66ee424ad5b330,ADA,0.5836687738748603
0x5d8ec9180099a0f171f5f9615b66ee424ad5b330,ALGO,0.5274114465246895
0x5d8ec9180099a0f171f5f9615b66ee424ad5b330,APE,0.5523384769096682
0x5d8ec9180099a0f171f5f9615b66ee424ad5b330,APT,0.4994142016349102
0x5d8ec9180099a0f171f5f9615b66ee424ad5b330,ATOM,0.5193855045520097
0x5d8ec9180099a0f171f5f9615b66ee424ad5b330,AVAX,0.5153625114954382
0x5d8ec9180099a0f171f5f9615b66ee424ad5b330,AXS,0.4977615836669077
0x5d8ec9180099a0f171f5f9615b66ee424ad5b330,BAL,0.4760557561831097
0x5d8ec9180099a0f171f5f9615b66ee424ad5b330,BCH,0.5404853012425914
0x5d8ec9180099a0f171f5f9615b66ee424ad5b330,BLUR,0.5786384317698612
0x5d8ec9180099a0f171f5f9615b66ee424ad5b330,BNB,0.5546430990996524
0x5d8ec9180099a0f171f5f9615b66ee424ad5b330,BONK,0.5577616309950815
0x5d8ec9180099a0f171f5f9615b66ee424ad5b330,BTC,0.6020608859833851
0x5d8ec9180099a0f171f5f9615b66ee424ad5b330,C98,0.4565236887152213
0x5d8ec9180099a0f171f5f9615b66ee424ad5b330,CAKE,0.5548748511647242
0x5d8ec9180099a0f171f5f9615b66ee424ad5b330,COMP,0.422871739708731
0x5d8ec9180099a0f171f5f9615b66ee424ad5b330,CRV,0.5711633043782581
0x5d8ec9180099a0f171f5f9615b66ee424ad5b330,CVX,0.4895498752006696
0x5d8ec9180099a0f171f5f9615b66ee424ad5b330,DAI,0.6123565203731937
0x5d8ec9180099a0f171f5f9615b66ee424ad5b330,DAO,0.4859847858731824
0x5d8ec9180099a0f171f5f9615b66ee424ad5b330,DOGE,0.549538329315844
0x5d8ec9180099a0f171f5f9615b66ee424ad5b330,DOT,0.5335052191045451
0x5d8ec9180099a0f171f5f9615b66ee424ad5b330,DYDX,0.5294255965752817
0x5d8ec9180099a0f171f5f9615b66ee424ad5b330,EOS,0.518959949918842
0x5d8ec9180099a0f171f5f9615b66ee424ad5b330,ETC,0.6315506336772937
0x5d8ec9180099a0f171f5f9615b66ee424ad5b330,ETH,0.5860988295229772
0x5d8ec9180099a0f171f5f9615b66ee424ad5b330,FET,0.3924107934484164
0x5d8ec9180099a0f171f5f9615b66ee424ad5b330,FIL,0.5438910272417135
0x5d8ec9180099a0f171f5f9615b66ee424ad5b330,FRAX,0.5701476582783802
0x5d8ec9180099a0f171f5f9615b66ee424ad5b330,FTM,0.4781923482064152
0x5d8ec9180099a0f171f5f9615b66ee424ad5b330,FXS,0.5328387844827489
0x5d8ec9180099a0f171f5f9615b66ee424ad5b330,GRT,0.5603112462042443
0x5d8ec9180099a0f171f5f9615b66ee424ad5b330,HAI,0.4828507913252852
0x5d8ec9180099a0f171f5f9615b66ee424ad5b330,HERO,0.5704860952473677
0x5d8ec9180099a0f171f5f9615b66ee424ad5b330,ICP,0.503230359247428
0x5d8ec9180099a0f171f5f9615b66ee424ad5b330,IMX,0.5146223639687526
0x5d8ec9180099a0f171f5f9615b66ee424ad5b330,INJ,0.534288253747989
0x5d8ec9180099a0f171f5f9615b66ee424ad5b330,LDO,0.5293434729548241
0x5d8ec9180099a0f171f5f9615b66ee424ad5b330,LINK,0.5222986604477936
0x5d8ec9180099a0f171f5f9615b66ee424ad5b330,LTC,0.5543946364160861
0x5d8ec9180099a0f171f5f9615b66ee424ad5b330,MATIC,0.471659979836899
0x5d8ec9180099a0f171f5f9615b66ee424ad5b330,MAV,0.5487298977378594
0x5d8ec9180099a0f171f5f9615b66ee424ad5b330,MBOX,0.5567701250191516
0x5d8ec9180099a0f171f5f9615b66ee424ad5b330,MKR,0.4848082868559848
0x5d8ec9180099a0f171f5f9615b66ee424ad5b330,MOON,0.5788945924376329
0x5d8ec9180099a0f171f5f9615b66ee424ad5b330,NEAR,0.5388235875466887
0x5d8ec9180099a0f171f5f9615b66ee424ad5b330,OP,0.4685859248495451
0x5d8ec9180099a0f171f5f9615b66ee424ad5b330,PENDLE,0.5160965647871453
0x5d8ec9180099a0f171f5f9615b66ee424ad5b330,PEPE,0.5505386977344365
0x5d8ec9180099a0f171f5f9615b66ee424ad5b330,PERP,0.3550644542037398
0x5d8ec9180099a0f171f5f9615b66ee424ad5b330,PIT,0.5556740596235068
0x5d8ec9180099a0f171f5f9615b66ee424ad5b330,POLS,0.5267255175448761
0x5d8ec9180099a0f171f5f9615b66ee424ad5b330,PYTH,0.5184312251622377
0x5d8ec9180099a0f171f5f9615b66ee424ad5b330,QUACK,0.6144696461919952
0x5d8ec9180099a0f171f5f9615b66ee424ad5b330,RDNT,0.3892337724763228
0x5d8ec9180099a0f171f5f9615b66ee424ad5b330,RNDR,0.454085393595984
0x5d8ec9180099a0f171f5f9615b66ee424ad5b330,RPL,0.4934327849413961
0x5d8ec9180099a0f171f5f9615b66ee424ad5b330,RUNE,0.5304242890516411
0x5d8ec9180099a0f171f5f9615b66ee424ad5b330,SFP,0.502212472285097
0x5d8ec9180099a0f171f5f9615b66ee424ad5b330,SFUND,0.5188953781585304
0x5d8ec9180099a0f171f5f9615b66ee424ad5b330,SHIB,0.4839760359265049
0x5d8ec9180099a0f171f5f9615b66ee424ad5b330,SOL,0.5547203942365232
0x5d8ec9180099a0f171f5f9615b66ee424ad5b330,STG,0.5015847573956984
0x5d8ec9180099a0f171f5f9615b66ee424ad5b330,SUI,0.4915505221960338
0x5d8ec9180099a0f171f5f9615b66ee424ad5b330,SUSHI,0.5019830785492799
0x5d8ec9180099a0f171f5f9615b66ee424ad5b330,TIA,0.5117702674594056
0x5d8ec9180099a0f171f5f9615b66ee424ad5b330,TOKEN,0.5415282182157987
0x5d8ec9180099a0f171f5f9615b66ee424ad5b330,TRX,0.5429716389337343
0x5d8ec9180099a0f171f5f9615b66ee424ad5b330,UNI,0.525939950371917
0x5d8ec9180099a0f171f5f9615b66ee424ad5b330,USDT,0.6161166463877641
0x5d8ec9180099a0f171f5f9615b66ee424ad5b330,XLM,0.486962060722438
0x5d8ec9180099a0f171f5f9615b66ee424ad5b330,XMR,0.4741275429623252
0x5d8ec9180099a0f171f5f9615b66ee424ad5b330,XRP,0.5214442947909474
0x5d8ec9180099a0f171f5f9615b66ee424ad5b330,XTZ,0.519771483267525
0x5d8ec9180099a0f171f5f9615b66ee424ad5b330,XVS,0.5656289847740394
0x5d8ec9180099a0f171f5f9615b66ee424ad5b330,YFI,0.566300721377845
0x5f05ab6ed6106d6c962823e481bd9f39c6d60e96,AAVE,0.51153666
0x5f05ab6ed6106d6c962823e481bd9f39c6d60e96,ADA,0.50942844
0x5f05ab6ed6106d6c962823e481bd9f39c6d60e96,ALGO,0.50239664
0x5f05ab6ed6106d6c962823e481bd9f39c6d60e96,APE,0.5522208
0x5f05ab6ed6106d6c962823e481bd9f39c6d60e96,APT,0.4819921
0x5f05ab6ed6106d6c962823e481bd9f39c6d60e96,ATOM,0.58785063
0x5f05ab6ed6106d6c962823e481bd9f39c6d60e96,AVAX,0.5149009
0x5f05ab6ed6106d6c962823e481bd9f39c6d60e96,AXS,0.53209096
0x5f05ab6ed6106d6c962823e481bd9f39c6d60e96,BAL,0.4798904
0x5f05ab6ed6106d6c962823e481bd9f39c6d60e96,BCH,0.57954204
0x5f05ab6ed6106d6c962823e481bd9f39c6d60e96,BLUR,0.44784632
0x5f05ab6ed6106d6c962823e481bd9f39c6d60e96,BNB,0.5508593
0x5f05ab6ed6106d6c962823e481bd9f39c6d60e96,BONK,0.5147925
0x5f05ab6ed6106d6c962823e481bd9f39c6d60e96,BTC,0.59693366
0x5f05ab6ed6106d6c962823e481bd9f39c6d60e96,C98,0.49046478
0x5f05ab6ed6106d6c962823e481bd9f39c6d60e96,CAKE,0.56838554
0x5f05ab6ed6106d6c962823e481bd9f39c6d60e96,COMP,0.5382493
0x5f05ab6ed6106d6c962823e481bd9f39c6d60e96,CRV,0.54829955
0x5f05ab6ed6106d6c962823e481bd9f39c6d60e96,CVX,0.48054147
0x5f05ab6ed6106d6c962823e481bd9f39c6d60e96,DAI,0.6378908
0x5f05ab6ed6106d6c962823e481bd9f39c6d60e96,DAO,0.39707157
0x5f05ab6ed6106d6c962823e481bd9f39c6d60e96,DOGE,0.4921489
0x5f05ab6ed6106d6c962823e481bd9f39c6d60e96,DOT,0.45593926
0x5f05ab6ed6106d6c962823e481bd9f39c6d60e96,DYDX,0.498558
0x5f05ab6ed6106d6c962823e481bd9f39c6d60e96,EOS,0.53480715
0x5f05ab6ed6106d6c962823e481bd9f39c6d60e96,ETC,0.46203655
0x5f05ab6ed6106d6c962823e481bd9f39c6d60e96,ETH,0.56837887
0x5f05ab6ed6106d6c962823e481bd9f39c6d60e96,FET,0.4239688
0x5f05ab6ed6106d6c962823e481bd9f39c6d60e96,FIL,0.52157354
0x5f05ab6ed6106d6c962823e481bd9f39c6d60e96,FRAX,0.6340786
0x5f05ab6ed6106d6c962823e481bd9f39c6d60e96,FTM,0.52424914
0x5f05ab6ed6106d6c962823e481bd9f39c6d60e96,FXS,0.46970382
0x5f05ab6ed6106d6c962823e481bd9f39c6d60e96,GRT,0.49960417
0x5f05ab6ed6106d6c962823e481bd9f39c6d60e96,HAI,0.47693607
0x5f05ab6ed6106d6c962823e481bd9f39c6d60e96,HERO,0.51150143
0x5f05ab6ed6106d6c962823e481bd9f39c6d60e96,ICP,0.47122502
0x5f05ab6ed6106d6c962823e481bd9f39c6d60e96,IMX,0.4493248
0x5f05ab6ed6106d6c962823e481bd9f39c6d60e96,INJ,0.49432865
0x5f05ab6ed6106d6c962823e481bd9f39c6d60e96,LDO,0.5171289
0x5f05ab6ed6106d6c962823e481bd9f39c6d60e96,LINK,0.46398404
0x5f05ab6ed6106d6c962823e481bd9f39c6d60e96,LTC,0.55487096
0x5f05ab6ed6106d6c962823e481bd9f39c6d60e96,MATIC,0.4819441
0x5f05ab6ed6106d6c962823e481bd9f39c6d60e96,MAV,0.51345855
0x5f05ab6ed6106d6c962823e481bd9f39c6d60e96,MBOX,0.51260567
0x5f05ab6ed6106d6c962823e481bd9f39c6d60e96,MKR,0.5997148
0x5f05ab6ed6106d6c962823e481bd9f39c6d60e96,MOON,0.58977956
0x5f05ab6ed6106d6c962823e481bd9f39c6d60e96,NEAR,0.48278734
0x5f05ab6ed6106d6c962823e481bd9f39c6d60e96,OP,0.5091557
0x5f05ab6ed6106d6c962823e481bd9f39c6d60e96,PENDLE,0.55882144
0x5f05ab6ed6106d6c962823e481bd9f39c6d60e96,PEPE,0.50871575
0x5f05ab6ed6106d6c962823e481bd9f39c6d60e96,PERP,0.33268765
0x5f05ab6ed6106d6c962823e481bd9f39c6d60e96,PIT,0.5436613
0x5f05ab6ed6106d6c962823e481bd9f39c6d60e96,POLS,0.49421868
0x5f05ab6ed6106d6c962823e481bd9f39c6d60e96,PYTH,0.5079246
0x5f05ab6ed6106d6c962823e481bd9f39c6d60e96,QUACK,0.5735619
0x5f05ab6ed6106d6c962823e481bd9f39c6d60e96,RDNT,0.33851072
0x5f05ab6ed6106d6c962823e481bd9f39c6d60e96,RNDR,0.45829782
0x5f05ab6ed6106d6c962823e481bd9f39c6d60e96,RPL,0.490555
0x5f05ab6ed6106d6c962823e481bd9f39c6d60e96,RUNE,0.5156299
0x5f05ab6ed6106d6c962823e481bd9f39c6d60e96,SFP,0.49677536
0x5f05ab6ed6106d6c962823e481bd9f39c6d60e96,SFUND,0.4970457
0x5f05ab6ed6106d6c962823e481bd9f39c6d60e96,SHIB,0.45191026
0x5f05ab6ed6106d6c962823e481bd9f39c6d60e96,SOL,0.5387716
0x5f05ab6ed6106d6c962823e481bd9f39c6d60e96,STG,0.46474344
0x5f05ab6ed6106d6c962823e481bd9f39c6d60e96,SUI,0.52237135
0x5f05ab6ed6106d6c962823e481bd9f39c6d60e96,SUSHI,0.5052659
0x5f05ab6ed6106d6c962823e481bd9f39c6d60e96,TIA,0.549519
0x5f05ab6ed6106d6c962823e481bd9f39c6d60e96,TOKEN,0.5145845
0x5f05ab6ed6106d6c962823e481bd9f39c6d60e96,TRX,0.54329365
0x5f05ab6ed6106d6c962823e481bd9f39c6d60e96,UNI,0.53167033
0x5f05ab6ed6106d6c962823e481bd9f39c6d60e96,USDT,0.57960516
0x5f05ab6ed6106d6c962823e481bd9f39c6d60e96,XLM,0.50810564
0x5f05ab6ed6106d6c962823e481bd9f39c6d60e96,XMR,0.4765196
0x5f05ab6ed6106d6c962823e481bd9f39c6d60e96,XRP,0.48183033
0x5f05ab6ed6106d6c962823e481bd9f39c6d60e96,XTZ,0.52727234
0x5f05ab6ed6106d6c962823e481bd9f39c6d60e96,XVS,0.5268457
0x5f05ab6ed6106d6c962823e481bd9f39c6d60e96,YFI,0.56538707
0x6cb72d052d57563180474923fdd9f827455637db,AAVE,0.3552631578947368
0x6cb72d052d57563180474923fdd9f827455637db,ADA,0.8355263157894737
0x6cb72d052d57563180474923fdd9f827455637db,ALGO,0.6973684210526315
0x6cb72d052d57563180474923fdd9f827455637db,APE,0.6447368421052632
0x6cb72d052d57563180474923fdd9f827455637db,APT,0.0263157894736842
0x6cb72d052d57563180474923fdd9f827455637db,ATOM,0.5921052631578947
0x6cb72d052d57563180474923fdd9f827455637db,AVAX,0.8355263157894737
0x6cb72d052d57563180474923fdd9f827455637db,AXS,0.2236842105263158
0x6cb72d052d57563180474923fdd9f827455637db,BAL,0.4342105263157895
0x6cb72d052d57563180474923fdd9f827455637db,BCH,0.881578947368421
0x6cb72d052d57563180474923fdd9f827455637db,BLUR,0.2763157894736842
0x6cb72d052d57563180474923fdd9f827455637db,BNB,0.986842105263158
0x6cb72d052d57563180474923fdd9f827455637db,BONK,0.6578947368421053
0x6cb72d052d57563180474923fdd9f827455637db,BTC,1.0
0x6cb72d052d57563180474923fdd9f827455637db,C98,0.3881578947368421
0x6cb72d052d57563180474923fdd9f827455637db,CAKE,0.8947368421052632
0x6cb72d052d57563180474923fdd9f827455637db,COMP,0.5526315789473685
0x6cb72d052d57563180474923fdd9f827455637db,CRV,0.8026315789473685
0x6cb72d052d57563180474923fdd9f827455637db,CVX,0.0526315789473684
0x6cb72d052d57563180474923fdd9f827455637db,DAI,0.3421052631578947
0x6cb72d052d57563180474923fdd9f827455637db,DAO,0.4605263157894737
0x6cb72d052d57563180474923fdd9f827455637db,DOGE,0.9078947368421052
0x6cb72d052d57563180474923fdd9f827455637db,DOT,0.7302631578947368
0x6cb72d052d57563180474923fdd9f827455637db,DYDX,0.4078947368421052
0x6cb72d052d57563180474923fdd9f827455637db,EOS,0.4736842105263157
0x6cb72d052d57563180474923fdd9f827455637db,ETC,0.9342105263157896
0x6cb72d052d57563180474923fdd9f827455637db,ETH,0.9605263157894736
0x6cb72d052d57563180474923fdd9f827455637db,FET,0.4210526315789473
0x6cb72d052d57563180474923fdd9f827455637db,FIL,0.5657894736842105
0x6cb72d052d57563180474923fdd9f827455637db,FRAX,0.1052631578947368
0x6cb72d052d57563180474923fdd9f827455637db,FTM,0.5131578947368421
0x6cb72d052d57563180474923fdd9f827455637db,FXS,0.2105263157894736
0x6cb72d052d57563180474923fdd9f827455637db,GRT,0.8552631578947368
0x6cb72d052d57563180474923fdd9f827455637db,HAI,0.2960526315789473
0x6cb72d052d57563180474923fdd9f827455637db,HERO,0.3684210526315789
0x6cb72d052d57563180474923fdd9f827455637db,ICP,0.3289473684210526
0x6cb72d052d57563180474923fdd9f827455637db,IMX,0.2368421052631578
0x6cb72d052d57563180474923fdd9f827455637db,INJ,0.0
0x6cb72d052d57563180474923fdd9f827455637db,LDO,0.1184210526315789
0x6cb72d052d57563180474923fdd9f827455637db,LINK,0.6842105263157895
0x6cb72d052d57563180474923fdd9f827455637db,LTC,0.9473684210526316
0x6cb72d052d57563180474923fdd9f827455637db,MATIC,0.5131578947368421
0x6cb72d052d57563180474923fdd9f827455637db,MAV,0.2960526315789473
0x6cb72d052d57563180474923fdd9f827455637db,MBOX,0.3157894736842105
0x6cb72d052d57563180474923fdd9f827455637db,MKR,0.8026315789473685
0x6cb72d052d57563180474923fdd9f827455637db,MOON,0.7631578947368421
0x6cb72d052d57563180474923fdd9f827455637db,NEAR,0.4868421052631579
0x6cb72d052d57563180474923fdd9f827455637db,OP,0.9736842105263158
0x6cb72d052d57563180474923fdd9f827455637db,PENDLE,0.131578947368421
0x6cb72d052d57563180474923fdd9f827455637db,PEPE,0.9210526315789472
0x6cb72d052d57563180474923fdd9f827455637db,PERP,0.25
0x6cb72d052d57563180474923fdd9f827455637db,PIT,0.618421052631579
0x6cb72d052d57563180474923fdd9f827455637db,POLS,0.1842105263157894
0x6cb72d052d57563180474923fdd9f827455637db,PYTH,0.0131578947368421
0x6cb72d052d57563180474923fdd9f827455637db,QUACK,0.0394736842105263
0x6cb72d052d57563180474923fdd9f827455637db,RDNT,0.2631578947368421
0x6cb72d052d57563180474923fdd9f827455637db,RNDR,0.5131578947368421
0x6cb72d052d57563180474923fdd9f827455637db,RPL,0.0855263157894736
0x6cb72d052d57563180474923fdd9f827455637db,RUNE,0.5789473684210527
0x6cb72d052d57563180474923fdd9f827455637db,SFP,0.1513157894736842
0x6cb72d052d57563180474923fdd9f827455637db,SFUND,0.0657894736842105
0x6cb72d052d57563180474923fdd9f827455637db,SHIB,0.7302631578947368
0x6cb72d052d57563180474923fdd9f827455637db,SOL,0.868421052631579
0x6cb72d052d57563180474923fdd9f827455637db,STG,0.0855263157894736
0x6cb72d052d57563180474923fdd9f827455637db,SUI,0.618421052631579
0x6cb72d052d57563180474923fdd9f827455637db,SUSHI,0.1973684210526315
0x6cb72d052d57563180474923fdd9f827455637db,TIA,0.4473684210526316
0x6cb72d052d57563180474923fdd9f827455637db,TOKEN,0.1710526315789473
0x6cb72d052d57563180474923fdd9f827455637db,TRX,0.7105263157894737
0x6cb72d052d57563180474923fdd9f827455637db,UNI,0.5394736842105263
0x6cb72d052d57563180474923fdd9f827455637db,USDT,0.7763157894736842
0x6cb72d052d57563180474923fdd9f827455637db,XLM,0.6710526315789473
0x6cb72d052d57563180474923fdd9f827455637db,XMR,0.8026315789473685
0x6cb72d052d57563180474923fdd9f827455637db,XRP,0.75
0x6cb72d052d57563180474923fdd9f827455637db,XTZ,0.618421052631579
0x6cb72d052d57563180474923fdd9f827455637db,XVS,0.3881578947368421
0x6cb72d052d57563180474923fdd9f827455637db,YFI,0.1513157894736842
0x6d7841df878bff8ff84c2730d3051439d3009109,AAVE,0.5599040985107422
0x6d7841df878bff8ff84c2730d3051439d3009109,ADA,0.4409637451171875
0x6d7841df878bff8ff84c2730d3051439d3009109,ALGO,0.4401178359985351
0x6d7841df878bff8ff84c2730d3051439d3009109,APE,0.3985748291015625
0x6d7841df878bff8ff84c2730d3051439d3009109,APT,0.4543066024780273
0x6d7841df878bff8ff84c2730d3051439d3009109,ATOM,0.5063762664794922
0x6d7841df878bff8ff84c2730d3051439d3009109,AVAX,0.4039134979248047
0x6d7841df878bff8ff84c2730d3051439d3009109,AXS,0.5113430023193359
0x6d7841df878bff8ff84c2730d3051439d3009109,BAL,0.4184074401855469
0x6d7841df878bff8ff84c2730d3051439d3009109,BCH,0.7879009246826172
0x6d7841df878bff8ff84c2730d3051439d3009109,BLUR,0.3872909545898437
0x6d7841df878bff8ff84c2730d3051439d3009109,BNB,0.7087173461914062
0x6d7841df878bff8ff84c2730d3051439d3009109,BONK,0.3572368621826172
0x6d7841df878bff8ff84c2730d3051439d3009109,BTC,0.6682958602905273
0x6d7841df878bff8ff84c2730d3051439d3009109,C98,0.3662366867065429
0x6d7841df878bff8ff84c2730d3051439d3009109,CAKE,0.4083166122436523
0x6d7841df878bff8ff84c2730d3051439d3009109,COMP,0.4863719940185547
0x6d7841df878bff8ff84c2730d3051439d3009109,CRV,0.4493179321289062
0x6d7841df878bff8ff84c2730d3051439d3009109,CVX,0.404815673828125
0x6d7841df878bff8ff84c2730d3051439d3009109,DAI,1.0
0x6d7841df878bff8ff84c2730d3051439d3009109,DAO,0.0
0x6d7841df878bff8ff84c2730d3051439d3009109,DOGE,0.4404048919677734
0x6d7841df878bff8ff84c2730d3051439d3009109,DOT,0.3907413482666015
0x6d7841df878bff8ff84c2730d3051439d3009109,DYDX,0.3797693252563476
0x6d7841df878bff8ff84c2730d3051439d3009109,EOS,0.4540472030639648
0x6d7841df878bff8ff84c2730d3051439d3009109,ETC,0.5260992050170898
0x6d7841df878bff8ff84c2730d3051439d3009109,ETH,0.6286840438842773
0x6d7841df878bff8ff84c2730d3051439d3009109,FET,0.0893735885620117
0x6d7841df878bff8ff84c2730d3051439d3009109,FIL,0.4553432464599609
0x6d7841df878bff8ff84c2730d3051439d3009109,FRAX,0.8891868591308594
0x6d7841df878bff8ff84c2730d3051439d3009109,FTM,0.2790803909301758
0x6d7841df878bff8ff84c2730d3051439d3009109,FXS,0.3948984146118164
0x6d7841df878bff8ff84c2730d3051439d3009109,GRT,0.395059585571289
0x6d7841df878bff8ff84c2730d3051439d3009109,HAI,0.3653669357299804
0x6d7841df878bff8ff84c2730d3051439d3009109,HERO,0.4622564315795898
0x6d7841df878bff8ff84c2730d3051439d3009109,ICP,0.3640899658203125
0x6d7841df878bff8ff84c2730d3051439d3009109,IMX,0.3463897705078125
0x6d7841df878bff8ff84c2730d3051439d3009109,INJ,0.4063367843627929
0x6d7841df878bff8ff84c2730d3051439d3009109,LDO,0.390380859375
0x6d7841df878bff8ff84c2730d3051439d3009109,LINK,0.4720344543457031
0x6d7841df878bff8ff84c2730d3051439d3009109,LTC,0.6457853317260742
0x6d7841df878bff8ff84c2730d3051439d3009109,MATIC,0.5119266510009766
0x6d7841df878bff8ff84c2730d3051439d3009109,MAV,0.3606319427490234
0x6d7841df878bff8ff84c2730d3051439d3009109,MBOX,0.3870820999145508
0x6d7841df878bff8ff84c2730d3051439d3009109,MKR,0.5422697067260742
0x6d7841df878bff8ff84c2730d3051439d3009109,MOON,0.4373903274536133
0x6d7841df878bff8ff84c2730d3051439d3009109,NEAR,0.374638557434082
0x6d7841df878bff8ff84c2730d3051439d3009109,OP,0.3978652954101562
0x6d7841df878bff8ff84c2730d3051439d3009109,PENDLE,0.4578237533569336
0x6d7841df878bff8ff84c2730d3051439d3009109,PEPE,0.390237808227539
0x6d7841df878bff8ff84c2730d3051439d3009109,PERP,0.1241588592529296
0x6d7841df878bff8ff84c2730d3051439d3009109,PIT,0.509063720703125
0x6d7841df878bff8ff84c2730d3051439d3009109,POLS,0.3978118896484375
0x6d7841df878bff8ff84c2730d3051439d3009109,PYTH,0.3606805801391601
0x6d7841df878bff8ff84c2730d3051439d3009109,QUACK,0.4687614440917969
0x6d7841df878bff8ff84c2730d3051439d3009109,RDNT,0.3171072006225586
0x6d7841df878bff8ff84c2730d3051439d3009109,RNDR,0.2246255874633789
0x6d7841df878bff8ff84c2730d3051439d3009109,RPL,0.3499584197998047
0x6d7841df878bff8ff84c2730d3051439d3009109,RUNE,0.3779582977294922
0x6d7841df878bff8ff84c2730d3051439d3009109,SFP,0.5428218841552734
0x6d7841df878bff8ff84c2730d3051439d3009109,SFUND,0.3575029373168945
0x6d7841df878bff8ff84c2730d3051439d3009109,SHIB,0.4989051818847656
0x6d7841df878bff8ff84c2730d3051439d3009109,SOL,0.6232357025146484
0x6d7841df878bff8ff84c2730d3051439d3009109,STG,0.4532814025878906
0x6d7841df878bff8ff84c2730d3051439d3009109,SUI,0.3901882171630859
0x6d7841df878bff8ff84c2730d3051439d3009109,SUSHI,0.4013442993164062
0x6d7841df878bff8ff84c2730d3051439d3009109,TIA,0.2990121841430664
0x6d7841df878bff8ff84c2730d3051439d3009109,TOKEN,0.3167238235473633
0x6d7841df878bff8ff84c2730d3051439d3009109,TRX,0.8023662567138672
0x6d7841df878bff8ff84c2730d3051439d3009109,UNI,0.4182119369506836
0x6d7841df878bff8ff84c2730d3051439d3009109,USDT,1.0
0x6d7841df878bff8ff84c2730d3051439d3009109,XLM,0.4921035766601562
0x6d7841df878bff8ff84c2730d3051439d3009109,XMR,0.6545467376708984
0x6d7841df878bff8ff84c2730d3051439d3009109,XRP,0.5695419311523438
0x6d7841df878bff8ff84c2730d3051439d3009109,XTZ,0.5948505401611328
0x6d7841df878bff8ff84c2730d3051439d3009109,XVS,0.5338497161865234
0x6d7841df878bff8ff84c2730d3051439d3009109,YFI,0.4989051818847656
0x774b681d521dc347fc1ef449a134c88ed309cf62,AAVE,0.5549362
0x774b681d521dc347fc1ef449a134c88ed309cf62,ADA,0.5367669
0x774b681d521dc347fc1ef449a134c88ed309cf62,ALGO,0.5253039
0x774b681d521dc347fc1ef449a134c88ed309cf62,APE,0.52382374
0x774b681d521dc347fc1ef449a134c88ed309cf62,APT,0.50937045
0x774b681d521dc347fc1ef449a134c88ed309cf62,ATOM,0.52758825
0x774b681d521dc347fc1ef449a134c88ed309cf62,AVAX,0.5391768
0x774b681d521dc347fc1ef449a134c88ed309cf62,AXS,0.5250113
0x774b681d521dc347fc1ef449a134c88ed309cf62,BAL,0.46953148
0x774b681d521dc347fc1ef449a134c88ed309cf62,BCH,0.5471952
0x774b681d521dc347fc1ef449a134c88ed309cf62,BLUR,0.5309373
0x774b681d521dc347fc1ef449a134c88ed309cf62,BNB,0.5703503
0x774b681d521dc347fc1ef449a134c88ed309cf62,BONK,0.51701343
0x774b681d521dc347fc1ef449a134c88ed309cf62,BTC,0.5793077
0x774b681d521dc347fc1ef449a134c88ed309cf62,C98,0.47819632
0x774b681d521dc347fc1ef449a134c88ed309cf62,CAKE,0.5289383
0x774b681d521dc347fc1ef449a134c88ed309cf62,COMP,0.5217739
0x774b681d521dc347fc1ef449a134c88ed309cf62,CRV,0.5442302
0x774b681d521dc347fc1ef449a134c88ed309cf62,CVX,0.49083585
0x774b681d521dc347fc1ef449a134c88ed309cf62,DAI,0.5903653
0x774b681d521dc347fc1ef449a134c88ed309cf62,DAO,0.4387122
0x774b681d521dc347fc1ef449a134c88ed309cf62,DOGE,0.5249517
0x774b681d521dc347fc1ef449a134c88ed309cf62,DOT,0.5204829
0x774b681d521dc347fc1ef449a134c88ed309cf62,DYDX,0.5242648
0x774b681d521dc347fc1ef449a134c88ed309cf62,EOS,0.50596243
0x774b681d521dc347fc1ef449a134c88ed309cf62,ETC,0.55942184
0x774b681d521dc347fc1ef449a134c88ed309cf62,ETH,0.56484354
0x774b681d521dc347fc1ef449a134c88ed309cf62,FET,0.46221426
0x774b681d521dc347fc1ef449a134c88ed309cf62,FIL,0.5228112
0x774b681d521dc347fc1ef449a134c88ed309cf62,FRAX,0.5939485
0x774b681d521dc347fc1ef449a134c88ed309cf62,FTM,0.49162656
0x774b681d521dc347fc1ef449a134c88ed309cf62,FXS,0.53758264
0x774b681d521dc347fc1ef449a134c88ed309cf62,GRT,0.535468
0x774b681d521dc347fc1ef449a134c88ed309cf62,HAI,0.4861689
0x774b681d521dc347fc1ef449a134c88ed309cf62,HERO,0.5372054
0x774b681d521dc347fc1ef449a134c88ed309cf62,ICP,0.5206927
0x774b681d521dc347fc1ef449a134c88ed309cf62,IMX,0.5041231
0x774b681d521dc347fc1ef449a134c88ed309cf62,INJ,0.5176528
0x774b681d521dc347fc1ef449a134c88ed309cf62,LDO,0.52811676
0x774b681d521dc347fc1ef449a134c88ed309cf62,LINK,0.54042774
0x774b681d521dc347fc1ef449a134c88ed309cf62,LTC,0.5616268
0x774b681d521dc347fc1ef449a134c88ed309cf62,MATIC,0.50196457
0x774b681d521dc347fc1ef449a134c88ed309cf62,MAV,0.5209967
0x774b681d521dc347fc1ef449a134c88ed309cf62,MBOX,0.51573586
0x774b681d521dc347fc1ef449a134c88ed309cf62,MKR,0.53753227
0x774b681d521dc347fc1ef449a134c88ed309cf62,MOON,0.5281749
0x774b681d521dc347fc1ef449a134c88ed309cf62,NEAR,0.50691473
0x774b681d521dc347fc1ef449a134c88ed309cf62,OP,0.5253302
0x774b681d521dc347fc1ef449a134c88ed309cf62,PENDLE,0.5244519
0x774b681d521dc347fc1ef449a134c88ed309cf62,PEPE,0.50978494
0x774b681d521dc347fc1ef449a134c88ed309cf62,PERP,0.39722964
0x774b681d521dc347fc1ef449a134c88ed309cf62,PIT,0.5223514
0x774b681d521dc347fc1ef449a134c88ed309cf62,POLS,0.49211544
0x774b681d521dc347fc1ef449a134c88ed309cf62,PYTH,0.53201425
0x774b681d521dc347fc1ef449a134c88ed309cf62,QUACK,0.55059767
0x774b681d521dc347fc1ef449a134c88ed309cf62,RDNT,0.4036851
0x774b681d521dc347fc1ef449a134c88ed309cf62,RNDR,0.47801656
0x774b681d521dc347fc1ef449a134c88ed309cf62,RPL,0.50258857
0x774b681d521dc347fc1ef449a134c88ed309cf62,RUNE,0.5244498
0x774b681d521dc347fc1ef449a134c88ed309cf62,SFP,0.53615576
0x774b681d521dc347fc1ef449a134c88ed309cf62,SFUND,0.48101935
0x774b681d521dc347fc1ef449a134c88ed309cf62,SHIB,0.5095143
0x774b681d521dc347fc1ef449a134c88ed309cf62,SOL,0.54899424
0x774b681d521dc347fc1ef449a134c88ed309cf62,STG,0.5101407
0x774b681d521dc347fc1ef449a134c88ed309cf62,SUI,0.5165689
0x774b681d521dc347fc1ef449a134c88ed309cf62,SUSHI,0.5214822
0x774b681d521dc347fc1ef449a134c88ed309cf62,TIA,0.5195742
0x774b681d521dc347fc1ef449a134c88ed309cf62,TOKEN,0.50091165
0x774b681d521dc347fc1ef449a134c88ed309cf62,TRX,0.5692972
0x774b681d521dc347fc1ef449a134c88ed309cf62,UNI,0.52193135
0x774b681d521dc347fc1ef449a134c88ed309cf62,USDT,0.6012147
0x774b681d521dc347fc1ef449a134c88ed309cf62,XLM,0.512547
0x774b681d521dc347fc1ef449a134c88ed309cf62,XMR,0.53061306
0x774b681d521dc347fc1ef449a134c88ed309cf62,XRP,0.52376014
0x774b681d521dc347fc1ef449a134c88ed309cf62,XTZ,0.5419568
0x774b681d521dc347fc1ef449a134c88ed309cf62,XVS,0.53798467
0x774b681d521dc347fc1ef449a134c88ed309cf62,YFI,0.55995274
0x7824282944b7cc7b8ef86ed9adbe21f49b247f97,AAVE,0.53205097
0x7824282944b7cc7b8ef86ed9adbe21f49b247f97,ADA,0.52393705
0x7824282944b7cc7b8ef86ed9adbe21f49b247f97,ALGO,0.5166778
0x7824282944b7cc7b8ef86ed9adbe21f49b247f97,APE,0.51478016
0x7824282944b7cc7b8ef86ed9adbe21f49b247f97,APT,0.522419
0x7824282944b7cc7b8ef86ed9adbe21f49b247f97,ATOM,0.52058166
0x7824282944b7cc7b8ef86ed9adbe21f49b247f97,AVAX,0.524423
0x7824282944b7cc7b8ef86ed9adbe21f49b247f97,AXS,0.51708615
0x7824282944b7cc7b8ef86ed9adbe21f49b247f97,BAL,0.49210206
0x7824282944b7cc7b8ef86ed9adbe21f49b247f97,BCH,0.5312263
0x7824282944b7cc7b8ef86ed9adbe21f49b247f97,BLUR,0.5211207
0x7824282944b7cc7b8ef86ed9adbe21f49b247f97,BNB,0.54134184
0x7824282944b7cc7b8ef86ed9adbe21f49b247f97,BONK,0.5158171
0x7824282944b7cc7b8ef86ed9adbe21f49b247f97,BTC,0.5397249
0x7824282944b7cc7b8ef86ed9adbe21f49b247f97,C98,0.5019312
0x7824282944b7cc7b8ef86ed9adbe21f49b247f97,CAKE,0.5154521
0x7824282944b7cc7b8ef86ed9adbe21f49b247f97,COMP,0.517288
0x7824282944b7cc7b8ef86ed9adbe21f49b247f97,CRV,0.52997833
0x7824282944b7cc7b8ef86ed9adbe21f49b247f97,CVX,0.49438843
0x7824282944b7cc7b8ef86ed9adbe21f49b247f97,DAI,0.61784834
0x7824282944b7cc7b8ef86ed9adbe21f49b247f97,DAO,0.44211313
0x7824282944b7cc7b8ef86ed9adbe21f49b247f97,DOGE,0.52490914
0x7824282944b7cc7b8ef86ed9adbe21f49b247f97,DOT,0.5163235
0x7824282944b7cc7b8ef86ed9adbe21f49b247f97,DYDX,0.5177456
0x7824282944b7cc7b8ef86ed9adbe21f49b247f97,EOS,0.51332754
0x7824282944b7cc7b8ef86ed9adbe21f49b247f97,ETC,0.53721184
0x7824282944b7cc7b8ef86ed9adbe21f49b247f97,ETH,0.53546095
0x7824282944b7cc7b8ef86ed9adbe21f49b247f97,FET,0.4517159
0x7824282944b7cc7b8ef86ed9adbe21f49b247f97,FIL,0.5219414
0x7824282944b7cc7b8ef86ed9adbe21f49b247f97,FRAX,0.59682906
0x7824282944b7cc7b8ef86ed9adbe21f49b247f97,FTM,0.49151447
0x7824282944b7cc7b8ef86ed9adbe21f49b247f97,FXS,0.5182517
0x7824282944b7cc7b8ef86ed9adbe21f49b247f97,GRT,0.5231766
0x7824282944b7cc7b8ef86ed9adbe21f49b247f97,HAI,0.49212778
0x7824282944b7cc7b8ef86ed9adbe21f49b247f97,HERO,0.53092927
0x7824282944b7cc7b8ef86ed9adbe21f49b247f97,ICP,0.51853687
0x7824282944b7cc7b8ef86ed9adbe21f49b247f97,IMX,0.5077146
0x7824282944b7cc7b8ef86ed9adbe21f49b247f97,INJ,0.50909436
0x7824282944b7cc7b8ef86ed9adbe21f49b247f97,LDO,0.51908636
0x7824282944b7cc7b8ef86ed9adbe21f49b247f97,LINK,0.5231833
0x7824282944b7cc7b8ef86ed9adbe21f49b247f97,LTC,0.54239106
0x7824282944b7cc7b8ef86ed9adbe21f49b247f97,MATIC,0.51137704
0x7824282944b7cc7b8ef86ed9adbe21f49b247f97,MAV,0.5226459
0x7824282944b7cc7b8ef86ed9adbe21f49b247f97,MBOX,0.5153812
0x7824282944b7cc7b8ef86ed9adbe21f49b247f97,MKR,0.5306358
0x7824282944b7cc7b8ef86ed9adbe21f49b247f97,MOON,0.53964597
0x7824282944b7cc7b8ef86ed9adbe21f49b247f97,NEAR,0.50848055
0x7824282944b7cc7b8ef86ed9adbe21f49b247f97,OP,0.5176517
0x7824282944b7cc7b8ef86ed9adbe21f49b247f97,PENDLE,0.5194573
0x7824282944b7cc7b8ef86ed9adbe21f49b247f97,PEPE,0.51187384
0x7824282944b7cc7b8ef86ed9adbe21f49b247f97,PERP,0.42374533
0x7824282944b7cc7b8ef86ed9adbe21f49b247f97,PIT,0.52153194
0x7824282944b7cc7b8ef86ed9adbe21f49b247f97,POLS,0.50353146
0x7824282944b7cc7b8ef86ed9adbe21f49b247f97,PYTH,0.5142735
0x7824282944b7cc7b8ef86ed9adbe21f49b247f97,QUACK,0.538316
0x7824282944b7cc7b8ef86ed9adbe21f49b247f97,RDNT,0.4372114
0x7824282944b7cc7b8ef86ed9adbe21f49b247f97,RNDR,0.47208148
0x7824282944b7cc7b8ef86ed9adbe21f49b247f97,RPL,0.5022956
0x7824282944b7cc7b8ef86ed9adbe21f49b247f97,RUNE,0.51208276
0x7824282944b7cc7b8ef86ed9adbe21f49b247f97,SFP,0.51143825
0x7824282944b7cc7b8ef86ed9adbe21f49b247f97,SFUND,0.4969983
0x7824282944b7cc7b8ef86ed9adbe21f49b247f97,SHIB,0.51107854
0x7824282944b7cc7b8ef86ed9adbe21f49b247f97,SOL,0.53057826
0x7824282944b7cc7b8ef86ed9adbe21f49b247f97,STG,0.4997427
0x7824282944b7cc7b8ef86ed9adbe21f49b247f97,SUI,0.5113871
0x7824282944b7cc7b8ef86ed9adbe21f49b247f97,SUSHI,0.52102643
0x7824282944b7cc7b8ef86ed9adbe21f49b247f97,TIA,0.516353
0x7824282944b7cc7b8ef86ed9adbe21f49b247f97,TOKEN,0.51228905
0x7824282944b7cc7b8ef86ed9adbe21f49b247f97,TRX,0.55316186
0x7824282944b7cc7b8ef86ed9adbe21f49b247f97,UNI,0.5128475
0x7824282944b7cc7b8ef86ed9adbe21f49b247f97,USDT,0.58192044
0x7824282944b7cc7b8ef86ed9adbe21f49b247f97,XLM,0.51561886
0x7824282944b7cc7b8ef86ed9adbe21f49b247f97,XMR,0.50920546
0x7824282944b7cc7b8ef86ed9adbe21f49b247f97,XRP,0.52254117
0x7824282944b7cc7b8ef86ed9adbe21f49b247f97,XTZ,0.5342223
0x7824282944b7cc7b8ef86ed9adbe21f49b247f97,XVS,0.5270783
0x7824282944b7cc7b8ef86ed9adbe21f49b247f97,YFI,0.5498787
0x7de5ac173e8ee69177f6243cf9c70608f6e1ad05,AAVE,0.5055
0x7de5ac173e8ee69177f6243cf9c70608f6e1ad05,ADA,0.6022188
0x7de5ac173e8ee69177f6243cf9c70608f6e1ad05,ALGO,0.542161
0x7de5ac173e8ee69177f6243cf9c70608f6e1ad05,APE,0.50213677
0x7de5ac173e8ee69177f6243cf9c70608f6e1ad05,APT,0.49170864
0x7de5ac173e8ee69177f6243cf9c70608f6e1ad05,ATOM,0.5211706
0x7de5ac173e8ee69177f6243cf9c70608f6e1ad05,AVAX,0.53382015
0x7de5ac173e8ee69177f6243cf9c70608f6e1ad05,AXS,0.553641
0x7de5ac173e8ee69177f6243cf9c70608f6e1ad05,BAL,0.5222116
0x7de5ac173e8ee69177f6243cf9c70608f6e1ad05,BCH,0.5553482
0x7de5ac173e8ee69177f6243cf9c70608f6e1ad05,BLUR,0.46047506
0x7de5ac173e8ee69177f6243cf9c70608f6e1ad05,BNB,0.46945134
0x7de5ac173e8ee69177f6243cf9c70608f6e1ad05,BONK,0.5737324
0x7de5ac173e8ee69177f6243cf9c70608f6e1ad05,BTC,0.5597148
0x7de5ac173e8ee69177f6243cf9c70608f6e1ad05,C98,0.52963716
0x7de5ac173e8ee69177f6243cf9c70608f6e1ad05,CAKE,0.51944274
0x7de5ac173e8ee69177f6243cf9c70608f6e1ad05,COMP,0.5622651
0x7de5ac173e8ee69177f6243cf9c70608f6e1ad05,CRV,0.54868376
0x7de5ac173e8ee69177f6243cf9c70608f6e1ad05,CVX,0.43931347
0x7de5ac173e8ee69177f6243cf9c70608f6e1ad05,DAI,0.6337742
0x7de5ac173e8ee69177f6243cf9c70608f6e1ad05,DAO,0.4135899
0x7de5ac173e8ee69177f6243cf9c70608f6e1ad05,DOGE,0.55223215
0x7de5ac173e8ee69177f6243cf9c70608f6e1ad05,DOT,0.51429766
0x7de5ac173e8ee69177f6243cf9c70608f6e1ad05,DYDX,0.51397836
0x7de5ac173e8ee69177f6243cf9c70608f6e1ad05,EOS,0.51860124
0x7de5ac173e8ee69177f6243cf9c70608f6e1ad05,ETC,0.57680875
0x7de5ac173e8ee69177f6243cf9c70608f6e1ad05,ETH,0.49222693
0x7de5ac173e8ee69177f6243cf9c70608f6e1ad05,FET,0.42464384
0x7de5ac173e8ee69177f6243cf9c70608f6e1ad05,FIL,0.5076248
0x7de5ac173e8ee69177f6243cf9c70608f6e1ad05,FRAX,0.600372
0x7de5ac173e8ee69177f6243cf9c70608f6e1ad05,FTM,0.57771283
0x7de5ac173e8ee69177f6243cf9c70608f6e1ad05,FXS,0.5619848
0x7de5ac173e8ee69177f6243cf9c70608f6e1ad05,GRT,0.5230494
0x7de5ac173e8ee69177f6243cf9c70608f6e1ad05,HAI,0.44932964
0x7de5ac173e8ee69177f6243cf9c70608f6e1ad05,HERO,0.54341626
0x7de5ac173e8ee69177f6243cf9c70608f6e1ad05,ICP,0.50529414
0x7de5ac173e8ee69177f6243cf9c70608f6e1ad05,IMX,0.44301757
0x7de5ac173e8ee69177f6243cf9c70608f6e1ad05,INJ,0.49410635
0x7de5ac173e8ee69177f6243cf9c70608f6e1ad05,LDO,0.47818062
0x7de5ac173e8ee69177f6243cf9c70608f6e1ad05,LINK,0.541565
0x7de5ac173e8ee69177f6243cf9c70608f6e1ad05,LTC,0.5212854
0x7de5ac173e8ee69177f6243cf9c70608f6e1ad05,MATIC,0.47630915
0x7de5ac173e8ee69177f6243cf9c70608f6e1ad05,MAV,0.50327116
0x7de5ac173e8ee69177f6243cf9c70608f6e1ad05,MBOX,0.5366403
0x7de5ac173e8ee69177f6243cf9c70608f6e1ad05,MKR,0.50270325
0x7de5ac173e8ee69177f6243cf9c70608f6e1ad05,MOON,0.647447
0x7de5ac173e8ee69177f6243cf9c70608f6e1ad05,NEAR,0.51306176
0x7de5ac173e8ee69177f6243cf9c70608f6e1ad05,OP,0.42449403
0x7de5ac173e8ee69177f6243cf9c70608f6e1ad05,PENDLE,0.5486461
0x7de5ac173e8ee69177f6243cf9c70608f6e1ad05,PEPE,0.4462955
0x7de5ac173e8ee69177f6243cf9c70608f6e1ad05,PERP,0.3126508
0x7de5ac173e8ee69177f6243cf9c70608f6e1ad05,PIT,0.5217058
0x7de5ac173e8ee69177f6243cf9c70608f6e1ad05,POLS,0.5014427
0x7de5ac173e8ee69177f6243cf9c70608f6e1ad05,PYTH,0.5234686
0x7de5ac173e8ee69177f6243cf9c70608f6e1ad05,QUACK,0.6147021
0x7de5ac173e8ee69177f6243cf9c70608f6e1ad05,RDNT,0.43509632
0x7de5ac173e8ee69177f6243cf9c70608f6e1ad05,RNDR,0.38047713
0x7de5ac173e8ee69177f6243cf9c70608f6e1ad05,RPL,0.5196856
0x7de5ac173e8ee69177f6243cf9c70608f6e1ad05,RUNE,0.52432364
0x7de5ac173e8ee69177f6243cf9c70608f6e1ad05,SFP,0.51835513
0x7de5ac173e8ee69177f6243cf9c70608f6e1ad05,SFUND,0.44427615
0x7de5ac173e8ee69177f6243cf9c70608f6e1ad05,SHIB,0.5410736
0x7de5ac173e8ee69177f6243cf9c70608f6e1ad05,SOL,0.5711843
0x7de5ac173e8ee69177f6243cf9c70608f6e1ad05,STG,0.50141007
0x7de5ac173e8ee69177f6243cf9c70608f6e1ad05,SUI,0.47700277
0x7de5ac173e8ee69177f6243cf9c70608f6e1ad05,SUSHI,0.47858977
0x7de5ac173e8ee69177f6243cf9c70608f6e1ad05,TIA,0.5085934
0x7de5ac173e8ee69177f6243cf9c70608f6e1ad05,TOKEN,0.50171196
0x7de5ac173e8ee69177f6243cf9c70608f6e1ad05,TRX,0.57648987
0x7de5ac173e8ee69177f6243cf9c70608f6e1ad05,UNI,0.48777124
0x7de5ac173e8ee69177f6243cf9c70608f6e1ad05,USDT,0.6103912
0x7de5ac173e8ee69177f6243cf9c70608f6e1ad05,XLM,0.55526996
0x7de5ac173e8ee69177f6243cf9c70608f6e1ad05,XMR,0.46415102
0x7de5ac173e8ee69177f6243cf9c70608f6e1ad05,XRP,0.44142133
0x7de5ac173e8ee69177f6243cf9c70608f6e1ad05,XTZ,0.5177761
0x7de5ac173e8ee69177f6243cf9c70608f6e1ad05,XVS,0.533107
0x7de5ac173e8ee69177f6243cf9c70608f6e1ad05,YFI,0.5779686
0x81942befbb59f4461a32af5c4798f72f58f6797f,AAVE,0.6003627777099609
0x81942befbb59f4461a32af5c4798f72f58f6797f,ADA,0.3348617553710937
0x81942befbb59f4461a32af5c4798f72f58f6797f,ALGO,0.2219600677490234
0x81942befbb59f4461a32af5c4798f72f58f6797f,APE,0.1272201538085937
0x81942befbb59f4461a32af5c4798f72f58f6797f,APT,0.1515083312988281
0x81942befbb59f4461a32af5c4798f72f58f6797f,ATOM,0.2633590698242187
0x81942befbb59f4461a32af5c4798f72f58f6797f,AVAX,0.2755031585693359
0x81942befbb59f4461a32af5c4798f72f58f6797f,AXS,0.1272201538085937
0x81942befbb59f4461a32af5c4798f72f58f6797f,BAL,0.090484619140625
0x81942befbb59f4461a32af5c4798f72f58f6797f,BCH,0.9466934204101562
0x81942befbb59f4461a32af5c4798f72f58f6797f,BLUR,0.1272201538085937
0x81942befbb59f4461a32af5c4798f72f58f6797f,BNB,0.9466934204101562
0x81942befbb59f4461a32af5c4798f72f58f6797f,BONK,0.1272201538085937
0x81942befbb59f4461a32af5c4798f72f58f6797f,BTC,0.8848037719726562
0x81942befbb59f4461a32af5c4798f72f58f6797f,C98,0.1603298187255859
0x81942befbb59f4461a32af5c4798f72f58f6797f,CAKE,0.305368423461914
0x81942befbb59f4461a32af5c4798f72f58f6797f,COMP,0.4353828430175781
0x81942befbb59f4461a32af5c4798f72f58f6797f,CRV,0.2219600677490234
0x81942befbb59f4461a32af5c4798f72f58f6797f,CVX,0.1257896423339843
0x81942befbb59f4461a32af5c4798f72f58f6797f,DAI,0.9757118225097656
0x81942befbb59f4461a32af5c4798f72f58f6797f,DAO,0.0242843627929687
0x81942befbb59f4461a32af5c4798f72f58f6797f,DOGE,0.3105735778808594
0x81942befbb59f4461a32af5c4798f72f58f6797f,DOT,0.197671890258789
0x81942befbb59f4461a32af5c4798f72f58f6797f,DYDX,0.1515083312988281
0x81942befbb59f4461a32af5c4798f72f58f6797f,EOS,0.1272201538085937
0x81942befbb59f4461a32af5c4798f72f58f6797f,ETC,0.471719741821289
0x81942befbb59f4461a32af5c4798f72f58f6797f,ETH,0.8324909210205078
0x81942befbb59f4461a32af5c4798f72f58f6797f,FET,0.0718803405761718
0x81942befbb59f4461a32af5c4798f72f58f6797f,FIL,0.197671890258789
0x81942befbb59f4461a32af5c4798f72f58f6797f,FRAX,0.9224090576171876
0x81942befbb59f4461a32af5c4798f72f58f6797f,FTM,0.0242843627929687
0x81942befbb59f4461a32af5c4798f72f58f6797f,FXS,0.1272201538085937
0x81942befbb59f4461a32af5c4798f72f58f6797f,GRT,0.1272201538085937
0x81942befbb59f4461a32af5c4798f72f58f6797f,HAI,0.090484619140625
0x81942befbb59f4461a32af5c4798f72f58f6797f,HERO,0.2643489837646484
0x81942befbb59f4461a32af5c4798f72f58f6797f,ICP,0.1866531372070312
0x81942befbb59f4461a32af5c4798f72f58f6797f,IMX,0.1272201538085937
0x81942befbb59f4461a32af5c4798f72f58f6797f,INJ,0.1623668670654297
0x81942befbb59f4461a32af5c4798f72f58f6797f,LDO,0.1272201538085937
0x81942befbb59f4461a32af5c4798f72f58f6797f,LINK,0.5055694580078125
0x81942befbb59f4461a32af5c4798f72f58f6797f,LTC,0.6551151275634766
0x81942befbb59f4461a32af5c4798f72f58f6797f,MATIC,0.1515083312988281
0x81942befbb59f4461a32af5c4798f72f58f6797f,MAV,0.0553398132324218
0x81942befbb59f4461a32af5c4798f72f58f6797f,MBOX,0.092111587524414
0x81942befbb59f4461a32af5c4798f72f58f6797f,MKR,0.4336891174316406
0x81942befbb59f4461a32af5c4798f72f58f6797f,MOON,0.1515083312988281
0x81942befbb59f4461a32af5c4798f72f58f6797f,NEAR,0.1625614166259765
0x81942befbb59f4461a32af5c4798f72f58f6797f,OP,0.1515083312988281
0x81942befbb59f4461a32af5c4798f72f58f6797f,PENDLE,0.3772487640380859
0x81942befbb59f4461a32af5c4798f72f58f6797f,PEPE,0.2219600677490234
0x81942befbb59f4461a32af5c4798f72f58f6797f,PERP,0.0553398132324218
0x81942befbb59f4461a32af5c4798f72f58f6797f,PIT,0.35052490234375
0x81942befbb59f4461a32af5c4798f72f58f6797f,POLS,0.1239490509033203
0x81942befbb59f4461a32af5c4798f72f58f6797f,PYTH,0.1272201538085937
0x81942befbb59f4461a32af5c4798f72f58f6797f,QUACK,0.1866531372070312
0x81942befbb59f4461a32af5c4798f72f58f6797f,RDNT,0.0553398132324218
0x81942befbb59f4461a32af5c4798f72f58f6797f,RNDR,0.0
0x81942befbb59f4461a32af5c4798f72f58f6797f,RPL,0.1272201538085937
0x81942befbb59f4461a32af5c4798f72f58f6797f,RUNE,0.1515083312988281
0x81942befbb59f4461a32af5c4798f72f58f6797f,SFP,0.5438556671142578
0x81942befbb59f4461a32af5c4798f72f58f6797f,SFUND,0.1272201538085937
0x81942befbb59f4461a32af5c4798f72f58f6797f,SHIB,0.3772487640380859
0x81942befbb59f4461a32af5c4798f72f58f6797f,SOL,0.8324909210205078
0x81942befbb59f4461a32af5c4798f72f58f6797f,STG,0.3392162322998047
0x81942befbb59f4461a32af5c4798f72f58f6797f,SUI,0.2279090881347656
0x81942befbb59f4461a32af5c4798f72f58f6797f,SUSHI,0.1515083312988281
0x81942befbb59f4461a32af5c4798f72f58f6797f,TIA,0.1272201538085937
0x81942befbb59f4461a32af5c4798f72f58f6797f,TOKEN,0.1515083312988281
0x81942befbb59f4461a32af5c4798f72f58f6797f,TRX,1.0
0x81942befbb59f4461a32af5c4798f72f58f6797f,UNI,0.2997875213623047
0x81942befbb59f4461a32af5c4798f72f58f6797f,USDT,1.0
0x81942befbb59f4461a32af5c4798f72f58f6797f,XLM,0.4474334716796875
0x81942befbb59f4461a32af5c4798f72f58f6797f,XMR,0.9466934204101562
0x81942befbb59f4461a32af5c4798f72f58f6797f,XRP,0.7774448394775391
0x81942befbb59f4461a32af5c4798f72f58f6797f,XTZ,0.404306411743164
0x81942befbb59f4461a32af5c4798f72f58f6797f,XVS,0.4812831878662109
0x81942befbb59f4461a32af5c4798f72f58f6797f,YFI,0.4110984802246094
0x8a8e1c4e454e092fc19c6cca2034bd22b29781e7,AAVE,0.55092597
0x8a8e1c4e454e092fc19c6cca2034bd22b29781e7,ADA,0.5480289
0x8a8e1c4e454e092fc19c6cca2034bd22b29781e7,ALGO,0.5365656
0x8a8e1c4e454e092fc19c6cca2034bd22b29781e7,APE,0.5372805
0x8a8e1c4e454e092fc19c6cca2034bd22b29781e7,APT,0.54206514
0x8a8e1c4e454e092fc19c6cca2034bd22b29781e7,ATOM,0.54030216
0x8a8e1c4e454e092fc19c6cca2034bd22b29781e7,AVAX,0.53943354
0x8a8e1c4e454e092fc19c6cca2034bd22b29781e7,AXS,0.5455489
0x8a8e1c4e454e092fc19c6cca2034bd22b29781e7,BAL,0.54203653
0x8a8e1c4e454e092fc19c6cca2034bd22b29781e7,BCH,0.54765815
0x8a8e1c4e454e092fc19c6cca2034bd22b29781e7,BLUR,0.5380635
0x8a8e1c4e454e092fc19c6cca2034bd22b29781e7,BNB,0.5557771
0x8a8e1c4e454e092fc19c6cca2034bd22b29781e7,BONK,0.5445064
0x8a8e1c4e454e092fc19c6cca2034bd22b29781e7,BTC,0.54698193
0x8a8e1c4e454e092fc19c6cca2034bd22b29781e7,C98,0.54246277
0x8a8e1c4e454e092fc19c6cca2034bd22b29781e7,CAKE,0.5530743
0x8a8e1c4e454e092fc19c6cca2034bd22b29781e7,COMP,0.549069
0x8a8e1c4e454e092fc19c6cca2034bd22b29781e7,CRV,0.55294704
0x8a8e1c4e454e092fc19c6cca2034bd22b29781e7,CVX,0.5395778
0x8a8e1c4e454e092fc19c6cca2034bd22b29781e7,DAI,0.53592616
0x8a8e1c4e454e092fc19c6cca2034bd22b29781e7,DAO,0.5460079
0x8a8e1c4e454e092fc19c6cca2034bd22b29781e7,DOGE,0.5546607
0x8a8e1c4e454e092fc19c6cca2034bd22b29781e7,DOT,0.55548996
0x8a8e1c4e454e092fc19c6cca2034bd22b29781e7,DYDX,0.54042673
0x8a8e1c4e454e092fc19c6cca2034bd22b29781e7,EOS,0.544239
0x8a8e1c4e454e092fc19c6cca2034bd22b29781e7,ETC,0.5447984
0x8a8e1c4e454e092fc19c6cca2034bd22b29781e7,ETH,0.54672754
0x8a8e1c4e454e092fc19c6cca2034bd22b29781e7,FET,0.5383499
0x8a8e1c4e454e092fc19c6cca2034bd22b29781e7,FIL,0.54533046
0x8a8e1c4e454e092fc19c6cca2034bd22b29781e7,FRAX,0.549543
0x8a8e1c4e454e092fc19c6cca2034bd22b29781e7,FTM,0.54718417
0x8a8e1c4e454e092fc19c6cca2034bd22b29781e7,FXS,0.5526683
0x8a8e1c4e454e092fc19c6cca2034bd22b29781e7,GRT,0.5342524
0x8a8e1c4e454e092fc19c6cca2034bd22b29781e7,HAI,0.53630656
0x8a8e1c4e454e092fc19c6cca2034bd22b29781e7,HERO,0.54133123
0x8a8e1c4e454e092fc19c6cca2034bd22b29781e7,ICP,0.53752714
0x8a8e1c4e454e092fc19c6cca2034bd22b29781e7,IMX,0.5380369
0x8a8e1c4e454e092fc19c6cca2034bd22b29781e7,INJ,0.5467578
0x8a8e1c4e454e092fc19c6cca2034bd22b29781e7,LDO,0.54479194
0x8a8e1c4e454e092fc19c6cca2034bd22b29781e7,LINK,0.53904164
0x8a8e1c4e454e092fc19c6cca2034bd22b29781e7,LTC,0.5548088
0x8a8e1c4e454e092fc19c6cca2034bd22b29781e7,MATIC,0.53744954
0x8a8e1c4e454e092fc19c6cca2034bd22b29781e7,MAV,0.5455073
0x8a8e1c4e454e092fc19c6cca2034bd22b29781e7,MBOX,0.54130816
0x8a8e1c4e454e092fc19c6cca2034bd22b29781e7,MKR,0.5450929
0x8a8e1c4e454e092fc19c6cca2034bd22b29781e7,MOON,0.55109656
0x8a8e1c4e454e092fc19c6cca2034bd22b29781e7,NEAR,0.53748655
0x8a8e1c4e454e092fc19c6cca2034bd22b29781e7,OP,0.54996973
0x8a8e1c4e454e092fc19c6cca2034bd22b29781e7,PENDLE,0.5447405
0x8a8e1c4e454e092fc19c6cca2034bd22b29781e7,PEPE,0.5393259
0x8a8e1c4e454e092fc19c6cca2034bd22b29781e7,PERP,0.53893346
0x8a8e1c4e454e092fc19c6cca2034bd22b29781e7,PIT,0.5391553
0x8a8e1c4e454e092fc19c6cca2034bd22b29781e7,POLS,0.53987527
0x8a8e1c4e454e092fc19c6cca2034bd22b29781e7,PYTH,0.5386658
0x8a8e1c4e454e092fc19c6cca2034bd22b29781e7,QUACK,0.5483576
0x8a8e1c4e454e092fc19c6cca2034bd22b29781e7,RDNT,0.5399336
0x8a8e1c4e454e092fc19c6cca2034bd22b29781e7,RNDR,0.5383073
0x8a8e1c4e454e092fc19c6cca2034bd22b29781e7,RPL,0.5395935
0x8a8e1c4e454e092fc19c6cca2034bd22b29781e7,RUNE,0.54117477
0x8a8e1c4e454e092fc19c6cca2034bd22b29781e7,SFP,0.5393416
0x8a8e1c4e454e092fc19c6cca2034bd22b29781e7,SFUND,0.5394239
0x8a8e1c4e454e092fc19c6cca2034bd22b29781e7,SHIB,0.53688717
0x8a8e1c4e454e092fc19c6cca2034bd22b29781e7,SOL,0.54995906
0x8a8e1c4e454e092fc19c6cca2034bd22b29781e7,STG,0.53883713
0x8a8e1c4e454e092fc19c6cca2034bd22b29781e7,SUI,0.5424102
0x8a8e1c4e454e092fc19c6cca2034bd22b29781e7,SUSHI,0.5379821
0x8a8e1c4e454e092fc19c6cca2034bd22b29781e7,TIA,0.54198074
0x8a8e1c4e454e092fc19c6cca2034bd22b29781e7,TOKEN,0.5395911
0x8a8e1c4e454e092fc19c6cca2034bd22b29781e7,TRX,0.55212086
0x8a8e1c4e454e092fc19c6cca2034bd22b29781e7,UNI,0.5392868
0x8a8e1c4e454e092fc19c6cca2034bd22b29781e7,USDT,0.54504585
0x8a8e1c4e454e092fc19c6cca2034bd22b29781e7,XLM,0.5463571
0x8a8e1c4e454e092fc19c6cca2034bd22b29781e7,XMR,0.537895
0x8a8e1c4e454e092fc19c6cca2034bd22b29781e7,XRP,0.5547119
0x8a8e1c4e454e092fc19c6cca2034bd22b29781e7,XTZ,0.5390342
0x8a8e1c4e454e092fc19c6cca2034bd22b29781e7,XVS,0.5440888
0x8a8e1c4e454e092fc19c6cca2034bd22b29781e7,YFI,0.5415541
0x904d35c124326ce0741d7b6c63b66a12fbeabcc5,AAVE,0.3605194091796875
0x904d35c124326ce0741d7b6c63b66a12fbeabcc5,ADA,0.3126068115234375
0x904d35c124326ce0741d7b6c63b66a12fbeabcc5,ALGO,0.1372947692871093
0x904d35c124326ce0741d7b6c63b66a12fbeabcc5,APE,0.2076129913330078
0x904d35c124326ce0741d7b6c63b66a12fbeabcc5,APT,0.3063983917236328
0x904d35c124326ce0741d7b6c63b66a12fbeabcc5,ATOM,0.2612743377685547
0x904d35c124326ce0741d7b6c63b66a12fbeabcc5,AVAX,0.1455821990966797
0x904d35c124326ce0741d7b6c63b66a12fbeabcc5,AXS,0.1054840087890625
0x904d35c124326ce0741d7b6c63b66a12fbeabcc5,BAL,0.0800628662109375
0x904d35c124326ce0741d7b6c63b66a12fbeabcc5,BCH,0.7440319061279297
0x904d35c124326ce0741d7b6c63b66a12fbeabcc5,BLUR,0.2382755279541015
0x904d35c124326ce0741d7b6c63b66a12fbeabcc5,BNB,0.6444187164306641
0x904d35c124326ce0741d7b6c63b66a12fbeabcc5,BONK,0.0725574493408203
0x904d35c124326ce0741d7b6c63b66a12fbeabcc5,BTC,0.7641677856445312
0x904d35c124326ce0741d7b6c63b66a12fbeabcc5,C98,0.2557563781738281
0x904d35c124326ce0741d7b6c63b66a12fbeabcc5,CAKE,0.2802333831787109
0x904d35c124326ce0741d7b6c63b66a12fbeabcc5,COMP,0.2635536193847656
0x904d35c124326ce0741d7b6c63b66a12fbeabcc5,CRV,0.1344871520996093
0x904d35c124326ce0741d7b6c63b66a12fbeabcc5,CVX,0.1023483276367187
0x904d35c124326ce0741d7b6c63b66a12fbeabcc5,DAI,0.8519001007080078
0x904d35c124326ce0741d7b6c63b66a12fbeabcc5,DAO,0.0
0x904d35c124326ce0741d7b6c63b66a12fbeabcc5,DOGE,0.3134689331054687
0x904d35c124326ce0741d7b6c63b66a12fbeabcc5,DOT,0.2984676361083984
0x904d35c124326ce0741d7b6c63b66a12fbeabcc5,DYDX,0.135446548461914
0x904d35c124326ce0741d7b6c63b66a12fbeabcc5,EOS,0.1054840087890625
0x904d35c124326ce0741d7b6c63b66a12fbeabcc5,ETC,0.5572509765625
0x904d35c124326ce0741d7b6c63b66a12fbeabcc5,ETH,0.6689186096191406
0x904d35c124326ce0741d7b6c63b66a12fbeabcc5,FET,0.1472225189208984
0x904d35c124326ce0741d7b6c63b66a12fbeabcc5,FIL,0.1644496917724609
0x904d35c124326ce0741d7b6c63b66a12fbeabcc5,FRAX,0.6436786651611328
0x904d35c124326ce0741d7b6c63b66a12fbeabcc5,FTM,0.2150344848632812
0x904d35c124326ce0741d7b6c63b66a12fbeabcc5,FXS,0.1411552429199218
0x904d35c124326ce0741d7b6c63b66a12fbeabcc5,GRT,0.316314697265625
0x904d35c124326ce0741d7b6c63b66a12fbeabcc5,HAI,0.0694313049316406
0x904d35c124326ce0741d7b6c63b66a12fbeabcc5,HERO,0.226358413696289
0x904d35c124326ce0741d7b6c63b66a12fbeabcc5,ICP,0.1893253326416015
0x904d35c124326ce0741d7b6c63b66a12fbeabcc5,IMX,0.0396404266357421
0x904d35c124326ce0741d7b6c63b66a12fbeabcc5,INJ,0.20330810546875
0x904d35c124326ce0741d7b6c63b66a12fbeabcc5,LDO,0.135446548461914
0x904d35c124326ce0741d7b6c63b66a12fbeabcc5,LINK,0.2486801147460937
0x904d35c124326ce0741d7b6c63b66a12fbeabcc5,LTC,0.6671772003173828
0x904d35c124326ce0741d7b6c63b66a12fbeabcc5,MATIC,0.3296527862548828
0x904d35c124326ce0741d7b6c63b66a12fbeabcc5,MAV,0.035675048828125
0x904d35c124326ce0741d7b6c63b66a12fbeabcc5,MBOX,0.0694313049316406
0x904d35c124326ce0741d7b6c63b66a12fbeabcc5,MKR,0.2558975219726562
0x904d35c124326ce0741d7b6c63b66a12fbeabcc5,MOON,0.2963619232177734
0x904d35c124326ce0741d7b6c63b66a12fbeabcc5,NEAR,0.152231216430664
0x904d35c124326ce0741d7b6c63b66a12fbeabcc5,OP,0.3213348388671875
0x904d35c124326ce0741d7b6c63b66a12fbeabcc5,PENDLE,0.1800308227539062
0x904d35c124326ce0741d7b6c63b66a12fbeabcc5,PEPE,0.1770133972167968
0x904d35c124326ce0741d7b6c63b66a12fbeabcc5,PERP,0.0404262542724609
0x904d35c124326ce0741d7b6c63b66a12fbeabcc5,PIT,0.2589797973632812
0x904d35c124326ce0741d7b6c63b66a12fbeabcc5,POLS,0.0981006622314453
0x904d35c124326ce0741d7b6c63b66a12fbeabcc5,PYTH,0.1054840087890625
0x904d35c124326ce0741d7b6c63b66a12fbeabcc5,QUACK,0.2587528228759765
0x904d35c124326ce0741d7b6c63b66a12fbeabcc5,RDNT,0.0329189300537109
0x904d35c124326ce0741d7b6c63b66a12fbeabcc5,RNDR,0.0396404266357421
0x904d35c124326ce0741d7b6c63b66a12fbeabcc5,RPL,0.0800628662109375
0x904d35c124326ce0741d7b6c63b66a12fbeabcc5,RUNE,0.1125946044921875
0x904d35c124326ce0741d7b6c63b66a12fbeabcc5,SFP,0.4433498382568359
0x904d35c124326ce0741d7b6c63b66a12fbeabcc5,SFUND,0.1411552429199218
0x904d35c124326ce0741d7b6c63b66a12fbeabcc5,SHIB,0.2347145080566406
0x904d35c124326ce0741d7b6c63b66a12fbeabcc5,SOL,0.4101581573486328
0x904d35c124326ce0741d7b6c63b66a12fbeabcc5,STG,0.0622425079345703
0x904d35c124326ce0741d7b6c63b66a12fbeabcc5,SUI,0.1408100128173828
0x904d35c124326ce0741d7b6c63b66a12fbeabcc5,SUSHI,0.0396404266357421
0x904d35c124326ce0741d7b6c63b66a12fbeabcc5,TIA,0.0396404266357421
0x904d35c124326ce0741d7b6c63b66a12fbeabcc5,TOKEN,0.1054840087890625
0x904d35c124326ce0741d7b6c63b66a12fbeabcc5,TRX,0.9013004302978516
0x904d35c124326ce0741d7b6c63b66a12fbeabcc5,UNI,0.1756839752197265
0x904d35c124326ce0741d7b6c63b66a12fbeabcc5,USDT,1.0
0x904d35c124326ce0741d7b6c63b66a12fbeabcc5,XLM,0.2129459381103515
0x904d35c124326ce0741d7b6c63b66a12fbeabcc5,XMR,0.7376422882080078
0x904d35c124326ce0741d7b6c63b66a12fbeabcc5,XRP,0.4419364929199219
0x904d35c124326ce0741d7b6c63b66a12fbeabcc5,XTZ,0.3526878356933594
0x904d35c124326ce0741d7b6c63b66a12fbeabcc5,XVS,0.1800308227539062
0x904d35c124326ce0741d7b6c63b66a12fbeabcc5,YFI,0.3824882507324219
0x95129c9fe9aff2c537db3633906a56c29ff9ea06,AAVE,0.596699059009552
0x95129c9fe9aff2c537db3633906a56c29ff9ea06,ADA,0.4838864207267761
0x95129c9fe9aff2c537db3633906a56c29ff9ea06,ALGO,0.4360840916633606
0x95129c9fe9aff2c537db3633906a56c29ff9ea06,APE,0.3748278617858886
0x95129c9fe9aff2c537db3633906a56c29ff9ea06,APT,0.3989449143409729
0x95129c9fe9aff2c537db3633906a56c29ff9ea06,ATOM,0.508588969707489
0x95129c9fe9aff2c537db3633906a56c29ff9ea06,AVAX,0.3858289718627929
0x95129c9fe9aff2c537db3633906a56c29ff9ea06,AXS,0.4430221915245056
0x95129c9fe9aff2c537db3633906a56c29ff9ea06,BAL,0.3236523270606994
0x95129c9fe9aff2c537db3633906a56c29ff9ea06,BCH,0.8404831290245056
0x95129c9fe9aff2c537db3633906a56c29ff9ea06,BLUR,0.3540161252021789
0x95129c9fe9aff2c537db3633906a56c29ff9ea06,BNB,0.736000657081604
0x95129c9fe9aff2c537db3633906a56c29ff9ea06,BONK,0.3705586791038513
0x95129c9fe9aff2c537db3633906a56c29ff9ea06,BTC,0.7666999101638794
0x95129c9fe9aff2c537db3633906a56c29ff9ea06,C98,0.3289641737937927
0x95129c9fe9aff2c537db3633906a56c29ff9ea06,CAKE,0.4309449195861816
0x95129c9fe9aff2c537db3633906a56c29ff9ea06,COMP,0.5545265674591064
0x95129c9fe9aff2c537db3633906a56c29ff9ea06,CRV,0.4508272409439087
0x95129c9fe9aff2c537db3633906a56c29ff9ea06,CVX,0.3923292756080627
0x95129c9fe9aff2c537db3633906a56c29ff9ea06,DAI,1.0
0x95129c9fe9aff2c537db3633906a56c29ff9ea06,DAO,0.0275731161236763
0x95129c9fe9aff2c537db3633906a56c29ff9ea06,DOGE,0.4564710259437561
0x95129c9fe9aff2c537db3633906a56c29ff9ea06,DOT,0.3820659518241882
0x95129c9fe9aff2c537db3633906a56c29ff9ea06,DYDX,0.3575001358985901
0x95129c9fe9aff2c537db3633906a56c29ff9ea06,EOS,0.4224575161933899
0x95129c9fe9aff2c537db3633906a56c29ff9ea06,ETC,0.5712253451347351
0x95129c9fe9aff2c537db3633906a56c29ff9ea06,ETH,0.6948543787002563
0x95129c9fe9aff2c537db3633906a56c29ff9ea06,FET,0.0
0x95129c9fe9aff2c537db3633906a56c29ff9ea06,FIL,0.4632384181022644
0x95129c9fe9aff2c537db3633906a56c29ff9ea06,FRAX,0.91168874502182
0x95129c9fe9aff2c537db3633906a56c29ff9ea06,FTM,0.206732228398323
0x95129c9fe9aff2c537db3633906a56c29ff9ea06,FXS,0.3393867611885071
0x95129c9fe9aff2c537db3633906a56c29ff9ea06,GRT,0.3660599589347839
0x95129c9fe9aff2c537db3633906a56c29ff9ea06,HAI,0.3018093705177307
0x95129c9fe9aff2c537db3633906a56c29ff9ea06,HERO,0.4719913601875305
0x95129c9fe9aff2c537db3633906a56c29ff9ea06,ICP,0.3420596718788147
0x95129c9fe9aff2c537db3633906a56c29ff9ea06,IMX,0.2966277599334717
0x95129c9fe9aff2c537db3633906a56c29ff9ea06,INJ,0.3958926796913147
0x95129c9fe9aff2c537db3633906a56c29ff9ea06,LDO,0.3664302825927734
0x95129c9fe9aff2c537db3633906a56c29ff9ea06,LINK,0.516435980796814
0x95129c9fe9aff2c537db3633906a56c29ff9ea06,LTC,0.693012535572052
0x95129c9fe9aff2c537db3633906a56c29ff9ea06,MATIC,0.4303569197654724
0x95129c9fe9aff2c537db3633906a56c29ff9ea06,MAV,0.3102997541427612
0x95129c9fe9aff2c537db3633906a56c29ff9ea06,MBOX,0.3841294050216675
0x95129c9fe9aff2c537db3633906a56c29ff9ea06,MKR,0.5278618335723877
0x95129c9fe9aff2c537db3633906a56c29ff9ea06,MOON,0.348776638507843
0x95129c9fe9aff2c537db3633906a56c29ff9ea06,NEAR,0.2953010201454162
0x95129c9fe9aff2c537db3633906a56c29ff9ea06,OP,0.3858514428138733
0x95129c9fe9aff2c537db3633906a56c29ff9ea06,PENDLE,0.4734763503074646
0x95129c9fe9aff2c537db3633906a56c29ff9ea06,PEPE,0.4126778244972229
0x95129c9fe9aff2c537db3633906a56c29ff9ea06,PERP,0.0378464609384536
0x95129c9fe9aff2c537db3633906a56c29ff9ea06,PIT,0.5024939775466919
0x95129c9fe9aff2c537db3633906a56c29ff9ea06,POLS,0.3654125332832336
0x95129c9fe9aff2c537db3633906a56c29ff9ea06,PYTH,0.3682242035865783
0x95129c9fe9aff2c537db3633906a56c29ff9ea06,QUACK,0.4804887771606445
0x95129c9fe9aff2c537db3633906a56c29ff9ea06,RDNT,0.2338067144155502
0x95129c9fe9aff2c537db3633906a56c29ff9ea06,RNDR,0.117113247513771
0x95129c9fe9aff2c537db3633906a56c29ff9ea06,RPL,0.3169333338737488
0x95129c9fe9aff2c537db3633906a56c29ff9ea06,RUNE,0.3441745638847351
0x95129c9fe9aff2c537db3633906a56c29ff9ea06,SFP,0.5692642331123352
0x95129c9fe9aff2c537db3633906a56c29ff9ea06,SFUND,0.3363913893699646
0x95129c9fe9aff2c537db3633906a56c29ff9ea06,SHIB,0.5145707130432129
0x95129c9fe9aff2c537db3633906a56c29ff9ea06,SOL,0.6596548557281494
0x95129c9fe9aff2c537db3633906a56c29ff9ea06,STG,0.3649303913116455
0x95129c9fe9aff2c537db3633906a56c29ff9ea06,SUI,0.3458287119865417
0x95129c9fe9aff2c537db3633906a56c29ff9ea06,SUSHI,0.3720740675926208
0x95129c9fe9aff2c537db3633906a56c29ff9ea06,TIA,0.2868515253067016
0x95129c9fe9aff2c537db3633906a56c29ff9ea06,TOKEN,0.2964560389518738
0x95129c9fe9aff2c537db3633906a56c29ff9ea06,TRX,0.8416875600814819
0x95129c9fe9aff2c537db3633906a56c29ff9ea06,UNI,0.4290336966514587
0x95129c9fe9aff2c537db3633906a56c29ff9ea06,USDT,0.9928103685379028
0x95129c9fe9aff2c537db3633906a56c29ff9ea06,XLM,0.4734348654747009
0x95129c9fe9aff2c537db3633906a56c29ff9ea06,XMR,0.687584400177002
0x95129c9fe9aff2c537db3633906a56c29ff9ea06,XRP,0.6483977437019348
0x95129c9fe9aff2c537db3633906a56c29ff9ea06,XTZ,0.5527021884918213
0x95129c9fe9aff2c537db3633906a56c29ff9ea06,XVS,0.5346741676330566
0x95129c9fe9aff2c537db3633906a56c29ff9ea06,YFI,0.5710391402244568
0x98e41d65e981a882afcb05d41939197da3465b6f,AAVE,0.5337736
0x98e41d65e981a882afcb05d41939197da3465b6f,ADA,0.5359058
0x98e41d65e981a882afcb05d41939197da3465b6f,ALGO,0.5082501
0x98e41d65e981a882afcb05d41939197da3465b6f,APE,0.5174429
0x98e41d65e981a882afcb05d41939197da3465b6f,APT,0.5158202
0x98e41d65e981a882afcb05d41939197da3465b6f,ATOM,0.5262389
0x98e41d65e981a882afcb05d41939197da3465b6f,AVAX,0.5310726
0x98e41d65e981a882afcb05d41939197da3465b6f,AXS,0.5048748
0x98e41d65e981a882afcb05d41939197da3465b6f,BAL,0.4868923
0x98e41d65e981a882afcb05d41939197da3465b6f,BCH,0.53420424
0x98e41d65e981a882afcb05d41939197da3465b6f,BLUR,0.52443546
0x98e41d65e981a882afcb05d41939197da3465b6f,BNB,0.542076
0x98e41d65e981a882afcb05d41939197da3465b6f,BONK,0.5066231
0x98e41d65e981a882afcb05d41939197da3465b6f,BTC,0.54805386
0x98e41d65e981a882afcb05d41939197da3465b6f,C98,0.50060767
0x98e41d65e981a882afcb05d41939197da3465b6f,CAKE,0.5395564
0x98e41d65e981a882afcb05d41939197da3465b6f,COMP,0.5256336
0x98e41d65e981a882afcb05d41939197da3465b6f,CRV,0.5445572
0x98e41d65e981a882afcb05d41939197da3465b6f,CVX,0.48646545
0x98e41d65e981a882afcb05d41939197da3465b6f,DAI,0.62075543
0x98e41d65e981a882afcb05d41939197da3465b6f,DAO,0.44663218
0x98e41d65e981a882afcb05d41939197da3465b6f,DOGE,0.5294991
0x98e41d65e981a882afcb05d41939197da3465b6f,DOT,0.52040464
0x98e41d65e981a882afcb05d41939197da3465b6f,DYDX,0.5057745
0x98e41d65e981a882afcb05d41939197da3465b6f,EOS,0.5080808
0x98e41d65e981a882afcb05d41939197da3465b6f,ETC,0.54719603
0x98e41d65e981a882afcb05d41939197da3465b6f,ETH,0.5511672
0x98e41d65e981a882afcb05d41939197da3465b6f,FET,0.45060772
0x98e41d65e981a882afcb05d41939197da3465b6f,FIL,0.5301982
0x98e41d65e981a882afcb05d41939197da3465b6f,FRAX,0.58718836
0x98e41d65e981a882afcb05d41939197da3465b6f,FTM,0.49611908
0x98e41d65e981a882afcb05d41939197da3465b6f,FXS,0.5143021
0x98e41d65e981a882afcb05d41939197da3465b6f,GRT,0.5265102
0x98e41d65e981a882afcb05d41939197da3465b6f,HAI,0.4941542
0x98e41d65e981a882afcb05d41939197da3465b6f,HERO,0.52373266
0x98e41d65e981a882afcb05d41939197da3465b6f,ICP,0.51357365
0x98e41d65e981a882afcb05d41939197da3465b6f,IMX,0.49926686
0x98e41d65e981a882afcb05d41939197da3465b6f,INJ,0.51094466
0x98e41d65e981a882afcb05d41939197da3465b6f,LDO,0.52623594
0x98e41d65e981a882afcb05d41939197da3465b6f,LINK,0.52950126
0x98e41d65e981a882afcb05d41939197da3465b6f,LTC,0.5412304
0x98e41d65e981a882afcb05d41939197da3465b6f,MATIC,0.5060439
0x98e41d65e981a882afcb05d41939197da3465b6f,MAV,0.5204549
0x98e41d65e981a882afcb05d41939197da3465b6f,MBOX,0.5105574
0x98e41d65e981a882afcb05d41939197da3465b6f,MKR,0.54618955
0x98e41d65e981a882afcb05d41939197da3465b6f,MOON,0.5016039
0x98e41d65e981a882afcb05d41939197da3465b6f,NEAR,0.50731313
0x98e41d65e981a882afcb05d41939197da3465b6f,OP,0.51677203
0x98e41d65e981a882afcb05d41939197da3465b6f,PENDLE,0.52407056
0x98e41d65e981a882afcb05d41939197da3465b6f,PEPE,0.5159943
0x98e41d65e981a882afcb05d41939197da3465b6f,PERP,0.42001095
0x98e41d65e981a882afcb05d41939197da3465b6f,PIT,0.5202675
0x98e41d65e981a882afcb05d41939197da3465b6f,POLS,0.5025913
0x98e41d65e981a882afcb05d41939197da3465b6f,PYTH,0.51122475
0x98e41d65e981a882afcb05d41939197da3465b6f,QUACK,0.5282287
0x98e41d65e981a882afcb05d41939197da3465b6f,RDNT,0.41425288
0x98e41d65e981a882afcb05d41939197da3465b6f,RNDR,0.456082
0x98e41d65e981a882afcb05d41939197da3465b6f,RPL,0.50464827
0x98e41d65e981a882afcb05d41939197da3465b6f,RUNE,0.49601206
0x98e41d65e981a882afcb05d41939197da3465b6f,SFP,0.5178772
0x98e41d65e981a882afcb05d41939197da3465b6f,SFUND,0.49188474
0x98e41d65e981a882afcb05d41939197da3465b6f,SHIB,0.50087136
0x98e41d65e981a882afcb05d41939197da3465b6f,SOL,0.5426479
0x98e41d65e981a882afcb05d41939197da3465b6f,STG,0.49580115
0x98e41d65e981a882afcb05d41939197da3465b6f,SUI,0.5102055
0x98e41d65e981a882afcb05d41939197da3465b6f,SUSHI,0.51784307
0x98e41d65e981a882afcb05d41939197da3465b6f,TIA,0.51370305
0x98e41d65e981a882afcb05d41939197da3465b6f,TOKEN,0.5084601
0x98e41d65e981a882afcb05d41939197da3465b6f,TRX,0.5904568
0x98e41d65e981a882afcb05d41939197da3465b6f,UNI,0.50179625
0x98e41d65e981a882afcb05d41939197da3465b6f,USDT,0.55843276
0x98e41d65e981a882afcb05d41939197da3465b6f,XLM,0.4950976
0x98e41d65e981a882afcb05d41939197da3465b6f,XMR,0.5167571
0x98e41d65e981a882afcb05d41939197da3465b6f,XRP,0.5217347
0x98e41d65e981a882afcb05d41939197da3465b6f,XTZ,0.51910335
0x98e41d65e981a882afcb05d41939197da3465b6f,XVS,0.5271335
0x98e41d65e981a882afcb05d41939197da3465b6f,YFI,0.52936846
0x9977891dd3be0d14082c0ac6624b808a951fd567,AAVE,0.5596685409545898
0x9977891dd3be0d14082c0ac6624b808a951fd567,ADA,0.3798208236694336
0x9977891dd3be0d14082c0ac6624b808a951fd567,ALGO,0.3116035461425781
0x9977891dd3be0d14082c0ac6624b808a951fd567,APE,0.2828636169433594
0x9977891dd3be0d14082c0ac6624b808a951fd567,APT,0.2594461441040039
0x9977891dd3be0d14082c0ac6624b808a951fd567,ATOM,0.3466653823852539
0x9977891dd3be0d14082c0ac6624b808a951fd567,AVAX,0.2464466094970703
0x9977891dd3be0d14082c0ac6624b808a951fd567,AXS,0.2646903991699219
0x9977891dd3be0d14082c0ac6624b808a951fd567,BAL,0.2171192169189453
0x9977891dd3be0d14082c0ac6624b808a951fd567,BCH,0.9344615936279296
0x9977891dd3be0d14082c0ac6624b808a951fd567,BLUR,0.249577522277832
0x9977891dd3be0d14082c0ac6624b808a951fd567,BNB,0.6812973022460938
0x9977891dd3be0d14082c0ac6624b808a951fd567,BONK,0.2366676330566406
0x9977891dd3be0d14082c0ac6624b808a951fd567,BTC,0.6779327392578125
0x9977891dd3be0d14082c0ac6624b808a951fd567,C98,0.2179813385009765
0x9977891dd3be0d14082c0ac6624b808a951fd567,CAKE,0.2484083175659179
0x9977891dd3be0d14082c0ac6624b808a951fd567,COMP,0.4444789886474609
0x9977891dd3be0d14082c0ac6624b808a951fd567,CRV,0.3822450637817383
0x9977891dd3be0d14082c0ac6624b808a951fd567,CVX,0.2418937683105468
0x9977891dd3be0d14082c0ac6624b808a951fd567,DAI,0.9183826446533204
0x9977891dd3be0d14082c0ac6624b808a951fd567,DAO,0.0035161972045898
0x9977891dd3be0d14082c0ac6624b808a951fd567,DOGE,0.3405313491821289
0x9977891dd3be0d14082c0ac6624b808a951fd567,DOT,0.2447023391723632
0x9977891dd3be0d14082c0ac6624b808a951fd567,DYDX,0.2079410552978515
0x9977891dd3be0d14082c0ac6624b808a951fd567,EOS,0.2910060882568359
0x9977891dd3be0d14082c0ac6624b808a951fd567,ETC,0.4631500244140625
0x9977891dd3be0d14082c0ac6624b808a951fd567,ETH,0.6121025085449219
0x9977891dd3be0d14082c0ac6624b808a951fd567,FET,0.0
0x9977891dd3be0d14082c0ac6624b808a951fd567,FIL,0.3275299072265625
0x9977891dd3be0d14082c0ac6624b808a951fd567,FRAX,0.9183826446533204
0x9977891dd3be0d14082c0ac6624b808a951fd567,FTM,0.1401405334472656
0x9977891dd3be0d14082c0ac6624b808a951fd567,FXS,0.2470207214355468
0x9977891dd3be0d14082c0ac6624b808a951fd567,GRT,0.2788772583007812
0x9977891dd3be0d14082c0ac6624b808a951fd567,HAI,0.1978750228881836
0x9977891dd3be0d14082c0ac6624b808a951fd567,HERO,0.3301210403442383
0x9977891dd3be0d14082c0ac6624b808a951fd567,ICP,0.2227630615234375
0x9977891dd3be0d14082c0ac6624b808a951fd567,IMX,0.1589069366455078
0x9977891dd3be0d14082c0ac6624b808a951fd567,INJ,0.2531309127807617
0x9977891dd3be0d14082c0ac6624b808a951fd567,LDO,0.237858772277832
0x9977891dd3be0d14082c0ac6624b808a951fd567,LINK,0.4370031356811523
0x9977891dd3be0d14082c0ac6624b808a951fd567,LTC,0.6466960906982422
0x9977891dd3be0d14082c0ac6624b808a951fd567,MATIC,0.2841215133666992
0x9977891dd3be0d14082c0ac6624b808a951fd567,MAV,0.1861963272094726
0x9977891dd3be0d14082c0ac6624b808a951fd567,MBOX,0.1951513290405273
0x9977891dd3be0d14082c0ac6624b808a951fd567,MKR,0.4305763244628906
0x9977891dd3be0d14082c0ac6624b808a951fd567,MOON,0.2311277389526367
0x9977891dd3be0d14082c0ac6624b808a951fd567,NEAR,0.1525430679321289
0x9977891dd3be0d14082c0ac6624b808a951fd567,OP,0.2720623016357422
0x9977891dd3be0d14082c0ac6624b808a951fd567,PENDLE,0.3172626495361328
0x9977891dd3be0d14082c0ac6624b808a951fd567,PEPE,0.2667665481567383
0x9977891dd3be0d14082c0ac6624b808a951fd567,PERP,0.1628351211547851
0x9977891dd3be0d14082c0ac6624b808a951fd567,PIT,0.3786792755126953
0x9977891dd3be0d14082c0ac6624b808a951fd567,POLS,0.2486276626586914
0x9977891dd3be0d14082c0ac6624b808a951fd567,PYTH,0.2747697830200195
0x9977891dd3be0d14082c0ac6624b808a951fd567,QUACK,0.2640151977539062
0x9977891dd3be0d14082c0ac6624b808a951fd567,RDNT,0.1492185592651367
0x9977891dd3be0d14082c0ac6624b808a951fd567,RNDR,0.116342544555664
0x9977891dd3be0d14082c0ac6624b808a951fd567,RPL,0.2329750061035156
0x9977891dd3be0d14082c0ac6624b808a951fd567,RUNE,0.2145662307739257
0x9977891dd3be0d14082c0ac6624b808a951fd567,SFP,0.4974231719970703
0x9977891dd3be0d14082c0ac6624b808a951fd567,SFUND,0.2507247924804687
0x9977891dd3be0d14082c0ac6624b808a951fd567,SHIB,0.392064094543457
0x9977891dd3be0d14082c0ac6624b808a951fd567,SOL,0.5356340408325195
0x9977891dd3be0d14082c0ac6624b808a951fd567,STG,0.2509088516235351
0x9977891dd3be0d14082c0ac6624b808a951fd567,SUI,0.2528772354125976
0x9977891dd3be0d14082c0ac6624b808a951fd567,SUSHI,0.249577522277832
0x9977891dd3be0d14082c0ac6624b808a951fd567,TIA,0.1635932922363281
0x9977891dd3be0d14082c0ac6624b808a951fd567,TOKEN,0.2097988128662109
0x9977891dd3be0d14082c0ac6624b808a951fd567,TRX,0.7668218612670898
0x9977891dd3be0d14082c0ac6624b808a951fd567,UNI,0.2855129241943359
0x9977891dd3be0d14082c0ac6624b808a951fd567,USDT,1.0
0x9977891dd3be0d14082c0ac6624b808a951fd567,XLM,0.4173345565795898
0x9977891dd3be0d14082c0ac6624b808a951fd567,XMR,0.6226282119750977
0x9977891dd3be0d14082c0ac6624b808a951fd567,XRP,0.6223897933959961
0x9977891dd3be0d14082c0ac6624b808a951fd567,XTZ,0.3726491928100586
0x9977891dd3be0d14082c0ac6624b808a951fd567,XVS,0.3709392547607422
0x9977891dd3be0d14082c0ac6624b808a951fd567,YFI,0.4399242401123047
0xa16107f011f2553fc45f714d1c5e84d703309297,AAVE,0.506578947368421
0xa16107f011f2553fc45f714d1c5e84d703309297,ADA,0.506578947368421
0xa16107f011f2553fc45f714d1c5e84d703309297,ALGO,0.506578947368421
0xa16107f011f2553fc45f714d1c5e84d703309297,APE,0.506578947368421
0xa16107f011f2553fc45f714d1c5e84d703309297,APT,0.506578947368421
0xa16107f011f2553fc45f714d1c5e84d703309297,ATOM,0.506578947368421
0xa16107f011f2553fc45f714d1c5e84d703309297,AVAX,0.506578947368421
0xa16107f011f2553fc45f714d1c5e84d703309297,AXS,0.506578947368421
0xa16107f011f2553fc45f714d1c5e84d703309297,BAL,0.506578947368421
0xa16107f011f2553fc45f714d1c5e84d703309297,BCH,0.506578947368421
0xa16107f011f2553fc45f714d1c5e84d703309297,BLUR,0.506578947368421
0xa16107f011f2553fc45f714d1c5e84d703309297,BNB,0.506578947368421
0xa16107f011f2553fc45f714d1c5e84d703309297,BONK,0.9605263157894736
0xa16107f011f2553fc45f714d1c5e84d703309297,BTC,0.506578947368421
0xa16107f011f2553fc45f714d1c5e84d703309297,C98,0.506578947368421
0xa16107f011f2553fc45f714d1c5e84d703309297,CAKE,0.506578947368421
0xa16107f011f2553fc45f714d1c5e84d703309297,COMP,0.9473684210526316
0xa16107f011f2553fc45f714d1c5e84d703309297,CRV,0.506578947368421
0xa16107f011f2553fc45f714d1c5e84d703309297,CVX,0.506578947368421
0xa16107f011f2553fc45f714d1c5e84d703309297,DAI,0.506578947368421
0xa16107f011f2553fc45f714d1c5e84d703309297,DAO,0.0
0xa16107f011f2553fc45f714d1c5e84d703309297,DOGE,0.506578947368421
0xa16107f011f2553fc45f714d1c5e84d703309297,DOT,0.506578947368421
0xa16107f011f2553fc45f714d1c5e84d703309297,DYDX,0.506578947368421
0xa16107f011f2553fc45f714d1c5e84d703309297,EOS,0.506578947368421
0xa16107f011f2553fc45f714d1c5e84d703309297,ETC,0.506578947368421
0xa16107f011f2553fc45f714d1c5e84d703309297,ETH,0.506578947368421
0xa16107f011f2553fc45f714d1c5e84d703309297,FET,0.0526315789473684
0xa16107f011f2553fc45f714d1c5e84d703309297,FIL,0.506578947368421
0xa16107f011f2553fc45f714d1c5e84d703309297,FRAX,0.506578947368421
0xa16107f011f2553fc45f714d1c5e84d703309297,FTM,0.506578947368421
0xa16107f011f2553fc45f714d1c5e84d703309297,FXS,0.506578947368421
0xa16107f011f2553fc45f714d1c5e84d703309297,GRT,0.506578947368421
0xa16107f011f2553fc45f714d1c5e84d703309297,HAI,0.506578947368421
0xa16107f011f2553fc45f714d1c5e84d703309297,HERO,0.506578947368421
0xa16107f011f2553fc45f714d1c5e84d703309297,ICP,0.506578947368421
0xa16107f011f2553fc45f714d1c5e84d703309297,IMX,0.506578947368421
0xa16107f011f2553fc45f714d1c5e84d703309297,INJ,0.506578947368421
0xa16107f011f2553fc45f714d1c5e84d703309297,LDO,0.506578947368421
0xa16107f011f2553fc45f714d1c5e84d703309297,LINK,0.506578947368421
0xa16107f011f2553fc45f714d1c5e84d703309297,LTC,0.506578947368421
0xa16107f011f2553fc45f714d1c5e84d703309297,MATIC,0.506578947368421
0xa16107f011f2553fc45f714d1c5e84d703309297,MAV,0.506578947368421
0xa16107f011f2553fc45f714d1c5e84d703309297,MBOX,0.506578947368421
0xa16107f011f2553fc45f714d1c5e84d703309297,MKR,0.506578947368421
0xa16107f011f2553fc45f714d1c5e84d703309297,MOON,0.506578947368421
0xa16107f011f2553fc45f714d1c5e84d703309297,NEAR,0.9736842105263158
0xa16107f011f2553fc45f714d1c5e84d703309297,OP,0.506578947368421
0xa16107f011f2553fc45f714d1c5e84d703309297,PENDLE,0.506578947368421
0xa16107f011f2553fc45f714d1c5e84d703309297,PEPE,0.506578947368421
0xa16107f011f2553fc45f714d1c5e84d703309297,PERP,0.0263157894736842
0xa16107f011f2553fc45f714d1c5e84d703309297,PIT,0.0657894736842105
0xa16107f011f2553fc45f714d1c5e84d703309297,POLS,0.506578947368421
0xa16107f011f2553fc45f714d1c5e84d703309297,PYTH,0.506578947368421
0xa16107f011f2553fc45f714d1c5e84d703309297,QUACK,1.0
0xa16107f011f2553fc45f714d1c5e84d703309297,RDNT,0.0131578947368421
0xa16107f011f2553fc45f714d1c5e84d703309297,RNDR,0.506578947368421
0xa16107f011f2553fc45f714d1c5e84d703309297,RPL,0.506578947368421
0xa16107f011f2553fc45f714d1c5e84d703309297,RUNE,0.506578947368421
0xa16107f011f2553fc45f714d1c5e84d703309297,SFP,0.506578947368421
0xa16107f011f2553fc45f714d1c5e84d703309297,SFUND,0.986842105263158
0xa16107f011f2553fc45f714d1c5e84d703309297,SHIB,0.506578947368421
0xa16107f011f2553fc45f714d1c5e84d703309297,SOL,0.506578947368421
0xa16107f011f2553fc45f714d1c5e84d703309297,STG,0.506578947368421
0xa16107f011f2553fc45f714d1c5e84d703309297,SUI,0.506578947368421
0xa16107f011f2553fc45f714d1c5e84d703309297,SUSHI,0.506578947368421
0xa16107f011f2553fc45f714d1c5e84d703309297,TIA,0.506578947368421
0xa16107f011f2553fc45f714d1c5e84d703309297,TOKEN,0.506578947368421
0xa16107f011f2553fc45f714d1c5e84d703309297,TRX,0.506578947368421
0xa16107f011f2553fc45f714d1c5e84d703309297,UNI,0.506578947368421
0xa16107f011f2553fc45f714d1c5e84d703309297,USDT,0.506578947368421
0xa16107f011f2553fc45f714d1c5e84d703309297,XLM,0.506578947368421
0xa16107f011f2553fc45f714d1c5e84d703309297,XMR,0.0394736842105263
0xa16107f011f2553fc45f714d1c5e84d703309297,XRP,0.506578947368421
0xa16107f011f2553fc45f714d1c5e84d703309297,XTZ,0.506578947368421
0xa16107f011f2553fc45f714d1c5e84d703309297,XVS,0.506578947368421
0xa16107f011f2553fc45f714d1c5e84d703309297,YFI,0.506578947368421
0xa16a483a18f00a00b14b93438e8ad21f485b382f,AAVE,0.5330097
0xa16a483a18f00a00b14b93438e8ad21f485b382f,ADA,0.5324676
0xa16a483a18f00a00b14b93438e8ad21f485b382f,ALGO,0.51325154
0xa16a483a18f00a00b14b93438e8ad21f485b382f,APE,0.51957023
0xa16a483a18f00a00b14b93438e8ad21f485b382f,APT,0.5188821
0xa16a483a18f00a00b14b93438e8ad21f485b382f,ATOM,0.52018034
0xa16a483a18f00a00b14b93438e8ad21f485b382f,AVAX,0.53478134
0xa16a483a18f00a00b14b93438e8ad21f485b382f,AXS,0.5139783
0xa16a483a18f00a00b14b93438e8ad21f485b382f,BAL,0.4770434
0xa16a483a18f00a00b14b93438e8ad21f485b382f,BCH,0.5351771
0xa16a483a18f00a00b14b93438e8ad21f485b382f,BLUR,0.5304246
0xa16a483a18f00a00b14b93438e8ad21f485b382f,BNB,0.5467082
0xa16a483a18f00a00b14b93438e8ad21f485b382f,BONK,0.52685595
0xa16a483a18f00a00b14b93438e8ad21f485b382f,BTC,0.54514235
0xa16a483a18f00a00b14b93438e8ad21f485b382f,C98,0.49750438
0xa16a483a18f00a00b14b93438e8ad21f485b382f,CAKE,0.5383617
0xa16a483a18f00a00b14b93438e8ad21f485b382f,COMP,0.5185127
0xa16a483a18f00a00b14b93438e8ad21f485b382f,CRV,0.5362647
0xa16a483a18f00a00b14b93438e8ad21f485b382f,CVX,0.48477027
0xa16a483a18f00a00b14b93438e8ad21f485b382f,DAI,0.6104715
0xa16a483a18f00a00b14b93438e8ad21f485b382f,DAO,0.453774
0xa16a483a18f00a00b14b93438e8ad21f485b382f,DOGE,0.52476645
0xa16a483a18f00a00b14b93438e8ad21f485b382f,DOT,0.51709986
0xa16a483a18f00a00b14b93438e8ad21f485b382f,DYDX,0.50993437
0xa16a483a18f00a00b14b93438e8ad21f485b382f,EOS,0.5082068
0xa16a483a18f00a00b14b93438e8ad21f485b382f,ETC,0.5403724
0xa16a483a18f00a00b14b93438e8ad21f485b382f,ETH,0.54623127
0xa16a483a18f00a00b14b93438e8ad21f485b382f,FET,0.4616736
0xa16a483a18f00a00b14b93438e8ad21f485b382f,FIL,0.5319331
0xa16a483a18f00a00b14b93438e8ad21f485b382f,FRAX,0.5949239
0xa16a483a18f00a00b14b93438e8ad21f485b382f,FTM,0.49176154
0xa16a483a18f00a00b14b93438e8ad21f485b382f,FXS,0.5291746
0xa16a483a18f00a00b14b93438e8ad21f485b382f,GRT,0.5286149
0xa16a483a18f00a00b14b93438e8ad21f485b382f,HAI,0.50014365
0xa16a483a18f00a00b14b93438e8ad21f485b382f,HERO,0.53133106
0xa16a483a18f00a00b14b93438e8ad21f485b382f,ICP,0.5060465
0xa16a483a18f00a00b14b93438e8ad21f485b382f,IMX,0.5135536
0xa16a483a18f00a00b14b93438e8ad21f485b382f,INJ,0.5200316
0xa16a483a18f00a00b14b93438e8ad21f485b382f,LDO,0.5165052
0xa16a483a18f00a00b14b93438e8ad21f485b382f,LINK,0.5379323
0xa16a483a18f00a00b14b93438e8ad21f485b382f,LTC,0.549207
0xa16a483a18f00a00b14b93438e8ad21f485b382f,MATIC,0.52309895
0xa16a483a18f00a00b14b93438e8ad21f485b382f,MAV,0.5235395
0xa16a483a18f00a00b14b93438e8ad21f485b382f,MBOX,0.51387864
0xa16a483a18f00a00b14b93438e8ad21f485b382f,MKR,0.5576268
0xa16a483a18f00a00b14b93438e8ad21f485b382f,MOON,0.4975663
0xa16a483a18f00a00b14b93438e8ad21f485b382f,NEAR,0.5087696
0xa16a483a18f00a00b14b93438e8ad21f485b382f,OP,0.5170691
0xa16a483a18f00a00b14b93438e8ad21f485b382f,PENDLE,0.52070177
0xa16a483a18f00a00b14b93438e8ad21f485b382f,PEPE,0.51528955
0xa16a483a18f00a00b14b93438e8ad21f485b382f,PERP,0.42589167
0xa16a483a18f00a00b14b93438e8ad21f485b382f,PIT,0.52053577
0xa16a483a18f00a00b14b93438e8ad21f485b382f,POLS,0.49060056
0xa16a483a18f00a00b14b93438e8ad21f485b382f,PYTH,0.5219972
0xa16a483a18f00a00b14b93438e8ad21f485b382f,QUACK,0.5454884
0xa16a483a18f00a00b14b93438e8ad21f485b382f,RDNT,0.4062607
0xa16a483a18f00a00b14b93438e8ad21f485b382f,RNDR,0.46093392
0xa16a483a18f00a00b14b93438e8ad21f485b382f,RPL,0.5080957
0xa16a483a18f00a00b14b93438e8ad21f485b382f,RUNE,0.50796396
0xa16a483a18f00a00b14b93438e8ad21f485b382f,SFP,0.53540325
0xa16a483a18f00a00b14b93438e8ad21f485b382f,SFUND,0.49441063
0xa16a483a18f00a00b14b93438e8ad21f485b382f,SHIB,0.49776095
0xa16a483a18f00a00b14b93438e8ad21f485b382f,SOL,0.5369323
0xa16a483a18f00a00b14b93438e8ad21f485b382f,STG,0.4959585
0xa16a483a18f00a00b14b93438e8ad21f485b382f,SUI,0.5111089
0xa16a483a18f00a00b14b93438e8ad21f485b382f,SUSHI,0.52476823
0xa16a483a18f00a00b14b93438e8ad21f485b382f,TIA,0.5217895
0xa16a483a18f00a00b14b93438e8ad21f485b382f,TOKEN,0.51985306
0xa16a483a18f00a00b14b93438e8ad21f485b382f,TRX,0.57380253
0xa16a483a18f00a00b14b93438e8ad21f485b382f,UNI,0.49722835
0xa16a483a18f00a00b14b93438e8ad21f485b382f,USDT,0.54855627
0xa16a483a18f00a00b14b93438e8ad21f485b382f,XLM,0.50521797
0xa16a483a18f00a00b14b93438e8ad21f485b382f,XMR,0.50981
0xa16a483a18f00a00b14b93438e8ad21f485b382f,XRP,0.52835596
0xa16a483a18f00a00b14b93438e8ad21f485b382f,XTZ,0.5302594
0xa16a483a18f00a00b14b93438e8ad21f485b382f,XVS,0.53038543
0xa16a483a18f00a00b14b93438e8ad21f485b382f,YFI,0.53568697
0xb294a5316e76e84649a3b8ff0ff6ef9788595bed,AAVE,0.62296385
0xb294a5316e76e84649a3b8ff0ff6ef9788595bed,ADA,0.68816584
0xb294a5316e76e84649a3b8ff0ff6ef9788595bed,ALGO,0.6710223
0xb294a5316e76e84649a3b8ff0ff6ef9788595bed,APE,0.61950994
0xb294a5316e76e84649a3b8ff0ff6ef9788595bed,APT,0.56508386
0xb294a5316e76e84649a3b8ff0ff6ef9788595bed,ATOM,0.69122595
0xb294a5316e76e84649a3b8ff0ff6ef9788595bed,AVAX,0.60847807
0xb294a5316e76e84649a3b8ff0ff6ef9788595bed,AXS,0.5970475
0xb294a5316e76e84649a3b8ff0ff6ef9788595bed,BAL,0.60579383
0xb294a5316e76e84649a3b8ff0ff6ef9788595bed,BCH,0.68785554
0xb294a5316e76e84649a3b8ff0ff6ef9788595bed,BLUR,0.5969635
0xb294a5316e76e84649a3b8ff0ff6ef9788595bed,BNB,0.67846984
0xb294a5316e76e84649a3b8ff0ff6ef9788595bed,BONK,0.6097546
0xb294a5316e76e84649a3b8ff0ff6ef9788595bed,BTC,0.639553
0xb294a5316e76e84649a3b8ff0ff6ef9788595bed,C98,0.59361035
0xb294a5316e76e84649a3b8ff0ff6ef9788595bed,CAKE,0.69197583
0xb294a5316e76e84649a3b8ff0ff6ef9788595bed,COMP,0.63652116
0xb294a5316e76e84649a3b8ff0ff6ef9788595bed,CRV,0.6673383
0xb294a5316e76e84649a3b8ff0ff6ef9788595bed,CVX,0.55815035
0xb294a5316e76e84649a3b8ff0ff6ef9788595bed,DAI,0.6070712
0xb294a5316e76e84649a3b8ff0ff6ef9788595bed,DAO,0.63133836
0xb294a5316e76e84649a3b8ff0ff6ef9788595bed,DOGE,0.6626515
0xb294a5316e76e84649a3b8ff0ff6ef9788595bed,DOT,0.67364246
0xb294a5316e76e84649a3b8ff0ff6ef9788595bed,DYDX,0.60525113
0xb294a5316e76e84649a3b8ff0ff6ef9788595bed,EOS,0.585688
0xb294a5316e76e84649a3b8ff0ff6ef9788595bed,ETC,0.65531504
0xb294a5316e76e84649a3b8ff0ff6ef9788595bed,ETH,0.63978094
0xb294a5316e76e84649a3b8ff0ff6ef9788595bed,FET,0.55561113
0xb294a5316e76e84649a3b8ff0ff6ef9788595bed,FIL,0.54705536
0xb294a5316e76e84649a3b8ff0ff6ef9788595bed,FRAX,0.5772468
0xb294a5316e76e84649a3b8ff0ff6ef9788595bed,FTM,0.6466207
0xb294a5316e76e84649a3b8ff0ff6ef9788595bed,FXS,0.58164287
0xb294a5316e76e84649a3b8ff0ff6ef9788595bed,GRT,0.57910395
0xb294a5316e76e84649a3b8ff0ff6ef9788595bed,HAI,0.6627389
0xb294a5316e76e84649a3b8ff0ff6ef9788595bed,HERO,0.63238096
0xb294a5316e76e84649a3b8ff0ff6ef9788595bed,ICP,0.56516814
0xb294a5316e76e84649a3b8ff0ff6ef9788595bed,IMX,0.59822404
0xb294a5316e76e84649a3b8ff0ff6ef9788595bed,INJ,0.6057881
0xb294a5316e76e84649a3b8ff0ff6ef9788595bed,LDO,0.5877971
0xb294a5316e76e84649a3b8ff0ff6ef9788595bed,LINK,0.6640179
0xb294a5316e76e84649a3b8ff0ff6ef9788595bed,LTC,0.6643278
0xb294a5316e76e84649a3b8ff0ff6ef9788595bed,MATIC,0.62675196
0xb294a5316e76e84649a3b8ff0ff6ef9788595bed,MAV,0.6145311
0xb294a5316e76e84649a3b8ff0ff6ef9788595bed,MBOX,0.6081938
0xb294a5316e76e84649a3b8ff0ff6ef9788595bed,MKR,0.6360859
0xb294a5316e76e84649a3b8ff0ff6ef9788595bed,MOON,0.6776955
0xb294a5316e76e84649a3b8ff0ff6ef9788595bed,NEAR,0.5928375
0xb294a5316e76e84649a3b8ff0ff6ef9788595bed,OP,0.679194
0xb294a5316e76e84649a3b8ff0ff6ef9788595bed,PENDLE,0.57570165
0xb294a5316e76e84649a3b8ff0ff6ef9788595bed,PEPE,0.68383574
0xb294a5316e76e84649a3b8ff0ff6ef9788595bed,PERP,0.671588
0xb294a5316e76e84649a3b8ff0ff6ef9788595bed,PIT,0.7245513
0xb294a5316e76e84649a3b8ff0ff6ef9788595bed,POLS,0.6213713
0xb294a5316e76e84649a3b8ff0ff6ef9788595bed,PYTH,0.6104447
0xb294a5316e76e84649a3b8ff0ff6ef9788595bed,QUACK,0.6681762
0xb294a5316e76e84649a3b8ff0ff6ef9788595bed,RDNT,0.5923662
0xb294a5316e76e84649a3b8ff0ff6ef9788595bed,RNDR,0.5717146
0xb294a5316e76e84649a3b8ff0ff6ef9788595bed,RPL,0.5950565
0xb294a5316e76e84649a3b8ff0ff6ef9788595bed,RUNE,0.5805051
0xb294a5316e76e84649a3b8ff0ff6ef9788595bed,SFP,0.5699435
0xb294a5316e76e84649a3b8ff0ff6ef9788595bed,SFUND,0.62205553
0xb294a5316e76e84649a3b8ff0ff6ef9788595bed,SHIB,0.61836267
0xb294a5316e76e84649a3b8ff0ff6ef9788595bed,SOL,0.6492866
0xb294a5316e76e84649a3b8ff0ff6ef9788595bed,STG,0.60456884
0xb294a5316e76e84649a3b8ff0ff6ef9788595bed,SUI,0.5936872
0xb294a5316e76e84649a3b8ff0ff6ef9788595bed,SUSHI,0.5754475
0xb294a5316e76e84649a3b8ff0ff6ef9788595bed,TIA,0.5767086
0xb294a5316e76e84649a3b8ff0ff6ef9788595bed,TOKEN,0.6272433
0xb294a5316e76e84649a3b8ff0ff6ef9788595bed,TRX,0.68161184
0xb294a5316e76e84649a3b8ff0ff6ef9788595bed,UNI,0.67569613
0xb294a5316e76e84649a3b8ff0ff6ef9788595bed,USDT,0.6557498
0xb294a5316e76e84649a3b8ff0ff6ef9788595bed,XLM,0.63516915
0xb294a5316e76e84649a3b8ff0ff6ef9788595bed,XMR,0.6932146
0xb294a5316e76e84649a3b8ff0ff6ef9788595bed,XRP,0.65003
0xb294a5316e76e84649a3b8ff0ff6ef9788595bed,XTZ,0.5807997
0xb294a5316e76e84649a3b8ff0ff6ef9788595bed,XVS,0.5660479
0xb294a5316e76e84649a3b8ff0ff6ef9788595bed,YFI,0.6062587
0xb7ece21c962697a3194c0b6e4b81db54433055ab,AAVE,0.5413229
0xb7ece21c962697a3194c0b6e4b81db54433055ab,ADA,0.5304219
0xb7ece21c962697a3194c0b6e4b81db54433055ab,ALGO,0.5156977
0xb7ece21c962697a3194c0b6e4b81db54433055ab,APE,0.51573086
0xb7ece21c962697a3194c0b6e4b81db54433055ab,APT,0.5212989
0xb7ece21c962697a3194c0b6e4b81db54433055ab,ATOM,0.5286417
0xb7ece21c962697a3194c0b6e4b81db54433055ab,AVAX,0.539786
0xb7ece21c962697a3194c0b6e4b81db54433055ab,AXS,0.5004709
0xb7ece21c962697a3194c0b6e4b81db54433055ab,BAL,0.4822555
0xb7ece21c962697a3194c0b6e4b81db54433055ab,BCH,0.5364076
0xb7ece21c962697a3194c0b6e4b81db54433055ab,BLUR,0.52648383
0xb7ece21c962697a3194c0b6e4b81db54433055ab,BNB,0.5540237
0xb7ece21c962697a3194c0b6e4b81db54433055ab,BONK,0.52913
0xb7ece21c962697a3194c0b6e4b81db54433055ab,BTC,0.52874386
0xb7ece21c962697a3194c0b6e4b81db54433055ab,C98,0.49638075
0xb7ece21c962697a3194c0b6e4b81db54433055ab,CAKE,0.5365751
0xb7ece21c962697a3194c0b6e4b81db54433055ab,COMP,0.52161485
0xb7ece21c962697a3194c0b6e4b81db54433055ab,CRV,0.52465475
0xb7ece21c962697a3194c0b6e4b81db54433055ab,CVX,0.47713315
0xb7ece21c962697a3194c0b6e4b81db54433055ab,DAI,0.60101736
0xb7ece21c962697a3194c0b6e4b81db54433055ab,DAO,0.4692616
0xb7ece21c962697a3194c0b6e4b81db54433055ab,DOGE,0.52631384
0xb7ece21c962697a3194c0b6e4b81db54433055ab,DOT,0.52149796
0xb7ece21c962697a3194c0b6e4b81db54433055ab,DYDX,0.5127924
0xb7ece21c962697a3194c0b6e4b81db54433055ab,EOS,0.50073117
0xb7ece21c962697a3194c0b6e4b81db54433055ab,ETC,0.5385053
0xb7ece21c962697a3194c0b6e4b81db54433055ab,ETH,0.522376
0xb7ece21c962697a3194c0b6e4b81db54433055ab,FET,0.4902584
0xb7ece21c962697a3194c0b6e4b81db54433055ab,FIL,0.5206867
0xb7ece21c962697a3194c0b6e4b81db54433055ab,FRAX,0.5948802
0xb7ece21c962697a3194c0b6e4b81db54433055ab,FTM,0.4768305
0xb7ece21c962697a3194c0b6e4b81db54433055ab,FXS,0.5097504
0xb7ece21c962697a3194c0b6e4b81db54433055ab,GRT,0.52463126
0xb7ece21c962697a3194c0b6e4b81db54433055ab,HAI,0.49624816
0xb7ece21c962697a3194c0b6e4b81db54433055ab,HERO,0.53061134
0xb7ece21c962697a3194c0b6e4b81db54433055ab,ICP,0.51762784
0xb7ece21c962697a3194c0b6e4b81db54433055ab,IMX,0.5079416
0xb7ece21c962697a3194c0b6e4b81db54433055ab,INJ,0.51656914
0xb7ece21c962697a3194c0b6e4b81db54433055ab,LDO,0.508879
0xb7ece21c962697a3194c0b6e4b81db54433055ab,LINK,0.53125906
0xb7ece21c962697a3194c0b6e4b81db54433055ab,LTC,0.5586949
0xb7ece21c962697a3194c0b6e4b81db54433055ab,MATIC,0.515708
0xb7ece21c962697a3194c0b6e4b81db54433055ab,MAV,0.51828486
0xb7ece21c962697a3194c0b6e4b81db54433055ab,MBOX,0.51883847
0xb7ece21c962697a3194c0b6e4b81db54433055ab,MKR,0.5666405
0xb7ece21c962697a3194c0b6e4b81db54433055ab,MOON,0.5056929
0xb7ece21c962697a3194c0b6e4b81db54433055ab,NEAR,0.501762
0xb7ece21c962697a3194c0b6e4b81db54433055ab,OP,0.5195521
0xb7ece21c962697a3194c0b6e4b81db54433055ab,PENDLE,0.5134213
0xb7ece21c962697a3194c0b6e4b81db54433055ab,PEPE,0.51926607
0xb7ece21c962697a3194c0b6e4b81db54433055ab,PERP,0.4250288
0xb7ece21c962697a3194c0b6e4b81db54433055ab,PIT,0.5197449
0xb7ece21c962697a3194c0b6e4b81db54433055ab,POLS,0.5023834
0xb7ece21c962697a3194c0b6e4b81db54433055ab,PYTH,0.5205354
0xb7ece21c962697a3194c0b6e4b81db54433055ab,QUACK,0.5492607
0xb7ece21c962697a3194c0b6e4b81db54433055ab,RDNT,0.41471568
0xb7ece21c962697a3194c0b6e4b81db54433055ab,RNDR,0.47076917
0xb7ece21c962697a3194c0b6e4b81db54433055ab,RPL,0.5073396
0xb7ece21c962697a3194c0b6e4b81db54433055ab,RUNE,0.5109096
0xb7ece21c962697a3194c0b6e4b81db54433055ab,SFP,0.50901675
0xb7ece21c962697a3194c0b6e4b81db54433055ab,SFUND,0.48411396
0xb7ece21c962697a3194c0b6e4b81db54433055ab,SHIB,0.5009495
0xb7ece21c962697a3194c0b6e4b81db54433055ab,SOL,0.52696586
0xb7ece21c962697a3194c0b6e4b81db54433055ab,STG,0.4992616
0xb7ece21c962697a3194c0b6e4b81db54433055ab,SUI,0.50987136
0xb7ece21c962697a3194c0b6e4b81db54433055ab,SUSHI,0.5302984
0xb7ece21c962697a3194c0b6e4b81db54433055ab,TIA,0.52601385
0xb7ece21c962697a3194c0b6e4b81db54433055ab,TOKEN,0.513498
0xb7ece21c962697a3194c0b6e4b81db54433055ab,TRX,0.5616595
0xb7ece21c962697a3194c0b6e4b81db54433055ab,UNI,0.5143302
0xb7ece21c962697a3194c0b6e4b81db54433055ab,USDT,0.5888466
0xb7ece21c962697a3194c0b6e4b81db54433055ab,XLM,0.5112864
0xb7ece21c962697a3194c0b6e4b81db54433055ab,XMR,0.51771265
0xb7ece21c962697a3194c0b6e4b81db54433055ab,XRP,0.5370607
0xb7ece21c962697a3194c0b6e4b81db54433055ab,XTZ,0.535471
0xb7ece21c962697a3194c0b6e4b81db54433055ab,XVS,0.5210945
0xb7ece21c962697a3194c0b6e4b81db54433055ab,YFI,0.549283
0xbf692d7684d6decc6cfc064247e7d8b52e104121,AAVE,0.6595575213432312
0xbf692d7684d6decc6cfc064247e7d8b52e104121,ADA,0.5768963694572449
0xbf692d7684d6decc6cfc064247e7d8b52e104121,ALGO,0.4474501013755798
0xbf692d7684d6decc6cfc064247e7d8b52e104121,APE,0.4014500975608825
0xbf692d7684d6decc6cfc064247e7d8b52e104121,APT,0.4381064772605896
0xbf692d7684d6decc6cfc064247e7d8b52e104121,ATOM,0.5347954630851746
0xbf692d7684d6decc6cfc064247e7d8b52e104121,AVAX,0.4840647578239441
0xbf692d7684d6decc6cfc064247e7d8b52e104121,AXS,0.4354299902915954
0xbf692d7684d6decc6cfc064247e7d8b52e104121,BAL,0.232767254114151
0xbf692d7684d6decc6cfc064247e7d8b52e104121,BCH,0.856290340423584
0xbf692d7684d6decc6cfc064247e7d8b52e104121,BLUR,0.3852812647819519
0xbf692d7684d6decc6cfc064247e7d8b52e104121,BNB,0.754889965057373
0xbf692d7684d6decc6cfc064247e7d8b52e104121,BONK,0.340405136346817
0xbf692d7684d6decc6cfc064247e7d8b52e104121,BTC,0.8686048984527588
0xbf692d7684d6decc6cfc064247e7d8b52e104121,C98,0.2356549799442291
0xbf692d7684d6decc6cfc064247e7d8b52e104121,CAKE,0.4065155386924743
0xbf692d7684d6decc6cfc064247e7d8b52e104121,COMP,0.5229954123497009
0xbf692d7684d6decc6cfc064247e7d8b52e104121,CRV,0.4247826933860779
0xbf692d7684d6decc6cfc064247e7d8b52e104121,CVX,0.3580862581729889
0xbf692d7684d6decc6cfc064247e7d8b52e104121,DAI,0.7860274314880371
0xbf692d7684d6decc6cfc064247e7d8b52e104121,DAO,0.0792965963482856
0xbf692d7684d6decc6cfc064247e7d8b52e104121,DOGE,0.5702773928642273
0xbf692d7684d6decc6cfc064247e7d8b52e104121,DOT,0.5247318148612976
0xbf692d7684d6decc6cfc064247e7d8b52e104121,DYDX,0.325578361749649
0xbf692d7684d6decc6cfc064247e7d8b52e104121,EOS,0.4181568026542663
0xbf692d7684d6decc6cfc064247e7d8b52e104121,ETC,0.701753556728363
0xbf692d7684d6decc6cfc064247e7d8b52e104121,ETH,0.7643229961395264
0xbf692d7684d6decc6cfc064247e7d8b52e104121,FET,0.0
0xbf692d7684d6decc6cfc064247e7d8b52e104121,FIL,0.3779165148735046
0xbf692d7684d6decc6cfc064247e7d8b52e104121,FRAX,0.7143861651420593
0xbf692d7684d6decc6cfc064247e7d8b52e104121,FTM,0.3470551073551178
0xbf692d7684d6decc6cfc064247e7d8b52e104121,FXS,0.2880600988864898
0xbf692d7684d6decc6cfc064247e7d8b52e104121,GRT,0.4915632605552673
0xbf692d7684d6decc6cfc064247e7d8b52e104121,HAI,0.2283345758914947
0xbf692d7684d6decc6cfc064247e7d8b52e104121,HERO,0.47300785779953
0xbf692d7684d6decc6cfc064247e7d8b52e104121,ICP,0.3806068301200866
0xbf692d7684d6decc6cfc064247e7d8b52e104121,IMX,0.2132410109043121
0xbf692d7684d6decc6cfc064247e7d8b52e104121,INJ,0.3957664370536804
0xbf692d7684d6decc6cfc064247e7d8b52e104121,LDO,0.3245402872562408
0xbf692d7684d6decc6cfc064247e7d8b52e104121,LINK,0.5794889330863953
0xbf692d7684d6decc6cfc064247e7d8b52e104121,LTC,0.9233107566833496
0xbf692d7684d6decc6cfc064247e7d8b52e104121,MATIC,0.3622190058231354
0xbf692d7684d6decc6cfc064247e7d8b52e104121,MAV,0.3626061975955963
0xbf692d7684d6decc6cfc064247e7d8b52e104121,MBOX,0.2824679911136627
0xbf692d7684d6decc6cfc064247e7d8b52e104121,MKR,0.552867591381073
0xbf692d7684d6decc6cfc064247e7d8b52e104121,MOON,0.4096576571464538
0xbf692d7684d6decc6cfc064247e7d8b52e104121,NEAR,0.2832719385623932
0xbf692d7684d6decc6cfc064247e7d8b52e104121,OP,0.5335800051689148
0xbf692d7684d6decc6cfc064247e7d8b52e104121,PENDLE,0.4718503355979919
0xbf692d7684d6decc6cfc064247e7d8b52e104121,PEPE,0.3808023333549499
0xbf692d7684d6decc6cfc064247e7d8b52e104121,PERP,0.1239792257547378
0xbf692d7684d6decc6cfc064247e7d8b52e104121,PIT,0.4407266974449157
0xbf692d7684d6decc6cfc064247e7d8b52e104121,POLS,0.3905996680259704
0xbf692d7684d6decc6cfc064247e7d8b52e104121,PYTH,0.3359400331974029
0xbf692d7684d6decc6cfc064247e7d8b52e104121,QUACK,0.4792560935020447
0xbf692d7684d6decc6cfc064247e7d8b52e104121,RDNT,0.1310494095087051
0xbf692d7684d6decc6cfc064247e7d8b52e104121,RNDR,0.0816016271710395
0xbf692d7684d6decc6cfc064247e7d8b52e104121,RPL,0.2919923365116119
0xbf692d7684d6decc6cfc064247e7d8b52e104121,RUNE,0.3826619982719421
0xbf692d7684d6decc6cfc064247e7d8b52e104121,SFP,0.5025877356529236
0xbf692d7684d6decc6cfc064247e7d8b52e104121,SFUND,0.3890616297721863
0xbf692d7684d6decc6cfc064247e7d8b52e104121,SHIB,0.5380734801292419
0xbf692d7684d6decc6cfc064247e7d8b52e104121,SOL,0.7231370806694031
0xbf692d7684d6decc6cfc064247e7d8b52e104121,STG,0.3011325895786285
0xbf692d7684d6decc6cfc064247e7d8b52e104121,SUI,0.3671638071537018
0xbf692d7684d6decc6cfc064247e7d8b52e104121,SUSHI,0.3367344439029693
0xbf692d7684d6decc6cfc064247e7d8b52e104121,TIA,0.1873679310083389
0xbf692d7684d6decc6cfc064247e7d8b52e104121,TOKEN,0.3192533552646637
0xbf692d7684d6decc6cfc064247e7d8b52e104121,TRX,0.7625184059143066
0xbf692d7684d6decc6cfc064247e7d8b52e104121,UNI,0.5293509364128113
0xbf692d7684d6decc6cfc064247e7d8b52e104121,USDT,1.0
0xbf692d7684d6decc6cfc064247e7d8b52e104121,XLM,0.4543597102165222
0xbf692d7684d6decc6cfc064247e7d8b52e104121,XMR,0.7272371649742126
0xbf692d7684d6decc6cfc064247e7d8b52e104121,XRP,0.6763548254966736
0xbf692d7684d6decc6cfc064247e7d8b52e104121,XTZ,0.5488077998161316
0xbf692d7684d6decc6cfc064247e7d8b52e104121,XVS,0.4716233611106872
0xbf692d7684d6decc6cfc064247e7d8b52e104121,YFI,0.5837253928184509
0xc1d8e22cfb4d0ca7326057f027570abd2f732d00,AAVE,0.6695384979248047
0xc1d8e22cfb4d0ca7326057f027570abd2f732d00,ADA,0.5729360580444336
0xc1d8e22cfb4d0ca7326057f027570abd2f732d00,ALGO,0.4824495315551758
0xc1d8e22cfb4d0ca7326057f027570abd2f732d00,APE,0.4069547653198242
0xc1d8e22cfb4d0ca7326057f027570abd2f732d00,APT,0.3973016738891601
0xc1d8e22cfb4d0ca7326057f027570abd2f732d00,ATOM,0.5547208786010742
0xc1d8e22cfb4d0ca7326057f027570abd2f732d00,AVAX,0.4226350784301758
0xc1d8e22cfb4d0ca7326057f027570abd2f732d00,AXS,0.4244804382324219
0xc1d8e22cfb4d0ca7326057f027570abd2f732d00,BAL,0.2893447875976562
0xc1d8e22cfb4d0ca7326057f027570abd2f732d00,BCH,0.9073219299316406
0xc1d8e22cfb4d0ca7326057f027570abd2f732d00,BLUR,0.3784751892089844
0xc1d8e22cfb4d0ca7326057f027570abd2f732d00,BNB,0.7868785858154297
0xc1d8e22cfb4d0ca7326057f027570abd2f732d00,BONK,0.4401359558105469
0xc1d8e22cfb4d0ca7326057f027570abd2f732d00,BTC,0.8859548568725586
0xc1d8e22cfb4d0ca7326057f027570abd2f732d00,C98,0.3516645431518554
0xc1d8e22cfb4d0ca7326057f027570abd2f732d00,CAKE,0.5044317245483398
0xc1d8e22cfb4d0ca7326057f027570abd2f732d00,COMP,0.6624946594238281
0xc1d8e22cfb4d0ca7326057f027570abd2f732d00,CRV,0.5014181137084961
0xc1d8e22cfb4d0ca7326057f027570abd2f732d00,CVX,0.434152603149414
0xc1d8e22cfb4d0ca7326057f027570abd2f732d00,DAI,1.0
0xc1d8e22cfb4d0ca7326057f027570abd2f732d00,DAO,0.1420555114746093
0xc1d8e22cfb4d0ca7326057f027570abd2f732d00,DOGE,0.5211143493652344
0xc1d8e22cfb4d0ca7326057f027570abd2f732d00,DOT,0.4286174774169922
0xc1d8e22cfb4d0ca7326057f027570abd2f732d00,DYDX,0.3926534652709961
0xc1d8e22cfb4d0ca7326057f027570abd2f732d00,EOS,0.4424848556518554
0xc1d8e22cfb4d0ca7326057f027570abd2f732d00,ETC,0.6546726226806641
0xc1d8e22cfb4d0ca7326057f027570abd2f732d00,ETH,0.7882966995239258
0xc1d8e22cfb4d0ca7326057f027570abd2f732d00,FET,0.0
0xc1d8e22cfb4d0ca7326057f027570abd2f732d00,FIL,0.5191059112548828
0xc1d8e22cfb4d0ca7326057f027570abd2f732d00,FRAX,0.9420833587646484
0xc1d8e22cfb4d0ca7326057f027570abd2f732d00,FTM,0.2052812576293945
0xc1d8e22cfb4d0ca7326057f027570abd2f732d00,FXS,0.3429164886474609
0xc1d8e22cfb4d0ca7326057f027570abd2f732d00,GRT,0.3937177658081054
0xc1d8e22cfb4d0ca7326057f027570abd2f732d00,HAI,0.3006515502929687
0xc1d8e22cfb4d0ca7326057f027570abd2f732d00,HERO,0.5289163589477539
0xc1d8e22cfb4d0ca7326057f027570abd2f732d00,ICP,0.3788318634033203
0xc1d8e22cfb4d0ca7326057f027570abd2f732d00,IMX,0.3097286224365234
0xc1d8e22cfb4d0ca7326057f027570abd2f732d00,INJ,0.4394397735595703
0xc1d8e22cfb4d0ca7326057f027570abd2f732d00,LDO,0.3991041183471679
0xc1d8e22cfb4d0ca7326057f027570abd2f732d00,LINK,0.6040554046630859
0xc1d8e22cfb4d0ca7326057f027570abd2f732d00,LTC,0.7676763534545898
0xc1d8e22cfb4d0ca7326057f027570abd2f732d00,MATIC,0.399698257446289
0xc1d8e22cfb4d0ca7326057f027570abd2f732d00,MAV,0.3216085433959961
0xc1d8e22cfb4d0ca7326057f027570abd2f732d00,MBOX,0.4362192153930664
0xc1d8e22cfb4d0ca7326057f027570abd2f732d00,MKR,0.5556507110595703
0xc1d8e22cfb4d0ca7326057f027570abd2f732d00,MOON,0.3183650970458984
0xc1d8e22cfb4d0ca7326057f027570abd2f732d00,NEAR,0.2789449691772461
0xc1d8e22cfb4d0ca7326057f027570abd2f732d00,OP,0.4287261962890625
0xc1d8e22cfb4d0ca7326057f027570abd2f732d00,PENDLE,0.5361862182617188
0xc1d8e22cfb4d0ca7326057f027570abd2f732d00,PEPE,0.4876089096069336
0xc1d8e22cfb4d0ca7326057f027570abd2f732d00,PERP,0.0375251770019531
0xc1d8e22cfb4d0ca7326057f027570abd2f732d00,PIT,0.5403881072998047
0xc1d8e22cfb4d0ca7326057f027570abd2f732d00,POLS,0.3897285461425781
0xc1d8e22cfb4d0ca7326057f027570abd2f732d00,PYTH,0.4322319030761719
0xc1d8e22cfb4d0ca7326057f027570abd2f732d00,QUACK,0.5386466979980469
0xc1d8e22cfb4d0ca7326057f027570abd2f732d00,RDNT,0.2189836502075195
0xc1d8e22cfb4d0ca7326057f027570abd2f732d00,RNDR,0.0885076522827148
0xc1d8e22cfb4d0ca7326057f027570abd2f732d00,RPL,0.3449563980102539
0xc1d8e22cfb4d0ca7326057f027570abd2f732d00,RUNE,0.3690042495727539
0xc1d8e22cfb4d0ca7326057f027570abd2f732d00,SFP,0.6342029571533203
0xc1d8e22cfb4d0ca7326057f027570abd2f732d00,SFUND,0.3745889663696289
0xc1d8e22cfb4d0ca7326057f027570abd2f732d00,SHIB,0.5736207962036133
0xc1d8e22cfb4d0ca7326057f027570abd2f732d00,SOL,0.7264919281005859
0xc1d8e22cfb4d0ca7326057f027570abd2f732d00,STG,0.3333377838134765
0xc1d8e22cfb4d0ca7326057f027570abd2f732d00,SUI,0.3599348068237304
0xc1d8e22cfb4d0ca7326057f027570abd2f732d00,SUSHI,0.3989238739013672
0xc1d8e22cfb4d0ca7326057f027570abd2f732d00,TIA,0.3384275436401367
0xc1d8e22cfb4d0ca7326057f027570abd2f732d00,TOKEN,0.3390665054321289
0xc1d8e22cfb4d0ca7326057f027570abd2f732d00,TRX,0.8951578140258789
0xc1d8e22cfb4d0ca7326057f027570abd2f732d00,UNI,0.490884780883789
0xc1d8e22cfb4d0ca7326057f027570abd2f732d00,USDT,0.9862632751464844
0xc1d8e22cfb4d0ca7326057f027570abd2f732d00,XLM,0.5018272399902344
0xc1d8e22cfb4d0ca7326057f027570abd2f732d00,XMR,0.7485437393188477
0xc1d8e22cfb4d0ca7326057f027570abd2f732d00,XRP,0.7586774826049805
0xc1d8e22cfb4d0ca7326057f027570abd2f732d00,XTZ,0.5505304336547852
0xc1d8e22cfb4d0ca7326057f027570abd2f732d00,XVS,0.5770864486694336
0xc1d8e22cfb4d0ca7326057f027570abd2f732d00,YFI,0.6815109252929688
0xcbe37e37bb9ac19e87e6e495303fab60c3111529,AAVE,0.559245623146224
0xcbe37e37bb9ac19e87e6e495303fab60c3111529,ADA,0.5394926478624764
0xcbe37e37bb9ac19e87e6e495303fab60c3111529,ALGO,0.4885063668605892
0xcbe37e37bb9ac19e87e6e495303fab60c3111529,APE,0.5083094902055312
0xcbe37e37bb9ac19e87e6e495303fab60c3111529,APT,0.5381460940161531
0xcbe37e37bb9ac19e87e6e495303fab60c3111529,ATOM,0.5639248306787842
0xcbe37e37bb9ac19e87e6e495303fab60c3111529,AVAX,0.509671331097564
0xcbe37e37bb9ac19e87e6e495303fab60c3111529,AXS,0.531342246512937
0xcbe37e37bb9ac19e87e6e495303fab60c3111529,BAL,0.5236391351614486
0xcbe37e37bb9ac19e87e6e495303fab60c3111529,BCH,0.5413408558306267
0xcbe37e37bb9ac19e87e6e495303fab60c3111529,BLUR,0.5176726383853403
0xcbe37e37bb9ac19e87e6e495303fab60c3111529,BNB,0.5622292344589389
0xcbe37e37bb9ac19e87e6e495303fab60c3111529,BONK,0.5241435890998715
0xcbe37e37bb9ac19e87e6e495303fab60c3111529,BTC,0.5474307822267696
0xcbe37e37bb9ac19e87e6e495303fab60c3111529,C98,0.4817518194908163
0xcbe37e37bb9ac19e87e6e495303fab60c3111529,CAKE,0.5309089748347756
0xcbe37e37bb9ac19e87e6e495303fab60c3111529,COMP,0.5032728689167134
0xcbe37e37bb9ac19e87e6e495303fab60c3111529,CRV,0.5510201991237297
0xcbe37e37bb9ac19e87e6e495303fab60c3111529,CVX,0.50608282090609
0xcbe37e37bb9ac19e87e6e495303fab60c3111529,DAI,0.6407133353743721
0xcbe37e37bb9ac19e87e6e495303fab60c3111529,DAO,0.407533862093263
0xcbe37e37bb9ac19e87e6e495303fab60c3111529,DOGE,0.5101674805514294
0xcbe37e37bb9ac19e87e6e495303fab60c3111529,DOT,0.5161509619030801
0xcbe37e37bb9ac19e87e6e495303fab60c3111529,DYDX,0.526115918709624
0xcbe37e37bb9ac19e87e6e495303fab60c3111529,EOS,0.5361958955906181
0xcbe37e37bb9ac19e87e6e495303fab60c3111529,ETC,0.5718296025461614
0xcbe37e37bb9ac19e87e6e495303fab60c3111529,ETH,0.574292040270226
0xcbe37e37bb9ac19e87e6e495303fab60c3111529,FET,0.4294169049208951
0xcbe37e37bb9ac19e87e6e495303fab60c3111529,FIL,0.5285210581491254
0xcbe37e37bb9ac19e87e6e495303fab60c3111529,FRAX,0.6174536216040721
0xcbe37e37bb9ac19e87e6e495303fab60c3111529,FTM,0.4882165784476748
0xcbe37e37bb9ac19e87e6e495303fab60c3111529,FXS,0.5412856969968937
0xcbe37e37bb9ac19e87e6e495303fab60c3111529,GRT,0.5326454716234424
0xcbe37e37bb9ac19e87e6e495303fab60c3111529,HAI,0.4811278740716026
0xcbe37e37bb9ac19e87e6e495303fab60c3111529,HERO,0.5409656918614928
0xcbe37e37bb9ac19e87e6e495303fab60c3111529,ICP,0.5141108393660828
0xcbe37e37bb9ac19e87e6e495303fab60c3111529,IMX,0.4949046780536272
0xcbe37e37bb9ac19e87e6e495303fab60c3111529,INJ,0.5028288624056922
0xcbe37e37bb9ac19e87e6e495303fab60c3111529,LDO,0.5364331457127925
0xcbe37e37bb9ac19e87e6e495303fab60c3111529,LINK,0.5385525085876512
0xcbe37e37bb9ac19e87e6e495303fab60c3111529,LTC,0.5985908154749313
0xcbe37e37bb9ac19e87e6e495303fab60c3111529,MATIC,0.4999786451794518
0xcbe37e37bb9ac19e87e6e495303fab60c3111529,MAV,0.522521375921233
0xcbe37e37bb9ac19e87e6e495303fab60c3111529,MBOX,0.5187273843114671
0xcbe37e37bb9ac19e87e6e495303fab60c3111529,MKR,0.5517852464810925
0xcbe37e37bb9ac19e87e6e495303fab60c3111529,MOON,0.5400422586431637
0xcbe37e37bb9ac19e87e6e495303fab60c3111529,NEAR,0.5062416984779194
0xcbe37e37bb9ac19e87e6e495303fab60c3111529,OP,0.5167252233227441
0xcbe37e37bb9ac19e87e6e495303fab60c3111529,PENDLE,0.5357468936331511
0xcbe37e37bb9ac19e87e6e495303fab60c3111529,PEPE,0.54319595229091
0xcbe37e37bb9ac19e87e6e495303fab60c3111529,PERP,0.372439842002032
0xcbe37e37bb9ac19e87e6e495303fab60c3111529,PIT,0.5413685673930891
0xcbe37e37bb9ac19e87e6e495303fab60c3111529,POLS,0.5007190359011658
0xcbe37e37bb9ac19e87e6e495303fab60c3111529,PYTH,0.5193498855867092
0xcbe37e37bb9ac19e87e6e495303fab60c3111529,QUACK,0.5949301752405356
0xcbe37e37bb9ac19e87e6e495303fab60c3111529,RDNT,0.3961400431019374
0xcbe37e37bb9ac19e87e6e495303fab60c3111529,RNDR,0.4649034772486004
0xcbe37e37bb9ac19e87e6e495303fab60c3111529,RPL,0.4987858503344179
0xcbe37e37bb9ac19e87e6e495303fab60c3111529,RUNE,0.5099160792308189
0xcbe37e37bb9ac19e87e6e495303fab60c3111529,SFP,0.534171700834229
0xcbe37e37bb9ac19e87e6e495303fab60c3111529,SFUND,0.5130732825513655
0xcbe37e37bb9ac19e87e6e495303fab60c3111529,SHIB,0.5035154980804296
0xcbe37e37bb9ac19e87e6e495303fab60c3111529,SOL,0.5468439328287094
0xcbe37e37bb9ac19e87e6e495303fab60c3111529,STG,0.5034895236910611
0xcbe37e37bb9ac19e87e6e495303fab60c3111529,SUI,0.527215664125859
0xcbe37e37bb9ac19e87e6e495303fab60c3111529,SUSHI,0.5297501129960086
0xcbe37e37bb9ac19e87e6e495303fab60c3111529,TIA,0.5147142168121461
0xcbe37e37bb9ac19e87e6e495303fab60c3111529,TOKEN,0.5144683574540412
0xcbe37e37bb9ac19e87e6e495303fab60c3111529,TRX,0.5778688920355449
0xcbe37e37bb9ac19e87e6e495303fab60c3111529,UNI,0.5340438776402334
0xcbe37e37bb9ac19e87e6e495303fab60c3111529,USDT,0.5997898021374806
0xcbe37e37bb9ac19e87e6e495303fab60c3111529,XLM,0.5053146692205381
0xcbe37e37bb9ac19e87e6e495303fab60c3111529,XMR,0.5249059642593548
0xcbe37e37bb9ac19e87e6e495303fab60c3111529,XRP,0.5535827336451862
0xcbe37e37bb9ac19e87e6e495303fab60c3111529,XTZ,0.5469060545821048
0xcbe37e37bb9ac19e87e6e495303fab60c3111529,XVS,0.5389170186007378
0xcbe37e37bb9ac19e87e6e495303fab60c3111529,YFI,0.5666658728417239
0xccc8f7bb5f28056799f8e6e8dc36e5cebefdf7c5,AAVE,0.4826848989326939
0xccc8f7bb5f28056799f8e6e8dc36e5cebefdf7c5,ADA,0.3398539817558269
0xccc8f7bb5f28056799f8e6e8dc36e5cebefdf7c5,ALGO,0.5685211336740822
0xccc8f7bb5f28056799f8e6e8dc36e5cebefdf7c5,APE,0.2228407907559429
0xccc8f7bb5f28056799f8e6e8dc36e5cebefdf7c5,APT,0.3398539817558269
0xccc8f7bb5f28056799f8e6e8dc36e5cebefdf7c5,ATOM,0.4388270829230559
0xccc8f7bb5f28056799f8e6e8dc36e5cebefdf7c5,AVAX,0.3398539817558269
0xccc8f7bb5f28056799f8e6e8dc36e5cebefdf7c5,AXS,0.2437663525429578
0xccc8f7bb5f28056799f8e6e8dc36e5cebefdf7c5,BAL,0.1767001576588162
0xccc8f7bb5f28056799f8e6e8dc36e5cebefdf7c5,BCH,0.3398539817558269
0xccc8f7bb5f28056799f8e6e8dc36e5cebefdf7c5,BLUR,0.2981218970943022
0xccc8f7bb5f28056799f8e6e8dc36e5cebefdf7c5,BNB,0.99
0xccc8f7bb5f28056799f8e6e8dc36e5cebefdf7c5,BONK,0.3993576970196882
0xccc8f7bb5f28056799f8e6e8dc36e5cebefdf7c5,BTC,0.3398539817558269
0xccc8f7bb5f28056799f8e6e8dc36e5cebefdf7c5,C98,0.2502902608017385
0xccc8f7bb5f28056799f8e6e8dc36e5cebefdf7c5,CAKE,0.3772484804974073
0xccc8f7bb5f28056799f8e6e8dc36e5cebefdf7c5,COMP,0.401356259224284
0xccc8f7bb5f28056799f8e6e8dc36e5cebefdf7c5,CRV,0.386321691703455
0xccc8f7bb5f28056799f8e6e8dc36e5cebefdf7c5,CVX,0.2093271275927054
0xccc8f7bb5f28056799f8e6e8dc36e5cebefdf7c5,DAI,0.3398539817558269
0xccc8f7bb5f28056799f8e6e8dc36e5cebefdf7c5,DAO,0.3398539817558269
0xccc8f7bb5f28056799f8e6e8dc36e5cebefdf7c5,DOGE,0.3398539817558269
0xccc8f7bb5f28056799f8e6e8dc36e5cebefdf7c5,DOT,0.3398539817558269
0xccc8f7bb5f28056799f8e6e8dc36e5cebefdf7c5,DYDX,0.3398539817558269
0xccc8f7bb5f28056799f8e6e8dc36e5cebefdf7c5,EOS,0.3398539817558269
0xccc8f7bb5f28056799f8e6e8dc36e5cebefdf7c5,ETC,0.5568521005379531
0xccc8f7bb5f28056799f8e6e8dc36e5cebefdf7c5,ETH,0.3398539817558269
0xccc8f7bb5f28056799f8e6e8dc36e5cebefdf7c5,FET,0.01
0xccc8f7bb5f28056799f8e6e8dc36e5cebefdf7c5,FIL,0.268724700100361
0xccc8f7bb5f28056799f8e6e8dc36e5cebefdf7c5,FRAX,0.3398539817558269
0xccc8f7bb5f28056799f8e6e8dc36e5cebefdf7c5,FTM,0.3398539817558269
0xccc8f7bb5f28056799f8e6e8dc36e5cebefdf7c5,FXS,0.3398539817558269
0xccc8f7bb5f28056799f8e6e8dc36e5cebefdf7c5,GRT,0.2003174682394256
0xccc8f7bb5f28056799f8e6e8dc36e5cebefdf7c5,HAI,0.3398539817558269
0xccc8f7bb5f28056799f8e6e8dc36e5cebefdf7c5,HERO,0.3398539817558269
0xccc8f7bb5f28056799f8e6e8dc36e5cebefdf7c5,ICP,0.287510578000173
0xccc8f7bb5f28056799f8e6e8dc36e5cebefdf7c5,IMX,0.246951101802495
0xccc8f7bb5f28056799f8e6e8dc36e5cebefdf7c5,INJ,0.4561827707291918
0xccc8f7bb5f28056799f8e6e8dc36e5cebefdf7c5,LDO,0.4049211422363343
0xccc8f7bb5f28056799f8e6e8dc36e5cebefdf7c5,LINK,0.3398539817558269
0xccc8f7bb5f28056799f8e6e8dc36e5cebefdf7c5,LTC,0.3398539817558269
0xccc8f7bb5f28056799f8e6e8dc36e5cebefdf7c5,MATIC,0.3398539817558269
0xccc8f7bb5f28056799f8e6e8dc36e5cebefdf7c5,MAV,0.2930785187108486
0xccc8f7bb5f28056799f8e6e8dc36e5cebefdf7c5,MBOX,0.3398539817558269
0xccc8f7bb5f28056799f8e6e8dc36e5cebefdf7c5,MKR,0.3398539817558269
0xccc8f7bb5f28056799f8e6e8dc36e5cebefdf7c5,MOON,0.3398539817558269
0xccc8f7bb5f28056799f8e6e8dc36e5cebefdf7c5,NEAR,0.1610752076785783
0xccc8f7bb5f28056799f8e6e8dc36e5cebefdf7c5,OP,0.1996685056392821
0xccc8f7bb5f28056799f8e6e8dc36e5cebefdf7c5,PENDLE,0.335204166906052
0xccc8f7bb5f28056799f8e6e8dc36e5cebefdf7c5,PEPE,0.3226067459443586
0xccc8f7bb5f28056799f8e6e8dc36e5cebefdf7c5,PERP,0.3398539817558269
0xccc8f7bb5f28056799f8e6e8dc36e5cebefdf7c5,PIT,0.3398539817558269
0xccc8f7bb5f28056799f8e6e8dc36e5cebefdf7c5,POLS,0.3398539817558269
0xccc8f7bb5f28056799f8e6e8dc36e5cebefdf7c5,PYTH,0.4255971312032513
0xccc8f7bb5f28056799f8e6e8dc36e5cebefdf7c5,QUACK,0.3398539817558269
0xccc8f7bb5f28056799f8e6e8dc36e5cebefdf7c5,RDNT,0.3398539817558269
0xccc8f7bb5f28056799f8e6e8dc36e5cebefdf7c5,RNDR,0.3398539817558269
0xccc8f7bb5f28056799f8e6e8dc36e5cebefdf7c5,RPL,0.2306052944715692
0xccc8f7bb5f28056799f8e6e8dc36e5cebefdf7c5,RUNE,0.3445572515245804
0xccc8f7bb5f28056799f8e6e8dc36e5cebefdf7c5,SFP,0.357195312729973
0xccc8f7bb5f28056799f8e6e8dc36e5cebefdf7c5,SFUND,0.3398539817558269
0xccc8f7bb5f28056799f8e6e8dc36e5cebefdf7c5,SHIB,0.3398539817558269
0xccc8f7bb5f28056799f8e6e8dc36e5cebefdf7c5,SOL,0.3398539817558269
0xccc8f7bb5f28056799f8e6e8dc36e5cebefdf7c5,STG,0.2611210039645147
0xccc8f7bb5f28056799f8e6e8dc36e5cebefdf7c5,SUI,0.3893233781959053
0xccc8f7bb5f28056799f8e6e8dc36e5cebefdf7c5,SUSHI,0.379495024937953
0xccc8f7bb5f28056799f8e6e8dc36e5cebefdf7c5,TIA,0.2975867526334727
0xccc8f7bb5f28056799f8e6e8dc36e5cebefdf7c5,TOKEN,0.3398539817558269
0xccc8f7bb5f28056799f8e6e8dc36e5cebefdf7c5,TRX,0.9831855985858132
0xccc8f7bb5f28056799f8e6e8dc36e5cebefdf7c5,UNI,0.3445037966056018
0xccc8f7bb5f28056799f8e6e8dc36e5cebefdf7c5,USDT,0.3398539817558269
0xccc8f7bb5f28056799f8e6e8dc36e5cebefdf7c5,XLM,0.3398539817558269
0xccc8f7bb5f28056799f8e6e8dc36e5cebefdf7c5,XMR,0.3757719721063565
0xccc8f7bb5f28056799f8e6e8dc36e5cebefdf7c5,XRP,0.3398539817558269
0xccc8f7bb5f28056799f8e6e8dc36e5cebefdf7c5,XTZ,0.3398539817558269
0xccc8f7bb5f28056799f8e6e8dc36e5cebefdf7c5,XVS,0.2605049254500703
0xccc8f7bb5f28056799f8e6e8dc36e5cebefdf7c5,YFI,0.3749754431918627
0xcf28560da27700098a0efcb3f5742169948892de,AAVE,0.5461989854287406
0xcf28560da27700098a0efcb3f5742169948892de,ADA,0.5294314392392258
0xcf28560da27700098a0efcb3f5742169948892de,ALGO,0.496392478672684
0xcf28560da27700098a0efcb3f5742169948892de,APE,0.4926218661771446
0xcf28560da27700098a0efcb3f5742169948892de,APT,0.5134424483142697
0xcf28560da27700098a0efcb3f5742169948892de,ATOM,0.5094424827457785
0xcf28560da27700098a0efcb3f5742169948892de,AVAX,0.5357068083833937
0xcf28560da27700098a0efcb3f5742169948892de,AXS,0.5066024109588625
0xcf28560da27700098a0efcb3f5742169948892de,BAL,0.5006604494732511
0xcf28560da27700098a0efcb3f5742169948892de,BCH,0.5346843126179651
0xcf28560da27700098a0efcb3f5742169948892de,BLUR,0.50420259916622
0xcf28560da27700098a0efcb3f5742169948892de,BNB,0.5698324135506904
0xcf28560da27700098a0efcb3f5742169948892de,BONK,0.5200120432688584
0xcf28560da27700098a0efcb3f5742169948892de,BTC,0.5641366794104732
0xcf28560da27700098a0efcb3f5742169948892de,C98,0.4970119521604871
0xcf28560da27700098a0efcb3f5742169948892de,CAKE,0.53955091985719
0xcf28560da27700098a0efcb3f5742169948892de,COMP,0.4947884442666969
0xcf28560da27700098a0efcb3f5742169948892de,CRV,0.5420033181435452
0xcf28560da27700098a0efcb3f5742169948892de,CVX,0.5074728010786649
0xcf28560da27700098a0efcb3f5742169948892de,DAI,0.6743548567091302
0xcf28560da27700098a0efcb3f5742169948892de,DAO,0.4700633273800829
0xcf28560da27700098a0efcb3f5742169948892de,DOGE,0.5210967681037474
0xcf28560da27700098a0efcb3f5742169948892de,DOT,0.5212583510968609
0xcf28560da27700098a0efcb3f5742169948892de,DYDX,0.506742519493473
0xcf28560da27700098a0efcb3f5742169948892de,EOS,0.5177892015416226
0xcf28560da27700098a0efcb3f5742169948892de,ETC,0.5329950005503474
0xcf28560da27700098a0efcb3f5742169948892de,ETH,0.508350979295795
0xcf28560da27700098a0efcb3f5742169948892de,FET,0.4499944877075715
0xcf28560da27700098a0efcb3f5742169948892de,FIL,0.5336466099035986
0xcf28560da27700098a0efcb3f5742169948892de,FRAX,0.6141597114350734
0xcf28560da27700098a0efcb3f5742169948892de,FTM,0.4854073435371393
0xcf28560da27700098a0efcb3f5742169948892de,FXS,0.4914173678150361
0xcf28560da27700098a0efcb3f5742169948892de,GRT,0.5112337952462069
0xcf28560da27700098a0efcb3f5742169948892de,HAI,0.4759521605744345
0xcf28560da27700098a0efcb3f5742169948892de,HERO,0.5459052249186409
0xcf28560da27700098a0efcb3f5742169948892de,ICP,0.5105590088026822
0xcf28560da27700098a0efcb3f5742169948892de,IMX,0.4932446656934477
0xcf28560da27700098a0efcb3f5742169948892de,INJ,0.492653181526494
0xcf28560da27700098a0efcb3f5742169948892de,LDO,0.5276905892206539
0xcf28560da27700098a0efcb3f5742169948892de,LINK,0.5345127092772135
0xcf28560da27700098a0efcb3f5742169948892de,LTC,0.5593256883730656
0xcf28560da27700098a0efcb3f5742169948892de,MATIC,0.5019684319204901
0xcf28560da27700098a0efcb3f5742169948892de,MAV,0.5145435797819347
0xcf28560da27700098a0efcb3f5742169948892de,MBOX,0.523351573653406
0xcf28560da27700098a0efcb3f5742169948892de,MKR,0.5381021517311181
0xcf28560da27700098a0efcb3f5742169948892de,MOON,0.5272759668804113
0xcf28560da27700098a0efcb3f5742169948892de,NEAR,0.4743347312936213
0xcf28560da27700098a0efcb3f5742169948892de,OP,0.4746997684646403
0xcf28560da27700098a0efcb3f5742169948892de,PENDLE,0.5043713241717858
0xcf28560da27700098a0efcb3f5742169948892de,PEPE,0.5440512179811061
0xcf28560da27700098a0efcb3f5742169948892de,PERP,0.4141868890850586
0xcf28560da27700098a0efcb3f5742169948892de,PIT,0.5457671209637094
0xcf28560da27700098a0efcb3f5742169948892de,POLS,0.5307111116506013
0xcf28560da27700098a0efcb3f5742169948892de,PYTH,0.5048606422204657
0xcf28560da27700098a0efcb3f5742169948892de,QUACK,0.4863211916868081
0xcf28560da27700098a0efcb3f5742169948892de,RDNT,0.3673146651312519
0xcf28560da27700098a0efcb3f5742169948892de,RNDR,0.4525911421290646
0xcf28560da27700098a0efcb3f5742169948892de,RPL,0.4915262862573376
0xcf28560da27700098a0efcb3f5742169948892de,RUNE,0.518961230290171
0xcf28560da27700098a0efcb3f5742169948892de,SFP,0.4657695251033644
0xcf28560da27700098a0efcb3f5742169948892de,SFUND,0.4476290076879532
0xcf28560da27700098a0efcb3f5742169948892de,SHIB,0.4784462301832106
0xcf28560da27700098a0efcb3f5742169948892de,SOL,0.54494496612066
0xcf28560da27700098a0efcb3f5742169948892de,STG,0.5735730552515191
0xcf28560da27700098a0efcb3f5742169948892de,SUI,0.481103035883103
0xcf28560da27700098a0efcb3f5742169948892de,SUSHI,0.525463251056969
0xcf28560da27700098a0efcb3f5742169948892de,TIA,0.498496236578566
0xcf28560da27700098a0efcb3f5742169948892de,TOKEN,0.4701219782631442
0xcf28560da27700098a0efcb3f5742169948892de,TRX,0.5693119666295514
0xcf28560da27700098a0efcb3f5742169948892de,UNI,0.4811521204608827
0xcf28560da27700098a0efcb3f5742169948892de,USDT,0.6057546830138999
0xcf28560da27700098a0efcb3f5742169948892de,XLM,0.4840270345495686
0xcf28560da27700098a0efcb3f5742169948892de,XMR,0.5302107974265007
0xcf28560da27700098a0efcb3f5742169948892de,XRP,0.5106724364393752
0xcf28560da27700098a0efcb3f5742169948892de,XTZ,0.5515475121559662
0xcf28560da27700098a0efcb3f5742169948892de,XVS,0.5082812958023477
0xcf28560da27700098a0efcb3f5742169948892de,YFI,0.5508087109954412
0xe14867e41410bd7232a52b9400476c08b4e535b3,AAVE,0.53772694
0xe14867e41410bd7232a52b9400476c08b4e535b3,ADA,0.5250096
0xe14867e41410bd7232a52b9400476c08b4e535b3,ALGO,0.51562005
0xe14867e41410bd7232a52b9400476c08b4e535b3,APE,0.51217204
0xe14867e41410bd7232a52b9400476c08b4e535b3,APT,0.5210838
0xe14867e41410bd7232a52b9400476c08b4e535b3,ATOM,0.53184104
0xe14867e41410bd7232a52b9400476c08b4e535b3,AVAX,0.53766
0xe14867e41410bd7232a52b9400476c08b4e535b3,AXS,0.5092324
0xe14867e41410bd7232a52b9400476c08b4e535b3,BAL,0.4856944
0xe14867e41410bd7232a52b9400476c08b4e535b3,BCH,0.56846017
0xe14867e41410bd7232a52b9400476c08b4e535b3,BLUR,0.52555966
0xe14867e41410bd7232a52b9400476c08b4e535b3,BNB,0.5562537
0xe14867e41410bd7232a52b9400476c08b4e535b3,BONK,0.52614933
0xe14867e41410bd7232a52b9400476c08b4e535b3,BTC,0.5349535
0xe14867e41410bd7232a52b9400476c08b4e535b3,C98,0.50912046
0xe14867e41410bd7232a52b9400476c08b4e535b3,CAKE,0.523726
0xe14867e41410bd7232a52b9400476c08b4e535b3,COMP,0.5273286
0xe14867e41410bd7232a52b9400476c08b4e535b3,CRV,0.5311289
0xe14867e41410bd7232a52b9400476c08b4e535b3,CVX,0.4821244
0xe14867e41410bd7232a52b9400476c08b4e535b3,DAI,0.6043084
0xe14867e41410bd7232a52b9400476c08b4e535b3,DAO,0.4670701
0xe14867e41410bd7232a52b9400476c08b4e535b3,DOGE,0.52604777
0xe14867e41410bd7232a52b9400476c08b4e535b3,DOT,0.51781905
0xe14867e41410bd7232a52b9400476c08b4e535b3,DYDX,0.5087316
0xe14867e41410bd7232a52b9400476c08b4e535b3,EOS,0.5042143
0xe14867e41410bd7232a52b9400476c08b4e535b3,ETC,0.5358992
0xe14867e41410bd7232a52b9400476c08b4e535b3,ETH,0.5332999
0xe14867e41410bd7232a52b9400476c08b4e535b3,FET,0.47621897
0xe14867e41410bd7232a52b9400476c08b4e535b3,FIL,0.5217866
0xe14867e41410bd7232a52b9400476c08b4e535b3,FRAX,0.624712
0xe14867e41410bd7232a52b9400476c08b4e535b3,FTM,0.49307796
0xe14867e41410bd7232a52b9400476c08b4e535b3,FXS,0.5236034
0xe14867e41410bd7232a52b9400476c08b4e535b3,GRT,0.51644176
0xe14867e41410bd7232a52b9400476c08b4e535b3,HAI,0.49381706
0xe14867e41410bd7232a52b9400476c08b4e535b3,HERO,0.5295534
0xe14867e41410bd7232a52b9400476c08b4e535b3,ICP,0.51213175
0xe14867e41410bd7232a52b9400476c08b4e535b3,IMX,0.50716025
0xe14867e41410bd7232a52b9400476c08b4e535b3,INJ,0.5187101
0xe14867e41410bd7232a52b9400476c08b4e535b3,LDO,0.5109346
0xe14867e41410bd7232a52b9400476c08b4e535b3,LINK,0.5285964
0xe14867e41410bd7232a52b9400476c08b4e535b3,LTC,0.5527486
0xe14867e41410bd7232a52b9400476c08b4e535b3,MATIC,0.521275
0xe14867e41410bd7232a52b9400476c08b4e535b3,MAV,0.5207536
0xe14867e41410bd7232a52b9400476c08b4e535b3,MBOX,0.52019775
0xe14867e41410bd7232a52b9400476c08b4e535b3,MKR,0.5399181
0xe14867e41410bd7232a52b9400476c08b4e535b3,MOON,0.52280194
0xe14867e41410bd7232a52b9400476c08b4e535b3,NEAR,0.49653968
0xe14867e41410bd7232a52b9400476c08b4e535b3,OP,0.5116739
0xe14867e41410bd7232a52b9400476c08b4e535b3,PENDLE,0.51675165
0xe14867e41410bd7232a52b9400476c08b4e535b3,PEPE,0.5117877
0xe14867e41410bd7232a52b9400476c08b4e535b3,PERP,0.42012194
0xe14867e41410bd7232a52b9400476c08b4e535b3,PIT,0.52060384
0xe14867e41410bd7232a52b9400476c08b4e535b3,POLS,0.4952896
0xe14867e41410bd7232a52b9400476c08b4e535b3,PYTH,0.5192161
0xe14867e41410bd7232a52b9400476c08b4e535b3,QUACK,0.55670565
0xe14867e41410bd7232a52b9400476c08b4e535b3,RDNT,0.43405238
0xe14867e41410bd7232a52b9400476c08b4e535b3,RNDR,0.47664085
0xe14867e41410bd7232a52b9400476c08b4e535b3,RPL,0.49493444
0xe14867e41410bd7232a52b9400476c08b4e535b3,RUNE,0.5040922
0xe14867e41410bd7232a52b9400476c08b4e535b3,SFP,0.5050191
0xe14867e41410bd7232a52b9400476c08b4e535b3,SFUND,0.4804945
0xe14867e41410bd7232a52b9400476c08b4e535b3,SHIB,0.49870223
0xe14867e41410bd7232a52b9400476c08b4e535b3,SOL,0.5242036
0xe14867e41410bd7232a52b9400476c08b4e535b3,STG,0.49570727
0xe14867e41410bd7232a52b9400476c08b4e535b3,SUI,0.508372
0xe14867e41410bd7232a52b9400476c08b4e535b3,SUSHI,0.5252342
0xe14867e41410bd7232a52b9400476c08b4e535b3,TIA,0.52148986
0xe14867e41410bd7232a52b9400476c08b4e535b3,TOKEN,0.51326275
0xe14867e41410bd7232a52b9400476c08b4e535b3,TRX,0.5681285
0xe14867e41410bd7232a52b9400476c08b4e535b3,UNI,0.50569713
0xe14867e41410bd7232a52b9400476c08b4e535b3,USDT,0.57264894
0xe14867e41410bd7232a52b9400476c08b4e535b3,XLM,0.5097711
0xe14867e41410bd7232a52b9400476c08b4e535b3,XMR,0.5309128
0xe14867e41410bd7232a52b9400476c08b4e535b3,XRP,0.5287022
0xe14867e41410bd7232a52b9400476c08b4e535b3,XTZ,0.5296916
0xe14867e41410bd7232a52b9400476c08b4e535b3,XVS,0.5278234
0xe14867e41410bd7232a52b9400476c08b4e535b3,YFI,0.5536054
0xe1929facb0bb53baa1fc6e91a31190ef228d9662,AAVE,0.5316038
0xe1929facb0bb53baa1fc6e91a31190ef228d9662,ADA,0.52197045
0xe1929facb0bb53baa1fc6e91a31190ef228d9662,ALGO,0.5160281
0xe1929facb0bb53baa1fc6e91a31190ef228d9662,APE,0.52237976
0xe1929facb0bb53baa1fc6e91a31190ef228d9662,APT,0.52652526
0xe1929facb0bb53baa1fc6e91a31190ef228d9662,ATOM,0.520207
0xe1929facb0bb53baa1fc6e91a31190ef228d9662,AVAX,0.51998836
0xe1929facb0bb53baa1fc6e91a31190ef228d9662,AXS,0.5196435
0xe1929facb0bb53baa1fc6e91a31190ef228d9662,BAL,0.48066765
0xe1929facb0bb53baa1fc6e91a31190ef228d9662,BCH,0.50843626
0xe1929facb0bb53baa1fc6e91a31190ef228d9662,BLUR,0.5157671
0xe1929facb0bb53baa1fc6e91a31190ef228d9662,BNB,0.55452144
0xe1929facb0bb53baa1fc6e91a31190ef228d9662,BONK,0.5182785
0xe1929facb0bb53baa1fc6e91a31190ef228d9662,BTC,0.5319384
0xe1929facb0bb53baa1fc6e91a31190ef228d9662,C98,0.48075792
0xe1929facb0bb53baa1fc6e91a31190ef228d9662,CAKE,0.5186101
0xe1929facb0bb53baa1fc6e91a31190ef228d9662,COMP,0.52110463
0xe1929facb0bb53baa1fc6e91a31190ef228d9662,CRV,0.53531206
0xe1929facb0bb53baa1fc6e91a31190ef228d9662,CVX,0.49522844
0xe1929facb0bb53baa1fc6e91a31190ef228d9662,DAI,0.6015585
0xe1929facb0bb53baa1fc6e91a31190ef228d9662,DAO,0.45097303
0xe1929facb0bb53baa1fc6e91a31190ef228d9662,DOGE,0.5197996
0xe1929facb0bb53baa1fc6e91a31190ef228d9662,DOT,0.5170206
0xe1929facb0bb53baa1fc6e91a31190ef228d9662,DYDX,0.52289516
0xe1929facb0bb53baa1fc6e91a31190ef228d9662,EOS,0.5140975
0xe1929facb0bb53baa1fc6e91a31190ef228d9662,ETC,0.52807635
0xe1929facb0bb53baa1fc6e91a31190ef228d9662,ETH,0.5453255
0xe1929facb0bb53baa1fc6e91a31190ef228d9662,FET,0.44466263
0xe1929facb0bb53baa1fc6e91a31190ef228d9662,FIL,0.52561975
0xe1929facb0bb53baa1fc6e91a31190ef228d9662,FRAX,0.5718163
0xe1929facb0bb53baa1fc6e91a31190ef228d9662,FTM,0.49311316
0xe1929facb0bb53baa1fc6e91a31190ef228d9662,FXS,0.52236074
0xe1929facb0bb53baa1fc6e91a31190ef228d9662,GRT,0.52109975
0xe1929facb0bb53baa1fc6e91a31190ef228d9662,HAI,0.49724564
0xe1929facb0bb53baa1fc6e91a31190ef228d9662,HERO,0.52514505
0xe1929facb0bb53baa1fc6e91a31190ef228d9662,ICP,0.5146559
0xe1929facb0bb53baa1fc6e91a31190ef228d9662,IMX,0.5070922
0xe1929facb0bb53baa1fc6e91a31190ef228d9662,INJ,0.52191997
0xe1929facb0bb53baa1fc6e91a31190ef228d9662,LDO,0.5245348
0xe1929facb0bb53baa1fc6e91a31190ef228d9662,LINK,0.52077943
0xe1929facb0bb53baa1fc6e91a31190ef228d9662,LTC,0.5344649
0xe1929facb0bb53baa1fc6e91a31190ef228d9662,MATIC,0.5077165
0xe1929facb0bb53baa1fc6e91a31190ef228d9662,MAV,0.52449065
0xe1929facb0bb53baa1fc6e91a31190ef228d9662,MBOX,0.5118268
0xe1929facb0bb53baa1fc6e91a31190ef228d9662,MKR,0.528934
0xe1929facb0bb53baa1fc6e91a31190ef228d9662,MOON,0.51887316
0xe1929facb0bb53baa1fc6e91a31190ef228d9662,NEAR,0.50435597
0xe1929facb0bb53baa1fc6e91a31190ef228d9662,OP,0.51337713
0xe1929facb0bb53baa1fc6e91a31190ef228d9662,PENDLE,0.5241728
0xe1929facb0bb53baa1fc6e91a31190ef228d9662,PEPE,0.51296335
0xe1929facb0bb53baa1fc6e91a31190ef228d9662,PERP,0.4176737
0xe1929facb0bb53baa1fc6e91a31190ef228d9662,PIT,0.5196688
0xe1929facb0bb53baa1fc6e91a31190ef228d9662,POLS,0.5074684
0xe1929facb0bb53baa1fc6e91a31190ef228d9662,PYTH,0.51716936
0xe1929facb0bb53baa1fc6e91a31190ef228d9662,QUACK,0.5394673
0xe1929facb0bb53baa1fc6e91a31190ef228d9662,RDNT,0.42051443
0xe1929facb0bb53baa1fc6e91a31190ef228d9662,RNDR,0.46438375
0xe1929facb0bb53baa1fc6e91a31190ef228d9662,RPL,0.51071113
0xe1929facb0bb53baa1fc6e91a31190ef228d9662,RUNE,0.5116679
0xe1929facb0bb53baa1fc6e91a31190ef228d9662,SFP,0.49171263
0xe1929facb0bb53baa1fc6e91a31190ef228d9662,SFUND,0.5019879
0xe1929facb0bb53baa1fc6e91a31190ef228d9662,SHIB,0.5005973
0xe1929facb0bb53baa1fc6e91a31190ef228d9662,SOL,0.52383167
0xe1929facb0bb53baa1fc6e91a31190ef228d9662,STG,0.4583799
0xe1929facb0bb53baa1fc6e91a31190ef228d9662,SUI,0.51790446
0xe1929facb0bb53baa1fc6e91a31190ef228d9662,SUSHI,0.5253138
0xe1929facb0bb53baa1fc6e91a31190ef228d9662,TIA,0.5160648
0xe1929facb0bb53baa1fc6e91a31190ef228d9662,TOKEN,0.5146375
0xe1929facb0bb53baa1fc6e91a31190ef228d9662,TRX,0.55569553
0xe1929facb0bb53baa1fc6e91a31190ef228d9662,UNI,0.51165813
0xe1929facb0bb53baa1fc6e91a31190ef228d9662,USDT,0.5984032
0xe1929facb0bb53baa1fc6e91a31190ef228d9662,XLM,0.5099954
0xe1929facb0bb53baa1fc6e91a31190ef228d9662,XMR,0.52227074
0xe1929facb0bb53baa1fc6e91a31190ef228d9662,XRP,0.5307472
0xe1929facb0bb53baa1fc6e91a31190ef228d9662,XTZ,0.53647095
0xe1929facb0bb53baa1fc6e91a31190ef228d9662,XVS,0.5238551
0xe1929facb0bb53baa1fc6e91a31190ef228d9662,YFI,0.53932387
0xeba5ba85f72e40a9f2b8782c2bd51ec31a5564da,AAVE,0.5271892
0xeba5ba85f72e40a9f2b8782c2bd51ec31a5564da,ADA,0.52609324
0xeba5ba85f72e40a9f2b8782c2bd51ec31a5564da,ALGO,0.5137866
0xeba5ba85f72e40a9f2b8782c2bd51ec31a5564da,APE,0.51636666
0xeba5ba85f72e40a9f2b8782c2bd51ec31a5564da,APT,0.52509147
0xeba5ba85f72e40a9f2b8782c2bd51ec31a5564da,ATOM,0.5194035
0xeba5ba85f72e40a9f2b8782c2bd51ec31a5564da,AVAX,0.53232783
0xeba5ba85f72e40a9f2b8782c2bd51ec31a5564da,AXS,0.5161419
0xeba5ba85f72e40a9f2b8782c2bd51ec31a5564da,BAL,0.47424212
0xeba5ba85f72e40a9f2b8782c2bd51ec31a5564da,BCH,0.5394412
0xeba5ba85f72e40a9f2b8782c2bd51ec31a5564da,BLUR,0.53022337
0xeba5ba85f72e40a9f2b8782c2bd51ec31a5564da,BNB,0.5450071
0xeba5ba85f72e40a9f2b8782c2bd51ec31a5564da,BONK,0.5255143
0xeba5ba85f72e40a9f2b8782c2bd51ec31a5564da,BTC,0.54141706
0xeba5ba85f72e40a9f2b8782c2bd51ec31a5564da,C98,0.4845201
0xeba5ba85f72e40a9f2b8782c2bd51ec31a5564da,CAKE,0.5319639
0xeba5ba85f72e40a9f2b8782c2bd51ec31a5564da,COMP,0.51521516
0xeba5ba85f72e40a9f2b8782c2bd51ec31a5564da,CRV,0.53627616
0xeba5ba85f72e40a9f2b8782c2bd51ec31a5564da,CVX,0.4824545
0xeba5ba85f72e40a9f2b8782c2bd51ec31a5564da,DAI,0.5944291
0xeba5ba85f72e40a9f2b8782c2bd51ec31a5564da,DAO,0.4662353
0xeba5ba85f72e40a9f2b8782c2bd51ec31a5564da,DOGE,0.52321196
0xeba5ba85f72e40a9f2b8782c2bd51ec31a5564da,DOT,0.520057
0xeba5ba85f72e40a9f2b8782c2bd51ec31a5564da,DYDX,0.5139124
0xeba5ba85f72e40a9f2b8782c2bd51ec31a5564da,EOS,0.5112176
0xeba5ba85f72e40a9f2b8782c2bd51ec31a5564da,ETC,0.5377647
0xeba5ba85f72e40a9f2b8782c2bd51ec31a5564da,ETH,0.5498146
0xeba5ba85f72e40a9f2b8782c2bd51ec31a5564da,FET,0.45823607
0xeba5ba85f72e40a9f2b8782c2bd51ec31a5564da,FIL,0.5298584
0xeba5ba85f72e40a9f2b8782c2bd51ec31a5564da,FRAX,0.589928
0xeba5ba85f72e40a9f2b8782c2bd51ec31a5564da,FTM,0.5048196
0xeba5ba85f72e40a9f2b8782c2bd51ec31a5564da,FXS,0.52758956
0xeba5ba85f72e40a9f2b8782c2bd51ec31a5564da,GRT,0.52774674
0xeba5ba85f72e40a9f2b8782c2bd51ec31a5564da,HAI,0.4937406
0xeba5ba85f72e40a9f2b8782c2bd51ec31a5564da,HERO,0.53314275
0xeba5ba85f72e40a9f2b8782c2bd51ec31a5564da,ICP,0.5142357
0xeba5ba85f72e40a9f2b8782c2bd51ec31a5564da,IMX,0.5102771
0xeba5ba85f72e40a9f2b8782c2bd51ec31a5564da,INJ,0.5202928
0xeba5ba85f72e40a9f2b8782c2bd51ec31a5564da,LDO,0.52408195
0xeba5ba85f72e40a9f2b8782c2bd51ec31a5564da,LINK,0.528184
0xeba5ba85f72e40a9f2b8782c2bd51ec31a5564da,LTC,0.5490511
0xeba5ba85f72e40a9f2b8782c2bd51ec31a5564da,MATIC,0.5233304
0xeba5ba85f72e40a9f2b8782c2bd51ec31a5564da,MAV,0.5172389
0xeba5ba85f72e40a9f2b8782c2bd51ec31a5564da,MBOX,0.5164041
0xeba5ba85f72e40a9f2b8782c2bd51ec31a5564da,MKR,0.5409875
0xeba5ba85f72e40a9f2b8782c2bd51ec31a5564da,MOON,0.52694905
0xeba5ba85f72e40a9f2b8782c2bd51ec31a5564da,NEAR,0.5136113
0xeba5ba85f72e40a9f2b8782c2bd51ec31a5564da,OP,0.5113797
0xeba5ba85f72e40a9f2b8782c2bd51ec31a5564da,PENDLE,0.51682246
0xeba5ba85f72e40a9f2b8782c2bd51ec31a5564da,PEPE,0.5106963
0xeba5ba85f72e40a9f2b8782c2bd51ec31a5564da,PERP,0.40648258
0xeba5ba85f72e40a9f2b8782c2bd51ec31a5564da,PIT,0.5240689
0xeba5ba85f72e40a9f2b8782c2bd51ec31a5564da,POLS,0.49829018
0xeba5ba85f72e40a9f2b8782c2bd51ec31a5564da,PYTH,0.5190076
0xeba5ba85f72e40a9f2b8782c2bd51ec31a5564da,QUACK,0.5577927
0xeba5ba85f72e40a9f2b8782c2bd51ec31a5564da,RDNT,0.41396523
0xeba5ba85f72e40a9f2b8782c2bd51ec31a5564da,RNDR,0.46979043
0xeba5ba85f72e40a9f2b8782c2bd51ec31a5564da,RPL,0.4991409
0xeba5ba85f72e40a9f2b8782c2bd51ec31a5564da,RUNE,0.5124883
0xeba5ba85f72e40a9f2b8782c2bd51ec31a5564da,SFP,0.5205552
0xeba5ba85f72e40a9f2b8782c2bd51ec31a5564da,SFUND,0.49593058
0xeba5ba85f72e40a9f2b8782c2bd51ec31a5564da,SHIB,0.5012192
0xeba5ba85f72e40a9f2b8782c2bd51ec31a5564da,SOL,0.5389326
0xeba5ba85f72e40a9f2b8782c2bd51ec31a5564da,STG,0.4922855
0xeba5ba85f72e40a9f2b8782c2bd51ec31a5564da,SUI,0.5194854
0xeba5ba85f72e40a9f2b8782c2bd51ec31a5564da,SUSHI,0.5278305
0xeba5ba85f72e40a9f2b8782c2bd51ec31a5564da,TIA,0.5206168
0xeba5ba85f72e40a9f2b8782c2bd51ec31a5564da,TOKEN,0.5165511
0xeba5ba85f72e40a9f2b8782c2bd51ec31a5564da,TRX,0.5603643
0xeba5ba85f72e40a9f2b8782c2bd51ec31a5564da,UNI,0.51218885
0xeba5ba85f72e40a9f2b8782c2bd51ec31a5564da,USDT,0.57178754
0xeba5ba85f72e40a9f2b8782c2bd51ec31a5564da,XLM,0.5098102
0xeba5ba85f72e40a9f2b8782c2bd51ec31a5564da,XMR,0.5115078
0xeba5ba85f72e40a9f2b8782c2bd51ec31a5564da,XRP,0.5303826
0xeba5ba85f72e40a9f2b8782c2bd51ec31a5564da,XTZ,0.5290418
0xeba5ba85f72e40a9f2b8782c2bd51ec31a5564da,XVS,0.5326302
0xeba5ba85f72e40a9f2b8782c2bd51ec31a5564da,YFI,0.53811955
0xf097ed117dd3930f1eeb91569a6a61b4c52744c8,AAVE,0.5246283
0xf097ed117dd3930f1eeb91569a6a61b4c52744c8,ADA,0.52221894
0xf097ed117dd3930f1eeb91569a6a61b4c52744c8,ALGO,0.5112374
0xf097ed117dd3930f1eeb91569a6a61b4c52744c8,APE,0.52095604
0xf097ed117dd3930f1eeb91569a6a61b4c52744c8,APT,0.5096671
0xf097ed117dd3930f1eeb91569a6a61b4c52744c8,ATOM,0.5193639
0xf097ed117dd3930f1eeb91569a6a61b4c52744c8,AVAX,0.5250426
0xf097ed117dd3930f1eeb91569a6a61b4c52744c8,AXS,0.51669395
0xf097ed117dd3930f1eeb91569a6a61b4c52744c8,BAL,0.46994838
0xf097ed117dd3930f1eeb91569a6a61b4c52744c8,BCH,0.53164536
0xf097ed117dd3930f1eeb91569a6a61b4c52744c8,BLUR,0.53156346
0xf097ed117dd3930f1eeb91569a6a61b4c52744c8,BNB,0.5361901
0xf097ed117dd3930f1eeb91569a6a61b4c52744c8,BONK,0.52637684
0xf097ed117dd3930f1eeb91569a6a61b4c52744c8,BTC,0.5382139
0xf097ed117dd3930f1eeb91569a6a61b4c52744c8,C98,0.49384707
0xf097ed117dd3930f1eeb91569a6a61b4c52744c8,CAKE,0.5333847
0xf097ed117dd3930f1eeb91569a6a61b4c52744c8,COMP,0.51234615
0xf097ed117dd3930f1eeb91569a6a61b4c52744c8,CRV,0.5374997
0xf097ed117dd3930f1eeb91569a6a61b4c52744c8,CVX,0.48919177
0xf097ed117dd3930f1eeb91569a6a61b4c52744c8,DAI,0.60288584
0xf097ed117dd3930f1eeb91569a6a61b4c52744c8,DAO,0.4498096
0xf097ed117dd3930f1eeb91569a6a61b4c52744c8,DOGE,0.5201667
0xf097ed117dd3930f1eeb91569a6a61b4c52744c8,DOT,0.5124049
0xf097ed117dd3930f1eeb91569a6a61b4c52744c8,DYDX,0.5146182
0xf097ed117dd3930f1eeb91569a6a61b4c52744c8,EOS,0.50080585
0xf097ed117dd3930f1eeb91569a6a61b4c52744c8,ETC,0.5403593
0xf097ed117dd3930f1eeb91569a6a61b4c52744c8,ETH,0.53248876
0xf097ed117dd3930f1eeb91569a6a61b4c52744c8,FET,0.46555698
0xf097ed117dd3930f1eeb91569a6a61b4c52744c8,FIL,0.5266202
0xf097ed117dd3930f1eeb91569a6a61b4c52744c8,FRAX,0.60273755
0xf097ed117dd3930f1eeb91569a6a61b4c52744c8,FTM,0.49283105
0xf097ed117dd3930f1eeb91569a6a61b4c52744c8,FXS,0.53697073
0xf097ed117dd3930f1eeb91569a6a61b4c52744c8,GRT,0.5288274
0xf097ed117dd3930f1eeb91569a6a61b4c52744c8,HAI,0.4977711
0xf097ed117dd3930f1eeb91569a6a61b4c52744c8,HERO,0.53279585
0xf097ed117dd3930f1eeb91569a6a61b4c52744c8,ICP,0.5002282
0xf097ed117dd3930f1eeb91569a6a61b4c52744c8,IMX,0.5081171
0xf097ed117dd3930f1eeb91569a6a61b4c52744c8,INJ,0.52706003
0xf097ed117dd3930f1eeb91569a6a61b4c52744c8,LDO,0.51777923
0xf097ed117dd3930f1eeb91569a6a61b4c52744c8,LINK,0.524824
0xf097ed117dd3930f1eeb91569a6a61b4c52744c8,LTC,0.5507342
0xf097ed117dd3930f1eeb91569a6a61b4c52744c8,MATIC,0.52315974
0xf097ed117dd3930f1eeb91569a6a61b4c52744c8,MAV,0.52296233
0xf097ed117dd3930f1eeb91569a6a61b4c52744c8,MBOX,0.51153994
0xf097ed117dd3930f1eeb91569a6a61b4c52744c8,MKR,0.54662025
0xf097ed117dd3930f1eeb91569a6a61b4c52744c8,MOON,0.5012626
0xf097ed117dd3930f1eeb91569a6a61b4c52744c8,NEAR,0.51590836
0xf097ed117dd3930f1eeb91569a6a61b4c52744c8,OP,0.50652474
0xf097ed117dd3930f1eeb91569a6a61b4c52744c8,PENDLE,0.5123486
0xf097ed117dd3930f1eeb91569a6a61b4c52744c8,PEPE,0.51437384
0xf097ed117dd3930f1eeb91569a6a61b4c52744c8,PERP,0.4434964
0xf097ed117dd3930f1eeb91569a6a61b4c52744c8,PIT,0.51816046
0xf097ed117dd3930f1eeb91569a6a61b4c52744c8,POLS,0.4932713
0xf097ed117dd3930f1eeb91569a6a61b4c52744c8,PYTH,0.517462
0xf097ed117dd3930f1eeb91569a6a61b4c52744c8,QUACK,0.54644173
0xf097ed117dd3930f1eeb91569a6a61b4c52744c8,RDNT,0.43628272
0xf097ed117dd3930f1eeb91569a6a61b4c52744c8,RNDR,0.4567026
0xf097ed117dd3930f1eeb91569a6a61b4c52744c8,RPL,0.5018433
0xf097ed117dd3930f1eeb91569a6a61b4c52744c8,RUNE,0.5033163
0xf097ed117dd3930f1eeb91569a6a61b4c52744c8,SFP,0.5334697
0xf097ed117dd3930f1eeb91569a6a61b4c52744c8,SFUND,0.49478707
0xf097ed117dd3930f1eeb91569a6a61b4c52744c8,SHIB,0.49480858
0xf097ed117dd3930f1eeb91569a6a61b4c52744c8,SOL,0.5288735
0xf097ed117dd3930f1eeb91569a6a61b4c52744c8,STG,0.49293548
0xf097ed117dd3930f1eeb91569a6a61b4c52744c8,SUI,0.50707823
0xf097ed117dd3930f1eeb91569a6a61b4c52744c8,SUSHI,0.5258828
0xf097ed117dd3930f1eeb91569a6a61b4c52744c8,TIA,0.51430446
0xf097ed117dd3930f1eeb91569a6a61b4c52744c8,TOKEN,0.51646
0xf097ed117dd3930f1eeb91569a6a61b4c52744c8,TRX,0.5593826
0xf097ed117dd3930f1eeb91569a6a61b4c52744c8,UNI,0.4987629
0xf097ed117dd3930f1eeb91569a6a61b4c52744c8,USDT,0.5516596
0xf097ed117dd3930f1eeb91569a6a61b4c52744c8,XLM,0.507469
0xf097ed117dd3930f1eeb91569a6a61b4c52744c8,XMR,0.5080225
0xf097ed117dd3930f1eeb91569a6a61b4c52744c8,XRP,0.5184104
0xf097ed117dd3930f1eeb91569a6a61b4c52744c8,XTZ,0.53270644
0xf097ed117dd3930f1eeb91569a6a61b4c52744c8,XVS,0.52729017
0xf097ed117dd3930f1eeb91569a6a61b4c52744c8,YFI,0.535823
0xf8d50e3283fb6bf41260f7f294a48587d2a9b1fa,AAVE,0.5491728651722977
0xf8d50e3283fb6bf41260f7f294a48587d2a9b1fa,ADA,0.5653379422200008
0xf8d50e3283fb6bf41260f7f294a48587d2a9b1fa,ALGO,0.4818633744620407
0xf8d50e3283fb6bf41260f7f294a48587d2a9b1fa,APE,0.5501707436397055
0xf8d50e3283fb6bf41260f7f294a48587d2a9b1fa,APT,0.4895263068902504
0xf8d50e3283fb6bf41260f7f294a48587d2a9b1fa,ATOM,0.5414027550827211
0xf8d50e3283fb6bf41260f7f294a48587d2a9b1fa,AVAX,0.5409283826214997
0xf8d50e3283fb6bf41260f7f294a48587d2a9b1fa,AXS,0.4994457228407929
0xf8d50e3283fb6bf41260f7f294a48587d2a9b1fa,BAL,0.4665304075967444
0xf8d50e3283fb6bf41260f7f294a48587d2a9b1fa,BCH,0.5258017482236168
0xf8d50e3283fb6bf41260f7f294a48587d2a9b1fa,BLUR,0.5588698812657276
0xf8d50e3283fb6bf41260f7f294a48587d2a9b1fa,BNB,0.5511752655776174
0xf8d50e3283fb6bf41260f7f294a48587d2a9b1fa,BONK,0.5653316838668444
0xf8d50e3283fb6bf41260f7f294a48587d2a9b1fa,BTC,0.6771680941867633
0xf8d50e3283fb6bf41260f7f294a48587d2a9b1fa,C98,0.4667745296434196
0xf8d50e3283fb6bf41260f7f294a48587d2a9b1fa,CAKE,0.5431864490536097
0xf8d50e3283fb6bf41260f7f294a48587d2a9b1fa,COMP,0.4982675000087527
0xf8d50e3283fb6bf41260f7f294a48587d2a9b1fa,CRV,0.6009799436388106
0xf8d50e3283fb6bf41260f7f294a48587d2a9b1fa,CVX,0.4817595740768684
0xf8d50e3283fb6bf41260f7f294a48587d2a9b1fa,DAI,0.6401267327307567
0xf8d50e3283fb6bf41260f7f294a48587d2a9b1fa,DAO,0.4797321558639045
0xf8d50e3283fb6bf41260f7f294a48587d2a9b1fa,DOGE,0.5497064767537726
0xf8d50e3283fb6bf41260f7f294a48587d2a9b1fa,DOT,0.5227793418967249
0xf8d50e3283fb6bf41260f7f294a48587d2a9b1fa,DYDX,0.5243878897449424
0xf8d50e3283fb6bf41260f7f294a48587d2a9b1fa,EOS,0.5338525800832746
0xf8d50e3283fb6bf41260f7f294a48587d2a9b1fa,ETC,0.5651796663647864
0xf8d50e3283fb6bf41260f7f294a48587d2a9b1fa,ETH,0.5844296485398248
0xf8d50e3283fb6bf41260f7f294a48587d2a9b1fa,FET,0.4615183655543324
0xf8d50e3283fb6bf41260f7f294a48587d2a9b1fa,FIL,0.5343745752212271
0xf8d50e3283fb6bf41260f7f294a48587d2a9b1fa,FRAX,0.6030341904105534
0xf8d50e3283fb6bf41260f7f294a48587d2a9b1fa,FTM,0.5304029518994671
0xf8d50e3283fb6bf41260f7f294a48587d2a9b1fa,FXS,0.5273886016194411
0xf8d50e3283fb6bf41260f7f294a48587d2a9b1fa,GRT,0.5460370973916544
0xf8d50e3283fb6bf41260f7f294a48587d2a9b1fa,HAI,0.5134962084581403
0xf8d50e3283fb6bf41260f7f294a48587d2a9b1fa,HERO,0.554110767998839
0xf8d50e3283fb6bf41260f7f294a48587d2a9b1fa,ICP,0.5284870221560128
0xf8d50e3283fb6bf41260f7f294a48587d2a9b1fa,IMX,0.4846817841955619
0xf8d50e3283fb6bf41260f7f294a48587d2a9b1fa,INJ,0.5133328506645725
0xf8d50e3283fb6bf41260f7f294a48587d2a9b1fa,LDO,0.5162210302230096
0xf8d50e3283fb6bf41260f7f294a48587d2a9b1fa,LINK,0.5239986201658303
0xf8d50e3283fb6bf41260f7f294a48587d2a9b1fa,LTC,0.5471535061550933
0xf8d50e3283fb6bf41260f7f294a48587d2a9b1fa,MATIC,0.4686799297058659
0xf8d50e3283fb6bf41260f7f294a48587d2a9b1fa,MAV,0.5277327354504276
0xf8d50e3283fb6bf41260f7f294a48587d2a9b1fa,MBOX,0.5446343885902027
0xf8d50e3283fb6bf41260f7f294a48587d2a9b1fa,MKR,0.5368176497992264
0xf8d50e3283fb6bf41260f7f294a48587d2a9b1fa,MOON,0.5780149172125658
0xf8d50e3283fb6bf41260f7f294a48587d2a9b1fa,NEAR,0.5159563012827333
0xf8d50e3283fb6bf41260f7f294a48587d2a9b1fa,OP,0.5200177899300291
0xf8d50e3283fb6bf41260f7f294a48587d2a9b1fa,PENDLE,0.5448703965263351
0xf8d50e3283fb6bf41260f7f294a48587d2a9b1fa,PEPE,0.5308075036396338
0xf8d50e3283fb6bf41260f7f294a48587d2a9b1fa,PERP,0.4063522369383575
0xf8d50e3283fb6bf41260f7f294a48587d2a9b1fa,PIT,0.5484255351625239
0xf8d50e3283fb6bf41260f7f294a48587d2a9b1fa,POLS,0.5167736886758719
0xf8d50e3283fb6bf41260f7f294a48587d2a9b1fa,PYTH,0.5267283828198653
0xf8d50e3283fb6bf41260f7f294a48587d2a9b1fa,QUACK,0.620044421330294
0xf8d50e3283fb6bf41260f7f294a48587d2a9b1fa,RDNT,0.3669352928609843
0xf8d50e3283fb6bf41260f7f294a48587d2a9b1fa,RNDR,0.4946847104459421
0xf8d50e3283fb6bf41260f7f294a48587d2a9b1fa,RPL,0.5081741430699014
0xf8d50e3283fb6bf41260f7f294a48587d2a9b1fa,RUNE,0.5125399698540561
0xf8d50e3283fb6bf41260f7f294a48587d2a9b1fa,SFP,0.506850517280648
0xf8d50e3283fb6bf41260f7f294a48587d2a9b1fa,SFUND,0.4971244566583871
0xf8d50e3283fb6bf41260f7f294a48587d2a9b1fa,SHIB,0.4994829579544599
0xf8d50e3283fb6bf41260f7f294a48587d2a9b1fa,SOL,0.5578346281692109
0xf8d50e3283fb6bf41260f7f294a48587d2a9b1fa,STG,0.4880114304867775
0xf8d50e3283fb6bf41260f7f294a48587d2a9b1fa,SUI,0.5142029003395918
0xf8d50e3283fb6bf41260f7f294a48587d2a9b1fa,SUSHI,0.5165840721331377
0xf8d50e3283fb6bf41260f7f294a48587d2a9b1fa,TIA,0.528311662827868
0xf8d50e3283fb6bf41260f7f294a48587d2a9b1fa,TOKEN,0.5190871566519497
0xf8d50e3283fb6bf41260f7f294a48587d2a9b1fa,TRX,0.6092014650565494
0xf8d50e3283fb6bf41260f7f294a48587d2a9b1fa,UNI,0.520797480616533
0xf8d50e3283fb6bf41260f7f294a48587d2a9b1fa,USDT,0.6748508791100801
0xf8d50e3283fb6bf41260f7f294a48587d2a9b1fa,XLM,0.5052463837612209
0xf8d50e3283fb6bf41260f7f294a48587d2a9b1fa,XMR,0.5021665526465613
0xf8d50e3283fb6bf41260f7f294a48587d2a9b1fa,XRP,0.5324276436150363
0xf8d50e3283fb6bf41260f7f294a48587d2a9b1fa,XTZ,0.4965191463042319
0xf8d50e3283fb6bf41260f7f294a48587d2a9b1fa,XVS,0.5519454867687061
0xf8d50e3283fb6bf41260f7f294a48587d2a9b1fa,YFI,0.5622627608051743
0xfb2744ba3942d3bbf6717448e82299b731ca7ae7,AAVE,0.5320775692789349
0xfb2744ba3942d3bbf6717448e82299b731ca7ae7,ADA,0.5687600773287237
0xfb2744ba3942d3bbf6717448e82299b731ca7ae7,ALGO,0.4923427271384447
0xfb2744ba3942d3bbf6717448e82299b731ca7ae7,APE,0.5126186678824667
0xfb2744ba3942d3bbf6717448e82299b731ca7ae7,APT,0.5038676196764741
0xfb2744ba3942d3bbf6717448e82299b731ca7ae7,ATOM,0.547547456081206
0xfb2744ba3942d3bbf6717448e82299b731ca7ae7,AVAX,0.5153999302069812
0xfb2744ba3942d3bbf6717448e82299b731ca7ae7,AXS,0.5294242867849555
0xfb2744ba3942d3bbf6717448e82299b731ca7ae7,BAL,0.4933588791780664
0xfb2744ba3942d3bbf6717448e82299b731ca7ae7,BCH,0.5487243339783793
0xfb2744ba3942d3bbf6717448e82299b731ca7ae7,BLUR,0.517439103289253
0xfb2744ba3942d3bbf6717448e82299b731ca7ae7,BNB,0.5281236998192049
0xfb2744ba3942d3bbf6717448e82299b731ca7ae7,BONK,0.5297790457202319
0xfb2744ba3942d3bbf6717448e82299b731ca7ae7,BTC,0.5675104613794302
0xfb2744ba3942d3bbf6717448e82299b731ca7ae7,C98,0.4560542002573201
0xfb2744ba3942d3bbf6717448e82299b731ca7ae7,CAKE,0.5408660834849267
0xfb2744ba3942d3bbf6717448e82299b731ca7ae7,COMP,0.505099554071377
0xfb2744ba3942d3bbf6717448e82299b731ca7ae7,CRV,0.5635756307680071
0xfb2744ba3942d3bbf6717448e82299b731ca7ae7,CVX,0.4539336134737065
0xfb2744ba3942d3bbf6717448e82299b731ca7ae7,DAI,0.6598824467697988
0xfb2744ba3942d3bbf6717448e82299b731ca7ae7,DAO,0.4078611633973638
0xfb2744ba3942d3bbf6717448e82299b731ca7ae7,DOGE,0.5207598094994494
0xfb2744ba3942d3bbf6717448e82299b731ca7ae7,DOT,0.5131954755042263
0xfb2744ba3942d3bbf6717448e82299b731ca7ae7,DYDX,0.5162899120187857
0xfb2744ba3942d3bbf6717448e82299b731ca7ae7,EOS,0.5364455113784021
0xfb2744ba3942d3bbf6717448e82299b731ca7ae7,ETC,0.5877290381567842
0xfb2744ba3942d3bbf6717448e82299b731ca7ae7,ETH,0.5913768188512856
0xfb2744ba3942d3bbf6717448e82299b731ca7ae7,FET,0.4095544997582628
0xfb2744ba3942d3bbf6717448e82299b731ca7ae7,FIL,0.5329868025808677
0xfb2744ba3942d3bbf6717448e82299b731ca7ae7,FRAX,0.6114019219674334
0xfb2744ba3942d3bbf6717448e82299b731ca7ae7,FTM,0.5290650134103133
0xfb2744ba3942d3bbf6717448e82299b731ca7ae7,FXS,0.5153472731643799
0xfb2744ba3942d3bbf6717448e82299b731ca7ae7,GRT,0.5246637218583811
0xfb2744ba3942d3bbf6717448e82299b731ca7ae7,HAI,0.4680814776936718
0xfb2744ba3942d3bbf6717448e82299b731ca7ae7,HERO,0.5374471836022847
0xfb2744ba3942d3bbf6717448e82299b731ca7ae7,ICP,0.5138458782411012
0xfb2744ba3942d3bbf6717448e82299b731ca7ae7,IMX,0.4527210130450306
0xfb2744ba3942d3bbf6717448e82299b731ca7ae7,INJ,0.4993689932080206
0xfb2744ba3942d3bbf6717448e82299b731ca7ae7,LDO,0.5140355033206776
0xfb2744ba3942d3bbf6717448e82299b731ca7ae7,LINK,0.5161021607670995
0xfb2744ba3942d3bbf6717448e82299b731ca7ae7,LTC,0.5698045013718709
0xfb2744ba3942d3bbf6717448e82299b731ca7ae7,MATIC,0.4787843665292217
0xfb2744ba3942d3bbf6717448e82299b731ca7ae7,MAV,0.5163366411383893
0xfb2744ba3942d3bbf6717448e82299b731ca7ae7,MBOX,0.5065687920694544
0xfb2744ba3942d3bbf6717448e82299b731ca7ae7,MKR,0.5363631223730246
0xfb2744ba3942d3bbf6717448e82299b731ca7ae7,MOON,0.6267943025546089
0xfb2744ba3942d3bbf6717448e82299b731ca7ae7,NEAR,0.4938040399917026
0xfb2744ba3942d3bbf6717448e82299b731ca7ae7,OP,0.5197336628998687
0xfb2744ba3942d3bbf6717448e82299b731ca7ae7,PENDLE,0.5513248408547313
0xfb2744ba3942d3bbf6717448e82299b731ca7ae7,PEPE,0.4911911407547197
0xfb2744ba3942d3bbf6717448e82299b731ca7ae7,PERP,0.3452893905600658
0xfb2744ba3942d3bbf6717448e82299b731ca7ae7,PIT,0.5313320492217417
0xfb2744ba3942d3bbf6717448e82299b731ca7ae7,POLS,0.4786261048574219
0xfb2744ba3942d3bbf6717448e82299b731ca7ae7,PYTH,0.5062647255478597
0xfb2744ba3942d3bbf6717448e82299b731ca7ae7,QUACK,0.6183797659137944
0xfb2744ba3942d3bbf6717448e82299b731ca7ae7,RDNT,0.3579543541505675
0xfb2744ba3942d3bbf6717448e82299b731ca7ae7,RNDR,0.4395650523736538
0xfb2744ba3942d3bbf6717448e82299b731ca7ae7,RPL,0.5018540660398249
0xfb2744ba3942d3bbf6717448e82299b731ca7ae7,RUNE,0.5019489209513041
0xfb2744ba3942d3bbf6717448e82299b731ca7ae7,SFP,0.5246424625865851
0xfb2744ba3942d3bbf6717448e82299b731ca7ae7,SFUND,0.4501432445628345
0xfb2744ba3942d3bbf6717448e82299b731ca7ae7,SHIB,0.4993345515262079
0xfb2744ba3942d3bbf6717448e82299b731ca7ae7,SOL,0.5751043566881969
0xfb2744ba3942d3bbf6717448e82299b731ca7ae7,STG,0.5149311283484328
0xfb2744ba3942d3bbf6717448e82299b731ca7ae7,SUI,0.5128504403686522
0xfb2744ba3942d3bbf6717448e82299b731ca7ae7,SUSHI,0.5004004501836777
0xfb2744ba3942d3bbf6717448e82299b731ca7ae7,TIA,0.5126293481423824
0xfb2744ba3942d3bbf6717448e82299b731ca7ae7,TOKEN,0.491256197527635
0xfb2744ba3942d3bbf6717448e82299b731ca7ae7,TRX,0.5846100628869475
0xfb2744ba3942d3bbf6717448e82299b731ca7ae7,UNI,0.50992479004145
0xfb2744ba3942d3bbf6717448e82299b731ca7ae7,USDT,0.6256937492178174
0xfb2744ba3942d3bbf6717448e82299b731ca7ae7,XLM,0.5304045432362688
0xfb2744ba3942d3bbf6717448e82299b731ca7ae7,XMR,0.5105738463507233
0xfb2744ba3942d3bbf6717448e82299b731ca7ae7,XRP,0.5166536244247462
0xfb2744ba3942d3bbf6717448e82299b731ca7ae7,XTZ,0.5401677923969644
0xfb2744ba3942d3bbf6717448e82299b731ca7ae7,XVS,0.533239617109758
0xfb2744ba3942d3bbf6717448e82299b731ca7ae7,YFI,0.5766932767880647
0xfb8bc3433016a64a3b8aa23c0275afe7c20feb53,AAVE,0.522057
0xfb8bc3433016a64a3b8aa23c0275afe7c20feb53,ADA,0.5228102
0xfb8bc3433016a64a3b8aa23c0275afe7c20feb53,ALGO,0.51715815
0xfb8bc3433016a64a3b8aa23c0275afe7c20feb53,APE,0.51354754
0xfb8bc3433016a64a3b8aa23c0275afe7c20feb53,APT,0.5172607
0xfb8bc3433016a64a3b8aa23c0275afe7c20feb53,ATOM,0.5141777
0xfb8bc3433016a64a3b8aa23c0275afe7c20feb53,AVAX,0.5284813
0xfb8bc3433016a64a3b8aa23c0275afe7c20feb53,AXS,0.5142512
0xfb8bc3433016a64a3b8aa23c0275afe7c20feb53,BAL,0.4807543
0xfb8bc3433016a64a3b8aa23c0275afe7c20feb53,BCH,0.52985865
0xfb8bc3433016a64a3b8aa23c0275afe7c20feb53,BLUR,0.5220188
0xfb8bc3433016a64a3b8aa23c0275afe7c20feb53,BNB,0.53654283
0xfb8bc3433016a64a3b8aa23c0275afe7c20feb53,BONK,0.52174485
0xfb8bc3433016a64a3b8aa23c0275afe7c20feb53,BTC,0.5370452
0xfb8bc3433016a64a3b8aa23c0275afe7c20feb53,C98,0.48254737
0xfb8bc3433016a64a3b8aa23c0275afe7c20feb53,CAKE,0.5272174
0xfb8bc3433016a64a3b8aa23c0275afe7c20feb53,COMP,0.5093654
0xfb8bc3433016a64a3b8aa23c0275afe7c20feb53,CRV,0.52972007
0xfb8bc3433016a64a3b8aa23c0275afe7c20feb53,CVX,0.48570558
0xfb8bc3433016a64a3b8aa23c0275afe7c20feb53,DAI,0.5952785
0xfb8bc3433016a64a3b8aa23c0275afe7c20feb53,DAO,0.4456126
0xfb8bc3433016a64a3b8aa23c0275afe7c20feb53,DOGE,0.51932573
0xfb8bc3433016a64a3b8aa23c0275afe7c20feb53,DOT,0.5135757
0xfb8bc3433016a64a3b8aa23c0275afe7c20feb53,DYDX,0.51797056
0xfb8bc3433016a64a3b8aa23c0275afe7c20feb53,EOS,0.52227074
0xfb8bc3433016a64a3b8aa23c0275afe7c20feb53,ETC,0.5310614
0xfb8bc3433016a64a3b8aa23c0275afe7c20feb53,ETH,0.54776293
0xfb8bc3433016a64a3b8aa23c0275afe7c20feb53,FET,0.46447578
0xfb8bc3433016a64a3b8aa23c0275afe7c20feb53,FIL,0.52706146
0xfb8bc3433016a64a3b8aa23c0275afe7c20feb53,FRAX,0.5823541
0xfb8bc3433016a64a3b8aa23c0275afe7c20feb53,FTM,0.5058369
0xfb8bc3433016a64a3b8aa23c0275afe7c20feb53,FXS,0.5325954
0xfb8bc3433016a64a3b8aa23c0275afe7c20feb53,GRT,0.5262679
0xfb8bc3433016a64a3b8aa23c0275afe7c20feb53,HAI,0.49826545
0xfb8bc3433016a64a3b8aa23c0275afe7c20feb53,HERO,0.53075504
0xfb8bc3433016a64a3b8aa23c0275afe7c20feb53,ICP,0.5153728
0xfb8bc3433016a64a3b8aa23c0275afe7c20feb53,IMX,0.50309706
0xfb8bc3433016a64a3b8aa23c0275afe7c20feb53,INJ,0.5098848
0xfb8bc3433016a64a3b8aa23c0275afe7c20feb53,LDO,0.52184796
0xfb8bc3433016a64a3b8aa23c0275afe7c20feb53,LINK,0.5286042
0xfb8bc3433016a64a3b8aa23c0275afe7c20feb53,LTC,0.54276
0xfb8bc3433016a64a3b8aa23c0275afe7c20feb53,MATIC,0.5133456
0xfb8bc3433016a64a3b8aa23c0275afe7c20feb53,MAV,0.5129156
0xfb8bc3433016a64a3b8aa23c0275afe7c20feb53,MBOX,0.51160055
0xfb8bc3433016a64a3b8aa23c0275afe7c20feb53,MKR,0.52896196
0xfb8bc3433016a64a3b8aa23c0275afe7c20feb53,MOON,0.5460862
0xfb8bc3433016a64a3b8aa23c0275afe7c20feb53,NEAR,0.51613724
0xfb8bc3433016a64a3b8aa23c0275afe7c20feb53,OP,0.5170831
0xfb8bc3433016a64a3b8aa23c0275afe7c20feb53,PENDLE,0.5160545
0xfb8bc3433016a64a3b8aa23c0275afe7c20feb53,PEPE,0.51084805
0xfb8bc3433016a64a3b8aa23c0275afe7c20feb53,PERP,0.41478997
0xfb8bc3433016a64a3b8aa23c0275afe7c20feb53,PIT,0.5169986
0xfb8bc3433016a64a3b8aa23c0275afe7c20feb53,POLS,0.50326663
0xfb8bc3433016a64a3b8aa23c0275afe7c20feb53,PYTH,0.5119141
0xfb8bc3433016a64a3b8aa23c0275afe7c20feb53,QUACK,0.5392051
0xfb8bc3433016a64a3b8aa23c0275afe7c20feb53,RDNT,0.4219501
0xfb8bc3433016a64a3b8aa23c0275afe7c20feb53,RNDR,0.4717292
0xfb8bc3433016a64a3b8aa23c0275afe7c20feb53,RPL,0.49372298
0xfb8bc3433016a64a3b8aa23c0275afe7c20feb53,RUNE,0.5134514
0xfb8bc3433016a64a3b8aa23c0275afe7c20feb53,SFP,0.5202172
0xfb8bc3433016a64a3b8aa23c0275afe7c20feb53,SFUND,0.4990896
0xfb8bc3433016a64a3b8aa23c0275afe7c20feb53,SHIB,0.49634066
0xfb8bc3433016a64a3b8aa23c0275afe7c20feb53,SOL,0.5315389
0xfb8bc3433016a64a3b8aa23c0275afe7c20feb53,STG,0.49388546
0xfb8bc3433016a64a3b8aa23c0275afe7c20feb53,SUI,0.5130007
0xfb8bc3433016a64a3b8aa23c0275afe7c20feb53,SUSHI,0.52760714
0xfb8bc3433016a64a3b8aa23c0275afe7c20feb53,TIA,0.52169883
0xfb8bc3433016a64a3b8aa23c0275afe7c20feb53,TOKEN,0.5179663
0xfb8bc3433016a64a3b8aa23c0275afe7c20feb53,TRX,0.5565662
0xfb8bc3433016a64a3b8aa23c0275afe7c20feb53,UNI,0.5175414
0xfb8bc3433016a64a3b8aa23c0275afe7c20feb53,USDT,0.57970303
0xfb8bc3433016a64a3b8aa23c0275afe7c20feb53,XLM,0.51397485
0xfb8bc3433016a64a3b8aa23c0275afe7c20feb53,XMR,0.506567
0xfb8bc3433016a64a3b8aa23c0275afe7c20feb53,XRP,0.5312497
0xfb8bc3433016a64a3b8aa23c0275afe7c20feb53,XTZ,0.5222682
0xfb8bc3433016a64a3b8aa23c0275afe7c20feb53,XVS,0.5251891
0xfb8bc3433016a64a3b8aa23c0275afe7c20feb53,YFI,0.5304316
0xfe3c3f351e6df846566e10119e4295ed69b2cd72,AAVE,0.5323518
0xfe3c3f351e6df846566e10119e4295ed69b2cd72,ADA,0.5287821
0xfe3c3f351e6df846566e10119e4295ed69b2cd72,ALGO,0.5193951
0xfe3c3f351e6df846566e10119e4295ed69b2cd72,APE,0.527154
0xfe3c3f351e6df846566e10119e4295ed69b2cd72,APT,0.52721673
0xfe3c3f351e6df846566e10119e4295ed69b2cd72,ATOM,0.52672565
0xfe3c3f351e6df846566e10119e4295ed69b2cd72,AVAX,0.5335528
0xfe3c3f351e6df846566e10119e4295ed69b2cd72,AXS,0.51145434
0xfe3c3f351e6df846566e10119e4295ed69b2cd72,BAL,0.48014364
0xfe3c3f351e6df846566e10119e4295ed69b2cd72,BCH,0.54401344
0xfe3c3f351e6df846566e10119e4295ed69b2cd72,BLUR,0.5272969
0xfe3c3f351e6df846566e10119e4295ed69b2cd72,BNB,0.5499087
0xfe3c3f351e6df846566e10119e4295ed69b2cd72,BONK,0.52468884
0xfe3c3f351e6df846566e10119e4295ed69b2cd72,BTC,0.5357759
0xfe3c3f351e6df846566e10119e4295ed69b2cd72,C98,0.49718884
0xfe3c3f351e6df846566e10119e4295ed69b2cd72,CAKE,0.5428627
0xfe3c3f351e6df846566e10119e4295ed69b2cd72,COMP,0.5149425
0xfe3c3f351e6df846566e10119e4295ed69b2cd72,CRV,0.54345614
0xfe3c3f351e6df846566e10119e4295ed69b2cd72,CVX,0.48443496
0xfe3c3f351e6df846566e10119e4295ed69b2cd72,DAI,0.6281394
0xfe3c3f351e6df846566e10119e4295ed69b2cd72,DAO,0.45347548
0xfe3c3f351e6df846566e10119e4295ed69b2cd72,DOGE,0.5241525
0xfe3c3f351e6df846566e10119e4295ed69b2cd72,DOT,0.52233607
0xfe3c3f351e6df846566e10119e4295ed69b2cd72,DYDX,0.52521217
0xfe3c3f351e6df846566e10119e4295ed69b2cd72,EOS,0.5074981
0xfe3c3f351e6df846566e10119e4295ed69b2cd72,ETC,0.54071295
0xfe3c3f351e6df846566e10119e4295ed69b2cd72,ETH,0.5336659
0xfe3c3f351e6df846566e10119e4295ed69b2cd72,FET,0.46461812
0xfe3c3f351e6df846566e10119e4295ed69b2cd72,FIL,0.53605914
0xfe3c3f351e6df846566e10119e4295ed69b2cd72,FRAX,0.61743724
0xfe3c3f351e6df846566e10119e4295ed69b2cd72,FTM,0.4931628
0xfe3c3f351e6df846566e10119e4295ed69b2cd72,FXS,0.53664273
0xfe3c3f351e6df846566e10119e4295ed69b2cd72,GRT,0.52582735
0xfe3c3f351e6df846566e10119e4295ed69b2cd72,HAI,0.50220346
0xfe3c3f351e6df846566e10119e4295ed69b2cd72,HERO,0.535689
0xfe3c3f351e6df846566e10119e4295ed69b2cd72,ICP,0.508741
0xfe3c3f351e6df846566e10119e4295ed69b2cd72,IMX,0.5150495
0xfe3c3f351e6df846566e10119e4295ed69b2cd72,INJ,0.5228709
0xfe3c3f351e6df846566e10119e4295ed69b2cd72,LDO,0.520383
0xfe3c3f351e6df846566e10119e4295ed69b2cd72,LINK,0.53300273
0xfe3c3f351e6df846566e10119e4295ed69b2cd72,LTC,0.5520967
0xfe3c3f351e6df846566e10119e4295ed69b2cd72,MATIC,0.5215431
0xfe3c3f351e6df846566e10119e4295ed69b2cd72,MAV,0.5187968
0xfe3c3f351e6df846566e10119e4295ed69b2cd72,MBOX,0.5227358
0xfe3c3f351e6df846566e10119e4295ed69b2cd72,MKR,0.53700787
0xfe3c3f351e6df846566e10119e4295ed69b2cd72,MOON,0.5089561
0xfe3c3f351e6df846566e10119e4295ed69b2cd72,NEAR,0.5064907
0xfe3c3f351e6df846566e10119e4295ed69b2cd72,OP,0.51370585
0xfe3c3f351e6df846566e10119e4295ed69b2cd72,PENDLE,0.5202882
0xfe3c3f351e6df846566e10119e4295ed69b2cd72,PEPE,0.51977575
0xfe3c3f351e6df846566e10119e4295ed69b2cd72,PERP,0.40940946
0xfe3c3f351e6df846566e10119e4295ed69b2cd72,PIT,0.5342807
0xfe3c3f351e6df846566e10119e4295ed69b2cd72,POLS,0.49922484
0xfe3c3f351e6df846566e10119e4295ed69b2cd72,PYTH,0.53196424
0xfe3c3f351e6df846566e10119e4295ed69b2cd72,QUACK,0.55264
0xfe3c3f351e6df846566e10119e4295ed69b2cd72,RDNT,0.44500002
0xfe3c3f351e6df846566e10119e4295ed69b2cd72,RNDR,0.47497925
0xfe3c3f351e6df846566e10119e4295ed69b2cd72,RPL,0.4989205
0xfe3c3f351e6df846566e10119e4295ed69b2cd72,RUNE,0.5097125
0xfe3c3f351e6df846566e10119e4295ed69b2cd72,SFP,0.53616357
0xfe3c3f351e6df846566e10119e4295ed69b2cd72,SFUND,0.50222546
0xfe3c3f351e6df846566e10119e4295ed69b2cd72,SHIB,0.50179636
0xfe3c3f351e6df846566e10119e4295ed69b2cd72,SOL,0.5236655
0xfe3c3f351e6df846566e10119e4295ed69b2cd72,STG,0.4890855
0xfe3c3f351e6df846566e10119e4295ed69b2cd72,SUI,0.51672137
0xfe3c3f351e6df846566e10119e4295ed69b2cd72,SUSHI,0.52866787
0xfe3c3f351e6df846566e10119e4295ed69b2cd72,TIA,0.52036667
0xfe3c3f351e6df846566e10119e4295ed69b2cd72,TOKEN,0.5128236
0xfe3c3f351e6df846566e10119e4295ed69b2cd72,TRX,0.5704106
0xfe3c3f351e6df846566e10119e4295ed69b2cd72,UNI,0.5015134
0xfe3c3f351e6df846566e10119e4295ed69b2cd72,USDT,0.58015317
0xfe3c3f351e6df846566e10119e4295ed69b2cd72,XLM,0.50792694
0xfe3c3f351e6df846566e10119e4295ed69b2cd72,XMR,0.50988185
0xfe3c3f351e6df846566e10119e4295ed69b2cd72,XRP,0.52979237
0xfe3c3f351e6df846566e10119e4295ed69b2cd72,XTZ,0.5342197
0xfe3c3f351e6df846566e10119e4295ed69b2cd72,XVS,0.53304464
0xfe3c3f351e6df846566e10119e4295ed69b2cd72,YFI,0.53543055
