address,symbol,prediction
0x04e1dd13ef029f573cf717f094a6b601b9e03550,AAVE,-0.00047123432
0x04e1dd13ef029f573cf717f094a6b601b9e03550,ADA,-0.0027620196
0x04e1dd13ef029f573cf717f094a6b601b9e03550,ALGO,-0.0073286295
0x04e1dd13ef029f573cf717f094a6b601b9e03550,APE,-0.012276769
0x04e1dd13ef029f573cf717f094a6b601b9e03550,APT,0.004598379
0x04e1dd13ef029f573cf717f094a6b601b9e03550,ATOM,-0.004772067
0x04e1dd13ef029f573cf717f094a6b601b9e03550,AVAX,-0.003269136
0x04e1dd13ef029f573cf717f094a6b601b9e03550,AXS,-0.006824136
0x04e1dd13ef029f573cf717f094a6b601b9e03550,BAL,-0.013867855
0x04e1dd13ef029f573cf717f094a6b601b9e03550,BCH,-0.0016675591
0x04e1dd13ef029f573cf717f094a6b601b9e03550,BLUR,-0.010047197
0x04e1dd13ef029f573cf717f094a6b601b9e03550,BNB,-0.0040753484
0x04e1dd13ef029f573cf717f094a6b601b9e03550,BONK,-0.0005674362
0x04e1dd13ef029f573cf717f094a6b601b9e03550,BTC,-0.0028556585
0x04e1dd13ef029f573cf717f094a6b601b9e03550,C98,0.0033228397
0x04e1dd13ef029f573cf717f094a6b601b9e03550,CAKE,-0.012539923
0x04e1dd13ef029f573cf717f094a6b601b9e03550,COMP,-0.000008821487
0x04e1dd13ef029f573cf717f094a6b601b9e03550,CRV,-0.011098564
0x04e1dd13ef029f573cf717f094a6b601b9e03550,CVX,-0.016560674
0x04e1dd13ef029f573cf717f094a6b601b9e03550,DAI,-0.00002360344
0x04e1dd13ef029f573cf717f094a6b601b9e03550,DAO,-0.010831773
0x04e1dd13ef029f573cf717f094a6b601b9e03550,DOGE,-0.0012739301
0x04e1dd13ef029f573cf717f094a6b601b9e03550,DOT,-0.011324227
0x04e1dd13ef029f573cf717f094a6b601b9e03550,DYDX,-0.0059047937
0x04e1dd13ef029f573cf717f094a6b601b9e03550,EOS,0.0016607046
0x04e1dd13ef029f573cf717f094a6b601b9e03550,ETC,-0.008450568
0x04e1dd13ef029f573cf717f094a6b601b9e03550,ETH,-0.004810393
0x04e1dd13ef029f573cf717f094a6b601b9e03550,FET,0.008891702
0x04e1dd13ef029f573cf717f094a6b601b9e03550,FIL,-0.0040448904
0x04e1dd13ef029f573cf717f094a6b601b9e03550,FRAX,0.0027285814
0x04e1dd13ef029f573cf717f094a6b601b9e03550,FTM,-0.00037950277
0x04e1dd13ef029f573cf717f094a6b601b9e03550,FXS,0.00017261505
0x04e1dd13ef029f573cf717f094a6b601b9e03550,GRT,-0.0011122227
0x04e1dd13ef029f573cf717f094a6b601b9e03550,HAI,0.00086832047
0x04e1dd13ef029f573cf717f094a6b601b9e03550,HERO,-0.007999003
0x04e1dd13ef029f573cf717f094a6b601b9e03550,ICP,-0.00027787685
0x04e1dd13ef029f573cf717f094a6b601b9e03550,IMX,-0.00058180094
0x04e1dd13ef029f573cf717f094a6b601b9e03550,INJ,-0.00861311
0x04e1dd13ef029f573cf717f094a6b601b9e03550,LDO,-0.0016699433
0x04e1dd13ef029f573cf717f094a6b601b9e03550,LINK,-0.0084968805
0x04e1dd13ef029f573cf717f094a6b601b9e03550,LTC,-0.0014606118
0x04e1dd13ef029f573cf717f094a6b601b9e03550,MATIC,-0.004876673
0x04e1dd13ef029f573cf717f094a6b601b9e03550,MAV,0.005161524
0x04e1dd13ef029f573cf717f094a6b601b9e03550,MBOX,0.0029275417
0x04e1dd13ef029f573cf717f094a6b601b9e03550,MKR,-0.0026333332
0x04e1dd13ef029f573cf717f094a6b601b9e03550,MOON,-0.0047593117
0x04e1dd13ef029f573cf717f094a6b601b9e03550,NEAR,-0.014467835
0x04e1dd13ef029f573cf717f094a6b601b9e03550,OP,-0.005515754
0x04e1dd13ef029f573cf717f094a6b601b9e03550,PENDLE,-0.0069056153
0x04e1dd13ef029f573cf717f094a6b601b9e03550,PEPE,-0.0025109649
0x04e1dd13ef029f573cf717f094a6b601b9e03550,PERP,0.002532959
0x04e1dd13ef029f573cf717f094a6b601b9e03550,PIT,-0.028724253
0x04e1dd13ef029f573cf717f094a6b601b9e03550,POLS,-0.02172023
0x04e1dd13ef029f573cf717f094a6b601b9e03550,PYTH,-0.0055125356
0x04e1dd13ef029f573cf717f094a6b601b9e03550,QUACK,-0.015868306
0x04e1dd13ef029f573cf717f094a6b601b9e03550,RDNT,0.00026500225
0x04e1dd13ef029f573cf717f094a6b601b9e03550,RNDR,-0.013635397
0x04e1dd13ef029f573cf717f094a6b601b9e03550,RPL,0.0024210215
0x04e1dd13ef029f573cf717f094a6b601b9e03550,RUNE,-0.032463074
0x04e1dd13ef029f573cf717f094a6b601b9e03550,SFP,0.006216407
0x04e1dd13ef029f573cf717f094a6b601b9e03550,SFUND,-0.00848949
0x04e1dd13ef029f573cf717f094a6b601b9e03550,SHIB,-0.0052107573
0x04e1dd13ef029f573cf717f094a6b601b9e03550,SOL,-0.0018407106
0x04e1dd13ef029f573cf717f094a6b601b9e03550,STG,-0.0048593283
0x04e1dd13ef029f573cf717f094a6b601b9e03550,SUI,-0.0015456676
0x04e1dd13ef029f573cf717f094a6b601b9e03550,SUSHI,0.0010869503
0x04e1dd13ef029f573cf717f094a6b601b9e03550,TIA,-0.004207909
0x04e1dd13ef029f573cf717f094a6b601b9e03550,TOKEN,-0.009373069
0x04e1dd13ef029f573cf717f094a6b601b9e03550,TRX,-0.005182028
0x04e1dd13ef029f573cf717f094a6b601b9e03550,UNI,-0.0009789467
0x04e1dd13ef029f573cf717f094a6b601b9e03550,USDT,-0.006228864
0x04e1dd13ef029f573cf717f094a6b601b9e03550,XLM,-0.010535777
0x04e1dd13ef029f573cf717f094a6b601b9e03550,XMR,-0.002765596
0x04e1dd13ef029f573cf717f094a6b601b9e03550,XRP,-0.0032559037
0x04e1dd13ef029f573cf717f094a6b601b9e03550,XTZ,-0.008254468
0x04e1dd13ef029f573cf717f094a6b601b9e03550,XVS,-0.003594339
0x04e1dd13ef029f573cf717f094a6b601b9e03550,YFI,-0.008557379
0x05934b9313c703fb75363d27704cc6566f645a91,AAVE,-0.005407566957786
0x05934b9313c703fb75363d27704cc6566f645a91,ADA,0.012952770315246
0x05934b9313c703fb75363d27704cc6566f645a91,ALGO,-0.0082679583465989
0x05934b9313c703fb75363d27704cc6566f645a91,APE,-0.000697141546054
0x05934b9313c703fb75363d27704cc6566f645a91,APT,-0.0122700421886338
0x05934b9313c703fb75363d27704cc6566f645a91,ATOM,-0.0122056801716071
0x05934b9313c703fb75363d27704cc6566f645a91,AVAX,0.008454163418713
0x05934b9313c703fb75363d27704cc6566f645a91,AXS,-0.0130380317426885
0x05934b9313c703fb75363d27704cc6566f645a91,BAL,-0.0239169422330274
0x05934b9313c703fb75363d27704cc6566f645a91,BCH,0.0218013623019073
0x05934b9313c703fb75363d27704cc6566f645a91,BLUR,-0.0180024073143373
0x05934b9313c703fb75363d27704cc6566f645a91,BNB,0.0225954791675101
0x05934b9313c703fb75363d27704cc6566f645a91,BONK,0.0089326057591761
0x05934b9313c703fb75363d27704cc6566f645a91,BTC,0.0498002992624674
0x05934b9313c703fb75363d27704cc6566f645a91,C98,-0.0207963352883073
0x05934b9313c703fb75363d27704cc6566f645a91,CAKE,-0.0019100007809999
0x05934b9313c703fb75363d27704cc6566f645a91,COMP,-0.0179185020325604
0x05934b9313c703fb75363d27704cc6566f645a91,CRV,-0.0006239909894395
0x05934b9313c703fb75363d27704cc6566f645a91,CVX,-0.0207554977126117
0x05934b9313c703fb75363d27704cc6566f645a91,DAI,0.0095638580907077
0x05934b9313c703fb75363d27704cc6566f645a91,DAO,0.014843087218216
0x05934b9313c703fb75363d27704cc6566f645a91,DOGE,0.0385105946596019
0x05934b9313c703fb75363d27704cc6566f645a91,DOT,0.01601461178205
0x05934b9313c703fb75363d27704cc6566f645a91,DYDX,-0.0199607703809459
0x05934b9313c703fb75363d27704cc6566f645a91,EOS,-0.0146665155715856
0x05934b9313c703fb75363d27704cc6566f645a91,ETC,0.0077210339035959
0x05934b9313c703fb75363d27704cc6566f645a91,ETH,0.0228282032810387
0x05934b9313c703fb75363d27704cc6566f645a91,FET,-0.0269645445370947
0x05934b9313c703fb75363d27704cc6566f645a91,FIL,-0.0168074828074553
0x05934b9313c703fb75363d27704cc6566f645a91,FRAX,0.0065139055688419
0x05934b9313c703fb75363d27704cc6566f645a91,FTM,-0.0008983876075067
0x05934b9313c703fb75363d27704cc6566f645a91,FXS,0.0024167213053426
0x05934b9313c703fb75363d27704cc6566f645a91,GRT,-0.0118277528218992
0x05934b9313c703fb75363d27704cc6566f645a91,HAI,-0.004350379258762
0x05934b9313c703fb75363d27704cc6566f645a91,HERO,0.0030592965929437
0x05934b9313c703fb75363d27704cc6566f645a91,ICP,-0.0033074972082483
0x05934b9313c703fb75363d27704cc6566f645a91,IMX,-0.0165566679323568
0x05934b9313c703fb75363d27704cc6566f645a91,INJ,-0.0113022284836768
0x05934b9313c703fb75363d27704cc6566f645a91,LDO,-0.0279994773087282
0x05934b9313c703fb75363d27704cc6566f645a91,LINK,0.0015754074295073
0x05934b9313c703fb75363d27704cc6566f645a91,LTC,0.0022971172660828
0x05934b9313c703fb75363d27704cc6566f645a91,MATIC,-0.0172913258317948
0x05934b9313c703fb75363d27704cc6566f645a91,MAV,-0.0190479536844503
0x05934b9313c703fb75363d27704cc6566f645a91,MBOX,-0.0105645601520277
0x05934b9313c703fb75363d27704cc6566f645a91,MKR,0.0158981581886854
0x05934b9313c703fb75363d27704cc6566f645a91,MOON,0.0100764389694904
0x05934b9313c703fb75363d27704cc6566f645a91,NEAR,-0.0230362704777535
0x05934b9313c703fb75363d27704cc6566f645a91,OP,0.0111555449707193
0x05934b9313c703fb75363d27704cc6566f645a91,PENDLE,-0.0217898174910872
0x05934b9313c703fb75363d27704cc6566f645a91,PEPE,-0.0005624045663345
0x05934b9313c703fb75363d27704cc6566f645a91,PERP,-0.0225779383794174
0x05934b9313c703fb75363d27704cc6566f645a91,PIT,-0.0005000631182313
0x05934b9313c703fb75363d27704cc6566f645a91,POLS,-0.0275745851162112
0x05934b9313c703fb75363d27704cc6566f645a91,PYTH,-0.0147198642316313
0x05934b9313c703fb75363d27704cc6566f645a91,QUACK,0.0019521092125525
0x05934b9313c703fb75363d27704cc6566f645a91,RDNT,-0.0137546702591509
0x05934b9313c703fb75363d27704cc6566f645a91,RNDR,0.0025481434803804
0x05934b9313c703fb75363d27704cc6566f645a91,RPL,-0.0244815191375903
0x05934b9313c703fb75363d27704cc6566f645a91,RUNE,-0.0126069007393583
0x05934b9313c703fb75363d27704cc6566f645a91,SFP,-0.0212159264037239
0x05934b9313c703fb75363d27704cc6566f645a91,SFUND,-0.0170423427568235
0x05934b9313c703fb75363d27704cc6566f645a91,SHIB,0.0019351222555609
0x05934b9313c703fb75363d27704cc6566f645a91,SOL,0.0405123421804973
0x05934b9313c703fb75363d27704cc6566f645a91,STG,-0.0154018799786537
0x05934b9313c703fb75363d27704cc6566f645a91,SUI,0.0028150557765434
0x05934b9313c703fb75363d27704cc6566f645a91,SUSHI,-0.0118955032680479
0x05934b9313c703fb75363d27704cc6566f645a91,TIA,-0.0114457299551885
0x05934b9313c703fb75363d27704cc6566f645a91,TOKEN,-0.0052149546775004
0x05934b9313c703fb75363d27704cc6566f645a91,TRX,-0.0052264223669521
0x05934b9313c703fb75363d27704cc6566f645a91,UNI,-0.011418106122746
0x05934b9313c703fb75363d27704cc6566f645a91,USDT,0.0626792895515662
0x05934b9313c703fb75363d27704cc6566f645a91,XLM,-0.0119506664096894
0x05934b9313c703fb75363d27704cc6566f645a91,XMR,-0.0001289837863807
0x05934b9313c703fb75363d27704cc6566f645a91,XRP,0.0101070025440474
0x05934b9313c703fb75363d27704cc6566f645a91,XTZ,-0.011894604278886
0x05934b9313c703fb75363d27704cc6566f645a91,XVS,-0.0226037347259291
0x05934b9313c703fb75363d27704cc6566f645a91,YFI,-0.0204000128006489
0x063af2c2952d7799ce1eac2f1a85c7b4aa4fe553,AAVE,-0.053862985
0x063af2c2952d7799ce1eac2f1a85c7b4aa4fe553,ADA,0.03049292
0x063af2c2952d7799ce1eac2f1a85c7b4aa4fe553,ALGO,-0.002235272
0x063af2c2952d7799ce1eac2f1a85c7b4aa4fe553,APE,-0.0016654365
0x063af2c2952d7799ce1eac2f1a85c7b4aa4fe553,APT,-0.004084739
0x063af2c2952d7799ce1eac2f1a85c7b4aa4fe553,ATOM,-0.03525202
0x063af2c2952d7799ce1eac2f1a85c7b4aa4fe553,AVAX,0.051868837
0x063af2c2952d7799ce1eac2f1a85c7b4aa4fe553,AXS,-0.04325056
0x063af2c2952d7799ce1eac2f1a85c7b4aa4fe553,BAL,-0.039687946
0x063af2c2952d7799ce1eac2f1a85c7b4aa4fe553,BCH,-0.010138352
0x063af2c2952d7799ce1eac2f1a85c7b4aa4fe553,BLUR,-0.021270575
0x063af2c2952d7799ce1eac2f1a85c7b4aa4fe553,BNB,-0.023069616
0x063af2c2952d7799ce1eac2f1a85c7b4aa4fe553,BONK,-0.017435256
0x063af2c2952d7799ce1eac2f1a85c7b4aa4fe553,BTC,0.0407315
0x063af2c2952d7799ce1eac2f1a85c7b4aa4fe553,C98,-0.031208903
0x063af2c2952d7799ce1eac2f1a85c7b4aa4fe553,CAKE,-0.04126023
0x063af2c2952d7799ce1eac2f1a85c7b4aa4fe553,COMP,-0.049562816
0x063af2c2952d7799ce1eac2f1a85c7b4aa4fe553,CRV,-0.00033078465
0x063af2c2952d7799ce1eac2f1a85c7b4aa4fe553,CVX,-0.04830898
0x063af2c2952d7799ce1eac2f1a85c7b4aa4fe553,DAI,-0.024747515
0x063af2c2952d7799ce1eac2f1a85c7b4aa4fe553,DAO,0.033484116
0x063af2c2952d7799ce1eac2f1a85c7b4aa4fe553,DOGE,0.031980183
0x063af2c2952d7799ce1eac2f1a85c7b4aa4fe553,DOT,0.037339635
0x063af2c2952d7799ce1eac2f1a85c7b4aa4fe553,DYDX,-0.020610388
0x063af2c2952d7799ce1eac2f1a85c7b4aa4fe553,EOS,-0.011388393
0x063af2c2952d7799ce1eac2f1a85c7b4aa4fe553,ETC,-0.0037665225
0x063af2c2952d7799ce1eac2f1a85c7b4aa4fe553,ETH,0.00639745
0x063af2c2952d7799ce1eac2f1a85c7b4aa4fe553,FET,-0.033306457
0x063af2c2952d7799ce1eac2f1a85c7b4aa4fe553,FIL,-0.031135902
0x063af2c2952d7799ce1eac2f1a85c7b4aa4fe553,FRAX,-0.04799343
0x063af2c2952d7799ce1eac2f1a85c7b4aa4fe553,FTM,-0.048463862
0x063af2c2952d7799ce1eac2f1a85c7b4aa4fe553,FXS,-0.069520675
0x063af2c2952d7799ce1eac2f1a85c7b4aa4fe553,GRT,-0.06401889
0x063af2c2952d7799ce1eac2f1a85c7b4aa4fe553,HAI,-0.026597256
0x063af2c2952d7799ce1eac2f1a85c7b4aa4fe553,HERO,-0.02973481
0x063af2c2952d7799ce1eac2f1a85c7b4aa4fe553,ICP,-0.025737042
0x063af2c2952d7799ce1eac2f1a85c7b4aa4fe553,IMX,-0.03518238
0x063af2c2952d7799ce1eac2f1a85c7b4aa4fe553,INJ,0.010198913
0x063af2c2952d7799ce1eac2f1a85c7b4aa4fe553,LDO,-0.039882306
0x063af2c2952d7799ce1eac2f1a85c7b4aa4fe553,LINK,0.01126744
0x063af2c2952d7799ce1eac2f1a85c7b4aa4fe553,LTC,0.0140232295
0x063af2c2952d7799ce1eac2f1a85c7b4aa4fe553,MATIC,-0.033268966
0x063af2c2952d7799ce1eac2f1a85c7b4aa4fe553,MAV,-0.062123727
0x063af2c2952d7799ce1eac2f1a85c7b4aa4fe553,MBOX,-0.040266436
0x063af2c2952d7799ce1eac2f1a85c7b4aa4fe553,MKR,-0.04630659
0x063af2c2952d7799ce1eac2f1a85c7b4aa4fe553,MOON,-0.022880591
0x063af2c2952d7799ce1eac2f1a85c7b4aa4fe553,NEAR,-0.03272863
0x063af2c2952d7799ce1eac2f1a85c7b4aa4fe553,OP,0.03382539
0x063af2c2952d7799ce1eac2f1a85c7b4aa4fe553,PENDLE,-0.044404544
0x063af2c2952d7799ce1eac2f1a85c7b4aa4fe553,PEPE,-0.0220979
0x063af2c2952d7799ce1eac2f1a85c7b4aa4fe553,PERP,-0.017269468
0x063af2c2952d7799ce1eac2f1a85c7b4aa4fe553,PIT,-0.035901356
0x063af2c2952d7799ce1eac2f1a85c7b4aa4fe553,POLS,-0.035838857
0x063af2c2952d7799ce1eac2f1a85c7b4aa4fe553,PYTH,-0.016582731
0x063af2c2952d7799ce1eac2f1a85c7b4aa4fe553,QUACK,-0.035609424
0x063af2c2952d7799ce1eac2f1a85c7b4aa4fe553,RDNT,-0.03373144
0x063af2c2952d7799ce1eac2f1a85c7b4aa4fe553,RNDR,-0.02769343
0x063af2c2952d7799ce1eac2f1a85c7b4aa4fe553,RPL,-0.038721018
0x063af2c2952d7799ce1eac2f1a85c7b4aa4fe553,RUNE,-0.03191145
0x063af2c2952d7799ce1eac2f1a85c7b4aa4fe553,SFP,-0.025223305
0x063af2c2952d7799ce1eac2f1a85c7b4aa4fe553,SFUND,-0.03535577
0x063af2c2952d7799ce1eac2f1a85c7b4aa4fe553,SHIB,-0.028944872
0x063af2c2952d7799ce1eac2f1a85c7b4aa4fe553,SOL,-0.035805255
0x063af2c2952d7799ce1eac2f1a85c7b4aa4fe553,STG,-0.026499111
0x063af2c2952d7799ce1eac2f1a85c7b4aa4fe553,SUI,0.002414234
0x063af2c2952d7799ce1eac2f1a85c7b4aa4fe553,SUSHI,-0.03591859
0x063af2c2952d7799ce1eac2f1a85c7b4aa4fe553,TIA,-0.05943454
0x063af2c2952d7799ce1eac2f1a85c7b4aa4fe553,TOKEN,-0.04192349
0x063af2c2952d7799ce1eac2f1a85c7b4aa4fe553,TRX,-0.0218935
0x063af2c2952d7799ce1eac2f1a85c7b4aa4fe553,UNI,0.01850995
0x063af2c2952d7799ce1eac2f1a85c7b4aa4fe553,USDT,-0.0040756892
0x063af2c2952d7799ce1eac2f1a85c7b4aa4fe553,XLM,-0.0007021766
0x063af2c2952d7799ce1eac2f1a85c7b4aa4fe553,XMR,-0.047340702
0x063af2c2952d7799ce1eac2f1a85c7b4aa4fe553,XRP,0.018494362
0x063af2c2952d7799ce1eac2f1a85c7b4aa4fe553,XTZ,-0.04497998
0x063af2c2952d7799ce1eac2f1a85c7b4aa4fe553,XVS,-0.054780748
0x063af2c2952d7799ce1eac2f1a85c7b4aa4fe553,YFI,-0.036241397
0x0edc0ea676c5e608d628ecc659a13a213476de3e,AAVE,0.0121567965842309
0x0edc0ea676c5e608d628ecc659a13a213476de3e,ADA,0.0138407421331623
0x0edc0ea676c5e608d628ecc659a13a213476de3e,ALGO,0.0280694000082191
0x0edc0ea676c5e608d628ecc659a13a213476de3e,APE,0.0193089146268846
0x0edc0ea676c5e608d628ecc659a13a213476de3e,APT,0.0032582146900412
0x0edc0ea676c5e608d628ecc659a13a213476de3e,ATOM,0.0056858351196342
0x0edc0ea676c5e608d628ecc659a13a213476de3e,AVAX,0.0255026705998376
0x0edc0ea676c5e608d628ecc659a13a213476de3e,AXS,0.0127122889586759
0x0edc0ea676c5e608d628ecc659a13a213476de3e,BAL,0.006121389947038
0x0edc0ea676c5e608d628ecc659a13a213476de3e,BCH,-0.0079752113263398
0x0edc0ea676c5e608d628ecc659a13a213476de3e,BLUR,0.0184030451116806
0x0edc0ea676c5e608d628ecc659a13a213476de3e,BNB,0.0074924004884235
0x0edc0ea676c5e608d628ecc659a13a213476de3e,BONK,0.0173563670394505
0x0edc0ea676c5e608d628ecc659a13a213476de3e,BTC,0.0086886654823727
0x0edc0ea676c5e608d628ecc659a13a213476de3e,C98,0.005630980796784
0x0edc0ea676c5e608d628ecc659a13a213476de3e,CAKE,-0.016948398982203
0x0edc0ea676c5e608d628ecc659a13a213476de3e,COMP,0.0100632781451353
0x0edc0ea676c5e608d628ecc659a13a213476de3e,CRV,0.0137821586180098
0x0edc0ea676c5e608d628ecc659a13a213476de3e,CVX,-0.0000803131156406067
0x0edc0ea676c5e608d628ecc659a13a213476de3e,DAI,0.0041919846939826
0x0edc0ea676c5e608d628ecc659a13a213476de3e,DAO,0.0111145138323698
0x0edc0ea676c5e608d628ecc659a13a213476de3e,DOGE,0.016389661910976
0x0edc0ea676c5e608d628ecc659a13a213476de3e,DOT,0.0151872732395277
0x0edc0ea676c5e608d628ecc659a13a213476de3e,DYDX,0.0167663824124202
0x0edc0ea676c5e608d628ecc659a13a213476de3e,EOS,0.0103970851664259
0x0edc0ea676c5e608d628ecc659a13a213476de3e,ETC,0.0053444570394198
0x0edc0ea676c5e608d628ecc659a13a213476de3e,ETH,0.0111364677508048
0x0edc0ea676c5e608d628ecc659a13a213476de3e,FET,0.0294341598322092
0x0edc0ea676c5e608d628ecc659a13a213476de3e,FIL,0.0080930216085617
0x0edc0ea676c5e608d628ecc659a13a213476de3e,FRAX,-0.0231283436600507
0x0edc0ea676c5e608d628ecc659a13a213476de3e,FTM,-0.0356103344809176
0x0edc0ea676c5e608d628ecc659a13a213476de3e,FXS,-0.0120474715035002
0x0edc0ea676c5e608d628ecc659a13a213476de3e,GRT,0.0237679648285432
0x0edc0ea676c5e608d628ecc659a13a213476de3e,HAI,0.0070890577873927
0x0edc0ea676c5e608d628ecc659a13a213476de3e,HERO,0.014340912669172
0x0edc0ea676c5e608d628ecc659a13a213476de3e,ICP,0.009825270303206
0x0edc0ea676c5e608d628ecc659a13a213476de3e,IMX,0.0242704798717275
0x0edc0ea676c5e608d628ecc659a13a213476de3e,INJ,0.0244721935668433
0x0edc0ea676c5e608d628ecc659a13a213476de3e,LDO,0.015165022961652
0x0edc0ea676c5e608d628ecc659a13a213476de3e,LINK,0.010645324283258
0x0edc0ea676c5e608d628ecc659a13a213476de3e,LTC,-0.0012845038298521
0x0edc0ea676c5e608d628ecc659a13a213476de3e,MATIC,0.017345405527218
0x0edc0ea676c5e608d628ecc659a13a213476de3e,MAV,0.0061463998033022
0x0edc0ea676c5e608d628ecc659a13a213476de3e,MBOX,0.0034971202807954
0x0edc0ea676c5e608d628ecc659a13a213476de3e,MKR,-0.0279139060437017
0x0edc0ea676c5e608d628ecc659a13a213476de3e,MOON,-0.0176937608267216
0x0edc0ea676c5e608d628ecc659a13a213476de3e,NEAR,0.0182335648650307
0x0edc0ea676c5e608d628ecc659a13a213476de3e,OP,0.0186185349252839
0x0edc0ea676c5e608d628ecc659a13a213476de3e,PENDLE,0.0201538490830144
0x0edc0ea676c5e608d628ecc659a13a213476de3e,PEPE,0.0112538394431676
0x0edc0ea676c5e608d628ecc659a13a213476de3e,PERP,0.0137095659624347
0x0edc0ea676c5e608d628ecc659a13a213476de3e,PIT,0.0244276990412968
0x0edc0ea676c5e608d628ecc659a13a213476de3e,POLS,0.0016552422282394
0x0edc0ea676c5e608d628ecc659a13a213476de3e,PYTH,0.0178817771773698
0x0edc0ea676c5e608d628ecc659a13a213476de3e,QUACK,0.0031471991559162
0x0edc0ea676c5e608d628ecc659a13a213476de3e,RDNT,0.0090327533428136
0x0edc0ea676c5e608d628ecc659a13a213476de3e,RNDR,0.0195812908787636
0x0edc0ea676c5e608d628ecc659a13a213476de3e,RPL,0.001273948304771
0x0edc0ea676c5e608d628ecc659a13a213476de3e,RUNE,0.0008633737268615
0x0edc0ea676c5e608d628ecc659a13a213476de3e,SFP,0.0067495990217869
0x0edc0ea676c5e608d628ecc659a13a213476de3e,SFUND,0.0119259953197386
0x0edc0ea676c5e608d628ecc659a13a213476de3e,SHIB,0.0241713681080054
0x0edc0ea676c5e608d628ecc659a13a213476de3e,SOL,-0.0009395141409354
0x0edc0ea676c5e608d628ecc659a13a213476de3e,STG,0.0043383902916052
0x0edc0ea676c5e608d628ecc659a13a213476de3e,SUI,0.0197858161229834
0x0edc0ea676c5e608d628ecc659a13a213476de3e,SUSHI,0.0219364811610809
0x0edc0ea676c5e608d628ecc659a13a213476de3e,TIA,-0.001331925299707
0x0edc0ea676c5e608d628ecc659a13a213476de3e,TOKEN,0.009383956538213
0x0edc0ea676c5e608d628ecc659a13a213476de3e,TRX,0.0025004771528722
0x0edc0ea676c5e608d628ecc659a13a213476de3e,UNI,0.0129071692296985
0x0edc0ea676c5e608d628ecc659a13a213476de3e,USDT,0.0025640914058402
0x0edc0ea676c5e608d628ecc659a13a213476de3e,XLM,0.0140123251942983
0x0edc0ea676c5e608d628ecc659a13a213476de3e,XMR,-0.0009058534785919
0x0edc0ea676c5e608d628ecc659a13a213476de3e,XRP,0.0016436285653271
0x0edc0ea676c5e608d628ecc659a13a213476de3e,XTZ,0.0072929250434805
0x0edc0ea676c5e608d628ecc659a13a213476de3e,XVS,-0.0144469969308165
0x0edc0ea676c5e608d628ecc659a13a213476de3e,YFI,0.0125462719458747
0x1b1d704cfd260f0eeca05d495d4818ebeac2922f,AAVE,0.0
0x1b1d704cfd260f0eeca05d495d4818ebeac2922f,ADA,0.0
0x1b1d704cfd260f0eeca05d495d4818ebeac2922f,ALGO,0.0
0x1b1d704cfd260f0eeca05d495d4818ebeac2922f,APE,0.0
0x1b1d704cfd260f0eeca05d495d4818ebeac2922f,APT,0.0
0x1b1d704cfd260f0eeca05d495d4818ebeac2922f,ATOM,0.0
0x1b1d704cfd260f0eeca05d495d4818ebeac2922f,AVAX,0.0
0x1b1d704cfd260f0eeca05d495d4818ebeac2922f,AXS,0.0
0x1b1d704cfd260f0eeca05d495d4818ebeac2922f,BAL,0.0
0x1b1d704cfd260f0eeca05d495d4818ebeac2922f,BCH,0.0
0x1b1d704cfd260f0eeca05d495d4818ebeac2922f,BLUR,0.0
0x1b1d704cfd260f0eeca05d495d4818ebeac2922f,BNB,0.0
0x1b1d704cfd260f0eeca05d495d4818ebeac2922f,BONK,0.0
0x1b1d704cfd260f0eeca05d495d4818ebeac2922f,BTC,0.0
0x1b1d704cfd260f0eeca05d495d4818ebeac2922f,C98,0.0
0x1b1d704cfd260f0eeca05d495d4818ebeac2922f,CAKE,1.0
0x1b1d704cfd260f0eeca05d495d4818ebeac2922f,COMP,0.0
0x1b1d704cfd260f0eeca05d495d4818ebeac2922f,CRV,0.0
0x1b1d704cfd260f0eeca05d495d4818ebeac2922f,CVX,0.0
0x1b1d704cfd260f0eeca05d495d4818ebeac2922f,DAI,0.0
0x1b1d704cfd260f0eeca05d495d4818ebeac2922f,DAO,0.0
0x1b1d704cfd260f0eeca05d495d4818ebeac2922f,DOGE,0.0
0x1b1d704cfd260f0eeca05d495d4818ebeac2922f,DOT,0.0
0x1b1d704cfd260f0eeca05d495d4818ebeac2922f,DYDX,0.0
0x1b1d704cfd260f0eeca05d495d4818ebeac2922f,EOS,0.0
0x1b1d704cfd260f0eeca05d495d4818ebeac2922f,ETC,0.0
0x1b1d704cfd260f0eeca05d495d4818ebeac2922f,ETH,0.0
0x1b1d704cfd260f0eeca05d495d4818ebeac2922f,FET,0.0
0x1b1d704cfd260f0eeca05d495d4818ebeac2922f,FIL,0.0
0x1b1d704cfd260f0eeca05d495d4818ebeac2922f,FRAX,0.0
0x1b1d704cfd260f0eeca05d495d4818ebeac2922f,FTM,-0.0
0x1b1d704cfd260f0eeca05d495d4818ebeac2922f,FXS,0.0
0x1b1d704cfd260f0eeca05d495d4818ebeac2922f,GRT,0.0
0x1b1d704cfd260f0eeca05d495d4818ebeac2922f,HAI,0.0
0x1b1d704cfd260f0eeca05d495d4818ebeac2922f,HERO,0.0
0x1b1d704cfd260f0eeca05d495d4818ebeac2922f,ICP,0.0
0x1b1d704cfd260f0eeca05d495d4818ebeac2922f,IMX,0.0
0x1b1d704cfd260f0eeca05d495d4818ebeac2922f,INJ,0.0
0x1b1d704cfd260f0eeca05d495d4818ebeac2922f,LDO,0.0
0x1b1d704cfd260f0eeca05d495d4818ebeac2922f,LINK,0.0
0x1b1d704cfd260f0eeca05d495d4818ebeac2922f,LTC,-0.0
0x1b1d704cfd260f0eeca05d495d4818ebeac2922f,MATIC,-0.0
0x1b1d704cfd260f0eeca05d495d4818ebeac2922f,MAV,0.0
0x1b1d704cfd260f0eeca05d495d4818ebeac2922f,MBOX,0.0
0x1b1d704cfd260f0eeca05d495d4818ebeac2922f,MKR,0.0
0x1b1d704cfd260f0eeca05d495d4818ebeac2922f,MOON,0.0
0x1b1d704cfd260f0eeca05d495d4818ebeac2922f,NEAR,0.0
0x1b1d704cfd260f0eeca05d495d4818ebeac2922f,OP,0.0
0x1b1d704cfd260f0eeca05d495d4818ebeac2922f,PENDLE,0.0
0x1b1d704cfd260f0eeca05d495d4818ebeac2922f,PEPE,0.0
0x1b1d704cfd260f0eeca05d495d4818ebeac2922f,PERP,0.0
0x1b1d704cfd260f0eeca05d495d4818ebeac2922f,PIT,0.0
0x1b1d704cfd260f0eeca05d495d4818ebeac2922f,POLS,0.0
0x1b1d704cfd260f0eeca05d495d4818ebeac2922f,PYTH,0.0
0x1b1d704cfd260f0eeca05d495d4818ebeac2922f,QUACK,0.0
0x1b1d704cfd260f0eeca05d495d4818ebeac2922f,RDNT,0.0
0x1b1d704cfd260f0eeca05d495d4818ebeac2922f,RNDR,0.0
0x1b1d704cfd260f0eeca05d495d4818ebeac2922f,RPL,-0.0
0x1b1d704cfd260f0eeca05d495d4818ebeac2922f,RUNE,0.0
0x1b1d704cfd260f0eeca05d495d4818ebeac2922f,SFP,-0.0
0x1b1d704cfd260f0eeca05d495d4818ebeac2922f,SFUND,0.0
0x1b1d704cfd260f0eeca05d495d4818ebeac2922f,SHIB,0.0
0x1b1d704cfd260f0eeca05d495d4818ebeac2922f,SOL,-0.0
0x1b1d704cfd260f0eeca05d495d4818ebeac2922f,STG,-0.0
0x1b1d704cfd260f0eeca05d495d4818ebeac2922f,SUI,0.0
0x1b1d704cfd260f0eeca05d495d4818ebeac2922f,SUSHI,0.0
0x1b1d704cfd260f0eeca05d495d4818ebeac2922f,TIA,0.0
0x1b1d704cfd260f0eeca05d495d4818ebeac2922f,TOKEN,0.0
0x1b1d704cfd260f0eeca05d495d4818ebeac2922f,TRX,0.0
0x1b1d704cfd260f0eeca05d495d4818ebeac2922f,UNI,-0.0
0x1b1d704cfd260f0eeca05d495d4818ebeac2922f,USDT,0.0
0x1b1d704cfd260f0eeca05d495d4818ebeac2922f,XLM,0.0
0x1b1d704cfd260f0eeca05d495d4818ebeac2922f,XMR,0.0
0x1b1d704cfd260f0eeca05d495d4818ebeac2922f,XRP,0.0
0x1b1d704cfd260f0eeca05d495d4818ebeac2922f,XTZ,0.0
0x1b1d704cfd260f0eeca05d495d4818ebeac2922f,XVS,0.0
0x1b1d704cfd260f0eeca05d495d4818ebeac2922f,YFI,0.0
0x1be48b2b7594fe7e47701bc7e7bb83beaf84ecc0,AAVE,-0.0108715175855039
0x1be48b2b7594fe7e47701bc7e7bb83beaf84ecc0,ADA,-0.0102039798194324
0x1be48b2b7594fe7e47701bc7e7bb83beaf84ecc0,ALGO,-0.0101358471157296
0x1be48b2b7594fe7e47701bc7e7bb83beaf84ecc0,APE,-0.0102039798194324
0x1be48b2b7594fe7e47701bc7e7bb83beaf84ecc0,APT,-0.0102039798194324
0x1be48b2b7594fe7e47701bc7e7bb83beaf84ecc0,ATOM,-0.0108715175855039
0x1be48b2b7594fe7e47701bc7e7bb83beaf84ecc0,AVAX,-0.0102039798194324
0x1be48b2b7594fe7e47701bc7e7bb83beaf84ecc0,AXS,-0.0108715175855039
0x1be48b2b7594fe7e47701bc7e7bb83beaf84ecc0,BAL,-0.0108715175855039
0x1be48b2b7594fe7e47701bc7e7bb83beaf84ecc0,BCH,-0.0099902207857206
0x1be48b2b7594fe7e47701bc7e7bb83beaf84ecc0,BLUR,-0.0108715175855039
0x1be48b2b7594fe7e47701bc7e7bb83beaf84ecc0,BNB,-0.0102039798194324
0x1be48b2b7594fe7e47701bc7e7bb83beaf84ecc0,BONK,-0.0108715175855039
0x1be48b2b7594fe7e47701bc7e7bb83beaf84ecc0,BTC,-0.0102039798194324
0x1be48b2b7594fe7e47701bc7e7bb83beaf84ecc0,C98,-0.0108715175855039
0x1be48b2b7594fe7e47701bc7e7bb83beaf84ecc0,CAKE,-0.0099902207857206
0x1be48b2b7594fe7e47701bc7e7bb83beaf84ecc0,COMP,-0.0108715175855039
0x1be48b2b7594fe7e47701bc7e7bb83beaf84ecc0,CRV,-0.0102039798194324
0x1be48b2b7594fe7e47701bc7e7bb83beaf84ecc0,CVX,-0.0108715175855039
0x1be48b2b7594fe7e47701bc7e7bb83beaf84ecc0,DAI,-0.0108715175855039
0x1be48b2b7594fe7e47701bc7e7bb83beaf84ecc0,DAO,-0.0099902207857206
0x1be48b2b7594fe7e47701bc7e7bb83beaf84ecc0,DOGE,-0.0101358471157296
0x1be48b2b7594fe7e47701bc7e7bb83beaf84ecc0,DOT,-0.0102039798194324
0x1be48b2b7594fe7e47701bc7e7bb83beaf84ecc0,DYDX,-0.0108715175855039
0x1be48b2b7594fe7e47701bc7e7bb83beaf84ecc0,EOS,-0.0108715175855039
0x1be48b2b7594fe7e47701bc7e7bb83beaf84ecc0,ETC,-0.0099902207857206
0x1be48b2b7594fe7e47701bc7e7bb83beaf84ecc0,ETH,-0.0101358471157296
0x1be48b2b7594fe7e47701bc7e7bb83beaf84ecc0,FET,-0.0108715175855039
0x1be48b2b7594fe7e47701bc7e7bb83beaf84ecc0,FIL,-0.0108715175855039
0x1be48b2b7594fe7e47701bc7e7bb83beaf84ecc0,FRAX,-0.0102039798194324
0x1be48b2b7594fe7e47701bc7e7bb83beaf84ecc0,FTM,-0.0108715175855039
0x1be48b2b7594fe7e47701bc7e7bb83beaf84ecc0,FXS,-0.0108471509348361
0x1be48b2b7594fe7e47701bc7e7bb83beaf84ecc0,GRT,-0.0108715175855039
0x1be48b2b7594fe7e47701bc7e7bb83beaf84ecc0,HAI,-0.0108715175855039
0x1be48b2b7594fe7e47701bc7e7bb83beaf84ecc0,HERO,-0.0108715175855039
0x1be48b2b7594fe7e47701bc7e7bb83beaf84ecc0,ICP,-0.0108715175855039
0x1be48b2b7594fe7e47701bc7e7bb83beaf84ecc0,IMX,-0.0108715175855039
0x1be48b2b7594fe7e47701bc7e7bb83beaf84ecc0,INJ,-0.0099902207857206
0x1be48b2b7594fe7e47701bc7e7bb83beaf84ecc0,LDO,-0.0108715175855039
0x1be48b2b7594fe7e47701bc7e7bb83beaf84ecc0,LINK,-0.0101358471157296
0x1be48b2b7594fe7e47701bc7e7bb83beaf84ecc0,LTC,-0.0102039798194324
0x1be48b2b7594fe7e47701bc7e7bb83beaf84ecc0,MATIC,-0.0108715175855039
0x1be48b2b7594fe7e47701bc7e7bb83beaf84ecc0,MAV,-0.0108715175855039
0x1be48b2b7594fe7e47701bc7e7bb83beaf84ecc0,MBOX,-0.0108715175855039
0x1be48b2b7594fe7e47701bc7e7bb83beaf84ecc0,MKR,-0.0108715175855039
0x1be48b2b7594fe7e47701bc7e7bb83beaf84ecc0,MOON,-0.0101358471157296
0x1be48b2b7594fe7e47701bc7e7bb83beaf84ecc0,NEAR,-0.0108715175855039
0x1be48b2b7594fe7e47701bc7e7bb83beaf84ecc0,OP,-0.0102039798194324
0x1be48b2b7594fe7e47701bc7e7bb83beaf84ecc0,PENDLE,-0.0108715175855039
0x1be48b2b7594fe7e47701bc7e7bb83beaf84ecc0,PEPE,-0.0108715175855039
0x1be48b2b7594fe7e47701bc7e7bb83beaf84ecc0,PERP,-0.0108715175855039
0x1be48b2b7594fe7e47701bc7e7bb83beaf84ecc0,PIT,-0.0108715175855039
0x1be48b2b7594fe7e47701bc7e7bb83beaf84ecc0,POLS,-0.0108715175855039
0x1be48b2b7594fe7e47701bc7e7bb83beaf84ecc0,PYTH,-0.0108715175855039
0x1be48b2b7594fe7e47701bc7e7bb83beaf84ecc0,QUACK,-0.0108715175855039
0x1be48b2b7594fe7e47701bc7e7bb83beaf84ecc0,RDNT,-0.0108715175855039
0x1be48b2b7594fe7e47701bc7e7bb83beaf84ecc0,RNDR,-0.0108715175855039
0x1be48b2b7594fe7e47701bc7e7bb83beaf84ecc0,RPL,-0.0108715175855039
0x1be48b2b7594fe7e47701bc7e7bb83beaf84ecc0,RUNE,-0.0108715175855039
0x1be48b2b7594fe7e47701bc7e7bb83beaf84ecc0,SFP,-0.0108715175855039
0x1be48b2b7594fe7e47701bc7e7bb83beaf84ecc0,SFUND,-0.0108715175855039
0x1be48b2b7594fe7e47701bc7e7bb83beaf84ecc0,SHIB,-0.0102039798194324
0x1be48b2b7594fe7e47701bc7e7bb83beaf84ecc0,SOL,-0.0099902207857206
0x1be48b2b7594fe7e47701bc7e7bb83beaf84ecc0,STG,-0.0108715175855039
0x1be48b2b7594fe7e47701bc7e7bb83beaf84ecc0,SUI,-0.0102039798194324
0x1be48b2b7594fe7e47701bc7e7bb83beaf84ecc0,SUSHI,-0.0108715175855039
0x1be48b2b7594fe7e47701bc7e7bb83beaf84ecc0,TIA,-0.0108715175855039
0x1be48b2b7594fe7e47701bc7e7bb83beaf84ecc0,TOKEN,-0.0108715175855039
0x1be48b2b7594fe7e47701bc7e7bb83beaf84ecc0,TRX,-0.0099902207857206
0x1be48b2b7594fe7e47701bc7e7bb83beaf84ecc0,UNI,-0.0101358471157296
0x1be48b2b7594fe7e47701bc7e7bb83beaf84ecc0,USDT,-0.0102039798194324
0x1be48b2b7594fe7e47701bc7e7bb83beaf84ecc0,XLM,-0.0099902207857206
0x1be48b2b7594fe7e47701bc7e7bb83beaf84ecc0,XMR,-0.0108715175855039
0x1be48b2b7594fe7e47701bc7e7bb83beaf84ecc0,XRP,-0.0102039798194324
0x1be48b2b7594fe7e47701bc7e7bb83beaf84ecc0,XTZ,-0.0108715175855039
0x1be48b2b7594fe7e47701bc7e7bb83beaf84ecc0,XVS,-0.0108715175855039
0x1be48b2b7594fe7e47701bc7e7bb83beaf84ecc0,YFI,-0.0108715175855039
0x1bfb6731ff80e75bf84bfe40a108723c5eb23d4f,AAVE,-0.056839425
0x1bfb6731ff80e75bf84bfe40a108723c5eb23d4f,ADA,0.0015172556
0x1bfb6731ff80e75bf84bfe40a108723c5eb23d4f,ALGO,-0.00023697423
0x1bfb6731ff80e75bf84bfe40a108723c5eb23d4f,APE,-0.043129783
0x1bfb6731ff80e75bf84bfe40a108723c5eb23d4f,APT,-0.02868971
0x1bfb6731ff80e75bf84bfe40a108723c5eb23d4f,ATOM,-0.05563239
0x1bfb6731ff80e75bf84bfe40a108723c5eb23d4f,AVAX,0.03130393
0x1bfb6731ff80e75bf84bfe40a108723c5eb23d4f,AXS,-0.04189868
0x1bfb6731ff80e75bf84bfe40a108723c5eb23d4f,BAL,-0.057386216
0x1bfb6731ff80e75bf84bfe40a108723c5eb23d4f,BCH,-0.003718498
0x1bfb6731ff80e75bf84bfe40a108723c5eb23d4f,BLUR,-0.0292616
0x1bfb6731ff80e75bf84bfe40a108723c5eb23d4f,BNB,-0.054950714
0x1bfb6731ff80e75bf84bfe40a108723c5eb23d4f,BONK,-0.06287531
0x1bfb6731ff80e75bf84bfe40a108723c5eb23d4f,BTC,0.016281012
0x1bfb6731ff80e75bf84bfe40a108723c5eb23d4f,C98,-0.05683439
0x1bfb6731ff80e75bf84bfe40a108723c5eb23d4f,CAKE,-0.04660286
0x1bfb6731ff80e75bf84bfe40a108723c5eb23d4f,COMP,-0.04098676
0x1bfb6731ff80e75bf84bfe40a108723c5eb23d4f,CRV,0.00009003223
0x1bfb6731ff80e75bf84bfe40a108723c5eb23d4f,CVX,-0.04885305
0x1bfb6731ff80e75bf84bfe40a108723c5eb23d4f,DAI,-0.03184372
0x1bfb6731ff80e75bf84bfe40a108723c5eb23d4f,DAO,-0.002832816
0x1bfb6731ff80e75bf84bfe40a108723c5eb23d4f,DOGE,0.0124197025
0x1bfb6731ff80e75bf84bfe40a108723c5eb23d4f,DOT,-0.00015784003
0x1bfb6731ff80e75bf84bfe40a108723c5eb23d4f,DYDX,-0.030274104
0x1bfb6731ff80e75bf84bfe40a108723c5eb23d4f,EOS,-0.03211559
0x1bfb6731ff80e75bf84bfe40a108723c5eb23d4f,ETC,-0.013513138
0x1bfb6731ff80e75bf84bfe40a108723c5eb23d4f,ETH,0.0037067642
0x1bfb6731ff80e75bf84bfe40a108723c5eb23d4f,FET,-0.038136717
0x1bfb6731ff80e75bf84bfe40a108723c5eb23d4f,FIL,-0.03365023
0x1bfb6731ff80e75bf84bfe40a108723c5eb23d4f,FRAX,-0.01994636
0x1bfb6731ff80e75bf84bfe40a108723c5eb23d4f,FTM,-0.04586933
0x1bfb6731ff80e75bf84bfe40a108723c5eb23d4f,FXS,-0.060255583
0x1bfb6731ff80e75bf84bfe40a108723c5eb23d4f,GRT,-0.049310736
0x1bfb6731ff80e75bf84bfe40a108723c5eb23d4f,HAI,-0.03584529
0x1bfb6731ff80e75bf84bfe40a108723c5eb23d4f,HERO,-0.042087216
0x1bfb6731ff80e75bf84bfe40a108723c5eb23d4f,ICP,-0.013732666
0x1bfb6731ff80e75bf84bfe40a108723c5eb23d4f,IMX,-0.041176323
0x1bfb6731ff80e75bf84bfe40a108723c5eb23d4f,INJ,-0.00013291597
0x1bfb6731ff80e75bf84bfe40a108723c5eb23d4f,LDO,-0.057416383
0x1bfb6731ff80e75bf84bfe40a108723c5eb23d4f,LINK,0.043557897
0x1bfb6731ff80e75bf84bfe40a108723c5eb23d4f,LTC,0.0049175564
0x1bfb6731ff80e75bf84bfe40a108723c5eb23d4f,MATIC,-0.039326504
0x1bfb6731ff80e75bf84bfe40a108723c5eb23d4f,MAV,-0.04266402
0x1bfb6731ff80e75bf84bfe40a108723c5eb23d4f,MBOX,-0.05121292
0x1bfb6731ff80e75bf84bfe40a108723c5eb23d4f,MKR,-0.040928453
0x1bfb6731ff80e75bf84bfe40a108723c5eb23d4f,MOON,-0.050458986
0x1bfb6731ff80e75bf84bfe40a108723c5eb23d4f,NEAR,-0.052041616
0x1bfb6731ff80e75bf84bfe40a108723c5eb23d4f,OP,-0.0077518984
0x1bfb6731ff80e75bf84bfe40a108723c5eb23d4f,PENDLE,-0.053378362
0x1bfb6731ff80e75bf84bfe40a108723c5eb23d4f,PEPE,-0.055329572
0x1bfb6731ff80e75bf84bfe40a108723c5eb23d4f,PERP,-0.038590424
0x1bfb6731ff80e75bf84bfe40a108723c5eb23d4f,PIT,-0.048032235
0x1bfb6731ff80e75bf84bfe40a108723c5eb23d4f,POLS,-0.047776453
0x1bfb6731ff80e75bf84bfe40a108723c5eb23d4f,PYTH,-0.029045464
0x1bfb6731ff80e75bf84bfe40a108723c5eb23d4f,QUACK,-0.048248798
0x1bfb6731ff80e75bf84bfe40a108723c5eb23d4f,RDNT,-0.048731178
0x1bfb6731ff80e75bf84bfe40a108723c5eb23d4f,RNDR,-0.026225941
0x1bfb6731ff80e75bf84bfe40a108723c5eb23d4f,RPL,-0.049392488
0x1bfb6731ff80e75bf84bfe40a108723c5eb23d4f,RUNE,-0.046061423
0x1bfb6731ff80e75bf84bfe40a108723c5eb23d4f,SFP,-0.034452118
0x1bfb6731ff80e75bf84bfe40a108723c5eb23d4f,SFUND,-0.046562716
0x1bfb6731ff80e75bf84bfe40a108723c5eb23d4f,SHIB,-0.030720277
0x1bfb6731ff80e75bf84bfe40a108723c5eb23d4f,SOL,-0.003918995
0x1bfb6731ff80e75bf84bfe40a108723c5eb23d4f,STG,-0.048397135
0x1bfb6731ff80e75bf84bfe40a108723c5eb23d4f,SUI,-0.008941243
0x1bfb6731ff80e75bf84bfe40a108723c5eb23d4f,SUSHI,-0.05006029
0x1bfb6731ff80e75bf84bfe40a108723c5eb23d4f,TIA,-0.081975594
0x1bfb6731ff80e75bf84bfe40a108723c5eb23d4f,TOKEN,-0.050722554
0x1bfb6731ff80e75bf84bfe40a108723c5eb23d4f,TRX,-0.0486964
0x1bfb6731ff80e75bf84bfe40a108723c5eb23d4f,UNI,0.008291495
0x1bfb6731ff80e75bf84bfe40a108723c5eb23d4f,USDT,0.02845979
0x1bfb6731ff80e75bf84bfe40a108723c5eb23d4f,XLM,-0.0356248
0x1bfb6731ff80e75bf84bfe40a108723c5eb23d4f,XMR,-0.04802093
0x1bfb6731ff80e75bf84bfe40a108723c5eb23d4f,XRP,-0.0276033
0x1bfb6731ff80e75bf84bfe40a108723c5eb23d4f,XTZ,-0.013023663
0x1bfb6731ff80e75bf84bfe40a108723c5eb23d4f,XVS,-0.056392055
0x1bfb6731ff80e75bf84bfe40a108723c5eb23d4f,YFI,-0.04237375
0x1ddbf0ae77f367e99e38398d9694d8ea86d003f3,AAVE,18.766993869947665
0x1ddbf0ae77f367e99e38398d9694d8ea86d003f3,ADA,32.97213124949522
0x1ddbf0ae77f367e99e38398d9694d8ea86d003f3,ALGO,18.7736705942122
0x1ddbf0ae77f367e99e38398d9694d8ea86d003f3,APE,-100.06735020912836
0x1ddbf0ae77f367e99e38398d9694d8ea86d003f3,APT,18.766993869947665
0x1ddbf0ae77f367e99e38398d9694d8ea86d003f3,ATOM,18.766993869947665
0x1ddbf0ae77f367e99e38398d9694d8ea86d003f3,AVAX,18.781041926867683
0x1ddbf0ae77f367e99e38398d9694d8ea86d003f3,AXS,18.766993869947665
0x1ddbf0ae77f367e99e38398d9694d8ea86d003f3,BAL,18.766993869947665
0x1ddbf0ae77f367e99e38398d9694d8ea86d003f3,BCH,18.77371331085055
0x1ddbf0ae77f367e99e38398d9694d8ea86d003f3,BLUR,18.766993869947665
0x1ddbf0ae77f367e99e38398d9694d8ea86d003f3,BNB,18.776747712407083
0x1ddbf0ae77f367e99e38398d9694d8ea86d003f3,BONK,18.766993869947665
0x1ddbf0ae77f367e99e38398d9694d8ea86d003f3,BTC,-198.873618442984
0x1ddbf0ae77f367e99e38398d9694d8ea86d003f3,C98,18.766993869947665
0x1ddbf0ae77f367e99e38398d9694d8ea86d003f3,CAKE,18.77600445917238
0x1ddbf0ae77f367e99e38398d9694d8ea86d003f3,COMP,18.766993869947665
0x1ddbf0ae77f367e99e38398d9694d8ea86d003f3,CRV,18.776747712407083
0x1ddbf0ae77f367e99e38398d9694d8ea86d003f3,CVX,18.766993869947665
0x1ddbf0ae77f367e99e38398d9694d8ea86d003f3,DAI,18.762765620044288
0x1ddbf0ae77f367e99e38398d9694d8ea86d003f3,DAO,18.78120311090469
0x1ddbf0ae77f367e99e38398d9694d8ea86d003f3,DOGE,18.77576742440929
0x1ddbf0ae77f367e99e38398d9694d8ea86d003f3,DOT,18.78120311090469
0x1ddbf0ae77f367e99e38398d9694d8ea86d003f3,DYDX,18.766993869947665
0x1ddbf0ae77f367e99e38398d9694d8ea86d003f3,EOS,18.766993869947665
0x1ddbf0ae77f367e99e38398d9694d8ea86d003f3,ETC,18.780510682316827
0x1ddbf0ae77f367e99e38398d9694d8ea86d003f3,ETH,-518.9282282025097
0x1ddbf0ae77f367e99e38398d9694d8ea86d003f3,FET,18.766993869947665
0x1ddbf0ae77f367e99e38398d9694d8ea86d003f3,FIL,18.766993869947665
0x1ddbf0ae77f367e99e38398d9694d8ea86d003f3,FRAX,18.781041926867683
0x1ddbf0ae77f367e99e38398d9694d8ea86d003f3,FTM,18.766993869947665
0x1ddbf0ae77f367e99e38398d9694d8ea86d003f3,FXS,18.766993869947665
0x1ddbf0ae77f367e99e38398d9694d8ea86d003f3,GRT,18.77095856458437
0x1ddbf0ae77f367e99e38398d9694d8ea86d003f3,HAI,18.776747712407083
0x1ddbf0ae77f367e99e38398d9694d8ea86d003f3,HERO,18.766993869947665
0x1ddbf0ae77f367e99e38398d9694d8ea86d003f3,ICP,18.766993869947665
0x1ddbf0ae77f367e99e38398d9694d8ea86d003f3,IMX,18.766993869947665
0x1ddbf0ae77f367e99e38398d9694d8ea86d003f3,INJ,18.781041926867683
0x1ddbf0ae77f367e99e38398d9694d8ea86d003f3,LDO,18.766993869947665
0x1ddbf0ae77f367e99e38398d9694d8ea86d003f3,LINK,18.78120311090469
0x1ddbf0ae77f367e99e38398d9694d8ea86d003f3,LTC,18.776747712407083
0x1ddbf0ae77f367e99e38398d9694d8ea86d003f3,MATIC,18.766993869947665
0x1ddbf0ae77f367e99e38398d9694d8ea86d003f3,MAV,18.766993869947665
0x1ddbf0ae77f367e99e38398d9694d8ea86d003f3,MBOX,18.766993869947665
0x1ddbf0ae77f367e99e38398d9694d8ea86d003f3,MKR,18.766993869947665
0x1ddbf0ae77f367e99e38398d9694d8ea86d003f3,MOON,18.78120311090469
0x1ddbf0ae77f367e99e38398d9694d8ea86d003f3,NEAR,18.766993869947665
0x1ddbf0ae77f367e99e38398d9694d8ea86d003f3,OP,18.779916461015585
0x1ddbf0ae77f367e99e38398d9694d8ea86d003f3,PENDLE,18.766993869947665
0x1ddbf0ae77f367e99e38398d9694d8ea86d003f3,PEPE,15434.643550346782
0x1ddbf0ae77f367e99e38398d9694d8ea86d003f3,PERP,18.766993869947665
0x1ddbf0ae77f367e99e38398d9694d8ea86d003f3,PIT,18.766993869947665
0x1ddbf0ae77f367e99e38398d9694d8ea86d003f3,POLS,18.766993869947665
0x1ddbf0ae77f367e99e38398d9694d8ea86d003f3,PYTH,18.766993869947665
0x1ddbf0ae77f367e99e38398d9694d8ea86d003f3,QUACK,18.766993869947665
0x1ddbf0ae77f367e99e38398d9694d8ea86d003f3,RDNT,18.766993869947665
0x1ddbf0ae77f367e99e38398d9694d8ea86d003f3,RNDR,18.766993869947665
0x1ddbf0ae77f367e99e38398d9694d8ea86d003f3,RPL,18.766993869947665
0x1ddbf0ae77f367e99e38398d9694d8ea86d003f3,RUNE,18.766993869947665
0x1ddbf0ae77f367e99e38398d9694d8ea86d003f3,SFP,18.766993869947665
0x1ddbf0ae77f367e99e38398d9694d8ea86d003f3,SFUND,18.766993869947665
0x1ddbf0ae77f367e99e38398d9694d8ea86d003f3,SHIB,18.77653570372324
0x1ddbf0ae77f367e99e38398d9694d8ea86d003f3,SOL,-76.6814597351128
0x1ddbf0ae77f367e99e38398d9694d8ea86d003f3,STG,18.766993869947665
0x1ddbf0ae77f367e99e38398d9694d8ea86d003f3,SUI,18.780885654155977
0x1ddbf0ae77f367e99e38398d9694d8ea86d003f3,SUSHI,18.766993869947665
0x1ddbf0ae77f367e99e38398d9694d8ea86d003f3,TIA,18.766993869947665
0x1ddbf0ae77f367e99e38398d9694d8ea86d003f3,TOKEN,18.766993869947665
0x1ddbf0ae77f367e99e38398d9694d8ea86d003f3,TRX,18.780073294528247
0x1ddbf0ae77f367e99e38398d9694d8ea86d003f3,UNI,18.776945910528536
0x1ddbf0ae77f367e99e38398d9694d8ea86d003f3,USDT,-37.45978676635357
0x1ddbf0ae77f367e99e38398d9694d8ea86d003f3,XLM,18.77424455540141
0x1ddbf0ae77f367e99e38398d9694d8ea86d003f3,XMR,18.77424455540141
0x1ddbf0ae77f367e99e38398d9694d8ea86d003f3,XRP,-351.9574978106677
0x1ddbf0ae77f367e99e38398d9694d8ea86d003f3,XTZ,18.7736705942122
0x1ddbf0ae77f367e99e38398d9694d8ea86d003f3,XVS,18.766993869947665
0x1ddbf0ae77f367e99e38398d9694d8ea86d003f3,YFI,18.766993869947665
0x1e2e7903fb871f38362a8760871d1648eaa12536,AAVE,0.0
0x1e2e7903fb871f38362a8760871d1648eaa12536,ADA,0.0
0x1e2e7903fb871f38362a8760871d1648eaa12536,ALGO,0.0
0x1e2e7903fb871f38362a8760871d1648eaa12536,APE,0.0
0x1e2e7903fb871f38362a8760871d1648eaa12536,APT,0.0
0x1e2e7903fb871f38362a8760871d1648eaa12536,ATOM,0.0
0x1e2e7903fb871f38362a8760871d1648eaa12536,AVAX,-0.05
0x1e2e7903fb871f38362a8760871d1648eaa12536,AXS,0.0
0x1e2e7903fb871f38362a8760871d1648eaa12536,BAL,0.0
0x1e2e7903fb871f38362a8760871d1648eaa12536,BCH,0.0
0x1e2e7903fb871f38362a8760871d1648eaa12536,BLUR,-0.05
0x1e2e7903fb871f38362a8760871d1648eaa12536,BNB,0.05
0x1e2e7903fb871f38362a8760871d1648eaa12536,BONK,0.0
0x1e2e7903fb871f38362a8760871d1648eaa12536,BTC,0.05
0x1e2e7903fb871f38362a8760871d1648eaa12536,C98,-0.05
0x1e2e7903fb871f38362a8760871d1648eaa12536,CAKE,-0.05
0x1e2e7903fb871f38362a8760871d1648eaa12536,COMP,0.05
0x1e2e7903fb871f38362a8760871d1648eaa12536,CRV,0.0
0x1e2e7903fb871f38362a8760871d1648eaa12536,CVX,0.0
0x1e2e7903fb871f38362a8760871d1648eaa12536,DAI,0.0
0x1e2e7903fb871f38362a8760871d1648eaa12536,DAO,0.0
0x1e2e7903fb871f38362a8760871d1648eaa12536,DOGE,0.05
0x1e2e7903fb871f38362a8760871d1648eaa12536,DOT,0.0
0x1e2e7903fb871f38362a8760871d1648eaa12536,DYDX,-0.05
0x1e2e7903fb871f38362a8760871d1648eaa12536,EOS,0.0
0x1e2e7903fb871f38362a8760871d1648eaa12536,ETC,-0.05
0x1e2e7903fb871f38362a8760871d1648eaa12536,ETH,0.05
0x1e2e7903fb871f38362a8760871d1648eaa12536,FET,0.0
0x1e2e7903fb871f38362a8760871d1648eaa12536,FIL,0.0
0x1e2e7903fb871f38362a8760871d1648eaa12536,FRAX,0.0
0x1e2e7903fb871f38362a8760871d1648eaa12536,FTM,0.0
0x1e2e7903fb871f38362a8760871d1648eaa12536,FXS,-0.05
0x1e2e7903fb871f38362a8760871d1648eaa12536,GRT,0.0
0x1e2e7903fb871f38362a8760871d1648eaa12536,HAI,0.0
0x1e2e7903fb871f38362a8760871d1648eaa12536,HERO,0.0
0x1e2e7903fb871f38362a8760871d1648eaa12536,ICP,0.0
0x1e2e7903fb871f38362a8760871d1648eaa12536,IMX,0.0
0x1e2e7903fb871f38362a8760871d1648eaa12536,INJ,0.0
0x1e2e7903fb871f38362a8760871d1648eaa12536,LDO,0.0
0x1e2e7903fb871f38362a8760871d1648eaa12536,LINK,0.05
0x1e2e7903fb871f38362a8760871d1648eaa12536,LTC,0.05
0x1e2e7903fb871f38362a8760871d1648eaa12536,MATIC,0.0
0x1e2e7903fb871f38362a8760871d1648eaa12536,MAV,-0.05
0x1e2e7903fb871f38362a8760871d1648eaa12536,MBOX,0.0
0x1e2e7903fb871f38362a8760871d1648eaa12536,MKR,-0.05
0x1e2e7903fb871f38362a8760871d1648eaa12536,MOON,0.0
0x1e2e7903fb871f38362a8760871d1648eaa12536,NEAR,0.0
0x1e2e7903fb871f38362a8760871d1648eaa12536,OP,0.0
0x1e2e7903fb871f38362a8760871d1648eaa12536,PENDLE,0.05
0x1e2e7903fb871f38362a8760871d1648eaa12536,PEPE,0.0
0x1e2e7903fb871f38362a8760871d1648eaa12536,PERP,0.0
0x1e2e7903fb871f38362a8760871d1648eaa12536,PIT,0.0
0x1e2e7903fb871f38362a8760871d1648eaa12536,POLS,0.0
0x1e2e7903fb871f38362a8760871d1648eaa12536,PYTH,0.0
0x1e2e7903fb871f38362a8760871d1648eaa12536,QUACK,0.0
0x1e2e7903fb871f38362a8760871d1648eaa12536,RDNT,0.0
0x1e2e7903fb871f38362a8760871d1648eaa12536,RNDR,0.0
0x1e2e7903fb871f38362a8760871d1648eaa12536,RPL,0.0
0x1e2e7903fb871f38362a8760871d1648eaa12536,RUNE,0.0
0x1e2e7903fb871f38362a8760871d1648eaa12536,SFP,-0.05
0x1e2e7903fb871f38362a8760871d1648eaa12536,SFUND,0.0
0x1e2e7903fb871f38362a8760871d1648eaa12536,SHIB,0.05
0x1e2e7903fb871f38362a8760871d1648eaa12536,SOL,0.0
0x1e2e7903fb871f38362a8760871d1648eaa12536,STG,0.0
0x1e2e7903fb871f38362a8760871d1648eaa12536,SUI,0.0
0x1e2e7903fb871f38362a8760871d1648eaa12536,SUSHI,0.0
0x1e2e7903fb871f38362a8760871d1648eaa12536,TIA,0.0
0x1e2e7903fb871f38362a8760871d1648eaa12536,TOKEN,0.0
0x1e2e7903fb871f38362a8760871d1648eaa12536,TRX,0.0
0x1e2e7903fb871f38362a8760871d1648eaa12536,UNI,0.05
0x1e2e7903fb871f38362a8760871d1648eaa12536,USDT,0.0
0x1e2e7903fb871f38362a8760871d1648eaa12536,XLM,0.0
0x1e2e7903fb871f38362a8760871d1648eaa12536,XMR,0.0
0x1e2e7903fb871f38362a8760871d1648eaa12536,XRP,0.0
0x1e2e7903fb871f38362a8760871d1648eaa12536,XTZ,0.0
0x1e2e7903fb871f38362a8760871d1648eaa12536,XVS,0.0
0x1e2e7903fb871f38362a8760871d1648eaa12536,YFI,0.0
0x2b23c36232eac432433a919aedd9a169031661c2,AAVE,-0.055538826
0x2b23c36232eac432433a919aedd9a169031661c2,ADA,0.016041359
0x2b23c36232eac432433a919aedd9a169031661c2,ALGO,0.032059092
0x2b23c36232eac432433a919aedd9a169031661c2,APE,-0.01101469
0x2b23c36232eac432433a919aedd9a169031661c2,APT,-0.01319466
0x2b23c36232eac432433a919aedd9a169031661c2,ATOM,-0.0554127
0x2b23c36232eac432433a919aedd9a169031661c2,AVAX,0.04997012
0x2b23c36232eac432433a919aedd9a169031661c2,AXS,-0.048029196
0x2b23c36232eac432433a919aedd9a169031661c2,BAL,-0.044535957
0x2b23c36232eac432433a919aedd9a169031661c2,BCH,-0.005220823
0x2b23c36232eac432433a919aedd9a169031661c2,BLUR,-0.04197041
0x2b23c36232eac432433a919aedd9a169031661c2,BNB,-0.0235014
0x2b23c36232eac432433a919aedd9a169031661c2,BONK,-0.021600332
0x2b23c36232eac432433a919aedd9a169031661c2,BTC,0.0054795295
0x2b23c36232eac432433a919aedd9a169031661c2,C98,-0.049866963
0x2b23c36232eac432433a919aedd9a169031661c2,CAKE,-0.06551972
0x2b23c36232eac432433a919aedd9a169031661c2,COMP,-0.041722536
0x2b23c36232eac432433a919aedd9a169031661c2,CRV,0.021246526
0x2b23c36232eac432433a919aedd9a169031661c2,CVX,-0.053579304
0x2b23c36232eac432433a919aedd9a169031661c2,DAI,-0.02846304
0x2b23c36232eac432433a919aedd9a169031661c2,DAO,0.033661462
0x2b23c36232eac432433a919aedd9a169031661c2,DOGE,0.014613132
0x2b23c36232eac432433a919aedd9a169031661c2,DOT,0.014936
0x2b23c36232eac432433a919aedd9a169031661c2,DYDX,-0.04291296
0x2b23c36232eac432433a919aedd9a169031661c2,EOS,-0.017850138
0x2b23c36232eac432433a919aedd9a169031661c2,ETC,-0.009099739
0x2b23c36232eac432433a919aedd9a169031661c2,ETH,-0.00508717
0x2b23c36232eac432433a919aedd9a169031661c2,FET,-0.06028723
0x2b23c36232eac432433a919aedd9a169031661c2,FIL,-0.043529637
0x2b23c36232eac432433a919aedd9a169031661c2,FRAX,0.018135803
0x2b23c36232eac432433a919aedd9a169031661c2,FTM,-0.08964603
0x2b23c36232eac432433a919aedd9a169031661c2,FXS,-0.051697116
0x2b23c36232eac432433a919aedd9a169031661c2,GRT,-0.084707126
0x2b23c36232eac432433a919aedd9a169031661c2,HAI,-0.018907478
0x2b23c36232eac432433a919aedd9a169031661c2,HERO,-0.039962843
0x2b23c36232eac432433a919aedd9a169031661c2,ICP,-0.018355528
0x2b23c36232eac432433a919aedd9a169031661c2,IMX,-0.054532737
0x2b23c36232eac432433a919aedd9a169031661c2,INJ,-0.010199898
0x2b23c36232eac432433a919aedd9a169031661c2,LDO,-0.052179653
0x2b23c36232eac432433a919aedd9a169031661c2,LINK,0.025249967
0x2b23c36232eac432433a919aedd9a169031661c2,LTC,0.010153792
0x2b23c36232eac432433a919aedd9a169031661c2,MATIC,-0.05200325
0x2b23c36232eac432433a919aedd9a169031661c2,MAV,-0.06508213
0x2b23c36232eac432433a919aedd9a169031661c2,MBOX,-0.049844265
0x2b23c36232eac432433a919aedd9a169031661c2,MKR,-0.07116702
0x2b23c36232eac432433a919aedd9a169031661c2,MOON,-0.0346813
0x2b23c36232eac432433a919aedd9a169031661c2,NEAR,-0.05357788
0x2b23c36232eac432433a919aedd9a169031661c2,OP,-0.015455673
0x2b23c36232eac432433a919aedd9a169031661c2,PENDLE,-0.052330166
0x2b23c36232eac432433a919aedd9a169031661c2,PEPE,-0.0305708
0x2b23c36232eac432433a919aedd9a169031661c2,PERP,-0.033330593
0x2b23c36232eac432433a919aedd9a169031661c2,PIT,-0.049862765
0x2b23c36232eac432433a919aedd9a169031661c2,POLS,-0.05649075
0x2b23c36232eac432433a919aedd9a169031661c2,PYTH,-0.04412985
0x2b23c36232eac432433a919aedd9a169031661c2,QUACK,-0.050867904
0x2b23c36232eac432433a919aedd9a169031661c2,RDNT,-0.045240417
0x2b23c36232eac432433a919aedd9a169031661c2,RNDR,-0.026108937
0x2b23c36232eac432433a919aedd9a169031661c2,RPL,-0.056203756
0x2b23c36232eac432433a919aedd9a169031661c2,RUNE,-0.04380045
0x2b23c36232eac432433a919aedd9a169031661c2,SFP,-0.027360544
0x2b23c36232eac432433a919aedd9a169031661c2,SFUND,-0.052849405
0x2b23c36232eac432433a919aedd9a169031661c2,SHIB,-0.005719967
0x2b23c36232eac432433a919aedd9a169031661c2,SOL,-0.013913155
0x2b23c36232eac432433a919aedd9a169031661c2,STG,-0.04657576
0x2b23c36232eac432433a919aedd9a169031661c2,SUI,-0.009582371
0x2b23c36232eac432433a919aedd9a169031661c2,SUSHI,-0.040154614
0x2b23c36232eac432433a919aedd9a169031661c2,TIA,-0.050495926
0x2b23c36232eac432433a919aedd9a169031661c2,TOKEN,-0.05347435
0x2b23c36232eac432433a919aedd9a169031661c2,TRX,-0.045047514
0x2b23c36232eac432433a919aedd9a169031661c2,UNI,0.0025541151
0x2b23c36232eac432433a919aedd9a169031661c2,USDT,0.004660424
0x2b23c36232eac432433a919aedd9a169031661c2,XLM,-0.009038769
0x2b23c36232eac432433a919aedd9a169031661c2,XMR,-0.016314482
0x2b23c36232eac432433a919aedd9a169031661c2,XRP,-0.008374622
0x2b23c36232eac432433a919aedd9a169031661c2,XTZ,-0.04511433
0x2b23c36232eac432433a919aedd9a169031661c2,XVS,-0.05794468
0x2b23c36232eac432433a919aedd9a169031661c2,YFI,-0.040558305
0x2e85c8101e01810adb4c1f6e878d7b0d8bbd70a1,AAVE,-2.24389858075
0x2e85c8101e01810adb4c1f6e878d7b0d8bbd70a1,ADA,99.9140422525
0x2e85c8101e01810adb4c1f6e878d7b0d8bbd70a1,ALGO,-2.2307340575
0x2e85c8101e01810adb4c1f6e878d7b0d8bbd70a1,APE,-9.6972273717
0x2e85c8101e01810adb4c1f6e878d7b0d8bbd70a1,APT,-2.2334680045
0x2e85c8101e01810adb4c1f6e878d7b0d8bbd70a1,ATOM,-2.23696012235
0x2e85c8101e01810adb4c1f6e878d7b0d8bbd70a1,AVAX,-3.007472996
0x2e85c8101e01810adb4c1f6e878d7b0d8bbd70a1,AXS,-2.24290803725
0x2e85c8101e01810adb4c1f6e878d7b0d8bbd70a1,BAL,-2.23976051455
0x2e85c8101e01810adb4c1f6e878d7b0d8bbd70a1,BCH,-2.3947221575
0x2e85c8101e01810adb4c1f6e878d7b0d8bbd70a1,BLUR,-2.242770894
0x2e85c8101e01810adb4c1f6e878d7b0d8bbd70a1,BNB,-119.626369977
0x2e85c8101e01810adb4c1f6e878d7b0d8bbd70a1,BONK,-2.378126528
0x2e85c8101e01810adb4c1f6e878d7b0d8bbd70a1,BTC,17339.21184105
0x2e85c8101e01810adb4c1f6e878d7b0d8bbd70a1,C98,-2.24112211025
0x2e85c8101e01810adb4c1f6e878d7b0d8bbd70a1,CAKE,-16.441289759
0x2e85c8101e01810adb4c1f6e878d7b0d8bbd70a1,COMP,-2.2325951225
0x2e85c8101e01810adb4c1f6e878d7b0d8bbd70a1,CRV,-2.23043041
0x2e85c8101e01810adb4c1f6e878d7b0d8bbd70a1,CVX,-2.244239607
0x2e85c8101e01810adb4c1f6e878d7b0d8bbd70a1,DAI,-2.233245791
0x2e85c8101e01810adb4c1f6e878d7b0d8bbd70a1,DAO,-2.2259569985
0x2e85c8101e01810adb4c1f6e878d7b0d8bbd70a1,DOGE,-161.26801487799997
0x2e85c8101e01810adb4c1f6e878d7b0d8bbd70a1,DOT,-2.2241109575
0x2e85c8101e01810adb4c1f6e878d7b0d8bbd70a1,DYDX,-2.23974572075
0x2e85c8101e01810adb4c1f6e878d7b0d8bbd70a1,EOS,-2.2359690645
0x2e85c8101e01810adb4c1f6e878d7b0d8bbd70a1,ETC,27.5651333475
0x2e85c8101e01810adb4c1f6e878d7b0d8bbd70a1,ETH,183776.08236591
0x2e85c8101e01810adb4c1f6e878d7b0d8bbd70a1,FET,-2.2404875525
0x2e85c8101e01810adb4c1f6e878d7b0d8bbd70a1,FIL,-2.2396727438
0x2e85c8101e01810adb4c1f6e878d7b0d8bbd70a1,FRAX,-2.227031606
0x2e85c8101e01810adb4c1f6e878d7b0d8bbd70a1,FTM,-2.2443273315
0x2e85c8101e01810adb4c1f6e878d7b0d8bbd70a1,FXS,-2.2424193105
0x2e85c8101e01810adb4c1f6e878d7b0d8bbd70a1,GRT,-2.23688800575
0x2e85c8101e01810adb4c1f6e878d7b0d8bbd70a1,HAI,-2.223034355
0x2e85c8101e01810adb4c1f6e878d7b0d8bbd70a1,HERO,-2.242660234
0x2e85c8101e01810adb4c1f6e878d7b0d8bbd70a1,ICP,-2.2357156395
0x2e85c8101e01810adb4c1f6e878d7b0d8bbd70a1,IMX,-2.242537723
0x2e85c8101e01810adb4c1f6e878d7b0d8bbd70a1,INJ,-2.225355904
0x2e85c8101e01810adb4c1f6e878d7b0d8bbd70a1,LDO,-2.2443486555
0x2e85c8101e01810adb4c1f6e878d7b0d8bbd70a1,LINK,-2.2230158535
0x2e85c8101e01810adb4c1f6e878d7b0d8bbd70a1,LTC,-179.02662056900002
0x2e85c8101e01810adb4c1f6e878d7b0d8bbd70a1,MATIC,-2.2365899512
0x2e85c8101e01810adb4c1f6e878d7b0d8bbd70a1,MAV,-2.241475161
0x2e85c8101e01810adb4c1f6e878d7b0d8bbd70a1,MBOX,-2.2435754215
0x2e85c8101e01810adb4c1f6e878d7b0d8bbd70a1,MKR,-2.23937266405
0x2e85c8101e01810adb4c1f6e878d7b0d8bbd70a1,MOON,-2.245261445
0x2e85c8101e01810adb4c1f6e878d7b0d8bbd70a1,NEAR,-2.240715997
0x2e85c8101e01810adb4c1f6e878d7b0d8bbd70a1,OP,-2.663080818
0x2e85c8101e01810adb4c1f6e878d7b0d8bbd70a1,PENDLE,-2.244658131
0x2e85c8101e01810adb4c1f6e878d7b0d8bbd70a1,PEPE,75913.7185263734
0x2e85c8101e01810adb4c1f6e878d7b0d8bbd70a1,PERP,-2.244761116
0x2e85c8101e01810adb4c1f6e878d7b0d8bbd70a1,PIT,-2.240752252
0x2e85c8101e01810adb4c1f6e878d7b0d8bbd70a1,POLS,-2.243399099
0x2e85c8101e01810adb4c1f6e878d7b0d8bbd70a1,PYTH,-2.23704737785
0x2e85c8101e01810adb4c1f6e878d7b0d8bbd70a1,QUACK,-2.248802825
0x2e85c8101e01810adb4c1f6e878d7b0d8bbd70a1,RDNT,-2.24216389865
0x2e85c8101e01810adb4c1f6e878d7b0d8bbd70a1,RNDR,-2.24044838965
0x2e85c8101e01810adb4c1f6e878d7b0d8bbd70a1,RPL,-2.2390177178
0x2e85c8101e01810adb4c1f6e878d7b0d8bbd70a1,RUNE,-2.23903543725
0x2e85c8101e01810adb4c1f6e878d7b0d8bbd70a1,SFP,-2.239740797
0x2e85c8101e01810adb4c1f6e878d7b0d8bbd70a1,SFUND,-2.2435605345
0x2e85c8101e01810adb4c1f6e878d7b0d8bbd70a1,SHIB,-2.231248301
0x2e85c8101e01810adb4c1f6e878d7b0d8bbd70a1,SOL,30945.51946779
0x2e85c8101e01810adb4c1f6e878d7b0d8bbd70a1,STG,-2.2408214833
0x2e85c8101e01810adb4c1f6e878d7b0d8bbd70a1,SUI,-3.4886866276
0x2e85c8101e01810adb4c1f6e878d7b0d8bbd70a1,SUSHI,-2.23553046375
0x2e85c8101e01810adb4c1f6e878d7b0d8bbd70a1,TIA,-2.234414259
0x2e85c8101e01810adb4c1f6e878d7b0d8bbd70a1,TOKEN,-2.2363507
0x2e85c8101e01810adb4c1f6e878d7b0d8bbd70a1,TRX,-2.218805865
0x2e85c8101e01810adb4c1f6e878d7b0d8bbd70a1,UNI,-3.460630564
0x2e85c8101e01810adb4c1f6e878d7b0d8bbd70a1,USDT,148715.42813158702
0x2e85c8101e01810adb4c1f6e878d7b0d8bbd70a1,XLM,-2.22524322
0x2e85c8101e01810adb4c1f6e878d7b0d8bbd70a1,XMR,-2.70951558165
0x2e85c8101e01810adb4c1f6e878d7b0d8bbd70a1,XRP,17072.6724149325
0x2e85c8101e01810adb4c1f6e878d7b0d8bbd70a1,XTZ,-2.232321462
0x2e85c8101e01810adb4c1f6e878d7b0d8bbd70a1,XVS,-2.246775904
0x2e85c8101e01810adb4c1f6e878d7b0d8bbd70a1,YFI,-2.243724977
0x3e04d3e08ea54c34f721ac007107fe7a4bd957d5,AAVE,-0.0108715175855039
0x3e04d3e08ea54c34f721ac007107fe7a4bd957d5,ADA,-0.0102039798194324
0x3e04d3e08ea54c34f721ac007107fe7a4bd957d5,ALGO,-0.0101358471157296
0x3e04d3e08ea54c34f721ac007107fe7a4bd957d5,APE,-0.0102039798194324
0x3e04d3e08ea54c34f721ac007107fe7a4bd957d5,APT,-0.0102039798194324
0x3e04d3e08ea54c34f721ac007107fe7a4bd957d5,ATOM,-0.0108715175855039
0x3e04d3e08ea54c34f721ac007107fe7a4bd957d5,AVAX,-0.0102039798194324
0x3e04d3e08ea54c34f721ac007107fe7a4bd957d5,AXS,-0.0108715175855039
0x3e04d3e08ea54c34f721ac007107fe7a4bd957d5,BAL,-0.0108715175855039
0x3e04d3e08ea54c34f721ac007107fe7a4bd957d5,BCH,-0.0099902207857206
0x3e04d3e08ea54c34f721ac007107fe7a4bd957d5,BLUR,-0.0108715175855039
0x3e04d3e08ea54c34f721ac007107fe7a4bd957d5,BNB,-0.0102039798194324
0x3e04d3e08ea54c34f721ac007107fe7a4bd957d5,BONK,-0.0108715175855039
0x3e04d3e08ea54c34f721ac007107fe7a4bd957d5,BTC,-0.0102039798194324
0x3e04d3e08ea54c34f721ac007107fe7a4bd957d5,C98,-0.0108715175855039
0x3e04d3e08ea54c34f721ac007107fe7a4bd957d5,CAKE,-0.0099902207857206
0x3e04d3e08ea54c34f721ac007107fe7a4bd957d5,COMP,-0.0108715175855039
0x3e04d3e08ea54c34f721ac007107fe7a4bd957d5,CRV,-0.0102039798194324
0x3e04d3e08ea54c34f721ac007107fe7a4bd957d5,CVX,-0.0108715175855039
0x3e04d3e08ea54c34f721ac007107fe7a4bd957d5,DAI,-0.0108715175855039
0x3e04d3e08ea54c34f721ac007107fe7a4bd957d5,DAO,-0.0099902207857206
0x3e04d3e08ea54c34f721ac007107fe7a4bd957d5,DOGE,-0.0101358471157296
0x3e04d3e08ea54c34f721ac007107fe7a4bd957d5,DOT,-0.0102039798194324
0x3e04d3e08ea54c34f721ac007107fe7a4bd957d5,DYDX,-0.0108715175855039
0x3e04d3e08ea54c34f721ac007107fe7a4bd957d5,EOS,-0.0108715175855039
0x3e04d3e08ea54c34f721ac007107fe7a4bd957d5,ETC,-0.0099902207857206
0x3e04d3e08ea54c34f721ac007107fe7a4bd957d5,ETH,-0.0101358471157296
0x3e04d3e08ea54c34f721ac007107fe7a4bd957d5,FET,-0.0108715175855039
0x3e04d3e08ea54c34f721ac007107fe7a4bd957d5,FIL,-0.0108715175855039
0x3e04d3e08ea54c34f721ac007107fe7a4bd957d5,FRAX,-0.0102039798194324
0x3e04d3e08ea54c34f721ac007107fe7a4bd957d5,FTM,-0.0108715175855039
0x3e04d3e08ea54c34f721ac007107fe7a4bd957d5,FXS,-0.0108471509348361
0x3e04d3e08ea54c34f721ac007107fe7a4bd957d5,GRT,-0.0108715175855039
0x3e04d3e08ea54c34f721ac007107fe7a4bd957d5,HAI,-0.0108715175855039
0x3e04d3e08ea54c34f721ac007107fe7a4bd957d5,HERO,-0.0108715175855039
0x3e04d3e08ea54c34f721ac007107fe7a4bd957d5,ICP,-0.0108715175855039
0x3e04d3e08ea54c34f721ac007107fe7a4bd957d5,IMX,-0.0108715175855039
0x3e04d3e08ea54c34f721ac007107fe7a4bd957d5,INJ,-0.0099902207857206
0x3e04d3e08ea54c34f721ac007107fe7a4bd957d5,LDO,-0.0108715175855039
0x3e04d3e08ea54c34f721ac007107fe7a4bd957d5,LINK,-0.0101358471157296
0x3e04d3e08ea54c34f721ac007107fe7a4bd957d5,LTC,-0.0102039798194324
0x3e04d3e08ea54c34f721ac007107fe7a4bd957d5,MATIC,-0.0108715175855039
0x3e04d3e08ea54c34f721ac007107fe7a4bd957d5,MAV,-0.0108715175855039
0x3e04d3e08ea54c34f721ac007107fe7a4bd957d5,MBOX,-0.0108715175855039
0x3e04d3e08ea54c34f721ac007107fe7a4bd957d5,MKR,-0.0108715175855039
0x3e04d3e08ea54c34f721ac007107fe7a4bd957d5,MOON,-0.0101358471157296
0x3e04d3e08ea54c34f721ac007107fe7a4bd957d5,NEAR,-0.0108715175855039
0x3e04d3e08ea54c34f721ac007107fe7a4bd957d5,OP,-0.0102039798194324
0x3e04d3e08ea54c34f721ac007107fe7a4bd957d5,PENDLE,-0.0108715175855039
0x3e04d3e08ea54c34f721ac007107fe7a4bd957d5,PEPE,-0.0108715175855039
0x3e04d3e08ea54c34f721ac007107fe7a4bd957d5,PERP,-0.0108715175855039
0x3e04d3e08ea54c34f721ac007107fe7a4bd957d5,PIT,-0.0108715175855039
0x3e04d3e08ea54c34f721ac007107fe7a4bd957d5,POLS,-0.0108715175855039
0x3e04d3e08ea54c34f721ac007107fe7a4bd957d5,PYTH,-0.0108715175855039
0x3e04d3e08ea54c34f721ac007107fe7a4bd957d5,QUACK,-0.0108715175855039
0x3e04d3e08ea54c34f721ac007107fe7a4bd957d5,RDNT,-0.0108715175855039
0x3e04d3e08ea54c34f721ac007107fe7a4bd957d5,RNDR,-0.0108715175855039
0x3e04d3e08ea54c34f721ac007107fe7a4bd957d5,RPL,-0.0108715175855039
0x3e04d3e08ea54c34f721ac007107fe7a4bd957d5,RUNE,-0.0108715175855039
0x3e04d3e08ea54c34f721ac007107fe7a4bd957d5,SFP,-0.0108715175855039
0x3e04d3e08ea54c34f721ac007107fe7a4bd957d5,SFUND,-0.0108715175855039
0x3e04d3e08ea54c34f721ac007107fe7a4bd957d5,SHIB,-0.0102039798194324
0x3e04d3e08ea54c34f721ac007107fe7a4bd957d5,SOL,-0.0099902207857206
0x3e04d3e08ea54c34f721ac007107fe7a4bd957d5,STG,-0.0108715175855039
0x3e04d3e08ea54c34f721ac007107fe7a4bd957d5,SUI,-0.0102039798194324
0x3e04d3e08ea54c34f721ac007107fe7a4bd957d5,SUSHI,-0.0108715175855039
0x3e04d3e08ea54c34f721ac007107fe7a4bd957d5,TIA,-0.0108715175855039
0x3e04d3e08ea54c34f721ac007107fe7a4bd957d5,TOKEN,-0.0108715175855039
0x3e04d3e08ea54c34f721ac007107fe7a4bd957d5,TRX,-0.0099902207857206
0x3e04d3e08ea54c34f721ac007107fe7a4bd957d5,UNI,-0.0101358471157296
0x3e04d3e08ea54c34f721ac007107fe7a4bd957d5,USDT,-0.0102039798194324
0x3e04d3e08ea54c34f721ac007107fe7a4bd957d5,XLM,-0.0099902207857206
0x3e04d3e08ea54c34f721ac007107fe7a4bd957d5,XMR,-0.0108715175855039
0x3e04d3e08ea54c34f721ac007107fe7a4bd957d5,XRP,-0.0102039798194324
0x3e04d3e08ea54c34f721ac007107fe7a4bd957d5,XTZ,-0.0108715175855039
0x3e04d3e08ea54c34f721ac007107fe7a4bd957d5,XVS,-0.0108715175855039
0x3e04d3e08ea54c34f721ac007107fe7a4bd957d5,YFI,-0.0108715175855039
0x3ebab08d24031caa95c4290b28f66e71bbe418e5,AAVE,-0.0698194393649773
0x3ebab08d24031caa95c4290b28f66e71bbe418e5,ADA,-0.0149954065621085
0x3ebab08d24031caa95c4290b28f66e71bbe418e5,ALGO,-0.0132324308849515
0x3ebab08d24031caa95c4290b28f66e71bbe418e5,APE,-0.0708652042206975
0x3ebab08d24031caa95c4290b28f66e71bbe418e5,APT,-0.0264869563812185
0x3ebab08d24031caa95c4290b28f66e71bbe418e5,ATOM,-0.0903427068551454
0x3ebab08d24031caa95c4290b28f66e71bbe418e5,AVAX,0.0058709828558617
0x3ebab08d24031caa95c4290b28f66e71bbe418e5,AXS,-0.0533952132984353
0x3ebab08d24031caa95c4290b28f66e71bbe418e5,BAL,-0.0413642169821626
0x3ebab08d24031caa95c4290b28f66e71bbe418e5,BCH,-0.0079707496999531
0x3ebab08d24031caa95c4290b28f66e71bbe418e5,BLUR,-0.047598660901255
0x3ebab08d24031caa95c4290b28f66e71bbe418e5,BNB,-0.0440496669424394
0x3ebab08d24031caa95c4290b28f66e71bbe418e5,BONK,-0.0584947284462629
0x3ebab08d24031caa95c4290b28f66e71bbe418e5,BTC,0.0114328230775784
0x3ebab08d24031caa95c4290b28f66e71bbe418e5,C98,-0.0626555317399241
0x3ebab08d24031caa95c4290b28f66e71bbe418e5,CAKE,-0.0595962598091571
0x3ebab08d24031caa95c4290b28f66e71bbe418e5,COMP,-0.0613718176399703
0x3ebab08d24031caa95c4290b28f66e71bbe418e5,CRV,-0.00836874332674
0x3ebab08d24031caa95c4290b28f66e71bbe418e5,CVX,-0.057345951090605
0x3ebab08d24031caa95c4290b28f66e71bbe418e5,DAI,-0.0279144949452893
0x3ebab08d24031caa95c4290b28f66e71bbe418e5,DAO,-0.0261197096952744
0x3ebab08d24031caa95c4290b28f66e71bbe418e5,DOGE,-0.0105581873650313
0x3ebab08d24031caa95c4290b28f66e71bbe418e5,DOT,-0.0013319399877686
0x3ebab08d24031caa95c4290b28f66e71bbe418e5,DYDX,-0.0433055118220986
0x3ebab08d24031caa95c4290b28f66e71bbe418e5,EOS,-0.0357864968174862
0x3ebab08d24031caa95c4290b28f66e71bbe418e5,ETC,0.002252383046826
0x3ebab08d24031caa95c4290b28f66e71bbe418e5,ETH,0.0016876902565954
0x3ebab08d24031caa95c4290b28f66e71bbe418e5,FET,-0.0670542429242654
0x3ebab08d24031caa95c4290b28f66e71bbe418e5,FIL,-0.0479546765975399
0x3ebab08d24031caa95c4290b28f66e71bbe418e5,FRAX,-0.0026536442356495
0x3ebab08d24031caa95c4290b28f66e71bbe418e5,FTM,-0.0890415697560633
0x3ebab08d24031caa95c4290b28f66e71bbe418e5,FXS,-0.0959569089058289
0x3ebab08d24031caa95c4290b28f66e71bbe418e5,GRT,-0.1004719091871218
0x3ebab08d24031caa95c4290b28f66e71bbe418e5,HAI,-0.0505467379213722
0x3ebab08d24031caa95c4290b28f66e71bbe418e5,HERO,-0.0503028125275619
0x3ebab08d24031caa95c4290b28f66e71bbe418e5,ICP,-0.0455784264462159
0x3ebab08d24031caa95c4290b28f66e71bbe418e5,IMX,-0.0490189594242317
0x3ebab08d24031caa95c4290b28f66e71bbe418e5,INJ,-0.03533747400627
0x3ebab08d24031caa95c4290b28f66e71bbe418e5,LDO,-0.0489378323133596
0x3ebab08d24031caa95c4290b28f66e71bbe418e5,LINK,0.0034352712992079
0x3ebab08d24031caa95c4290b28f66e71bbe418e5,LTC,0.0113379439089892
0x3ebab08d24031caa95c4290b28f66e71bbe418e5,MATIC,-0.0357541779982689
0x3ebab08d24031caa95c4290b28f66e71bbe418e5,MAV,-0.0510437918576808
0x3ebab08d24031caa95c4290b28f66e71bbe418e5,MBOX,-0.0594512939725479
0x3ebab08d24031caa95c4290b28f66e71bbe418e5,MKR,-0.0770246634011192
0x3ebab08d24031caa95c4290b28f66e71bbe418e5,MOON,-0.0217989883233816
0x3ebab08d24031caa95c4290b28f66e71bbe418e5,NEAR,-0.0602794223058567
0x3ebab08d24031caa95c4290b28f66e71bbe418e5,OP,-0.0050067952278628
0x3ebab08d24031caa95c4290b28f66e71bbe418e5,PENDLE,-0.0621477875199495
0x3ebab08d24031caa95c4290b28f66e71bbe418e5,PEPE,-0.0827929595216056
0x3ebab08d24031caa95c4290b28f66e71bbe418e5,PERP,-0.0663276689135103
0x3ebab08d24031caa95c4290b28f66e71bbe418e5,PIT,-0.0648548128916091
0x3ebab08d24031caa95c4290b28f66e71bbe418e5,POLS,-0.0603796204112092
0x3ebab08d24031caa95c4290b28f66e71bbe418e5,PYTH,-0.0522011343449774
0x3ebab08d24031caa95c4290b28f66e71bbe418e5,QUACK,-0.0587343505153646
0x3ebab08d24031caa95c4290b28f66e71bbe418e5,RDNT,-0.0489534264215229
0x3ebab08d24031caa95c4290b28f66e71bbe418e5,RNDR,-0.0407598813513041
0x3ebab08d24031caa95c4290b28f66e71bbe418e5,RPL,-0.0558441713069105
0x3ebab08d24031caa95c4290b28f66e71bbe418e5,RUNE,-0.04872542410263
0x3ebab08d24031caa95c4290b28f66e71bbe418e5,SFP,-0.0545769436778467
0x3ebab08d24031caa95c4290b28f66e71bbe418e5,SFUND,-0.0521745724717264
0x3ebab08d24031caa95c4290b28f66e71bbe418e5,SHIB,-0.0389432760188592
0x3ebab08d24031caa95c4290b28f66e71bbe418e5,SOL,0.0130092719252263
0x3ebab08d24031caa95c4290b28f66e71bbe418e5,STG,-0.0536954137878456
0x3ebab08d24031caa95c4290b28f66e71bbe418e5,SUI,-0.0437866768132805
0x3ebab08d24031caa95c4290b28f66e71bbe418e5,SUSHI,-0.0533162789176967
0x3ebab08d24031caa95c4290b28f66e71bbe418e5,TIA,-0.0567943513106243
0x3ebab08d24031caa95c4290b28f66e71bbe418e5,TOKEN,-0.0588399865093899
0x3ebab08d24031caa95c4290b28f66e71bbe418e5,TRX,-0.050689482562322
0x3ebab08d24031caa95c4290b28f66e71bbe418e5,UNI,-0.0066858359636386
0x3ebab08d24031caa95c4290b28f66e71bbe418e5,USDT,-0.0233195050086688
0x3ebab08d24031caa95c4290b28f66e71bbe418e5,XLM,-0.0485151092612326
0x3ebab08d24031caa95c4290b28f66e71bbe418e5,XMR,-0.07380656876286
0x3ebab08d24031caa95c4290b28f66e71bbe418e5,XRP,0.0110959043655855
0x3ebab08d24031caa95c4290b28f66e71bbe418e5,XTZ,-0.034366997725122
0x3ebab08d24031caa95c4290b28f66e71bbe418e5,XVS,-0.0583399609370811
0x3ebab08d24031caa95c4290b28f66e71bbe418e5,YFI,-0.0413459040549736
0x427ae6048c7d2ded45a07ea46f2873d0f9dddb35,AAVE,486.0504063997099
0x427ae6048c7d2ded45a07ea46f2873d0f9dddb35,ADA,-104.99205488254762
0x427ae6048c7d2ded45a07ea46f2873d0f9dddb35,ALGO,468.8884670854084
0x427ae6048c7d2ded45a07ea46f2873d0f9dddb35,APE,97.43985897267504
0x427ae6048c7d2ded45a07ea46f2873d0f9dddb35,APT,142.07011124628764
0x427ae6048c7d2ded45a07ea46f2873d0f9dddb35,ATOM,-422.7194267624953
0x427ae6048c7d2ded45a07ea46f2873d0f9dddb35,AVAX,219.1000433349649
0x427ae6048c7d2ded45a07ea46f2873d0f9dddb35,AXS,175.57307715191268
0x427ae6048c7d2ded45a07ea46f2873d0f9dddb35,BAL,-17.287093830163712
0x427ae6048c7d2ded45a07ea46f2873d0f9dddb35,BCH,-120.17099072151046
0x427ae6048c7d2ded45a07ea46f2873d0f9dddb35,BLUR,-56.76220561608187
0x427ae6048c7d2ded45a07ea46f2873d0f9dddb35,BNB,-360.89549758456775
0x427ae6048c7d2ded45a07ea46f2873d0f9dddb35,BONK,427.80399064367646
0x427ae6048c7d2ded45a07ea46f2873d0f9dddb35,BTC,-194.6260242054752
0x427ae6048c7d2ded45a07ea46f2873d0f9dddb35,C98,6.1110583270925645
0x427ae6048c7d2ded45a07ea46f2873d0f9dddb35,CAKE,-153.0353692708415
0x427ae6048c7d2ded45a07ea46f2873d0f9dddb35,COMP,-106.01761165308704
0x427ae6048c7d2ded45a07ea46f2873d0f9dddb35,CRV,78.71977622947401
0x427ae6048c7d2ded45a07ea46f2873d0f9dddb35,CVX,7.355069232364826
0x427ae6048c7d2ded45a07ea46f2873d0f9dddb35,DAI,-418.4559398527777
0x427ae6048c7d2ded45a07ea46f2873d0f9dddb35,DAO,448.4283861677437
0x427ae6048c7d2ded45a07ea46f2873d0f9dddb35,DOGE,275.41394400108777
0x427ae6048c7d2ded45a07ea46f2873d0f9dddb35,DOT,13.412898249600062
0x427ae6048c7d2ded45a07ea46f2873d0f9dddb35,DYDX,-173.18491657068472
0x427ae6048c7d2ded45a07ea46f2873d0f9dddb35,EOS,-239.0237383223976
0x427ae6048c7d2ded45a07ea46f2873d0f9dddb35,ETC,-669.847573026927
0x427ae6048c7d2ded45a07ea46f2873d0f9dddb35,ETH,-266.72194872256244
0x427ae6048c7d2ded45a07ea46f2873d0f9dddb35,FET,169.70032622200966
0x427ae6048c7d2ded45a07ea46f2873d0f9dddb35,FIL,46.62712153980681
0x427ae6048c7d2ded45a07ea46f2873d0f9dddb35,FRAX,-247.3114632971679
0x427ae6048c7d2ded45a07ea46f2873d0f9dddb35,FTM,223.5362556496224
0x427ae6048c7d2ded45a07ea46f2873d0f9dddb35,FXS,-114.91806351320992
0x427ae6048c7d2ded45a07ea46f2873d0f9dddb35,GRT,108.38998507086802
0x427ae6048c7d2ded45a07ea46f2873d0f9dddb35,HAI,76.72483826004583
0x427ae6048c7d2ded45a07ea46f2873d0f9dddb35,HERO,-20.24677233217909
0x427ae6048c7d2ded45a07ea46f2873d0f9dddb35,ICP,69.64330540691975
0x427ae6048c7d2ded45a07ea46f2873d0f9dddb35,IMX,236.5661457953392
0x427ae6048c7d2ded45a07ea46f2873d0f9dddb35,INJ,441.9197919277749
0x427ae6048c7d2ded45a07ea46f2873d0f9dddb35,LDO,201.5184225886507
0x427ae6048c7d2ded45a07ea46f2873d0f9dddb35,LINK,-53.05202602036553
0x427ae6048c7d2ded45a07ea46f2873d0f9dddb35,LTC,-183.87411100772948
0x427ae6048c7d2ded45a07ea46f2873d0f9dddb35,MATIC,295.9317674038321
0x427ae6048c7d2ded45a07ea46f2873d0f9dddb35,MAV,91.39587657414694
0x427ae6048c7d2ded45a07ea46f2873d0f9dddb35,MBOX,124.38812067108512
0x427ae6048c7d2ded45a07ea46f2873d0f9dddb35,MKR,-66.86437682743082
0x427ae6048c7d2ded45a07ea46f2873d0f9dddb35,MOON,-21.453416029813862
0x427ae6048c7d2ded45a07ea46f2873d0f9dddb35,NEAR,-50.522487788109686
0x427ae6048c7d2ded45a07ea46f2873d0f9dddb35,OP,-20.246531195844117
0x427ae6048c7d2ded45a07ea46f2873d0f9dddb35,PENDLE,140.54763206418482
0x427ae6048c7d2ded45a07ea46f2873d0f9dddb35,PEPE,769.2532300656842
0x427ae6048c7d2ded45a07ea46f2873d0f9dddb35,PERP,182.18254530494545
0x427ae6048c7d2ded45a07ea46f2873d0f9dddb35,PIT,-76.09484849183485
0x427ae6048c7d2ded45a07ea46f2873d0f9dddb35,POLS,344.66600316881846
0x427ae6048c7d2ded45a07ea46f2873d0f9dddb35,PYTH,-26.709917497908407
0x427ae6048c7d2ded45a07ea46f2873d0f9dddb35,QUACK,355.2504001386755
0x427ae6048c7d2ded45a07ea46f2873d0f9dddb35,RDNT,108.0214089217011
0x427ae6048c7d2ded45a07ea46f2873d0f9dddb35,RNDR,111.4620888354968
0x427ae6048c7d2ded45a07ea46f2873d0f9dddb35,RPL,-115.92682374632062
0x427ae6048c7d2ded45a07ea46f2873d0f9dddb35,RUNE,-181.2534704933543
0x427ae6048c7d2ded45a07ea46f2873d0f9dddb35,SFP,-377.6928549858037
0x427ae6048c7d2ded45a07ea46f2873d0f9dddb35,SFUND,255.98383997273885
0x427ae6048c7d2ded45a07ea46f2873d0f9dddb35,SHIB,277.6395416223024
0x427ae6048c7d2ded45a07ea46f2873d0f9dddb35,SOL,-44.55619930919289
0x427ae6048c7d2ded45a07ea46f2873d0f9dddb35,STG,29.937073669169934
0x427ae6048c7d2ded45a07ea46f2873d0f9dddb35,SUI,260.139866029572
0x427ae6048c7d2ded45a07ea46f2873d0f9dddb35,SUSHI,180.18857445328015
0x427ae6048c7d2ded45a07ea46f2873d0f9dddb35,TIA,194.81582343697104
0x427ae6048c7d2ded45a07ea46f2873d0f9dddb35,TOKEN,268.12794207423383
0x427ae6048c7d2ded45a07ea46f2873d0f9dddb35,TRX,-59.45416163632973
0x427ae6048c7d2ded45a07ea46f2873d0f9dddb35,UNI,-176.51918341884556
0x427ae6048c7d2ded45a07ea46f2873d0f9dddb35,USDT,325.27227683106133
0x427ae6048c7d2ded45a07ea46f2873d0f9dddb35,XLM,150.13726693047755
0x427ae6048c7d2ded45a07ea46f2873d0f9dddb35,XMR,-422.58246021985934
0x427ae6048c7d2ded45a07ea46f2873d0f9dddb35,XRP,-110.33707838453466
0x427ae6048c7d2ded45a07ea46f2873d0f9dddb35,XTZ,-175.7643106744111
0x427ae6048c7d2ded45a07ea46f2873d0f9dddb35,XVS,10.020437679128293
0x427ae6048c7d2ded45a07ea46f2873d0f9dddb35,YFI,-239.72827937085876
0x49451c6af70feef6ef29b8c78bc17d4bdaf9fdaa,AAVE,-0.009918958
0x49451c6af70feef6ef29b8c78bc17d4bdaf9fdaa,ADA,-0.31562597
0x49451c6af70feef6ef29b8c78bc17d4bdaf9fdaa,ALGO,-0.017367937
0x49451c6af70feef6ef29b8c78bc17d4bdaf9fdaa,APE,0.066427395
0x49451c6af70feef6ef29b8c78bc17d4bdaf9fdaa,APT,0.022007637
0x49451c6af70feef6ef29b8c78bc17d4bdaf9fdaa,ATOM,-0.055042967
0x49451c6af70feef6ef29b8c78bc17d4bdaf9fdaa,AVAX,0.059094176
0x49451c6af70feef6ef29b8c78bc17d4bdaf9fdaa,AXS,0.008718303
0x49451c6af70feef6ef29b8c78bc17d4bdaf9fdaa,BAL,-0.00039945968
0x49451c6af70feef6ef29b8c78bc17d4bdaf9fdaa,BCH,0.041309357
0x49451c6af70feef6ef29b8c78bc17d4bdaf9fdaa,BLUR,-0.037728384
0x49451c6af70feef6ef29b8c78bc17d4bdaf9fdaa,BNB,0.074858055
0x49451c6af70feef6ef29b8c78bc17d4bdaf9fdaa,BONK,0.06528607
0x49451c6af70feef6ef29b8c78bc17d4bdaf9fdaa,BTC,-0.018345242
0x49451c6af70feef6ef29b8c78bc17d4bdaf9fdaa,C98,0.0119828945
0x49451c6af70feef6ef29b8c78bc17d4bdaf9fdaa,CAKE,-0.02039838
0x49451c6af70feef6ef29b8c78bc17d4bdaf9fdaa,COMP,-0.036262333
0x49451c6af70feef6ef29b8c78bc17d4bdaf9fdaa,CRV,-0.054343
0x49451c6af70feef6ef29b8c78bc17d4bdaf9fdaa,CVX,0.034900397
0x49451c6af70feef6ef29b8c78bc17d4bdaf9fdaa,DAI,-0.044282757
0x49451c6af70feef6ef29b8c78bc17d4bdaf9fdaa,DAO,-0.0632585
0x49451c6af70feef6ef29b8c78bc17d4bdaf9fdaa,DOGE,-0.12886108
0x49451c6af70feef6ef29b8c78bc17d4bdaf9fdaa,DOT,0.15920421
0x49451c6af70feef6ef29b8c78bc17d4bdaf9fdaa,DYDX,0.002210955
0x49451c6af70feef6ef29b8c78bc17d4bdaf9fdaa,EOS,-0.017869553
0x49451c6af70feef6ef29b8c78bc17d4bdaf9fdaa,ETC,0.07479907
0x49451c6af70feef6ef29b8c78bc17d4bdaf9fdaa,ETH,0.06671605
0x49451c6af70feef6ef29b8c78bc17d4bdaf9fdaa,FET,-0.014979458
0x49451c6af70feef6ef29b8c78bc17d4bdaf9fdaa,FIL,-0.02945849
0x49451c6af70feef6ef29b8c78bc17d4bdaf9fdaa,FRAX,0.00917698
0x49451c6af70feef6ef29b8c78bc17d4bdaf9fdaa,FTM,-0.054758593
0x49451c6af70feef6ef29b8c78bc17d4bdaf9fdaa,FXS,-0.02073558
0x49451c6af70feef6ef29b8c78bc17d4bdaf9fdaa,GRT,0.028958155
0x49451c6af70feef6ef29b8c78bc17d4bdaf9fdaa,HAI,0.0034728462
0x49451c6af70feef6ef29b8c78bc17d4bdaf9fdaa,HERO,-0.020561144
0x49451c6af70feef6ef29b8c78bc17d4bdaf9fdaa,ICP,0.0016866245
0x49451c6af70feef6ef29b8c78bc17d4bdaf9fdaa,IMX,-0.019583346
0x49451c6af70feef6ef29b8c78bc17d4bdaf9fdaa,INJ,-0.06516781
0x49451c6af70feef6ef29b8c78bc17d4bdaf9fdaa,LDO,-0.01259243
0x49451c6af70feef6ef29b8c78bc17d4bdaf9fdaa,LINK,-0.04839009
0x49451c6af70feef6ef29b8c78bc17d4bdaf9fdaa,LTC,-0.053608835
0x49451c6af70feef6ef29b8c78bc17d4bdaf9fdaa,MATIC,-0.025636274
0x49451c6af70feef6ef29b8c78bc17d4bdaf9fdaa,MAV,0.022275375
0x49451c6af70feef6ef29b8c78bc17d4bdaf9fdaa,MBOX,0.038885653
0x49451c6af70feef6ef29b8c78bc17d4bdaf9fdaa,MKR,-0.017487332
0x49451c6af70feef6ef29b8c78bc17d4bdaf9fdaa,MOON,-0.013328569
0x49451c6af70feef6ef29b8c78bc17d4bdaf9fdaa,NEAR,-0.019544255
0x49451c6af70feef6ef29b8c78bc17d4bdaf9fdaa,OP,-0.06667457
0x49451c6af70feef6ef29b8c78bc17d4bdaf9fdaa,PENDLE,0.029795945
0x49451c6af70feef6ef29b8c78bc17d4bdaf9fdaa,PEPE,-0.018453756
0x49451c6af70feef6ef29b8c78bc17d4bdaf9fdaa,PERP,-0.006896186
0x49451c6af70feef6ef29b8c78bc17d4bdaf9fdaa,PIT,0.02741647
0x49451c6af70feef6ef29b8c78bc17d4bdaf9fdaa,POLS,0.032542214
0x49451c6af70feef6ef29b8c78bc17d4bdaf9fdaa,PYTH,-0.02481416
0x49451c6af70feef6ef29b8c78bc17d4bdaf9fdaa,QUACK,-0.12273356
0x49451c6af70feef6ef29b8c78bc17d4bdaf9fdaa,RDNT,0.01931118
0x49451c6af70feef6ef29b8c78bc17d4bdaf9fdaa,RNDR,-0.0813461
0x49451c6af70feef6ef29b8c78bc17d4bdaf9fdaa,RPL,0.0059918966
0x49451c6af70feef6ef29b8c78bc17d4bdaf9fdaa,RUNE,0.03643358
0x49451c6af70feef6ef29b8c78bc17d4bdaf9fdaa,SFP,-0.020565897
0x49451c6af70feef6ef29b8c78bc17d4bdaf9fdaa,SFUND,0.02303146
0x49451c6af70feef6ef29b8c78bc17d4bdaf9fdaa,SHIB,0.06974391
0x49451c6af70feef6ef29b8c78bc17d4bdaf9fdaa,SOL,-0.13695642
0x49451c6af70feef6ef29b8c78bc17d4bdaf9fdaa,STG,-0.003095677
0x49451c6af70feef6ef29b8c78bc17d4bdaf9fdaa,SUI,0.020696722
0x49451c6af70feef6ef29b8c78bc17d4bdaf9fdaa,SUSHI,-0.0031133965
0x49451c6af70feef6ef29b8c78bc17d4bdaf9fdaa,TIA,-0.050063476
0x49451c6af70feef6ef29b8c78bc17d4bdaf9fdaa,TOKEN,0.01306968
0x49451c6af70feef6ef29b8c78bc17d4bdaf9fdaa,TRX,0.04026696
0x49451c6af70feef6ef29b8c78bc17d4bdaf9fdaa,UNI,-0.048791476
0x49451c6af70feef6ef29b8c78bc17d4bdaf9fdaa,USDT,0.055727452
0x49451c6af70feef6ef29b8c78bc17d4bdaf9fdaa,XLM,-0.042691424
0x49451c6af70feef6ef29b8c78bc17d4bdaf9fdaa,XMR,0.016509706
0x49451c6af70feef6ef29b8c78bc17d4bdaf9fdaa,XRP,0.0008076829
0x49451c6af70feef6ef29b8c78bc17d4bdaf9fdaa,XTZ,-0.008898261
0x49451c6af70feef6ef29b8c78bc17d4bdaf9fdaa,XVS,-0.0012960014
0x49451c6af70feef6ef29b8c78bc17d4bdaf9fdaa,YFI,0.0064399443
0x56d3fc9aa7062fd7b893c1ae33b365776ae1ee9d,AAVE,-0.0462978273815894
0x56d3fc9aa7062fd7b893c1ae33b365776ae1ee9d,ADA,0.0002609110857581
0x56d3fc9aa7062fd7b893c1ae33b365776ae1ee9d,ALGO,-0.0025297880968954
0x56d3fc9aa7062fd7b893c1ae33b365776ae1ee9d,APE,-0.0465006585235626
0x56d3fc9aa7062fd7b893c1ae33b365776ae1ee9d,APT,-0.0206728957580241
0x56d3fc9aa7062fd7b893c1ae33b365776ae1ee9d,ATOM,-0.0937472263406
0x56d3fc9aa7062fd7b893c1ae33b365776ae1ee9d,AVAX,0.0081138665885682
0x56d3fc9aa7062fd7b893c1ae33b365776ae1ee9d,AXS,-0.0376977990104652
0x56d3fc9aa7062fd7b893c1ae33b365776ae1ee9d,BAL,-0.0272869755235602
0x56d3fc9aa7062fd7b893c1ae33b365776ae1ee9d,BCH,0.0023837647193863
0x56d3fc9aa7062fd7b893c1ae33b365776ae1ee9d,BLUR,-0.0320030720388846
0x56d3fc9aa7062fd7b893c1ae33b365776ae1ee9d,BNB,-0.0275112964905439
0x56d3fc9aa7062fd7b893c1ae33b365776ae1ee9d,BONK,-0.0410823679976381
0x56d3fc9aa7062fd7b893c1ae33b365776ae1ee9d,BTC,0.0295795830700079
0x56d3fc9aa7062fd7b893c1ae33b365776ae1ee9d,C98,-0.03587251710602
0x56d3fc9aa7062fd7b893c1ae33b365776ae1ee9d,CAKE,-0.0570731344862711
0x56d3fc9aa7062fd7b893c1ae33b365776ae1ee9d,COMP,-0.0368843791017182
0x56d3fc9aa7062fd7b893c1ae33b365776ae1ee9d,CRV,-0.0041582811244989
0x56d3fc9aa7062fd7b893c1ae33b365776ae1ee9d,CVX,-0.0346236133234726
0x56d3fc9aa7062fd7b893c1ae33b365776ae1ee9d,DAI,-0.0224362161678949
0x56d3fc9aa7062fd7b893c1ae33b365776ae1ee9d,DAO,-0.0295040394722354
0x56d3fc9aa7062fd7b893c1ae33b365776ae1ee9d,DOGE,0.0156119120357552
0x56d3fc9aa7062fd7b893c1ae33b365776ae1ee9d,DOT,0.004607843507124
0x56d3fc9aa7062fd7b893c1ae33b365776ae1ee9d,DYDX,-0.0270963706158834
0x56d3fc9aa7062fd7b893c1ae33b365776ae1ee9d,EOS,-0.031099405811736
0x56d3fc9aa7062fd7b893c1ae33b365776ae1ee9d,ETC,0.014062562191471
0x56d3fc9aa7062fd7b893c1ae33b365776ae1ee9d,ETH,0.0014076946068941
0x56d3fc9aa7062fd7b893c1ae33b365776ae1ee9d,FET,-0.0355006941238103
0x56d3fc9aa7062fd7b893c1ae33b365776ae1ee9d,FIL,-0.0300018545192598
0x56d3fc9aa7062fd7b893c1ae33b365776ae1ee9d,FRAX,-0.0057488337024032
0x56d3fc9aa7062fd7b893c1ae33b365776ae1ee9d,FTM,-0.0562916821195525
0x56d3fc9aa7062fd7b893c1ae33b365776ae1ee9d,FXS,-0.0523437689933961
0x56d3fc9aa7062fd7b893c1ae33b365776ae1ee9d,GRT,-0.0493095852151315
0x56d3fc9aa7062fd7b893c1ae33b365776ae1ee9d,HAI,-0.0268985615627026
0x56d3fc9aa7062fd7b893c1ae33b365776ae1ee9d,HERO,-0.028142741418837
0x56d3fc9aa7062fd7b893c1ae33b365776ae1ee9d,ICP,-0.0280899539098207
0x56d3fc9aa7062fd7b893c1ae33b365776ae1ee9d,IMX,-0.0316943393515272
0x56d3fc9aa7062fd7b893c1ae33b365776ae1ee9d,INJ,-0.0120154043646586
0x56d3fc9aa7062fd7b893c1ae33b365776ae1ee9d,LDO,-0.0358849458534509
0x56d3fc9aa7062fd7b893c1ae33b365776ae1ee9d,LINK,0.0212541522541143
0x56d3fc9aa7062fd7b893c1ae33b365776ae1ee9d,LTC,0.0093433414349142
0x56d3fc9aa7062fd7b893c1ae33b365776ae1ee9d,MATIC,-0.023239016586143
0x56d3fc9aa7062fd7b893c1ae33b365776ae1ee9d,MAV,-0.0393249713988992
0x56d3fc9aa7062fd7b893c1ae33b365776ae1ee9d,MBOX,-0.0330272243128723
0x56d3fc9aa7062fd7b893c1ae33b365776ae1ee9d,MKR,-0.038442074011358
0x56d3fc9aa7062fd7b893c1ae33b365776ae1ee9d,MOON,-0.0106957679960498
0x56d3fc9aa7062fd7b893c1ae33b365776ae1ee9d,NEAR,-0.0437898699120761
0x56d3fc9aa7062fd7b893c1ae33b365776ae1ee9d,OP,-0.0153206669015742
0x56d3fc9aa7062fd7b893c1ae33b365776ae1ee9d,PENDLE,-0.0359832498266287
0x56d3fc9aa7062fd7b893c1ae33b365776ae1ee9d,PEPE,-0.0482750959047161
0x56d3fc9aa7062fd7b893c1ae33b365776ae1ee9d,PERP,-0.0404312566591037
0x56d3fc9aa7062fd7b893c1ae33b365776ae1ee9d,PIT,-0.0397467852561079
0x56d3fc9aa7062fd7b893c1ae33b365776ae1ee9d,POLS,-0.0334098513726216
0x56d3fc9aa7062fd7b893c1ae33b365776ae1ee9d,PYTH,-0.0268719852949273
0x56d3fc9aa7062fd7b893c1ae33b365776ae1ee9d,QUACK,-0.0355832146128184
0x56d3fc9aa7062fd7b893c1ae33b365776ae1ee9d,RDNT,-0.0303714911005934
0x56d3fc9aa7062fd7b893c1ae33b365776ae1ee9d,RNDR,-0.0278947664456878
0x56d3fc9aa7062fd7b893c1ae33b365776ae1ee9d,RPL,-0.0345672162396465
0x56d3fc9aa7062fd7b893c1ae33b365776ae1ee9d,RUNE,-0.0362478644065456
0x56d3fc9aa7062fd7b893c1ae33b365776ae1ee9d,SFP,-0.0247363104898875
0x56d3fc9aa7062fd7b893c1ae33b365776ae1ee9d,SFUND,-0.0290449258762521
0x56d3fc9aa7062fd7b893c1ae33b365776ae1ee9d,SHIB,-0.0243760043864113
0x56d3fc9aa7062fd7b893c1ae33b365776ae1ee9d,SOL,0.0028171642072869
0x56d3fc9aa7062fd7b893c1ae33b365776ae1ee9d,STG,-0.0317863433624806
0x56d3fc9aa7062fd7b893c1ae33b365776ae1ee9d,SUI,-0.0081279941234015
0x56d3fc9aa7062fd7b893c1ae33b365776ae1ee9d,SUSHI,-0.0375308367455548
0x56d3fc9aa7062fd7b893c1ae33b365776ae1ee9d,TIA,-0.0667263272114981
0x56d3fc9aa7062fd7b893c1ae33b365776ae1ee9d,TOKEN,-0.0288113472840809
0x56d3fc9aa7062fd7b893c1ae33b365776ae1ee9d,TRX,-0.0454115353415742
0x56d3fc9aa7062fd7b893c1ae33b365776ae1ee9d,UNI,0.0105463994015706
0x56d3fc9aa7062fd7b893c1ae33b365776ae1ee9d,USDT,-0.0044576770040016
0x56d3fc9aa7062fd7b893c1ae33b365776ae1ee9d,XLM,-0.045030941391193
0x56d3fc9aa7062fd7b893c1ae33b365776ae1ee9d,XMR,-0.0433888426881389
0x56d3fc9aa7062fd7b893c1ae33b365776ae1ee9d,XRP,-0.0108033391126911
0x56d3fc9aa7062fd7b893c1ae33b365776ae1ee9d,XTZ,-0.0114354416090835
0x56d3fc9aa7062fd7b893c1ae33b365776ae1ee9d,XVS,-0.0376640597901237
0x56d3fc9aa7062fd7b893c1ae33b365776ae1ee9d,YFI,-0.0263100314112682
0x5f05ab6ed6106d6c962823e481bd9f39c6d60e96,AAVE,-0.0870134253928998
0x5f05ab6ed6106d6c962823e481bd9f39c6d60e96,ADA,-0.0049085290995664
0x5f05ab6ed6106d6c962823e481bd9f39c6d60e96,ALGO,-0.0035975828730237
0x5f05ab6ed6106d6c962823e481bd9f39c6d60e96,APE,-0.0582549188457132
0x5f05ab6ed6106d6c962823e481bd9f39c6d60e96,APT,-0.0426673488635485
0x5f05ab6ed6106d6c962823e481bd9f39c6d60e96,ATOM,-0.0754386479686579
0x5f05ab6ed6106d6c962823e481bd9f39c6d60e96,AVAX,0.000900539720697
0x5f05ab6ed6106d6c962823e481bd9f39c6d60e96,AXS,-0.0573929618517683
0x5f05ab6ed6106d6c962823e481bd9f39c6d60e96,BAL,-0.0562767405147255
0x5f05ab6ed6106d6c962823e481bd9f39c6d60e96,BCH,-0.014071194050722
0x5f05ab6ed6106d6c962823e481bd9f39c6d60e96,BLUR,-0.0621438679569392
0x5f05ab6ed6106d6c962823e481bd9f39c6d60e96,BNB,-0.0478249470838232
0x5f05ab6ed6106d6c962823e481bd9f39c6d60e96,BONK,-0.0717907934580801
0x5f05ab6ed6106d6c962823e481bd9f39c6d60e96,BTC,0.053229096585493
0x5f05ab6ed6106d6c962823e481bd9f39c6d60e96,C98,-0.0590266048520889
0x5f05ab6ed6106d6c962823e481bd9f39c6d60e96,CAKE,-0.0352140122377496
0x5f05ab6ed6106d6c962823e481bd9f39c6d60e96,COMP,-0.0665024657991439
0x5f05ab6ed6106d6c962823e481bd9f39c6d60e96,CRV,0.0029399635962999
0x5f05ab6ed6106d6c962823e481bd9f39c6d60e96,CVX,-0.0679095730130234
0x5f05ab6ed6106d6c962823e481bd9f39c6d60e96,DAI,-0.0048065128278656
0x5f05ab6ed6106d6c962823e481bd9f39c6d60e96,DAO,-0.0239024102005548
0x5f05ab6ed6106d6c962823e481bd9f39c6d60e96,DOGE,0.0010571985087368
0x5f05ab6ed6106d6c962823e481bd9f39c6d60e96,DOT,0.0060730705706745
0x5f05ab6ed6106d6c962823e481bd9f39c6d60e96,DYDX,-0.0467437277553839
0x5f05ab6ed6106d6c962823e481bd9f39c6d60e96,EOS,-0.0548452350332655
0x5f05ab6ed6106d6c962823e481bd9f39c6d60e96,ETC,-0.0084627294119468
0x5f05ab6ed6106d6c962823e481bd9f39c6d60e96,ETH,0.0003122686496905
0x5f05ab6ed6106d6c962823e481bd9f39c6d60e96,FET,-0.0622399120389847
0x5f05ab6ed6106d6c962823e481bd9f39c6d60e96,FIL,-0.0394270472903021
0x5f05ab6ed6106d6c962823e481bd9f39c6d60e96,FRAX,-0.003501571141603
0x5f05ab6ed6106d6c962823e481bd9f39c6d60e96,FTM,-0.0749947210154362
0x5f05ab6ed6106d6c962823e481bd9f39c6d60e96,FXS,-0.0723562415496767
0x5f05ab6ed6106d6c962823e481bd9f39c6d60e96,GRT,-0.0769393472111553
0x5f05ab6ed6106d6c962823e481bd9f39c6d60e96,HAI,-0.0232814826715587
0x5f05ab6ed6106d6c962823e481bd9f39c6d60e96,HERO,-0.0524047813732303
0x5f05ab6ed6106d6c962823e481bd9f39c6d60e96,ICP,-0.0580237935066653
0x5f05ab6ed6106d6c962823e481bd9f39c6d60e96,IMX,-0.060346641762114
0x5f05ab6ed6106d6c962823e481bd9f39c6d60e96,INJ,-0.004673040276097
0x5f05ab6ed6106d6c962823e481bd9f39c6d60e96,LDO,-0.0703829279693947
0x5f05ab6ed6106d6c962823e481bd9f39c6d60e96,LINK,0.0027120629785872
0x5f05ab6ed6106d6c962823e481bd9f39c6d60e96,LTC,-0.0055293398133769
0x5f05ab6ed6106d6c962823e481bd9f39c6d60e96,MATIC,-0.0478147436974544
0x5f05ab6ed6106d6c962823e481bd9f39c6d60e96,MAV,-0.0598526526460453
0x5f05ab6ed6106d6c962823e481bd9f39c6d60e96,MBOX,-0.0628611304723554
0x5f05ab6ed6106d6c962823e481bd9f39c6d60e96,MKR,-0.0957353144660958
0x5f05ab6ed6106d6c962823e481bd9f39c6d60e96,MOON,-0.0227107629105263
0x5f05ab6ed6106d6c962823e481bd9f39c6d60e96,NEAR,-0.0481899256988666
0x5f05ab6ed6106d6c962823e481bd9f39c6d60e96,OP,-0.0115097882834298
0x5f05ab6ed6106d6c962823e481bd9f39c6d60e96,PENDLE,-0.0692179454580091
0x5f05ab6ed6106d6c962823e481bd9f39c6d60e96,PEPE,-0.0472711851307122
0x5f05ab6ed6106d6c962823e481bd9f39c6d60e96,PERP,-0.0672514219465797
0x5f05ab6ed6106d6c962823e481bd9f39c6d60e96,PIT,-0.0693127404193081
0x5f05ab6ed6106d6c962823e481bd9f39c6d60e96,POLS,-0.0646054145122978
0x5f05ab6ed6106d6c962823e481bd9f39c6d60e96,PYTH,-0.0569537354585129
0x5f05ab6ed6106d6c962823e481bd9f39c6d60e96,QUACK,-0.0560835620722718
0x5f05ab6ed6106d6c962823e481bd9f39c6d60e96,RDNT,-0.0599236258027931
0x5f05ab6ed6106d6c962823e481bd9f39c6d60e96,RNDR,-0.0419748605119607
0x5f05ab6ed6106d6c962823e481bd9f39c6d60e96,RPL,-0.0680243983043724
0x5f05ab6ed6106d6c962823e481bd9f39c6d60e96,RUNE,-0.0635097008355118
0x5f05ab6ed6106d6c962823e481bd9f39c6d60e96,SFP,-0.0467127864059389
0x5f05ab6ed6106d6c962823e481bd9f39c6d60e96,SFUND,-0.0570093880759295
0x5f05ab6ed6106d6c962823e481bd9f39c6d60e96,SHIB,-0.0400643505047745
0x5f05ab6ed6106d6c962823e481bd9f39c6d60e96,SOL,0.0151717130384623
0x5f05ab6ed6106d6c962823e481bd9f39c6d60e96,STG,-0.0523325566972486
0x5f05ab6ed6106d6c962823e481bd9f39c6d60e96,SUI,-0.0127349191139531
0x5f05ab6ed6106d6c962823e481bd9f39c6d60e96,SUSHI,-0.0587037500520229
0x5f05ab6ed6106d6c962823e481bd9f39c6d60e96,TIA,-0.10970313096091
0x5f05ab6ed6106d6c962823e481bd9f39c6d60e96,TOKEN,-0.0572215173512272
0x5f05ab6ed6106d6c962823e481bd9f39c6d60e96,TRX,-0.0297886390845367
0x5f05ab6ed6106d6c962823e481bd9f39c6d60e96,UNI,-0.0001368643834164
0x5f05ab6ed6106d6c962823e481bd9f39c6d60e96,USDT,-0.005346661996025
0x5f05ab6ed6106d6c962823e481bd9f39c6d60e96,XLM,-0.0440340442993623
0x5f05ab6ed6106d6c962823e481bd9f39c6d60e96,XMR,-0.0491963023847418
0x5f05ab6ed6106d6c962823e481bd9f39c6d60e96,XRP,-0.0040224427113246
0x5f05ab6ed6106d6c962823e481bd9f39c6d60e96,XTZ,-0.0317177838466722
0x5f05ab6ed6106d6c962823e481bd9f39c6d60e96,XVS,-0.0672471242131232
0x5f05ab6ed6106d6c962823e481bd9f39c6d60e96,YFI,-0.0544924955309527
0x691577252ffff4f3eefcc386302f8ba5bc40a360,AAVE,-0.0131613703720114
0x691577252ffff4f3eefcc386302f8ba5bc40a360,ADA,-0.007641904265447
0x691577252ffff4f3eefcc386302f8ba5bc40a360,ALGO,-0.0185452905072562
0x691577252ffff4f3eefcc386302f8ba5bc40a360,APE,0.0012048535902626
0x691577252ffff4f3eefcc386302f8ba5bc40a360,APT,0.009023218998643
0x691577252ffff4f3eefcc386302f8ba5bc40a360,ATOM,-0.031681834428105
0x691577252ffff4f3eefcc386302f8ba5bc40a360,AVAX,0.0303060793378883
0x691577252ffff4f3eefcc386302f8ba5bc40a360,AXS,0.0076981335081238
0x691577252ffff4f3eefcc386302f8ba5bc40a360,BAL,-0.018648338954374
0x691577252ffff4f3eefcc386302f8ba5bc40a360,BCH,-0.0428856390096323
0x691577252ffff4f3eefcc386302f8ba5bc40a360,BLUR,-0.0189550169359968
0x691577252ffff4f3eefcc386302f8ba5bc40a360,BNB,0.0085806814833888
0x691577252ffff4f3eefcc386302f8ba5bc40a360,BONK,0.0131288127312308
0x691577252ffff4f3eefcc386302f8ba5bc40a360,BTC,-0.0371917345229313
0x691577252ffff4f3eefcc386302f8ba5bc40a360,C98,-0.0080929130669423
0x691577252ffff4f3eefcc386302f8ba5bc40a360,CAKE,-0.0141176115829203
0x691577252ffff4f3eefcc386302f8ba5bc40a360,COMP,-0.0038721994294174
0x691577252ffff4f3eefcc386302f8ba5bc40a360,CRV,-0.0203530737121815
0x691577252ffff4f3eefcc386302f8ba5bc40a360,CVX,-0.0086040971421377
0x691577252ffff4f3eefcc386302f8ba5bc40a360,DAI,-0.0294264534741721
0x691577252ffff4f3eefcc386302f8ba5bc40a360,DAO,-0.0320232745828598
0x691577252ffff4f3eefcc386302f8ba5bc40a360,DOGE,0.0320362289523984
0x691577252ffff4f3eefcc386302f8ba5bc40a360,DOT,0.0362519848658334
0x691577252ffff4f3eefcc386302f8ba5bc40a360,DYDX,0.0021108765852622
0x691577252ffff4f3eefcc386302f8ba5bc40a360,EOS,-0.0133680903220972
0x691577252ffff4f3eefcc386302f8ba5bc40a360,ETC,0.0017131240871747
0x691577252ffff4f3eefcc386302f8ba5bc40a360,ETH,0.0334622869981009
0x691577252ffff4f3eefcc386302f8ba5bc40a360,FET,-0.0037132038548474
0x691577252ffff4f3eefcc386302f8ba5bc40a360,FIL,-0.0062294777478239
0x691577252ffff4f3eefcc386302f8ba5bc40a360,FRAX,-0.0135329331839678
0x691577252ffff4f3eefcc386302f8ba5bc40a360,FTM,-0.0519931653644929
0x691577252ffff4f3eefcc386302f8ba5bc40a360,FXS,-0.0248364298630181
0x691577252ffff4f3eefcc386302f8ba5bc40a360,GRT,-0.0368118102945429
0x691577252ffff4f3eefcc386302f8ba5bc40a360,HAI,0.000051172705368538254
0x691577252ffff4f3eefcc386302f8ba5bc40a360,HERO,-0.003498077001239
0x691577252ffff4f3eefcc386302f8ba5bc40a360,ICP,0.0097492466934015
0x691577252ffff4f3eefcc386302f8ba5bc40a360,IMX,-0.0077015299217843
0x691577252ffff4f3eefcc386302f8ba5bc40a360,INJ,0.0008850251548723
0x691577252ffff4f3eefcc386302f8ba5bc40a360,LDO,-0.0166460784229338
0x691577252ffff4f3eefcc386302f8ba5bc40a360,LINK,-0.0111985986506529
0x691577252ffff4f3eefcc386302f8ba5bc40a360,LTC,0.0359920609181231
0x691577252ffff4f3eefcc386302f8ba5bc40a360,MATIC,-0.0119571791027236
0x691577252ffff4f3eefcc386302f8ba5bc40a360,MAV,-0.0210847196277667
0x691577252ffff4f3eefcc386302f8ba5bc40a360,MBOX,-0.0100013246281644
0x691577252ffff4f3eefcc386302f8ba5bc40a360,MKR,-0.0513960856699345
0x691577252ffff4f3eefcc386302f8ba5bc40a360,MOON,-0.0035815253908918
0x691577252ffff4f3eefcc386302f8ba5bc40a360,NEAR,-0.0088229232274701
0x691577252ffff4f3eefcc386302f8ba5bc40a360,OP,0.0770403079352079
0x691577252ffff4f3eefcc386302f8ba5bc40a360,PENDLE,-0.0089115258876169
0x691577252ffff4f3eefcc386302f8ba5bc40a360,PEPE,0.0065999330002726
0x691577252ffff4f3eefcc386302f8ba5bc40a360,PERP,-0.0192320344623424
0x691577252ffff4f3eefcc386302f8ba5bc40a360,PIT,-0.0234610080889002
0x691577252ffff4f3eefcc386302f8ba5bc40a360,POLS,-0.0174969232864427
0x691577252ffff4f3eefcc386302f8ba5bc40a360,PYTH,0.0108130592523502
0x691577252ffff4f3eefcc386302f8ba5bc40a360,QUACK,0.0075015813057466
0x691577252ffff4f3eefcc386302f8ba5bc40a360,RDNT,-0.0081828833181259
0x691577252ffff4f3eefcc386302f8ba5bc40a360,RNDR,-0.0191732225558558
0x691577252ffff4f3eefcc386302f8ba5bc40a360,RPL,-0.0214409324735343
0x691577252ffff4f3eefcc386302f8ba5bc40a360,RUNE,-0.0206255308053864
0x691577252ffff4f3eefcc386302f8ba5bc40a360,SFP,-0.0208008666913118
0x691577252ffff4f3eefcc386302f8ba5bc40a360,SFUND,-0.0071671019509569
0x691577252ffff4f3eefcc386302f8ba5bc40a360,SHIB,0.0016437824712062
0x691577252ffff4f3eefcc386302f8ba5bc40a360,SOL,-0.0218856689081097
0x691577252ffff4f3eefcc386302f8ba5bc40a360,STG,-0.0105664999117785
0x691577252ffff4f3eefcc386302f8ba5bc40a360,SUI,0.0256384867967163
0x691577252ffff4f3eefcc386302f8ba5bc40a360,SUSHI,-0.0210038715512069
0x691577252ffff4f3eefcc386302f8ba5bc40a360,TIA,-0.0198262766047981
0x691577252ffff4f3eefcc386302f8ba5bc40a360,TOKEN,0.0077616932308733
0x691577252ffff4f3eefcc386302f8ba5bc40a360,TRX,-0.0004393136891132
0x691577252ffff4f3eefcc386302f8ba5bc40a360,UNI,0.0642613429137369
0x691577252ffff4f3eefcc386302f8ba5bc40a360,USDT,0.0909023609173587
0x691577252ffff4f3eefcc386302f8ba5bc40a360,XLM,-0.0263602925919347
0x691577252ffff4f3eefcc386302f8ba5bc40a360,XMR,-0.0062390143225294
0x691577252ffff4f3eefcc386302f8ba5bc40a360,XRP,-0.0032653171421794
0x691577252ffff4f3eefcc386302f8ba5bc40a360,XTZ,-0.058427950255978
0x691577252ffff4f3eefcc386302f8ba5bc40a360,XVS,-0.0315756627227116
0x691577252ffff4f3eefcc386302f8ba5bc40a360,YFI,-0.0231910061357526
0x6cb72d052d57563180474923fdd9f827455637db,AAVE,0.0
0x6cb72d052d57563180474923fdd9f827455637db,ADA,0.0
0x6cb72d052d57563180474923fdd9f827455637db,ALGO,-0.05
0x6cb72d052d57563180474923fdd9f827455637db,APE,0.0
0x6cb72d052d57563180474923fdd9f827455637db,APT,-0.05
0x6cb72d052d57563180474923fdd9f827455637db,ATOM,-0.05
0x6cb72d052d57563180474923fdd9f827455637db,AVAX,-0.05
0x6cb72d052d57563180474923fdd9f827455637db,AXS,0.0
0x6cb72d052d57563180474923fdd9f827455637db,BAL,0.0
0x6cb72d052d57563180474923fdd9f827455637db,BCH,0.0
0x6cb72d052d57563180474923fdd9f827455637db,BLUR,0.0
0x6cb72d052d57563180474923fdd9f827455637db,BNB,0.0
0x6cb72d052d57563180474923fdd9f827455637db,BONK,0.0
0x6cb72d052d57563180474923fdd9f827455637db,BTC,0.0
0x6cb72d052d57563180474923fdd9f827455637db,C98,0.0
0x6cb72d052d57563180474923fdd9f827455637db,CAKE,0.05
0x6cb72d052d57563180474923fdd9f827455637db,COMP,0.0
0x6cb72d052d57563180474923fdd9f827455637db,CRV,0.0
0x6cb72d052d57563180474923fdd9f827455637db,CVX,0.0
0x6cb72d052d57563180474923fdd9f827455637db,DAI,0.0
0x6cb72d052d57563180474923fdd9f827455637db,DAO,0.0
0x6cb72d052d57563180474923fdd9f827455637db,DOGE,0.05
0x6cb72d052d57563180474923fdd9f827455637db,DOT,0.0
0x6cb72d052d57563180474923fdd9f827455637db,DYDX,-0.05
0x6cb72d052d57563180474923fdd9f827455637db,EOS,0.0
0x6cb72d052d57563180474923fdd9f827455637db,ETC,0.0
0x6cb72d052d57563180474923fdd9f827455637db,ETH,0.0
0x6cb72d052d57563180474923fdd9f827455637db,FET,0.0
0x6cb72d052d57563180474923fdd9f827455637db,FIL,0.0
0x6cb72d052d57563180474923fdd9f827455637db,FRAX,0.0
0x6cb72d052d57563180474923fdd9f827455637db,FTM,0.0
0x6cb72d052d57563180474923fdd9f827455637db,FXS,0.0
0x6cb72d052d57563180474923fdd9f827455637db,GRT,0.05
0x6cb72d052d57563180474923fdd9f827455637db,HAI,0.0
0x6cb72d052d57563180474923fdd9f827455637db,HERO,0.0
0x6cb72d052d57563180474923fdd9f827455637db,ICP,0.0
0x6cb72d052d57563180474923fdd9f827455637db,IMX,0.0
0x6cb72d052d57563180474923fdd9f827455637db,INJ,0.05
0x6cb72d052d57563180474923fdd9f827455637db,LDO,0.0
0x6cb72d052d57563180474923fdd9f827455637db,LINK,0.05
0x6cb72d052d57563180474923fdd9f827455637db,LTC,0.0
0x6cb72d052d57563180474923fdd9f827455637db,MATIC,0.0
0x6cb72d052d57563180474923fdd9f827455637db,MAV,-0.05
0x6cb72d052d57563180474923fdd9f827455637db,MBOX,-0.05
0x6cb72d052d57563180474923fdd9f827455637db,MKR,0.0
0x6cb72d052d57563180474923fdd9f827455637db,MOON,0.0
0x6cb72d052d57563180474923fdd9f827455637db,NEAR,-0.05
0x6cb72d052d57563180474923fdd9f827455637db,OP,0.0
0x6cb72d052d57563180474923fdd9f827455637db,PENDLE,0.05
0x6cb72d052d57563180474923fdd9f827455637db,PEPE,-0.05
0x6cb72d052d57563180474923fdd9f827455637db,PERP,0.05
0x6cb72d052d57563180474923fdd9f827455637db,PIT,0.0
0x6cb72d052d57563180474923fdd9f827455637db,POLS,0.0
0x6cb72d052d57563180474923fdd9f827455637db,PYTH,-0.05
0x6cb72d052d57563180474923fdd9f827455637db,QUACK,0.0
0x6cb72d052d57563180474923fdd9f827455637db,RDNT,0.0
0x6cb72d052d57563180474923fdd9f827455637db,RNDR,0.0
0x6cb72d052d57563180474923fdd9f827455637db,RPL,0.0
0x6cb72d052d57563180474923fdd9f827455637db,RUNE,0.0
0x6cb72d052d57563180474923fdd9f827455637db,SFP,0.0
0x6cb72d052d57563180474923fdd9f827455637db,SFUND,0.0
0x6cb72d052d57563180474923fdd9f827455637db,SHIB,0.05
0x6cb72d052d57563180474923fdd9f827455637db,SOL,0.0
0x6cb72d052d57563180474923fdd9f827455637db,STG,0.05
0x6cb72d052d57563180474923fdd9f827455637db,SUI,0.0
0x6cb72d052d57563180474923fdd9f827455637db,SUSHI,0.05
0x6cb72d052d57563180474923fdd9f827455637db,TIA,0.0
0x6cb72d052d57563180474923fdd9f827455637db,TOKEN,0.0
0x6cb72d052d57563180474923fdd9f827455637db,TRX,0.0
0x6cb72d052d57563180474923fdd9f827455637db,UNI,0.0
0x6cb72d052d57563180474923fdd9f827455637db,USDT,0.0
0x6cb72d052d57563180474923fdd9f827455637db,XLM,0.0
0x6cb72d052d57563180474923fdd9f827455637db,XMR,0.0
0x6cb72d052d57563180474923fdd9f827455637db,XRP,0.0
0x6cb72d052d57563180474923fdd9f827455637db,XTZ,0.0
0x6cb72d052d57563180474923fdd9f827455637db,XVS,0.0
0x6cb72d052d57563180474923fdd9f827455637db,YFI,0.0
0x756ef834ecc631b289ef489408276b1d1f6479bd,AAVE,0.0469438548442059
0x756ef834ecc631b289ef489408276b1d1f6479bd,ADA,0.0180985361608395
0x756ef834ecc631b289ef489408276b1d1f6479bd,ALGO,0.0322520831012758
0x756ef834ecc631b289ef489408276b1d1f6479bd,APE,-0.0139389947360469
0x756ef834ecc631b289ef489408276b1d1f6479bd,APT,0.0276407337622839
0x756ef834ecc631b289ef489408276b1d1f6479bd,ATOM,-0.0077769151113777
0x756ef834ecc631b289ef489408276b1d1f6479bd,AVAX,0.0513614520913712
0x756ef834ecc631b289ef489408276b1d1f6479bd,AXS,0.0356090015141446
0x756ef834ecc631b289ef489408276b1d1f6479bd,BAL,0.0158512279530421
0x756ef834ecc631b289ef489408276b1d1f6479bd,BCH,0.0278256594802104
0x756ef834ecc631b289ef489408276b1d1f6479bd,BLUR,0.0061129930335786
0x756ef834ecc631b289ef489408276b1d1f6479bd,BNB,0.0371576056564748
0x756ef834ecc631b289ef489408276b1d1f6479bd,BONK,0.0226387178748592
0x756ef834ecc631b289ef489408276b1d1f6479bd,BTC,0.0846840163520244
0x756ef834ecc631b289ef489408276b1d1f6479bd,C98,0.0175811000546846
0x756ef834ecc631b289ef489408276b1d1f6479bd,CAKE,-0.0320965858918953
0x756ef834ecc631b289ef489408276b1d1f6479bd,COMP,0.043681170329598
0x756ef834ecc631b289ef489408276b1d1f6479bd,CRV,0.0273739090145845
0x756ef834ecc631b289ef489408276b1d1f6479bd,CVX,0.0150200333387894
0x756ef834ecc631b289ef489408276b1d1f6479bd,DAI,-0.0291475741495212
0x756ef834ecc631b289ef489408276b1d1f6479bd,DAO,0.0308507296123099
0x756ef834ecc631b289ef489408276b1d1f6479bd,DOGE,0.0145258332259405
0x756ef834ecc631b289ef489408276b1d1f6479bd,DOT,-0.0076930578434233
0x756ef834ecc631b289ef489408276b1d1f6479bd,DYDX,0.0048999522887702
0x756ef834ecc631b289ef489408276b1d1f6479bd,EOS,0.0045524713911582
0x756ef834ecc631b289ef489408276b1d1f6479bd,ETC,0.0181853061424891
0x756ef834ecc631b289ef489408276b1d1f6479bd,ETH,0.025841732879153
0x756ef834ecc631b289ef489408276b1d1f6479bd,FET,-0.042087203048394
0x756ef834ecc631b289ef489408276b1d1f6479bd,FIL,0.0414697548641741
0x756ef834ecc631b289ef489408276b1d1f6479bd,FRAX,0.0066304011992754
0x756ef834ecc631b289ef489408276b1d1f6479bd,FTM,0.0002375792317298
0x756ef834ecc631b289ef489408276b1d1f6479bd,FXS,-0.0527359926572173
0x756ef834ecc631b289ef489408276b1d1f6479bd,GRT,0.0329414309161692
0x756ef834ecc631b289ef489408276b1d1f6479bd,HAI,0.0199023598826852
0x756ef834ecc631b289ef489408276b1d1f6479bd,HERO,-0.0093960219388815
0x756ef834ecc631b289ef489408276b1d1f6479bd,ICP,-0.0023609462067638
0x756ef834ecc631b289ef489408276b1d1f6479bd,IMX,0.0411007309452396
0x756ef834ecc631b289ef489408276b1d1f6479bd,INJ,-0.0032388748573799
0x756ef834ecc631b289ef489408276b1d1f6479bd,LDO,-0.0270040340848175
0x756ef834ecc631b289ef489408276b1d1f6479bd,LINK,0.0718239008519299
0x756ef834ecc631b289ef489408276b1d1f6479bd,LTC,0.0489805485699126
0x756ef834ecc631b289ef489408276b1d1f6479bd,MATIC,0.0570690843302205
0x756ef834ecc631b289ef489408276b1d1f6479bd,MAV,0.0046050999852563
0x756ef834ecc631b289ef489408276b1d1f6479bd,MBOX,0.0211263092287613
0x756ef834ecc631b289ef489408276b1d1f6479bd,MKR,-0.010826911750577
0x756ef834ecc631b289ef489408276b1d1f6479bd,MOON,-0.0400009602331842
0x756ef834ecc631b289ef489408276b1d1f6479bd,NEAR,0.0012134019255308
0x756ef834ecc631b289ef489408276b1d1f6479bd,OP,0.0196785773610584
0x756ef834ecc631b289ef489408276b1d1f6479bd,PENDLE,-0.0077238622055066
0x756ef834ecc631b289ef489408276b1d1f6479bd,PEPE,0.0182898405871221
0x756ef834ecc631b289ef489408276b1d1f6479bd,PERP,0.042074553496308
0x756ef834ecc631b289ef489408276b1d1f6479bd,PIT,-0.0116716759668955
0x756ef834ecc631b289ef489408276b1d1f6479bd,POLS,-0.0204154781203038
0x756ef834ecc631b289ef489408276b1d1f6479bd,PYTH,0.0125721899634023
0x756ef834ecc631b289ef489408276b1d1f6479bd,QUACK,0.0074525085929876
0x756ef834ecc631b289ef489408276b1d1f6479bd,RDNT,-0.0077109283938963
0x756ef834ecc631b289ef489408276b1d1f6479bd,RNDR,0.0462870013126084
0x756ef834ecc631b289ef489408276b1d1f6479bd,RPL,0.0054727517212121
0x756ef834ecc631b289ef489408276b1d1f6479bd,RUNE,0.00009127397865772366
0x756ef834ecc631b289ef489408276b1d1f6479bd,SFP,0.0465853656561805
0x756ef834ecc631b289ef489408276b1d1f6479bd,SFUND,0.0080463849901352
0x756ef834ecc631b289ef489408276b1d1f6479bd,SHIB,0.018636602487925
0x756ef834ecc631b289ef489408276b1d1f6479bd,SOL,-0.0285588367549347
0x756ef834ecc631b289ef489408276b1d1f6479bd,STG,0.0041291286032897
0x756ef834ecc631b289ef489408276b1d1f6479bd,SUI,0.0093647358713374
0x756ef834ecc631b289ef489408276b1d1f6479bd,SUSHI,0.0235639590173001
0x756ef834ecc631b289ef489408276b1d1f6479bd,TIA,-0.0355822096017598
0x756ef834ecc631b289ef489408276b1d1f6479bd,TOKEN,0.0172266152963053
0x756ef834ecc631b289ef489408276b1d1f6479bd,TRX,-0.0132392271624983
0x756ef834ecc631b289ef489408276b1d1f6479bd,UNI,0.0689747840903343
0x756ef834ecc631b289ef489408276b1d1f6479bd,USDT,0.0294678880500447
0x756ef834ecc631b289ef489408276b1d1f6479bd,XLM,0.0260116963282689
0x756ef834ecc631b289ef489408276b1d1f6479bd,XMR,-0.004912530579685
0x756ef834ecc631b289ef489408276b1d1f6479bd,XRP,-0.0059169667143307
0x756ef834ecc631b289ef489408276b1d1f6479bd,XTZ,0.0035948644260112
0x756ef834ecc631b289ef489408276b1d1f6479bd,XVS,-0.0100437046440728
0x756ef834ecc631b289ef489408276b1d1f6479bd,YFI,0.0091396981183454
0x770a3026f8a348bebac2ba84cfc82f4ea01b420a,AAVE,-0.005241099
0x770a3026f8a348bebac2ba84cfc82f4ea01b420a,ADA,-0.0031133522
0x770a3026f8a348bebac2ba84cfc82f4ea01b420a,ALGO,-0.0033287867
0x770a3026f8a348bebac2ba84cfc82f4ea01b420a,APE,-0.0040207636
0x770a3026f8a348bebac2ba84cfc82f4ea01b420a,APT,-0.0018769486
0x770a3026f8a348bebac2ba84cfc82f4ea01b420a,ATOM,-0.0060941717
0x770a3026f8a348bebac2ba84cfc82f4ea01b420a,AVAX,-0.0026181121
0x770a3026f8a348bebac2ba84cfc82f4ea01b420a,AXS,-0.0038489918
0x770a3026f8a348bebac2ba84cfc82f4ea01b420a,BAL,-0.0044582495
0x770a3026f8a348bebac2ba84cfc82f4ea01b420a,BCH,-0.0010648775
0x770a3026f8a348bebac2ba84cfc82f4ea01b420a,BLUR,-0.0043034
0x770a3026f8a348bebac2ba84cfc82f4ea01b420a,BNB,-0.0020979568
0x770a3026f8a348bebac2ba84cfc82f4ea01b420a,BONK,-0.0056116143
0x770a3026f8a348bebac2ba84cfc82f4ea01b420a,BTC,-0.0014159973
0x770a3026f8a348bebac2ba84cfc82f4ea01b420a,C98,-0.0034997652
0x770a3026f8a348bebac2ba84cfc82f4ea01b420a,CAKE,-0.0011937364
0x770a3026f8a348bebac2ba84cfc82f4ea01b420a,COMP,-0.004411048
0x770a3026f8a348bebac2ba84cfc82f4ea01b420a,CRV,-0.0018961425
0x770a3026f8a348bebac2ba84cfc82f4ea01b420a,CVX,-0.004752332
0x770a3026f8a348bebac2ba84cfc82f4ea01b420a,DAI,-0.0020880704
0x770a3026f8a348bebac2ba84cfc82f4ea01b420a,DAO,-0.0037374094
0x770a3026f8a348bebac2ba84cfc82f4ea01b420a,DOGE,-0.0023167836
0x770a3026f8a348bebac2ba84cfc82f4ea01b420a,DOT,-0.0029942854
0x770a3026f8a348bebac2ba84cfc82f4ea01b420a,DYDX,-0.004026636
0x770a3026f8a348bebac2ba84cfc82f4ea01b420a,EOS,-0.005465599
0x770a3026f8a348bebac2ba84cfc82f4ea01b420a,ETC,-0.002879943
0x770a3026f8a348bebac2ba84cfc82f4ea01b420a,ETH,-0.003330126
0x770a3026f8a348bebac2ba84cfc82f4ea01b420a,FET,-0.004763547
0x770a3026f8a348bebac2ba84cfc82f4ea01b420a,FIL,-0.005577538
0x770a3026f8a348bebac2ba84cfc82f4ea01b420a,FRAX,-0.0016384129
0x770a3026f8a348bebac2ba84cfc82f4ea01b420a,FTM,-0.004934677
0x770a3026f8a348bebac2ba84cfc82f4ea01b420a,FXS,-0.0048203394
0x770a3026f8a348bebac2ba84cfc82f4ea01b420a,GRT,-0.003726016
0x770a3026f8a348bebac2ba84cfc82f4ea01b420a,HAI,-0.0032882984
0x770a3026f8a348bebac2ba84cfc82f4ea01b420a,HERO,-0.004752332
0x770a3026f8a348bebac2ba84cfc82f4ea01b420a,ICP,-0.0048315795
0x770a3026f8a348bebac2ba84cfc82f4ea01b420a,IMX,-0.0043034
0x770a3026f8a348bebac2ba84cfc82f4ea01b420a,INJ,-0.0025818958
0x770a3026f8a348bebac2ba84cfc82f4ea01b420a,LDO,-0.003776529
0x770a3026f8a348bebac2ba84cfc82f4ea01b420a,LINK,-0.004181741
0x770a3026f8a348bebac2ba84cfc82f4ea01b420a,LTC,-0.00068550254
0x770a3026f8a348bebac2ba84cfc82f4ea01b420a,MATIC,-0.0060917567
0x770a3026f8a348bebac2ba84cfc82f4ea01b420a,MAV,-0.0043034
0x770a3026f8a348bebac2ba84cfc82f4ea01b420a,MBOX,-0.0043034
0x770a3026f8a348bebac2ba84cfc82f4ea01b420a,MKR,-0.0041721957
0x770a3026f8a348bebac2ba84cfc82f4ea01b420a,MOON,-0.003597078
0x770a3026f8a348bebac2ba84cfc82f4ea01b420a,NEAR,-0.0038489918
0x770a3026f8a348bebac2ba84cfc82f4ea01b420a,OP,-0.0028218809
0x770a3026f8a348bebac2ba84cfc82f4ea01b420a,PENDLE,-0.003776529
0x770a3026f8a348bebac2ba84cfc82f4ea01b420a,PEPE,-0.0064487066
0x770a3026f8a348bebac2ba84cfc82f4ea01b420a,PERP,-0.006107905
0x770a3026f8a348bebac2ba84cfc82f4ea01b420a,PIT,-0.0056064576
0x770a3026f8a348bebac2ba84cfc82f4ea01b420a,POLS,-0.004752332
0x770a3026f8a348bebac2ba84cfc82f4ea01b420a,PYTH,-0.003776529
0x770a3026f8a348bebac2ba84cfc82f4ea01b420a,QUACK,-0.003861045
0x770a3026f8a348bebac2ba84cfc82f4ea01b420a,RDNT,-0.003776529
0x770a3026f8a348bebac2ba84cfc82f4ea01b420a,RNDR,-0.0044562677
0x770a3026f8a348bebac2ba84cfc82f4ea01b420a,RPL,-0.0043034
0x770a3026f8a348bebac2ba84cfc82f4ea01b420a,RUNE,-0.00558009
0x770a3026f8a348bebac2ba84cfc82f4ea01b420a,SFP,-0.0040748236
0x770a3026f8a348bebac2ba84cfc82f4ea01b420a,SFUND,-0.0043034
0x770a3026f8a348bebac2ba84cfc82f4ea01b420a,SHIB,-0.0021554497
0x770a3026f8a348bebac2ba84cfc82f4ea01b420a,SOL,-0.0031216657
0x770a3026f8a348bebac2ba84cfc82f4ea01b420a,STG,-0.003420354
0x770a3026f8a348bebac2ba84cfc82f4ea01b420a,SUI,-0.00081739365
0x770a3026f8a348bebac2ba84cfc82f4ea01b420a,SUSHI,-0.003776529
0x770a3026f8a348bebac2ba84cfc82f4ea01b420a,TIA,-0.0050193663
0x770a3026f8a348bebac2ba84cfc82f4ea01b420a,TOKEN,-0.0043034
0x770a3026f8a348bebac2ba84cfc82f4ea01b420a,TRX,-0.0024774822
0x770a3026f8a348bebac2ba84cfc82f4ea01b420a,UNI,-0.0051032663
0x770a3026f8a348bebac2ba84cfc82f4ea01b420a,USDT,-0.001962874
0x770a3026f8a348bebac2ba84cfc82f4ea01b420a,XLM,-0.0043504294
0x770a3026f8a348bebac2ba84cfc82f4ea01b420a,XMR,-0.0024839477
0x770a3026f8a348bebac2ba84cfc82f4ea01b420a,XRP,-0.00095992256
0x770a3026f8a348bebac2ba84cfc82f4ea01b420a,XTZ,-0.004133824
0x770a3026f8a348bebac2ba84cfc82f4ea01b420a,XVS,-0.004752332
0x770a3026f8a348bebac2ba84cfc82f4ea01b420a,YFI,-0.004752332
0x7824282944b7cc7b8ef86ed9adbe21f49b247f97,AAVE,0.5432994
0x7824282944b7cc7b8ef86ed9adbe21f49b247f97,ADA,0.5013891
0x7824282944b7cc7b8ef86ed9adbe21f49b247f97,ALGO,0.5267973
0x7824282944b7cc7b8ef86ed9adbe21f49b247f97,APE,0.5241113
0x7824282944b7cc7b8ef86ed9adbe21f49b247f97,APT,0.52619207
0x7824282944b7cc7b8ef86ed9adbe21f49b247f97,ATOM,0.4586977
0x7824282944b7cc7b8ef86ed9adbe21f49b247f97,AVAX,0.5376938
0x7824282944b7cc7b8ef86ed9adbe21f49b247f97,AXS,0.5225633
0x7824282944b7cc7b8ef86ed9adbe21f49b247f97,BAL,0.528182
0x7824282944b7cc7b8ef86ed9adbe21f49b247f97,BCH,0.51821357
0x7824282944b7cc7b8ef86ed9adbe21f49b247f97,BLUR,0.5184388
0x7824282944b7cc7b8ef86ed9adbe21f49b247f97,BNB,0.5201752
0x7824282944b7cc7b8ef86ed9adbe21f49b247f97,BONK,0.5190451
0x7824282944b7cc7b8ef86ed9adbe21f49b247f97,BTC,0.56065845
0x7824282944b7cc7b8ef86ed9adbe21f49b247f97,C98,0.5006779
0x7824282944b7cc7b8ef86ed9adbe21f49b247f97,CAKE,0.4460988
0x7824282944b7cc7b8ef86ed9adbe21f49b247f97,COMP,0.53775364
0x7824282944b7cc7b8ef86ed9adbe21f49b247f97,CRV,0.5179465
0x7824282944b7cc7b8ef86ed9adbe21f49b247f97,CVX,0.50602293
0x7824282944b7cc7b8ef86ed9adbe21f49b247f97,DAI,0.5189342
0x7824282944b7cc7b8ef86ed9adbe21f49b247f97,DAO,0.51905525
0x7824282944b7cc7b8ef86ed9adbe21f49b247f97,DOGE,0.52129716
0x7824282944b7cc7b8ef86ed9adbe21f49b247f97,DOT,0.5249655
0x7824282944b7cc7b8ef86ed9adbe21f49b247f97,DYDX,0.51573914
0x7824282944b7cc7b8ef86ed9adbe21f49b247f97,EOS,0.5320522
0x7824282944b7cc7b8ef86ed9adbe21f49b247f97,ETC,0.53874093
0x7824282944b7cc7b8ef86ed9adbe21f49b247f97,ETH,0.54945743
0x7824282944b7cc7b8ef86ed9adbe21f49b247f97,FET,0.51180226
0x7824282944b7cc7b8ef86ed9adbe21f49b247f97,FIL,0.5203902
0x7824282944b7cc7b8ef86ed9adbe21f49b247f97,FRAX,0.5321318
0x7824282944b7cc7b8ef86ed9adbe21f49b247f97,FTM,0.43830094
0x7824282944b7cc7b8ef86ed9adbe21f49b247f97,FXS,0.4240556
0x7824282944b7cc7b8ef86ed9adbe21f49b247f97,GRT,0.5198564
0x7824282944b7cc7b8ef86ed9adbe21f49b247f97,HAI,0.5187887
0x7824282944b7cc7b8ef86ed9adbe21f49b247f97,HERO,0.50652814
0x7824282944b7cc7b8ef86ed9adbe21f49b247f97,ICP,0.5328522
0x7824282944b7cc7b8ef86ed9adbe21f49b247f97,IMX,0.5037245
0x7824282944b7cc7b8ef86ed9adbe21f49b247f97,INJ,0.5143531
0x7824282944b7cc7b8ef86ed9adbe21f49b247f97,LDO,0.5040764
0x7824282944b7cc7b8ef86ed9adbe21f49b247f97,LINK,0.5352601
0x7824282944b7cc7b8ef86ed9adbe21f49b247f97,LTC,0.5231688
0x7824282944b7cc7b8ef86ed9adbe21f49b247f97,MATIC,0.52180815
0x7824282944b7cc7b8ef86ed9adbe21f49b247f97,MAV,0.4754784
0x7824282944b7cc7b8ef86ed9adbe21f49b247f97,MBOX,0.5062577
0x7824282944b7cc7b8ef86ed9adbe21f49b247f97,MKR,0.46734142
0x7824282944b7cc7b8ef86ed9adbe21f49b247f97,MOON,0.45449752
0x7824282944b7cc7b8ef86ed9adbe21f49b247f97,NEAR,0.5229627
0x7824282944b7cc7b8ef86ed9adbe21f49b247f97,OP,0.53578967
0x7824282944b7cc7b8ef86ed9adbe21f49b247f97,PENDLE,0.5033788
0x7824282944b7cc7b8ef86ed9adbe21f49b247f97,PEPE,0.47977713
0x7824282944b7cc7b8ef86ed9adbe21f49b247f97,PERP,0.5281945
0x7824282944b7cc7b8ef86ed9adbe21f49b247f97,PIT,0.5096306
0x7824282944b7cc7b8ef86ed9adbe21f49b247f97,POLS,0.5148053
0x7824282944b7cc7b8ef86ed9adbe21f49b247f97,PYTH,0.5121699
0x7824282944b7cc7b8ef86ed9adbe21f49b247f97,QUACK,0.50232095
0x7824282944b7cc7b8ef86ed9adbe21f49b247f97,RDNT,0.52100885
0x7824282944b7cc7b8ef86ed9adbe21f49b247f97,RNDR,0.5159821
0x7824282944b7cc7b8ef86ed9adbe21f49b247f97,RPL,0.51009315
0x7824282944b7cc7b8ef86ed9adbe21f49b247f97,RUNE,0.5116545
0x7824282944b7cc7b8ef86ed9adbe21f49b247f97,SFP,0.53647536
0x7824282944b7cc7b8ef86ed9adbe21f49b247f97,SFUND,0.5074602
0x7824282944b7cc7b8ef86ed9adbe21f49b247f97,SHIB,0.51097363
0x7824282944b7cc7b8ef86ed9adbe21f49b247f97,SOL,0.53211224
0x7824282944b7cc7b8ef86ed9adbe21f49b247f97,STG,0.52127355
0x7824282944b7cc7b8ef86ed9adbe21f49b247f97,SUI,0.5309878
0x7824282944b7cc7b8ef86ed9adbe21f49b247f97,SUSHI,0.51653737
0x7824282944b7cc7b8ef86ed9adbe21f49b247f97,TIA,0.4849015
0x7824282944b7cc7b8ef86ed9adbe21f49b247f97,TOKEN,0.504765
0x7824282944b7cc7b8ef86ed9adbe21f49b247f97,TRX,0.53158975
0x7824282944b7cc7b8ef86ed9adbe21f49b247f97,UNI,0.53254116
0x7824282944b7cc7b8ef86ed9adbe21f49b247f97,USDT,0.5311857
0x7824282944b7cc7b8ef86ed9adbe21f49b247f97,XLM,0.5181669
0x7824282944b7cc7b8ef86ed9adbe21f49b247f97,XMR,0.5626016
0x7824282944b7cc7b8ef86ed9adbe21f49b247f97,XRP,0.4997723
0x7824282944b7cc7b8ef86ed9adbe21f49b247f97,XTZ,0.53408355
0x7824282944b7cc7b8ef86ed9adbe21f49b247f97,XVS,0.50144917
0x7824282944b7cc7b8ef86ed9adbe21f49b247f97,YFI,0.5624647
0x7de5ac173e8ee69177f6243cf9c70608f6e1ad05,AAVE,-0.0544153973583745
0x7de5ac173e8ee69177f6243cf9c70608f6e1ad05,ADA,-0.0167920661131254
0x7de5ac173e8ee69177f6243cf9c70608f6e1ad05,ALGO,-0.0131941188487865
0x7de5ac173e8ee69177f6243cf9c70608f6e1ad05,APE,-0.0652545538039969
0x7de5ac173e8ee69177f6243cf9c70608f6e1ad05,APT,-0.0390301811187993
0x7de5ac173e8ee69177f6243cf9c70608f6e1ad05,ATOM,-0.0852089883611014
0x7de5ac173e8ee69177f6243cf9c70608f6e1ad05,AVAX,0.0040205063561641
0x7de5ac173e8ee69177f6243cf9c70608f6e1ad05,AXS,-0.037121987154213
0x7de5ac173e8ee69177f6243cf9c70608f6e1ad05,BAL,-0.0448566396006455
0x7de5ac173e8ee69177f6243cf9c70608f6e1ad05,BCH,-0.0073735866841187
0x7de5ac173e8ee69177f6243cf9c70608f6e1ad05,BLUR,-0.0442641997770025
0x7de5ac173e8ee69177f6243cf9c70608f6e1ad05,BNB,-0.0670903994533448
0x7de5ac173e8ee69177f6243cf9c70608f6e1ad05,BONK,-0.0623930917395685
0x7de5ac173e8ee69177f6243cf9c70608f6e1ad05,BTC,-0.0022072809620721
0x7de5ac173e8ee69177f6243cf9c70608f6e1ad05,C98,-0.0610679912532197
0x7de5ac173e8ee69177f6243cf9c70608f6e1ad05,CAKE,-0.0348716847042779
0x7de5ac173e8ee69177f6243cf9c70608f6e1ad05,COMP,-0.0375453686551962
0x7de5ac173e8ee69177f6243cf9c70608f6e1ad05,CRV,-0.0343023775390869
0x7de5ac173e8ee69177f6243cf9c70608f6e1ad05,CVX,-0.0531031102054152
0x7de5ac173e8ee69177f6243cf9c70608f6e1ad05,DAI,-0.0054588243212419
0x7de5ac173e8ee69177f6243cf9c70608f6e1ad05,DAO,-0.0062369389347723
0x7de5ac173e8ee69177f6243cf9c70608f6e1ad05,DOGE,-0.0007854111146932
0x7de5ac173e8ee69177f6243cf9c70608f6e1ad05,DOT,-0.0028518396452988
0x7de5ac173e8ee69177f6243cf9c70608f6e1ad05,DYDX,-0.0195057333761637
0x7de5ac173e8ee69177f6243cf9c70608f6e1ad05,EOS,-0.0338186432442356
0x7de5ac173e8ee69177f6243cf9c70608f6e1ad05,ETC,-0.0252219038248349
0x7de5ac173e8ee69177f6243cf9c70608f6e1ad05,ETH,-0.0228188446482871
0x7de5ac173e8ee69177f6243cf9c70608f6e1ad05,FET,-0.0436857869654518
0x7de5ac173e8ee69177f6243cf9c70608f6e1ad05,FIL,-0.0339402796105024
0x7de5ac173e8ee69177f6243cf9c70608f6e1ad05,FRAX,-0.0112981096497316
0x7de5ac173e8ee69177f6243cf9c70608f6e1ad05,FTM,-0.0834774673780123
0x7de5ac173e8ee69177f6243cf9c70608f6e1ad05,FXS,-0.0969404154986398
0x7de5ac173e8ee69177f6243cf9c70608f6e1ad05,GRT,-0.0453798695100066
0x7de5ac173e8ee69177f6243cf9c70608f6e1ad05,HAI,-0.0387706658795778
0x7de5ac173e8ee69177f6243cf9c70608f6e1ad05,HERO,-0.0556339321893076
0x7de5ac173e8ee69177f6243cf9c70608f6e1ad05,ICP,-0.0209534519699294
0x7de5ac173e8ee69177f6243cf9c70608f6e1ad05,IMX,-0.0423414108575653
0x7de5ac173e8ee69177f6243cf9c70608f6e1ad05,INJ,-0.0177189343332952
0x7de5ac173e8ee69177f6243cf9c70608f6e1ad05,LDO,-0.054469727110893
0x7de5ac173e8ee69177f6243cf9c70608f6e1ad05,LINK,-0.0040426219945706
0x7de5ac173e8ee69177f6243cf9c70608f6e1ad05,LTC,0.0098176008220301
0x7de5ac173e8ee69177f6243cf9c70608f6e1ad05,MATIC,-0.0249726943826782
0x7de5ac173e8ee69177f6243cf9c70608f6e1ad05,MAV,-0.0436468944948519
0x7de5ac173e8ee69177f6243cf9c70608f6e1ad05,MBOX,-0.0570865430134018
0x7de5ac173e8ee69177f6243cf9c70608f6e1ad05,MKR,-0.0493590388765417
0x7de5ac173e8ee69177f6243cf9c70608f6e1ad05,MOON,-0.0102765468714954
0x7de5ac173e8ee69177f6243cf9c70608f6e1ad05,NEAR,-0.0495979972864336
0x7de5ac173e8ee69177f6243cf9c70608f6e1ad05,OP,0.0026682773525581
0x7de5ac173e8ee69177f6243cf9c70608f6e1ad05,PENDLE,-0.0546696326779633
0x7de5ac173e8ee69177f6243cf9c70608f6e1ad05,PEPE,-0.0608812313380732
0x7de5ac173e8ee69177f6243cf9c70608f6e1ad05,PERP,-0.067701836931039
0x7de5ac173e8ee69177f6243cf9c70608f6e1ad05,PIT,-0.0272794531950285
0x7de5ac173e8ee69177f6243cf9c70608f6e1ad05,POLS,-0.0603846570707888
0x7de5ac173e8ee69177f6243cf9c70608f6e1ad05,PYTH,-0.0271011063660855
0x7de5ac173e8ee69177f6243cf9c70608f6e1ad05,QUACK,-0.0556707703051487
0x7de5ac173e8ee69177f6243cf9c70608f6e1ad05,RDNT,-0.0448675849800679
0x7de5ac173e8ee69177f6243cf9c70608f6e1ad05,RNDR,-0.0186063240790757
0x7de5ac173e8ee69177f6243cf9c70608f6e1ad05,RPL,-0.0474656228674522
0x7de5ac173e8ee69177f6243cf9c70608f6e1ad05,RUNE,-0.0594596553859278
0x7de5ac173e8ee69177f6243cf9c70608f6e1ad05,SFP,-0.0399268594073568
0x7de5ac173e8ee69177f6243cf9c70608f6e1ad05,SFUND,-0.0499933260710955
0x7de5ac173e8ee69177f6243cf9c70608f6e1ad05,SHIB,-0.0456266557632173
0x7de5ac173e8ee69177f6243cf9c70608f6e1ad05,SOL,0.0027707463580397
0x7de5ac173e8ee69177f6243cf9c70608f6e1ad05,STG,-0.041719467744283
0x7de5ac173e8ee69177f6243cf9c70608f6e1ad05,SUI,-0.0186607781199161
0x7de5ac173e8ee69177f6243cf9c70608f6e1ad05,SUSHI,-0.0413809044372042
0x7de5ac173e8ee69177f6243cf9c70608f6e1ad05,TIA,-0.1027036597226953
0x7de5ac173e8ee69177f6243cf9c70608f6e1ad05,TOKEN,-0.0544876029634268
0x7de5ac173e8ee69177f6243cf9c70608f6e1ad05,TRX,-0.0441691185746065
0x7de5ac173e8ee69177f6243cf9c70608f6e1ad05,UNI,-0.0010483454846248
0x7de5ac173e8ee69177f6243cf9c70608f6e1ad05,USDT,-0.0094144995257219
0x7de5ac173e8ee69177f6243cf9c70608f6e1ad05,XLM,-0.0554076364549232
0x7de5ac173e8ee69177f6243cf9c70608f6e1ad05,XMR,-0.0089584397810992
0x7de5ac173e8ee69177f6243cf9c70608f6e1ad05,XRP,-0.0062651219069076
0x7de5ac173e8ee69177f6243cf9c70608f6e1ad05,XTZ,-0.0242552908728306
0x7de5ac173e8ee69177f6243cf9c70608f6e1ad05,XVS,-0.0530320870590887
0x7de5ac173e8ee69177f6243cf9c70608f6e1ad05,YFI,-0.0419183303481383
0x8a8e1c4e454e092fc19c6cca2034bd22b29781e7,AAVE,0.0010069609
0x8a8e1c4e454e092fc19c6cca2034bd22b29781e7,ADA,0.000551939
0x8a8e1c4e454e092fc19c6cca2034bd22b29781e7,ALGO,0.00003325939
0x8a8e1c4e454e092fc19c6cca2034bd22b29781e7,APE,0.0007677078
0x8a8e1c4e454e092fc19c6cca2034bd22b29781e7,APT,0.00046348572
0x8a8e1c4e454e092fc19c6cca2034bd22b29781e7,ATOM,0.0
0x8a8e1c4e454e092fc19c6cca2034bd22b29781e7,AVAX,0.0010164976
0x8a8e1c4e454e092fc19c6cca2034bd22b29781e7,AXS,0.0
0x8a8e1c4e454e092fc19c6cca2034bd22b29781e7,BAL,-0.00032699108
0x8a8e1c4e454e092fc19c6cca2034bd22b29781e7,BCH,0.0003502369
0x8a8e1c4e454e092fc19c6cca2034bd22b29781e7,BLUR,-0.00034457445
0x8a8e1c4e454e092fc19c6cca2034bd22b29781e7,BNB,0.00011599064
0x8a8e1c4e454e092fc19c6cca2034bd22b29781e7,BONK,0.0000013113022
0x8a8e1c4e454e092fc19c6cca2034bd22b29781e7,BTC,0.0024508238
0x8a8e1c4e454e092fc19c6cca2034bd22b29781e7,C98,0.00008523464
0x8a8e1c4e454e092fc19c6cca2034bd22b29781e7,CAKE,0.00058436394
0x8a8e1c4e454e092fc19c6cca2034bd22b29781e7,COMP,0.0027935505
0x8a8e1c4e454e092fc19c6cca2034bd22b29781e7,CRV,0.00007903576
0x8a8e1c4e454e092fc19c6cca2034bd22b29781e7,CVX,-0.0004940629
0x8a8e1c4e454e092fc19c6cca2034bd22b29781e7,DAI,0.0
0x8a8e1c4e454e092fc19c6cca2034bd22b29781e7,DAO,-0.0010249019
0x8a8e1c4e454e092fc19c6cca2034bd22b29781e7,DOGE,0.00005185604
0x8a8e1c4e454e092fc19c6cca2034bd22b29781e7,DOT,0.00048065186
0x8a8e1c4e454e092fc19c6cca2034bd22b29781e7,DYDX,0.00030624866
0x8a8e1c4e454e092fc19c6cca2034bd22b29781e7,EOS,-0.000027298927
0x8a8e1c4e454e092fc19c6cca2034bd22b29781e7,ETC,0.000027298927
0x8a8e1c4e454e092fc19c6cca2034bd22b29781e7,ETH,0.00023674965
0x8a8e1c4e454e092fc19c6cca2034bd22b29781e7,FET,0.0012538433
0x8a8e1c4e454e092fc19c6cca2034bd22b29781e7,FIL,0.000031113625
0x8a8e1c4e454e092fc19c6cca2034bd22b29781e7,FRAX,-0.00006479025
0x8a8e1c4e454e092fc19c6cca2034bd22b29781e7,FTM,0.0005774498
0x8a8e1c4e454e092fc19c6cca2034bd22b29781e7,FXS,0.00009202957
0x8a8e1c4e454e092fc19c6cca2034bd22b29781e7,GRT,0.0015507936
0x8a8e1c4e454e092fc19c6cca2034bd22b29781e7,HAI,-0.00041168928
0x8a8e1c4e454e092fc19c6cca2034bd22b29781e7,HERO,-0.00023895502
0x8a8e1c4e454e092fc19c6cca2034bd22b29781e7,ICP,0.0001924038
0x8a8e1c4e454e092fc19c6cca2034bd22b29781e7,IMX,0.0
0x8a8e1c4e454e092fc19c6cca2034bd22b29781e7,INJ,0.000980258
0x8a8e1c4e454e092fc19c6cca2034bd22b29781e7,LDO,-0.00018256903
0x8a8e1c4e454e092fc19c6cca2034bd22b29781e7,LINK,0.00063180923
0x8a8e1c4e454e092fc19c6cca2034bd22b29781e7,LTC,0.00034558773
0x8a8e1c4e454e092fc19c6cca2034bd22b29781e7,MATIC,-0.00016397238
0x8a8e1c4e454e092fc19c6cca2034bd22b29781e7,MAV,-0.0001335144
0x8a8e1c4e454e092fc19c6cca2034bd22b29781e7,MBOX,-0.000094890594
0x8a8e1c4e454e092fc19c6cca2034bd22b29781e7,MKR,0.00016474724
0x8a8e1c4e454e092fc19c6cca2034bd22b29781e7,MOON,0.0011461973
0x8a8e1c4e454e092fc19c6cca2034bd22b29781e7,NEAR,-0.00018435717
0x8a8e1c4e454e092fc19c6cca2034bd22b29781e7,OP,0.000187397
0x8a8e1c4e454e092fc19c6cca2034bd22b29781e7,PENDLE,0.00019264221
0x8a8e1c4e454e092fc19c6cca2034bd22b29781e7,PEPE,0.00032687187
0x8a8e1c4e454e092fc19c6cca2034bd22b29781e7,PERP,0.00090432167
0x8a8e1c4e454e092fc19c6cca2034bd22b29781e7,PIT,-0.0011972189
0x8a8e1c4e454e092fc19c6cca2034bd22b29781e7,POLS,-0.000058948994
0x8a8e1c4e454e092fc19c6cca2034bd22b29781e7,PYTH,-0.0007196069
0x8a8e1c4e454e092fc19c6cca2034bd22b29781e7,QUACK,-0.000079512596
0x8a8e1c4e454e092fc19c6cca2034bd22b29781e7,RDNT,-0.000111579895
0x8a8e1c4e454e092fc19c6cca2034bd22b29781e7,RNDR,0.0004119873
0x8a8e1c4e454e092fc19c6cca2034bd22b29781e7,RPL,0.0
0x8a8e1c4e454e092fc19c6cca2034bd22b29781e7,RUNE,-0.00013518333
0x8a8e1c4e454e092fc19c6cca2034bd22b29781e7,SFP,-0.00012892485
0x8a8e1c4e454e092fc19c6cca2034bd22b29781e7,SFUND,-0.00016242266
0x8a8e1c4e454e092fc19c6cca2034bd22b29781e7,SHIB,0.0010488033
0x8a8e1c4e454e092fc19c6cca2034bd22b29781e7,SOL,2.3841858E-7
0x8a8e1c4e454e092fc19c6cca2034bd22b29781e7,STG,-0.0004620552
0x8a8e1c4e454e092fc19c6cca2034bd22b29781e7,SUI,0.0032151937
0x8a8e1c4e454e092fc19c6cca2034bd22b29781e7,SUSHI,-0.00009214878
0x8a8e1c4e454e092fc19c6cca2034bd22b29781e7,TIA,0.00027537346
0x8a8e1c4e454e092fc19c6cca2034bd22b29781e7,TOKEN,-0.00015872717
0x8a8e1c4e454e092fc19c6cca2034bd22b29781e7,TRX,0.0012221336
0x8a8e1c4e454e092fc19c6cca2034bd22b29781e7,UNI,0.0016490221
0x8a8e1c4e454e092fc19c6cca2034bd22b29781e7,USDT,0.00095295906
0x8a8e1c4e454e092fc19c6cca2034bd22b29781e7,XLM,0.00020217896
0x8a8e1c4e454e092fc19c6cca2034bd22b29781e7,XMR,0.0
0x8a8e1c4e454e092fc19c6cca2034bd22b29781e7,XRP,0.0009287596
0x8a8e1c4e454e092fc19c6cca2034bd22b29781e7,XTZ,0.00006568432
0x8a8e1c4e454e092fc19c6cca2034bd22b29781e7,XVS,-0.0003529191
0x8a8e1c4e454e092fc19c6cca2034bd22b29781e7,YFI,0.0
0x98e41d65e981a882afcb05d41939197da3465b6f,AAVE,-0.0492848133068905
0x98e41d65e981a882afcb05d41939197da3465b6f,ADA,-0.0122582359885429
0x98e41d65e981a882afcb05d41939197da3465b6f,ALGO,-0.0023914887317931
0x98e41d65e981a882afcb05d41939197da3465b6f,APE,-0.0327808106456998
0x98e41d65e981a882afcb05d41939197da3465b6f,APT,-0.0218497901975463
0x98e41d65e981a882afcb05d41939197da3465b6f,ATOM,-0.0498954979026423
0x98e41d65e981a882afcb05d41939197da3465b6f,AVAX,-0.0024395146248307
0x98e41d65e981a882afcb05d41939197da3465b6f,AXS,-0.0356370217928507
0x98e41d65e981a882afcb05d41939197da3465b6f,BAL,-0.0338807319689698
0x98e41d65e981a882afcb05d41939197da3465b6f,BCH,-0.0104163505268782
0x98e41d65e981a882afcb05d41939197da3465b6f,BLUR,-0.0257077540786579
0x98e41d65e981a882afcb05d41939197da3465b6f,BNB,-0.0087221146367772
0x98e41d65e981a882afcb05d41939197da3465b6f,BONK,-0.0431474993877622
0x98e41d65e981a882afcb05d41939197da3465b6f,BTC,-0.0020040710144558
0x98e41d65e981a882afcb05d41939197da3465b6f,C98,-0.0405949922207016
0x98e41d65e981a882afcb05d41939197da3465b6f,CAKE,-0.0192847986319583
0x98e41d65e981a882afcb05d41939197da3465b6f,COMP,-0.0273714914584239
0x98e41d65e981a882afcb05d41939197da3465b6f,CRV,-0.0104883421391766
0x98e41d65e981a882afcb05d41939197da3465b6f,CVX,-0.0372834636485548
0x98e41d65e981a882afcb05d41939197da3465b6f,DAI,-0.0092138928914539
0x98e41d65e981a882afcb05d41939197da3465b6f,DAO,-0.002475804379925
0x98e41d65e981a882afcb05d41939197da3465b6f,DOGE,0.0062967408872568
0x98e41d65e981a882afcb05d41939197da3465b6f,DOT,-0.0002200806255343
0x98e41d65e981a882afcb05d41939197da3465b6f,DYDX,-0.0293741028652336
0x98e41d65e981a882afcb05d41939197da3465b6f,EOS,-0.0237161811782081
0x98e41d65e981a882afcb05d41939197da3465b6f,ETC,-0.0008240819505418
0x98e41d65e981a882afcb05d41939197da3465b6f,ETH,0.0003937403758908
0x98e41d65e981a882afcb05d41939197da3465b6f,FET,-0.0381999303371454
0x98e41d65e981a882afcb05d41939197da3465b6f,FIL,-0.0354791856704596
0x98e41d65e981a882afcb05d41939197da3465b6f,FRAX,-0.0177509833622398
0x98e41d65e981a882afcb05d41939197da3465b6f,FTM,-0.0486675569727143
0x98e41d65e981a882afcb05d41939197da3465b6f,FXS,-0.0603108824422637
0x98e41d65e981a882afcb05d41939197da3465b6f,GRT,-0.0386809477950071
0x98e41d65e981a882afcb05d41939197da3465b6f,HAI,-0.0177543670657669
0x98e41d65e981a882afcb05d41939197da3465b6f,HERO,-0.036462127527467
0x98e41d65e981a882afcb05d41939197da3465b6f,ICP,-0.0174205157143616
0x98e41d65e981a882afcb05d41939197da3465b6f,IMX,-0.0361508011134842
0x98e41d65e981a882afcb05d41939197da3465b6f,INJ,-0.0012885860602574
0x98e41d65e981a882afcb05d41939197da3465b6f,LDO,-0.0372233463636714
0x98e41d65e981a882afcb05d41939197da3465b6f,LINK,0.0064697940639093
0x98e41d65e981a882afcb05d41939197da3465b6f,LTC,0.0002053707336804
0x98e41d65e981a882afcb05d41939197da3465b6f,MATIC,-0.0338313666542243
0x98e41d65e981a882afcb05d41939197da3465b6f,MAV,-0.032105642888899
0x98e41d65e981a882afcb05d41939197da3465b6f,MBOX,-0.036610965187189
0x98e41d65e981a882afcb05d41939197da3465b6f,MKR,-0.0474414376090004
0x98e41d65e981a882afcb05d41939197da3465b6f,MOON,-0.0086666412801768
0x98e41d65e981a882afcb05d41939197da3465b6f,NEAR,-0.0370727070712993
0x98e41d65e981a882afcb05d41939197da3465b6f,OP,-0.0153916873665858
0x98e41d65e981a882afcb05d41939197da3465b6f,PENDLE,-0.0371698037743733
0x98e41d65e981a882afcb05d41939197da3465b6f,PEPE,-0.0387164571910471
0x98e41d65e981a882afcb05d41939197da3465b6f,PERP,-0.0328458762503368
0x98e41d65e981a882afcb05d41939197da3465b6f,PIT,-0.0271131440428404
0x98e41d65e981a882afcb05d41939197da3465b6f,POLS,-0.0375461372836158
0x98e41d65e981a882afcb05d41939197da3465b6f,PYTH,-0.026829646863875
0x98e41d65e981a882afcb05d41939197da3465b6f,QUACK,-0.0350045584748109
0x98e41d65e981a882afcb05d41939197da3465b6f,RDNT,-0.0353555586471159
0x98e41d65e981a882afcb05d41939197da3465b6f,RNDR,-0.0289533289822353
0x98e41d65e981a882afcb05d41939197da3465b6f,RPL,-0.036683312761852
0x98e41d65e981a882afcb05d41939197da3465b6f,RUNE,-0.0386734705677117
0x98e41d65e981a882afcb05d41939197da3465b6f,SFP,-0.0276363383344927
0x98e41d65e981a882afcb05d41939197da3465b6f,SFUND,-0.0367101686071784
0x98e41d65e981a882afcb05d41939197da3465b6f,SHIB,-0.0216262969466523
0x98e41d65e981a882afcb05d41939197da3465b6f,SOL,0.0074140474812697
0x98e41d65e981a882afcb05d41939197da3465b6f,STG,-0.0345145721982188
0x98e41d65e981a882afcb05d41939197da3465b6f,SUI,-0.0135648428026617
0x98e41d65e981a882afcb05d41939197da3465b6f,SUSHI,-0.0287135503824165
0x98e41d65e981a882afcb05d41939197da3465b6f,TIA,-0.0514413792220483
0x98e41d65e981a882afcb05d41939197da3465b6f,TOKEN,-0.037007501829142
0x98e41d65e981a882afcb05d41939197da3465b6f,TRX,-0.0064754087138316
0x98e41d65e981a882afcb05d41939197da3465b6f,UNI,-0.0053860069525229
0x98e41d65e981a882afcb05d41939197da3465b6f,USDT,-0.0048505149990603
0x98e41d65e981a882afcb05d41939197da3465b6f,XLM,-0.0217070467241159
0x98e41d65e981a882afcb05d41939197da3465b6f,XMR,-0.0260860448700804
0x98e41d65e981a882afcb05d41939197da3465b6f,XRP,-0.0011232323888383
0x98e41d65e981a882afcb05d41939197da3465b6f,XTZ,-0.0200978442267574
0x98e41d65e981a882afcb05d41939197da3465b6f,XVS,-0.0402797593682577
0x98e41d65e981a882afcb05d41939197da3465b6f,YFI,-0.0321955978420897
0xa16a483a18f00a00b14b93438e8ad21f485b382f,AAVE,-0.030430831
0xa16a483a18f00a00b14b93438e8ad21f485b382f,ADA,0.0146404505
0xa16a483a18f00a00b14b93438e8ad21f485b382f,ALGO,-0.009684673
0xa16a483a18f00a00b14b93438e8ad21f485b382f,APE,-0.007173202
0xa16a483a18f00a00b14b93438e8ad21f485b382f,APT,-0.028110772
0xa16a483a18f00a00b14b93438e8ad21f485b382f,ATOM,-0.035571538
0xa16a483a18f00a00b14b93438e8ad21f485b382f,AVAX,0.03198015
0xa16a483a18f00a00b14b93438e8ad21f485b382f,AXS,-0.01698656
0xa16a483a18f00a00b14b93438e8ad21f485b382f,BAL,-0.011806855
0xa16a483a18f00a00b14b93438e8ad21f485b382f,BCH,-0.016967837
0xa16a483a18f00a00b14b93438e8ad21f485b382f,BLUR,-0.015181981
0xa16a483a18f00a00b14b93438e8ad21f485b382f,BNB,-0.030442668
0xa16a483a18f00a00b14b93438e8ad21f485b382f,BONK,-0.030273806
0xa16a483a18f00a00b14b93438e8ad21f485b382f,BTC,0.009334698
0xa16a483a18f00a00b14b93438e8ad21f485b382f,C98,-0.022791369
0xa16a483a18f00a00b14b93438e8ad21f485b382f,CAKE,-0.0493662
0xa16a483a18f00a00b14b93438e8ad21f485b382f,COMP,-0.00053891435
0xa16a483a18f00a00b14b93438e8ad21f485b382f,CRV,-0.006305007
0xa16a483a18f00a00b14b93438e8ad21f485b382f,CVX,-0.032138072
0xa16a483a18f00a00b14b93438e8ad21f485b382f,DAI,0.0026345183
0xa16a483a18f00a00b14b93438e8ad21f485b382f,DAO,-0.022340499
0xa16a483a18f00a00b14b93438e8ad21f485b382f,DOGE,-0.0014920578
0xa16a483a18f00a00b14b93438e8ad21f485b382f,DOT,0.0067889704
0xa16a483a18f00a00b14b93438e8ad21f485b382f,DYDX,-0.005539667
0xa16a483a18f00a00b14b93438e8ad21f485b382f,EOS,-0.009738062
0xa16a483a18f00a00b14b93438e8ad21f485b382f,ETC,0.010380887
0xa16a483a18f00a00b14b93438e8ad21f485b382f,ETH,-0.00020018453
0xa16a483a18f00a00b14b93438e8ad21f485b382f,FET,-0.020226082
0xa16a483a18f00a00b14b93438e8ad21f485b382f,FIL,-0.010802597
0xa16a483a18f00a00b14b93438e8ad21f485b382f,FRAX,-0.031892005
0xa16a483a18f00a00b14b93438e8ad21f485b382f,FTM,-0.05575367
0xa16a483a18f00a00b14b93438e8ad21f485b382f,FXS,-0.037681546
0xa16a483a18f00a00b14b93438e8ad21f485b382f,GRT,-0.031237781
0xa16a483a18f00a00b14b93438e8ad21f485b382f,HAI,-0.023129411
0xa16a483a18f00a00b14b93438e8ad21f485b382f,HERO,-0.020018833
0xa16a483a18f00a00b14b93438e8ad21f485b382f,ICP,-0.0075560967
0xa16a483a18f00a00b14b93438e8ad21f485b382f,IMX,-0.014519688
0xa16a483a18f00a00b14b93438e8ad21f485b382f,INJ,-0.014059135
0xa16a483a18f00a00b14b93438e8ad21f485b382f,LDO,-0.023320785
0xa16a483a18f00a00b14b93438e8ad21f485b382f,LINK,0.030437319
0xa16a483a18f00a00b14b93438e8ad21f485b382f,LTC,0.008144467
0xa16a483a18f00a00b14b93438e8ad21f485b382f,MATIC,-0.02629356
0xa16a483a18f00a00b14b93438e8ad21f485b382f,MAV,-0.052551985
0xa16a483a18f00a00b14b93438e8ad21f485b382f,MBOX,-0.025205774
0xa16a483a18f00a00b14b93438e8ad21f485b382f,MKR,-0.045092843
0xa16a483a18f00a00b14b93438e8ad21f485b382f,MOON,-0.010605429
0xa16a483a18f00a00b14b93438e8ad21f485b382f,NEAR,-0.014471806
0xa16a483a18f00a00b14b93438e8ad21f485b382f,OP,0.00760252
0xa16a483a18f00a00b14b93438e8ad21f485b382f,PENDLE,-0.033516146
0xa16a483a18f00a00b14b93438e8ad21f485b382f,PEPE,-0.033290323
0xa16a483a18f00a00b14b93438e8ad21f485b382f,PERP,-0.024669215
0xa16a483a18f00a00b14b93438e8ad21f485b382f,PIT,-0.011794944
0xa16a483a18f00a00b14b93438e8ad21f485b382f,POLS,-0.028675249
0xa16a483a18f00a00b14b93438e8ad21f485b382f,PYTH,-0.006611956
0xa16a483a18f00a00b14b93438e8ad21f485b382f,QUACK,-0.04042224
0xa16a483a18f00a00b14b93438e8ad21f485b382f,RDNT,-0.025807995
0xa16a483a18f00a00b14b93438e8ad21f485b382f,RNDR,-0.0046048015
0xa16a483a18f00a00b14b93438e8ad21f485b382f,RPL,-0.0314068
0xa16a483a18f00a00b14b93438e8ad21f485b382f,RUNE,-0.068265595
0xa16a483a18f00a00b14b93438e8ad21f485b382f,SFP,-0.007283205
0xa16a483a18f00a00b14b93438e8ad21f485b382f,SFUND,-0.022744032
0xa16a483a18f00a00b14b93438e8ad21f485b382f,SHIB,-0.011738354
0xa16a483a18f00a00b14b93438e8ad21f485b382f,SOL,0.008073625
0xa16a483a18f00a00b14b93438e8ad21f485b382f,STG,-0.03046603
0xa16a483a18f00a00b14b93438e8ad21f485b382f,SUI,0.013717727
0xa16a483a18f00a00b14b93438e8ad21f485b382f,SUSHI,-0.024759766
0xa16a483a18f00a00b14b93438e8ad21f485b382f,TIA,-0.042149253
0xa16a483a18f00a00b14b93438e8ad21f485b382f,TOKEN,-0.024571007
0xa16a483a18f00a00b14b93438e8ad21f485b382f,TRX,-0.03548951
0xa16a483a18f00a00b14b93438e8ad21f485b382f,UNI,0.026218813
0xa16a483a18f00a00b14b93438e8ad21f485b382f,USDT,0.015156896
0xa16a483a18f00a00b14b93438e8ad21f485b382f,XLM,-0.018167583
0xa16a483a18f00a00b14b93438e8ad21f485b382f,XMR,-0.038958237
0xa16a483a18f00a00b14b93438e8ad21f485b382f,XRP,0.0032094023
0xa16a483a18f00a00b14b93438e8ad21f485b382f,XTZ,-0.035313535
0xa16a483a18f00a00b14b93438e8ad21f485b382f,XVS,-0.034548078
0xa16a483a18f00a00b14b93438e8ad21f485b382f,YFI,-0.020890724
0xb294a5316e76e84649a3b8ff0ff6ef9788595bed,AAVE,0.0018490553
0xb294a5316e76e84649a3b8ff0ff6ef9788595bed,ADA,0.0013179779
0xb294a5316e76e84649a3b8ff0ff6ef9788595bed,ALGO,0.002577424
0xb294a5316e76e84649a3b8ff0ff6ef9788595bed,APE,-0.00016510487
0xb294a5316e76e84649a3b8ff0ff6ef9788595bed,APT,-0.00017768145
0xb294a5316e76e84649a3b8ff0ff6ef9788595bed,ATOM,0.0028464794
0xb294a5316e76e84649a3b8ff0ff6ef9788595bed,AVAX,0.00015425682
0xb294a5316e76e84649a3b8ff0ff6ef9788595bed,AXS,-0.0052482486
0xb294a5316e76e84649a3b8ff0ff6ef9788595bed,BAL,0.0
0xb294a5316e76e84649a3b8ff0ff6ef9788595bed,BCH,0.0016402006
0xb294a5316e76e84649a3b8ff0ff6ef9788595bed,BLUR,0.00019538403
0xb294a5316e76e84649a3b8ff0ff6ef9788595bed,BNB,0.00021600723
0xb294a5316e76e84649a3b8ff0ff6ef9788595bed,BONK,0.00035870075
0xb294a5316e76e84649a3b8ff0ff6ef9788595bed,BTC,0.0035957098
0xb294a5316e76e84649a3b8ff0ff6ef9788595bed,C98,0.00009417534
0xb294a5316e76e84649a3b8ff0ff6ef9788595bed,CAKE,0.0016520023
0xb294a5316e76e84649a3b8ff0ff6ef9788595bed,COMP,0.014865398
0xb294a5316e76e84649a3b8ff0ff6ef9788595bed,CRV,0.0051642656
0xb294a5316e76e84649a3b8ff0ff6ef9788595bed,CVX,-0.0031641722
0xb294a5316e76e84649a3b8ff0ff6ef9788595bed,DAI,0.0044802427
0xb294a5316e76e84649a3b8ff0ff6ef9788595bed,DAO,0.0
0xb294a5316e76e84649a3b8ff0ff6ef9788595bed,DOGE,0.0023684502
0xb294a5316e76e84649a3b8ff0ff6ef9788595bed,DOT,0.00014698505
0xb294a5316e76e84649a3b8ff0ff6ef9788595bed,DYDX,-0.0006740689
0xb294a5316e76e84649a3b8ff0ff6ef9788595bed,EOS,0.019344926
0xb294a5316e76e84649a3b8ff0ff6ef9788595bed,ETC,0.00372684
0xb294a5316e76e84649a3b8ff0ff6ef9788595bed,ETH,0.001081109
0xb294a5316e76e84649a3b8ff0ff6ef9788595bed,FET,0.011067748
0xb294a5316e76e84649a3b8ff0ff6ef9788595bed,FIL,-0.0011172891
0xb294a5316e76e84649a3b8ff0ff6ef9788595bed,FRAX,0.005932331
0xb294a5316e76e84649a3b8ff0ff6ef9788595bed,FTM,0.00744915
0xb294a5316e76e84649a3b8ff0ff6ef9788595bed,FXS,0.0007610321
0xb294a5316e76e84649a3b8ff0ff6ef9788595bed,GRT,0.00990665
0xb294a5316e76e84649a3b8ff0ff6ef9788595bed,HAI,0.0028803349
0xb294a5316e76e84649a3b8ff0ff6ef9788595bed,HERO,0.00007331371
0xb294a5316e76e84649a3b8ff0ff6ef9788595bed,ICP,0.0036555529
0xb294a5316e76e84649a3b8ff0ff6ef9788595bed,IMX,0.0013356209
0xb294a5316e76e84649a3b8ff0ff6ef9788595bed,INJ,0.004310131
0xb294a5316e76e84649a3b8ff0ff6ef9788595bed,LDO,-0.00012993813
0xb294a5316e76e84649a3b8ff0ff6ef9788595bed,LINK,0.0037246943
0xb294a5316e76e84649a3b8ff0ff6ef9788595bed,LTC,0.0042728186
0xb294a5316e76e84649a3b8ff0ff6ef9788595bed,MATIC,0.0051908493
0xb294a5316e76e84649a3b8ff0ff6ef9788595bed,MAV,-0.0002552271
0xb294a5316e76e84649a3b8ff0ff6ef9788595bed,MBOX,0.0029332638
0xb294a5316e76e84649a3b8ff0ff6ef9788595bed,MKR,0.007374406
0xb294a5316e76e84649a3b8ff0ff6ef9788595bed,MOON,0.008664727
0xb294a5316e76e84649a3b8ff0ff6ef9788595bed,NEAR,0.00030255318
0xb294a5316e76e84649a3b8ff0ff6ef9788595bed,OP,0.0029045343
0xb294a5316e76e84649a3b8ff0ff6ef9788595bed,PENDLE,0.0
0xb294a5316e76e84649a3b8ff0ff6ef9788595bed,PEPE,0.00015127659
0xb294a5316e76e84649a3b8ff0ff6ef9788595bed,PERP,0.00045526028
0xb294a5316e76e84649a3b8ff0ff6ef9788595bed,PIT,-0.0037736893
0xb294a5316e76e84649a3b8ff0ff6ef9788595bed,POLS,-0.0018997788
0xb294a5316e76e84649a3b8ff0ff6ef9788595bed,PYTH,0.00017940998
0xb294a5316e76e84649a3b8ff0ff6ef9788595bed,QUACK,0.0003077984
0xb294a5316e76e84649a3b8ff0ff6ef9788595bed,RDNT,0.00049448013
0xb294a5316e76e84649a3b8ff0ff6ef9788595bed,RNDR,0.0006648302
0xb294a5316e76e84649a3b8ff0ff6ef9788595bed,RPL,0.0092436075
0xb294a5316e76e84649a3b8ff0ff6ef9788595bed,RUNE,-0.00892508
0xb294a5316e76e84649a3b8ff0ff6ef9788595bed,SFP,0.014059424
0xb294a5316e76e84649a3b8ff0ff6ef9788595bed,SFUND,-0.00013399124
0xb294a5316e76e84649a3b8ff0ff6ef9788595bed,SHIB,0.003012538
0xb294a5316e76e84649a3b8ff0ff6ef9788595bed,SOL,0.0056883097
0xb294a5316e76e84649a3b8ff0ff6ef9788595bed,STG,0.0018972158
0xb294a5316e76e84649a3b8ff0ff6ef9788595bed,SUI,0.0011181831
0xb294a5316e76e84649a3b8ff0ff6ef9788595bed,SUSHI,0.0028334856
0xb294a5316e76e84649a3b8ff0ff6ef9788595bed,TIA,0.007650733
0xb294a5316e76e84649a3b8ff0ff6ef9788595bed,TOKEN,-0.0010115504
0xb294a5316e76e84649a3b8ff0ff6ef9788595bed,TRX,0.0009394884
0xb294a5316e76e84649a3b8ff0ff6ef9788595bed,UNI,0.011026144
0xb294a5316e76e84649a3b8ff0ff6ef9788595bed,USDT,0.003948927
0xb294a5316e76e84649a3b8ff0ff6ef9788595bed,XLM,0.0050206184
0xb294a5316e76e84649a3b8ff0ff6ef9788595bed,XMR,0.014166713
0xb294a5316e76e84649a3b8ff0ff6ef9788595bed,XRP,0.0034998655
0xb294a5316e76e84649a3b8ff0ff6ef9788595bed,XTZ,-0.006435573
0xb294a5316e76e84649a3b8ff0ff6ef9788595bed,XVS,-0.0011529326
0xb294a5316e76e84649a3b8ff0ff6ef9788595bed,YFI,-0.0001977086
0xb7ece21c962697a3194c0b6e4b81db54433055ab,AAVE,-0.0149166642447926
0xb7ece21c962697a3194c0b6e4b81db54433055ab,ADA,-0.0111752416797107
0xb7ece21c962697a3194c0b6e4b81db54433055ab,ALGO,-0.009338080433295
0xb7ece21c962697a3194c0b6e4b81db54433055ab,APE,-0.0149166642447926
0xb7ece21c962697a3194c0b6e4b81db54433055ab,APT,-0.0149166642447926
0xb7ece21c962697a3194c0b6e4b81db54433055ab,ATOM,-0.0149166642447926
0xb7ece21c962697a3194c0b6e4b81db54433055ab,AVAX,-0.0111752416797107
0xb7ece21c962697a3194c0b6e4b81db54433055ab,AXS,-0.0149166642447926
0xb7ece21c962697a3194c0b6e4b81db54433055ab,BAL,-0.0149166642447926
0xb7ece21c962697a3194c0b6e4b81db54433055ab,BCH,-0.0106801403724137
0xb7ece21c962697a3194c0b6e4b81db54433055ab,BLUR,-0.0149166642447926
0xb7ece21c962697a3194c0b6e4b81db54433055ab,BNB,-0.0111752416797107
0xb7ece21c962697a3194c0b6e4b81db54433055ab,BONK,-0.0149166642447926
0xb7ece21c962697a3194c0b6e4b81db54433055ab,BTC,-0.0082031944121869
0xb7ece21c962697a3194c0b6e4b81db54433055ab,C98,-0.0149166642447926
0xb7ece21c962697a3194c0b6e4b81db54433055ab,CAKE,-0.0092916984320171
0xb7ece21c962697a3194c0b6e4b81db54433055ab,COMP,-0.0149166642447926
0xb7ece21c962697a3194c0b6e4b81db54433055ab,CRV,-0.0119399301281696
0xb7ece21c962697a3194c0b6e4b81db54433055ab,CVX,-0.0149166642447926
0xb7ece21c962697a3194c0b6e4b81db54433055ab,DAI,-0.011675427866344
0xb7ece21c962697a3194c0b6e4b81db54433055ab,DAO,-0.0149166642447926
0xb7ece21c962697a3194c0b6e4b81db54433055ab,DOGE,-0.0075397879010699
0xb7ece21c962697a3194c0b6e4b81db54433055ab,DOT,-0.0149166642447926
0xb7ece21c962697a3194c0b6e4b81db54433055ab,DYDX,-0.0149166642447926
0xb7ece21c962697a3194c0b6e4b81db54433055ab,EOS,-0.0149166642447926
0xb7ece21c962697a3194c0b6e4b81db54433055ab,ETC,-0.0089813591852281
0xb7ece21c962697a3194c0b6e4b81db54433055ab,ETH,-0.0089813591852281
0xb7ece21c962697a3194c0b6e4b81db54433055ab,FET,-0.0149166642447926
0xb7ece21c962697a3194c0b6e4b81db54433055ab,FIL,-0.0149166642447926
0xb7ece21c962697a3194c0b6e4b81db54433055ab,FRAX,-0.0149166642447926
0xb7ece21c962697a3194c0b6e4b81db54433055ab,FTM,-0.0149166642447926
0xb7ece21c962697a3194c0b6e4b81db54433055ab,FXS,-0.0149166642447926
0xb7ece21c962697a3194c0b6e4b81db54433055ab,GRT,-0.013357961346014
0xb7ece21c962697a3194c0b6e4b81db54433055ab,HAI,-0.0092916984320171
0xb7ece21c962697a3194c0b6e4b81db54433055ab,HERO,-0.0149166642447926
0xb7ece21c962697a3194c0b6e4b81db54433055ab,ICP,-0.0149166642447926
0xb7ece21c962697a3194c0b6e4b81db54433055ab,IMX,-0.0149166642447926
0xb7ece21c962697a3194c0b6e4b81db54433055ab,INJ,-0.0111752416797107
0xb7ece21c962697a3194c0b6e4b81db54433055ab,LDO,-0.0149166642447926
0xb7ece21c962697a3194c0b6e4b81db54433055ab,LINK,-0.0078019604742789
0xb7ece21c962697a3194c0b6e4b81db54433055ab,LTC,-0.0075447002415994
0xb7ece21c962697a3194c0b6e4b81db54433055ab,MATIC,-0.0149166642447926
0xb7ece21c962697a3194c0b6e4b81db54433055ab,MAV,-0.0149166642447926
0xb7ece21c962697a3194c0b6e4b81db54433055ab,MBOX,-0.0149166642447926
0xb7ece21c962697a3194c0b6e4b81db54433055ab,MKR,-0.0077597850751916
0xb7ece21c962697a3194c0b6e4b81db54433055ab,MOON,-0.0083863005930618
0xb7ece21c962697a3194c0b6e4b81db54433055ab,NEAR,-0.0149166642447926
0xb7ece21c962697a3194c0b6e4b81db54433055ab,OP,-0.0105002899501143
0xb7ece21c962697a3194c0b6e4b81db54433055ab,PENDLE,-0.0149166642447926
0xb7ece21c962697a3194c0b6e4b81db54433055ab,PEPE,-0.0092916984320171
0xb7ece21c962697a3194c0b6e4b81db54433055ab,PERP,-0.0149166642447926
0xb7ece21c962697a3194c0b6e4b81db54433055ab,PIT,-0.013357961346014
0xb7ece21c962697a3194c0b6e4b81db54433055ab,POLS,-0.0149166642447926
0xb7ece21c962697a3194c0b6e4b81db54433055ab,PYTH,-0.0149166642447926
0xb7ece21c962697a3194c0b6e4b81db54433055ab,QUACK,-0.0149166642447926
0xb7ece21c962697a3194c0b6e4b81db54433055ab,RDNT,-0.0149166642447926
0xb7ece21c962697a3194c0b6e4b81db54433055ab,RNDR,-0.0149166642447926
0xb7ece21c962697a3194c0b6e4b81db54433055ab,RPL,-0.0149166642447926
0xb7ece21c962697a3194c0b6e4b81db54433055ab,RUNE,-0.0149166642447926
0xb7ece21c962697a3194c0b6e4b81db54433055ab,SFP,-0.0149166642447926
0xb7ece21c962697a3194c0b6e4b81db54433055ab,SFUND,-0.0149166642447926
0xb7ece21c962697a3194c0b6e4b81db54433055ab,SHIB,-0.0149166642447926
0xb7ece21c962697a3194c0b6e4b81db54433055ab,SOL,-0.0082031944121869
0xb7ece21c962697a3194c0b6e4b81db54433055ab,STG,-0.0149166642447926
0xb7ece21c962697a3194c0b6e4b81db54433055ab,SUI,-0.0092916984320171
0xb7ece21c962697a3194c0b6e4b81db54433055ab,SUSHI,-0.0149166642447926
0xb7ece21c962697a3194c0b6e4b81db54433055ab,TIA,-0.0149166642447926
0xb7ece21c962697a3194c0b6e4b81db54433055ab,TOKEN,-0.0149166642447926
0xb7ece21c962697a3194c0b6e4b81db54433055ab,TRX,-0.0149166642447926
0xb7ece21c962697a3194c0b6e4b81db54433055ab,UNI,-0.0149166642447926
0xb7ece21c962697a3194c0b6e4b81db54433055ab,USDT,-0.0127446802893913
0xb7ece21c962697a3194c0b6e4b81db54433055ab,XLM,-0.0149166642447926
0xb7ece21c962697a3194c0b6e4b81db54433055ab,XMR,-0.013357961346014
0xb7ece21c962697a3194c0b6e4b81db54433055ab,XRP,-0.0076208876528409
0xb7ece21c962697a3194c0b6e4b81db54433055ab,XTZ,-0.0111752416797107
0xb7ece21c962697a3194c0b6e4b81db54433055ab,XVS,-0.0149166642447926
0xb7ece21c962697a3194c0b6e4b81db54433055ab,YFI,-0.0149166642447926
0xbfe6f6854a79b67315bd15a89d52f9d5d7e3b16c,AAVE,0.1569291659646381
0xbfe6f6854a79b67315bd15a89d52f9d5d7e3b16c,ADA,0.1888997804423372
0xbfe6f6854a79b67315bd15a89d52f9d5d7e3b16c,ALGO,0.2569122961240294
0xbfe6f6854a79b67315bd15a89d52f9d5d7e3b16c,APE,0.169416949071695
0xbfe6f6854a79b67315bd15a89d52f9d5d7e3b16c,APT,0.2172715819339837
0xbfe6f6854a79b67315bd15a89d52f9d5d7e3b16c,ATOM,0.1554844763203843
0xbfe6f6854a79b67315bd15a89d52f9d5d7e3b16c,AVAX,0.2284688188492749
0xbfe6f6854a79b67315bd15a89d52f9d5d7e3b16c,AXS,0.1708951633355241
0xbfe6f6854a79b67315bd15a89d52f9d5d7e3b16c,BAL,0.2030072159417289
0xbfe6f6854a79b67315bd15a89d52f9d5d7e3b16c,BCH,0.2287142036650164
0xbfe6f6854a79b67315bd15a89d52f9d5d7e3b16c,BLUR,0.2041771903153167
0xbfe6f6854a79b67315bd15a89d52f9d5d7e3b16c,BNB,0.1804191369217338
0xbfe6f6854a79b67315bd15a89d52f9d5d7e3b16c,BONK,0.2183844605735936
0xbfe6f6854a79b67315bd15a89d52f9d5d7e3b16c,BTC,0.249016956037632
0xbfe6f6854a79b67315bd15a89d52f9d5d7e3b16c,C98,0.161421155340464
0xbfe6f6854a79b67315bd15a89d52f9d5d7e3b16c,CAKE,0.1759845314535661
0xbfe6f6854a79b67315bd15a89d52f9d5d7e3b16c,COMP,0.1338178718539557
0xbfe6f6854a79b67315bd15a89d52f9d5d7e3b16c,CRV,0.2325648316521923
0xbfe6f6854a79b67315bd15a89d52f9d5d7e3b16c,CVX,0.1808635319602111
0xbfe6f6854a79b67315bd15a89d52f9d5d7e3b16c,DAI,0.1435618582812513
0xbfe6f6854a79b67315bd15a89d52f9d5d7e3b16c,DAO,0.1903254088032045
0xbfe6f6854a79b67315bd15a89d52f9d5d7e3b16c,DOGE,0.266958103994946
0xbfe6f6854a79b67315bd15a89d52f9d5d7e3b16c,DOT,0.2278139094443818
0xbfe6f6854a79b67315bd15a89d52f9d5d7e3b16c,DYDX,0.1990585144905333
0xbfe6f6854a79b67315bd15a89d52f9d5d7e3b16c,EOS,0.1837031819373647
0xbfe6f6854a79b67315bd15a89d52f9d5d7e3b16c,ETC,0.2284049950801329
0xbfe6f6854a79b67315bd15a89d52f9d5d7e3b16c,ETH,0.1788667205795721
0xbfe6f6854a79b67315bd15a89d52f9d5d7e3b16c,FET,0.1600225136968487
0xbfe6f6854a79b67315bd15a89d52f9d5d7e3b16c,FIL,0.2228083923056291
0xbfe6f6854a79b67315bd15a89d52f9d5d7e3b16c,FRAX,0.2095617132015615
0xbfe6f6854a79b67315bd15a89d52f9d5d7e3b16c,FTM,0.1168700175310196
0xbfe6f6854a79b67315bd15a89d52f9d5d7e3b16c,FXS,0.1455410236444453
0xbfe6f6854a79b67315bd15a89d52f9d5d7e3b16c,GRT,0.1723515790133195
0xbfe6f6854a79b67315bd15a89d52f9d5d7e3b16c,HAI,0.1903593723729552
0xbfe6f6854a79b67315bd15a89d52f9d5d7e3b16c,HERO,0.1770375888501657
0xbfe6f6854a79b67315bd15a89d52f9d5d7e3b16c,ICP,0.2171681380298965
0xbfe6f6854a79b67315bd15a89d52f9d5d7e3b16c,IMX,0.1872600937626427
0xbfe6f6854a79b67315bd15a89d52f9d5d7e3b16c,INJ,0.2050125198717441
0xbfe6f6854a79b67315bd15a89d52f9d5d7e3b16c,LDO,0.1597500089830258
0xbfe6f6854a79b67315bd15a89d52f9d5d7e3b16c,LINK,0.1879471720371424
0xbfe6f6854a79b67315bd15a89d52f9d5d7e3b16c,LTC,0.2120331529260003
0xbfe6f6854a79b67315bd15a89d52f9d5d7e3b16c,MATIC,0.2422144164518486
0xbfe6f6854a79b67315bd15a89d52f9d5d7e3b16c,MAV,0.1605441611605692
0xbfe6f6854a79b67315bd15a89d52f9d5d7e3b16c,MBOX,0.1852821980964898
0xbfe6f6854a79b67315bd15a89d52f9d5d7e3b16c,MKR,0.1844843904850407
0xbfe6f6854a79b67315bd15a89d52f9d5d7e3b16c,MOON,0.1779160513683973
0xbfe6f6854a79b67315bd15a89d52f9d5d7e3b16c,NEAR,0.2245072242640821
0xbfe6f6854a79b67315bd15a89d52f9d5d7e3b16c,OP,0.283584250949531
0xbfe6f6854a79b67315bd15a89d52f9d5d7e3b16c,PENDLE,0.2033859509714081
0xbfe6f6854a79b67315bd15a89d52f9d5d7e3b16c,PEPE,0.1614249172959281
0xbfe6f6854a79b67315bd15a89d52f9d5d7e3b16c,PERP,0.2135715387627141
0xbfe6f6854a79b67315bd15a89d52f9d5d7e3b16c,PIT,0.2070115519334786
0xbfe6f6854a79b67315bd15a89d52f9d5d7e3b16c,POLS,0.2030591150616962
0xbfe6f6854a79b67315bd15a89d52f9d5d7e3b16c,PYTH,0.1941164374033476
0xbfe6f6854a79b67315bd15a89d52f9d5d7e3b16c,QUACK,0.180892403166231
0xbfe6f6854a79b67315bd15a89d52f9d5d7e3b16c,RDNT,0.2066872169254971
0xbfe6f6854a79b67315bd15a89d52f9d5d7e3b16c,RNDR,0.2165388908394015
0xbfe6f6854a79b67315bd15a89d52f9d5d7e3b16c,RPL,0.2065384542345659
0xbfe6f6854a79b67315bd15a89d52f9d5d7e3b16c,RUNE,0.2000762062377043
0xbfe6f6854a79b67315bd15a89d52f9d5d7e3b16c,SFP,0.1494874761701614
0xbfe6f6854a79b67315bd15a89d52f9d5d7e3b16c,SFUND,0.1957138457694838
0xbfe6f6854a79b67315bd15a89d52f9d5d7e3b16c,SHIB,0.1945469661748428
0xbfe6f6854a79b67315bd15a89d52f9d5d7e3b16c,SOL,0.199962524769753
0xbfe6f6854a79b67315bd15a89d52f9d5d7e3b16c,STG,0.1890800524082201
0xbfe6f6854a79b67315bd15a89d52f9d5d7e3b16c,SUI,0.2217984756094127
0xbfe6f6854a79b67315bd15a89d52f9d5d7e3b16c,SUSHI,0.2273071668029593
0xbfe6f6854a79b67315bd15a89d52f9d5d7e3b16c,TIA,0.1713104549933291
0xbfe6f6854a79b67315bd15a89d52f9d5d7e3b16c,TOKEN,0.1980081280689827
0xbfe6f6854a79b67315bd15a89d52f9d5d7e3b16c,TRX,0.1875124585048524
0xbfe6f6854a79b67315bd15a89d52f9d5d7e3b16c,UNI,0.2106358348121648
0xbfe6f6854a79b67315bd15a89d52f9d5d7e3b16c,USDT,0.2165214372880764
0xbfe6f6854a79b67315bd15a89d52f9d5d7e3b16c,XLM,0.2071325831663737
0xbfe6f6854a79b67315bd15a89d52f9d5d7e3b16c,XMR,0.2472203871022929
0xbfe6f6854a79b67315bd15a89d52f9d5d7e3b16c,XRP,0.2126977309652453
0xbfe6f6854a79b67315bd15a89d52f9d5d7e3b16c,XTZ,0.1986438582537171
0xbfe6f6854a79b67315bd15a89d52f9d5d7e3b16c,XVS,0.1988740688310288
0xbfe6f6854a79b67315bd15a89d52f9d5d7e3b16c,YFI,0.2050426627728064
0xcbe37e37bb9ac19e87e6e495303fab60c3111529,AAVE,-0.0359637962967014
0xcbe37e37bb9ac19e87e6e495303fab60c3111529,ADA,-0.026022298617649
0xcbe37e37bb9ac19e87e6e495303fab60c3111529,ALGO,-0.0211245412920912
0xcbe37e37bb9ac19e87e6e495303fab60c3111529,APE,-0.0189838707500603
0xcbe37e37bb9ac19e87e6e495303fab60c3111529,APT,0.0032577581621306
0xcbe37e37bb9ac19e87e6e495303fab60c3111529,ATOM,-0.0410358357477636
0xcbe37e37bb9ac19e87e6e495303fab60c3111529,AVAX,0.010074871937807
0xcbe37e37bb9ac19e87e6e495303fab60c3111529,AXS,-0.0506376250151943
0xcbe37e37bb9ac19e87e6e495303fab60c3111529,BAL,-0.0563776950351369
0xcbe37e37bb9ac19e87e6e495303fab60c3111529,BCH,-0.0006129558332023
0xcbe37e37bb9ac19e87e6e495303fab60c3111529,BLUR,-0.0260904024429457
0xcbe37e37bb9ac19e87e6e495303fab60c3111529,BNB,-0.0270832746571241
0xcbe37e37bb9ac19e87e6e495303fab60c3111529,BONK,-0.0284730465906829
0xcbe37e37bb9ac19e87e6e495303fab60c3111529,BTC,-0.0002441373343009
0xcbe37e37bb9ac19e87e6e495303fab60c3111529,C98,-0.0339514516065306
0xcbe37e37bb9ac19e87e6e495303fab60c3111529,CAKE,-0.0065451657736894
0xcbe37e37bb9ac19e87e6e495303fab60c3111529,COMP,-0.0261269682865504
0xcbe37e37bb9ac19e87e6e495303fab60c3111529,CRV,0.0005502280286839
0xcbe37e37bb9ac19e87e6e495303fab60c3111529,CVX,-0.0486663862000807
0xcbe37e37bb9ac19e87e6e495303fab60c3111529,DAI,-0.0026334659049801
0xcbe37e37bb9ac19e87e6e495303fab60c3111529,DAO,-0.0219516719986698
0xcbe37e37bb9ac19e87e6e495303fab60c3111529,DOGE,-0.0053494982427253
0xcbe37e37bb9ac19e87e6e495303fab60c3111529,DOT,0.0163440346968275
0xcbe37e37bb9ac19e87e6e495303fab60c3111529,DYDX,-0.006713968582541
0xcbe37e37bb9ac19e87e6e495303fab60c3111529,EOS,-0.0164012200131877
0xcbe37e37bb9ac19e87e6e495303fab60c3111529,ETC,-0.0177943352563098
0xcbe37e37bb9ac19e87e6e495303fab60c3111529,ETH,-0.0031820551652868
0xcbe37e37bb9ac19e87e6e495303fab60c3111529,FET,-0.0290605610198292
0xcbe37e37bb9ac19e87e6e495303fab60c3111529,FIL,-0.0371128072436377
0xcbe37e37bb9ac19e87e6e495303fab60c3111529,FRAX,0.0062511214409435
0xcbe37e37bb9ac19e87e6e495303fab60c3111529,FTM,-0.0445312567197791
0xcbe37e37bb9ac19e87e6e495303fab60c3111529,FXS,-0.0435776469348932
0xcbe37e37bb9ac19e87e6e495303fab60c3111529,GRT,-0.0366426650954681
0xcbe37e37bb9ac19e87e6e495303fab60c3111529,HAI,-0.0185598110236584
0xcbe37e37bb9ac19e87e6e495303fab60c3111529,HERO,-0.0422790518668169
0xcbe37e37bb9ac19e87e6e495303fab60c3111529,ICP,-0.0275820854066853
0xcbe37e37bb9ac19e87e6e495303fab60c3111529,IMX,-0.0340285232637873
0xcbe37e37bb9ac19e87e6e495303fab60c3111529,INJ,-0.0065816831660759
0xcbe37e37bb9ac19e87e6e495303fab60c3111529,LDO,-0.0450191246221957
0xcbe37e37bb9ac19e87e6e495303fab60c3111529,LINK,0.0355854504031072
0xcbe37e37bb9ac19e87e6e495303fab60c3111529,LTC,0.0056173825721834
0xcbe37e37bb9ac19e87e6e495303fab60c3111529,MATIC,-0.0442124278775558
0xcbe37e37bb9ac19e87e6e495303fab60c3111529,MAV,-0.0363075503550428
0xcbe37e37bb9ac19e87e6e495303fab60c3111529,MBOX,-0.0424741913256234
0xcbe37e37bb9ac19e87e6e495303fab60c3111529,MKR,-0.0159280833074806
0xcbe37e37bb9ac19e87e6e495303fab60c3111529,MOON,-0.0048472407208573
0xcbe37e37bb9ac19e87e6e495303fab60c3111529,NEAR,-0.049246894302922
0xcbe37e37bb9ac19e87e6e495303fab60c3111529,OP,-0.0193913092561139
0xcbe37e37bb9ac19e87e6e495303fab60c3111529,PENDLE,-0.0608564774177317
0xcbe37e37bb9ac19e87e6e495303fab60c3111529,PEPE,-0.0628831950461546
0xcbe37e37bb9ac19e87e6e495303fab60c3111529,PERP,-0.0329336797565909
0xcbe37e37bb9ac19e87e6e495303fab60c3111529,PIT,-0.0368366578661105
0xcbe37e37bb9ac19e87e6e495303fab60c3111529,POLS,-0.04102736440295
0xcbe37e37bb9ac19e87e6e495303fab60c3111529,PYTH,-0.0255916314503609
0xcbe37e37bb9ac19e87e6e495303fab60c3111529,QUACK,-0.0390243055019297
0xcbe37e37bb9ac19e87e6e495303fab60c3111529,RDNT,-0.0401092353271322
0xcbe37e37bb9ac19e87e6e495303fab60c3111529,RNDR,-0.0214794391448056
0xcbe37e37bb9ac19e87e6e495303fab60c3111529,RPL,-0.0298830306565297
0xcbe37e37bb9ac19e87e6e495303fab60c3111529,RUNE,-0.0610784055551826
0xcbe37e37bb9ac19e87e6e495303fab60c3111529,SFP,-0.0004242420020375
0xcbe37e37bb9ac19e87e6e495303fab60c3111529,SFUND,-0.0378814073098307
0xcbe37e37bb9ac19e87e6e495303fab60c3111529,SHIB,-0.0018876745589384
0xcbe37e37bb9ac19e87e6e495303fab60c3111529,SOL,-0.0146514363103317
0xcbe37e37bb9ac19e87e6e495303fab60c3111529,STG,-0.0423693261130505
0xcbe37e37bb9ac19e87e6e495303fab60c3111529,SUI,0.0198870722769625
0xcbe37e37bb9ac19e87e6e495303fab60c3111529,SUSHI,-0.0358837545748735
0xcbe37e37bb9ac19e87e6e495303fab60c3111529,TIA,-0.0002477209332717
0xcbe37e37bb9ac19e87e6e495303fab60c3111529,TOKEN,-0.0448990211492148
0xcbe37e37bb9ac19e87e6e495303fab60c3111529,TRX,-0.0176824999328639
0xcbe37e37bb9ac19e87e6e495303fab60c3111529,UNI,0.0027495679005987
0xcbe37e37bb9ac19e87e6e495303fab60c3111529,USDT,0.0389938012783787
0xcbe37e37bb9ac19e87e6e495303fab60c3111529,XLM,-0.0178406785852999
0xcbe37e37bb9ac19e87e6e495303fab60c3111529,XMR,-0.0075908679553398
0xcbe37e37bb9ac19e87e6e495303fab60c3111529,XRP,0.0099305117651217
0xcbe37e37bb9ac19e87e6e495303fab60c3111529,XTZ,-0.0160891517576024
0xcbe37e37bb9ac19e87e6e495303fab60c3111529,XVS,-0.0484638482462405
0xcbe37e37bb9ac19e87e6e495303fab60c3111529,YFI,-0.0325514579500347
0xcf28560da27700098a0efcb3f5742169948892de,AAVE,-0.0724059947689777
0xcf28560da27700098a0efcb3f5742169948892de,ADA,0.0176031697386911
0xcf28560da27700098a0efcb3f5742169948892de,ALGO,-0.0257977042299407
0xcf28560da27700098a0efcb3f5742169948892de,APE,-0.0181183248600336
0xcf28560da27700098a0efcb3f5742169948892de,APT,-0.0316446480645433
0xcf28560da27700098a0efcb3f5742169948892de,ATOM,-0.0583491558724831
0xcf28560da27700098a0efcb3f5742169948892de,AVAX,-0.0104874590432511
0xcf28560da27700098a0efcb3f5742169948892de,AXS,-0.0603010793572644
0xcf28560da27700098a0efcb3f5742169948892de,BAL,-0.0583403021956318
0xcf28560da27700098a0efcb3f5742169948892de,BCH,-0.0210853574490889
0xcf28560da27700098a0efcb3f5742169948892de,BLUR,-0.0327968807159346
0xcf28560da27700098a0efcb3f5742169948892de,BNB,-0.0267242084066871
0xcf28560da27700098a0efcb3f5742169948892de,BONK,-0.0507569148448734
0xcf28560da27700098a0efcb3f5742169948892de,BTC,-0.0105969927538946
0xcf28560da27700098a0efcb3f5742169948892de,C98,-0.0712207293180747
0xcf28560da27700098a0efcb3f5742169948892de,CAKE,-0.0663098019970633
0xcf28560da27700098a0efcb3f5742169948892de,COMP,-0.018566877084351
0xcf28560da27700098a0efcb3f5742169948892de,CRV,0.0112113319773287
0xcf28560da27700098a0efcb3f5742169948892de,CVX,-0.0638713727357093
0xcf28560da27700098a0efcb3f5742169948892de,DAI,0.0092232171500891
0xcf28560da27700098a0efcb3f5742169948892de,DAO,0.0056758353875624
0xcf28560da27700098a0efcb3f5742169948892de,DOGE,0.0016420871226008
0xcf28560da27700098a0efcb3f5742169948892de,DOT,-0.0279476257854089
0xcf28560da27700098a0efcb3f5742169948892de,DYDX,-0.0487650379434207
0xcf28560da27700098a0efcb3f5742169948892de,EOS,-0.0373511438341671
0xcf28560da27700098a0efcb3f5742169948892de,ETC,-0.000034986464011856675
0xcf28560da27700098a0efcb3f5742169948892de,ETH,-0.0002492281357116
0xcf28560da27700098a0efcb3f5742169948892de,FET,-0.0490571579166036
0xcf28560da27700098a0efcb3f5742169948892de,FIL,-0.0490872426483727
0xcf28560da27700098a0efcb3f5742169948892de,FRAX,-0.0166476197667012
0xcf28560da27700098a0efcb3f5742169948892de,FTM,-0.0817106026613526
0xcf28560da27700098a0efcb3f5742169948892de,FXS,-0.1145423775985503
0xcf28560da27700098a0efcb3f5742169948892de,GRT,-0.0505763515888553
0xcf28560da27700098a0efcb3f5742169948892de,HAI,-0.0527921588493279
0xcf28560da27700098a0efcb3f5742169948892de,HERO,-0.0449981083780674
0xcf28560da27700098a0efcb3f5742169948892de,ICP,-0.0398732378014762
0xcf28560da27700098a0efcb3f5742169948892de,IMX,-0.0559785372246146
0xcf28560da27700098a0efcb3f5742169948892de,INJ,-0.0193773760198763
0xcf28560da27700098a0efcb3f5742169948892de,LDO,-0.0612016660168815
0xcf28560da27700098a0efcb3f5742169948892de,LINK,0.0367854484628288
0xcf28560da27700098a0efcb3f5742169948892de,LTC,-0.0321266500303033
0xcf28560da27700098a0efcb3f5742169948892de,MATIC,-0.0244218148801716
0xcf28560da27700098a0efcb3f5742169948892de,MAV,-0.061074884510856
0xcf28560da27700098a0efcb3f5742169948892de,MBOX,-0.0566509485393403
0xcf28560da27700098a0efcb3f5742169948892de,MKR,-0.0235820842952656
0xcf28560da27700098a0efcb3f5742169948892de,MOON,-0.0728179570597616
0xcf28560da27700098a0efcb3f5742169948892de,NEAR,-0.0534687333247635
0xcf28560da27700098a0efcb3f5742169948892de,OP,-0.0090189085313993
0xcf28560da27700098a0efcb3f5742169948892de,PENDLE,-0.066047028096205
0xcf28560da27700098a0efcb3f5742169948892de,PEPE,-0.0710636584807291
0xcf28560da27700098a0efcb3f5742169948892de,PERP,-0.0410093030127513
0xcf28560da27700098a0efcb3f5742169948892de,PIT,-0.0428502585452162
0xcf28560da27700098a0efcb3f5742169948892de,POLS,-0.0557447346551985
0xcf28560da27700098a0efcb3f5742169948892de,PYTH,-0.0634457396806076
0xcf28560da27700098a0efcb3f5742169948892de,QUACK,-0.0677103625338841
0xcf28560da27700098a0efcb3f5742169948892de,RDNT,-0.0521563268478604
0xcf28560da27700098a0efcb3f5742169948892de,RNDR,-0.033432889559231
0xcf28560da27700098a0efcb3f5742169948892de,RPL,-0.0560899455311294
0xcf28560da27700098a0efcb3f5742169948892de,RUNE,-0.0946206880149469
0xcf28560da27700098a0efcb3f5742169948892de,SFP,-0.0504151827668139
0xcf28560da27700098a0efcb3f5742169948892de,SFUND,-0.0523115015222129
0xcf28560da27700098a0efcb3f5742169948892de,SHIB,-0.0534203074677289
0xcf28560da27700098a0efcb3f5742169948892de,SOL,0.0100612499301029
0xcf28560da27700098a0efcb3f5742169948892de,STG,-0.0514129782509295
0xcf28560da27700098a0efcb3f5742169948892de,SUI,-0.0234369388545033
0xcf28560da27700098a0efcb3f5742169948892de,SUSHI,-0.0486337540786558
0xcf28560da27700098a0efcb3f5742169948892de,TIA,-0.0984570175099458
0xcf28560da27700098a0efcb3f5742169948892de,TOKEN,-0.0624848990760163
0xcf28560da27700098a0efcb3f5742169948892de,TRX,-0.0289373924589232
0xcf28560da27700098a0efcb3f5742169948892de,UNI,-0.0139609331839604
0xcf28560da27700098a0efcb3f5742169948892de,USDT,-0.0020331488049419
0xcf28560da27700098a0efcb3f5742169948892de,XLM,-0.0574297343133426
0xcf28560da27700098a0efcb3f5742169948892de,XMR,-0.0411173199760574
0xcf28560da27700098a0efcb3f5742169948892de,XRP,0.0672055459629902
0xcf28560da27700098a0efcb3f5742169948892de,XTZ,-0.0441326490250651
0xcf28560da27700098a0efcb3f5742169948892de,XVS,-0.0632411501755786
0xcf28560da27700098a0efcb3f5742169948892de,YFI,-0.0378174946661555
0xe14867e41410bd7232a52b9400476c08b4e535b3,AAVE,-0.012507742017092
0xe14867e41410bd7232a52b9400476c08b4e535b3,ADA,-0.0087571519311154
0xe14867e41410bd7232a52b9400476c08b4e535b3,ALGO,-0.0088387052655062
0xe14867e41410bd7232a52b9400476c08b4e535b3,APE,-0.0099758125691251
0xe14867e41410bd7232a52b9400476c08b4e535b3,APT,-0.0109039913321408
0xe14867e41410bd7232a52b9400476c08b4e535b3,ATOM,-0.0128741808867888
0xe14867e41410bd7232a52b9400476c08b4e535b3,AVAX,-0.0093661932322727
0xe14867e41410bd7232a52b9400476c08b4e535b3,AXS,-0.0126364231075433
0xe14867e41410bd7232a52b9400476c08b4e535b3,BAL,-0.0120992720080735
0xe14867e41410bd7232a52b9400476c08b4e535b3,BCH,-0.0095562492021866
0xe14867e41410bd7232a52b9400476c08b4e535b3,BLUR,-0.0112895488115961
0xe14867e41410bd7232a52b9400476c08b4e535b3,BNB,-0.0098665230748469
0xe14867e41410bd7232a52b9400476c08b4e535b3,BONK,-0.0112113860133563
0xe14867e41410bd7232a52b9400476c08b4e535b3,BTC,-0.0096704594242396
0xe14867e41410bd7232a52b9400476c08b4e535b3,C98,-0.0126364231075433
0xe14867e41410bd7232a52b9400476c08b4e535b3,CAKE,-0.0078906748334571
0xe14867e41410bd7232a52b9400476c08b4e535b3,COMP,-0.0112359732368623
0xe14867e41410bd7232a52b9400476c08b4e535b3,CRV,-0.0098984663459034
0xe14867e41410bd7232a52b9400476c08b4e535b3,CVX,-0.0126364231075433
0xe14867e41410bd7232a52b9400476c08b4e535b3,DAI,-0.0113141357462799
0xe14867e41410bd7232a52b9400476c08b4e535b3,DAO,-0.0088612435093891
0xe14867e41410bd7232a52b9400476c08b4e535b3,DOGE,-0.0083841290031266
0xe14867e41410bd7232a52b9400476c08b4e535b3,DOT,-0.0089220448319029
0xe14867e41410bd7232a52b9400476c08b4e535b3,DYDX,-0.0113141357462799
0xe14867e41410bd7232a52b9400476c08b4e535b3,EOS,-0.0111609222950487
0xe14867e41410bd7232a52b9400476c08b4e535b3,ETC,-0.0089868134337095
0xe14867e41410bd7232a52b9400476c08b4e535b3,ETH,-0.0090606247624112
0xe14867e41410bd7232a52b9400476c08b4e535b3,FET,-0.0126364231075433
0xe14867e41410bd7232a52b9400476c08b4e535b3,FIL,-0.0126364231075433
0xe14867e41410bd7232a52b9400476c08b4e535b3,FRAX,-0.0101885328108488
0xe14867e41410bd7232a52b9400476c08b4e535b3,FTM,-0.010609053731772
0xe14867e41410bd7232a52b9400476c08b4e535b3,FXS,-0.0173856679459756
0xe14867e41410bd7232a52b9400476c08b4e535b3,GRT,-0.0113766141625092
0xe14867e41410bd7232a52b9400476c08b4e535b3,HAI,-0.0109320037713175
0xe14867e41410bd7232a52b9400476c08b4e535b3,HERO,-0.0126364231075433
0xe14867e41410bd7232a52b9400476c08b4e535b3,ICP,-0.0114686280186437
0xe14867e41410bd7232a52b9400476c08b4e535b3,IMX,-0.0126364231075433
0xe14867e41410bd7232a52b9400476c08b4e535b3,INJ,-0.0101248630337746
0xe14867e41410bd7232a52b9400476c08b4e535b3,LDO,-0.0126364231075433
0xe14867e41410bd7232a52b9400476c08b4e535b3,LINK,-0.0084659906735693
0xe14867e41410bd7232a52b9400476c08b4e535b3,LTC,-0.0091439437709076
0xe14867e41410bd7232a52b9400476c08b4e535b3,MATIC,-0.0115108550299839
0xe14867e41410bd7232a52b9400476c08b4e535b3,MAV,-0.0112895488115961
0xe14867e41410bd7232a52b9400476c08b4e535b3,MBOX,-0.0126364231075433
0xe14867e41410bd7232a52b9400476c08b4e535b3,MKR,-0.0121400998721797
0xe14867e41410bd7232a52b9400476c08b4e535b3,MOON,-0.0103028658160378
0xe14867e41410bd7232a52b9400476c08b4e535b3,NEAR,-0.0126364231075433
0xe14867e41410bd7232a52b9400476c08b4e535b3,OP,-0.0088935156714286
0xe14867e41410bd7232a52b9400476c08b4e535b3,PENDLE,-0.0126364231075433
0xe14867e41410bd7232a52b9400476c08b4e535b3,PEPE,-0.0103871119747231
0xe14867e41410bd7232a52b9400476c08b4e535b3,PERP,-0.0109962822759412
0xe14867e41410bd7232a52b9400476c08b4e535b3,PIT,-0.0114686280186437
0xe14867e41410bd7232a52b9400476c08b4e535b3,POLS,-0.0126364231075433
0xe14867e41410bd7232a52b9400476c08b4e535b3,PYTH,-0.0113141357462799
0xe14867e41410bd7232a52b9400476c08b4e535b3,QUACK,-0.0126364231075433
0xe14867e41410bd7232a52b9400476c08b4e535b3,RDNT,-0.0126364231075433
0xe14867e41410bd7232a52b9400476c08b4e535b3,RNDR,-0.0112895488115961
0xe14867e41410bd7232a52b9400476c08b4e535b3,RPL,-0.0126364231075433
0xe14867e41410bd7232a52b9400476c08b4e535b3,RUNE,-0.0115108550299839
0xe14867e41410bd7232a52b9400476c08b4e535b3,SFP,-0.011994851261188
0xe14867e41410bd7232a52b9400476c08b4e535b3,SFUND,-0.0126364231075433
0xe14867e41410bd7232a52b9400476c08b4e535b3,SHIB,-0.0097041584819989
0xe14867e41410bd7232a52b9400476c08b4e535b3,SOL,-0.0086208243982886
0xe14867e41410bd7232a52b9400476c08b4e535b3,STG,-0.0126364231075433
0xe14867e41410bd7232a52b9400476c08b4e535b3,SUI,-0.0098383790000239
0xe14867e41410bd7232a52b9400476c08b4e535b3,SUSHI,-0.0112895488115961
0xe14867e41410bd7232a52b9400476c08b4e535b3,TIA,-0.0127757705155647
0xe14867e41410bd7232a52b9400476c08b4e535b3,TOKEN,-0.0126364231075433
0xe14867e41410bd7232a52b9400476c08b4e535b3,TRX,-0.0093654982441633
0xe14867e41410bd7232a52b9400476c08b4e535b3,UNI,-0.0089939298591316
0xe14867e41410bd7232a52b9400476c08b4e535b3,USDT,-0.0095370158689395
0xe14867e41410bd7232a52b9400476c08b4e535b3,XLM,-0.0086848892985564
0xe14867e41410bd7232a52b9400476c08b4e535b3,XMR,-0.0112113860133563
0xe14867e41410bd7232a52b9400476c08b4e535b3,XRP,-0.0083234533620238
0xe14867e41410bd7232a52b9400476c08b4e535b3,XTZ,-0.0118464906630529
0xe14867e41410bd7232a52b9400476c08b4e535b3,XVS,-0.0126364231075433
0xe14867e41410bd7232a52b9400476c08b4e535b3,YFI,-0.0126364231075433
0xe20f1eacf963ed838c05ff70372a45feb4aa74c5,AAVE,0.544219924631013
0xe20f1eacf963ed838c05ff70372a45feb4aa74c5,ADA,0.4962277197370838
0xe20f1eacf963ed838c05ff70372a45feb4aa74c5,ALGO,0.5411148783572605
0xe20f1eacf963ed838c05ff70372a45feb4aa74c5,APE,0.5295865824843726
0xe20f1eacf963ed838c05ff70372a45feb4aa74c5,APT,0.5298866979155171
0xe20f1eacf963ed838c05ff70372a45feb4aa74c5,ATOM,0.4483844646967918
0xe20f1eacf963ed838c05ff70372a45feb4aa74c5,AVAX,0.5498017598177614
0xe20f1eacf963ed838c05ff70372a45feb4aa74c5,AXS,0.523065769013401
0xe20f1eacf963ed838c05ff70372a45feb4aa74c5,BAL,0.5372439232375846
0xe20f1eacf963ed838c05ff70372a45feb4aa74c5,BCH,0.5047316482414608
0xe20f1eacf963ed838c05ff70372a45feb4aa74c5,BLUR,0.5234968358218967
0xe20f1eacf963ed838c05ff70372a45feb4aa74c5,BNB,0.5187513824980503
0xe20f1eacf963ed838c05ff70372a45feb4aa74c5,BONK,0.5192603462213574
0xe20f1eacf963ed838c05ff70372a45feb4aa74c5,BTC,0.5459416406112213
0xe20f1eacf963ed838c05ff70372a45feb4aa74c5,C98,0.4974868523717701
0xe20f1eacf963ed838c05ff70372a45feb4aa74c5,CAKE,0.4389352155414718
0xe20f1eacf963ed838c05ff70372a45feb4aa74c5,COMP,0.5440543062374652
0xe20f1eacf963ed838c05ff70372a45feb4aa74c5,CRV,0.5236361604037038
0xe20f1eacf963ed838c05ff70372a45feb4aa74c5,CVX,0.5125218443413877
0xe20f1eacf963ed838c05ff70372a45feb4aa74c5,DAI,0.5439904656490399
0xe20f1eacf963ed838c05ff70372a45feb4aa74c5,DAO,0.5103352648341951
0xe20f1eacf963ed838c05ff70372a45feb4aa74c5,DOGE,0.5321944094420253
0xe20f1eacf963ed838c05ff70372a45feb4aa74c5,DOT,0.5303939021170082
0xe20f1eacf963ed838c05ff70372a45feb4aa74c5,DYDX,0.5099739563880508
0xe20f1eacf963ed838c05ff70372a45feb4aa74c5,EOS,0.532559564948616
0xe20f1eacf963ed838c05ff70372a45feb4aa74c5,ETC,0.5472962797342568
0xe20f1eacf963ed838c05ff70372a45feb4aa74c5,ETH,0.555818568136441
0xe20f1eacf963ed838c05ff70372a45feb4aa74c5,FET,0.5286365833891055
0xe20f1eacf963ed838c05ff70372a45feb4aa74c5,FIL,0.5270403923552966
0xe20f1eacf963ed838c05ff70372a45feb4aa74c5,FRAX,0.5388922083142332
0xe20f1eacf963ed838c05ff70372a45feb4aa74c5,FTM,0.4293657339883232
0xe20f1eacf963ed838c05ff70372a45feb4aa74c5,FXS,0.3955707452748179
0xe20f1eacf963ed838c05ff70372a45feb4aa74c5,GRT,0.5255932878639968
0xe20f1eacf963ed838c05ff70372a45feb4aa74c5,HAI,0.5249572945780061
0xe20f1eacf963ed838c05ff70372a45feb4aa74c5,HERO,0.5152425365820732
0xe20f1eacf963ed838c05ff70372a45feb4aa74c5,ICP,0.535490586315354
0xe20f1eacf963ed838c05ff70372a45feb4aa74c5,IMX,0.5090018673280748
0xe20f1eacf963ed838c05ff70372a45feb4aa74c5,INJ,0.5234194062846336
0xe20f1eacf963ed838c05ff70372a45feb4aa74c5,LDO,0.4957987035011817
0xe20f1eacf963ed838c05ff70372a45feb4aa74c5,LINK,0.539601133503909
0xe20f1eacf963ed838c05ff70372a45feb4aa74c5,LTC,0.5155221612277344
0xe20f1eacf963ed838c05ff70372a45feb4aa74c5,MATIC,0.5333400908998706
0xe20f1eacf963ed838c05ff70372a45feb4aa74c5,MAV,0.4838291260449328
0xe20f1eacf963ed838c05ff70372a45feb4aa74c5,MBOX,0.5043822356155171
0xe20f1eacf963ed838c05ff70372a45feb4aa74c5,MKR,0.469228313765377
0xe20f1eacf963ed838c05ff70372a45feb4aa74c5,MOON,0.4462220564851114
0xe20f1eacf963ed838c05ff70372a45feb4aa74c5,NEAR,0.5325924099474677
0xe20f1eacf963ed838c05ff70372a45feb4aa74c5,OP,0.5428370586035353
0xe20f1eacf963ed838c05ff70372a45feb4aa74c5,PENDLE,0.4908189434901036
0xe20f1eacf963ed838c05ff70372a45feb4aa74c5,PEPE,0.4902212930235002
0xe20f1eacf963ed838c05ff70372a45feb4aa74c5,PERP,0.5330708746293711
0xe20f1eacf963ed838c05ff70372a45feb4aa74c5,PIT,0.5127980993548542
0xe20f1eacf963ed838c05ff70372a45feb4aa74c5,POLS,0.5183107598148881
0xe20f1eacf963ed838c05ff70372a45feb4aa74c5,PYTH,0.5167791747155547
0xe20f1eacf963ed838c05ff70372a45feb4aa74c5,QUACK,0.4952167082003389
0xe20f1eacf963ed838c05ff70372a45feb4aa74c5,RDNT,0.5268747179445568
0xe20f1eacf963ed838c05ff70372a45feb4aa74c5,RNDR,0.5278418840508653
0xe20f1eacf963ed838c05ff70372a45feb4aa74c5,RPL,0.5094078385769115
0xe20f1eacf963ed838c05ff70372a45feb4aa74c5,RUNE,0.5046904619882998
0xe20f1eacf963ed838c05ff70372a45feb4aa74c5,SFP,0.5433484842358105
0xe20f1eacf963ed838c05ff70372a45feb4aa74c5,SFUND,0.5251586646734794
0xe20f1eacf963ed838c05ff70372a45feb4aa74c5,SHIB,0.5081547606971119
0xe20f1eacf963ed838c05ff70372a45feb4aa74c5,SOL,0.5289649031630721
0xe20f1eacf963ed838c05ff70372a45feb4aa74c5,STG,0.5142720221571718
0xe20f1eacf963ed838c05ff70372a45feb4aa74c5,SUI,0.5464054533506207
0xe20f1eacf963ed838c05ff70372a45feb4aa74c5,SUSHI,0.522005260739784
0xe20f1eacf963ed838c05ff70372a45feb4aa74c5,TIA,0.46396550172814
0xe20f1eacf963ed838c05ff70372a45feb4aa74c5,TOKEN,0.5142840400688858
0xe20f1eacf963ed838c05ff70372a45feb4aa74c5,TRX,0.534173526237489
0xe20f1eacf963ed838c05ff70372a45feb4aa74c5,UNI,0.5478946972267454
0xe20f1eacf963ed838c05ff70372a45feb4aa74c5,USDT,0.5484363536271785
0xe20f1eacf963ed838c05ff70372a45feb4aa74c5,XLM,0.5203407660025741
0xe20f1eacf963ed838c05ff70372a45feb4aa74c5,XMR,0.5386707664244695
0xe20f1eacf963ed838c05ff70372a45feb4aa74c5,XRP,0.4919370531936051
0xe20f1eacf963ed838c05ff70372a45feb4aa74c5,XTZ,0.5443713643358663
0xe20f1eacf963ed838c05ff70372a45feb4aa74c5,XVS,0.4856428197135798
0xe20f1eacf963ed838c05ff70372a45feb4aa74c5,YFI,0.5449780300351073
0xeba5ba85f72e40a9f2b8782c2bd51ec31a5564da,AAVE,-0.0191326235578378
0xeba5ba85f72e40a9f2b8782c2bd51ec31a5564da,ADA,-0.0006948758212523
0xeba5ba85f72e40a9f2b8782c2bd51ec31a5564da,ALGO,-0.0092966440965345
0xeba5ba85f72e40a9f2b8782c2bd51ec31a5564da,APE,-0.0105489925996422
0xeba5ba85f72e40a9f2b8782c2bd51ec31a5564da,APT,-0.0180233556466547
0xeba5ba85f72e40a9f2b8782c2bd51ec31a5564da,ATOM,-0.0206602890186341
0xeba5ba85f72e40a9f2b8782c2bd51ec31a5564da,AVAX,0.0015615748794958
0xeba5ba85f72e40a9f2b8782c2bd51ec31a5564da,AXS,-0.0148954337567519
0xeba5ba85f72e40a9f2b8782c2bd51ec31a5564da,BAL,-0.0128276302372221
0xeba5ba85f72e40a9f2b8782c2bd51ec31a5564da,BCH,-0.0120857892452085
0xeba5ba85f72e40a9f2b8782c2bd51ec31a5564da,BLUR,-0.0136674041274174
0xeba5ba85f72e40a9f2b8782c2bd51ec31a5564da,BNB,-0.0173970421268959
0xeba5ba85f72e40a9f2b8782c2bd51ec31a5564da,BONK,-0.0185984426786784
0xeba5ba85f72e40a9f2b8782c2bd51ec31a5564da,BTC,-0.0015749370907195
0xeba5ba85f72e40a9f2b8782c2bd51ec31a5564da,C98,-0.0173848398755314
0xeba5ba85f72e40a9f2b8782c2bd51ec31a5564da,CAKE,-0.0214014268944731
0xeba5ba85f72e40a9f2b8782c2bd51ec31a5564da,COMP,-0.0085376301954253
0xeba5ba85f72e40a9f2b8782c2bd51ec31a5564da,CRV,-0.0094350463449622
0xeba5ba85f72e40a9f2b8782c2bd51ec31a5564da,CVX,-0.0198445412875687
0xeba5ba85f72e40a9f2b8782c2bd51ec31a5564da,DAI,-0.005595759090938
0xeba5ba85f72e40a9f2b8782c2bd51ec31a5564da,DAO,-0.0156002403153235
0xeba5ba85f72e40a9f2b8782c2bd51ec31a5564da,DOGE,-0.0057337990146836
0xeba5ba85f72e40a9f2b8782c2bd51ec31a5564da,DOT,-0.0042278553281649
0xeba5ba85f72e40a9f2b8782c2bd51ec31a5564da,DYDX,-0.0105232262460899
0xeba5ba85f72e40a9f2b8782c2bd51ec31a5564da,EOS,-0.0116287100746622
0xeba5ba85f72e40a9f2b8782c2bd51ec31a5564da,ETC,-0.0012211248576691
0xeba5ba85f72e40a9f2b8782c2bd51ec31a5564da,ETH,-0.005679782452217
0xeba5ba85f72e40a9f2b8782c2bd51ec31a5564da,FET,-0.0161174981533027
0xeba5ba85f72e40a9f2b8782c2bd51ec31a5564da,FIL,-0.0126303753897767
0xeba5ba85f72e40a9f2b8782c2bd51ec31a5564da,FRAX,-0.0186849411833887
0xeba5ba85f72e40a9f2b8782c2bd51ec31a5564da,FTM,-0.0263105446820211
0xeba5ba85f72e40a9f2b8782c2bd51ec31a5564da,FXS,-0.0224499694551436
0xeba5ba85f72e40a9f2b8782c2bd51ec31a5564da,GRT,-0.0185711764857397
0xeba5ba85f72e40a9f2b8782c2bd51ec31a5564da,HAI,-0.0147105497877907
0xeba5ba85f72e40a9f2b8782c2bd51ec31a5564da,HERO,-0.016005274420731
0xeba5ba85f72e40a9f2b8782c2bd51ec31a5564da,ICP,-0.0111381976713751
0xeba5ba85f72e40a9f2b8782c2bd51ec31a5564da,IMX,-0.0139499296125086
0xeba5ba85f72e40a9f2b8782c2bd51ec31a5564da,INJ,-0.0115333220690169
0xeba5ba85f72e40a9f2b8782c2bd51ec31a5564da,LDO,-0.0174713748567383
0xeba5ba85f72e40a9f2b8782c2bd51ec31a5564da,LINK,0.0022504029527609
0xeba5ba85f72e40a9f2b8782c2bd51ec31a5564da,LTC,-0.0017054440413231
0xeba5ba85f72e40a9f2b8782c2bd51ec31a5564da,MATIC,-0.0178248784245092
0xeba5ba85f72e40a9f2b8782c2bd51ec31a5564da,MAV,-0.0255985122809787
0xeba5ba85f72e40a9f2b8782c2bd51ec31a5564da,MBOX,-0.0178162962217649
0xeba5ba85f72e40a9f2b8782c2bd51ec31a5564da,MKR,-0.0210222703526219
0xeba5ba85f72e40a9f2b8782c2bd51ec31a5564da,MOON,-0.0097832710053144
0xeba5ba85f72e40a9f2b8782c2bd51ec31a5564da,NEAR,-0.0139379762581999
0xeba5ba85f72e40a9f2b8782c2bd51ec31a5564da,OP,-0.002531536630204
0xeba5ba85f72e40a9f2b8782c2bd51ec31a5564da,PENDLE,-0.0201651379024912
0xeba5ba85f72e40a9f2b8782c2bd51ec31a5564da,PEPE,-0.017683807975429
0xeba5ba85f72e40a9f2b8782c2bd51ec31a5564da,PERP,-0.0173332543278825
0xeba5ba85f72e40a9f2b8782c2bd51ec31a5564da,PIT,-0.0122576430568357
0xeba5ba85f72e40a9f2b8782c2bd51ec31a5564da,POLS,-0.018619151874626
0xeba5ba85f72e40a9f2b8782c2bd51ec31a5564da,PYTH,-0.0108029102338435
0xeba5ba85f72e40a9f2b8782c2bd51ec31a5564da,QUACK,-0.0219692448059684
0xeba5ba85f72e40a9f2b8782c2bd51ec31a5564da,RDNT,-0.0179887891472036
0xeba5ba85f72e40a9f2b8782c2bd51ec31a5564da,RNDR,-0.0102070685546383
0xeba5ba85f72e40a9f2b8782c2bd51ec31a5564da,RPL,-0.0195673609052904
0xeba5ba85f72e40a9f2b8782c2bd51ec31a5564da,RUNE,-0.0311571642186955
0xeba5ba85f72e40a9f2b8782c2bd51ec31a5564da,SFP,-0.0111825904487358
0xeba5ba85f72e40a9f2b8782c2bd51ec31a5564da,SFUND,-0.0173652891322591
0xeba5ba85f72e40a9f2b8782c2bd51ec31a5564da,SHIB,-0.0118921565053461
0xeba5ba85f72e40a9f2b8782c2bd51ec31a5564da,SOL,-0.0017736948749569
0xeba5ba85f72e40a9f2b8782c2bd51ec31a5564da,STG,-0.0192047667693696
0xeba5ba85f72e40a9f2b8782c2bd51ec31a5564da,SUI,-0.000675085535867
0xeba5ba85f72e40a9f2b8782c2bd51ec31a5564da,SUSHI,-0.0174724427516635
0xeba5ba85f72e40a9f2b8782c2bd51ec31a5564da,TIA,-0.0224826256919113
0xeba5ba85f72e40a9f2b8782c2bd51ec31a5564da,TOKEN,-0.017699223297677
0xeba5ba85f72e40a9f2b8782c2bd51ec31a5564da,TRX,-0.0196160418755612
0xeba5ba85f72e40a9f2b8782c2bd51ec31a5564da,UNI,0.0002391196018555
0xeba5ba85f72e40a9f2b8782c2bd51ec31a5564da,USDT,-0.0009692725239379
0xeba5ba85f72e40a9f2b8782c2bd51ec31a5564da,XLM,-0.0136856524178641
0xeba5ba85f72e40a9f2b8782c2bd51ec31a5564da,XMR,-0.0207908670772536
0xeba5ba85f72e40a9f2b8782c2bd51ec31a5564da,XRP,-0.0032124469493807
0xeba5ba85f72e40a9f2b8782c2bd51ec31a5564da,XTZ,-0.019329395779908
0xeba5ba85f72e40a9f2b8782c2bd51ec31a5564da,XVS,-0.0203164700761942
0xeba5ba85f72e40a9f2b8782c2bd51ec31a5564da,YFI,-0.0165956383708128
0xf097ed117dd3930f1eeb91569a6a61b4c52744c8,AAVE,-0.0108715175855039
0xf097ed117dd3930f1eeb91569a6a61b4c52744c8,ADA,-0.0102039798194324
0xf097ed117dd3930f1eeb91569a6a61b4c52744c8,ALGO,-0.0101358471157296
0xf097ed117dd3930f1eeb91569a6a61b4c52744c8,APE,-0.0102039798194324
0xf097ed117dd3930f1eeb91569a6a61b4c52744c8,APT,-0.0102039798194324
0xf097ed117dd3930f1eeb91569a6a61b4c52744c8,ATOM,-0.0108715175855039
0xf097ed117dd3930f1eeb91569a6a61b4c52744c8,AVAX,-0.0102039798194324
0xf097ed117dd3930f1eeb91569a6a61b4c52744c8,AXS,-0.0108715175855039
0xf097ed117dd3930f1eeb91569a6a61b4c52744c8,BAL,-0.0108715175855039
0xf097ed117dd3930f1eeb91569a6a61b4c52744c8,BCH,-0.0099902207857206
0xf097ed117dd3930f1eeb91569a6a61b4c52744c8,BLUR,-0.0108715175855039
0xf097ed117dd3930f1eeb91569a6a61b4c52744c8,BNB,-0.0102039798194324
0xf097ed117dd3930f1eeb91569a6a61b4c52744c8,BONK,-0.0108715175855039
0xf097ed117dd3930f1eeb91569a6a61b4c52744c8,BTC,-0.0102039798194324
0xf097ed117dd3930f1eeb91569a6a61b4c52744c8,C98,-0.0108715175855039
0xf097ed117dd3930f1eeb91569a6a61b4c52744c8,CAKE,-0.0099902207857206
0xf097ed117dd3930f1eeb91569a6a61b4c52744c8,COMP,-0.0108715175855039
0xf097ed117dd3930f1eeb91569a6a61b4c52744c8,CRV,-0.0102039798194324
0xf097ed117dd3930f1eeb91569a6a61b4c52744c8,CVX,-0.0108715175855039
0xf097ed117dd3930f1eeb91569a6a61b4c52744c8,DAI,-0.0108715175855039
0xf097ed117dd3930f1eeb91569a6a61b4c52744c8,DAO,-0.0099902207857206
0xf097ed117dd3930f1eeb91569a6a61b4c52744c8,DOGE,-0.0101358471157296
0xf097ed117dd3930f1eeb91569a6a61b4c52744c8,DOT,-0.0102039798194324
0xf097ed117dd3930f1eeb91569a6a61b4c52744c8,DYDX,-0.0108715175855039
0xf097ed117dd3930f1eeb91569a6a61b4c52744c8,EOS,-0.0108715175855039
0xf097ed117dd3930f1eeb91569a6a61b4c52744c8,ETC,-0.0099902207857206
0xf097ed117dd3930f1eeb91569a6a61b4c52744c8,ETH,-0.0101358471157296
0xf097ed117dd3930f1eeb91569a6a61b4c52744c8,FET,-0.0108715175855039
0xf097ed117dd3930f1eeb91569a6a61b4c52744c8,FIL,-0.0108715175855039
0xf097ed117dd3930f1eeb91569a6a61b4c52744c8,FRAX,-0.0102039798194324
0xf097ed117dd3930f1eeb91569a6a61b4c52744c8,FTM,-0.0108715175855039
0xf097ed117dd3930f1eeb91569a6a61b4c52744c8,FXS,-0.0108471509348361
0xf097ed117dd3930f1eeb91569a6a61b4c52744c8,GRT,-0.0108715175855039
0xf097ed117dd3930f1eeb91569a6a61b4c52744c8,HAI,-0.0108715175855039
0xf097ed117dd3930f1eeb91569a6a61b4c52744c8,HERO,-0.0108715175855039
0xf097ed117dd3930f1eeb91569a6a61b4c52744c8,ICP,-0.0108715175855039
0xf097ed117dd3930f1eeb91569a6a61b4c52744c8,IMX,-0.0108715175855039
0xf097ed117dd3930f1eeb91569a6a61b4c52744c8,INJ,-0.0099902207857206
0xf097ed117dd3930f1eeb91569a6a61b4c52744c8,LDO,-0.0108715175855039
0xf097ed117dd3930f1eeb91569a6a61b4c52744c8,LINK,-0.0101358471157296
0xf097ed117dd3930f1eeb91569a6a61b4c52744c8,LTC,-0.0102039798194324
0xf097ed117dd3930f1eeb91569a6a61b4c52744c8,MATIC,-0.0108715175855039
0xf097ed117dd3930f1eeb91569a6a61b4c52744c8,MAV,-0.0108715175855039
0xf097ed117dd3930f1eeb91569a6a61b4c52744c8,MBOX,-0.0108715175855039
0xf097ed117dd3930f1eeb91569a6a61b4c52744c8,MKR,-0.0108715175855039
0xf097ed117dd3930f1eeb91569a6a61b4c52744c8,MOON,-0.0101358471157296
0xf097ed117dd3930f1eeb91569a6a61b4c52744c8,NEAR,-0.0108715175855039
0xf097ed117dd3930f1eeb91569a6a61b4c52744c8,OP,-0.0102039798194324
0xf097ed117dd3930f1eeb91569a6a61b4c52744c8,PENDLE,-0.0108715175855039
0xf097ed117dd3930f1eeb91569a6a61b4c52744c8,PEPE,-0.0108715175855039
0xf097ed117dd3930f1eeb91569a6a61b4c52744c8,PERP,-0.0108715175855039
0xf097ed117dd3930f1eeb91569a6a61b4c52744c8,PIT,-0.0108715175855039
0xf097ed117dd3930f1eeb91569a6a61b4c52744c8,POLS,-0.0108715175855039
0xf097ed117dd3930f1eeb91569a6a61b4c52744c8,PYTH,-0.0108715175855039
0xf097ed117dd3930f1eeb91569a6a61b4c52744c8,QUACK,-0.0108715175855039
0xf097ed117dd3930f1eeb91569a6a61b4c52744c8,RDNT,-0.0108715175855039
0xf097ed117dd3930f1eeb91569a6a61b4c52744c8,RNDR,-0.0108715175855039
0xf097ed117dd3930f1eeb91569a6a61b4c52744c8,RPL,-0.0108715175855039
0xf097ed117dd3930f1eeb91569a6a61b4c52744c8,RUNE,-0.0108715175855039
0xf097ed117dd3930f1eeb91569a6a61b4c52744c8,SFP,-0.0108715175855039
0xf097ed117dd3930f1eeb91569a6a61b4c52744c8,SFUND,-0.0108715175855039
0xf097ed117dd3930f1eeb91569a6a61b4c52744c8,SHIB,-0.0102039798194324
0xf097ed117dd3930f1eeb91569a6a61b4c52744c8,SOL,-0.0099902207857206
0xf097ed117dd3930f1eeb91569a6a61b4c52744c8,STG,-0.0108715175855039
0xf097ed117dd3930f1eeb91569a6a61b4c52744c8,SUI,-0.0102039798194324
0xf097ed117dd3930f1eeb91569a6a61b4c52744c8,SUSHI,-0.0108715175855039
0xf097ed117dd3930f1eeb91569a6a61b4c52744c8,TIA,-0.0108715175855039
0xf097ed117dd3930f1eeb91569a6a61b4c52744c8,TOKEN,-0.0108715175855039
0xf097ed117dd3930f1eeb91569a6a61b4c52744c8,TRX,-0.0099902207857206
0xf097ed117dd3930f1eeb91569a6a61b4c52744c8,UNI,-0.0101358471157296
0xf097ed117dd3930f1eeb91569a6a61b4c52744c8,USDT,-0.0102039798194324
0xf097ed117dd3930f1eeb91569a6a61b4c52744c8,XLM,-0.0099902207857206
0xf097ed117dd3930f1eeb91569a6a61b4c52744c8,XMR,-0.0108715175855039
0xf097ed117dd3930f1eeb91569a6a61b4c52744c8,XRP,-0.0102039798194324
0xf097ed117dd3930f1eeb91569a6a61b4c52744c8,XTZ,-0.0108715175855039
0xf097ed117dd3930f1eeb91569a6a61b4c52744c8,XVS,-0.0108715175855039
0xf097ed117dd3930f1eeb91569a6a61b4c52744c8,YFI,-0.0108715175855039
0xf8d50e3283fb6bf41260f7f294a48587d2a9b1fa,AAVE,0.0081867704294469
0xf8d50e3283fb6bf41260f7f294a48587d2a9b1fa,ADA,-0.0808078923078444
0xf8d50e3283fb6bf41260f7f294a48587d2a9b1fa,ALGO,0.0144414704188213
0xf8d50e3283fb6bf41260f7f294a48587d2a9b1fa,APE,-0.01669206899275
0xf8d50e3283fb6bf41260f7f294a48587d2a9b1fa,APT,0.0077068216652769
0xf8d50e3283fb6bf41260f7f294a48587d2a9b1fa,ATOM,0.0077774404623422
0xf8d50e3283fb6bf41260f7f294a48587d2a9b1fa,AVAX,0.0437619301239638
0xf8d50e3283fb6bf41260f7f294a48587d2a9b1fa,AXS,-0.0009070324624381
0xf8d50e3283fb6bf41260f7f294a48587d2a9b1fa,BAL,-0.0050346914733784
0xf8d50e3283fb6bf41260f7f294a48587d2a9b1fa,BCH,0.0454175578053056
0xf8d50e3283fb6bf41260f7f294a48587d2a9b1fa,BLUR,0.0181786966144364
0xf8d50e3283fb6bf41260f7f294a48587d2a9b1fa,BNB,0.0155152714925232
0xf8d50e3283fb6bf41260f7f294a48587d2a9b1fa,BONK,-0.0137796744647242
0xf8d50e3283fb6bf41260f7f294a48587d2a9b1fa,BTC,0.3004773615195594
0xf8d50e3283fb6bf41260f7f294a48587d2a9b1fa,C98,-0.0115545994533861
0xf8d50e3283fb6bf41260f7f294a48587d2a9b1fa,CAKE,-0.0622788640161148
0xf8d50e3283fb6bf41260f7f294a48587d2a9b1fa,COMP,-0.0012749538080628
0xf8d50e3283fb6bf41260f7f294a48587d2a9b1fa,CRV,-0.0144374940909116
0xf8d50e3283fb6bf41260f7f294a48587d2a9b1fa,CVX,-0.004954293436312
0xf8d50e3283fb6bf41260f7f294a48587d2a9b1fa,DAI,0.0145368778293917
0xf8d50e3283fb6bf41260f7f294a48587d2a9b1fa,DAO,-0.0225544071247178
0xf8d50e3283fb6bf41260f7f294a48587d2a9b1fa,DOGE,0.0360019497508142
0xf8d50e3283fb6bf41260f7f294a48587d2a9b1fa,DOT,0.0069476291792164
0xf8d50e3283fb6bf41260f7f294a48587d2a9b1fa,DYDX,-0.0162614423723456
0xf8d50e3283fb6bf41260f7f294a48587d2a9b1fa,EOS,0.0047315901292717
0xf8d50e3283fb6bf41260f7f294a48587d2a9b1fa,ETC,0.02250177100172
0xf8d50e3283fb6bf41260f7f294a48587d2a9b1fa,ETH,0.0092025687522361
0xf8d50e3283fb6bf41260f7f294a48587d2a9b1fa,FET,-0.0157033342783034
0xf8d50e3283fb6bf41260f7f294a48587d2a9b1fa,FIL,0.015372848944863
0xf8d50e3283fb6bf41260f7f294a48587d2a9b1fa,FRAX,0.0578162745802434
0xf8d50e3283fb6bf41260f7f294a48587d2a9b1fa,FTM,-0.0349339465515556
0xf8d50e3283fb6bf41260f7f294a48587d2a9b1fa,FXS,-0.0254786878920293
0xf8d50e3283fb6bf41260f7f294a48587d2a9b1fa,GRT,-0.0329027566408236
0xf8d50e3283fb6bf41260f7f294a48587d2a9b1fa,HAI,0.0011480393118988
0xf8d50e3283fb6bf41260f7f294a48587d2a9b1fa,HERO,0.0035061706230497
0xf8d50e3283fb6bf41260f7f294a48587d2a9b1fa,ICP,0.0161993016356032
0xf8d50e3283fb6bf41260f7f294a48587d2a9b1fa,IMX,0.0114941739914745
0xf8d50e3283fb6bf41260f7f294a48587d2a9b1fa,INJ,0.0061109511961849
0xf8d50e3283fb6bf41260f7f294a48587d2a9b1fa,LDO,0.0022949055689319
0xf8d50e3283fb6bf41260f7f294a48587d2a9b1fa,LINK,0.0419003431096845
0xf8d50e3283fb6bf41260f7f294a48587d2a9b1fa,LTC,0.0163379083460474
0xf8d50e3283fb6bf41260f7f294a48587d2a9b1fa,MATIC,0.0223665107005107
0xf8d50e3283fb6bf41260f7f294a48587d2a9b1fa,MAV,0.0010164825010758
0xf8d50e3283fb6bf41260f7f294a48587d2a9b1fa,MBOX,0.0104097379590638
0xf8d50e3283fb6bf41260f7f294a48587d2a9b1fa,MKR,-0.0169049657226242
0xf8d50e3283fb6bf41260f7f294a48587d2a9b1fa,MOON,-0.0017522450027506
0xf8d50e3283fb6bf41260f7f294a48587d2a9b1fa,NEAR,0.0075139245993557
0xf8d50e3283fb6bf41260f7f294a48587d2a9b1fa,OP,0.0725979078602869
0xf8d50e3283fb6bf41260f7f294a48587d2a9b1fa,PENDLE,-0.0000936194827199366
0xf8d50e3283fb6bf41260f7f294a48587d2a9b1fa,PEPE,-0.0259224654973968
0xf8d50e3283fb6bf41260f7f294a48587d2a9b1fa,PERP,0.0139705491038473
0xf8d50e3283fb6bf41260f7f294a48587d2a9b1fa,PIT,-0.0073209653585757
0xf8d50e3283fb6bf41260f7f294a48587d2a9b1fa,POLS,0.0059886021584294
0xf8d50e3283fb6bf41260f7f294a48587d2a9b1fa,PYTH,0.0158511079386274
0xf8d50e3283fb6bf41260f7f294a48587d2a9b1fa,QUACK,-0.010095091545171
0xf8d50e3283fb6bf41260f7f294a48587d2a9b1fa,RDNT,0.0007848871276806
0xf8d50e3283fb6bf41260f7f294a48587d2a9b1fa,RNDR,-0.0075175123521635
0xf8d50e3283fb6bf41260f7f294a48587d2a9b1fa,RPL,0.0084329549428612
0xf8d50e3283fb6bf41260f7f294a48587d2a9b1fa,RUNE,-0.0420267475692134
0xf8d50e3283fb6bf41260f7f294a48587d2a9b1fa,SFP,-0.0076615902081733
0xf8d50e3283fb6bf41260f7f294a48587d2a9b1fa,SFUND,0.0096658647008944
0xf8d50e3283fb6bf41260f7f294a48587d2a9b1fa,SHIB,0.2263777190770052
0xf8d50e3283fb6bf41260f7f294a48587d2a9b1fa,SOL,0.0678496335540169
0xf8d50e3283fb6bf41260f7f294a48587d2a9b1fa,STG,-0.0020032854076444
0xf8d50e3283fb6bf41260f7f294a48587d2a9b1fa,SUI,-0.0001475362465639
0xf8d50e3283fb6bf41260f7f294a48587d2a9b1fa,SUSHI,0.007057707040841
0xf8d50e3283fb6bf41260f7f294a48587d2a9b1fa,TIA,-0.0424308255399272
0xf8d50e3283fb6bf41260f7f294a48587d2a9b1fa,TOKEN,0.024572518385924
0xf8d50e3283fb6bf41260f7f294a48587d2a9b1fa,TRX,-0.0242124394418652
0xf8d50e3283fb6bf41260f7f294a48587d2a9b1fa,UNI,0.0339626979890982
0xf8d50e3283fb6bf41260f7f294a48587d2a9b1fa,USDT,-0.0129588847178302
0xf8d50e3283fb6bf41260f7f294a48587d2a9b1fa,XLM,-0.0202895496925644
0xf8d50e3283fb6bf41260f7f294a48587d2a9b1fa,XMR,-0.0177614840783573
0xf8d50e3283fb6bf41260f7f294a48587d2a9b1fa,XRP,0.1051254848191391
0xf8d50e3283fb6bf41260f7f294a48587d2a9b1fa,XTZ,0.0002227660878027
0xf8d50e3283fb6bf41260f7f294a48587d2a9b1fa,XVS,-0.0024127659420733
0xf8d50e3283fb6bf41260f7f294a48587d2a9b1fa,YFI,-0.0042159520660113
0xfb2744ba3942d3bbf6717448e82299b731ca7ae7,AAVE,-0.0556886021692442
0xfb2744ba3942d3bbf6717448e82299b731ca7ae7,ADA,0.0046933530114066
0xfb2744ba3942d3bbf6717448e82299b731ca7ae7,ALGO,0.0014568357487626
0xfb2744ba3942d3bbf6717448e82299b731ca7ae7,APE,-0.0337430208157182
0xfb2744ba3942d3bbf6717448e82299b731ca7ae7,APT,-0.021734295396569
0xfb2744ba3942d3bbf6717448e82299b731ca7ae7,ATOM,-0.0602829411188018
0xfb2744ba3942d3bbf6717448e82299b731ca7ae7,AVAX,0.0302197099085045
0xfb2744ba3942d3bbf6717448e82299b731ca7ae7,AXS,-0.0432483037127465
0xfb2744ba3942d3bbf6717448e82299b731ca7ae7,BAL,-0.0472603858792037
0xfb2744ba3942d3bbf6717448e82299b731ca7ae7,BCH,-0.0054307475803619
0xfb2744ba3942d3bbf6717448e82299b731ca7ae7,BLUR,-0.0345711538665368
0xfb2744ba3942d3bbf6717448e82299b731ca7ae7,BNB,-0.0429279719186163
0xfb2744ba3942d3bbf6717448e82299b731ca7ae7,BONK,-0.0448071299158696
0xfb2744ba3942d3bbf6717448e82299b731ca7ae7,BTC,0.0137826266690275
0xfb2744ba3942d3bbf6717448e82299b731ca7ae7,C98,-0.0506250023761484
0xfb2744ba3942d3bbf6717448e82299b731ca7ae7,CAKE,-0.0490321845137829
0xfb2744ba3942d3bbf6717448e82299b731ca7ae7,COMP,-0.0432544751078814
0xfb2744ba3942d3bbf6717448e82299b731ca7ae7,CRV,-0.0003168919990559
0xfb2744ba3942d3bbf6717448e82299b731ca7ae7,CVX,-0.0500325412696159
0xfb2744ba3942d3bbf6717448e82299b731ca7ae7,DAI,-0.0244101785424541
0xfb2744ba3942d3bbf6717448e82299b731ca7ae7,DAO,0.0054775808851918
0xfb2744ba3942d3bbf6717448e82299b731ca7ae7,DOGE,0.0117540483707768
0xfb2744ba3942d3bbf6717448e82299b731ca7ae7,DOT,0.0069476361532139
0xfb2744ba3942d3bbf6717448e82299b731ca7ae7,DYDX,-0.0301490055904464
0xfb2744ba3942d3bbf6717448e82299b731ca7ae7,EOS,-0.0254101885138418
0xfb2744ba3942d3bbf6717448e82299b731ca7ae7,ETC,-0.0097239285468172
0xfb2744ba3942d3bbf6717448e82299b731ca7ae7,ETH,-0.0005891731164274
0xfb2744ba3942d3bbf6717448e82299b731ca7ae7,FET,-0.0448132081107355
0xfb2744ba3942d3bbf6717448e82299b731ca7ae7,FIL,-0.036045053975755
0xfb2744ba3942d3bbf6717448e82299b731ca7ae7,FRAX,-0.0106332531226486
0xfb2744ba3942d3bbf6717448e82299b731ca7ae7,FTM,-0.064353226439246
0xfb2744ba3942d3bbf6717448e82299b731ca7ae7,FXS,-0.0669932813798466
0xfb2744ba3942d3bbf6717448e82299b731ca7ae7,GRT,-0.060876063506849
0xfb2744ba3942d3bbf6717448e82299b731ca7ae7,HAI,-0.031455527797546
0xfb2744ba3942d3bbf6717448e82299b731ca7ae7,HERO,-0.0416377423744796
0xfb2744ba3942d3bbf6717448e82299b731ca7ae7,ICP,-0.0203848399065213
0xfb2744ba3942d3bbf6717448e82299b731ca7ae7,IMX,-0.0435280581700342
0xfb2744ba3942d3bbf6717448e82299b731ca7ae7,INJ,-0.0046782794403054
0xfb2744ba3942d3bbf6717448e82299b731ca7ae7,LDO,-0.0510045245275289
0xfb2744ba3942d3bbf6717448e82299b731ca7ae7,LINK,0.0204382506959671
0xfb2744ba3942d3bbf6717448e82299b731ca7ae7,LTC,0.0091793100744725
0xfb2744ba3942d3bbf6717448e82299b731ca7ae7,MATIC,-0.0378208326224369
0xfb2744ba3942d3bbf6717448e82299b731ca7ae7,MAV,-0.0508682024940453
0xfb2744ba3942d3bbf6717448e82299b731ca7ae7,MBOX,-0.0494980405547674
0xfb2744ba3942d3bbf6717448e82299b731ca7ae7,MKR,-0.0511950918010994
0xfb2744ba3942d3bbf6717448e82299b731ca7ae7,MOON,-0.0318579582912438
0xfb2744ba3942d3bbf6717448e82299b731ca7ae7,NEAR,-0.0488599905972013
0xfb2744ba3942d3bbf6717448e82299b731ca7ae7,OP,-0.0004589297990632
0xfb2744ba3942d3bbf6717448e82299b731ca7ae7,PENDLE,-0.0510436457032239
0xfb2744ba3942d3bbf6717448e82299b731ca7ae7,PEPE,-0.0464804504177706
0xfb2744ba3942d3bbf6717448e82299b731ca7ae7,PERP,-0.0399831143193707
0xfb2744ba3942d3bbf6717448e82299b731ca7ae7,PIT,-0.0437458262396831
0xfb2744ba3942d3bbf6717448e82299b731ca7ae7,POLS,-0.0493647007788047
0xfb2744ba3942d3bbf6717448e82299b731ca7ae7,PYTH,-0.0311182315910302
0xfb2744ba3942d3bbf6717448e82299b731ca7ae7,QUACK,-0.0481437108289288
0xfb2744ba3942d3bbf6717448e82299b731ca7ae7,RDNT,-0.0441211106278342
0xfb2744ba3942d3bbf6717448e82299b731ca7ae7,RNDR,-0.0258981267944561
0xfb2744ba3942d3bbf6717448e82299b731ca7ae7,RPL,-0.0485249055074416
0xfb2744ba3942d3bbf6717448e82299b731ca7ae7,RUNE,-0.0449928638303109
0xfb2744ba3942d3bbf6717448e82299b731ca7ae7,SFP,-0.0328592101568454
0xfb2744ba3942d3bbf6717448e82299b731ca7ae7,SFUND,-0.0461052296220446
0xfb2744ba3942d3bbf6717448e82299b731ca7ae7,SHIB,-0.0266685797212867
0xfb2744ba3942d3bbf6717448e82299b731ca7ae7,SOL,-0.0071905798359348
0xfb2744ba3942d3bbf6717448e82299b731ca7ae7,STG,-0.0427849379886249
0xfb2744ba3942d3bbf6717448e82299b731ca7ae7,SUI,-0.0097694512551965
0xfb2744ba3942d3bbf6717448e82299b731ca7ae7,SUSHI,-0.0440076121969064
0xfb2744ba3942d3bbf6717448e82299b731ca7ae7,TIA,-0.0714239365903862
0xfb2744ba3942d3bbf6717448e82299b731ca7ae7,TOKEN,-0.049642160773511
0xfb2744ba3942d3bbf6717448e82299b731ca7ae7,TRX,-0.0428172285358545
0xfb2744ba3942d3bbf6717448e82299b731ca7ae7,UNI,0.0059057557951061
0xfb2744ba3942d3bbf6717448e82299b731ca7ae7,USDT,0.0049466246681695
0xfb2744ba3942d3bbf6717448e82299b731ca7ae7,XLM,-0.0274868118403016
0xfb2744ba3942d3bbf6717448e82299b731ca7ae7,XMR,-0.0352464080213265
0xfb2744ba3942d3bbf6717448e82299b731ca7ae7,XRP,-0.0072081562309064
0xfb2744ba3942d3bbf6717448e82299b731ca7ae7,XTZ,-0.0281642545393361
0xfb2744ba3942d3bbf6717448e82299b731ca7ae7,XVS,-0.0549707015570818
0xfb2744ba3942d3bbf6717448e82299b731ca7ae7,YFI,-0.0397373800799598
0xfb8bc3433016a64a3b8aa23c0275afe7c20feb53,AAVE,-0.032053515
0xfb8bc3433016a64a3b8aa23c0275afe7c20feb53,ADA,-0.033973515
0xfb8bc3433016a64a3b8aa23c0275afe7c20feb53,ALGO,-0.0015706078
0xfb8bc3433016a64a3b8aa23c0275afe7c20feb53,APE,-0.029352214
0xfb8bc3433016a64a3b8aa23c0275afe7c20feb53,APT,-0.023924934
0xfb8bc3433016a64a3b8aa23c0275afe7c20feb53,ATOM,-0.06780658
0xfb8bc3433016a64a3b8aa23c0275afe7c20feb53,AVAX,0.007241643
0xfb8bc3433016a64a3b8aa23c0275afe7c20feb53,AXS,-0.0072747665
0xfb8bc3433016a64a3b8aa23c0275afe7c20feb53,BAL,-0.019209126
0xfb8bc3433016a64a3b8aa23c0275afe7c20feb53,BCH,-0.031124173
0xfb8bc3433016a64a3b8aa23c0275afe7c20feb53,BLUR,-0.006235383
0xfb8bc3433016a64a3b8aa23c0275afe7c20feb53,BNB,-0.044263277
0xfb8bc3433016a64a3b8aa23c0275afe7c20feb53,BONK,-0.038077954
0xfb8bc3433016a64a3b8aa23c0275afe7c20feb53,BTC,-0.00266527
0xfb8bc3433016a64a3b8aa23c0275afe7c20feb53,C98,-0.014899147
0xfb8bc3433016a64a3b8aa23c0275afe7c20feb53,CAKE,-0.053418264
0xfb8bc3433016a64a3b8aa23c0275afe7c20feb53,COMP,-0.009790316
0xfb8bc3433016a64a3b8aa23c0275afe7c20feb53,CRV,-0.0020603475
0xfb8bc3433016a64a3b8aa23c0275afe7c20feb53,CVX,-0.019972675
0xfb8bc3433016a64a3b8aa23c0275afe7c20feb53,DAI,0.0032400563
0xfb8bc3433016a64a3b8aa23c0275afe7c20feb53,DAO,0.00010888376
0xfb8bc3433016a64a3b8aa23c0275afe7c20feb53,DOGE,0.061788034
0xfb8bc3433016a64a3b8aa23c0275afe7c20feb53,DOT,0.010221695
0xfb8bc3433016a64a3b8aa23c0275afe7c20feb53,DYDX,-0.008419499
0xfb8bc3433016a64a3b8aa23c0275afe7c20feb53,EOS,-0.01887731
0xfb8bc3433016a64a3b8aa23c0275afe7c20feb53,ETC,0.020695163
0xfb8bc3433016a64a3b8aa23c0275afe7c20feb53,ETH,0.0105783595
0xfb8bc3433016a64a3b8aa23c0275afe7c20feb53,FET,-0.014797846
0xfb8bc3433016a64a3b8aa23c0275afe7c20feb53,FIL,-0.018535938
0xfb8bc3433016a64a3b8aa23c0275afe7c20feb53,FRAX,-0.007187302
0xfb8bc3433016a64a3b8aa23c0275afe7c20feb53,FTM,-0.075362064
0xfb8bc3433016a64a3b8aa23c0275afe7c20feb53,FXS,-0.028707022
0xfb8bc3433016a64a3b8aa23c0275afe7c20feb53,GRT,-0.03302168
0xfb8bc3433016a64a3b8aa23c0275afe7c20feb53,HAI,-0.022339487
0xfb8bc3433016a64a3b8aa23c0275afe7c20feb53,HERO,-0.021623373
0xfb8bc3433016a64a3b8aa23c0275afe7c20feb53,ICP,-0.03282098
0xfb8bc3433016a64a3b8aa23c0275afe7c20feb53,IMX,-0.018218124
0xfb8bc3433016a64a3b8aa23c0275afe7c20feb53,INJ,0.0027781725
0xfb8bc3433016a64a3b8aa23c0275afe7c20feb53,LDO,-0.016901147
0xfb8bc3433016a64a3b8aa23c0275afe7c20feb53,LINK,0.023918215
0xfb8bc3433016a64a3b8aa23c0275afe7c20feb53,LTC,0.028265713
0xfb8bc3433016a64a3b8aa23c0275afe7c20feb53,MATIC,-0.016093578
0xfb8bc3433016a64a3b8aa23c0275afe7c20feb53,MAV,-0.03468857
0xfb8bc3433016a64a3b8aa23c0275afe7c20feb53,MBOX,-0.015561329
0xfb8bc3433016a64a3b8aa23c0275afe7c20feb53,MKR,-0.056813646
0xfb8bc3433016a64a3b8aa23c0275afe7c20feb53,MOON,-0.049941506
0xfb8bc3433016a64a3b8aa23c0275afe7c20feb53,NEAR,-0.015258589
0xfb8bc3433016a64a3b8aa23c0275afe7c20feb53,OP,0.00039590438
0xfb8bc3433016a64a3b8aa23c0275afe7c20feb53,PENDLE,-0.012980198
0xfb8bc3433016a64a3b8aa23c0275afe7c20feb53,PEPE,-0.033988364
0xfb8bc3433016a64a3b8aa23c0275afe7c20feb53,PERP,-0.023282135
0xfb8bc3433016a64a3b8aa23c0275afe7c20feb53,PIT,-0.013949808
0xfb8bc3433016a64a3b8aa23c0275afe7c20feb53,POLS,-0.021089163
0xfb8bc3433016a64a3b8aa23c0275afe7c20feb53,PYTH,-0.008490739
0xfb8bc3433016a64a3b8aa23c0275afe7c20feb53,QUACK,-0.013372217
0xfb8bc3433016a64a3b8aa23c0275afe7c20feb53,RDNT,-0.019633094
0xfb8bc3433016a64a3b8aa23c0275afe7c20feb53,RNDR,-0.01060317
0xfb8bc3433016a64a3b8aa23c0275afe7c20feb53,RPL,-0.018232884
0xfb8bc3433016a64a3b8aa23c0275afe7c20feb53,RUNE,-0.04185524
0xfb8bc3433016a64a3b8aa23c0275afe7c20feb53,SFP,-0.008522287
0xfb8bc3433016a64a3b8aa23c0275afe7c20feb53,SFUND,-0.020978985
0xfb8bc3433016a64a3b8aa23c0275afe7c20feb53,SHIB,-0.008854775
0xfb8bc3433016a64a3b8aa23c0275afe7c20feb53,SOL,0.017567981
0xfb8bc3433016a64a3b8aa23c0275afe7c20feb53,STG,-0.013595362
0xfb8bc3433016a64a3b8aa23c0275afe7c20feb53,SUI,0.017859364
0xfb8bc3433016a64a3b8aa23c0275afe7c20feb53,SUSHI,-0.039036464
0xfb8bc3433016a64a3b8aa23c0275afe7c20feb53,TIA,-0.03547763
0xfb8bc3433016a64a3b8aa23c0275afe7c20feb53,TOKEN,-0.013878394
0xfb8bc3433016a64a3b8aa23c0275afe7c20feb53,TRX,-0.034543794
0xfb8bc3433016a64a3b8aa23c0275afe7c20feb53,UNI,0.014761619
0xfb8bc3433016a64a3b8aa23c0275afe7c20feb53,USDT,0.046337474
0xfb8bc3433016a64a3b8aa23c0275afe7c20feb53,XLM,-0.0430408
0xfb8bc3433016a64a3b8aa23c0275afe7c20feb53,XMR,-0.026137574
0xfb8bc3433016a64a3b8aa23c0275afe7c20feb53,XRP,-0.015027894
0xfb8bc3433016a64a3b8aa23c0275afe7c20feb53,XTZ,-0.028155146
0xfb8bc3433016a64a3b8aa23c0275afe7c20feb53,XVS,-0.020126477
0xfb8bc3433016a64a3b8aa23c0275afe7c20feb53,YFI,-0.015758589
0xfe3c3f351e6df846566e10119e4295ed69b2cd72,AAVE,-0.0102589563323431
0xfe3c3f351e6df846566e10119e4295ed69b2cd72,ADA,-0.009235515034347
0xfe3c3f351e6df846566e10119e4295ed69b2cd72,ALGO,-0.0108055044229638
0xfe3c3f351e6df846566e10119e4295ed69b2cd72,APE,-0.009235515034347
0xfe3c3f351e6df846566e10119e4295ed69b2cd72,APT,-0.009235515034347
0xfe3c3f351e6df846566e10119e4295ed69b2cd72,ATOM,-0.0104336683770059
0xfe3c3f351e6df846566e10119e4295ed69b2cd72,AVAX,-0.009235515034347
0xfe3c3f351e6df846566e10119e4295ed69b2cd72,AXS,-0.0096137448091915
0xfe3c3f351e6df846566e10119e4295ed69b2cd72,BAL,-0.0096137448091915
0xfe3c3f351e6df846566e10119e4295ed69b2cd72,BCH,-0.0090104240432755
0xfe3c3f351e6df846566e10119e4295ed69b2cd72,BLUR,-0.0096137448091915
0xfe3c3f351e6df846566e10119e4295ed69b2cd72,BNB,-0.0091962568044889
0xfe3c3f351e6df846566e10119e4295ed69b2cd72,BONK,-0.0096137448091915
0xfe3c3f351e6df846566e10119e4295ed69b2cd72,BTC,-0.0093315203559542
0xfe3c3f351e6df846566e10119e4295ed69b2cd72,C98,-0.0096137448091915
0xfe3c3f351e6df846566e10119e4295ed69b2cd72,CAKE,-0.0088756330654254
0xfe3c3f351e6df846566e10119e4295ed69b2cd72,COMP,-0.0096137448091915
0xfe3c3f351e6df846566e10119e4295ed69b2cd72,CRV,-0.0103007078803393
0xfe3c3f351e6df846566e10119e4295ed69b2cd72,CVX,-0.0096137448091915
0xfe3c3f351e6df846566e10119e4295ed69b2cd72,DAI,-0.0102915962121616
0xfe3c3f351e6df846566e10119e4295ed69b2cd72,DAO,-0.009235515034347
0xfe3c3f351e6df846566e10119e4295ed69b2cd72,DOGE,-0.0100842289526741
0xfe3c3f351e6df846566e10119e4295ed69b2cd72,DOT,-0.009235515034347
0xfe3c3f351e6df846566e10119e4295ed69b2cd72,DYDX,-0.0096137448091915
0xfe3c3f351e6df846566e10119e4295ed69b2cd72,EOS,-0.0096137448091915
0xfe3c3f351e6df846566e10119e4295ed69b2cd72,ETC,-0.0090104240432755
0xfe3c3f351e6df846566e10119e4295ed69b2cd72,ETH,-0.0097195691168121
0xfe3c3f351e6df846566e10119e4295ed69b2cd72,FET,-0.0096137448091915
0xfe3c3f351e6df846566e10119e4295ed69b2cd72,FIL,-0.0096137448091915
0xfe3c3f351e6df846566e10119e4295ed69b2cd72,FRAX,-0.009235515034347
0xfe3c3f351e6df846566e10119e4295ed69b2cd72,FTM,-0.0096137448091915
0xfe3c3f351e6df846566e10119e4295ed69b2cd72,FXS,-0.0104336683770059
0xfe3c3f351e6df846566e10119e4295ed69b2cd72,GRT,-0.0096137448091915
0xfe3c3f351e6df846566e10119e4295ed69b2cd72,HAI,-0.0102205055694197
0xfe3c3f351e6df846566e10119e4295ed69b2cd72,HERO,-0.0096137448091915
0xfe3c3f351e6df846566e10119e4295ed69b2cd72,ICP,-0.0096137448091915
0xfe3c3f351e6df846566e10119e4295ed69b2cd72,IMX,-0.0096137448091915
0xfe3c3f351e6df846566e10119e4295ed69b2cd72,INJ,-0.009235515034347
0xfe3c3f351e6df846566e10119e4295ed69b2cd72,LDO,-0.0096137448091915
0xfe3c3f351e6df846566e10119e4295ed69b2cd72,LINK,-0.0104015401307417
0xfe3c3f351e6df846566e10119e4295ed69b2cd72,LTC,-0.0091962568044889
0xfe3c3f351e6df846566e10119e4295ed69b2cd72,MATIC,-0.0096137448091915
0xfe3c3f351e6df846566e10119e4295ed69b2cd72,MAV,-0.0096137448091915
0xfe3c3f351e6df846566e10119e4295ed69b2cd72,MBOX,-0.0096137448091915
0xfe3c3f351e6df846566e10119e4295ed69b2cd72,MKR,-0.0100569740225434
0xfe3c3f351e6df846566e10119e4295ed69b2cd72,MOON,-0.0103929377357402
0xfe3c3f351e6df846566e10119e4295ed69b2cd72,NEAR,-0.0096137448091915
0xfe3c3f351e6df846566e10119e4295ed69b2cd72,OP,-0.010032831412804
0xfe3c3f351e6df846566e10119e4295ed69b2cd72,PENDLE,-0.0096137448091915
0xfe3c3f351e6df846566e10119e4295ed69b2cd72,PEPE,-0.0102205055694197
0xfe3c3f351e6df846566e10119e4295ed69b2cd72,PERP,-0.0096137448091915
0xfe3c3f351e6df846566e10119e4295ed69b2cd72,PIT,-0.0096137448091915
0xfe3c3f351e6df846566e10119e4295ed69b2cd72,POLS,-0.0096137448091915
0xfe3c3f351e6df846566e10119e4295ed69b2cd72,PYTH,-0.0096137448091915
0xfe3c3f351e6df846566e10119e4295ed69b2cd72,QUACK,-0.0096137448091915
0xfe3c3f351e6df846566e10119e4295ed69b2cd72,RDNT,-0.0096137448091915
0xfe3c3f351e6df846566e10119e4295ed69b2cd72,RNDR,-0.0096137448091915
0xfe3c3f351e6df846566e10119e4295ed69b2cd72,RPL,-0.0096137448091915
0xfe3c3f351e6df846566e10119e4295ed69b2cd72,RUNE,-0.0096137448091915
0xfe3c3f351e6df846566e10119e4295ed69b2cd72,SFP,-0.0096137448091915
0xfe3c3f351e6df846566e10119e4295ed69b2cd72,SFUND,-0.0096137448091915
0xfe3c3f351e6df846566e10119e4295ed69b2cd72,SHIB,-0.0099784157548871
0xfe3c3f351e6df846566e10119e4295ed69b2cd72,SOL,-0.0098947757238336
0xfe3c3f351e6df846566e10119e4295ed69b2cd72,STG,-0.0096137448091915
0xfe3c3f351e6df846566e10119e4295ed69b2cd72,SUI,-0.0089416221456147
0xfe3c3f351e6df846566e10119e4295ed69b2cd72,SUSHI,-0.0096137448091915
0xfe3c3f351e6df846566e10119e4295ed69b2cd72,TIA,-0.0102589563323431
0xfe3c3f351e6df846566e10119e4295ed69b2cd72,TOKEN,-0.0096137448091915
0xfe3c3f351e6df846566e10119e4295ed69b2cd72,TRX,-0.0098507415495142
0xfe3c3f351e6df846566e10119e4295ed69b2cd72,UNI,-0.0107532541029722
0xfe3c3f351e6df846566e10119e4295ed69b2cd72,USDT,-0.0092631377295266
0xfe3c3f351e6df846566e10119e4295ed69b2cd72,XLM,-0.009235515034347
0xfe3c3f351e6df846566e10119e4295ed69b2cd72,XMR,-0.0102006234046105
0xfe3c3f351e6df846566e10119e4295ed69b2cd72,XRP,-0.0091523542419912
0xfe3c3f351e6df846566e10119e4295ed69b2cd72,XTZ,-0.0096137448091915
0xfe3c3f351e6df846566e10119e4295ed69b2cd72,XVS,-0.0096137448091915
0xfe3c3f351e6df846566e10119e4295ed69b2cd72,YFI,-0.0096137448091915
