address,symbol,prediction
0x03179fbf3ecc0ae5e85fe0de0dce21d6e16447fe,AAVE,0.2945117950439453
0x03179fbf3ecc0ae5e85fe0de0dce21d6e16447fe,ADA,0.5814418792724609
0x03179fbf3ecc0ae5e85fe0de0dce21d6e16447fe,ALGO,0.387491226196289
0x03179fbf3ecc0ae5e85fe0de0dce21d6e16447fe,APE,0.3345460891723633
0x03179fbf3ecc0ae5e85fe0de0dce21d6e16447fe,APT,0.4991445541381836
0x03179fbf3ecc0ae5e85fe0de0dce21d6e16447fe,ATOM,0.4526405334472656
0x03179fbf3ecc0ae5e85fe0de0dce21d6e16447fe,AVAX,0.1973562240600586
0x03179fbf3ecc0ae5e85fe0de0dce21d6e16447fe,AXS,0.5035619735717773
0x03179fbf3ecc0ae5e85fe0de0dce21d6e16447fe,BAL,0.2091941833496093
0x03179fbf3ecc0ae5e85fe0de0dce21d6e16447fe,BCH,0.6314258575439453
0x03179fbf3ecc0ae5e85fe0de0dce21d6e16447fe,BLUR,0.3025674819946289
0x03179fbf3ecc0ae5e85fe0de0dce21d6e16447fe,BNB,0.6186857223510742
0x03179fbf3ecc0ae5e85fe0de0dce21d6e16447fe,BONK,0.2198619842529297
0x03179fbf3ecc0ae5e85fe0de0dce21d6e16447fe,BTC,0.8386859893798828
0x03179fbf3ecc0ae5e85fe0de0dce21d6e16447fe,C98,0.5982065200805664
0x03179fbf3ecc0ae5e85fe0de0dce21d6e16447fe,CAKE,0.3473777770996094
0x03179fbf3ecc0ae5e85fe0de0dce21d6e16447fe,COMP,0.2805261611938476
0x03179fbf3ecc0ae5e85fe0de0dce21d6e16447fe,CRV,0.3440322875976562
0x03179fbf3ecc0ae5e85fe0de0dce21d6e16447fe,CVX,0.16900634765625
0x03179fbf3ecc0ae5e85fe0de0dce21d6e16447fe,DAI,0.3132286071777344
0x03179fbf3ecc0ae5e85fe0de0dce21d6e16447fe,DAO,0.4079246520996094
0x03179fbf3ecc0ae5e85fe0de0dce21d6e16447fe,DOGE,0.4302778244018554
0x03179fbf3ecc0ae5e85fe0de0dce21d6e16447fe,DOT,0.4640731811523437
0x03179fbf3ecc0ae5e85fe0de0dce21d6e16447fe,DYDX,0.4934902191162109
0x03179fbf3ecc0ae5e85fe0de0dce21d6e16447fe,EOS,0.2109613418579101
0x03179fbf3ecc0ae5e85fe0de0dce21d6e16447fe,ETC,0.2797403335571289
0x03179fbf3ecc0ae5e85fe0de0dce21d6e16447fe,ETH,0.7135391235351562
0x03179fbf3ecc0ae5e85fe0de0dce21d6e16447fe,FET,1.0
0x03179fbf3ecc0ae5e85fe0de0dce21d6e16447fe,FIL,0.1416196823120117
0x03179fbf3ecc0ae5e85fe0de0dce21d6e16447fe,FRAX,0.4856138229370117
0x03179fbf3ecc0ae5e85fe0de0dce21d6e16447fe,FTM,0.4309635162353515
0x03179fbf3ecc0ae5e85fe0de0dce21d6e16447fe,FXS,0.2844839096069336
0x03179fbf3ecc0ae5e85fe0de0dce21d6e16447fe,GRT,0.4992389678955078
0x03179fbf3ecc0ae5e85fe0de0dce21d6e16447fe,HAI,0.4678487777709961
0x03179fbf3ecc0ae5e85fe0de0dce21d6e16447fe,HERO,0.4808368682861328
0x03179fbf3ecc0ae5e85fe0de0dce21d6e16447fe,ICP,0.1241617202758789
0x03179fbf3ecc0ae5e85fe0de0dce21d6e16447fe,IMX,0.2926387786865234
0x03179fbf3ecc0ae5e85fe0de0dce21d6e16447fe,INJ,0.7495050430297852
0x03179fbf3ecc0ae5e85fe0de0dce21d6e16447fe,LDO,0.16900634765625
0x03179fbf3ecc0ae5e85fe0de0dce21d6e16447fe,LINK,0.5534820556640625
0x03179fbf3ecc0ae5e85fe0de0dce21d6e16447fe,LTC,0.4507837295532226
0x03179fbf3ecc0ae5e85fe0de0dce21d6e16447fe,MATIC,0.2081880569458007
0x03179fbf3ecc0ae5e85fe0de0dce21d6e16447fe,MAV,0.2830667495727539
0x03179fbf3ecc0ae5e85fe0de0dce21d6e16447fe,MBOX,0.4637584686279297
0x03179fbf3ecc0ae5e85fe0de0dce21d6e16447fe,MKR,0.475738525390625
0x03179fbf3ecc0ae5e85fe0de0dce21d6e16447fe,MOON,0.3061952590942383
0x03179fbf3ecc0ae5e85fe0de0dce21d6e16447fe,NEAR,0.2659282684326172
0x03179fbf3ecc0ae5e85fe0de0dce21d6e16447fe,OP,0.4671916961669922
0x03179fbf3ecc0ae5e85fe0de0dce21d6e16447fe,PENDLE,0.4223928451538086
0x03179fbf3ecc0ae5e85fe0de0dce21d6e16447fe,PEPE,0.1210842132568359
0x03179fbf3ecc0ae5e85fe0de0dce21d6e16447fe,PERP,0.5035619735717773
0x03179fbf3ecc0ae5e85fe0de0dce21d6e16447fe,PIT,0.4867973327636719
0x03179fbf3ecc0ae5e85fe0de0dce21d6e16447fe,POLS,0.4920587539672851
0x03179fbf3ecc0ae5e85fe0de0dce21d6e16447fe,PYTH,0.2592144012451172
0x03179fbf3ecc0ae5e85fe0de0dce21d6e16447fe,QUACK,0.5311355590820312
0x03179fbf3ecc0ae5e85fe0de0dce21d6e16447fe,RDNT,0.3423719406127929
0x03179fbf3ecc0ae5e85fe0de0dce21d6e16447fe,RNDR,0.6352109909057617
0x03179fbf3ecc0ae5e85fe0de0dce21d6e16447fe,RPL,0.5549001693725586
0x03179fbf3ecc0ae5e85fe0de0dce21d6e16447fe,RUNE,0.4451436996459961
0x03179fbf3ecc0ae5e85fe0de0dce21d6e16447fe,SFP,0.6249065399169922
0x03179fbf3ecc0ae5e85fe0de0dce21d6e16447fe,SFUND,0.4477291107177734
0x03179fbf3ecc0ae5e85fe0de0dce21d6e16447fe,SHIB,0.3339624404907226
0x03179fbf3ecc0ae5e85fe0de0dce21d6e16447fe,SOL,0.7522983551025391
0x03179fbf3ecc0ae5e85fe0de0dce21d6e16447fe,STG,0.4694042205810547
0x03179fbf3ecc0ae5e85fe0de0dce21d6e16447fe,SUI,0.1050977706909179
0x03179fbf3ecc0ae5e85fe0de0dce21d6e16447fe,SUSHI,0.3849849700927734
0x03179fbf3ecc0ae5e85fe0de0dce21d6e16447fe,TIA,0.3440322875976562
0x03179fbf3ecc0ae5e85fe0de0dce21d6e16447fe,TOKEN,0.7424182891845703
0x03179fbf3ecc0ae5e85fe0de0dce21d6e16447fe,TRX,0.4195995330810547
0x03179fbf3ecc0ae5e85fe0de0dce21d6e16447fe,UNI,0.3141593933105469
0x03179fbf3ecc0ae5e85fe0de0dce21d6e16447fe,USDT,0.5450220108032227
0x03179fbf3ecc0ae5e85fe0de0dce21d6e16447fe,XLM,0.40985107421875
0x03179fbf3ecc0ae5e85fe0de0dce21d6e16447fe,XMR,0.0798015594482421
0x03179fbf3ecc0ae5e85fe0de0dce21d6e16447fe,XRP,0.0
0x03179fbf3ecc0ae5e85fe0de0dce21d6e16447fe,XTZ,0.2547159194946289
0x03179fbf3ecc0ae5e85fe0de0dce21d6e16447fe,XVS,0.7333898544311523
0x03179fbf3ecc0ae5e85fe0de0dce21d6e16447fe,YFI,0.2662553787231445
0x04e1dd13ef029f573cf717f094a6b601b9e03550,AAVE,0.64502275
0x04e1dd13ef029f573cf717f094a6b601b9e03550,ADA,0.66563237
0x04e1dd13ef029f573cf717f094a6b601b9e03550,ALGO,0.6615895
0x04e1dd13ef029f573cf717f094a6b601b9e03550,APE,0.65512496
0x04e1dd13ef029f573cf717f094a6b601b9e03550,APT,0.6278903
0x04e1dd13ef029f573cf717f094a6b601b9e03550,ATOM,0.63209647
0x04e1dd13ef029f573cf717f094a6b601b9e03550,AVAX,0.6675651
0x04e1dd13ef029f573cf717f094a6b601b9e03550,AXS,0.6347438
0x04e1dd13ef029f573cf717f094a6b601b9e03550,BAL,0.65243524
0x04e1dd13ef029f573cf717f094a6b601b9e03550,BCH,0.6643762
0x04e1dd13ef029f573cf717f094a6b601b9e03550,BLUR,0.6526567
0x04e1dd13ef029f573cf717f094a6b601b9e03550,BNB,0.6673165
0x04e1dd13ef029f573cf717f094a6b601b9e03550,BONK,0.6689455
0x04e1dd13ef029f573cf717f094a6b601b9e03550,BTC,0.66913676
0x04e1dd13ef029f573cf717f094a6b601b9e03550,C98,0.6553497
0x04e1dd13ef029f573cf717f094a6b601b9e03550,CAKE,0.66629314
0x04e1dd13ef029f573cf717f094a6b601b9e03550,COMP,0.6615634
0x04e1dd13ef029f573cf717f094a6b601b9e03550,CRV,0.6496673
0x04e1dd13ef029f573cf717f094a6b601b9e03550,CVX,0.6340058
0x04e1dd13ef029f573cf717f094a6b601b9e03550,DAI,0.64851767
0x04e1dd13ef029f573cf717f094a6b601b9e03550,DAO,0.68084043
0x04e1dd13ef029f573cf717f094a6b601b9e03550,DOGE,0.66594297
0x04e1dd13ef029f573cf717f094a6b601b9e03550,DOT,0.6809743
0x04e1dd13ef029f573cf717f094a6b601b9e03550,DYDX,0.6384898
0x04e1dd13ef029f573cf717f094a6b601b9e03550,EOS,0.65812665
0x04e1dd13ef029f573cf717f094a6b601b9e03550,ETC,0.67086023
0x04e1dd13ef029f573cf717f094a6b601b9e03550,ETH,0.670291
0x04e1dd13ef029f573cf717f094a6b601b9e03550,FET,0.66317683
0x04e1dd13ef029f573cf717f094a6b601b9e03550,FIL,0.63172084
0x04e1dd13ef029f573cf717f094a6b601b9e03550,FRAX,0.6475963
0x04e1dd13ef029f573cf717f094a6b601b9e03550,FTM,0.65267193
0x04e1dd13ef029f573cf717f094a6b601b9e03550,FXS,0.644111
0x04e1dd13ef029f573cf717f094a6b601b9e03550,GRT,0.6492732
0x04e1dd13ef029f573cf717f094a6b601b9e03550,HAI,0.6743108
0x04e1dd13ef029f573cf717f094a6b601b9e03550,HERO,0.65894896
0x04e1dd13ef029f573cf717f094a6b601b9e03550,ICP,0.6669046
0x04e1dd13ef029f573cf717f094a6b601b9e03550,IMX,0.6580972
0x04e1dd13ef029f573cf717f094a6b601b9e03550,INJ,0.65490335
0x04e1dd13ef029f573cf717f094a6b601b9e03550,LDO,0.65535766
0x04e1dd13ef029f573cf717f094a6b601b9e03550,LINK,0.653467
0x04e1dd13ef029f573cf717f094a6b601b9e03550,LTC,0.6670203
0x04e1dd13ef029f573cf717f094a6b601b9e03550,MATIC,0.6647113
0x04e1dd13ef029f573cf717f094a6b601b9e03550,MAV,0.63487
0x04e1dd13ef029f573cf717f094a6b601b9e03550,MBOX,0.63904274
0x04e1dd13ef029f573cf717f094a6b601b9e03550,MKR,0.66109407
0x04e1dd13ef029f573cf717f094a6b601b9e03550,MOON,0.69214964
0x04e1dd13ef029f573cf717f094a6b601b9e03550,NEAR,0.6383451
0x04e1dd13ef029f573cf717f094a6b601b9e03550,OP,0.6693657
0x04e1dd13ef029f573cf717f094a6b601b9e03550,PENDLE,0.64217365
0x04e1dd13ef029f573cf717f094a6b601b9e03550,PEPE,0.667603
0x04e1dd13ef029f573cf717f094a6b601b9e03550,PERP,0.6579394
0x04e1dd13ef029f573cf717f094a6b601b9e03550,PIT,0.68100226
0x04e1dd13ef029f573cf717f094a6b601b9e03550,POLS,0.64111066
0x04e1dd13ef029f573cf717f094a6b601b9e03550,PYTH,0.6328332
0x04e1dd13ef029f573cf717f094a6b601b9e03550,QUACK,0.6825672
0x04e1dd13ef029f573cf717f094a6b601b9e03550,RDNT,0.64936507
0x04e1dd13ef029f573cf717f094a6b601b9e03550,RNDR,0.64287543
0x04e1dd13ef029f573cf717f094a6b601b9e03550,RPL,0.6601728
0x04e1dd13ef029f573cf717f094a6b601b9e03550,RUNE,0.6359543
0x04e1dd13ef029f573cf717f094a6b601b9e03550,SFP,0.6542381
0x04e1dd13ef029f573cf717f094a6b601b9e03550,SFUND,0.6543196
0x04e1dd13ef029f573cf717f094a6b601b9e03550,SHIB,0.6675381
0x04e1dd13ef029f573cf717f094a6b601b9e03550,SOL,0.67061603
0x04e1dd13ef029f573cf717f094a6b601b9e03550,STG,0.6255552
0x04e1dd13ef029f573cf717f094a6b601b9e03550,SUI,0.642069
0x04e1dd13ef029f573cf717f094a6b601b9e03550,SUSHI,0.6559507
0x04e1dd13ef029f573cf717f094a6b601b9e03550,TIA,0.6497235
0x04e1dd13ef029f573cf717f094a6b601b9e03550,TOKEN,0.6548856
0x04e1dd13ef029f573cf717f094a6b601b9e03550,TRX,0.6677261
0x04e1dd13ef029f573cf717f094a6b601b9e03550,UNI,0.661897
0x04e1dd13ef029f573cf717f094a6b601b9e03550,USDT,0.66707826
0x04e1dd13ef029f573cf717f094a6b601b9e03550,XLM,0.66441405
0x04e1dd13ef029f573cf717f094a6b601b9e03550,XMR,0.67567766
0x04e1dd13ef029f573cf717f094a6b601b9e03550,XRP,0.6673888
0x04e1dd13ef029f573cf717f094a6b601b9e03550,XTZ,0.66114867
0x04e1dd13ef029f573cf717f094a6b601b9e03550,XVS,0.6435847
0x04e1dd13ef029f573cf717f094a6b601b9e03550,YFI,0.6431266
0x05af269c4ff706ae439648c97b788fa391539dec,AAVE,0.48380768
0x05af269c4ff706ae439648c97b788fa391539dec,ADA,0.50481194
0x05af269c4ff706ae439648c97b788fa391539dec,ALGO,0.5206552
0x05af269c4ff706ae439648c97b788fa391539dec,APE,0.5094483
0x05af269c4ff706ae439648c97b788fa391539dec,APT,0.4953964
0x05af269c4ff706ae439648c97b788fa391539dec,ATOM,0.53453755
0x05af269c4ff706ae439648c97b788fa391539dec,AVAX,0.49779335
0x05af269c4ff706ae439648c97b788fa391539dec,AXS,0.5066332
0x05af269c4ff706ae439648c97b788fa391539dec,BAL,0.522686
0x05af269c4ff706ae439648c97b788fa391539dec,BCH,0.52015245
0x05af269c4ff706ae439648c97b788fa391539dec,BLUR,0.4666203
0x05af269c4ff706ae439648c97b788fa391539dec,BNB,0.53451437
0x05af269c4ff706ae439648c97b788fa391539dec,BONK,0.43881056
0x05af269c4ff706ae439648c97b788fa391539dec,BTC,0.55877596
0x05af269c4ff706ae439648c97b788fa391539dec,C98,0.5276215
0x05af269c4ff706ae439648c97b788fa391539dec,CAKE,0.5161425
0x05af269c4ff706ae439648c97b788fa391539dec,COMP,0.52631456
0x05af269c4ff706ae439648c97b788fa391539dec,CRV,0.52397543
0x05af269c4ff706ae439648c97b788fa391539dec,CVX,0.48271382
0x05af269c4ff706ae439648c97b788fa391539dec,DAI,0.51137066
0x05af269c4ff706ae439648c97b788fa391539dec,DAO,0.529257
0x05af269c4ff706ae439648c97b788fa391539dec,DOGE,0.47501606
0x05af269c4ff706ae439648c97b788fa391539dec,DOT,0.5064429
0x05af269c4ff706ae439648c97b788fa391539dec,DYDX,0.51264864
0x05af269c4ff706ae439648c97b788fa391539dec,EOS,0.5220601
0x05af269c4ff706ae439648c97b788fa391539dec,ETC,0.5291644
0x05af269c4ff706ae439648c97b788fa391539dec,ETH,0.5316292
0x05af269c4ff706ae439648c97b788fa391539dec,FET,0.46684152
0x05af269c4ff706ae439648c97b788fa391539dec,FIL,0.49822536
0x05af269c4ff706ae439648c97b788fa391539dec,FRAX,0.5113754
0x05af269c4ff706ae439648c97b788fa391539dec,FTM,0.47818288
0x05af269c4ff706ae439648c97b788fa391539dec,FXS,0.5013833
0x05af269c4ff706ae439648c97b788fa391539dec,GRT,0.51640314
0x05af269c4ff706ae439648c97b788fa391539dec,HAI,0.52455926
0x05af269c4ff706ae439648c97b788fa391539dec,HERO,0.5236019
0x05af269c4ff706ae439648c97b788fa391539dec,ICP,0.49434808
0x05af269c4ff706ae439648c97b788fa391539dec,IMX,0.47991386
0x05af269c4ff706ae439648c97b788fa391539dec,INJ,0.505866
0x05af269c4ff706ae439648c97b788fa391539dec,LDO,0.49484795
0x05af269c4ff706ae439648c97b788fa391539dec,LINK,0.52551705
0x05af269c4ff706ae439648c97b788fa391539dec,LTC,0.5304032
0x05af269c4ff706ae439648c97b788fa391539dec,MATIC,0.5302442
0x05af269c4ff706ae439648c97b788fa391539dec,MAV,0.4932981
0x05af269c4ff706ae439648c97b788fa391539dec,MBOX,0.5024925
0x05af269c4ff706ae439648c97b788fa391539dec,MKR,0.5105337
0x05af269c4ff706ae439648c97b788fa391539dec,MOON,0.5488571
0x05af269c4ff706ae439648c97b788fa391539dec,NEAR,0.4888257
0x05af269c4ff706ae439648c97b788fa391539dec,OP,0.4849541
0x05af269c4ff706ae439648c97b788fa391539dec,PENDLE,0.4966484
0x05af269c4ff706ae439648c97b788fa391539dec,PEPE,0.45079908
0x05af269c4ff706ae439648c97b788fa391539dec,PERP,0.5211233
0x05af269c4ff706ae439648c97b788fa391539dec,PIT,0.5013175
0x05af269c4ff706ae439648c97b788fa391539dec,POLS,0.5199511
0x05af269c4ff706ae439648c97b788fa391539dec,PYTH,0.47912222
0x05af269c4ff706ae439648c97b788fa391539dec,QUACK,0.52404684
0x05af269c4ff706ae439648c97b788fa391539dec,RDNT,0.51156473
0x05af269c4ff706ae439648c97b788fa391539dec,RNDR,0.52399164
0x05af269c4ff706ae439648c97b788fa391539dec,RPL,0.47382697
0x05af269c4ff706ae439648c97b788fa391539dec,RUNE,0.48403704
0x05af269c4ff706ae439648c97b788fa391539dec,SFP,0.4764606
0x05af269c4ff706ae439648c97b788fa391539dec,SFUND,0.52159
0x05af269c4ff706ae439648c97b788fa391539dec,SHIB,0.5237373
0x05af269c4ff706ae439648c97b788fa391539dec,SOL,0.50853765
0x05af269c4ff706ae439648c97b788fa391539dec,STG,0.5018369
0x05af269c4ff706ae439648c97b788fa391539dec,SUI,0.49805468
0x05af269c4ff706ae439648c97b788fa391539dec,SUSHI,0.5298235
0x05af269c4ff706ae439648c97b788fa391539dec,TIA,0.45010352
0x05af269c4ff706ae439648c97b788fa391539dec,TOKEN,0.4772075
0x05af269c4ff706ae439648c97b788fa391539dec,TRX,0.51098263
0x05af269c4ff706ae439648c97b788fa391539dec,UNI,0.48585045
0x05af269c4ff706ae439648c97b788fa391539dec,USDT,0.5044047
0x05af269c4ff706ae439648c97b788fa391539dec,XLM,0.49456775
0x05af269c4ff706ae439648c97b788fa391539dec,XMR,0.4973302
0x05af269c4ff706ae439648c97b788fa391539dec,XRP,0.50282526
0x05af269c4ff706ae439648c97b788fa391539dec,XTZ,0.5221793
0x05af269c4ff706ae439648c97b788fa391539dec,XVS,0.4709777
0x05af269c4ff706ae439648c97b788fa391539dec,YFI,0.5174665
0x063af2c2952d7799ce1eac2f1a85c7b4aa4fe553,AAVE,0.5865367292116732
0x063af2c2952d7799ce1eac2f1a85c7b4aa4fe553,ADA,0.488850747012325
0x063af2c2952d7799ce1eac2f1a85c7b4aa4fe553,ALGO,0.5237665944860415
0x063af2c2952d7799ce1eac2f1a85c7b4aa4fe553,APE,0.5312398976893495
0x063af2c2952d7799ce1eac2f1a85c7b4aa4fe553,APT,0.4626292951124077
0x063af2c2952d7799ce1eac2f1a85c7b4aa4fe553,ATOM,0.5489981864044522
0x063af2c2952d7799ce1eac2f1a85c7b4aa4fe553,AVAX,0.5484364994390811
0x063af2c2952d7799ce1eac2f1a85c7b4aa4fe553,AXS,0.570522692609375
0x063af2c2952d7799ce1eac2f1a85c7b4aa4fe553,BAL,0.5048171478797783
0x063af2c2952d7799ce1eac2f1a85c7b4aa4fe553,BCH,0.5518902147923861
0x063af2c2952d7799ce1eac2f1a85c7b4aa4fe553,BLUR,0.3535343063736176
0x063af2c2952d7799ce1eac2f1a85c7b4aa4fe553,BNB,0.5506931456977566
0x063af2c2952d7799ce1eac2f1a85c7b4aa4fe553,BONK,0.3236723175812449
0x063af2c2952d7799ce1eac2f1a85c7b4aa4fe553,BTC,0.6904595848952276
0x063af2c2952d7799ce1eac2f1a85c7b4aa4fe553,C98,0.5541071353319833
0x063af2c2952d7799ce1eac2f1a85c7b4aa4fe553,CAKE,0.5491684174221039
0x063af2c2952d7799ce1eac2f1a85c7b4aa4fe553,COMP,0.5802554137382668
0x063af2c2952d7799ce1eac2f1a85c7b4aa4fe553,CRV,0.5806728027877497
0x063af2c2952d7799ce1eac2f1a85c7b4aa4fe553,CVX,0.513693929332186
0x063af2c2952d7799ce1eac2f1a85c7b4aa4fe553,DAI,0.4512354504723651
0x063af2c2952d7799ce1eac2f1a85c7b4aa4fe553,DAO,0.540050814531278
0x063af2c2952d7799ce1eac2f1a85c7b4aa4fe553,DOGE,0.4980579205394928
0x063af2c2952d7799ce1eac2f1a85c7b4aa4fe553,DOT,0.5375301767309815
0x063af2c2952d7799ce1eac2f1a85c7b4aa4fe553,DYDX,0.5143462534781181
0x063af2c2952d7799ce1eac2f1a85c7b4aa4fe553,EOS,0.5247821178677535
0x063af2c2952d7799ce1eac2f1a85c7b4aa4fe553,ETC,0.5091737799302594
0x063af2c2952d7799ce1eac2f1a85c7b4aa4fe553,ETH,0.4869396483644627
0x063af2c2952d7799ce1eac2f1a85c7b4aa4fe553,FET,0.4738240501787858
0x063af2c2952d7799ce1eac2f1a85c7b4aa4fe553,FIL,0.476421380816284
0x063af2c2952d7799ce1eac2f1a85c7b4aa4fe553,FRAX,0.4665323743013181
0x063af2c2952d7799ce1eac2f1a85c7b4aa4fe553,FTM,0.5143812522949864
0x063af2c2952d7799ce1eac2f1a85c7b4aa4fe553,FXS,0.5399053529931842
0x063af2c2952d7799ce1eac2f1a85c7b4aa4fe553,GRT,0.5245303524653536
0x063af2c2952d7799ce1eac2f1a85c7b4aa4fe553,HAI,0.5267655694070623
0x063af2c2952d7799ce1eac2f1a85c7b4aa4fe553,HERO,0.5541838557033875
0x063af2c2952d7799ce1eac2f1a85c7b4aa4fe553,ICP,0.301656822152359
0x063af2c2952d7799ce1eac2f1a85c7b4aa4fe553,IMX,0.4728606813238097
0x063af2c2952d7799ce1eac2f1a85c7b4aa4fe553,INJ,0.4048133397502608
0x063af2c2952d7799ce1eac2f1a85c7b4aa4fe553,LDO,0.4271590317459939
0x063af2c2952d7799ce1eac2f1a85c7b4aa4fe553,LINK,0.5695628302028148
0x063af2c2952d7799ce1eac2f1a85c7b4aa4fe553,LTC,0.5549470269733212
0x063af2c2952d7799ce1eac2f1a85c7b4aa4fe553,MATIC,0.5274723763391885
0x063af2c2952d7799ce1eac2f1a85c7b4aa4fe553,MAV,0.4721777525981186
0x063af2c2952d7799ce1eac2f1a85c7b4aa4fe553,MBOX,0.4948581220553138
0x063af2c2952d7799ce1eac2f1a85c7b4aa4fe553,MKR,0.4312638112981216
0x063af2c2952d7799ce1eac2f1a85c7b4aa4fe553,MOON,0.6259393426858344
0x063af2c2952d7799ce1eac2f1a85c7b4aa4fe553,NEAR,0.5229720817546065
0x063af2c2952d7799ce1eac2f1a85c7b4aa4fe553,OP,0.5251990507238979
0x063af2c2952d7799ce1eac2f1a85c7b4aa4fe553,PENDLE,0.4836856154678817
0x063af2c2952d7799ce1eac2f1a85c7b4aa4fe553,PEPE,0.3437985498957668
0x063af2c2952d7799ce1eac2f1a85c7b4aa4fe553,PERP,0.5292461457255786
0x063af2c2952d7799ce1eac2f1a85c7b4aa4fe553,PIT,0.4965519468971446
0x063af2c2952d7799ce1eac2f1a85c7b4aa4fe553,POLS,0.484012142020285
0x063af2c2952d7799ce1eac2f1a85c7b4aa4fe553,PYTH,0.4438503732850723
0x063af2c2952d7799ce1eac2f1a85c7b4aa4fe553,QUACK,0.5077540888722218
0x063af2c2952d7799ce1eac2f1a85c7b4aa4fe553,RDNT,0.5185827989491094
0x063af2c2952d7799ce1eac2f1a85c7b4aa4fe553,RNDR,0.543084034555478
0x063af2c2952d7799ce1eac2f1a85c7b4aa4fe553,RPL,0.3954657576963785
0x063af2c2952d7799ce1eac2f1a85c7b4aa4fe553,RUNE,0.3595744295178342
0x063af2c2952d7799ce1eac2f1a85c7b4aa4fe553,SFP,0.4730511089858467
0x063af2c2952d7799ce1eac2f1a85c7b4aa4fe553,SFUND,0.5481820988409409
0x063af2c2952d7799ce1eac2f1a85c7b4aa4fe553,SHIB,0.5689966967559382
0x063af2c2952d7799ce1eac2f1a85c7b4aa4fe553,SOL,0.4889025940517001
0x063af2c2952d7799ce1eac2f1a85c7b4aa4fe553,STG,0.5024947724269908
0x063af2c2952d7799ce1eac2f1a85c7b4aa4fe553,SUI,0.4553050664816633
0x063af2c2952d7799ce1eac2f1a85c7b4aa4fe553,SUSHI,0.5599246578721688
0x063af2c2952d7799ce1eac2f1a85c7b4aa4fe553,TIA,0.4378544461014659
0x063af2c2952d7799ce1eac2f1a85c7b4aa4fe553,TOKEN,0.4699554761175595
0x063af2c2952d7799ce1eac2f1a85c7b4aa4fe553,TRX,0.4128314511703148
0x063af2c2952d7799ce1eac2f1a85c7b4aa4fe553,UNI,0.3825171858554805
0x063af2c2952d7799ce1eac2f1a85c7b4aa4fe553,USDT,0.5155250301853334
0x063af2c2952d7799ce1eac2f1a85c7b4aa4fe553,XLM,0.4878015749050256
0x063af2c2952d7799ce1eac2f1a85c7b4aa4fe553,XMR,0.4773006421354813
0x063af2c2952d7799ce1eac2f1a85c7b4aa4fe553,XRP,0.4352511973477581
0x063af2c2952d7799ce1eac2f1a85c7b4aa4fe553,XTZ,0.5637983024537832
0x063af2c2952d7799ce1eac2f1a85c7b4aa4fe553,XVS,0.4756813773377115
0x063af2c2952d7799ce1eac2f1a85c7b4aa4fe553,YFI,0.5394114396010328
0x0651efb6e070e659c6e030cea8d5e25b016d684e,AAVE,0.4550402702983183
0x0651efb6e070e659c6e030cea8d5e25b016d684e,ADA,0.5337202366720951
0x0651efb6e070e659c6e030cea8d5e25b016d684e,ALGO,0.5441020250947775
0x0651efb6e070e659c6e030cea8d5e25b016d684e,APE,0.5050539703339748
0x0651efb6e070e659c6e030cea8d5e25b016d684e,APT,0.5187035957761036
0x0651efb6e070e659c6e030cea8d5e25b016d684e,ATOM,0.5466165634123942
0x0651efb6e070e659c6e030cea8d5e25b016d684e,AVAX,0.5138288292041228
0x0651efb6e070e659c6e030cea8d5e25b016d684e,AXS,0.5068538088698835
0x0651efb6e070e659c6e030cea8d5e25b016d684e,BAL,0.5360956327937402
0x0651efb6e070e659c6e030cea8d5e25b016d684e,BCH,0.5455309316227784
0x0651efb6e070e659c6e030cea8d5e25b016d684e,BLUR,0.4385663012671002
0x0651efb6e070e659c6e030cea8d5e25b016d684e,BNB,0.5641925180337151
0x0651efb6e070e659c6e030cea8d5e25b016d684e,BONK,0.4439384012815732
0x0651efb6e070e659c6e030cea8d5e25b016d684e,BTC,0.5692576261040904
0x0651efb6e070e659c6e030cea8d5e25b016d684e,C98,0.550982935634198
0x0651efb6e070e659c6e030cea8d5e25b016d684e,CAKE,0.5585674619699238
0x0651efb6e070e659c6e030cea8d5e25b016d684e,COMP,0.5597115348707867
0x0651efb6e070e659c6e030cea8d5e25b016d684e,CRV,0.594488221922774
0x0651efb6e070e659c6e030cea8d5e25b016d684e,CVX,0.5010418479998231
0x0651efb6e070e659c6e030cea8d5e25b016d684e,DAI,0.5627088984989853
0x0651efb6e070e659c6e030cea8d5e25b016d684e,DAO,0.5477431828515921
0x0651efb6e070e659c6e030cea8d5e25b016d684e,DOGE,0.4587900982481499
0x0651efb6e070e659c6e030cea8d5e25b016d684e,DOT,0.5239278723513952
0x0651efb6e070e659c6e030cea8d5e25b016d684e,DYDX,0.5342982363561711
0x0651efb6e070e659c6e030cea8d5e25b016d684e,EOS,0.5210023983336387
0x0651efb6e070e659c6e030cea8d5e25b016d684e,ETC,0.5640418533704773
0x0651efb6e070e659c6e030cea8d5e25b016d684e,ETH,0.5470610641589367
0x0651efb6e070e659c6e030cea8d5e25b016d684e,FET,0.4679984386262171
0x0651efb6e070e659c6e030cea8d5e25b016d684e,FIL,0.5281004673960044
0x0651efb6e070e659c6e030cea8d5e25b016d684e,FRAX,0.5648061047851458
0x0651efb6e070e659c6e030cea8d5e25b016d684e,FTM,0.4878701711093224
0x0651efb6e070e659c6e030cea8d5e25b016d684e,FXS,0.5299882562869097
0x0651efb6e070e659c6e030cea8d5e25b016d684e,GRT,0.529364019439283
0x0651efb6e070e659c6e030cea8d5e25b016d684e,HAI,0.5490810080482041
0x0651efb6e070e659c6e030cea8d5e25b016d684e,HERO,0.5376554276943933
0x0651efb6e070e659c6e030cea8d5e25b016d684e,ICP,0.5220354158192889
0x0651efb6e070e659c6e030cea8d5e25b016d684e,IMX,0.4812256703875963
0x0651efb6e070e659c6e030cea8d5e25b016d684e,INJ,0.5038218619318878
0x0651efb6e070e659c6e030cea8d5e25b016d684e,LDO,0.4820728400614145
0x0651efb6e070e659c6e030cea8d5e25b016d684e,LINK,0.5447137350906123
0x0651efb6e070e659c6e030cea8d5e25b016d684e,LTC,0.5615619665614536
0x0651efb6e070e659c6e030cea8d5e25b016d684e,MATIC,0.5385927371054369
0x0651efb6e070e659c6e030cea8d5e25b016d684e,MAV,0.4901039622962825
0x0651efb6e070e659c6e030cea8d5e25b016d684e,MBOX,0.5034872837318264
0x0651efb6e070e659c6e030cea8d5e25b016d684e,MKR,0.4694853151265779
0x0651efb6e070e659c6e030cea8d5e25b016d684e,MOON,0.5370560731872178
0x0651efb6e070e659c6e030cea8d5e25b016d684e,NEAR,0.4736584458170265
0x0651efb6e070e659c6e030cea8d5e25b016d684e,OP,0.4936970928834684
0x0651efb6e070e659c6e030cea8d5e25b016d684e,PENDLE,0.4896174808768886
0x0651efb6e070e659c6e030cea8d5e25b016d684e,PEPE,0.4696647210726361
0x0651efb6e070e659c6e030cea8d5e25b016d684e,PERP,0.5347067133475082
0x0651efb6e070e659c6e030cea8d5e25b016d684e,PIT,0.4818715208461878
0x0651efb6e070e659c6e030cea8d5e25b016d684e,POLS,0.5152298909813284
0x0651efb6e070e659c6e030cea8d5e25b016d684e,PYTH,0.4581351148967372
0x0651efb6e070e659c6e030cea8d5e25b016d684e,QUACK,0.5323025014339287
0x0651efb6e070e659c6e030cea8d5e25b016d684e,RDNT,0.518342604799826
0x0651efb6e070e659c6e030cea8d5e25b016d684e,RNDR,0.5237487845758385
0x0651efb6e070e659c6e030cea8d5e25b016d684e,RPL,0.5076544724051876
0x0651efb6e070e659c6e030cea8d5e25b016d684e,RUNE,0.4611467312583782
0x0651efb6e070e659c6e030cea8d5e25b016d684e,SFP,0.4829825470815265
0x0651efb6e070e659c6e030cea8d5e25b016d684e,SFUND,0.5447256304846387
0x0651efb6e070e659c6e030cea8d5e25b016d684e,SHIB,0.5467006329769916
0x0651efb6e070e659c6e030cea8d5e25b016d684e,SOL,0.5653231148972072
0x0651efb6e070e659c6e030cea8d5e25b016d684e,STG,0.4781210097257453
0x0651efb6e070e659c6e030cea8d5e25b016d684e,SUI,0.48182540622616
0x0651efb6e070e659c6e030cea8d5e25b016d684e,SUSHI,0.5570500652993732
0x0651efb6e070e659c6e030cea8d5e25b016d684e,TIA,0.3944383402937395
0x0651efb6e070e659c6e030cea8d5e25b016d684e,TOKEN,0.5096992035335005
0x0651efb6e070e659c6e030cea8d5e25b016d684e,TRX,0.5503958563840491
0x0651efb6e070e659c6e030cea8d5e25b016d684e,UNI,0.4714221760985722
0x0651efb6e070e659c6e030cea8d5e25b016d684e,USDT,0.5754136322579687
0x0651efb6e070e659c6e030cea8d5e25b016d684e,XLM,0.4742146622495246
0x0651efb6e070e659c6e030cea8d5e25b016d684e,XMR,0.4977181063985141
0x0651efb6e070e659c6e030cea8d5e25b016d684e,XRP,0.4981120080164612
0x0651efb6e070e659c6e030cea8d5e25b016d684e,XTZ,0.5086314735284528
0x0651efb6e070e659c6e030cea8d5e25b016d684e,XVS,0.4823652551257917
0x0651efb6e070e659c6e030cea8d5e25b016d684e,YFI,0.5246640719983745
0x14186932e2c83b9e2bd5d39c04265cfb4646859b,AAVE,0.50502497
0x14186932e2c83b9e2bd5d39c04265cfb4646859b,ADA,0.5043081
0x14186932e2c83b9e2bd5d39c04265cfb4646859b,ALGO,0.5270803
0x14186932e2c83b9e2bd5d39c04265cfb4646859b,APE,0.5211502
0x14186932e2c83b9e2bd5d39c04265cfb4646859b,APT,0.5164301
0x14186932e2c83b9e2bd5d39c04265cfb4646859b,ATOM,0.5359362
0x14186932e2c83b9e2bd5d39c04265cfb4646859b,AVAX,0.50554734
0x14186932e2c83b9e2bd5d39c04265cfb4646859b,AXS,0.5201101
0x14186932e2c83b9e2bd5d39c04265cfb4646859b,BAL,0.52717906
0x14186932e2c83b9e2bd5d39c04265cfb4646859b,BCH,0.5315033
0x14186932e2c83b9e2bd5d39c04265cfb4646859b,BLUR,0.45207736
0x14186932e2c83b9e2bd5d39c04265cfb4646859b,BNB,0.5402556
0x14186932e2c83b9e2bd5d39c04265cfb4646859b,BONK,0.42031884
0x14186932e2c83b9e2bd5d39c04265cfb4646859b,BTC,0.55083805
0x14186932e2c83b9e2bd5d39c04265cfb4646859b,C98,0.5321118
0x14186932e2c83b9e2bd5d39c04265cfb4646859b,CAKE,0.53053415
0x14186932e2c83b9e2bd5d39c04265cfb4646859b,COMP,0.5342003
0x14186932e2c83b9e2bd5d39c04265cfb4646859b,CRV,0.5326014
0x14186932e2c83b9e2bd5d39c04265cfb4646859b,CVX,0.47917882
0x14186932e2c83b9e2bd5d39c04265cfb4646859b,DAI,0.5129505
0x14186932e2c83b9e2bd5d39c04265cfb4646859b,DAO,0.5290338
0x14186932e2c83b9e2bd5d39c04265cfb4646859b,DOGE,0.48440328
0x14186932e2c83b9e2bd5d39c04265cfb4646859b,DOT,0.51611334
0x14186932e2c83b9e2bd5d39c04265cfb4646859b,DYDX,0.5247504
0x14186932e2c83b9e2bd5d39c04265cfb4646859b,EOS,0.5296687
0x14186932e2c83b9e2bd5d39c04265cfb4646859b,ETC,0.5448175
0x14186932e2c83b9e2bd5d39c04265cfb4646859b,ETH,0.5557448
0x14186932e2c83b9e2bd5d39c04265cfb4646859b,FET,0.5040766
0x14186932e2c83b9e2bd5d39c04265cfb4646859b,FIL,0.520099
0x14186932e2c83b9e2bd5d39c04265cfb4646859b,FRAX,0.5188294
0x14186932e2c83b9e2bd5d39c04265cfb4646859b,FTM,0.49480572
0x14186932e2c83b9e2bd5d39c04265cfb4646859b,FXS,0.51004535
0x14186932e2c83b9e2bd5d39c04265cfb4646859b,GRT,0.51672816
0x14186932e2c83b9e2bd5d39c04265cfb4646859b,HAI,0.5331098
0x14186932e2c83b9e2bd5d39c04265cfb4646859b,HERO,0.5320585
0x14186932e2c83b9e2bd5d39c04265cfb4646859b,ICP,0.47682136
0x14186932e2c83b9e2bd5d39c04265cfb4646859b,IMX,0.48468593
0x14186932e2c83b9e2bd5d39c04265cfb4646859b,INJ,0.5168518
0x14186932e2c83b9e2bd5d39c04265cfb4646859b,LDO,0.48305374
0x14186932e2c83b9e2bd5d39c04265cfb4646859b,LINK,0.5233157
0x14186932e2c83b9e2bd5d39c04265cfb4646859b,LTC,0.5470885
0x14186932e2c83b9e2bd5d39c04265cfb4646859b,MATIC,0.5354701
0x14186932e2c83b9e2bd5d39c04265cfb4646859b,MAV,0.4980322
0x14186932e2c83b9e2bd5d39c04265cfb4646859b,MBOX,0.49995482
0x14186932e2c83b9e2bd5d39c04265cfb4646859b,MKR,0.5105809
0x14186932e2c83b9e2bd5d39c04265cfb4646859b,MOON,0.56810063
0x14186932e2c83b9e2bd5d39c04265cfb4646859b,NEAR,0.49906942
0x14186932e2c83b9e2bd5d39c04265cfb4646859b,OP,0.4906968
0x14186932e2c83b9e2bd5d39c04265cfb4646859b,PENDLE,0.50491744
0x14186932e2c83b9e2bd5d39c04265cfb4646859b,PEPE,0.43424758
0x14186932e2c83b9e2bd5d39c04265cfb4646859b,PERP,0.53221124
0x14186932e2c83b9e2bd5d39c04265cfb4646859b,PIT,0.5145399
0x14186932e2c83b9e2bd5d39c04265cfb4646859b,POLS,0.4965638
0x14186932e2c83b9e2bd5d39c04265cfb4646859b,PYTH,0.47890818
0x14186932e2c83b9e2bd5d39c04265cfb4646859b,QUACK,0.5286285
0x14186932e2c83b9e2bd5d39c04265cfb4646859b,RDNT,0.52032036
0x14186932e2c83b9e2bd5d39c04265cfb4646859b,RNDR,0.52251416
0x14186932e2c83b9e2bd5d39c04265cfb4646859b,RPL,0.46082568
0x14186932e2c83b9e2bd5d39c04265cfb4646859b,RUNE,0.47419658
0x14186932e2c83b9e2bd5d39c04265cfb4646859b,SFP,0.48894897
0x14186932e2c83b9e2bd5d39c04265cfb4646859b,SFUND,0.53396064
0x14186932e2c83b9e2bd5d39c04265cfb4646859b,SHIB,0.5301808
0x14186932e2c83b9e2bd5d39c04265cfb4646859b,SOL,0.53543264
0x14186932e2c83b9e2bd5d39c04265cfb4646859b,STG,0.5040076
0x14186932e2c83b9e2bd5d39c04265cfb4646859b,SUI,0.4955089
0x14186932e2c83b9e2bd5d39c04265cfb4646859b,SUSHI,0.5357788
0x14186932e2c83b9e2bd5d39c04265cfb4646859b,TIA,0.47606444
0x14186932e2c83b9e2bd5d39c04265cfb4646859b,TOKEN,0.5115465
0x14186932e2c83b9e2bd5d39c04265cfb4646859b,TRX,0.5264267
0x14186932e2c83b9e2bd5d39c04265cfb4646859b,UNI,0.49417487
0x14186932e2c83b9e2bd5d39c04265cfb4646859b,USDT,0.52198696
0x14186932e2c83b9e2bd5d39c04265cfb4646859b,XLM,0.49735773
0x14186932e2c83b9e2bd5d39c04265cfb4646859b,XMR,0.5008407
0x14186932e2c83b9e2bd5d39c04265cfb4646859b,XRP,0.5111491
0x14186932e2c83b9e2bd5d39c04265cfb4646859b,XTZ,0.52955645
0x14186932e2c83b9e2bd5d39c04265cfb4646859b,XVS,0.47720632
0x14186932e2c83b9e2bd5d39c04265cfb4646859b,YFI,0.5286931
0x181a5bac1f070befbba81a97b68d0e788b4f9189,AAVE,0.49157226
0x181a5bac1f070befbba81a97b68d0e788b4f9189,ADA,0.52130514
0x181a5bac1f070befbba81a97b68d0e788b4f9189,ALGO,0.5228728
0x181a5bac1f070befbba81a97b68d0e788b4f9189,APE,0.51306754
0x181a5bac1f070befbba81a97b68d0e788b4f9189,APT,0.5084277
0x181a5bac1f070befbba81a97b68d0e788b4f9189,ATOM,0.53591555
0x181a5bac1f070befbba81a97b68d0e788b4f9189,AVAX,0.48705858
0x181a5bac1f070befbba81a97b68d0e788b4f9189,AXS,0.524951
0x181a5bac1f070befbba81a97b68d0e788b4f9189,BAL,0.52369916
0x181a5bac1f070befbba81a97b68d0e788b4f9189,BCH,0.51876104
0x181a5bac1f070befbba81a97b68d0e788b4f9189,BLUR,0.44692785
0x181a5bac1f070befbba81a97b68d0e788b4f9189,BNB,0.5473398
0x181a5bac1f070befbba81a97b68d0e788b4f9189,BONK,0.4373089
0x181a5bac1f070befbba81a97b68d0e788b4f9189,BTC,0.5636225
0x181a5bac1f070befbba81a97b68d0e788b4f9189,C98,0.5260452
0x181a5bac1f070befbba81a97b68d0e788b4f9189,CAKE,0.5289285
0x181a5bac1f070befbba81a97b68d0e788b4f9189,COMP,0.53718853
0x181a5bac1f070befbba81a97b68d0e788b4f9189,CRV,0.5178621
0x181a5bac1f070befbba81a97b68d0e788b4f9189,CVX,0.48188266
0x181a5bac1f070befbba81a97b68d0e788b4f9189,DAI,0.5171491
0x181a5bac1f070befbba81a97b68d0e788b4f9189,DAO,0.5305424
0x181a5bac1f070befbba81a97b68d0e788b4f9189,DOGE,0.48779795
0x181a5bac1f070befbba81a97b68d0e788b4f9189,DOT,0.5268025
0x181a5bac1f070befbba81a97b68d0e788b4f9189,DYDX,0.5202958
0x181a5bac1f070befbba81a97b68d0e788b4f9189,EOS,0.52421474
0x181a5bac1f070befbba81a97b68d0e788b4f9189,ETC,0.5354878
0x181a5bac1f070befbba81a97b68d0e788b4f9189,ETH,0.54923695
0x181a5bac1f070befbba81a97b68d0e788b4f9189,FET,0.4751108
0x181a5bac1f070befbba81a97b68d0e788b4f9189,FIL,0.5146059
0x181a5bac1f070befbba81a97b68d0e788b4f9189,FRAX,0.5161826
0x181a5bac1f070befbba81a97b68d0e788b4f9189,FTM,0.50091726
0x181a5bac1f070befbba81a97b68d0e788b4f9189,FXS,0.50267434
0x181a5bac1f070befbba81a97b68d0e788b4f9189,GRT,0.51545966
0x181a5bac1f070befbba81a97b68d0e788b4f9189,HAI,0.5253597
0x181a5bac1f070befbba81a97b68d0e788b4f9189,HERO,0.53443813
0x181a5bac1f070befbba81a97b68d0e788b4f9189,ICP,0.4984752
0x181a5bac1f070befbba81a97b68d0e788b4f9189,IMX,0.47830015
0x181a5bac1f070befbba81a97b68d0e788b4f9189,INJ,0.510477
0x181a5bac1f070befbba81a97b68d0e788b4f9189,LDO,0.48192024
0x181a5bac1f070befbba81a97b68d0e788b4f9189,LINK,0.5227134
0x181a5bac1f070befbba81a97b68d0e788b4f9189,LTC,0.54298425
0x181a5bac1f070befbba81a97b68d0e788b4f9189,MATIC,0.5299814
0x181a5bac1f070befbba81a97b68d0e788b4f9189,MAV,0.48818886
0x181a5bac1f070befbba81a97b68d0e788b4f9189,MBOX,0.48720032
0x181a5bac1f070befbba81a97b68d0e788b4f9189,MKR,0.51401186
0x181a5bac1f070befbba81a97b68d0e788b4f9189,MOON,0.5529095
0x181a5bac1f070befbba81a97b68d0e788b4f9189,NEAR,0.50857556
0x181a5bac1f070befbba81a97b68d0e788b4f9189,OP,0.509634
0x181a5bac1f070befbba81a97b68d0e788b4f9189,PENDLE,0.5040223
0x181a5bac1f070befbba81a97b68d0e788b4f9189,PEPE,0.47376972
0x181a5bac1f070befbba81a97b68d0e788b4f9189,PERP,0.5157539
0x181a5bac1f070befbba81a97b68d0e788b4f9189,PIT,0.50944424
0x181a5bac1f070befbba81a97b68d0e788b4f9189,POLS,0.4832455
0x181a5bac1f070befbba81a97b68d0e788b4f9189,PYTH,0.49030742
0x181a5bac1f070befbba81a97b68d0e788b4f9189,QUACK,0.5215199
0x181a5bac1f070befbba81a97b68d0e788b4f9189,RDNT,0.5167606
0x181a5bac1f070befbba81a97b68d0e788b4f9189,RNDR,0.5281899
0x181a5bac1f070befbba81a97b68d0e788b4f9189,RPL,0.4694277
0x181a5bac1f070befbba81a97b68d0e788b4f9189,RUNE,0.48669073
0x181a5bac1f070befbba81a97b68d0e788b4f9189,SFP,0.49339238
0x181a5bac1f070befbba81a97b68d0e788b4f9189,SFUND,0.52054375
0x181a5bac1f070befbba81a97b68d0e788b4f9189,SHIB,0.52222484
0x181a5bac1f070befbba81a97b68d0e788b4f9189,SOL,0.51273876
0x181a5bac1f070befbba81a97b68d0e788b4f9189,STG,0.51351464
0x181a5bac1f070befbba81a97b68d0e788b4f9189,SUI,0.493689
0x181a5bac1f070befbba81a97b68d0e788b4f9189,SUSHI,0.528474
0x181a5bac1f070befbba81a97b68d0e788b4f9189,TIA,0.45623368
0x181a5bac1f070befbba81a97b68d0e788b4f9189,TOKEN,0.4765557
0x181a5bac1f070befbba81a97b68d0e788b4f9189,TRX,0.48755026
0x181a5bac1f070befbba81a97b68d0e788b4f9189,UNI,0.51181877
0x181a5bac1f070befbba81a97b68d0e788b4f9189,USDT,0.51043534
0x181a5bac1f070befbba81a97b68d0e788b4f9189,XLM,0.5102401
0x181a5bac1f070befbba81a97b68d0e788b4f9189,XMR,0.5148157
0x181a5bac1f070befbba81a97b68d0e788b4f9189,XRP,0.5072362
0x181a5bac1f070befbba81a97b68d0e788b4f9189,XTZ,0.5226993
0x181a5bac1f070befbba81a97b68d0e788b4f9189,XVS,0.49570101
0x181a5bac1f070befbba81a97b68d0e788b4f9189,YFI,0.52191067
0x1be48b2b7594fe7e47701bc7e7bb83beaf84ecc0,AAVE,0.4695467
0x1be48b2b7594fe7e47701bc7e7bb83beaf84ecc0,ADA,0.5021711
0x1be48b2b7594fe7e47701bc7e7bb83beaf84ecc0,ALGO,0.5008853
0x1be48b2b7594fe7e47701bc7e7bb83beaf84ecc0,APE,0.49906513
0x1be48b2b7594fe7e47701bc7e7bb83beaf84ecc0,APT,0.5027224
0x1be48b2b7594fe7e47701bc7e7bb83beaf84ecc0,ATOM,0.5459714
0x1be48b2b7594fe7e47701bc7e7bb83beaf84ecc0,AVAX,0.48416415
0x1be48b2b7594fe7e47701bc7e7bb83beaf84ecc0,AXS,0.54764867
0x1be48b2b7594fe7e47701bc7e7bb83beaf84ecc0,BAL,0.51853967
0x1be48b2b7594fe7e47701bc7e7bb83beaf84ecc0,BCH,0.5257464
0x1be48b2b7594fe7e47701bc7e7bb83beaf84ecc0,BLUR,0.44643614
0x1be48b2b7594fe7e47701bc7e7bb83beaf84ecc0,BNB,0.5550407
0x1be48b2b7594fe7e47701bc7e7bb83beaf84ecc0,BONK,0.4804242
0x1be48b2b7594fe7e47701bc7e7bb83beaf84ecc0,BTC,0.5609764
0x1be48b2b7594fe7e47701bc7e7bb83beaf84ecc0,C98,0.535567
0x1be48b2b7594fe7e47701bc7e7bb83beaf84ecc0,CAKE,0.53612494
0x1be48b2b7594fe7e47701bc7e7bb83beaf84ecc0,COMP,0.5338556
0x1be48b2b7594fe7e47701bc7e7bb83beaf84ecc0,CRV,0.5232935
0x1be48b2b7594fe7e47701bc7e7bb83beaf84ecc0,CVX,0.48629346
0x1be48b2b7594fe7e47701bc7e7bb83beaf84ecc0,DAI,0.47267112
0x1be48b2b7594fe7e47701bc7e7bb83beaf84ecc0,DAO,0.53030884
0x1be48b2b7594fe7e47701bc7e7bb83beaf84ecc0,DOGE,0.5219155
0x1be48b2b7594fe7e47701bc7e7bb83beaf84ecc0,DOT,0.50701016
0x1be48b2b7594fe7e47701bc7e7bb83beaf84ecc0,DYDX,0.53414065
0x1be48b2b7594fe7e47701bc7e7bb83beaf84ecc0,EOS,0.5371558
0x1be48b2b7594fe7e47701bc7e7bb83beaf84ecc0,ETC,0.5493387
0x1be48b2b7594fe7e47701bc7e7bb83beaf84ecc0,ETH,0.56211436
0x1be48b2b7594fe7e47701bc7e7bb83beaf84ecc0,FET,0.5014445
0x1be48b2b7594fe7e47701bc7e7bb83beaf84ecc0,FIL,0.519955
0x1be48b2b7594fe7e47701bc7e7bb83beaf84ecc0,FRAX,0.50589967
0x1be48b2b7594fe7e47701bc7e7bb83beaf84ecc0,FTM,0.49104515
0x1be48b2b7594fe7e47701bc7e7bb83beaf84ecc0,FXS,0.5032659
0x1be48b2b7594fe7e47701bc7e7bb83beaf84ecc0,GRT,0.53130573
0x1be48b2b7594fe7e47701bc7e7bb83beaf84ecc0,HAI,0.5450601
0x1be48b2b7594fe7e47701bc7e7bb83beaf84ecc0,HERO,0.5472089
0x1be48b2b7594fe7e47701bc7e7bb83beaf84ecc0,ICP,0.49421263
0x1be48b2b7594fe7e47701bc7e7bb83beaf84ecc0,IMX,0.48339832
0x1be48b2b7594fe7e47701bc7e7bb83beaf84ecc0,INJ,0.55715716
0x1be48b2b7594fe7e47701bc7e7bb83beaf84ecc0,LDO,0.4977121
0x1be48b2b7594fe7e47701bc7e7bb83beaf84ecc0,LINK,0.54124784
0x1be48b2b7594fe7e47701bc7e7bb83beaf84ecc0,LTC,0.5414174
0x1be48b2b7594fe7e47701bc7e7bb83beaf84ecc0,MATIC,0.5249123
0x1be48b2b7594fe7e47701bc7e7bb83beaf84ecc0,MAV,0.49373576
0x1be48b2b7594fe7e47701bc7e7bb83beaf84ecc0,MBOX,0.5044262
0x1be48b2b7594fe7e47701bc7e7bb83beaf84ecc0,MKR,0.50982124
0x1be48b2b7594fe7e47701bc7e7bb83beaf84ecc0,MOON,0.55783546
0x1be48b2b7594fe7e47701bc7e7bb83beaf84ecc0,NEAR,0.50998837
0x1be48b2b7594fe7e47701bc7e7bb83beaf84ecc0,OP,0.49388868
0x1be48b2b7594fe7e47701bc7e7bb83beaf84ecc0,PENDLE,0.5086179
0x1be48b2b7594fe7e47701bc7e7bb83beaf84ecc0,PEPE,0.43789008
0x1be48b2b7594fe7e47701bc7e7bb83beaf84ecc0,PERP,0.5213128
0x1be48b2b7594fe7e47701bc7e7bb83beaf84ecc0,PIT,0.5138517
0x1be48b2b7594fe7e47701bc7e7bb83beaf84ecc0,POLS,0.51697814
0x1be48b2b7594fe7e47701bc7e7bb83beaf84ecc0,PYTH,0.5050333
0x1be48b2b7594fe7e47701bc7e7bb83beaf84ecc0,QUACK,0.53150445
0x1be48b2b7594fe7e47701bc7e7bb83beaf84ecc0,RDNT,0.5174081
0x1be48b2b7594fe7e47701bc7e7bb83beaf84ecc0,RNDR,0.5112576
0x1be48b2b7594fe7e47701bc7e7bb83beaf84ecc0,RPL,0.4929201
0x1be48b2b7594fe7e47701bc7e7bb83beaf84ecc0,RUNE,0.484696
0x1be48b2b7594fe7e47701bc7e7bb83beaf84ecc0,SFP,0.46969107
0x1be48b2b7594fe7e47701bc7e7bb83beaf84ecc0,SFUND,0.5364877
0x1be48b2b7594fe7e47701bc7e7bb83beaf84ecc0,SHIB,0.5379285
0x1be48b2b7594fe7e47701bc7e7bb83beaf84ecc0,SOL,0.5595408
0x1be48b2b7594fe7e47701bc7e7bb83beaf84ecc0,STG,0.503487
0x1be48b2b7594fe7e47701bc7e7bb83beaf84ecc0,SUI,0.5039547
0x1be48b2b7594fe7e47701bc7e7bb83beaf84ecc0,SUSHI,0.52720124
0x1be48b2b7594fe7e47701bc7e7bb83beaf84ecc0,TIA,0.45437205
0x1be48b2b7594fe7e47701bc7e7bb83beaf84ecc0,TOKEN,0.4824836
0x1be48b2b7594fe7e47701bc7e7bb83beaf84ecc0,TRX,0.5148736
0x1be48b2b7594fe7e47701bc7e7bb83beaf84ecc0,UNI,0.5240238
0x1be48b2b7594fe7e47701bc7e7bb83beaf84ecc0,USDT,0.5082035
0x1be48b2b7594fe7e47701bc7e7bb83beaf84ecc0,XLM,0.49783415
0x1be48b2b7594fe7e47701bc7e7bb83beaf84ecc0,XMR,0.49970043
0x1be48b2b7594fe7e47701bc7e7bb83beaf84ecc0,XRP,0.49237674
0x1be48b2b7594fe7e47701bc7e7bb83beaf84ecc0,XTZ,0.52289593
0x1be48b2b7594fe7e47701bc7e7bb83beaf84ecc0,XVS,0.487459
0x1be48b2b7594fe7e47701bc7e7bb83beaf84ecc0,YFI,0.5201956
0x1bfb6731ff80e75bf84bfe40a108723c5eb23d4f,AAVE,0.4760559934750663
0x1bfb6731ff80e75bf84bfe40a108723c5eb23d4f,ADA,0.5343958668052392
0x1bfb6731ff80e75bf84bfe40a108723c5eb23d4f,ALGO,0.4858615519448718
0x1bfb6731ff80e75bf84bfe40a108723c5eb23d4f,APE,0.5649423658032665
0x1bfb6731ff80e75bf84bfe40a108723c5eb23d4f,APT,0.5065621240440858
0x1bfb6731ff80e75bf84bfe40a108723c5eb23d4f,ATOM,0.5486285851128663
0x1bfb6731ff80e75bf84bfe40a108723c5eb23d4f,AVAX,0.4648202620104316
0x1bfb6731ff80e75bf84bfe40a108723c5eb23d4f,AXS,0.5582330331459373
0x1bfb6731ff80e75bf84bfe40a108723c5eb23d4f,BAL,0.4960451611303249
0x1bfb6731ff80e75bf84bfe40a108723c5eb23d4f,BCH,0.5343501568864524
0x1bfb6731ff80e75bf84bfe40a108723c5eb23d4f,BLUR,0.4722370563807352
0x1bfb6731ff80e75bf84bfe40a108723c5eb23d4f,BNB,0.5566902831979597
0x1bfb6731ff80e75bf84bfe40a108723c5eb23d4f,BONK,0.4595761762049449
0x1bfb6731ff80e75bf84bfe40a108723c5eb23d4f,BTC,0.6163841317735695
0x1bfb6731ff80e75bf84bfe40a108723c5eb23d4f,C98,0.5290396224293596
0x1bfb6731ff80e75bf84bfe40a108723c5eb23d4f,CAKE,0.5403027566942517
0x1bfb6731ff80e75bf84bfe40a108723c5eb23d4f,COMP,0.5282435829163027
0x1bfb6731ff80e75bf84bfe40a108723c5eb23d4f,CRV,0.5902102367171167
0x1bfb6731ff80e75bf84bfe40a108723c5eb23d4f,CVX,0.4248099011147326
0x1bfb6731ff80e75bf84bfe40a108723c5eb23d4f,DAI,0.5770552960873359
0x1bfb6731ff80e75bf84bfe40a108723c5eb23d4f,DAO,0.5624771844905466
0x1bfb6731ff80e75bf84bfe40a108723c5eb23d4f,DOGE,0.4839625075282909
0x1bfb6731ff80e75bf84bfe40a108723c5eb23d4f,DOT,0.5318535503136573
0x1bfb6731ff80e75bf84bfe40a108723c5eb23d4f,DYDX,0.5321429417675803
0x1bfb6731ff80e75bf84bfe40a108723c5eb23d4f,EOS,0.5510410485646136
0x1bfb6731ff80e75bf84bfe40a108723c5eb23d4f,ETC,0.5764074369494698
0x1bfb6731ff80e75bf84bfe40a108723c5eb23d4f,ETH,0.5676448086588809
0x1bfb6731ff80e75bf84bfe40a108723c5eb23d4f,FET,0.4978416956932004
0x1bfb6731ff80e75bf84bfe40a108723c5eb23d4f,FIL,0.5301487788877021
0x1bfb6731ff80e75bf84bfe40a108723c5eb23d4f,FRAX,0.4892152562594408
0x1bfb6731ff80e75bf84bfe40a108723c5eb23d4f,FTM,0.5175643117676164
0x1bfb6731ff80e75bf84bfe40a108723c5eb23d4f,FXS,0.5478087369109221
0x1bfb6731ff80e75bf84bfe40a108723c5eb23d4f,GRT,0.5318943497090726
0x1bfb6731ff80e75bf84bfe40a108723c5eb23d4f,HAI,0.5933046844259738
0x1bfb6731ff80e75bf84bfe40a108723c5eb23d4f,HERO,0.5478439219693446
0x1bfb6731ff80e75bf84bfe40a108723c5eb23d4f,ICP,0.4411095482342709
0x1bfb6731ff80e75bf84bfe40a108723c5eb23d4f,IMX,0.5063479268397906
0x1bfb6731ff80e75bf84bfe40a108723c5eb23d4f,INJ,0.6182921610333345
0x1bfb6731ff80e75bf84bfe40a108723c5eb23d4f,LDO,0.5027728758031418
0x1bfb6731ff80e75bf84bfe40a108723c5eb23d4f,LINK,0.5369408472373414
0x1bfb6731ff80e75bf84bfe40a108723c5eb23d4f,LTC,0.5477572997452465
0x1bfb6731ff80e75bf84bfe40a108723c5eb23d4f,MATIC,0.5330660033401154
0x1bfb6731ff80e75bf84bfe40a108723c5eb23d4f,MAV,0.4942191781316191
0x1bfb6731ff80e75bf84bfe40a108723c5eb23d4f,MBOX,0.4860851832090006
0x1bfb6731ff80e75bf84bfe40a108723c5eb23d4f,MKR,0.4349214326558798
0x1bfb6731ff80e75bf84bfe40a108723c5eb23d4f,MOON,0.5914188104699913
0x1bfb6731ff80e75bf84bfe40a108723c5eb23d4f,NEAR,0.4944887086836288
0x1bfb6731ff80e75bf84bfe40a108723c5eb23d4f,OP,0.5603957355994613
0x1bfb6731ff80e75bf84bfe40a108723c5eb23d4f,PENDLE,0.5174363198924496
0x1bfb6731ff80e75bf84bfe40a108723c5eb23d4f,PEPE,0.4652586205189788
0x1bfb6731ff80e75bf84bfe40a108723c5eb23d4f,PERP,0.5319961393082115
0x1bfb6731ff80e75bf84bfe40a108723c5eb23d4f,PIT,0.4805580585684347
0x1bfb6731ff80e75bf84bfe40a108723c5eb23d4f,POLS,0.5032568558996059
0x1bfb6731ff80e75bf84bfe40a108723c5eb23d4f,PYTH,0.4624084474101302
0x1bfb6731ff80e75bf84bfe40a108723c5eb23d4f,QUACK,0.5129902061561861
0x1bfb6731ff80e75bf84bfe40a108723c5eb23d4f,RDNT,0.4975439629694386
0x1bfb6731ff80e75bf84bfe40a108723c5eb23d4f,RNDR,0.5258258542077261
0x1bfb6731ff80e75bf84bfe40a108723c5eb23d4f,RPL,0.4778218945987958
0x1bfb6731ff80e75bf84bfe40a108723c5eb23d4f,RUNE,0.4945697565730446
0x1bfb6731ff80e75bf84bfe40a108723c5eb23d4f,SFP,0.4765249781583693
0x1bfb6731ff80e75bf84bfe40a108723c5eb23d4f,SFUND,0.5631956451748293
0x1bfb6731ff80e75bf84bfe40a108723c5eb23d4f,SHIB,0.5552074602990615
0x1bfb6731ff80e75bf84bfe40a108723c5eb23d4f,SOL,0.525296983653804
0x1bfb6731ff80e75bf84bfe40a108723c5eb23d4f,STG,0.5207469209202306
0x1bfb6731ff80e75bf84bfe40a108723c5eb23d4f,SUI,0.5141124750783084
0x1bfb6731ff80e75bf84bfe40a108723c5eb23d4f,SUSHI,0.551414639765393
0x1bfb6731ff80e75bf84bfe40a108723c5eb23d4f,TIA,0.4173149987534871
0x1bfb6731ff80e75bf84bfe40a108723c5eb23d4f,TOKEN,0.5176556335410964
0x1bfb6731ff80e75bf84bfe40a108723c5eb23d4f,TRX,0.4975158948648723
0x1bfb6731ff80e75bf84bfe40a108723c5eb23d4f,UNI,0.515716264795532
0x1bfb6731ff80e75bf84bfe40a108723c5eb23d4f,USDT,0.55159532584414
0x1bfb6731ff80e75bf84bfe40a108723c5eb23d4f,XLM,0.5257869200012436
0x1bfb6731ff80e75bf84bfe40a108723c5eb23d4f,XMR,0.5172345653489313
0x1bfb6731ff80e75bf84bfe40a108723c5eb23d4f,XRP,0.4067058062872172
0x1bfb6731ff80e75bf84bfe40a108723c5eb23d4f,XTZ,0.5331970330648902
0x1bfb6731ff80e75bf84bfe40a108723c5eb23d4f,XVS,0.4981285106199995
0x1bfb6731ff80e75bf84bfe40a108723c5eb23d4f,YFI,0.5298778272052094
0x1db8ac96d2ca3ce9b981a04c98bdcbc1b19cc11d,AAVE,0.47909603
0x1db8ac96d2ca3ce9b981a04c98bdcbc1b19cc11d,ADA,0.51000327
0x1db8ac96d2ca3ce9b981a04c98bdcbc1b19cc11d,ALGO,0.54927695
0x1db8ac96d2ca3ce9b981a04c98bdcbc1b19cc11d,APE,0.5439465
0x1db8ac96d2ca3ce9b981a04c98bdcbc1b19cc11d,APT,0.54077053
0x1db8ac96d2ca3ce9b981a04c98bdcbc1b19cc11d,ATOM,0.54637444
0x1db8ac96d2ca3ce9b981a04c98bdcbc1b19cc11d,AVAX,0.51041913
0x1db8ac96d2ca3ce9b981a04c98bdcbc1b19cc11d,AXS,0.49054325
0x1db8ac96d2ca3ce9b981a04c98bdcbc1b19cc11d,BAL,0.54359627
0x1db8ac96d2ca3ce9b981a04c98bdcbc1b19cc11d,BCH,0.52422273
0x1db8ac96d2ca3ce9b981a04c98bdcbc1b19cc11d,BLUR,0.4729012
0x1db8ac96d2ca3ce9b981a04c98bdcbc1b19cc11d,BNB,0.56901205
0x1db8ac96d2ca3ce9b981a04c98bdcbc1b19cc11d,BONK,0.41067833
0x1db8ac96d2ca3ce9b981a04c98bdcbc1b19cc11d,BTC,0.5502461
0x1db8ac96d2ca3ce9b981a04c98bdcbc1b19cc11d,C98,0.54049027
0x1db8ac96d2ca3ce9b981a04c98bdcbc1b19cc11d,CAKE,0.55322796
0x1db8ac96d2ca3ce9b981a04c98bdcbc1b19cc11d,COMP,0.5993311
0x1db8ac96d2ca3ce9b981a04c98bdcbc1b19cc11d,CRV,0.5458709
0x1db8ac96d2ca3ce9b981a04c98bdcbc1b19cc11d,CVX,0.47657755
0x1db8ac96d2ca3ce9b981a04c98bdcbc1b19cc11d,DAI,0.51445854
0x1db8ac96d2ca3ce9b981a04c98bdcbc1b19cc11d,DAO,0.5870069
0x1db8ac96d2ca3ce9b981a04c98bdcbc1b19cc11d,DOGE,0.5017857
0x1db8ac96d2ca3ce9b981a04c98bdcbc1b19cc11d,DOT,0.53092366
0x1db8ac96d2ca3ce9b981a04c98bdcbc1b19cc11d,DYDX,0.5417515
0x1db8ac96d2ca3ce9b981a04c98bdcbc1b19cc11d,EOS,0.52522373
0x1db8ac96d2ca3ce9b981a04c98bdcbc1b19cc11d,ETC,0.5449021
0x1db8ac96d2ca3ce9b981a04c98bdcbc1b19cc11d,ETH,0.5365425
0x1db8ac96d2ca3ce9b981a04c98bdcbc1b19cc11d,FET,0.5169027
0x1db8ac96d2ca3ce9b981a04c98bdcbc1b19cc11d,FIL,0.5473857
0x1db8ac96d2ca3ce9b981a04c98bdcbc1b19cc11d,FRAX,0.49455908
0x1db8ac96d2ca3ce9b981a04c98bdcbc1b19cc11d,FTM,0.5111674
0x1db8ac96d2ca3ce9b981a04c98bdcbc1b19cc11d,FXS,0.5251905
0x1db8ac96d2ca3ce9b981a04c98bdcbc1b19cc11d,GRT,0.56027585
0x1db8ac96d2ca3ce9b981a04c98bdcbc1b19cc11d,HAI,0.52654517
0x1db8ac96d2ca3ce9b981a04c98bdcbc1b19cc11d,HERO,0.5336722
0x1db8ac96d2ca3ce9b981a04c98bdcbc1b19cc11d,ICP,0.43775392
0x1db8ac96d2ca3ce9b981a04c98bdcbc1b19cc11d,IMX,0.5146978
0x1db8ac96d2ca3ce9b981a04c98bdcbc1b19cc11d,INJ,0.56524056
0x1db8ac96d2ca3ce9b981a04c98bdcbc1b19cc11d,LDO,0.4982379
0x1db8ac96d2ca3ce9b981a04c98bdcbc1b19cc11d,LINK,0.544468
0x1db8ac96d2ca3ce9b981a04c98bdcbc1b19cc11d,LTC,0.5264423
0x1db8ac96d2ca3ce9b981a04c98bdcbc1b19cc11d,MATIC,0.53234255
0x1db8ac96d2ca3ce9b981a04c98bdcbc1b19cc11d,MAV,0.48395708
0x1db8ac96d2ca3ce9b981a04c98bdcbc1b19cc11d,MBOX,0.5017532
0x1db8ac96d2ca3ce9b981a04c98bdcbc1b19cc11d,MKR,0.5231425
0x1db8ac96d2ca3ce9b981a04c98bdcbc1b19cc11d,MOON,0.57060874
0x1db8ac96d2ca3ce9b981a04c98bdcbc1b19cc11d,NEAR,0.50009185
0x1db8ac96d2ca3ce9b981a04c98bdcbc1b19cc11d,OP,0.49125525
0x1db8ac96d2ca3ce9b981a04c98bdcbc1b19cc11d,PENDLE,0.4908162
0x1db8ac96d2ca3ce9b981a04c98bdcbc1b19cc11d,PEPE,0.45030108
0x1db8ac96d2ca3ce9b981a04c98bdcbc1b19cc11d,PERP,0.5573735
0x1db8ac96d2ca3ce9b981a04c98bdcbc1b19cc11d,PIT,0.5519806
0x1db8ac96d2ca3ce9b981a04c98bdcbc1b19cc11d,POLS,0.46290398
0x1db8ac96d2ca3ce9b981a04c98bdcbc1b19cc11d,PYTH,0.49510074
0x1db8ac96d2ca3ce9b981a04c98bdcbc1b19cc11d,QUACK,0.5405734
0x1db8ac96d2ca3ce9b981a04c98bdcbc1b19cc11d,RDNT,0.50900966
0x1db8ac96d2ca3ce9b981a04c98bdcbc1b19cc11d,RNDR,0.5361434
0x1db8ac96d2ca3ce9b981a04c98bdcbc1b19cc11d,RPL,0.4165217
0x1db8ac96d2ca3ce9b981a04c98bdcbc1b19cc11d,RUNE,0.48504826
0x1db8ac96d2ca3ce9b981a04c98bdcbc1b19cc11d,SFP,0.51654214
0x1db8ac96d2ca3ce9b981a04c98bdcbc1b19cc11d,SFUND,0.53492934
0x1db8ac96d2ca3ce9b981a04c98bdcbc1b19cc11d,SHIB,0.54279
0x1db8ac96d2ca3ce9b981a04c98bdcbc1b19cc11d,SOL,0.47379407
0x1db8ac96d2ca3ce9b981a04c98bdcbc1b19cc11d,STG,0.5067577
0x1db8ac96d2ca3ce9b981a04c98bdcbc1b19cc11d,SUI,0.50092864
0x1db8ac96d2ca3ce9b981a04c98bdcbc1b19cc11d,SUSHI,0.55129534
0x1db8ac96d2ca3ce9b981a04c98bdcbc1b19cc11d,TIA,0.44327283
0x1db8ac96d2ca3ce9b981a04c98bdcbc1b19cc11d,TOKEN,0.5064801
0x1db8ac96d2ca3ce9b981a04c98bdcbc1b19cc11d,TRX,0.58648187
0x1db8ac96d2ca3ce9b981a04c98bdcbc1b19cc11d,UNI,0.5386193
0x1db8ac96d2ca3ce9b981a04c98bdcbc1b19cc11d,USDT,0.47561258
0x1db8ac96d2ca3ce9b981a04c98bdcbc1b19cc11d,XLM,0.5414701
0x1db8ac96d2ca3ce9b981a04c98bdcbc1b19cc11d,XMR,0.5291721
0x1db8ac96d2ca3ce9b981a04c98bdcbc1b19cc11d,XRP,0.4662997
0x1db8ac96d2ca3ce9b981a04c98bdcbc1b19cc11d,XTZ,0.56058186
0x1db8ac96d2ca3ce9b981a04c98bdcbc1b19cc11d,XVS,0.47496283
0x1db8ac96d2ca3ce9b981a04c98bdcbc1b19cc11d,YFI,0.52179
0x1e2e7903fb871f38362a8760871d1648eaa12536,AAVE,0.0089910089910089
0x1e2e7903fb871f38362a8760871d1648eaa12536,ADA,0.0093240093240093
0x1e2e7903fb871f38362a8760871d1648eaa12536,ALGO,0.0173160173160173
0x1e2e7903fb871f38362a8760871d1648eaa12536,APE,0.0156510156510156
0x1e2e7903fb871f38362a8760871d1648eaa12536,APT,0.0136530136530136
0x1e2e7903fb871f38362a8760871d1648eaa12536,ATOM,0.0256410256410256
0x1e2e7903fb871f38362a8760871d1648eaa12536,AVAX,0.0076590076590076
0x1e2e7903fb871f38362a8760871d1648eaa12536,AXS,0.0146520146520146
0x1e2e7903fb871f38362a8760871d1648eaa12536,BAL,0.0163170163170163
0x1e2e7903fb871f38362a8760871d1648eaa12536,BCH,0.0166500166500166
0x1e2e7903fb871f38362a8760871d1648eaa12536,BLUR,0.0003330003330003
0x1e2e7903fb871f38362a8760871d1648eaa12536,BNB,0.0186480186480186
0x1e2e7903fb871f38362a8760871d1648eaa12536,BONK,0.0013320013320013
0x1e2e7903fb871f38362a8760871d1648eaa12536,BTC,0.0233100233100233
0x1e2e7903fb871f38362a8760871d1648eaa12536,C98,0.0209790209790209
0x1e2e7903fb871f38362a8760871d1648eaa12536,CAKE,0.0223110223110223
0x1e2e7903fb871f38362a8760871d1648eaa12536,COMP,0.0219780219780219
0x1e2e7903fb871f38362a8760871d1648eaa12536,CRV,0.0213120213120213
0x1e2e7903fb871f38362a8760871d1648eaa12536,CVX,0.0039960039960039
0x1e2e7903fb871f38362a8760871d1648eaa12536,DAI,0.0126540126540126
0x1e2e7903fb871f38362a8760871d1648eaa12536,DAO,0.0206460206460206
0x1e2e7903fb871f38362a8760871d1648eaa12536,DOGE,0.0049950049950049
0x1e2e7903fb871f38362a8760871d1648eaa12536,DOT,0.0129870129870129
0x1e2e7903fb871f38362a8760871d1648eaa12536,DYDX,0.0193140193140193
0x1e2e7903fb871f38362a8760871d1648eaa12536,EOS,0.0253080253080253
0x1e2e7903fb871f38362a8760871d1648eaa12536,ETC,0.0239760239760239
0x1e2e7903fb871f38362a8760871d1648eaa12536,ETH,0.0203130203130203
0x1e2e7903fb871f38362a8760871d1648eaa12536,FET,0.0113220113220113
0x1e2e7903fb871f38362a8760871d1648eaa12536,FIL,0.0169830169830169
0x1e2e7903fb871f38362a8760871d1648eaa12536,FRAX,0.0123210123210123
0x1e2e7903fb871f38362a8760871d1648eaa12536,FTM,0.0133200133200133
0x1e2e7903fb871f38362a8760871d1648eaa12536,FXS,0.0159840159840159
0x1e2e7903fb871f38362a8760871d1648eaa12536,GRT,0.0176490176490176
0x1e2e7903fb871f38362a8760871d1648eaa12536,HAI,0.0179820179820179
0x1e2e7903fb871f38362a8760871d1648eaa12536,HERO,0.0236430236430236
0x1e2e7903fb871f38362a8760871d1648eaa12536,ICP,0.0023310023310023
0x1e2e7903fb871f38362a8760871d1648eaa12536,IMX,0.0069930069930069
0x1e2e7903fb871f38362a8760871d1648eaa12536,INJ,0.0079920079920079
0x1e2e7903fb871f38362a8760871d1648eaa12536,LDO,0.0056610056610056
0x1e2e7903fb871f38362a8760871d1648eaa12536,LINK,0.0149850149850149
0x1e2e7903fb871f38362a8760871d1648eaa12536,LTC,0.0226440226440226
0x1e2e7903fb871f38362a8760871d1648eaa12536,MATIC,0.0246420246420246
0x1e2e7903fb871f38362a8760871d1648eaa12536,MAV,0.0103230103230103
0x1e2e7903fb871f38362a8760871d1648eaa12536,MBOX,0.0086580086580086
0x1e2e7903fb871f38362a8760871d1648eaa12536,MKR,0.0043290043290043
0x1e2e7903fb871f38362a8760871d1648eaa12536,MOON,0.0243090243090243
0x1e2e7903fb871f38362a8760871d1648eaa12536,NEAR,0.0096570096570096
0x1e2e7903fb871f38362a8760871d1648eaa12536,OP,0.0119880119880119
0x1e2e7903fb871f38362a8760871d1648eaa12536,PENDLE,0.0066600066600066
0x1e2e7903fb871f38362a8760871d1648eaa12536,PEPE,0.0009990009990009
0x1e2e7903fb871f38362a8760871d1648eaa12536,PERP,0.0189810189810189
0x1e2e7903fb871f38362a8760871d1648eaa12536,PIT,0.0109890109890109
0x1e2e7903fb871f38362a8760871d1648eaa12536,POLS,0.0143190143190143
0x1e2e7903fb871f38362a8760871d1648eaa12536,PYTH,0.0033300033300033
0x1e2e7903fb871f38362a8760871d1648eaa12536,QUACK,0.0199800199800199
0x1e2e7903fb871f38362a8760871d1648eaa12536,RDNT,0.0139860139860139
0x1e2e7903fb871f38362a8760871d1648eaa12536,RNDR,0.0153180153180153
0x1e2e7903fb871f38362a8760871d1648eaa12536,RPL,0.0026640026640026
0x1e2e7903fb871f38362a8760871d1648eaa12536,RUNE,0.0036630036630036
0x1e2e7903fb871f38362a8760871d1648eaa12536,SFP,0.0029970029970029
0x1e2e7903fb871f38362a8760871d1648eaa12536,SFUND,0.0249750249750249
0x1e2e7903fb871f38362a8760871d1648eaa12536,SHIB,0.0229770229770229
0x1e2e7903fb871f38362a8760871d1648eaa12536,SOL,0.0073260073260073
0x1e2e7903fb871f38362a8760871d1648eaa12536,STG,0.0116550116550116
0x1e2e7903fb871f38362a8760871d1648eaa12536,SUI,0.0063270063270063
0x1e2e7903fb871f38362a8760871d1648eaa12536,SUSHI,0.0216450216450216
0x1e2e7903fb871f38362a8760871d1648eaa12536,TIA,0.0019980019980019
0x1e2e7903fb871f38362a8760871d1648eaa12536,TOKEN,0.0099900099900099
0x1e2e7903fb871f38362a8760871d1648eaa12536,TRX,0.0083250083250083
0x1e2e7903fb871f38362a8760871d1648eaa12536,UNI,0.0053280053280053
0x1e2e7903fb871f38362a8760871d1648eaa12536,USDT,0.0106560106560106
0x1e2e7903fb871f38362a8760871d1648eaa12536,XLM,0.0059940059940059
0x1e2e7903fb871f38362a8760871d1648eaa12536,XMR,0.0046620046620046
0x1e2e7903fb871f38362a8760871d1648eaa12536,XRP,0.0016650016650016
0x1e2e7903fb871f38362a8760871d1648eaa12536,XTZ,0.0196470196470196
0x1e2e7903fb871f38362a8760871d1648eaa12536,XVS,0.0006660006660006
0x1e2e7903fb871f38362a8760871d1648eaa12536,YFI,0.0183150183150183
0x2b23c36232eac432433a919aedd9a169031661c2,AAVE,0.4569592450777037
0x2b23c36232eac432433a919aedd9a169031661c2,ADA,0.5014673739912149
0x2b23c36232eac432433a919aedd9a169031661c2,ALGO,0.514172351291945
0x2b23c36232eac432433a919aedd9a169031661c2,APE,0.505941558241181
0x2b23c36232eac432433a919aedd9a169031661c2,APT,0.5191577456283932
0x2b23c36232eac432433a919aedd9a169031661c2,ATOM,0.5414155880223098
0x2b23c36232eac432433a919aedd9a169031661c2,AVAX,0.4812782142538617
0x2b23c36232eac432433a919aedd9a169031661c2,AXS,0.5397486241730121
0x2b23c36232eac432433a919aedd9a169031661c2,BAL,0.5209425416865812
0x2b23c36232eac432433a919aedd9a169031661c2,BCH,0.52379524867249
0x2b23c36232eac432433a919aedd9a169031661c2,BLUR,0.4217049591210524
0x2b23c36232eac432433a919aedd9a169031661c2,BNB,0.5254922253336612
0x2b23c36232eac432433a919aedd9a169031661c2,BONK,0.4004242846126537
0x2b23c36232eac432433a919aedd9a169031661c2,BTC,0.6054722256677056
0x2b23c36232eac432433a919aedd9a169031661c2,C98,0.5506592763250351
0x2b23c36232eac432433a919aedd9a169031661c2,CAKE,0.5431598089702991
0x2b23c36232eac432433a919aedd9a169031661c2,COMP,0.5134718509020935
0x2b23c36232eac432433a919aedd9a169031661c2,CRV,0.558560810803963
0x2b23c36232eac432433a919aedd9a169031661c2,CVX,0.503772638013126
0x2b23c36232eac432433a919aedd9a169031661c2,DAI,0.4913703398151303
0x2b23c36232eac432433a919aedd9a169031661c2,DAO,0.5429779322530175
0x2b23c36232eac432433a919aedd9a169031661c2,DOGE,0.5007514341713468
0x2b23c36232eac432433a919aedd9a169031661c2,DOT,0.5155495134291702
0x2b23c36232eac432433a919aedd9a169031661c2,DYDX,0.5319268913996638
0x2b23c36232eac432433a919aedd9a169031661c2,EOS,0.5459688156922524
0x2b23c36232eac432433a919aedd9a169031661c2,ETC,0.5318192972335775
0x2b23c36232eac432433a919aedd9a169031661c2,ETH,0.4997095053713547
0x2b23c36232eac432433a919aedd9a169031661c2,FET,0.4958487397086725
0x2b23c36232eac432433a919aedd9a169031661c2,FIL,0.5244646610171109
0x2b23c36232eac432433a919aedd9a169031661c2,FRAX,0.5170150304282157
0x2b23c36232eac432433a919aedd9a169031661c2,FTM,0.5056588446723793
0x2b23c36232eac432433a919aedd9a169031661c2,FXS,0.4936770354994714
0x2b23c36232eac432433a919aedd9a169031661c2,GRT,0.5388292213310751
0x2b23c36232eac432433a919aedd9a169031661c2,HAI,0.5445956456060953
0x2b23c36232eac432433a919aedd9a169031661c2,HERO,0.5369470445702761
0x2b23c36232eac432433a919aedd9a169031661c2,ICP,0.4830342583324853
0x2b23c36232eac432433a919aedd9a169031661c2,IMX,0.5170172025512093
0x2b23c36232eac432433a919aedd9a169031661c2,INJ,0.5805267320581168
0x2b23c36232eac432433a919aedd9a169031661c2,LDO,0.4697221333466
0x2b23c36232eac432433a919aedd9a169031661c2,LINK,0.5471648806826528
0x2b23c36232eac432433a919aedd9a169031661c2,LTC,0.5069265499625708
0x2b23c36232eac432433a919aedd9a169031661c2,MATIC,0.556916146022089
0x2b23c36232eac432433a919aedd9a169031661c2,MAV,0.5064381816793209
0x2b23c36232eac432433a919aedd9a169031661c2,MBOX,0.5116274583546498
0x2b23c36232eac432433a919aedd9a169031661c2,MKR,0.5692018541454421
0x2b23c36232eac432433a919aedd9a169031661c2,MOON,0.630413414836307
0x2b23c36232eac432433a919aedd9a169031661c2,NEAR,0.5371915239686775
0x2b23c36232eac432433a919aedd9a169031661c2,OP,0.4941564341813882
0x2b23c36232eac432433a919aedd9a169031661c2,PENDLE,0.5085936276792944
0x2b23c36232eac432433a919aedd9a169031661c2,PEPE,0.4793987395425195
0x2b23c36232eac432433a919aedd9a169031661c2,PERP,0.5350787654619469
0x2b23c36232eac432433a919aedd9a169031661c2,PIT,0.5000885280680287
0x2b23c36232eac432433a919aedd9a169031661c2,POLS,0.4799309179883322
0x2b23c36232eac432433a919aedd9a169031661c2,PYTH,0.4875741310964899
0x2b23c36232eac432433a919aedd9a169031661c2,QUACK,0.5260396165408661
0x2b23c36232eac432433a919aedd9a169031661c2,RDNT,0.5108180362320078
0x2b23c36232eac432433a919aedd9a169031661c2,RNDR,0.5162575260541207
0x2b23c36232eac432433a919aedd9a169031661c2,RPL,0.4736956425016696
0x2b23c36232eac432433a919aedd9a169031661c2,RUNE,0.4835511191422652
0x2b23c36232eac432433a919aedd9a169031661c2,SFP,0.4573676083125729
0x2b23c36232eac432433a919aedd9a169031661c2,SFUND,0.5428939945346077
0x2b23c36232eac432433a919aedd9a169031661c2,SHIB,0.5608986201488958
0x2b23c36232eac432433a919aedd9a169031661c2,SOL,0.5285312938255493
0x2b23c36232eac432433a919aedd9a169031661c2,STG,0.5284930441146869
0x2b23c36232eac432433a919aedd9a169031661c2,SUI,0.4973851975033671
0x2b23c36232eac432433a919aedd9a169031661c2,SUSHI,0.5331042343562615
0x2b23c36232eac432433a919aedd9a169031661c2,TIA,0.4384814243997021
0x2b23c36232eac432433a919aedd9a169031661c2,TOKEN,0.4898072333381943
0x2b23c36232eac432433a919aedd9a169031661c2,TRX,0.5469942373967959
0x2b23c36232eac432433a919aedd9a169031661c2,UNI,0.4851429822374304
0x2b23c36232eac432433a919aedd9a169031661c2,USDT,0.4537510223993762
0x2b23c36232eac432433a919aedd9a169031661c2,XLM,0.4919350043456645
0x2b23c36232eac432433a919aedd9a169031661c2,XMR,0.5016446776646443
0x2b23c36232eac432433a919aedd9a169031661c2,XRP,0.4512982800665581
0x2b23c36232eac432433a919aedd9a169031661c2,XTZ,0.5283981523967356
0x2b23c36232eac432433a919aedd9a169031661c2,XVS,0.4915443283118789
0x2b23c36232eac432433a919aedd9a169031661c2,YFI,0.5367260539754539
0x2e85c8101e01810adb4c1f6e878d7b0d8bbd70a1,AAVE,0.49953747
0x2e85c8101e01810adb4c1f6e878d7b0d8bbd70a1,ADA,0.5179245299999999
0x2e85c8101e01810adb4c1f6e878d7b0d8bbd70a1,ALGO,0.5341743
0x2e85c8101e01810adb4c1f6e878d7b0d8bbd70a1,APE,0.5306189
0x2e85c8101e01810adb4c1f6e878d7b0d8bbd70a1,APT,0.5184430499999999
0x2e85c8101e01810adb4c1f6e878d7b0d8bbd70a1,ATOM,0.555378285
0x2e85c8101e01810adb4c1f6e878d7b0d8bbd70a1,AVAX,0.47887565
0x2e85c8101e01810adb4c1f6e878d7b0d8bbd70a1,AXS,0.5288470999999999
0x2e85c8101e01810adb4c1f6e878d7b0d8bbd70a1,BAL,0.54053655
0x2e85c8101e01810adb4c1f6e878d7b0d8bbd70a1,BCH,0.50975195
0x2e85c8101e01810adb4c1f6e878d7b0d8bbd70a1,BLUR,0.459628825
0x2e85c8101e01810adb4c1f6e878d7b0d8bbd70a1,BNB,0.593838035
0x2e85c8101e01810adb4c1f6e878d7b0d8bbd70a1,BONK,0.431721525
0x2e85c8101e01810adb4c1f6e878d7b0d8bbd70a1,BTC,0.57858175
0x2e85c8101e01810adb4c1f6e878d7b0d8bbd70a1,C98,0.54512465
0x2e85c8101e01810adb4c1f6e878d7b0d8bbd70a1,CAKE,0.5589754849999999
0x2e85c8101e01810adb4c1f6e878d7b0d8bbd70a1,COMP,0.5392215499999999
0x2e85c8101e01810adb4c1f6e878d7b0d8bbd70a1,CRV,0.552246825
0x2e85c8101e01810adb4c1f6e878d7b0d8bbd70a1,CVX,0.489590935
0x2e85c8101e01810adb4c1f6e878d7b0d8bbd70a1,DAI,0.49308667
0x2e85c8101e01810adb4c1f6e878d7b0d8bbd70a1,DAO,0.55755613
0x2e85c8101e01810adb4c1f6e878d7b0d8bbd70a1,DOGE,0.50492561
0x2e85c8101e01810adb4c1f6e878d7b0d8bbd70a1,DOT,0.5381599
0x2e85c8101e01810adb4c1f6e878d7b0d8bbd70a1,DYDX,0.541876705
0x2e85c8101e01810adb4c1f6e878d7b0d8bbd70a1,EOS,0.548398135
0x2e85c8101e01810adb4c1f6e878d7b0d8bbd70a1,ETC,0.5454227700000001
0x2e85c8101e01810adb4c1f6e878d7b0d8bbd70a1,ETH,0.603255615
0x2e85c8101e01810adb4c1f6e878d7b0d8bbd70a1,FET,0.512282235
0x2e85c8101e01810adb4c1f6e878d7b0d8bbd70a1,FIL,0.53906158
0x2e85c8101e01810adb4c1f6e878d7b0d8bbd70a1,FRAX,0.48328008
0x2e85c8101e01810adb4c1f6e878d7b0d8bbd70a1,FTM,0.524681595
0x2e85c8101e01810adb4c1f6e878d7b0d8bbd70a1,FXS,0.506606435
0x2e85c8101e01810adb4c1f6e878d7b0d8bbd70a1,GRT,0.549019435
0x2e85c8101e01810adb4c1f6e878d7b0d8bbd70a1,HAI,0.521809425
0x2e85c8101e01810adb4c1f6e878d7b0d8bbd70a1,HERO,0.553787205
0x2e85c8101e01810adb4c1f6e878d7b0d8bbd70a1,ICP,0.431608815
0x2e85c8101e01810adb4c1f6e878d7b0d8bbd70a1,IMX,0.504278215
0x2e85c8101e01810adb4c1f6e878d7b0d8bbd70a1,INJ,0.5357028850000001
0x2e85c8101e01810adb4c1f6e878d7b0d8bbd70a1,LDO,0.5121082
0x2e85c8101e01810adb4c1f6e878d7b0d8bbd70a1,LINK,0.5430412
0x2e85c8101e01810adb4c1f6e878d7b0d8bbd70a1,LTC,0.5242608799999999
0x2e85c8101e01810adb4c1f6e878d7b0d8bbd70a1,MATIC,0.54781658
0x2e85c8101e01810adb4c1f6e878d7b0d8bbd70a1,MAV,0.50073075
0x2e85c8101e01810adb4c1f6e878d7b0d8bbd70a1,MBOX,0.494838815
0x2e85c8101e01810adb4c1f6e878d7b0d8bbd70a1,MKR,0.4947583
0x2e85c8101e01810adb4c1f6e878d7b0d8bbd70a1,MOON,0.5576118999999999
0x2e85c8101e01810adb4c1f6e878d7b0d8bbd70a1,NEAR,0.4902934399999999
0x2e85c8101e01810adb4c1f6e878d7b0d8bbd70a1,OP,0.49680837
0x2e85c8101e01810adb4c1f6e878d7b0d8bbd70a1,PENDLE,0.52022055
0x2e85c8101e01810adb4c1f6e878d7b0d8bbd70a1,PEPE,0.43772846
0x2e85c8101e01810adb4c1f6e878d7b0d8bbd70a1,PERP,0.551364965
0x2e85c8101e01810adb4c1f6e878d7b0d8bbd70a1,PIT,0.49730745
0x2e85c8101e01810adb4c1f6e878d7b0d8bbd70a1,POLS,0.5007218
0x2e85c8101e01810adb4c1f6e878d7b0d8bbd70a1,PYTH,0.488107575
0x2e85c8101e01810adb4c1f6e878d7b0d8bbd70a1,QUACK,0.52680415
0x2e85c8101e01810adb4c1f6e878d7b0d8bbd70a1,RDNT,0.52243755
0x2e85c8101e01810adb4c1f6e878d7b0d8bbd70a1,RNDR,0.52984181
0x2e85c8101e01810adb4c1f6e878d7b0d8bbd70a1,RPL,0.50158423
0x2e85c8101e01810adb4c1f6e878d7b0d8bbd70a1,RUNE,0.471322405
0x2e85c8101e01810adb4c1f6e878d7b0d8bbd70a1,SFP,0.472365515
0x2e85c8101e01810adb4c1f6e878d7b0d8bbd70a1,SFUND,0.5396202999999999
0x2e85c8101e01810adb4c1f6e878d7b0d8bbd70a1,SHIB,0.556327835
0x2e85c8101e01810adb4c1f6e878d7b0d8bbd70a1,SOL,0.512870425
0x2e85c8101e01810adb4c1f6e878d7b0d8bbd70a1,STG,0.50456555
0x2e85c8101e01810adb4c1f6e878d7b0d8bbd70a1,SUI,0.480177715
0x2e85c8101e01810adb4c1f6e878d7b0d8bbd70a1,SUSHI,0.548985435
0x2e85c8101e01810adb4c1f6e878d7b0d8bbd70a1,TIA,0.47192996
0x2e85c8101e01810adb4c1f6e878d7b0d8bbd70a1,TOKEN,0.4983286
0x2e85c8101e01810adb4c1f6e878d7b0d8bbd70a1,TRX,0.48163392
0x2e85c8101e01810adb4c1f6e878d7b0d8bbd70a1,UNI,0.55606647
0x2e85c8101e01810adb4c1f6e878d7b0d8bbd70a1,USDT,0.455242905
0x2e85c8101e01810adb4c1f6e878d7b0d8bbd70a1,XLM,0.51417365
0x2e85c8101e01810adb4c1f6e878d7b0d8bbd70a1,XMR,0.5201855200000001
0x2e85c8101e01810adb4c1f6e878d7b0d8bbd70a1,XRP,0.45903994
0x2e85c8101e01810adb4c1f6e878d7b0d8bbd70a1,XTZ,0.54403467
0x2e85c8101e01810adb4c1f6e878d7b0d8bbd70a1,XVS,0.482842935
0x2e85c8101e01810adb4c1f6e878d7b0d8bbd70a1,YFI,0.513392
0x3cf29379dbc05bdfa6ad4e81c6bc2c581a0a3ca1,AAVE,0.2960982322692871
0x3cf29379dbc05bdfa6ad4e81c6bc2c581a0a3ca1,ADA,0.5287526845932007
0x3cf29379dbc05bdfa6ad4e81c6bc2c581a0a3ca1,ALGO,0.3966719806194305
0x3cf29379dbc05bdfa6ad4e81c6bc2c581a0a3ca1,APE,0.4727107286453247
0x3cf29379dbc05bdfa6ad4e81c6bc2c581a0a3ca1,APT,0.5268428325653076
0x3cf29379dbc05bdfa6ad4e81c6bc2c581a0a3ca1,ATOM,0.4096454977989197
0x3cf29379dbc05bdfa6ad4e81c6bc2c581a0a3ca1,AVAX,0.1037677749991417
0x3cf29379dbc05bdfa6ad4e81c6bc2c581a0a3ca1,AXS,0.4126703143119812
0x3cf29379dbc05bdfa6ad4e81c6bc2c581a0a3ca1,BAL,0.2622899413108825
0x3cf29379dbc05bdfa6ad4e81c6bc2c581a0a3ca1,BCH,0.4127423763275146
0x3cf29379dbc05bdfa6ad4e81c6bc2c581a0a3ca1,BLUR,0.3467231094837188
0x3cf29379dbc05bdfa6ad4e81c6bc2c581a0a3ca1,BNB,0.5968992114067078
0x3cf29379dbc05bdfa6ad4e81c6bc2c581a0a3ca1,BONK,0.1730372309684753
0x3cf29379dbc05bdfa6ad4e81c6bc2c581a0a3ca1,BTC,0.6978268623352051
0x3cf29379dbc05bdfa6ad4e81c6bc2c581a0a3ca1,C98,0.4563549757003784
0x3cf29379dbc05bdfa6ad4e81c6bc2c581a0a3ca1,CAKE,0.3562867939472198
0x3cf29379dbc05bdfa6ad4e81c6bc2c581a0a3ca1,COMP,0.4051056504249573
0x3cf29379dbc05bdfa6ad4e81c6bc2c581a0a3ca1,CRV,0.3351695835590362
0x3cf29379dbc05bdfa6ad4e81c6bc2c581a0a3ca1,CVX,0.1810955107212066
0x3cf29379dbc05bdfa6ad4e81c6bc2c581a0a3ca1,DAI,0.24930140376091
0x3cf29379dbc05bdfa6ad4e81c6bc2c581a0a3ca1,DAO,0.3787243366241455
0x3cf29379dbc05bdfa6ad4e81c6bc2c581a0a3ca1,DOGE,0.3391737341880798
0x3cf29379dbc05bdfa6ad4e81c6bc2c581a0a3ca1,DOT,0.2633783519268036
0x3cf29379dbc05bdfa6ad4e81c6bc2c581a0a3ca1,DYDX,0.6934036612510681
0x3cf29379dbc05bdfa6ad4e81c6bc2c581a0a3ca1,EOS,0.4940690398216247
0x3cf29379dbc05bdfa6ad4e81c6bc2c581a0a3ca1,ETC,0.1498422026634216
0x3cf29379dbc05bdfa6ad4e81c6bc2c581a0a3ca1,ETH,0.8632370233535767
0x3cf29379dbc05bdfa6ad4e81c6bc2c581a0a3ca1,FET,0.9528008699417114
0x3cf29379dbc05bdfa6ad4e81c6bc2c581a0a3ca1,FIL,0.252697229385376
0x3cf29379dbc05bdfa6ad4e81c6bc2c581a0a3ca1,FRAX,0.3540744483470917
0x3cf29379dbc05bdfa6ad4e81c6bc2c581a0a3ca1,FTM,0.4701317548751831
0x3cf29379dbc05bdfa6ad4e81c6bc2c581a0a3ca1,FXS,0.3728332817554474
0x3cf29379dbc05bdfa6ad4e81c6bc2c581a0a3ca1,GRT,0.4747561812400818
0x3cf29379dbc05bdfa6ad4e81c6bc2c581a0a3ca1,HAI,0.6479954123497009
0x3cf29379dbc05bdfa6ad4e81c6bc2c581a0a3ca1,HERO,0.548468291759491
0x3cf29379dbc05bdfa6ad4e81c6bc2c581a0a3ca1,ICP,0.1841200888156891
0x3cf29379dbc05bdfa6ad4e81c6bc2c581a0a3ca1,IMX,0.5674076676368713
0x3cf29379dbc05bdfa6ad4e81c6bc2c581a0a3ca1,INJ,0.8250261545181274
0x3cf29379dbc05bdfa6ad4e81c6bc2c581a0a3ca1,LDO,0.0
0x3cf29379dbc05bdfa6ad4e81c6bc2c581a0a3ca1,LINK,0.7787008881568909
0x3cf29379dbc05bdfa6ad4e81c6bc2c581a0a3ca1,LTC,0.8018612265586853
0x3cf29379dbc05bdfa6ad4e81c6bc2c581a0a3ca1,MATIC,0.3499490916728973
0x3cf29379dbc05bdfa6ad4e81c6bc2c581a0a3ca1,MAV,0.3218580484390259
0x3cf29379dbc05bdfa6ad4e81c6bc2c581a0a3ca1,MBOX,0.3949330151081085
0x3cf29379dbc05bdfa6ad4e81c6bc2c581a0a3ca1,MKR,0.4862309694290161
0x3cf29379dbc05bdfa6ad4e81c6bc2c581a0a3ca1,MOON,0.3949098289012909
0x3cf29379dbc05bdfa6ad4e81c6bc2c581a0a3ca1,NEAR,0.3604313731193542
0x3cf29379dbc05bdfa6ad4e81c6bc2c581a0a3ca1,OP,0.379353791475296
0x3cf29379dbc05bdfa6ad4e81c6bc2c581a0a3ca1,PENDLE,0.5884122848510742
0x3cf29379dbc05bdfa6ad4e81c6bc2c581a0a3ca1,PEPE,0.2547315955162048
0x3cf29379dbc05bdfa6ad4e81c6bc2c581a0a3ca1,PERP,0.6331043243408203
0x3cf29379dbc05bdfa6ad4e81c6bc2c581a0a3ca1,PIT,0.4749074578285217
0x3cf29379dbc05bdfa6ad4e81c6bc2c581a0a3ca1,POLS,0.3928249180316925
0x3cf29379dbc05bdfa6ad4e81c6bc2c581a0a3ca1,PYTH,0.3003942370414734
0x3cf29379dbc05bdfa6ad4e81c6bc2c581a0a3ca1,QUACK,0.5297027826309204
0x3cf29379dbc05bdfa6ad4e81c6bc2c581a0a3ca1,RDNT,0.2636958956718445
0x3cf29379dbc05bdfa6ad4e81c6bc2c581a0a3ca1,RNDR,0.7066251039505005
0x3cf29379dbc05bdfa6ad4e81c6bc2c581a0a3ca1,RPL,0.4589154124259949
0x3cf29379dbc05bdfa6ad4e81c6bc2c581a0a3ca1,RUNE,0.4435762166976928
0x3cf29379dbc05bdfa6ad4e81c6bc2c581a0a3ca1,SFP,0.7900254130363464
0x3cf29379dbc05bdfa6ad4e81c6bc2c581a0a3ca1,SFUND,0.4162368178367615
0x3cf29379dbc05bdfa6ad4e81c6bc2c581a0a3ca1,SHIB,0.4811697006225586
0x3cf29379dbc05bdfa6ad4e81c6bc2c581a0a3ca1,SOL,0.8711271286010742
0x3cf29379dbc05bdfa6ad4e81c6bc2c581a0a3ca1,STG,0.3404370248317718
0x3cf29379dbc05bdfa6ad4e81c6bc2c581a0a3ca1,SUI,0.2715197801589966
0x3cf29379dbc05bdfa6ad4e81c6bc2c581a0a3ca1,SUSHI,0.4244899749755859
0x3cf29379dbc05bdfa6ad4e81c6bc2c581a0a3ca1,TIA,0.1289758682250976
0x3cf29379dbc05bdfa6ad4e81c6bc2c581a0a3ca1,TOKEN,0.7773592472076416
0x3cf29379dbc05bdfa6ad4e81c6bc2c581a0a3ca1,TRX,0.3908741176128387
0x3cf29379dbc05bdfa6ad4e81c6bc2c581a0a3ca1,UNI,0.0984863266348838
0x3cf29379dbc05bdfa6ad4e81c6bc2c581a0a3ca1,USDT,0.4141188859939575
0x3cf29379dbc05bdfa6ad4e81c6bc2c581a0a3ca1,XLM,0.3094433844089508
0x3cf29379dbc05bdfa6ad4e81c6bc2c581a0a3ca1,XMR,0.9708445072174072
0x3cf29379dbc05bdfa6ad4e81c6bc2c581a0a3ca1,XRP,0.0375561192631721
0x3cf29379dbc05bdfa6ad4e81c6bc2c581a0a3ca1,XTZ,0.2983440160751343
0x3cf29379dbc05bdfa6ad4e81c6bc2c581a0a3ca1,XVS,1.0
0x3cf29379dbc05bdfa6ad4e81c6bc2c581a0a3ca1,YFI,0.3725475072860718
0x3e04d3e08ea54c34f721ac007107fe7a4bd957d5,AAVE,0.49679524
0x3e04d3e08ea54c34f721ac007107fe7a4bd957d5,ADA,0.49778888
0x3e04d3e08ea54c34f721ac007107fe7a4bd957d5,ALGO,0.5188594
0x3e04d3e08ea54c34f721ac007107fe7a4bd957d5,APE,0.5039385
0x3e04d3e08ea54c34f721ac007107fe7a4bd957d5,APT,0.50806403
0x3e04d3e08ea54c34f721ac007107fe7a4bd957d5,ATOM,0.5450401
0x3e04d3e08ea54c34f721ac007107fe7a4bd957d5,AVAX,0.4949115
0x3e04d3e08ea54c34f721ac007107fe7a4bd957d5,AXS,0.52866757
0x3e04d3e08ea54c34f721ac007107fe7a4bd957d5,BAL,0.513455
0x3e04d3e08ea54c34f721ac007107fe7a4bd957d5,BCH,0.51444125
0x3e04d3e08ea54c34f721ac007107fe7a4bd957d5,BLUR,0.43448815
0x3e04d3e08ea54c34f721ac007107fe7a4bd957d5,BNB,0.5225178
0x3e04d3e08ea54c34f721ac007107fe7a4bd957d5,BONK,0.42285788
0x3e04d3e08ea54c34f721ac007107fe7a4bd957d5,BTC,0.5471971
0x3e04d3e08ea54c34f721ac007107fe7a4bd957d5,C98,0.5354995
0x3e04d3e08ea54c34f721ac007107fe7a4bd957d5,CAKE,0.5323529
0x3e04d3e08ea54c34f721ac007107fe7a4bd957d5,COMP,0.5358516
0x3e04d3e08ea54c34f721ac007107fe7a4bd957d5,CRV,0.5260263
0x3e04d3e08ea54c34f721ac007107fe7a4bd957d5,CVX,0.49427474
0x3e04d3e08ea54c34f721ac007107fe7a4bd957d5,DAI,0.5235211
0x3e04d3e08ea54c34f721ac007107fe7a4bd957d5,DAO,0.52537996
0x3e04d3e08ea54c34f721ac007107fe7a4bd957d5,DOGE,0.52059865
0x3e04d3e08ea54c34f721ac007107fe7a4bd957d5,DOT,0.51902014
0x3e04d3e08ea54c34f721ac007107fe7a4bd957d5,DYDX,0.53059757
0x3e04d3e08ea54c34f721ac007107fe7a4bd957d5,EOS,0.52981865
0x3e04d3e08ea54c34f721ac007107fe7a4bd957d5,ETC,0.52346414
0x3e04d3e08ea54c34f721ac007107fe7a4bd957d5,ETH,0.56944734
0x3e04d3e08ea54c34f721ac007107fe7a4bd957d5,FET,0.47774172
0x3e04d3e08ea54c34f721ac007107fe7a4bd957d5,FIL,0.5319404
0x3e04d3e08ea54c34f721ac007107fe7a4bd957d5,FRAX,0.49557614
0x3e04d3e08ea54c34f721ac007107fe7a4bd957d5,FTM,0.49098033
0x3e04d3e08ea54c34f721ac007107fe7a4bd957d5,FXS,0.5073645
0x3e04d3e08ea54c34f721ac007107fe7a4bd957d5,GRT,0.5287179
0x3e04d3e08ea54c34f721ac007107fe7a4bd957d5,HAI,0.5359165
0x3e04d3e08ea54c34f721ac007107fe7a4bd957d5,HERO,0.5595263
0x3e04d3e08ea54c34f721ac007107fe7a4bd957d5,ICP,0.44048843
0x3e04d3e08ea54c34f721ac007107fe7a4bd957d5,IMX,0.47972414
0x3e04d3e08ea54c34f721ac007107fe7a4bd957d5,INJ,0.5230287
0x3e04d3e08ea54c34f721ac007107fe7a4bd957d5,LDO,0.4926288
0x3e04d3e08ea54c34f721ac007107fe7a4bd957d5,LINK,0.5433832
0x3e04d3e08ea54c34f721ac007107fe7a4bd957d5,LTC,0.53155553
0x3e04d3e08ea54c34f721ac007107fe7a4bd957d5,MATIC,0.5374031
0x3e04d3e08ea54c34f721ac007107fe7a4bd957d5,MAV,0.4890231
0x3e04d3e08ea54c34f721ac007107fe7a4bd957d5,MBOX,0.510052
0x3e04d3e08ea54c34f721ac007107fe7a4bd957d5,MKR,0.5322719
0x3e04d3e08ea54c34f721ac007107fe7a4bd957d5,MOON,0.56386393
0x3e04d3e08ea54c34f721ac007107fe7a4bd957d5,NEAR,0.49547583
0x3e04d3e08ea54c34f721ac007107fe7a4bd957d5,OP,0.52176595
0x3e04d3e08ea54c34f721ac007107fe7a4bd957d5,PENDLE,0.48280498
0x3e04d3e08ea54c34f721ac007107fe7a4bd957d5,PEPE,0.4882534
0x3e04d3e08ea54c34f721ac007107fe7a4bd957d5,PERP,0.520367
0x3e04d3e08ea54c34f721ac007107fe7a4bd957d5,PIT,0.50853276
0x3e04d3e08ea54c34f721ac007107fe7a4bd957d5,POLS,0.517481
0x3e04d3e08ea54c34f721ac007107fe7a4bd957d5,PYTH,0.4942599
0x3e04d3e08ea54c34f721ac007107fe7a4bd957d5,QUACK,0.52529186
0x3e04d3e08ea54c34f721ac007107fe7a4bd957d5,RDNT,0.5090407
0x3e04d3e08ea54c34f721ac007107fe7a4bd957d5,RNDR,0.5306952
0x3e04d3e08ea54c34f721ac007107fe7a4bd957d5,RPL,0.45298713
0x3e04d3e08ea54c34f721ac007107fe7a4bd957d5,RUNE,0.46834844
0x3e04d3e08ea54c34f721ac007107fe7a4bd957d5,SFP,0.47371098
0x3e04d3e08ea54c34f721ac007107fe7a4bd957d5,SFUND,0.53519267
0x3e04d3e08ea54c34f721ac007107fe7a4bd957d5,SHIB,0.5392128
0x3e04d3e08ea54c34f721ac007107fe7a4bd957d5,SOL,0.5299571
0x3e04d3e08ea54c34f721ac007107fe7a4bd957d5,STG,0.49972078
0x3e04d3e08ea54c34f721ac007107fe7a4bd957d5,SUI,0.49461374
0x3e04d3e08ea54c34f721ac007107fe7a4bd957d5,SUSHI,0.53251487
0x3e04d3e08ea54c34f721ac007107fe7a4bd957d5,TIA,0.42892662
0x3e04d3e08ea54c34f721ac007107fe7a4bd957d5,TOKEN,0.4846818
0x3e04d3e08ea54c34f721ac007107fe7a4bd957d5,TRX,0.5191088
0x3e04d3e08ea54c34f721ac007107fe7a4bd957d5,UNI,0.5439669
0x3e04d3e08ea54c34f721ac007107fe7a4bd957d5,USDT,0.4999658
0x3e04d3e08ea54c34f721ac007107fe7a4bd957d5,XLM,0.5100451
0x3e04d3e08ea54c34f721ac007107fe7a4bd957d5,XMR,0.5064829
0x3e04d3e08ea54c34f721ac007107fe7a4bd957d5,XRP,0.49734223
0x3e04d3e08ea54c34f721ac007107fe7a4bd957d5,XTZ,0.5227669
0x3e04d3e08ea54c34f721ac007107fe7a4bd957d5,XVS,0.4566918
0x3e04d3e08ea54c34f721ac007107fe7a4bd957d5,YFI,0.5150688
0x3ebab08d24031caa95c4290b28f66e71bbe418e5,AAVE,0.5170303275204006
0x3ebab08d24031caa95c4290b28f66e71bbe418e5,ADA,0.4797717784300135
0x3ebab08d24031caa95c4290b28f66e71bbe418e5,ALGO,0.4781802731756056
0x3ebab08d24031caa95c4290b28f66e71bbe418e5,APE,0.5510637876861075
0x3ebab08d24031caa95c4290b28f66e71bbe418e5,APT,0.5191903332436083
0x3ebab08d24031caa95c4290b28f66e71bbe418e5,ATOM,0.5244260969827116
0x3ebab08d24031caa95c4290b28f66e71bbe418e5,AVAX,0.4528409560932543
0x3ebab08d24031caa95c4290b28f66e71bbe418e5,AXS,0.5178969422176494
0x3ebab08d24031caa95c4290b28f66e71bbe418e5,BAL,0.5404620977248172
0x3ebab08d24031caa95c4290b28f66e71bbe418e5,BCH,0.5140101527034272
0x3ebab08d24031caa95c4290b28f66e71bbe418e5,BLUR,0.4716179723703982
0x3ebab08d24031caa95c4290b28f66e71bbe418e5,BNB,0.5638710956739168
0x3ebab08d24031caa95c4290b28f66e71bbe418e5,BONK,0.4085916916845247
0x3ebab08d24031caa95c4290b28f66e71bbe418e5,BTC,0.65929584746544
0x3ebab08d24031caa95c4290b28f66e71bbe418e5,C98,0.5441817687761563
0x3ebab08d24031caa95c4290b28f66e71bbe418e5,CAKE,0.5482133117632652
0x3ebab08d24031caa95c4290b28f66e71bbe418e5,COMP,0.5337260165231382
0x3ebab08d24031caa95c4290b28f66e71bbe418e5,CRV,0.5300717155981775
0x3ebab08d24031caa95c4290b28f66e71bbe418e5,CVX,0.5021943627667116
0x3ebab08d24031caa95c4290b28f66e71bbe418e5,DAI,0.6119711971456009
0x3ebab08d24031caa95c4290b28f66e71bbe418e5,DAO,0.5757179366468986
0x3ebab08d24031caa95c4290b28f66e71bbe418e5,DOGE,0.5133590938396565
0x3ebab08d24031caa95c4290b28f66e71bbe418e5,DOT,0.5468058984302686
0x3ebab08d24031caa95c4290b28f66e71bbe418e5,DYDX,0.5402514415710239
0x3ebab08d24031caa95c4290b28f66e71bbe418e5,EOS,0.5455503650196042
0x3ebab08d24031caa95c4290b28f66e71bbe418e5,ETC,0.5611393179151007
0x3ebab08d24031caa95c4290b28f66e71bbe418e5,ETH,0.554098345708038
0x3ebab08d24031caa95c4290b28f66e71bbe418e5,FET,0.5089685091471711
0x3ebab08d24031caa95c4290b28f66e71bbe418e5,FIL,0.4903453337530707
0x3ebab08d24031caa95c4290b28f66e71bbe418e5,FRAX,0.5623717710281486
0x3ebab08d24031caa95c4290b28f66e71bbe418e5,FTM,0.5103116364161062
0x3ebab08d24031caa95c4290b28f66e71bbe418e5,FXS,0.5449356258536724
0x3ebab08d24031caa95c4290b28f66e71bbe418e5,GRT,0.5350279962602111
0x3ebab08d24031caa95c4290b28f66e71bbe418e5,HAI,0.5632790122073003
0x3ebab08d24031caa95c4290b28f66e71bbe418e5,HERO,0.544376429229378
0x3ebab08d24031caa95c4290b28f66e71bbe418e5,ICP,0.4650418307065251
0x3ebab08d24031caa95c4290b28f66e71bbe418e5,IMX,0.5034383343838664
0x3ebab08d24031caa95c4290b28f66e71bbe418e5,INJ,0.5691551821838317
0x3ebab08d24031caa95c4290b28f66e71bbe418e5,LDO,0.4740134856652979
0x3ebab08d24031caa95c4290b28f66e71bbe418e5,LINK,0.5715056480252902
0x3ebab08d24031caa95c4290b28f66e71bbe418e5,LTC,0.5349513474378013
0x3ebab08d24031caa95c4290b28f66e71bbe418e5,MATIC,0.5467372102304257
0x3ebab08d24031caa95c4290b28f66e71bbe418e5,MAV,0.4827260865221934
0x3ebab08d24031caa95c4290b28f66e71bbe418e5,MBOX,0.4899550386656756
0x3ebab08d24031caa95c4290b28f66e71bbe418e5,MKR,0.5001815763072353
0x3ebab08d24031caa95c4290b28f66e71bbe418e5,MOON,0.600174874459359
0x3ebab08d24031caa95c4290b28f66e71bbe418e5,NEAR,0.4993982514297262
0x3ebab08d24031caa95c4290b28f66e71bbe418e5,OP,0.5279433541583648
0x3ebab08d24031caa95c4290b28f66e71bbe418e5,PENDLE,0.4597019308131796
0x3ebab08d24031caa95c4290b28f66e71bbe418e5,PEPE,0.5277730141237118
0x3ebab08d24031caa95c4290b28f66e71bbe418e5,PERP,0.5309384721128629
0x3ebab08d24031caa95c4290b28f66e71bbe418e5,PIT,0.5385894284282432
0x3ebab08d24031caa95c4290b28f66e71bbe418e5,POLS,0.5308347153911914
0x3ebab08d24031caa95c4290b28f66e71bbe418e5,PYTH,0.479560509504934
0x3ebab08d24031caa95c4290b28f66e71bbe418e5,QUACK,0.5395494428344166
0x3ebab08d24031caa95c4290b28f66e71bbe418e5,RDNT,0.4948336998542407
0x3ebab08d24031caa95c4290b28f66e71bbe418e5,RNDR,0.5361878325107697
0x3ebab08d24031caa95c4290b28f66e71bbe418e5,RPL,0.4952783974533957
0x3ebab08d24031caa95c4290b28f66e71bbe418e5,RUNE,0.4649790998905236
0x3ebab08d24031caa95c4290b28f66e71bbe418e5,SFP,0.4454911073222865
0x3ebab08d24031caa95c4290b28f66e71bbe418e5,SFUND,0.5553832797772993
0x3ebab08d24031caa95c4290b28f66e71bbe418e5,SHIB,0.5510485252351229
0x3ebab08d24031caa95c4290b28f66e71bbe418e5,SOL,0.5214293092741801
0x3ebab08d24031caa95c4290b28f66e71bbe418e5,STG,0.5021643277590461
0x3ebab08d24031caa95c4290b28f66e71bbe418e5,SUI,0.4719797831444085
0x3ebab08d24031caa95c4290b28f66e71bbe418e5,SUSHI,0.5311832277222729
0x3ebab08d24031caa95c4290b28f66e71bbe418e5,TIA,0.4619004626269631
0x3ebab08d24031caa95c4290b28f66e71bbe418e5,TOKEN,0.4571391494781752
0x3ebab08d24031caa95c4290b28f66e71bbe418e5,TRX,0.4594361625627643
0x3ebab08d24031caa95c4290b28f66e71bbe418e5,UNI,0.5130368056868718
0x3ebab08d24031caa95c4290b28f66e71bbe418e5,USDT,0.5725140338669272
0x3ebab08d24031caa95c4290b28f66e71bbe418e5,XLM,0.5404234617760545
0x3ebab08d24031caa95c4290b28f66e71bbe418e5,XMR,0.546739069645422
0x3ebab08d24031caa95c4290b28f66e71bbe418e5,XRP,0.4683269213053985
0x3ebab08d24031caa95c4290b28f66e71bbe418e5,XTZ,0.5369355761133443
0x3ebab08d24031caa95c4290b28f66e71bbe418e5,XVS,0.4907065865398786
0x3ebab08d24031caa95c4290b28f66e71bbe418e5,YFI,0.5049452207187519
0x427ae6048c7d2ded45a07ea46f2873d0f9dddb35,AAVE,0.5070483675023988
0x427ae6048c7d2ded45a07ea46f2873d0f9dddb35,ADA,0.4858364267239781
0x427ae6048c7d2ded45a07ea46f2873d0f9dddb35,ALGO,0.5320278178444006
0x427ae6048c7d2ded45a07ea46f2873d0f9dddb35,APE,0.5038195581042019
0x427ae6048c7d2ded45a07ea46f2873d0f9dddb35,APT,0.5117137252618794
0x427ae6048c7d2ded45a07ea46f2873d0f9dddb35,ATOM,0.5330169017584041
0x427ae6048c7d2ded45a07ea46f2873d0f9dddb35,AVAX,0.4484155133383358
0x427ae6048c7d2ded45a07ea46f2873d0f9dddb35,AXS,0.4846907504031788
0x427ae6048c7d2ded45a07ea46f2873d0f9dddb35,BAL,0.5341028861157908
0x427ae6048c7d2ded45a07ea46f2873d0f9dddb35,BCH,0.4968184189720093
0x427ae6048c7d2ded45a07ea46f2873d0f9dddb35,BLUR,0.4947998575553247
0x427ae6048c7d2ded45a07ea46f2873d0f9dddb35,BNB,0.5056881193434696
0x427ae6048c7d2ded45a07ea46f2873d0f9dddb35,BONK,0.4192636779331217
0x427ae6048c7d2ded45a07ea46f2873d0f9dddb35,BTC,0.5301957809410877
0x427ae6048c7d2ded45a07ea46f2873d0f9dddb35,C98,0.5052690643288
0x427ae6048c7d2ded45a07ea46f2873d0f9dddb35,CAKE,0.5239751684621243
0x427ae6048c7d2ded45a07ea46f2873d0f9dddb35,COMP,0.5224872137424813
0x427ae6048c7d2ded45a07ea46f2873d0f9dddb35,CRV,0.5157793342016134
0x427ae6048c7d2ded45a07ea46f2873d0f9dddb35,CVX,0.4939467844792124
0x427ae6048c7d2ded45a07ea46f2873d0f9dddb35,DAI,0.5500159898855307
0x427ae6048c7d2ded45a07ea46f2873d0f9dddb35,DAO,0.5161689020607052
0x427ae6048c7d2ded45a07ea46f2873d0f9dddb35,DOGE,0.4843508090977378
0x427ae6048c7d2ded45a07ea46f2873d0f9dddb35,DOT,0.5141036417299408
0x427ae6048c7d2ded45a07ea46f2873d0f9dddb35,DYDX,0.5607246817827158
0x427ae6048c7d2ded45a07ea46f2873d0f9dddb35,EOS,0.5193513086245519
0x427ae6048c7d2ded45a07ea46f2873d0f9dddb35,ETC,0.5199942762792881
0x427ae6048c7d2ded45a07ea46f2873d0f9dddb35,ETH,0.5581376517931528
0x427ae6048c7d2ded45a07ea46f2873d0f9dddb35,FET,0.4863300249259248
0x427ae6048c7d2ded45a07ea46f2873d0f9dddb35,FIL,0.514822071934761
0x427ae6048c7d2ded45a07ea46f2873d0f9dddb35,FRAX,0.5486897752349814
0x427ae6048c7d2ded45a07ea46f2873d0f9dddb35,FTM,0.4739931186710506
0x427ae6048c7d2ded45a07ea46f2873d0f9dddb35,FXS,0.5106774073407383
0x427ae6048c7d2ded45a07ea46f2873d0f9dddb35,GRT,0.5333833491257891
0x427ae6048c7d2ded45a07ea46f2873d0f9dddb35,HAI,0.5365658523529944
0x427ae6048c7d2ded45a07ea46f2873d0f9dddb35,HERO,0.5328315849117629
0x427ae6048c7d2ded45a07ea46f2873d0f9dddb35,ICP,0.4372441669640241
0x427ae6048c7d2ded45a07ea46f2873d0f9dddb35,IMX,0.503298899848625
0x427ae6048c7d2ded45a07ea46f2873d0f9dddb35,INJ,0.500162186255164
0x427ae6048c7d2ded45a07ea46f2873d0f9dddb35,LDO,0.496715674006937
0x427ae6048c7d2ded45a07ea46f2873d0f9dddb35,LINK,0.5143972321061957
0x427ae6048c7d2ded45a07ea46f2873d0f9dddb35,LTC,0.5308375670127519
0x427ae6048c7d2ded45a07ea46f2873d0f9dddb35,MATIC,0.5050679936255624
0x427ae6048c7d2ded45a07ea46f2873d0f9dddb35,MAV,0.4929540567769118
0x427ae6048c7d2ded45a07ea46f2873d0f9dddb35,MBOX,0.4888133897626467
0x427ae6048c7d2ded45a07ea46f2873d0f9dddb35,MKR,0.5146037157825077
0x427ae6048c7d2ded45a07ea46f2873d0f9dddb35,MOON,0.5187958640323598
0x427ae6048c7d2ded45a07ea46f2873d0f9dddb35,NEAR,0.518040073825025
0x427ae6048c7d2ded45a07ea46f2873d0f9dddb35,OP,0.5313780969497945
0x427ae6048c7d2ded45a07ea46f2873d0f9dddb35,PENDLE,0.5380794318351577
0x427ae6048c7d2ded45a07ea46f2873d0f9dddb35,PEPE,0.4230910984868426
0x427ae6048c7d2ded45a07ea46f2873d0f9dddb35,PERP,0.5085864031232472
0x427ae6048c7d2ded45a07ea46f2873d0f9dddb35,PIT,0.4696566782797072
0x427ae6048c7d2ded45a07ea46f2873d0f9dddb35,POLS,0.5074473108018684
0x427ae6048c7d2ded45a07ea46f2873d0f9dddb35,PYTH,0.4805074177220223
0x427ae6048c7d2ded45a07ea46f2873d0f9dddb35,QUACK,0.5139602019444375
0x427ae6048c7d2ded45a07ea46f2873d0f9dddb35,RDNT,0.5133027316523903
0x427ae6048c7d2ded45a07ea46f2873d0f9dddb35,RNDR,0.4565500363700931
0x427ae6048c7d2ded45a07ea46f2873d0f9dddb35,RPL,0.4902601222314539
0x427ae6048c7d2ded45a07ea46f2873d0f9dddb35,RUNE,0.4838210881505382
0x427ae6048c7d2ded45a07ea46f2873d0f9dddb35,SFP,0.4820857636250022
0x427ae6048c7d2ded45a07ea46f2873d0f9dddb35,SFUND,0.5116709892463417
0x427ae6048c7d2ded45a07ea46f2873d0f9dddb35,SHIB,0.5856882484904553
0x427ae6048c7d2ded45a07ea46f2873d0f9dddb35,SOL,0.4984743880715545
0x427ae6048c7d2ded45a07ea46f2873d0f9dddb35,STG,0.4801020794188871
0x427ae6048c7d2ded45a07ea46f2873d0f9dddb35,SUI,0.5131723698194267
0x427ae6048c7d2ded45a07ea46f2873d0f9dddb35,SUSHI,0.523581962467903
0x427ae6048c7d2ded45a07ea46f2873d0f9dddb35,TIA,0.448047121769724
0x427ae6048c7d2ded45a07ea46f2873d0f9dddb35,TOKEN,0.4999576638458112
0x427ae6048c7d2ded45a07ea46f2873d0f9dddb35,TRX,0.4670577277338534
0x427ae6048c7d2ded45a07ea46f2873d0f9dddb35,UNI,0.5277141840761251
0x427ae6048c7d2ded45a07ea46f2873d0f9dddb35,USDT,0.5352509669302901
0x427ae6048c7d2ded45a07ea46f2873d0f9dddb35,XLM,0.4878019562484758
0x427ae6048c7d2ded45a07ea46f2873d0f9dddb35,XMR,0.5098634136926794
0x427ae6048c7d2ded45a07ea46f2873d0f9dddb35,XRP,0.4405701311267631
0x427ae6048c7d2ded45a07ea46f2873d0f9dddb35,XTZ,0.5474948264251239
0x427ae6048c7d2ded45a07ea46f2873d0f9dddb35,XVS,0.4924837876325593
0x427ae6048c7d2ded45a07ea46f2873d0f9dddb35,YFI,0.5355386048503407
0x43af3c47d12d940eef4d4ff380bad2edd905f951,AAVE,0.4222601
0x43af3c47d12d940eef4d4ff380bad2edd905f951,ADA,0.46482533
0x43af3c47d12d940eef4d4ff380bad2edd905f951,ALGO,0.47912914
0x43af3c47d12d940eef4d4ff380bad2edd905f951,APE,0.49203482
0x43af3c47d12d940eef4d4ff380bad2edd905f951,APT,0.47986037
0x43af3c47d12d940eef4d4ff380bad2edd905f951,ATOM,0.5448379
0x43af3c47d12d940eef4d4ff380bad2edd905f951,AVAX,0.47729778
0x43af3c47d12d940eef4d4ff380bad2edd905f951,AXS,0.48969576
0x43af3c47d12d940eef4d4ff380bad2edd905f951,BAL,0.50914204
0x43af3c47d12d940eef4d4ff380bad2edd905f951,BCH,0.48477033
0x43af3c47d12d940eef4d4ff380bad2edd905f951,BLUR,0.42727742
0x43af3c47d12d940eef4d4ff380bad2edd905f951,BNB,0.52149147
0x43af3c47d12d940eef4d4ff380bad2edd905f951,BONK,0.3466814
0x43af3c47d12d940eef4d4ff380bad2edd905f951,BTC,0.55215997
0x43af3c47d12d940eef4d4ff380bad2edd905f951,C98,0.51847875
0x43af3c47d12d940eef4d4ff380bad2edd905f951,CAKE,0.5151877
0x43af3c47d12d940eef4d4ff380bad2edd905f951,COMP,0.52435184
0x43af3c47d12d940eef4d4ff380bad2edd905f951,CRV,0.5726832
0x43af3c47d12d940eef4d4ff380bad2edd905f951,CVX,0.4958889
0x43af3c47d12d940eef4d4ff380bad2edd905f951,DAI,0.49498415
0x43af3c47d12d940eef4d4ff380bad2edd905f951,DAO,0.5145184
0x43af3c47d12d940eef4d4ff380bad2edd905f951,DOGE,0.4365314
0x43af3c47d12d940eef4d4ff380bad2edd905f951,DOT,0.50947535
0x43af3c47d12d940eef4d4ff380bad2edd905f951,DYDX,0.52928376
0x43af3c47d12d940eef4d4ff380bad2edd905f951,EOS,0.49064222
0x43af3c47d12d940eef4d4ff380bad2edd905f951,ETC,0.5577657
0x43af3c47d12d940eef4d4ff380bad2edd905f951,ETH,0.53807944
0x43af3c47d12d940eef4d4ff380bad2edd905f951,FET,0.4403675
0x43af3c47d12d940eef4d4ff380bad2edd905f951,FIL,0.5003688
0x43af3c47d12d940eef4d4ff380bad2edd905f951,FRAX,0.5665038
0x43af3c47d12d940eef4d4ff380bad2edd905f951,FTM,0.4557542
0x43af3c47d12d940eef4d4ff380bad2edd905f951,FXS,0.46262497
0x43af3c47d12d940eef4d4ff380bad2edd905f951,GRT,0.5204812
0x43af3c47d12d940eef4d4ff380bad2edd905f951,HAI,0.53674465
0x43af3c47d12d940eef4d4ff380bad2edd905f951,HERO,0.4905108
0x43af3c47d12d940eef4d4ff380bad2edd905f951,ICP,0.44268903
0x43af3c47d12d940eef4d4ff380bad2edd905f951,IMX,0.47644922
0x43af3c47d12d940eef4d4ff380bad2edd905f951,INJ,0.43404585
0x43af3c47d12d940eef4d4ff380bad2edd905f951,LDO,0.46174833
0x43af3c47d12d940eef4d4ff380bad2edd905f951,LINK,0.53260565
0x43af3c47d12d940eef4d4ff380bad2edd905f951,LTC,0.52772164
0x43af3c47d12d940eef4d4ff380bad2edd905f951,MATIC,0.5171922
0x43af3c47d12d940eef4d4ff380bad2edd905f951,MAV,0.482566
0x43af3c47d12d940eef4d4ff380bad2edd905f951,MBOX,0.46740487
0x43af3c47d12d940eef4d4ff380bad2edd905f951,MKR,0.4418629
0x43af3c47d12d940eef4d4ff380bad2edd905f951,MOON,0.5077887
0x43af3c47d12d940eef4d4ff380bad2edd905f951,NEAR,0.45147082
0x43af3c47d12d940eef4d4ff380bad2edd905f951,OP,0.46654433
0x43af3c47d12d940eef4d4ff380bad2edd905f951,PENDLE,0.48010004
0x43af3c47d12d940eef4d4ff380bad2edd905f951,PEPE,0.31294695
0x43af3c47d12d940eef4d4ff380bad2edd905f951,PERP,0.4536399
0x43af3c47d12d940eef4d4ff380bad2edd905f951,PIT,0.4508209
0x43af3c47d12d940eef4d4ff380bad2edd905f951,POLS,0.46696162
0x43af3c47d12d940eef4d4ff380bad2edd905f951,PYTH,0.45123264
0x43af3c47d12d940eef4d4ff380bad2edd905f951,QUACK,0.5285887
0x43af3c47d12d940eef4d4ff380bad2edd905f951,RDNT,0.48973334
0x43af3c47d12d940eef4d4ff380bad2edd905f951,RNDR,0.48850176
0x43af3c47d12d940eef4d4ff380bad2edd905f951,RPL,0.4798193
0x43af3c47d12d940eef4d4ff380bad2edd905f951,RUNE,0.43947938
0x43af3c47d12d940eef4d4ff380bad2edd905f951,SFP,0.52301645
0x43af3c47d12d940eef4d4ff380bad2edd905f951,SFUND,0.49214393
0x43af3c47d12d940eef4d4ff380bad2edd905f951,SHIB,0.5106319
0x43af3c47d12d940eef4d4ff380bad2edd905f951,SOL,0.43758404
0x43af3c47d12d940eef4d4ff380bad2edd905f951,STG,0.4810665
0x43af3c47d12d940eef4d4ff380bad2edd905f951,SUI,0.45668012
0x43af3c47d12d940eef4d4ff380bad2edd905f951,SUSHI,0.51371163
0x43af3c47d12d940eef4d4ff380bad2edd905f951,TIA,0.4068011
0x43af3c47d12d940eef4d4ff380bad2edd905f951,TOKEN,0.4250013
0x43af3c47d12d940eef4d4ff380bad2edd905f951,TRX,0.5531888
0x43af3c47d12d940eef4d4ff380bad2edd905f951,UNI,0.51117396
0x43af3c47d12d940eef4d4ff380bad2edd905f951,USDT,0.52905405
0x43af3c47d12d940eef4d4ff380bad2edd905f951,XLM,0.479766
0x43af3c47d12d940eef4d4ff380bad2edd905f951,XMR,0.49780238
0x43af3c47d12d940eef4d4ff380bad2edd905f951,XRP,0.4142299
0x43af3c47d12d940eef4d4ff380bad2edd905f951,XTZ,0.5103372
0x43af3c47d12d940eef4d4ff380bad2edd905f951,XVS,0.4575646
0x43af3c47d12d940eef4d4ff380bad2edd905f951,YFI,0.48281327
0x49451c6af70feef6ef29b8c78bc17d4bdaf9fdaa,AAVE,0.46295238
0x49451c6af70feef6ef29b8c78bc17d4bdaf9fdaa,ADA,0.42289558
0x49451c6af70feef6ef29b8c78bc17d4bdaf9fdaa,ALGO,0.5034348
0x49451c6af70feef6ef29b8c78bc17d4bdaf9fdaa,APE,0.4906937
0x49451c6af70feef6ef29b8c78bc17d4bdaf9fdaa,APT,0.54957545
0x49451c6af70feef6ef29b8c78bc17d4bdaf9fdaa,ATOM,0.54208493
0x49451c6af70feef6ef29b8c78bc17d4bdaf9fdaa,AVAX,0.5649575
0x49451c6af70feef6ef29b8c78bc17d4bdaf9fdaa,AXS,0.48607445
0x49451c6af70feef6ef29b8c78bc17d4bdaf9fdaa,BAL,0.49976835
0x49451c6af70feef6ef29b8c78bc17d4bdaf9fdaa,BCH,0.5518382
0x49451c6af70feef6ef29b8c78bc17d4bdaf9fdaa,BLUR,0.5108761
0x49451c6af70feef6ef29b8c78bc17d4bdaf9fdaa,BNB,0.55811244
0x49451c6af70feef6ef29b8c78bc17d4bdaf9fdaa,BONK,0.5243541
0x49451c6af70feef6ef29b8c78bc17d4bdaf9fdaa,BTC,0.5875924
0x49451c6af70feef6ef29b8c78bc17d4bdaf9fdaa,C98,0.5162005
0x49451c6af70feef6ef29b8c78bc17d4bdaf9fdaa,CAKE,0.49215612
0x49451c6af70feef6ef29b8c78bc17d4bdaf9fdaa,COMP,0.57062757
0x49451c6af70feef6ef29b8c78bc17d4bdaf9fdaa,CRV,0.55802304
0x49451c6af70feef6ef29b8c78bc17d4bdaf9fdaa,CVX,0.58244425
0x49451c6af70feef6ef29b8c78bc17d4bdaf9fdaa,DAI,0.59418863
0x49451c6af70feef6ef29b8c78bc17d4bdaf9fdaa,DAO,0.5514692
0x49451c6af70feef6ef29b8c78bc17d4bdaf9fdaa,DOGE,0.4920069
0x49451c6af70feef6ef29b8c78bc17d4bdaf9fdaa,DOT,0.508246
0x49451c6af70feef6ef29b8c78bc17d4bdaf9fdaa,DYDX,0.46977
0x49451c6af70feef6ef29b8c78bc17d4bdaf9fdaa,EOS,0.46860024
0x49451c6af70feef6ef29b8c78bc17d4bdaf9fdaa,ETC,0.6145976
0x49451c6af70feef6ef29b8c78bc17d4bdaf9fdaa,ETH,0.5532301
0x49451c6af70feef6ef29b8c78bc17d4bdaf9fdaa,FET,0.48917466
0x49451c6af70feef6ef29b8c78bc17d4bdaf9fdaa,FIL,0.51438695
0x49451c6af70feef6ef29b8c78bc17d4bdaf9fdaa,FRAX,0.57282716
0x49451c6af70feef6ef29b8c78bc17d4bdaf9fdaa,FTM,0.5358604
0x49451c6af70feef6ef29b8c78bc17d4bdaf9fdaa,FXS,0.5405884
0x49451c6af70feef6ef29b8c78bc17d4bdaf9fdaa,GRT,0.50897616
0x49451c6af70feef6ef29b8c78bc17d4bdaf9fdaa,HAI,0.5285239
0x49451c6af70feef6ef29b8c78bc17d4bdaf9fdaa,HERO,0.45893973
0x49451c6af70feef6ef29b8c78bc17d4bdaf9fdaa,ICP,0.4643536
0x49451c6af70feef6ef29b8c78bc17d4bdaf9fdaa,IMX,0.5023733
0x49451c6af70feef6ef29b8c78bc17d4bdaf9fdaa,INJ,0.46771595
0x49451c6af70feef6ef29b8c78bc17d4bdaf9fdaa,LDO,0.46518013
0x49451c6af70feef6ef29b8c78bc17d4bdaf9fdaa,LINK,0.5162139
0x49451c6af70feef6ef29b8c78bc17d4bdaf9fdaa,LTC,0.5636599
0x49451c6af70feef6ef29b8c78bc17d4bdaf9fdaa,MATIC,0.49754497
0x49451c6af70feef6ef29b8c78bc17d4bdaf9fdaa,MAV,0.4463543
0x49451c6af70feef6ef29b8c78bc17d4bdaf9fdaa,MBOX,0.5040918
0x49451c6af70feef6ef29b8c78bc17d4bdaf9fdaa,MKR,0.535794
0x49451c6af70feef6ef29b8c78bc17d4bdaf9fdaa,MOON,0.5009333
0x49451c6af70feef6ef29b8c78bc17d4bdaf9fdaa,NEAR,0.5846626
0x49451c6af70feef6ef29b8c78bc17d4bdaf9fdaa,OP,0.4859444
0x49451c6af70feef6ef29b8c78bc17d4bdaf9fdaa,PENDLE,0.46350518
0x49451c6af70feef6ef29b8c78bc17d4bdaf9fdaa,PEPE,0.5000475
0x49451c6af70feef6ef29b8c78bc17d4bdaf9fdaa,PERP,0.5032012
0x49451c6af70feef6ef29b8c78bc17d4bdaf9fdaa,PIT,0.5413113
0x49451c6af70feef6ef29b8c78bc17d4bdaf9fdaa,POLS,0.40888277
0x49451c6af70feef6ef29b8c78bc17d4bdaf9fdaa,PYTH,0.46895617
0x49451c6af70feef6ef29b8c78bc17d4bdaf9fdaa,QUACK,0.4685257
0x49451c6af70feef6ef29b8c78bc17d4bdaf9fdaa,RDNT,0.5126088
0x49451c6af70feef6ef29b8c78bc17d4bdaf9fdaa,RNDR,0.53395516
0x49451c6af70feef6ef29b8c78bc17d4bdaf9fdaa,RPL,0.41334957
0x49451c6af70feef6ef29b8c78bc17d4bdaf9fdaa,RUNE,0.5292237
0x49451c6af70feef6ef29b8c78bc17d4bdaf9fdaa,SFP,0.5237095
0x49451c6af70feef6ef29b8c78bc17d4bdaf9fdaa,SFUND,0.48910353
0x49451c6af70feef6ef29b8c78bc17d4bdaf9fdaa,SHIB,0.52491397
0x49451c6af70feef6ef29b8c78bc17d4bdaf9fdaa,SOL,0.5342734
0x49451c6af70feef6ef29b8c78bc17d4bdaf9fdaa,STG,0.4561325
0x49451c6af70feef6ef29b8c78bc17d4bdaf9fdaa,SUI,0.44376317
0x49451c6af70feef6ef29b8c78bc17d4bdaf9fdaa,SUSHI,0.49791464
0x49451c6af70feef6ef29b8c78bc17d4bdaf9fdaa,TIA,0.5049111
0x49451c6af70feef6ef29b8c78bc17d4bdaf9fdaa,TOKEN,0.4397371
0x49451c6af70feef6ef29b8c78bc17d4bdaf9fdaa,TRX,0.57338727
0x49451c6af70feef6ef29b8c78bc17d4bdaf9fdaa,UNI,0.50299037
0x49451c6af70feef6ef29b8c78bc17d4bdaf9fdaa,USDT,0.6808468
0x49451c6af70feef6ef29b8c78bc17d4bdaf9fdaa,XLM,0.4126843
0x49451c6af70feef6ef29b8c78bc17d4bdaf9fdaa,XMR,0.54479784
0x49451c6af70feef6ef29b8c78bc17d4bdaf9fdaa,XRP,0.53248715
0x49451c6af70feef6ef29b8c78bc17d4bdaf9fdaa,XTZ,0.52784294
0x49451c6af70feef6ef29b8c78bc17d4bdaf9fdaa,XVS,0.48274344
0x49451c6af70feef6ef29b8c78bc17d4bdaf9fdaa,YFI,0.59009093
0x49aa5f121f20c02e73cd59e26460b4642c275abd,AAVE,0.4830148216576804
0x49aa5f121f20c02e73cd59e26460b4642c275abd,ADA,0.4975844065867473
0x49aa5f121f20c02e73cd59e26460b4642c275abd,ALGO,0.5393749045554322
0x49aa5f121f20c02e73cd59e26460b4642c275abd,APE,0.5399426093484287
0x49aa5f121f20c02e73cd59e26460b4642c275abd,APT,0.5091069452369114
0x49aa5f121f20c02e73cd59e26460b4642c275abd,ATOM,0.539486303559365
0x49aa5f121f20c02e73cd59e26460b4642c275abd,AVAX,0.4941314359546279
0x49aa5f121f20c02e73cd59e26460b4642c275abd,AXS,0.5245901723482754
0x49aa5f121f20c02e73cd59e26460b4642c275abd,BAL,0.5273083464648141
0x49aa5f121f20c02e73cd59e26460b4642c275abd,BCH,0.5155191603001864
0x49aa5f121f20c02e73cd59e26460b4642c275abd,BLUR,0.4512901999652714
0x49aa5f121f20c02e73cd59e26460b4642c275abd,BNB,0.5757060113776187
0x49aa5f121f20c02e73cd59e26460b4642c275abd,BONK,0.4463286498080319
0x49aa5f121f20c02e73cd59e26460b4642c275abd,BTC,0.5769709900184844
0x49aa5f121f20c02e73cd59e26460b4642c275abd,C98,0.5461550782645654
0x49aa5f121f20c02e73cd59e26460b4642c275abd,CAKE,0.5487422349284564
0x49aa5f121f20c02e73cd59e26460b4642c275abd,COMP,0.5355138772703603
0x49aa5f121f20c02e73cd59e26460b4642c275abd,CRV,0.5372230828342938
0x49aa5f121f20c02e73cd59e26460b4642c275abd,CVX,0.4722363339359451
0x49aa5f121f20c02e73cd59e26460b4642c275abd,DAI,0.5167074873813104
0x49aa5f121f20c02e73cd59e26460b4642c275abd,DAO,0.5547406402230993
0x49aa5f121f20c02e73cd59e26460b4642c275abd,DOGE,0.4961326817346176
0x49aa5f121f20c02e73cd59e26460b4642c275abd,DOT,0.5250906143139918
0x49aa5f121f20c02e73cd59e26460b4642c275abd,DYDX,0.5338172731841199
0x49aa5f121f20c02e73cd59e26460b4642c275abd,EOS,0.5417098071251887
0x49aa5f121f20c02e73cd59e26460b4642c275abd,ETC,0.5462552363545542
0x49aa5f121f20c02e73cd59e26460b4642c275abd,ETH,0.5692992968960948
0x49aa5f121f20c02e73cd59e26460b4642c275abd,FET,0.5012939649803883
0x49aa5f121f20c02e73cd59e26460b4642c275abd,FIL,0.5373552580609562
0x49aa5f121f20c02e73cd59e26460b4642c275abd,FRAX,0.5123496223384182
0x49aa5f121f20c02e73cd59e26460b4642c275abd,FTM,0.5067262449987631
0x49aa5f121f20c02e73cd59e26460b4642c275abd,FXS,0.5158985556160194
0x49aa5f121f20c02e73cd59e26460b4642c275abd,GRT,0.5210624933811321
0x49aa5f121f20c02e73cd59e26460b4642c275abd,HAI,0.543476180693206
0x49aa5f121f20c02e73cd59e26460b4642c275abd,HERO,0.5515641941738
0x49aa5f121f20c02e73cd59e26460b4642c275abd,ICP,0.4404238095518938
0x49aa5f121f20c02e73cd59e26460b4642c275abd,IMX,0.5039929562015389
0x49aa5f121f20c02e73cd59e26460b4642c275abd,INJ,0.5430363749396565
0x49aa5f121f20c02e73cd59e26460b4642c275abd,LDO,0.4927947712349357
0x49aa5f121f20c02e73cd59e26460b4642c275abd,LINK,0.5322666604607011
0x49aa5f121f20c02e73cd59e26460b4642c275abd,LTC,0.5524582624796709
0x49aa5f121f20c02e73cd59e26460b4642c275abd,MATIC,0.5546581643153826
0x49aa5f121f20c02e73cd59e26460b4642c275abd,MAV,0.4886074272014769
0x49aa5f121f20c02e73cd59e26460b4642c275abd,MBOX,0.5033650876942589
0x49aa5f121f20c02e73cd59e26460b4642c275abd,MKR,0.5210051141799534
0x49aa5f121f20c02e73cd59e26460b4642c275abd,MOON,0.5786243203984346
0x49aa5f121f20c02e73cd59e26460b4642c275abd,NEAR,0.4928075628045402
0x49aa5f121f20c02e73cd59e26460b4642c275abd,OP,0.500426483732575
0x49aa5f121f20c02e73cd59e26460b4642c275abd,PENDLE,0.4891232223793947
0x49aa5f121f20c02e73cd59e26460b4642c275abd,PEPE,0.4419576484855365
0x49aa5f121f20c02e73cd59e26460b4642c275abd,PERP,0.5385217495827056
0x49aa5f121f20c02e73cd59e26460b4642c275abd,PIT,0.503085134321611
0x49aa5f121f20c02e73cd59e26460b4642c275abd,POLS,0.5022734752305634
0x49aa5f121f20c02e73cd59e26460b4642c275abd,PYTH,0.4751732200033881
0x49aa5f121f20c02e73cd59e26460b4642c275abd,QUACK,0.5315629208862103
0x49aa5f121f20c02e73cd59e26460b4642c275abd,RDNT,0.5183884846902149
0x49aa5f121f20c02e73cd59e26460b4642c275abd,RNDR,0.5153210099854908
0x49aa5f121f20c02e73cd59e26460b4642c275abd,RPL,0.4738652371952536
0x49aa5f121f20c02e73cd59e26460b4642c275abd,RUNE,0.4819582353874514
0x49aa5f121f20c02e73cd59e26460b4642c275abd,SFP,0.4770465529599693
0x49aa5f121f20c02e73cd59e26460b4642c275abd,SFUND,0.5416897334950023
0x49aa5f121f20c02e73cd59e26460b4642c275abd,SHIB,0.5471913319561815
0x49aa5f121f20c02e73cd59e26460b4642c275abd,SOL,0.5185126923590138
0x49aa5f121f20c02e73cd59e26460b4642c275abd,STG,0.5055181730198212
0x49aa5f121f20c02e73cd59e26460b4642c275abd,SUI,0.4870675556581203
0x49aa5f121f20c02e73cd59e26460b4642c275abd,SUSHI,0.5394471169730406
0x49aa5f121f20c02e73cd59e26460b4642c275abd,TIA,0.4601530140745048
0x49aa5f121f20c02e73cd59e26460b4642c275abd,TOKEN,0.5035851377713608
0x49aa5f121f20c02e73cd59e26460b4642c275abd,TRX,0.4870674066167638
0x49aa5f121f20c02e73cd59e26460b4642c275abd,UNI,0.5411090107846221
0x49aa5f121f20c02e73cd59e26460b4642c275abd,USDT,0.4991643735668024
0x49aa5f121f20c02e73cd59e26460b4642c275abd,XLM,0.4918011840975064
0x49aa5f121f20c02e73cd59e26460b4642c275abd,XMR,0.5199185417538709
0x49aa5f121f20c02e73cd59e26460b4642c275abd,XRP,0.474590841049976
0x49aa5f121f20c02e73cd59e26460b4642c275abd,XTZ,0.5268212771887838
0x49aa5f121f20c02e73cd59e26460b4642c275abd,XVS,0.4782103589369084
0x49aa5f121f20c02e73cd59e26460b4642c275abd,YFI,0.512868875173577
0x4ad829a7609357a7d05737526fe13bbdd18427b5,AAVE,0.47306457
0x4ad829a7609357a7d05737526fe13bbdd18427b5,ADA,0.5070214
0x4ad829a7609357a7d05737526fe13bbdd18427b5,ALGO,0.54499435
0x4ad829a7609357a7d05737526fe13bbdd18427b5,APE,0.5198663
0x4ad829a7609357a7d05737526fe13bbdd18427b5,APT,0.5236703
0x4ad829a7609357a7d05737526fe13bbdd18427b5,ATOM,0.5349309
0x4ad829a7609357a7d05737526fe13bbdd18427b5,AVAX,0.5099753
0x4ad829a7609357a7d05737526fe13bbdd18427b5,AXS,0.53160584
0x4ad829a7609357a7d05737526fe13bbdd18427b5,BAL,0.51992834
0x4ad829a7609357a7d05737526fe13bbdd18427b5,BCH,0.51879543
0x4ad829a7609357a7d05737526fe13bbdd18427b5,BLUR,0.48549506
0x4ad829a7609357a7d05737526fe13bbdd18427b5,BNB,0.5362543
0x4ad829a7609357a7d05737526fe13bbdd18427b5,BONK,0.41955015
0x4ad829a7609357a7d05737526fe13bbdd18427b5,BTC,0.57309294
0x4ad829a7609357a7d05737526fe13bbdd18427b5,C98,0.52993083
0x4ad829a7609357a7d05737526fe13bbdd18427b5,CAKE,0.52849823
0x4ad829a7609357a7d05737526fe13bbdd18427b5,COMP,0.5357436
0x4ad829a7609357a7d05737526fe13bbdd18427b5,CRV,0.5390583
0x4ad829a7609357a7d05737526fe13bbdd18427b5,CVX,0.47737974
0x4ad829a7609357a7d05737526fe13bbdd18427b5,DAI,0.48710784
0x4ad829a7609357a7d05737526fe13bbdd18427b5,DAO,0.5367228
0x4ad829a7609357a7d05737526fe13bbdd18427b5,DOGE,0.48880735
0x4ad829a7609357a7d05737526fe13bbdd18427b5,DOT,0.5168786
0x4ad829a7609357a7d05737526fe13bbdd18427b5,DYDX,0.5327388
0x4ad829a7609357a7d05737526fe13bbdd18427b5,EOS,0.5249065
0x4ad829a7609357a7d05737526fe13bbdd18427b5,ETC,0.52765393
0x4ad829a7609357a7d05737526fe13bbdd18427b5,ETH,0.56285274
0x4ad829a7609357a7d05737526fe13bbdd18427b5,FET,0.5280635
0x4ad829a7609357a7d05737526fe13bbdd18427b5,FIL,0.5107724
0x4ad829a7609357a7d05737526fe13bbdd18427b5,FRAX,0.49266958
0x4ad829a7609357a7d05737526fe13bbdd18427b5,FTM,0.49038506
0x4ad829a7609357a7d05737526fe13bbdd18427b5,FXS,0.5144593
0x4ad829a7609357a7d05737526fe13bbdd18427b5,GRT,0.5240094
0x4ad829a7609357a7d05737526fe13bbdd18427b5,HAI,0.51765996
0x4ad829a7609357a7d05737526fe13bbdd18427b5,HERO,0.5343222
0x4ad829a7609357a7d05737526fe13bbdd18427b5,ICP,0.45901692
0x4ad829a7609357a7d05737526fe13bbdd18427b5,IMX,0.48622313
0x4ad829a7609357a7d05737526fe13bbdd18427b5,INJ,0.506319
0x4ad829a7609357a7d05737526fe13bbdd18427b5,LDO,0.479202
0x4ad829a7609357a7d05737526fe13bbdd18427b5,LINK,0.5377114
0x4ad829a7609357a7d05737526fe13bbdd18427b5,LTC,0.54043186
0x4ad829a7609357a7d05737526fe13bbdd18427b5,MATIC,0.5273858
0x4ad829a7609357a7d05737526fe13bbdd18427b5,MAV,0.49374738
0x4ad829a7609357a7d05737526fe13bbdd18427b5,MBOX,0.5048338
0x4ad829a7609357a7d05737526fe13bbdd18427b5,MKR,0.46222362
0x4ad829a7609357a7d05737526fe13bbdd18427b5,MOON,0.57013065
0x4ad829a7609357a7d05737526fe13bbdd18427b5,NEAR,0.5114702
0x4ad829a7609357a7d05737526fe13bbdd18427b5,OP,0.49604854
0x4ad829a7609357a7d05737526fe13bbdd18427b5,PENDLE,0.49668625
0x4ad829a7609357a7d05737526fe13bbdd18427b5,PEPE,0.45826656
0x4ad829a7609357a7d05737526fe13bbdd18427b5,PERP,0.5185157
0x4ad829a7609357a7d05737526fe13bbdd18427b5,PIT,0.5179228
0x4ad829a7609357a7d05737526fe13bbdd18427b5,POLS,0.5096779
0x4ad829a7609357a7d05737526fe13bbdd18427b5,PYTH,0.47671327
0x4ad829a7609357a7d05737526fe13bbdd18427b5,QUACK,0.52883095
0x4ad829a7609357a7d05737526fe13bbdd18427b5,RDNT,0.51399404
0x4ad829a7609357a7d05737526fe13bbdd18427b5,RNDR,0.52792764
0x4ad829a7609357a7d05737526fe13bbdd18427b5,RPL,0.47014293
0x4ad829a7609357a7d05737526fe13bbdd18427b5,RUNE,0.47748363
0x4ad829a7609357a7d05737526fe13bbdd18427b5,SFP,0.484473
0x4ad829a7609357a7d05737526fe13bbdd18427b5,SFUND,0.5259248
0x4ad829a7609357a7d05737526fe13bbdd18427b5,SHIB,0.5340579
0x4ad829a7609357a7d05737526fe13bbdd18427b5,SOL,0.5419163
0x4ad829a7609357a7d05737526fe13bbdd18427b5,STG,0.500303
0x4ad829a7609357a7d05737526fe13bbdd18427b5,SUI,0.50686395
0x4ad829a7609357a7d05737526fe13bbdd18427b5,SUSHI,0.53048027
0x4ad829a7609357a7d05737526fe13bbdd18427b5,TIA,0.46394488
0x4ad829a7609357a7d05737526fe13bbdd18427b5,TOKEN,0.48599756
0x4ad829a7609357a7d05737526fe13bbdd18427b5,TRX,0.51001793
0x4ad829a7609357a7d05737526fe13bbdd18427b5,UNI,0.48825085
0x4ad829a7609357a7d05737526fe13bbdd18427b5,USDT,0.5085299
0x4ad829a7609357a7d05737526fe13bbdd18427b5,XLM,0.50802726
0x4ad829a7609357a7d05737526fe13bbdd18427b5,XMR,0.5007371
0x4ad829a7609357a7d05737526fe13bbdd18427b5,XRP,0.4911725
0x4ad829a7609357a7d05737526fe13bbdd18427b5,XTZ,0.52016544
0x4ad829a7609357a7d05737526fe13bbdd18427b5,XVS,0.48414445
0x4ad829a7609357a7d05737526fe13bbdd18427b5,YFI,0.5236364
0x521c9c1d68f8684b098be00a5cf479e9aaebf0f7,AAVE,0.50780636
0x521c9c1d68f8684b098be00a5cf479e9aaebf0f7,ADA,0.5111232
0x521c9c1d68f8684b098be00a5cf479e9aaebf0f7,ALGO,0.5130326
0x521c9c1d68f8684b098be00a5cf479e9aaebf0f7,APE,0.518247
0x521c9c1d68f8684b098be00a5cf479e9aaebf0f7,APT,0.51408297
0x521c9c1d68f8684b098be00a5cf479e9aaebf0f7,ATOM,0.5178241
0x521c9c1d68f8684b098be00a5cf479e9aaebf0f7,AVAX,0.515962
0x521c9c1d68f8684b098be00a5cf479e9aaebf0f7,AXS,0.51524276
0x521c9c1d68f8684b098be00a5cf479e9aaebf0f7,BAL,0.5145967
0x521c9c1d68f8684b098be00a5cf479e9aaebf0f7,BCH,0.5144626
0x521c9c1d68f8684b098be00a5cf479e9aaebf0f7,BLUR,0.5158939
0x521c9c1d68f8684b098be00a5cf479e9aaebf0f7,BNB,0.51757246
0x521c9c1d68f8684b098be00a5cf479e9aaebf0f7,BONK,0.5089172
0x521c9c1d68f8684b098be00a5cf479e9aaebf0f7,BTC,0.5167151
0x521c9c1d68f8684b098be00a5cf479e9aaebf0f7,C98,0.5166154
0x521c9c1d68f8684b098be00a5cf479e9aaebf0f7,CAKE,0.5169796
0x521c9c1d68f8684b098be00a5cf479e9aaebf0f7,COMP,0.51425636
0x521c9c1d68f8684b098be00a5cf479e9aaebf0f7,CRV,0.51545846
0x521c9c1d68f8684b098be00a5cf479e9aaebf0f7,CVX,0.51432186
0x521c9c1d68f8684b098be00a5cf479e9aaebf0f7,DAI,0.51675516
0x521c9c1d68f8684b098be00a5cf479e9aaebf0f7,DAO,0.51816356
0x521c9c1d68f8684b098be00a5cf479e9aaebf0f7,DOGE,0.51743096
0x521c9c1d68f8684b098be00a5cf479e9aaebf0f7,DOT,0.51580447
0x521c9c1d68f8684b098be00a5cf479e9aaebf0f7,DYDX,0.51483065
0x521c9c1d68f8684b098be00a5cf479e9aaebf0f7,EOS,0.513433
0x521c9c1d68f8684b098be00a5cf479e9aaebf0f7,ETC,0.51525474
0x521c9c1d68f8684b098be00a5cf479e9aaebf0f7,ETH,0.5161687
0x521c9c1d68f8684b098be00a5cf479e9aaebf0f7,FET,0.51564896
0x521c9c1d68f8684b098be00a5cf479e9aaebf0f7,FIL,0.5131519
0x521c9c1d68f8684b098be00a5cf479e9aaebf0f7,FRAX,0.5144757
0x521c9c1d68f8684b098be00a5cf479e9aaebf0f7,FTM,0.51715827
0x521c9c1d68f8684b098be00a5cf479e9aaebf0f7,FXS,0.5154738
0x521c9c1d68f8684b098be00a5cf479e9aaebf0f7,GRT,0.5159349
0x521c9c1d68f8684b098be00a5cf479e9aaebf0f7,HAI,0.51414275
0x521c9c1d68f8684b098be00a5cf479e9aaebf0f7,HERO,0.518853
0x521c9c1d68f8684b098be00a5cf479e9aaebf0f7,ICP,0.51057273
0x521c9c1d68f8684b098be00a5cf479e9aaebf0f7,IMX,0.51469094
0x521c9c1d68f8684b098be00a5cf479e9aaebf0f7,INJ,0.51626086
0x521c9c1d68f8684b098be00a5cf479e9aaebf0f7,LDO,0.5159697
0x521c9c1d68f8684b098be00a5cf479e9aaebf0f7,LINK,0.51576245
0x521c9c1d68f8684b098be00a5cf479e9aaebf0f7,LTC,0.5176963
0x521c9c1d68f8684b098be00a5cf479e9aaebf0f7,MATIC,0.5168957
0x521c9c1d68f8684b098be00a5cf479e9aaebf0f7,MAV,0.514353
0x521c9c1d68f8684b098be00a5cf479e9aaebf0f7,MBOX,0.51401335
0x521c9c1d68f8684b098be00a5cf479e9aaebf0f7,MKR,0.5077525
0x521c9c1d68f8684b098be00a5cf479e9aaebf0f7,MOON,0.51713383
0x521c9c1d68f8684b098be00a5cf479e9aaebf0f7,NEAR,0.51404256
0x521c9c1d68f8684b098be00a5cf479e9aaebf0f7,OP,0.51323074
0x521c9c1d68f8684b098be00a5cf479e9aaebf0f7,PENDLE,0.5133019
0x521c9c1d68f8684b098be00a5cf479e9aaebf0f7,PEPE,0.514611
0x521c9c1d68f8684b098be00a5cf479e9aaebf0f7,PERP,0.51722956
0x521c9c1d68f8684b098be00a5cf479e9aaebf0f7,PIT,0.51731104
0x521c9c1d68f8684b098be00a5cf479e9aaebf0f7,POLS,0.5137485
0x521c9c1d68f8684b098be00a5cf479e9aaebf0f7,PYTH,0.5128742
0x521c9c1d68f8684b098be00a5cf479e9aaebf0f7,QUACK,0.5146802
0x521c9c1d68f8684b098be00a5cf479e9aaebf0f7,RDNT,0.5149982
0x521c9c1d68f8684b098be00a5cf479e9aaebf0f7,RNDR,0.5162156
0x521c9c1d68f8684b098be00a5cf479e9aaebf0f7,RPL,0.51277435
0x521c9c1d68f8684b098be00a5cf479e9aaebf0f7,RUNE,0.5181897
0x521c9c1d68f8684b098be00a5cf479e9aaebf0f7,SFP,0.51229894
0x521c9c1d68f8684b098be00a5cf479e9aaebf0f7,SFUND,0.514201
0x521c9c1d68f8684b098be00a5cf479e9aaebf0f7,SHIB,0.5155843
0x521c9c1d68f8684b098be00a5cf479e9aaebf0f7,SOL,0.51363724
0x521c9c1d68f8684b098be00a5cf479e9aaebf0f7,STG,0.5134454
0x521c9c1d68f8684b098be00a5cf479e9aaebf0f7,SUI,0.51390815
0x521c9c1d68f8684b098be00a5cf479e9aaebf0f7,SUSHI,0.5162457
0x521c9c1d68f8684b098be00a5cf479e9aaebf0f7,TIA,0.5088575
0x521c9c1d68f8684b098be00a5cf479e9aaebf0f7,TOKEN,0.515293
0x521c9c1d68f8684b098be00a5cf479e9aaebf0f7,TRX,0.5111045
0x521c9c1d68f8684b098be00a5cf479e9aaebf0f7,UNI,0.51622546
0x521c9c1d68f8684b098be00a5cf479e9aaebf0f7,USDT,0.5169575
0x521c9c1d68f8684b098be00a5cf479e9aaebf0f7,XLM,0.5106702
0x521c9c1d68f8684b098be00a5cf479e9aaebf0f7,XMR,0.5146639
0x521c9c1d68f8684b098be00a5cf479e9aaebf0f7,XRP,0.5112785
0x521c9c1d68f8684b098be00a5cf479e9aaebf0f7,XTZ,0.5142893
0x521c9c1d68f8684b098be00a5cf479e9aaebf0f7,XVS,0.51044077
0x521c9c1d68f8684b098be00a5cf479e9aaebf0f7,YFI,0.51420915
0x56d3fc9aa7062fd7b893c1ae33b365776ae1ee9d,AAVE,0.4670981585682857
0x56d3fc9aa7062fd7b893c1ae33b365776ae1ee9d,ADA,0.5090935366672505
0x56d3fc9aa7062fd7b893c1ae33b365776ae1ee9d,ALGO,0.5225403257654789
0x56d3fc9aa7062fd7b893c1ae33b365776ae1ee9d,APE,0.5171052813973183
0x56d3fc9aa7062fd7b893c1ae33b365776ae1ee9d,APT,0.506522407613864
0x56d3fc9aa7062fd7b893c1ae33b365776ae1ee9d,ATOM,0.5341549852617341
0x56d3fc9aa7062fd7b893c1ae33b365776ae1ee9d,AVAX,0.473895170163
0x56d3fc9aa7062fd7b893c1ae33b365776ae1ee9d,AXS,0.5437606565287839
0x56d3fc9aa7062fd7b893c1ae33b365776ae1ee9d,BAL,0.5208604963322501
0x56d3fc9aa7062fd7b893c1ae33b365776ae1ee9d,BCH,0.5156614851929372
0x56d3fc9aa7062fd7b893c1ae33b365776ae1ee9d,BLUR,0.4619847149247185
0x56d3fc9aa7062fd7b893c1ae33b365776ae1ee9d,BNB,0.5690965055486158
0x56d3fc9aa7062fd7b893c1ae33b365776ae1ee9d,BONK,0.4199406672459628
0x56d3fc9aa7062fd7b893c1ae33b365776ae1ee9d,BTC,0.6120346976887115
0x56d3fc9aa7062fd7b893c1ae33b365776ae1ee9d,C98,0.5269535498895037
0x56d3fc9aa7062fd7b893c1ae33b365776ae1ee9d,CAKE,0.5301868749429337
0x56d3fc9aa7062fd7b893c1ae33b365776ae1ee9d,COMP,0.5204372698529873
0x56d3fc9aa7062fd7b893c1ae33b365776ae1ee9d,CRV,0.5572677892878
0x56d3fc9aa7062fd7b893c1ae33b365776ae1ee9d,CVX,0.4998491840266203
0x56d3fc9aa7062fd7b893c1ae33b365776ae1ee9d,DAI,0.5092031870490279
0x56d3fc9aa7062fd7b893c1ae33b365776ae1ee9d,DAO,0.5402244950541669
0x56d3fc9aa7062fd7b893c1ae33b365776ae1ee9d,DOGE,0.4954474413445562
0x56d3fc9aa7062fd7b893c1ae33b365776ae1ee9d,DOT,0.5147657037782347
0x56d3fc9aa7062fd7b893c1ae33b365776ae1ee9d,DYDX,0.5204403158435675
0x56d3fc9aa7062fd7b893c1ae33b365776ae1ee9d,EOS,0.543815309847144
0x56d3fc9aa7062fd7b893c1ae33b365776ae1ee9d,ETC,0.5375782777856183
0x56d3fc9aa7062fd7b893c1ae33b365776ae1ee9d,ETH,0.5641735056461139
0x56d3fc9aa7062fd7b893c1ae33b365776ae1ee9d,FET,0.5156758314171536
0x56d3fc9aa7062fd7b893c1ae33b365776ae1ee9d,FIL,0.5109686071969191
0x56d3fc9aa7062fd7b893c1ae33b365776ae1ee9d,FRAX,0.5135138150449489
0x56d3fc9aa7062fd7b893c1ae33b365776ae1ee9d,FTM,0.4911228752264527
0x56d3fc9aa7062fd7b893c1ae33b365776ae1ee9d,FXS,0.5027432031651888
0x56d3fc9aa7062fd7b893c1ae33b365776ae1ee9d,GRT,0.5175880958027095
0x56d3fc9aa7062fd7b893c1ae33b365776ae1ee9d,HAI,0.5393446394625995
0x56d3fc9aa7062fd7b893c1ae33b365776ae1ee9d,HERO,0.5886832677205395
0x56d3fc9aa7062fd7b893c1ae33b365776ae1ee9d,ICP,0.4692767261985748
0x56d3fc9aa7062fd7b893c1ae33b365776ae1ee9d,IMX,0.491556751417281
0x56d3fc9aa7062fd7b893c1ae33b365776ae1ee9d,INJ,0.5602195813530267
0x56d3fc9aa7062fd7b893c1ae33b365776ae1ee9d,LDO,0.4909205595213186
0x56d3fc9aa7062fd7b893c1ae33b365776ae1ee9d,LINK,0.559120837576055
0x56d3fc9aa7062fd7b893c1ae33b365776ae1ee9d,LTC,0.5234864449303233
0x56d3fc9aa7062fd7b893c1ae33b365776ae1ee9d,MATIC,0.5281782037016682
0x56d3fc9aa7062fd7b893c1ae33b365776ae1ee9d,MAV,0.4975986649189119
0x56d3fc9aa7062fd7b893c1ae33b365776ae1ee9d,MBOX,0.4943727748058867
0x56d3fc9aa7062fd7b893c1ae33b365776ae1ee9d,MKR,0.5269908926162834
0x56d3fc9aa7062fd7b893c1ae33b365776ae1ee9d,MOON,0.6001248882503339
0x56d3fc9aa7062fd7b893c1ae33b365776ae1ee9d,NEAR,0.5222635930039158
0x56d3fc9aa7062fd7b893c1ae33b365776ae1ee9d,OP,0.4985787426048086
0x56d3fc9aa7062fd7b893c1ae33b365776ae1ee9d,PENDLE,0.4960443571158676
0x56d3fc9aa7062fd7b893c1ae33b365776ae1ee9d,PEPE,0.4987869625190104
0x56d3fc9aa7062fd7b893c1ae33b365776ae1ee9d,PERP,0.5147675869683781
0x56d3fc9aa7062fd7b893c1ae33b365776ae1ee9d,PIT,0.5007712942059651
0x56d3fc9aa7062fd7b893c1ae33b365776ae1ee9d,POLS,0.5010941706128137
0x56d3fc9aa7062fd7b893c1ae33b365776ae1ee9d,PYTH,0.4791189001673416
0x56d3fc9aa7062fd7b893c1ae33b365776ae1ee9d,QUACK,0.5246417692845498
0x56d3fc9aa7062fd7b893c1ae33b365776ae1ee9d,RDNT,0.5072520713627781
0x56d3fc9aa7062fd7b893c1ae33b365776ae1ee9d,RNDR,0.5073703591811252
0x56d3fc9aa7062fd7b893c1ae33b365776ae1ee9d,RPL,0.4728911843378155
0x56d3fc9aa7062fd7b893c1ae33b365776ae1ee9d,RUNE,0.4609779980495295
0x56d3fc9aa7062fd7b893c1ae33b365776ae1ee9d,SFP,0.4634055455903989
0x56d3fc9aa7062fd7b893c1ae33b365776ae1ee9d,SFUND,0.5348443584789221
0x56d3fc9aa7062fd7b893c1ae33b365776ae1ee9d,SHIB,0.5587038062823215
0x56d3fc9aa7062fd7b893c1ae33b365776ae1ee9d,SOL,0.5561533832156357
0x56d3fc9aa7062fd7b893c1ae33b365776ae1ee9d,STG,0.5028518176955645
0x56d3fc9aa7062fd7b893c1ae33b365776ae1ee9d,SUI,0.4897351537537509
0x56d3fc9aa7062fd7b893c1ae33b365776ae1ee9d,SUSHI,0.5185345912836828
0x56d3fc9aa7062fd7b893c1ae33b365776ae1ee9d,TIA,0.4540585010647593
0x56d3fc9aa7062fd7b893c1ae33b365776ae1ee9d,TOKEN,0.4967034946233826
0x56d3fc9aa7062fd7b893c1ae33b365776ae1ee9d,TRX,0.4998016635043616
0x56d3fc9aa7062fd7b893c1ae33b365776ae1ee9d,UNI,0.5246380739229093
0x56d3fc9aa7062fd7b893c1ae33b365776ae1ee9d,USDT,0.5342572140033289
0x56d3fc9aa7062fd7b893c1ae33b365776ae1ee9d,XLM,0.5069984549557836
0x56d3fc9aa7062fd7b893c1ae33b365776ae1ee9d,XMR,0.5202434424611454
0x56d3fc9aa7062fd7b893c1ae33b365776ae1ee9d,XRP,0.4564610334577569
0x56d3fc9aa7062fd7b893c1ae33b365776ae1ee9d,XTZ,0.5301837223594883
0x56d3fc9aa7062fd7b893c1ae33b365776ae1ee9d,XVS,0.4886407911062605
0x56d3fc9aa7062fd7b893c1ae33b365776ae1ee9d,YFI,0.5105575651930587
0x5888ee085c125948e874bf1641cfa24661f2786b,AAVE,0.552729850411146
0x5888ee085c125948e874bf1641cfa24661f2786b,ADA,0.544908490212446
0x5888ee085c125948e874bf1641cfa24661f2786b,ALGO,0.5808422710485985
0x5888ee085c125948e874bf1641cfa24661f2786b,APE,0.6222776620012368
0x5888ee085c125948e874bf1641cfa24661f2786b,APT,0.5662443985501153
0x5888ee085c125948e874bf1641cfa24661f2786b,ATOM,0.5916251077533956
0x5888ee085c125948e874bf1641cfa24661f2786b,AVAX,0.5064241060720889
0x5888ee085c125948e874bf1641cfa24661f2786b,AXS,0.5636583438866842
0x5888ee085c125948e874bf1641cfa24661f2786b,BAL,0.6670264484091573
0x5888ee085c125948e874bf1641cfa24661f2786b,BCH,0.5984629729054719
0x5888ee085c125948e874bf1641cfa24661f2786b,BLUR,0.5079911494647665
0x5888ee085c125948e874bf1641cfa24661f2786b,BNB,0.5680965555100885
0x5888ee085c125948e874bf1641cfa24661f2786b,BONK,0.5855735669437392
0x5888ee085c125948e874bf1641cfa24661f2786b,BTC,0.5679195094720482
0x5888ee085c125948e874bf1641cfa24661f2786b,C98,0.6444037519362549
0x5888ee085c125948e874bf1641cfa24661f2786b,CAKE,0.6504999020386297
0x5888ee085c125948e874bf1641cfa24661f2786b,COMP,0.5964234250587179
0x5888ee085c125948e874bf1641cfa24661f2786b,CRV,0.6704085902213376
0x5888ee085c125948e874bf1641cfa24661f2786b,CVX,0.5726221219788052
0x5888ee085c125948e874bf1641cfa24661f2786b,DAI,0.5896587073775428
0x5888ee085c125948e874bf1641cfa24661f2786b,DAO,0.6478985384329266
0x5888ee085c125948e874bf1641cfa24661f2786b,DOGE,0.4960914381628215
0x5888ee085c125948e874bf1641cfa24661f2786b,DOT,0.5760243584527419
0x5888ee085c125948e874bf1641cfa24661f2786b,DYDX,0.6145959164522803
0x5888ee085c125948e874bf1641cfa24661f2786b,EOS,0.56899146684885
0x5888ee085c125948e874bf1641cfa24661f2786b,ETC,0.5969400037285374
0x5888ee085c125948e874bf1641cfa24661f2786b,ETH,0.6445941164916638
0x5888ee085c125948e874bf1641cfa24661f2786b,FET,0.6442876393989574
0x5888ee085c125948e874bf1641cfa24661f2786b,FIL,0.5843562964382313
0x5888ee085c125948e874bf1641cfa24661f2786b,FRAX,0.5864569028717435
0x5888ee085c125948e874bf1641cfa24661f2786b,FTM,0.6647833067190216
0x5888ee085c125948e874bf1641cfa24661f2786b,FXS,0.651422879065379
0x5888ee085c125948e874bf1641cfa24661f2786b,GRT,0.630192585870746
0x5888ee085c125948e874bf1641cfa24661f2786b,HAI,0.5977447355929604
0x5888ee085c125948e874bf1641cfa24661f2786b,HERO,0.5938043435867753
0x5888ee085c125948e874bf1641cfa24661f2786b,ICP,0.5670577850544964
0x5888ee085c125948e874bf1641cfa24661f2786b,IMX,0.6302748081055258
0x5888ee085c125948e874bf1641cfa24661f2786b,INJ,0.6361480205587255
0x5888ee085c125948e874bf1641cfa24661f2786b,LDO,0.6074826544896071
0x5888ee085c125948e874bf1641cfa24661f2786b,LINK,0.6586093147404528
0x5888ee085c125948e874bf1641cfa24661f2786b,LTC,0.6142442982628191
0x5888ee085c125948e874bf1641cfa24661f2786b,MATIC,0.5861498967706891
0x5888ee085c125948e874bf1641cfa24661f2786b,MAV,0.5996389695115595
0x5888ee085c125948e874bf1641cfa24661f2786b,MBOX,0.6164455374262168
0x5888ee085c125948e874bf1641cfa24661f2786b,MKR,0.58267572726879
0x5888ee085c125948e874bf1641cfa24661f2786b,MOON,0.705509252991908
0x5888ee085c125948e874bf1641cfa24661f2786b,NEAR,0.5373753719169245
0x5888ee085c125948e874bf1641cfa24661f2786b,OP,0.6149271300801653
0x5888ee085c125948e874bf1641cfa24661f2786b,PENDLE,0.6459603466931728
0x5888ee085c125948e874bf1641cfa24661f2786b,PEPE,0.4724885373529596
0x5888ee085c125948e874bf1641cfa24661f2786b,PERP,0.6903210817345365
0x5888ee085c125948e874bf1641cfa24661f2786b,PIT,0.5580379389878551
0x5888ee085c125948e874bf1641cfa24661f2786b,POLS,0.6591049252378249
0x5888ee085c125948e874bf1641cfa24661f2786b,PYTH,0.5439645011521208
0x5888ee085c125948e874bf1641cfa24661f2786b,QUACK,0.6456893826264924
0x5888ee085c125948e874bf1641cfa24661f2786b,RDNT,0.6494258372899262
0x5888ee085c125948e874bf1641cfa24661f2786b,RNDR,0.6476897974393567
0x5888ee085c125948e874bf1641cfa24661f2786b,RPL,0.6270043919458168
0x5888ee085c125948e874bf1641cfa24661f2786b,RUNE,0.504113646223687
0x5888ee085c125948e874bf1641cfa24661f2786b,SFP,0.5351717687748091
0x5888ee085c125948e874bf1641cfa24661f2786b,SFUND,0.6266121618579078
0x5888ee085c125948e874bf1641cfa24661f2786b,SHIB,0.6209888694844361
0x5888ee085c125948e874bf1641cfa24661f2786b,SOL,0.5277688866369993
0x5888ee085c125948e874bf1641cfa24661f2786b,STG,0.6270880010766025
0x5888ee085c125948e874bf1641cfa24661f2786b,SUI,0.6203740532280093
0x5888ee085c125948e874bf1641cfa24661f2786b,SUSHI,0.6654702357230828
0x5888ee085c125948e874bf1641cfa24661f2786b,TIA,0.5411875054983809
0x5888ee085c125948e874bf1641cfa24661f2786b,TOKEN,0.6023827678021536
0x5888ee085c125948e874bf1641cfa24661f2786b,TRX,0.5087015354543244
0x5888ee085c125948e874bf1641cfa24661f2786b,UNI,0.620158445581019
0x5888ee085c125948e874bf1641cfa24661f2786b,USDT,0.5810485702252804
0x5888ee085c125948e874bf1641cfa24661f2786b,XLM,0.5392135048738024
0x5888ee085c125948e874bf1641cfa24661f2786b,XMR,0.5766242171594438
0x5888ee085c125948e874bf1641cfa24661f2786b,XRP,0.5958136019406242
0x5888ee085c125948e874bf1641cfa24661f2786b,XTZ,0.5787332745913809
0x5888ee085c125948e874bf1641cfa24661f2786b,XVS,0.6288793317080654
0x5888ee085c125948e874bf1641cfa24661f2786b,YFI,0.5790554653633297
0x5dbda63f6d8b260b4963e6ab832bcd6cf7bf6e94,AAVE,0.6127970040220546
0x5dbda63f6d8b260b4963e6ab832bcd6cf7bf6e94,ADA,0.5841801268719711
0x5dbda63f6d8b260b4963e6ab832bcd6cf7bf6e94,ALGO,0.609889876176926
0x5dbda63f6d8b260b4963e6ab832bcd6cf7bf6e94,APE,0.6589326688382842
0x5dbda63f6d8b260b4963e6ab832bcd6cf7bf6e94,APT,0.6108280300313611
0x5dbda63f6d8b260b4963e6ab832bcd6cf7bf6e94,ATOM,0.6418466960486815
0x5dbda63f6d8b260b4963e6ab832bcd6cf7bf6e94,AVAX,0.5860200677398705
0x5dbda63f6d8b260b4963e6ab832bcd6cf7bf6e94,AXS,0.6272592869768425
0x5dbda63f6d8b260b4963e6ab832bcd6cf7bf6e94,BAL,0.6804867059351649
0x5dbda63f6d8b260b4963e6ab832bcd6cf7bf6e94,BCH,0.6378220769262075
0x5dbda63f6d8b260b4963e6ab832bcd6cf7bf6e94,BLUR,0.6119679632073458
0x5dbda63f6d8b260b4963e6ab832bcd6cf7bf6e94,BNB,0.6431186602005244
0x5dbda63f6d8b260b4963e6ab832bcd6cf7bf6e94,BONK,0.6589371920589477
0x5dbda63f6d8b260b4963e6ab832bcd6cf7bf6e94,BTC,0.6336278051064523
0x5dbda63f6d8b260b4963e6ab832bcd6cf7bf6e94,C98,0.6679017229442836
0x5dbda63f6d8b260b4963e6ab832bcd6cf7bf6e94,CAKE,0.672828981112054
0x5dbda63f6d8b260b4963e6ab832bcd6cf7bf6e94,COMP,0.6530275845218148
0x5dbda63f6d8b260b4963e6ab832bcd6cf7bf6e94,CRV,0.678874267121387
0x5dbda63f6d8b260b4963e6ab832bcd6cf7bf6e94,CVX,0.628443593337475
0x5dbda63f6d8b260b4963e6ab832bcd6cf7bf6e94,DAI,0.6249135989769787
0x5dbda63f6d8b260b4963e6ab832bcd6cf7bf6e94,DAO,0.6773779033638956
0x5dbda63f6d8b260b4963e6ab832bcd6cf7bf6e94,DOGE,0.5813151547791867
0x5dbda63f6d8b260b4963e6ab832bcd6cf7bf6e94,DOT,0.6559756993522676
0x5dbda63f6d8b260b4963e6ab832bcd6cf7bf6e94,DYDX,0.6574287768741859
0x5dbda63f6d8b260b4963e6ab832bcd6cf7bf6e94,EOS,0.6345959603282767
0x5dbda63f6d8b260b4963e6ab832bcd6cf7bf6e94,ETC,0.6411283717601473
0x5dbda63f6d8b260b4963e6ab832bcd6cf7bf6e94,ETH,0.6792921491677428
0x5dbda63f6d8b260b4963e6ab832bcd6cf7bf6e94,FET,0.6809280457099515
0x5dbda63f6d8b260b4963e6ab832bcd6cf7bf6e94,FIL,0.6221126706236273
0x5dbda63f6d8b260b4963e6ab832bcd6cf7bf6e94,FRAX,0.6067162860880551
0x5dbda63f6d8b260b4963e6ab832bcd6cf7bf6e94,FTM,0.6963784755663249
0x5dbda63f6d8b260b4963e6ab832bcd6cf7bf6e94,FXS,0.6760165858542108
0x5dbda63f6d8b260b4963e6ab832bcd6cf7bf6e94,GRT,0.6615468825585036
0x5dbda63f6d8b260b4963e6ab832bcd6cf7bf6e94,HAI,0.6435797666120532
0x5dbda63f6d8b260b4963e6ab832bcd6cf7bf6e94,HERO,0.6284116559863295
0x5dbda63f6d8b260b4963e6ab832bcd6cf7bf6e94,ICP,0.5876627527095059
0x5dbda63f6d8b260b4963e6ab832bcd6cf7bf6e94,IMX,0.6735503691803508
0x5dbda63f6d8b260b4963e6ab832bcd6cf7bf6e94,INJ,0.6950905039597208
0x5dbda63f6d8b260b4963e6ab832bcd6cf7bf6e94,LDO,0.6550919625654125
0x5dbda63f6d8b260b4963e6ab832bcd6cf7bf6e94,LINK,0.6944679240921773
0x5dbda63f6d8b260b4963e6ab832bcd6cf7bf6e94,LTC,0.6505378290644095
0x5dbda63f6d8b260b4963e6ab832bcd6cf7bf6e94,MATIC,0.6538599728128702
0x5dbda63f6d8b260b4963e6ab832bcd6cf7bf6e94,MAV,0.6441884592272931
0x5dbda63f6d8b260b4963e6ab832bcd6cf7bf6e94,MBOX,0.662733327797508
0x5dbda63f6d8b260b4963e6ab832bcd6cf7bf6e94,MKR,0.6497784500783267
0x5dbda63f6d8b260b4963e6ab832bcd6cf7bf6e94,MOON,0.7593066780171183
0x5dbda63f6d8b260b4963e6ab832bcd6cf7bf6e94,NEAR,0.5924524736231008
0x5dbda63f6d8b260b4963e6ab832bcd6cf7bf6e94,OP,0.639149674852187
0x5dbda63f6d8b260b4963e6ab832bcd6cf7bf6e94,PENDLE,0.6772791135866758
0x5dbda63f6d8b260b4963e6ab832bcd6cf7bf6e94,PEPE,0.5439201376550644
0x5dbda63f6d8b260b4963e6ab832bcd6cf7bf6e94,PERP,0.6990350583768956
0x5dbda63f6d8b260b4963e6ab832bcd6cf7bf6e94,PIT,0.6273366002128531
0x5dbda63f6d8b260b4963e6ab832bcd6cf7bf6e94,POLS,0.7561977350528
0x5dbda63f6d8b260b4963e6ab832bcd6cf7bf6e94,PYTH,0.5872144348225947
0x5dbda63f6d8b260b4963e6ab832bcd6cf7bf6e94,QUACK,0.6781570275703361
0x5dbda63f6d8b260b4963e6ab832bcd6cf7bf6e94,RDNT,0.6738317017263725
0x5dbda63f6d8b260b4963e6ab832bcd6cf7bf6e94,RNDR,0.685075850198759
0x5dbda63f6d8b260b4963e6ab832bcd6cf7bf6e94,RPL,0.6887628808015361
0x5dbda63f6d8b260b4963e6ab832bcd6cf7bf6e94,RUNE,0.5749971112568357
0x5dbda63f6d8b260b4963e6ab832bcd6cf7bf6e94,SFP,0.6182400293730355
0x5dbda63f6d8b260b4963e6ab832bcd6cf7bf6e94,SFUND,0.6597032101296134
0x5dbda63f6d8b260b4963e6ab832bcd6cf7bf6e94,SHIB,0.6656795556162644
0x5dbda63f6d8b260b4963e6ab832bcd6cf7bf6e94,SOL,0.5842013532583872
0x5dbda63f6d8b260b4963e6ab832bcd6cf7bf6e94,STG,0.6562174527101972
0x5dbda63f6d8b260b4963e6ab832bcd6cf7bf6e94,SUI,0.6525387084581374
0x5dbda63f6d8b260b4963e6ab832bcd6cf7bf6e94,SUSHI,0.6950935200856121
0x5dbda63f6d8b260b4963e6ab832bcd6cf7bf6e94,TIA,0.6084031991978854
0x5dbda63f6d8b260b4963e6ab832bcd6cf7bf6e94,TOKEN,0.6504378471486503
0x5dbda63f6d8b260b4963e6ab832bcd6cf7bf6e94,TRX,0.6306137303026312
0x5dbda63f6d8b260b4963e6ab832bcd6cf7bf6e94,UNI,0.6407837951398543
0x5dbda63f6d8b260b4963e6ab832bcd6cf7bf6e94,USDT,0.6149045056107634
0x5dbda63f6d8b260b4963e6ab832bcd6cf7bf6e94,XLM,0.6126919780901906
0x5dbda63f6d8b260b4963e6ab832bcd6cf7bf6e94,XMR,0.6487523450701043
0x5dbda63f6d8b260b4963e6ab832bcd6cf7bf6e94,XRP,0.6252926354170569
0x5dbda63f6d8b260b4963e6ab832bcd6cf7bf6e94,XTZ,0.6535685389113821
0x5dbda63f6d8b260b4963e6ab832bcd6cf7bf6e94,XVS,0.6632861170585725
0x5dbda63f6d8b260b4963e6ab832bcd6cf7bf6e94,YFI,0.6491553657308543
0x5f05ab6ed6106d6c962823e481bd9f39c6d60e96,AAVE,0.56563747
0x5f05ab6ed6106d6c962823e481bd9f39c6d60e96,ADA,0.4931218
0x5f05ab6ed6106d6c962823e481bd9f39c6d60e96,ALGO,0.48011455
0x5f05ab6ed6106d6c962823e481bd9f39c6d60e96,APE,0.5487175
0x5f05ab6ed6106d6c962823e481bd9f39c6d60e96,APT,0.5029984
0x5f05ab6ed6106d6c962823e481bd9f39c6d60e96,ATOM,0.53135365
0x5f05ab6ed6106d6c962823e481bd9f39c6d60e96,AVAX,0.54001874
0x5f05ab6ed6106d6c962823e481bd9f39c6d60e96,AXS,0.53871363
0x5f05ab6ed6106d6c962823e481bd9f39c6d60e96,BAL,0.52489585
0x5f05ab6ed6106d6c962823e481bd9f39c6d60e96,BCH,0.49003485
0x5f05ab6ed6106d6c962823e481bd9f39c6d60e96,BLUR,0.42159966
0x5f05ab6ed6106d6c962823e481bd9f39c6d60e96,BNB,0.5785193
0x5f05ab6ed6106d6c962823e481bd9f39c6d60e96,BONK,0.4429654
0x5f05ab6ed6106d6c962823e481bd9f39c6d60e96,BTC,0.5868433
0x5f05ab6ed6106d6c962823e481bd9f39c6d60e96,C98,0.5123131
0x5f05ab6ed6106d6c962823e481bd9f39c6d60e96,CAKE,0.4962639
0x5f05ab6ed6106d6c962823e481bd9f39c6d60e96,COMP,0.5674164
0x5f05ab6ed6106d6c962823e481bd9f39c6d60e96,CRV,0.6078649
0x5f05ab6ed6106d6c962823e481bd9f39c6d60e96,CVX,0.5059214
0x5f05ab6ed6106d6c962823e481bd9f39c6d60e96,DAI,0.48740086
0x5f05ab6ed6106d6c962823e481bd9f39c6d60e96,DAO,0.5001743
0x5f05ab6ed6106d6c962823e481bd9f39c6d60e96,DOGE,0.42261365
0x5f05ab6ed6106d6c962823e481bd9f39c6d60e96,DOT,0.51466495
0x5f05ab6ed6106d6c962823e481bd9f39c6d60e96,DYDX,0.5499685
0x5f05ab6ed6106d6c962823e481bd9f39c6d60e96,EOS,0.5176348
0x5f05ab6ed6106d6c962823e481bd9f39c6d60e96,ETC,0.56321746
0x5f05ab6ed6106d6c962823e481bd9f39c6d60e96,ETH,0.6318865
0x5f05ab6ed6106d6c962823e481bd9f39c6d60e96,FET,0.53569657
0x5f05ab6ed6106d6c962823e481bd9f39c6d60e96,FIL,0.52050185
0x5f05ab6ed6106d6c962823e481bd9f39c6d60e96,FRAX,0.5241476
0x5f05ab6ed6106d6c962823e481bd9f39c6d60e96,FTM,0.5036109
0x5f05ab6ed6106d6c962823e481bd9f39c6d60e96,FXS,0.5129919
0x5f05ab6ed6106d6c962823e481bd9f39c6d60e96,GRT,0.5308691
0x5f05ab6ed6106d6c962823e481bd9f39c6d60e96,HAI,0.5497453
0x5f05ab6ed6106d6c962823e481bd9f39c6d60e96,HERO,0.5510486
0x5f05ab6ed6106d6c962823e481bd9f39c6d60e96,ICP,0.4258756
0x5f05ab6ed6106d6c962823e481bd9f39c6d60e96,IMX,0.50681543
0x5f05ab6ed6106d6c962823e481bd9f39c6d60e96,INJ,0.46642658
0x5f05ab6ed6106d6c962823e481bd9f39c6d60e96,LDO,0.49232435
0x5f05ab6ed6106d6c962823e481bd9f39c6d60e96,LINK,0.55133706
0x5f05ab6ed6106d6c962823e481bd9f39c6d60e96,LTC,0.49771336
0x5f05ab6ed6106d6c962823e481bd9f39c6d60e96,MATIC,0.553813
0x5f05ab6ed6106d6c962823e481bd9f39c6d60e96,MAV,0.50748736
0x5f05ab6ed6106d6c962823e481bd9f39c6d60e96,MBOX,0.49489152
0x5f05ab6ed6106d6c962823e481bd9f39c6d60e96,MKR,0.50900143
0x5f05ab6ed6106d6c962823e481bd9f39c6d60e96,MOON,0.42498672
0x5f05ab6ed6106d6c962823e481bd9f39c6d60e96,NEAR,0.44236502
0x5f05ab6ed6106d6c962823e481bd9f39c6d60e96,OP,0.5287961
0x5f05ab6ed6106d6c962823e481bd9f39c6d60e96,PENDLE,0.4984668
0x5f05ab6ed6106d6c962823e481bd9f39c6d60e96,PEPE,0.5528367
0x5f05ab6ed6106d6c962823e481bd9f39c6d60e96,PERP,0.5187584
0x5f05ab6ed6106d6c962823e481bd9f39c6d60e96,PIT,0.49832422
0x5f05ab6ed6106d6c962823e481bd9f39c6d60e96,POLS,0.5066293
0x5f05ab6ed6106d6c962823e481bd9f39c6d60e96,PYTH,0.5141514
0x5f05ab6ed6106d6c962823e481bd9f39c6d60e96,QUACK,0.5118849
0x5f05ab6ed6106d6c962823e481bd9f39c6d60e96,RDNT,0.5037688
0x5f05ab6ed6106d6c962823e481bd9f39c6d60e96,RNDR,0.5268788
0x5f05ab6ed6106d6c962823e481bd9f39c6d60e96,RPL,0.5247272
0x5f05ab6ed6106d6c962823e481bd9f39c6d60e96,RUNE,0.42260608
0x5f05ab6ed6106d6c962823e481bd9f39c6d60e96,SFP,0.42887178
0x5f05ab6ed6106d6c962823e481bd9f39c6d60e96,SFUND,0.54804945
0x5f05ab6ed6106d6c962823e481bd9f39c6d60e96,SHIB,0.53423727
0x5f05ab6ed6106d6c962823e481bd9f39c6d60e96,SOL,0.4559214
0x5f05ab6ed6106d6c962823e481bd9f39c6d60e96,STG,0.5323366
0x5f05ab6ed6106d6c962823e481bd9f39c6d60e96,SUI,0.49499673
0x5f05ab6ed6106d6c962823e481bd9f39c6d60e96,SUSHI,0.5392853
0x5f05ab6ed6106d6c962823e481bd9f39c6d60e96,TIA,0.4398602
0x5f05ab6ed6106d6c962823e481bd9f39c6d60e96,TOKEN,0.5087461
0x5f05ab6ed6106d6c962823e481bd9f39c6d60e96,TRX,0.5278741
0x5f05ab6ed6106d6c962823e481bd9f39c6d60e96,UNI,0.5203517
0x5f05ab6ed6106d6c962823e481bd9f39c6d60e96,USDT,0.5040571
0x5f05ab6ed6106d6c962823e481bd9f39c6d60e96,XLM,0.5415
0x5f05ab6ed6106d6c962823e481bd9f39c6d60e96,XMR,0.50257826
0x5f05ab6ed6106d6c962823e481bd9f39c6d60e96,XRP,0.48814002
0x5f05ab6ed6106d6c962823e481bd9f39c6d60e96,XTZ,0.51268584
0x5f05ab6ed6106d6c962823e481bd9f39c6d60e96,XVS,0.48067018
0x5f05ab6ed6106d6c962823e481bd9f39c6d60e96,YFI,0.49856266
0x6317b52d3888a74b093fcaa31a5d723d90b1cf8d,AAVE,0.49963713
0x6317b52d3888a74b093fcaa31a5d723d90b1cf8d,ADA,0.51633364
0x6317b52d3888a74b093fcaa31a5d723d90b1cf8d,ALGO,0.5288205
0x6317b52d3888a74b093fcaa31a5d723d90b1cf8d,APE,0.5090399
0x6317b52d3888a74b093fcaa31a5d723d90b1cf8d,APT,0.5012806
0x6317b52d3888a74b093fcaa31a5d723d90b1cf8d,ATOM,0.5389299
0x6317b52d3888a74b093fcaa31a5d723d90b1cf8d,AVAX,0.49401498
0x6317b52d3888a74b093fcaa31a5d723d90b1cf8d,AXS,0.52060235
0x6317b52d3888a74b093fcaa31a5d723d90b1cf8d,BAL,0.5272351
0x6317b52d3888a74b093fcaa31a5d723d90b1cf8d,BCH,0.52023745
0x6317b52d3888a74b093fcaa31a5d723d90b1cf8d,BLUR,0.47906414
0x6317b52d3888a74b093fcaa31a5d723d90b1cf8d,BNB,0.55454737
0x6317b52d3888a74b093fcaa31a5d723d90b1cf8d,BONK,0.43184575
0x6317b52d3888a74b093fcaa31a5d723d90b1cf8d,BTC,0.5452421
0x6317b52d3888a74b093fcaa31a5d723d90b1cf8d,C98,0.52533793
0x6317b52d3888a74b093fcaa31a5d723d90b1cf8d,CAKE,0.53060097
0x6317b52d3888a74b093fcaa31a5d723d90b1cf8d,COMP,0.5402298
0x6317b52d3888a74b093fcaa31a5d723d90b1cf8d,CRV,0.52173454
0x6317b52d3888a74b093fcaa31a5d723d90b1cf8d,CVX,0.47842863
0x6317b52d3888a74b093fcaa31a5d723d90b1cf8d,DAI,0.50736046
0x6317b52d3888a74b093fcaa31a5d723d90b1cf8d,DAO,0.5317995
0x6317b52d3888a74b093fcaa31a5d723d90b1cf8d,DOGE,0.4848477
0x6317b52d3888a74b093fcaa31a5d723d90b1cf8d,DOT,0.51514715
0x6317b52d3888a74b093fcaa31a5d723d90b1cf8d,DYDX,0.5339694
0x6317b52d3888a74b093fcaa31a5d723d90b1cf8d,EOS,0.52456933
0x6317b52d3888a74b093fcaa31a5d723d90b1cf8d,ETC,0.5310791
0x6317b52d3888a74b093fcaa31a5d723d90b1cf8d,ETH,0.5381169
0x6317b52d3888a74b093fcaa31a5d723d90b1cf8d,FET,0.477141
0x6317b52d3888a74b093fcaa31a5d723d90b1cf8d,FIL,0.5194612
0x6317b52d3888a74b093fcaa31a5d723d90b1cf8d,FRAX,0.50526506
0x6317b52d3888a74b093fcaa31a5d723d90b1cf8d,FTM,0.48483577
0x6317b52d3888a74b093fcaa31a5d723d90b1cf8d,FXS,0.52179426
0x6317b52d3888a74b093fcaa31a5d723d90b1cf8d,GRT,0.52517027
0x6317b52d3888a74b093fcaa31a5d723d90b1cf8d,HAI,0.5246159
0x6317b52d3888a74b093fcaa31a5d723d90b1cf8d,HERO,0.5347609
0x6317b52d3888a74b093fcaa31a5d723d90b1cf8d,ICP,0.48147523
0x6317b52d3888a74b093fcaa31a5d723d90b1cf8d,IMX,0.48561692
0x6317b52d3888a74b093fcaa31a5d723d90b1cf8d,INJ,0.5176698
0x6317b52d3888a74b093fcaa31a5d723d90b1cf8d,LDO,0.48505032
0x6317b52d3888a74b093fcaa31a5d723d90b1cf8d,LINK,0.5184954
0x6317b52d3888a74b093fcaa31a5d723d90b1cf8d,LTC,0.54852635
0x6317b52d3888a74b093fcaa31a5d723d90b1cf8d,MATIC,0.5346512
0x6317b52d3888a74b093fcaa31a5d723d90b1cf8d,MAV,0.49556112
0x6317b52d3888a74b093fcaa31a5d723d90b1cf8d,MBOX,0.49848768
0x6317b52d3888a74b093fcaa31a5d723d90b1cf8d,MKR,0.5036977
0x6317b52d3888a74b093fcaa31a5d723d90b1cf8d,MOON,0.558351
0x6317b52d3888a74b093fcaa31a5d723d90b1cf8d,NEAR,0.50629574
0x6317b52d3888a74b093fcaa31a5d723d90b1cf8d,OP,0.5062528
0x6317b52d3888a74b093fcaa31a5d723d90b1cf8d,PENDLE,0.4890525
0x6317b52d3888a74b093fcaa31a5d723d90b1cf8d,PEPE,0.4620775
0x6317b52d3888a74b093fcaa31a5d723d90b1cf8d,PERP,0.52996105
0x6317b52d3888a74b093fcaa31a5d723d90b1cf8d,PIT,0.5028721
0x6317b52d3888a74b093fcaa31a5d723d90b1cf8d,POLS,0.523259
0x6317b52d3888a74b093fcaa31a5d723d90b1cf8d,PYTH,0.46923137
0x6317b52d3888a74b093fcaa31a5d723d90b1cf8d,QUACK,0.5267716
0x6317b52d3888a74b093fcaa31a5d723d90b1cf8d,RDNT,0.5178142
0x6317b52d3888a74b093fcaa31a5d723d90b1cf8d,RNDR,0.5254989
0x6317b52d3888a74b093fcaa31a5d723d90b1cf8d,RPL,0.467232
0x6317b52d3888a74b093fcaa31a5d723d90b1cf8d,RUNE,0.4755899
0x6317b52d3888a74b093fcaa31a5d723d90b1cf8d,SFP,0.4937741
0x6317b52d3888a74b093fcaa31a5d723d90b1cf8d,SFUND,0.5285807
0x6317b52d3888a74b093fcaa31a5d723d90b1cf8d,SHIB,0.5252738
0x6317b52d3888a74b093fcaa31a5d723d90b1cf8d,SOL,0.5247684
0x6317b52d3888a74b093fcaa31a5d723d90b1cf8d,STG,0.50477463
0x6317b52d3888a74b093fcaa31a5d723d90b1cf8d,SUI,0.49673843
0x6317b52d3888a74b093fcaa31a5d723d90b1cf8d,SUSHI,0.5325956
0x6317b52d3888a74b093fcaa31a5d723d90b1cf8d,TIA,0.46719173
0x6317b52d3888a74b093fcaa31a5d723d90b1cf8d,TOKEN,0.4806293
0x6317b52d3888a74b093fcaa31a5d723d90b1cf8d,TRX,0.51955444
0x6317b52d3888a74b093fcaa31a5d723d90b1cf8d,UNI,0.48563147
0x6317b52d3888a74b093fcaa31a5d723d90b1cf8d,USDT,0.50041103
0x6317b52d3888a74b093fcaa31a5d723d90b1cf8d,XLM,0.50770444
0x6317b52d3888a74b093fcaa31a5d723d90b1cf8d,XMR,0.51174265
0x6317b52d3888a74b093fcaa31a5d723d90b1cf8d,XRP,0.50374407
0x6317b52d3888a74b093fcaa31a5d723d90b1cf8d,XTZ,0.52184457
0x6317b52d3888a74b093fcaa31a5d723d90b1cf8d,XVS,0.47560206
0x6317b52d3888a74b093fcaa31a5d723d90b1cf8d,YFI,0.5231276
0x691577252ffff4f3eefcc386302f8ba5bc40a360,AAVE,0.5096853270048933
0x691577252ffff4f3eefcc386302f8ba5bc40a360,ADA,0.5489567404350233
0x691577252ffff4f3eefcc386302f8ba5bc40a360,ALGO,0.5117493794077703
0x691577252ffff4f3eefcc386302f8ba5bc40a360,APE,0.5854650860629469
0x691577252ffff4f3eefcc386302f8ba5bc40a360,APT,0.556034659654874
0x691577252ffff4f3eefcc386302f8ba5bc40a360,ATOM,0.5749838648925206
0x691577252ffff4f3eefcc386302f8ba5bc40a360,AVAX,0.5301674784248588
0x691577252ffff4f3eefcc386302f8ba5bc40a360,AXS,0.528976266680285
0x691577252ffff4f3eefcc386302f8ba5bc40a360,BAL,0.5883094716085088
0x691577252ffff4f3eefcc386302f8ba5bc40a360,BCH,0.5056602944373318
0x691577252ffff4f3eefcc386302f8ba5bc40a360,BLUR,0.5037476150606226
0x691577252ffff4f3eefcc386302f8ba5bc40a360,BNB,0.6001712199648663
0x691577252ffff4f3eefcc386302f8ba5bc40a360,BONK,0.3772084301448702
0x691577252ffff4f3eefcc386302f8ba5bc40a360,BTC,0.5934840657393708
0x691577252ffff4f3eefcc386302f8ba5bc40a360,C98,0.5437268985092732
0x691577252ffff4f3eefcc386302f8ba5bc40a360,CAKE,0.5545928608209462
0x691577252ffff4f3eefcc386302f8ba5bc40a360,COMP,0.5656376749629294
0x691577252ffff4f3eefcc386302f8ba5bc40a360,CRV,0.5177963425517432
0x691577252ffff4f3eefcc386302f8ba5bc40a360,CVX,0.4794689485186581
0x691577252ffff4f3eefcc386302f8ba5bc40a360,DAI,0.5543340414931194
0x691577252ffff4f3eefcc386302f8ba5bc40a360,DAO,0.5811900861062642
0x691577252ffff4f3eefcc386302f8ba5bc40a360,DOGE,0.5089651013579997
0x691577252ffff4f3eefcc386302f8ba5bc40a360,DOT,0.5156127701362964
0x691577252ffff4f3eefcc386302f8ba5bc40a360,DYDX,0.5333488050482423
0x691577252ffff4f3eefcc386302f8ba5bc40a360,EOS,0.5772607356288482
0x691577252ffff4f3eefcc386302f8ba5bc40a360,ETC,0.5377478689239485
0x691577252ffff4f3eefcc386302f8ba5bc40a360,ETH,0.5344390461673048
0x691577252ffff4f3eefcc386302f8ba5bc40a360,FET,0.4932604805790543
0x691577252ffff4f3eefcc386302f8ba5bc40a360,FIL,0.5297727964664937
0x691577252ffff4f3eefcc386302f8ba5bc40a360,FRAX,0.4615018969023529
0x691577252ffff4f3eefcc386302f8ba5bc40a360,FTM,0.5440169968013648
0x691577252ffff4f3eefcc386302f8ba5bc40a360,FXS,0.5848745029816864
0x691577252ffff4f3eefcc386302f8ba5bc40a360,GRT,0.5706532210632074
0x691577252ffff4f3eefcc386302f8ba5bc40a360,HAI,0.5079942363081575
0x691577252ffff4f3eefcc386302f8ba5bc40a360,HERO,0.5382168077092137
0x691577252ffff4f3eefcc386302f8ba5bc40a360,ICP,0.5189080405829662
0x691577252ffff4f3eefcc386302f8ba5bc40a360,IMX,0.537377577037284
0x691577252ffff4f3eefcc386302f8ba5bc40a360,INJ,0.5518725805278037
0x691577252ffff4f3eefcc386302f8ba5bc40a360,LDO,0.5444227816706162
0x691577252ffff4f3eefcc386302f8ba5bc40a360,LINK,0.5358853203241508
0x691577252ffff4f3eefcc386302f8ba5bc40a360,LTC,0.528862427170541
0x691577252ffff4f3eefcc386302f8ba5bc40a360,MATIC,0.5762276066922104
0x691577252ffff4f3eefcc386302f8ba5bc40a360,MAV,0.5076533292000353
0x691577252ffff4f3eefcc386302f8ba5bc40a360,MBOX,0.5114147741986934
0x691577252ffff4f3eefcc386302f8ba5bc40a360,MKR,0.5219631086435134
0x691577252ffff4f3eefcc386302f8ba5bc40a360,MOON,0.5951434446363648
0x691577252ffff4f3eefcc386302f8ba5bc40a360,NEAR,0.5348741896282542
0x691577252ffff4f3eefcc386302f8ba5bc40a360,OP,0.5424754433025155
0x691577252ffff4f3eefcc386302f8ba5bc40a360,PENDLE,0.542777687951102
0x691577252ffff4f3eefcc386302f8ba5bc40a360,PEPE,0.4210351956839275
0x691577252ffff4f3eefcc386302f8ba5bc40a360,PERP,0.5635663458016766
0x691577252ffff4f3eefcc386302f8ba5bc40a360,PIT,0.4845576608297255
0x691577252ffff4f3eefcc386302f8ba5bc40a360,POLS,0.4933296348201074
0x691577252ffff4f3eefcc386302f8ba5bc40a360,PYTH,0.5459295517628273
0x691577252ffff4f3eefcc386302f8ba5bc40a360,QUACK,0.5183138965842791
0x691577252ffff4f3eefcc386302f8ba5bc40a360,RDNT,0.540153635224489
0x691577252ffff4f3eefcc386302f8ba5bc40a360,RNDR,0.5113556632048151
0x691577252ffff4f3eefcc386302f8ba5bc40a360,RPL,0.4723032197337036
0x691577252ffff4f3eefcc386302f8ba5bc40a360,RUNE,0.4828314708620821
0x691577252ffff4f3eefcc386302f8ba5bc40a360,SFP,0.4817704450760829
0x691577252ffff4f3eefcc386302f8ba5bc40a360,SFUND,0.572974519604919
0x691577252ffff4f3eefcc386302f8ba5bc40a360,SHIB,0.4870140943865977
0x691577252ffff4f3eefcc386302f8ba5bc40a360,SOL,0.4628293320166417
0x691577252ffff4f3eefcc386302f8ba5bc40a360,STG,0.5053119752258277
0x691577252ffff4f3eefcc386302f8ba5bc40a360,SUI,0.4863286520947163
0x691577252ffff4f3eefcc386302f8ba5bc40a360,SUSHI,0.5528809111343067
0x691577252ffff4f3eefcc386302f8ba5bc40a360,TIA,0.4549334158031345
0x691577252ffff4f3eefcc386302f8ba5bc40a360,TOKEN,0.5087925056441568
0x691577252ffff4f3eefcc386302f8ba5bc40a360,TRX,0.4832967875567953
0x691577252ffff4f3eefcc386302f8ba5bc40a360,UNI,0.5422249411204911
0x691577252ffff4f3eefcc386302f8ba5bc40a360,USDT,0.4680677396621019
0x691577252ffff4f3eefcc386302f8ba5bc40a360,XLM,0.4680508746195138
0x691577252ffff4f3eefcc386302f8ba5bc40a360,XMR,0.4973200739536288
0x691577252ffff4f3eefcc386302f8ba5bc40a360,XRP,0.4525078861993919
0x691577252ffff4f3eefcc386302f8ba5bc40a360,XTZ,0.52967282838902
0x691577252ffff4f3eefcc386302f8ba5bc40a360,XVS,0.503080620327692
0x691577252ffff4f3eefcc386302f8ba5bc40a360,YFI,0.5475362920960453
0x6cb72d052d57563180474923fdd9f827455637db,AAVE,0.0109890109890109
0x6cb72d052d57563180474923fdd9f827455637db,ADA,0.0053280053280053
0x6cb72d052d57563180474923fdd9f827455637db,ALGO,0.0159840159840159
0x6cb72d052d57563180474923fdd9f827455637db,APE,0.0153180153180153
0x6cb72d052d57563180474923fdd9f827455637db,APT,0.0186480186480186
0x6cb72d052d57563180474923fdd9f827455637db,ATOM,0.0256410256410256
0x6cb72d052d57563180474923fdd9f827455637db,AVAX,0.0093240093240093
0x6cb72d052d57563180474923fdd9f827455637db,AXS,0.0139860139860139
0x6cb72d052d57563180474923fdd9f827455637db,BAL,0.0146520146520146
0x6cb72d052d57563180474923fdd9f827455637db,BCH,0.0183150183150183
0x6cb72d052d57563180474923fdd9f827455637db,BLUR,0.0006660006660006
0x6cb72d052d57563180474923fdd9f827455637db,BNB,0.0206460206460206
0x6cb72d052d57563180474923fdd9f827455637db,BONK,0.0003330003330003
0x6cb72d052d57563180474923fdd9f827455637db,BTC,0.0253080253080253
0x6cb72d052d57563180474923fdd9f827455637db,C98,0.0179820179820179
0x6cb72d052d57563180474923fdd9f827455637db,CAKE,0.0209790209790209
0x6cb72d052d57563180474923fdd9f827455637db,COMP,0.0236430236430236
0x6cb72d052d57563180474923fdd9f827455637db,CRV,0.0189810189810189
0x6cb72d052d57563180474923fdd9f827455637db,CVX,0.0033300033300033
0x6cb72d052d57563180474923fdd9f827455637db,DAI,0.0119880119880119
0x6cb72d052d57563180474923fdd9f827455637db,DAO,0.0216450216450216
0x6cb72d052d57563180474923fdd9f827455637db,DOGE,0.0059940059940059
0x6cb72d052d57563180474923fdd9f827455637db,DOT,0.0116550116550116
0x6cb72d052d57563180474923fdd9f827455637db,DYDX,0.0156510156510156
0x6cb72d052d57563180474923fdd9f827455637db,EOS,0.0243090243090243
0x6cb72d052d57563180474923fdd9f827455637db,ETC,0.0226440226440226
0x6cb72d052d57563180474923fdd9f827455637db,ETH,0.0229770229770229
0x6cb72d052d57563180474923fdd9f827455637db,FET,0.0129870129870129
0x6cb72d052d57563180474923fdd9f827455637db,FIL,0.0219780219780219
0x6cb72d052d57563180474923fdd9f827455637db,FRAX,0.0123210123210123
0x6cb72d052d57563180474923fdd9f827455637db,FTM,0.0136530136530136
0x6cb72d052d57563180474923fdd9f827455637db,FXS,0.0166500166500166
0x6cb72d052d57563180474923fdd9f827455637db,GRT,0.0173160173160173
0x6cb72d052d57563180474923fdd9f827455637db,HAI,0.0169830169830169
0x6cb72d052d57563180474923fdd9f827455637db,HERO,0.0199800199800199
0x6cb72d052d57563180474923fdd9f827455637db,ICP,0.0029970029970029
0x6cb72d052d57563180474923fdd9f827455637db,IMX,0.0096570096570096
0x6cb72d052d57563180474923fdd9f827455637db,INJ,0.0113220113220113
0x6cb72d052d57563180474923fdd9f827455637db,LDO,0.0043290043290043
0x6cb72d052d57563180474923fdd9f827455637db,LINK,0.0163170163170163
0x6cb72d052d57563180474923fdd9f827455637db,LTC,0.0223110223110223
0x6cb72d052d57563180474923fdd9f827455637db,MATIC,0.0249750249750249
0x6cb72d052d57563180474923fdd9f827455637db,MAV,0.0026640026640026
0x6cb72d052d57563180474923fdd9f827455637db,MBOX,0.0086580086580086
0x6cb72d052d57563180474923fdd9f827455637db,MKR,0.0076590076590076
0x6cb72d052d57563180474923fdd9f827455637db,MOON,0.0233100233100233
0x6cb72d052d57563180474923fdd9f827455637db,NEAR,0.0133200133200133
0x6cb72d052d57563180474923fdd9f827455637db,OP,0.0143190143190143
0x6cb72d052d57563180474923fdd9f827455637db,PENDLE,0.0079920079920079
0x6cb72d052d57563180474923fdd9f827455637db,PEPE,0.0016650016650016
0x6cb72d052d57563180474923fdd9f827455637db,PERP,0.0203130203130203
0x6cb72d052d57563180474923fdd9f827455637db,PIT,0.0069930069930069
0x6cb72d052d57563180474923fdd9f827455637db,POLS,0.0099900099900099
0x6cb72d052d57563180474923fdd9f827455637db,PYTH,0.0023310023310023
0x6cb72d052d57563180474923fdd9f827455637db,QUACK,0.0196470196470196
0x6cb72d052d57563180474923fdd9f827455637db,RDNT,0.0106560106560106
0x6cb72d052d57563180474923fdd9f827455637db,RNDR,0.0149850149850149
0x6cb72d052d57563180474923fdd9f827455637db,RPL,0.0019980019980019
0x6cb72d052d57563180474923fdd9f827455637db,RUNE,0.0049950049950049
0x6cb72d052d57563180474923fdd9f827455637db,SFP,0.0046620046620046
0x6cb72d052d57563180474923fdd9f827455637db,SFUND,0.0246420246420246
0x6cb72d052d57563180474923fdd9f827455637db,SHIB,0.0239760239760239
0x6cb72d052d57563180474923fdd9f827455637db,SOL,0.0126540126540126
0x6cb72d052d57563180474923fdd9f827455637db,STG,0.0066600066600066
0x6cb72d052d57563180474923fdd9f827455637db,SUI,0.0083250083250083
0x6cb72d052d57563180474923fdd9f827455637db,SUSHI,0.0193140193140193
0x6cb72d052d57563180474923fdd9f827455637db,TIA,0.0013320013320013
0x6cb72d052d57563180474923fdd9f827455637db,TOKEN,0.0103230103230103
0x6cb72d052d57563180474923fdd9f827455637db,TRX,0.0089910089910089
0x6cb72d052d57563180474923fdd9f827455637db,UNI,0.0073260073260073
0x6cb72d052d57563180474923fdd9f827455637db,USDT,0.0056610056610056
0x6cb72d052d57563180474923fdd9f827455637db,XLM,0.0036630036630036
0x6cb72d052d57563180474923fdd9f827455637db,XMR,0.0063270063270063
0x6cb72d052d57563180474923fdd9f827455637db,XRP,0.0039960039960039
0x6cb72d052d57563180474923fdd9f827455637db,XTZ,0.0176490176490176
0x6cb72d052d57563180474923fdd9f827455637db,XVS,0.0009990009990009
0x6cb72d052d57563180474923fdd9f827455637db,YFI,0.0213120213120213
0x6d7841df878bff8ff84c2730d3051439d3009109,AAVE,0.7625370621681213
0x6d7841df878bff8ff84c2730d3051439d3009109,ADA,0.9151477813720704
0x6d7841df878bff8ff84c2730d3051439d3009109,ALGO,0.4192291796207428
0x6d7841df878bff8ff84c2730d3051439d3009109,APE,0.9222202301025392
0x6d7841df878bff8ff84c2730d3051439d3009109,APT,0.2960430979728699
0x6d7841df878bff8ff84c2730d3051439d3009109,ATOM,0.9078736305236816
0x6d7841df878bff8ff84c2730d3051439d3009109,AVAX,0.5652576684951782
0x6d7841df878bff8ff84c2730d3051439d3009109,AXS,0.876920223236084
0x6d7841df878bff8ff84c2730d3051439d3009109,BAL,0.4333206713199615
0x6d7841df878bff8ff84c2730d3051439d3009109,BCH,0.7860170006752014
0x6d7841df878bff8ff84c2730d3051439d3009109,BLUR,0.7601256966590881
0x6d7841df878bff8ff84c2730d3051439d3009109,BNB,0.5038677453994751
0x6d7841df878bff8ff84c2730d3051439d3009109,BONK,0.1834721118211746
0x6d7841df878bff8ff84c2730d3051439d3009109,BTC,0.5583235025405884
0x6d7841df878bff8ff84c2730d3051439d3009109,C98,0.460128903388977
0x6d7841df878bff8ff84c2730d3051439d3009109,CAKE,0.8687368035316467
0x6d7841df878bff8ff84c2730d3051439d3009109,COMP,0.7132335305213928
0x6d7841df878bff8ff84c2730d3051439d3009109,CRV,0.5844274759292603
0x6d7841df878bff8ff84c2730d3051439d3009109,CVX,0.7052660584449768
0x6d7841df878bff8ff84c2730d3051439d3009109,DAI,0.4249331057071686
0x6d7841df878bff8ff84c2730d3051439d3009109,DAO,0.9032039642333984
0x6d7841df878bff8ff84c2730d3051439d3009109,DOGE,0.4950395822525024
0x6d7841df878bff8ff84c2730d3051439d3009109,DOT,0.7879963517189026
0x6d7841df878bff8ff84c2730d3051439d3009109,DYDX,0.5672465562820435
0x6d7841df878bff8ff84c2730d3051439d3009109,EOS,0.0986096635460853
0x6d7841df878bff8ff84c2730d3051439d3009109,ETC,0.530856728553772
0x6d7841df878bff8ff84c2730d3051439d3009109,ETH,0.6078425645828247
0x6d7841df878bff8ff84c2730d3051439d3009109,FET,0.9588699340820312
0x6d7841df878bff8ff84c2730d3051439d3009109,FIL,0.3412524759769439
0x6d7841df878bff8ff84c2730d3051439d3009109,FRAX,0.2788841128349304
0x6d7841df878bff8ff84c2730d3051439d3009109,FTM,0.5580130815505981
0x6d7841df878bff8ff84c2730d3051439d3009109,FXS,0.7216735482215881
0x6d7841df878bff8ff84c2730d3051439d3009109,GRT,1.0
0x6d7841df878bff8ff84c2730d3051439d3009109,HAI,0.4964510202407837
0x6d7841df878bff8ff84c2730d3051439d3009109,HERO,0.842112123966217
0x6d7841df878bff8ff84c2730d3051439d3009109,ICP,0.3102146983146667
0x6d7841df878bff8ff84c2730d3051439d3009109,IMX,0.2148456126451492
0x6d7841df878bff8ff84c2730d3051439d3009109,INJ,0.6545477509498596
0x6d7841df878bff8ff84c2730d3051439d3009109,LDO,0.5441280603408813
0x6d7841df878bff8ff84c2730d3051439d3009109,LINK,0.7577744126319885
0x6d7841df878bff8ff84c2730d3051439d3009109,LTC,0.5494800806045532
0x6d7841df878bff8ff84c2730d3051439d3009109,MATIC,0.6702356934547424
0x6d7841df878bff8ff84c2730d3051439d3009109,MAV,0.0
0x6d7841df878bff8ff84c2730d3051439d3009109,MBOX,0.3704401552677154
0x6d7841df878bff8ff84c2730d3051439d3009109,MKR,0.521736741065979
0x6d7841df878bff8ff84c2730d3051439d3009109,MOON,0.5690757036209106
0x6d7841df878bff8ff84c2730d3051439d3009109,NEAR,0.5069519281387329
0x6d7841df878bff8ff84c2730d3051439d3009109,OP,0.5396462678909302
0x6d7841df878bff8ff84c2730d3051439d3009109,PENDLE,0.4488950967788696
0x6d7841df878bff8ff84c2730d3051439d3009109,PEPE,0.7112980484962463
0x6d7841df878bff8ff84c2730d3051439d3009109,PERP,0.2557303309440613
0x6d7841df878bff8ff84c2730d3051439d3009109,PIT,0.3834411203861236
0x6d7841df878bff8ff84c2730d3051439d3009109,POLS,0.7027698159217834
0x6d7841df878bff8ff84c2730d3051439d3009109,PYTH,0.6825810074806213
0x6d7841df878bff8ff84c2730d3051439d3009109,QUACK,0.5260187387466431
0x6d7841df878bff8ff84c2730d3051439d3009109,RDNT,0.6263700127601624
0x6d7841df878bff8ff84c2730d3051439d3009109,RNDR,0.744688093662262
0x6d7841df878bff8ff84c2730d3051439d3009109,RPL,0.7936931252479553
0x6d7841df878bff8ff84c2730d3051439d3009109,RUNE,0.5679742097854614
0x6d7841df878bff8ff84c2730d3051439d3009109,SFP,0.6534839272499084
0x6d7841df878bff8ff84c2730d3051439d3009109,SFUND,0.6172057390213013
0x6d7841df878bff8ff84c2730d3051439d3009109,SHIB,0.7668643593788147
0x6d7841df878bff8ff84c2730d3051439d3009109,SOL,0.6521106362342834
0x6d7841df878bff8ff84c2730d3051439d3009109,STG,0.5575934648513794
0x6d7841df878bff8ff84c2730d3051439d3009109,SUI,0.5517803430557251
0x6d7841df878bff8ff84c2730d3051439d3009109,SUSHI,0.7210274338722229
0x6d7841df878bff8ff84c2730d3051439d3009109,TIA,0.4290105402469635
0x6d7841df878bff8ff84c2730d3051439d3009109,TOKEN,0.8219156861305237
0x6d7841df878bff8ff84c2730d3051439d3009109,TRX,0.8811731338500977
0x6d7841df878bff8ff84c2730d3051439d3009109,UNI,0.5674730539321899
0x6d7841df878bff8ff84c2730d3051439d3009109,USDT,0.6517687439918518
0x6d7841df878bff8ff84c2730d3051439d3009109,XLM,0.5085989236831665
0x6d7841df878bff8ff84c2730d3051439d3009109,XMR,0.9157819747924804
0x6d7841df878bff8ff84c2730d3051439d3009109,XRP,0.4386602640151977
0x6d7841df878bff8ff84c2730d3051439d3009109,XTZ,0.2943069338798523
0x6d7841df878bff8ff84c2730d3051439d3009109,XVS,0.7681260704994202
0x6d7841df878bff8ff84c2730d3051439d3009109,YFI,0.493388295173645
0x7490eeb68c7585407e254591d784bae7987c1cfb,AAVE,0.4644066101434566
0x7490eeb68c7585407e254591d784bae7987c1cfb,ADA,0.5284515100715048
0x7490eeb68c7585407e254591d784bae7987c1cfb,ALGO,0.5350400699113481
0x7490eeb68c7585407e254591d784bae7987c1cfb,APE,0.5081156818834702
0x7490eeb68c7585407e254591d784bae7987c1cfb,APT,0.5067837404022131
0x7490eeb68c7585407e254591d784bae7987c1cfb,ATOM,0.5395753971284278
0x7490eeb68c7585407e254591d784bae7987c1cfb,AVAX,0.5111357778378305
0x7490eeb68c7585407e254591d784bae7987c1cfb,AXS,0.5049697104086569
0x7490eeb68c7585407e254591d784bae7987c1cfb,BAL,0.5281059196976736
0x7490eeb68c7585407e254591d784bae7987c1cfb,BCH,0.5432402777621582
0x7490eeb68c7585407e254591d784bae7987c1cfb,BLUR,0.4599677408438994
0x7490eeb68c7585407e254591d784bae7987c1cfb,BNB,0.5524700942382872
0x7490eeb68c7585407e254591d784bae7987c1cfb,BONK,0.4509522388081298
0x7490eeb68c7585407e254591d784bae7987c1cfb,BTC,0.5608565806145616
0x7490eeb68c7585407e254591d784bae7987c1cfb,C98,0.5402649587375383
0x7490eeb68c7585407e254591d784bae7987c1cfb,CAKE,0.5507369782116087
0x7490eeb68c7585407e254591d784bae7987c1cfb,COMP,0.5484970870204373
0x7490eeb68c7585407e254591d784bae7987c1cfb,CRV,0.5670183199684786
0x7490eeb68c7585407e254591d784bae7987c1cfb,CVX,0.4912350912231683
0x7490eeb68c7585407e254591d784bae7987c1cfb,DAI,0.5565658555783092
0x7490eeb68c7585407e254591d784bae7987c1cfb,DAO,0.5357108493408871
0x7490eeb68c7585407e254591d784bae7987c1cfb,DOGE,0.4681686445705071
0x7490eeb68c7585407e254591d784bae7987c1cfb,DOT,0.5195777742926038
0x7490eeb68c7585407e254591d784bae7987c1cfb,DYDX,0.528118359765888
0x7490eeb68c7585407e254591d784bae7987c1cfb,EOS,0.5135347512459356
0x7490eeb68c7585407e254591d784bae7987c1cfb,ETC,0.5501606706266997
0x7490eeb68c7585407e254591d784bae7987c1cfb,ETH,0.5494174491025259
0x7490eeb68c7585407e254591d784bae7987c1cfb,FET,0.4776765642903153
0x7490eeb68c7585407e254591d784bae7987c1cfb,FIL,0.5265102831115684
0x7490eeb68c7585407e254591d784bae7987c1cfb,FRAX,0.5521071198002375
0x7490eeb68c7585407e254591d784bae7987c1cfb,FTM,0.5056733009681664
0x7490eeb68c7585407e254591d784bae7987c1cfb,FXS,0.5280789266102162
0x7490eeb68c7585407e254591d784bae7987c1cfb,GRT,0.5180096333689053
0x7490eeb68c7585407e254591d784bae7987c1cfb,HAI,0.5374235038377153
0x7490eeb68c7585407e254591d784bae7987c1cfb,HERO,0.5306546971703893
0x7490eeb68c7585407e254591d784bae7987c1cfb,ICP,0.5137875525639182
0x7490eeb68c7585407e254591d784bae7987c1cfb,IMX,0.485590337004079
0x7490eeb68c7585407e254591d784bae7987c1cfb,INJ,0.5078132614205779
0x7490eeb68c7585407e254591d784bae7987c1cfb,LDO,0.489173181430646
0x7490eeb68c7585407e254591d784bae7987c1cfb,LINK,0.5423726037750132
0x7490eeb68c7585407e254591d784bae7987c1cfb,LTC,0.5567414145540054
0x7490eeb68c7585407e254591d784bae7987c1cfb,MATIC,0.5319045507773389
0x7490eeb68c7585407e254591d784bae7987c1cfb,MAV,0.4967122658357396
0x7490eeb68c7585407e254591d784bae7987c1cfb,MBOX,0.514819897735385
0x7490eeb68c7585407e254591d784bae7987c1cfb,MKR,0.4691622122822189
0x7490eeb68c7585407e254591d784bae7987c1cfb,MOON,0.5411957141767121
0x7490eeb68c7585407e254591d784bae7987c1cfb,NEAR,0.4968706881140738
0x7490eeb68c7585407e254591d784bae7987c1cfb,OP,0.4937472054823606
0x7490eeb68c7585407e254591d784bae7987c1cfb,PENDLE,0.4824181656024481
0x7490eeb68c7585407e254591d784bae7987c1cfb,PEPE,0.4728556778814446
0x7490eeb68c7585407e254591d784bae7987c1cfb,PERP,0.5243017421612146
0x7490eeb68c7585407e254591d784bae7987c1cfb,PIT,0.4940959723556917
0x7490eeb68c7585407e254591d784bae7987c1cfb,POLS,0.5225565748740082
0x7490eeb68c7585407e254591d784bae7987c1cfb,PYTH,0.4522697143730856
0x7490eeb68c7585407e254591d784bae7987c1cfb,QUACK,0.5263503973893102
0x7490eeb68c7585407e254591d784bae7987c1cfb,RDNT,0.5167223522482973
0x7490eeb68c7585407e254591d784bae7987c1cfb,RNDR,0.5230039931928774
0x7490eeb68c7585407e254591d784bae7987c1cfb,RPL,0.4974655904740316
0x7490eeb68c7585407e254591d784bae7987c1cfb,RUNE,0.4739178370461954
0x7490eeb68c7585407e254591d784bae7987c1cfb,SFP,0.4873676595636116
0x7490eeb68c7585407e254591d784bae7987c1cfb,SFUND,0.5337791363271763
0x7490eeb68c7585407e254591d784bae7987c1cfb,SHIB,0.5322741021610141
0x7490eeb68c7585407e254591d784bae7987c1cfb,SOL,0.5357657915464309
0x7490eeb68c7585407e254591d784bae7987c1cfb,STG,0.4825120990212962
0x7490eeb68c7585407e254591d784bae7987c1cfb,SUI,0.4859228341579524
0x7490eeb68c7585407e254591d784bae7987c1cfb,SUSHI,0.54559082565338
0x7490eeb68c7585407e254591d784bae7987c1cfb,TIA,0.4309477248434774
0x7490eeb68c7585407e254591d784bae7987c1cfb,TOKEN,0.5008866138546705
0x7490eeb68c7585407e254591d784bae7987c1cfb,TRX,0.5399655306083131
0x7490eeb68c7585407e254591d784bae7987c1cfb,UNI,0.4662329387289996
0x7490eeb68c7585407e254591d784bae7987c1cfb,USDT,0.5576375093184363
0x7490eeb68c7585407e254591d784bae7987c1cfb,XLM,0.4875806920042592
0x7490eeb68c7585407e254591d784bae7987c1cfb,XMR,0.5095162022936722
0x7490eeb68c7585407e254591d784bae7987c1cfb,XRP,0.4996956576744464
0x7490eeb68c7585407e254591d784bae7987c1cfb,XTZ,0.5091683418036118
0x7490eeb68c7585407e254591d784bae7987c1cfb,XVS,0.49248814964197
0x7490eeb68c7585407e254591d784bae7987c1cfb,YFI,0.5187708796803568
0x770a3026f8a348bebac2ba84cfc82f4ea01b420a,AAVE,-0.6578947368421053
0x770a3026f8a348bebac2ba84cfc82f4ea01b420a,ADA,0.263157894736842
0x770a3026f8a348bebac2ba84cfc82f4ea01b420a,ALGO,0.2368421052631579
0x770a3026f8a348bebac2ba84cfc82f4ea01b420a,APE,0.1052631578947369
0x770a3026f8a348bebac2ba84cfc82f4ea01b420a,APT,-0.4210526315789473
0x770a3026f8a348bebac2ba84cfc82f4ea01b420a,ATOM,0.868421052631579
0x770a3026f8a348bebac2ba84cfc82f4ea01b420a,AVAX,-0.3947368421052631
0x770a3026f8a348bebac2ba84cfc82f4ea01b420a,AXS,0.8421052631578947
0x770a3026f8a348bebac2ba84cfc82f4ea01b420a,BAL,0.4210526315789473
0x770a3026f8a348bebac2ba84cfc82f4ea01b420a,BCH,0.1842105263157893
0x770a3026f8a348bebac2ba84cfc82f4ea01b420a,BLUR,-0.9473684210526316
0x770a3026f8a348bebac2ba84cfc82f4ea01b420a,BNB,1.0
0x770a3026f8a348bebac2ba84cfc82f4ea01b420a,BONK,-1.0
0x770a3026f8a348bebac2ba84cfc82f4ea01b420a,BTC,0.9736842105263156
0x770a3026f8a348bebac2ba84cfc82f4ea01b420a,C98,0.6578947368421053
0x770a3026f8a348bebac2ba84cfc82f4ea01b420a,CAKE,0.7894736842105263
0x770a3026f8a348bebac2ba84cfc82f4ea01b420a,COMP,0.394736842105263
0x770a3026f8a348bebac2ba84cfc82f4ea01b420a,CRV,0.7105263157894737
0x770a3026f8a348bebac2ba84cfc82f4ea01b420a,CVX,-0.8421052631578947
0x770a3026f8a348bebac2ba84cfc82f4ea01b420a,DAI,-0.1578947368421053
0x770a3026f8a348bebac2ba84cfc82f4ea01b420a,DAO,0.6842105263157894
0x770a3026f8a348bebac2ba84cfc82f4ea01b420a,DOGE,-0.5789473684210527
0x770a3026f8a348bebac2ba84cfc82f4ea01b420a,DOT,0.0526315789473683
0x770a3026f8a348bebac2ba84cfc82f4ea01b420a,DYDX,0.4473684210526316
0x770a3026f8a348bebac2ba84cfc82f4ea01b420a,EOS,0.3421052631578947
0x770a3026f8a348bebac2ba84cfc82f4ea01b420a,ETC,0.763157894736842
0x770a3026f8a348bebac2ba84cfc82f4ea01b420a,ETH,0.894736842105263
0x770a3026f8a348bebac2ba84cfc82f4ea01b420a,FET,-0.6842105263157895
0x770a3026f8a348bebac2ba84cfc82f4ea01b420a,FIL,-0.131578947368421
0x770a3026f8a348bebac2ba84cfc82f4ea01b420a,FRAX,-0.0789473684210526
0x770a3026f8a348bebac2ba84cfc82f4ea01b420a,FTM,-0.5263157894736843
0x770a3026f8a348bebac2ba84cfc82f4ea01b420a,FXS,0.131578947368421
0x770a3026f8a348bebac2ba84cfc82f4ea01b420a,GRT,0.1578947368421053
0x770a3026f8a348bebac2ba84cfc82f4ea01b420a,HAI,0.8157894736842106
0x770a3026f8a348bebac2ba84cfc82f4ea01b420a,HERO,0.9473684210526316
0x770a3026f8a348bebac2ba84cfc82f4ea01b420a,ICP,-0.736842105263158
0x770a3026f8a348bebac2ba84cfc82f4ea01b420a,IMX,-0.7894736842105263
0x770a3026f8a348bebac2ba84cfc82f4ea01b420a,INJ,0.0263157894736842
0x770a3026f8a348bebac2ba84cfc82f4ea01b420a,LDO,-0.7631578947368421
0x770a3026f8a348bebac2ba84cfc82f4ea01b420a,LINK,0.736842105263158
0x770a3026f8a348bebac2ba84cfc82f4ea01b420a,LTC,0.631578947368421
0x770a3026f8a348bebac2ba84cfc82f4ea01b420a,MATIC,0.605263157894737
0x770a3026f8a348bebac2ba84cfc82f4ea01b420a,MAV,-0.3157894736842105
0x770a3026f8a348bebac2ba84cfc82f4ea01b420a,MBOX,-0.2894736842105263
0x770a3026f8a348bebac2ba84cfc82f4ea01b420a,MKR,-0.368421052631579
0x770a3026f8a348bebac2ba84cfc82f4ea01b420a,MOON,0.9210526315789472
0x770a3026f8a348bebac2ba84cfc82f4ea01b420a,NEAR,-0.6052631578947368
0x770a3026f8a348bebac2ba84cfc82f4ea01b420a,OP,-0.4473684210526315
0x770a3026f8a348bebac2ba84cfc82f4ea01b420a,PENDLE,-0.2368421052631578
0x770a3026f8a348bebac2ba84cfc82f4ea01b420a,PEPE,-0.8947368421052632
0x770a3026f8a348bebac2ba84cfc82f4ea01b420a,PERP,0.368421052631579
0x770a3026f8a348bebac2ba84cfc82f4ea01b420a,PIT,-0.2105263157894736
0x770a3026f8a348bebac2ba84cfc82f4ea01b420a,POLS,-0.0526315789473684
0x770a3026f8a348bebac2ba84cfc82f4ea01b420a,PYTH,-0.631578947368421
0x770a3026f8a348bebac2ba84cfc82f4ea01b420a,QUACK,0.5789473684210527
0x770a3026f8a348bebac2ba84cfc82f4ea01b420a,RDNT,0.3157894736842106
0x770a3026f8a348bebac2ba84cfc82f4ea01b420a,RNDR,0.5
0x770a3026f8a348bebac2ba84cfc82f4ea01b420a,RPL,-0.868421052631579
0x770a3026f8a348bebac2ba84cfc82f4ea01b420a,RUNE,-0.7105263157894737
0x770a3026f8a348bebac2ba84cfc82f4ea01b420a,SFP,-0.8157894736842105
0x770a3026f8a348bebac2ba84cfc82f4ea01b420a,SFUND,0.5526315789473684
0x770a3026f8a348bebac2ba84cfc82f4ea01b420a,SHIB,0.4736842105263157
0x770a3026f8a348bebac2ba84cfc82f4ea01b420a,SOL,0.2894736842105263
0x770a3026f8a348bebac2ba84cfc82f4ea01b420a,STG,-0.3421052631578947
0x770a3026f8a348bebac2ba84cfc82f4ea01b420a,SUI,-0.5526315789473684
0x770a3026f8a348bebac2ba84cfc82f4ea01b420a,SUSHI,0.5263157894736843
0x770a3026f8a348bebac2ba84cfc82f4ea01b420a,TIA,-0.9736842105263158
0x770a3026f8a348bebac2ba84cfc82f4ea01b420a,TOKEN,-0.5
0x770a3026f8a348bebac2ba84cfc82f4ea01b420a,TRX,-0.0263157894736841
0x770a3026f8a348bebac2ba84cfc82f4ea01b420a,UNI,-0.2631578947368421
0x770a3026f8a348bebac2ba84cfc82f4ea01b420a,USDT,-0.1052631578947368
0x770a3026f8a348bebac2ba84cfc82f4ea01b420a,XLM,-0.1842105263157895
0x770a3026f8a348bebac2ba84cfc82f4ea01b420a,XMR,0.0789473684210526
0x770a3026f8a348bebac2ba84cfc82f4ea01b420a,XRP,-0.4736842105263158
0x770a3026f8a348bebac2ba84cfc82f4ea01b420a,XTZ,0.2105263157894736
0x770a3026f8a348bebac2ba84cfc82f4ea01b420a,XVS,-0.9210526315789472
0x770a3026f8a348bebac2ba84cfc82f4ea01b420a,YFI,0.0
0x7824282944b7cc7b8ef86ed9adbe21f49b247f97,AAVE,0.5549759187189381
0x7824282944b7cc7b8ef86ed9adbe21f49b247f97,ADA,0.6167948952361343
0x7824282944b7cc7b8ef86ed9adbe21f49b247f97,ALGO,0.696620295614256
0x7824282944b7cc7b8ef86ed9adbe21f49b247f97,APE,0.7462222798680912
0x7824282944b7cc7b8ef86ed9adbe21f49b247f97,APT,0.62651667438785
0x7824282944b7cc7b8ef86ed9adbe21f49b247f97,ATOM,0.7147952663223528
0x7824282944b7cc7b8ef86ed9adbe21f49b247f97,AVAX,0.5198030207753702
0x7824282944b7cc7b8ef86ed9adbe21f49b247f97,AXS,0.6046733825097275
0x7824282944b7cc7b8ef86ed9adbe21f49b247f97,BAL,0.6643548204412583
0x7824282944b7cc7b8ef86ed9adbe21f49b247f97,BCH,0.6530865397260331
0x7824282944b7cc7b8ef86ed9adbe21f49b247f97,BLUR,0.5023242681669587
0x7824282944b7cc7b8ef86ed9adbe21f49b247f97,BNB,0.744657456287543
0x7824282944b7cc7b8ef86ed9adbe21f49b247f97,BONK,0.4830933648213338
0x7824282944b7cc7b8ef86ed9adbe21f49b247f97,BTC,0.7676863792345108
0x7824282944b7cc7b8ef86ed9adbe21f49b247f97,C98,0.6968840209827413
0x7824282944b7cc7b8ef86ed9adbe21f49b247f97,CAKE,0.6775024348717938
0x7824282944b7cc7b8ef86ed9adbe21f49b247f97,COMP,0.6433854108882774
0x7824282944b7cc7b8ef86ed9adbe21f49b247f97,CRV,0.6367648801355473
0x7824282944b7cc7b8ef86ed9adbe21f49b247f97,CVX,0.5460512491747744
0x7824282944b7cc7b8ef86ed9adbe21f49b247f97,DAI,0.5249524747789506
0x7824282944b7cc7b8ef86ed9adbe21f49b247f97,DAO,0.7103104415348178
0x7824282944b7cc7b8ef86ed9adbe21f49b247f97,DOGE,0.6185238436077217
0x7824282944b7cc7b8ef86ed9adbe21f49b247f97,DOT,0.5510866249773531
0x7824282944b7cc7b8ef86ed9adbe21f49b247f97,DYDX,0.6867606216267609
0x7824282944b7cc7b8ef86ed9adbe21f49b247f97,EOS,0.6588258392574956
0x7824282944b7cc7b8ef86ed9adbe21f49b247f97,ETC,0.6271310247126615
0x7824282944b7cc7b8ef86ed9adbe21f49b247f97,ETH,0.7453566776424645
0x7824282944b7cc7b8ef86ed9adbe21f49b247f97,FET,0.6314519977918164
0x7824282944b7cc7b8ef86ed9adbe21f49b247f97,FIL,0.6906601653729316
0x7824282944b7cc7b8ef86ed9adbe21f49b247f97,FRAX,0.6323334094002959
0x7824282944b7cc7b8ef86ed9adbe21f49b247f97,FTM,0.6547250055449884
0x7824282944b7cc7b8ef86ed9adbe21f49b247f97,FXS,0.5777976670850398
0x7824282944b7cc7b8ef86ed9adbe21f49b247f97,GRT,0.7929822479703432
0x7824282944b7cc7b8ef86ed9adbe21f49b247f97,HAI,0.6699564473770762
0x7824282944b7cc7b8ef86ed9adbe21f49b247f97,HERO,0.7010649662961663
0x7824282944b7cc7b8ef86ed9adbe21f49b247f97,ICP,0.4731588423647948
0x7824282944b7cc7b8ef86ed9adbe21f49b247f97,IMX,0.6699186869820829
0x7824282944b7cc7b8ef86ed9adbe21f49b247f97,INJ,0.6758156244025063
0x7824282944b7cc7b8ef86ed9adbe21f49b247f97,LDO,0.6131993628173787
0x7824282944b7cc7b8ef86ed9adbe21f49b247f97,LINK,0.6803550113176492
0x7824282944b7cc7b8ef86ed9adbe21f49b247f97,LTC,0.6881425365163576
0x7824282944b7cc7b8ef86ed9adbe21f49b247f97,MATIC,0.7054245007094867
0x7824282944b7cc7b8ef86ed9adbe21f49b247f97,MAV,0.6275654020976703
0x7824282944b7cc7b8ef86ed9adbe21f49b247f97,MBOX,0.592691877115276
0x7824282944b7cc7b8ef86ed9adbe21f49b247f97,MKR,0.6497794793841902
0x7824282944b7cc7b8ef86ed9adbe21f49b247f97,MOON,0.7498203563115148
0x7824282944b7cc7b8ef86ed9adbe21f49b247f97,NEAR,0.5933901574515401
0x7824282944b7cc7b8ef86ed9adbe21f49b247f97,OP,0.544727078575601
0x7824282944b7cc7b8ef86ed9adbe21f49b247f97,PENDLE,0.6729080507942587
0x7824282944b7cc7b8ef86ed9adbe21f49b247f97,PEPE,0.4933041196893533
0x7824282944b7cc7b8ef86ed9adbe21f49b247f97,PERP,0.7459940633145449
0x7824282944b7cc7b8ef86ed9adbe21f49b247f97,PIT,0.5991395876283456
0x7824282944b7cc7b8ef86ed9adbe21f49b247f97,POLS,0.5669955529274456
0x7824282944b7cc7b8ef86ed9adbe21f49b247f97,PYTH,0.588134648750169
0x7824282944b7cc7b8ef86ed9adbe21f49b247f97,QUACK,0.69717129224818
0x7824282944b7cc7b8ef86ed9adbe21f49b247f97,RDNT,0.6552898355416054
0x7824282944b7cc7b8ef86ed9adbe21f49b247f97,RNDR,0.6788460539674469
0x7824282944b7cc7b8ef86ed9adbe21f49b247f97,RPL,0.4979506021974478
0x7824282944b7cc7b8ef86ed9adbe21f49b247f97,RUNE,0.5790853882132517
0x7824282944b7cc7b8ef86ed9adbe21f49b247f97,SFP,0.5299060740266618
0x7824282944b7cc7b8ef86ed9adbe21f49b247f97,SFUND,0.6587482378493725
0x7824282944b7cc7b8ef86ed9adbe21f49b247f97,SHIB,0.7573563904225468
0x7824282944b7cc7b8ef86ed9adbe21f49b247f97,SOL,0.7073098082993123
0x7824282944b7cc7b8ef86ed9adbe21f49b247f97,STG,0.6407178777475854
0x7824282944b7cc7b8ef86ed9adbe21f49b247f97,SUI,0.6202762749171525
0x7824282944b7cc7b8ef86ed9adbe21f49b247f97,SUSHI,0.7117727791500995
0x7824282944b7cc7b8ef86ed9adbe21f49b247f97,TIA,0.5347778451048802
0x7824282944b7cc7b8ef86ed9adbe21f49b247f97,TOKEN,0.6272997595430508
0x7824282944b7cc7b8ef86ed9adbe21f49b247f97,TRX,0.5485032697049245
0x7824282944b7cc7b8ef86ed9adbe21f49b247f97,UNI,0.6157611803991728
0x7824282944b7cc7b8ef86ed9adbe21f49b247f97,USDT,0.6124027619256482
0x7824282944b7cc7b8ef86ed9adbe21f49b247f97,XLM,0.6213466429829456
0x7824282944b7cc7b8ef86ed9adbe21f49b247f97,XMR,0.5866906089323007
0x7824282944b7cc7b8ef86ed9adbe21f49b247f97,XRP,0.5508619196020432
0x7824282944b7cc7b8ef86ed9adbe21f49b247f97,XTZ,0.6347087841621467
0x7824282944b7cc7b8ef86ed9adbe21f49b247f97,XVS,0.5689019625986679
0x7824282944b7cc7b8ef86ed9adbe21f49b247f97,YFI,0.5756687073249325
0x7b190f293113eed451925bd6c47246bd9c67b019,AAVE,0.524839130352473
0x7b190f293113eed451925bd6c47246bd9c67b019,ADA,0.5442476648103671
0x7b190f293113eed451925bd6c47246bd9c67b019,ALGO,0.5431835621459609
0x7b190f293113eed451925bd6c47246bd9c67b019,APE,0.5368894924471729
0x7b190f293113eed451925bd6c47246bd9c67b019,APT,0.5364107006548005
0x7b190f293113eed451925bd6c47246bd9c67b019,ATOM,0.5372280342226776
0x7b190f293113eed451925bd6c47246bd9c67b019,AVAX,0.5411423374108473
0x7b190f293113eed451925bd6c47246bd9c67b019,AXS,0.5484413048761826
0x7b190f293113eed451925bd6c47246bd9c67b019,BAL,0.5290179539273743
0x7b190f293113eed451925bd6c47246bd9c67b019,BCH,0.5465612849727975
0x7b190f293113eed451925bd6c47246bd9c67b019,BLUR,0.5267933913684631
0x7b190f293113eed451925bd6c47246bd9c67b019,BNB,0.5551811176139071
0x7b190f293113eed451925bd6c47246bd9c67b019,BONK,0.5271541823988244
0x7b190f293113eed451925bd6c47246bd9c67b019,BTC,0.5585128258915728
0x7b190f293113eed451925bd6c47246bd9c67b019,C98,0.5363185701774774
0x7b190f293113eed451925bd6c47246bd9c67b019,CAKE,0.5391138279148538
0x7b190f293113eed451925bd6c47246bd9c67b019,COMP,0.5467813474130424
0x7b190f293113eed451925bd6c47246bd9c67b019,CRV,0.5355231805160424
0x7b190f293113eed451925bd6c47246bd9c67b019,CVX,0.5213299054661363
0x7b190f293113eed451925bd6c47246bd9c67b019,DAI,0.5418947739714768
0x7b190f293113eed451925bd6c47246bd9c67b019,DAO,0.5312908575641296
0x7b190f293113eed451925bd6c47246bd9c67b019,DOGE,0.5353256483144953
0x7b190f293113eed451925bd6c47246bd9c67b019,DOT,0.5363381701094001
0x7b190f293113eed451925bd6c47246bd9c67b019,DYDX,0.5408671519893172
0x7b190f293113eed451925bd6c47246bd9c67b019,EOS,0.5479438066203718
0x7b190f293113eed451925bd6c47246bd9c67b019,ETC,0.5526951032264679
0x7b190f293113eed451925bd6c47246bd9c67b019,ETH,0.554237601720458
0x7b190f293113eed451925bd6c47246bd9c67b019,FET,0.5189118284887726
0x7b190f293113eed451925bd6c47246bd9c67b019,FIL,0.5260244511081013
0x7b190f293113eed451925bd6c47246bd9c67b019,FRAX,0.5415611443072003
0x7b190f293113eed451925bd6c47246bd9c67b019,FTM,0.5299674413381474
0x7b190f293113eed451925bd6c47246bd9c67b019,FXS,0.5319032207652336
0x7b190f293113eed451925bd6c47246bd9c67b019,GRT,0.5364018596922606
0x7b190f293113eed451925bd6c47246bd9c67b019,HAI,0.5480627877592308
0x7b190f293113eed451925bd6c47246bd9c67b019,HERO,0.5489354002886742
0x7b190f293113eed451925bd6c47246bd9c67b019,ICP,0.5291950528225322
0x7b190f293113eed451925bd6c47246bd9c67b019,IMX,0.5269250823177246
0x7b190f293113eed451925bd6c47246bd9c67b019,INJ,0.5352387664316707
0x7b190f293113eed451925bd6c47246bd9c67b019,LDO,0.530291986653341
0x7b190f293113eed451925bd6c47246bd9c67b019,LINK,0.549233195467588
0x7b190f293113eed451925bd6c47246bd9c67b019,LTC,0.5484737593588335
0x7b190f293113eed451925bd6c47246bd9c67b019,MATIC,0.5305313372312231
0x7b190f293113eed451925bd6c47246bd9c67b019,MAV,0.5303107288030744
0x7b190f293113eed451925bd6c47246bd9c67b019,MBOX,0.5248284170067664
0x7b190f293113eed451925bd6c47246bd9c67b019,MKR,0.5252602349183374
0x7b190f293113eed451925bd6c47246bd9c67b019,MOON,0.5246779638518645
0x7b190f293113eed451925bd6c47246bd9c67b019,NEAR,0.5280716287594946
0x7b190f293113eed451925bd6c47246bd9c67b019,OP,0.5278879314796465
0x7b190f293113eed451925bd6c47246bd9c67b019,PENDLE,0.5307592397730984
0x7b190f293113eed451925bd6c47246bd9c67b019,PEPE,0.5229709872808466
0x7b190f293113eed451925bd6c47246bd9c67b019,PERP,0.538153352389294
0x7b190f293113eed451925bd6c47246bd9c67b019,PIT,0.5219711550043313
0x7b190f293113eed451925bd6c47246bd9c67b019,POLS,0.5297470236620716
0x7b190f293113eed451925bd6c47246bd9c67b019,PYTH,0.5312565019189285
0x7b190f293113eed451925bd6c47246bd9c67b019,QUACK,0.530427450191992
0x7b190f293113eed451925bd6c47246bd9c67b019,RDNT,0.5301152016315795
0x7b190f293113eed451925bd6c47246bd9c67b019,RNDR,0.5369439808999411
0x7b190f293113eed451925bd6c47246bd9c67b019,RPL,0.5283324179626955
0x7b190f293113eed451925bd6c47246bd9c67b019,RUNE,0.5314724479515257
0x7b190f293113eed451925bd6c47246bd9c67b019,SFP,0.5333201339013212
0x7b190f293113eed451925bd6c47246bd9c67b019,SFUND,0.53854091751062
0x7b190f293113eed451925bd6c47246bd9c67b019,SHIB,0.5357532038278436
0x7b190f293113eed451925bd6c47246bd9c67b019,SOL,0.5406244371424812
0x7b190f293113eed451925bd6c47246bd9c67b019,STG,0.5359493490404491
0x7b190f293113eed451925bd6c47246bd9c67b019,SUI,0.5284914731788596
0x7b190f293113eed451925bd6c47246bd9c67b019,SUSHI,0.5301123506692704
0x7b190f293113eed451925bd6c47246bd9c67b019,TIA,0.5308689370877661
0x7b190f293113eed451925bd6c47246bd9c67b019,TOKEN,0.5242206465083497
0x7b190f293113eed451925bd6c47246bd9c67b019,TRX,0.539870683932329
0x7b190f293113eed451925bd6c47246bd9c67b019,UNI,0.5327705102293021
0x7b190f293113eed451925bd6c47246bd9c67b019,USDT,0.545630652293299
0x7b190f293113eed451925bd6c47246bd9c67b019,XLM,0.5253215763074597
0x7b190f293113eed451925bd6c47246bd9c67b019,XMR,0.5349285705041205
0x7b190f293113eed451925bd6c47246bd9c67b019,XRP,0.510579202374277
0x7b190f293113eed451925bd6c47246bd9c67b019,XTZ,0.5400549247309596
0x7b190f293113eed451925bd6c47246bd9c67b019,XVS,0.5293320761851428
0x7b190f293113eed451925bd6c47246bd9c67b019,YFI,0.5337556699603451
0x7de5ac173e8ee69177f6243cf9c70608f6e1ad05,AAVE,0.45001912
0x7de5ac173e8ee69177f6243cf9c70608f6e1ad05,ADA,0.48872918
0x7de5ac173e8ee69177f6243cf9c70608f6e1ad05,ALGO,0.52563095
0x7de5ac173e8ee69177f6243cf9c70608f6e1ad05,APE,0.53508097
0x7de5ac173e8ee69177f6243cf9c70608f6e1ad05,APT,0.55167526
0x7de5ac173e8ee69177f6243cf9c70608f6e1ad05,ATOM,0.53049904
0x7de5ac173e8ee69177f6243cf9c70608f6e1ad05,AVAX,0.5397233
0x7de5ac173e8ee69177f6243cf9c70608f6e1ad05,AXS,0.5494958
0x7de5ac173e8ee69177f6243cf9c70608f6e1ad05,BAL,0.50587875
0x7de5ac173e8ee69177f6243cf9c70608f6e1ad05,BCH,0.45748004
0x7de5ac173e8ee69177f6243cf9c70608f6e1ad05,BLUR,0.44422722
0x7de5ac173e8ee69177f6243cf9c70608f6e1ad05,BNB,0.59200424
0x7de5ac173e8ee69177f6243cf9c70608f6e1ad05,BONK,0.4316722
0x7de5ac173e8ee69177f6243cf9c70608f6e1ad05,BTC,0.6130686
0x7de5ac173e8ee69177f6243cf9c70608f6e1ad05,C98,0.51519674
0x7de5ac173e8ee69177f6243cf9c70608f6e1ad05,CAKE,0.53055346
0x7de5ac173e8ee69177f6243cf9c70608f6e1ad05,COMP,0.54308814
0x7de5ac173e8ee69177f6243cf9c70608f6e1ad05,CRV,0.5616437
0x7de5ac173e8ee69177f6243cf9c70608f6e1ad05,CVX,0.50846803
0x7de5ac173e8ee69177f6243cf9c70608f6e1ad05,DAI,0.5463869
0x7de5ac173e8ee69177f6243cf9c70608f6e1ad05,DAO,0.54644865
0x7de5ac173e8ee69177f6243cf9c70608f6e1ad05,DOGE,0.46873146
0x7de5ac173e8ee69177f6243cf9c70608f6e1ad05,DOT,0.5186514
0x7de5ac173e8ee69177f6243cf9c70608f6e1ad05,DYDX,0.5297775
0x7de5ac173e8ee69177f6243cf9c70608f6e1ad05,EOS,0.5618125
0x7de5ac173e8ee69177f6243cf9c70608f6e1ad05,ETC,0.60317487
0x7de5ac173e8ee69177f6243cf9c70608f6e1ad05,ETH,0.58515775
0x7de5ac173e8ee69177f6243cf9c70608f6e1ad05,FET,0.5384405
0x7de5ac173e8ee69177f6243cf9c70608f6e1ad05,FIL,0.5555163
0x7de5ac173e8ee69177f6243cf9c70608f6e1ad05,FRAX,0.5213666
0x7de5ac173e8ee69177f6243cf9c70608f6e1ad05,FTM,0.51075435
0x7de5ac173e8ee69177f6243cf9c70608f6e1ad05,FXS,0.49010354
0x7de5ac173e8ee69177f6243cf9c70608f6e1ad05,GRT,0.5260885
0x7de5ac173e8ee69177f6243cf9c70608f6e1ad05,HAI,0.5267761
0x7de5ac173e8ee69177f6243cf9c70608f6e1ad05,HERO,0.5519607
0x7de5ac173e8ee69177f6243cf9c70608f6e1ad05,ICP,0.46293446
0x7de5ac173e8ee69177f6243cf9c70608f6e1ad05,IMX,0.5015046
0x7de5ac173e8ee69177f6243cf9c70608f6e1ad05,INJ,0.539745
0x7de5ac173e8ee69177f6243cf9c70608f6e1ad05,LDO,0.51567215
0x7de5ac173e8ee69177f6243cf9c70608f6e1ad05,LINK,0.5527661
0x7de5ac173e8ee69177f6243cf9c70608f6e1ad05,LTC,0.5136015
0x7de5ac173e8ee69177f6243cf9c70608f6e1ad05,MATIC,0.53035426
0x7de5ac173e8ee69177f6243cf9c70608f6e1ad05,MAV,0.5076963
0x7de5ac173e8ee69177f6243cf9c70608f6e1ad05,MBOX,0.48673797
0x7de5ac173e8ee69177f6243cf9c70608f6e1ad05,MKR,0.54335594
0x7de5ac173e8ee69177f6243cf9c70608f6e1ad05,MOON,0.5475524
0x7de5ac173e8ee69177f6243cf9c70608f6e1ad05,NEAR,0.5185963
0x7de5ac173e8ee69177f6243cf9c70608f6e1ad05,OP,0.557806
0x7de5ac173e8ee69177f6243cf9c70608f6e1ad05,PENDLE,0.49153578
0x7de5ac173e8ee69177f6243cf9c70608f6e1ad05,PEPE,0.4317429
0x7de5ac173e8ee69177f6243cf9c70608f6e1ad05,PERP,0.5517828
0x7de5ac173e8ee69177f6243cf9c70608f6e1ad05,PIT,0.5050385
0x7de5ac173e8ee69177f6243cf9c70608f6e1ad05,POLS,0.4633276
0x7de5ac173e8ee69177f6243cf9c70608f6e1ad05,PYTH,0.48177716
0x7de5ac173e8ee69177f6243cf9c70608f6e1ad05,QUACK,0.5208986
0x7de5ac173e8ee69177f6243cf9c70608f6e1ad05,RDNT,0.48915678
0x7de5ac173e8ee69177f6243cf9c70608f6e1ad05,RNDR,0.52323455
0x7de5ac173e8ee69177f6243cf9c70608f6e1ad05,RPL,0.48704925
0x7de5ac173e8ee69177f6243cf9c70608f6e1ad05,RUNE,0.458736
0x7de5ac173e8ee69177f6243cf9c70608f6e1ad05,SFP,0.4573356
0x7de5ac173e8ee69177f6243cf9c70608f6e1ad05,SFUND,0.55802095
0x7de5ac173e8ee69177f6243cf9c70608f6e1ad05,SHIB,0.57340723
0x7de5ac173e8ee69177f6243cf9c70608f6e1ad05,SOL,0.5805032
0x7de5ac173e8ee69177f6243cf9c70608f6e1ad05,STG,0.49335372
0x7de5ac173e8ee69177f6243cf9c70608f6e1ad05,SUI,0.49009213
0x7de5ac173e8ee69177f6243cf9c70608f6e1ad05,SUSHI,0.5310926
0x7de5ac173e8ee69177f6243cf9c70608f6e1ad05,TIA,0.41703957
0x7de5ac173e8ee69177f6243cf9c70608f6e1ad05,TOKEN,0.51907897
0x7de5ac173e8ee69177f6243cf9c70608f6e1ad05,TRX,0.49171603
0x7de5ac173e8ee69177f6243cf9c70608f6e1ad05,UNI,0.55714035
0x7de5ac173e8ee69177f6243cf9c70608f6e1ad05,USDT,0.48224965
0x7de5ac173e8ee69177f6243cf9c70608f6e1ad05,XLM,0.5287977
0x7de5ac173e8ee69177f6243cf9c70608f6e1ad05,XMR,0.5167997
0x7de5ac173e8ee69177f6243cf9c70608f6e1ad05,XRP,0.40142038
0x7de5ac173e8ee69177f6243cf9c70608f6e1ad05,XTZ,0.55176276
0x7de5ac173e8ee69177f6243cf9c70608f6e1ad05,XVS,0.47184375
0x7de5ac173e8ee69177f6243cf9c70608f6e1ad05,YFI,0.53640485
0x81942befbb59f4461a32af5c4798f72f58f6797f,AAVE,0.2594694649856964
0x81942befbb59f4461a32af5c4798f72f58f6797f,ADA,0.5415302837807109
0x81942befbb59f4461a32af5c4798f72f58f6797f,ALGO,0.4537999006390512
0x81942befbb59f4461a32af5c4798f72f58f6797f,APE,0.4308086294417756
0x81942befbb59f4461a32af5c4798f72f58f6797f,APT,0.4763274774746583
0x81942befbb59f4461a32af5c4798f72f58f6797f,ATOM,0.3948058423284198
0x81942befbb59f4461a32af5c4798f72f58f6797f,AVAX,0.2480211256755069
0x81942befbb59f4461a32af5c4798f72f58f6797f,AXS,0.2698019903780216
0x81942befbb59f4461a32af5c4798f72f58f6797f,BAL,0.2552876028589965
0x81942befbb59f4461a32af5c4798f72f58f6797f,BCH,0.4338002761483357
0x81942befbb59f4461a32af5c4798f72f58f6797f,BLUR,0.4415298963504968
0x81942befbb59f4461a32af5c4798f72f58f6797f,BNB,0.4137550839039733
0x81942befbb59f4461a32af5c4798f72f58f6797f,BONK,0.128402210974825
0x81942befbb59f4461a32af5c4798f72f58f6797f,BTC,0.6269159690687638
0x81942befbb59f4461a32af5c4798f72f58f6797f,C98,0.3368831179668378
0x81942befbb59f4461a32af5c4798f72f58f6797f,CAKE,0.3687247555687878
0x81942befbb59f4461a32af5c4798f72f58f6797f,COMP,0.360356650373736
0x81942befbb59f4461a32af5c4798f72f58f6797f,CRV,0.3259042099657184
0x81942befbb59f4461a32af5c4798f72f58f6797f,CVX,0.2068853203585934
0x81942befbb59f4461a32af5c4798f72f58f6797f,DAI,0.3994325935502406
0x81942befbb59f4461a32af5c4798f72f58f6797f,DAO,0.3006139874824278
0x81942befbb59f4461a32af5c4798f72f58f6797f,DOGE,0.2553595456695285
0x81942befbb59f4461a32af5c4798f72f58f6797f,DOT,0.410405511284203
0x81942befbb59f4461a32af5c4798f72f58f6797f,DYDX,0.7647439697232228
0x81942befbb59f4461a32af5c4798f72f58f6797f,EOS,0.5307637769439087
0x81942befbb59f4461a32af5c4798f72f58f6797f,ETC,0.2105541354748091
0x81942befbb59f4461a32af5c4798f72f58f6797f,ETH,0.8229191197704744
0x81942befbb59f4461a32af5c4798f72f58f6797f,FET,0.851083269779877
0x81942befbb59f4461a32af5c4798f72f58f6797f,FIL,0.2636704005998612
0x81942befbb59f4461a32af5c4798f72f58f6797f,FRAX,0.3378852509191782
0x81942befbb59f4461a32af5c4798f72f58f6797f,FTM,0.4156107554203722
0x81942befbb59f4461a32af5c4798f72f58f6797f,FXS,0.4157536277624147
0x81942befbb59f4461a32af5c4798f72f58f6797f,GRT,0.3935313757378683
0x81942befbb59f4461a32af5c4798f72f58f6797f,HAI,0.5753838166823277
0x81942befbb59f4461a32af5c4798f72f58f6797f,HERO,0.5525323481877058
0x81942befbb59f4461a32af5c4798f72f58f6797f,ICP,0.2332038422348405
0x81942befbb59f4461a32af5c4798f72f58f6797f,IMX,0.5789425122107573
0x81942befbb59f4461a32af5c4798f72f58f6797f,INJ,0.6588792001533031
0x81942befbb59f4461a32af5c4798f72f58f6797f,LDO,0.0248807609010196
0x81942befbb59f4461a32af5c4798f72f58f6797f,LINK,0.7892967932997222
0x81942befbb59f4461a32af5c4798f72f58f6797f,LTC,0.626860059908632
0x81942befbb59f4461a32af5c4798f72f58f6797f,MATIC,0.4150816151548395
0x81942befbb59f4461a32af5c4798f72f58f6797f,MAV,0.3638172068486933
0x81942befbb59f4461a32af5c4798f72f58f6797f,MBOX,0.3853197327446778
0x81942befbb59f4461a32af5c4798f72f58f6797f,MKR,0.4098812884021573
0x81942befbb59f4461a32af5c4798f72f58f6797f,MOON,0.3301673132280894
0x81942befbb59f4461a32af5c4798f72f58f6797f,NEAR,0.308310378093146
0x81942befbb59f4461a32af5c4798f72f58f6797f,OP,0.3350549837979664
0x81942befbb59f4461a32af5c4798f72f58f6797f,PENDLE,0.444755193278503
0x81942befbb59f4461a32af5c4798f72f58f6797f,PEPE,0.2232993080198352
0x81942befbb59f4461a32af5c4798f72f58f6797f,PERP,0.5631021000803769
0x81942befbb59f4461a32af5c4798f72f58f6797f,PIT,0.4919464881388239
0x81942befbb59f4461a32af5c4798f72f58f6797f,POLS,0.3948287305133778
0x81942befbb59f4461a32af5c4798f72f58f6797f,PYTH,0.3245299651938656
0x81942befbb59f4461a32af5c4798f72f58f6797f,QUACK,0.493979125856109
0x81942befbb59f4461a32af5c4798f72f58f6797f,RDNT,0.2530276330129881
0x81942befbb59f4461a32af5c4798f72f58f6797f,RNDR,0.792829560806129
0x81942befbb59f4461a32af5c4798f72f58f6797f,RPL,0.4352775475548236
0x81942befbb59f4461a32af5c4798f72f58f6797f,RUNE,0.3386199378144704
0x81942befbb59f4461a32af5c4798f72f58f6797f,SFP,0.7969201086115902
0x81942befbb59f4461a32af5c4798f72f58f6797f,SFUND,0.3309587139462658
0x81942befbb59f4461a32af5c4798f72f58f6797f,SHIB,0.4959735569938157
0x81942befbb59f4461a32af5c4798f72f58f6797f,SOL,0.7305080133979328
0x81942befbb59f4461a32af5c4798f72f58f6797f,STG,0.3092557972226022
0x81942befbb59f4461a32af5c4798f72f58f6797f,SUI,0.2104006535053642
0x81942befbb59f4461a32af5c4798f72f58f6797f,SUSHI,0.4063059631768443
0x81942befbb59f4461a32af5c4798f72f58f6797f,TIA,0.0873492859214118
0x81942befbb59f4461a32af5c4798f72f58f6797f,TOKEN,0.6396943712052328
0x81942befbb59f4461a32af5c4798f72f58f6797f,TRX,0.4864367536566706
0x81942befbb59f4461a32af5c4798f72f58f6797f,UNI,0.0609827785779701
0x81942befbb59f4461a32af5c4798f72f58f6797f,USDT,0.3329973121283836
0x81942befbb59f4461a32af5c4798f72f58f6797f,XLM,0.3651273766235933
0x81942befbb59f4461a32af5c4798f72f58f6797f,XMR,1.0
0x81942befbb59f4461a32af5c4798f72f58f6797f,XRP,0.0
0x81942befbb59f4461a32af5c4798f72f58f6797f,XTZ,0.3139051982107876
0x81942befbb59f4461a32af5c4798f72f58f6797f,XVS,0.8458302525180729
0x81942befbb59f4461a32af5c4798f72f58f6797f,YFI,0.4694734793587612
0x81fbfb07888fff733958210796af7cbe4368ae5f,AAVE,0.4828701015595729
0x81fbfb07888fff733958210796af7cbe4368ae5f,ADA,0.5032889599220015
0x81fbfb07888fff733958210796af7cbe4368ae5f,ALGO,0.5266982346315815
0x81fbfb07888fff733958210796af7cbe4368ae5f,APE,0.5408266477589173
0x81fbfb07888fff733958210796af7cbe4368ae5f,APT,0.5156421148915582
0x81fbfb07888fff733958210796af7cbe4368ae5f,ATOM,0.5570746362006418
0x81fbfb07888fff733958210796af7cbe4368ae5f,AVAX,0.4655348368439321
0x81fbfb07888fff733958210796af7cbe4368ae5f,AXS,0.5372820632596982
0x81fbfb07888fff733958210796af7cbe4368ae5f,BAL,0.5443111885971806
0x81fbfb07888fff733958210796af7cbe4368ae5f,BCH,0.5257207314943498
0x81fbfb07888fff733958210796af7cbe4368ae5f,BLUR,0.4624150789892501
0x81fbfb07888fff733958210796af7cbe4368ae5f,BNB,0.5629021635445396
0x81fbfb07888fff733958210796af7cbe4368ae5f,BONK,0.4295947219908688
0x81fbfb07888fff733958210796af7cbe4368ae5f,BTC,0.5883917683481783
0x81fbfb07888fff733958210796af7cbe4368ae5f,C98,0.5462605718905494
0x81fbfb07888fff733958210796af7cbe4368ae5f,CAKE,0.5358414970402002
0x81fbfb07888fff733958210796af7cbe4368ae5f,COMP,0.5374579081770351
0x81fbfb07888fff733958210796af7cbe4368ae5f,CRV,0.543939476020538
0x81fbfb07888fff733958210796af7cbe4368ae5f,CVX,0.4773721176876349
0x81fbfb07888fff733958210796af7cbe4368ae5f,DAI,0.4893739190318409
0x81fbfb07888fff733958210796af7cbe4368ae5f,DAO,0.5554475132381279
0x81fbfb07888fff733958210796af7cbe4368ae5f,DOGE,0.4887025771092762
0x81fbfb07888fff733958210796af7cbe4368ae5f,DOT,0.5325834916461427
0x81fbfb07888fff733958210796af7cbe4368ae5f,DYDX,0.5383737045221196
0x81fbfb07888fff733958210796af7cbe4368ae5f,EOS,0.5424979203095446
0x81fbfb07888fff733958210796af7cbe4368ae5f,ETC,0.5464039386446014
0x81fbfb07888fff733958210796af7cbe4368ae5f,ETH,0.5788782674356839
0x81fbfb07888fff733958210796af7cbe4368ae5f,FET,0.5095350254679113
0x81fbfb07888fff733958210796af7cbe4368ae5f,FIL,0.5368765867132563
0x81fbfb07888fff733958210796af7cbe4368ae5f,FRAX,0.4815733037444951
0x81fbfb07888fff733958210796af7cbe4368ae5f,FTM,0.5212310429567001
0x81fbfb07888fff733958210796af7cbe4368ae5f,FXS,0.5359080576155474
0x81fbfb07888fff733958210796af7cbe4368ae5f,GRT,0.5349565791012477
0x81fbfb07888fff733958210796af7cbe4368ae5f,HAI,0.5242216446989325
0x81fbfb07888fff733958210796af7cbe4368ae5f,HERO,0.5565841835110903
0x81fbfb07888fff733958210796af7cbe4368ae5f,ICP,0.4583759184281104
0x81fbfb07888fff733958210796af7cbe4368ae5f,IMX,0.505016079512766
0x81fbfb07888fff733958210796af7cbe4368ae5f,INJ,0.525106224819563
0x81fbfb07888fff733958210796af7cbe4368ae5f,LDO,0.4797094889318162
0x81fbfb07888fff733958210796af7cbe4368ae5f,LINK,0.5492544045334419
0x81fbfb07888fff733958210796af7cbe4368ae5f,LTC,0.55032431939274
0x81fbfb07888fff733958210796af7cbe4368ae5f,MATIC,0.5500556543168486
0x81fbfb07888fff733958210796af7cbe4368ae5f,MAV,0.5073308199986482
0x81fbfb07888fff733958210796af7cbe4368ae5f,MBOX,0.5068175861424239
0x81fbfb07888fff733958210796af7cbe4368ae5f,MKR,0.5286112815384115
0x81fbfb07888fff733958210796af7cbe4368ae5f,MOON,0.5857591555080595
0x81fbfb07888fff733958210796af7cbe4368ae5f,NEAR,0.4980078850226113
0x81fbfb07888fff733958210796af7cbe4368ae5f,OP,0.4961087728683665
0x81fbfb07888fff733958210796af7cbe4368ae5f,PENDLE,0.5034649272780587
0x81fbfb07888fff733958210796af7cbe4368ae5f,PEPE,0.4394909346953332
0x81fbfb07888fff733958210796af7cbe4368ae5f,PERP,0.5525016289370912
0x81fbfb07888fff733958210796af7cbe4368ae5f,PIT,0.4997421496770476
0x81fbfb07888fff733958210796af7cbe4368ae5f,POLS,0.5184740048596974
0x81fbfb07888fff733958210796af7cbe4368ae5f,PYTH,0.4794361662349892
0x81fbfb07888fff733958210796af7cbe4368ae5f,QUACK,0.5327628345292393
0x81fbfb07888fff733958210796af7cbe4368ae5f,RDNT,0.5297968901668871
0x81fbfb07888fff733958210796af7cbe4368ae5f,RNDR,0.5313141644410706
0x81fbfb07888fff733958210796af7cbe4368ae5f,RPL,0.4871506045027721
0x81fbfb07888fff733958210796af7cbe4368ae5f,RUNE,0.480981664155485
0x81fbfb07888fff733958210796af7cbe4368ae5f,SFP,0.4805647581646565
0x81fbfb07888fff733958210796af7cbe4368ae5f,SFUND,0.5437038661590541
0x81fbfb07888fff733958210796af7cbe4368ae5f,SHIB,0.5684408071354261
0x81fbfb07888fff733958210796af7cbe4368ae5f,SOL,0.5415932159146295
0x81fbfb07888fff733958210796af7cbe4368ae5f,STG,0.505938434888818
0x81fbfb07888fff733958210796af7cbe4368ae5f,SUI,0.4876140876094265
0x81fbfb07888fff733958210796af7cbe4368ae5f,SUSHI,0.5479845611032177
0x81fbfb07888fff733958210796af7cbe4368ae5f,TIA,0.4515990472057266
0x81fbfb07888fff733958210796af7cbe4368ae5f,TOKEN,0.5002418088373795
0x81fbfb07888fff733958210796af7cbe4368ae5f,TRX,0.4871409613125915
0x81fbfb07888fff733958210796af7cbe4368ae5f,UNI,0.5434741759297793
0x81fbfb07888fff733958210796af7cbe4368ae5f,USDT,0.4869775884258342
0x81fbfb07888fff733958210796af7cbe4368ae5f,XLM,0.4993830768990845
0x81fbfb07888fff733958210796af7cbe4368ae5f,XMR,0.5285826738581285
0x81fbfb07888fff733958210796af7cbe4368ae5f,XRP,0.4805102876801163
0x81fbfb07888fff733958210796af7cbe4368ae5f,XTZ,0.5337152410835113
0x81fbfb07888fff733958210796af7cbe4368ae5f,XVS,0.4774412279279454
0x81fbfb07888fff733958210796af7cbe4368ae5f,YFI,0.5268587448731096
0x8a8e1c4e454e092fc19c6cca2034bd22b29781e7,AAVE,0.5486676
0x8a8e1c4e454e092fc19c6cca2034bd22b29781e7,ADA,0.5544391
0x8a8e1c4e454e092fc19c6cca2034bd22b29781e7,ALGO,0.5563346
0x8a8e1c4e454e092fc19c6cca2034bd22b29781e7,APE,0.5567874
0x8a8e1c4e454e092fc19c6cca2034bd22b29781e7,APT,0.5460412
0x8a8e1c4e454e092fc19c6cca2034bd22b29781e7,ATOM,0.53848946
0x8a8e1c4e454e092fc19c6cca2034bd22b29781e7,AVAX,0.54982525
0x8a8e1c4e454e092fc19c6cca2034bd22b29781e7,AXS,0.54399526
0x8a8e1c4e454e092fc19c6cca2034bd22b29781e7,BAL,0.5369284
0x8a8e1c4e454e092fc19c6cca2034bd22b29781e7,BCH,0.55363464
0x8a8e1c4e454e092fc19c6cca2034bd22b29781e7,BLUR,0.5433651
0x8a8e1c4e454e092fc19c6cca2034bd22b29781e7,BNB,0.55709916
0x8a8e1c4e454e092fc19c6cca2034bd22b29781e7,BONK,0.54858154
0x8a8e1c4e454e092fc19c6cca2034bd22b29781e7,BTC,0.56088537
0x8a8e1c4e454e092fc19c6cca2034bd22b29781e7,C98,0.5419525
0x8a8e1c4e454e092fc19c6cca2034bd22b29781e7,CAKE,0.54867953
0x8a8e1c4e454e092fc19c6cca2034bd22b29781e7,COMP,0.5359342
0x8a8e1c4e454e092fc19c6cca2034bd22b29781e7,CRV,0.5475526
0x8a8e1c4e454e092fc19c6cca2034bd22b29781e7,CVX,0.54056
0x8a8e1c4e454e092fc19c6cca2034bd22b29781e7,DAI,0.54719746
0x8a8e1c4e454e092fc19c6cca2034bd22b29781e7,DAO,0.56208867
0x8a8e1c4e454e092fc19c6cca2034bd22b29781e7,DOGE,0.5573319
0x8a8e1c4e454e092fc19c6cca2034bd22b29781e7,DOT,0.55193716
0x8a8e1c4e454e092fc19c6cca2034bd22b29781e7,DYDX,0.541863
0x8a8e1c4e454e092fc19c6cca2034bd22b29781e7,EOS,0.5583774
0x8a8e1c4e454e092fc19c6cca2034bd22b29781e7,ETC,0.55519265
0x8a8e1c4e454e092fc19c6cca2034bd22b29781e7,ETH,0.55699825
0x8a8e1c4e454e092fc19c6cca2034bd22b29781e7,FET,0.5363737
0x8a8e1c4e454e092fc19c6cca2034bd22b29781e7,FIL,0.54356945
0x8a8e1c4e454e092fc19c6cca2034bd22b29781e7,FRAX,0.54459643
0x8a8e1c4e454e092fc19c6cca2034bd22b29781e7,FTM,0.5434126
0x8a8e1c4e454e092fc19c6cca2034bd22b29781e7,FXS,0.5457976
0x8a8e1c4e454e092fc19c6cca2034bd22b29781e7,GRT,0.5540587
0x8a8e1c4e454e092fc19c6cca2034bd22b29781e7,HAI,0.5375464
0x8a8e1c4e454e092fc19c6cca2034bd22b29781e7,HERO,0.5424816
0x8a8e1c4e454e092fc19c6cca2034bd22b29781e7,ICP,0.54406255
0x8a8e1c4e454e092fc19c6cca2034bd22b29781e7,IMX,0.5395287
0x8a8e1c4e454e092fc19c6cca2034bd22b29781e7,INJ,0.55962324
0x8a8e1c4e454e092fc19c6cca2034bd22b29781e7,LDO,0.5444399
0x8a8e1c4e454e092fc19c6cca2034bd22b29781e7,LINK,0.5445968
0x8a8e1c4e454e092fc19c6cca2034bd22b29781e7,LTC,0.55430746
0x8a8e1c4e454e092fc19c6cca2034bd22b29781e7,MATIC,0.5501239
0x8a8e1c4e454e092fc19c6cca2034bd22b29781e7,MAV,0.53428805
0x8a8e1c4e454e092fc19c6cca2034bd22b29781e7,MBOX,0.5419536
0x8a8e1c4e454e092fc19c6cca2034bd22b29781e7,MKR,0.5413857
0x8a8e1c4e454e092fc19c6cca2034bd22b29781e7,MOON,0.5562149
0x8a8e1c4e454e092fc19c6cca2034bd22b29781e7,NEAR,0.5466305
0x8a8e1c4e454e092fc19c6cca2034bd22b29781e7,OP,0.55386806
0x8a8e1c4e454e092fc19c6cca2034bd22b29781e7,PENDLE,0.5486224
0x8a8e1c4e454e092fc19c6cca2034bd22b29781e7,PEPE,0.54885143
0x8a8e1c4e454e092fc19c6cca2034bd22b29781e7,PERP,0.5500541
0x8a8e1c4e454e092fc19c6cca2034bd22b29781e7,PIT,0.5368788
0x8a8e1c4e454e092fc19c6cca2034bd22b29781e7,POLS,0.5389617
0x8a8e1c4e454e092fc19c6cca2034bd22b29781e7,PYTH,0.5389395
0x8a8e1c4e454e092fc19c6cca2034bd22b29781e7,QUACK,0.54691607
0x8a8e1c4e454e092fc19c6cca2034bd22b29781e7,RDNT,0.5400264
0x8a8e1c4e454e092fc19c6cca2034bd22b29781e7,RNDR,0.54558897
0x8a8e1c4e454e092fc19c6cca2034bd22b29781e7,RPL,0.547733
0x8a8e1c4e454e092fc19c6cca2034bd22b29781e7,RUNE,0.53764147
0x8a8e1c4e454e092fc19c6cca2034bd22b29781e7,SFP,0.54814297
0x8a8e1c4e454e092fc19c6cca2034bd22b29781e7,SFUND,0.53896415
0x8a8e1c4e454e092fc19c6cca2034bd22b29781e7,SHIB,0.5546238
0x8a8e1c4e454e092fc19c6cca2034bd22b29781e7,SOL,0.5612995
0x8a8e1c4e454e092fc19c6cca2034bd22b29781e7,STG,0.5447352
0x8a8e1c4e454e092fc19c6cca2034bd22b29781e7,SUI,0.55092674
0x8a8e1c4e454e092fc19c6cca2034bd22b29781e7,SUSHI,0.5450289
0x8a8e1c4e454e092fc19c6cca2034bd22b29781e7,TIA,0.5567172
0x8a8e1c4e454e092fc19c6cca2034bd22b29781e7,TOKEN,0.5396576
0x8a8e1c4e454e092fc19c6cca2034bd22b29781e7,TRX,0.5542729
0x8a8e1c4e454e092fc19c6cca2034bd22b29781e7,UNI,0.56263787
0x8a8e1c4e454e092fc19c6cca2034bd22b29781e7,USDT,0.5531892
0x8a8e1c4e454e092fc19c6cca2034bd22b29781e7,XLM,0.5480753
0x8a8e1c4e454e092fc19c6cca2034bd22b29781e7,XMR,0.5429891
0x8a8e1c4e454e092fc19c6cca2034bd22b29781e7,XRP,0.5557363
0x8a8e1c4e454e092fc19c6cca2034bd22b29781e7,XTZ,0.5541596
0x8a8e1c4e454e092fc19c6cca2034bd22b29781e7,XVS,0.5429281
0x8a8e1c4e454e092fc19c6cca2034bd22b29781e7,YFI,0.5438073
0x943b7da96a03cc6d4d440e2f346e18ead42f1d66,AAVE,0.5131153
0x943b7da96a03cc6d4d440e2f346e18ead42f1d66,ADA,0.51609516
0x943b7da96a03cc6d4d440e2f346e18ead42f1d66,ALGO,0.5174198
0x943b7da96a03cc6d4d440e2f346e18ead42f1d66,APE,0.52013814
0x943b7da96a03cc6d4d440e2f346e18ead42f1d66,APT,0.5190646
0x943b7da96a03cc6d4d440e2f346e18ead42f1d66,ATOM,0.52252614
0x943b7da96a03cc6d4d440e2f346e18ead42f1d66,AVAX,0.5140421
0x943b7da96a03cc6d4d440e2f346e18ead42f1d66,AXS,0.51798517
0x943b7da96a03cc6d4d440e2f346e18ead42f1d66,BAL,0.5211306
0x943b7da96a03cc6d4d440e2f346e18ead42f1d66,BCH,0.5192554
0x943b7da96a03cc6d4d440e2f346e18ead42f1d66,BLUR,0.51055247
0x943b7da96a03cc6d4d440e2f346e18ead42f1d66,BNB,0.52017903
0x943b7da96a03cc6d4d440e2f346e18ead42f1d66,BONK,0.5097182
0x943b7da96a03cc6d4d440e2f346e18ead42f1d66,BTC,0.51927805
0x943b7da96a03cc6d4d440e2f346e18ead42f1d66,C98,0.52267355
0x943b7da96a03cc6d4d440e2f346e18ead42f1d66,CAKE,0.5222786
0x943b7da96a03cc6d4d440e2f346e18ead42f1d66,COMP,0.51815087
0x943b7da96a03cc6d4d440e2f346e18ead42f1d66,CRV,0.519721
0x943b7da96a03cc6d4d440e2f346e18ead42f1d66,CVX,0.5121487
0x943b7da96a03cc6d4d440e2f346e18ead42f1d66,DAI,0.5168363
0x943b7da96a03cc6d4d440e2f346e18ead42f1d66,DAO,0.5214767
0x943b7da96a03cc6d4d440e2f346e18ead42f1d66,DOGE,0.51654446
0x943b7da96a03cc6d4d440e2f346e18ead42f1d66,DOT,0.5189598
0x943b7da96a03cc6d4d440e2f346e18ead42f1d66,DYDX,0.52056146
0x943b7da96a03cc6d4d440e2f346e18ead42f1d66,EOS,0.519997
0x943b7da96a03cc6d4d440e2f346e18ead42f1d66,ETC,0.5207358
0x943b7da96a03cc6d4d440e2f346e18ead42f1d66,ETH,0.51905495
0x943b7da96a03cc6d4d440e2f346e18ead42f1d66,FET,0.5157492
0x943b7da96a03cc6d4d440e2f346e18ead42f1d66,FIL,0.5166926
0x943b7da96a03cc6d4d440e2f346e18ead42f1d66,FRAX,0.51705116
0x943b7da96a03cc6d4d440e2f346e18ead42f1d66,FTM,0.5198795
0x943b7da96a03cc6d4d440e2f346e18ead42f1d66,FXS,0.51897687
0x943b7da96a03cc6d4d440e2f346e18ead42f1d66,GRT,0.52163106
0x943b7da96a03cc6d4d440e2f346e18ead42f1d66,HAI,0.51836497
0x943b7da96a03cc6d4d440e2f346e18ead42f1d66,HERO,0.521969
0x943b7da96a03cc6d4d440e2f346e18ead42f1d66,ICP,0.51155365
0x943b7da96a03cc6d4d440e2f346e18ead42f1d66,IMX,0.5165604
0x943b7da96a03cc6d4d440e2f346e18ead42f1d66,INJ,0.51124394
0x943b7da96a03cc6d4d440e2f346e18ead42f1d66,LDO,0.51633227
0x943b7da96a03cc6d4d440e2f346e18ead42f1d66,LINK,0.5193457
0x943b7da96a03cc6d4d440e2f346e18ead42f1d66,LTC,0.5190822
0x943b7da96a03cc6d4d440e2f346e18ead42f1d66,MATIC,0.52196574
0x943b7da96a03cc6d4d440e2f346e18ead42f1d66,MAV,0.51892143
0x943b7da96a03cc6d4d440e2f346e18ead42f1d66,MBOX,0.51576984
0x943b7da96a03cc6d4d440e2f346e18ead42f1d66,MKR,0.5125731
0x943b7da96a03cc6d4d440e2f346e18ead42f1d66,MOON,0.5178083
0x943b7da96a03cc6d4d440e2f346e18ead42f1d66,NEAR,0.51499146
0x943b7da96a03cc6d4d440e2f346e18ead42f1d66,OP,0.51591
0x943b7da96a03cc6d4d440e2f346e18ead42f1d66,PENDLE,0.5154503
0x943b7da96a03cc6d4d440e2f346e18ead42f1d66,PEPE,0.51047033
0x943b7da96a03cc6d4d440e2f346e18ead42f1d66,PERP,0.5194812
0x943b7da96a03cc6d4d440e2f346e18ead42f1d66,PIT,0.51518595
0x943b7da96a03cc6d4d440e2f346e18ead42f1d66,POLS,0.5171108
0x943b7da96a03cc6d4d440e2f346e18ead42f1d66,PYTH,0.51533747
0x943b7da96a03cc6d4d440e2f346e18ead42f1d66,QUACK,0.5218857
0x943b7da96a03cc6d4d440e2f346e18ead42f1d66,RDNT,0.52018774
0x943b7da96a03cc6d4d440e2f346e18ead42f1d66,RNDR,0.5198873
0x943b7da96a03cc6d4d440e2f346e18ead42f1d66,RPL,0.5132011
0x943b7da96a03cc6d4d440e2f346e18ead42f1d66,RUNE,0.51354384
0x943b7da96a03cc6d4d440e2f346e18ead42f1d66,SFP,0.51667315
0x943b7da96a03cc6d4d440e2f346e18ead42f1d66,SFUND,0.52138287
0x943b7da96a03cc6d4d440e2f346e18ead42f1d66,SHIB,0.51973087
0x943b7da96a03cc6d4d440e2f346e18ead42f1d66,SOL,0.51234084
0x943b7da96a03cc6d4d440e2f346e18ead42f1d66,STG,0.51532406
0x943b7da96a03cc6d4d440e2f346e18ead42f1d66,SUI,0.51911616
0x943b7da96a03cc6d4d440e2f346e18ead42f1d66,SUSHI,0.52169275
0x943b7da96a03cc6d4d440e2f346e18ead42f1d66,TIA,0.51466155
0x943b7da96a03cc6d4d440e2f346e18ead42f1d66,TOKEN,0.51834863
0x943b7da96a03cc6d4d440e2f346e18ead42f1d66,TRX,0.5133619
0x943b7da96a03cc6d4d440e2f346e18ead42f1d66,UNI,0.51693594
0x943b7da96a03cc6d4d440e2f346e18ead42f1d66,USDT,0.51850545
0x943b7da96a03cc6d4d440e2f346e18ead42f1d66,XLM,0.5131201
0x943b7da96a03cc6d4d440e2f346e18ead42f1d66,XMR,0.51881415
0x943b7da96a03cc6d4d440e2f346e18ead42f1d66,XRP,0.50806415
0x943b7da96a03cc6d4d440e2f346e18ead42f1d66,XTZ,0.5181554
0x943b7da96a03cc6d4d440e2f346e18ead42f1d66,XVS,0.51296043
0x943b7da96a03cc6d4d440e2f346e18ead42f1d66,YFI,0.518859
0x95129c9fe9aff2c537db3633906a56c29ff9ea06,AAVE,0.4341058731079101
0x95129c9fe9aff2c537db3633906a56c29ff9ea06,ADA,0.545109748840332
0x95129c9fe9aff2c537db3633906a56c29ff9ea06,ALGO,0.4235115051269531
0x95129c9fe9aff2c537db3633906a56c29ff9ea06,APE,0.5045866966247559
0x95129c9fe9aff2c537db3633906a56c29ff9ea06,APT,0.390359878540039
0x95129c9fe9aff2c537db3633906a56c29ff9ea06,ATOM,0.2620949745178222
0x95129c9fe9aff2c537db3633906a56c29ff9ea06,AVAX,0.4224066734313965
0x95129c9fe9aff2c537db3633906a56c29ff9ea06,AXS,0.2722625732421875
0x95129c9fe9aff2c537db3633906a56c29ff9ea06,BAL,0.3211393356323242
0x95129c9fe9aff2c537db3633906a56c29ff9ea06,BCH,0.3142361640930176
0x95129c9fe9aff2c537db3633906a56c29ff9ea06,BLUR,0.5192561149597168
0x95129c9fe9aff2c537db3633906a56c29ff9ea06,BNB,0.3587908744812011
0x95129c9fe9aff2c537db3633906a56c29ff9ea06,BONK,0.1877036094665527
0x95129c9fe9aff2c537db3633906a56c29ff9ea06,BTC,0.5808367729187012
0x95129c9fe9aff2c537db3633906a56c29ff9ea06,C98,0.384033203125
0x95129c9fe9aff2c537db3633906a56c29ff9ea06,CAKE,0.3831396102905273
0x95129c9fe9aff2c537db3633906a56c29ff9ea06,COMP,0.3763132095336914
0x95129c9fe9aff2c537db3633906a56c29ff9ea06,CRV,0.490638256072998
0x95129c9fe9aff2c537db3633906a56c29ff9ea06,CVX,0.3323688507080078
0x95129c9fe9aff2c537db3633906a56c29ff9ea06,DAI,0.4180455207824707
0x95129c9fe9aff2c537db3633906a56c29ff9ea06,DAO,0.2363133430480957
0x95129c9fe9aff2c537db3633906a56c29ff9ea06,DOGE,0.3010225296020508
0x95129c9fe9aff2c537db3633906a56c29ff9ea06,DOT,0.4514312744140625
0x95129c9fe9aff2c537db3633906a56c29ff9ea06,DYDX,0.7002706527709961
0x95129c9fe9aff2c537db3633906a56c29ff9ea06,EOS,0.5631198883056641
0x95129c9fe9aff2c537db3633906a56c29ff9ea06,ETC,0.177708625793457
0x95129c9fe9aff2c537db3633906a56c29ff9ea06,ETH,0.9082608222961426
0x95129c9fe9aff2c537db3633906a56c29ff9ea06,FET,0.8424229621887207
0x95129c9fe9aff2c537db3633906a56c29ff9ea06,FIL,0.319650650024414
0x95129c9fe9aff2c537db3633906a56c29ff9ea06,FRAX,0.3766727447509765
0x95129c9fe9aff2c537db3633906a56c29ff9ea06,FTM,0.5140676498413086
0x95129c9fe9aff2c537db3633906a56c29ff9ea06,FXS,0.4039850234985351
0x95129c9fe9aff2c537db3633906a56c29ff9ea06,GRT,0.282414436340332
0x95129c9fe9aff2c537db3633906a56c29ff9ea06,HAI,0.7294425964355469
0x95129c9fe9aff2c537db3633906a56c29ff9ea06,HERO,0.6664524078369141
0x95129c9fe9aff2c537db3633906a56c29ff9ea06,ICP,0.2485914230346679
0x95129c9fe9aff2c537db3633906a56c29ff9ea06,IMX,0.4110174179077148
0x95129c9fe9aff2c537db3633906a56c29ff9ea06,INJ,0.482795238494873
0x95129c9fe9aff2c537db3633906a56c29ff9ea06,LDO,0.0
0x95129c9fe9aff2c537db3633906a56c29ff9ea06,LINK,0.6050734519958496
0x95129c9fe9aff2c537db3633906a56c29ff9ea06,LTC,0.5596990585327148
0x95129c9fe9aff2c537db3633906a56c29ff9ea06,MATIC,0.3677716255187988
0x95129c9fe9aff2c537db3633906a56c29ff9ea06,MAV,0.3865737915039062
0x95129c9fe9aff2c537db3633906a56c29ff9ea06,MBOX,0.3196239471435547
0x95129c9fe9aff2c537db3633906a56c29ff9ea06,MKR,0.4359650611877441
0x95129c9fe9aff2c537db3633906a56c29ff9ea06,MOON,0.5192704200744629
0x95129c9fe9aff2c537db3633906a56c29ff9ea06,NEAR,0.3384022712707519
0x95129c9fe9aff2c537db3633906a56c29ff9ea06,OP,0.4247541427612304
0x95129c9fe9aff2c537db3633906a56c29ff9ea06,PENDLE,0.4864873886108398
0x95129c9fe9aff2c537db3633906a56c29ff9ea06,PEPE,0.2511205673217773
0x95129c9fe9aff2c537db3633906a56c29ff9ea06,PERP,0.5540637969970703
0x95129c9fe9aff2c537db3633906a56c29ff9ea06,PIT,0.5432939529418945
0x95129c9fe9aff2c537db3633906a56c29ff9ea06,POLS,0.3642888069152832
0x95129c9fe9aff2c537db3633906a56c29ff9ea06,PYTH,0.3394594192504883
0x95129c9fe9aff2c537db3633906a56c29ff9ea06,QUACK,0.5215253829956055
0x95129c9fe9aff2c537db3633906a56c29ff9ea06,RDNT,0.2584266662597656
0x95129c9fe9aff2c537db3633906a56c29ff9ea06,RNDR,0.5480546951293945
0x95129c9fe9aff2c537db3633906a56c29ff9ea06,RPL,0.5971660614013672
0x95129c9fe9aff2c537db3633906a56c29ff9ea06,RUNE,0.3940081596374511
0x95129c9fe9aff2c537db3633906a56c29ff9ea06,SFP,0.6181578636169434
0x95129c9fe9aff2c537db3633906a56c29ff9ea06,SFUND,0.2964687347412109
0x95129c9fe9aff2c537db3633906a56c29ff9ea06,SHIB,0.532557487487793
0x95129c9fe9aff2c537db3633906a56c29ff9ea06,SOL,0.941063404083252
0x95129c9fe9aff2c537db3633906a56c29ff9ea06,STG,0.3989300727844238
0x95129c9fe9aff2c537db3633906a56c29ff9ea06,SUI,0.1902270317077636
0x95129c9fe9aff2c537db3633906a56c29ff9ea06,SUSHI,0.3543672561645508
0x95129c9fe9aff2c537db3633906a56c29ff9ea06,TIA,0.1400489807128906
0x95129c9fe9aff2c537db3633906a56c29ff9ea06,TOKEN,0.5304379463195801
0x95129c9fe9aff2c537db3633906a56c29ff9ea06,TRX,0.2465033531188964
0x95129c9fe9aff2c537db3633906a56c29ff9ea06,UNI,0.1149377822875976
0x95129c9fe9aff2c537db3633906a56c29ff9ea06,USDT,0.5043821334838867
0x95129c9fe9aff2c537db3633906a56c29ff9ea06,XLM,0.5643396377563477
0x95129c9fe9aff2c537db3633906a56c29ff9ea06,XMR,1.0
0x95129c9fe9aff2c537db3633906a56c29ff9ea06,XRP,0.0247688293457031
0x95129c9fe9aff2c537db3633906a56c29ff9ea06,XTZ,0.3090114593505859
0x95129c9fe9aff2c537db3633906a56c29ff9ea06,XVS,0.5042457580566406
0x95129c9fe9aff2c537db3633906a56c29ff9ea06,YFI,0.492070198059082
0x98e41d65e981a882afcb05d41939197da3465b6f,AAVE,0.49690306
0x98e41d65e981a882afcb05d41939197da3465b6f,ADA,0.51647985
0x98e41d65e981a882afcb05d41939197da3465b6f,ALGO,0.51792306
0x98e41d65e981a882afcb05d41939197da3465b6f,APE,0.5027726
0x98e41d65e981a882afcb05d41939197da3465b6f,APT,0.5035669
0x98e41d65e981a882afcb05d41939197da3465b6f,ATOM,0.5462623
0x98e41d65e981a882afcb05d41939197da3465b6f,AVAX,0.4918003
0x98e41d65e981a882afcb05d41939197da3465b6f,AXS,0.5356466
0x98e41d65e981a882afcb05d41939197da3465b6f,BAL,0.520066
0x98e41d65e981a882afcb05d41939197da3465b6f,BCH,0.52567613
0x98e41d65e981a882afcb05d41939197da3465b6f,BLUR,0.439029
0x98e41d65e981a882afcb05d41939197da3465b6f,BNB,0.5329709
0x98e41d65e981a882afcb05d41939197da3465b6f,BONK,0.4231988
0x98e41d65e981a882afcb05d41939197da3465b6f,BTC,0.5423706
0x98e41d65e981a882afcb05d41939197da3465b6f,C98,0.5340373
0x98e41d65e981a882afcb05d41939197da3465b6f,CAKE,0.5301408
0x98e41d65e981a882afcb05d41939197da3465b6f,COMP,0.53908914
0x98e41d65e981a882afcb05d41939197da3465b6f,CRV,0.52857304
0x98e41d65e981a882afcb05d41939197da3465b6f,CVX,0.47915444
0x98e41d65e981a882afcb05d41939197da3465b6f,DAI,0.50822747
0x98e41d65e981a882afcb05d41939197da3465b6f,DAO,0.52996665
0x98e41d65e981a882afcb05d41939197da3465b6f,DOGE,0.5193103
0x98e41d65e981a882afcb05d41939197da3465b6f,DOT,0.5108242
0x98e41d65e981a882afcb05d41939197da3465b6f,DYDX,0.52014095
0x98e41d65e981a882afcb05d41939197da3465b6f,EOS,0.5305444
0x98e41d65e981a882afcb05d41939197da3465b6f,ETC,0.535154
0x98e41d65e981a882afcb05d41939197da3465b6f,ETH,0.57340586
0x98e41d65e981a882afcb05d41939197da3465b6f,FET,0.47709578
0x98e41d65e981a882afcb05d41939197da3465b6f,FIL,0.537611
0x98e41d65e981a882afcb05d41939197da3465b6f,FRAX,0.49780983
0x98e41d65e981a882afcb05d41939197da3465b6f,FTM,0.49051994
0x98e41d65e981a882afcb05d41939197da3465b6f,FXS,0.504134
0x98e41d65e981a882afcb05d41939197da3465b6f,GRT,0.53002346
0x98e41d65e981a882afcb05d41939197da3465b6f,HAI,0.5382627
0x98e41d65e981a882afcb05d41939197da3465b6f,HERO,0.55649805
0x98e41d65e981a882afcb05d41939197da3465b6f,ICP,0.46520552
0x98e41d65e981a882afcb05d41939197da3465b6f,IMX,0.4859038
0x98e41d65e981a882afcb05d41939197da3465b6f,INJ,0.51514244
0x98e41d65e981a882afcb05d41939197da3465b6f,LDO,0.49107972
0x98e41d65e981a882afcb05d41939197da3465b6f,LINK,0.5292856
0x98e41d65e981a882afcb05d41939197da3465b6f,LTC,0.5482205
0x98e41d65e981a882afcb05d41939197da3465b6f,MATIC,0.53454036
0x98e41d65e981a882afcb05d41939197da3465b6f,MAV,0.4883641
0x98e41d65e981a882afcb05d41939197da3465b6f,MBOX,0.51048535
0x98e41d65e981a882afcb05d41939197da3465b6f,MKR,0.53111297
0x98e41d65e981a882afcb05d41939197da3465b6f,MOON,0.5586016
0x98e41d65e981a882afcb05d41939197da3465b6f,NEAR,0.5068972
0x98e41d65e981a882afcb05d41939197da3465b6f,OP,0.5127383
0x98e41d65e981a882afcb05d41939197da3465b6f,PENDLE,0.49202964
0x98e41d65e981a882afcb05d41939197da3465b6f,PEPE,0.48320344
0x98e41d65e981a882afcb05d41939197da3465b6f,PERP,0.5232576
0x98e41d65e981a882afcb05d41939197da3465b6f,PIT,0.509538
0x98e41d65e981a882afcb05d41939197da3465b6f,POLS,0.52878076
0x98e41d65e981a882afcb05d41939197da3465b6f,PYTH,0.49432346
0x98e41d65e981a882afcb05d41939197da3465b6f,QUACK,0.52809757
0x98e41d65e981a882afcb05d41939197da3465b6f,RDNT,0.512261
0x98e41d65e981a882afcb05d41939197da3465b6f,RNDR,0.53196335
0x98e41d65e981a882afcb05d41939197da3465b6f,RPL,0.46634197
0x98e41d65e981a882afcb05d41939197da3465b6f,RUNE,0.47711948
0x98e41d65e981a882afcb05d41939197da3465b6f,SFP,0.47320068
0x98e41d65e981a882afcb05d41939197da3465b6f,SFUND,0.53343505
0x98e41d65e981a882afcb05d41939197da3465b6f,SHIB,0.5394714
0x98e41d65e981a882afcb05d41939197da3465b6f,SOL,0.5287338
0x98e41d65e981a882afcb05d41939197da3465b6f,STG,0.5059385
0x98e41d65e981a882afcb05d41939197da3465b6f,SUI,0.5031936
0x98e41d65e981a882afcb05d41939197da3465b6f,SUSHI,0.5290275
0x98e41d65e981a882afcb05d41939197da3465b6f,TIA,0.43661493
0x98e41d65e981a882afcb05d41939197da3465b6f,TOKEN,0.4947513
0x98e41d65e981a882afcb05d41939197da3465b6f,TRX,0.52041847
0x98e41d65e981a882afcb05d41939197da3465b6f,UNI,0.5306028
0x98e41d65e981a882afcb05d41939197da3465b6f,USDT,0.49341547
0x98e41d65e981a882afcb05d41939197da3465b6f,XLM,0.50449055
0x98e41d65e981a882afcb05d41939197da3465b6f,XMR,0.51509136
0x98e41d65e981a882afcb05d41939197da3465b6f,XRP,0.48003784
0x98e41d65e981a882afcb05d41939197da3465b6f,XTZ,0.52603215
0x98e41d65e981a882afcb05d41939197da3465b6f,XVS,0.4621441
0x98e41d65e981a882afcb05d41939197da3465b6f,YFI,0.51250374
0x9977891dd3be0d14082c0ac6624b808a951fd567,AAVE,0.3780469894409179
0x9977891dd3be0d14082c0ac6624b808a951fd567,ADA,0.5134525299072266
0x9977891dd3be0d14082c0ac6624b808a951fd567,ALGO,0.3585672378540039
0x9977891dd3be0d14082c0ac6624b808a951fd567,APE,0.3096208572387695
0x9977891dd3be0d14082c0ac6624b808a951fd567,APT,0.5313043594360352
0x9977891dd3be0d14082c0ac6624b808a951fd567,ATOM,0.636540412902832
0x9977891dd3be0d14082c0ac6624b808a951fd567,AVAX,0.3236637115478515
0x9977891dd3be0d14082c0ac6624b808a951fd567,AXS,0.4455432891845703
0x9977891dd3be0d14082c0ac6624b808a951fd567,BAL,0.2992620468139648
0x9977891dd3be0d14082c0ac6624b808a951fd567,BCH,0.8204326629638672
0x9977891dd3be0d14082c0ac6624b808a951fd567,BLUR,0.2661628723144531
0x9977891dd3be0d14082c0ac6624b808a951fd567,BNB,0.6739959716796875
0x9977891dd3be0d14082c0ac6624b808a951fd567,BONK,0.2550067901611328
0x9977891dd3be0d14082c0ac6624b808a951fd567,BTC,0.6666984558105469
0x9977891dd3be0d14082c0ac6624b808a951fd567,C98,0.4748344421386719
0x9977891dd3be0d14082c0ac6624b808a951fd567,CAKE,0.4795179367065429
0x9977891dd3be0d14082c0ac6624b808a951fd567,COMP,0.4015579223632812
0x9977891dd3be0d14082c0ac6624b808a951fd567,CRV,0.5408592224121094
0x9977891dd3be0d14082c0ac6624b808a951fd567,CVX,0.1758632659912109
0x9977891dd3be0d14082c0ac6624b808a951fd567,DAI,0.5520992279052734
0x9977891dd3be0d14082c0ac6624b808a951fd567,DAO,0.2119436264038086
0x9977891dd3be0d14082c0ac6624b808a951fd567,DOGE,0.3936262130737304
0x9977891dd3be0d14082c0ac6624b808a951fd567,DOT,0.6800413131713867
0x9977891dd3be0d14082c0ac6624b808a951fd567,DYDX,0.5694808959960938
0x9977891dd3be0d14082c0ac6624b808a951fd567,EOS,0.0
0x9977891dd3be0d14082c0ac6624b808a951fd567,ETC,0.4880914688110351
0x9977891dd3be0d14082c0ac6624b808a951fd567,ETH,0.4915218353271484
0x9977891dd3be0d14082c0ac6624b808a951fd567,FET,1.0
0x9977891dd3be0d14082c0ac6624b808a951fd567,FIL,0.1167726516723632
0x9977891dd3be0d14082c0ac6624b808a951fd567,FRAX,0.7278833389282227
0x9977891dd3be0d14082c0ac6624b808a951fd567,FTM,0.4960594177246094
0x9977891dd3be0d14082c0ac6624b808a951fd567,FXS,0.1426315307617187
0x9977891dd3be0d14082c0ac6624b808a951fd567,GRT,0.6022481918334961
0x9977891dd3be0d14082c0ac6624b808a951fd567,HAI,0.3707990646362304
0x9977891dd3be0d14082c0ac6624b808a951fd567,HERO,0.5774087905883789
0x9977891dd3be0d14082c0ac6624b808a951fd567,ICP,0.2953453063964844
0x9977891dd3be0d14082c0ac6624b808a951fd567,IMX,0.2188367843627929
0x9977891dd3be0d14082c0ac6624b808a951fd567,INJ,0.6429538726806641
0x9977891dd3be0d14082c0ac6624b808a951fd567,LDO,0.3403787612915039
0x9977891dd3be0d14082c0ac6624b808a951fd567,LINK,0.6518983840942383
0x9977891dd3be0d14082c0ac6624b808a951fd567,LTC,0.3587827682495117
0x9977891dd3be0d14082c0ac6624b808a951fd567,MATIC,0.4201345443725586
0x9977891dd3be0d14082c0ac6624b808a951fd567,MAV,0.4323406219482422
0x9977891dd3be0d14082c0ac6624b808a951fd567,MBOX,0.271519660949707
0x9977891dd3be0d14082c0ac6624b808a951fd567,MKR,0.4171228408813476
0x9977891dd3be0d14082c0ac6624b808a951fd567,MOON,0.5023593902587891
0x9977891dd3be0d14082c0ac6624b808a951fd567,NEAR,0.5901660919189453
0x9977891dd3be0d14082c0ac6624b808a951fd567,OP,0.5538663864135742
0x9977891dd3be0d14082c0ac6624b808a951fd567,PENDLE,0.375894546508789
0x9977891dd3be0d14082c0ac6624b808a951fd567,PEPE,0.5827274322509766
0x9977891dd3be0d14082c0ac6624b808a951fd567,PERP,0.4478874206542969
0x9977891dd3be0d14082c0ac6624b808a951fd567,PIT,0.5836963653564453
0x9977891dd3be0d14082c0ac6624b808a951fd567,POLS,0.6997404098510742
0x9977891dd3be0d14082c0ac6624b808a951fd567,PYTH,0.2222070693969726
0x9977891dd3be0d14082c0ac6624b808a951fd567,QUACK,0.6656656265258789
0x9977891dd3be0d14082c0ac6624b808a951fd567,RDNT,0.2122478485107422
0x9977891dd3be0d14082c0ac6624b808a951fd567,RNDR,0.3997211456298828
0x9977891dd3be0d14082c0ac6624b808a951fd567,RPL,0.5894193649291992
0x9977891dd3be0d14082c0ac6624b808a951fd567,RUNE,0.4830427169799804
0x9977891dd3be0d14082c0ac6624b808a951fd567,SFP,0.308023452758789
0x9977891dd3be0d14082c0ac6624b808a951fd567,SFUND,0.3072423934936523
0x9977891dd3be0d14082c0ac6624b808a951fd567,SHIB,0.4651613235473633
0x9977891dd3be0d14082c0ac6624b808a951fd567,SOL,0.8257789611816406
0x9977891dd3be0d14082c0ac6624b808a951fd567,STG,0.4170551300048828
0x9977891dd3be0d14082c0ac6624b808a951fd567,SUI,0.3257007598876953
0x9977891dd3be0d14082c0ac6624b808a951fd567,SUSHI,0.3420734405517578
0x9977891dd3be0d14082c0ac6624b808a951fd567,TIA,0.2522964477539062
0x9977891dd3be0d14082c0ac6624b808a951fd567,TOKEN,0.7578601837158203
0x9977891dd3be0d14082c0ac6624b808a951fd567,TRX,0.3314132690429687
0x9977891dd3be0d14082c0ac6624b808a951fd567,UNI,0.7002029418945312
0x9977891dd3be0d14082c0ac6624b808a951fd567,USDT,0.2946462631225586
0x9977891dd3be0d14082c0ac6624b808a951fd567,XLM,0.756281852722168
0x9977891dd3be0d14082c0ac6624b808a951fd567,XMR,0.7790889739990234
0x9977891dd3be0d14082c0ac6624b808a951fd567,XRP,0.0105171203613281
0x9977891dd3be0d14082c0ac6624b808a951fd567,XTZ,0.3834495544433594
0x9977891dd3be0d14082c0ac6624b808a951fd567,XVS,0.7363491058349609
0x9977891dd3be0d14082c0ac6624b808a951fd567,YFI,0.2134418487548828
0x9aa5c9c4a500ee3bd06798a0fa415298e63412ac,AAVE,0.49248904
0x9aa5c9c4a500ee3bd06798a0fa415298e63412ac,ADA,0.52521783
0x9aa5c9c4a500ee3bd06798a0fa415298e63412ac,ALGO,0.53081936
0x9aa5c9c4a500ee3bd06798a0fa415298e63412ac,APE,0.5189673
0x9aa5c9c4a500ee3bd06798a0fa415298e63412ac,APT,0.50659066
0x9aa5c9c4a500ee3bd06798a0fa415298e63412ac,ATOM,0.5330404
0x9aa5c9c4a500ee3bd06798a0fa415298e63412ac,AVAX,0.49549118
0x9aa5c9c4a500ee3bd06798a0fa415298e63412ac,AXS,0.52494884
0x9aa5c9c4a500ee3bd06798a0fa415298e63412ac,BAL,0.5324906
0x9aa5c9c4a500ee3bd06798a0fa415298e63412ac,BCH,0.52078515
0x9aa5c9c4a500ee3bd06798a0fa415298e63412ac,BLUR,0.45923164
0x9aa5c9c4a500ee3bd06798a0fa415298e63412ac,BNB,0.54157585
0x9aa5c9c4a500ee3bd06798a0fa415298e63412ac,BONK,0.38051096
0x9aa5c9c4a500ee3bd06798a0fa415298e63412ac,BTC,0.5507529
0x9aa5c9c4a500ee3bd06798a0fa415298e63412ac,C98,0.53538334
0x9aa5c9c4a500ee3bd06798a0fa415298e63412ac,CAKE,0.54415447
0x9aa5c9c4a500ee3bd06798a0fa415298e63412ac,COMP,0.52625513
0x9aa5c9c4a500ee3bd06798a0fa415298e63412ac,CRV,0.53327626
0x9aa5c9c4a500ee3bd06798a0fa415298e63412ac,CVX,0.5002146
0x9aa5c9c4a500ee3bd06798a0fa415298e63412ac,DAI,0.5095123
0x9aa5c9c4a500ee3bd06798a0fa415298e63412ac,DAO,0.53251076
0x9aa5c9c4a500ee3bd06798a0fa415298e63412ac,DOGE,0.49692848
0x9aa5c9c4a500ee3bd06798a0fa415298e63412ac,DOT,0.51550823
0x9aa5c9c4a500ee3bd06798a0fa415298e63412ac,DYDX,0.5268016
0x9aa5c9c4a500ee3bd06798a0fa415298e63412ac,EOS,0.5311043
0x9aa5c9c4a500ee3bd06798a0fa415298e63412ac,ETC,0.54655427
0x9aa5c9c4a500ee3bd06798a0fa415298e63412ac,ETH,0.51053375
0x9aa5c9c4a500ee3bd06798a0fa415298e63412ac,FET,0.48936644
0x9aa5c9c4a500ee3bd06798a0fa415298e63412ac,FIL,0.49761176
0x9aa5c9c4a500ee3bd06798a0fa415298e63412ac,FRAX,0.5109177
0x9aa5c9c4a500ee3bd06798a0fa415298e63412ac,FTM,0.511304
0x9aa5c9c4a500ee3bd06798a0fa415298e63412ac,FXS,0.49875432
0x9aa5c9c4a500ee3bd06798a0fa415298e63412ac,GRT,0.5212245
0x9aa5c9c4a500ee3bd06798a0fa415298e63412ac,HAI,0.54647946
0x9aa5c9c4a500ee3bd06798a0fa415298e63412ac,HERO,0.53948176
0x9aa5c9c4a500ee3bd06798a0fa415298e63412ac,ICP,0.43899032
0x9aa5c9c4a500ee3bd06798a0fa415298e63412ac,IMX,0.4856542
0x9aa5c9c4a500ee3bd06798a0fa415298e63412ac,INJ,0.44597086
0x9aa5c9c4a500ee3bd06798a0fa415298e63412ac,LDO,0.49852607
0x9aa5c9c4a500ee3bd06798a0fa415298e63412ac,LINK,0.52413213
0x9aa5c9c4a500ee3bd06798a0fa415298e63412ac,LTC,0.5251683
0x9aa5c9c4a500ee3bd06798a0fa415298e63412ac,MATIC,0.5322736
0x9aa5c9c4a500ee3bd06798a0fa415298e63412ac,MAV,0.5048457
0x9aa5c9c4a500ee3bd06798a0fa415298e63412ac,MBOX,0.4973049
0x9aa5c9c4a500ee3bd06798a0fa415298e63412ac,MKR,0.453983
0x9aa5c9c4a500ee3bd06798a0fa415298e63412ac,MOON,0.5359936
0x9aa5c9c4a500ee3bd06798a0fa415298e63412ac,NEAR,0.48405078
0x9aa5c9c4a500ee3bd06798a0fa415298e63412ac,OP,0.49138394
0x9aa5c9c4a500ee3bd06798a0fa415298e63412ac,PENDLE,0.5073256
0x9aa5c9c4a500ee3bd06798a0fa415298e63412ac,PEPE,0.40827224
0x9aa5c9c4a500ee3bd06798a0fa415298e63412ac,PERP,0.53354424
0x9aa5c9c4a500ee3bd06798a0fa415298e63412ac,PIT,0.5127355
0x9aa5c9c4a500ee3bd06798a0fa415298e63412ac,POLS,0.49642187
0x9aa5c9c4a500ee3bd06798a0fa415298e63412ac,PYTH,0.48516306
0x9aa5c9c4a500ee3bd06798a0fa415298e63412ac,QUACK,0.538237
0x9aa5c9c4a500ee3bd06798a0fa415298e63412ac,RDNT,0.5243993
0x9aa5c9c4a500ee3bd06798a0fa415298e63412ac,RNDR,0.5188172
0x9aa5c9c4a500ee3bd06798a0fa415298e63412ac,RPL,0.4724859
0x9aa5c9c4a500ee3bd06798a0fa415298e63412ac,RUNE,0.4439971
0x9aa5c9c4a500ee3bd06798a0fa415298e63412ac,SFP,0.49593708
0x9aa5c9c4a500ee3bd06798a0fa415298e63412ac,SFUND,0.5277728
0x9aa5c9c4a500ee3bd06798a0fa415298e63412ac,SHIB,0.53318566
0x9aa5c9c4a500ee3bd06798a0fa415298e63412ac,SOL,0.5001003
0x9aa5c9c4a500ee3bd06798a0fa415298e63412ac,STG,0.50839627
0x9aa5c9c4a500ee3bd06798a0fa415298e63412ac,SUI,0.49416777
0x9aa5c9c4a500ee3bd06798a0fa415298e63412ac,SUSHI,0.53691083
0x9aa5c9c4a500ee3bd06798a0fa415298e63412ac,TIA,0.4674189
0x9aa5c9c4a500ee3bd06798a0fa415298e63412ac,TOKEN,0.4965952
0x9aa5c9c4a500ee3bd06798a0fa415298e63412ac,TRX,0.5055658
0x9aa5c9c4a500ee3bd06798a0fa415298e63412ac,UNI,0.4933831
0x9aa5c9c4a500ee3bd06798a0fa415298e63412ac,USDT,0.51055586
0x9aa5c9c4a500ee3bd06798a0fa415298e63412ac,XLM,0.51181656
0x9aa5c9c4a500ee3bd06798a0fa415298e63412ac,XMR,0.495384
0x9aa5c9c4a500ee3bd06798a0fa415298e63412ac,XRP,0.44637904
0x9aa5c9c4a500ee3bd06798a0fa415298e63412ac,XTZ,0.52953285
0x9aa5c9c4a500ee3bd06798a0fa415298e63412ac,XVS,0.47081566
0x9aa5c9c4a500ee3bd06798a0fa415298e63412ac,YFI,0.5259254
0x9c40349fbbb3fdca0dbb8d5a9ec1063476288a01,AAVE,0.48186782
0x9c40349fbbb3fdca0dbb8d5a9ec1063476288a01,ADA,0.50910354
0x9c40349fbbb3fdca0dbb8d5a9ec1063476288a01,ALGO,0.527246
0x9c40349fbbb3fdca0dbb8d5a9ec1063476288a01,APE,0.5034958
0x9c40349fbbb3fdca0dbb8d5a9ec1063476288a01,APT,0.5220514
0x9c40349fbbb3fdca0dbb8d5a9ec1063476288a01,ATOM,0.5431077
0x9c40349fbbb3fdca0dbb8d5a9ec1063476288a01,AVAX,0.5143543
0x9c40349fbbb3fdca0dbb8d5a9ec1063476288a01,AXS,0.52047306
0x9c40349fbbb3fdca0dbb8d5a9ec1063476288a01,BAL,0.5340264
0x9c40349fbbb3fdca0dbb8d5a9ec1063476288a01,BCH,0.51809186
0x9c40349fbbb3fdca0dbb8d5a9ec1063476288a01,BLUR,0.4795606
0x9c40349fbbb3fdca0dbb8d5a9ec1063476288a01,BNB,0.5386545
0x9c40349fbbb3fdca0dbb8d5a9ec1063476288a01,BONK,0.4382531
0x9c40349fbbb3fdca0dbb8d5a9ec1063476288a01,BTC,0.5639657
0x9c40349fbbb3fdca0dbb8d5a9ec1063476288a01,C98,0.5302267
0x9c40349fbbb3fdca0dbb8d5a9ec1063476288a01,CAKE,0.5259402
0x9c40349fbbb3fdca0dbb8d5a9ec1063476288a01,COMP,0.53033376
0x9c40349fbbb3fdca0dbb8d5a9ec1063476288a01,CRV,0.5322107
0x9c40349fbbb3fdca0dbb8d5a9ec1063476288a01,CVX,0.49954507
0x9c40349fbbb3fdca0dbb8d5a9ec1063476288a01,DAI,0.52504
0x9c40349fbbb3fdca0dbb8d5a9ec1063476288a01,DAO,0.5367775
0x9c40349fbbb3fdca0dbb8d5a9ec1063476288a01,DOGE,0.5095565
0x9c40349fbbb3fdca0dbb8d5a9ec1063476288a01,DOT,0.5117654
0x9c40349fbbb3fdca0dbb8d5a9ec1063476288a01,DYDX,0.5265974
0x9c40349fbbb3fdca0dbb8d5a9ec1063476288a01,EOS,0.53982335
0x9c40349fbbb3fdca0dbb8d5a9ec1063476288a01,ETC,0.5575718
0x9c40349fbbb3fdca0dbb8d5a9ec1063476288a01,ETH,0.5388762
0x9c40349fbbb3fdca0dbb8d5a9ec1063476288a01,FET,0.48975784
0x9c40349fbbb3fdca0dbb8d5a9ec1063476288a01,FIL,0.53107584
0x9c40349fbbb3fdca0dbb8d5a9ec1063476288a01,FRAX,0.5086322
0x9c40349fbbb3fdca0dbb8d5a9ec1063476288a01,FTM,0.5022198
0x9c40349fbbb3fdca0dbb8d5a9ec1063476288a01,FXS,0.49953187
0x9c40349fbbb3fdca0dbb8d5a9ec1063476288a01,GRT,0.5260225
0x9c40349fbbb3fdca0dbb8d5a9ec1063476288a01,HAI,0.52660775
0x9c40349fbbb3fdca0dbb8d5a9ec1063476288a01,HERO,0.55369216
0x9c40349fbbb3fdca0dbb8d5a9ec1063476288a01,ICP,0.484837
0x9c40349fbbb3fdca0dbb8d5a9ec1063476288a01,IMX,0.49170935
0x9c40349fbbb3fdca0dbb8d5a9ec1063476288a01,INJ,0.5150849
0x9c40349fbbb3fdca0dbb8d5a9ec1063476288a01,LDO,0.47704878
0x9c40349fbbb3fdca0dbb8d5a9ec1063476288a01,LINK,0.5214638
0x9c40349fbbb3fdca0dbb8d5a9ec1063476288a01,LTC,0.5226227
0x9c40349fbbb3fdca0dbb8d5a9ec1063476288a01,MATIC,0.5500377
0x9c40349fbbb3fdca0dbb8d5a9ec1063476288a01,MAV,0.4830157
0x9c40349fbbb3fdca0dbb8d5a9ec1063476288a01,MBOX,0.50283176
0x9c40349fbbb3fdca0dbb8d5a9ec1063476288a01,MKR,0.5091835
0x9c40349fbbb3fdca0dbb8d5a9ec1063476288a01,MOON,0.5782763
0x9c40349fbbb3fdca0dbb8d5a9ec1063476288a01,NEAR,0.47587985
0x9c40349fbbb3fdca0dbb8d5a9ec1063476288a01,OP,0.48501882
0x9c40349fbbb3fdca0dbb8d5a9ec1063476288a01,PENDLE,0.5099738
0x9c40349fbbb3fdca0dbb8d5a9ec1063476288a01,PEPE,0.43384612
0x9c40349fbbb3fdca0dbb8d5a9ec1063476288a01,PERP,0.50881314
0x9c40349fbbb3fdca0dbb8d5a9ec1063476288a01,PIT,0.50150406
0x9c40349fbbb3fdca0dbb8d5a9ec1063476288a01,POLS,0.50027436
0x9c40349fbbb3fdca0dbb8d5a9ec1063476288a01,PYTH,0.4797428
0x9c40349fbbb3fdca0dbb8d5a9ec1063476288a01,QUACK,0.51538837
0x9c40349fbbb3fdca0dbb8d5a9ec1063476288a01,RDNT,0.530601
0x9c40349fbbb3fdca0dbb8d5a9ec1063476288a01,RNDR,0.520631
0x9c40349fbbb3fdca0dbb8d5a9ec1063476288a01,RPL,0.47766364
0x9c40349fbbb3fdca0dbb8d5a9ec1063476288a01,RUNE,0.46360216
0x9c40349fbbb3fdca0dbb8d5a9ec1063476288a01,SFP,0.45960176
0x9c40349fbbb3fdca0dbb8d5a9ec1063476288a01,SFUND,0.5326087
0x9c40349fbbb3fdca0dbb8d5a9ec1063476288a01,SHIB,0.52765584
0x9c40349fbbb3fdca0dbb8d5a9ec1063476288a01,SOL,0.49639162
0x9c40349fbbb3fdca0dbb8d5a9ec1063476288a01,STG,0.5216554
0x9c40349fbbb3fdca0dbb8d5a9ec1063476288a01,SUI,0.4908288
0x9c40349fbbb3fdca0dbb8d5a9ec1063476288a01,SUSHI,0.5236886
0x9c40349fbbb3fdca0dbb8d5a9ec1063476288a01,TIA,0.43455085
0x9c40349fbbb3fdca0dbb8d5a9ec1063476288a01,TOKEN,0.47479674
0x9c40349fbbb3fdca0dbb8d5a9ec1063476288a01,TRX,0.5095081
0x9c40349fbbb3fdca0dbb8d5a9ec1063476288a01,UNI,0.5168196
0x9c40349fbbb3fdca0dbb8d5a9ec1063476288a01,USDT,0.499457
0x9c40349fbbb3fdca0dbb8d5a9ec1063476288a01,XLM,0.508227
0x9c40349fbbb3fdca0dbb8d5a9ec1063476288a01,XMR,0.53004223
0x9c40349fbbb3fdca0dbb8d5a9ec1063476288a01,XRP,0.49344882
0x9c40349fbbb3fdca0dbb8d5a9ec1063476288a01,XTZ,0.53315675
0x9c40349fbbb3fdca0dbb8d5a9ec1063476288a01,XVS,0.48334706
0x9c40349fbbb3fdca0dbb8d5a9ec1063476288a01,YFI,0.5053346
0xa16a483a18f00a00b14b93438e8ad21f485b382f,AAVE,0.49356806
0xa16a483a18f00a00b14b93438e8ad21f485b382f,ADA,0.51483744
0xa16a483a18f00a00b14b93438e8ad21f485b382f,ALGO,0.51937187
0xa16a483a18f00a00b14b93438e8ad21f485b382f,APE,0.5016353
0xa16a483a18f00a00b14b93438e8ad21f485b382f,APT,0.51038283
0xa16a483a18f00a00b14b93438e8ad21f485b382f,ATOM,0.54105604
0xa16a483a18f00a00b14b93438e8ad21f485b382f,AVAX,0.49708357
0xa16a483a18f00a00b14b93438e8ad21f485b382f,AXS,0.5397131
0xa16a483a18f00a00b14b93438e8ad21f485b382f,BAL,0.51357716
0xa16a483a18f00a00b14b93438e8ad21f485b382f,BCH,0.5197433
0xa16a483a18f00a00b14b93438e8ad21f485b382f,BLUR,0.4486928
0xa16a483a18f00a00b14b93438e8ad21f485b382f,BNB,0.5314983
0xa16a483a18f00a00b14b93438e8ad21f485b382f,BONK,0.44980398
0xa16a483a18f00a00b14b93438e8ad21f485b382f,BTC,0.5522529
0xa16a483a18f00a00b14b93438e8ad21f485b382f,C98,0.5323781
0xa16a483a18f00a00b14b93438e8ad21f485b382f,CAKE,0.52686983
0xa16a483a18f00a00b14b93438e8ad21f485b382f,COMP,0.53997904
0xa16a483a18f00a00b14b93438e8ad21f485b382f,CRV,0.52964914
0xa16a483a18f00a00b14b93438e8ad21f485b382f,CVX,0.49671075
0xa16a483a18f00a00b14b93438e8ad21f485b382f,DAI,0.4851299
0xa16a483a18f00a00b14b93438e8ad21f485b382f,DAO,0.520992
0xa16a483a18f00a00b14b93438e8ad21f485b382f,DOGE,0.5190552
0xa16a483a18f00a00b14b93438e8ad21f485b382f,DOT,0.508855
0xa16a483a18f00a00b14b93438e8ad21f485b382f,DYDX,0.5205186
0xa16a483a18f00a00b14b93438e8ad21f485b382f,EOS,0.5294413
0xa16a483a18f00a00b14b93438e8ad21f485b382f,ETC,0.52669156
0xa16a483a18f00a00b14b93438e8ad21f485b382f,ETH,0.5671446
0xa16a483a18f00a00b14b93438e8ad21f485b382f,FET,0.47773755
0xa16a483a18f00a00b14b93438e8ad21f485b382f,FIL,0.5336406
0xa16a483a18f00a00b14b93438e8ad21f485b382f,FRAX,0.48560482
0xa16a483a18f00a00b14b93438e8ad21f485b382f,FTM,0.48416847
0xa16a483a18f00a00b14b93438e8ad21f485b382f,FXS,0.50682944
0xa16a483a18f00a00b14b93438e8ad21f485b382f,GRT,0.510117
0xa16a483a18f00a00b14b93438e8ad21f485b382f,HAI,0.5348415
0xa16a483a18f00a00b14b93438e8ad21f485b382f,HERO,0.55075127
0xa16a483a18f00a00b14b93438e8ad21f485b382f,ICP,0.45863
0xa16a483a18f00a00b14b93438e8ad21f485b382f,IMX,0.48396987
0xa16a483a18f00a00b14b93438e8ad21f485b382f,INJ,0.53055805
0xa16a483a18f00a00b14b93438e8ad21f485b382f,LDO,0.48915774
0xa16a483a18f00a00b14b93438e8ad21f485b382f,LINK,0.5328723
0xa16a483a18f00a00b14b93438e8ad21f485b382f,LTC,0.52355105
0xa16a483a18f00a00b14b93438e8ad21f485b382f,MATIC,0.5360508
0xa16a483a18f00a00b14b93438e8ad21f485b382f,MAV,0.48526555
0xa16a483a18f00a00b14b93438e8ad21f485b382f,MBOX,0.5122571
0xa16a483a18f00a00b14b93438e8ad21f485b382f,MKR,0.5234219
0xa16a483a18f00a00b14b93438e8ad21f485b382f,MOON,0.569054
0xa16a483a18f00a00b14b93438e8ad21f485b382f,NEAR,0.4984181
0xa16a483a18f00a00b14b93438e8ad21f485b382f,OP,0.5320973
0xa16a483a18f00a00b14b93438e8ad21f485b382f,PENDLE,0.49620917
0xa16a483a18f00a00b14b93438e8ad21f485b382f,PEPE,0.4640049
0xa16a483a18f00a00b14b93438e8ad21f485b382f,PERP,0.5173511
0xa16a483a18f00a00b14b93438e8ad21f485b382f,PIT,0.51238716
0xa16a483a18f00a00b14b93438e8ad21f485b382f,POLS,0.5159056
0xa16a483a18f00a00b14b93438e8ad21f485b382f,PYTH,0.4889933
0xa16a483a18f00a00b14b93438e8ad21f485b382f,QUACK,0.5240898
0xa16a483a18f00a00b14b93438e8ad21f485b382f,RDNT,0.5198482
0xa16a483a18f00a00b14b93438e8ad21f485b382f,RNDR,0.5298993
0xa16a483a18f00a00b14b93438e8ad21f485b382f,RPL,0.44960073
0xa16a483a18f00a00b14b93438e8ad21f485b382f,RUNE,0.46667185
0xa16a483a18f00a00b14b93438e8ad21f485b382f,SFP,0.47947973
0xa16a483a18f00a00b14b93438e8ad21f485b382f,SFUND,0.53915024
0xa16a483a18f00a00b14b93438e8ad21f485b382f,SHIB,0.53479457
0xa16a483a18f00a00b14b93438e8ad21f485b382f,SOL,0.5411812
0xa16a483a18f00a00b14b93438e8ad21f485b382f,STG,0.5126253
0xa16a483a18f00a00b14b93438e8ad21f485b382f,SUI,0.5068759
0xa16a483a18f00a00b14b93438e8ad21f485b382f,SUSHI,0.52945876
0xa16a483a18f00a00b14b93438e8ad21f485b382f,TIA,0.43261456
0xa16a483a18f00a00b14b93438e8ad21f485b382f,TOKEN,0.48387405
0xa16a483a18f00a00b14b93438e8ad21f485b382f,TRX,0.53662056
0xa16a483a18f00a00b14b93438e8ad21f485b382f,UNI,0.5285738
0xa16a483a18f00a00b14b93438e8ad21f485b382f,USDT,0.501909
0xa16a483a18f00a00b14b93438e8ad21f485b382f,XLM,0.49615398
0xa16a483a18f00a00b14b93438e8ad21f485b382f,XMR,0.5293139
0xa16a483a18f00a00b14b93438e8ad21f485b382f,XRP,0.48752183
0xa16a483a18f00a00b14b93438e8ad21f485b382f,XTZ,0.5255131
0xa16a483a18f00a00b14b93438e8ad21f485b382f,XVS,0.45484206
0xa16a483a18f00a00b14b93438e8ad21f485b382f,YFI,0.51697004
0xb294a5316e76e84649a3b8ff0ff6ef9788595bed,AAVE,0.59323406
0xb294a5316e76e84649a3b8ff0ff6ef9788595bed,ADA,0.68073213
0xb294a5316e76e84649a3b8ff0ff6ef9788595bed,ALGO,0.6804561
0xb294a5316e76e84649a3b8ff0ff6ef9788595bed,APE,0.6618299
0xb294a5316e76e84649a3b8ff0ff6ef9788595bed,APT,0.5685995
0xb294a5316e76e84649a3b8ff0ff6ef9788595bed,ATOM,0.6293337
0xb294a5316e76e84649a3b8ff0ff6ef9788595bed,AVAX,0.6547136
0xb294a5316e76e84649a3b8ff0ff6ef9788595bed,AXS,0.57784086
0xb294a5316e76e84649a3b8ff0ff6ef9788595bed,BAL,0.5886097
0xb294a5316e76e84649a3b8ff0ff6ef9788595bed,BCH,0.6773906
0xb294a5316e76e84649a3b8ff0ff6ef9788595bed,BLUR,0.5629965
0xb294a5316e76e84649a3b8ff0ff6ef9788595bed,BNB,0.6814433
0xb294a5316e76e84649a3b8ff0ff6ef9788595bed,BONK,0.66265875
0xb294a5316e76e84649a3b8ff0ff6ef9788595bed,BTC,0.638734
0xb294a5316e76e84649a3b8ff0ff6ef9788595bed,C98,0.571738
0xb294a5316e76e84649a3b8ff0ff6ef9788595bed,CAKE,0.6804213
0xb294a5316e76e84649a3b8ff0ff6ef9788595bed,COMP,0.6512318
0xb294a5316e76e84649a3b8ff0ff6ef9788595bed,CRV,0.6693506
0xb294a5316e76e84649a3b8ff0ff6ef9788595bed,CVX,0.5915256
0xb294a5316e76e84649a3b8ff0ff6ef9788595bed,DAI,0.65059155
0xb294a5316e76e84649a3b8ff0ff6ef9788595bed,DAO,0.67344576
0xb294a5316e76e84649a3b8ff0ff6ef9788595bed,DOGE,0.6709236
0xb294a5316e76e84649a3b8ff0ff6ef9788595bed,DOT,0.67646015
0xb294a5316e76e84649a3b8ff0ff6ef9788595bed,DYDX,0.5765195
0xb294a5316e76e84649a3b8ff0ff6ef9788595bed,EOS,0.63305
0xb294a5316e76e84649a3b8ff0ff6ef9788595bed,ETC,0.65909475
0xb294a5316e76e84649a3b8ff0ff6ef9788595bed,ETH,0.64354485
0xb294a5316e76e84649a3b8ff0ff6ef9788595bed,FET,0.66905755
0xb294a5316e76e84649a3b8ff0ff6ef9788595bed,FIL,0.55707574
0xb294a5316e76e84649a3b8ff0ff6ef9788595bed,FRAX,0.6011251
0xb294a5316e76e84649a3b8ff0ff6ef9788595bed,FTM,0.60741645
0xb294a5316e76e84649a3b8ff0ff6ef9788595bed,FXS,0.58400875
0xb294a5316e76e84649a3b8ff0ff6ef9788595bed,GRT,0.60535455
0xb294a5316e76e84649a3b8ff0ff6ef9788595bed,HAI,0.6900761
0xb294a5316e76e84649a3b8ff0ff6ef9788595bed,HERO,0.6217591
0xb294a5316e76e84649a3b8ff0ff6ef9788595bed,ICP,0.6594305
0xb294a5316e76e84649a3b8ff0ff6ef9788595bed,IMX,0.586514
0xb294a5316e76e84649a3b8ff0ff6ef9788595bed,INJ,0.61769253
0xb294a5316e76e84649a3b8ff0ff6ef9788595bed,LDO,0.5633261
0xb294a5316e76e84649a3b8ff0ff6ef9788595bed,LINK,0.6717913
0xb294a5316e76e84649a3b8ff0ff6ef9788595bed,LTC,0.6702238
0xb294a5316e76e84649a3b8ff0ff6ef9788595bed,MATIC,0.67621076
0xb294a5316e76e84649a3b8ff0ff6ef9788595bed,MAV,0.5814295
0xb294a5316e76e84649a3b8ff0ff6ef9788595bed,MBOX,0.5997445
0xb294a5316e76e84649a3b8ff0ff6ef9788595bed,MKR,0.6580164
0xb294a5316e76e84649a3b8ff0ff6ef9788595bed,MOON,0.67240155
0xb294a5316e76e84649a3b8ff0ff6ef9788595bed,NEAR,0.57244426
0xb294a5316e76e84649a3b8ff0ff6ef9788595bed,OP,0.680998
0xb294a5316e76e84649a3b8ff0ff6ef9788595bed,PENDLE,0.5413022
0xb294a5316e76e84649a3b8ff0ff6ef9788595bed,PEPE,0.6792325
0xb294a5316e76e84649a3b8ff0ff6ef9788595bed,PERP,0.581293
0xb294a5316e76e84649a3b8ff0ff6ef9788595bed,PIT,0.66728026
0xb294a5316e76e84649a3b8ff0ff6ef9788595bed,POLS,0.61040395
0xb294a5316e76e84649a3b8ff0ff6ef9788595bed,PYTH,0.5746728
0xb294a5316e76e84649a3b8ff0ff6ef9788595bed,QUACK,0.65786684
0xb294a5316e76e84649a3b8ff0ff6ef9788595bed,RDNT,0.5866506
0xb294a5316e76e84649a3b8ff0ff6ef9788595bed,RNDR,0.6672099
0xb294a5316e76e84649a3b8ff0ff6ef9788595bed,RPL,0.5631794
0xb294a5316e76e84649a3b8ff0ff6ef9788595bed,RUNE,0.5774075
0xb294a5316e76e84649a3b8ff0ff6ef9788595bed,SFP,0.5893116
0xb294a5316e76e84649a3b8ff0ff6ef9788595bed,SFUND,0.61514866
0xb294a5316e76e84649a3b8ff0ff6ef9788595bed,SHIB,0.6866315
0xb294a5316e76e84649a3b8ff0ff6ef9788595bed,SOL,0.64635354
0xb294a5316e76e84649a3b8ff0ff6ef9788595bed,STG,0.6055453
0xb294a5316e76e84649a3b8ff0ff6ef9788595bed,SUI,0.55907947
0xb294a5316e76e84649a3b8ff0ff6ef9788595bed,SUSHI,0.5857078
0xb294a5316e76e84649a3b8ff0ff6ef9788595bed,TIA,0.60550237
0xb294a5316e76e84649a3b8ff0ff6ef9788595bed,TOKEN,0.61570346
0xb294a5316e76e84649a3b8ff0ff6ef9788595bed,TRX,0.6989804
0xb294a5316e76e84649a3b8ff0ff6ef9788595bed,UNI,0.66939384
0xb294a5316e76e84649a3b8ff0ff6ef9788595bed,USDT,0.6520491
0xb294a5316e76e84649a3b8ff0ff6ef9788595bed,XLM,0.68109745
0xb294a5316e76e84649a3b8ff0ff6ef9788595bed,XMR,0.6515572
0xb294a5316e76e84649a3b8ff0ff6ef9788595bed,XRP,0.6622837
0xb294a5316e76e84649a3b8ff0ff6ef9788595bed,XTZ,0.6387262
0xb294a5316e76e84649a3b8ff0ff6ef9788595bed,XVS,0.6002586
0xb294a5316e76e84649a3b8ff0ff6ef9788595bed,YFI,0.5945865
0xb7ece21c962697a3194c0b6e4b81db54433055ab,AAVE,0.49416178
0xb7ece21c962697a3194c0b6e4b81db54433055ab,ADA,0.5083676
0xb7ece21c962697a3194c0b6e4b81db54433055ab,ALGO,0.527824
0xb7ece21c962697a3194c0b6e4b81db54433055ab,APE,0.5137015
0xb7ece21c962697a3194c0b6e4b81db54433055ab,APT,0.4953132
0xb7ece21c962697a3194c0b6e4b81db54433055ab,ATOM,0.538085
0xb7ece21c962697a3194c0b6e4b81db54433055ab,AVAX,0.49676883
0xb7ece21c962697a3194c0b6e4b81db54433055ab,AXS,0.5223454
0xb7ece21c962697a3194c0b6e4b81db54433055ab,BAL,0.51971865
0xb7ece21c962697a3194c0b6e4b81db54433055ab,BCH,0.5164682
0xb7ece21c962697a3194c0b6e4b81db54433055ab,BLUR,0.44947323
0xb7ece21c962697a3194c0b6e4b81db54433055ab,BNB,0.5398835
0xb7ece21c962697a3194c0b6e4b81db54433055ab,BONK,0.4258195
0xb7ece21c962697a3194c0b6e4b81db54433055ab,BTC,0.5483984
0xb7ece21c962697a3194c0b6e4b81db54433055ab,C98,0.53564906
0xb7ece21c962697a3194c0b6e4b81db54433055ab,CAKE,0.5268246
0xb7ece21c962697a3194c0b6e4b81db54433055ab,COMP,0.5195988
0xb7ece21c962697a3194c0b6e4b81db54433055ab,CRV,0.51926243
0xb7ece21c962697a3194c0b6e4b81db54433055ab,CVX,0.5058718
0xb7ece21c962697a3194c0b6e4b81db54433055ab,DAI,0.44977602
0xb7ece21c962697a3194c0b6e4b81db54433055ab,DAO,0.528245
0xb7ece21c962697a3194c0b6e4b81db54433055ab,DOGE,0.50456935
0xb7ece21c962697a3194c0b6e4b81db54433055ab,DOT,0.50275755
0xb7ece21c962697a3194c0b6e4b81db54433055ab,DYDX,0.5359724
0xb7ece21c962697a3194c0b6e4b81db54433055ab,EOS,0.5400669
0xb7ece21c962697a3194c0b6e4b81db54433055ab,ETC,0.5285087
0xb7ece21c962697a3194c0b6e4b81db54433055ab,ETH,0.5697483
0xb7ece21c962697a3194c0b6e4b81db54433055ab,FET,0.4819418
0xb7ece21c962697a3194c0b6e4b81db54433055ab,FIL,0.53445405
0xb7ece21c962697a3194c0b6e4b81db54433055ab,FRAX,0.45432797
0xb7ece21c962697a3194c0b6e4b81db54433055ab,FTM,0.4921067
0xb7ece21c962697a3194c0b6e4b81db54433055ab,FXS,0.5093257
0xb7ece21c962697a3194c0b6e4b81db54433055ab,GRT,0.51310736
0xb7ece21c962697a3194c0b6e4b81db54433055ab,HAI,0.5475685
0xb7ece21c962697a3194c0b6e4b81db54433055ab,HERO,0.5589684
0xb7ece21c962697a3194c0b6e4b81db54433055ab,ICP,0.44406095
0xb7ece21c962697a3194c0b6e4b81db54433055ab,IMX,0.47778597
0xb7ece21c962697a3194c0b6e4b81db54433055ab,INJ,0.53909916
0xb7ece21c962697a3194c0b6e4b81db54433055ab,LDO,0.4870536
0xb7ece21c962697a3194c0b6e4b81db54433055ab,LINK,0.54316235
0xb7ece21c962697a3194c0b6e4b81db54433055ab,LTC,0.53321534
0xb7ece21c962697a3194c0b6e4b81db54433055ab,MATIC,0.5426011
0xb7ece21c962697a3194c0b6e4b81db54433055ab,MAV,0.49047503
0xb7ece21c962697a3194c0b6e4b81db54433055ab,MBOX,0.5096449
0xb7ece21c962697a3194c0b6e4b81db54433055ab,MKR,0.5428418
0xb7ece21c962697a3194c0b6e4b81db54433055ab,MOON,0.54120237
0xb7ece21c962697a3194c0b6e4b81db54433055ab,NEAR,0.50210214
0xb7ece21c962697a3194c0b6e4b81db54433055ab,OP,0.5181411
0xb7ece21c962697a3194c0b6e4b81db54433055ab,PENDLE,0.49450204
0xb7ece21c962697a3194c0b6e4b81db54433055ab,PEPE,0.47135165
0xb7ece21c962697a3194c0b6e4b81db54433055ab,PERP,0.5226173
0xb7ece21c962697a3194c0b6e4b81db54433055ab,PIT,0.513027
0xb7ece21c962697a3194c0b6e4b81db54433055ab,POLS,0.52831906
0xb7ece21c962697a3194c0b6e4b81db54433055ab,PYTH,0.50060964
0xb7ece21c962697a3194c0b6e4b81db54433055ab,QUACK,0.5274712
0xb7ece21c962697a3194c0b6e4b81db54433055ab,RDNT,0.52049196
0xb7ece21c962697a3194c0b6e4b81db54433055ab,RNDR,0.5247702
0xb7ece21c962697a3194c0b6e4b81db54433055ab,RPL,0.4656516
0xb7ece21c962697a3194c0b6e4b81db54433055ab,RUNE,0.4869954
0xb7ece21c962697a3194c0b6e4b81db54433055ab,SFP,0.47462872
0xb7ece21c962697a3194c0b6e4b81db54433055ab,SFUND,0.5400386
0xb7ece21c962697a3194c0b6e4b81db54433055ab,SHIB,0.5379712
0xb7ece21c962697a3194c0b6e4b81db54433055ab,SOL,0.5528152
0xb7ece21c962697a3194c0b6e4b81db54433055ab,STG,0.50474155
0xb7ece21c962697a3194c0b6e4b81db54433055ab,SUI,0.4952911
0xb7ece21c962697a3194c0b6e4b81db54433055ab,SUSHI,0.5289638
0xb7ece21c962697a3194c0b6e4b81db54433055ab,TIA,0.42266372
0xb7ece21c962697a3194c0b6e4b81db54433055ab,TOKEN,0.49710166
0xb7ece21c962697a3194c0b6e4b81db54433055ab,TRX,0.5105966
0xb7ece21c962697a3194c0b6e4b81db54433055ab,UNI,0.527878
0xb7ece21c962697a3194c0b6e4b81db54433055ab,USDT,0.4559166
0xb7ece21c962697a3194c0b6e4b81db54433055ab,XLM,0.507518
0xb7ece21c962697a3194c0b6e4b81db54433055ab,XMR,0.5222223
0xb7ece21c962697a3194c0b6e4b81db54433055ab,XRP,0.5057213
0xb7ece21c962697a3194c0b6e4b81db54433055ab,XTZ,0.52877015
0xb7ece21c962697a3194c0b6e4b81db54433055ab,XVS,0.45693555
0xb7ece21c962697a3194c0b6e4b81db54433055ab,YFI,0.52590996
0xbf692d7684d6decc6cfc064247e7d8b52e104121,AAVE,0.4189701080322265
0xbf692d7684d6decc6cfc064247e7d8b52e104121,ADA,0.4566402435302734
0xbf692d7684d6decc6cfc064247e7d8b52e104121,ALGO,0.3086185455322265
0xbf692d7684d6decc6cfc064247e7d8b52e104121,APE,0.5223922729492188
0xbf692d7684d6decc6cfc064247e7d8b52e104121,APT,0.5663299560546875
0xbf692d7684d6decc6cfc064247e7d8b52e104121,ATOM,0.4414196014404297
0xbf692d7684d6decc6cfc064247e7d8b52e104121,AVAX,0.0
0xbf692d7684d6decc6cfc064247e7d8b52e104121,AXS,0.6669731140136719
0xbf692d7684d6decc6cfc064247e7d8b52e104121,BAL,0.3491172790527344
0xbf692d7684d6decc6cfc064247e7d8b52e104121,BCH,0.3802814483642578
0xbf692d7684d6decc6cfc064247e7d8b52e104121,BLUR,0.2160720825195312
0xbf692d7684d6decc6cfc064247e7d8b52e104121,BNB,0.8356819152832031
0xbf692d7684d6decc6cfc064247e7d8b52e104121,BONK,0.3673381805419922
0xbf692d7684d6decc6cfc064247e7d8b52e104121,BTC,0.6932010650634766
0xbf692d7684d6decc6cfc064247e7d8b52e104121,C98,0.6493492126464844
0xbf692d7684d6decc6cfc064247e7d8b52e104121,CAKE,0.3652477264404297
0xbf692d7684d6decc6cfc064247e7d8b52e104121,COMP,0.4913139343261719
0xbf692d7684d6decc6cfc064247e7d8b52e104121,CRV,0.391946792602539
0xbf692d7684d6decc6cfc064247e7d8b52e104121,CVX,0.248453140258789
0xbf692d7684d6decc6cfc064247e7d8b52e104121,DAI,0.0673408508300781
0xbf692d7684d6decc6cfc064247e7d8b52e104121,DAO,0.5355968475341797
0xbf692d7684d6decc6cfc064247e7d8b52e104121,DOGE,0.5244789123535156
0xbf692d7684d6decc6cfc064247e7d8b52e104121,DOT,0.0802783966064453
0xbf692d7684d6decc6cfc064247e7d8b52e104121,DYDX,0.4420242309570312
0xbf692d7684d6decc6cfc064247e7d8b52e104121,EOS,0.3963069915771484
0xbf692d7684d6decc6cfc064247e7d8b52e104121,ETC,0.1707000732421875
0xbf692d7684d6decc6cfc064247e7d8b52e104121,ETH,0.7279129028320312
0xbf692d7684d6decc6cfc064247e7d8b52e104121,FET,0.8830795288085938
0xbf692d7684d6decc6cfc064247e7d8b52e104121,FIL,0.3125591278076172
0xbf692d7684d6decc6cfc064247e7d8b52e104121,FRAX,0.4141407012939453
0xbf692d7684d6decc6cfc064247e7d8b52e104121,FTM,0.5430889129638672
0xbf692d7684d6decc6cfc064247e7d8b52e104121,FXS,0.3207550048828125
0xbf692d7684d6decc6cfc064247e7d8b52e104121,GRT,0.5922641754150391
0xbf692d7684d6decc6cfc064247e7d8b52e104121,HAI,0.6695976257324219
0xbf692d7684d6decc6cfc064247e7d8b52e104121,HERO,0.4823970794677734
0xbf692d7684d6decc6cfc064247e7d8b52e104121,ICP,0.2093219757080078
0xbf692d7684d6decc6cfc064247e7d8b52e104121,IMX,0.47943115234375
0xbf692d7684d6decc6cfc064247e7d8b52e104121,INJ,0.9276256561279296
0xbf692d7684d6decc6cfc064247e7d8b52e104121,LDO,0.1534538269042968
0xbf692d7684d6decc6cfc064247e7d8b52e104121,LINK,0.5937690734863281
0xbf692d7684d6decc6cfc064247e7d8b52e104121,LTC,0.9307575225830078
0xbf692d7684d6decc6cfc064247e7d8b52e104121,MATIC,0.2696971893310547
0xbf692d7684d6decc6cfc064247e7d8b52e104121,MAV,0.2952480316162109
0xbf692d7684d6decc6cfc064247e7d8b52e104121,MBOX,0.4244308471679687
0xbf692d7684d6decc6cfc064247e7d8b52e104121,MKR,0.5898571014404297
0xbf692d7684d6decc6cfc064247e7d8b52e104121,MOON,0.5208473205566406
0xbf692d7684d6decc6cfc064247e7d8b52e104121,NEAR,0.4803810119628906
0xbf692d7684d6decc6cfc064247e7d8b52e104121,OP,0.4767913818359375
0xbf692d7684d6decc6cfc064247e7d8b52e104121,PENDLE,0.7620868682861328
0xbf692d7684d6decc6cfc064247e7d8b52e104121,PEPE,0.3878173828125
0xbf692d7684d6decc6cfc064247e7d8b52e104121,PERP,0.6570911407470703
0xbf692d7684d6decc6cfc064247e7d8b52e104121,PIT,0.4204673767089844
0xbf692d7684d6decc6cfc064247e7d8b52e104121,POLS,0.4029865264892578
0xbf692d7684d6decc6cfc064247e7d8b52e104121,PYTH,0.3149757385253906
0xbf692d7684d6decc6cfc064247e7d8b52e104121,QUACK,0.5419826507568359
0xbf692d7684d6decc6cfc064247e7d8b52e104121,RDNT,0.3562793731689453
0xbf692d7684d6decc6cfc064247e7d8b52e104121,RNDR,0.4230766296386719
0xbf692d7684d6decc6cfc064247e7d8b52e104121,RPL,0.4830875396728515
0xbf692d7684d6decc6cfc064247e7d8b52e104121,RUNE,0.6171436309814453
0xbf692d7684d6decc6cfc064247e7d8b52e104121,SFP,0.6062831878662109
0xbf692d7684d6decc6cfc064247e7d8b52e104121,SFUND,0.5681419372558594
0xbf692d7684d6decc6cfc064247e7d8b52e104121,SHIB,0.4277172088623047
0xbf692d7684d6decc6cfc064247e7d8b52e104121,SOL,0.907562255859375
0xbf692d7684d6decc6cfc064247e7d8b52e104121,STG,0.4330902099609375
0xbf692d7684d6decc6cfc064247e7d8b52e104121,SUI,0.4486980438232422
0xbf692d7684d6decc6cfc064247e7d8b52e104121,SUSHI,0.4551868438720703
0xbf692d7684d6decc6cfc064247e7d8b52e104121,TIA,0.3385753631591797
0xbf692d7684d6decc6cfc064247e7d8b52e104121,TOKEN,0.8523826599121094
0xbf692d7684d6decc6cfc064247e7d8b52e104121,TRX,0.2382984161376953
0xbf692d7684d6decc6cfc064247e7d8b52e104121,UNI,0.3151016235351562
0xbf692d7684d6decc6cfc064247e7d8b52e104121,USDT,0.5597419738769531
0xbf692d7684d6decc6cfc064247e7d8b52e104121,XLM,0.2646198272705078
0xbf692d7684d6decc6cfc064247e7d8b52e104121,XMR,0.663787841796875
0xbf692d7684d6decc6cfc064247e7d8b52e104121,XRP,0.2826957702636719
0xbf692d7684d6decc6cfc064247e7d8b52e104121,XTZ,0.3288803100585937
0xbf692d7684d6decc6cfc064247e7d8b52e104121,XVS,1.0
0xbf692d7684d6decc6cfc064247e7d8b52e104121,YFI,0.2261390686035156
0xc1d8e22cfb4d0ca7326057f027570abd2f732d00,AAVE,0.0445117950439453
0xc1d8e22cfb4d0ca7326057f027570abd2f732d00,ADA,0.4268722534179687
0xc1d8e22cfb4d0ca7326057f027570abd2f732d00,ALGO,0.3950176239013672
0xc1d8e22cfb4d0ca7326057f027570abd2f732d00,APE,0.2737274169921875
0xc1d8e22cfb4d0ca7326057f027570abd2f732d00,APT,0.4675731658935547
0xc1d8e22cfb4d0ca7326057f027570abd2f732d00,ATOM,0.4532451629638672
0xc1d8e22cfb4d0ca7326057f027570abd2f732d00,AVAX,0.0361862182617187
0xc1d8e22cfb4d0ca7326057f027570abd2f732d00,AXS,0.2244281768798828
0xc1d8e22cfb4d0ca7326057f027570abd2f732d00,BAL,0.1501636505126953
0xc1d8e22cfb4d0ca7326057f027570abd2f732d00,BCH,0.4693107604980469
0xc1d8e22cfb4d0ca7326057f027570abd2f732d00,BLUR,0.277811050415039
0xc1d8e22cfb4d0ca7326057f027570abd2f732d00,BNB,0.3896942138671875
0xc1d8e22cfb4d0ca7326057f027570abd2f732d00,BONK,0.0616588592529296
0xc1d8e22cfb4d0ca7326057f027570abd2f732d00,BTC,0.540496826171875
0xc1d8e22cfb4d0ca7326057f027570abd2f732d00,C98,0.2299919128417968
0xc1d8e22cfb4d0ca7326057f027570abd2f732d00,CAKE,0.2865810394287109
0xc1d8e22cfb4d0ca7326057f027570abd2f732d00,COMP,0.2787704467773437
0xc1d8e22cfb4d0ca7326057f027570abd2f732d00,CRV,0.1041831970214843
0xc1d8e22cfb4d0ca7326057f027570abd2f732d00,CVX,0.0542716979980468
0xc1d8e22cfb4d0ca7326057f027570abd2f732d00,DAI,0.3053874969482422
0xc1d8e22cfb4d0ca7326057f027570abd2f732d00,DAO,0.3142719268798828
0xc1d8e22cfb4d0ca7326057f027570abd2f732d00,DOGE,0.1704063415527343
0xc1d8e22cfb4d0ca7326057f027570abd2f732d00,DOT,0.2911949157714844
0xc1d8e22cfb4d0ca7326057f027570abd2f732d00,DYDX,0.6621437072753906
0xc1d8e22cfb4d0ca7326057f027570abd2f732d00,EOS,0.3900299072265625
0xc1d8e22cfb4d0ca7326057f027570abd2f732d00,ETC,0.2153491973876953
0xc1d8e22cfb4d0ca7326057f027570abd2f732d00,ETH,0.5559101104736328
0xc1d8e22cfb4d0ca7326057f027570abd2f732d00,FET,0.6710109710693359
0xc1d8e22cfb4d0ca7326057f027570abd2f732d00,FIL,0.1663150787353515
0xc1d8e22cfb4d0ca7326057f027570abd2f732d00,FRAX,0.239105224609375
0xc1d8e22cfb4d0ca7326057f027570abd2f732d00,FTM,0.2376632690429687
0xc1d8e22cfb4d0ca7326057f027570abd2f732d00,FXS,0.3479957580566406
0xc1d8e22cfb4d0ca7326057f027570abd2f732d00,GRT,0.4306964874267578
0xc1d8e22cfb4d0ca7326057f027570abd2f732d00,HAI,0.3017539978027344
0xc1d8e22cfb4d0ca7326057f027570abd2f732d00,HERO,0.3247737884521484
0xc1d8e22cfb4d0ca7326057f027570abd2f732d00,ICP,0.1840839385986328
0xc1d8e22cfb4d0ca7326057f027570abd2f732d00,IMX,0.62640380859375
0xc1d8e22cfb4d0ca7326057f027570abd2f732d00,INJ,0.6944465637207031
0xc1d8e22cfb4d0ca7326057f027570abd2f732d00,LDO,0.0682888031005859
0xc1d8e22cfb4d0ca7326057f027570abd2f732d00,LINK,0.8002872467041016
0xc1d8e22cfb4d0ca7326057f027570abd2f732d00,LTC,0.5615367889404297
0xc1d8e22cfb4d0ca7326057f027570abd2f732d00,MATIC,0.3830337524414062
0xc1d8e22cfb4d0ca7326057f027570abd2f732d00,MAV,0.2745628356933594
0xc1d8e22cfb4d0ca7326057f027570abd2f732d00,MBOX,0.3791236877441406
0xc1d8e22cfb4d0ca7326057f027570abd2f732d00,MKR,0.3057441711425781
0xc1d8e22cfb4d0ca7326057f027570abd2f732d00,MOON,0.0830078125
0xc1d8e22cfb4d0ca7326057f027570abd2f732d00,NEAR,0.2256450653076172
0xc1d8e22cfb4d0ca7326057f027570abd2f732d00,OP,0.1860733032226562
0xc1d8e22cfb4d0ca7326057f027570abd2f732d00,PENDLE,0.3162212371826172
0xc1d8e22cfb4d0ca7326057f027570abd2f732d00,PEPE,0.1642303466796875
0xc1d8e22cfb4d0ca7326057f027570abd2f732d00,PERP,0.4556503295898437
0xc1d8e22cfb4d0ca7326057f027570abd2f732d00,PIT,0.341958999633789
0xc1d8e22cfb4d0ca7326057f027570abd2f732d00,POLS,0.3510913848876953
0xc1d8e22cfb4d0ca7326057f027570abd2f732d00,PYTH,0.2529582977294922
0xc1d8e22cfb4d0ca7326057f027570abd2f732d00,QUACK,0.3672828674316406
0xc1d8e22cfb4d0ca7326057f027570abd2f732d00,RDNT,0.20892333984375
0xc1d8e22cfb4d0ca7326057f027570abd2f732d00,RNDR,0.8634853363037109
0xc1d8e22cfb4d0ca7326057f027570abd2f732d00,RPL,0.18896484375
0xc1d8e22cfb4d0ca7326057f027570abd2f732d00,RUNE,0.2230548858642578
0xc1d8e22cfb4d0ca7326057f027570abd2f732d00,SFP,0.800537109375
0xc1d8e22cfb4d0ca7326057f027570abd2f732d00,SFUND,0.3071937561035156
0xc1d8e22cfb4d0ca7326057f027570abd2f732d00,SHIB,0.3597393035888672
0xc1d8e22cfb4d0ca7326057f027570abd2f732d00,SOL,0.3614673614501953
0xc1d8e22cfb4d0ca7326057f027570abd2f732d00,STG,0.1667709350585937
0xc1d8e22cfb4d0ca7326057f027570abd2f732d00,SUI,0.2025623321533203
0xc1d8e22cfb4d0ca7326057f027570abd2f732d00,SUSHI,0.3810882568359375
0xc1d8e22cfb4d0ca7326057f027570abd2f732d00,TIA,0.037506103515625
0xc1d8e22cfb4d0ca7326057f027570abd2f732d00,TOKEN,0.6132469177246094
0xc1d8e22cfb4d0ca7326057f027570abd2f732d00,TRX,0.6291122436523438
0xc1d8e22cfb4d0ca7326057f027570abd2f732d00,UNI,0.0164985656738281
0xc1d8e22cfb4d0ca7326057f027570abd2f732d00,USDT,0.1028461456298828
0xc1d8e22cfb4d0ca7326057f027570abd2f732d00,XLM,0.0990886688232421
0xc1d8e22cfb4d0ca7326057f027570abd2f732d00,XMR,0.7739105224609375
0xc1d8e22cfb4d0ca7326057f027570abd2f732d00,XRP,0.0
0xc1d8e22cfb4d0ca7326057f027570abd2f732d00,XTZ,0.2648220062255859
0xc1d8e22cfb4d0ca7326057f027570abd2f732d00,XVS,1.0
0xc1d8e22cfb4d0ca7326057f027570abd2f732d00,YFI,0.3538742065429687
0xc7eabdb28a49c5684f60a31ea957fbeb70fdf489,AAVE,0.1829889479511784
0xc7eabdb28a49c5684f60a31ea957fbeb70fdf489,ADA,0.1893101564104374
0xc7eabdb28a49c5684f60a31ea957fbeb70fdf489,ALGO,0.1974283656354554
0xc7eabdb28a49c5684f60a31ea957fbeb70fdf489,APE,0.2071498305825117
0xc7eabdb28a49c5684f60a31ea957fbeb70fdf489,APT,0.190256411906292
0xc7eabdb28a49c5684f60a31ea957fbeb70fdf489,ATOM,0.2443307142658222
0xc7eabdb28a49c5684f60a31ea957fbeb70fdf489,AVAX,0.1653090594560975
0xc7eabdb28a49c5684f60a31ea957fbeb70fdf489,AXS,0.2078341031029063
0xc7eabdb28a49c5684f60a31ea957fbeb70fdf489,BAL,0.2383005330103435
0xc7eabdb28a49c5684f60a31ea957fbeb70fdf489,BCH,0.2259522489226494
0xc7eabdb28a49c5684f60a31ea957fbeb70fdf489,BLUR,0.1606238658306883
0xc7eabdb28a49c5684f60a31ea957fbeb70fdf489,BNB,0.2133256916474346
0xc7eabdb28a49c5684f60a31ea957fbeb70fdf489,BONK,0.1356405850167314
0xc7eabdb28a49c5684f60a31ea957fbeb70fdf489,BTC,0.2548725576049805
0xc7eabdb28a49c5684f60a31ea957fbeb70fdf489,C98,0.2211475982837244
0xc7eabdb28a49c5684f60a31ea957fbeb70fdf489,CAKE,0.2265782171810723
0xc7eabdb28a49c5684f60a31ea957fbeb70fdf489,COMP,0.2014703077479492
0xc7eabdb28a49c5684f60a31ea957fbeb70fdf489,CRV,0.2155045821132112
0xc7eabdb28a49c5684f60a31ea957fbeb70fdf489,CVX,0.1854751340325747
0xc7eabdb28a49c5684f60a31ea957fbeb70fdf489,DAI,0.1784378098564827
0xc7eabdb28a49c5684f60a31ea957fbeb70fdf489,DAO,0.2331580934649736
0xc7eabdb28a49c5684f60a31ea957fbeb70fdf489,DOGE,0.1565724032331751
0xc7eabdb28a49c5684f60a31ea957fbeb70fdf489,DOT,0.2239126497563518
0xc7eabdb28a49c5684f60a31ea957fbeb70fdf489,DYDX,0.2058068180397717
0xc7eabdb28a49c5684f60a31ea957fbeb70fdf489,EOS,0.243969939227043
0xc7eabdb28a49c5684f60a31ea957fbeb70fdf489,ETC,0.2423606898846505
0xc7eabdb28a49c5684f60a31ea957fbeb70fdf489,ETH,0.2509361338979999
0xc7eabdb28a49c5684f60a31ea957fbeb70fdf489,FET,0.2259028224253925
0xc7eabdb28a49c5684f60a31ea957fbeb70fdf489,FIL,0.2148126568372066
0xc7eabdb28a49c5684f60a31ea957fbeb70fdf489,FRAX,0.1742593028965764
0xc7eabdb28a49c5684f60a31ea957fbeb70fdf489,FTM,0.2667107748027885
0xc7eabdb28a49c5684f60a31ea957fbeb70fdf489,FXS,0.2238016025285796
0xc7eabdb28a49c5684f60a31ea957fbeb70fdf489,GRT,0.2093648174761259
0xc7eabdb28a49c5684f60a31ea957fbeb70fdf489,HAI,0.2065819548939622
0xc7eabdb28a49c5684f60a31ea957fbeb70fdf489,HERO,0.1828418917852046
0xc7eabdb28a49c5684f60a31ea957fbeb70fdf489,ICP,0.1438017943637357
0xc7eabdb28a49c5684f60a31ea957fbeb70fdf489,IMX,0.2357565917961786
0xc7eabdb28a49c5684f60a31ea957fbeb70fdf489,INJ,0.2552501180628218
0xc7eabdb28a49c5684f60a31ea957fbeb70fdf489,LDO,0.1997078071012709
0xc7eabdb28a49c5684f60a31ea957fbeb70fdf489,LINK,0.2555841853445575
0xc7eabdb28a49c5684f60a31ea957fbeb70fdf489,LTC,0.2415549906278257
0xc7eabdb28a49c5684f60a31ea957fbeb70fdf489,MATIC,0.2252252221420501
0xc7eabdb28a49c5684f60a31ea957fbeb70fdf489,MAV,0.2015989402709257
0xc7eabdb28a49c5684f60a31ea957fbeb70fdf489,MBOX,0.2285324043806698
0xc7eabdb28a49c5684f60a31ea957fbeb70fdf489,MKR,0.1953980120305064
0xc7eabdb28a49c5684f60a31ea957fbeb70fdf489,MOON,0.2897649275964371
0xc7eabdb28a49c5684f60a31ea957fbeb70fdf489,NEAR,0.177728526777586
0xc7eabdb28a49c5684f60a31ea957fbeb70fdf489,OP,0.1963941813389016
0xc7eabdb28a49c5684f60a31ea957fbeb70fdf489,PENDLE,0.2171904679772557
0xc7eabdb28a49c5684f60a31ea957fbeb70fdf489,PEPE,0.0746975454199015
0xc7eabdb28a49c5684f60a31ea957fbeb70fdf489,PERP,0.2549160052262004
0xc7eabdb28a49c5684f60a31ea957fbeb70fdf489,PIT,0.1770524212217915
0xc7eabdb28a49c5684f60a31ea957fbeb70fdf489,POLS,0.2613840686820282
0xc7eabdb28a49c5684f60a31ea957fbeb70fdf489,PYTH,0.1743591464286707
0xc7eabdb28a49c5684f60a31ea957fbeb70fdf489,QUACK,0.2329358911085258
0xc7eabdb28a49c5684f60a31ea957fbeb70fdf489,RDNT,0.2169091495169055
0xc7eabdb28a49c5684f60a31ea957fbeb70fdf489,RNDR,0.2328374700378028
0xc7eabdb28a49c5684f60a31ea957fbeb70fdf489,RPL,0.2355404990501302
0xc7eabdb28a49c5684f60a31ea957fbeb70fdf489,RUNE,0.1797468816504961
0xc7eabdb28a49c5684f60a31ea957fbeb70fdf489,SFP,0.1876451861894552
0xc7eabdb28a49c5684f60a31ea957fbeb70fdf489,SFUND,0.2249849737023679
0xc7eabdb28a49c5684f60a31ea957fbeb70fdf489,SHIB,0.1912921705104912
0xc7eabdb28a49c5684f60a31ea957fbeb70fdf489,SOL,0.1779982757676431
0xc7eabdb28a49c5684f60a31ea957fbeb70fdf489,STG,0.1968895344434995
0xc7eabdb28a49c5684f60a31ea957fbeb70fdf489,SUI,0.1999724187273474
0xc7eabdb28a49c5684f60a31ea957fbeb70fdf489,SUSHI,0.255728943739721
0xc7eabdb28a49c5684f60a31ea957fbeb70fdf489,TIA,0.1492929919142558
0xc7eabdb28a49c5684f60a31ea957fbeb70fdf489,TOKEN,0.2096999881855162
0xc7eabdb28a49c5684f60a31ea957fbeb70fdf489,TRX,0.2117629946397363
0xc7eabdb28a49c5684f60a31ea957fbeb70fdf489,UNI,0.216159555959864
0xc7eabdb28a49c5684f60a31ea957fbeb70fdf489,USDT,0.1629612729439258
0xc7eabdb28a49c5684f60a31ea957fbeb70fdf489,XLM,0.1853341976685403
0xc7eabdb28a49c5684f60a31ea957fbeb70fdf489,XMR,0.20951343534234
0xc7eabdb28a49c5684f60a31ea957fbeb70fdf489,XRP,0.2051939234841778
0xc7eabdb28a49c5684f60a31ea957fbeb70fdf489,XTZ,0.214792386851722
0xc7eabdb28a49c5684f60a31ea957fbeb70fdf489,XVS,0.214680731284112
0xc7eabdb28a49c5684f60a31ea957fbeb70fdf489,YFI,0.2367249630821727
0xcb34a53c9362ee9711fcac9f352bd7e00201dd95,AAVE,0.4899975715347797
0xcb34a53c9362ee9711fcac9f352bd7e00201dd95,ADA,0.5095860476825107
0xcb34a53c9362ee9711fcac9f352bd7e00201dd95,ALGO,0.5274802589249561
0xcb34a53c9362ee9711fcac9f352bd7e00201dd95,APE,0.52577670890713
0xcb34a53c9362ee9711fcac9f352bd7e00201dd95,APT,0.5127115005611602
0xcb34a53c9362ee9711fcac9f352bd7e00201dd95,ATOM,0.5454994708025178
0xcb34a53c9362ee9711fcac9f352bd7e00201dd95,AVAX,0.4806022401806505
0xcb34a53c9362ee9711fcac9f352bd7e00201dd95,AXS,0.5288372796254915
0xcb34a53c9362ee9711fcac9f352bd7e00201dd95,BAL,0.5315684964423999
0xcb34a53c9362ee9711fcac9f352bd7e00201dd95,BCH,0.5251532508818499
0xcb34a53c9362ee9711fcac9f352bd7e00201dd95,BLUR,0.4487902845511563
0xcb34a53c9362ee9711fcac9f352bd7e00201dd95,BNB,0.5603286993668111
0xcb34a53c9362ee9711fcac9f352bd7e00201dd95,BONK,0.4520670139950858
0xcb34a53c9362ee9711fcac9f352bd7e00201dd95,BTC,0.5673965733264158
0xcb34a53c9362ee9711fcac9f352bd7e00201dd95,C98,0.539379850388933
0xcb34a53c9362ee9711fcac9f352bd7e00201dd95,CAKE,0.5398444163726036
0xcb34a53c9362ee9711fcac9f352bd7e00201dd95,COMP,0.5355210870882224
0xcb34a53c9362ee9711fcac9f352bd7e00201dd95,CRV,0.5369224307364776
0xcb34a53c9362ee9711fcac9f352bd7e00201dd95,CVX,0.4786867919486341
0xcb34a53c9362ee9711fcac9f352bd7e00201dd95,DAI,0.495061347254031
0xcb34a53c9362ee9711fcac9f352bd7e00201dd95,DAO,0.5345850122816543
0xcb34a53c9362ee9711fcac9f352bd7e00201dd95,DOGE,0.492929598582132
0xcb34a53c9362ee9711fcac9f352bd7e00201dd95,DOT,0.520764095116155
0xcb34a53c9362ee9711fcac9f352bd7e00201dd95,DYDX,0.5244345066256325
0xcb34a53c9362ee9711fcac9f352bd7e00201dd95,EOS,0.5319321456922784
0xcb34a53c9362ee9711fcac9f352bd7e00201dd95,ETC,0.5474622362286098
0xcb34a53c9362ee9711fcac9f352bd7e00201dd95,ETH,0.5658429241887298
0xcb34a53c9362ee9711fcac9f352bd7e00201dd95,FET,0.487913900355546
0xcb34a53c9362ee9711fcac9f352bd7e00201dd95,FIL,0.5141292620780575
0xcb34a53c9362ee9711fcac9f352bd7e00201dd95,FRAX,0.4980955036018221
0xcb34a53c9362ee9711fcac9f352bd7e00201dd95,FTM,0.5092178595014022
0xcb34a53c9362ee9711fcac9f352bd7e00201dd95,FXS,0.5197753461042068
0xcb34a53c9362ee9711fcac9f352bd7e00201dd95,GRT,0.5218242164720653
0xcb34a53c9362ee9711fcac9f352bd7e00201dd95,HAI,0.5309555779516909
0xcb34a53c9362ee9711fcac9f352bd7e00201dd95,HERO,0.554832380026884
0xcb34a53c9362ee9711fcac9f352bd7e00201dd95,ICP,0.4681969985493849
0xcb34a53c9362ee9711fcac9f352bd7e00201dd95,IMX,0.4946876552297213
0xcb34a53c9362ee9711fcac9f352bd7e00201dd95,INJ,0.520684194047639
0xcb34a53c9362ee9711fcac9f352bd7e00201dd95,LDO,0.4932358382153146
0xcb34a53c9362ee9711fcac9f352bd7e00201dd95,LINK,0.5396847968600674
0xcb34a53c9362ee9711fcac9f352bd7e00201dd95,LTC,0.5458332465097477
0xcb34a53c9362ee9711fcac9f352bd7e00201dd95,MATIC,0.5378613618301546
0xcb34a53c9362ee9711fcac9f352bd7e00201dd95,MAV,0.5027539399287997
0xcb34a53c9362ee9711fcac9f352bd7e00201dd95,MBOX,0.4993078474287783
0xcb34a53c9362ee9711fcac9f352bd7e00201dd95,MKR,0.5101132942387981
0xcb34a53c9362ee9711fcac9f352bd7e00201dd95,MOON,0.5600978693904202
0xcb34a53c9362ee9711fcac9f352bd7e00201dd95,NEAR,0.4942154442300052
0xcb34a53c9362ee9711fcac9f352bd7e00201dd95,OP,0.4943426532224798
0xcb34a53c9362ee9711fcac9f352bd7e00201dd95,PENDLE,0.4978041708638898
0xcb34a53c9362ee9711fcac9f352bd7e00201dd95,PEPE,0.4499676362725559
0xcb34a53c9362ee9711fcac9f352bd7e00201dd95,PERP,0.5265455561825535
0xcb34a53c9362ee9711fcac9f352bd7e00201dd95,PIT,0.5031229702868808
0xcb34a53c9362ee9711fcac9f352bd7e00201dd95,POLS,0.504422146385491
0xcb34a53c9362ee9711fcac9f352bd7e00201dd95,PYTH,0.478405572779879
0xcb34a53c9362ee9711fcac9f352bd7e00201dd95,QUACK,0.5301400338756704
0xcb34a53c9362ee9711fcac9f352bd7e00201dd95,RDNT,0.5216754701344285
0xcb34a53c9362ee9711fcac9f352bd7e00201dd95,RNDR,0.5242647710691131
0xcb34a53c9362ee9711fcac9f352bd7e00201dd95,RPL,0.4788136844202449
0xcb34a53c9362ee9711fcac9f352bd7e00201dd95,RUNE,0.4738453514056564
0xcb34a53c9362ee9711fcac9f352bd7e00201dd95,SFP,0.4860279538801859
0xcb34a53c9362ee9711fcac9f352bd7e00201dd95,SFUND,0.5309760218711471
0xcb34a53c9362ee9711fcac9f352bd7e00201dd95,SHIB,0.5402704538101265
0xcb34a53c9362ee9711fcac9f352bd7e00201dd95,SOL,0.5340741841977826
0xcb34a53c9362ee9711fcac9f352bd7e00201dd95,STG,0.5053637848948908
0xcb34a53c9362ee9711fcac9f352bd7e00201dd95,SUI,0.4929569065853494
0xcb34a53c9362ee9711fcac9f352bd7e00201dd95,SUSHI,0.5328147079112312
0xcb34a53c9362ee9711fcac9f352bd7e00201dd95,TIA,0.4573910335626422
0xcb34a53c9362ee9711fcac9f352bd7e00201dd95,TOKEN,0.4959191660181235
0xcb34a53c9362ee9711fcac9f352bd7e00201dd95,TRX,0.5013552891811315
0xcb34a53c9362ee9711fcac9f352bd7e00201dd95,UNI,0.5127799953575589
0xcb34a53c9362ee9711fcac9f352bd7e00201dd95,USDT,0.5017228846866256
0xcb34a53c9362ee9711fcac9f352bd7e00201dd95,XLM,0.5000916317934126
0xcb34a53c9362ee9711fcac9f352bd7e00201dd95,XMR,0.5155829199319063
0xcb34a53c9362ee9711fcac9f352bd7e00201dd95,XRP,0.4925446164777364
0xcb34a53c9362ee9711fcac9f352bd7e00201dd95,XTZ,0.5263673500273892
0xcb34a53c9362ee9711fcac9f352bd7e00201dd95,XVS,0.4753304094530657
0xcb34a53c9362ee9711fcac9f352bd7e00201dd95,YFI,0.5221862439461201
0xcbe37e37bb9ac19e87e6e495303fab60c3111529,AAVE,0.48809698
0xcbe37e37bb9ac19e87e6e495303fab60c3111529,ADA,0.5102981
0xcbe37e37bb9ac19e87e6e495303fab60c3111529,ALGO,0.51723623
0xcbe37e37bb9ac19e87e6e495303fab60c3111529,APE,0.48689216
0xcbe37e37bb9ac19e87e6e495303fab60c3111529,APT,0.47536862
0xcbe37e37bb9ac19e87e6e495303fab60c3111529,ATOM,0.5417236
0xcbe37e37bb9ac19e87e6e495303fab60c3111529,AVAX,0.5045611
0xcbe37e37bb9ac19e87e6e495303fab60c3111529,AXS,0.5243412
0xcbe37e37bb9ac19e87e6e495303fab60c3111529,BAL,0.53263724
0xcbe37e37bb9ac19e87e6e495303fab60c3111529,BCH,0.5338108
0xcbe37e37bb9ac19e87e6e495303fab60c3111529,BLUR,0.45928058
0xcbe37e37bb9ac19e87e6e495303fab60c3111529,BNB,0.5653636
0xcbe37e37bb9ac19e87e6e495303fab60c3111529,BONK,0.4767371
0xcbe37e37bb9ac19e87e6e495303fab60c3111529,BTC,0.5944698
0xcbe37e37bb9ac19e87e6e495303fab60c3111529,C98,0.52265316
0xcbe37e37bb9ac19e87e6e495303fab60c3111529,CAKE,0.52473676
0xcbe37e37bb9ac19e87e6e495303fab60c3111529,COMP,0.5103085
0xcbe37e37bb9ac19e87e6e495303fab60c3111529,CRV,0.5467788
0xcbe37e37bb9ac19e87e6e495303fab60c3111529,CVX,0.48674583
0xcbe37e37bb9ac19e87e6e495303fab60c3111529,DAI,0.5263967
0xcbe37e37bb9ac19e87e6e495303fab60c3111529,DAO,0.569732
0xcbe37e37bb9ac19e87e6e495303fab60c3111529,DOGE,0.4581247
0xcbe37e37bb9ac19e87e6e495303fab60c3111529,DOT,0.5146335
0xcbe37e37bb9ac19e87e6e495303fab60c3111529,DYDX,0.53742766
0xcbe37e37bb9ac19e87e6e495303fab60c3111529,EOS,0.52880925
0xcbe37e37bb9ac19e87e6e495303fab60c3111529,ETC,0.5363763
0xcbe37e37bb9ac19e87e6e495303fab60c3111529,ETH,0.5294649
0xcbe37e37bb9ac19e87e6e495303fab60c3111529,FET,0.50576645
0xcbe37e37bb9ac19e87e6e495303fab60c3111529,FIL,0.5367038
0xcbe37e37bb9ac19e87e6e495303fab60c3111529,FRAX,0.5211223
0xcbe37e37bb9ac19e87e6e495303fab60c3111529,FTM,0.48490334
0xcbe37e37bb9ac19e87e6e495303fab60c3111529,FXS,0.4985013
0xcbe37e37bb9ac19e87e6e495303fab60c3111529,GRT,0.4989358
0xcbe37e37bb9ac19e87e6e495303fab60c3111529,HAI,0.5527568
0xcbe37e37bb9ac19e87e6e495303fab60c3111529,HERO,0.563106
0xcbe37e37bb9ac19e87e6e495303fab60c3111529,ICP,0.46486366
0xcbe37e37bb9ac19e87e6e495303fab60c3111529,IMX,0.47728747
0xcbe37e37bb9ac19e87e6e495303fab60c3111529,INJ,0.5240183
0xcbe37e37bb9ac19e87e6e495303fab60c3111529,LDO,0.49284688
0xcbe37e37bb9ac19e87e6e495303fab60c3111529,LINK,0.5559702
0xcbe37e37bb9ac19e87e6e495303fab60c3111529,LTC,0.52542186
0xcbe37e37bb9ac19e87e6e495303fab60c3111529,MATIC,0.55793774
0xcbe37e37bb9ac19e87e6e495303fab60c3111529,MAV,0.4987481
0xcbe37e37bb9ac19e87e6e495303fab60c3111529,MBOX,0.49476486
0xcbe37e37bb9ac19e87e6e495303fab60c3111529,MKR,0.5442999
0xcbe37e37bb9ac19e87e6e495303fab60c3111529,MOON,0.49972504
0xcbe37e37bb9ac19e87e6e495303fab60c3111529,NEAR,0.47845536
0xcbe37e37bb9ac19e87e6e495303fab60c3111529,OP,0.47257146
0xcbe37e37bb9ac19e87e6e495303fab60c3111529,PENDLE,0.49247903
0xcbe37e37bb9ac19e87e6e495303fab60c3111529,PEPE,0.459589
0xcbe37e37bb9ac19e87e6e495303fab60c3111529,PERP,0.4893857
0xcbe37e37bb9ac19e87e6e495303fab60c3111529,PIT,0.48915198
0xcbe37e37bb9ac19e87e6e495303fab60c3111529,POLS,0.47482717
0xcbe37e37bb9ac19e87e6e495303fab60c3111529,PYTH,0.5038878
0xcbe37e37bb9ac19e87e6e495303fab60c3111529,QUACK,0.52765685
0xcbe37e37bb9ac19e87e6e495303fab60c3111529,RDNT,0.5131105
0xcbe37e37bb9ac19e87e6e495303fab60c3111529,RNDR,0.5029332
0xcbe37e37bb9ac19e87e6e495303fab60c3111529,RPL,0.44294786
0xcbe37e37bb9ac19e87e6e495303fab60c3111529,RUNE,0.4323484
0xcbe37e37bb9ac19e87e6e495303fab60c3111529,SFP,0.49290276
0xcbe37e37bb9ac19e87e6e495303fab60c3111529,SFUND,0.5231756
0xcbe37e37bb9ac19e87e6e495303fab60c3111529,SHIB,0.55770725
0xcbe37e37bb9ac19e87e6e495303fab60c3111529,SOL,0.5614868
0xcbe37e37bb9ac19e87e6e495303fab60c3111529,STG,0.50856185
0xcbe37e37bb9ac19e87e6e495303fab60c3111529,SUI,0.4533944
0xcbe37e37bb9ac19e87e6e495303fab60c3111529,SUSHI,0.5025609
0xcbe37e37bb9ac19e87e6e495303fab60c3111529,TIA,0.39620793
0xcbe37e37bb9ac19e87e6e495303fab60c3111529,TOKEN,0.49546373
0xcbe37e37bb9ac19e87e6e495303fab60c3111529,TRX,0.5229777
0xcbe37e37bb9ac19e87e6e495303fab60c3111529,UNI,0.5384259
0xcbe37e37bb9ac19e87e6e495303fab60c3111529,USDT,0.5439211
0xcbe37e37bb9ac19e87e6e495303fab60c3111529,XLM,0.48183948
0xcbe37e37bb9ac19e87e6e495303fab60c3111529,XMR,0.50938815
0xcbe37e37bb9ac19e87e6e495303fab60c3111529,XRP,0.49375668
0xcbe37e37bb9ac19e87e6e495303fab60c3111529,XTZ,0.5233807
0xcbe37e37bb9ac19e87e6e495303fab60c3111529,XVS,0.47961742
0xcbe37e37bb9ac19e87e6e495303fab60c3111529,YFI,0.51733303
0xccc8f7bb5f28056799f8e6e8dc36e5cebefdf7c5,AAVE,-0.0165261382799325
0xccc8f7bb5f28056799f8e6e8dc36e5cebefdf7c5,ADA,0.0016863406408094
0xccc8f7bb5f28056799f8e6e8dc36e5cebefdf7c5,ALGO,0.0198988195615514
0xccc8f7bb5f28056799f8e6e8dc36e5cebefdf7c5,APE,0.0138279932546374
0xccc8f7bb5f28056799f8e6e8dc36e5cebefdf7c5,APT,-0.0077571669477234
0xccc8f7bb5f28056799f8e6e8dc36e5cebefdf7c5,ATOM,0.0091062394603709
0xccc8f7bb5f28056799f8e6e8dc36e5cebefdf7c5,AVAX,-0.0043844856661045
0xccc8f7bb5f28056799f8e6e8dc36e5cebefdf7c5,AXS,0.0077571669477234
0xccc8f7bb5f28056799f8e6e8dc36e5cebefdf7c5,BAL,0.0124789207419898
0xccc8f7bb5f28056799f8e6e8dc36e5cebefdf7c5,BCH,0.0185497470489038
0xccc8f7bb5f28056799f8e6e8dc36e5cebefdf7c5,BLUR,-0.023946037099494
0xccc8f7bb5f28056799f8e6e8dc36e5cebefdf7c5,BNB,0.0232715008431703
0xccc8f7bb5f28056799f8e6e8dc36e5cebefdf7c5,BONK,-0.0232715008431703
0xccc8f7bb5f28056799f8e6e8dc36e5cebefdf7c5,BTC,0.0118043844856661
0xccc8f7bb5f28056799f8e6e8dc36e5cebefdf7c5,C98,0.0131534569983136
0xccc8f7bb5f28056799f8e6e8dc36e5cebefdf7c5,CAKE,0.023946037099494
0xccc8f7bb5f28056799f8e6e8dc36e5cebefdf7c5,COMP,0.0003372681281618
0xccc8f7bb5f28056799f8e6e8dc36e5cebefdf7c5,CRV,0.0252951096121416
0xccc8f7bb5f28056799f8e6e8dc36e5cebefdf7c5,CVX,-0.0037099494097807
0xccc8f7bb5f28056799f8e6e8dc36e5cebefdf7c5,DAI,-0.0050590219224283
0xccc8f7bb5f28056799f8e6e8dc36e5cebefdf7c5,DAO,-0.0003372681281618
0xccc8f7bb5f28056799f8e6e8dc36e5cebefdf7c5,DOGE,-0.0104553119730185
0xccc8f7bb5f28056799f8e6e8dc36e5cebefdf7c5,DOT,0.0023608768971332
0xccc8f7bb5f28056799f8e6e8dc36e5cebefdf7c5,DYDX,0.0205733558178752
0xccc8f7bb5f28056799f8e6e8dc36e5cebefdf7c5,EOS,0.0151770657672849
0xccc8f7bb5f28056799f8e6e8dc36e5cebefdf7c5,ETC,0.0084317032040472
0xccc8f7bb5f28056799f8e6e8dc36e5cebefdf7c5,ETH,0.0037099494097807
0xccc8f7bb5f28056799f8e6e8dc36e5cebefdf7c5,FET,-0.0185497470489038
0xccc8f7bb5f28056799f8e6e8dc36e5cebefdf7c5,FIL,-0.0064080944350758
0xccc8f7bb5f28056799f8e6e8dc36e5cebefdf7c5,FRAX,-0.0084317032040472
0xccc8f7bb5f28056799f8e6e8dc36e5cebefdf7c5,FTM,-0.0091062394603709
0xccc8f7bb5f28056799f8e6e8dc36e5cebefdf7c5,FXS,-0.0070826306913996
0xccc8f7bb5f28056799f8e6e8dc36e5cebefdf7c5,GRT,0.0050590219224283
0xccc8f7bb5f28056799f8e6e8dc36e5cebefdf7c5,HAI,0.0212478920741989
0xccc8f7bb5f28056799f8e6e8dc36e5cebefdf7c5,HERO,0.0259696458684654
0xccc8f7bb5f28056799f8e6e8dc36e5cebefdf7c5,ICP,-0.0246205733558178
0xccc8f7bb5f28056799f8e6e8dc36e5cebefdf7c5,IMX,-0.0192242833052276
0xccc8f7bb5f28056799f8e6e8dc36e5cebefdf7c5,INJ,-0.0111298482293423
0xccc8f7bb5f28056799f8e6e8dc36e5cebefdf7c5,LDO,-0.0023608768971332
0xccc8f7bb5f28056799f8e6e8dc36e5cebefdf7c5,LINK,0.0165261382799325
0xccc8f7bb5f28056799f8e6e8dc36e5cebefdf7c5,LTC,0.0246205733558178
0xccc8f7bb5f28056799f8e6e8dc36e5cebefdf7c5,MATIC,0.0219224283305227
0xccc8f7bb5f28056799f8e6e8dc36e5cebefdf7c5,MAV,-0.0097807757166947
0xccc8f7bb5f28056799f8e6e8dc36e5cebefdf7c5,MBOX,0.0057335581787521
0xccc8f7bb5f28056799f8e6e8dc36e5cebefdf7c5,MKR,-0.0158516020236087
0xccc8f7bb5f28056799f8e6e8dc36e5cebefdf7c5,MOON,0.0225969645868465
0xccc8f7bb5f28056799f8e6e8dc36e5cebefdf7c5,NEAR,-0.0205733558178752
0xccc8f7bb5f28056799f8e6e8dc36e5cebefdf7c5,OP,-0.0198988195615514
0xccc8f7bb5f28056799f8e6e8dc36e5cebefdf7c5,PENDLE,-0.0030354131534569
0xccc8f7bb5f28056799f8e6e8dc36e5cebefdf7c5,PEPE,-0.0118043844856661
0xccc8f7bb5f28056799f8e6e8dc36e5cebefdf7c5,PERP,-0.0016863406408094
0xccc8f7bb5f28056799f8e6e8dc36e5cebefdf7c5,PIT,0.0158516020236087
0xccc8f7bb5f28056799f8e6e8dc36e5cebefdf7c5,POLS,-0.0151770657672849
0xccc8f7bb5f28056799f8e6e8dc36e5cebefdf7c5,PYTH,-0.0172006745362563
0xccc8f7bb5f28056799f8e6e8dc36e5cebefdf7c5,QUACK,0.01787521079258
0xccc8f7bb5f28056799f8e6e8dc36e5cebefdf7c5,RDNT,0.0097807757166947
0xccc8f7bb5f28056799f8e6e8dc36e5cebefdf7c5,RNDR,0.0172006745362563
0xccc8f7bb5f28056799f8e6e8dc36e5cebefdf7c5,RPL,-0.0124789207419898
0xccc8f7bb5f28056799f8e6e8dc36e5cebefdf7c5,RUNE,-0.0212478920741989
0xccc8f7bb5f28056799f8e6e8dc36e5cebefdf7c5,SFP,-0.0010118043844856
0xccc8f7bb5f28056799f8e6e8dc36e5cebefdf7c5,SFUND,0.0104553119730185
0xccc8f7bb5f28056799f8e6e8dc36e5cebefdf7c5,SHIB,0.0111298482293423
0xccc8f7bb5f28056799f8e6e8dc36e5cebefdf7c5,SOL,0.0064080944350758
0xccc8f7bb5f28056799f8e6e8dc36e5cebefdf7c5,STG,0.0030354131534569
0xccc8f7bb5f28056799f8e6e8dc36e5cebefdf7c5,SUI,-0.01787521079258
0xccc8f7bb5f28056799f8e6e8dc36e5cebefdf7c5,SUSHI,0.0192242833052276
0xccc8f7bb5f28056799f8e6e8dc36e5cebefdf7c5,TIA,-0.0225969645868465
0xccc8f7bb5f28056799f8e6e8dc36e5cebefdf7c5,TOKEN,-0.0138279932546374
0xccc8f7bb5f28056799f8e6e8dc36e5cebefdf7c5,TRX,-0.0131534569983136
0xccc8f7bb5f28056799f8e6e8dc36e5cebefdf7c5,UNI,-0.0145025295109612
0xccc8f7bb5f28056799f8e6e8dc36e5cebefdf7c5,USDT,0.0043844856661045
0xccc8f7bb5f28056799f8e6e8dc36e5cebefdf7c5,XLM,0.0145025295109612
0xccc8f7bb5f28056799f8e6e8dc36e5cebefdf7c5,XMR,-0.0252951096121416
0xccc8f7bb5f28056799f8e6e8dc36e5cebefdf7c5,XRP,-0.0057335581787521
0xccc8f7bb5f28056799f8e6e8dc36e5cebefdf7c5,XTZ,0.0070826306913996
0xccc8f7bb5f28056799f8e6e8dc36e5cebefdf7c5,XVS,-0.0219224283305227
0xccc8f7bb5f28056799f8e6e8dc36e5cebefdf7c5,YFI,0.0010118043844856
0xcf28560da27700098a0efcb3f5742169948892de,AAVE,0.4682303034541127
0xcf28560da27700098a0efcb3f5742169948892de,ADA,0.5301693559775825
0xcf28560da27700098a0efcb3f5742169948892de,ALGO,0.5092556313255002
0xcf28560da27700098a0efcb3f5742169948892de,APE,0.5160228411741776
0xcf28560da27700098a0efcb3f5742169948892de,APT,0.497952292887907
0xcf28560da27700098a0efcb3f5742169948892de,ATOM,0.5390394322630951
0xcf28560da27700098a0efcb3f5742169948892de,AVAX,0.506178623240707
0xcf28560da27700098a0efcb3f5742169948892de,AXS,0.5412307059824538
0xcf28560da27700098a0efcb3f5742169948892de,BAL,0.5166080013458786
0xcf28560da27700098a0efcb3f5742169948892de,BCH,0.5119354193079537
0xcf28560da27700098a0efcb3f5742169948892de,BLUR,0.480739463264681
0xcf28560da27700098a0efcb3f5742169948892de,BNB,0.5310552460423729
0xcf28560da27700098a0efcb3f5742169948892de,BONK,0.4974851447571955
0xcf28560da27700098a0efcb3f5742169948892de,BTC,0.5518566153177606
0xcf28560da27700098a0efcb3f5742169948892de,C98,0.5246016666972203
0xcf28560da27700098a0efcb3f5742169948892de,CAKE,0.5461129459215615
0xcf28560da27700098a0efcb3f5742169948892de,COMP,0.5461511986852472
0xcf28560da27700098a0efcb3f5742169948892de,CRV,0.5348833532185949
0xcf28560da27700098a0efcb3f5742169948892de,CVX,0.5003979364316319
0xcf28560da27700098a0efcb3f5742169948892de,DAI,0.5068543603765336
0xcf28560da27700098a0efcb3f5742169948892de,DAO,0.535837559746719
0xcf28560da27700098a0efcb3f5742169948892de,DOGE,0.4475929976520279
0xcf28560da27700098a0efcb3f5742169948892de,DOT,0.518715337526974
0xcf28560da27700098a0efcb3f5742169948892de,DYDX,0.5182809517362209
0xcf28560da27700098a0efcb3f5742169948892de,EOS,0.5299078523142354
0xcf28560da27700098a0efcb3f5742169948892de,ETC,0.5436907720044503
0xcf28560da27700098a0efcb3f5742169948892de,ETH,0.5301647684957687
0xcf28560da27700098a0efcb3f5742169948892de,FET,0.463983659845791
0xcf28560da27700098a0efcb3f5742169948892de,FIL,0.4922901524062968
0xcf28560da27700098a0efcb3f5742169948892de,FRAX,0.4361872308740695
0xcf28560da27700098a0efcb3f5742169948892de,FTM,0.495552769860325
0xcf28560da27700098a0efcb3f5742169948892de,FXS,0.5102308031267672
0xcf28560da27700098a0efcb3f5742169948892de,GRT,0.5239576623503571
0xcf28560da27700098a0efcb3f5742169948892de,HAI,0.5511984872850154
0xcf28560da27700098a0efcb3f5742169948892de,HERO,0.5520941771060449
0xcf28560da27700098a0efcb3f5742169948892de,ICP,0.5023435439471846
0xcf28560da27700098a0efcb3f5742169948892de,IMX,0.4946196811025977
0xcf28560da27700098a0efcb3f5742169948892de,INJ,0.4709175926809908
0xcf28560da27700098a0efcb3f5742169948892de,LDO,0.5083920121848305
0xcf28560da27700098a0efcb3f5742169948892de,LINK,0.5265770784386258
0xcf28560da27700098a0efcb3f5742169948892de,LTC,0.5326069530282558
0xcf28560da27700098a0efcb3f5742169948892de,MATIC,0.5426437798488417
0xcf28560da27700098a0efcb3f5742169948892de,MAV,0.5007369868270067
0xcf28560da27700098a0efcb3f5742169948892de,MBOX,0.504689514837136
0xcf28560da27700098a0efcb3f5742169948892de,MKR,0.4750314237388709
0xcf28560da27700098a0efcb3f5742169948892de,MOON,0.5737484856525551
0xcf28560da27700098a0efcb3f5742169948892de,NEAR,0.4903269188435757
0xcf28560da27700098a0efcb3f5742169948892de,OP,0.4983215457058484
0xcf28560da27700098a0efcb3f5742169948892de,PENDLE,0.4953381738669514
0xcf28560da27700098a0efcb3f5742169948892de,PEPE,0.4230702735781499
0xcf28560da27700098a0efcb3f5742169948892de,PERP,0.4843010488476013
0xcf28560da27700098a0efcb3f5742169948892de,PIT,0.5504784542607366
0xcf28560da27700098a0efcb3f5742169948892de,POLS,0.4989931513095404
0xcf28560da27700098a0efcb3f5742169948892de,PYTH,0.4974556495848137
0xcf28560da27700098a0efcb3f5742169948892de,QUACK,0.518298876835336
0xcf28560da27700098a0efcb3f5742169948892de,RDNT,0.5068035887074519
0xcf28560da27700098a0efcb3f5742169948892de,RNDR,0.4913512841559793
0xcf28560da27700098a0efcb3f5742169948892de,RPL,0.4548645449439759
0xcf28560da27700098a0efcb3f5742169948892de,RUNE,0.4824789354274515
0xcf28560da27700098a0efcb3f5742169948892de,SFP,0.4836099420859004
0xcf28560da27700098a0efcb3f5742169948892de,SFUND,0.5352685228097395
0xcf28560da27700098a0efcb3f5742169948892de,SHIB,0.532197636233728
0xcf28560da27700098a0efcb3f5742169948892de,SOL,0.5175755464571924
0xcf28560da27700098a0efcb3f5742169948892de,STG,0.503759882607433
0xcf28560da27700098a0efcb3f5742169948892de,SUI,0.4716742252113712
0xcf28560da27700098a0efcb3f5742169948892de,SUSHI,0.5298412354192463
0xcf28560da27700098a0efcb3f5742169948892de,TIA,0.4647353612152724
0xcf28560da27700098a0efcb3f5742169948892de,TOKEN,0.4748046732918203
0xcf28560da27700098a0efcb3f5742169948892de,TRX,0.4970414971504749
0xcf28560da27700098a0efcb3f5742169948892de,UNI,0.4761352450099092
0xcf28560da27700098a0efcb3f5742169948892de,USDT,0.5109123751085043
0xcf28560da27700098a0efcb3f5742169948892de,XLM,0.5102210451112205
0xcf28560da27700098a0efcb3f5742169948892de,XMR,0.5224646794432903
0xcf28560da27700098a0efcb3f5742169948892de,XRP,0.4636216455006868
0xcf28560da27700098a0efcb3f5742169948892de,XTZ,0.534934817032392
0xcf28560da27700098a0efcb3f5742169948892de,XVS,0.4997102754461036
0xcf28560da27700098a0efcb3f5742169948892de,YFI,0.5403881150370009
0xd9a2e6d790bf68c748cb41d05ff7413c0412068b,AAVE,0.5207933940433063
0xd9a2e6d790bf68c748cb41d05ff7413c0412068b,ADA,0.5044775780096417
0xd9a2e6d790bf68c748cb41d05ff7413c0412068b,ALGO,0.5154342956568047
0xd9a2e6d790bf68c748cb41d05ff7413c0412068b,APE,0.4984461570277934
0xd9a2e6d790bf68c748cb41d05ff7413c0412068b,APT,0.5122785936891819
0xd9a2e6d790bf68c748cb41d05ff7413c0412068b,ATOM,0.559374026742196
0xd9a2e6d790bf68c748cb41d05ff7413c0412068b,AVAX,0.500363190801731
0xd9a2e6d790bf68c748cb41d05ff7413c0412068b,AXS,0.5208739551488237
0xd9a2e6d790bf68c748cb41d05ff7413c0412068b,BAL,0.5375754860891059
0xd9a2e6d790bf68c748cb41d05ff7413c0412068b,BCH,0.5660491834153354
0xd9a2e6d790bf68c748cb41d05ff7413c0412068b,BLUR,0.4643342098468703
0xd9a2e6d790bf68c748cb41d05ff7413c0412068b,BNB,0.5177990949850825
0xd9a2e6d790bf68c748cb41d05ff7413c0412068b,BONK,0.4344029652305938
0xd9a2e6d790bf68c748cb41d05ff7413c0412068b,BTC,0.537342342131977
0xd9a2e6d790bf68c748cb41d05ff7413c0412068b,C98,0.5130607082932435
0xd9a2e6d790bf68c748cb41d05ff7413c0412068b,CAKE,0.5040754696803593
0xd9a2e6d790bf68c748cb41d05ff7413c0412068b,COMP,0.5548926418110415
0xd9a2e6d790bf68c748cb41d05ff7413c0412068b,CRV,0.5075980093597428
0xd9a2e6d790bf68c748cb41d05ff7413c0412068b,CVX,0.4894220397429865
0xd9a2e6d790bf68c748cb41d05ff7413c0412068b,DAI,0.5222581750728916
0xd9a2e6d790bf68c748cb41d05ff7413c0412068b,DAO,0.512757217988788
0xd9a2e6d790bf68c748cb41d05ff7413c0412068b,DOGE,0.4801793540835112
0xd9a2e6d790bf68c748cb41d05ff7413c0412068b,DOT,0.5656828870838657
0xd9a2e6d790bf68c748cb41d05ff7413c0412068b,DYDX,0.5536588279578585
0xd9a2e6d790bf68c748cb41d05ff7413c0412068b,EOS,0.5367541100597317
0xd9a2e6d790bf68c748cb41d05ff7413c0412068b,ETC,0.5457410577718376
0xd9a2e6d790bf68c748cb41d05ff7413c0412068b,ETH,0.5522825106456482
0xd9a2e6d790bf68c748cb41d05ff7413c0412068b,FET,0.4871543689626058
0xd9a2e6d790bf68c748cb41d05ff7413c0412068b,FIL,0.5430952199559179
0xd9a2e6d790bf68c748cb41d05ff7413c0412068b,FRAX,0.5356622703716173
0xd9a2e6d790bf68c748cb41d05ff7413c0412068b,FTM,0.4854801309772018
0xd9a2e6d790bf68c748cb41d05ff7413c0412068b,FXS,0.5114575040235121
0xd9a2e6d790bf68c748cb41d05ff7413c0412068b,GRT,0.5079616013253481
0xd9a2e6d790bf68c748cb41d05ff7413c0412068b,HAI,0.5087603126526046
0xd9a2e6d790bf68c748cb41d05ff7413c0412068b,HERO,0.489626115598556
0xd9a2e6d790bf68c748cb41d05ff7413c0412068b,ICP,0.5228106420113707
0xd9a2e6d790bf68c748cb41d05ff7413c0412068b,IMX,0.4975153830509561
0xd9a2e6d790bf68c748cb41d05ff7413c0412068b,INJ,0.5196017667455891
0xd9a2e6d790bf68c748cb41d05ff7413c0412068b,LDO,0.5048684901826068
0xd9a2e6d790bf68c748cb41d05ff7413c0412068b,LINK,0.5349990814841867
0xd9a2e6d790bf68c748cb41d05ff7413c0412068b,LTC,0.5225816752221046
0xd9a2e6d790bf68c748cb41d05ff7413c0412068b,MATIC,0.541030239564281
0xd9a2e6d790bf68c748cb41d05ff7413c0412068b,MAV,0.491238680532407
0xd9a2e6d790bf68c748cb41d05ff7413c0412068b,MBOX,0.4876543204221208
0xd9a2e6d790bf68c748cb41d05ff7413c0412068b,MKR,0.5036362501783972
0xd9a2e6d790bf68c748cb41d05ff7413c0412068b,MOON,0.5628939715237754
0xd9a2e6d790bf68c748cb41d05ff7413c0412068b,NEAR,0.5327823405306996
0xd9a2e6d790bf68c748cb41d05ff7413c0412068b,OP,0.5079646650036262
0xd9a2e6d790bf68c748cb41d05ff7413c0412068b,PENDLE,0.5075938797233195
0xd9a2e6d790bf68c748cb41d05ff7413c0412068b,PEPE,0.4475928856283097
0xd9a2e6d790bf68c748cb41d05ff7413c0412068b,PERP,0.5042540607293362
0xd9a2e6d790bf68c748cb41d05ff7413c0412068b,PIT,0.4570910208226088
0xd9a2e6d790bf68c748cb41d05ff7413c0412068b,POLS,0.5142836168197732
0xd9a2e6d790bf68c748cb41d05ff7413c0412068b,PYTH,0.5124434068792676
0xd9a2e6d790bf68c748cb41d05ff7413c0412068b,QUACK,0.480423316883806
0xd9a2e6d790bf68c748cb41d05ff7413c0412068b,RDNT,0.4965013320323684
0xd9a2e6d790bf68c748cb41d05ff7413c0412068b,RNDR,0.514321531998978
0xd9a2e6d790bf68c748cb41d05ff7413c0412068b,RPL,0.4731542053112753
0xd9a2e6d790bf68c748cb41d05ff7413c0412068b,RUNE,0.5011559493123215
0xd9a2e6d790bf68c748cb41d05ff7413c0412068b,SFP,0.4933603943401656
0xd9a2e6d790bf68c748cb41d05ff7413c0412068b,SFUND,0.5074021325930718
0xd9a2e6d790bf68c748cb41d05ff7413c0412068b,SHIB,0.5045657371183624
0xd9a2e6d790bf68c748cb41d05ff7413c0412068b,SOL,0.4869214862878909
0xd9a2e6d790bf68c748cb41d05ff7413c0412068b,STG,0.4592811209255628
0xd9a2e6d790bf68c748cb41d05ff7413c0412068b,SUI,0.5065424386132447
0xd9a2e6d790bf68c748cb41d05ff7413c0412068b,SUSHI,0.5053488806395291
0xd9a2e6d790bf68c748cb41d05ff7413c0412068b,TIA,0.5063004206813478
0xd9a2e6d790bf68c748cb41d05ff7413c0412068b,TOKEN,0.4878714264390856
0xd9a2e6d790bf68c748cb41d05ff7413c0412068b,TRX,0.5103897230088734
0xd9a2e6d790bf68c748cb41d05ff7413c0412068b,UNI,0.4973776587075431
0xd9a2e6d790bf68c748cb41d05ff7413c0412068b,USDT,0.5283217725591822
0xd9a2e6d790bf68c748cb41d05ff7413c0412068b,XLM,0.4927443377060648
0xd9a2e6d790bf68c748cb41d05ff7413c0412068b,XMR,0.5173980070860228
0xd9a2e6d790bf68c748cb41d05ff7413c0412068b,XRP,0.4710107741753737
0xd9a2e6d790bf68c748cb41d05ff7413c0412068b,XTZ,0.5433835629183666
0xd9a2e6d790bf68c748cb41d05ff7413c0412068b,XVS,0.5124784267871669
0xd9a2e6d790bf68c748cb41d05ff7413c0412068b,YFI,0.5421089285032435
0xe14867e41410bd7232a52b9400476c08b4e535b3,AAVE,0.49742442
0xe14867e41410bd7232a52b9400476c08b4e535b3,ADA,0.5106899
0xe14867e41410bd7232a52b9400476c08b4e535b3,ALGO,0.5147674
0xe14867e41410bd7232a52b9400476c08b4e535b3,APE,0.50543773
0xe14867e41410bd7232a52b9400476c08b4e535b3,APT,0.50815785
0xe14867e41410bd7232a52b9400476c08b4e535b3,ATOM,0.53946257
0xe14867e41410bd7232a52b9400476c08b4e535b3,AVAX,0.49925888
0xe14867e41410bd7232a52b9400476c08b4e535b3,AXS,0.5360428
0xe14867e41410bd7232a52b9400476c08b4e535b3,BAL,0.5186822
0xe14867e41410bd7232a52b9400476c08b4e535b3,BCH,0.520079
0xe14867e41410bd7232a52b9400476c08b4e535b3,BLUR,0.44932178
0xe14867e41410bd7232a52b9400476c08b4e535b3,BNB,0.52916884
0xe14867e41410bd7232a52b9400476c08b4e535b3,BONK,0.45384777
0xe14867e41410bd7232a52b9400476c08b4e535b3,BTC,0.5491738
0xe14867e41410bd7232a52b9400476c08b4e535b3,C98,0.5355535
0xe14867e41410bd7232a52b9400476c08b4e535b3,CAKE,0.52889854
0xe14867e41410bd7232a52b9400476c08b4e535b3,COMP,0.5372044
0xe14867e41410bd7232a52b9400476c08b4e535b3,CRV,0.53432685
0xe14867e41410bd7232a52b9400476c08b4e535b3,CVX,0.49904317
0xe14867e41410bd7232a52b9400476c08b4e535b3,DAI,0.4851233
0xe14867e41410bd7232a52b9400476c08b4e535b3,DAO,0.5250758
0xe14867e41410bd7232a52b9400476c08b4e535b3,DOGE,0.5205205
0xe14867e41410bd7232a52b9400476c08b4e535b3,DOT,0.51584965
0xe14867e41410bd7232a52b9400476c08b4e535b3,DYDX,0.52853364
0xe14867e41410bd7232a52b9400476c08b4e535b3,EOS,0.52793676
0xe14867e41410bd7232a52b9400476c08b4e535b3,ETC,0.5270749
0xe14867e41410bd7232a52b9400476c08b4e535b3,ETH,0.5633418
0xe14867e41410bd7232a52b9400476c08b4e535b3,FET,0.475181
0xe14867e41410bd7232a52b9400476c08b4e535b3,FIL,0.53256375
0xe14867e41410bd7232a52b9400476c08b4e535b3,FRAX,0.48925328
0xe14867e41410bd7232a52b9400476c08b4e535b3,FTM,0.48981082
0xe14867e41410bd7232a52b9400476c08b4e535b3,FXS,0.5081927
0xe14867e41410bd7232a52b9400476c08b4e535b3,GRT,0.5134929
0xe14867e41410bd7232a52b9400476c08b4e535b3,HAI,0.5348946
0xe14867e41410bd7232a52b9400476c08b4e535b3,HERO,0.55076826
0xe14867e41410bd7232a52b9400476c08b4e535b3,ICP,0.45822522
0xe14867e41410bd7232a52b9400476c08b4e535b3,IMX,0.48109543
0xe14867e41410bd7232a52b9400476c08b4e535b3,INJ,0.5291282
0xe14867e41410bd7232a52b9400476c08b4e535b3,LDO,0.49037355
0xe14867e41410bd7232a52b9400476c08b4e535b3,LINK,0.5329213
0xe14867e41410bd7232a52b9400476c08b4e535b3,LTC,0.5263768
0xe14867e41410bd7232a52b9400476c08b4e535b3,MATIC,0.5357475
0xe14867e41410bd7232a52b9400476c08b4e535b3,MAV,0.49210227
0xe14867e41410bd7232a52b9400476c08b4e535b3,MBOX,0.51096106
0xe14867e41410bd7232a52b9400476c08b4e535b3,MKR,0.52681804
0xe14867e41410bd7232a52b9400476c08b4e535b3,MOON,0.5709116
0xe14867e41410bd7232a52b9400476c08b4e535b3,NEAR,0.50257343
0xe14867e41410bd7232a52b9400476c08b4e535b3,OP,0.5313851
0xe14867e41410bd7232a52b9400476c08b4e535b3,PENDLE,0.4956878
0xe14867e41410bd7232a52b9400476c08b4e535b3,PEPE,0.46727476
0xe14867e41410bd7232a52b9400476c08b4e535b3,PERP,0.51998734
0xe14867e41410bd7232a52b9400476c08b4e535b3,PIT,0.515605
0xe14867e41410bd7232a52b9400476c08b4e535b3,POLS,0.5148331
0xe14867e41410bd7232a52b9400476c08b4e535b3,PYTH,0.4911269
0xe14867e41410bd7232a52b9400476c08b4e535b3,QUACK,0.52099216
0xe14867e41410bd7232a52b9400476c08b4e535b3,RDNT,0.520236
0xe14867e41410bd7232a52b9400476c08b4e535b3,RNDR,0.5305544
0xe14867e41410bd7232a52b9400476c08b4e535b3,RPL,0.45367727
0xe14867e41410bd7232a52b9400476c08b4e535b3,RUNE,0.4654152
0xe14867e41410bd7232a52b9400476c08b4e535b3,SFP,0.47864684
0xe14867e41410bd7232a52b9400476c08b4e535b3,SFUND,0.5400332
0xe14867e41410bd7232a52b9400476c08b4e535b3,SHIB,0.5345583
0xe14867e41410bd7232a52b9400476c08b4e535b3,SOL,0.5389468
0xe14867e41410bd7232a52b9400476c08b4e535b3,STG,0.5110904
0xe14867e41410bd7232a52b9400476c08b4e535b3,SUI,0.50077385
0xe14867e41410bd7232a52b9400476c08b4e535b3,SUSHI,0.5308627
0xe14867e41410bd7232a52b9400476c08b4e535b3,TIA,0.43459085
0xe14867e41410bd7232a52b9400476c08b4e535b3,TOKEN,0.48969993
0xe14867e41410bd7232a52b9400476c08b4e535b3,TRX,0.5362969
0xe14867e41410bd7232a52b9400476c08b4e535b3,UNI,0.53315496
0xe14867e41410bd7232a52b9400476c08b4e535b3,USDT,0.48897284
0xe14867e41410bd7232a52b9400476c08b4e535b3,XLM,0.50012577
0xe14867e41410bd7232a52b9400476c08b4e535b3,XMR,0.5097862
0xe14867e41410bd7232a52b9400476c08b4e535b3,XRP,0.48845634
0xe14867e41410bd7232a52b9400476c08b4e535b3,XTZ,0.52525437
0xe14867e41410bd7232a52b9400476c08b4e535b3,XVS,0.44764522
0xe14867e41410bd7232a52b9400476c08b4e535b3,YFI,0.5178061
0xea8b4bb8c19ee22687093e35469d4fbdc84450cb,AAVE,0.4955767066398173
0xea8b4bb8c19ee22687093e35469d4fbdc84450cb,ADA,0.5004917402952387
0xea8b4bb8c19ee22687093e35469d4fbdc84450cb,ALGO,0.5171999596714859
0xea8b4bb8c19ee22687093e35469d4fbdc84450cb,APE,0.5196806585114631
0xea8b4bb8c19ee22687093e35469d4fbdc84450cb,APT,0.5206161415739733
0xea8b4bb8c19ee22687093e35469d4fbdc84450cb,ATOM,0.5399093908135059
0xea8b4bb8c19ee22687093e35469d4fbdc84450cb,AVAX,0.4813081499610429
0xea8b4bb8c19ee22687093e35469d4fbdc84450cb,AXS,0.5279059444615796
0xea8b4bb8c19ee22687093e35469d4fbdc84450cb,BAL,0.5353338425183612
0xea8b4bb8c19ee22687093e35469d4fbdc84450cb,BCH,0.5325753739574645
0xea8b4bb8c19ee22687093e35469d4fbdc84450cb,BLUR,0.4263116703014181
0xea8b4bb8c19ee22687093e35469d4fbdc84450cb,BNB,0.5473474275920244
0xea8b4bb8c19ee22687093e35469d4fbdc84450cb,BONK,0.3973599835421406
0xea8b4bb8c19ee22687093e35469d4fbdc84450cb,BTC,0.5866571632572831
0xea8b4bb8c19ee22687093e35469d4fbdc84450cb,C98,0.5427124388794532
0xea8b4bb8c19ee22687093e35469d4fbdc84450cb,CAKE,0.5278190279874917
0xea8b4bb8c19ee22687093e35469d4fbdc84450cb,COMP,0.5459900543289694
0xea8b4bb8c19ee22687093e35469d4fbdc84450cb,CRV,0.5359609925378542
0xea8b4bb8c19ee22687093e35469d4fbdc84450cb,CVX,0.4723263208667833
0xea8b4bb8c19ee22687093e35469d4fbdc84450cb,DAI,0.5007061261985014
0xea8b4bb8c19ee22687093e35469d4fbdc84450cb,DAO,0.5476670329325789
0xea8b4bb8c19ee22687093e35469d4fbdc84450cb,DOGE,0.5087481152896317
0xea8b4bb8c19ee22687093e35469d4fbdc84450cb,DOT,0.5159725784022309
0xea8b4bb8c19ee22687093e35469d4fbdc84450cb,DYDX,0.5312890705103723
0xea8b4bb8c19ee22687093e35469d4fbdc84450cb,EOS,0.5430983311394212
0xea8b4bb8c19ee22687093e35469d4fbdc84450cb,ETC,0.5615634839200806
0xea8b4bb8c19ee22687093e35469d4fbdc84450cb,ETH,0.5858491599741241
0xea8b4bb8c19ee22687093e35469d4fbdc84450cb,FET,0.4765958049273954
0xea8b4bb8c19ee22687093e35469d4fbdc84450cb,FIL,0.5382985526899975
0xea8b4bb8c19ee22687093e35469d4fbdc84450cb,FRAX,0.5152542420920841
0xea8b4bb8c19ee22687093e35469d4fbdc84450cb,FTM,0.5120506668542967
0xea8b4bb8c19ee22687093e35469d4fbdc84450cb,FXS,0.532255320561505
0xea8b4bb8c19ee22687093e35469d4fbdc84450cb,GRT,0.5322265778970886
0xea8b4bb8c19ee22687093e35469d4fbdc84450cb,HAI,0.5316749928699471
0xea8b4bb8c19ee22687093e35469d4fbdc84450cb,HERO,0.5462182544646009
0xea8b4bb8c19ee22687093e35469d4fbdc84450cb,ICP,0.4905118981984921
0xea8b4bb8c19ee22687093e35469d4fbdc84450cb,IMX,0.5099477630606725
0xea8b4bb8c19ee22687093e35469d4fbdc84450cb,INJ,0.5374533342863143
0xea8b4bb8c19ee22687093e35469d4fbdc84450cb,LDO,0.4722828161431994
0xea8b4bb8c19ee22687093e35469d4fbdc84450cb,LINK,0.5288749540569265
0xea8b4bb8c19ee22687093e35469d4fbdc84450cb,LTC,0.5613538259246299
0xea8b4bb8c19ee22687093e35469d4fbdc84450cb,MATIC,0.556024715536834
0xea8b4bb8c19ee22687093e35469d4fbdc84450cb,MAV,0.4878327209724912
0xea8b4bb8c19ee22687093e35469d4fbdc84450cb,MBOX,0.497708573113433
0xea8b4bb8c19ee22687093e35469d4fbdc84450cb,MKR,0.5178478021935163
0xea8b4bb8c19ee22687093e35469d4fbdc84450cb,MOON,0.579488210324177
0xea8b4bb8c19ee22687093e35469d4fbdc84450cb,NEAR,0.5092043741889805
0xea8b4bb8c19ee22687093e35469d4fbdc84450cb,OP,0.510317011351982
0xea8b4bb8c19ee22687093e35469d4fbdc84450cb,PENDLE,0.504248640902233
0xea8b4bb8c19ee22687093e35469d4fbdc84450cb,PEPE,0.3936804947892988
0xea8b4bb8c19ee22687093e35469d4fbdc84450cb,PERP,0.5311088422515589
0xea8b4bb8c19ee22687093e35469d4fbdc84450cb,PIT,0.4885248354874814
0xea8b4bb8c19ee22687093e35469d4fbdc84450cb,POLS,0.5101220179994905
0xea8b4bb8c19ee22687093e35469d4fbdc84450cb,PYTH,0.4775920184023162
0xea8b4bb8c19ee22687093e35469d4fbdc84450cb,QUACK,0.5276049614645335
0xea8b4bb8c19ee22687093e35469d4fbdc84450cb,RDNT,0.5154850442743267
0xea8b4bb8c19ee22687093e35469d4fbdc84450cb,RNDR,0.5204087292924598
0xea8b4bb8c19ee22687093e35469d4fbdc84450cb,RPL,0.4749808122721743
0xea8b4bb8c19ee22687093e35469d4fbdc84450cb,RUNE,0.4659066088795957
0xea8b4bb8c19ee22687093e35469d4fbdc84450cb,SFP,0.4838252210444067
0xea8b4bb8c19ee22687093e35469d4fbdc84450cb,SFUND,0.5500467464574563
0xea8b4bb8c19ee22687093e35469d4fbdc84450cb,SHIB,0.5490643214258509
0xea8b4bb8c19ee22687093e35469d4fbdc84450cb,SOL,0.5438407473887866
0xea8b4bb8c19ee22687093e35469d4fbdc84450cb,STG,0.4946303965807478
0xea8b4bb8c19ee22687093e35469d4fbdc84450cb,SUI,0.4884591810033715
0xea8b4bb8c19ee22687093e35469d4fbdc84450cb,SUSHI,0.5454979437747669
0xea8b4bb8c19ee22687093e35469d4fbdc84450cb,TIA,0.4738843016460099
0xea8b4bb8c19ee22687093e35469d4fbdc84450cb,TOKEN,0.4935129453932593
0xea8b4bb8c19ee22687093e35469d4fbdc84450cb,TRX,0.4998540237529896
0xea8b4bb8c19ee22687093e35469d4fbdc84450cb,UNI,0.5169956152789246
0xea8b4bb8c19ee22687093e35469d4fbdc84450cb,USDT,0.4915986765877951
0xea8b4bb8c19ee22687093e35469d4fbdc84450cb,XLM,0.4762504687450953
0xea8b4bb8c19ee22687093e35469d4fbdc84450cb,XMR,0.5272063029990557
0xea8b4bb8c19ee22687093e35469d4fbdc84450cb,XRP,0.4835305975476627
0xea8b4bb8c19ee22687093e35469d4fbdc84450cb,XTZ,0.5280093959427886
0xea8b4bb8c19ee22687093e35469d4fbdc84450cb,XVS,0.4714182497760918
0xea8b4bb8c19ee22687093e35469d4fbdc84450cb,YFI,0.5274112242830772
0xeba5ba85f72e40a9f2b8782c2bd51ec31a5564da,AAVE,0.5032923
0xeba5ba85f72e40a9f2b8782c2bd51ec31a5564da,ADA,0.5054785
0xeba5ba85f72e40a9f2b8782c2bd51ec31a5564da,ALGO,0.51598436
0xeba5ba85f72e40a9f2b8782c2bd51ec31a5564da,APE,0.51010805
0xeba5ba85f72e40a9f2b8782c2bd51ec31a5564da,APT,0.5080821
0xeba5ba85f72e40a9f2b8782c2bd51ec31a5564da,ATOM,0.5400058
0xeba5ba85f72e40a9f2b8782c2bd51ec31a5564da,AVAX,0.49873638
0xeba5ba85f72e40a9f2b8782c2bd51ec31a5564da,AXS,0.5330401
0xeba5ba85f72e40a9f2b8782c2bd51ec31a5564da,BAL,0.5187433
0xeba5ba85f72e40a9f2b8782c2bd51ec31a5564da,BCH,0.51959133
0xeba5ba85f72e40a9f2b8782c2bd51ec31a5564da,BLUR,0.44117704
0xeba5ba85f72e40a9f2b8782c2bd51ec31a5564da,BNB,0.5337227
0xeba5ba85f72e40a9f2b8782c2bd51ec31a5564da,BONK,0.4406352
0xeba5ba85f72e40a9f2b8782c2bd51ec31a5564da,BTC,0.5597934
0xeba5ba85f72e40a9f2b8782c2bd51ec31a5564da,C98,0.5350849
0xeba5ba85f72e40a9f2b8782c2bd51ec31a5564da,CAKE,0.5307014
0xeba5ba85f72e40a9f2b8782c2bd51ec31a5564da,COMP,0.53633493
0xeba5ba85f72e40a9f2b8782c2bd51ec31a5564da,CRV,0.53058153
0xeba5ba85f72e40a9f2b8782c2bd51ec31a5564da,CVX,0.49018422
0xeba5ba85f72e40a9f2b8782c2bd51ec31a5564da,DAI,0.49823523
0xeba5ba85f72e40a9f2b8782c2bd51ec31a5564da,DAO,0.5263273
0xeba5ba85f72e40a9f2b8782c2bd51ec31a5564da,DOGE,0.51231796
0xeba5ba85f72e40a9f2b8782c2bd51ec31a5564da,DOT,0.51338387
0xeba5ba85f72e40a9f2b8782c2bd51ec31a5564da,DYDX,0.52926654
0xeba5ba85f72e40a9f2b8782c2bd51ec31a5564da,EOS,0.5303237
0xeba5ba85f72e40a9f2b8782c2bd51ec31a5564da,ETC,0.529257
0xeba5ba85f72e40a9f2b8782c2bd51ec31a5564da,ETH,0.56770676
0xeba5ba85f72e40a9f2b8782c2bd51ec31a5564da,FET,0.4748732
0xeba5ba85f72e40a9f2b8782c2bd51ec31a5564da,FIL,0.52687055
0xeba5ba85f72e40a9f2b8782c2bd51ec31a5564da,FRAX,0.49317026
0xeba5ba85f72e40a9f2b8782c2bd51ec31a5564da,FTM,0.49183467
0xeba5ba85f72e40a9f2b8782c2bd51ec31a5564da,FXS,0.5087127
0xeba5ba85f72e40a9f2b8782c2bd51ec31a5564da,GRT,0.5155668
0xeba5ba85f72e40a9f2b8782c2bd51ec31a5564da,HAI,0.53694296
0xeba5ba85f72e40a9f2b8782c2bd51ec31a5564da,HERO,0.55497056
0xeba5ba85f72e40a9f2b8782c2bd51ec31a5564da,ICP,0.45276007
0xeba5ba85f72e40a9f2b8782c2bd51ec31a5564da,IMX,0.48098543
0xeba5ba85f72e40a9f2b8782c2bd51ec31a5564da,INJ,0.5271321
0xeba5ba85f72e40a9f2b8782c2bd51ec31a5564da,LDO,0.49610606
0xeba5ba85f72e40a9f2b8782c2bd51ec31a5564da,LINK,0.5420597
0xeba5ba85f72e40a9f2b8782c2bd51ec31a5564da,LTC,0.53429323
0xeba5ba85f72e40a9f2b8782c2bd51ec31a5564da,MATIC,0.5338612
0xeba5ba85f72e40a9f2b8782c2bd51ec31a5564da,MAV,0.4946269
0xeba5ba85f72e40a9f2b8782c2bd51ec31a5564da,MBOX,0.50900584
0xeba5ba85f72e40a9f2b8782c2bd51ec31a5564da,MKR,0.5271437
0xeba5ba85f72e40a9f2b8782c2bd51ec31a5564da,MOON,0.56365466
0xeba5ba85f72e40a9f2b8782c2bd51ec31a5564da,NEAR,0.50475127
0xeba5ba85f72e40a9f2b8782c2bd51ec31a5564da,OP,0.51704687
0xeba5ba85f72e40a9f2b8782c2bd51ec31a5564da,PENDLE,0.4934806
0xeba5ba85f72e40a9f2b8782c2bd51ec31a5564da,PEPE,0.46990764
0xeba5ba85f72e40a9f2b8782c2bd51ec31a5564da,PERP,0.52029204
0xeba5ba85f72e40a9f2b8782c2bd51ec31a5564da,PIT,0.5093395
0xeba5ba85f72e40a9f2b8782c2bd51ec31a5564da,POLS,0.5043637
0xeba5ba85f72e40a9f2b8782c2bd51ec31a5564da,PYTH,0.49353173
0xeba5ba85f72e40a9f2b8782c2bd51ec31a5564da,QUACK,0.5266654
0xeba5ba85f72e40a9f2b8782c2bd51ec31a5564da,RDNT,0.5163059
0xeba5ba85f72e40a9f2b8782c2bd51ec31a5564da,RNDR,0.53104657
0xeba5ba85f72e40a9f2b8782c2bd51ec31a5564da,RPL,0.45542717
0xeba5ba85f72e40a9f2b8782c2bd51ec31a5564da,RUNE,0.4685069
0xeba5ba85f72e40a9f2b8782c2bd51ec31a5564da,SFP,0.47846892
0xeba5ba85f72e40a9f2b8782c2bd51ec31a5564da,SFUND,0.5346574
0xeba5ba85f72e40a9f2b8782c2bd51ec31a5564da,SHIB,0.53389114
0xeba5ba85f72e40a9f2b8782c2bd51ec31a5564da,SOL,0.5339954
0xeba5ba85f72e40a9f2b8782c2bd51ec31a5564da,STG,0.5061036
0xeba5ba85f72e40a9f2b8782c2bd51ec31a5564da,SUI,0.49994764
0xeba5ba85f72e40a9f2b8782c2bd51ec31a5564da,SUSHI,0.5320628
0xeba5ba85f72e40a9f2b8782c2bd51ec31a5564da,TIA,0.43912518
0xeba5ba85f72e40a9f2b8782c2bd51ec31a5564da,TOKEN,0.49629903
0xeba5ba85f72e40a9f2b8782c2bd51ec31a5564da,TRX,0.524863
0xeba5ba85f72e40a9f2b8782c2bd51ec31a5564da,UNI,0.52338785
0xeba5ba85f72e40a9f2b8782c2bd51ec31a5564da,USDT,0.490419
0xeba5ba85f72e40a9f2b8782c2bd51ec31a5564da,XLM,0.5085284
0xeba5ba85f72e40a9f2b8782c2bd51ec31a5564da,XMR,0.5083602
0xeba5ba85f72e40a9f2b8782c2bd51ec31a5564da,XRP,0.485828
0xeba5ba85f72e40a9f2b8782c2bd51ec31a5564da,XTZ,0.5245791
0xeba5ba85f72e40a9f2b8782c2bd51ec31a5564da,XVS,0.46048915
0xeba5ba85f72e40a9f2b8782c2bd51ec31a5564da,YFI,0.5172415
0xf097ed117dd3930f1eeb91569a6a61b4c52744c8,AAVE,0.49306688
0xf097ed117dd3930f1eeb91569a6a61b4c52744c8,ADA,0.5128351
0xf097ed117dd3930f1eeb91569a6a61b4c52744c8,ALGO,0.519351
0xf097ed117dd3930f1eeb91569a6a61b4c52744c8,APE,0.50682706
0xf097ed117dd3930f1eeb91569a6a61b4c52744c8,APT,0.49646288
0xf097ed117dd3930f1eeb91569a6a61b4c52744c8,ATOM,0.536966
0xf097ed117dd3930f1eeb91569a6a61b4c52744c8,AVAX,0.5299631
0xf097ed117dd3930f1eeb91569a6a61b4c52744c8,AXS,0.53380454
0xf097ed117dd3930f1eeb91569a6a61b4c52744c8,BAL,0.5155936
0xf097ed117dd3930f1eeb91569a6a61b4c52744c8,BCH,0.5061284
0xf097ed117dd3930f1eeb91569a6a61b4c52744c8,BLUR,0.43828443
0xf097ed117dd3930f1eeb91569a6a61b4c52744c8,BNB,0.52598035
0xf097ed117dd3930f1eeb91569a6a61b4c52744c8,BONK,0.42857245
0xf097ed117dd3930f1eeb91569a6a61b4c52744c8,BTC,0.55155385
0xf097ed117dd3930f1eeb91569a6a61b4c52744c8,C98,0.53259295
0xf097ed117dd3930f1eeb91569a6a61b4c52744c8,CAKE,0.5265629
0xf097ed117dd3930f1eeb91569a6a61b4c52744c8,COMP,0.5347326
0xf097ed117dd3930f1eeb91569a6a61b4c52744c8,CRV,0.5269497
0xf097ed117dd3930f1eeb91569a6a61b4c52744c8,CVX,0.51392615
0xf097ed117dd3930f1eeb91569a6a61b4c52744c8,DAI,0.50195605
0xf097ed117dd3930f1eeb91569a6a61b4c52744c8,DAO,0.5161839
0xf097ed117dd3930f1eeb91569a6a61b4c52744c8,DOGE,0.5184368
0xf097ed117dd3930f1eeb91569a6a61b4c52744c8,DOT,0.5180589
0xf097ed117dd3930f1eeb91569a6a61b4c52744c8,DYDX,0.5230631
0xf097ed117dd3930f1eeb91569a6a61b4c52744c8,EOS,0.5316123
0xf097ed117dd3930f1eeb91569a6a61b4c52744c8,ETC,0.5217621
0xf097ed117dd3930f1eeb91569a6a61b4c52744c8,ETH,0.5760124
0xf097ed117dd3930f1eeb91569a6a61b4c52744c8,FET,0.4852114
0xf097ed117dd3930f1eeb91569a6a61b4c52744c8,FIL,0.53432256
0xf097ed117dd3930f1eeb91569a6a61b4c52744c8,FRAX,0.47243187
0xf097ed117dd3930f1eeb91569a6a61b4c52744c8,FTM,0.4895432
0xf097ed117dd3930f1eeb91569a6a61b4c52744c8,FXS,0.5093393
0xf097ed117dd3930f1eeb91569a6a61b4c52744c8,GRT,0.51604015
0xf097ed117dd3930f1eeb91569a6a61b4c52744c8,HAI,0.5377883
0xf097ed117dd3930f1eeb91569a6a61b4c52744c8,HERO,0.56102985
0xf097ed117dd3930f1eeb91569a6a61b4c52744c8,ICP,0.45442882
0xf097ed117dd3930f1eeb91569a6a61b4c52744c8,IMX,0.48164275
0xf097ed117dd3930f1eeb91569a6a61b4c52744c8,INJ,0.53384984
0xf097ed117dd3930f1eeb91569a6a61b4c52744c8,LDO,0.4873539
0xf097ed117dd3930f1eeb91569a6a61b4c52744c8,LINK,0.53555614
0xf097ed117dd3930f1eeb91569a6a61b4c52744c8,LTC,0.5358458
0xf097ed117dd3930f1eeb91569a6a61b4c52744c8,MATIC,0.5453777
0xf097ed117dd3930f1eeb91569a6a61b4c52744c8,MAV,0.48753324
0xf097ed117dd3930f1eeb91569a6a61b4c52744c8,MBOX,0.50539505
0xf097ed117dd3930f1eeb91569a6a61b4c52744c8,MKR,0.5236335
0xf097ed117dd3930f1eeb91569a6a61b4c52744c8,MOON,0.55709773
0xf097ed117dd3930f1eeb91569a6a61b4c52744c8,NEAR,0.49689192
0xf097ed117dd3930f1eeb91569a6a61b4c52744c8,OP,0.53300726
0xf097ed117dd3930f1eeb91569a6a61b4c52744c8,PENDLE,0.48206082
0xf097ed117dd3930f1eeb91569a6a61b4c52744c8,PEPE,0.47367343
0xf097ed117dd3930f1eeb91569a6a61b4c52744c8,PERP,0.5239638
0xf097ed117dd3930f1eeb91569a6a61b4c52744c8,PIT,0.5072579
0xf097ed117dd3930f1eeb91569a6a61b4c52744c8,POLS,0.51933277
0xf097ed117dd3930f1eeb91569a6a61b4c52744c8,PYTH,0.4899027
0xf097ed117dd3930f1eeb91569a6a61b4c52744c8,QUACK,0.5250799
0xf097ed117dd3930f1eeb91569a6a61b4c52744c8,RDNT,0.5078634
0xf097ed117dd3930f1eeb91569a6a61b4c52744c8,RNDR,0.5296926
0xf097ed117dd3930f1eeb91569a6a61b4c52744c8,RPL,0.44171005
0xf097ed117dd3930f1eeb91569a6a61b4c52744c8,RUNE,0.46663457
0xf097ed117dd3930f1eeb91569a6a61b4c52744c8,SFP,0.47538033
0xf097ed117dd3930f1eeb91569a6a61b4c52744c8,SFUND,0.53764
0xf097ed117dd3930f1eeb91569a6a61b4c52744c8,SHIB,0.53582364
0xf097ed117dd3930f1eeb91569a6a61b4c52744c8,SOL,0.52995926
0xf097ed117dd3930f1eeb91569a6a61b4c52744c8,STG,0.5048509
0xf097ed117dd3930f1eeb91569a6a61b4c52744c8,SUI,0.4891583
0xf097ed117dd3930f1eeb91569a6a61b4c52744c8,SUSHI,0.5334096
0xf097ed117dd3930f1eeb91569a6a61b4c52744c8,TIA,0.4250936
0xf097ed117dd3930f1eeb91569a6a61b4c52744c8,TOKEN,0.48241755
0xf097ed117dd3930f1eeb91569a6a61b4c52744c8,TRX,0.5252347
0xf097ed117dd3930f1eeb91569a6a61b4c52744c8,UNI,0.54384106
0xf097ed117dd3930f1eeb91569a6a61b4c52744c8,USDT,0.47622833
0xf097ed117dd3930f1eeb91569a6a61b4c52744c8,XLM,0.5093148
0xf097ed117dd3930f1eeb91569a6a61b4c52744c8,XMR,0.5125243
0xf097ed117dd3930f1eeb91569a6a61b4c52744c8,XRP,0.4882599
0xf097ed117dd3930f1eeb91569a6a61b4c52744c8,XTZ,0.5204446
0xf097ed117dd3930f1eeb91569a6a61b4c52744c8,XVS,0.46174654
0xf097ed117dd3930f1eeb91569a6a61b4c52744c8,YFI,0.51091474
0xf5061bd41966374d89ddeada574602b3784e3d98,AAVE,0.50728506
0xf5061bd41966374d89ddeada574602b3784e3d98,ADA,0.5107037
0xf5061bd41966374d89ddeada574602b3784e3d98,ALGO,0.5365886
0xf5061bd41966374d89ddeada574602b3784e3d98,APE,0.5077731
0xf5061bd41966374d89ddeada574602b3784e3d98,APT,0.51219004
0xf5061bd41966374d89ddeada574602b3784e3d98,ATOM,0.5360528
0xf5061bd41966374d89ddeada574602b3784e3d98,AVAX,0.512922
0xf5061bd41966374d89ddeada574602b3784e3d98,AXS,0.54636616
0xf5061bd41966374d89ddeada574602b3784e3d98,BAL,0.517839
0xf5061bd41966374d89ddeada574602b3784e3d98,BCH,0.5311617
0xf5061bd41966374d89ddeada574602b3784e3d98,BLUR,0.43853867
0xf5061bd41966374d89ddeada574602b3784e3d98,BNB,0.5610722
0xf5061bd41966374d89ddeada574602b3784e3d98,BONK,0.44641495
0xf5061bd41966374d89ddeada574602b3784e3d98,BTC,0.5836368
0xf5061bd41966374d89ddeada574602b3784e3d98,C98,0.5266938
0xf5061bd41966374d89ddeada574602b3784e3d98,CAKE,0.5219102
0xf5061bd41966374d89ddeada574602b3784e3d98,COMP,0.5191712
0xf5061bd41966374d89ddeada574602b3784e3d98,CRV,0.52006024
0xf5061bd41966374d89ddeada574602b3784e3d98,CVX,0.4823773
0xf5061bd41966374d89ddeada574602b3784e3d98,DAI,0.51980895
0xf5061bd41966374d89ddeada574602b3784e3d98,DAO,0.5271096
0xf5061bd41966374d89ddeada574602b3784e3d98,DOGE,0.46710822
0xf5061bd41966374d89ddeada574602b3784e3d98,DOT,0.5199578
0xf5061bd41966374d89ddeada574602b3784e3d98,DYDX,0.52151096
0xf5061bd41966374d89ddeada574602b3784e3d98,EOS,0.52103096
0xf5061bd41966374d89ddeada574602b3784e3d98,ETC,0.53499943
0xf5061bd41966374d89ddeada574602b3784e3d98,ETH,0.5558378
0xf5061bd41966374d89ddeada574602b3784e3d98,FET,0.47165975
0xf5061bd41966374d89ddeada574602b3784e3d98,FIL,0.5242227
0xf5061bd41966374d89ddeada574602b3784e3d98,FRAX,0.51629835
0xf5061bd41966374d89ddeada574602b3784e3d98,FTM,0.48543754
0xf5061bd41966374d89ddeada574602b3784e3d98,FXS,0.5050631
0xf5061bd41966374d89ddeada574602b3784e3d98,GRT,0.5173916
0xf5061bd41966374d89ddeada574602b3784e3d98,HAI,0.53111166
0xf5061bd41966374d89ddeada574602b3784e3d98,HERO,0.5329642
0xf5061bd41966374d89ddeada574602b3784e3d98,ICP,0.50176716
0xf5061bd41966374d89ddeada574602b3784e3d98,IMX,0.48603356
0xf5061bd41966374d89ddeada574602b3784e3d98,INJ,0.4792557
0xf5061bd41966374d89ddeada574602b3784e3d98,LDO,0.47802162
0xf5061bd41966374d89ddeada574602b3784e3d98,LINK,0.53859156
0xf5061bd41966374d89ddeada574602b3784e3d98,LTC,0.53507465
0xf5061bd41966374d89ddeada574602b3784e3d98,MATIC,0.53434867
0xf5061bd41966374d89ddeada574602b3784e3d98,MAV,0.49036393
0xf5061bd41966374d89ddeada574602b3784e3d98,MBOX,0.4957546
0xf5061bd41966374d89ddeada574602b3784e3d98,MKR,0.5030977
0xf5061bd41966374d89ddeada574602b3784e3d98,MOON,0.59259105
0xf5061bd41966374d89ddeada574602b3784e3d98,NEAR,0.48512504
0xf5061bd41966374d89ddeada574602b3784e3d98,OP,0.5020763
0xf5061bd41966374d89ddeada574602b3784e3d98,PENDLE,0.5018864
0xf5061bd41966374d89ddeada574602b3784e3d98,PEPE,0.45929095
0xf5061bd41966374d89ddeada574602b3784e3d98,PERP,0.51258045
0xf5061bd41966374d89ddeada574602b3784e3d98,PIT,0.49882147
0xf5061bd41966374d89ddeada574602b3784e3d98,POLS,0.5219777
0xf5061bd41966374d89ddeada574602b3784e3d98,PYTH,0.47357464
0xf5061bd41966374d89ddeada574602b3784e3d98,QUACK,0.5277233
0xf5061bd41966374d89ddeada574602b3784e3d98,RDNT,0.50415343
0xf5061bd41966374d89ddeada574602b3784e3d98,RNDR,0.53643686
0xf5061bd41966374d89ddeada574602b3784e3d98,RPL,0.47760454
0xf5061bd41966374d89ddeada574602b3784e3d98,RUNE,0.4778366
0xf5061bd41966374d89ddeada574602b3784e3d98,SFP,0.49266085
0xf5061bd41966374d89ddeada574602b3784e3d98,SFUND,0.52052623
0xf5061bd41966374d89ddeada574602b3784e3d98,SHIB,0.5297127
0xf5061bd41966374d89ddeada574602b3784e3d98,SOL,0.5335986
0xf5061bd41966374d89ddeada574602b3784e3d98,STG,0.49983898
0xf5061bd41966374d89ddeada574602b3784e3d98,SUI,0.4846823
0xf5061bd41966374d89ddeada574602b3784e3d98,SUSHI,0.53275687
0xf5061bd41966374d89ddeada574602b3784e3d98,TIA,0.4835602
0xf5061bd41966374d89ddeada574602b3784e3d98,TOKEN,0.47775307
0xf5061bd41966374d89ddeada574602b3784e3d98,TRX,0.49666798
0xf5061bd41966374d89ddeada574602b3784e3d98,UNI,0.51355934
0xf5061bd41966374d89ddeada574602b3784e3d98,USDT,0.51027864
0xf5061bd41966374d89ddeada574602b3784e3d98,XLM,0.5108268
0xf5061bd41966374d89ddeada574602b3784e3d98,XMR,0.53640133
0xf5061bd41966374d89ddeada574602b3784e3d98,XRP,0.5141349
0xf5061bd41966374d89ddeada574602b3784e3d98,XTZ,0.52269256
0xf5061bd41966374d89ddeada574602b3784e3d98,XVS,0.48495027
0xf5061bd41966374d89ddeada574602b3784e3d98,YFI,0.5230846
0xf8d50e3283fb6bf41260f7f294a48587d2a9b1fa,AAVE,0.4653177435520926
0xf8d50e3283fb6bf41260f7f294a48587d2a9b1fa,ADA,0.4971698475292215
0xf8d50e3283fb6bf41260f7f294a48587d2a9b1fa,ALGO,0.5237038292133402
0xf8d50e3283fb6bf41260f7f294a48587d2a9b1fa,APE,0.5504086819121012
0xf8d50e3283fb6bf41260f7f294a48587d2a9b1fa,APT,0.5289755517714282
0xf8d50e3283fb6bf41260f7f294a48587d2a9b1fa,ATOM,0.5396806030685053
0xf8d50e3283fb6bf41260f7f294a48587d2a9b1fa,AVAX,0.5424859313854787
0xf8d50e3283fb6bf41260f7f294a48587d2a9b1fa,AXS,0.519649975904197
0xf8d50e3283fb6bf41260f7f294a48587d2a9b1fa,BAL,0.5569805560944617
0xf8d50e3283fb6bf41260f7f294a48587d2a9b1fa,BCH,0.5188623637951835
0xf8d50e3283fb6bf41260f7f294a48587d2a9b1fa,BLUR,0.4878985065557228
0xf8d50e3283fb6bf41260f7f294a48587d2a9b1fa,BNB,0.5214324249153938
0xf8d50e3283fb6bf41260f7f294a48587d2a9b1fa,BONK,0.343728458670878
0xf8d50e3283fb6bf41260f7f294a48587d2a9b1fa,BTC,0.6305896015692302
0xf8d50e3283fb6bf41260f7f294a48587d2a9b1fa,C98,0.5432125358959483
0xf8d50e3283fb6bf41260f7f294a48587d2a9b1fa,CAKE,0.5398713072313621
0xf8d50e3283fb6bf41260f7f294a48587d2a9b1fa,COMP,0.5529845616638045
0xf8d50e3283fb6bf41260f7f294a48587d2a9b1fa,CRV,0.5480343900249154
0xf8d50e3283fb6bf41260f7f294a48587d2a9b1fa,CVX,0.4674654511294923
0xf8d50e3283fb6bf41260f7f294a48587d2a9b1fa,DAI,0.5134472780798109
0xf8d50e3283fb6bf41260f7f294a48587d2a9b1fa,DAO,0.5830082489864739
0xf8d50e3283fb6bf41260f7f294a48587d2a9b1fa,DOGE,0.4927879275356804
0xf8d50e3283fb6bf41260f7f294a48587d2a9b1fa,DOT,0.5170646297999227
0xf8d50e3283fb6bf41260f7f294a48587d2a9b1fa,DYDX,0.5635443780525093
0xf8d50e3283fb6bf41260f7f294a48587d2a9b1fa,EOS,0.562225666438377
0xf8d50e3283fb6bf41260f7f294a48587d2a9b1fa,ETC,0.5752482693915669
0xf8d50e3283fb6bf41260f7f294a48587d2a9b1fa,ETH,0.6000836941666955
0xf8d50e3283fb6bf41260f7f294a48587d2a9b1fa,FET,0.5088927856048648
0xf8d50e3283fb6bf41260f7f294a48587d2a9b1fa,FIL,0.547462673128378
0xf8d50e3283fb6bf41260f7f294a48587d2a9b1fa,FRAX,0.4742332671257817
0xf8d50e3283fb6bf41260f7f294a48587d2a9b1fa,FTM,0.5343874045049687
0xf8d50e3283fb6bf41260f7f294a48587d2a9b1fa,FXS,0.5356838472963888
0xf8d50e3283fb6bf41260f7f294a48587d2a9b1fa,GRT,0.5487984845340442
0xf8d50e3283fb6bf41260f7f294a48587d2a9b1fa,HAI,0.5157928149321497
0xf8d50e3283fb6bf41260f7f294a48587d2a9b1fa,HERO,0.5548113996116861
0xf8d50e3283fb6bf41260f7f294a48587d2a9b1fa,ICP,0.517825288203884
0xf8d50e3283fb6bf41260f7f294a48587d2a9b1fa,IMX,0.5270173663451562
0xf8d50e3283fb6bf41260f7f294a48587d2a9b1fa,INJ,0.5503852711352079
0xf8d50e3283fb6bf41260f7f294a48587d2a9b1fa,LDO,0.4977423657746366
0xf8d50e3283fb6bf41260f7f294a48587d2a9b1fa,LINK,0.5527885152325163
0xf8d50e3283fb6bf41260f7f294a48587d2a9b1fa,LTC,0.534401768569182
0xf8d50e3283fb6bf41260f7f294a48587d2a9b1fa,MATIC,0.5752759741354954
0xf8d50e3283fb6bf41260f7f294a48587d2a9b1fa,MAV,0.4984288122724885
0xf8d50e3283fb6bf41260f7f294a48587d2a9b1fa,MBOX,0.5008297040037644
0xf8d50e3283fb6bf41260f7f294a48587d2a9b1fa,MKR,0.4704222593972971
0xf8d50e3283fb6bf41260f7f294a48587d2a9b1fa,MOON,0.6268886214852515
0xf8d50e3283fb6bf41260f7f294a48587d2a9b1fa,NEAR,0.5291738152787927
0xf8d50e3283fb6bf41260f7f294a48587d2a9b1fa,OP,0.5373110869225506
0xf8d50e3283fb6bf41260f7f294a48587d2a9b1fa,PENDLE,0.5367416842879407
0xf8d50e3283fb6bf41260f7f294a48587d2a9b1fa,PEPE,0.2909228775083571
0xf8d50e3283fb6bf41260f7f294a48587d2a9b1fa,PERP,0.5575491995958592
0xf8d50e3283fb6bf41260f7f294a48587d2a9b1fa,PIT,0.4805180675095722
0xf8d50e3283fb6bf41260f7f294a48587d2a9b1fa,POLS,0.4940669349990722
0xf8d50e3283fb6bf41260f7f294a48587d2a9b1fa,PYTH,0.4815873078902275
0xf8d50e3283fb6bf41260f7f294a48587d2a9b1fa,QUACK,0.5198866866769056
0xf8d50e3283fb6bf41260f7f294a48587d2a9b1fa,RDNT,0.5220135499146945
0xf8d50e3283fb6bf41260f7f294a48587d2a9b1fa,RNDR,0.5362797380293065
0xf8d50e3283fb6bf41260f7f294a48587d2a9b1fa,RPL,0.5009254939130933
0xf8d50e3283fb6bf41260f7f294a48587d2a9b1fa,RUNE,0.5003065537320296
0xf8d50e3283fb6bf41260f7f294a48587d2a9b1fa,SFP,0.469571478022078
0xf8d50e3283fb6bf41260f7f294a48587d2a9b1fa,SFUND,0.5936913273214605
0xf8d50e3283fb6bf41260f7f294a48587d2a9b1fa,SHIB,0.5474686296209974
0xf8d50e3283fb6bf41260f7f294a48587d2a9b1fa,SOL,0.5409710546054551
0xf8d50e3283fb6bf41260f7f294a48587d2a9b1fa,STG,0.5045271915941287
0xf8d50e3283fb6bf41260f7f294a48587d2a9b1fa,SUI,0.4726073528393454
0xf8d50e3283fb6bf41260f7f294a48587d2a9b1fa,SUSHI,0.5749263741105681
0xf8d50e3283fb6bf41260f7f294a48587d2a9b1fa,TIA,0.488304176024003
0xf8d50e3283fb6bf41260f7f294a48587d2a9b1fa,TOKEN,0.5381370649698964
0xf8d50e3283fb6bf41260f7f294a48587d2a9b1fa,TRX,0.4316316274752276
0xf8d50e3283fb6bf41260f7f294a48587d2a9b1fa,UNI,0.5578534162166764
0xf8d50e3283fb6bf41260f7f294a48587d2a9b1fa,USDT,0.4190629499865809
0xf8d50e3283fb6bf41260f7f294a48587d2a9b1fa,XLM,0.4867637121988799
0xf8d50e3283fb6bf41260f7f294a48587d2a9b1fa,XMR,0.5059826767018163
0xf8d50e3283fb6bf41260f7f294a48587d2a9b1fa,XRP,0.4756462468194359
0xf8d50e3283fb6bf41260f7f294a48587d2a9b1fa,XTZ,0.5358022915853584
0xf8d50e3283fb6bf41260f7f294a48587d2a9b1fa,XVS,0.4960291707831838
0xf8d50e3283fb6bf41260f7f294a48587d2a9b1fa,YFI,0.5280032288420031
0xfb2744ba3942d3bbf6717448e82299b731ca7ae7,AAVE,0.5049986345497843
0xfb2744ba3942d3bbf6717448e82299b731ca7ae7,ADA,0.5077544302926881
0xfb2744ba3942d3bbf6717448e82299b731ca7ae7,ALGO,0.4939121827257434
0xfb2744ba3942d3bbf6717448e82299b731ca7ae7,APE,0.5423386351317505
0xfb2744ba3942d3bbf6717448e82299b731ca7ae7,APT,0.5022633865266203
0xfb2744ba3942d3bbf6717448e82299b731ca7ae7,ATOM,0.5402677071716294
0xfb2744ba3942d3bbf6717448e82299b731ca7ae7,AVAX,0.4849313059436043
0xfb2744ba3942d3bbf6717448e82299b731ca7ae7,AXS,0.5434669070802144
0xfb2744ba3942d3bbf6717448e82299b731ca7ae7,BAL,0.5158289447067061
0xfb2744ba3942d3bbf6717448e82299b731ca7ae7,BCH,0.5260817884822879
0xfb2744ba3942d3bbf6717448e82299b731ca7ae7,BLUR,0.447598436230917
0xfb2744ba3942d3bbf6717448e82299b731ca7ae7,BNB,0.5574975183417097
0xfb2744ba3942d3bbf6717448e82299b731ca7ae7,BONK,0.4283683297039454
0xfb2744ba3942d3bbf6717448e82299b731ca7ae7,BTC,0.6266506320603811
0xfb2744ba3942d3bbf6717448e82299b731ca7ae7,C98,0.5347089324320574
0xfb2744ba3942d3bbf6717448e82299b731ca7ae7,CAKE,0.5369279075844018
0xfb2744ba3942d3bbf6717448e82299b731ca7ae7,COMP,0.535553344370312
0xfb2744ba3942d3bbf6717448e82299b731ca7ae7,CRV,0.5705006997190073
0xfb2744ba3942d3bbf6717448e82299b731ca7ae7,CVX,0.4738270741648522
0xfb2744ba3942d3bbf6717448e82299b731ca7ae7,DAI,0.5473725518395325
0xfb2744ba3942d3bbf6717448e82299b731ca7ae7,DAO,0.555056947424865
0xfb2744ba3942d3bbf6717448e82299b731ca7ae7,DOGE,0.484224704874766
0xfb2744ba3942d3bbf6717448e82299b731ca7ae7,DOT,0.530260772404132
0xfb2744ba3942d3bbf6717448e82299b731ca7ae7,DYDX,0.5343865756919267
0xfb2744ba3942d3bbf6717448e82299b731ca7ae7,EOS,0.5407304623151196
0xfb2744ba3942d3bbf6717448e82299b731ca7ae7,ETC,0.5558201579895002
0xfb2744ba3942d3bbf6717448e82299b731ca7ae7,ETH,0.551889907136317
0xfb2744ba3942d3bbf6717448e82299b731ca7ae7,FET,0.5022651326917564
0xfb2744ba3942d3bbf6717448e82299b731ca7ae7,FIL,0.5151898013135752
0xfb2744ba3942d3bbf6717448e82299b731ca7ae7,FRAX,0.5121909799809855
0xfb2744ba3942d3bbf6717448e82299b731ca7ae7,FTM,0.5095423900571224
0xfb2744ba3942d3bbf6717448e82299b731ca7ae7,FXS,0.5318186763591997
0xfb2744ba3942d3bbf6717448e82299b731ca7ae7,GRT,0.5289316563463863
0xfb2744ba3942d3bbf6717448e82299b731ca7ae7,HAI,0.5659987097409375
0xfb2744ba3942d3bbf6717448e82299b731ca7ae7,HERO,0.5485781118821447
0xfb2744ba3942d3bbf6717448e82299b731ca7ae7,ICP,0.4367786760865134
0xfb2744ba3942d3bbf6717448e82299b731ca7ae7,IMX,0.5003237054082758
0xfb2744ba3942d3bbf6717448e82299b731ca7ae7,INJ,0.5555913577261113
0xfb2744ba3942d3bbf6717448e82299b731ca7ae7,LDO,0.4831352000609574
0xfb2744ba3942d3bbf6717448e82299b731ca7ae7,LINK,0.5522462282031784
0xfb2744ba3942d3bbf6717448e82299b731ca7ae7,LTC,0.5339012638064796
0xfb2744ba3942d3bbf6717448e82299b731ca7ae7,MATIC,0.5426678606783149
0xfb2744ba3942d3bbf6717448e82299b731ca7ae7,MAV,0.4926390222201079
0xfb2744ba3942d3bbf6717448e82299b731ca7ae7,MBOX,0.4923526513402558
0xfb2744ba3942d3bbf6717448e82299b731ca7ae7,MKR,0.4817215964983912
0xfb2744ba3942d3bbf6717448e82299b731ca7ae7,MOON,0.5738294849415394
0xfb2744ba3942d3bbf6717448e82299b731ca7ae7,NEAR,0.4958411520411349
0xfb2744ba3942d3bbf6717448e82299b731ca7ae7,OP,0.5303152459778797
0xfb2744ba3942d3bbf6717448e82299b731ca7ae7,PENDLE,0.4961743200460157
0xfb2744ba3942d3bbf6717448e82299b731ca7ae7,PEPE,0.4757446474304391
0xfb2744ba3942d3bbf6717448e82299b731ca7ae7,PERP,0.5259297350774234
0xfb2744ba3942d3bbf6717448e82299b731ca7ae7,PIT,0.4992893438398784
0xfb2744ba3942d3bbf6717448e82299b731ca7ae7,POLS,0.5019439942113888
0xfb2744ba3942d3bbf6717448e82299b731ca7ae7,PYTH,0.4765278227219862
0xfb2744ba3942d3bbf6717448e82299b731ca7ae7,QUACK,0.5208315825234281
0xfb2744ba3942d3bbf6717448e82299b731ca7ae7,RDNT,0.5028790974133986
0xfb2744ba3942d3bbf6717448e82299b731ca7ae7,RNDR,0.5265178624945609
0xfb2744ba3942d3bbf6717448e82299b731ca7ae7,RPL,0.4736599911617627
0xfb2744ba3942d3bbf6717448e82299b731ca7ae7,RUNE,0.458845513428598
0xfb2744ba3942d3bbf6717448e82299b731ca7ae7,SFP,0.4643171433753888
0xfb2744ba3942d3bbf6717448e82299b731ca7ae7,SFUND,0.55202657454248
0xfb2744ba3942d3bbf6717448e82299b731ca7ae7,SHIB,0.554438203633922
0xfb2744ba3942d3bbf6717448e82299b731ca7ae7,SOL,0.5174989559754762
0xfb2744ba3942d3bbf6717448e82299b731ca7ae7,STG,0.5156662250051525
0xfb2744ba3942d3bbf6717448e82299b731ca7ae7,SUI,0.4888878560584442
0xfb2744ba3942d3bbf6717448e82299b731ca7ae7,SUSHI,0.5397045118085728
0xfb2744ba3942d3bbf6717448e82299b731ca7ae7,TIA,0.4312428889235418
0xfb2744ba3942d3bbf6717448e82299b731ca7ae7,TOKEN,0.4936889981744355
0xfb2744ba3942d3bbf6717448e82299b731ca7ae7,TRX,0.4916689965914848
0xfb2744ba3942d3bbf6717448e82299b731ca7ae7,UNI,0.5007913975763688
0xfb2744ba3942d3bbf6717448e82299b731ca7ae7,USDT,0.5360911498461639
0xfb2744ba3942d3bbf6717448e82299b731ca7ae7,XLM,0.5183344455548569
0xfb2744ba3942d3bbf6717448e82299b731ca7ae7,XMR,0.5152327268122017
0xfb2744ba3942d3bbf6717448e82299b731ca7ae7,XRP,0.445112667421606
0xfb2744ba3942d3bbf6717448e82299b731ca7ae7,XTZ,0.5335077636778245
0xfb2744ba3942d3bbf6717448e82299b731ca7ae7,XVS,0.489723814405549
0xfb2744ba3942d3bbf6717448e82299b731ca7ae7,YFI,0.5217364267925045
0xfb8bc3433016a64a3b8aa23c0275afe7c20feb53,AAVE,0.51565737
0xfb8bc3433016a64a3b8aa23c0275afe7c20feb53,ADA,0.50795674
0xfb8bc3433016a64a3b8aa23c0275afe7c20feb53,ALGO,0.5143262
0xfb8bc3433016a64a3b8aa23c0275afe7c20feb53,APE,0.52094793
0xfb8bc3433016a64a3b8aa23c0275afe7c20feb53,APT,0.50802445
0xfb8bc3433016a64a3b8aa23c0275afe7c20feb53,ATOM,0.5355147
0xfb8bc3433016a64a3b8aa23c0275afe7c20feb53,AVAX,0.5020388
0xfb8bc3433016a64a3b8aa23c0275afe7c20feb53,AXS,0.53441006
0xfb8bc3433016a64a3b8aa23c0275afe7c20feb53,BAL,0.5240926
0xfb8bc3433016a64a3b8aa23c0275afe7c20feb53,BCH,0.5242537
0xfb8bc3433016a64a3b8aa23c0275afe7c20feb53,BLUR,0.43972123
0xfb8bc3433016a64a3b8aa23c0275afe7c20feb53,BNB,0.5494816
0xfb8bc3433016a64a3b8aa23c0275afe7c20feb53,BONK,0.4452
0xfb8bc3433016a64a3b8aa23c0275afe7c20feb53,BTC,0.5830093
0xfb8bc3433016a64a3b8aa23c0275afe7c20feb53,C98,0.5342016
0xfb8bc3433016a64a3b8aa23c0275afe7c20feb53,CAKE,0.5308528
0xfb8bc3433016a64a3b8aa23c0275afe7c20feb53,COMP,0.5359488
0xfb8bc3433016a64a3b8aa23c0275afe7c20feb53,CRV,0.5313915
0xfb8bc3433016a64a3b8aa23c0275afe7c20feb53,CVX,0.47723484
0xfb8bc3433016a64a3b8aa23c0275afe7c20feb53,DAI,0.48606128
0xfb8bc3433016a64a3b8aa23c0275afe7c20feb53,DAO,0.5285261
0xfb8bc3433016a64a3b8aa23c0275afe7c20feb53,DOGE,0.49583477
0xfb8bc3433016a64a3b8aa23c0275afe7c20feb53,DOT,0.5052818
0xfb8bc3433016a64a3b8aa23c0275afe7c20feb53,DYDX,0.52866846
0xfb8bc3433016a64a3b8aa23c0275afe7c20feb53,EOS,0.5332155
0xfb8bc3433016a64a3b8aa23c0275afe7c20feb53,ETC,0.537232
0xfb8bc3433016a64a3b8aa23c0275afe7c20feb53,ETH,0.57033116
0xfb8bc3433016a64a3b8aa23c0275afe7c20feb53,FET,0.47169685
0xfb8bc3433016a64a3b8aa23c0275afe7c20feb53,FIL,0.5161076
0xfb8bc3433016a64a3b8aa23c0275afe7c20feb53,FRAX,0.49468136
0xfb8bc3433016a64a3b8aa23c0275afe7c20feb53,FTM,0.49471292
0xfb8bc3433016a64a3b8aa23c0275afe7c20feb53,FXS,0.5105807
0xfb8bc3433016a64a3b8aa23c0275afe7c20feb53,GRT,0.5044897
0xfb8bc3433016a64a3b8aa23c0275afe7c20feb53,HAI,0.54001784
0xfb8bc3433016a64a3b8aa23c0275afe7c20feb53,HERO,0.5546172
0xfb8bc3433016a64a3b8aa23c0275afe7c20feb53,ICP,0.45956647
0xfb8bc3433016a64a3b8aa23c0275afe7c20feb53,IMX,0.4821367
0xfb8bc3433016a64a3b8aa23c0275afe7c20feb53,INJ,0.52923936
0xfb8bc3433016a64a3b8aa23c0275afe7c20feb53,LDO,0.5053158
0xfb8bc3433016a64a3b8aa23c0275afe7c20feb53,LINK,0.54987484
0xfb8bc3433016a64a3b8aa23c0275afe7c20feb53,LTC,0.54494727
0xfb8bc3433016a64a3b8aa23c0275afe7c20feb53,MATIC,0.5284331
0xfb8bc3433016a64a3b8aa23c0275afe7c20feb53,MAV,0.50275534
0xfb8bc3433016a64a3b8aa23c0275afe7c20feb53,MBOX,0.5060045
0xfb8bc3433016a64a3b8aa23c0275afe7c20feb53,MKR,0.5223412
0xfb8bc3433016a64a3b8aa23c0275afe7c20feb53,MOON,0.5561884
0xfb8bc3433016a64a3b8aa23c0275afe7c20feb53,NEAR,0.5162045
0xfb8bc3433016a64a3b8aa23c0275afe7c20feb53,OP,0.49798936
0xfb8bc3433016a64a3b8aa23c0275afe7c20feb53,PENDLE,0.5019491
0xfb8bc3433016a64a3b8aa23c0275afe7c20feb53,PEPE,0.45419475
0xfb8bc3433016a64a3b8aa23c0275afe7c20feb53,PERP,0.5205218
0xfb8bc3433016a64a3b8aa23c0275afe7c20feb53,PIT,0.50388074
0xfb8bc3433016a64a3b8aa23c0275afe7c20feb53,POLS,0.48077703
0xfb8bc3433016a64a3b8aa23c0275afe7c20feb53,PYTH,0.49520847
0xfb8bc3433016a64a3b8aa23c0275afe7c20feb53,QUACK,0.5337121
0xfb8bc3433016a64a3b8aa23c0275afe7c20feb53,RDNT,0.51964104
0xfb8bc3433016a64a3b8aa23c0275afe7c20feb53,RNDR,0.5318901
0xfb8bc3433016a64a3b8aa23c0275afe7c20feb53,RPL,0.45961714
0xfb8bc3433016a64a3b8aa23c0275afe7c20feb53,RUNE,0.47175708
0xfb8bc3433016a64a3b8aa23c0275afe7c20feb53,SFP,0.483049
0xfb8bc3433016a64a3b8aa23c0275afe7c20feb53,SFUND,0.5287463
0xfb8bc3433016a64a3b8aa23c0275afe7c20feb53,SHIB,0.52790225
0xfb8bc3433016a64a3b8aa23c0275afe7c20feb53,SOL,0.5330823
0xfb8bc3433016a64a3b8aa23c0275afe7c20feb53,STG,0.5074996
0xfb8bc3433016a64a3b8aa23c0275afe7c20feb53,SUI,0.5044553
0xfb8bc3433016a64a3b8aa23c0275afe7c20feb53,SUSHI,0.53281087
0xfb8bc3433016a64a3b8aa23c0275afe7c20feb53,TIA,0.45385808
0xfb8bc3433016a64a3b8aa23c0275afe7c20feb53,TOKEN,0.51451546
0xfb8bc3433016a64a3b8aa23c0275afe7c20feb53,TRX,0.51918346
0xfb8bc3433016a64a3b8aa23c0275afe7c20feb53,UNI,0.49304175
0xfb8bc3433016a64a3b8aa23c0275afe7c20feb53,USDT,0.48231834
0xfb8bc3433016a64a3b8aa23c0275afe7c20feb53,XLM,0.5154143
0xfb8bc3433016a64a3b8aa23c0275afe7c20feb53,XMR,0.50881165
0xfb8bc3433016a64a3b8aa23c0275afe7c20feb53,XRP,0.47168535
0xfb8bc3433016a64a3b8aa23c0275afe7c20feb53,XTZ,0.525716
0xfb8bc3433016a64a3b8aa23c0275afe7c20feb53,XVS,0.47713044
0xfb8bc3433016a64a3b8aa23c0275afe7c20feb53,YFI,0.5188495
0xfe3c3f351e6df846566e10119e4295ed69b2cd72,AAVE,0.4779748
0xfe3c3f351e6df846566e10119e4295ed69b2cd72,ADA,0.5116313
0xfe3c3f351e6df846566e10119e4295ed69b2cd72,ALGO,0.51307976
0xfe3c3f351e6df846566e10119e4295ed69b2cd72,APE,0.5029498
0xfe3c3f351e6df846566e10119e4295ed69b2cd72,APT,0.5024418
0xfe3c3f351e6df846566e10119e4295ed69b2cd72,ATOM,0.553057
0xfe3c3f351e6df846566e10119e4295ed69b2cd72,AVAX,0.49778283
0xfe3c3f351e6df846566e10119e4295ed69b2cd72,AXS,0.5317642
0xfe3c3f351e6df846566e10119e4295ed69b2cd72,BAL,0.51775867
0xfe3c3f351e6df846566e10119e4295ed69b2cd72,BCH,0.51157194
0xfe3c3f351e6df846566e10119e4295ed69b2cd72,BLUR,0.44592196
0xfe3c3f351e6df846566e10119e4295ed69b2cd72,BNB,0.5241692
0xfe3c3f351e6df846566e10119e4295ed69b2cd72,BONK,0.4289527
0xfe3c3f351e6df846566e10119e4295ed69b2cd72,BTC,0.54804367
0xfe3c3f351e6df846566e10119e4295ed69b2cd72,C98,0.5364711
0xfe3c3f351e6df846566e10119e4295ed69b2cd72,CAKE,0.53504866
0xfe3c3f351e6df846566e10119e4295ed69b2cd72,COMP,0.54217774
0xfe3c3f351e6df846566e10119e4295ed69b2cd72,CRV,0.51925623
0xfe3c3f351e6df846566e10119e4295ed69b2cd72,CVX,0.5002924
0xfe3c3f351e6df846566e10119e4295ed69b2cd72,DAI,0.5114652
0xfe3c3f351e6df846566e10119e4295ed69b2cd72,DAO,0.5260337
0xfe3c3f351e6df846566e10119e4295ed69b2cd72,DOGE,0.5208489
0xfe3c3f351e6df846566e10119e4295ed69b2cd72,DOT,0.51997834
0xfe3c3f351e6df846566e10119e4295ed69b2cd72,DYDX,0.5214951
0xfe3c3f351e6df846566e10119e4295ed69b2cd72,EOS,0.53774196
0xfe3c3f351e6df846566e10119e4295ed69b2cd72,ETC,0.52677774
0xfe3c3f351e6df846566e10119e4295ed69b2cd72,ETH,0.5685789
0xfe3c3f351e6df846566e10119e4295ed69b2cd72,FET,0.47827932
0xfe3c3f351e6df846566e10119e4295ed69b2cd72,FIL,0.53457665
0xfe3c3f351e6df846566e10119e4295ed69b2cd72,FRAX,0.5033279
0xfe3c3f351e6df846566e10119e4295ed69b2cd72,FTM,0.48903158
0xfe3c3f351e6df846566e10119e4295ed69b2cd72,FXS,0.50423527
0xfe3c3f351e6df846566e10119e4295ed69b2cd72,GRT,0.52926123
0xfe3c3f351e6df846566e10119e4295ed69b2cd72,HAI,0.53394514
0xfe3c3f351e6df846566e10119e4295ed69b2cd72,HERO,0.5573774
0xfe3c3f351e6df846566e10119e4295ed69b2cd72,ICP,0.4430191
0xfe3c3f351e6df846566e10119e4295ed69b2cd72,IMX,0.4861392
0xfe3c3f351e6df846566e10119e4295ed69b2cd72,INJ,0.5203995
0xfe3c3f351e6df846566e10119e4295ed69b2cd72,LDO,0.48846954
0xfe3c3f351e6df846566e10119e4295ed69b2cd72,LINK,0.53194606
0xfe3c3f351e6df846566e10119e4295ed69b2cd72,LTC,0.5364025
0xfe3c3f351e6df846566e10119e4295ed69b2cd72,MATIC,0.5354182
0xfe3c3f351e6df846566e10119e4295ed69b2cd72,MAV,0.476339
0xfe3c3f351e6df846566e10119e4295ed69b2cd72,MBOX,0.50645095
0xfe3c3f351e6df846566e10119e4295ed69b2cd72,MKR,0.5324838
0xfe3c3f351e6df846566e10119e4295ed69b2cd72,MOON,0.5815354
0xfe3c3f351e6df846566e10119e4295ed69b2cd72,NEAR,0.48883298
0xfe3c3f351e6df846566e10119e4295ed69b2cd72,OP,0.5275316
0xfe3c3f351e6df846566e10119e4295ed69b2cd72,PENDLE,0.4813102
0xfe3c3f351e6df846566e10119e4295ed69b2cd72,PEPE,0.49286345
0xfe3c3f351e6df846566e10119e4295ed69b2cd72,PERP,0.5299999
0xfe3c3f351e6df846566e10119e4295ed69b2cd72,PIT,0.49608326
0xfe3c3f351e6df846566e10119e4295ed69b2cd72,POLS,0.5071314
0xfe3c3f351e6df846566e10119e4295ed69b2cd72,PYTH,0.49104062
0xfe3c3f351e6df846566e10119e4295ed69b2cd72,QUACK,0.5308858
0xfe3c3f351e6df846566e10119e4295ed69b2cd72,RDNT,0.52053607
0xfe3c3f351e6df846566e10119e4295ed69b2cd72,RNDR,0.5309338
0xfe3c3f351e6df846566e10119e4295ed69b2cd72,RPL,0.45631558
0xfe3c3f351e6df846566e10119e4295ed69b2cd72,RUNE,0.46570557
0xfe3c3f351e6df846566e10119e4295ed69b2cd72,SFP,0.4745066
0xfe3c3f351e6df846566e10119e4295ed69b2cd72,SFUND,0.54170704
0xfe3c3f351e6df846566e10119e4295ed69b2cd72,SHIB,0.5344475
0xfe3c3f351e6df846566e10119e4295ed69b2cd72,SOL,0.5285281
0xfe3c3f351e6df846566e10119e4295ed69b2cd72,STG,0.5075138
0xfe3c3f351e6df846566e10119e4295ed69b2cd72,SUI,0.49179035
0xfe3c3f351e6df846566e10119e4295ed69b2cd72,SUSHI,0.5426921
0xfe3c3f351e6df846566e10119e4295ed69b2cd72,TIA,0.43444765
0xfe3c3f351e6df846566e10119e4295ed69b2cd72,TOKEN,0.48296997
0xfe3c3f351e6df846566e10119e4295ed69b2cd72,TRX,0.52528715
0xfe3c3f351e6df846566e10119e4295ed69b2cd72,UNI,0.5421633
0xfe3c3f351e6df846566e10119e4295ed69b2cd72,USDT,0.49766523
0xfe3c3f351e6df846566e10119e4295ed69b2cd72,XLM,0.50208515
0xfe3c3f351e6df846566e10119e4295ed69b2cd72,XMR,0.5264529
0xfe3c3f351e6df846566e10119e4295ed69b2cd72,XRP,0.49806836
0xfe3c3f351e6df846566e10119e4295ed69b2cd72,XTZ,0.5261725
0xfe3c3f351e6df846566e10119e4295ed69b2cd72,XVS,0.46648213
0xfe3c3f351e6df846566e10119e4295ed69b2cd72,YFI,0.511939
