address,symbol,prediction
0x00c4210b2525cee9d981090baf6f9e867e650eb9,AAVE,0.15409517288208
0x00c4210b2525cee9d981090baf6f9e867e650eb9,ADA,0.4925787150859833
0x00c4210b2525cee9d981090baf6f9e867e650eb9,ALGO,0.3167313039302826
0x00c4210b2525cee9d981090baf6f9e867e650eb9,APE,0.239443153142929
0x00c4210b2525cee9d981090baf6f9e867e650eb9,APT,0.2376943528652191
0x00c4210b2525cee9d981090baf6f9e867e650eb9,ATOM,0.1544075310230255
0x00c4210b2525cee9d981090baf6f9e867e650eb9,AVAX,0.4061832726001739
0x00c4210b2525cee9d981090baf6f9e867e650eb9,AXS,0.2542044520378113
0x00c4210b2525cee9d981090baf6f9e867e650eb9,BAL,0.2637897729873657
0x00c4210b2525cee9d981090baf6f9e867e650eb9,BCH,0.3245930969715118
0x00c4210b2525cee9d981090baf6f9e867e650eb9,BLUR,0.2948491871356964
0x00c4210b2525cee9d981090baf6f9e867e650eb9,BNB,0.5768464803695679
0x00c4210b2525cee9d981090baf6f9e867e650eb9,BONK,0.0633110255002975
0x00c4210b2525cee9d981090baf6f9e867e650eb9,BTC,1.0
0x00c4210b2525cee9d981090baf6f9e867e650eb9,C98,0.1930957436561584
0x00c4210b2525cee9d981090baf6f9e867e650eb9,CAKE,0.2667976319789886
0x00c4210b2525cee9d981090baf6f9e867e650eb9,COMP,0.328804463148117
0x00c4210b2525cee9d981090baf6f9e867e650eb9,CRV,0.1318392604589462
0x00c4210b2525cee9d981090baf6f9e867e650eb9,CVX,0.1947854161262512
0x00c4210b2525cee9d981090baf6f9e867e650eb9,DAI,0.2675479650497436
0x00c4210b2525cee9d981090baf6f9e867e650eb9,DAO,0.2897790074348449
0x00c4210b2525cee9d981090baf6f9e867e650eb9,DOGE,0.2839401960372925
0x00c4210b2525cee9d981090baf6f9e867e650eb9,DOT,0.3082852661609649
0x00c4210b2525cee9d981090baf6f9e867e650eb9,DYDX,0.222780168056488
0x00c4210b2525cee9d981090baf6f9e867e650eb9,EOS,0.2703979313373565
0x00c4210b2525cee9d981090baf6f9e867e650eb9,ETC,0.5990980863571167
0x00c4210b2525cee9d981090baf6f9e867e650eb9,ETH,0.4539309442043304
0x00c4210b2525cee9d981090baf6f9e867e650eb9,FET,0.1464644372463226
0x00c4210b2525cee9d981090baf6f9e867e650eb9,FIL,0.2393723428249359
0x00c4210b2525cee9d981090baf6f9e867e650eb9,FRAX,0.3239186406135559
0x00c4210b2525cee9d981090baf6f9e867e650eb9,FTM,0.0846295356750488
0x00c4210b2525cee9d981090baf6f9e867e650eb9,FXS,0.1973977386951446
0x00c4210b2525cee9d981090baf6f9e867e650eb9,GRT,0.1780676245689392
0x00c4210b2525cee9d981090baf6f9e867e650eb9,HAI,0.2527497112751007
0x00c4210b2525cee9d981090baf6f9e867e650eb9,HERO,0.3848056197166443
0x00c4210b2525cee9d981090baf6f9e867e650eb9,ICP,0.2857877910137176
0x00c4210b2525cee9d981090baf6f9e867e650eb9,IMX,0.2119419872760772
0x00c4210b2525cee9d981090baf6f9e867e650eb9,INJ,0.2695464789867401
0x00c4210b2525cee9d981090baf6f9e867e650eb9,LDO,0.1810774505138397
0x00c4210b2525cee9d981090baf6f9e867e650eb9,LINK,0.5365074872970581
0x00c4210b2525cee9d981090baf6f9e867e650eb9,LTC,0.3086263835430145
0x00c4210b2525cee9d981090baf6f9e867e650eb9,MATIC,0.4622205793857574
0x00c4210b2525cee9d981090baf6f9e867e650eb9,MAV,0.1537225544452667
0x00c4210b2525cee9d981090baf6f9e867e650eb9,MBOX,0.1472213566303253
0x00c4210b2525cee9d981090baf6f9e867e650eb9,MKR,0.2978761196136474
0x00c4210b2525cee9d981090baf6f9e867e650eb9,MOON,0.3182548880577087
0x00c4210b2525cee9d981090baf6f9e867e650eb9,NEAR,0.1503980457782745
0x00c4210b2525cee9d981090baf6f9e867e650eb9,OP,0.4827965795993805
0x00c4210b2525cee9d981090baf6f9e867e650eb9,PENDLE,0.1019284576177597
0x00c4210b2525cee9d981090baf6f9e867e650eb9,PEPE,0.3342888951301574
0x00c4210b2525cee9d981090baf6f9e867e650eb9,PERP,0.3005491197109222
0x00c4210b2525cee9d981090baf6f9e867e650eb9,PIT,0.1937811076641082
0x00c4210b2525cee9d981090baf6f9e867e650eb9,POLS,0.1400842070579528
0x00c4210b2525cee9d981090baf6f9e867e650eb9,PYTH,0.2152991592884063
0x00c4210b2525cee9d981090baf6f9e867e650eb9,QUACK,0.2872573137283325
0x00c4210b2525cee9d981090baf6f9e867e650eb9,RDNT,0.1616843342781067
0x00c4210b2525cee9d981090baf6f9e867e650eb9,RNDR,0.209140658378601
0x00c4210b2525cee9d981090baf6f9e867e650eb9,RPL,0.0
0x00c4210b2525cee9d981090baf6f9e867e650eb9,RUNE,0.3251143395900726
0x00c4210b2525cee9d981090baf6f9e867e650eb9,SFP,0.1345243006944656
0x00c4210b2525cee9d981090baf6f9e867e650eb9,SFUND,0.2284283638000488
0x00c4210b2525cee9d981090baf6f9e867e650eb9,SHIB,0.4292676746845245
0x00c4210b2525cee9d981090baf6f9e867e650eb9,SOL,0.8788996934890747
0x00c4210b2525cee9d981090baf6f9e867e650eb9,STG,0.202376127243042
0x00c4210b2525cee9d981090baf6f9e867e650eb9,SUI,0.0171892344951629
0x00c4210b2525cee9d981090baf6f9e867e650eb9,SUSHI,0.2978796362876892
0x00c4210b2525cee9d981090baf6f9e867e650eb9,TIA,0.1823688149452209
0x00c4210b2525cee9d981090baf6f9e867e650eb9,TOKEN,0.1242108345031738
0x00c4210b2525cee9d981090baf6f9e867e650eb9,TRX,0.3706145286560058
0x00c4210b2525cee9d981090baf6f9e867e650eb9,UNI,0.1927923560142517
0x00c4210b2525cee9d981090baf6f9e867e650eb9,USDT,0.3448392450809479
0x00c4210b2525cee9d981090baf6f9e867e650eb9,XLM,0.4109601676464081
0x00c4210b2525cee9d981090baf6f9e867e650eb9,XMR,0.6436703205108643
0x00c4210b2525cee9d981090baf6f9e867e650eb9,XRP,0.5400485992431641
0x00c4210b2525cee9d981090baf6f9e867e650eb9,XTZ,0.2234620451927185
0x00c4210b2525cee9d981090baf6f9e867e650eb9,XVS,0.2330232262611389
0x00c4210b2525cee9d981090baf6f9e867e650eb9,YFI,0.7123774290084839
0x03179fbf3ecc0ae5e85fe0de0dce21d6e16447fe,AAVE,0.959909228441755
0x03179fbf3ecc0ae5e85fe0de0dce21d6e16447fe,ADA,0.632375189107413
0x03179fbf3ecc0ae5e85fe0de0dce21d6e16447fe,ALGO,0.6853252647503782
0x03179fbf3ecc0ae5e85fe0de0dce21d6e16447fe,APE,0.6111951588502269
0x03179fbf3ecc0ae5e85fe0de0dce21d6e16447fe,APT,0.5438729198184569
0x03179fbf3ecc0ae5e85fe0de0dce21d6e16447fe,ATOM,0.1762481089258699
0x03179fbf3ecc0ae5e85fe0de0dce21d6e16447fe,AVAX,0.6285930408472012
0x03179fbf3ecc0ae5e85fe0de0dce21d6e16447fe,AXS,0.6724659606656581
0x03179fbf3ecc0ae5e85fe0de0dce21d6e16447fe,BAL,0.8018154311649016
0x03179fbf3ecc0ae5e85fe0de0dce21d6e16447fe,BCH,0.5559757942511346
0x03179fbf3ecc0ae5e85fe0de0dce21d6e16447fe,BLUR,0.9198184568835098
0x03179fbf3ecc0ae5e85fe0de0dce21d6e16447fe,BNB,0.7934947049924357
0x03179fbf3ecc0ae5e85fe0de0dce21d6e16447fe,BONK,0.1928895612708018
0x03179fbf3ecc0ae5e85fe0de0dce21d6e16447fe,BTC,0.4523449319213313
0x03179fbf3ecc0ae5e85fe0de0dce21d6e16447fe,C98,0.6830559757942511
0x03179fbf3ecc0ae5e85fe0de0dce21d6e16447fe,CAKE,0.8229954614220878
0x03179fbf3ecc0ae5e85fe0de0dce21d6e16447fe,COMP,0.7291981845688351
0x03179fbf3ecc0ae5e85fe0de0dce21d6e16447fe,CRV,0.9689863842662632
0x03179fbf3ecc0ae5e85fe0de0dce21d6e16447fe,CVX,0.4099848714069591
0x03179fbf3ecc0ae5e85fe0de0dce21d6e16447fe,DAI,0.4878971255673222
0x03179fbf3ecc0ae5e85fe0de0dce21d6e16447fe,DAO,0.710287443267776
0x03179fbf3ecc0ae5e85fe0de0dce21d6e16447fe,DOGE,0.453857791225416
0x03179fbf3ecc0ae5e85fe0de0dce21d6e16447fe,DOT,0.3449319213313161
0x03179fbf3ecc0ae5e85fe0de0dce21d6e16447fe,DYDX,0.9062027231467472
0x03179fbf3ecc0ae5e85fe0de0dce21d6e16447fe,EOS,0.794251134644478
0x03179fbf3ecc0ae5e85fe0de0dce21d6e16447fe,ETC,0.5499243570347958
0x03179fbf3ecc0ae5e85fe0de0dce21d6e16447fe,ETH,0.6497730711043873
0x03179fbf3ecc0ae5e85fe0de0dce21d6e16447fe,FET,0.1104387291981845
0x03179fbf3ecc0ae5e85fe0de0dce21d6e16447fe,FIL,0.6164901664145235
0x03179fbf3ecc0ae5e85fe0de0dce21d6e16447fe,FRAX,0.4788199697428139
0x03179fbf3ecc0ae5e85fe0de0dce21d6e16447fe,FTM,0.9561270801815432
0x03179fbf3ecc0ae5e85fe0de0dce21d6e16447fe,FXS,0.8661119515885023
0x03179fbf3ecc0ae5e85fe0de0dce21d6e16447fe,GRT,0.6656580937972768
0x03179fbf3ecc0ae5e85fe0de0dce21d6e16447fe,HAI,0.2042360060514372
0x03179fbf3ecc0ae5e85fe0de0dce21d6e16447fe,HERO,0.7443267776096822
0x03179fbf3ecc0ae5e85fe0de0dce21d6e16447fe,ICP,0.7639939485627837
0x03179fbf3ecc0ae5e85fe0de0dce21d6e16447fe,IMX,0.6066565809379728
0x03179fbf3ecc0ae5e85fe0de0dce21d6e16447fe,INJ,0.586232980332829
0x03179fbf3ecc0ae5e85fe0de0dce21d6e16447fe,LDO,0.726928895612708
0x03179fbf3ecc0ae5e85fe0de0dce21d6e16447fe,LINK,0.5491679273827534
0x03179fbf3ecc0ae5e85fe0de0dce21d6e16447fe,LTC,0.8910741301059002
0x03179fbf3ecc0ae5e85fe0de0dce21d6e16447fe,MATIC,0.6399394856278366
0x03179fbf3ecc0ae5e85fe0de0dce21d6e16447fe,MAV,0.9092284417549168
0x03179fbf3ecc0ae5e85fe0de0dce21d6e16447fe,MBOX,0.6770045385779122
0x03179fbf3ecc0ae5e85fe0de0dce21d6e16447fe,MKR,0.6664145234493192
0x03179fbf3ecc0ae5e85fe0de0dce21d6e16447fe,MOON,0.0370650529500756
0x03179fbf3ecc0ae5e85fe0de0dce21d6e16447fe,NEAR,0.5574886535552194
0x03179fbf3ecc0ae5e85fe0de0dce21d6e16447fe,OP,0.6308623298033282
0x03179fbf3ecc0ae5e85fe0de0dce21d6e16447fe,PENDLE,0.9334341906202724
0x03179fbf3ecc0ae5e85fe0de0dce21d6e16447fe,PEPE,0.2140695915279879
0x03179fbf3ecc0ae5e85fe0de0dce21d6e16447fe,PERP,0.9107413010590016
0x03179fbf3ecc0ae5e85fe0de0dce21d6e16447fe,PIT,0.1981845688350983
0x03179fbf3ecc0ae5e85fe0de0dce21d6e16447fe,POLS,0.5801815431164902
0x03179fbf3ecc0ae5e85fe0de0dce21d6e16447fe,PYTH,0.5211800302571861
0x03179fbf3ecc0ae5e85fe0de0dce21d6e16447fe,QUACK,0.7783661119515886
0x03179fbf3ecc0ae5e85fe0de0dce21d6e16447fe,RDNT,0.4326777609682299
0x03179fbf3ecc0ae5e85fe0de0dce21d6e16447fe,RNDR,0.5264750378214826
0x03179fbf3ecc0ae5e85fe0de0dce21d6e16447fe,RPL,0.294251134644478
0x03179fbf3ecc0ae5e85fe0de0dce21d6e16447fe,RUNE,0.9712556732223904
0x03179fbf3ecc0ae5e85fe0de0dce21d6e16447fe,SFP,0.2352496217851739
0x03179fbf3ecc0ae5e85fe0de0dce21d6e16447fe,SFUND,0.2912254160363086
0x03179fbf3ecc0ae5e85fe0de0dce21d6e16447fe,SHIB,0.407715582450832
0x03179fbf3ecc0ae5e85fe0de0dce21d6e16447fe,SOL,0.540090771558245
0x03179fbf3ecc0ae5e85fe0de0dce21d6e16447fe,STG,0.1535552193645991
0x03179fbf3ecc0ae5e85fe0de0dce21d6e16447fe,SUI,0.2148260211800302
0x03179fbf3ecc0ae5e85fe0de0dce21d6e16447fe,SUSHI,0.3252647503782148
0x03179fbf3ecc0ae5e85fe0de0dce21d6e16447fe,TIA,0.3456883509833585
0x03179fbf3ecc0ae5e85fe0de0dce21d6e16447fe,TOKEN,0.0446293494704992
0x03179fbf3ecc0ae5e85fe0de0dce21d6e16447fe,TRX,0.8071104387291982
0x03179fbf3ecc0ae5e85fe0de0dce21d6e16447fe,UNI,0.762481089258699
0x03179fbf3ecc0ae5e85fe0de0dce21d6e16447fe,USDT,0.4909228441754917
0x03179fbf3ecc0ae5e85fe0de0dce21d6e16447fe,XLM,0.2594553706505295
0x03179fbf3ecc0ae5e85fe0de0dce21d6e16447fe,XMR,0.5983358547655068
0x03179fbf3ecc0ae5e85fe0de0dce21d6e16447fe,XRP,0.6338880484114977
0x03179fbf3ecc0ae5e85fe0de0dce21d6e16447fe,XTZ,0.416036308623298
0x03179fbf3ecc0ae5e85fe0de0dce21d6e16447fe,XVS,0.9046898638426626
0x03179fbf3ecc0ae5e85fe0de0dce21d6e16447fe,YFI,0.5922844175491679
0x04e1dd13ef029f573cf717f094a6b601b9e03550,AAVE,0.6360719
0x04e1dd13ef029f573cf717f094a6b601b9e03550,ADA,0.6743991
0x04e1dd13ef029f573cf717f094a6b601b9e03550,ALGO,0.67338955
0x04e1dd13ef029f573cf717f094a6b601b9e03550,APE,0.64945775
0x04e1dd13ef029f573cf717f094a6b601b9e03550,APT,0.6633859
0x04e1dd13ef029f573cf717f094a6b601b9e03550,ATOM,0.6613663
0x04e1dd13ef029f573cf717f094a6b601b9e03550,AVAX,0.6615564
0x04e1dd13ef029f573cf717f094a6b601b9e03550,AXS,0.62565005
0x04e1dd13ef029f573cf717f094a6b601b9e03550,BAL,0.654374
0x04e1dd13ef029f573cf717f094a6b601b9e03550,BCH,0.6645296
0x04e1dd13ef029f573cf717f094a6b601b9e03550,BLUR,0.6527225
0x04e1dd13ef029f573cf717f094a6b601b9e03550,BNB,0.6660961
0x04e1dd13ef029f573cf717f094a6b601b9e03550,BONK,0.65410244
0x04e1dd13ef029f573cf717f094a6b601b9e03550,BTC,0.66888803
0x04e1dd13ef029f573cf717f094a6b601b9e03550,C98,0.6297432
0x04e1dd13ef029f573cf717f094a6b601b9e03550,CAKE,0.6825236
0x04e1dd13ef029f573cf717f094a6b601b9e03550,COMP,0.6483046
0x04e1dd13ef029f573cf717f094a6b601b9e03550,CRV,0.6519027
0x04e1dd13ef029f573cf717f094a6b601b9e03550,CVX,0.6422068
0x04e1dd13ef029f573cf717f094a6b601b9e03550,DAI,0.6420082
0x04e1dd13ef029f573cf717f094a6b601b9e03550,DAO,0.68140996
0x04e1dd13ef029f573cf717f094a6b601b9e03550,DOGE,0.6702001
0x04e1dd13ef029f573cf717f094a6b601b9e03550,DOT,0.6611063
0x04e1dd13ef029f573cf717f094a6b601b9e03550,DYDX,0.659535
0x04e1dd13ef029f573cf717f094a6b601b9e03550,EOS,0.64342016
0x04e1dd13ef029f573cf717f094a6b601b9e03550,ETC,0.6674718
0x04e1dd13ef029f573cf717f094a6b601b9e03550,ETH,0.669041
0x04e1dd13ef029f573cf717f094a6b601b9e03550,FET,0.6682602
0x04e1dd13ef029f573cf717f094a6b601b9e03550,FIL,0.62670565
0x04e1dd13ef029f573cf717f094a6b601b9e03550,FRAX,0.651187
0x04e1dd13ef029f573cf717f094a6b601b9e03550,FTM,0.6491182
0x04e1dd13ef029f573cf717f094a6b601b9e03550,FXS,0.63127667
0x04e1dd13ef029f573cf717f094a6b601b9e03550,GRT,0.6382968
0x04e1dd13ef029f573cf717f094a6b601b9e03550,HAI,0.6773011
0x04e1dd13ef029f573cf717f094a6b601b9e03550,HERO,0.652427
0x04e1dd13ef029f573cf717f094a6b601b9e03550,ICP,0.6660241
0x04e1dd13ef029f573cf717f094a6b601b9e03550,IMX,0.65101224
0x04e1dd13ef029f573cf717f094a6b601b9e03550,INJ,0.66796
0x04e1dd13ef029f573cf717f094a6b601b9e03550,LDO,0.6521215
0x04e1dd13ef029f573cf717f094a6b601b9e03550,LINK,0.6562762
0x04e1dd13ef029f573cf717f094a6b601b9e03550,LTC,0.6679196
0x04e1dd13ef029f573cf717f094a6b601b9e03550,MATIC,0.66981804
0x04e1dd13ef029f573cf717f094a6b601b9e03550,MAV,0.63729644
0x04e1dd13ef029f573cf717f094a6b601b9e03550,MBOX,0.63886374
0x04e1dd13ef029f573cf717f094a6b601b9e03550,MKR,0.66384566
0x04e1dd13ef029f573cf717f094a6b601b9e03550,MOON,0.6796866
0x04e1dd13ef029f573cf717f094a6b601b9e03550,NEAR,0.6302337
0x04e1dd13ef029f573cf717f094a6b601b9e03550,OP,0.6682771
0x04e1dd13ef029f573cf717f094a6b601b9e03550,PENDLE,0.65416723
0x04e1dd13ef029f573cf717f094a6b601b9e03550,PEPE,0.66642654
0x04e1dd13ef029f573cf717f094a6b601b9e03550,PERP,0.66104466
0x04e1dd13ef029f573cf717f094a6b601b9e03550,PIT,0.6809555
0x04e1dd13ef029f573cf717f094a6b601b9e03550,POLS,0.66471684
0x04e1dd13ef029f573cf717f094a6b601b9e03550,PYTH,0.6324376
0x04e1dd13ef029f573cf717f094a6b601b9e03550,QUACK,0.6713441
0x04e1dd13ef029f573cf717f094a6b601b9e03550,RDNT,0.64350617
0x04e1dd13ef029f573cf717f094a6b601b9e03550,RNDR,0.6679491
0x04e1dd13ef029f573cf717f094a6b601b9e03550,RPL,0.655165
0x04e1dd13ef029f573cf717f094a6b601b9e03550,RUNE,0.65046364
0x04e1dd13ef029f573cf717f094a6b601b9e03550,SFP,0.6370436
0x04e1dd13ef029f573cf717f094a6b601b9e03550,SFUND,0.6595838
0x04e1dd13ef029f573cf717f094a6b601b9e03550,SHIB,0.6655587
0x04e1dd13ef029f573cf717f094a6b601b9e03550,SOL,0.6686022
0x04e1dd13ef029f573cf717f094a6b601b9e03550,STG,0.63040906
0x04e1dd13ef029f573cf717f094a6b601b9e03550,SUI,0.64385706
0x04e1dd13ef029f573cf717f094a6b601b9e03550,SUSHI,0.64906335
0x04e1dd13ef029f573cf717f094a6b601b9e03550,TIA,0.6476618
0x04e1dd13ef029f573cf717f094a6b601b9e03550,TOKEN,0.67756474
0x04e1dd13ef029f573cf717f094a6b601b9e03550,TRX,0.67141557
0x04e1dd13ef029f573cf717f094a6b601b9e03550,UNI,0.65955764
0x04e1dd13ef029f573cf717f094a6b601b9e03550,USDT,0.6684579
0x04e1dd13ef029f573cf717f094a6b601b9e03550,XLM,0.6767528
0x04e1dd13ef029f573cf717f094a6b601b9e03550,XMR,0.6662378
0x04e1dd13ef029f573cf717f094a6b601b9e03550,XRP,0.668353
0x04e1dd13ef029f573cf717f094a6b601b9e03550,XTZ,0.63856107
0x04e1dd13ef029f573cf717f094a6b601b9e03550,XVS,0.64698416
0x04e1dd13ef029f573cf717f094a6b601b9e03550,YFI,0.6208907
0x05af269c4ff706ae439648c97b788fa391539dec,AAVE,0.46976966
0x05af269c4ff706ae439648c97b788fa391539dec,ADA,0.5336303
0x05af269c4ff706ae439648c97b788fa391539dec,ALGO,0.5149996
0x05af269c4ff706ae439648c97b788fa391539dec,APE,0.5249836
0x05af269c4ff706ae439648c97b788fa391539dec,APT,0.51554203
0x05af269c4ff706ae439648c97b788fa391539dec,ATOM,0.52626026
0x05af269c4ff706ae439648c97b788fa391539dec,AVAX,0.5270243
0x05af269c4ff706ae439648c97b788fa391539dec,AXS,0.5291572
0x05af269c4ff706ae439648c97b788fa391539dec,BAL,0.512427
0x05af269c4ff706ae439648c97b788fa391539dec,BCH,0.5396966
0x05af269c4ff706ae439648c97b788fa391539dec,BLUR,0.47030994
0x05af269c4ff706ae439648c97b788fa391539dec,BNB,0.52722764
0x05af269c4ff706ae439648c97b788fa391539dec,BONK,0.5295157
0x05af269c4ff706ae439648c97b788fa391539dec,BTC,0.5304381
0x05af269c4ff706ae439648c97b788fa391539dec,C98,0.50042015
0x05af269c4ff706ae439648c97b788fa391539dec,CAKE,0.52231604
0x05af269c4ff706ae439648c97b788fa391539dec,COMP,0.51823926
0x05af269c4ff706ae439648c97b788fa391539dec,CRV,0.47324693
0x05af269c4ff706ae439648c97b788fa391539dec,CVX,0.4990365
0x05af269c4ff706ae439648c97b788fa391539dec,DAI,0.5464064
0x05af269c4ff706ae439648c97b788fa391539dec,DAO,0.51862675
0x05af269c4ff706ae439648c97b788fa391539dec,DOGE,0.5226683
0x05af269c4ff706ae439648c97b788fa391539dec,DOT,0.52461785
0x05af269c4ff706ae439648c97b788fa391539dec,DYDX,0.48440945
0x05af269c4ff706ae439648c97b788fa391539dec,EOS,0.5377704
0x05af269c4ff706ae439648c97b788fa391539dec,ETC,0.541328
0x05af269c4ff706ae439648c97b788fa391539dec,ETH,0.54792315
0x05af269c4ff706ae439648c97b788fa391539dec,FET,0.53020155
0x05af269c4ff706ae439648c97b788fa391539dec,FIL,0.5235763
0x05af269c4ff706ae439648c97b788fa391539dec,FRAX,0.52599686
0x05af269c4ff706ae439648c97b788fa391539dec,FTM,0.44886392
0x05af269c4ff706ae439648c97b788fa391539dec,FXS,0.49917477
0x05af269c4ff706ae439648c97b788fa391539dec,GRT,0.51576513
0x05af269c4ff706ae439648c97b788fa391539dec,HAI,0.51729536
0x05af269c4ff706ae439648c97b788fa391539dec,HERO,0.53289837
0x05af269c4ff706ae439648c97b788fa391539dec,ICP,0.5022849
0x05af269c4ff706ae439648c97b788fa391539dec,IMX,0.51848334
0x05af269c4ff706ae439648c97b788fa391539dec,INJ,0.50185394
0x05af269c4ff706ae439648c97b788fa391539dec,LDO,0.51403576
0x05af269c4ff706ae439648c97b788fa391539dec,LINK,0.5382967
0x05af269c4ff706ae439648c97b788fa391539dec,LTC,0.5170415
0x05af269c4ff706ae439648c97b788fa391539dec,MATIC,0.5282599
0x05af269c4ff706ae439648c97b788fa391539dec,MAV,0.44896004
0x05af269c4ff706ae439648c97b788fa391539dec,MBOX,0.501758
0x05af269c4ff706ae439648c97b788fa391539dec,MKR,0.49686384
0x05af269c4ff706ae439648c97b788fa391539dec,MOON,0.5219262
0x05af269c4ff706ae439648c97b788fa391539dec,NEAR,0.49692106
0x05af269c4ff706ae439648c97b788fa391539dec,OP,0.517748
0x05af269c4ff706ae439648c97b788fa391539dec,PENDLE,0.44995853
0x05af269c4ff706ae439648c97b788fa391539dec,PEPE,0.5337313
0x05af269c4ff706ae439648c97b788fa391539dec,PERP,0.4852963
0x05af269c4ff706ae439648c97b788fa391539dec,PIT,0.5290475
0x05af269c4ff706ae439648c97b788fa391539dec,POLS,0.5266694
0x05af269c4ff706ae439648c97b788fa391539dec,PYTH,0.500947
0x05af269c4ff706ae439648c97b788fa391539dec,QUACK,0.5390001
0x05af269c4ff706ae439648c97b788fa391539dec,RDNT,0.5149186
0x05af269c4ff706ae439648c97b788fa391539dec,RNDR,0.5250941
0x05af269c4ff706ae439648c97b788fa391539dec,RPL,0.5307256
0x05af269c4ff706ae439648c97b788fa391539dec,RUNE,0.41681352
0x05af269c4ff706ae439648c97b788fa391539dec,SFP,0.5009677
0x05af269c4ff706ae439648c97b788fa391539dec,SFUND,0.5250119
0x05af269c4ff706ae439648c97b788fa391539dec,SHIB,0.52480596
0x05af269c4ff706ae439648c97b788fa391539dec,SOL,0.49564308
0x05af269c4ff706ae439648c97b788fa391539dec,STG,0.51530766
0x05af269c4ff706ae439648c97b788fa391539dec,SUI,0.49474266
0x05af269c4ff706ae439648c97b788fa391539dec,SUSHI,0.5273645
0x05af269c4ff706ae439648c97b788fa391539dec,TIA,0.5101711
0x05af269c4ff706ae439648c97b788fa391539dec,TOKEN,0.4651377
0x05af269c4ff706ae439648c97b788fa391539dec,TRX,0.5154579
0x05af269c4ff706ae439648c97b788fa391539dec,UNI,0.5336929
0x05af269c4ff706ae439648c97b788fa391539dec,USDT,0.54934055
0x05af269c4ff706ae439648c97b788fa391539dec,XLM,0.5069687
0x05af269c4ff706ae439648c97b788fa391539dec,XMR,0.5243698
0x05af269c4ff706ae439648c97b788fa391539dec,XRP,0.49501178
0x05af269c4ff706ae439648c97b788fa391539dec,XTZ,0.52140653
0x05af269c4ff706ae439648c97b788fa391539dec,XVS,0.47409642
0x05af269c4ff706ae439648c97b788fa391539dec,YFI,0.5351331
0x063af2c2952d7799ce1eac2f1a85c7b4aa4fe553,AAVE,0.4543932841106788
0x063af2c2952d7799ce1eac2f1a85c7b4aa4fe553,ADA,0.5415469707475311
0x063af2c2952d7799ce1eac2f1a85c7b4aa4fe553,ALGO,0.5363784454126342
0x063af2c2952d7799ce1eac2f1a85c7b4aa4fe553,APE,0.5432814079084026
0x063af2c2952d7799ce1eac2f1a85c7b4aa4fe553,APT,0.5011582570541827
0x063af2c2952d7799ce1eac2f1a85c7b4aa4fe553,ATOM,0.5523739953380267
0x063af2c2952d7799ce1eac2f1a85c7b4aa4fe553,AVAX,0.5504733869056492
0x063af2c2952d7799ce1eac2f1a85c7b4aa4fe553,AXS,0.531799705789182
0x063af2c2952d7799ce1eac2f1a85c7b4aa4fe553,BAL,0.5314817884849408
0x063af2c2952d7799ce1eac2f1a85c7b4aa4fe553,BCH,0.5491961851086503
0x063af2c2952d7799ce1eac2f1a85c7b4aa4fe553,BLUR,0.4653299481158853
0x063af2c2952d7799ce1eac2f1a85c7b4aa4fe553,BNB,0.5569035022253482
0x063af2c2952d7799ce1eac2f1a85c7b4aa4fe553,BONK,0.5218036890961586
0x063af2c2952d7799ce1eac2f1a85c7b4aa4fe553,BTC,0.6299947752523996
0x063af2c2952d7799ce1eac2f1a85c7b4aa4fe553,C98,0.5054763186308947
0x063af2c2952d7799ce1eac2f1a85c7b4aa4fe553,CAKE,0.5143769133373526
0x063af2c2952d7799ce1eac2f1a85c7b4aa4fe553,COMP,0.5401393704718729
0x063af2c2952d7799ce1eac2f1a85c7b4aa4fe553,CRV,0.4630324088140816
0x063af2c2952d7799ce1eac2f1a85c7b4aa4fe553,CVX,0.5040844324748449
0x063af2c2952d7799ce1eac2f1a85c7b4aa4fe553,DAI,0.5630167721855707
0x063af2c2952d7799ce1eac2f1a85c7b4aa4fe553,DAO,0.5443716953914555
0x063af2c2952d7799ce1eac2f1a85c7b4aa4fe553,DOGE,0.5409040733714888
0x063af2c2952d7799ce1eac2f1a85c7b4aa4fe553,DOT,0.5478031452120091
0x063af2c2952d7799ce1eac2f1a85c7b4aa4fe553,DYDX,0.4901436990800291
0x063af2c2952d7799ce1eac2f1a85c7b4aa4fe553,EOS,0.5564927174570373
0x063af2c2952d7799ce1eac2f1a85c7b4aa4fe553,ETC,0.5727566260212578
0x063af2c2952d7799ce1eac2f1a85c7b4aa4fe553,ETH,0.5396848786223006
0x063af2c2952d7799ce1eac2f1a85c7b4aa4fe553,FET,0.5605207968072838
0x063af2c2952d7799ce1eac2f1a85c7b4aa4fe553,FIL,0.5281808749934396
0x063af2c2952d7799ce1eac2f1a85c7b4aa4fe553,FRAX,0.5434039355525697
0x063af2c2952d7799ce1eac2f1a85c7b4aa4fe553,FTM,0.4503874082816996
0x063af2c2952d7799ce1eac2f1a85c7b4aa4fe553,FXS,0.476167551586765
0x063af2c2952d7799ce1eac2f1a85c7b4aa4fe553,GRT,0.5047754422597565
0x063af2c2952d7799ce1eac2f1a85c7b4aa4fe553,HAI,0.5285303337147735
0x063af2c2952d7799ce1eac2f1a85c7b4aa4fe553,HERO,0.5275920362830699
0x063af2c2952d7799ce1eac2f1a85c7b4aa4fe553,ICP,0.5089326287697011
0x063af2c2952d7799ce1eac2f1a85c7b4aa4fe553,IMX,0.5396005251785463
0x063af2c2952d7799ce1eac2f1a85c7b4aa4fe553,INJ,0.5137596979418103
0x063af2c2952d7799ce1eac2f1a85c7b4aa4fe553,LDO,0.5338284694579492
0x063af2c2952d7799ce1eac2f1a85c7b4aa4fe553,LINK,0.5808058359336387
0x063af2c2952d7799ce1eac2f1a85c7b4aa4fe553,LTC,0.5673750525281797
0x063af2c2952d7799ce1eac2f1a85c7b4aa4fe553,MATIC,0.5410674963814445
0x063af2c2952d7799ce1eac2f1a85c7b4aa4fe553,MAV,0.445067557569817
0x063af2c2952d7799ce1eac2f1a85c7b4aa4fe553,MBOX,0.5093214532217757
0x063af2c2952d7799ce1eac2f1a85c7b4aa4fe553,MKR,0.5092146909037282
0x063af2c2952d7799ce1eac2f1a85c7b4aa4fe553,MOON,0.5387646795329594
0x063af2c2952d7799ce1eac2f1a85c7b4aa4fe553,NEAR,0.5075598840116636
0x063af2c2952d7799ce1eac2f1a85c7b4aa4fe553,OP,0.530733627632334
0x063af2c2952d7799ce1eac2f1a85c7b4aa4fe553,PENDLE,0.4830442764956964
0x063af2c2952d7799ce1eac2f1a85c7b4aa4fe553,PEPE,0.5416051868723447
0x063af2c2952d7799ce1eac2f1a85c7b4aa4fe553,PERP,0.4615411062750569
0x063af2c2952d7799ce1eac2f1a85c7b4aa4fe553,PIT,0.5383139755544384
0x063af2c2952d7799ce1eac2f1a85c7b4aa4fe553,POLS,0.5401659611336884
0x063af2c2952d7799ce1eac2f1a85c7b4aa4fe553,PYTH,0.4966173689852941
0x063af2c2952d7799ce1eac2f1a85c7b4aa4fe553,QUACK,0.5289379111271701
0x063af2c2952d7799ce1eac2f1a85c7b4aa4fe553,RDNT,0.5236495212002172
0x063af2c2952d7799ce1eac2f1a85c7b4aa4fe553,RNDR,0.5166534882481734
0x063af2c2952d7799ce1eac2f1a85c7b4aa4fe553,RPL,0.5249920963188359
0x063af2c2952d7799ce1eac2f1a85c7b4aa4fe553,RUNE,0.4229690030510091
0x063af2c2952d7799ce1eac2f1a85c7b4aa4fe553,SFP,0.5293639288433989
0x063af2c2952d7799ce1eac2f1a85c7b4aa4fe553,SFUND,0.527987624430285
0x063af2c2952d7799ce1eac2f1a85c7b4aa4fe553,SHIB,0.5350296731795066
0x063af2c2952d7799ce1eac2f1a85c7b4aa4fe553,SOL,0.5055096567901592
0x063af2c2952d7799ce1eac2f1a85c7b4aa4fe553,STG,0.544809422991902
0x063af2c2952d7799ce1eac2f1a85c7b4aa4fe553,SUI,0.4886010933174871
0x063af2c2952d7799ce1eac2f1a85c7b4aa4fe553,SUSHI,0.5339283110262159
0x063af2c2952d7799ce1eac2f1a85c7b4aa4fe553,TIA,0.5287109728787759
0x063af2c2952d7799ce1eac2f1a85c7b4aa4fe553,TOKEN,0.4716839475860581
0x063af2c2952d7799ce1eac2f1a85c7b4aa4fe553,TRX,0.5264755092899308
0x063af2c2952d7799ce1eac2f1a85c7b4aa4fe553,UNI,0.528969535569251
0x063af2c2952d7799ce1eac2f1a85c7b4aa4fe553,USDT,0.5840069379562093
0x063af2c2952d7799ce1eac2f1a85c7b4aa4fe553,XLM,0.4993938236644518
0x063af2c2952d7799ce1eac2f1a85c7b4aa4fe553,XMR,0.5381955246527216
0x063af2c2952d7799ce1eac2f1a85c7b4aa4fe553,XRP,0.4939942700751533
0x063af2c2952d7799ce1eac2f1a85c7b4aa4fe553,XTZ,0.5252489875020577
0x063af2c2952d7799ce1eac2f1a85c7b4aa4fe553,XVS,0.4804574861932795
0x063af2c2952d7799ce1eac2f1a85c7b4aa4fe553,YFI,0.5465142804372289
0x0651efb6e070e659c6e030cea8d5e25b016d684e,AAVE,0.5466418352752244
0x0651efb6e070e659c6e030cea8d5e25b016d684e,ADA,0.5158095724715097
0x0651efb6e070e659c6e030cea8d5e25b016d684e,ALGO,0.5152961655988492
0x0651efb6e070e659c6e030cea8d5e25b016d684e,APE,0.5275320318367418
0x0651efb6e070e659c6e030cea8d5e25b016d684e,APT,0.5054046260267241
0x0651efb6e070e659c6e030cea8d5e25b016d684e,ATOM,0.5269022156391788
0x0651efb6e070e659c6e030cea8d5e25b016d684e,AVAX,0.5434468111459504
0x0651efb6e070e659c6e030cea8d5e25b016d684e,AXS,0.5394892008266167
0x0651efb6e070e659c6e030cea8d5e25b016d684e,BAL,0.5217349146792913
0x0651efb6e070e659c6e030cea8d5e25b016d684e,BCH,0.5582655118966514
0x0651efb6e070e659c6e030cea8d5e25b016d684e,BLUR,0.4586483684750706
0x0651efb6e070e659c6e030cea8d5e25b016d684e,BNB,0.5652605734731284
0x0651efb6e070e659c6e030cea8d5e25b016d684e,BONK,0.5311644921964681
0x0651efb6e070e659c6e030cea8d5e25b016d684e,BTC,0.5854243728756935
0x0651efb6e070e659c6e030cea8d5e25b016d684e,C98,0.4896263475465477
0x0651efb6e070e659c6e030cea8d5e25b016d684e,CAKE,0.5285808807458534
0x0651efb6e070e659c6e030cea8d5e25b016d684e,COMP,0.5598983108195374
0x0651efb6e070e659c6e030cea8d5e25b016d684e,CRV,0.4747216969439159
0x0651efb6e070e659c6e030cea8d5e25b016d684e,CVX,0.5015051219340787
0x0651efb6e070e659c6e030cea8d5e25b016d684e,DAI,0.5464424269468097
0x0651efb6e070e659c6e030cea8d5e25b016d684e,DAO,0.5363519334168908
0x0651efb6e070e659c6e030cea8d5e25b016d684e,DOGE,0.5696371272752692
0x0651efb6e070e659c6e030cea8d5e25b016d684e,DOT,0.5273699446050467
0x0651efb6e070e659c6e030cea8d5e25b016d684e,DYDX,0.4546766976065167
0x0651efb6e070e659c6e030cea8d5e25b016d684e,EOS,0.5187849655140541
0x0651efb6e070e659c6e030cea8d5e25b016d684e,ETC,0.5606487413693412
0x0651efb6e070e659c6e030cea8d5e25b016d684e,ETH,0.577705903602176
0x0651efb6e070e659c6e030cea8d5e25b016d684e,FET,0.5212471841021208
0x0651efb6e070e659c6e030cea8d5e25b016d684e,FIL,0.5424385634794575
0x0651efb6e070e659c6e030cea8d5e25b016d684e,FRAX,0.5551453921726754
0x0651efb6e070e659c6e030cea8d5e25b016d684e,FTM,0.416317518177129
0x0651efb6e070e659c6e030cea8d5e25b016d684e,FXS,0.5317421007002748
0x0651efb6e070e659c6e030cea8d5e25b016d684e,GRT,0.5108048178039258
0x0651efb6e070e659c6e030cea8d5e25b016d684e,HAI,0.5287163286985302
0x0651efb6e070e659c6e030cea8d5e25b016d684e,HERO,0.5349793632329177
0x0651efb6e070e659c6e030cea8d5e25b016d684e,ICP,0.5076206563285987
0x0651efb6e070e659c6e030cea8d5e25b016d684e,IMX,0.5294028406210033
0x0651efb6e070e659c6e030cea8d5e25b016d684e,INJ,0.5075374703917684
0x0651efb6e070e659c6e030cea8d5e25b016d684e,LDO,0.5263940603856033
0x0651efb6e070e659c6e030cea8d5e25b016d684e,LINK,0.5372868108113559
0x0651efb6e070e659c6e030cea8d5e25b016d684e,LTC,0.5480277395271648
0x0651efb6e070e659c6e030cea8d5e25b016d684e,MATIC,0.5319494015643652
0x0651efb6e070e659c6e030cea8d5e25b016d684e,MAV,0.4221887400725446
0x0651efb6e070e659c6e030cea8d5e25b016d684e,MBOX,0.5231842367941442
0x0651efb6e070e659c6e030cea8d5e25b016d684e,MKR,0.5158842110571302
0x0651efb6e070e659c6e030cea8d5e25b016d684e,MOON,0.5315950759519789
0x0651efb6e070e659c6e030cea8d5e25b016d684e,NEAR,0.499443816409546
0x0651efb6e070e659c6e030cea8d5e25b016d684e,OP,0.5169030709988979
0x0651efb6e070e659c6e030cea8d5e25b016d684e,PENDLE,0.4209387945964023
0x0651efb6e070e659c6e030cea8d5e25b016d684e,PEPE,0.5515086458173493
0x0651efb6e070e659c6e030cea8d5e25b016d684e,PERP,0.428788105338935
0x0651efb6e070e659c6e030cea8d5e25b016d684e,PIT,0.5390867895364805
0x0651efb6e070e659c6e030cea8d5e25b016d684e,POLS,0.5407850864778012
0x0651efb6e070e659c6e030cea8d5e25b016d684e,PYTH,0.5207246434367493
0x0651efb6e070e659c6e030cea8d5e25b016d684e,QUACK,0.5532419768513264
0x0651efb6e070e659c6e030cea8d5e25b016d684e,RDNT,0.5325467038759961
0x0651efb6e070e659c6e030cea8d5e25b016d684e,RNDR,0.5026233800973615
0x0651efb6e070e659c6e030cea8d5e25b016d684e,RPL,0.5157528603389864
0x0651efb6e070e659c6e030cea8d5e25b016d684e,RUNE,0.4555023778480888
0x0651efb6e070e659c6e030cea8d5e25b016d684e,SFP,0.49935881906224
0x0651efb6e070e659c6e030cea8d5e25b016d684e,SFUND,0.533408930551451
0x0651efb6e070e659c6e030cea8d5e25b016d684e,SHIB,0.5363505454049569
0x0651efb6e070e659c6e030cea8d5e25b016d684e,SOL,0.5222343899288974
0x0651efb6e070e659c6e030cea8d5e25b016d684e,STG,0.5409224402359554
0x0651efb6e070e659c6e030cea8d5e25b016d684e,SUI,0.4670694746010991
0x0651efb6e070e659c6e030cea8d5e25b016d684e,SUSHI,0.5275897418579693
0x0651efb6e070e659c6e030cea8d5e25b016d684e,TIA,0.5172962042932269
0x0651efb6e070e659c6e030cea8d5e25b016d684e,TOKEN,0.4513910444602199
0x0651efb6e070e659c6e030cea8d5e25b016d684e,TRX,0.5002768734413254
0x0651efb6e070e659c6e030cea8d5e25b016d684e,UNI,0.5379587918004376
0x0651efb6e070e659c6e030cea8d5e25b016d684e,USDT,0.5315958812550643
0x0651efb6e070e659c6e030cea8d5e25b016d684e,XLM,0.5025108767782952
0x0651efb6e070e659c6e030cea8d5e25b016d684e,XMR,0.5569717556397712
0x0651efb6e070e659c6e030cea8d5e25b016d684e,XRP,0.4745555763453362
0x0651efb6e070e659c6e030cea8d5e25b016d684e,XTZ,0.5279307655258164
0x0651efb6e070e659c6e030cea8d5e25b016d684e,XVS,0.4036875153161581
0x0651efb6e070e659c6e030cea8d5e25b016d684e,YFI,0.5702851304616526
0x0b7da83317cbea4634d96ad2f53a1d8c65f2e17a,AAVE,0.5024787
0x0b7da83317cbea4634d96ad2f53a1d8c65f2e17a,ADA,0.5099912
0x0b7da83317cbea4634d96ad2f53a1d8c65f2e17a,ALGO,0.44810545
0x0b7da83317cbea4634d96ad2f53a1d8c65f2e17a,APE,0.3803665
0x0b7da83317cbea4634d96ad2f53a1d8c65f2e17a,APT,0.6046457
0x0b7da83317cbea4634d96ad2f53a1d8c65f2e17a,ATOM,0.6558598
0x0b7da83317cbea4634d96ad2f53a1d8c65f2e17a,AVAX,0.5107403
0x0b7da83317cbea4634d96ad2f53a1d8c65f2e17a,AXS,0.4358447
0x0b7da83317cbea4634d96ad2f53a1d8c65f2e17a,BAL,0.43768466
0x0b7da83317cbea4634d96ad2f53a1d8c65f2e17a,BCH,0.4665718
0x0b7da83317cbea4634d96ad2f53a1d8c65f2e17a,BLUR,0.32284448
0x0b7da83317cbea4634d96ad2f53a1d8c65f2e17a,BNB,0.30891582
0x0b7da83317cbea4634d96ad2f53a1d8c65f2e17a,BONK,0.5196092
0x0b7da83317cbea4634d96ad2f53a1d8c65f2e17a,BTC,0.34229589
0x0b7da83317cbea4634d96ad2f53a1d8c65f2e17a,C98,0.35689738
0x0b7da83317cbea4634d96ad2f53a1d8c65f2e17a,CAKE,0.45307937
0x0b7da83317cbea4634d96ad2f53a1d8c65f2e17a,COMP,0.44862768
0x0b7da83317cbea4634d96ad2f53a1d8c65f2e17a,CRV,0.4192159
0x0b7da83317cbea4634d96ad2f53a1d8c65f2e17a,CVX,0.5573418
0x0b7da83317cbea4634d96ad2f53a1d8c65f2e17a,DAI,0.5735075
0x0b7da83317cbea4634d96ad2f53a1d8c65f2e17a,DAO,0.5483038
0x0b7da83317cbea4634d96ad2f53a1d8c65f2e17a,DOGE,0.49363768
0x0b7da83317cbea4634d96ad2f53a1d8c65f2e17a,DOT,0.5498699
0x0b7da83317cbea4634d96ad2f53a1d8c65f2e17a,DYDX,0.42110342
0x0b7da83317cbea4634d96ad2f53a1d8c65f2e17a,EOS,0.43130618
0x0b7da83317cbea4634d96ad2f53a1d8c65f2e17a,ETC,0.4523774
0x0b7da83317cbea4634d96ad2f53a1d8c65f2e17a,ETH,0.719195
0x0b7da83317cbea4634d96ad2f53a1d8c65f2e17a,FET,0.5597025
0x0b7da83317cbea4634d96ad2f53a1d8c65f2e17a,FIL,0.36912638
0x0b7da83317cbea4634d96ad2f53a1d8c65f2e17a,FRAX,0.5558748
0x0b7da83317cbea4634d96ad2f53a1d8c65f2e17a,FTM,0.22252467
0x0b7da83317cbea4634d96ad2f53a1d8c65f2e17a,FXS,0.41353506
0x0b7da83317cbea4634d96ad2f53a1d8c65f2e17a,GRT,0.3241049
0x0b7da83317cbea4634d96ad2f53a1d8c65f2e17a,HAI,0.45217478
0x0b7da83317cbea4634d96ad2f53a1d8c65f2e17a,HERO,0.44805148
0x0b7da83317cbea4634d96ad2f53a1d8c65f2e17a,ICP,0.49751925
0x0b7da83317cbea4634d96ad2f53a1d8c65f2e17a,IMX,0.4272026
0x0b7da83317cbea4634d96ad2f53a1d8c65f2e17a,INJ,0.310992
0x0b7da83317cbea4634d96ad2f53a1d8c65f2e17a,LDO,0.55775577
0x0b7da83317cbea4634d96ad2f53a1d8c65f2e17a,LINK,0.28437805
0x0b7da83317cbea4634d96ad2f53a1d8c65f2e17a,LTC,0.3858934
0x0b7da83317cbea4634d96ad2f53a1d8c65f2e17a,MATIC,0.37314725
0x0b7da83317cbea4634d96ad2f53a1d8c65f2e17a,MAV,0.34689832
0x0b7da83317cbea4634d96ad2f53a1d8c65f2e17a,MBOX,0.48761192
0x0b7da83317cbea4634d96ad2f53a1d8c65f2e17a,MKR,0.509565
0x0b7da83317cbea4634d96ad2f53a1d8c65f2e17a,MOON,0.34552294
0x0b7da83317cbea4634d96ad2f53a1d8c65f2e17a,NEAR,0.44603315
0x0b7da83317cbea4634d96ad2f53a1d8c65f2e17a,OP,0.36798364
0x0b7da83317cbea4634d96ad2f53a1d8c65f2e17a,PENDLE,0.45506227
0x0b7da83317cbea4634d96ad2f53a1d8c65f2e17a,PEPE,0.59213436
0x0b7da83317cbea4634d96ad2f53a1d8c65f2e17a,PERP,0.28966805
0x0b7da83317cbea4634d96ad2f53a1d8c65f2e17a,PIT,0.49102402
0x0b7da83317cbea4634d96ad2f53a1d8c65f2e17a,POLS,0.35402456
0x0b7da83317cbea4634d96ad2f53a1d8c65f2e17a,PYTH,0.46972793
0x0b7da83317cbea4634d96ad2f53a1d8c65f2e17a,QUACK,0.5091096
0x0b7da83317cbea4634d96ad2f53a1d8c65f2e17a,RDNT,0.558408
0x0b7da83317cbea4634d96ad2f53a1d8c65f2e17a,RNDR,0.4923219
0x0b7da83317cbea4634d96ad2f53a1d8c65f2e17a,RPL,0.57980514
0x0b7da83317cbea4634d96ad2f53a1d8c65f2e17a,RUNE,0.51160216
0x0b7da83317cbea4634d96ad2f53a1d8c65f2e17a,SFP,0.5245884
0x0b7da83317cbea4634d96ad2f53a1d8c65f2e17a,SFUND,0.45797205
0x0b7da83317cbea4634d96ad2f53a1d8c65f2e17a,SHIB,0.46779943
0x0b7da83317cbea4634d96ad2f53a1d8c65f2e17a,SOL,0.6047128
0x0b7da83317cbea4634d96ad2f53a1d8c65f2e17a,STG,0.4207366
0x0b7da83317cbea4634d96ad2f53a1d8c65f2e17a,SUI,0.4782006
0x0b7da83317cbea4634d96ad2f53a1d8c65f2e17a,SUSHI,0.44284528
0x0b7da83317cbea4634d96ad2f53a1d8c65f2e17a,TIA,0.3598731
0x0b7da83317cbea4634d96ad2f53a1d8c65f2e17a,TOKEN,0.56476927
0x0b7da83317cbea4634d96ad2f53a1d8c65f2e17a,TRX,0.5312701
0x0b7da83317cbea4634d96ad2f53a1d8c65f2e17a,UNI,0.35614443
0x0b7da83317cbea4634d96ad2f53a1d8c65f2e17a,USDT,0.57816654
0x0b7da83317cbea4634d96ad2f53a1d8c65f2e17a,XLM,0.412706
0x0b7da83317cbea4634d96ad2f53a1d8c65f2e17a,XMR,0.43260166
0x0b7da83317cbea4634d96ad2f53a1d8c65f2e17a,XRP,0.41896182
0x0b7da83317cbea4634d96ad2f53a1d8c65f2e17a,XTZ,0.4597117
0x0b7da83317cbea4634d96ad2f53a1d8c65f2e17a,XVS,0.5902062
0x0b7da83317cbea4634d96ad2f53a1d8c65f2e17a,YFI,0.47727454
0x14186932e2c83b9e2bd5d39c04265cfb4646859b,AAVE,0.48525038
0x14186932e2c83b9e2bd5d39c04265cfb4646859b,ADA,0.5377105
0x14186932e2c83b9e2bd5d39c04265cfb4646859b,ALGO,0.5231426
0x14186932e2c83b9e2bd5d39c04265cfb4646859b,APE,0.5351896
0x14186932e2c83b9e2bd5d39c04265cfb4646859b,APT,0.50007874
0x14186932e2c83b9e2bd5d39c04265cfb4646859b,ATOM,0.53728354
0x14186932e2c83b9e2bd5d39c04265cfb4646859b,AVAX,0.53575706
0x14186932e2c83b9e2bd5d39c04265cfb4646859b,AXS,0.534233
0x14186932e2c83b9e2bd5d39c04265cfb4646859b,BAL,0.53908575
0x14186932e2c83b9e2bd5d39c04265cfb4646859b,BCH,0.5447815
0x14186932e2c83b9e2bd5d39c04265cfb4646859b,BLUR,0.45631164
0x14186932e2c83b9e2bd5d39c04265cfb4646859b,BNB,0.5354006
0x14186932e2c83b9e2bd5d39c04265cfb4646859b,BONK,0.52290726
0x14186932e2c83b9e2bd5d39c04265cfb4646859b,BTC,0.5657724
0x14186932e2c83b9e2bd5d39c04265cfb4646859b,C98,0.5140233
0x14186932e2c83b9e2bd5d39c04265cfb4646859b,CAKE,0.5184928
0x14186932e2c83b9e2bd5d39c04265cfb4646859b,COMP,0.5410169
0x14186932e2c83b9e2bd5d39c04265cfb4646859b,CRV,0.46026608
0x14186932e2c83b9e2bd5d39c04265cfb4646859b,CVX,0.5049787
0x14186932e2c83b9e2bd5d39c04265cfb4646859b,DAI,0.5591155
0x14186932e2c83b9e2bd5d39c04265cfb4646859b,DAO,0.5018976
0x14186932e2c83b9e2bd5d39c04265cfb4646859b,DOGE,0.5411675
0x14186932e2c83b9e2bd5d39c04265cfb4646859b,DOT,0.53543687
0x14186932e2c83b9e2bd5d39c04265cfb4646859b,DYDX,0.48476368
0x14186932e2c83b9e2bd5d39c04265cfb4646859b,EOS,0.5370148
0x14186932e2c83b9e2bd5d39c04265cfb4646859b,ETC,0.5315636
0x14186932e2c83b9e2bd5d39c04265cfb4646859b,ETH,0.59600717
0x14186932e2c83b9e2bd5d39c04265cfb4646859b,FET,0.54143566
0x14186932e2c83b9e2bd5d39c04265cfb4646859b,FIL,0.52607894
0x14186932e2c83b9e2bd5d39c04265cfb4646859b,FRAX,0.5534151
0x14186932e2c83b9e2bd5d39c04265cfb4646859b,FTM,0.44391626
0x14186932e2c83b9e2bd5d39c04265cfb4646859b,FXS,0.51479805
0x14186932e2c83b9e2bd5d39c04265cfb4646859b,GRT,0.5139668
0x14186932e2c83b9e2bd5d39c04265cfb4646859b,HAI,0.5118957
0x14186932e2c83b9e2bd5d39c04265cfb4646859b,HERO,0.53875905
0x14186932e2c83b9e2bd5d39c04265cfb4646859b,ICP,0.5056835
0x14186932e2c83b9e2bd5d39c04265cfb4646859b,IMX,0.53076017
0x14186932e2c83b9e2bd5d39c04265cfb4646859b,INJ,0.5107227
0x14186932e2c83b9e2bd5d39c04265cfb4646859b,LDO,0.5136057
0x14186932e2c83b9e2bd5d39c04265cfb4646859b,LINK,0.5566706
0x14186932e2c83b9e2bd5d39c04265cfb4646859b,LTC,0.52474576
0x14186932e2c83b9e2bd5d39c04265cfb4646859b,MATIC,0.52542794
0x14186932e2c83b9e2bd5d39c04265cfb4646859b,MAV,0.43454754
0x14186932e2c83b9e2bd5d39c04265cfb4646859b,MBOX,0.49569935
0x14186932e2c83b9e2bd5d39c04265cfb4646859b,MKR,0.5149464
0x14186932e2c83b9e2bd5d39c04265cfb4646859b,MOON,0.5346171
0x14186932e2c83b9e2bd5d39c04265cfb4646859b,NEAR,0.5132514
0x14186932e2c83b9e2bd5d39c04265cfb4646859b,OP,0.52829516
0x14186932e2c83b9e2bd5d39c04265cfb4646859b,PENDLE,0.4715986
0x14186932e2c83b9e2bd5d39c04265cfb4646859b,PEPE,0.55114275
0x14186932e2c83b9e2bd5d39c04265cfb4646859b,PERP,0.4507747
0x14186932e2c83b9e2bd5d39c04265cfb4646859b,PIT,0.54078215
0x14186932e2c83b9e2bd5d39c04265cfb4646859b,POLS,0.5048751
0x14186932e2c83b9e2bd5d39c04265cfb4646859b,PYTH,0.50495434
0x14186932e2c83b9e2bd5d39c04265cfb4646859b,QUACK,0.53826624
0x14186932e2c83b9e2bd5d39c04265cfb4646859b,RDNT,0.52699673
0x14186932e2c83b9e2bd5d39c04265cfb4646859b,RNDR,0.5297997
0x14186932e2c83b9e2bd5d39c04265cfb4646859b,RPL,0.5132392
0x14186932e2c83b9e2bd5d39c04265cfb4646859b,RUNE,0.43654403
0x14186932e2c83b9e2bd5d39c04265cfb4646859b,SFP,0.50589997
0x14186932e2c83b9e2bd5d39c04265cfb4646859b,SFUND,0.52883875
0x14186932e2c83b9e2bd5d39c04265cfb4646859b,SHIB,0.5399044
0x14186932e2c83b9e2bd5d39c04265cfb4646859b,SOL,0.50112206
0x14186932e2c83b9e2bd5d39c04265cfb4646859b,STG,0.5149645
0x14186932e2c83b9e2bd5d39c04265cfb4646859b,SUI,0.47629157
0x14186932e2c83b9e2bd5d39c04265cfb4646859b,SUSHI,0.5349055
0x14186932e2c83b9e2bd5d39c04265cfb4646859b,TIA,0.49815223
0x14186932e2c83b9e2bd5d39c04265cfb4646859b,TOKEN,0.4593973
0x14186932e2c83b9e2bd5d39c04265cfb4646859b,TRX,0.55425334
0x14186932e2c83b9e2bd5d39c04265cfb4646859b,UNI,0.54754144
0x14186932e2c83b9e2bd5d39c04265cfb4646859b,USDT,0.5501488
0x14186932e2c83b9e2bd5d39c04265cfb4646859b,XLM,0.5241676
0x14186932e2c83b9e2bd5d39c04265cfb4646859b,XMR,0.5330819
0x14186932e2c83b9e2bd5d39c04265cfb4646859b,XRP,0.50902116
0x14186932e2c83b9e2bd5d39c04265cfb4646859b,XTZ,0.5274272
0x14186932e2c83b9e2bd5d39c04265cfb4646859b,XVS,0.48058602
0x14186932e2c83b9e2bd5d39c04265cfb4646859b,YFI,0.5414061
0x181a5bac1f070befbba81a97b68d0e788b4f9189,AAVE,0.4825977
0x181a5bac1f070befbba81a97b68d0e788b4f9189,ADA,0.51404786
0x181a5bac1f070befbba81a97b68d0e788b4f9189,ALGO,0.5139429
0x181a5bac1f070befbba81a97b68d0e788b4f9189,APE,0.5342299
0x181a5bac1f070befbba81a97b68d0e788b4f9189,APT,0.49701598
0x181a5bac1f070befbba81a97b68d0e788b4f9189,ATOM,0.5397147
0x181a5bac1f070befbba81a97b68d0e788b4f9189,AVAX,0.5225106
0x181a5bac1f070befbba81a97b68d0e788b4f9189,AXS,0.5295672
0x181a5bac1f070befbba81a97b68d0e788b4f9189,BAL,0.51599246
0x181a5bac1f070befbba81a97b68d0e788b4f9189,BCH,0.5405745
0x181a5bac1f070befbba81a97b68d0e788b4f9189,BLUR,0.47333688
0x181a5bac1f070befbba81a97b68d0e788b4f9189,BNB,0.5448397
0x181a5bac1f070befbba81a97b68d0e788b4f9189,BONK,0.5161693
0x181a5bac1f070befbba81a97b68d0e788b4f9189,BTC,0.5258393
0x181a5bac1f070befbba81a97b68d0e788b4f9189,C98,0.5041478
0x181a5bac1f070befbba81a97b68d0e788b4f9189,CAKE,0.512588
0x181a5bac1f070befbba81a97b68d0e788b4f9189,COMP,0.547067
0x181a5bac1f070befbba81a97b68d0e788b4f9189,CRV,0.4568915
0x181a5bac1f070befbba81a97b68d0e788b4f9189,CVX,0.50030327
0x181a5bac1f070befbba81a97b68d0e788b4f9189,DAI,0.54587895
0x181a5bac1f070befbba81a97b68d0e788b4f9189,DAO,0.51717967
0x181a5bac1f070befbba81a97b68d0e788b4f9189,DOGE,0.5209246
0x181a5bac1f070befbba81a97b68d0e788b4f9189,DOT,0.5307188
0x181a5bac1f070befbba81a97b68d0e788b4f9189,DYDX,0.47751725
0x181a5bac1f070befbba81a97b68d0e788b4f9189,EOS,0.5524651
0x181a5bac1f070befbba81a97b68d0e788b4f9189,ETC,0.53863966
0x181a5bac1f070befbba81a97b68d0e788b4f9189,ETH,0.5427891
0x181a5bac1f070befbba81a97b68d0e788b4f9189,FET,0.5213768
0x181a5bac1f070befbba81a97b68d0e788b4f9189,FIL,0.52845573
0x181a5bac1f070befbba81a97b68d0e788b4f9189,FRAX,0.5324524
0x181a5bac1f070befbba81a97b68d0e788b4f9189,FTM,0.43108398
0x181a5bac1f070befbba81a97b68d0e788b4f9189,FXS,0.4786022
0x181a5bac1f070befbba81a97b68d0e788b4f9189,GRT,0.49297616
0x181a5bac1f070befbba81a97b68d0e788b4f9189,HAI,0.5191886
0x181a5bac1f070befbba81a97b68d0e788b4f9189,HERO,0.5231789
0x181a5bac1f070befbba81a97b68d0e788b4f9189,ICP,0.5124826
0x181a5bac1f070befbba81a97b68d0e788b4f9189,IMX,0.5402529
0x181a5bac1f070befbba81a97b68d0e788b4f9189,INJ,0.49723643
0x181a5bac1f070befbba81a97b68d0e788b4f9189,LDO,0.52002025
0x181a5bac1f070befbba81a97b68d0e788b4f9189,LINK,0.5310197
0x181a5bac1f070befbba81a97b68d0e788b4f9189,LTC,0.5088142
0x181a5bac1f070befbba81a97b68d0e788b4f9189,MATIC,0.527564
0x181a5bac1f070befbba81a97b68d0e788b4f9189,MAV,0.46260962
0x181a5bac1f070befbba81a97b68d0e788b4f9189,MBOX,0.5250448
0x181a5bac1f070befbba81a97b68d0e788b4f9189,MKR,0.533864
0x181a5bac1f070befbba81a97b68d0e788b4f9189,MOON,0.54975426
0x181a5bac1f070befbba81a97b68d0e788b4f9189,NEAR,0.50286156
0x181a5bac1f070befbba81a97b68d0e788b4f9189,OP,0.519748
0x181a5bac1f070befbba81a97b68d0e788b4f9189,PENDLE,0.47455207
0x181a5bac1f070befbba81a97b68d0e788b4f9189,PEPE,0.51399183
0x181a5bac1f070befbba81a97b68d0e788b4f9189,PERP,0.46673697
0x181a5bac1f070befbba81a97b68d0e788b4f9189,PIT,0.53865516
0x181a5bac1f070befbba81a97b68d0e788b4f9189,POLS,0.52835417
0x181a5bac1f070befbba81a97b68d0e788b4f9189,PYTH,0.502244
0x181a5bac1f070befbba81a97b68d0e788b4f9189,QUACK,0.53649545
0x181a5bac1f070befbba81a97b68d0e788b4f9189,RDNT,0.52312386
0x181a5bac1f070befbba81a97b68d0e788b4f9189,RNDR,0.5122438
0x181a5bac1f070befbba81a97b68d0e788b4f9189,RPL,0.5192576
0x181a5bac1f070befbba81a97b68d0e788b4f9189,RUNE,0.43433338
0x181a5bac1f070befbba81a97b68d0e788b4f9189,SFP,0.50597984
0x181a5bac1f070befbba81a97b68d0e788b4f9189,SFUND,0.52632076
0x181a5bac1f070befbba81a97b68d0e788b4f9189,SHIB,0.5178557
0x181a5bac1f070befbba81a97b68d0e788b4f9189,SOL,0.5025208
0x181a5bac1f070befbba81a97b68d0e788b4f9189,STG,0.52643657
0x181a5bac1f070befbba81a97b68d0e788b4f9189,SUI,0.49787515
0x181a5bac1f070befbba81a97b68d0e788b4f9189,SUSHI,0.52182055
0x181a5bac1f070befbba81a97b68d0e788b4f9189,TIA,0.52759904
0x181a5bac1f070befbba81a97b68d0e788b4f9189,TOKEN,0.47305492
0x181a5bac1f070befbba81a97b68d0e788b4f9189,TRX,0.51231843
0x181a5bac1f070befbba81a97b68d0e788b4f9189,UNI,0.52622813
0x181a5bac1f070befbba81a97b68d0e788b4f9189,USDT,0.52799827
0x181a5bac1f070befbba81a97b68d0e788b4f9189,XLM,0.49899122
0x181a5bac1f070befbba81a97b68d0e788b4f9189,XMR,0.5349587
0x181a5bac1f070befbba81a97b68d0e788b4f9189,XRP,0.4933291
0x181a5bac1f070befbba81a97b68d0e788b4f9189,XTZ,0.51835984
0x181a5bac1f070befbba81a97b68d0e788b4f9189,XVS,0.4682984
0x181a5bac1f070befbba81a97b68d0e788b4f9189,YFI,0.5533344
0x18fbc0c8fdd7faa3f4fb72810a0c6360c1bb4bd6,AAVE,0.334529079694025
0x18fbc0c8fdd7faa3f4fb72810a0c6360c1bb4bd6,ADA,0.961872911366048
0x18fbc0c8fdd7faa3f4fb72810a0c6360c1bb4bd6,ALGO,0.979496315619458
0x18fbc0c8fdd7faa3f4fb72810a0c6360c1bb4bd6,APE,0.921542154081952
0x18fbc0c8fdd7faa3f4fb72810a0c6360c1bb4bd6,APT,0.857234867755944
0x18fbc0c8fdd7faa3f4fb72810a0c6360c1bb4bd6,ATOM,0.971533123479566
0x18fbc0c8fdd7faa3f4fb72810a0c6360c1bb4bd6,AVAX,0.992469263777691
0x18fbc0c8fdd7faa3f4fb72810a0c6360c1bb4bd6,AXS,0.956516108038189
0x18fbc0c8fdd7faa3f4fb72810a0c6360c1bb4bd6,BAL,0.823775607456431
0x18fbc0c8fdd7faa3f4fb72810a0c6360c1bb4bd6,BCH,0.8696789264022
0x18fbc0c8fdd7faa3f4fb72810a0c6360c1bb4bd6,BLUR,0.560982651436296
0x18fbc0c8fdd7faa3f4fb72810a0c6360c1bb4bd6,BNB,0.941090694307647
0x18fbc0c8fdd7faa3f4fb72810a0c6360c1bb4bd6,BONK,0.896778645025279
0x18fbc0c8fdd7faa3f4fb72810a0c6360c1bb4bd6,BTC,0.955769639692145
0x18fbc0c8fdd7faa3f4fb72810a0c6360c1bb4bd6,C98,0.753348116583328
0x18fbc0c8fdd7faa3f4fb72810a0c6360c1bb4bd6,CAKE,0.969664337524641
0x18fbc0c8fdd7faa3f4fb72810a0c6360c1bb4bd6,COMP,0.861944073523783
0x18fbc0c8fdd7faa3f4fb72810a0c6360c1bb4bd6,CRV,0.521271582459371
0x18fbc0c8fdd7faa3f4fb72810a0c6360c1bb4bd6,CVX,0.490334335220534
0x18fbc0c8fdd7faa3f4fb72810a0c6360c1bb4bd6,DAI,0.933136751115694
0x18fbc0c8fdd7faa3f4fb72810a0c6360c1bb4bd6,DAO,0.910484010808587
0x18fbc0c8fdd7faa3f4fb72810a0c6360c1bb4bd6,DOGE,0.90405639340069
0x18fbc0c8fdd7faa3f4fb72810a0c6360c1bb4bd6,DOT,0.761608195521886
0x18fbc0c8fdd7faa3f4fb72810a0c6360c1bb4bd6,DYDX,0.571771818332651
0x18fbc0c8fdd7faa3f4fb72810a0c6360c1bb4bd6,EOS,0.921217855741151
0x18fbc0c8fdd7faa3f4fb72810a0c6360c1bb4bd6,ETC,0.969722095531408
0x18fbc0c8fdd7faa3f4fb72810a0c6360c1bb4bd6,ETH,0.964272009419337
0x18fbc0c8fdd7faa3f4fb72810a0c6360c1bb4bd6,FET,0.945783535061799
0x18fbc0c8fdd7faa3f4fb72810a0c6360c1bb4bd6,FIL,0.958069958317764
0x18fbc0c8fdd7faa3f4fb72810a0c6360c1bb4bd6,FRAX,0.531333489289868
0x18fbc0c8fdd7faa3f4fb72810a0c6360c1bb4bd6,FTM,0.791177380641771
0x18fbc0c8fdd7faa3f4fb72810a0c6360c1bb4bd6,FXS,0.898433822592433
0x18fbc0c8fdd7faa3f4fb72810a0c6360c1bb4bd6,GRT,0.987588968864336
0x18fbc0c8fdd7faa3f4fb72810a0c6360c1bb4bd6,HAI,0.957880604647918
0x18fbc0c8fdd7faa3f4fb72810a0c6360c1bb4bd6,HERO,0.562182806428526
0x18fbc0c8fdd7faa3f4fb72810a0c6360c1bb4bd6,ICP,0.904202365649786
0x18fbc0c8fdd7faa3f4fb72810a0c6360c1bb4bd6,IMX,0.805047075505821
0x18fbc0c8fdd7faa3f4fb72810a0c6360c1bb4bd6,INJ,0.873154338118687
0x18fbc0c8fdd7faa3f4fb72810a0c6360c1bb4bd6,LDO,0.85685818369023
0x18fbc0c8fdd7faa3f4fb72810a0c6360c1bb4bd6,LINK,0.973335931503492
0x18fbc0c8fdd7faa3f4fb72810a0c6360c1bb4bd6,LTC,0.842129193948869
0x18fbc0c8fdd7faa3f4fb72810a0c6360c1bb4bd6,MATIC,0.931534721467146
0x18fbc0c8fdd7faa3f4fb72810a0c6360c1bb4bd6,MAV,0.540536198074502
0x18fbc0c8fdd7faa3f4fb72810a0c6360c1bb4bd6,MBOX,0.26219738826056
0x18fbc0c8fdd7faa3f4fb72810a0c6360c1bb4bd6,MKR,0.771022569438059
0x18fbc0c8fdd7faa3f4fb72810a0c6360c1bb4bd6,MOON,0.696983904884004
0x18fbc0c8fdd7faa3f4fb72810a0c6360c1bb4bd6,NEAR,0.871748816509912
0x18fbc0c8fdd7faa3f4fb72810a0c6360c1bb4bd6,OP,0.964958679116473
0x18fbc0c8fdd7faa3f4fb72810a0c6360c1bb4bd6,PENDLE,0.503743716110249
0x18fbc0c8fdd7faa3f4fb72810a0c6360c1bb4bd6,PEPE,0.991448045380427
0x18fbc0c8fdd7faa3f4fb72810a0c6360c1bb4bd6,PERP,0.628022515807263
0x18fbc0c8fdd7faa3f4fb72810a0c6360c1bb4bd6,PIT,0.556346944136614
0x18fbc0c8fdd7faa3f4fb72810a0c6360c1bb4bd6,POLS,0.363309412923038
0x18fbc0c8fdd7faa3f4fb72810a0c6360c1bb4bd6,PYTH,0.852104841459222
0x18fbc0c8fdd7faa3f4fb72810a0c6360c1bb4bd6,QUACK,0.447500414087716
0x18fbc0c8fdd7faa3f4fb72810a0c6360c1bb4bd6,RDNT,0.94028330263331
0x18fbc0c8fdd7faa3f4fb72810a0c6360c1bb4bd6,RNDR,0.982399379754584
0x18fbc0c8fdd7faa3f4fb72810a0c6360c1bb4bd6,RPL,0.950196168805424
0x18fbc0c8fdd7faa3f4fb72810a0c6360c1bb4bd6,RUNE,0.279251745706436
0x18fbc0c8fdd7faa3f4fb72810a0c6360c1bb4bd6,SFP,0.916928799422932
0x18fbc0c8fdd7faa3f4fb72810a0c6360c1bb4bd6,SFUND,0.647231584331822
0x18fbc0c8fdd7faa3f4fb72810a0c6360c1bb4bd6,SHIB,0.967288971264698
0x18fbc0c8fdd7faa3f4fb72810a0c6360c1bb4bd6,SOL,0.886993483445836
0x18fbc0c8fdd7faa3f4fb72810a0c6360c1bb4bd6,STG,0.357283678711328
0x18fbc0c8fdd7faa3f4fb72810a0c6360c1bb4bd6,SUI,0.23132912734155
0x18fbc0c8fdd7faa3f4fb72810a0c6360c1bb4bd6,SUSHI,0.927996006953588
0x18fbc0c8fdd7faa3f4fb72810a0c6360c1bb4bd6,TIA,0.559899323846199
0x18fbc0c8fdd7faa3f4fb72810a0c6360c1bb4bd6,TOKEN,0.148374584213167
0x18fbc0c8fdd7faa3f4fb72810a0c6360c1bb4bd6,TRX,0.467869545756811
0x18fbc0c8fdd7faa3f4fb72810a0c6360c1bb4bd6,UNI,0.989064081384967
0x18fbc0c8fdd7faa3f4fb72810a0c6360c1bb4bd6,USDT,0.932710671139978
0x18fbc0c8fdd7faa3f4fb72810a0c6360c1bb4bd6,XLM,0.545897525988891
0x18fbc0c8fdd7faa3f4fb72810a0c6360c1bb4bd6,XMR,0.982826226570827
0x18fbc0c8fdd7faa3f4fb72810a0c6360c1bb4bd6,XRP,0.759372964377653
0x18fbc0c8fdd7faa3f4fb72810a0c6360c1bb4bd6,XTZ,0.751247052589521
0x18fbc0c8fdd7faa3f4fb72810a0c6360c1bb4bd6,XVS,0.485888638131432
0x18fbc0c8fdd7faa3f4fb72810a0c6360c1bb4bd6,YFI,0.869527110941118
0x1be48b2b7594fe7e47701bc7e7bb83beaf84ecc0,AAVE,0.5096
0x1be48b2b7594fe7e47701bc7e7bb83beaf84ecc0,ADA,0.522083
0x1be48b2b7594fe7e47701bc7e7bb83beaf84ecc0,ALGO,0.5109035
0x1be48b2b7594fe7e47701bc7e7bb83beaf84ecc0,APE,0.5257917
0x1be48b2b7594fe7e47701bc7e7bb83beaf84ecc0,APT,0.51628697
0x1be48b2b7594fe7e47701bc7e7bb83beaf84ecc0,ATOM,0.53169835
0x1be48b2b7594fe7e47701bc7e7bb83beaf84ecc0,AVAX,0.52938616
0x1be48b2b7594fe7e47701bc7e7bb83beaf84ecc0,AXS,0.52302575
0x1be48b2b7594fe7e47701bc7e7bb83beaf84ecc0,BAL,0.5068952
0x1be48b2b7594fe7e47701bc7e7bb83beaf84ecc0,BCH,0.530475
0x1be48b2b7594fe7e47701bc7e7bb83beaf84ecc0,BLUR,0.45272008
0x1be48b2b7594fe7e47701bc7e7bb83beaf84ecc0,BNB,0.53054345
0x1be48b2b7594fe7e47701bc7e7bb83beaf84ecc0,BONK,0.5116896
0x1be48b2b7594fe7e47701bc7e7bb83beaf84ecc0,BTC,0.53667384
0x1be48b2b7594fe7e47701bc7e7bb83beaf84ecc0,C98,0.510885
0x1be48b2b7594fe7e47701bc7e7bb83beaf84ecc0,CAKE,0.50427294
0x1be48b2b7594fe7e47701bc7e7bb83beaf84ecc0,COMP,0.52561957
0x1be48b2b7594fe7e47701bc7e7bb83beaf84ecc0,CRV,0.4726996
0x1be48b2b7594fe7e47701bc7e7bb83beaf84ecc0,CVX,0.5164671
0x1be48b2b7594fe7e47701bc7e7bb83beaf84ecc0,DAI,0.53488415
0x1be48b2b7594fe7e47701bc7e7bb83beaf84ecc0,DAO,0.5211325
0x1be48b2b7594fe7e47701bc7e7bb83beaf84ecc0,DOGE,0.5225341
0x1be48b2b7594fe7e47701bc7e7bb83beaf84ecc0,DOT,0.5221904
0x1be48b2b7594fe7e47701bc7e7bb83beaf84ecc0,DYDX,0.50519687
0x1be48b2b7594fe7e47701bc7e7bb83beaf84ecc0,EOS,0.5411689
0x1be48b2b7594fe7e47701bc7e7bb83beaf84ecc0,ETC,0.5349341
0x1be48b2b7594fe7e47701bc7e7bb83beaf84ecc0,ETH,0.5401628
0x1be48b2b7594fe7e47701bc7e7bb83beaf84ecc0,FET,0.521829
0x1be48b2b7594fe7e47701bc7e7bb83beaf84ecc0,FIL,0.52366877
0x1be48b2b7594fe7e47701bc7e7bb83beaf84ecc0,FRAX,0.5654445
0x1be48b2b7594fe7e47701bc7e7bb83beaf84ecc0,FTM,0.48383632
0x1be48b2b7594fe7e47701bc7e7bb83beaf84ecc0,FXS,0.48258775
0x1be48b2b7594fe7e47701bc7e7bb83beaf84ecc0,GRT,0.5122209
0x1be48b2b7594fe7e47701bc7e7bb83beaf84ecc0,HAI,0.5225212
0x1be48b2b7594fe7e47701bc7e7bb83beaf84ecc0,HERO,0.5274033
0x1be48b2b7594fe7e47701bc7e7bb83beaf84ecc0,ICP,0.50019205
0x1be48b2b7594fe7e47701bc7e7bb83beaf84ecc0,IMX,0.52893424
0x1be48b2b7594fe7e47701bc7e7bb83beaf84ecc0,INJ,0.49885848
0x1be48b2b7594fe7e47701bc7e7bb83beaf84ecc0,LDO,0.5146006
0x1be48b2b7594fe7e47701bc7e7bb83beaf84ecc0,LINK,0.5370922
0x1be48b2b7594fe7e47701bc7e7bb83beaf84ecc0,LTC,0.5383574
0x1be48b2b7594fe7e47701bc7e7bb83beaf84ecc0,MATIC,0.53406566
0x1be48b2b7594fe7e47701bc7e7bb83beaf84ecc0,MAV,0.4297807
0x1be48b2b7594fe7e47701bc7e7bb83beaf84ecc0,MBOX,0.5099544
0x1be48b2b7594fe7e47701bc7e7bb83beaf84ecc0,MKR,0.50707567
0x1be48b2b7594fe7e47701bc7e7bb83beaf84ecc0,MOON,0.51581126
0x1be48b2b7594fe7e47701bc7e7bb83beaf84ecc0,NEAR,0.511024
0x1be48b2b7594fe7e47701bc7e7bb83beaf84ecc0,OP,0.510846
0x1be48b2b7594fe7e47701bc7e7bb83beaf84ecc0,PENDLE,0.50607234
0x1be48b2b7594fe7e47701bc7e7bb83beaf84ecc0,PEPE,0.5242703
0x1be48b2b7594fe7e47701bc7e7bb83beaf84ecc0,PERP,0.44372505
0x1be48b2b7594fe7e47701bc7e7bb83beaf84ecc0,PIT,0.5304404
0x1be48b2b7594fe7e47701bc7e7bb83beaf84ecc0,POLS,0.5267769
0x1be48b2b7594fe7e47701bc7e7bb83beaf84ecc0,PYTH,0.5043487
0x1be48b2b7594fe7e47701bc7e7bb83beaf84ecc0,QUACK,0.5286256
0x1be48b2b7594fe7e47701bc7e7bb83beaf84ecc0,RDNT,0.5071642
0x1be48b2b7594fe7e47701bc7e7bb83beaf84ecc0,RNDR,0.5140899
0x1be48b2b7594fe7e47701bc7e7bb83beaf84ecc0,RPL,0.5229173
0x1be48b2b7594fe7e47701bc7e7bb83beaf84ecc0,RUNE,0.49750608
0x1be48b2b7594fe7e47701bc7e7bb83beaf84ecc0,SFP,0.5263245
0x1be48b2b7594fe7e47701bc7e7bb83beaf84ecc0,SFUND,0.5236944
0x1be48b2b7594fe7e47701bc7e7bb83beaf84ecc0,SHIB,0.5283122
0x1be48b2b7594fe7e47701bc7e7bb83beaf84ecc0,SOL,0.4866792
0x1be48b2b7594fe7e47701bc7e7bb83beaf84ecc0,STG,0.5198906
0x1be48b2b7594fe7e47701bc7e7bb83beaf84ecc0,SUI,0.479638
0x1be48b2b7594fe7e47701bc7e7bb83beaf84ecc0,SUSHI,0.52724123
0x1be48b2b7594fe7e47701bc7e7bb83beaf84ecc0,TIA,0.5168917
0x1be48b2b7594fe7e47701bc7e7bb83beaf84ecc0,TOKEN,0.4988996
0x1be48b2b7594fe7e47701bc7e7bb83beaf84ecc0,TRX,0.5503607
0x1be48b2b7594fe7e47701bc7e7bb83beaf84ecc0,UNI,0.52883476
0x1be48b2b7594fe7e47701bc7e7bb83beaf84ecc0,USDT,0.54807246
0x1be48b2b7594fe7e47701bc7e7bb83beaf84ecc0,XLM,0.51205695
0x1be48b2b7594fe7e47701bc7e7bb83beaf84ecc0,XMR,0.5335848
0x1be48b2b7594fe7e47701bc7e7bb83beaf84ecc0,XRP,0.49798867
0x1be48b2b7594fe7e47701bc7e7bb83beaf84ecc0,XTZ,0.52287424
0x1be48b2b7594fe7e47701bc7e7bb83beaf84ecc0,XVS,0.4750468
0x1be48b2b7594fe7e47701bc7e7bb83beaf84ecc0,YFI,0.537643
0x1bfb6731ff80e75bf84bfe40a108723c5eb23d4f,AAVE,0.4719289201589945
0x1bfb6731ff80e75bf84bfe40a108723c5eb23d4f,ADA,0.5250526515545687
0x1bfb6731ff80e75bf84bfe40a108723c5eb23d4f,ALGO,0.5015207323030847
0x1bfb6731ff80e75bf84bfe40a108723c5eb23d4f,APE,0.5770304805311199
0x1bfb6731ff80e75bf84bfe40a108723c5eb23d4f,APT,0.5070454523598358
0x1bfb6731ff80e75bf84bfe40a108723c5eb23d4f,ATOM,0.577450196406823
0x1bfb6731ff80e75bf84bfe40a108723c5eb23d4f,AVAX,0.5381014248904229
0x1bfb6731ff80e75bf84bfe40a108723c5eb23d4f,AXS,0.5534617427631431
0x1bfb6731ff80e75bf84bfe40a108723c5eb23d4f,BAL,0.5489495378540286
0x1bfb6731ff80e75bf84bfe40a108723c5eb23d4f,BCH,0.5395302573120024
0x1bfb6731ff80e75bf84bfe40a108723c5eb23d4f,BLUR,0.4463146406375061
0x1bfb6731ff80e75bf84bfe40a108723c5eb23d4f,BNB,0.6128015645647608
0x1bfb6731ff80e75bf84bfe40a108723c5eb23d4f,BONK,0.5377796211714433
0x1bfb6731ff80e75bf84bfe40a108723c5eb23d4f,BTC,0.5932031025219953
0x1bfb6731ff80e75bf84bfe40a108723c5eb23d4f,C98,0.5396398267658844
0x1bfb6731ff80e75bf84bfe40a108723c5eb23d4f,CAKE,0.515817468811482
0x1bfb6731ff80e75bf84bfe40a108723c5eb23d4f,COMP,0.549637983554408
0x1bfb6731ff80e75bf84bfe40a108723c5eb23d4f,CRV,0.4906849545870224
0x1bfb6731ff80e75bf84bfe40a108723c5eb23d4f,CVX,0.5051288397868029
0x1bfb6731ff80e75bf84bfe40a108723c5eb23d4f,DAI,0.573361607321325
0x1bfb6731ff80e75bf84bfe40a108723c5eb23d4f,DAO,0.529632540181135
0x1bfb6731ff80e75bf84bfe40a108723c5eb23d4f,DOGE,0.5444145535342105
0x1bfb6731ff80e75bf84bfe40a108723c5eb23d4f,DOT,0.5384375182124486
0x1bfb6731ff80e75bf84bfe40a108723c5eb23d4f,DYDX,0.4712382006799102
0x1bfb6731ff80e75bf84bfe40a108723c5eb23d4f,EOS,0.5591926319783364
0x1bfb6731ff80e75bf84bfe40a108723c5eb23d4f,ETC,0.5404571084448074
0x1bfb6731ff80e75bf84bfe40a108723c5eb23d4f,ETH,0.6055484787774054
0x1bfb6731ff80e75bf84bfe40a108723c5eb23d4f,FET,0.5332488035390721
0x1bfb6731ff80e75bf84bfe40a108723c5eb23d4f,FIL,0.5291666192923402
0x1bfb6731ff80e75bf84bfe40a108723c5eb23d4f,FRAX,0.5322373771416863
0x1bfb6731ff80e75bf84bfe40a108723c5eb23d4f,FTM,0.4606121051496187
0x1bfb6731ff80e75bf84bfe40a108723c5eb23d4f,FXS,0.5023665091111609
0x1bfb6731ff80e75bf84bfe40a108723c5eb23d4f,GRT,0.5029358959936528
0x1bfb6731ff80e75bf84bfe40a108723c5eb23d4f,HAI,0.5453105649499916
0x1bfb6731ff80e75bf84bfe40a108723c5eb23d4f,HERO,0.5265702772576761
0x1bfb6731ff80e75bf84bfe40a108723c5eb23d4f,ICP,0.5187701362918457
0x1bfb6731ff80e75bf84bfe40a108723c5eb23d4f,IMX,0.5571314234016652
0x1bfb6731ff80e75bf84bfe40a108723c5eb23d4f,INJ,0.5293523189884956
0x1bfb6731ff80e75bf84bfe40a108723c5eb23d4f,LDO,0.5105600159029772
0x1bfb6731ff80e75bf84bfe40a108723c5eb23d4f,LINK,0.5832735028442402
0x1bfb6731ff80e75bf84bfe40a108723c5eb23d4f,LTC,0.5819710488247677
0x1bfb6731ff80e75bf84bfe40a108723c5eb23d4f,MATIC,0.5799082245968219
0x1bfb6731ff80e75bf84bfe40a108723c5eb23d4f,MAV,0.4581370327820925
0x1bfb6731ff80e75bf84bfe40a108723c5eb23d4f,MBOX,0.5063952949289905
0x1bfb6731ff80e75bf84bfe40a108723c5eb23d4f,MKR,0.4647428323460378
0x1bfb6731ff80e75bf84bfe40a108723c5eb23d4f,MOON,0.5511681669361831
0x1bfb6731ff80e75bf84bfe40a108723c5eb23d4f,NEAR,0.5023019904956755
0x1bfb6731ff80e75bf84bfe40a108723c5eb23d4f,OP,0.5187437328941921
0x1bfb6731ff80e75bf84bfe40a108723c5eb23d4f,PENDLE,0.5043051405674929
0x1bfb6731ff80e75bf84bfe40a108723c5eb23d4f,PEPE,0.5398277979496298
0x1bfb6731ff80e75bf84bfe40a108723c5eb23d4f,PERP,0.4309286101957453
0x1bfb6731ff80e75bf84bfe40a108723c5eb23d4f,PIT,0.539774837797051
0x1bfb6731ff80e75bf84bfe40a108723c5eb23d4f,POLS,0.5271101130557218
0x1bfb6731ff80e75bf84bfe40a108723c5eb23d4f,PYTH,0.4973978415490142
0x1bfb6731ff80e75bf84bfe40a108723c5eb23d4f,QUACK,0.5259125473530293
0x1bfb6731ff80e75bf84bfe40a108723c5eb23d4f,RDNT,0.5113757208899772
0x1bfb6731ff80e75bf84bfe40a108723c5eb23d4f,RNDR,0.5531049021897119
0x1bfb6731ff80e75bf84bfe40a108723c5eb23d4f,RPL,0.5212078956741999
0x1bfb6731ff80e75bf84bfe40a108723c5eb23d4f,RUNE,0.4090853315948551
0x1bfb6731ff80e75bf84bfe40a108723c5eb23d4f,SFP,0.5478498014424278
0x1bfb6731ff80e75bf84bfe40a108723c5eb23d4f,SFUND,0.52596338767463
0x1bfb6731ff80e75bf84bfe40a108723c5eb23d4f,SHIB,0.5320364397074278
0x1bfb6731ff80e75bf84bfe40a108723c5eb23d4f,SOL,0.5444426097909804
0x1bfb6731ff80e75bf84bfe40a108723c5eb23d4f,STG,0.4993847606069231
0x1bfb6731ff80e75bf84bfe40a108723c5eb23d4f,SUI,0.4483012595835344
0x1bfb6731ff80e75bf84bfe40a108723c5eb23d4f,SUSHI,0.5383345224869224
0x1bfb6731ff80e75bf84bfe40a108723c5eb23d4f,TIA,0.4814980466297318
0x1bfb6731ff80e75bf84bfe40a108723c5eb23d4f,TOKEN,0.4783590893424553
0x1bfb6731ff80e75bf84bfe40a108723c5eb23d4f,TRX,0.5973373498932053
0x1bfb6731ff80e75bf84bfe40a108723c5eb23d4f,UNI,0.562427391691902
0x1bfb6731ff80e75bf84bfe40a108723c5eb23d4f,USDT,0.5995605487666086
0x1bfb6731ff80e75bf84bfe40a108723c5eb23d4f,XLM,0.5439508966602091
0x1bfb6731ff80e75bf84bfe40a108723c5eb23d4f,XMR,0.5501148267984717
0x1bfb6731ff80e75bf84bfe40a108723c5eb23d4f,XRP,0.5127765320336231
0x1bfb6731ff80e75bf84bfe40a108723c5eb23d4f,XTZ,0.5394830258209408
0x1bfb6731ff80e75bf84bfe40a108723c5eb23d4f,XVS,0.460964328006912
0x1bfb6731ff80e75bf84bfe40a108723c5eb23d4f,YFI,0.562292137418425
0x1db8ac96d2ca3ce9b981a04c98bdcbc1b19cc11d,AAVE,0.4495371
0x1db8ac96d2ca3ce9b981a04c98bdcbc1b19cc11d,ADA,0.5517498
0x1db8ac96d2ca3ce9b981a04c98bdcbc1b19cc11d,ALGO,0.5198379
0x1db8ac96d2ca3ce9b981a04c98bdcbc1b19cc11d,APE,0.5343228
0x1db8ac96d2ca3ce9b981a04c98bdcbc1b19cc11d,APT,0.5011123
0x1db8ac96d2ca3ce9b981a04c98bdcbc1b19cc11d,ATOM,0.55094475
0x1db8ac96d2ca3ce9b981a04c98bdcbc1b19cc11d,AVAX,0.543231
0x1db8ac96d2ca3ce9b981a04c98bdcbc1b19cc11d,AXS,0.5248121
0x1db8ac96d2ca3ce9b981a04c98bdcbc1b19cc11d,BAL,0.55119735
0x1db8ac96d2ca3ce9b981a04c98bdcbc1b19cc11d,BCH,0.5914691
0x1db8ac96d2ca3ce9b981a04c98bdcbc1b19cc11d,BLUR,0.4426296
0x1db8ac96d2ca3ce9b981a04c98bdcbc1b19cc11d,BNB,0.51863444
0x1db8ac96d2ca3ce9b981a04c98bdcbc1b19cc11d,BONK,0.53473896
0x1db8ac96d2ca3ce9b981a04c98bdcbc1b19cc11d,BTC,0.6247403
0x1db8ac96d2ca3ce9b981a04c98bdcbc1b19cc11d,C98,0.5032657
0x1db8ac96d2ca3ce9b981a04c98bdcbc1b19cc11d,CAKE,0.53228
0x1db8ac96d2ca3ce9b981a04c98bdcbc1b19cc11d,COMP,0.529457
0x1db8ac96d2ca3ce9b981a04c98bdcbc1b19cc11d,CRV,0.5023208
0x1db8ac96d2ca3ce9b981a04c98bdcbc1b19cc11d,CVX,0.47642335
0x1db8ac96d2ca3ce9b981a04c98bdcbc1b19cc11d,DAI,0.5458163
0x1db8ac96d2ca3ce9b981a04c98bdcbc1b19cc11d,DAO,0.51068884
0x1db8ac96d2ca3ce9b981a04c98bdcbc1b19cc11d,DOGE,0.5479151
0x1db8ac96d2ca3ce9b981a04c98bdcbc1b19cc11d,DOT,0.5592173
0x1db8ac96d2ca3ce9b981a04c98bdcbc1b19cc11d,DYDX,0.49161896
0x1db8ac96d2ca3ce9b981a04c98bdcbc1b19cc11d,EOS,0.5401616
0x1db8ac96d2ca3ce9b981a04c98bdcbc1b19cc11d,ETC,0.56584245
0x1db8ac96d2ca3ce9b981a04c98bdcbc1b19cc11d,ETH,0.5871513
0x1db8ac96d2ca3ce9b981a04c98bdcbc1b19cc11d,FET,0.53796494
0x1db8ac96d2ca3ce9b981a04c98bdcbc1b19cc11d,FIL,0.5166196
0x1db8ac96d2ca3ce9b981a04c98bdcbc1b19cc11d,FRAX,0.51802695
0x1db8ac96d2ca3ce9b981a04c98bdcbc1b19cc11d,FTM,0.41095054
0x1db8ac96d2ca3ce9b981a04c98bdcbc1b19cc11d,FXS,0.51585644
0x1db8ac96d2ca3ce9b981a04c98bdcbc1b19cc11d,GRT,0.5252267
0x1db8ac96d2ca3ce9b981a04c98bdcbc1b19cc11d,HAI,0.5065672
0x1db8ac96d2ca3ce9b981a04c98bdcbc1b19cc11d,HERO,0.50677985
0x1db8ac96d2ca3ce9b981a04c98bdcbc1b19cc11d,ICP,0.4888393
0x1db8ac96d2ca3ce9b981a04c98bdcbc1b19cc11d,IMX,0.5313858
0x1db8ac96d2ca3ce9b981a04c98bdcbc1b19cc11d,INJ,0.515094
0x1db8ac96d2ca3ce9b981a04c98bdcbc1b19cc11d,LDO,0.5051181
0x1db8ac96d2ca3ce9b981a04c98bdcbc1b19cc11d,LINK,0.5775111
0x1db8ac96d2ca3ce9b981a04c98bdcbc1b19cc11d,LTC,0.5251794
0x1db8ac96d2ca3ce9b981a04c98bdcbc1b19cc11d,MATIC,0.56550604
0x1db8ac96d2ca3ce9b981a04c98bdcbc1b19cc11d,MAV,0.46887082
0x1db8ac96d2ca3ce9b981a04c98bdcbc1b19cc11d,MBOX,0.50897044
0x1db8ac96d2ca3ce9b981a04c98bdcbc1b19cc11d,MKR,0.49403766
0x1db8ac96d2ca3ce9b981a04c98bdcbc1b19cc11d,MOON,0.5468582
0x1db8ac96d2ca3ce9b981a04c98bdcbc1b19cc11d,NEAR,0.4632137
0x1db8ac96d2ca3ce9b981a04c98bdcbc1b19cc11d,OP,0.5232866
0x1db8ac96d2ca3ce9b981a04c98bdcbc1b19cc11d,PENDLE,0.46905625
0x1db8ac96d2ca3ce9b981a04c98bdcbc1b19cc11d,PEPE,0.5396005
0x1db8ac96d2ca3ce9b981a04c98bdcbc1b19cc11d,PERP,0.39404824
0x1db8ac96d2ca3ce9b981a04c98bdcbc1b19cc11d,PIT,0.54616493
0x1db8ac96d2ca3ce9b981a04c98bdcbc1b19cc11d,POLS,0.5407191
0x1db8ac96d2ca3ce9b981a04c98bdcbc1b19cc11d,PYTH,0.51338196
0x1db8ac96d2ca3ce9b981a04c98bdcbc1b19cc11d,QUACK,0.534021
0x1db8ac96d2ca3ce9b981a04c98bdcbc1b19cc11d,RDNT,0.52328646
0x1db8ac96d2ca3ce9b981a04c98bdcbc1b19cc11d,RNDR,0.56383646
0x1db8ac96d2ca3ce9b981a04c98bdcbc1b19cc11d,RPL,0.52373534
0x1db8ac96d2ca3ce9b981a04c98bdcbc1b19cc11d,RUNE,0.45515195
0x1db8ac96d2ca3ce9b981a04c98bdcbc1b19cc11d,SFP,0.5131758
0x1db8ac96d2ca3ce9b981a04c98bdcbc1b19cc11d,SFUND,0.5169095
0x1db8ac96d2ca3ce9b981a04c98bdcbc1b19cc11d,SHIB,0.5641105
0x1db8ac96d2ca3ce9b981a04c98bdcbc1b19cc11d,SOL,0.5254041
0x1db8ac96d2ca3ce9b981a04c98bdcbc1b19cc11d,STG,0.51518923
0x1db8ac96d2ca3ce9b981a04c98bdcbc1b19cc11d,SUI,0.45975637
0x1db8ac96d2ca3ce9b981a04c98bdcbc1b19cc11d,SUSHI,0.5417877
0x1db8ac96d2ca3ce9b981a04c98bdcbc1b19cc11d,TIA,0.53801036
0x1db8ac96d2ca3ce9b981a04c98bdcbc1b19cc11d,TOKEN,0.46169838
0x1db8ac96d2ca3ce9b981a04c98bdcbc1b19cc11d,TRX,0.5428789
0x1db8ac96d2ca3ce9b981a04c98bdcbc1b19cc11d,UNI,0.5421721
0x1db8ac96d2ca3ce9b981a04c98bdcbc1b19cc11d,USDT,0.5323423
0x1db8ac96d2ca3ce9b981a04c98bdcbc1b19cc11d,XLM,0.5254296
0x1db8ac96d2ca3ce9b981a04c98bdcbc1b19cc11d,XMR,0.5324059
0x1db8ac96d2ca3ce9b981a04c98bdcbc1b19cc11d,XRP,0.5304716
0x1db8ac96d2ca3ce9b981a04c98bdcbc1b19cc11d,XTZ,0.51172864
0x1db8ac96d2ca3ce9b981a04c98bdcbc1b19cc11d,XVS,0.47859848
0x1db8ac96d2ca3ce9b981a04c98bdcbc1b19cc11d,YFI,0.5351362
0x1ddbf0ae77f367e99e38398d9694d8ea86d003f3,AAVE,0.4699497203090403
0x1ddbf0ae77f367e99e38398d9694d8ea86d003f3,ADA,0.5133746586035909
0x1ddbf0ae77f367e99e38398d9694d8ea86d003f3,ALGO,0.5138465650944694
0x1ddbf0ae77f367e99e38398d9694d8ea86d003f3,APE,0.5470725131524278
0x1ddbf0ae77f367e99e38398d9694d8ea86d003f3,APT,0.5311872325171525
0x1ddbf0ae77f367e99e38398d9694d8ea86d003f3,ATOM,0.5290508641809547
0x1ddbf0ae77f367e99e38398d9694d8ea86d003f3,AVAX,0.5427716327823351
0x1ddbf0ae77f367e99e38398d9694d8ea86d003f3,AXS,0.5299295305211544
0x1ddbf0ae77f367e99e38398d9694d8ea86d003f3,BAL,0.535804211166016
0x1ddbf0ae77f367e99e38398d9694d8ea86d003f3,BCH,0.5291172236242977
0x1ddbf0ae77f367e99e38398d9694d8ea86d003f3,BLUR,0.4918350361223212
0x1ddbf0ae77f367e99e38398d9694d8ea86d003f3,BNB,0.5545157698323226
0x1ddbf0ae77f367e99e38398d9694d8ea86d003f3,BONK,0.4334959634795009
0x1ddbf0ae77f367e99e38398d9694d8ea86d003f3,BTC,0.5778369123598616
0x1ddbf0ae77f367e99e38398d9694d8ea86d003f3,C98,0.5183343853861261
0x1ddbf0ae77f367e99e38398d9694d8ea86d003f3,CAKE,0.5374427844299235
0x1ddbf0ae77f367e99e38398d9694d8ea86d003f3,COMP,0.5375990199604794
0x1ddbf0ae77f367e99e38398d9694d8ea86d003f3,CRV,0.517910035961622
0x1ddbf0ae77f367e99e38398d9694d8ea86d003f3,CVX,0.4327227899205164
0x1ddbf0ae77f367e99e38398d9694d8ea86d003f3,DAI,0.5578506016887169
0x1ddbf0ae77f367e99e38398d9694d8ea86d003f3,DAO,0.5227188877256391
0x1ddbf0ae77f367e99e38398d9694d8ea86d003f3,DOGE,0.5358412916635534
0x1ddbf0ae77f367e99e38398d9694d8ea86d003f3,DOT,0.5340305885667251
0x1ddbf0ae77f367e99e38398d9694d8ea86d003f3,DYDX,0.50799426522398
0x1ddbf0ae77f367e99e38398d9694d8ea86d003f3,EOS,0.5343923018312798
0x1ddbf0ae77f367e99e38398d9694d8ea86d003f3,ETC,0.5631230809588271
0x1ddbf0ae77f367e99e38398d9694d8ea86d003f3,ETH,0.5352986818504568
0x1ddbf0ae77f367e99e38398d9694d8ea86d003f3,FET,0.5138878828017928
0x1ddbf0ae77f367e99e38398d9694d8ea86d003f3,FIL,0.5211808604376104
0x1ddbf0ae77f367e99e38398d9694d8ea86d003f3,FRAX,0.5495881902775361
0x1ddbf0ae77f367e99e38398d9694d8ea86d003f3,FTM,0.5271028931231856
0x1ddbf0ae77f367e99e38398d9694d8ea86d003f3,FXS,0.5106491550060496
0x1ddbf0ae77f367e99e38398d9694d8ea86d003f3,GRT,0.5326226955734993
0x1ddbf0ae77f367e99e38398d9694d8ea86d003f3,HAI,0.5145229426330217
0x1ddbf0ae77f367e99e38398d9694d8ea86d003f3,HERO,0.52397072674757
0x1ddbf0ae77f367e99e38398d9694d8ea86d003f3,ICP,0.5192438513678703
0x1ddbf0ae77f367e99e38398d9694d8ea86d003f3,IMX,0.5216794919734749
0x1ddbf0ae77f367e99e38398d9694d8ea86d003f3,INJ,0.5054521007473274
0x1ddbf0ae77f367e99e38398d9694d8ea86d003f3,LDO,0.5031152217935211
0x1ddbf0ae77f367e99e38398d9694d8ea86d003f3,LINK,0.5417817065375791
0x1ddbf0ae77f367e99e38398d9694d8ea86d003f3,LTC,0.5501034626553672
0x1ddbf0ae77f367e99e38398d9694d8ea86d003f3,MATIC,0.5451503993184527
0x1ddbf0ae77f367e99e38398d9694d8ea86d003f3,MAV,0.4920050682422306
0x1ddbf0ae77f367e99e38398d9694d8ea86d003f3,MBOX,0.5304496198507197
0x1ddbf0ae77f367e99e38398d9694d8ea86d003f3,MKR,0.4945051559129426
0x1ddbf0ae77f367e99e38398d9694d8ea86d003f3,MOON,0.4961538728526445
0x1ddbf0ae77f367e99e38398d9694d8ea86d003f3,NEAR,0.5048587665682144
0x1ddbf0ae77f367e99e38398d9694d8ea86d003f3,OP,0.5349144283082592
0x1ddbf0ae77f367e99e38398d9694d8ea86d003f3,PENDLE,0.5305077515509784
0x1ddbf0ae77f367e99e38398d9694d8ea86d003f3,PEPE,0.4756276650081807
0x1ddbf0ae77f367e99e38398d9694d8ea86d003f3,PERP,0.5292451711586023
0x1ddbf0ae77f367e99e38398d9694d8ea86d003f3,PIT,0.501514174793418
0x1ddbf0ae77f367e99e38398d9694d8ea86d003f3,POLS,0.5050523905391752
0x1ddbf0ae77f367e99e38398d9694d8ea86d003f3,PYTH,0.5093865945975372
0x1ddbf0ae77f367e99e38398d9694d8ea86d003f3,QUACK,0.5304584894722223
0x1ddbf0ae77f367e99e38398d9694d8ea86d003f3,RDNT,0.4571196516815432
0x1ddbf0ae77f367e99e38398d9694d8ea86d003f3,RNDR,0.5501130476619857
0x1ddbf0ae77f367e99e38398d9694d8ea86d003f3,RPL,0.4895023781997852
0x1ddbf0ae77f367e99e38398d9694d8ea86d003f3,RUNE,0.5161877905582831
0x1ddbf0ae77f367e99e38398d9694d8ea86d003f3,SFP,0.5111346865129374
0x1ddbf0ae77f367e99e38398d9694d8ea86d003f3,SFUND,0.507669065770355
0x1ddbf0ae77f367e99e38398d9694d8ea86d003f3,SHIB,0.533172748936013
0x1ddbf0ae77f367e99e38398d9694d8ea86d003f3,SOL,0.5292929027077056
0x1ddbf0ae77f367e99e38398d9694d8ea86d003f3,STG,0.5319145515567024
0x1ddbf0ae77f367e99e38398d9694d8ea86d003f3,SUI,0.5260554337168537
0x1ddbf0ae77f367e99e38398d9694d8ea86d003f3,SUSHI,0.5442119178161321
0x1ddbf0ae77f367e99e38398d9694d8ea86d003f3,TIA,0.55864351666252
0x1ddbf0ae77f367e99e38398d9694d8ea86d003f3,TOKEN,0.5155298568755761
0x1ddbf0ae77f367e99e38398d9694d8ea86d003f3,TRX,0.5596948892009376
0x1ddbf0ae77f367e99e38398d9694d8ea86d003f3,UNI,0.5127978257760805
0x1ddbf0ae77f367e99e38398d9694d8ea86d003f3,USDT,0.565997720029048
0x1ddbf0ae77f367e99e38398d9694d8ea86d003f3,XLM,0.5233988252412383
0x1ddbf0ae77f367e99e38398d9694d8ea86d003f3,XMR,0.5187004684195833
0x1ddbf0ae77f367e99e38398d9694d8ea86d003f3,XRP,0.503775223113263
0x1ddbf0ae77f367e99e38398d9694d8ea86d003f3,XTZ,0.5043192213648939
0x1ddbf0ae77f367e99e38398d9694d8ea86d003f3,XVS,0.5116557760674536
0x1ddbf0ae77f367e99e38398d9694d8ea86d003f3,YFI,0.5361376452026023
0x1e2e7903fb871f38362a8760871d1648eaa12536,AAVE,0.0016650016650016
0x1e2e7903fb871f38362a8760871d1648eaa12536,ADA,0.0179820179820179
0x1e2e7903fb871f38362a8760871d1648eaa12536,ALGO,0.0136530136530136
0x1e2e7903fb871f38362a8760871d1648eaa12536,APE,0.0229770229770229
0x1e2e7903fb871f38362a8760871d1648eaa12536,APT,0.0059940059940059
0x1e2e7903fb871f38362a8760871d1648eaa12536,ATOM,0.0206460206460206
0x1e2e7903fb871f38362a8760871d1648eaa12536,AVAX,0.0146520146520146
0x1e2e7903fb871f38362a8760871d1648eaa12536,AXS,0.0236430236430236
0x1e2e7903fb871f38362a8760871d1648eaa12536,BAL,0.0156510156510156
0x1e2e7903fb871f38362a8760871d1648eaa12536,BCH,0.0209790209790209
0x1e2e7903fb871f38362a8760871d1648eaa12536,BLUR,0.0006660006660006
0x1e2e7903fb871f38362a8760871d1648eaa12536,BNB,0.0093240093240093
0x1e2e7903fb871f38362a8760871d1648eaa12536,BONK,0.0099900099900099
0x1e2e7903fb871f38362a8760871d1648eaa12536,BTC,0.0226440226440226
0x1e2e7903fb871f38362a8760871d1648eaa12536,C98,0.0073260073260073
0x1e2e7903fb871f38362a8760871d1648eaa12536,CAKE,0.0163170163170163
0x1e2e7903fb871f38362a8760871d1648eaa12536,COMP,0.0173160173160173
0x1e2e7903fb871f38362a8760871d1648eaa12536,CRV,0.0036630036630036
0x1e2e7903fb871f38362a8760871d1648eaa12536,CVX,0.0056610056610056
0x1e2e7903fb871f38362a8760871d1648eaa12536,DAI,0.0153180153180153
0x1e2e7903fb871f38362a8760871d1648eaa12536,DAO,0.0176490176490176
0x1e2e7903fb871f38362a8760871d1648eaa12536,DOGE,0.0193140193140193
0x1e2e7903fb871f38362a8760871d1648eaa12536,DOT,0.0086580086580086
0x1e2e7903fb871f38362a8760871d1648eaa12536,DYDX,0.0026640026640026
0x1e2e7903fb871f38362a8760871d1648eaa12536,EOS,0.0196470196470196
0x1e2e7903fb871f38362a8760871d1648eaa12536,ETC,0.0243090243090243
0x1e2e7903fb871f38362a8760871d1648eaa12536,ETH,0.0256410256410256
0x1e2e7903fb871f38362a8760871d1648eaa12536,FET,0.0186480186480186
0x1e2e7903fb871f38362a8760871d1648eaa12536,FIL,0.0189810189810189
0x1e2e7903fb871f38362a8760871d1648eaa12536,FRAX,0.0096570096570096
0x1e2e7903fb871f38362a8760871d1648eaa12536,FTM,0.0033300033300033
0x1e2e7903fb871f38362a8760871d1648eaa12536,FXS,0.0043290043290043
0x1e2e7903fb871f38362a8760871d1648eaa12536,GRT,0.0129870129870129
0x1e2e7903fb871f38362a8760871d1648eaa12536,HAI,0.0089910089910089
0x1e2e7903fb871f38362a8760871d1648eaa12536,HERO,0.0119880119880119
0x1e2e7903fb871f38362a8760871d1648eaa12536,ICP,0.0069930069930069
0x1e2e7903fb871f38362a8760871d1648eaa12536,IMX,0.0199800199800199
0x1e2e7903fb871f38362a8760871d1648eaa12536,INJ,0.0066600066600066
0x1e2e7903fb871f38362a8760871d1648eaa12536,LDO,0.0109890109890109
0x1e2e7903fb871f38362a8760871d1648eaa12536,LINK,0.0249750249750249
0x1e2e7903fb871f38362a8760871d1648eaa12536,LTC,0.0106560106560106
0x1e2e7903fb871f38362a8760871d1648eaa12536,MATIC,0.0216450216450216
0x1e2e7903fb871f38362a8760871d1648eaa12536,MAV,0.0023310023310023
0x1e2e7903fb871f38362a8760871d1648eaa12536,MBOX,0.0113220113220113
0x1e2e7903fb871f38362a8760871d1648eaa12536,MKR,0.0039960039960039
0x1e2e7903fb871f38362a8760871d1648eaa12536,MOON,0.0159840159840159
0x1e2e7903fb871f38362a8760871d1648eaa12536,NEAR,0.0103230103230103
0x1e2e7903fb871f38362a8760871d1648eaa12536,OP,0.0149850149850149
0x1e2e7903fb871f38362a8760871d1648eaa12536,PENDLE,0.0003330003330003
0x1e2e7903fb871f38362a8760871d1648eaa12536,PEPE,0.0219780219780219
0x1e2e7903fb871f38362a8760871d1648eaa12536,PERP,0.0013320013320013
0x1e2e7903fb871f38362a8760871d1648eaa12536,PIT,0.0253080253080252
0x1e2e7903fb871f38362a8760871d1648eaa12536,POLS,0.0169830169830169
0x1e2e7903fb871f38362a8760871d1648eaa12536,PYTH,0.0049950049950049
0x1e2e7903fb871f38362a8760871d1648eaa12536,QUACK,0.0233100233100233
0x1e2e7903fb871f38362a8760871d1648eaa12536,RDNT,0.0213120213120213
0x1e2e7903fb871f38362a8760871d1648eaa12536,RNDR,0.0083250083250083
0x1e2e7903fb871f38362a8760871d1648eaa12536,RPL,0.0143190143190143
0x1e2e7903fb871f38362a8760871d1648eaa12536,RUNE,0.0046620046620046
0x1e2e7903fb871f38362a8760871d1648eaa12536,SFP,0.0063270063270063
0x1e2e7903fb871f38362a8760871d1648eaa12536,SFUND,0.0183150183150183
0x1e2e7903fb871f38362a8760871d1648eaa12536,SHIB,0.0239760239760239
0x1e2e7903fb871f38362a8760871d1648eaa12536,SOL,0.0076590076590076
0x1e2e7903fb871f38362a8760871d1648eaa12536,STG,0.0116550116550116
0x1e2e7903fb871f38362a8760871d1648eaa12536,SUI,0.0009990009990009
0x1e2e7903fb871f38362a8760871d1648eaa12536,SUSHI,0.0246420246420246
0x1e2e7903fb871f38362a8760871d1648eaa12536,TIA,0.0126540126540126
0x1e2e7903fb871f38362a8760871d1648eaa12536,TOKEN,0.0029970029970029
0x1e2e7903fb871f38362a8760871d1648eaa12536,TRX,0.0139860139860139
0x1e2e7903fb871f38362a8760871d1648eaa12536,UNI,0.0223110223110223
0x1e2e7903fb871f38362a8760871d1648eaa12536,USDT,0.0203130203130203
0x1e2e7903fb871f38362a8760871d1648eaa12536,XLM,0.0053280053280053
0x1e2e7903fb871f38362a8760871d1648eaa12536,XMR,0.0133200133200133
0x1e2e7903fb871f38362a8760871d1648eaa12536,XRP,0.0079920079920079
0x1e2e7903fb871f38362a8760871d1648eaa12536,XTZ,0.0123210123210123
0x1e2e7903fb871f38362a8760871d1648eaa12536,XVS,0.0019980019980019
0x1e2e7903fb871f38362a8760871d1648eaa12536,YFI,0.0166500166500166
0x2b23c36232eac432433a919aedd9a169031661c2,AAVE,0.4622362313597635
0x2b23c36232eac432433a919aedd9a169031661c2,ADA,0.6050563939740708
0x2b23c36232eac432433a919aedd9a169031661c2,ALGO,0.5320570166418058
0x2b23c36232eac432433a919aedd9a169031661c2,APE,0.5594808634966633
0x2b23c36232eac432433a919aedd9a169031661c2,APT,0.4778106986320205
0x2b23c36232eac432433a919aedd9a169031661c2,ATOM,0.5757706896309103
0x2b23c36232eac432433a919aedd9a169031661c2,AVAX,0.5645497977336487
0x2b23c36232eac432433a919aedd9a169031661c2,AXS,0.5361928339069298
0x2b23c36232eac432433a919aedd9a169031661c2,BAL,0.5361961481750017
0x2b23c36232eac432433a919aedd9a169031661c2,BCH,0.5906675611444677
0x2b23c36232eac432433a919aedd9a169031661c2,BLUR,0.4453930852264949
0x2b23c36232eac432433a919aedd9a169031661c2,BNB,0.5619233134440363
0x2b23c36232eac432433a919aedd9a169031661c2,BONK,0.5416672546745895
0x2b23c36232eac432433a919aedd9a169031661c2,BTC,0.6227966821498775
0x2b23c36232eac432433a919aedd9a169031661c2,C98,0.5049104309835424
0x2b23c36232eac432433a919aedd9a169031661c2,CAKE,0.493580140788163
0x2b23c36232eac432433a919aedd9a169031661c2,COMP,0.5439234468978963
0x2b23c36232eac432433a919aedd9a169031661c2,CRV,0.5142982348867736
0x2b23c36232eac432433a919aedd9a169031661c2,CVX,0.5111407003365368
0x2b23c36232eac432433a919aedd9a169031661c2,DAI,0.5907249827321119
0x2b23c36232eac432433a919aedd9a169031661c2,DAO,0.5517410526586993
0x2b23c36232eac432433a919aedd9a169031661c2,DOGE,0.5747632963916605
0x2b23c36232eac432433a919aedd9a169031661c2,DOT,0.541829463009533
0x2b23c36232eac432433a919aedd9a169031661c2,DYDX,0.46143271563916
0x2b23c36232eac432433a919aedd9a169031661c2,EOS,0.5617503883202792
0x2b23c36232eac432433a919aedd9a169031661c2,ETC,0.5594651027606087
0x2b23c36232eac432433a919aedd9a169031661c2,ETH,0.5935062145167
0x2b23c36232eac432433a919aedd9a169031661c2,FET,0.5485497725997007
0x2b23c36232eac432433a919aedd9a169031661c2,FIL,0.5195011532756564
0x2b23c36232eac432433a919aedd9a169031661c2,FRAX,0.562809587401644
0x2b23c36232eac432433a919aedd9a169031661c2,FTM,0.4524435554484202
0x2b23c36232eac432433a919aedd9a169031661c2,FXS,0.4643322586038487
0x2b23c36232eac432433a919aedd9a169031661c2,GRT,0.4960354520152738
0x2b23c36232eac432433a919aedd9a169031661c2,HAI,0.538310270242635
0x2b23c36232eac432433a919aedd9a169031661c2,HERO,0.5324277059725412
0x2b23c36232eac432433a919aedd9a169031661c2,ICP,0.4967198475994402
0x2b23c36232eac432433a919aedd9a169031661c2,IMX,0.5287795056028344
0x2b23c36232eac432433a919aedd9a169031661c2,INJ,0.5244595887405773
0x2b23c36232eac432433a919aedd9a169031661c2,LDO,0.5395667598159631
0x2b23c36232eac432433a919aedd9a169031661c2,LINK,0.6410100011394779
0x2b23c36232eac432433a919aedd9a169031661c2,LTC,0.5949440127902984
0x2b23c36232eac432433a919aedd9a169031661c2,MATIC,0.5626464554417093
0x2b23c36232eac432433a919aedd9a169031661c2,MAV,0.4520928102218898
0x2b23c36232eac432433a919aedd9a169031661c2,MBOX,0.4939350877103257
0x2b23c36232eac432433a919aedd9a169031661c2,MKR,0.4730879055034293
0x2b23c36232eac432433a919aedd9a169031661c2,MOON,0.55068455665581
0x2b23c36232eac432433a919aedd9a169031661c2,NEAR,0.5170885232759471
0x2b23c36232eac432433a919aedd9a169031661c2,OP,0.5922028910483859
0x2b23c36232eac432433a919aedd9a169031661c2,PENDLE,0.5127353734551799
0x2b23c36232eac432433a919aedd9a169031661c2,PEPE,0.5589607330629454
0x2b23c36232eac432433a919aedd9a169031661c2,PERP,0.4318979674486221
0x2b23c36232eac432433a919aedd9a169031661c2,PIT,0.5700511727429842
0x2b23c36232eac432433a919aedd9a169031661c2,POLS,0.5275528302714395
0x2b23c36232eac432433a919aedd9a169031661c2,PYTH,0.5039118229203889
0x2b23c36232eac432433a919aedd9a169031661c2,QUACK,0.5514854614728721
0x2b23c36232eac432433a919aedd9a169031661c2,RDNT,0.5030958959317331
0x2b23c36232eac432433a919aedd9a169031661c2,RNDR,0.5355675631142118
0x2b23c36232eac432433a919aedd9a169031661c2,RPL,0.4987031820583504
0x2b23c36232eac432433a919aedd9a169031661c2,RUNE,0.3891617572071839
0x2b23c36232eac432433a919aedd9a169031661c2,SFP,0.5479476466932333
0x2b23c36232eac432433a919aedd9a169031661c2,SFUND,0.511752662278385
0x2b23c36232eac432433a919aedd9a169031661c2,SHIB,0.5331032725840827
0x2b23c36232eac432433a919aedd9a169031661c2,SOL,0.5775072468615527
0x2b23c36232eac432433a919aedd9a169031661c2,STG,0.5217753048134619
0x2b23c36232eac432433a919aedd9a169031661c2,SUI,0.5062385882351897
0x2b23c36232eac432433a919aedd9a169031661c2,SUSHI,0.5229884531768192
0x2b23c36232eac432433a919aedd9a169031661c2,TIA,0.4992100844974521
0x2b23c36232eac432433a919aedd9a169031661c2,TOKEN,0.4408742399843174
0x2b23c36232eac432433a919aedd9a169031661c2,TRX,0.6016470194015247
0x2b23c36232eac432433a919aedd9a169031661c2,UNI,0.5663137571245493
0x2b23c36232eac432433a919aedd9a169031661c2,USDT,0.6104072254565179
0x2b23c36232eac432433a919aedd9a169031661c2,XLM,0.5547563932034413
0x2b23c36232eac432433a919aedd9a169031661c2,XMR,0.5313359037556866
0x2b23c36232eac432433a919aedd9a169031661c2,XRP,0.5096137675693698
0x2b23c36232eac432433a919aedd9a169031661c2,XTZ,0.5072890926379984
0x2b23c36232eac432433a919aedd9a169031661c2,XVS,0.4769968712327406
0x2b23c36232eac432433a919aedd9a169031661c2,YFI,0.5552301873548225
0x2e85c8101e01810adb4c1f6e878d7b0d8bbd70a1,AAVE,0.4941376
0x2e85c8101e01810adb4c1f6e878d7b0d8bbd70a1,ADA,0.5344458
0x2e85c8101e01810adb4c1f6e878d7b0d8bbd70a1,ALGO,0.52239758
0x2e85c8101e01810adb4c1f6e878d7b0d8bbd70a1,APE,0.5289354
0x2e85c8101e01810adb4c1f6e878d7b0d8bbd70a1,APT,0.49667125
0x2e85c8101e01810adb4c1f6e878d7b0d8bbd70a1,ATOM,0.5465457499999999
0x2e85c8101e01810adb4c1f6e878d7b0d8bbd70a1,AVAX,0.525059025
0x2e85c8101e01810adb4c1f6e878d7b0d8bbd70a1,AXS,0.52619025
0x2e85c8101e01810adb4c1f6e878d7b0d8bbd70a1,BAL,0.52689235
0x2e85c8101e01810adb4c1f6e878d7b0d8bbd70a1,BCH,0.5547769
0x2e85c8101e01810adb4c1f6e878d7b0d8bbd70a1,BLUR,0.4678763999999999
0x2e85c8101e01810adb4c1f6e878d7b0d8bbd70a1,BNB,0.5173585
0x2e85c8101e01810adb4c1f6e878d7b0d8bbd70a1,BONK,0.53198055
0x2e85c8101e01810adb4c1f6e878d7b0d8bbd70a1,BTC,0.59070698
0x2e85c8101e01810adb4c1f6e878d7b0d8bbd70a1,C98,0.5104512999999999
0x2e85c8101e01810adb4c1f6e878d7b0d8bbd70a1,CAKE,0.509309375
0x2e85c8101e01810adb4c1f6e878d7b0d8bbd70a1,COMP,0.54264605
0x2e85c8101e01810adb4c1f6e878d7b0d8bbd70a1,CRV,0.484838525
0x2e85c8101e01810adb4c1f6e878d7b0d8bbd70a1,CVX,0.5016718250000001
0x2e85c8101e01810adb4c1f6e878d7b0d8bbd70a1,DAI,0.563573595
0x2e85c8101e01810adb4c1f6e878d7b0d8bbd70a1,DAO,0.52609858
0x2e85c8101e01810adb4c1f6e878d7b0d8bbd70a1,DOGE,0.5190479
0x2e85c8101e01810adb4c1f6e878d7b0d8bbd70a1,DOT,0.5480661
0x2e85c8101e01810adb4c1f6e878d7b0d8bbd70a1,DYDX,0.48867125
0x2e85c8101e01810adb4c1f6e878d7b0d8bbd70a1,EOS,0.53006585
0x2e85c8101e01810adb4c1f6e878d7b0d8bbd70a1,ETC,0.5402586199999999
0x2e85c8101e01810adb4c1f6e878d7b0d8bbd70a1,ETH,0.5983811
0x2e85c8101e01810adb4c1f6e878d7b0d8bbd70a1,FET,0.5385879650000001
0x2e85c8101e01810adb4c1f6e878d7b0d8bbd70a1,FIL,0.52699988
0x2e85c8101e01810adb4c1f6e878d7b0d8bbd70a1,FRAX,0.55198383
0x2e85c8101e01810adb4c1f6e878d7b0d8bbd70a1,FTM,0.440365505
0x2e85c8101e01810adb4c1f6e878d7b0d8bbd70a1,FXS,0.48697452
0x2e85c8101e01810adb4c1f6e878d7b0d8bbd70a1,GRT,0.518297625
0x2e85c8101e01810adb4c1f6e878d7b0d8bbd70a1,HAI,0.5077317699999999
0x2e85c8101e01810adb4c1f6e878d7b0d8bbd70a1,HERO,0.5246595000000001
0x2e85c8101e01810adb4c1f6e878d7b0d8bbd70a1,ICP,0.49222365
0x2e85c8101e01810adb4c1f6e878d7b0d8bbd70a1,IMX,0.54528698
0x2e85c8101e01810adb4c1f6e878d7b0d8bbd70a1,INJ,0.5293531149999999
0x2e85c8101e01810adb4c1f6e878d7b0d8bbd70a1,LDO,0.51097293
0x2e85c8101e01810adb4c1f6e878d7b0d8bbd70a1,LINK,0.5540700000000001
0x2e85c8101e01810adb4c1f6e878d7b0d8bbd70a1,LTC,0.513661385
0x2e85c8101e01810adb4c1f6e878d7b0d8bbd70a1,MATIC,0.5358230500000001
0x2e85c8101e01810adb4c1f6e878d7b0d8bbd70a1,MAV,0.444003685
0x2e85c8101e01810adb4c1f6e878d7b0d8bbd70a1,MBOX,0.5045994
0x2e85c8101e01810adb4c1f6e878d7b0d8bbd70a1,MKR,0.521748425
0x2e85c8101e01810adb4c1f6e878d7b0d8bbd70a1,MOON,0.52406
0x2e85c8101e01810adb4c1f6e878d7b0d8bbd70a1,NEAR,0.5056285
0x2e85c8101e01810adb4c1f6e878d7b0d8bbd70a1,OP,0.51002116
0x2e85c8101e01810adb4c1f6e878d7b0d8bbd70a1,PENDLE,0.46517933
0x2e85c8101e01810adb4c1f6e878d7b0d8bbd70a1,PEPE,0.54213055
0x2e85c8101e01810adb4c1f6e878d7b0d8bbd70a1,PERP,0.44810213
0x2e85c8101e01810adb4c1f6e878d7b0d8bbd70a1,PIT,0.54999905
0x2e85c8101e01810adb4c1f6e878d7b0d8bbd70a1,POLS,0.5198435299999999
0x2e85c8101e01810adb4c1f6e878d7b0d8bbd70a1,PYTH,0.489999085
0x2e85c8101e01810adb4c1f6e878d7b0d8bbd70a1,QUACK,0.5292504
0x2e85c8101e01810adb4c1f6e878d7b0d8bbd70a1,RDNT,0.520804345
0x2e85c8101e01810adb4c1f6e878d7b0d8bbd70a1,RNDR,0.5287132800000001
0x2e85c8101e01810adb4c1f6e878d7b0d8bbd70a1,RPL,0.502974425
0x2e85c8101e01810adb4c1f6e878d7b0d8bbd70a1,RUNE,0.44294438
0x2e85c8101e01810adb4c1f6e878d7b0d8bbd70a1,SFP,0.52232875
0x2e85c8101e01810adb4c1f6e878d7b0d8bbd70a1,SFUND,0.512687025
0x2e85c8101e01810adb4c1f6e878d7b0d8bbd70a1,SHIB,0.53806348
0x2e85c8101e01810adb4c1f6e878d7b0d8bbd70a1,SOL,0.54908098
0x2e85c8101e01810adb4c1f6e878d7b0d8bbd70a1,STG,0.50983045
0x2e85c8101e01810adb4c1f6e878d7b0d8bbd70a1,SUI,0.461553425
0x2e85c8101e01810adb4c1f6e878d7b0d8bbd70a1,SUSHI,0.548061135
0x2e85c8101e01810adb4c1f6e878d7b0d8bbd70a1,TIA,0.49879379
0x2e85c8101e01810adb4c1f6e878d7b0d8bbd70a1,TOKEN,0.459188285
0x2e85c8101e01810adb4c1f6e878d7b0d8bbd70a1,TRX,0.577773635
0x2e85c8101e01810adb4c1f6e878d7b0d8bbd70a1,UNI,0.5441746000000001
0x2e85c8101e01810adb4c1f6e878d7b0d8bbd70a1,USDT,0.5838033199999999
0x2e85c8101e01810adb4c1f6e878d7b0d8bbd70a1,XLM,0.530483025
0x2e85c8101e01810adb4c1f6e878d7b0d8bbd70a1,XMR,0.5432071199999999
0x2e85c8101e01810adb4c1f6e878d7b0d8bbd70a1,XRP,0.5166682149999999
0x2e85c8101e01810adb4c1f6e878d7b0d8bbd70a1,XTZ,0.53550337
0x2e85c8101e01810adb4c1f6e878d7b0d8bbd70a1,XVS,0.453141255
0x2e85c8101e01810adb4c1f6e878d7b0d8bbd70a1,YFI,0.5436776
0x3cf29379dbc05bdfa6ad4e81c6bc2c581a0a3ca1,AAVE,0.2222933603700018
0x3cf29379dbc05bdfa6ad4e81c6bc2c581a0a3ca1,ADA,0.5363070688430708
0x3cf29379dbc05bdfa6ad4e81c6bc2c581a0a3ca1,ALGO,0.4377416037167074
0x3cf29379dbc05bdfa6ad4e81c6bc2c581a0a3ca1,APE,0.2343542417498971
0x3cf29379dbc05bdfa6ad4e81c6bc2c581a0a3ca1,APT,0.1784342484733014
0x3cf29379dbc05bdfa6ad4e81c6bc2c581a0a3ca1,ATOM,0.1354034623744167
0x3cf29379dbc05bdfa6ad4e81c6bc2c581a0a3ca1,AVAX,0.3637287833528985
0x3cf29379dbc05bdfa6ad4e81c6bc2c581a0a3ca1,AXS,0.2488728015943051
0x3cf29379dbc05bdfa6ad4e81c6bc2c581a0a3ca1,BAL,0.2911571735833391
0x3cf29379dbc05bdfa6ad4e81c6bc2c581a0a3ca1,BCH,0.6884591989790916
0x3cf29379dbc05bdfa6ad4e81c6bc2c581a0a3ca1,BLUR,0.2188708018583537
0x3cf29379dbc05bdfa6ad4e81c6bc2c581a0a3ca1,BNB,0.9376779161499688
0x3cf29379dbc05bdfa6ad4e81c6bc2c581a0a3ca1,BONK,0.2148565778050767
0x3cf29379dbc05bdfa6ad4e81c6bc2c581a0a3ca1,BTC,0.7129329271872596
0x3cf29379dbc05bdfa6ad4e81c6bc2c581a0a3ca1,C98,0.1354034623744167
0x3cf29379dbc05bdfa6ad4e81c6bc2c581a0a3ca1,CAKE,0.1820418943191703
0x3cf29379dbc05bdfa6ad4e81c6bc2c581a0a3ca1,COMP,0.3899562591288244
0x3cf29379dbc05bdfa6ad4e81c6bc2c581a0a3ca1,CRV,0.2469066528622301
0x3cf29379dbc05bdfa6ad4e81c6bc2c581a0a3ca1,CVX,0.1177050690475147
0x3cf29379dbc05bdfa6ad4e81c6bc2c581a0a3ca1,DAI,0.9621728636129416
0x3cf29379dbc05bdfa6ad4e81c6bc2c581a0a3ca1,DAO,0.2604512429506327
0x3cf29379dbc05bdfa6ad4e81c6bc2c581a0a3ca1,DOGE,0.2572532151492366
0x3cf29379dbc05bdfa6ad4e81c6bc2c581a0a3ca1,DOT,0.3169356177410851
0x3cf29379dbc05bdfa6ad4e81c6bc2c581a0a3ca1,DYDX,0.2201481890766733
0x3cf29379dbc05bdfa6ad4e81c6bc2c581a0a3ca1,EOS,0.2626237131728955
0x3cf29379dbc05bdfa6ad4e81c6bc2c581a0a3ca1,ETC,0.5359429440464344
0x3cf29379dbc05bdfa6ad4e81c6bc2c581a0a3ca1,ETH,0.9552761885688418
0x3cf29379dbc05bdfa6ad4e81c6bc2c581a0a3ca1,FET,0.3114771134541698
0x3cf29379dbc05bdfa6ad4e81c6bc2c581a0a3ca1,FIL,0.1309978294967311
0x3cf29379dbc05bdfa6ad4e81c6bc2c581a0a3ca1,FRAX,0.8259228960229692
0x3cf29379dbc05bdfa6ad4e81c6bc2c581a0a3ca1,FTM,0.1136271276251749
0x3cf29379dbc05bdfa6ad4e81c6bc2c581a0a3ca1,FXS,0.1803852278223769
0x3cf29379dbc05bdfa6ad4e81c6bc2c581a0a3ca1,GRT,0.2768813536692472
0x3cf29379dbc05bdfa6ad4e81c6bc2c581a0a3ca1,HAI,0.2649570265386716
0x3cf29379dbc05bdfa6ad4e81c6bc2c581a0a3ca1,HERO,0.679214041186216
0x3cf29379dbc05bdfa6ad4e81c6bc2c581a0a3ca1,ICP,0.3309929866190544
0x3cf29379dbc05bdfa6ad4e81c6bc2c581a0a3ca1,IMX,0.2188010197163236
0x3cf29379dbc05bdfa6ad4e81c6bc2c581a0a3ca1,INJ,0.5471815793026436
0x3cf29379dbc05bdfa6ad4e81c6bc2c581a0a3ca1,LDO,0.1354034623744167
0x3cf29379dbc05bdfa6ad4e81c6bc2c581a0a3ca1,LINK,0.647873976699947
0x3cf29379dbc05bdfa6ad4e81c6bc2c581a0a3ca1,LTC,0.7136884161048184
0x3cf29379dbc05bdfa6ad4e81c6bc2c581a0a3ca1,MATIC,0.2760196492683678
0x3cf29379dbc05bdfa6ad4e81c6bc2c581a0a3ca1,MAV,0.2202301156658003
0x3cf29379dbc05bdfa6ad4e81c6bc2c581a0a3ca1,MBOX,0.1354034623744167
0x3cf29379dbc05bdfa6ad4e81c6bc2c581a0a3ca1,MKR,0.5673649649241546
0x3cf29379dbc05bdfa6ad4e81c6bc2c581a0a3ca1,MOON,0.1477070687834661
0x3cf29379dbc05bdfa6ad4e81c6bc2c581a0a3ca1,NEAR,0.3499839216461134
0x3cf29379dbc05bdfa6ad4e81c6bc2c581a0a3ca1,OP,0.1354034623744167
0x3cf29379dbc05bdfa6ad4e81c6bc2c581a0a3ca1,PENDLE,0.1867236308290738
0x3cf29379dbc05bdfa6ad4e81c6bc2c581a0a3ca1,PEPE,0.263882920973475
0x3cf29379dbc05bdfa6ad4e81c6bc2c581a0a3ca1,PERP,0.1370631538071128
0x3cf29379dbc05bdfa6ad4e81c6bc2c581a0a3ca1,PIT,0.1430951144155928
0x3cf29379dbc05bdfa6ad4e81c6bc2c581a0a3ca1,POLS,0.1368598721539898
0x3cf29379dbc05bdfa6ad4e81c6bc2c581a0a3ca1,PYTH,0.2208187562715265
0x3cf29379dbc05bdfa6ad4e81c6bc2c581a0a3ca1,QUACK,0.344986638127961
0x3cf29379dbc05bdfa6ad4e81c6bc2c581a0a3ca1,RDNT,0.164000640153923
0x3cf29379dbc05bdfa6ad4e81c6bc2c581a0a3ca1,RNDR,0.4554187628876425
0x3cf29379dbc05bdfa6ad4e81c6bc2c581a0a3ca1,RPL,0.3274126546032819
0x3cf29379dbc05bdfa6ad4e81c6bc2c581a0a3ca1,RUNE,0.2429015334189852
0x3cf29379dbc05bdfa6ad4e81c6bc2c581a0a3ca1,SFP,0.3440703060668889
0x3cf29379dbc05bdfa6ad4e81c6bc2c581a0a3ca1,SFUND,0.1354034623744167
0x3cf29379dbc05bdfa6ad4e81c6bc2c581a0a3ca1,SHIB,0.2248117312676746
0x3cf29379dbc05bdfa6ad4e81c6bc2c581a0a3ca1,SOL,0.6279424207176221
0x3cf29379dbc05bdfa6ad4e81c6bc2c581a0a3ca1,STG,0.1237673684219937
0x3cf29379dbc05bdfa6ad4e81c6bc2c581a0a3ca1,SUI,0.0
0x3cf29379dbc05bdfa6ad4e81c6bc2c581a0a3ca1,SUSHI,0.1713433516826243
0x3cf29379dbc05bdfa6ad4e81c6bc2c581a0a3ca1,TIA,0.230421944285747
0x3cf29379dbc05bdfa6ad4e81c6bc2c581a0a3ca1,TOKEN,0.1845814993728101
0x3cf29379dbc05bdfa6ad4e81c6bc2c581a0a3ca1,TRX,0.6860500386983179
0x3cf29379dbc05bdfa6ad4e81c6bc2c581a0a3ca1,UNI,0.3617929733868225
0x3cf29379dbc05bdfa6ad4e81c6bc2c581a0a3ca1,USDT,0.989413737619742
0x3cf29379dbc05bdfa6ad4e81c6bc2c581a0a3ca1,XLM,0.2699057620707608
0x3cf29379dbc05bdfa6ad4e81c6bc2c581a0a3ca1,XMR,0.753023609699226
0x3cf29379dbc05bdfa6ad4e81c6bc2c581a0a3ca1,XRP,0.5782333957095979
0x3cf29379dbc05bdfa6ad4e81c6bc2c581a0a3ca1,XTZ,0.132985212384773
0x3cf29379dbc05bdfa6ad4e81c6bc2c581a0a3ca1,XVS,0.40004795193958
0x3cf29379dbc05bdfa6ad4e81c6bc2c581a0a3ca1,YFI,1.0
0x3e04d3e08ea54c34f721ac007107fe7a4bd957d5,AAVE,0.4867405
0x3e04d3e08ea54c34f721ac007107fe7a4bd957d5,ADA,0.51565915
0x3e04d3e08ea54c34f721ac007107fe7a4bd957d5,ALGO,0.52518153
0x3e04d3e08ea54c34f721ac007107fe7a4bd957d5,APE,0.53506964
0x3e04d3e08ea54c34f721ac007107fe7a4bd957d5,APT,0.5024849
0x3e04d3e08ea54c34f721ac007107fe7a4bd957d5,ATOM,0.5382318
0x3e04d3e08ea54c34f721ac007107fe7a4bd957d5,AVAX,0.52219313
0x3e04d3e08ea54c34f721ac007107fe7a4bd957d5,AXS,0.5333859
0x3e04d3e08ea54c34f721ac007107fe7a4bd957d5,BAL,0.5119634
0x3e04d3e08ea54c34f721ac007107fe7a4bd957d5,BCH,0.52778155
0x3e04d3e08ea54c34f721ac007107fe7a4bd957d5,BLUR,0.46877488
0x3e04d3e08ea54c34f721ac007107fe7a4bd957d5,BNB,0.53241503
0x3e04d3e08ea54c34f721ac007107fe7a4bd957d5,BONK,0.51487017
0x3e04d3e08ea54c34f721ac007107fe7a4bd957d5,BTC,0.52912074
0x3e04d3e08ea54c34f721ac007107fe7a4bd957d5,C98,0.49155936
0x3e04d3e08ea54c34f721ac007107fe7a4bd957d5,CAKE,0.5040538
0x3e04d3e08ea54c34f721ac007107fe7a4bd957d5,COMP,0.52085835
0x3e04d3e08ea54c34f721ac007107fe7a4bd957d5,CRV,0.42446384
0x3e04d3e08ea54c34f721ac007107fe7a4bd957d5,CVX,0.5040585
0x3e04d3e08ea54c34f721ac007107fe7a4bd957d5,DAI,0.5563011
0x3e04d3e08ea54c34f721ac007107fe7a4bd957d5,DAO,0.53433627
0x3e04d3e08ea54c34f721ac007107fe7a4bd957d5,DOGE,0.5343465
0x3e04d3e08ea54c34f721ac007107fe7a4bd957d5,DOT,0.5315857
0x3e04d3e08ea54c34f721ac007107fe7a4bd957d5,DYDX,0.4959182
0x3e04d3e08ea54c34f721ac007107fe7a4bd957d5,EOS,0.5362676
0x3e04d3e08ea54c34f721ac007107fe7a4bd957d5,ETC,0.5407125
0x3e04d3e08ea54c34f721ac007107fe7a4bd957d5,ETH,0.54361284
0x3e04d3e08ea54c34f721ac007107fe7a4bd957d5,FET,0.5340485
0x3e04d3e08ea54c34f721ac007107fe7a4bd957d5,FIL,0.5287236
0x3e04d3e08ea54c34f721ac007107fe7a4bd957d5,FRAX,0.5709083
0x3e04d3e08ea54c34f721ac007107fe7a4bd957d5,FTM,0.4629955
0x3e04d3e08ea54c34f721ac007107fe7a4bd957d5,FXS,0.48608202
0x3e04d3e08ea54c34f721ac007107fe7a4bd957d5,GRT,0.50756294
0x3e04d3e08ea54c34f721ac007107fe7a4bd957d5,HAI,0.5243207
0x3e04d3e08ea54c34f721ac007107fe7a4bd957d5,HERO,0.51954156
0x3e04d3e08ea54c34f721ac007107fe7a4bd957d5,ICP,0.49596658
0x3e04d3e08ea54c34f721ac007107fe7a4bd957d5,IMX,0.53455687
0x3e04d3e08ea54c34f721ac007107fe7a4bd957d5,INJ,0.5134485
0x3e04d3e08ea54c34f721ac007107fe7a4bd957d5,LDO,0.5027281
0x3e04d3e08ea54c34f721ac007107fe7a4bd957d5,LINK,0.54871756
0x3e04d3e08ea54c34f721ac007107fe7a4bd957d5,LTC,0.49201593
0x3e04d3e08ea54c34f721ac007107fe7a4bd957d5,MATIC,0.53071386
0x3e04d3e08ea54c34f721ac007107fe7a4bd957d5,MAV,0.41227973
0x3e04d3e08ea54c34f721ac007107fe7a4bd957d5,MBOX,0.5125312
0x3e04d3e08ea54c34f721ac007107fe7a4bd957d5,MKR,0.49797964
0x3e04d3e08ea54c34f721ac007107fe7a4bd957d5,MOON,0.51868564
0x3e04d3e08ea54c34f721ac007107fe7a4bd957d5,NEAR,0.51423633
0x3e04d3e08ea54c34f721ac007107fe7a4bd957d5,OP,0.51877064
0x3e04d3e08ea54c34f721ac007107fe7a4bd957d5,PENDLE,0.48174587
0x3e04d3e08ea54c34f721ac007107fe7a4bd957d5,PEPE,0.52431387
0x3e04d3e08ea54c34f721ac007107fe7a4bd957d5,PERP,0.45105252
0x3e04d3e08ea54c34f721ac007107fe7a4bd957d5,PIT,0.5280751
0x3e04d3e08ea54c34f721ac007107fe7a4bd957d5,POLS,0.5229937
0x3e04d3e08ea54c34f721ac007107fe7a4bd957d5,PYTH,0.5035467
0x3e04d3e08ea54c34f721ac007107fe7a4bd957d5,QUACK,0.5258348
0x3e04d3e08ea54c34f721ac007107fe7a4bd957d5,RDNT,0.5142864
0x3e04d3e08ea54c34f721ac007107fe7a4bd957d5,RNDR,0.51307553
0x3e04d3e08ea54c34f721ac007107fe7a4bd957d5,RPL,0.5175648
0x3e04d3e08ea54c34f721ac007107fe7a4bd957d5,RUNE,0.4693126
0x3e04d3e08ea54c34f721ac007107fe7a4bd957d5,SFP,0.5108696
0x3e04d3e08ea54c34f721ac007107fe7a4bd957d5,SFUND,0.526534
0x3e04d3e08ea54c34f721ac007107fe7a4bd957d5,SHIB,0.5293076
0x3e04d3e08ea54c34f721ac007107fe7a4bd957d5,SOL,0.4887811
0x3e04d3e08ea54c34f721ac007107fe7a4bd957d5,STG,0.51943296
0x3e04d3e08ea54c34f721ac007107fe7a4bd957d5,SUI,0.5009527
0x3e04d3e08ea54c34f721ac007107fe7a4bd957d5,SUSHI,0.535123
0x3e04d3e08ea54c34f721ac007107fe7a4bd957d5,TIA,0.5202984
0x3e04d3e08ea54c34f721ac007107fe7a4bd957d5,TOKEN,0.46986955
0x3e04d3e08ea54c34f721ac007107fe7a4bd957d5,TRX,0.5601665
0x3e04d3e08ea54c34f721ac007107fe7a4bd957d5,UNI,0.5252034
0x3e04d3e08ea54c34f721ac007107fe7a4bd957d5,USDT,0.5912176
0x3e04d3e08ea54c34f721ac007107fe7a4bd957d5,XLM,0.5054697
0x3e04d3e08ea54c34f721ac007107fe7a4bd957d5,XMR,0.521399
0x3e04d3e08ea54c34f721ac007107fe7a4bd957d5,XRP,0.49248692
0x3e04d3e08ea54c34f721ac007107fe7a4bd957d5,XTZ,0.5277598
0x3e04d3e08ea54c34f721ac007107fe7a4bd957d5,XVS,0.4559516
0x3e04d3e08ea54c34f721ac007107fe7a4bd957d5,YFI,0.52615994
0x3ebab08d24031caa95c4290b28f66e71bbe418e5,AAVE,0.4319693957760481
0x3ebab08d24031caa95c4290b28f66e71bbe418e5,ADA,0.5163519557179368
0x3ebab08d24031caa95c4290b28f66e71bbe418e5,ALGO,0.5272275084176669
0x3ebab08d24031caa95c4290b28f66e71bbe418e5,APE,0.5514307652241899
0x3ebab08d24031caa95c4290b28f66e71bbe418e5,APT,0.4953083303007555
0x3ebab08d24031caa95c4290b28f66e71bbe418e5,ATOM,0.5741303981342153
0x3ebab08d24031caa95c4290b28f66e71bbe418e5,AVAX,0.5176436917574408
0x3ebab08d24031caa95c4290b28f66e71bbe418e5,AXS,0.5290792530664528
0x3ebab08d24031caa95c4290b28f66e71bbe418e5,BAL,0.5279255198829746
0x3ebab08d24031caa95c4290b28f66e71bbe418e5,BCH,0.5941060735395811
0x3ebab08d24031caa95c4290b28f66e71bbe418e5,BLUR,0.4817038469966344
0x3ebab08d24031caa95c4290b28f66e71bbe418e5,BNB,0.553669617736648
0x3ebab08d24031caa95c4290b28f66e71bbe418e5,BONK,0.5356070737106735
0x3ebab08d24031caa95c4290b28f66e71bbe418e5,BTC,0.6168968974380051
0x3ebab08d24031caa95c4290b28f66e71bbe418e5,C98,0.5254488879671766
0x3ebab08d24031caa95c4290b28f66e71bbe418e5,CAKE,0.4709395979972729
0x3ebab08d24031caa95c4290b28f66e71bbe418e5,COMP,0.5413812340458756
0x3ebab08d24031caa95c4290b28f66e71bbe418e5,CRV,0.5234839049800969
0x3ebab08d24031caa95c4290b28f66e71bbe418e5,CVX,0.5517715107659358
0x3ebab08d24031caa95c4290b28f66e71bbe418e5,DAI,0.5562288044611362
0x3ebab08d24031caa95c4290b28f66e71bbe418e5,DAO,0.527450531422952
0x3ebab08d24031caa95c4290b28f66e71bbe418e5,DOGE,0.4723911457826541
0x3ebab08d24031caa95c4290b28f66e71bbe418e5,DOT,0.5783526886166851
0x3ebab08d24031caa95c4290b28f66e71bbe418e5,DYDX,0.4843262063621146
0x3ebab08d24031caa95c4290b28f66e71bbe418e5,EOS,0.6119968140550636
0x3ebab08d24031caa95c4290b28f66e71bbe418e5,ETC,0.5842705158264195
0x3ebab08d24031caa95c4290b28f66e71bbe418e5,ETH,0.5684956657321184
0x3ebab08d24031caa95c4290b28f66e71bbe418e5,FET,0.5601626628767779
0x3ebab08d24031caa95c4290b28f66e71bbe418e5,FIL,0.4986994486826079
0x3ebab08d24031caa95c4290b28f66e71bbe418e5,FRAX,0.5353164449484623
0x3ebab08d24031caa95c4290b28f66e71bbe418e5,FTM,0.452842119260658
0x3ebab08d24031caa95c4290b28f66e71bbe418e5,FXS,0.4575685741210913
0x3ebab08d24031caa95c4290b28f66e71bbe418e5,GRT,0.4940833294048932
0x3ebab08d24031caa95c4290b28f66e71bbe418e5,HAI,0.5215232208132816
0x3ebab08d24031caa95c4290b28f66e71bbe418e5,HERO,0.5388330102435596
0x3ebab08d24031caa95c4290b28f66e71bbe418e5,ICP,0.4809554020883336
0x3ebab08d24031caa95c4290b28f66e71bbe418e5,IMX,0.5492206836718683
0x3ebab08d24031caa95c4290b28f66e71bbe418e5,INJ,0.5433412727859509
0x3ebab08d24031caa95c4290b28f66e71bbe418e5,LDO,0.5473378148463209
0x3ebab08d24031caa95c4290b28f66e71bbe418e5,LINK,0.5924643429761375
0x3ebab08d24031caa95c4290b28f66e71bbe418e5,LTC,0.5615664136026085
0x3ebab08d24031caa95c4290b28f66e71bbe418e5,MATIC,0.4980303340533378
0x3ebab08d24031caa95c4290b28f66e71bbe418e5,MAV,0.4565163473680402
0x3ebab08d24031caa95c4290b28f66e71bbe418e5,MBOX,0.531658396583825
0x3ebab08d24031caa95c4290b28f66e71bbe418e5,MKR,0.5534715591302487
0x3ebab08d24031caa95c4290b28f66e71bbe418e5,MOON,0.5725784681621374
0x3ebab08d24031caa95c4290b28f66e71bbe418e5,NEAR,0.5106110676026375
0x3ebab08d24031caa95c4290b28f66e71bbe418e5,OP,0.5339922337847802
0x3ebab08d24031caa95c4290b28f66e71bbe418e5,PENDLE,0.4704230817812954
0x3ebab08d24031caa95c4290b28f66e71bbe418e5,PEPE,0.5556146863920406
0x3ebab08d24031caa95c4290b28f66e71bbe418e5,PERP,0.4625218781163767
0x3ebab08d24031caa95c4290b28f66e71bbe418e5,PIT,0.5545855265879067
0x3ebab08d24031caa95c4290b28f66e71bbe418e5,POLS,0.5231519062363814
0x3ebab08d24031caa95c4290b28f66e71bbe418e5,PYTH,0.490996230871384
0x3ebab08d24031caa95c4290b28f66e71bbe418e5,QUACK,0.5198227346390726
0x3ebab08d24031caa95c4290b28f66e71bbe418e5,RDNT,0.5285981701231982
0x3ebab08d24031caa95c4290b28f66e71bbe418e5,RNDR,0.5211609663914023
0x3ebab08d24031caa95c4290b28f66e71bbe418e5,RPL,0.5274849590305009
0x3ebab08d24031caa95c4290b28f66e71bbe418e5,RUNE,0.4260677815859196
0x3ebab08d24031caa95c4290b28f66e71bbe418e5,SFP,0.5560577821215432
0x3ebab08d24031caa95c4290b28f66e71bbe418e5,SFUND,0.524984462266846
0x3ebab08d24031caa95c4290b28f66e71bbe418e5,SHIB,0.5783704015249163
0x3ebab08d24031caa95c4290b28f66e71bbe418e5,SOL,0.5513447751422063
0x3ebab08d24031caa95c4290b28f66e71bbe418e5,STG,0.5393245355222992
0x3ebab08d24031caa95c4290b28f66e71bbe418e5,SUI,0.4225954982857672
0x3ebab08d24031caa95c4290b28f66e71bbe418e5,SUSHI,0.5513176759192219
0x3ebab08d24031caa95c4290b28f66e71bbe418e5,TIA,0.5230431746476928
0x3ebab08d24031caa95c4290b28f66e71bbe418e5,TOKEN,0.4513710970667329
0x3ebab08d24031caa95c4290b28f66e71bbe418e5,TRX,0.4944819234414414
0x3ebab08d24031caa95c4290b28f66e71bbe418e5,UNI,0.560282824125079
0x3ebab08d24031caa95c4290b28f66e71bbe418e5,USDT,0.5773707617209255
0x3ebab08d24031caa95c4290b28f66e71bbe418e5,XLM,0.5336504679229619
0x3ebab08d24031caa95c4290b28f66e71bbe418e5,XMR,0.5038949420899457
0x3ebab08d24031caa95c4290b28f66e71bbe418e5,XRP,0.5005261071550543
0x3ebab08d24031caa95c4290b28f66e71bbe418e5,XTZ,0.5358825876221948
0x3ebab08d24031caa95c4290b28f66e71bbe418e5,XVS,0.4600029095005289
0x3ebab08d24031caa95c4290b28f66e71bbe418e5,YFI,0.5635478923608243
0x3ed9f0b565551387c431447601a116eb6d2af4a1,AAVE,0.2981867790222168
0x3ed9f0b565551387c431447601a116eb6d2af4a1,ADA,0.5062659382820129
0x3ed9f0b565551387c431447601a116eb6d2af4a1,ALGO,0.3567512631416321
0x3ed9f0b565551387c431447601a116eb6d2af4a1,APE,0.3143653869628906
0x3ed9f0b565551387c431447601a116eb6d2af4a1,APT,0.1835853457450866
0x3ed9f0b565551387c431447601a116eb6d2af4a1,ATOM,0.1816316992044448
0x3ed9f0b565551387c431447601a116eb6d2af4a1,AVAX,0.3474429845809936
0x3ed9f0b565551387c431447601a116eb6d2af4a1,AXS,0.1991941332817077
0x3ed9f0b565551387c431447601a116eb6d2af4a1,BAL,0.2559148669242859
0x3ed9f0b565551387c431447601a116eb6d2af4a1,BCH,0.7186756134033203
0x3ed9f0b565551387c431447601a116eb6d2af4a1,BLUR,0.2378273904323578
0x3ed9f0b565551387c431447601a116eb6d2af4a1,BNB,0.8786178231239319
0x3ed9f0b565551387c431447601a116eb6d2af4a1,BONK,0.2882109880447387
0x3ed9f0b565551387c431447601a116eb6d2af4a1,BTC,0.8017867803573608
0x3ed9f0b565551387c431447601a116eb6d2af4a1,C98,0.1816316992044448
0x3ed9f0b565551387c431447601a116eb6d2af4a1,CAKE,0.188424676656723
0x3ed9f0b565551387c431447601a116eb6d2af4a1,COMP,0.3268564641475677
0x3ed9f0b565551387c431447601a116eb6d2af4a1,CRV,0.2754350006580353
0x3ed9f0b565551387c431447601a116eb6d2af4a1,CVX,0.1578908860683441
0x3ed9f0b565551387c431447601a116eb6d2af4a1,DAI,0.9235556721687316
0x3ed9f0b565551387c431447601a116eb6d2af4a1,DAO,0.3109017312526703
0x3ed9f0b565551387c431447601a116eb6d2af4a1,DOGE,0.3450823128223419
0x3ed9f0b565551387c431447601a116eb6d2af4a1,DOT,0.3451555967330932
0x3ed9f0b565551387c431447601a116eb6d2af4a1,DYDX,0.2395409047603607
0x3ed9f0b565551387c431447601a116eb6d2af4a1,EOS,0.2561183571815491
0x3ed9f0b565551387c431447601a116eb6d2af4a1,ETC,0.4327682852745056
0x3ed9f0b565551387c431447601a116eb6d2af4a1,ETH,0.9804269671440125
0x3ed9f0b565551387c431447601a116eb6d2af4a1,FET,0.4178188443183899
0x3ed9f0b565551387c431447601a116eb6d2af4a1,FIL,0.1757219433784485
0x3ed9f0b565551387c431447601a116eb6d2af4a1,FRAX,0.7792588472366333
0x3ed9f0b565551387c431447601a116eb6d2af4a1,FTM,0.1524206846952438
0x3ed9f0b565551387c431447601a116eb6d2af4a1,FXS,0.203500285744667
0x3ed9f0b565551387c431447601a116eb6d2af4a1,GRT,0.3714117109775543
0x3ed9f0b565551387c431447601a116eb6d2af4a1,HAI,0.3554162681102752
0x3ed9f0b565551387c431447601a116eb6d2af4a1,HERO,0.5836260318756104
0x3ed9f0b565551387c431447601a116eb6d2af4a1,ICP,0.2741040885448456
0x3ed9f0b565551387c431447601a116eb6d2af4a1,IMX,0.2935021221637726
0x3ed9f0b565551387c431447601a116eb6d2af4a1,INJ,0.6540100574493408
0x3ed9f0b565551387c431447601a116eb6d2af4a1,LDO,0.1816316992044448
0x3ed9f0b565551387c431447601a116eb6d2af4a1,LINK,0.5829138159751892
0x3ed9f0b565551387c431447601a116eb6d2af4a1,LTC,0.7127617597579956
0x3ed9f0b565551387c431447601a116eb6d2af4a1,MATIC,0.2913775146007538
0x3ed9f0b565551387c431447601a116eb6d2af4a1,MAV,0.2569486498832702
0x3ed9f0b565551387c431447601a116eb6d2af4a1,MBOX,0.1816316992044448
0x3ed9f0b565551387c431447601a116eb6d2af4a1,MKR,0.580203115940094
0x3ed9f0b565551387c431447601a116eb6d2af4a1,MOON,0.1596654504537582
0x3ed9f0b565551387c431447601a116eb6d2af4a1,NEAR,0.3337104916572571
0x3ed9f0b565551387c431447601a116eb6d2af4a1,OP,0.1816316992044448
0x3ed9f0b565551387c431447601a116eb6d2af4a1,PENDLE,0.212002694606781
0x3ed9f0b565551387c431447601a116eb6d2af4a1,PEPE,0.3539754748344421
0x3ed9f0b565551387c431447601a116eb6d2af4a1,PERP,0.183858036994934
0x3ed9f0b565551387c431447601a116eb6d2af4a1,PIT,0.1919493675231933
0x3ed9f0b565551387c431447601a116eb6d2af4a1,POLS,0.1835853457450866
0x3ed9f0b565551387c431447601a116eb6d2af4a1,PYTH,0.2577382624149322
0x3ed9f0b565551387c431447601a116eb6d2af4a1,QUACK,0.3666008710861206
0x3ed9f0b565551387c431447601a116eb6d2af4a1,RDNT,0.2199922800064087
0x3ed9f0b565551387c431447601a116eb6d2af4a1,RNDR,0.5309184193611145
0x3ed9f0b565551387c431447601a116eb6d2af4a1,RPL,0.2987281084060669
0x3ed9f0b565551387c431447601a116eb6d2af4a1,RUNE,0.2217098474502563
0x3ed9f0b565551387c431447601a116eb6d2af4a1,SFP,0.4615397155284881
0x3ed9f0b565551387c431447601a116eb6d2af4a1,SFUND,0.1816316992044448
0x3ed9f0b565551387c431447601a116eb6d2af4a1,SHIB,0.3015649616718292
0x3ed9f0b565551387c431447601a116eb6d2af4a1,SOL,0.6881133317947388
0x3ed9f0b565551387c431447601a116eb6d2af4a1,STG,0.1660229265689849
0x3ed9f0b565551387c431447601a116eb6d2af4a1,SUI,0.0
0x3ed9f0b565551387c431447601a116eb6d2af4a1,SUSHI,0.2298418879508972
0x3ed9f0b565551387c431447601a116eb6d2af4a1,TIA,0.3090905547142029
0x3ed9f0b565551387c431447601a116eb6d2af4a1,TOKEN,0.2475996762514114
0x3ed9f0b565551387c431447601a116eb6d2af4a1,TRX,0.6877673864364624
0x3ed9f0b565551387c431447601a116eb6d2af4a1,UNI,0.391066163778305
0x3ed9f0b565551387c431447601a116eb6d2af4a1,USDT,1.0
0x3ed9f0b565551387c431447601a116eb6d2af4a1,XLM,0.31371009349823
0x3ed9f0b565551387c431447601a116eb6d2af4a1,XMR,0.723962664604187
0x3ed9f0b565551387c431447601a116eb6d2af4a1,XRP,0.688483715057373
0x3ed9f0b565551387c431447601a116eb6d2af4a1,XTZ,0.178387850522995
0x3ed9f0b565551387c431447601a116eb6d2af4a1,XVS,0.4808604419231415
0x3ed9f0b565551387c431447601a116eb6d2af4a1,YFI,0.8079366683959961
0x427ae6048c7d2ded45a07ea46f2873d0f9dddb35,AAVE,-109.4360939200646
0x427ae6048c7d2ded45a07ea46f2873d0f9dddb35,ADA,-128.63545503587824
0x427ae6048c7d2ded45a07ea46f2873d0f9dddb35,ALGO,178.90649265848805
0x427ae6048c7d2ded45a07ea46f2873d0f9dddb35,APE,6.173032686993224
0x427ae6048c7d2ded45a07ea46f2873d0f9dddb35,APT,-115.57563785224102
0x427ae6048c7d2ded45a07ea46f2873d0f9dddb35,ATOM,-72.09130402822728
0x427ae6048c7d2ded45a07ea46f2873d0f9dddb35,AVAX,33.402593274087394
0x427ae6048c7d2ded45a07ea46f2873d0f9dddb35,AXS,72.7281379511316
0x427ae6048c7d2ded45a07ea46f2873d0f9dddb35,BAL,-56.74368568846404
0x427ae6048c7d2ded45a07ea46f2873d0f9dddb35,BCH,-20.800026538332304
0x427ae6048c7d2ded45a07ea46f2873d0f9dddb35,BLUR,-221.5359291968903
0x427ae6048c7d2ded45a07ea46f2873d0f9dddb35,BNB,-26.791802360847957
0x427ae6048c7d2ded45a07ea46f2873d0f9dddb35,BONK,552.9793313701505
0x427ae6048c7d2ded45a07ea46f2873d0f9dddb35,BTC,100.21897303934549
0x427ae6048c7d2ded45a07ea46f2873d0f9dddb35,C98,80.46632904685316
0x427ae6048c7d2ded45a07ea46f2873d0f9dddb35,CAKE,68.3138639225246
0x427ae6048c7d2ded45a07ea46f2873d0f9dddb35,COMP,42.94767405585918
0x427ae6048c7d2ded45a07ea46f2873d0f9dddb35,CRV,5.950251898114232
0x427ae6048c7d2ded45a07ea46f2873d0f9dddb35,CVX,8.550968760282785
0x427ae6048c7d2ded45a07ea46f2873d0f9dddb35,DAI,-111.32364425209448
0x427ae6048c7d2ded45a07ea46f2873d0f9dddb35,DAO,47.36900546526954
0x427ae6048c7d2ded45a07ea46f2873d0f9dddb35,DOGE,16.421007928314566
0x427ae6048c7d2ded45a07ea46f2873d0f9dddb35,DOT,27.053880099767014
0x427ae6048c7d2ded45a07ea46f2873d0f9dddb35,DYDX,-113.178869160661
0x427ae6048c7d2ded45a07ea46f2873d0f9dddb35,EOS,-42.49186313415248
0x427ae6048c7d2ded45a07ea46f2873d0f9dddb35,ETC,143.22311218828543
0x427ae6048c7d2ded45a07ea46f2873d0f9dddb35,ETH,212.85589628984656
0x427ae6048c7d2ded45a07ea46f2873d0f9dddb35,FET,103.71782482246
0x427ae6048c7d2ded45a07ea46f2873d0f9dddb35,FIL,-57.5522835671689
0x427ae6048c7d2ded45a07ea46f2873d0f9dddb35,FRAX,-116.60442057358006
0x427ae6048c7d2ded45a07ea46f2873d0f9dddb35,FTM,12.035664807580304
0x427ae6048c7d2ded45a07ea46f2873d0f9dddb35,FXS,-227.90871656429192
0x427ae6048c7d2ded45a07ea46f2873d0f9dddb35,GRT,-46.2440422184992
0x427ae6048c7d2ded45a07ea46f2873d0f9dddb35,HAI,138.24695870564088
0x427ae6048c7d2ded45a07ea46f2873d0f9dddb35,HERO,25.56917015493758
0x427ae6048c7d2ded45a07ea46f2873d0f9dddb35,ICP,51.470152583662525
0x427ae6048c7d2ded45a07ea46f2873d0f9dddb35,IMX,-44.03148836238205
0x427ae6048c7d2ded45a07ea46f2873d0f9dddb35,INJ,137.35214574154915
0x427ae6048c7d2ded45a07ea46f2873d0f9dddb35,LDO,35.68171053133602
0x427ae6048c7d2ded45a07ea46f2873d0f9dddb35,LINK,-281.4434813326005
0x427ae6048c7d2ded45a07ea46f2873d0f9dddb35,LTC,-81.57785641613702
0x427ae6048c7d2ded45a07ea46f2873d0f9dddb35,MATIC,-84.42611299031938
0x427ae6048c7d2ded45a07ea46f2873d0f9dddb35,MAV,-111.81873208801365
0x427ae6048c7d2ded45a07ea46f2873d0f9dddb35,MBOX,-9.690264318681386
0x427ae6048c7d2ded45a07ea46f2873d0f9dddb35,MKR,-154.6360956587058
0x427ae6048c7d2ded45a07ea46f2873d0f9dddb35,MOON,349.3451630690276
0x427ae6048c7d2ded45a07ea46f2873d0f9dddb35,NEAR,25.46937787812556
0x427ae6048c7d2ded45a07ea46f2873d0f9dddb35,OP,0.6029221608878288
0x427ae6048c7d2ded45a07ea46f2873d0f9dddb35,PENDLE,179.77830613549645
0x427ae6048c7d2ded45a07ea46f2873d0f9dddb35,PEPE,2.947848504942442
0x427ae6048c7d2ded45a07ea46f2873d0f9dddb35,PERP,-18.34518118527632
0x427ae6048c7d2ded45a07ea46f2873d0f9dddb35,PIT,17.2823822986378
0x427ae6048c7d2ded45a07ea46f2873d0f9dddb35,POLS,-154.72867020324043
0x427ae6048c7d2ded45a07ea46f2873d0f9dddb35,PYTH,13.804452747366495
0x427ae6048c7d2ded45a07ea46f2873d0f9dddb35,QUACK,13.581105982113058
0x427ae6048c7d2ded45a07ea46f2873d0f9dddb35,RDNT,-26.560205029913845
0x427ae6048c7d2ded45a07ea46f2873d0f9dddb35,RNDR,304.9090512996311
0x427ae6048c7d2ded45a07ea46f2873d0f9dddb35,RPL,99.0625463652246
0x427ae6048c7d2ded45a07ea46f2873d0f9dddb35,RUNE,-155.29632031783387
0x427ae6048c7d2ded45a07ea46f2873d0f9dddb35,SFP,218.7038815749497
0x427ae6048c7d2ded45a07ea46f2873d0f9dddb35,SFUND,36.957329131932966
0x427ae6048c7d2ded45a07ea46f2873d0f9dddb35,SHIB,131.2908311291585
0x427ae6048c7d2ded45a07ea46f2873d0f9dddb35,SOL,197.00315439651607
0x427ae6048c7d2ded45a07ea46f2873d0f9dddb35,STG,46.09934369349821
0x427ae6048c7d2ded45a07ea46f2873d0f9dddb35,SUI,-132.27224388881143
0x427ae6048c7d2ded45a07ea46f2873d0f9dddb35,SUSHI,40.93736795168911
0x427ae6048c7d2ded45a07ea46f2873d0f9dddb35,TIA,177.3601990420111
0x427ae6048c7d2ded45a07ea46f2873d0f9dddb35,TOKEN,237.19101566832157
0x427ae6048c7d2ded45a07ea46f2873d0f9dddb35,TRX,-52.33486610777351
0x427ae6048c7d2ded45a07ea46f2873d0f9dddb35,UNI,63.68773978233935
0x427ae6048c7d2ded45a07ea46f2873d0f9dddb35,USDT,151.346704849338
0x427ae6048c7d2ded45a07ea46f2873d0f9dddb35,XLM,12.957683084948542
0x427ae6048c7d2ded45a07ea46f2873d0f9dddb35,XMR,-9.12967971864822
0x427ae6048c7d2ded45a07ea46f2873d0f9dddb35,XRP,159.0792873471951
0x427ae6048c7d2ded45a07ea46f2873d0f9dddb35,XTZ,77.38754080962542
0x427ae6048c7d2ded45a07ea46f2873d0f9dddb35,XVS,-39.345222188462174
0x427ae6048c7d2ded45a07ea46f2873d0f9dddb35,YFI,-23.93944536255725
0x43af3c47d12d940eef4d4ff380bad2edd905f951,AAVE,0.39325774
0x43af3c47d12d940eef4d4ff380bad2edd905f951,ADA,0.531629
0x43af3c47d12d940eef4d4ff380bad2edd905f951,ALGO,0.47856092
0x43af3c47d12d940eef4d4ff380bad2edd905f951,APE,0.53639144
0x43af3c47d12d940eef4d4ff380bad2edd905f951,APT,0.52952725
0x43af3c47d12d940eef4d4ff380bad2edd905f951,ATOM,0.5196257
0x43af3c47d12d940eef4d4ff380bad2edd905f951,AVAX,0.51033205
0x43af3c47d12d940eef4d4ff380bad2edd905f951,AXS,0.5358979
0x43af3c47d12d940eef4d4ff380bad2edd905f951,BAL,0.5220999
0x43af3c47d12d940eef4d4ff380bad2edd905f951,BCH,0.49404466
0x43af3c47d12d940eef4d4ff380bad2edd905f951,BLUR,0.47063613
0x43af3c47d12d940eef4d4ff380bad2edd905f951,BNB,0.4624033
0x43af3c47d12d940eef4d4ff380bad2edd905f951,BONK,0.50209713
0x43af3c47d12d940eef4d4ff380bad2edd905f951,BTC,0.5204164
0x43af3c47d12d940eef4d4ff380bad2edd905f951,C98,0.5083504
0x43af3c47d12d940eef4d4ff380bad2edd905f951,CAKE,0.53878105
0x43af3c47d12d940eef4d4ff380bad2edd905f951,COMP,0.52506137
0x43af3c47d12d940eef4d4ff380bad2edd905f951,CRV,0.4110847
0x43af3c47d12d940eef4d4ff380bad2edd905f951,CVX,0.48780215
0x43af3c47d12d940eef4d4ff380bad2edd905f951,DAI,0.5693613
0x43af3c47d12d940eef4d4ff380bad2edd905f951,DAO,0.52188337
0x43af3c47d12d940eef4d4ff380bad2edd905f951,DOGE,0.52576935
0x43af3c47d12d940eef4d4ff380bad2edd905f951,DOT,0.5029058
0x43af3c47d12d940eef4d4ff380bad2edd905f951,DYDX,0.41053998
0x43af3c47d12d940eef4d4ff380bad2edd905f951,EOS,0.48660606
0x43af3c47d12d940eef4d4ff380bad2edd905f951,ETC,0.5441681
0x43af3c47d12d940eef4d4ff380bad2edd905f951,ETH,0.57207453
0x43af3c47d12d940eef4d4ff380bad2edd905f951,FET,0.48484772
0x43af3c47d12d940eef4d4ff380bad2edd905f951,FIL,0.55241054
0x43af3c47d12d940eef4d4ff380bad2edd905f951,FRAX,0.61608034
0x43af3c47d12d940eef4d4ff380bad2edd905f951,FTM,0.41378576
0x43af3c47d12d940eef4d4ff380bad2edd905f951,FXS,0.47093505
0x43af3c47d12d940eef4d4ff380bad2edd905f951,GRT,0.5172005
0x43af3c47d12d940eef4d4ff380bad2edd905f951,HAI,0.5109982
0x43af3c47d12d940eef4d4ff380bad2edd905f951,HERO,0.5349861
0x43af3c47d12d940eef4d4ff380bad2edd905f951,ICP,0.50377184
0x43af3c47d12d940eef4d4ff380bad2edd905f951,IMX,0.55129045
0x43af3c47d12d940eef4d4ff380bad2edd905f951,INJ,0.51517594
0x43af3c47d12d940eef4d4ff380bad2edd905f951,LDO,0.51348937
0x43af3c47d12d940eef4d4ff380bad2edd905f951,LINK,0.49805832
0x43af3c47d12d940eef4d4ff380bad2edd905f951,LTC,0.4898458
0x43af3c47d12d940eef4d4ff380bad2edd905f951,MATIC,0.5388289
0x43af3c47d12d940eef4d4ff380bad2edd905f951,MAV,0.4676631
0x43af3c47d12d940eef4d4ff380bad2edd905f951,MBOX,0.50560844
0x43af3c47d12d940eef4d4ff380bad2edd905f951,MKR,0.48252547
0x43af3c47d12d940eef4d4ff380bad2edd905f951,MOON,0.55363524
0x43af3c47d12d940eef4d4ff380bad2edd905f951,NEAR,0.48732305
0x43af3c47d12d940eef4d4ff380bad2edd905f951,OP,0.51779336
0x43af3c47d12d940eef4d4ff380bad2edd905f951,PENDLE,0.47696865
0x43af3c47d12d940eef4d4ff380bad2edd905f951,PEPE,0.5446044
0x43af3c47d12d940eef4d4ff380bad2edd905f951,PERP,0.440565
0x43af3c47d12d940eef4d4ff380bad2edd905f951,PIT,0.5083178
0x43af3c47d12d940eef4d4ff380bad2edd905f951,POLS,0.50300336
0x43af3c47d12d940eef4d4ff380bad2edd905f951,PYTH,0.48324817
0x43af3c47d12d940eef4d4ff380bad2edd905f951,QUACK,0.54327273
0x43af3c47d12d940eef4d4ff380bad2edd905f951,RDNT,0.51633316
0x43af3c47d12d940eef4d4ff380bad2edd905f951,RNDR,0.52308613
0x43af3c47d12d940eef4d4ff380bad2edd905f951,RPL,0.51843125
0x43af3c47d12d940eef4d4ff380bad2edd905f951,RUNE,0.44561523
0x43af3c47d12d940eef4d4ff380bad2edd905f951,SFP,0.50259703
0x43af3c47d12d940eef4d4ff380bad2edd905f951,SFUND,0.51461625
0x43af3c47d12d940eef4d4ff380bad2edd905f951,SHIB,0.512458
0x43af3c47d12d940eef4d4ff380bad2edd905f951,SOL,0.45621783
0x43af3c47d12d940eef4d4ff380bad2edd905f951,STG,0.53041583
0x43af3c47d12d940eef4d4ff380bad2edd905f951,SUI,0.47633374
0x43af3c47d12d940eef4d4ff380bad2edd905f951,SUSHI,0.521496
0x43af3c47d12d940eef4d4ff380bad2edd905f951,TIA,0.54552764
0x43af3c47d12d940eef4d4ff380bad2edd905f951,TOKEN,0.47857708
0x43af3c47d12d940eef4d4ff380bad2edd905f951,TRX,0.5244771
0x43af3c47d12d940eef4d4ff380bad2edd905f951,UNI,0.499286
0x43af3c47d12d940eef4d4ff380bad2edd905f951,USDT,0.54170257
0x43af3c47d12d940eef4d4ff380bad2edd905f951,XLM,0.512777
0x43af3c47d12d940eef4d4ff380bad2edd905f951,XMR,0.49006498
0x43af3c47d12d940eef4d4ff380bad2edd905f951,XRP,0.45518774
0x43af3c47d12d940eef4d4ff380bad2edd905f951,XTZ,0.524322
0x43af3c47d12d940eef4d4ff380bad2edd905f951,XVS,0.39901537
0x43af3c47d12d940eef4d4ff380bad2edd905f951,YFI,0.5041884
0x49451c6af70feef6ef29b8c78bc17d4bdaf9fdaa,AAVE,0.48856685
0x49451c6af70feef6ef29b8c78bc17d4bdaf9fdaa,ADA,0.53370684
0x49451c6af70feef6ef29b8c78bc17d4bdaf9fdaa,ALGO,0.5297832
0x49451c6af70feef6ef29b8c78bc17d4bdaf9fdaa,APE,0.53621715
0x49451c6af70feef6ef29b8c78bc17d4bdaf9fdaa,APT,0.46535268
0x49451c6af70feef6ef29b8c78bc17d4bdaf9fdaa,ATOM,0.55959743
0x49451c6af70feef6ef29b8c78bc17d4bdaf9fdaa,AVAX,0.5744163
0x49451c6af70feef6ef29b8c78bc17d4bdaf9fdaa,AXS,0.51492405
0x49451c6af70feef6ef29b8c78bc17d4bdaf9fdaa,BAL,0.5371001
0x49451c6af70feef6ef29b8c78bc17d4bdaf9fdaa,BCH,0.5353391
0x49451c6af70feef6ef29b8c78bc17d4bdaf9fdaa,BLUR,0.4931572
0x49451c6af70feef6ef29b8c78bc17d4bdaf9fdaa,BNB,0.5175378
0x49451c6af70feef6ef29b8c78bc17d4bdaf9fdaa,BONK,0.5569149
0x49451c6af70feef6ef29b8c78bc17d4bdaf9fdaa,BTC,0.4773978
0x49451c6af70feef6ef29b8c78bc17d4bdaf9fdaa,C98,0.5539845
0x49451c6af70feef6ef29b8c78bc17d4bdaf9fdaa,CAKE,0.4820825
0x49451c6af70feef6ef29b8c78bc17d4bdaf9fdaa,COMP,0.47471544
0x49451c6af70feef6ef29b8c78bc17d4bdaf9fdaa,CRV,0.44061208
0x49451c6af70feef6ef29b8c78bc17d4bdaf9fdaa,CVX,0.46003887
0x49451c6af70feef6ef29b8c78bc17d4bdaf9fdaa,DAI,0.40366504
0x49451c6af70feef6ef29b8c78bc17d4bdaf9fdaa,DAO,0.57838285
0x49451c6af70feef6ef29b8c78bc17d4bdaf9fdaa,DOGE,0.55172884
0x49451c6af70feef6ef29b8c78bc17d4bdaf9fdaa,DOT,0.48982576
0x49451c6af70feef6ef29b8c78bc17d4bdaf9fdaa,DYDX,0.49452788
0x49451c6af70feef6ef29b8c78bc17d4bdaf9fdaa,EOS,0.5247943
0x49451c6af70feef6ef29b8c78bc17d4bdaf9fdaa,ETC,0.565663
0x49451c6af70feef6ef29b8c78bc17d4bdaf9fdaa,ETH,0.5395173
0x49451c6af70feef6ef29b8c78bc17d4bdaf9fdaa,FET,0.46560672
0x49451c6af70feef6ef29b8c78bc17d4bdaf9fdaa,FIL,0.5463029
0x49451c6af70feef6ef29b8c78bc17d4bdaf9fdaa,FRAX,0.39638177
0x49451c6af70feef6ef29b8c78bc17d4bdaf9fdaa,FTM,0.57077736
0x49451c6af70feef6ef29b8c78bc17d4bdaf9fdaa,FXS,0.5356249
0x49451c6af70feef6ef29b8c78bc17d4bdaf9fdaa,GRT,0.50807285
0x49451c6af70feef6ef29b8c78bc17d4bdaf9fdaa,HAI,0.44825447
0x49451c6af70feef6ef29b8c78bc17d4bdaf9fdaa,HERO,0.5698528
0x49451c6af70feef6ef29b8c78bc17d4bdaf9fdaa,ICP,0.56273264
0x49451c6af70feef6ef29b8c78bc17d4bdaf9fdaa,IMX,0.52680737
0x49451c6af70feef6ef29b8c78bc17d4bdaf9fdaa,INJ,0.5330042
0x49451c6af70feef6ef29b8c78bc17d4bdaf9fdaa,LDO,0.5193438
0x49451c6af70feef6ef29b8c78bc17d4bdaf9fdaa,LINK,0.5480058
0x49451c6af70feef6ef29b8c78bc17d4bdaf9fdaa,LTC,0.5482389
0x49451c6af70feef6ef29b8c78bc17d4bdaf9fdaa,MATIC,0.5229741
0x49451c6af70feef6ef29b8c78bc17d4bdaf9fdaa,MAV,0.49130145
0x49451c6af70feef6ef29b8c78bc17d4bdaf9fdaa,MBOX,0.5052725
0x49451c6af70feef6ef29b8c78bc17d4bdaf9fdaa,MKR,0.5225195
0x49451c6af70feef6ef29b8c78bc17d4bdaf9fdaa,MOON,0.38130727
0x49451c6af70feef6ef29b8c78bc17d4bdaf9fdaa,NEAR,0.53247315
0x49451c6af70feef6ef29b8c78bc17d4bdaf9fdaa,OP,0.5463395
0x49451c6af70feef6ef29b8c78bc17d4bdaf9fdaa,PENDLE,0.43663052
0x49451c6af70feef6ef29b8c78bc17d4bdaf9fdaa,PEPE,0.5156891
0x49451c6af70feef6ef29b8c78bc17d4bdaf9fdaa,PERP,0.47613758
0x49451c6af70feef6ef29b8c78bc17d4bdaf9fdaa,PIT,0.49953675
0x49451c6af70feef6ef29b8c78bc17d4bdaf9fdaa,POLS,0.47535998
0x49451c6af70feef6ef29b8c78bc17d4bdaf9fdaa,PYTH,0.51280034
0x49451c6af70feef6ef29b8c78bc17d4bdaf9fdaa,QUACK,0.5289045
0x49451c6af70feef6ef29b8c78bc17d4bdaf9fdaa,RDNT,0.52751297
0x49451c6af70feef6ef29b8c78bc17d4bdaf9fdaa,RNDR,0.5968499
0x49451c6af70feef6ef29b8c78bc17d4bdaf9fdaa,RPL,0.5090905
0x49451c6af70feef6ef29b8c78bc17d4bdaf9fdaa,RUNE,0.5462491
0x49451c6af70feef6ef29b8c78bc17d4bdaf9fdaa,SFP,0.5003876
0x49451c6af70feef6ef29b8c78bc17d4bdaf9fdaa,SFUND,0.5690571
0x49451c6af70feef6ef29b8c78bc17d4bdaf9fdaa,SHIB,0.4993046
0x49451c6af70feef6ef29b8c78bc17d4bdaf9fdaa,SOL,0.4191517
0x49451c6af70feef6ef29b8c78bc17d4bdaf9fdaa,STG,0.41196766
0x49451c6af70feef6ef29b8c78bc17d4bdaf9fdaa,SUI,0.42208046
0x49451c6af70feef6ef29b8c78bc17d4bdaf9fdaa,SUSHI,0.48721075
0x49451c6af70feef6ef29b8c78bc17d4bdaf9fdaa,TIA,0.48531044
0x49451c6af70feef6ef29b8c78bc17d4bdaf9fdaa,TOKEN,0.4289278
0x49451c6af70feef6ef29b8c78bc17d4bdaf9fdaa,TRX,0.5192634
0x49451c6af70feef6ef29b8c78bc17d4bdaf9fdaa,UNI,0.54631186
0x49451c6af70feef6ef29b8c78bc17d4bdaf9fdaa,USDT,0.38948125
0x49451c6af70feef6ef29b8c78bc17d4bdaf9fdaa,XLM,0.45310628
0x49451c6af70feef6ef29b8c78bc17d4bdaf9fdaa,XMR,0.5865857
0x49451c6af70feef6ef29b8c78bc17d4bdaf9fdaa,XRP,0.48617566
0x49451c6af70feef6ef29b8c78bc17d4bdaf9fdaa,XTZ,0.5251497
0x49451c6af70feef6ef29b8c78bc17d4bdaf9fdaa,XVS,0.5091465
0x49451c6af70feef6ef29b8c78bc17d4bdaf9fdaa,YFI,0.59704006
0x49aa5f121f20c02e73cd59e26460b4642c275abd,AAVE,0.5083061759427804
0x49aa5f121f20c02e73cd59e26460b4642c275abd,ADA,0.5416018132724636
0x49aa5f121f20c02e73cd59e26460b4642c275abd,ALGO,0.5264733775907754
0x49aa5f121f20c02e73cd59e26460b4642c275abd,APE,0.5570658915197234
0x49aa5f121f20c02e73cd59e26460b4642c275abd,APT,0.4989941796775719
0x49aa5f121f20c02e73cd59e26460b4642c275abd,ATOM,0.5359784269621334
0x49aa5f121f20c02e73cd59e26460b4642c275abd,AVAX,0.533666914171785
0x49aa5f121f20c02e73cd59e26460b4642c275abd,AXS,0.5279248981247532
0x49aa5f121f20c02e73cd59e26460b4642c275abd,BAL,0.5371215840484346
0x49aa5f121f20c02e73cd59e26460b4642c275abd,BCH,0.5547521789919246
0x49aa5f121f20c02e73cd59e26460b4642c275abd,BLUR,0.4454632590488187
0x49aa5f121f20c02e73cd59e26460b4642c275abd,BNB,0.5278608606980436
0x49aa5f121f20c02e73cd59e26460b4642c275abd,BONK,0.5271949121252939
0x49aa5f121f20c02e73cd59e26460b4642c275abd,BTC,0.5969855682584523
0x49aa5f121f20c02e73cd59e26460b4642c275abd,C98,0.4949510187188917
0x49aa5f121f20c02e73cd59e26460b4642c275abd,CAKE,0.5318643939058119
0x49aa5f121f20c02e73cd59e26460b4642c275abd,COMP,0.5452224036787789
0x49aa5f121f20c02e73cd59e26460b4642c275abd,CRV,0.4972850506842415
0x49aa5f121f20c02e73cd59e26460b4642c275abd,CVX,0.4932899276912957
0x49aa5f121f20c02e73cd59e26460b4642c275abd,DAI,0.573286700408532
0x49aa5f121f20c02e73cd59e26460b4642c275abd,DAO,0.5217590048168442
0x49aa5f121f20c02e73cd59e26460b4642c275abd,DOGE,0.5380616526319394
0x49aa5f121f20c02e73cd59e26460b4642c275abd,DOT,0.5482052226772326
0x49aa5f121f20c02e73cd59e26460b4642c275abd,DYDX,0.4851149205672778
0x49aa5f121f20c02e73cd59e26460b4642c275abd,EOS,0.5334318489151528
0x49aa5f121f20c02e73cd59e26460b4642c275abd,ETC,0.5366991996846017
0x49aa5f121f20c02e73cd59e26460b4642c275abd,ETH,0.6279773754642406
0x49aa5f121f20c02e73cd59e26460b4642c275abd,FET,0.5645249170997444
0x49aa5f121f20c02e73cd59e26460b4642c275abd,FIL,0.5215245080388756
0x49aa5f121f20c02e73cd59e26460b4642c275abd,FRAX,0.5490343710437966
0x49aa5f121f20c02e73cd59e26460b4642c275abd,FTM,0.4492629618467493
0x49aa5f121f20c02e73cd59e26460b4642c275abd,FXS,0.473974951435061
0x49aa5f121f20c02e73cd59e26460b4642c275abd,GRT,0.5281397977920439
0x49aa5f121f20c02e73cd59e26460b4642c275abd,HAI,0.5026853990377198
0x49aa5f121f20c02e73cd59e26460b4642c275abd,HERO,0.533599240355621
0x49aa5f121f20c02e73cd59e26460b4642c275abd,ICP,0.4924122130059862
0x49aa5f121f20c02e73cd59e26460b4642c275abd,IMX,0.5403405303854569
0x49aa5f121f20c02e73cd59e26460b4642c275abd,INJ,0.519099680258506
0x49aa5f121f20c02e73cd59e26460b4642c275abd,LDO,0.5115930019086276
0x49aa5f121f20c02e73cd59e26460b4642c275abd,LINK,0.5838245705440973
0x49aa5f121f20c02e73cd59e26460b4642c275abd,LTC,0.5421339360185402
0x49aa5f121f20c02e73cd59e26460b4642c275abd,MATIC,0.5293151329583273
0x49aa5f121f20c02e73cd59e26460b4642c275abd,MAV,0.4326185413324392
0x49aa5f121f20c02e73cd59e26460b4642c275abd,MBOX,0.5163202253579551
0x49aa5f121f20c02e73cd59e26460b4642c275abd,MKR,0.5028903768760504
0x49aa5f121f20c02e73cd59e26460b4642c275abd,MOON,0.5489984270374096
0x49aa5f121f20c02e73cd59e26460b4642c275abd,NEAR,0.506699471606029
0x49aa5f121f20c02e73cd59e26460b4642c275abd,OP,0.5323122478106613
0x49aa5f121f20c02e73cd59e26460b4642c275abd,PENDLE,0.4749415616191706
0x49aa5f121f20c02e73cd59e26460b4642c275abd,PEPE,0.5647610139102547
0x49aa5f121f20c02e73cd59e26460b4642c275abd,PERP,0.456552319059529
0x49aa5f121f20c02e73cd59e26460b4642c275abd,PIT,0.5493387913647052
0x49aa5f121f20c02e73cd59e26460b4642c275abd,POLS,0.5257183592485178
0x49aa5f121f20c02e73cd59e26460b4642c275abd,PYTH,0.5003947359204698
0x49aa5f121f20c02e73cd59e26460b4642c275abd,QUACK,0.5411185379776946
0x49aa5f121f20c02e73cd59e26460b4642c275abd,RDNT,0.5210753075318363
0x49aa5f121f20c02e73cd59e26460b4642c275abd,RNDR,0.5351660147369615
0x49aa5f121f20c02e73cd59e26460b4642c275abd,RPL,0.5077613581296491
0x49aa5f121f20c02e73cd59e26460b4642c275abd,RUNE,0.4401582082604579
0x49aa5f121f20c02e73cd59e26460b4642c275abd,SFP,0.5076946697091107
0x49aa5f121f20c02e73cd59e26460b4642c275abd,SFUND,0.5184932125738446
0x49aa5f121f20c02e73cd59e26460b4642c275abd,SHIB,0.5533839145873578
0x49aa5f121f20c02e73cd59e26460b4642c275abd,SOL,0.5179006552522164
0x49aa5f121f20c02e73cd59e26460b4642c275abd,STG,0.5139207145136415
0x49aa5f121f20c02e73cd59e26460b4642c275abd,SUI,0.4677805665640331
0x49aa5f121f20c02e73cd59e26460b4642c275abd,SUSHI,0.5436498262176256
0x49aa5f121f20c02e73cd59e26460b4642c275abd,TIA,0.5112183364153968
0x49aa5f121f20c02e73cd59e26460b4642c275abd,TOKEN,0.4604952116539011
0x49aa5f121f20c02e73cd59e26460b4642c275abd,TRX,0.5552902412554007
0x49aa5f121f20c02e73cd59e26460b4642c275abd,UNI,0.5523800945557593
0x49aa5f121f20c02e73cd59e26460b4642c275abd,USDT,0.5681279200729836
0x49aa5f121f20c02e73cd59e26460b4642c275abd,XLM,0.5352359128783882
0x49aa5f121f20c02e73cd59e26460b4642c275abd,XMR,0.5385201338369056
0x49aa5f121f20c02e73cd59e26460b4642c275abd,XRP,0.5109299100255386
0x49aa5f121f20c02e73cd59e26460b4642c275abd,XTZ,0.5228436947815442
0x49aa5f121f20c02e73cd59e26460b4642c275abd,XVS,0.4732769044313251
0x49aa5f121f20c02e73cd59e26460b4642c275abd,YFI,0.5470729906128379
0x4ad829a7609357a7d05737526fe13bbdd18427b5,AAVE,0.4650834
0x4ad829a7609357a7d05737526fe13bbdd18427b5,ADA,0.52803826
0x4ad829a7609357a7d05737526fe13bbdd18427b5,ALGO,0.51558465
0x4ad829a7609357a7d05737526fe13bbdd18427b5,APE,0.53094715
0x4ad829a7609357a7d05737526fe13bbdd18427b5,APT,0.5015432
0x4ad829a7609357a7d05737526fe13bbdd18427b5,ATOM,0.535253
0x4ad829a7609357a7d05737526fe13bbdd18427b5,AVAX,0.5274858
0x4ad829a7609357a7d05737526fe13bbdd18427b5,AXS,0.5270139
0x4ad829a7609357a7d05737526fe13bbdd18427b5,BAL,0.50850266
0x4ad829a7609357a7d05737526fe13bbdd18427b5,BCH,0.5225043
0x4ad829a7609357a7d05737526fe13bbdd18427b5,BLUR,0.45741552
0x4ad829a7609357a7d05737526fe13bbdd18427b5,BNB,0.52562636
0x4ad829a7609357a7d05737526fe13bbdd18427b5,BONK,0.52453476
0x4ad829a7609357a7d05737526fe13bbdd18427b5,BTC,0.5275833
0x4ad829a7609357a7d05737526fe13bbdd18427b5,C98,0.49592662
0x4ad829a7609357a7d05737526fe13bbdd18427b5,CAKE,0.5149425
0x4ad829a7609357a7d05737526fe13bbdd18427b5,COMP,0.5346557
0x4ad829a7609357a7d05737526fe13bbdd18427b5,CRV,0.49837866
0x4ad829a7609357a7d05737526fe13bbdd18427b5,CVX,0.492121
0x4ad829a7609357a7d05737526fe13bbdd18427b5,DAI,0.54302746
0x4ad829a7609357a7d05737526fe13bbdd18427b5,DAO,0.5194769
0x4ad829a7609357a7d05737526fe13bbdd18427b5,DOGE,0.5243158
0x4ad829a7609357a7d05737526fe13bbdd18427b5,DOT,0.53203654
0x4ad829a7609357a7d05737526fe13bbdd18427b5,DYDX,0.49106959
0x4ad829a7609357a7d05737526fe13bbdd18427b5,EOS,0.52948296
0x4ad829a7609357a7d05737526fe13bbdd18427b5,ETC,0.5375512
0x4ad829a7609357a7d05737526fe13bbdd18427b5,ETH,0.5452005
0x4ad829a7609357a7d05737526fe13bbdd18427b5,FET,0.52821827
0x4ad829a7609357a7d05737526fe13bbdd18427b5,FIL,0.5289659
0x4ad829a7609357a7d05737526fe13bbdd18427b5,FRAX,0.5127572
0x4ad829a7609357a7d05737526fe13bbdd18427b5,FTM,0.45369256
0x4ad829a7609357a7d05737526fe13bbdd18427b5,FXS,0.47124526
0x4ad829a7609357a7d05737526fe13bbdd18427b5,GRT,0.5132003
0x4ad829a7609357a7d05737526fe13bbdd18427b5,HAI,0.51830196
0x4ad829a7609357a7d05737526fe13bbdd18427b5,HERO,0.5151101
0x4ad829a7609357a7d05737526fe13bbdd18427b5,ICP,0.49882933
0x4ad829a7609357a7d05737526fe13bbdd18427b5,IMX,0.52223
0x4ad829a7609357a7d05737526fe13bbdd18427b5,INJ,0.50458026
0x4ad829a7609357a7d05737526fe13bbdd18427b5,LDO,0.507093
0x4ad829a7609357a7d05737526fe13bbdd18427b5,LINK,0.5275291
0x4ad829a7609357a7d05737526fe13bbdd18427b5,LTC,0.5077882
0x4ad829a7609357a7d05737526fe13bbdd18427b5,MATIC,0.5272028
0x4ad829a7609357a7d05737526fe13bbdd18427b5,MAV,0.44620842
0x4ad829a7609357a7d05737526fe13bbdd18427b5,MBOX,0.50480336
0x4ad829a7609357a7d05737526fe13bbdd18427b5,MKR,0.5340202
0x4ad829a7609357a7d05737526fe13bbdd18427b5,MOON,0.51528454
0x4ad829a7609357a7d05737526fe13bbdd18427b5,NEAR,0.51263773
0x4ad829a7609357a7d05737526fe13bbdd18427b5,OP,0.5230955
0x4ad829a7609357a7d05737526fe13bbdd18427b5,PENDLE,0.4670093
0x4ad829a7609357a7d05737526fe13bbdd18427b5,PEPE,0.5143756
0x4ad829a7609357a7d05737526fe13bbdd18427b5,PERP,0.46761435
0x4ad829a7609357a7d05737526fe13bbdd18427b5,PIT,0.527436
0x4ad829a7609357a7d05737526fe13bbdd18427b5,POLS,0.51727456
0x4ad829a7609357a7d05737526fe13bbdd18427b5,PYTH,0.50976425
0x4ad829a7609357a7d05737526fe13bbdd18427b5,QUACK,0.5304139
0x4ad829a7609357a7d05737526fe13bbdd18427b5,RDNT,0.52314466
0x4ad829a7609357a7d05737526fe13bbdd18427b5,RNDR,0.51219
0x4ad829a7609357a7d05737526fe13bbdd18427b5,RPL,0.5182513
0x4ad829a7609357a7d05737526fe13bbdd18427b5,RUNE,0.48540625
0x4ad829a7609357a7d05737526fe13bbdd18427b5,SFP,0.5242734
0x4ad829a7609357a7d05737526fe13bbdd18427b5,SFUND,0.526882
0x4ad829a7609357a7d05737526fe13bbdd18427b5,SHIB,0.53121096
0x4ad829a7609357a7d05737526fe13bbdd18427b5,SOL,0.5028719
0x4ad829a7609357a7d05737526fe13bbdd18427b5,STG,0.5209631
0x4ad829a7609357a7d05737526fe13bbdd18427b5,SUI,0.5300036
0x4ad829a7609357a7d05737526fe13bbdd18427b5,SUSHI,0.52159494
0x4ad829a7609357a7d05737526fe13bbdd18427b5,TIA,0.52861285
0x4ad829a7609357a7d05737526fe13bbdd18427b5,TOKEN,0.45416084
0x4ad829a7609357a7d05737526fe13bbdd18427b5,TRX,0.51187176
0x4ad829a7609357a7d05737526fe13bbdd18427b5,UNI,0.51617235
0x4ad829a7609357a7d05737526fe13bbdd18427b5,USDT,0.5392823
0x4ad829a7609357a7d05737526fe13bbdd18427b5,XLM,0.51658195
0x4ad829a7609357a7d05737526fe13bbdd18427b5,XMR,0.5029865
0x4ad829a7609357a7d05737526fe13bbdd18427b5,XRP,0.5185315
0x4ad829a7609357a7d05737526fe13bbdd18427b5,XTZ,0.52159935
0x4ad829a7609357a7d05737526fe13bbdd18427b5,XVS,0.48018527
0x4ad829a7609357a7d05737526fe13bbdd18427b5,YFI,0.5341444
0x521c9c1d68f8684b098be00a5cf479e9aaebf0f7,AAVE,0.5110016
0x521c9c1d68f8684b098be00a5cf479e9aaebf0f7,ADA,0.5166215
0x521c9c1d68f8684b098be00a5cf479e9aaebf0f7,ALGO,0.5165657
0x521c9c1d68f8684b098be00a5cf479e9aaebf0f7,APE,0.5212089
0x521c9c1d68f8684b098be00a5cf479e9aaebf0f7,APT,0.5126825
0x521c9c1d68f8684b098be00a5cf479e9aaebf0f7,ATOM,0.5180244
0x521c9c1d68f8684b098be00a5cf479e9aaebf0f7,AVAX,0.5198869
0x521c9c1d68f8684b098be00a5cf479e9aaebf0f7,AXS,0.51854247
0x521c9c1d68f8684b098be00a5cf479e9aaebf0f7,BAL,0.5192266
0x521c9c1d68f8684b098be00a5cf479e9aaebf0f7,BCH,0.51761985
0x521c9c1d68f8684b098be00a5cf479e9aaebf0f7,BLUR,0.5152419
0x521c9c1d68f8684b098be00a5cf479e9aaebf0f7,BNB,0.51788676
0x521c9c1d68f8684b098be00a5cf479e9aaebf0f7,BONK,0.5175958
0x521c9c1d68f8684b098be00a5cf479e9aaebf0f7,BTC,0.51408386
0x521c9c1d68f8684b098be00a5cf479e9aaebf0f7,C98,0.5174248
0x521c9c1d68f8684b098be00a5cf479e9aaebf0f7,CAKE,0.5168673
0x521c9c1d68f8684b098be00a5cf479e9aaebf0f7,COMP,0.5162066
0x521c9c1d68f8684b098be00a5cf479e9aaebf0f7,CRV,0.5139619
0x521c9c1d68f8684b098be00a5cf479e9aaebf0f7,CVX,0.5126748
0x521c9c1d68f8684b098be00a5cf479e9aaebf0f7,DAI,0.513741
0x521c9c1d68f8684b098be00a5cf479e9aaebf0f7,DAO,0.519381
0x521c9c1d68f8684b098be00a5cf479e9aaebf0f7,DOGE,0.51702
0x521c9c1d68f8684b098be00a5cf479e9aaebf0f7,DOT,0.51818466
0x521c9c1d68f8684b098be00a5cf479e9aaebf0f7,DYDX,0.51871485
0x521c9c1d68f8684b098be00a5cf479e9aaebf0f7,EOS,0.51702154
0x521c9c1d68f8684b098be00a5cf479e9aaebf0f7,ETC,0.5178403
0x521c9c1d68f8684b098be00a5cf479e9aaebf0f7,ETH,0.5165567
0x521c9c1d68f8684b098be00a5cf479e9aaebf0f7,FET,0.5169682
0x521c9c1d68f8684b098be00a5cf479e9aaebf0f7,FIL,0.5150606
0x521c9c1d68f8684b098be00a5cf479e9aaebf0f7,FRAX,0.51101756
0x521c9c1d68f8684b098be00a5cf479e9aaebf0f7,FTM,0.51911217
0x521c9c1d68f8684b098be00a5cf479e9aaebf0f7,FXS,0.51782376
0x521c9c1d68f8684b098be00a5cf479e9aaebf0f7,GRT,0.52020407
0x521c9c1d68f8684b098be00a5cf479e9aaebf0f7,HAI,0.5128299
0x521c9c1d68f8684b098be00a5cf479e9aaebf0f7,HERO,0.5165204
0x521c9c1d68f8684b098be00a5cf479e9aaebf0f7,ICP,0.5194754
0x521c9c1d68f8684b098be00a5cf479e9aaebf0f7,IMX,0.5179399
0x521c9c1d68f8684b098be00a5cf479e9aaebf0f7,INJ,0.51723546
0x521c9c1d68f8684b098be00a5cf479e9aaebf0f7,LDO,0.519467
0x521c9c1d68f8684b098be00a5cf479e9aaebf0f7,LINK,0.51797783
0x521c9c1d68f8684b098be00a5cf479e9aaebf0f7,LTC,0.51796156
0x521c9c1d68f8684b098be00a5cf479e9aaebf0f7,MATIC,0.5177998
0x521c9c1d68f8684b098be00a5cf479e9aaebf0f7,MAV,0.51102597
0x521c9c1d68f8684b098be00a5cf479e9aaebf0f7,MBOX,0.5169611
0x521c9c1d68f8684b098be00a5cf479e9aaebf0f7,MKR,0.5170427
0x521c9c1d68f8684b098be00a5cf479e9aaebf0f7,MOON,0.51392
0x521c9c1d68f8684b098be00a5cf479e9aaebf0f7,NEAR,0.51911086
0x521c9c1d68f8684b098be00a5cf479e9aaebf0f7,OP,0.51747507
0x521c9c1d68f8684b098be00a5cf479e9aaebf0f7,PENDLE,0.5158277
0x521c9c1d68f8684b098be00a5cf479e9aaebf0f7,PEPE,0.5171797
0x521c9c1d68f8684b098be00a5cf479e9aaebf0f7,PERP,0.5136906
0x521c9c1d68f8684b098be00a5cf479e9aaebf0f7,PIT,0.51423556
0x521c9c1d68f8684b098be00a5cf479e9aaebf0f7,POLS,0.5129129
0x521c9c1d68f8684b098be00a5cf479e9aaebf0f7,PYTH,0.5145105
0x521c9c1d68f8684b098be00a5cf479e9aaebf0f7,QUACK,0.51900536
0x521c9c1d68f8684b098be00a5cf479e9aaebf0f7,RDNT,0.5161728
0x521c9c1d68f8684b098be00a5cf479e9aaebf0f7,RNDR,0.5183848
0x521c9c1d68f8684b098be00a5cf479e9aaebf0f7,RPL,0.5185339
0x521c9c1d68f8684b098be00a5cf479e9aaebf0f7,RUNE,0.5177257
0x521c9c1d68f8684b098be00a5cf479e9aaebf0f7,SFP,0.51098794
0x521c9c1d68f8684b098be00a5cf479e9aaebf0f7,SFUND,0.5171806
0x521c9c1d68f8684b098be00a5cf479e9aaebf0f7,SHIB,0.51780033
0x521c9c1d68f8684b098be00a5cf479e9aaebf0f7,SOL,0.513761
0x521c9c1d68f8684b098be00a5cf479e9aaebf0f7,STG,0.50845814
0x521c9c1d68f8684b098be00a5cf479e9aaebf0f7,SUI,0.5048659
0x521c9c1d68f8684b098be00a5cf479e9aaebf0f7,SUSHI,0.51592296
0x521c9c1d68f8684b098be00a5cf479e9aaebf0f7,TIA,0.51388216
0x521c9c1d68f8684b098be00a5cf479e9aaebf0f7,TOKEN,0.50523
0x521c9c1d68f8684b098be00a5cf479e9aaebf0f7,TRX,0.5147445
0x521c9c1d68f8684b098be00a5cf479e9aaebf0f7,UNI,0.51986617
0x521c9c1d68f8684b098be00a5cf479e9aaebf0f7,USDT,0.5159389
0x521c9c1d68f8684b098be00a5cf479e9aaebf0f7,XLM,0.5128042
0x521c9c1d68f8684b098be00a5cf479e9aaebf0f7,XMR,0.5164221
0x521c9c1d68f8684b098be00a5cf479e9aaebf0f7,XRP,0.5103784
0x521c9c1d68f8684b098be00a5cf479e9aaebf0f7,XTZ,0.51655644
0x521c9c1d68f8684b098be00a5cf479e9aaebf0f7,XVS,0.51369995
0x521c9c1d68f8684b098be00a5cf479e9aaebf0f7,YFI,0.51840025
0x56d3fc9aa7062fd7b893c1ae33b365776ae1ee9d,AAVE,0.4517671
0x56d3fc9aa7062fd7b893c1ae33b365776ae1ee9d,ADA,0.480958
0x56d3fc9aa7062fd7b893c1ae33b365776ae1ee9d,ALGO,0.5133807
0x56d3fc9aa7062fd7b893c1ae33b365776ae1ee9d,APE,0.5818927
0x56d3fc9aa7062fd7b893c1ae33b365776ae1ee9d,APT,0.42175865
0x56d3fc9aa7062fd7b893c1ae33b365776ae1ee9d,ATOM,0.57702065
0x56d3fc9aa7062fd7b893c1ae33b365776ae1ee9d,AVAX,0.5852512
0x56d3fc9aa7062fd7b893c1ae33b365776ae1ee9d,AXS,0.53000855
0x56d3fc9aa7062fd7b893c1ae33b365776ae1ee9d,BAL,0.52479833
0x56d3fc9aa7062fd7b893c1ae33b365776ae1ee9d,BCH,0.48562482
0x56d3fc9aa7062fd7b893c1ae33b365776ae1ee9d,BLUR,0.46700564
0x56d3fc9aa7062fd7b893c1ae33b365776ae1ee9d,BNB,0.5601757
0x56d3fc9aa7062fd7b893c1ae33b365776ae1ee9d,BONK,0.49283984
0x56d3fc9aa7062fd7b893c1ae33b365776ae1ee9d,BTC,0.670168
0x56d3fc9aa7062fd7b893c1ae33b365776ae1ee9d,C98,0.49946785
0x56d3fc9aa7062fd7b893c1ae33b365776ae1ee9d,CAKE,0.53040475
0x56d3fc9aa7062fd7b893c1ae33b365776ae1ee9d,COMP,0.5458313
0x56d3fc9aa7062fd7b893c1ae33b365776ae1ee9d,CRV,0.43150532
0x56d3fc9aa7062fd7b893c1ae33b365776ae1ee9d,CVX,0.5261253
0x56d3fc9aa7062fd7b893c1ae33b365776ae1ee9d,DAI,0.6587011
0x56d3fc9aa7062fd7b893c1ae33b365776ae1ee9d,DAO,0.5279976
0x56d3fc9aa7062fd7b893c1ae33b365776ae1ee9d,DOGE,0.5699753
0x56d3fc9aa7062fd7b893c1ae33b365776ae1ee9d,DOT,0.5967093
0x56d3fc9aa7062fd7b893c1ae33b365776ae1ee9d,DYDX,0.45422235
0x56d3fc9aa7062fd7b893c1ae33b365776ae1ee9d,EOS,0.5954029
0x56d3fc9aa7062fd7b893c1ae33b365776ae1ee9d,ETC,0.5995989
0x56d3fc9aa7062fd7b893c1ae33b365776ae1ee9d,ETH,0.56343627
0x56d3fc9aa7062fd7b893c1ae33b365776ae1ee9d,FET,0.49471453
0x56d3fc9aa7062fd7b893c1ae33b365776ae1ee9d,FIL,0.5101732
0x56d3fc9aa7062fd7b893c1ae33b365776ae1ee9d,FRAX,0.50038016
0x56d3fc9aa7062fd7b893c1ae33b365776ae1ee9d,FTM,0.4688797
0x56d3fc9aa7062fd7b893c1ae33b365776ae1ee9d,FXS,0.4811048
0x56d3fc9aa7062fd7b893c1ae33b365776ae1ee9d,GRT,0.56448007
0x56d3fc9aa7062fd7b893c1ae33b365776ae1ee9d,HAI,0.5571097
0x56d3fc9aa7062fd7b893c1ae33b365776ae1ee9d,HERO,0.5012555
0x56d3fc9aa7062fd7b893c1ae33b365776ae1ee9d,ICP,0.5241298
0x56d3fc9aa7062fd7b893c1ae33b365776ae1ee9d,IMX,0.5036816
0x56d3fc9aa7062fd7b893c1ae33b365776ae1ee9d,INJ,0.5512398
0x56d3fc9aa7062fd7b893c1ae33b365776ae1ee9d,LDO,0.5566598
0x56d3fc9aa7062fd7b893c1ae33b365776ae1ee9d,LINK,0.63988614
0x56d3fc9aa7062fd7b893c1ae33b365776ae1ee9d,LTC,0.48192725
0x56d3fc9aa7062fd7b893c1ae33b365776ae1ee9d,MATIC,0.60217786
0x56d3fc9aa7062fd7b893c1ae33b365776ae1ee9d,MAV,0.47281918
0x56d3fc9aa7062fd7b893c1ae33b365776ae1ee9d,MBOX,0.45379773
0x56d3fc9aa7062fd7b893c1ae33b365776ae1ee9d,MKR,0.50759566
0x56d3fc9aa7062fd7b893c1ae33b365776ae1ee9d,MOON,0.5326194
0x56d3fc9aa7062fd7b893c1ae33b365776ae1ee9d,NEAR,0.48458928
0x56d3fc9aa7062fd7b893c1ae33b365776ae1ee9d,OP,0.6298464
0x56d3fc9aa7062fd7b893c1ae33b365776ae1ee9d,PENDLE,0.41573983
0x56d3fc9aa7062fd7b893c1ae33b365776ae1ee9d,PEPE,0.5934136
0x56d3fc9aa7062fd7b893c1ae33b365776ae1ee9d,PERP,0.47913843
0x56d3fc9aa7062fd7b893c1ae33b365776ae1ee9d,PIT,0.5715005
0x56d3fc9aa7062fd7b893c1ae33b365776ae1ee9d,POLS,0.5067248
0x56d3fc9aa7062fd7b893c1ae33b365776ae1ee9d,PYTH,0.5226379
0x56d3fc9aa7062fd7b893c1ae33b365776ae1ee9d,QUACK,0.5441513
0x56d3fc9aa7062fd7b893c1ae33b365776ae1ee9d,RDNT,0.52234894
0x56d3fc9aa7062fd7b893c1ae33b365776ae1ee9d,RNDR,0.564571
0x56d3fc9aa7062fd7b893c1ae33b365776ae1ee9d,RPL,0.48699126
0x56d3fc9aa7062fd7b893c1ae33b365776ae1ee9d,RUNE,0.43940878
0x56d3fc9aa7062fd7b893c1ae33b365776ae1ee9d,SFP,0.50770545
0x56d3fc9aa7062fd7b893c1ae33b365776ae1ee9d,SFUND,0.51552254
0x56d3fc9aa7062fd7b893c1ae33b365776ae1ee9d,SHIB,0.56468916
0x56d3fc9aa7062fd7b893c1ae33b365776ae1ee9d,SOL,0.5977624
0x56d3fc9aa7062fd7b893c1ae33b365776ae1ee9d,STG,0.5839402
0x56d3fc9aa7062fd7b893c1ae33b365776ae1ee9d,SUI,0.416241
0x56d3fc9aa7062fd7b893c1ae33b365776ae1ee9d,SUSHI,0.5856726
0x56d3fc9aa7062fd7b893c1ae33b365776ae1ee9d,TIA,0.4726967
0x56d3fc9aa7062fd7b893c1ae33b365776ae1ee9d,TOKEN,0.45487335
0x56d3fc9aa7062fd7b893c1ae33b365776ae1ee9d,TRX,0.5238164
0x56d3fc9aa7062fd7b893c1ae33b365776ae1ee9d,UNI,0.5737139
0x56d3fc9aa7062fd7b893c1ae33b365776ae1ee9d,USDT,0.57635
0x56d3fc9aa7062fd7b893c1ae33b365776ae1ee9d,XLM,0.57508355
0x56d3fc9aa7062fd7b893c1ae33b365776ae1ee9d,XMR,0.5158362
0x56d3fc9aa7062fd7b893c1ae33b365776ae1ee9d,XRP,0.5775106
0x56d3fc9aa7062fd7b893c1ae33b365776ae1ee9d,XTZ,0.51132894
0x56d3fc9aa7062fd7b893c1ae33b365776ae1ee9d,XVS,0.45768017
0x56d3fc9aa7062fd7b893c1ae33b365776ae1ee9d,YFI,0.5676569
0x5888ee085c125948e874bf1641cfa24661f2786b,AAVE,0.4250238622291639
0x5888ee085c125948e874bf1641cfa24661f2786b,ADA,0.4331654296556542
0x5888ee085c125948e874bf1641cfa24661f2786b,ALGO,0.396848277005166
0x5888ee085c125948e874bf1641cfa24661f2786b,APE,0.4547230823432516
0x5888ee085c125948e874bf1641cfa24661f2786b,APT,0.3993698806539604
0x5888ee085c125948e874bf1641cfa24661f2786b,ATOM,0.4643154544381075
0x5888ee085c125948e874bf1641cfa24661f2786b,AVAX,0.4591135693314147
0x5888ee085c125948e874bf1641cfa24661f2786b,AXS,0.4425709135086129
0x5888ee085c125948e874bf1641cfa24661f2786b,BAL,0.4723786893418904
0x5888ee085c125948e874bf1641cfa24661f2786b,BCH,0.4543700893745418
0x5888ee085c125948e874bf1641cfa24661f2786b,BLUR,0.3564806297594303
0x5888ee085c125948e874bf1641cfa24661f2786b,BNB,0.4157677457955379
0x5888ee085c125948e874bf1641cfa24661f2786b,BONK,0.4548174786120378
0x5888ee085c125948e874bf1641cfa24661f2786b,BTC,0.4863371416365709
0x5888ee085c125948e874bf1641cfa24661f2786b,C98,0.4608516945597471
0x5888ee085c125948e874bf1641cfa24661f2786b,CAKE,0.4555924190194925
0x5888ee085c125948e874bf1641cfa24661f2786b,COMP,0.4650569030989564
0x5888ee085c125948e874bf1641cfa24661f2786b,CRV,0.4076539803240498
0x5888ee085c125948e874bf1641cfa24661f2786b,CVX,0.445621170455499
0x5888ee085c125948e874bf1641cfa24661f2786b,DAI,0.4007633595242725
0x5888ee085c125948e874bf1641cfa24661f2786b,DAO,0.4600846339432979
0x5888ee085c125948e874bf1641cfa24661f2786b,DOGE,0.4331401077722342
0x5888ee085c125948e874bf1641cfa24661f2786b,DOT,0.4412168582266154
0x5888ee085c125948e874bf1641cfa24661f2786b,DYDX,0.393400074575875
0x5888ee085c125948e874bf1641cfa24661f2786b,EOS,0.4322473662685763
0x5888ee085c125948e874bf1641cfa24661f2786b,ETC,0.4498411846906696
0x5888ee085c125948e874bf1641cfa24661f2786b,ETH,0.492533209288347
0x5888ee085c125948e874bf1641cfa24661f2786b,FET,0.4969756820499286
0x5888ee085c125948e874bf1641cfa24661f2786b,FIL,0.4433788268143041
0x5888ee085c125948e874bf1641cfa24661f2786b,FRAX,0.4270542084821335
0x5888ee085c125948e874bf1641cfa24661f2786b,FTM,0.406717090009745
0x5888ee085c125948e874bf1641cfa24661f2786b,FXS,0.4389008768892218
0x5888ee085c125948e874bf1641cfa24661f2786b,GRT,0.4620728579710997
0x5888ee085c125948e874bf1641cfa24661f2786b,HAI,0.4207063909454607
0x5888ee085c125948e874bf1641cfa24661f2786b,HERO,0.4112899215129547
0x5888ee085c125948e874bf1641cfa24661f2786b,ICP,0.4520303388072013
0x5888ee085c125948e874bf1641cfa24661f2786b,IMX,0.4785782234820656
0x5888ee085c125948e874bf1641cfa24661f2786b,INJ,0.4781141495314979
0x5888ee085c125948e874bf1641cfa24661f2786b,LDO,0.44395120779464
0x5888ee085c125948e874bf1641cfa24661f2786b,LINK,0.4971290625795631
0x5888ee085c125948e874bf1641cfa24661f2786b,LTC,0.4411914354445241
0x5888ee085c125948e874bf1641cfa24661f2786b,MATIC,0.4352230984494888
0x5888ee085c125948e874bf1641cfa24661f2786b,MAV,0.349262065726901
0x5888ee085c125948e874bf1641cfa24661f2786b,MBOX,0.4676112081565041
0x5888ee085c125948e874bf1641cfa24661f2786b,MKR,0.50726138981256
0x5888ee085c125948e874bf1641cfa24661f2786b,MOON,0.4722392053711194
0x5888ee085c125948e874bf1641cfa24661f2786b,NEAR,0.4591267906176419
0x5888ee085c125948e874bf1641cfa24661f2786b,OP,0.4535477356671097
0x5888ee085c125948e874bf1641cfa24661f2786b,PENDLE,0.4354762329105395
0x5888ee085c125948e874bf1641cfa24661f2786b,PEPE,0.454081266829191
0x5888ee085c125948e874bf1641cfa24661f2786b,PERP,0.4020430553775662
0x5888ee085c125948e874bf1641cfa24661f2786b,PIT,0.4444556917204366
0x5888ee085c125948e874bf1641cfa24661f2786b,POLS,0.465018169170182
0x5888ee085c125948e874bf1641cfa24661f2786b,PYTH,0.4244167706083168
0x5888ee085c125948e874bf1641cfa24661f2786b,QUACK,0.4449422595157898
0x5888ee085c125948e874bf1641cfa24661f2786b,RDNT,0.4646036352708358
0x5888ee085c125948e874bf1641cfa24661f2786b,RNDR,0.4657770002316754
0x5888ee085c125948e874bf1641cfa24661f2786b,RPL,0.4578346974319465
0x5888ee085c125948e874bf1641cfa24661f2786b,RUNE,0.3590254602349363
0x5888ee085c125948e874bf1641cfa24661f2786b,SFP,0.4255537252265331
0x5888ee085c125948e874bf1641cfa24661f2786b,SFUND,0.4587358037066718
0x5888ee085c125948e874bf1641cfa24661f2786b,SHIB,0.4429117854063916
0x5888ee085c125948e874bf1641cfa24661f2786b,SOL,0.4513176066771212
0x5888ee085c125948e874bf1641cfa24661f2786b,STG,0.4525648699632642
0x5888ee085c125948e874bf1641cfa24661f2786b,SUI,0.4119410206992489
0x5888ee085c125948e874bf1641cfa24661f2786b,SUSHI,0.4831742937596694
0x5888ee085c125948e874bf1641cfa24661f2786b,TIA,0.3996778481955221
0x5888ee085c125948e874bf1641cfa24661f2786b,TOKEN,0.3791423533677281
0x5888ee085c125948e874bf1641cfa24661f2786b,TRX,0.4826551282807568
0x5888ee085c125948e874bf1641cfa24661f2786b,UNI,0.4669364236068818
0x5888ee085c125948e874bf1641cfa24661f2786b,USDT,0.4144667404920696
0x5888ee085c125948e874bf1641cfa24661f2786b,XLM,0.4334878621259537
0x5888ee085c125948e874bf1641cfa24661f2786b,XMR,0.4558136943987375
0x5888ee085c125948e874bf1641cfa24661f2786b,XRP,0.4218578049164377
0x5888ee085c125948e874bf1641cfa24661f2786b,XTZ,0.4494066328459668
0x5888ee085c125948e874bf1641cfa24661f2786b,XVS,0.3902566646310641
0x5888ee085c125948e874bf1641cfa24661f2786b,YFI,0.4492560188421481
0x5dbda63f6d8b260b4963e6ab832bcd6cf7bf6e94,AAVE,0.5311020160677735
0x5dbda63f6d8b260b4963e6ab832bcd6cf7bf6e94,ADA,0.5140992569919935
0x5dbda63f6d8b260b4963e6ab832bcd6cf7bf6e94,ALGO,0.497648111896976
0x5dbda63f6d8b260b4963e6ab832bcd6cf7bf6e94,APE,0.5184927968434137
0x5dbda63f6d8b260b4963e6ab832bcd6cf7bf6e94,APT,0.5084087097022492
0x5dbda63f6d8b260b4963e6ab832bcd6cf7bf6e94,ATOM,0.5472059822472402
0x5dbda63f6d8b260b4963e6ab832bcd6cf7bf6e94,AVAX,0.5115766767033336
0x5dbda63f6d8b260b4963e6ab832bcd6cf7bf6e94,AXS,0.5089679108360103
0x5dbda63f6d8b260b4963e6ab832bcd6cf7bf6e94,BAL,0.561535074596049
0x5dbda63f6d8b260b4963e6ab832bcd6cf7bf6e94,BCH,0.5500694728507609
0x5dbda63f6d8b260b4963e6ab832bcd6cf7bf6e94,BLUR,0.4215972564736546
0x5dbda63f6d8b260b4963e6ab832bcd6cf7bf6e94,BNB,0.522803782808299
0x5dbda63f6d8b260b4963e6ab832bcd6cf7bf6e94,BONK,0.5559256697349113
0x5dbda63f6d8b260b4963e6ab832bcd6cf7bf6e94,BTC,0.5922877878607375
0x5dbda63f6d8b260b4963e6ab832bcd6cf7bf6e94,C98,0.5207530595105193
0x5dbda63f6d8b260b4963e6ab832bcd6cf7bf6e94,CAKE,0.528894551049554
0x5dbda63f6d8b260b4963e6ab832bcd6cf7bf6e94,COMP,0.564982534352584
0x5dbda63f6d8b260b4963e6ab832bcd6cf7bf6e94,CRV,0.5167942414544573
0x5dbda63f6d8b260b4963e6ab832bcd6cf7bf6e94,CVX,0.5509357267360213
0x5dbda63f6d8b260b4963e6ab832bcd6cf7bf6e94,DAI,0.5845514251215926
0x5dbda63f6d8b260b4963e6ab832bcd6cf7bf6e94,DAO,0.5331326786157465
0x5dbda63f6d8b260b4963e6ab832bcd6cf7bf6e94,DOGE,0.5140957179302719
0x5dbda63f6d8b260b4963e6ab832bcd6cf7bf6e94,DOT,0.5104202160269002
0x5dbda63f6d8b260b4963e6ab832bcd6cf7bf6e94,DYDX,0.4713072381528694
0x5dbda63f6d8b260b4963e6ab832bcd6cf7bf6e94,EOS,0.5563538592278079
0x5dbda63f6d8b260b4963e6ab832bcd6cf7bf6e94,ETC,0.5362323600483254
0x5dbda63f6d8b260b4963e6ab832bcd6cf7bf6e94,ETH,0.5896782365404803
0x5dbda63f6d8b260b4963e6ab832bcd6cf7bf6e94,FET,0.5574292470063886
0x5dbda63f6d8b260b4963e6ab832bcd6cf7bf6e94,FIL,0.5153916105420735
0x5dbda63f6d8b260b4963e6ab832bcd6cf7bf6e94,FRAX,0.6051235099621984
0x5dbda63f6d8b260b4963e6ab832bcd6cf7bf6e94,FTM,0.3914870998598149
0x5dbda63f6d8b260b4963e6ab832bcd6cf7bf6e94,FXS,0.440213487315373
0x5dbda63f6d8b260b4963e6ab832bcd6cf7bf6e94,GRT,0.5375330662411398
0x5dbda63f6d8b260b4963e6ab832bcd6cf7bf6e94,HAI,0.5412426679813449
0x5dbda63f6d8b260b4963e6ab832bcd6cf7bf6e94,HERO,0.5431544405089134
0x5dbda63f6d8b260b4963e6ab832bcd6cf7bf6e94,ICP,0.5162520364565544
0x5dbda63f6d8b260b4963e6ab832bcd6cf7bf6e94,IMX,0.562346967459024
0x5dbda63f6d8b260b4963e6ab832bcd6cf7bf6e94,INJ,0.5500434352294472
0x5dbda63f6d8b260b4963e6ab832bcd6cf7bf6e94,LDO,0.5202470830284283
0x5dbda63f6d8b260b4963e6ab832bcd6cf7bf6e94,LINK,0.5385765420496711
0x5dbda63f6d8b260b4963e6ab832bcd6cf7bf6e94,LTC,0.5314952242669877
0x5dbda63f6d8b260b4963e6ab832bcd6cf7bf6e94,MATIC,0.4766247213543703
0x5dbda63f6d8b260b4963e6ab832bcd6cf7bf6e94,MAV,0.398557252492416
0x5dbda63f6d8b260b4963e6ab832bcd6cf7bf6e94,MBOX,0.554309337631094
0x5dbda63f6d8b260b4963e6ab832bcd6cf7bf6e94,MKR,0.5922905702790627
0x5dbda63f6d8b260b4963e6ab832bcd6cf7bf6e94,MOON,0.5997724640190774
0x5dbda63f6d8b260b4963e6ab832bcd6cf7bf6e94,NEAR,0.5316526501134363
0x5dbda63f6d8b260b4963e6ab832bcd6cf7bf6e94,OP,0.5000498917701988
0x5dbda63f6d8b260b4963e6ab832bcd6cf7bf6e94,PENDLE,0.4778384795355768
0x5dbda63f6d8b260b4963e6ab832bcd6cf7bf6e94,PEPE,0.5224177681338732
0x5dbda63f6d8b260b4963e6ab832bcd6cf7bf6e94,PERP,0.436045400455716
0x5dbda63f6d8b260b4963e6ab832bcd6cf7bf6e94,PIT,0.5239355539747731
0x5dbda63f6d8b260b4963e6ab832bcd6cf7bf6e94,POLS,0.5467093975328536
0x5dbda63f6d8b260b4963e6ab832bcd6cf7bf6e94,PYTH,0.5049432665450062
0x5dbda63f6d8b260b4963e6ab832bcd6cf7bf6e94,QUACK,0.5460855934387931
0x5dbda63f6d8b260b4963e6ab832bcd6cf7bf6e94,RDNT,0.5738331065993769
0x5dbda63f6d8b260b4963e6ab832bcd6cf7bf6e94,RNDR,0.5539793526149357
0x5dbda63f6d8b260b4963e6ab832bcd6cf7bf6e94,RPL,0.5208535436789326
0x5dbda63f6d8b260b4963e6ab832bcd6cf7bf6e94,RUNE,0.3717426484326351
0x5dbda63f6d8b260b4963e6ab832bcd6cf7bf6e94,SFP,0.5444392752155962
0x5dbda63f6d8b260b4963e6ab832bcd6cf7bf6e94,SFUND,0.5573536497043077
0x5dbda63f6d8b260b4963e6ab832bcd6cf7bf6e94,SHIB,0.5040153908257737
0x5dbda63f6d8b260b4963e6ab832bcd6cf7bf6e94,SOL,0.4773626793164878
0x5dbda63f6d8b260b4963e6ab832bcd6cf7bf6e94,STG,0.5270024599727521
0x5dbda63f6d8b260b4963e6ab832bcd6cf7bf6e94,SUI,0.4429949707446157
0x5dbda63f6d8b260b4963e6ab832bcd6cf7bf6e94,SUSHI,0.5675014630096329
0x5dbda63f6d8b260b4963e6ab832bcd6cf7bf6e94,TIA,0.4963066859014103
0x5dbda63f6d8b260b4963e6ab832bcd6cf7bf6e94,TOKEN,0.4414245026278732
0x5dbda63f6d8b260b4963e6ab832bcd6cf7bf6e94,TRX,0.5516172113918839
0x5dbda63f6d8b260b4963e6ab832bcd6cf7bf6e94,UNI,0.5525227077835431
0x5dbda63f6d8b260b4963e6ab832bcd6cf7bf6e94,USDT,0.5909585590837652
0x5dbda63f6d8b260b4963e6ab832bcd6cf7bf6e94,XLM,0.5620802825319381
0x5dbda63f6d8b260b4963e6ab832bcd6cf7bf6e94,XMR,0.5644109329210565
0x5dbda63f6d8b260b4963e6ab832bcd6cf7bf6e94,XRP,0.5808885343526589
0x5dbda63f6d8b260b4963e6ab832bcd6cf7bf6e94,XTZ,0.5352842200373561
0x5dbda63f6d8b260b4963e6ab832bcd6cf7bf6e94,XVS,0.4800887824771016
0x5dbda63f6d8b260b4963e6ab832bcd6cf7bf6e94,YFI,0.5649987512074324
0x5f05ab6ed6106d6c962823e481bd9f39c6d60e96,AAVE,0.4319019
0x5f05ab6ed6106d6c962823e481bd9f39c6d60e96,ADA,0.5182341
0x5f05ab6ed6106d6c962823e481bd9f39c6d60e96,ALGO,0.5152596
0x5f05ab6ed6106d6c962823e481bd9f39c6d60e96,APE,0.5772707
0x5f05ab6ed6106d6c962823e481bd9f39c6d60e96,APT,0.4968477
0x5f05ab6ed6106d6c962823e481bd9f39c6d60e96,ATOM,0.5396387
0x5f05ab6ed6106d6c962823e481bd9f39c6d60e96,AVAX,0.5282959
0x5f05ab6ed6106d6c962823e481bd9f39c6d60e96,AXS,0.5355342
0x5f05ab6ed6106d6c962823e481bd9f39c6d60e96,BAL,0.5065535
0x5f05ab6ed6106d6c962823e481bd9f39c6d60e96,BCH,0.59877056
0x5f05ab6ed6106d6c962823e481bd9f39c6d60e96,BLUR,0.44328922
0x5f05ab6ed6106d6c962823e481bd9f39c6d60e96,BNB,0.563447
0x5f05ab6ed6106d6c962823e481bd9f39c6d60e96,BONK,0.5508225
0x5f05ab6ed6106d6c962823e481bd9f39c6d60e96,BTC,0.56439066
0x5f05ab6ed6106d6c962823e481bd9f39c6d60e96,C98,0.5138977
0x5f05ab6ed6106d6c962823e481bd9f39c6d60e96,CAKE,0.52885294
0x5f05ab6ed6106d6c962823e481bd9f39c6d60e96,COMP,0.587781
0x5f05ab6ed6106d6c962823e481bd9f39c6d60e96,CRV,0.46337405
0x5f05ab6ed6106d6c962823e481bd9f39c6d60e96,CVX,0.50038785
0x5f05ab6ed6106d6c962823e481bd9f39c6d60e96,DAI,0.59358466
0x5f05ab6ed6106d6c962823e481bd9f39c6d60e96,DAO,0.59584236
0x5f05ab6ed6106d6c962823e481bd9f39c6d60e96,DOGE,0.5256815
0x5f05ab6ed6106d6c962823e481bd9f39c6d60e96,DOT,0.55942565
0x5f05ab6ed6106d6c962823e481bd9f39c6d60e96,DYDX,0.47325334
0x5f05ab6ed6106d6c962823e481bd9f39c6d60e96,EOS,0.55999374
0x5f05ab6ed6106d6c962823e481bd9f39c6d60e96,ETC,0.55661815
0x5f05ab6ed6106d6c962823e481bd9f39c6d60e96,ETH,0.5700971
0x5f05ab6ed6106d6c962823e481bd9f39c6d60e96,FET,0.5390097
0x5f05ab6ed6106d6c962823e481bd9f39c6d60e96,FIL,0.5236607
0x5f05ab6ed6106d6c962823e481bd9f39c6d60e96,FRAX,0.55938154
0x5f05ab6ed6106d6c962823e481bd9f39c6d60e96,FTM,0.4395442
0x5f05ab6ed6106d6c962823e481bd9f39c6d60e96,FXS,0.4586461
0x5f05ab6ed6106d6c962823e481bd9f39c6d60e96,GRT,0.5068522
0x5f05ab6ed6106d6c962823e481bd9f39c6d60e96,HAI,0.52492654
0x5f05ab6ed6106d6c962823e481bd9f39c6d60e96,HERO,0.54004395
0x5f05ab6ed6106d6c962823e481bd9f39c6d60e96,ICP,0.4983152
0x5f05ab6ed6106d6c962823e481bd9f39c6d60e96,IMX,0.53739166
0x5f05ab6ed6106d6c962823e481bd9f39c6d60e96,INJ,0.5293215
0x5f05ab6ed6106d6c962823e481bd9f39c6d60e96,LDO,0.53390247
0x5f05ab6ed6106d6c962823e481bd9f39c6d60e96,LINK,0.56912667
0x5f05ab6ed6106d6c962823e481bd9f39c6d60e96,LTC,0.54659516
0x5f05ab6ed6106d6c962823e481bd9f39c6d60e96,MATIC,0.5688115
0x5f05ab6ed6106d6c962823e481bd9f39c6d60e96,MAV,0.43081805
0x5f05ab6ed6106d6c962823e481bd9f39c6d60e96,MBOX,0.5208988
0x5f05ab6ed6106d6c962823e481bd9f39c6d60e96,MKR,0.4921659
0x5f05ab6ed6106d6c962823e481bd9f39c6d60e96,MOON,0.56988084
0x5f05ab6ed6106d6c962823e481bd9f39c6d60e96,NEAR,0.49694768
0x5f05ab6ed6106d6c962823e481bd9f39c6d60e96,OP,0.48620492
0x5f05ab6ed6106d6c962823e481bd9f39c6d60e96,PENDLE,0.5075793
0x5f05ab6ed6106d6c962823e481bd9f39c6d60e96,PEPE,0.56924534
0x5f05ab6ed6106d6c962823e481bd9f39c6d60e96,PERP,0.44384733
0x5f05ab6ed6106d6c962823e481bd9f39c6d60e96,PIT,0.5387506
0x5f05ab6ed6106d6c962823e481bd9f39c6d60e96,POLS,0.53713894
0x5f05ab6ed6106d6c962823e481bd9f39c6d60e96,PYTH,0.49789682
0x5f05ab6ed6106d6c962823e481bd9f39c6d60e96,QUACK,0.5333931
0x5f05ab6ed6106d6c962823e481bd9f39c6d60e96,RDNT,0.54440707
0x5f05ab6ed6106d6c962823e481bd9f39c6d60e96,RNDR,0.5507269
0x5f05ab6ed6106d6c962823e481bd9f39c6d60e96,RPL,0.53198874
0x5f05ab6ed6106d6c962823e481bd9f39c6d60e96,RUNE,0.442032
0x5f05ab6ed6106d6c962823e481bd9f39c6d60e96,SFP,0.5164139
0x5f05ab6ed6106d6c962823e481bd9f39c6d60e96,SFUND,0.5304708
0x5f05ab6ed6106d6c962823e481bd9f39c6d60e96,SHIB,0.52437335
0x5f05ab6ed6106d6c962823e481bd9f39c6d60e96,SOL,0.5254177
0x5f05ab6ed6106d6c962823e481bd9f39c6d60e96,STG,0.53170323
0x5f05ab6ed6106d6c962823e481bd9f39c6d60e96,SUI,0.50767004
0x5f05ab6ed6106d6c962823e481bd9f39c6d60e96,SUSHI,0.5447967
0x5f05ab6ed6106d6c962823e481bd9f39c6d60e96,TIA,0.49738148
0x5f05ab6ed6106d6c962823e481bd9f39c6d60e96,TOKEN,0.44334772
0x5f05ab6ed6106d6c962823e481bd9f39c6d60e96,TRX,0.5370247
0x5f05ab6ed6106d6c962823e481bd9f39c6d60e96,UNI,0.55479324
0x5f05ab6ed6106d6c962823e481bd9f39c6d60e96,USDT,0.627766
0x5f05ab6ed6106d6c962823e481bd9f39c6d60e96,XLM,0.51100165
0x5f05ab6ed6106d6c962823e481bd9f39c6d60e96,XMR,0.4991316
0x5f05ab6ed6106d6c962823e481bd9f39c6d60e96,XRP,0.5108354
0x5f05ab6ed6106d6c962823e481bd9f39c6d60e96,XTZ,0.5379163
0x5f05ab6ed6106d6c962823e481bd9f39c6d60e96,XVS,0.47538945
0x5f05ab6ed6106d6c962823e481bd9f39c6d60e96,YFI,0.56497645
0x6317b52d3888a74b093fcaa31a5d723d90b1cf8d,AAVE,0.4803634
0x6317b52d3888a74b093fcaa31a5d723d90b1cf8d,ADA,0.53255796
0x6317b52d3888a74b093fcaa31a5d723d90b1cf8d,ALGO,0.53189826
0x6317b52d3888a74b093fcaa31a5d723d90b1cf8d,APE,0.5352594
0x6317b52d3888a74b093fcaa31a5d723d90b1cf8d,APT,0.5216773
0x6317b52d3888a74b093fcaa31a5d723d90b1cf8d,ATOM,0.5331361
0x6317b52d3888a74b093fcaa31a5d723d90b1cf8d,AVAX,0.52507424
0x6317b52d3888a74b093fcaa31a5d723d90b1cf8d,AXS,0.51619595
0x6317b52d3888a74b093fcaa31a5d723d90b1cf8d,BAL,0.51432484
0x6317b52d3888a74b093fcaa31a5d723d90b1cf8d,BCH,0.541254
0x6317b52d3888a74b093fcaa31a5d723d90b1cf8d,BLUR,0.4582856
0x6317b52d3888a74b093fcaa31a5d723d90b1cf8d,BNB,0.51969385
0x6317b52d3888a74b093fcaa31a5d723d90b1cf8d,BONK,0.51785415
0x6317b52d3888a74b093fcaa31a5d723d90b1cf8d,BTC,0.54475766
0x6317b52d3888a74b093fcaa31a5d723d90b1cf8d,C98,0.50455844
0x6317b52d3888a74b093fcaa31a5d723d90b1cf8d,CAKE,0.5200814
0x6317b52d3888a74b093fcaa31a5d723d90b1cf8d,COMP,0.5063551
0x6317b52d3888a74b093fcaa31a5d723d90b1cf8d,CRV,0.47610644
0x6317b52d3888a74b093fcaa31a5d723d90b1cf8d,CVX,0.5038242
0x6317b52d3888a74b093fcaa31a5d723d90b1cf8d,DAI,0.536171
0x6317b52d3888a74b093fcaa31a5d723d90b1cf8d,DAO,0.5174106
0x6317b52d3888a74b093fcaa31a5d723d90b1cf8d,DOGE,0.5221712
0x6317b52d3888a74b093fcaa31a5d723d90b1cf8d,DOT,0.5367783
0x6317b52d3888a74b093fcaa31a5d723d90b1cf8d,DYDX,0.48091742
0x6317b52d3888a74b093fcaa31a5d723d90b1cf8d,EOS,0.5285866
0x6317b52d3888a74b093fcaa31a5d723d90b1cf8d,ETC,0.54740906
0x6317b52d3888a74b093fcaa31a5d723d90b1cf8d,ETH,0.5474431
0x6317b52d3888a74b093fcaa31a5d723d90b1cf8d,FET,0.5381093
0x6317b52d3888a74b093fcaa31a5d723d90b1cf8d,FIL,0.5047682
0x6317b52d3888a74b093fcaa31a5d723d90b1cf8d,FRAX,0.53445715
0x6317b52d3888a74b093fcaa31a5d723d90b1cf8d,FTM,0.41178194
0x6317b52d3888a74b093fcaa31a5d723d90b1cf8d,FXS,0.47976986
0x6317b52d3888a74b093fcaa31a5d723d90b1cf8d,GRT,0.5031849
0x6317b52d3888a74b093fcaa31a5d723d90b1cf8d,HAI,0.5209133
0x6317b52d3888a74b093fcaa31a5d723d90b1cf8d,HERO,0.515562
0x6317b52d3888a74b093fcaa31a5d723d90b1cf8d,ICP,0.49558887
0x6317b52d3888a74b093fcaa31a5d723d90b1cf8d,IMX,0.5214496
0x6317b52d3888a74b093fcaa31a5d723d90b1cf8d,INJ,0.49759164
0x6317b52d3888a74b093fcaa31a5d723d90b1cf8d,LDO,0.5187913
0x6317b52d3888a74b093fcaa31a5d723d90b1cf8d,LINK,0.5495761
0x6317b52d3888a74b093fcaa31a5d723d90b1cf8d,LTC,0.5142584
0x6317b52d3888a74b093fcaa31a5d723d90b1cf8d,MATIC,0.5211528
0x6317b52d3888a74b093fcaa31a5d723d90b1cf8d,MAV,0.43936324
0x6317b52d3888a74b093fcaa31a5d723d90b1cf8d,MBOX,0.5184651
0x6317b52d3888a74b093fcaa31a5d723d90b1cf8d,MKR,0.52483535
0x6317b52d3888a74b093fcaa31a5d723d90b1cf8d,MOON,0.5240492
0x6317b52d3888a74b093fcaa31a5d723d90b1cf8d,NEAR,0.51332426
0x6317b52d3888a74b093fcaa31a5d723d90b1cf8d,OP,0.5329694
0x6317b52d3888a74b093fcaa31a5d723d90b1cf8d,PENDLE,0.45075813
0x6317b52d3888a74b093fcaa31a5d723d90b1cf8d,PEPE,0.51690453
0x6317b52d3888a74b093fcaa31a5d723d90b1cf8d,PERP,0.43744388
0x6317b52d3888a74b093fcaa31a5d723d90b1cf8d,PIT,0.5305248
0x6317b52d3888a74b093fcaa31a5d723d90b1cf8d,POLS,0.5282283
0x6317b52d3888a74b093fcaa31a5d723d90b1cf8d,PYTH,0.50224525
0x6317b52d3888a74b093fcaa31a5d723d90b1cf8d,QUACK,0.53666514
0x6317b52d3888a74b093fcaa31a5d723d90b1cf8d,RDNT,0.51407963
0x6317b52d3888a74b093fcaa31a5d723d90b1cf8d,RNDR,0.5097397
0x6317b52d3888a74b093fcaa31a5d723d90b1cf8d,RPL,0.520407
0x6317b52d3888a74b093fcaa31a5d723d90b1cf8d,RUNE,0.44236192
0x6317b52d3888a74b093fcaa31a5d723d90b1cf8d,SFP,0.50011533
0x6317b52d3888a74b093fcaa31a5d723d90b1cf8d,SFUND,0.5290001
0x6317b52d3888a74b093fcaa31a5d723d90b1cf8d,SHIB,0.5396467
0x6317b52d3888a74b093fcaa31a5d723d90b1cf8d,SOL,0.5100961
0x6317b52d3888a74b093fcaa31a5d723d90b1cf8d,STG,0.5198622
0x6317b52d3888a74b093fcaa31a5d723d90b1cf8d,SUI,0.49034235
0x6317b52d3888a74b093fcaa31a5d723d90b1cf8d,SUSHI,0.53378
0x6317b52d3888a74b093fcaa31a5d723d90b1cf8d,TIA,0.515802
0x6317b52d3888a74b093fcaa31a5d723d90b1cf8d,TOKEN,0.4330949
0x6317b52d3888a74b093fcaa31a5d723d90b1cf8d,TRX,0.5108486
0x6317b52d3888a74b093fcaa31a5d723d90b1cf8d,UNI,0.5464258
0x6317b52d3888a74b093fcaa31a5d723d90b1cf8d,USDT,0.5362752
0x6317b52d3888a74b093fcaa31a5d723d90b1cf8d,XLM,0.5113095
0x6317b52d3888a74b093fcaa31a5d723d90b1cf8d,XMR,0.5204417
0x6317b52d3888a74b093fcaa31a5d723d90b1cf8d,XRP,0.49198017
0x6317b52d3888a74b093fcaa31a5d723d90b1cf8d,XTZ,0.5303716
0x6317b52d3888a74b093fcaa31a5d723d90b1cf8d,XVS,0.47632703
0x6317b52d3888a74b093fcaa31a5d723d90b1cf8d,YFI,0.5326443
0x691577252ffff4f3eefcc386302f8ba5bc40a360,AAVE,0.4345087172053643
0x691577252ffff4f3eefcc386302f8ba5bc40a360,ADA,0.6038752930088834
0x691577252ffff4f3eefcc386302f8ba5bc40a360,ALGO,0.5912949126194513
0x691577252ffff4f3eefcc386302f8ba5bc40a360,APE,0.5727697321671487
0x691577252ffff4f3eefcc386302f8ba5bc40a360,APT,0.5668487761229417
0x691577252ffff4f3eefcc386302f8ba5bc40a360,ATOM,0.519648492339923
0x691577252ffff4f3eefcc386302f8ba5bc40a360,AVAX,0.5386063413180997
0x691577252ffff4f3eefcc386302f8ba5bc40a360,AXS,0.5747539729889323
0x691577252ffff4f3eefcc386302f8ba5bc40a360,BAL,0.5636652478685297
0x691577252ffff4f3eefcc386302f8ba5bc40a360,BCH,0.5621345935208948
0x691577252ffff4f3eefcc386302f8ba5bc40a360,BLUR,0.4942048628109728
0x691577252ffff4f3eefcc386302f8ba5bc40a360,BNB,0.5539378342874928
0x691577252ffff4f3eefcc386302f8ba5bc40a360,BONK,0.4775650617229233
0x691577252ffff4f3eefcc386302f8ba5bc40a360,BTC,0.5914904763648636
0x691577252ffff4f3eefcc386302f8ba5bc40a360,C98,0.5382005163327342
0x691577252ffff4f3eefcc386302f8ba5bc40a360,CAKE,0.5293781933717412
0x691577252ffff4f3eefcc386302f8ba5bc40a360,COMP,0.564161421993143
0x691577252ffff4f3eefcc386302f8ba5bc40a360,CRV,0.4610179188500588
0x691577252ffff4f3eefcc386302f8ba5bc40a360,CVX,0.4883486046812857
0x691577252ffff4f3eefcc386302f8ba5bc40a360,DAI,0.601033990418759
0x691577252ffff4f3eefcc386302f8ba5bc40a360,DAO,0.5496269376842223
0x691577252ffff4f3eefcc386302f8ba5bc40a360,DOGE,0.4903499221181394
0x691577252ffff4f3eefcc386302f8ba5bc40a360,DOT,0.5364291288122326
0x691577252ffff4f3eefcc386302f8ba5bc40a360,DYDX,0.4776741495804381
0x691577252ffff4f3eefcc386302f8ba5bc40a360,EOS,0.5582133369737563
0x691577252ffff4f3eefcc386302f8ba5bc40a360,ETC,0.521972780320649
0x691577252ffff4f3eefcc386302f8ba5bc40a360,ETH,0.6120280802468802
0x691577252ffff4f3eefcc386302f8ba5bc40a360,FET,0.5303300860917796
0x691577252ffff4f3eefcc386302f8ba5bc40a360,FIL,0.5412231254302893
0x691577252ffff4f3eefcc386302f8ba5bc40a360,FRAX,0.4905871714723684
0x691577252ffff4f3eefcc386302f8ba5bc40a360,FTM,0.4521658306576358
0x691577252ffff4f3eefcc386302f8ba5bc40a360,FXS,0.469616200587315
0x691577252ffff4f3eefcc386302f8ba5bc40a360,GRT,0.5577310875435381
0x691577252ffff4f3eefcc386302f8ba5bc40a360,HAI,0.5208028613572723
0x691577252ffff4f3eefcc386302f8ba5bc40a360,HERO,0.5014018613706356
0x691577252ffff4f3eefcc386302f8ba5bc40a360,ICP,0.4925713357809059
0x691577252ffff4f3eefcc386302f8ba5bc40a360,IMX,0.5521871082784824
0x691577252ffff4f3eefcc386302f8ba5bc40a360,INJ,0.4492039979724998
0x691577252ffff4f3eefcc386302f8ba5bc40a360,LDO,0.5346350325393779
0x691577252ffff4f3eefcc386302f8ba5bc40a360,LINK,0.6415524325060493
0x691577252ffff4f3eefcc386302f8ba5bc40a360,LTC,0.5075813610990089
0x691577252ffff4f3eefcc386302f8ba5bc40a360,MATIC,0.5189039044776532
0x691577252ffff4f3eefcc386302f8ba5bc40a360,MAV,0.4509712955511581
0x691577252ffff4f3eefcc386302f8ba5bc40a360,MBOX,0.5034115427206945
0x691577252ffff4f3eefcc386302f8ba5bc40a360,MKR,0.5059947514140405
0x691577252ffff4f3eefcc386302f8ba5bc40a360,MOON,0.5732823393669553
0x691577252ffff4f3eefcc386302f8ba5bc40a360,NEAR,0.4954407596000944
0x691577252ffff4f3eefcc386302f8ba5bc40a360,OP,0.5633125437385422
0x691577252ffff4f3eefcc386302f8ba5bc40a360,PENDLE,0.5222674620194635
0x691577252ffff4f3eefcc386302f8ba5bc40a360,PEPE,0.594477729187052
0x691577252ffff4f3eefcc386302f8ba5bc40a360,PERP,0.4950796324317162
0x691577252ffff4f3eefcc386302f8ba5bc40a360,PIT,0.5419239692366514
0x691577252ffff4f3eefcc386302f8ba5bc40a360,POLS,0.5350826203725273
0x691577252ffff4f3eefcc386302f8ba5bc40a360,PYTH,0.4704834582726183
0x691577252ffff4f3eefcc386302f8ba5bc40a360,QUACK,0.5235436373575257
0x691577252ffff4f3eefcc386302f8ba5bc40a360,RDNT,0.5766628213611451
0x691577252ffff4f3eefcc386302f8ba5bc40a360,RNDR,0.5502335216981019
0x691577252ffff4f3eefcc386302f8ba5bc40a360,RPL,0.5495544733115777
0x691577252ffff4f3eefcc386302f8ba5bc40a360,RUNE,0.4007592637518399
0x691577252ffff4f3eefcc386302f8ba5bc40a360,SFP,0.5521584916045857
0x691577252ffff4f3eefcc386302f8ba5bc40a360,SFUND,0.534710776812267
0x691577252ffff4f3eefcc386302f8ba5bc40a360,SHIB,0.5449220919977553
0x691577252ffff4f3eefcc386302f8ba5bc40a360,SOL,0.546961389494941
0x691577252ffff4f3eefcc386302f8ba5bc40a360,STG,0.5313608915274164
0x691577252ffff4f3eefcc386302f8ba5bc40a360,SUI,0.4146689706964335
0x691577252ffff4f3eefcc386302f8ba5bc40a360,SUSHI,0.5448917935331675
0x691577252ffff4f3eefcc386302f8ba5bc40a360,TIA,0.5115838948354278
0x691577252ffff4f3eefcc386302f8ba5bc40a360,TOKEN,0.4516921801522559
0x691577252ffff4f3eefcc386302f8ba5bc40a360,TRX,0.5144781207825948
0x691577252ffff4f3eefcc386302f8ba5bc40a360,UNI,0.615595372776075
0x691577252ffff4f3eefcc386302f8ba5bc40a360,USDT,0.5746380197170482
0x691577252ffff4f3eefcc386302f8ba5bc40a360,XLM,0.5014881240801464
0x691577252ffff4f3eefcc386302f8ba5bc40a360,XMR,0.5598948448893634
0x691577252ffff4f3eefcc386302f8ba5bc40a360,XRP,0.5060727685248012
0x691577252ffff4f3eefcc386302f8ba5bc40a360,XTZ,0.5308306117969376
0x691577252ffff4f3eefcc386302f8ba5bc40a360,XVS,0.4794983618924946
0x691577252ffff4f3eefcc386302f8ba5bc40a360,YFI,0.5376196209340958
0x6cb72d052d57563180474923fdd9f827455637db,AAVE,0.0053280053280053
0x6cb72d052d57563180474923fdd9f827455637db,ADA,0.0226440226440226
0x6cb72d052d57563180474923fdd9f827455637db,ALGO,0.0099900099900099
0x6cb72d052d57563180474923fdd9f827455637db,APE,0.0216450216450216
0x6cb72d052d57563180474923fdd9f827455637db,APT,0.0096570096570096
0x6cb72d052d57563180474923fdd9f827455637db,ATOM,0.0153180153180153
0x6cb72d052d57563180474923fdd9f827455637db,AVAX,0.0136530136530136
0x6cb72d052d57563180474923fdd9f827455637db,AXS,0.0186480186480186
0x6cb72d052d57563180474923fdd9f827455637db,BAL,0.0169830169830169
0x6cb72d052d57563180474923fdd9f827455637db,BCH,0.0223110223110223
0x6cb72d052d57563180474923fdd9f827455637db,BLUR,0.0006660006660006
0x6cb72d052d57563180474923fdd9f827455637db,BNB,0.0173160173160173
0x6cb72d052d57563180474923fdd9f827455637db,BONK,0.0116550116550116
0x6cb72d052d57563180474923fdd9f827455637db,BTC,0.0256410256410256
0x6cb72d052d57563180474923fdd9f827455637db,C98,0.0069930069930069
0x6cb72d052d57563180474923fdd9f827455637db,CAKE,0.0239760239760239
0x6cb72d052d57563180474923fdd9f827455637db,COMP,0.0196470196470196
0x6cb72d052d57563180474923fdd9f827455637db,CRV,0.0043290043290043
0x6cb72d052d57563180474923fdd9f827455637db,CVX,0.0049950049950049
0x6cb72d052d57563180474923fdd9f827455637db,DAI,0.0236430236430236
0x6cb72d052d57563180474923fdd9f827455637db,DAO,0.0139860139860139
0x6cb72d052d57563180474923fdd9f827455637db,DOGE,0.0149850149850149
0x6cb72d052d57563180474923fdd9f827455637db,DOT,0.0076590076590076
0x6cb72d052d57563180474923fdd9f827455637db,DYDX,0.0023310023310023
0x6cb72d052d57563180474923fdd9f827455637db,EOS,0.0156510156510156
0x6cb72d052d57563180474923fdd9f827455637db,ETC,0.0203130203130203
0x6cb72d052d57563180474923fdd9f827455637db,ETH,0.0246420246420246
0x6cb72d052d57563180474923fdd9f827455637db,FET,0.0209790209790209
0x6cb72d052d57563180474923fdd9f827455637db,FIL,0.0159840159840159
0x6cb72d052d57563180474923fdd9f827455637db,FRAX,0.0113220113220113
0x6cb72d052d57563180474923fdd9f827455637db,FTM,0.0026640026640026
0x6cb72d052d57563180474923fdd9f827455637db,FXS,0.0033300033300033
0x6cb72d052d57563180474923fdd9f827455637db,GRT,0.0103230103230103
0x6cb72d052d57563180474923fdd9f827455637db,HAI,0.0063270063270063
0x6cb72d052d57563180474923fdd9f827455637db,HERO,0.0106560106560106
0x6cb72d052d57563180474923fdd9f827455637db,ICP,0.0066600066600066
0x6cb72d052d57563180474923fdd9f827455637db,IMX,0.0133200133200133
0x6cb72d052d57563180474923fdd9f827455637db,INJ,0.0079920079920079
0x6cb72d052d57563180474923fdd9f827455637db,LDO,0.0093240093240093
0x6cb72d052d57563180474923fdd9f827455637db,LINK,0.0249750249750249
0x6cb72d052d57563180474923fdd9f827455637db,LTC,0.0213120213120213
0x6cb72d052d57563180474923fdd9f827455637db,MATIC,0.0163170163170163
0x6cb72d052d57563180474923fdd9f827455637db,MAV,0.0013320013320013
0x6cb72d052d57563180474923fdd9f827455637db,MBOX,0.0056610056610056
0x6cb72d052d57563180474923fdd9f827455637db,MKR,0.0059940059940059
0x6cb72d052d57563180474923fdd9f827455637db,MOON,0.0143190143190143
0x6cb72d052d57563180474923fdd9f827455637db,NEAR,0.0073260073260073
0x6cb72d052d57563180474923fdd9f827455637db,OP,0.0166500166500166
0x6cb72d052d57563180474923fdd9f827455637db,PENDLE,0.0009990009990009
0x6cb72d052d57563180474923fdd9f827455637db,PEPE,0.0229770229770229
0x6cb72d052d57563180474923fdd9f827455637db,PERP,0.0003330003330003
0x6cb72d052d57563180474923fdd9f827455637db,PIT,0.0233100233100233
0x6cb72d052d57563180474923fdd9f827455637db,POLS,0.0109890109890109
0x6cb72d052d57563180474923fdd9f827455637db,PYTH,0.0036630036630036
0x6cb72d052d57563180474923fdd9f827455637db,QUACK,0.0193140193140193
0x6cb72d052d57563180474923fdd9f827455637db,RDNT,0.0206460206460206
0x6cb72d052d57563180474923fdd9f827455637db,RNDR,0.0123210123210123
0x6cb72d052d57563180474923fdd9f827455637db,RPL,0.0086580086580086
0x6cb72d052d57563180474923fdd9f827455637db,RUNE,0.0029970029970029
0x6cb72d052d57563180474923fdd9f827455637db,SFP,0.0083250083250083
0x6cb72d052d57563180474923fdd9f827455637db,SFUND,0.0129870129870129
0x6cb72d052d57563180474923fdd9f827455637db,SHIB,0.0176490176490176
0x6cb72d052d57563180474923fdd9f827455637db,SOL,0.0146520146520146
0x6cb72d052d57563180474923fdd9f827455637db,STG,0.0089910089910089
0x6cb72d052d57563180474923fdd9f827455637db,SUI,0.0016650016650016
0x6cb72d052d57563180474923fdd9f827455637db,SUSHI,0.0199800199800199
0x6cb72d052d57563180474923fdd9f827455637db,TIA,0.0126540126540126
0x6cb72d052d57563180474923fdd9f827455637db,TOKEN,0.0039960039960039
0x6cb72d052d57563180474923fdd9f827455637db,TRX,0.0219780219780219
0x6cb72d052d57563180474923fdd9f827455637db,UNI,0.0253080253080253
0x6cb72d052d57563180474923fdd9f827455637db,USDT,0.0243090243090243
0x6cb72d052d57563180474923fdd9f827455637db,XLM,0.0046620046620046
0x6cb72d052d57563180474923fdd9f827455637db,XMR,0.0189810189810189
0x6cb72d052d57563180474923fdd9f827455637db,XRP,0.0183150183150183
0x6cb72d052d57563180474923fdd9f827455637db,XTZ,0.0119880119880119
0x6cb72d052d57563180474923fdd9f827455637db,XVS,0.0019980019980019
0x6cb72d052d57563180474923fdd9f827455637db,YFI,0.0179820179820179
0x6d7841df878bff8ff84c2730d3051439d3009109,AAVE,0.2621021270751953
0x6d7841df878bff8ff84c2730d3051439d3009109,ADA,0.1540718078613281
0x6d7841df878bff8ff84c2730d3051439d3009109,ALGO,0.1299667358398437
0x6d7841df878bff8ff84c2730d3051439d3009109,APE,0.1773605346679687
0x6d7841df878bff8ff84c2730d3051439d3009109,APT,0.1006393432617187
0x6d7841df878bff8ff84c2730d3051439d3009109,ATOM,0.0415802001953125
0x6d7841df878bff8ff84c2730d3051439d3009109,AVAX,0.1720504760742187
0x6d7841df878bff8ff84c2730d3051439d3009109,AXS,0.1323471069335937
0x6d7841df878bff8ff84c2730d3051439d3009109,BAL,0.2000389099121093
0x6d7841df878bff8ff84c2730d3051439d3009109,BCH,0.3793601989746094
0x6d7841df878bff8ff84c2730d3051439d3009109,BLUR,0.1379985809326172
0x6d7841df878bff8ff84c2730d3051439d3009109,BNB,0.6986083984375
0x6d7841df878bff8ff84c2730d3051439d3009109,BONK,0.190683364868164
0x6d7841df878bff8ff84c2730d3051439d3009109,BTC,1.0
0x6d7841df878bff8ff84c2730d3051439d3009109,C98,0.1379985809326172
0x6d7841df878bff8ff84c2730d3051439d3009109,CAKE,0.1668071746826172
0x6d7841df878bff8ff84c2730d3051439d3009109,COMP,0.1618385314941406
0x6d7841df878bff8ff84c2730d3051439d3009109,CRV,0.0415802001953125
0x6d7841df878bff8ff84c2730d3051439d3009109,CVX,0.1773605346679687
0x6d7841df878bff8ff84c2730d3051439d3009109,DAI,0.1597328186035156
0x6d7841df878bff8ff84c2730d3051439d3009109,DAO,0.2286491394042968
0x6d7841df878bff8ff84c2730d3051439d3009109,DOGE,0.1234970092773437
0x6d7841df878bff8ff84c2730d3051439d3009109,DOT,0.1899642944335937
0x6d7841df878bff8ff84c2730d3051439d3009109,DYDX,0.1773605346679687
0x6d7841df878bff8ff84c2730d3051439d3009109,EOS,0.1006393432617187
0x6d7841df878bff8ff84c2730d3051439d3009109,ETC,0.2918720245361328
0x6d7841df878bff8ff84c2730d3051439d3009109,ETH,0.4268703460693359
0x6d7841df878bff8ff84c2730d3051439d3009109,FET,0.3804187774658203
0x6d7841df878bff8ff84c2730d3051439d3009109,FIL,0.1006393432617187
0x6d7841df878bff8ff84c2730d3051439d3009109,FRAX,0.1285209655761718
0x6d7841df878bff8ff84c2730d3051439d3009109,FTM,0.0415802001953125
0x6d7841df878bff8ff84c2730d3051439d3009109,FXS,0.1379985809326172
0x6d7841df878bff8ff84c2730d3051439d3009109,GRT,0.1883373260498047
0x6d7841df878bff8ff84c2730d3051439d3009109,HAI,0.1668071746826172
0x6d7841df878bff8ff84c2730d3051439d3009109,HERO,0.2150249481201172
0x6d7841df878bff8ff84c2730d3051439d3009109,ICP,0.2463874816894531
0x6d7841df878bff8ff84c2730d3051439d3009109,IMX,0.1006393432617187
0x6d7841df878bff8ff84c2730d3051439d3009109,INJ,0.0554676055908203
0x6d7841df878bff8ff84c2730d3051439d3009109,LDO,0.1773605346679687
0x6d7841df878bff8ff84c2730d3051439d3009109,LINK,0.3994369506835937
0x6d7841df878bff8ff84c2730d3051439d3009109,LTC,0.349884033203125
0x6d7841df878bff8ff84c2730d3051439d3009109,MATIC,0.2796535491943359
0x6d7841df878bff8ff84c2730d3051439d3009109,MAV,0.2153053283691406
0x6d7841df878bff8ff84c2730d3051439d3009109,MBOX,0.1840896606445312
0x6d7841df878bff8ff84c2730d3051439d3009109,MKR,0.2294597625732422
0x6d7841df878bff8ff84c2730d3051439d3009109,MOON,0.5520706176757812
0x6d7841df878bff8ff84c2730d3051439d3009109,NEAR,0.1773605346679687
0x6d7841df878bff8ff84c2730d3051439d3009109,OP,0.1668071746826172
0x6d7841df878bff8ff84c2730d3051439d3009109,PENDLE,0.1980190277099609
0x6d7841df878bff8ff84c2730d3051439d3009109,PEPE,0.230743408203125
0x6d7841df878bff8ff84c2730d3051439d3009109,PERP,0.0556278228759765
0x6d7841df878bff8ff84c2730d3051439d3009109,PIT,0.1066226959228515
0x6d7841df878bff8ff84c2730d3051439d3009109,POLS,0.1379985809326172
0x6d7841df878bff8ff84c2730d3051439d3009109,PYTH,0.1378364562988281
0x6d7841df878bff8ff84c2730d3051439d3009109,QUACK,0.1704826354980468
0x6d7841df878bff8ff84c2730d3051439d3009109,RDNT,0.14398193359375
0x6d7841df878bff8ff84c2730d3051439d3009109,RNDR,0.1980190277099609
0x6d7841df878bff8ff84c2730d3051439d3009109,RPL,0.010528564453125
0x6d7841df878bff8ff84c2730d3051439d3009109,RUNE,0.1006393432617187
0x6d7841df878bff8ff84c2730d3051439d3009109,SFP,0.0556278228759765
0x6d7841df878bff8ff84c2730d3051439d3009109,SFUND,0.1398544311523437
0x6d7841df878bff8ff84c2730d3051439d3009109,SHIB,0.2202396392822265
0x6d7841df878bff8ff84c2730d3051439d3009109,SOL,0.6491031646728516
0x6d7841df878bff8ff84c2730d3051439d3009109,STG,0.1668071746826172
0x6d7841df878bff8ff84c2730d3051439d3009109,SUI,0.2038803100585937
0x6d7841df878bff8ff84c2730d3051439d3009109,SUSHI,0.1668071746826172
0x6d7841df878bff8ff84c2730d3051439d3009109,TIA,0.1006393432617187
0x6d7841df878bff8ff84c2730d3051439d3009109,TOKEN,0.0
0x6d7841df878bff8ff84c2730d3051439d3009109,TRX,0.2029666900634765
0x6d7841df878bff8ff84c2730d3051439d3009109,UNI,0.1927566528320312
0x6d7841df878bff8ff84c2730d3051439d3009109,USDT,0.0935993194580078
0x6d7841df878bff8ff84c2730d3051439d3009109,XLM,0.2614307403564453
0x6d7841df878bff8ff84c2730d3051439d3009109,XMR,0.4243087768554687
0x6d7841df878bff8ff84c2730d3051439d3009109,XRP,0.1112861633300781
0x6d7841df878bff8ff84c2730d3051439d3009109,XTZ,0.1006393432617187
0x6d7841df878bff8ff84c2730d3051439d3009109,XVS,0.1006393432617187
0x6d7841df878bff8ff84c2730d3051439d3009109,YFI,0.5289058685302734
0x7490eeb68c7585407e254591d784bae7987c1cfb,AAVE,0.5507247988138847
0x7490eeb68c7585407e254591d784bae7987c1cfb,ADA,0.5152533649982358
0x7490eeb68c7585407e254591d784bae7987c1cfb,ALGO,0.5130210771529851
0x7490eeb68c7585407e254591d784bae7987c1cfb,APE,0.5304594495254291
0x7490eeb68c7585407e254591d784bae7987c1cfb,APT,0.5055291969769689
0x7490eeb68c7585407e254591d784bae7987c1cfb,ATOM,0.5270949491351992
0x7490eeb68c7585407e254591d784bae7987c1cfb,AVAX,0.5367955193485359
0x7490eeb68c7585407e254591d784bae7987c1cfb,AXS,0.532776847512907
0x7490eeb68c7585407e254591d784bae7987c1cfb,BAL,0.5203318166688317
0x7490eeb68c7585407e254591d784bae7987c1cfb,BCH,0.5485976864251557
0x7490eeb68c7585407e254591d784bae7987c1cfb,BLUR,0.4522514747280815
0x7490eeb68c7585407e254591d784bae7987c1cfb,BNB,0.556898892582077
0x7490eeb68c7585407e254591d784bae7987c1cfb,BONK,0.5283392486442098
0x7490eeb68c7585407e254591d784bae7987c1cfb,BTC,0.5707429509137474
0x7490eeb68c7585407e254591d784bae7987c1cfb,C98,0.4942973671150852
0x7490eeb68c7585407e254591d784bae7987c1cfb,CAKE,0.5199656356753687
0x7490eeb68c7585407e254591d784bae7987c1cfb,COMP,0.5518089136667084
0x7490eeb68c7585407e254591d784bae7987c1cfb,CRV,0.4690231927696051
0x7490eeb68c7585407e254591d784bae7987c1cfb,CVX,0.4970431252267365
0x7490eeb68c7585407e254591d784bae7987c1cfb,DAI,0.5429900202904663
0x7490eeb68c7585407e254591d784bae7987c1cfb,DAO,0.5267136122109102
0x7490eeb68c7585407e254591d784bae7987c1cfb,DOGE,0.5538292886261933
0x7490eeb68c7585407e254591d784bae7987c1cfb,DOT,0.5243620595891947
0x7490eeb68c7585407e254591d784bae7987c1cfb,DYDX,0.4615281907485696
0x7490eeb68c7585407e254591d784bae7987c1cfb,EOS,0.5156948726336418
0x7490eeb68c7585407e254591d784bae7987c1cfb,ETC,0.5485752916056373
0x7490eeb68c7585407e254591d784bae7987c1cfb,ETH,0.570412855808057
0x7490eeb68c7585407e254591d784bae7987c1cfb,FET,0.5206401811903236
0x7490eeb68c7585407e254591d784bae7987c1cfb,FIL,0.5328743045341173
0x7490eeb68c7585407e254591d784bae7987c1cfb,FRAX,0.5425405879424716
0x7490eeb68c7585407e254591d784bae7987c1cfb,FTM,0.423023725747299
0x7490eeb68c7585407e254591d784bae7987c1cfb,FXS,0.5179020422294767
0x7490eeb68c7585407e254591d784bae7987c1cfb,GRT,0.510044263566339
0x7490eeb68c7585407e254591d784bae7987c1cfb,HAI,0.5237299644561049
0x7490eeb68c7585407e254591d784bae7987c1cfb,HERO,0.5324331115008025
0x7490eeb68c7585407e254591d784bae7987c1cfb,ICP,0.5047287864463623
0x7490eeb68c7585407e254591d784bae7987c1cfb,IMX,0.5297068569297974
0x7490eeb68c7585407e254591d784bae7987c1cfb,INJ,0.5051808849502522
0x7490eeb68c7585407e254591d784bae7987c1cfb,LDO,0.5187912250372486
0x7490eeb68c7585407e254591d784bae7987c1cfb,LINK,0.5388329006424444
0x7490eeb68c7585407e254591d784bae7987c1cfb,LTC,0.543091968247128
0x7490eeb68c7585407e254591d784bae7987c1cfb,MATIC,0.5304575890903481
0x7490eeb68c7585407e254591d784bae7987c1cfb,MAV,0.4348345020799408
0x7490eeb68c7585407e254591d784bae7987c1cfb,MBOX,0.5181644709773168
0x7490eeb68c7585407e254591d784bae7987c1cfb,MKR,0.5144924218178119
0x7490eeb68c7585407e254591d784bae7987c1cfb,MOON,0.5252552175856828
0x7490eeb68c7585407e254591d784bae7987c1cfb,NEAR,0.5055273617006086
0x7490eeb68c7585407e254591d784bae7987c1cfb,OP,0.5164047325949613
0x7490eeb68c7585407e254591d784bae7987c1cfb,PENDLE,0.4306207948469929
0x7490eeb68c7585407e254591d784bae7987c1cfb,PEPE,0.5443400347073432
0x7490eeb68c7585407e254591d784bae7987c1cfb,PERP,0.4340803812485614
0x7490eeb68c7585407e254591d784bae7987c1cfb,PIT,0.5341137304787777
0x7490eeb68c7585407e254591d784bae7987c1cfb,POLS,0.5331795943208262
0x7490eeb68c7585407e254591d784bae7987c1cfb,PYTH,0.5131813131337541
0x7490eeb68c7585407e254591d784bae7987c1cfb,QUACK,0.5445193615659218
0x7490eeb68c7585407e254591d784bae7987c1cfb,RDNT,0.5284264264231961
0x7490eeb68c7585407e254591d784bae7987c1cfb,RNDR,0.5004487303430512
0x7490eeb68c7585407e254591d784bae7987c1cfb,RPL,0.5127339121290834
0x7490eeb68c7585407e254591d784bae7987c1cfb,RUNE,0.4460507182552222
0x7490eeb68c7585407e254591d784bae7987c1cfb,SFP,0.5021054372653312
0x7490eeb68c7585407e254591d784bae7987c1cfb,SFUND,0.5305999911835277
0x7490eeb68c7585407e254591d784bae7987c1cfb,SHIB,0.5322880702105182
0x7490eeb68c7585407e254591d784bae7987c1cfb,SOL,0.5140755656738447
0x7490eeb68c7585407e254591d784bae7987c1cfb,STG,0.5323591914437747
0x7490eeb68c7585407e254591d784bae7987c1cfb,SUI,0.4667180467282174
0x7490eeb68c7585407e254591d784bae7987c1cfb,SUSHI,0.5254175175309803
0x7490eeb68c7585407e254591d784bae7987c1cfb,TIA,0.515190318528318
0x7490eeb68c7585407e254591d784bae7987c1cfb,TOKEN,0.4624253698511226
0x7490eeb68c7585407e254591d784bae7987c1cfb,TRX,0.5081713383466114
0x7490eeb68c7585407e254591d784bae7987c1cfb,UNI,0.5343118870427204
0x7490eeb68c7585407e254591d784bae7987c1cfb,USDT,0.5303492431849088
0x7490eeb68c7585407e254591d784bae7987c1cfb,XLM,0.5019784055263823
0x7490eeb68c7585407e254591d784bae7987c1cfb,XMR,0.5535128549252659
0x7490eeb68c7585407e254591d784bae7987c1cfb,XRP,0.4783025370226444
0x7490eeb68c7585407e254591d784bae7987c1cfb,XTZ,0.5232606711856799
0x7490eeb68c7585407e254591d784bae7987c1cfb,XVS,0.4244787751211531
0x7490eeb68c7585407e254591d784bae7987c1cfb,YFI,0.5645605171157271
0x770a3026f8a348bebac2ba84cfc82f4ea01b420a,AAVE,-0.8157894736842105
0x770a3026f8a348bebac2ba84cfc82f4ea01b420a,ADA,0.5
0x770a3026f8a348bebac2ba84cfc82f4ea01b420a,ALGO,-0.2105263157894736
0x770a3026f8a348bebac2ba84cfc82f4ea01b420a,APE,0.7105263157894737
0x770a3026f8a348bebac2ba84cfc82f4ea01b420a,APT,-0.3947368421052631
0x770a3026f8a348bebac2ba84cfc82f4ea01b420a,ATOM,0.868421052631579
0x770a3026f8a348bebac2ba84cfc82f4ea01b420a,AVAX,0.0789473684210526
0x770a3026f8a348bebac2ba84cfc82f4ea01b420a,AXS,0.4210526315789473
0x770a3026f8a348bebac2ba84cfc82f4ea01b420a,BAL,-0.131578947368421
0x770a3026f8a348bebac2ba84cfc82f4ea01b420a,BCH,0.7894736842105263
0x770a3026f8a348bebac2ba84cfc82f4ea01b420a,BLUR,-0.9473684210526316
0x770a3026f8a348bebac2ba84cfc82f4ea01b420a,BNB,0.6578947368421053
0x770a3026f8a348bebac2ba84cfc82f4ea01b420a,BONK,-0.0526315789473684
0x770a3026f8a348bebac2ba84cfc82f4ea01b420a,BTC,0.9210526315789472
0x770a3026f8a348bebac2ba84cfc82f4ea01b420a,C98,-0.631578947368421
0x770a3026f8a348bebac2ba84cfc82f4ea01b420a,CAKE,-0.4210526315789473
0x770a3026f8a348bebac2ba84cfc82f4ea01b420a,COMP,0.8421052631578947
0x770a3026f8a348bebac2ba84cfc82f4ea01b420a,CRV,-0.7631578947368421
0x770a3026f8a348bebac2ba84cfc82f4ea01b420a,CVX,-0.4736842105263158
0x770a3026f8a348bebac2ba84cfc82f4ea01b420a,DAI,0.736842105263158
0x770a3026f8a348bebac2ba84cfc82f4ea01b420a,DAO,0.2105263157894736
0x770a3026f8a348bebac2ba84cfc82f4ea01b420a,DOGE,0.5263157894736843
0x770a3026f8a348bebac2ba84cfc82f4ea01b420a,DOT,0.2368421052631579
0x770a3026f8a348bebac2ba84cfc82f4ea01b420a,DYDX,-0.6578947368421053
0x770a3026f8a348bebac2ba84cfc82f4ea01b420a,EOS,0.263157894736842
0x770a3026f8a348bebac2ba84cfc82f4ea01b420a,ETC,0.894736842105263
0x770a3026f8a348bebac2ba84cfc82f4ea01b420a,ETH,0.9736842105263156
0x770a3026f8a348bebac2ba84cfc82f4ea01b420a,FET,0.2894736842105263
0x770a3026f8a348bebac2ba84cfc82f4ea01b420a,FIL,0.1052631578947369
0x770a3026f8a348bebac2ba84cfc82f4ea01b420a,FRAX,0.763157894736842
0x770a3026f8a348bebac2ba84cfc82f4ea01b420a,FTM,-0.9736842105263158
0x770a3026f8a348bebac2ba84cfc82f4ea01b420a,FXS,-0.736842105263158
0x770a3026f8a348bebac2ba84cfc82f4ea01b420a,GRT,-0.2368421052631578
0x770a3026f8a348bebac2ba84cfc82f4ea01b420a,HAI,0.131578947368421
0x770a3026f8a348bebac2ba84cfc82f4ea01b420a,HERO,0.4736842105263157
0x770a3026f8a348bebac2ba84cfc82f4ea01b420a,ICP,-0.6842105263157895
0x770a3026f8a348bebac2ba84cfc82f4ea01b420a,IMX,0.394736842105263
0x770a3026f8a348bebac2ba84cfc82f4ea01b420a,INJ,-0.5789473684210527
0x770a3026f8a348bebac2ba84cfc82f4ea01b420a,LDO,-0.3157894736842105
0x770a3026f8a348bebac2ba84cfc82f4ea01b420a,LINK,0.5526315789473684
0x770a3026f8a348bebac2ba84cfc82f4ea01b420a,LTC,0.3421052631578947
0x770a3026f8a348bebac2ba84cfc82f4ea01b420a,MATIC,0.5789473684210527
0x770a3026f8a348bebac2ba84cfc82f4ea01b420a,MAV,-1.0
0x770a3026f8a348bebac2ba84cfc82f4ea01b420a,MBOX,-0.3421052631578947
0x770a3026f8a348bebac2ba84cfc82f4ea01b420a,MKR,-0.2894736842105263
0x770a3026f8a348bebac2ba84cfc82f4ea01b420a,MOON,-0.1578947368421053
0x770a3026f8a348bebac2ba84cfc82f4ea01b420a,NEAR,-0.5
0x770a3026f8a348bebac2ba84cfc82f4ea01b420a,OP,0.1842105263157893
0x770a3026f8a348bebac2ba84cfc82f4ea01b420a,PENDLE,-0.868421052631579
0x770a3026f8a348bebac2ba84cfc82f4ea01b420a,PEPE,0.1578947368421053
0x770a3026f8a348bebac2ba84cfc82f4ea01b420a,PERP,-0.8947368421052632
0x770a3026f8a348bebac2ba84cfc82f4ea01b420a,PIT,0.605263157894737
0x770a3026f8a348bebac2ba84cfc82f4ea01b420a,POLS,0.0
0x770a3026f8a348bebac2ba84cfc82f4ea01b420a,PYTH,-0.6052631578947368
0x770a3026f8a348bebac2ba84cfc82f4ea01b420a,QUACK,0.631578947368421
0x770a3026f8a348bebac2ba84cfc82f4ea01b420a,RDNT,-0.1052631578947368
0x770a3026f8a348bebac2ba84cfc82f4ea01b420a,RNDR,-0.5263157894736843
0x770a3026f8a348bebac2ba84cfc82f4ea01b420a,RPL,0.0263157894736842
0x770a3026f8a348bebac2ba84cfc82f4ea01b420a,RUNE,-0.9210526315789472
0x770a3026f8a348bebac2ba84cfc82f4ea01b420a,SFP,-0.368421052631579
0x770a3026f8a348bebac2ba84cfc82f4ea01b420a,SFUND,-0.0263157894736841
0x770a3026f8a348bebac2ba84cfc82f4ea01b420a,SHIB,0.6842105263157894
0x770a3026f8a348bebac2ba84cfc82f4ea01b420a,SOL,-0.2631578947368421
0x770a3026f8a348bebac2ba84cfc82f4ea01b420a,STG,-0.1842105263157895
0x770a3026f8a348bebac2ba84cfc82f4ea01b420a,SUI,-0.7105263157894737
0x770a3026f8a348bebac2ba84cfc82f4ea01b420a,SUSHI,0.3157894736842106
0x770a3026f8a348bebac2ba84cfc82f4ea01b420a,TIA,-0.0789473684210526
0x770a3026f8a348bebac2ba84cfc82f4ea01b420a,TOKEN,-0.7894736842105263
0x770a3026f8a348bebac2ba84cfc82f4ea01b420a,TRX,0.0526315789473683
0x770a3026f8a348bebac2ba84cfc82f4ea01b420a,UNI,0.8157894736842106
0x770a3026f8a348bebac2ba84cfc82f4ea01b420a,USDT,1.0
0x770a3026f8a348bebac2ba84cfc82f4ea01b420a,XLM,-0.4473684210526315
0x770a3026f8a348bebac2ba84cfc82f4ea01b420a,XMR,0.4473684210526316
0x770a3026f8a348bebac2ba84cfc82f4ea01b420a,XRP,-0.5526315789473684
0x770a3026f8a348bebac2ba84cfc82f4ea01b420a,XTZ,0.368421052631579
0x770a3026f8a348bebac2ba84cfc82f4ea01b420a,XVS,-0.8421052631578947
0x770a3026f8a348bebac2ba84cfc82f4ea01b420a,YFI,0.9473684210526316
0x7824282944b7cc7b8ef86ed9adbe21f49b247f97,AAVE,0.5136072616237137
0x7824282944b7cc7b8ef86ed9adbe21f49b247f97,ADA,0.6699211332807306
0x7824282944b7cc7b8ef86ed9adbe21f49b247f97,ALGO,0.596619407829342
0x7824282944b7cc7b8ef86ed9adbe21f49b247f97,APE,0.6288302307503196
0x7824282944b7cc7b8ef86ed9adbe21f49b247f97,APT,0.4589064453521322
0x7824282944b7cc7b8ef86ed9adbe21f49b247f97,ATOM,0.6326932891287003
0x7824282944b7cc7b8ef86ed9adbe21f49b247f97,AVAX,0.6132404849736247
0x7824282944b7cc7b8ef86ed9adbe21f49b247f97,AXS,0.6024910257740461
0x7824282944b7cc7b8ef86ed9adbe21f49b247f97,BAL,0.5160252519466164
0x7824282944b7cc7b8ef86ed9adbe21f49b247f97,BCH,0.6039504302522287
0x7824282944b7cc7b8ef86ed9adbe21f49b247f97,BLUR,0.440080434967443
0x7824282944b7cc7b8ef86ed9adbe21f49b247f97,BNB,0.6358332767733833
0x7824282944b7cc7b8ef86ed9adbe21f49b247f97,BONK,0.5744685048333974
0x7824282944b7cc7b8ef86ed9adbe21f49b247f97,BTC,0.7110753716552262
0x7824282944b7cc7b8ef86ed9adbe21f49b247f97,C98,0.5745856532390744
0x7824282944b7cc7b8ef86ed9adbe21f49b247f97,CAKE,0.63949202036466
0x7824282944b7cc7b8ef86ed9adbe21f49b247f97,COMP,0.641354480844266
0x7824282944b7cc7b8ef86ed9adbe21f49b247f97,CRV,0.4556397727363473
0x7824282944b7cc7b8ef86ed9adbe21f49b247f97,CVX,0.4969061149093624
0x7824282944b7cc7b8ef86ed9adbe21f49b247f97,DAI,0.5938721849575416
0x7824282944b7cc7b8ef86ed9adbe21f49b247f97,DAO,0.5980421865600167
0x7824282944b7cc7b8ef86ed9adbe21f49b247f97,DOGE,0.6645202095705378
0x7824282944b7cc7b8ef86ed9adbe21f49b247f97,DOT,0.594371221369196
0x7824282944b7cc7b8ef86ed9adbe21f49b247f97,DYDX,0.462769951553329
0x7824282944b7cc7b8ef86ed9adbe21f49b247f97,EOS,0.6149417014437187
0x7824282944b7cc7b8ef86ed9adbe21f49b247f97,ETC,0.6148359888636724
0x7824282944b7cc7b8ef86ed9adbe21f49b247f97,ETH,0.6449386152310637
0x7824282944b7cc7b8ef86ed9adbe21f49b247f97,FET,0.6468679342150193
0x7824282944b7cc7b8ef86ed9adbe21f49b247f97,FIL,0.5516178961784314
0x7824282944b7cc7b8ef86ed9adbe21f49b247f97,FRAX,0.6516790400106974
0x7824282944b7cc7b8ef86ed9adbe21f49b247f97,FTM,0.3390092570803463
0x7824282944b7cc7b8ef86ed9adbe21f49b247f97,FXS,0.5054346662834149
0x7824282944b7cc7b8ef86ed9adbe21f49b247f97,GRT,0.6082279216487724
0x7824282944b7cc7b8ef86ed9adbe21f49b247f97,HAI,0.5732929312736386
0x7824282944b7cc7b8ef86ed9adbe21f49b247f97,HERO,0.5776869866704969
0x7824282944b7cc7b8ef86ed9adbe21f49b247f97,ICP,0.4059406778999146
0x7824282944b7cc7b8ef86ed9adbe21f49b247f97,IMX,0.6262547493385932
0x7824282944b7cc7b8ef86ed9adbe21f49b247f97,INJ,0.5038339409744899
0x7824282944b7cc7b8ef86ed9adbe21f49b247f97,LDO,0.5674761365624196
0x7824282944b7cc7b8ef86ed9adbe21f49b247f97,LINK,0.6577766592472659
0x7824282944b7cc7b8ef86ed9adbe21f49b247f97,LTC,0.5862090414797331
0x7824282944b7cc7b8ef86ed9adbe21f49b247f97,MATIC,0.625498826331561
0x7824282944b7cc7b8ef86ed9adbe21f49b247f97,MAV,0.3613115856661812
0x7824282944b7cc7b8ef86ed9adbe21f49b247f97,MBOX,0.5568323162410564
0x7824282944b7cc7b8ef86ed9adbe21f49b247f97,MKR,0.6264940190393165
0x7824282944b7cc7b8ef86ed9adbe21f49b247f97,MOON,0.6208419069330302
0x7824282944b7cc7b8ef86ed9adbe21f49b247f97,NEAR,0.4964285962393295
0x7824282944b7cc7b8ef86ed9adbe21f49b247f97,OP,0.6765963914598583
0x7824282944b7cc7b8ef86ed9adbe21f49b247f97,PENDLE,0.5779795982147024
0x7824282944b7cc7b8ef86ed9adbe21f49b247f97,PEPE,0.6312048551377857
0x7824282944b7cc7b8ef86ed9adbe21f49b247f97,PERP,0.4554692533884334
0x7824282944b7cc7b8ef86ed9adbe21f49b247f97,PIT,0.5982270448143323
0x7824282944b7cc7b8ef86ed9adbe21f49b247f97,POLS,0.5508356687010894
0x7824282944b7cc7b8ef86ed9adbe21f49b247f97,PYTH,0.4701660663047169
0x7824282944b7cc7b8ef86ed9adbe21f49b247f97,QUACK,0.575915747860884
0x7824282944b7cc7b8ef86ed9adbe21f49b247f97,RDNT,0.564214849069506
0x7824282944b7cc7b8ef86ed9adbe21f49b247f97,RNDR,0.5716227535897539
0x7824282944b7cc7b8ef86ed9adbe21f49b247f97,RPL,0.5456850600667144
0x7824282944b7cc7b8ef86ed9adbe21f49b247f97,RUNE,0.3647802955434955
0x7824282944b7cc7b8ef86ed9adbe21f49b247f97,SFP,0.5826883800903851
0x7824282944b7cc7b8ef86ed9adbe21f49b247f97,SFUND,0.5316765030989025
0x7824282944b7cc7b8ef86ed9adbe21f49b247f97,SHIB,0.5169590755226844
0x7824282944b7cc7b8ef86ed9adbe21f49b247f97,SOL,0.6178015002120172
0x7824282944b7cc7b8ef86ed9adbe21f49b247f97,STG,0.5476008860298048
0x7824282944b7cc7b8ef86ed9adbe21f49b247f97,SUI,0.4881017144899894
0x7824282944b7cc7b8ef86ed9adbe21f49b247f97,SUSHI,0.6368338207495904
0x7824282944b7cc7b8ef86ed9adbe21f49b247f97,TIA,0.5310464513371546
0x7824282944b7cc7b8ef86ed9adbe21f49b247f97,TOKEN,0.3386927451018403
0x7824282944b7cc7b8ef86ed9adbe21f49b247f97,TRX,0.6406070605071018
0x7824282944b7cc7b8ef86ed9adbe21f49b247f97,UNI,0.6452717400771852
0x7824282944b7cc7b8ef86ed9adbe21f49b247f97,USDT,0.7266856222480983
0x7824282944b7cc7b8ef86ed9adbe21f49b247f97,XLM,0.5481817675542419
0x7824282944b7cc7b8ef86ed9adbe21f49b247f97,XMR,0.5855310690152774
0x7824282944b7cc7b8ef86ed9adbe21f49b247f97,XRP,0.6719789560135943
0x7824282944b7cc7b8ef86ed9adbe21f49b247f97,XTZ,0.6169656748312526
0x7824282944b7cc7b8ef86ed9adbe21f49b247f97,XVS,0.4825804477880873
0x7824282944b7cc7b8ef86ed9adbe21f49b247f97,YFI,0.6110835109508768
0x7b190f293113eed451925bd6c47246bd9c67b019,AAVE,0.5061204773433533
0x7b190f293113eed451925bd6c47246bd9c67b019,ADA,0.5283583055716713
0x7b190f293113eed451925bd6c47246bd9c67b019,ALGO,0.5455747512307529
0x7b190f293113eed451925bd6c47246bd9c67b019,APE,0.5256100364076364
0x7b190f293113eed451925bd6c47246bd9c67b019,APT,0.5364942963317405
0x7b190f293113eed451925bd6c47246bd9c67b019,ATOM,0.5304483141408444
0x7b190f293113eed451925bd6c47246bd9c67b019,AVAX,0.5364850633072171
0x7b190f293113eed451925bd6c47246bd9c67b019,AXS,0.5382679220498355
0x7b190f293113eed451925bd6c47246bd9c67b019,BAL,0.5387240904405817
0x7b190f293113eed451925bd6c47246bd9c67b019,BCH,0.547350575936254
0x7b190f293113eed451925bd6c47246bd9c67b019,BLUR,0.5163299086497507
0x7b190f293113eed451925bd6c47246bd9c67b019,BNB,0.5552817543592051
0x7b190f293113eed451925bd6c47246bd9c67b019,BONK,0.5294290649235084
0x7b190f293113eed451925bd6c47246bd9c67b019,BTC,0.5443219133247836
0x7b190f293113eed451925bd6c47246bd9c67b019,C98,0.5314849636613916
0x7b190f293113eed451925bd6c47246bd9c67b019,CAKE,0.5295730239443103
0x7b190f293113eed451925bd6c47246bd9c67b019,COMP,0.5475417936752818
0x7b190f293113eed451925bd6c47246bd9c67b019,CRV,0.5240901306817006
0x7b190f293113eed451925bd6c47246bd9c67b019,CVX,0.5227565804647547
0x7b190f293113eed451925bd6c47246bd9c67b019,DAI,0.5500437958207032
0x7b190f293113eed451925bd6c47246bd9c67b019,DAO,0.5310122180862132
0x7b190f293113eed451925bd6c47246bd9c67b019,DOGE,0.5274871327944141
0x7b190f293113eed451925bd6c47246bd9c67b019,DOT,0.5348325075836249
0x7b190f293113eed451925bd6c47246bd9c67b019,DYDX,0.5418501632046642
0x7b190f293113eed451925bd6c47246bd9c67b019,EOS,0.5471861768142263
0x7b190f293113eed451925bd6c47246bd9c67b019,ETC,0.5433338791379844
0x7b190f293113eed451925bd6c47246bd9c67b019,ETH,0.5475293652989894
0x7b190f293113eed451925bd6c47246bd9c67b019,FET,0.5331042321750783
0x7b190f293113eed451925bd6c47246bd9c67b019,FIL,0.5317762981556775
0x7b190f293113eed451925bd6c47246bd9c67b019,FRAX,0.5508828430619275
0x7b190f293113eed451925bd6c47246bd9c67b019,FTM,0.5249360606545518
0x7b190f293113eed451925bd6c47246bd9c67b019,FXS,0.524824683087394
0x7b190f293113eed451925bd6c47246bd9c67b019,GRT,0.5303228935243244
0x7b190f293113eed451925bd6c47246bd9c67b019,HAI,0.5381025269590738
0x7b190f293113eed451925bd6c47246bd9c67b019,HERO,0.5512430505571637
0x7b190f293113eed451925bd6c47246bd9c67b019,ICP,0.5257279625251108
0x7b190f293113eed451925bd6c47246bd9c67b019,IMX,0.5230190859650058
0x7b190f293113eed451925bd6c47246bd9c67b019,INJ,0.5219734367421184
0x7b190f293113eed451925bd6c47246bd9c67b019,LDO,0.531484337113545
0x7b190f293113eed451925bd6c47246bd9c67b019,LINK,0.5408089557308245
0x7b190f293113eed451925bd6c47246bd9c67b019,LTC,0.5481699909300832
0x7b190f293113eed451925bd6c47246bd9c67b019,MATIC,0.5312379971201304
0x7b190f293113eed451925bd6c47246bd9c67b019,MAV,0.5192483545666007
0x7b190f293113eed451925bd6c47246bd9c67b019,MBOX,0.5178795253890714
0x7b190f293113eed451925bd6c47246bd9c67b019,MKR,0.5320242398771173
0x7b190f293113eed451925bd6c47246bd9c67b019,MOON,0.5233352437132515
0x7b190f293113eed451925bd6c47246bd9c67b019,NEAR,0.5234384030509647
0x7b190f293113eed451925bd6c47246bd9c67b019,OP,0.5334290453717504
0x7b190f293113eed451925bd6c47246bd9c67b019,PENDLE,0.5190023929443991
0x7b190f293113eed451925bd6c47246bd9c67b019,PEPE,0.5240560902267747
0x7b190f293113eed451925bd6c47246bd9c67b019,PERP,0.5150478702939927
0x7b190f293113eed451925bd6c47246bd9c67b019,PIT,0.528597994647661
0x7b190f293113eed451925bd6c47246bd9c67b019,POLS,0.5242600985298534
0x7b190f293113eed451925bd6c47246bd9c67b019,PYTH,0.5291554667394905
0x7b190f293113eed451925bd6c47246bd9c67b019,QUACK,0.5464092861831145
0x7b190f293113eed451925bd6c47246bd9c67b019,RDNT,0.5324746537058387
0x7b190f293113eed451925bd6c47246bd9c67b019,RNDR,0.533732194346989
0x7b190f293113eed451925bd6c47246bd9c67b019,RPL,0.5373604039710865
0x7b190f293113eed451925bd6c47246bd9c67b019,RUNE,0.5295310608541167
0x7b190f293113eed451925bd6c47246bd9c67b019,SFP,0.5369732989389568
0x7b190f293113eed451925bd6c47246bd9c67b019,SFUND,0.5308075761277528
0x7b190f293113eed451925bd6c47246bd9c67b019,SHIB,0.531329565999169
0x7b190f293113eed451925bd6c47246bd9c67b019,SOL,0.5127695350777476
0x7b190f293113eed451925bd6c47246bd9c67b019,STG,0.5381597991974135
0x7b190f293113eed451925bd6c47246bd9c67b019,SUI,0.5042114647884446
0x7b190f293113eed451925bd6c47246bd9c67b019,SUSHI,0.5325660285541154
0x7b190f293113eed451925bd6c47246bd9c67b019,TIA,0.5253050827268959
0x7b190f293113eed451925bd6c47246bd9c67b019,TOKEN,0.5296193393198184
0x7b190f293113eed451925bd6c47246bd9c67b019,TRX,0.5480447292185867
0x7b190f293113eed451925bd6c47246bd9c67b019,UNI,0.5328936617831652
0x7b190f293113eed451925bd6c47246bd9c67b019,USDT,0.5508921695326477
0x7b190f293113eed451925bd6c47246bd9c67b019,XLM,0.5441495038641465
0x7b190f293113eed451925bd6c47246bd9c67b019,XMR,0.5560210784344014
0x7b190f293113eed451925bd6c47246bd9c67b019,XRP,0.5396738774785148
0x7b190f293113eed451925bd6c47246bd9c67b019,XTZ,0.5422287183452945
0x7b190f293113eed451925bd6c47246bd9c67b019,XVS,0.5345844880367079
0x7b190f293113eed451925bd6c47246bd9c67b019,YFI,0.5565692566253562
0x7de5ac173e8ee69177f6243cf9c70608f6e1ad05,AAVE,0.4616270991623908
0x7de5ac173e8ee69177f6243cf9c70608f6e1ad05,ADA,0.5429027243920682
0x7de5ac173e8ee69177f6243cf9c70608f6e1ad05,ALGO,0.5075328615569203
0x7de5ac173e8ee69177f6243cf9c70608f6e1ad05,APE,0.5736356536723192
0x7de5ac173e8ee69177f6243cf9c70608f6e1ad05,APT,0.4456407010872291
0x7de5ac173e8ee69177f6243cf9c70608f6e1ad05,ATOM,0.6646149984173072
0x7de5ac173e8ee69177f6243cf9c70608f6e1ad05,AVAX,0.5747614251450577
0x7de5ac173e8ee69177f6243cf9c70608f6e1ad05,AXS,0.5214719163248908
0x7de5ac173e8ee69177f6243cf9c70608f6e1ad05,BAL,0.5320459635088431
0x7de5ac173e8ee69177f6243cf9c70608f6e1ad05,BCH,0.5003692814663102
0x7de5ac173e8ee69177f6243cf9c70608f6e1ad05,BLUR,0.3657490736734646
0x7de5ac173e8ee69177f6243cf9c70608f6e1ad05,BNB,0.5514287426272751
0x7de5ac173e8ee69177f6243cf9c70608f6e1ad05,BONK,0.6026586901307859
0x7de5ac173e8ee69177f6243cf9c70608f6e1ad05,BTC,0.6164477283690388
0x7de5ac173e8ee69177f6243cf9c70608f6e1ad05,C98,0.5099141160857814
0x7de5ac173e8ee69177f6243cf9c70608f6e1ad05,CAKE,0.5375564730107886
0x7de5ac173e8ee69177f6243cf9c70608f6e1ad05,COMP,0.5954596019096039
0x7de5ac173e8ee69177f6243cf9c70608f6e1ad05,CRV,0.4567321048135944
0x7de5ac173e8ee69177f6243cf9c70608f6e1ad05,CVX,0.509177205280834
0x7de5ac173e8ee69177f6243cf9c70608f6e1ad05,DAI,0.6650551113537112
0x7de5ac173e8ee69177f6243cf9c70608f6e1ad05,DAO,0.5516723624773521
0x7de5ac173e8ee69177f6243cf9c70608f6e1ad05,DOGE,0.4739027909210024
0x7de5ac173e8ee69177f6243cf9c70608f6e1ad05,DOT,0.5843649580043488
0x7de5ac173e8ee69177f6243cf9c70608f6e1ad05,DYDX,0.391193796789559
0x7de5ac173e8ee69177f6243cf9c70608f6e1ad05,EOS,0.5468542496804752
0x7de5ac173e8ee69177f6243cf9c70608f6e1ad05,ETC,0.5810858163192187
0x7de5ac173e8ee69177f6243cf9c70608f6e1ad05,ETH,0.6103915886589433
0x7de5ac173e8ee69177f6243cf9c70608f6e1ad05,FET,0.5895888492852497
0x7de5ac173e8ee69177f6243cf9c70608f6e1ad05,FIL,0.543932194948925
0x7de5ac173e8ee69177f6243cf9c70608f6e1ad05,FRAX,0.5618511540358774
0x7de5ac173e8ee69177f6243cf9c70608f6e1ad05,FTM,0.3466822555664042
0x7de5ac173e8ee69177f6243cf9c70608f6e1ad05,FXS,0.3779762678218896
0x7de5ac173e8ee69177f6243cf9c70608f6e1ad05,GRT,0.4963388051447918
0x7de5ac173e8ee69177f6243cf9c70608f6e1ad05,HAI,0.5193881076431099
0x7de5ac173e8ee69177f6243cf9c70608f6e1ad05,HERO,0.5425722513883635
0x7de5ac173e8ee69177f6243cf9c70608f6e1ad05,ICP,0.4724254946392186
0x7de5ac173e8ee69177f6243cf9c70608f6e1ad05,IMX,0.5797552362813709
0x7de5ac173e8ee69177f6243cf9c70608f6e1ad05,INJ,0.4988004600132186
0x7de5ac173e8ee69177f6243cf9c70608f6e1ad05,LDO,0.5088838965855154
0x7de5ac173e8ee69177f6243cf9c70608f6e1ad05,LINK,0.6008822747160798
0x7de5ac173e8ee69177f6243cf9c70608f6e1ad05,LTC,0.524397806408866
0x7de5ac173e8ee69177f6243cf9c70608f6e1ad05,MATIC,0.5085290595362562
0x7de5ac173e8ee69177f6243cf9c70608f6e1ad05,MAV,0.400631944369976
0x7de5ac173e8ee69177f6243cf9c70608f6e1ad05,MBOX,0.5453138411536786
0x7de5ac173e8ee69177f6243cf9c70608f6e1ad05,MKR,0.4158743242694206
0x7de5ac173e8ee69177f6243cf9c70608f6e1ad05,MOON,0.6645663158958629
0x7de5ac173e8ee69177f6243cf9c70608f6e1ad05,NEAR,0.5639219175765462
0x7de5ac173e8ee69177f6243cf9c70608f6e1ad05,OP,0.4838244473921437
0x7de5ac173e8ee69177f6243cf9c70608f6e1ad05,PENDLE,0.4631984941703298
0x7de5ac173e8ee69177f6243cf9c70608f6e1ad05,PEPE,0.6649050540285286
0x7de5ac173e8ee69177f6243cf9c70608f6e1ad05,PERP,0.3504126295328235
0x7de5ac173e8ee69177f6243cf9c70608f6e1ad05,PIT,0.5371624934733406
0x7de5ac173e8ee69177f6243cf9c70608f6e1ad05,POLS,0.5329695970334263
0x7de5ac173e8ee69177f6243cf9c70608f6e1ad05,PYTH,0.4815266577898115
0x7de5ac173e8ee69177f6243cf9c70608f6e1ad05,QUACK,0.5303703412132608
0x7de5ac173e8ee69177f6243cf9c70608f6e1ad05,RDNT,0.5483451556222274
0x7de5ac173e8ee69177f6243cf9c70608f6e1ad05,RNDR,0.5388448216080755
0x7de5ac173e8ee69177f6243cf9c70608f6e1ad05,RPL,0.5420873082664578
0x7de5ac173e8ee69177f6243cf9c70608f6e1ad05,RUNE,0.3169897607661507
0x7de5ac173e8ee69177f6243cf9c70608f6e1ad05,SFP,0.5686129415959356
0x7de5ac173e8ee69177f6243cf9c70608f6e1ad05,SFUND,0.5186629427571038
0x7de5ac173e8ee69177f6243cf9c70608f6e1ad05,SHIB,0.5218893781731507
0x7de5ac173e8ee69177f6243cf9c70608f6e1ad05,SOL,0.4004271848136145
0x7de5ac173e8ee69177f6243cf9c70608f6e1ad05,STG,0.5084239640343395
0x7de5ac173e8ee69177f6243cf9c70608f6e1ad05,SUI,0.4826924325394772
0x7de5ac173e8ee69177f6243cf9c70608f6e1ad05,SUSHI,0.5251055515937962
0x7de5ac173e8ee69177f6243cf9c70608f6e1ad05,TIA,0.5548798223246362
0x7de5ac173e8ee69177f6243cf9c70608f6e1ad05,TOKEN,0.399716102818107
0x7de5ac173e8ee69177f6243cf9c70608f6e1ad05,TRX,0.6272334924256696
0x7de5ac173e8ee69177f6243cf9c70608f6e1ad05,UNI,0.514502573310781
0x7de5ac173e8ee69177f6243cf9c70608f6e1ad05,USDT,0.5635128310650762
0x7de5ac173e8ee69177f6243cf9c70608f6e1ad05,XLM,0.4721857891261805
0x7de5ac173e8ee69177f6243cf9c70608f6e1ad05,XMR,0.5611016994794865
0x7de5ac173e8ee69177f6243cf9c70608f6e1ad05,XRP,0.4627509905158021
0x7de5ac173e8ee69177f6243cf9c70608f6e1ad05,XTZ,0.5210353985658334
0x7de5ac173e8ee69177f6243cf9c70608f6e1ad05,XVS,0.3658954334787366
0x7de5ac173e8ee69177f6243cf9c70608f6e1ad05,YFI,0.5774845824913766
0x81942befbb59f4461a32af5c4798f72f58f6797f,AAVE,0.0
0x81942befbb59f4461a32af5c4798f72f58f6797f,ADA,0.3995361328125
0x81942befbb59f4461a32af5c4798f72f58f6797f,ALGO,0.4319610595703125
0x81942befbb59f4461a32af5c4798f72f58f6797f,APE,0.0
0x81942befbb59f4461a32af5c4798f72f58f6797f,APT,0.1045379638671875
0x81942befbb59f4461a32af5c4798f72f58f6797f,ATOM,0.0
0x81942befbb59f4461a32af5c4798f72f58f6797f,AVAX,0.2633056640625
0x81942befbb59f4461a32af5c4798f72f58f6797f,AXS,0.2523956298828125
0x81942befbb59f4461a32af5c4798f72f58f6797f,BAL,0.2523956298828125
0x81942befbb59f4461a32af5c4798f72f58f6797f,BCH,0.3839569091796875
0x81942befbb59f4461a32af5c4798f72f58f6797f,BLUR,0.1045379638671875
0x81942befbb59f4461a32af5c4798f72f58f6797f,BNB,0.7108001708984375
0x81942befbb59f4461a32af5c4798f72f58f6797f,BONK,0.0
0x81942befbb59f4461a32af5c4798f72f58f6797f,BTC,0.289703369140625
0x81942befbb59f4461a32af5c4798f72f58f6797f,C98,0.0
0x81942befbb59f4461a32af5c4798f72f58f6797f,CAKE,0.1045379638671875
0x81942befbb59f4461a32af5c4798f72f58f6797f,COMP,0.3678436279296875
0x81942befbb59f4461a32af5c4798f72f58f6797f,CRV,0.1045379638671875
0x81942befbb59f4461a32af5c4798f72f58f6797f,CVX,0.0
0x81942befbb59f4461a32af5c4798f72f58f6797f,DAI,0.6881561279296875
0x81942befbb59f4461a32af5c4798f72f58f6797f,DAO,0.072113037109375
0x81942befbb59f4461a32af5c4798f72f58f6797f,DOGE,0.0
0x81942befbb59f4461a32af5c4798f72f58f6797f,DOT,0.149932861328125
0x81942befbb59f4461a32af5c4798f72f58f6797f,DYDX,0.1045379638671875
0x81942befbb59f4461a32af5c4798f72f58f6797f,EOS,0.180267333984375
0x81942befbb59f4461a32af5c4798f72f58f6797f,ETC,0.5363922119140625
0x81942befbb59f4461a32af5c4798f72f58f6797f,ETH,0.564208984375
0x81942befbb59f4461a32af5c4798f72f58f6797f,FET,0.0
0x81942befbb59f4461a32af5c4798f72f58f6797f,FIL,0.0
0x81942befbb59f4461a32af5c4798f72f58f6797f,FRAX,0.6160430908203125
0x81942befbb59f4461a32af5c4798f72f58f6797f,FTM,0.0
0x81942befbb59f4461a32af5c4798f72f58f6797f,FXS,0.072113037109375
0x81942befbb59f4461a32af5c4798f72f58f6797f,GRT,0.0
0x81942befbb59f4461a32af5c4798f72f58f6797f,HAI,0.0
0x81942befbb59f4461a32af5c4798f72f58f6797f,HERO,0.613861083984375
0x81942befbb59f4461a32af5c4798f72f58f6797f,ICP,0.3184661865234375
0x81942befbb59f4461a32af5c4798f72f58f6797f,IMX,0.0
0x81942befbb59f4461a32af5c4798f72f58f6797f,INJ,0.149932861328125
0x81942befbb59f4461a32af5c4798f72f58f6797f,LDO,0.0
0x81942befbb59f4461a32af5c4798f72f58f6797f,LINK,0.5363922119140625
0x81942befbb59f4461a32af5c4798f72f58f6797f,LTC,0.4584808349609375
0x81942befbb59f4461a32af5c4798f72f58f6797f,MATIC,0.147857666015625
0x81942befbb59f4461a32af5c4798f72f58f6797f,MAV,0.072113037109375
0x81942befbb59f4461a32af5c4798f72f58f6797f,MBOX,0.0
0x81942befbb59f4461a32af5c4798f72f58f6797f,MKR,0.3390350341796875
0x81942befbb59f4461a32af5c4798f72f58f6797f,MOON,0.072113037109375
0x81942befbb59f4461a32af5c4798f72f58f6797f,NEAR,0.254486083984375
0x81942befbb59f4461a32af5c4798f72f58f6797f,OP,0.0
0x81942befbb59f4461a32af5c4798f72f58f6797f,PENDLE,0.072113037109375
0x81942befbb59f4461a32af5c4798f72f58f6797f,PEPE,0.0
0x81942befbb59f4461a32af5c4798f72f58f6797f,PERP,0.0
0x81942befbb59f4461a32af5c4798f72f58f6797f,PIT,0.0
0x81942befbb59f4461a32af5c4798f72f58f6797f,POLS,0.0
0x81942befbb59f4461a32af5c4798f72f58f6797f,PYTH,0.072113037109375
0x81942befbb59f4461a32af5c4798f72f58f6797f,QUACK,0.180267333984375
0x81942befbb59f4461a32af5c4798f72f58f6797f,RDNT,0.0
0x81942befbb59f4461a32af5c4798f72f58f6797f,RNDR,0.149932861328125
0x81942befbb59f4461a32af5c4798f72f58f6797f,RPL,0.2633056640625
0x81942befbb59f4461a32af5c4798f72f58f6797f,RUNE,0.1951751708984375
0x81942befbb59f4461a32af5c4798f72f58f6797f,SFP,0.0
0x81942befbb59f4461a32af5c4798f72f58f6797f,SFUND,0.0
0x81942befbb59f4461a32af5c4798f72f58f6797f,SHIB,0.0
0x81942befbb59f4461a32af5c4798f72f58f6797f,SOL,0.2890777587890625
0x81942befbb59f4461a32af5c4798f72f58f6797f,STG,0.0
0x81942befbb59f4461a32af5c4798f72f58f6797f,SUI,0.0
0x81942befbb59f4461a32af5c4798f72f58f6797f,SUSHI,0.0
0x81942befbb59f4461a32af5c4798f72f58f6797f,TIA,0.0
0x81942befbb59f4461a32af5c4798f72f58f6797f,TOKEN,0.0
0x81942befbb59f4461a32af5c4798f72f58f6797f,TRX,0.4358367919921875
0x81942befbb59f4461a32af5c4798f72f58f6797f,UNI,0.176666259765625
0x81942befbb59f4461a32af5c4798f72f58f6797f,USDT,0.6133575439453125
0x81942befbb59f4461a32af5c4798f72f58f6797f,XLM,0.0906219482421875
0x81942befbb59f4461a32af5c4798f72f58f6797f,XMR,0.5363922119140625
0x81942befbb59f4461a32af5c4798f72f58f6797f,XRP,0.16339111328125
0x81942befbb59f4461a32af5c4798f72f58f6797f,XTZ,0.0
0x81942befbb59f4461a32af5c4798f72f58f6797f,XVS,0.1045379638671875
0x81942befbb59f4461a32af5c4798f72f58f6797f,YFI,1.0
0x8a8e1c4e454e092fc19c6cca2034bd22b29781e7,AAVE,0.5439153
0x8a8e1c4e454e092fc19c6cca2034bd22b29781e7,ADA,0.55802715
0x8a8e1c4e454e092fc19c6cca2034bd22b29781e7,ALGO,0.5540867
0x8a8e1c4e454e092fc19c6cca2034bd22b29781e7,APE,0.5393439
0x8a8e1c4e454e092fc19c6cca2034bd22b29781e7,APT,0.54623175
0x8a8e1c4e454e092fc19c6cca2034bd22b29781e7,ATOM,0.5487871
0x8a8e1c4e454e092fc19c6cca2034bd22b29781e7,AVAX,0.54621005
0x8a8e1c4e454e092fc19c6cca2034bd22b29781e7,AXS,0.54158825
0x8a8e1c4e454e092fc19c6cca2034bd22b29781e7,BAL,0.5445693
0x8a8e1c4e454e092fc19c6cca2034bd22b29781e7,BCH,0.54363453
0x8a8e1c4e454e092fc19c6cca2034bd22b29781e7,BLUR,0.5388671
0x8a8e1c4e454e092fc19c6cca2034bd22b29781e7,BNB,0.5514626
0x8a8e1c4e454e092fc19c6cca2034bd22b29781e7,BONK,0.544013
0x8a8e1c4e454e092fc19c6cca2034bd22b29781e7,BTC,0.55392575
0x8a8e1c4e454e092fc19c6cca2034bd22b29781e7,C98,0.53964216
0x8a8e1c4e454e092fc19c6cca2034bd22b29781e7,CAKE,0.5528435
0x8a8e1c4e454e092fc19c6cca2034bd22b29781e7,COMP,0.54550314
0x8a8e1c4e454e092fc19c6cca2034bd22b29781e7,CRV,0.54185104
0x8a8e1c4e454e092fc19c6cca2034bd22b29781e7,CVX,0.54194117
0x8a8e1c4e454e092fc19c6cca2034bd22b29781e7,DAI,0.5381607
0x8a8e1c4e454e092fc19c6cca2034bd22b29781e7,DAO,0.5525972
0x8a8e1c4e454e092fc19c6cca2034bd22b29781e7,DOGE,0.55503994
0x8a8e1c4e454e092fc19c6cca2034bd22b29781e7,DOT,0.54830056
0x8a8e1c4e454e092fc19c6cca2034bd22b29781e7,DYDX,0.54044145
0x8a8e1c4e454e092fc19c6cca2034bd22b29781e7,EOS,0.542012
0x8a8e1c4e454e092fc19c6cca2034bd22b29781e7,ETC,0.550399
0x8a8e1c4e454e092fc19c6cca2034bd22b29781e7,ETH,0.5590387
0x8a8e1c4e454e092fc19c6cca2034bd22b29781e7,FET,0.55711025
0x8a8e1c4e454e092fc19c6cca2034bd22b29781e7,FIL,0.5445304
0x8a8e1c4e454e092fc19c6cca2034bd22b29781e7,FRAX,0.5398938
0x8a8e1c4e454e092fc19c6cca2034bd22b29781e7,FTM,0.54651713
0x8a8e1c4e454e092fc19c6cca2034bd22b29781e7,FXS,0.536404
0x8a8e1c4e454e092fc19c6cca2034bd22b29781e7,GRT,0.54548806
0x8a8e1c4e454e092fc19c6cca2034bd22b29781e7,HAI,0.5379095
0x8a8e1c4e454e092fc19c6cca2034bd22b29781e7,HERO,0.5396774
0x8a8e1c4e454e092fc19c6cca2034bd22b29781e7,ICP,0.5465861
0x8a8e1c4e454e092fc19c6cca2034bd22b29781e7,IMX,0.5416628
0x8a8e1c4e454e092fc19c6cca2034bd22b29781e7,INJ,0.5534647
0x8a8e1c4e454e092fc19c6cca2034bd22b29781e7,LDO,0.5390237
0x8a8e1c4e454e092fc19c6cca2034bd22b29781e7,LINK,0.54577994
0x8a8e1c4e454e092fc19c6cca2034bd22b29781e7,LTC,0.55693465
0x8a8e1c4e454e092fc19c6cca2034bd22b29781e7,MATIC,0.54553413
0x8a8e1c4e454e092fc19c6cca2034bd22b29781e7,MAV,0.5369571
0x8a8e1c4e454e092fc19c6cca2034bd22b29781e7,MBOX,0.54072964
0x8a8e1c4e454e092fc19c6cca2034bd22b29781e7,MKR,0.54735136
0x8a8e1c4e454e092fc19c6cca2034bd22b29781e7,MOON,0.5453172
0x8a8e1c4e454e092fc19c6cca2034bd22b29781e7,NEAR,0.54170626
0x8a8e1c4e454e092fc19c6cca2034bd22b29781e7,OP,0.54992574
0x8a8e1c4e454e092fc19c6cca2034bd22b29781e7,PENDLE,0.5556163
0x8a8e1c4e454e092fc19c6cca2034bd22b29781e7,PEPE,0.54831356
0x8a8e1c4e454e092fc19c6cca2034bd22b29781e7,PERP,0.5432867
0x8a8e1c4e454e092fc19c6cca2034bd22b29781e7,PIT,0.5417016
0x8a8e1c4e454e092fc19c6cca2034bd22b29781e7,POLS,0.5423649
0x8a8e1c4e454e092fc19c6cca2034bd22b29781e7,PYTH,0.54240394
0x8a8e1c4e454e092fc19c6cca2034bd22b29781e7,QUACK,0.5421891
0x8a8e1c4e454e092fc19c6cca2034bd22b29781e7,RDNT,0.53788966
0x8a8e1c4e454e092fc19c6cca2034bd22b29781e7,RNDR,0.55167955
0x8a8e1c4e454e092fc19c6cca2034bd22b29781e7,RPL,0.5426344
0x8a8e1c4e454e092fc19c6cca2034bd22b29781e7,RUNE,0.5498916
0x8a8e1c4e454e092fc19c6cca2034bd22b29781e7,SFP,0.5451082
0x8a8e1c4e454e092fc19c6cca2034bd22b29781e7,SFUND,0.5416986
0x8a8e1c4e454e092fc19c6cca2034bd22b29781e7,SHIB,0.5456394
0x8a8e1c4e454e092fc19c6cca2034bd22b29781e7,SOL,0.5557884
0x8a8e1c4e454e092fc19c6cca2034bd22b29781e7,STG,0.5427396
0x8a8e1c4e454e092fc19c6cca2034bd22b29781e7,SUI,0.5467714
0x8a8e1c4e454e092fc19c6cca2034bd22b29781e7,SUSHI,0.5414858
0x8a8e1c4e454e092fc19c6cca2034bd22b29781e7,TIA,0.5451971
0x8a8e1c4e454e092fc19c6cca2034bd22b29781e7,TOKEN,0.54722244
0x8a8e1c4e454e092fc19c6cca2034bd22b29781e7,TRX,0.5471251
0x8a8e1c4e454e092fc19c6cca2034bd22b29781e7,UNI,0.54155946
0x8a8e1c4e454e092fc19c6cca2034bd22b29781e7,USDT,0.56113
0x8a8e1c4e454e092fc19c6cca2034bd22b29781e7,XLM,0.54654706
0x8a8e1c4e454e092fc19c6cca2034bd22b29781e7,XMR,0.538772
0x8a8e1c4e454e092fc19c6cca2034bd22b29781e7,XRP,0.55801433
0x8a8e1c4e454e092fc19c6cca2034bd22b29781e7,XTZ,0.5495414
0x8a8e1c4e454e092fc19c6cca2034bd22b29781e7,XVS,0.54188293
0x8a8e1c4e454e092fc19c6cca2034bd22b29781e7,YFI,0.5419923
0x904d35c124326ce0741d7b6c63b66a12fbeabcc5,AAVE,0.1322860717773437
0x904d35c124326ce0741d7b6c63b66a12fbeabcc5,ADA,0.5553665161132812
0x904d35c124326ce0741d7b6c63b66a12fbeabcc5,ALGO,0.56817626953125
0x904d35c124326ce0741d7b6c63b66a12fbeabcc5,APE,0.5059356689453125
0x904d35c124326ce0741d7b6c63b66a12fbeabcc5,APT,0.3441314697265625
0x904d35c124326ce0741d7b6c63b66a12fbeabcc5,ATOM,0.3404693603515625
0x904d35c124326ce0741d7b6c63b66a12fbeabcc5,AVAX,0.4767990112304687
0x904d35c124326ce0741d7b6c63b66a12fbeabcc5,AXS,0.3733901977539062
0x904d35c124326ce0741d7b6c63b66a12fbeabcc5,BAL,0.4797134399414062
0x904d35c124326ce0741d7b6c63b66a12fbeabcc5,BCH,0.6056900024414062
0x904d35c124326ce0741d7b6c63b66a12fbeabcc5,BLUR,0.4458084106445312
0x904d35c124326ce0741d7b6c63b66a12fbeabcc5,BNB,0.64697265625
0x904d35c124326ce0741d7b6c63b66a12fbeabcc5,BONK,0.4569091796875
0x904d35c124326ce0741d7b6c63b66a12fbeabcc5,BTC,0.5465927124023438
0x904d35c124326ce0741d7b6c63b66a12fbeabcc5,C98,0.3404693603515625
0x904d35c124326ce0741d7b6c63b66a12fbeabcc5,CAKE,0.3532028198242187
0x904d35c124326ce0741d7b6c63b66a12fbeabcc5,COMP,0.5215530395507812
0x904d35c124326ce0741d7b6c63b66a12fbeabcc5,CRV,0.5163040161132812
0x904d35c124326ce0741d7b6c63b66a12fbeabcc5,CVX,0.2959671020507812
0x904d35c124326ce0741d7b6c63b66a12fbeabcc5,DAI,0.7957687377929688
0x904d35c124326ce0741d7b6c63b66a12fbeabcc5,DAO,0.4994430541992187
0x904d35c124326ce0741d7b6c63b66a12fbeabcc5,DOGE,0.4371566772460937
0x904d35c124326ce0741d7b6c63b66a12fbeabcc5,DOT,0.4725112915039062
0x904d35c124326ce0741d7b6c63b66a12fbeabcc5,DYDX,0.3293914794921875
0x904d35c124326ce0741d7b6c63b66a12fbeabcc5,EOS,0.4800949096679687
0x904d35c124326ce0741d7b6c63b66a12fbeabcc5,ETC,0.6367416381835938
0x904d35c124326ce0741d7b6c63b66a12fbeabcc5,ETH,1.0
0x904d35c124326ce0741d7b6c63b66a12fbeabcc5,FET,0.356536865234375
0x904d35c124326ce0741d7b6c63b66a12fbeabcc5,FIL,0.3293914794921875
0x904d35c124326ce0741d7b6c63b66a12fbeabcc5,FRAX,0.6086273193359375
0x904d35c124326ce0741d7b6c63b66a12fbeabcc5,FTM,0.2857131958007812
0x904d35c124326ce0741d7b6c63b66a12fbeabcc5,FXS,0.3814620971679687
0x904d35c124326ce0741d7b6c63b66a12fbeabcc5,GRT,0.48651123046875
0x904d35c124326ce0741d7b6c63b66a12fbeabcc5,HAI,0.342132568359375
0x904d35c124326ce0741d7b6c63b66a12fbeabcc5,HERO,0.668609619140625
0x904d35c124326ce0741d7b6c63b66a12fbeabcc5,ICP,0.42266845703125
0x904d35c124326ce0741d7b6c63b66a12fbeabcc5,IMX,0.3404693603515625
0x904d35c124326ce0741d7b6c63b66a12fbeabcc5,INJ,0.5284347534179688
0x904d35c124326ce0741d7b6c63b66a12fbeabcc5,LDO,0.3404693603515625
0x904d35c124326ce0741d7b6c63b66a12fbeabcc5,LINK,0.5748367309570312
0x904d35c124326ce0741d7b6c63b66a12fbeabcc5,LTC,0.6385650634765625
0x904d35c124326ce0741d7b6c63b66a12fbeabcc5,MATIC,0.4628448486328125
0x904d35c124326ce0741d7b6c63b66a12fbeabcc5,MAV,0.3983078002929687
0x904d35c124326ce0741d7b6c63b66a12fbeabcc5,MBOX,0.3404693603515625
0x904d35c124326ce0741d7b6c63b66a12fbeabcc5,MKR,0.4734268188476562
0x904d35c124326ce0741d7b6c63b66a12fbeabcc5,MOON,0.2992935180664062
0x904d35c124326ce0741d7b6c63b66a12fbeabcc5,NEAR,0.4510574340820312
0x904d35c124326ce0741d7b6c63b66a12fbeabcc5,OP,0.3404693603515625
0x904d35c124326ce0741d7b6c63b66a12fbeabcc5,PENDLE,0.39739990234375
0x904d35c124326ce0741d7b6c63b66a12fbeabcc5,PEPE,0.5801849365234375
0x904d35c124326ce0741d7b6c63b66a12fbeabcc5,PERP,0.3446426391601562
0x904d35c124326ce0741d7b6c63b66a12fbeabcc5,PIT,0.3598098754882812
0x904d35c124326ce0741d7b6c63b66a12fbeabcc5,POLS,0.3441314697265625
0x904d35c124326ce0741d7b6c63b66a12fbeabcc5,PYTH,0.3997879028320312
0x904d35c124326ce0741d7b6c63b66a12fbeabcc5,QUACK,0.36309814453125
0x904d35c124326ce0741d7b6c63b66a12fbeabcc5,RDNT,0.4123764038085937
0x904d35c124326ce0741d7b6c63b66a12fbeabcc5,RNDR,0.4965972900390625
0x904d35c124326ce0741d7b6c63b66a12fbeabcc5,RPL,0.4688262939453125
0x904d35c124326ce0741d7b6c63b66a12fbeabcc5,RUNE,0.2959671020507812
0x904d35c124326ce0741d7b6c63b66a12fbeabcc5,SFP,0.342132568359375
0x904d35c124326ce0741d7b6c63b66a12fbeabcc5,SFUND,0.3404693603515625
0x904d35c124326ce0741d7b6c63b66a12fbeabcc5,SHIB,0.4819412231445312
0x904d35c124326ce0741d7b6c63b66a12fbeabcc5,SOL,0.54840087890625
0x904d35c124326ce0741d7b6c63b66a12fbeabcc5,STG,0.3112106323242187
0x904d35c124326ce0741d7b6c63b66a12fbeabcc5,SUI,0.0
0x904d35c124326ce0741d7b6c63b66a12fbeabcc5,SUSHI,0.3112106323242187
0x904d35c124326ce0741d7b6c63b66a12fbeabcc5,TIA,0.5793914794921875
0x904d35c124326ce0741d7b6c63b66a12fbeabcc5,TOKEN,0.3807830810546875
0x904d35c124326ce0741d7b6c63b66a12fbeabcc5,TRX,0.6828536987304688
0x904d35c124326ce0741d7b6c63b66a12fbeabcc5,UNI,0.5233535766601562
0x904d35c124326ce0741d7b6c63b66a12fbeabcc5,USDT,0.9390640258789062
0x904d35c124326ce0741d7b6c63b66a12fbeabcc5,XLM,0.3783493041992187
0x904d35c124326ce0741d7b6c63b66a12fbeabcc5,XMR,0.7429046630859375
0x904d35c124326ce0741d7b6c63b66a12fbeabcc5,XRP,0.6812057495117188
0x904d35c124326ce0741d7b6c63b66a12fbeabcc5,XTZ,0.3343887329101562
0x904d35c124326ce0741d7b6c63b66a12fbeabcc5,XVS,0.3783493041992187
0x904d35c124326ce0741d7b6c63b66a12fbeabcc5,YFI,0.9805755615234376
0x943b7da96a03cc6d4d440e2f346e18ead42f1d66,AAVE,0.5044762
0x943b7da96a03cc6d4d440e2f346e18ead42f1d66,ADA,0.51954764
0x943b7da96a03cc6d4d440e2f346e18ead42f1d66,ALGO,0.51957285
0x943b7da96a03cc6d4d440e2f346e18ead42f1d66,APE,0.519595
0x943b7da96a03cc6d4d440e2f346e18ead42f1d66,APT,0.51386356
0x943b7da96a03cc6d4d440e2f346e18ead42f1d66,ATOM,0.51952666
0x943b7da96a03cc6d4d440e2f346e18ead42f1d66,AVAX,0.5178483
0x943b7da96a03cc6d4d440e2f346e18ead42f1d66,AXS,0.5216735
0x943b7da96a03cc6d4d440e2f346e18ead42f1d66,BAL,0.5171319
0x943b7da96a03cc6d4d440e2f346e18ead42f1d66,BCH,0.51907605
0x943b7da96a03cc6d4d440e2f346e18ead42f1d66,BLUR,0.50990635
0x943b7da96a03cc6d4d440e2f346e18ead42f1d66,BNB,0.51753545
0x943b7da96a03cc6d4d440e2f346e18ead42f1d66,BONK,0.5181834
0x943b7da96a03cc6d4d440e2f346e18ead42f1d66,BTC,0.51812106
0x943b7da96a03cc6d4d440e2f346e18ead42f1d66,C98,0.51936096
0x943b7da96a03cc6d4d440e2f346e18ead42f1d66,CAKE,0.51866245
0x943b7da96a03cc6d4d440e2f346e18ead42f1d66,COMP,0.51736605
0x943b7da96a03cc6d4d440e2f346e18ead42f1d66,CRV,0.5081673
0x943b7da96a03cc6d4d440e2f346e18ead42f1d66,CVX,0.5146459
0x943b7da96a03cc6d4d440e2f346e18ead42f1d66,DAI,0.516933
0x943b7da96a03cc6d4d440e2f346e18ead42f1d66,DAO,0.5200567
0x943b7da96a03cc6d4d440e2f346e18ead42f1d66,DOGE,0.51652974
0x943b7da96a03cc6d4d440e2f346e18ead42f1d66,DOT,0.51873416
0x943b7da96a03cc6d4d440e2f346e18ead42f1d66,DYDX,0.5136489
0x943b7da96a03cc6d4d440e2f346e18ead42f1d66,EOS,0.5192104
0x943b7da96a03cc6d4d440e2f346e18ead42f1d66,ETC,0.52034277
0x943b7da96a03cc6d4d440e2f346e18ead42f1d66,ETH,0.51869565
0x943b7da96a03cc6d4d440e2f346e18ead42f1d66,FET,0.51868343
0x943b7da96a03cc6d4d440e2f346e18ead42f1d66,FIL,0.5199974
0x943b7da96a03cc6d4d440e2f346e18ead42f1d66,FRAX,0.51564026
0x943b7da96a03cc6d4d440e2f346e18ead42f1d66,FTM,0.5107825
0x943b7da96a03cc6d4d440e2f346e18ead42f1d66,FXS,0.5144823
0x943b7da96a03cc6d4d440e2f346e18ead42f1d66,GRT,0.52035725
0x943b7da96a03cc6d4d440e2f346e18ead42f1d66,HAI,0.51917577
0x943b7da96a03cc6d4d440e2f346e18ead42f1d66,HERO,0.5197698
0x943b7da96a03cc6d4d440e2f346e18ead42f1d66,ICP,0.51810443
0x943b7da96a03cc6d4d440e2f346e18ead42f1d66,IMX,0.5188838
0x943b7da96a03cc6d4d440e2f346e18ead42f1d66,INJ,0.51719373
0x943b7da96a03cc6d4d440e2f346e18ead42f1d66,LDO,0.5200893
0x943b7da96a03cc6d4d440e2f346e18ead42f1d66,LINK,0.5189128
0x943b7da96a03cc6d4d440e2f346e18ead42f1d66,LTC,0.51513803
0x943b7da96a03cc6d4d440e2f346e18ead42f1d66,MATIC,0.5211693
0x943b7da96a03cc6d4d440e2f346e18ead42f1d66,MAV,0.5088076
0x943b7da96a03cc6d4d440e2f346e18ead42f1d66,MBOX,0.51843506
0x943b7da96a03cc6d4d440e2f346e18ead42f1d66,MKR,0.514475
0x943b7da96a03cc6d4d440e2f346e18ead42f1d66,MOON,0.5165119
0x943b7da96a03cc6d4d440e2f346e18ead42f1d66,NEAR,0.51846856
0x943b7da96a03cc6d4d440e2f346e18ead42f1d66,OP,0.51719147
0x943b7da96a03cc6d4d440e2f346e18ead42f1d66,PENDLE,0.51356333
0x943b7da96a03cc6d4d440e2f346e18ead42f1d66,PEPE,0.52035195
0x943b7da96a03cc6d4d440e2f346e18ead42f1d66,PERP,0.5114499
0x943b7da96a03cc6d4d440e2f346e18ead42f1d66,PIT,0.51933986
0x943b7da96a03cc6d4d440e2f346e18ead42f1d66,POLS,0.5146906
0x943b7da96a03cc6d4d440e2f346e18ead42f1d66,PYTH,0.51695454
0x943b7da96a03cc6d4d440e2f346e18ead42f1d66,QUACK,0.5195167
0x943b7da96a03cc6d4d440e2f346e18ead42f1d66,RDNT,0.51901
0x943b7da96a03cc6d4d440e2f346e18ead42f1d66,RNDR,0.51866657
0x943b7da96a03cc6d4d440e2f346e18ead42f1d66,RPL,0.51891464
0x943b7da96a03cc6d4d440e2f346e18ead42f1d66,RUNE,0.50817037
0x943b7da96a03cc6d4d440e2f346e18ead42f1d66,SFP,0.5163031
0x943b7da96a03cc6d4d440e2f346e18ead42f1d66,SFUND,0.5218829
0x943b7da96a03cc6d4d440e2f346e18ead42f1d66,SHIB,0.5198301
0x943b7da96a03cc6d4d440e2f346e18ead42f1d66,SOL,0.5172378
0x943b7da96a03cc6d4d440e2f346e18ead42f1d66,STG,0.5180192
0x943b7da96a03cc6d4d440e2f346e18ead42f1d66,SUI,0.50479215
0x943b7da96a03cc6d4d440e2f346e18ead42f1d66,SUSHI,0.51999784
0x943b7da96a03cc6d4d440e2f346e18ead42f1d66,TIA,0.51566195
0x943b7da96a03cc6d4d440e2f346e18ead42f1d66,TOKEN,0.5137373
0x943b7da96a03cc6d4d440e2f346e18ead42f1d66,TRX,0.5141551
0x943b7da96a03cc6d4d440e2f346e18ead42f1d66,UNI,0.5189738
0x943b7da96a03cc6d4d440e2f346e18ead42f1d66,USDT,0.5174314
0x943b7da96a03cc6d4d440e2f346e18ead42f1d66,XLM,0.51403075
0x943b7da96a03cc6d4d440e2f346e18ead42f1d66,XMR,0.5179298
0x943b7da96a03cc6d4d440e2f346e18ead42f1d66,XRP,0.51319766
0x943b7da96a03cc6d4d440e2f346e18ead42f1d66,XTZ,0.52007115
0x943b7da96a03cc6d4d440e2f346e18ead42f1d66,XVS,0.5117114
0x943b7da96a03cc6d4d440e2f346e18ead42f1d66,YFI,0.52168626
0x95129c9fe9aff2c537db3633906a56c29ff9ea06,AAVE,0.1958497017621994
0x95129c9fe9aff2c537db3633906a56c29ff9ea06,ADA,0.6417434215545654
0x95129c9fe9aff2c537db3633906a56c29ff9ea06,ALGO,0.300326406955719
0x95129c9fe9aff2c537db3633906a56c29ff9ea06,APE,0.1937203854322433
0x95129c9fe9aff2c537db3633906a56c29ff9ea06,APT,0.1982548385858535
0x95129c9fe9aff2c537db3633906a56c29ff9ea06,ATOM,0.1112053990364074
0x95129c9fe9aff2c537db3633906a56c29ff9ea06,AVAX,0.3071188330650329
0x95129c9fe9aff2c537db3633906a56c29ff9ea06,AXS,0.2175239473581314
0x95129c9fe9aff2c537db3633906a56c29ff9ea06,BAL,0.2985205054283142
0x95129c9fe9aff2c537db3633906a56c29ff9ea06,BCH,0.4208394885063171
0x95129c9fe9aff2c537db3633906a56c29ff9ea06,BLUR,0.2209584265947342
0x95129c9fe9aff2c537db3633906a56c29ff9ea06,BNB,0.6895893216133118
0x95129c9fe9aff2c537db3633906a56c29ff9ea06,BONK,0.2018168121576309
0x95129c9fe9aff2c537db3633906a56c29ff9ea06,BTC,1.0
0x95129c9fe9aff2c537db3633906a56c29ff9ea06,C98,0.1005171984434127
0x95129c9fe9aff2c537db3633906a56c29ff9ea06,CAKE,0.2783252596855163
0x95129c9fe9aff2c537db3633906a56c29ff9ea06,COMP,0.3285090923309326
0x95129c9fe9aff2c537db3633906a56c29ff9ea06,CRV,0.1129857897758483
0x95129c9fe9aff2c537db3633906a56c29ff9ea06,CVX,0.1937203854322433
0x95129c9fe9aff2c537db3633906a56c29ff9ea06,DAI,0.2304898053407669
0x95129c9fe9aff2c537db3633906a56c29ff9ea06,DAO,0.2647532224655151
0x95129c9fe9aff2c537db3633906a56c29ff9ea06,DOGE,0.2963947057723999
0x95129c9fe9aff2c537db3633906a56c29ff9ea06,DOT,0.2648019194602966
0x95129c9fe9aff2c537db3633906a56c29ff9ea06,DYDX,0.1937203854322433
0x95129c9fe9aff2c537db3633906a56c29ff9ea06,EOS,0.2381144613027572
0x95129c9fe9aff2c537db3633906a56c29ff9ea06,ETC,0.5328921675682068
0x95129c9fe9aff2c537db3633906a56c29ff9ea06,ETH,0.5738251209259033
0x95129c9fe9aff2c537db3633906a56c29ff9ea06,FET,0.3112510442733764
0x95129c9fe9aff2c537db3633906a56c29ff9ea06,FIL,0.1982548385858535
0x95129c9fe9aff2c537db3633906a56c29ff9ea06,FRAX,0.2115220576524734
0x95129c9fe9aff2c537db3633906a56c29ff9ea06,FTM,0.0861082524061203
0x95129c9fe9aff2c537db3633906a56c29ff9ea06,FXS,0.1697997599840164
0x95129c9fe9aff2c537db3633906a56c29ff9ea06,GRT,0.2003910988569259
0x95129c9fe9aff2c537db3633906a56c29ff9ea06,HAI,0.2384656816720962
0x95129c9fe9aff2c537db3633906a56c29ff9ea06,HERO,0.3684162497520447
0x95129c9fe9aff2c537db3633906a56c29ff9ea06,ICP,0.2888813018798828
0x95129c9fe9aff2c537db3633906a56c29ff9ea06,IMX,0.1982548385858535
0x95129c9fe9aff2c537db3633906a56c29ff9ea06,INJ,0.2240068763494491
0x95129c9fe9aff2c537db3633906a56c29ff9ea06,LDO,0.1244378387928009
0x95129c9fe9aff2c537db3633906a56c29ff9ea06,LINK,0.4964531064033508
0x95129c9fe9aff2c537db3633906a56c29ff9ea06,LTC,0.4553462862968445
0x95129c9fe9aff2c537db3633906a56c29ff9ea06,MATIC,0.3800027370452881
0x95129c9fe9aff2c537db3633906a56c29ff9ea06,MAV,0.2679384350776672
0x95129c9fe9aff2c537db3633906a56c29ff9ea06,MBOX,0.052276037633419
0x95129c9fe9aff2c537db3633906a56c29ff9ea06,MKR,0.3628432154655456
0x95129c9fe9aff2c537db3633906a56c29ff9ea06,MOON,0.4899898767471313
0x95129c9fe9aff2c537db3633906a56c29ff9ea06,NEAR,0.2448790520429611
0x95129c9fe9aff2c537db3633906a56c29ff9ea06,OP,0.5488439202308655
0x95129c9fe9aff2c537db3633906a56c29ff9ea06,PENDLE,0.1118950694799423
0x95129c9fe9aff2c537db3633906a56c29ff9ea06,PEPE,0.499763548374176
0x95129c9fe9aff2c537db3633906a56c29ff9ea06,PERP,0.1709009259939193
0x95129c9fe9aff2c537db3633906a56c29ff9ea06,PIT,0.1507323384284973
0x95129c9fe9aff2c537db3633906a56c29ff9ea06,POLS,0.0935486108064651
0x95129c9fe9aff2c537db3633906a56c29ff9ea06,PYTH,0.1697012335062027
0x95129c9fe9aff2c537db3633906a56c29ff9ea06,QUACK,0.2805588841438293
0x95129c9fe9aff2c537db3633906a56c29ff9ea06,RDNT,0.0279021933674812
0x95129c9fe9aff2c537db3633906a56c29ff9ea06,RNDR,0.1300236135721206
0x95129c9fe9aff2c537db3633906a56c29ff9ea06,RPL,0.0
0x95129c9fe9aff2c537db3633906a56c29ff9ea06,RUNE,0.1982548385858535
0x95129c9fe9aff2c537db3633906a56c29ff9ea06,SFP,0.1197422593832016
0x95129c9fe9aff2c537db3633906a56c29ff9ea06,SFUND,0.1709275841712951
0x95129c9fe9aff2c537db3633906a56c29ff9ea06,SHIB,0.5180416107177734
0x95129c9fe9aff2c537db3633906a56c29ff9ea06,SOL,0.8470677137374878
0x95129c9fe9aff2c537db3633906a56c29ff9ea06,STG,0.1873070150613784
0x95129c9fe9aff2c537db3633906a56c29ff9ea06,SUI,0.1166161298751831
0x95129c9fe9aff2c537db3633906a56c29ff9ea06,SUSHI,0.3003994226455688
0x95129c9fe9aff2c537db3633906a56c29ff9ea06,TIA,0.1982548385858535
0x95129c9fe9aff2c537db3633906a56c29ff9ea06,TOKEN,0.0859367102384567
0x95129c9fe9aff2c537db3633906a56c29ff9ea06,TRX,0.25092613697052
0x95129c9fe9aff2c537db3633906a56c29ff9ea06,UNI,0.1905444115400314
0x95129c9fe9aff2c537db3633906a56c29ff9ea06,USDT,0.3164716958999634
0x95129c9fe9aff2c537db3633906a56c29ff9ea06,XLM,0.3358289003372192
0x95129c9fe9aff2c537db3633906a56c29ff9ea06,XMR,0.6016311049461365
0x95129c9fe9aff2c537db3633906a56c29ff9ea06,XRP,0.5522366166114807
0x95129c9fe9aff2c537db3633906a56c29ff9ea06,XTZ,0.1869604438543319
0x95129c9fe9aff2c537db3633906a56c29ff9ea06,XVS,0.1982548385858535
0x95129c9fe9aff2c537db3633906a56c29ff9ea06,YFI,0.5612093210220337
0x98e41d65e981a882afcb05d41939197da3465b6f,AAVE,0.47923642
0x98e41d65e981a882afcb05d41939197da3465b6f,ADA,0.5196227
0x98e41d65e981a882afcb05d41939197da3465b6f,ALGO,0.5256059
0x98e41d65e981a882afcb05d41939197da3465b6f,APE,0.5380674
0x98e41d65e981a882afcb05d41939197da3465b6f,APT,0.50565004
0x98e41d65e981a882afcb05d41939197da3465b6f,ATOM,0.5424246
0x98e41d65e981a882afcb05d41939197da3465b6f,AVAX,0.5177529
0x98e41d65e981a882afcb05d41939197da3465b6f,AXS,0.53437036
0x98e41d65e981a882afcb05d41939197da3465b6f,BAL,0.5054537
0x98e41d65e981a882afcb05d41939197da3465b6f,BCH,0.53319955
0x98e41d65e981a882afcb05d41939197da3465b6f,BLUR,0.42094257
0x98e41d65e981a882afcb05d41939197da3465b6f,BNB,0.53775775
0x98e41d65e981a882afcb05d41939197da3465b6f,BONK,0.51728326
0x98e41d65e981a882afcb05d41939197da3465b6f,BTC,0.5458316
0x98e41d65e981a882afcb05d41939197da3465b6f,C98,0.4931905
0x98e41d65e981a882afcb05d41939197da3465b6f,CAKE,0.5041906
0x98e41d65e981a882afcb05d41939197da3465b6f,COMP,0.52576554
0x98e41d65e981a882afcb05d41939197da3465b6f,CRV,0.45727447
0x98e41d65e981a882afcb05d41939197da3465b6f,CVX,0.5157736
0x98e41d65e981a882afcb05d41939197da3465b6f,DAI,0.5503213
0x98e41d65e981a882afcb05d41939197da3465b6f,DAO,0.53074557
0x98e41d65e981a882afcb05d41939197da3465b6f,DOGE,0.5302963
0x98e41d65e981a882afcb05d41939197da3465b6f,DOT,0.5293781
0x98e41d65e981a882afcb05d41939197da3465b6f,DYDX,0.48274845
0x98e41d65e981a882afcb05d41939197da3465b6f,EOS,0.5432027
0x98e41d65e981a882afcb05d41939197da3465b6f,ETC,0.5373061
0x98e41d65e981a882afcb05d41939197da3465b6f,ETH,0.5507152
0x98e41d65e981a882afcb05d41939197da3465b6f,FET,0.53156435
0x98e41d65e981a882afcb05d41939197da3465b6f,FIL,0.52048546
0x98e41d65e981a882afcb05d41939197da3465b6f,FRAX,0.5702346
0x98e41d65e981a882afcb05d41939197da3465b6f,FTM,0.4397456
0x98e41d65e981a882afcb05d41939197da3465b6f,FXS,0.4794103
0x98e41d65e981a882afcb05d41939197da3465b6f,GRT,0.50408053
0x98e41d65e981a882afcb05d41939197da3465b6f,HAI,0.5225331
0x98e41d65e981a882afcb05d41939197da3465b6f,HERO,0.5240421
0x98e41d65e981a882afcb05d41939197da3465b6f,ICP,0.48640352
0x98e41d65e981a882afcb05d41939197da3465b6f,IMX,0.53431535
0x98e41d65e981a882afcb05d41939197da3465b6f,INJ,0.5103807
0x98e41d65e981a882afcb05d41939197da3465b6f,LDO,0.51452565
0x98e41d65e981a882afcb05d41939197da3465b6f,LINK,0.541181
0x98e41d65e981a882afcb05d41939197da3465b6f,LTC,0.49882936
0x98e41d65e981a882afcb05d41939197da3465b6f,MATIC,0.5399342
0x98e41d65e981a882afcb05d41939197da3465b6f,MAV,0.4050817
0x98e41d65e981a882afcb05d41939197da3465b6f,MBOX,0.5067859
0x98e41d65e981a882afcb05d41939197da3465b6f,MKR,0.5045352
0x98e41d65e981a882afcb05d41939197da3465b6f,MOON,0.51813906
0x98e41d65e981a882afcb05d41939197da3465b6f,NEAR,0.5124287
0x98e41d65e981a882afcb05d41939197da3465b6f,OP,0.5137065
0x98e41d65e981a882afcb05d41939197da3465b6f,PENDLE,0.500719
0x98e41d65e981a882afcb05d41939197da3465b6f,PEPE,0.52388906
0x98e41d65e981a882afcb05d41939197da3465b6f,PERP,0.43614072
0x98e41d65e981a882afcb05d41939197da3465b6f,PIT,0.5342412
0x98e41d65e981a882afcb05d41939197da3465b6f,POLS,0.5206779
0x98e41d65e981a882afcb05d41939197da3465b6f,PYTH,0.51055926
0x98e41d65e981a882afcb05d41939197da3465b6f,QUACK,0.5323422
0x98e41d65e981a882afcb05d41939197da3465b6f,RDNT,0.51553273
0x98e41d65e981a882afcb05d41939197da3465b6f,RNDR,0.50079566
0x98e41d65e981a882afcb05d41939197da3465b6f,RPL,0.51987433
0x98e41d65e981a882afcb05d41939197da3465b6f,RUNE,0.4500709
0x98e41d65e981a882afcb05d41939197da3465b6f,SFP,0.5238002
0x98e41d65e981a882afcb05d41939197da3465b6f,SFUND,0.5268824
0x98e41d65e981a882afcb05d41939197da3465b6f,SHIB,0.52579266
0x98e41d65e981a882afcb05d41939197da3465b6f,SOL,0.5053589
0x98e41d65e981a882afcb05d41939197da3465b6f,STG,0.5220143
0x98e41d65e981a882afcb05d41939197da3465b6f,SUI,0.5151689
0x98e41d65e981a882afcb05d41939197da3465b6f,SUSHI,0.5369444
0x98e41d65e981a882afcb05d41939197da3465b6f,TIA,0.5388028
0x98e41d65e981a882afcb05d41939197da3465b6f,TOKEN,0.47187507
0x98e41d65e981a882afcb05d41939197da3465b6f,TRX,0.5538634
0x98e41d65e981a882afcb05d41939197da3465b6f,UNI,0.5222805
0x98e41d65e981a882afcb05d41939197da3465b6f,USDT,0.56234163
0x98e41d65e981a882afcb05d41939197da3465b6f,XLM,0.50911534
0x98e41d65e981a882afcb05d41939197da3465b6f,XMR,0.52898866
0x98e41d65e981a882afcb05d41939197da3465b6f,XRP,0.4635098
0x98e41d65e981a882afcb05d41939197da3465b6f,XTZ,0.5238571
0x98e41d65e981a882afcb05d41939197da3465b6f,XVS,0.45331615
0x98e41d65e981a882afcb05d41939197da3465b6f,YFI,0.52897656
0x9977891dd3be0d14082c0ac6624b808a951fd567,AAVE,0.2324047088623047
0x9977891dd3be0d14082c0ac6624b808a951fd567,ADA,0.3285741806030273
0x9977891dd3be0d14082c0ac6624b808a951fd567,ALGO,0.4592390060424804
0x9977891dd3be0d14082c0ac6624b808a951fd567,APE,0.4451656341552734
0x9977891dd3be0d14082c0ac6624b808a951fd567,APT,0.4334163665771484
0x9977891dd3be0d14082c0ac6624b808a951fd567,ATOM,0.3724546432495117
0x9977891dd3be0d14082c0ac6624b808a951fd567,AVAX,0.6673812866210938
0x9977891dd3be0d14082c0ac6624b808a951fd567,AXS,0.4421882629394531
0x9977891dd3be0d14082c0ac6624b808a951fd567,BAL,0.3324079513549804
0x9977891dd3be0d14082c0ac6624b808a951fd567,BCH,0.2802076339721679
0x9977891dd3be0d14082c0ac6624b808a951fd567,BLUR,0.5361900329589844
0x9977891dd3be0d14082c0ac6624b808a951fd567,BNB,0.456451416015625
0x9977891dd3be0d14082c0ac6624b808a951fd567,BONK,0.0
0x9977891dd3be0d14082c0ac6624b808a951fd567,BTC,0.9831562042236328
0x9977891dd3be0d14082c0ac6624b808a951fd567,C98,0.484898567199707
0x9977891dd3be0d14082c0ac6624b808a951fd567,CAKE,0.3730144500732422
0x9977891dd3be0d14082c0ac6624b808a951fd567,COMP,0.4424648284912109
0x9977891dd3be0d14082c0ac6624b808a951fd567,CRV,0.3141918182373047
0x9977891dd3be0d14082c0ac6624b808a951fd567,CVX,0.3356733322143554
0x9977891dd3be0d14082c0ac6624b808a951fd567,DAI,0.4535684585571289
0x9977891dd3be0d14082c0ac6624b808a951fd567,DAO,0.4516935348510742
0x9977891dd3be0d14082c0ac6624b808a951fd567,DOGE,0.3853111267089844
0x9977891dd3be0d14082c0ac6624b808a951fd567,DOT,0.4969873428344726
0x9977891dd3be0d14082c0ac6624b808a951fd567,DYDX,0.4043111801147461
0x9977891dd3be0d14082c0ac6624b808a951fd567,EOS,0.4480094909667969
0x9977891dd3be0d14082c0ac6624b808a951fd567,ETC,0.7688570022583008
0x9977891dd3be0d14082c0ac6624b808a951fd567,ETH,0.3455781936645508
0x9977891dd3be0d14082c0ac6624b808a951fd567,FET,0.0237998962402343
0x9977891dd3be0d14082c0ac6624b808a951fd567,FIL,0.437530517578125
0x9977891dd3be0d14082c0ac6624b808a951fd567,FRAX,0.622990608215332
0x9977891dd3be0d14082c0ac6624b808a951fd567,FTM,0.2426700592041015
0x9977891dd3be0d14082c0ac6624b808a951fd567,FXS,0.3814401626586914
0x9977891dd3be0d14082c0ac6624b808a951fd567,GRT,0.2837076187133789
0x9977891dd3be0d14082c0ac6624b808a951fd567,HAI,0.4041614532470703
0x9977891dd3be0d14082c0ac6624b808a951fd567,HERO,0.5141010284423828
0x9977891dd3be0d14082c0ac6624b808a951fd567,ICP,0.4022045135498047
0x9977891dd3be0d14082c0ac6624b808a951fd567,IMX,0.3702764511108398
0x9977891dd3be0d14082c0ac6624b808a951fd567,INJ,0.4691362380981445
0x9977891dd3be0d14082c0ac6624b808a951fd567,LDO,0.4160699844360351
0x9977891dd3be0d14082c0ac6624b808a951fd567,LINK,0.6753578186035156
0x9977891dd3be0d14082c0ac6624b808a951fd567,LTC,0.1842784881591797
0x9977891dd3be0d14082c0ac6624b808a951fd567,MATIC,0.6848421096801758
0x9977891dd3be0d14082c0ac6624b808a951fd567,MAV,0.1128673553466796
0x9977891dd3be0d14082c0ac6624b808a951fd567,MBOX,0.4518051147460937
0x9977891dd3be0d14082c0ac6624b808a951fd567,MKR,0.3101367950439453
0x9977891dd3be0d14082c0ac6624b808a951fd567,MOON,0.15087890625
0x9977891dd3be0d14082c0ac6624b808a951fd567,NEAR,0.1426610946655273
0x9977891dd3be0d14082c0ac6624b808a951fd567,OP,0.45745849609375
0x9977891dd3be0d14082c0ac6624b808a951fd567,PENDLE,0.2426509857177734
0x9977891dd3be0d14082c0ac6624b808a951fd567,PEPE,0.1741085052490234
0x9977891dd3be0d14082c0ac6624b808a951fd567,PERP,0.6325359344482422
0x9977891dd3be0d14082c0ac6624b808a951fd567,PIT,0.4039487838745117
0x9977891dd3be0d14082c0ac6624b808a951fd567,POLS,0.3663911819458008
0x9977891dd3be0d14082c0ac6624b808a951fd567,PYTH,0.4254932403564453
0x9977891dd3be0d14082c0ac6624b808a951fd567,QUACK,0.4195022583007812
0x9977891dd3be0d14082c0ac6624b808a951fd567,RDNT,0.5273733139038086
0x9977891dd3be0d14082c0ac6624b808a951fd567,RNDR,0.4756841659545898
0x9977891dd3be0d14082c0ac6624b808a951fd567,RPL,0.1768674850463867
0x9977891dd3be0d14082c0ac6624b808a951fd567,RUNE,0.6477537155151367
0x9977891dd3be0d14082c0ac6624b808a951fd567,SFP,0.3096570968627929
0x9977891dd3be0d14082c0ac6624b808a951fd567,SFUND,0.4556655883789062
0x9977891dd3be0d14082c0ac6624b808a951fd567,SHIB,0.376901626586914
0x9977891dd3be0d14082c0ac6624b808a951fd567,SOL,0.9378948211669922
0x9977891dd3be0d14082c0ac6624b808a951fd567,STG,0.364837646484375
0x9977891dd3be0d14082c0ac6624b808a951fd567,SUI,0.0271177291870117
0x9977891dd3be0d14082c0ac6624b808a951fd567,SUSHI,0.4128980636596679
0x9977891dd3be0d14082c0ac6624b808a951fd567,TIA,0.2977685928344726
0x9977891dd3be0d14082c0ac6624b808a951fd567,TOKEN,0.3399982452392578
0x9977891dd3be0d14082c0ac6624b808a951fd567,TRX,0.6726398468017578
0x9977891dd3be0d14082c0ac6624b808a951fd567,UNI,0.3360128402709961
0x9977891dd3be0d14082c0ac6624b808a951fd567,USDT,0.5015869140625
0x9977891dd3be0d14082c0ac6624b808a951fd567,XLM,0.6318502426147461
0x9977891dd3be0d14082c0ac6624b808a951fd567,XMR,0.7650279998779297
0x9977891dd3be0d14082c0ac6624b808a951fd567,XRP,0.5922470092773438
0x9977891dd3be0d14082c0ac6624b808a951fd567,XTZ,0.4171066284179687
0x9977891dd3be0d14082c0ac6624b808a951fd567,XVS,0.4219636917114258
0x9977891dd3be0d14082c0ac6624b808a951fd567,YFI,1.0
0x9aa5c9c4a500ee3bd06798a0fa415298e63412ac,AAVE,0.4248877
0x9aa5c9c4a500ee3bd06798a0fa415298e63412ac,ADA,0.53015566
0x9aa5c9c4a500ee3bd06798a0fa415298e63412ac,ALGO,0.5157463
0x9aa5c9c4a500ee3bd06798a0fa415298e63412ac,APE,0.54070747
0x9aa5c9c4a500ee3bd06798a0fa415298e63412ac,APT,0.50325316
0x9aa5c9c4a500ee3bd06798a0fa415298e63412ac,ATOM,0.5401674
0x9aa5c9c4a500ee3bd06798a0fa415298e63412ac,AVAX,0.52712363
0x9aa5c9c4a500ee3bd06798a0fa415298e63412ac,AXS,0.5361619
0x9aa5c9c4a500ee3bd06798a0fa415298e63412ac,BAL,0.52858067
0x9aa5c9c4a500ee3bd06798a0fa415298e63412ac,BCH,0.530589
0x9aa5c9c4a500ee3bd06798a0fa415298e63412ac,BLUR,0.43024817
0x9aa5c9c4a500ee3bd06798a0fa415298e63412ac,BNB,0.53365684
0x9aa5c9c4a500ee3bd06798a0fa415298e63412ac,BONK,0.5306965
0x9aa5c9c4a500ee3bd06798a0fa415298e63412ac,BTC,0.5373185
0x9aa5c9c4a500ee3bd06798a0fa415298e63412ac,C98,0.51191753
0x9aa5c9c4a500ee3bd06798a0fa415298e63412ac,CAKE,0.5021993
0x9aa5c9c4a500ee3bd06798a0fa415298e63412ac,COMP,0.53791475
0x9aa5c9c4a500ee3bd06798a0fa415298e63412ac,CRV,0.4213938
0x9aa5c9c4a500ee3bd06798a0fa415298e63412ac,CVX,0.51455164
0x9aa5c9c4a500ee3bd06798a0fa415298e63412ac,DAI,0.54919785
0x9aa5c9c4a500ee3bd06798a0fa415298e63412ac,DAO,0.5292525
0x9aa5c9c4a500ee3bd06798a0fa415298e63412ac,DOGE,0.52907604
0x9aa5c9c4a500ee3bd06798a0fa415298e63412ac,DOT,0.53332883
0x9aa5c9c4a500ee3bd06798a0fa415298e63412ac,DYDX,0.4650702
0x9aa5c9c4a500ee3bd06798a0fa415298e63412ac,EOS,0.5439837
0x9aa5c9c4a500ee3bd06798a0fa415298e63412ac,ETC,0.5315892
0x9aa5c9c4a500ee3bd06798a0fa415298e63412ac,ETH,0.5400391
0x9aa5c9c4a500ee3bd06798a0fa415298e63412ac,FET,0.5233506
0x9aa5c9c4a500ee3bd06798a0fa415298e63412ac,FIL,0.53412336
0x9aa5c9c4a500ee3bd06798a0fa415298e63412ac,FRAX,0.5421324
0x9aa5c9c4a500ee3bd06798a0fa415298e63412ac,FTM,0.42760202
0x9aa5c9c4a500ee3bd06798a0fa415298e63412ac,FXS,0.49055877
0x9aa5c9c4a500ee3bd06798a0fa415298e63412ac,GRT,0.5228492
0x9aa5c9c4a500ee3bd06798a0fa415298e63412ac,HAI,0.5182391
0x9aa5c9c4a500ee3bd06798a0fa415298e63412ac,HERO,0.5441464
0x9aa5c9c4a500ee3bd06798a0fa415298e63412ac,ICP,0.5216096
0x9aa5c9c4a500ee3bd06798a0fa415298e63412ac,IMX,0.5370424
0x9aa5c9c4a500ee3bd06798a0fa415298e63412ac,INJ,0.5162644
0x9aa5c9c4a500ee3bd06798a0fa415298e63412ac,LDO,0.51018536
0x9aa5c9c4a500ee3bd06798a0fa415298e63412ac,LINK,0.539247
0x9aa5c9c4a500ee3bd06798a0fa415298e63412ac,LTC,0.5106854
0x9aa5c9c4a500ee3bd06798a0fa415298e63412ac,MATIC,0.5399125
0x9aa5c9c4a500ee3bd06798a0fa415298e63412ac,MAV,0.42706195
0x9aa5c9c4a500ee3bd06798a0fa415298e63412ac,MBOX,0.5078259
0x9aa5c9c4a500ee3bd06798a0fa415298e63412ac,MKR,0.5044984
0x9aa5c9c4a500ee3bd06798a0fa415298e63412ac,MOON,0.5242628
0x9aa5c9c4a500ee3bd06798a0fa415298e63412ac,NEAR,0.52236325
0x9aa5c9c4a500ee3bd06798a0fa415298e63412ac,OP,0.52339506
0x9aa5c9c4a500ee3bd06798a0fa415298e63412ac,PENDLE,0.47098255
0x9aa5c9c4a500ee3bd06798a0fa415298e63412ac,PEPE,0.5476045
0x9aa5c9c4a500ee3bd06798a0fa415298e63412ac,PERP,0.4140262
0x9aa5c9c4a500ee3bd06798a0fa415298e63412ac,PIT,0.5443595
0x9aa5c9c4a500ee3bd06798a0fa415298e63412ac,POLS,0.53105444
0x9aa5c9c4a500ee3bd06798a0fa415298e63412ac,PYTH,0.51619196
0x9aa5c9c4a500ee3bd06798a0fa415298e63412ac,QUACK,0.5502362
0x9aa5c9c4a500ee3bd06798a0fa415298e63412ac,RDNT,0.5288643
0x9aa5c9c4a500ee3bd06798a0fa415298e63412ac,RNDR,0.50873506
0x9aa5c9c4a500ee3bd06798a0fa415298e63412ac,RPL,0.5239821
0x9aa5c9c4a500ee3bd06798a0fa415298e63412ac,RUNE,0.40792975
0x9aa5c9c4a500ee3bd06798a0fa415298e63412ac,SFP,0.526089
0x9aa5c9c4a500ee3bd06798a0fa415298e63412ac,SFUND,0.53327924
0x9aa5c9c4a500ee3bd06798a0fa415298e63412ac,SHIB,0.5365962
0x9aa5c9c4a500ee3bd06798a0fa415298e63412ac,SOL,0.4911204
0x9aa5c9c4a500ee3bd06798a0fa415298e63412ac,STG,0.5213675
0x9aa5c9c4a500ee3bd06798a0fa415298e63412ac,SUI,0.4384339
0x9aa5c9c4a500ee3bd06798a0fa415298e63412ac,SUSHI,0.5386454
0x9aa5c9c4a500ee3bd06798a0fa415298e63412ac,TIA,0.53971356
0x9aa5c9c4a500ee3bd06798a0fa415298e63412ac,TOKEN,0.48300835
0x9aa5c9c4a500ee3bd06798a0fa415298e63412ac,TRX,0.53531915
0x9aa5c9c4a500ee3bd06798a0fa415298e63412ac,UNI,0.52329326
0x9aa5c9c4a500ee3bd06798a0fa415298e63412ac,USDT,0.54901296
0x9aa5c9c4a500ee3bd06798a0fa415298e63412ac,XLM,0.51123947
0x9aa5c9c4a500ee3bd06798a0fa415298e63412ac,XMR,0.5317104
0x9aa5c9c4a500ee3bd06798a0fa415298e63412ac,XRP,0.4952321
0x9aa5c9c4a500ee3bd06798a0fa415298e63412ac,XTZ,0.53469855
0x9aa5c9c4a500ee3bd06798a0fa415298e63412ac,XVS,0.43194893
0x9aa5c9c4a500ee3bd06798a0fa415298e63412ac,YFI,0.536325
0x9c40349fbbb3fdca0dbb8d5a9ec1063476288a01,AAVE,0.474042
0x9c40349fbbb3fdca0dbb8d5a9ec1063476288a01,ADA,0.5294567
0x9c40349fbbb3fdca0dbb8d5a9ec1063476288a01,ALGO,0.5087151
0x9c40349fbbb3fdca0dbb8d5a9ec1063476288a01,APE,0.5238995
0x9c40349fbbb3fdca0dbb8d5a9ec1063476288a01,APT,0.49509758
0x9c40349fbbb3fdca0dbb8d5a9ec1063476288a01,ATOM,0.5651698
0x9c40349fbbb3fdca0dbb8d5a9ec1063476288a01,AVAX,0.5296259
0x9c40349fbbb3fdca0dbb8d5a9ec1063476288a01,AXS,0.5192176
0x9c40349fbbb3fdca0dbb8d5a9ec1063476288a01,BAL,0.52112085
0x9c40349fbbb3fdca0dbb8d5a9ec1063476288a01,BCH,0.52590555
0x9c40349fbbb3fdca0dbb8d5a9ec1063476288a01,BLUR,0.5106255
0x9c40349fbbb3fdca0dbb8d5a9ec1063476288a01,BNB,0.589237
0x9c40349fbbb3fdca0dbb8d5a9ec1063476288a01,BONK,0.53312635
0x9c40349fbbb3fdca0dbb8d5a9ec1063476288a01,BTC,0.57820934
0x9c40349fbbb3fdca0dbb8d5a9ec1063476288a01,C98,0.50276405
0x9c40349fbbb3fdca0dbb8d5a9ec1063476288a01,CAKE,0.48281386
0x9c40349fbbb3fdca0dbb8d5a9ec1063476288a01,COMP,0.527105
0x9c40349fbbb3fdca0dbb8d5a9ec1063476288a01,CRV,0.47497243
0x9c40349fbbb3fdca0dbb8d5a9ec1063476288a01,CVX,0.47366843
0x9c40349fbbb3fdca0dbb8d5a9ec1063476288a01,DAI,0.49645382
0x9c40349fbbb3fdca0dbb8d5a9ec1063476288a01,DAO,0.53119546
0x9c40349fbbb3fdca0dbb8d5a9ec1063476288a01,DOGE,0.54844487
0x9c40349fbbb3fdca0dbb8d5a9ec1063476288a01,DOT,0.5634877
0x9c40349fbbb3fdca0dbb8d5a9ec1063476288a01,DYDX,0.48386693
0x9c40349fbbb3fdca0dbb8d5a9ec1063476288a01,EOS,0.52338636
0x9c40349fbbb3fdca0dbb8d5a9ec1063476288a01,ETC,0.53827715
0x9c40349fbbb3fdca0dbb8d5a9ec1063476288a01,ETH,0.54253846
0x9c40349fbbb3fdca0dbb8d5a9ec1063476288a01,FET,0.5533459
0x9c40349fbbb3fdca0dbb8d5a9ec1063476288a01,FIL,0.5001118
0x9c40349fbbb3fdca0dbb8d5a9ec1063476288a01,FRAX,0.5209842
0x9c40349fbbb3fdca0dbb8d5a9ec1063476288a01,FTM,0.49695128
0x9c40349fbbb3fdca0dbb8d5a9ec1063476288a01,FXS,0.51705426
0x9c40349fbbb3fdca0dbb8d5a9ec1063476288a01,GRT,0.50128376
0x9c40349fbbb3fdca0dbb8d5a9ec1063476288a01,HAI,0.51062495
0x9c40349fbbb3fdca0dbb8d5a9ec1063476288a01,HERO,0.5132585
0x9c40349fbbb3fdca0dbb8d5a9ec1063476288a01,ICP,0.5068512
0x9c40349fbbb3fdca0dbb8d5a9ec1063476288a01,IMX,0.5400008
0x9c40349fbbb3fdca0dbb8d5a9ec1063476288a01,INJ,0.46929514
0x9c40349fbbb3fdca0dbb8d5a9ec1063476288a01,LDO,0.53215384
0x9c40349fbbb3fdca0dbb8d5a9ec1063476288a01,LINK,0.48261398
0x9c40349fbbb3fdca0dbb8d5a9ec1063476288a01,LTC,0.5393467
0x9c40349fbbb3fdca0dbb8d5a9ec1063476288a01,MATIC,0.528296
0x9c40349fbbb3fdca0dbb8d5a9ec1063476288a01,MAV,0.43377775
0x9c40349fbbb3fdca0dbb8d5a9ec1063476288a01,MBOX,0.47816446
0x9c40349fbbb3fdca0dbb8d5a9ec1063476288a01,MKR,0.5039936
0x9c40349fbbb3fdca0dbb8d5a9ec1063476288a01,MOON,0.5345874
0x9c40349fbbb3fdca0dbb8d5a9ec1063476288a01,NEAR,0.495908
0x9c40349fbbb3fdca0dbb8d5a9ec1063476288a01,OP,0.49866924
0x9c40349fbbb3fdca0dbb8d5a9ec1063476288a01,PENDLE,0.44934162
0x9c40349fbbb3fdca0dbb8d5a9ec1063476288a01,PEPE,0.53653187
0x9c40349fbbb3fdca0dbb8d5a9ec1063476288a01,PERP,0.44170073
0x9c40349fbbb3fdca0dbb8d5a9ec1063476288a01,PIT,0.53256845
0x9c40349fbbb3fdca0dbb8d5a9ec1063476288a01,POLS,0.5179276
0x9c40349fbbb3fdca0dbb8d5a9ec1063476288a01,PYTH,0.51244277
0x9c40349fbbb3fdca0dbb8d5a9ec1063476288a01,QUACK,0.5154963
0x9c40349fbbb3fdca0dbb8d5a9ec1063476288a01,RDNT,0.51891786
0x9c40349fbbb3fdca0dbb8d5a9ec1063476288a01,RNDR,0.5131373
0x9c40349fbbb3fdca0dbb8d5a9ec1063476288a01,RPL,0.49139157
0x9c40349fbbb3fdca0dbb8d5a9ec1063476288a01,RUNE,0.46063167
0x9c40349fbbb3fdca0dbb8d5a9ec1063476288a01,SFP,0.53679806
0x9c40349fbbb3fdca0dbb8d5a9ec1063476288a01,SFUND,0.51487154
0x9c40349fbbb3fdca0dbb8d5a9ec1063476288a01,SHIB,0.51666594
0x9c40349fbbb3fdca0dbb8d5a9ec1063476288a01,SOL,0.5797688
0x9c40349fbbb3fdca0dbb8d5a9ec1063476288a01,STG,0.50428104
0x9c40349fbbb3fdca0dbb8d5a9ec1063476288a01,SUI,0.50655913
0x9c40349fbbb3fdca0dbb8d5a9ec1063476288a01,SUSHI,0.5284871
0x9c40349fbbb3fdca0dbb8d5a9ec1063476288a01,TIA,0.47681543
0x9c40349fbbb3fdca0dbb8d5a9ec1063476288a01,TOKEN,0.4587327
0x9c40349fbbb3fdca0dbb8d5a9ec1063476288a01,TRX,0.48924258
0x9c40349fbbb3fdca0dbb8d5a9ec1063476288a01,UNI,0.52706885
0x9c40349fbbb3fdca0dbb8d5a9ec1063476288a01,USDT,0.5671638
0x9c40349fbbb3fdca0dbb8d5a9ec1063476288a01,XLM,0.5130815
0x9c40349fbbb3fdca0dbb8d5a9ec1063476288a01,XMR,0.59703416
0x9c40349fbbb3fdca0dbb8d5a9ec1063476288a01,XRP,0.51426744
0x9c40349fbbb3fdca0dbb8d5a9ec1063476288a01,XTZ,0.5221737
0x9c40349fbbb3fdca0dbb8d5a9ec1063476288a01,XVS,0.52056617
0x9c40349fbbb3fdca0dbb8d5a9ec1063476288a01,YFI,0.5451294
0xa16a483a18f00a00b14b93438e8ad21f485b382f,AAVE,0.47789502
0xa16a483a18f00a00b14b93438e8ad21f485b382f,ADA,0.5179801
0xa16a483a18f00a00b14b93438e8ad21f485b382f,ALGO,0.5228721
0xa16a483a18f00a00b14b93438e8ad21f485b382f,APE,0.52784234
0xa16a483a18f00a00b14b93438e8ad21f485b382f,APT,0.50575507
0xa16a483a18f00a00b14b93438e8ad21f485b382f,ATOM,0.5389566
0xa16a483a18f00a00b14b93438e8ad21f485b382f,AVAX,0.51628697
0xa16a483a18f00a00b14b93438e8ad21f485b382f,AXS,0.5228563
0xa16a483a18f00a00b14b93438e8ad21f485b382f,BAL,0.5085873
0xa16a483a18f00a00b14b93438e8ad21f485b382f,BCH,0.53746754
0xa16a483a18f00a00b14b93438e8ad21f485b382f,BLUR,0.46543244
0xa16a483a18f00a00b14b93438e8ad21f485b382f,BNB,0.53014666
0xa16a483a18f00a00b14b93438e8ad21f485b382f,BONK,0.5155307
0xa16a483a18f00a00b14b93438e8ad21f485b382f,BTC,0.5400012
0xa16a483a18f00a00b14b93438e8ad21f485b382f,C98,0.49196813
0xa16a483a18f00a00b14b93438e8ad21f485b382f,CAKE,0.4968088
0xa16a483a18f00a00b14b93438e8ad21f485b382f,COMP,0.52857804
0xa16a483a18f00a00b14b93438e8ad21f485b382f,CRV,0.4677581
0xa16a483a18f00a00b14b93438e8ad21f485b382f,CVX,0.50325745
0xa16a483a18f00a00b14b93438e8ad21f485b382f,DAI,0.5583214
0xa16a483a18f00a00b14b93438e8ad21f485b382f,DAO,0.52078277
0xa16a483a18f00a00b14b93438e8ad21f485b382f,DOGE,0.5219739
0xa16a483a18f00a00b14b93438e8ad21f485b382f,DOT,0.52851164
0xa16a483a18f00a00b14b93438e8ad21f485b382f,DYDX,0.49351618
0xa16a483a18f00a00b14b93438e8ad21f485b382f,EOS,0.5342686
0xa16a483a18f00a00b14b93438e8ad21f485b382f,ETC,0.5312956
0xa16a483a18f00a00b14b93438e8ad21f485b382f,ETH,0.54247653
0xa16a483a18f00a00b14b93438e8ad21f485b382f,FET,0.51485753
0xa16a483a18f00a00b14b93438e8ad21f485b382f,FIL,0.5155445
0xa16a483a18f00a00b14b93438e8ad21f485b382f,FRAX,0.57142425
0xa16a483a18f00a00b14b93438e8ad21f485b382f,FTM,0.4633774
0xa16a483a18f00a00b14b93438e8ad21f485b382f,FXS,0.48713574
0xa16a483a18f00a00b14b93438e8ad21f485b382f,GRT,0.5089989
0xa16a483a18f00a00b14b93438e8ad21f485b382f,HAI,0.5220697
0xa16a483a18f00a00b14b93438e8ad21f485b382f,HERO,0.5150626
0xa16a483a18f00a00b14b93438e8ad21f485b382f,ICP,0.4996582
0xa16a483a18f00a00b14b93438e8ad21f485b382f,IMX,0.52821916
0xa16a483a18f00a00b14b93438e8ad21f485b382f,INJ,0.5027198
0xa16a483a18f00a00b14b93438e8ad21f485b382f,LDO,0.5079923
0xa16a483a18f00a00b14b93438e8ad21f485b382f,LINK,0.5238896
0xa16a483a18f00a00b14b93438e8ad21f485b382f,LTC,0.4868984
0xa16a483a18f00a00b14b93438e8ad21f485b382f,MATIC,0.5271502
0xa16a483a18f00a00b14b93438e8ad21f485b382f,MAV,0.4124185
0xa16a483a18f00a00b14b93438e8ad21f485b382f,MBOX,0.50741535
0xa16a483a18f00a00b14b93438e8ad21f485b382f,MKR,0.5095027
0xa16a483a18f00a00b14b93438e8ad21f485b382f,MOON,0.5140787
0xa16a483a18f00a00b14b93438e8ad21f485b382f,NEAR,0.50872374
0xa16a483a18f00a00b14b93438e8ad21f485b382f,OP,0.5068993
0xa16a483a18f00a00b14b93438e8ad21f485b382f,PENDLE,0.48274565
0xa16a483a18f00a00b14b93438e8ad21f485b382f,PEPE,0.5196971
0xa16a483a18f00a00b14b93438e8ad21f485b382f,PERP,0.44122434
0xa16a483a18f00a00b14b93438e8ad21f485b382f,PIT,0.52908015
0xa16a483a18f00a00b14b93438e8ad21f485b382f,POLS,0.52194095
0xa16a483a18f00a00b14b93438e8ad21f485b382f,PYTH,0.50633395
0xa16a483a18f00a00b14b93438e8ad21f485b382f,QUACK,0.5271112
0xa16a483a18f00a00b14b93438e8ad21f485b382f,RDNT,0.5159156
0xa16a483a18f00a00b14b93438e8ad21f485b382f,RNDR,0.49633008
0xa16a483a18f00a00b14b93438e8ad21f485b382f,RPL,0.52247167
0xa16a483a18f00a00b14b93438e8ad21f485b382f,RUNE,0.48075897
0xa16a483a18f00a00b14b93438e8ad21f485b382f,SFP,0.5201948
0xa16a483a18f00a00b14b93438e8ad21f485b382f,SFUND,0.52274513
0xa16a483a18f00a00b14b93438e8ad21f485b382f,SHIB,0.5186616
0xa16a483a18f00a00b14b93438e8ad21f485b382f,SOL,0.5073249
0xa16a483a18f00a00b14b93438e8ad21f485b382f,STG,0.5166718
0xa16a483a18f00a00b14b93438e8ad21f485b382f,SUI,0.5048464
0xa16a483a18f00a00b14b93438e8ad21f485b382f,SUSHI,0.52673364
0xa16a483a18f00a00b14b93438e8ad21f485b382f,TIA,0.512199
0xa16a483a18f00a00b14b93438e8ad21f485b382f,TOKEN,0.48271024
0xa16a483a18f00a00b14b93438e8ad21f485b382f,TRX,0.5431135
0xa16a483a18f00a00b14b93438e8ad21f485b382f,UNI,0.5185737
0xa16a483a18f00a00b14b93438e8ad21f485b382f,USDT,0.567018
0xa16a483a18f00a00b14b93438e8ad21f485b382f,XLM,0.5071558
0xa16a483a18f00a00b14b93438e8ad21f485b382f,XMR,0.5279734
0xa16a483a18f00a00b14b93438e8ad21f485b382f,XRP,0.49311343
0xa16a483a18f00a00b14b93438e8ad21f485b382f,XTZ,0.52445465
0xa16a483a18f00a00b14b93438e8ad21f485b382f,XVS,0.46397746
0xa16a483a18f00a00b14b93438e8ad21f485b382f,YFI,0.53414255
0xb294a5316e76e84649a3b8ff0ff6ef9788595bed,AAVE,0.6258805
0xb294a5316e76e84649a3b8ff0ff6ef9788595bed,ADA,0.65814996
0xb294a5316e76e84649a3b8ff0ff6ef9788595bed,ALGO,0.67583334
0xb294a5316e76e84649a3b8ff0ff6ef9788595bed,APE,0.6254752
0xb294a5316e76e84649a3b8ff0ff6ef9788595bed,APT,0.61978513
0xb294a5316e76e84649a3b8ff0ff6ef9788595bed,ATOM,0.6795547
0xb294a5316e76e84649a3b8ff0ff6ef9788595bed,AVAX,0.6817965
0xb294a5316e76e84649a3b8ff0ff6ef9788595bed,AXS,0.5727259
0xb294a5316e76e84649a3b8ff0ff6ef9788595bed,BAL,0.5592596
0xb294a5316e76e84649a3b8ff0ff6ef9788595bed,BCH,0.6787922
0xb294a5316e76e84649a3b8ff0ff6ef9788595bed,BLUR,0.56556565
0xb294a5316e76e84649a3b8ff0ff6ef9788595bed,BNB,0.66623336
0xb294a5316e76e84649a3b8ff0ff6ef9788595bed,BONK,0.6525908
0xb294a5316e76e84649a3b8ff0ff6ef9788595bed,BTC,0.6378032
0xb294a5316e76e84649a3b8ff0ff6ef9788595bed,C98,0.60684246
0xb294a5316e76e84649a3b8ff0ff6ef9788595bed,CAKE,0.6859361
0xb294a5316e76e84649a3b8ff0ff6ef9788595bed,COMP,0.6506955
0xb294a5316e76e84649a3b8ff0ff6ef9788595bed,CRV,0.6672628
0xb294a5316e76e84649a3b8ff0ff6ef9788595bed,CVX,0.57662606
0xb294a5316e76e84649a3b8ff0ff6ef9788595bed,DAI,0.5919116
0xb294a5316e76e84649a3b8ff0ff6ef9788595bed,DAO,0.67417437
0xb294a5316e76e84649a3b8ff0ff6ef9788595bed,DOGE,0.65173507
0xb294a5316e76e84649a3b8ff0ff6ef9788595bed,DOT,0.6517909
0xb294a5316e76e84649a3b8ff0ff6ef9788595bed,DYDX,0.58536375
0xb294a5316e76e84649a3b8ff0ff6ef9788595bed,EOS,0.5695987
0xb294a5316e76e84649a3b8ff0ff6ef9788595bed,ETC,0.643854
0xb294a5316e76e84649a3b8ff0ff6ef9788595bed,ETH,0.6376454
0xb294a5316e76e84649a3b8ff0ff6ef9788595bed,FET,0.68020606
0xb294a5316e76e84649a3b8ff0ff6ef9788595bed,FIL,0.54370666
0xb294a5316e76e84649a3b8ff0ff6ef9788595bed,FRAX,0.6148654
0xb294a5316e76e84649a3b8ff0ff6ef9788595bed,FTM,0.6658775
0xb294a5316e76e84649a3b8ff0ff6ef9788595bed,FXS,0.59928906
0xb294a5316e76e84649a3b8ff0ff6ef9788595bed,GRT,0.6583889
0xb294a5316e76e84649a3b8ff0ff6ef9788595bed,HAI,0.68893826
0xb294a5316e76e84649a3b8ff0ff6ef9788595bed,HERO,0.63015044
0xb294a5316e76e84649a3b8ff0ff6ef9788595bed,ICP,0.65882087
0xb294a5316e76e84649a3b8ff0ff6ef9788595bed,IMX,0.5633798
0xb294a5316e76e84649a3b8ff0ff6ef9788595bed,INJ,0.6092648
0xb294a5316e76e84649a3b8ff0ff6ef9788595bed,LDO,0.57235265
0xb294a5316e76e84649a3b8ff0ff6ef9788595bed,LINK,0.66256124
0xb294a5316e76e84649a3b8ff0ff6ef9788595bed,LTC,0.6688462
0xb294a5316e76e84649a3b8ff0ff6ef9788595bed,MATIC,0.6799366
0xb294a5316e76e84649a3b8ff0ff6ef9788595bed,MAV,0.5826432
0xb294a5316e76e84649a3b8ff0ff6ef9788595bed,MBOX,0.60121226
0xb294a5316e76e84649a3b8ff0ff6ef9788595bed,MKR,0.6708431
0xb294a5316e76e84649a3b8ff0ff6ef9788595bed,MOON,0.6698002
0xb294a5316e76e84649a3b8ff0ff6ef9788595bed,NEAR,0.5538189
0xb294a5316e76e84649a3b8ff0ff6ef9788595bed,OP,0.6726204
0xb294a5316e76e84649a3b8ff0ff6ef9788595bed,PENDLE,0.5836918
0xb294a5316e76e84649a3b8ff0ff6ef9788595bed,PEPE,0.6682083
0xb294a5316e76e84649a3b8ff0ff6ef9788595bed,PERP,0.58341545
0xb294a5316e76e84649a3b8ff0ff6ef9788595bed,PIT,0.7125497
0xb294a5316e76e84649a3b8ff0ff6ef9788595bed,POLS,0.6101054
0xb294a5316e76e84649a3b8ff0ff6ef9788595bed,PYTH,0.596632
0xb294a5316e76e84649a3b8ff0ff6ef9788595bed,QUACK,0.6535047
0xb294a5316e76e84649a3b8ff0ff6ef9788595bed,RDNT,0.58747965
0xb294a5316e76e84649a3b8ff0ff6ef9788595bed,RNDR,0.6594768
0xb294a5316e76e84649a3b8ff0ff6ef9788595bed,RPL,0.57266426
0xb294a5316e76e84649a3b8ff0ff6ef9788595bed,RUNE,0.60729516
0xb294a5316e76e84649a3b8ff0ff6ef9788595bed,SFP,0.5872636
0xb294a5316e76e84649a3b8ff0ff6ef9788595bed,SFUND,0.61568725
0xb294a5316e76e84649a3b8ff0ff6ef9788595bed,SHIB,0.6734469
0xb294a5316e76e84649a3b8ff0ff6ef9788595bed,SOL,0.64464855
0xb294a5316e76e84649a3b8ff0ff6ef9788595bed,STG,0.59190476
0xb294a5316e76e84649a3b8ff0ff6ef9788595bed,SUI,0.6713144
0xb294a5316e76e84649a3b8ff0ff6ef9788595bed,SUSHI,0.5672101
0xb294a5316e76e84649a3b8ff0ff6ef9788595bed,TIA,0.61447686
0xb294a5316e76e84649a3b8ff0ff6ef9788595bed,TOKEN,0.6093973
0xb294a5316e76e84649a3b8ff0ff6ef9788595bed,TRX,0.66647404
0xb294a5316e76e84649a3b8ff0ff6ef9788595bed,UNI,0.66729873
0xb294a5316e76e84649a3b8ff0ff6ef9788595bed,USDT,0.6459563
0xb294a5316e76e84649a3b8ff0ff6ef9788595bed,XLM,0.7000704
0xb294a5316e76e84649a3b8ff0ff6ef9788595bed,XMR,0.6882872
0xb294a5316e76e84649a3b8ff0ff6ef9788595bed,XRP,0.64749223
0xb294a5316e76e84649a3b8ff0ff6ef9788595bed,XTZ,0.6226909
0xb294a5316e76e84649a3b8ff0ff6ef9788595bed,XVS,0.57317764
0xb294a5316e76e84649a3b8ff0ff6ef9788595bed,YFI,0.58487177
0xb7ece21c962697a3194c0b6e4b81db54433055ab,AAVE,0.4867914
0xb7ece21c962697a3194c0b6e4b81db54433055ab,ADA,0.5156431
0xb7ece21c962697a3194c0b6e4b81db54433055ab,ALGO,0.52516884
0xb7ece21c962697a3194c0b6e4b81db54433055ab,APE,0.5352075
0xb7ece21c962697a3194c0b6e4b81db54433055ab,APT,0.50249135
0xb7ece21c962697a3194c0b6e4b81db54433055ab,ATOM,0.53823614
0xb7ece21c962697a3194c0b6e4b81db54433055ab,AVAX,0.5222043
0xb7ece21c962697a3194c0b6e4b81db54433055ab,AXS,0.5333961
0xb7ece21c962697a3194c0b6e4b81db54433055ab,BAL,0.5119516
0xb7ece21c962697a3194c0b6e4b81db54433055ab,BCH,0.5265676
0xb7ece21c962697a3194c0b6e4b81db54433055ab,BLUR,0.46876
0xb7ece21c962697a3194c0b6e4b81db54433055ab,BNB,0.53242064
0xb7ece21c962697a3194c0b6e4b81db54433055ab,BONK,0.5163832
0xb7ece21c962697a3194c0b6e4b81db54433055ab,BTC,0.5292594
0xb7ece21c962697a3194c0b6e4b81db54433055ab,C98,0.49155974
0xb7ece21c962697a3194c0b6e4b81db54433055ab,CAKE,0.504039
0xb7ece21c962697a3194c0b6e4b81db54433055ab,COMP,0.5208319
0xb7ece21c962697a3194c0b6e4b81db54433055ab,CRV,0.42446324
0xb7ece21c962697a3194c0b6e4b81db54433055ab,CVX,0.5026676
0xb7ece21c962697a3194c0b6e4b81db54433055ab,DAI,0.55629385
0xb7ece21c962697a3194c0b6e4b81db54433055ab,DAO,0.53301966
0xb7ece21c962697a3194c0b6e4b81db54433055ab,DOGE,0.53447944
0xb7ece21c962697a3194c0b6e4b81db54433055ab,DOT,0.5321257
0xb7ece21c962697a3194c0b6e4b81db54433055ab,DYDX,0.4958821
0xb7ece21c962697a3194c0b6e4b81db54433055ab,EOS,0.53626215
0xb7ece21c962697a3194c0b6e4b81db54433055ab,ETC,0.5408417
0xb7ece21c962697a3194c0b6e4b81db54433055ab,ETH,0.5436322
0xb7ece21c962697a3194c0b6e4b81db54433055ab,FET,0.5327301
0xb7ece21c962697a3194c0b6e4b81db54433055ab,FIL,0.5287239
0xb7ece21c962697a3194c0b6e4b81db54433055ab,FRAX,0.57177484
0xb7ece21c962697a3194c0b6e4b81db54433055ab,FTM,0.4629924
0xb7ece21c962697a3194c0b6e4b81db54433055ab,FXS,0.4860816
0xb7ece21c962697a3194c0b6e4b81db54433055ab,GRT,0.50769085
0xb7ece21c962697a3194c0b6e4b81db54433055ab,HAI,0.52445924
0xb7ece21c962697a3194c0b6e4b81db54433055ab,HERO,0.51815814
0xb7ece21c962697a3194c0b6e4b81db54433055ab,ICP,0.494652
0xb7ece21c962697a3194c0b6e4b81db54433055ab,IMX,0.5345554
0xb7ece21c962697a3194c0b6e4b81db54433055ab,INJ,0.5134589
0xb7ece21c962697a3194c0b6e4b81db54433055ab,LDO,0.5041771
0xb7ece21c962697a3194c0b6e4b81db54433055ab,LINK,0.5487613
0xb7ece21c962697a3194c0b6e4b81db54433055ab,LTC,0.49066627
0xb7ece21c962697a3194c0b6e4b81db54433055ab,MATIC,0.53083974
0xb7ece21c962697a3194c0b6e4b81db54433055ab,MAV,0.41241628
0xb7ece21c962697a3194c0b6e4b81db54433055ab,MBOX,0.5065826
0xb7ece21c962697a3194c0b6e4b81db54433055ab,MKR,0.498011
0xb7ece21c962697a3194c0b6e4b81db54433055ab,MOON,0.51868975
0xb7ece21c962697a3194c0b6e4b81db54433055ab,NEAR,0.5143727
0xb7ece21c962697a3194c0b6e4b81db54433055ab,OP,0.5187765
0xb7ece21c962697a3194c0b6e4b81db54433055ab,PENDLE,0.48176128
0xb7ece21c962697a3194c0b6e4b81db54433055ab,PEPE,0.52634245
0xb7ece21c962697a3194c0b6e4b81db54433055ab,PERP,0.4510748
0xb7ece21c962697a3194c0b6e4b81db54433055ab,PIT,0.5280765
0xb7ece21c962697a3194c0b6e4b81db54433055ab,POLS,0.5229963
0xb7ece21c962697a3194c0b6e4b81db54433055ab,PYTH,0.50691724
0xb7ece21c962697a3194c0b6e4b81db54433055ab,QUACK,0.52556545
0xb7ece21c962697a3194c0b6e4b81db54433055ab,RDNT,0.51532567
0xb7ece21c962697a3194c0b6e4b81db54433055ab,RNDR,0.511764
0xb7ece21c962697a3194c0b6e4b81db54433055ab,RPL,0.5166521
0xb7ece21c962697a3194c0b6e4b81db54433055ab,RUNE,0.4693118
0xb7ece21c962697a3194c0b6e4b81db54433055ab,SFP,0.51128924
0xb7ece21c962697a3194c0b6e4b81db54433055ab,SFUND,0.52666265
0xb7ece21c962697a3194c0b6e4b81db54433055ab,SHIB,0.5304162
0xb7ece21c962697a3194c0b6e4b81db54433055ab,SOL,0.4887226
0xb7ece21c962697a3194c0b6e4b81db54433055ab,STG,0.52018493
0xb7ece21c962697a3194c0b6e4b81db54433055ab,SUI,0.5010269
0xb7ece21c962697a3194c0b6e4b81db54433055ab,SUSHI,0.5352559
0xb7ece21c962697a3194c0b6e4b81db54433055ab,TIA,0.520293
0xb7ece21c962697a3194c0b6e4b81db54433055ab,TOKEN,0.47061607
0xb7ece21c962697a3194c0b6e4b81db54433055ab,TRX,0.55541027
0xb7ece21c962697a3194c0b6e4b81db54433055ab,UNI,0.5238983
0xb7ece21c962697a3194c0b6e4b81db54433055ab,USDT,0.5899171
0xb7ece21c962697a3194c0b6e4b81db54433055ab,XLM,0.50546896
0xb7ece21c962697a3194c0b6e4b81db54433055ab,XMR,0.52151775
0xb7ece21c962697a3194c0b6e4b81db54433055ab,XRP,0.50030756
0xb7ece21c962697a3194c0b6e4b81db54433055ab,XTZ,0.5264413
0xb7ece21c962697a3194c0b6e4b81db54433055ab,XVS,0.45595926
0xb7ece21c962697a3194c0b6e4b81db54433055ab,YFI,0.5266955
0xbf692d7684d6decc6cfc064247e7d8b52e104121,AAVE,0.426666259765625
0xbf692d7684d6decc6cfc064247e7d8b52e104121,ADA,0.3936309814453125
0xbf692d7684d6decc6cfc064247e7d8b52e104121,ALGO,0.100555419921875
0xbf692d7684d6decc6cfc064247e7d8b52e104121,APE,0.083343505859375
0xbf692d7684d6decc6cfc064247e7d8b52e104121,APT,0.0
0xbf692d7684d6decc6cfc064247e7d8b52e104121,ATOM,0.0
0xbf692d7684d6decc6cfc064247e7d8b52e104121,AVAX,0.1744842529296875
0xbf692d7684d6decc6cfc064247e7d8b52e104121,AXS,0.0
0xbf692d7684d6decc6cfc064247e7d8b52e104121,BAL,0.0
0xbf692d7684d6decc6cfc064247e7d8b52e104121,BCH,0.7414703369140625
0xbf692d7684d6decc6cfc064247e7d8b52e104121,BLUR,0.0
0xbf692d7684d6decc6cfc064247e7d8b52e104121,BNB,1.0
0xbf692d7684d6decc6cfc064247e7d8b52e104121,BONK,0.083343505859375
0xbf692d7684d6decc6cfc064247e7d8b52e104121,BTC,0.95635986328125
0xbf692d7684d6decc6cfc064247e7d8b52e104121,C98,0.0
0xbf692d7684d6decc6cfc064247e7d8b52e104121,CAKE,0.0
0xbf692d7684d6decc6cfc064247e7d8b52e104121,COMP,0.0911407470703125
0xbf692d7684d6decc6cfc064247e7d8b52e104121,CRV,0.0
0xbf692d7684d6decc6cfc064247e7d8b52e104121,CVX,0.0
0xbf692d7684d6decc6cfc064247e7d8b52e104121,DAI,0.9354400634765624
0xbf692d7684d6decc6cfc064247e7d8b52e104121,DAO,0.083343505859375
0xbf692d7684d6decc6cfc064247e7d8b52e104121,DOGE,0.2097015380859375
0xbf692d7684d6decc6cfc064247e7d8b52e104121,DOT,0.1744842529296875
0xbf692d7684d6decc6cfc064247e7d8b52e104121,DYDX,0.11962890625
0xbf692d7684d6decc6cfc064247e7d8b52e104121,EOS,0.0
0xbf692d7684d6decc6cfc064247e7d8b52e104121,ETC,0.1744842529296875
0xbf692d7684d6decc6cfc064247e7d8b52e104121,ETH,0.8378143310546875
0xbf692d7684d6decc6cfc064247e7d8b52e104121,FET,0.426666259765625
0xbf692d7684d6decc6cfc064247e7d8b52e104121,FIL,0.0
0xbf692d7684d6decc6cfc064247e7d8b52e104121,FRAX,0.8520965576171875
0xbf692d7684d6decc6cfc064247e7d8b52e104121,FTM,0.0
0xbf692d7684d6decc6cfc064247e7d8b52e104121,FXS,0.0
0xbf692d7684d6decc6cfc064247e7d8b52e104121,GRT,0.2097015380859375
0xbf692d7684d6decc6cfc064247e7d8b52e104121,HAI,0.3240966796875
0xbf692d7684d6decc6cfc064247e7d8b52e104121,HERO,0.4253997802734375
0xbf692d7684d6decc6cfc064247e7d8b52e104121,ICP,0.0911407470703125
0xbf692d7684d6decc6cfc064247e7d8b52e104121,IMX,0.2097015380859375
0xbf692d7684d6decc6cfc064247e7d8b52e104121,INJ,0.697509765625
0xbf692d7684d6decc6cfc064247e7d8b52e104121,LDO,0.0
0xbf692d7684d6decc6cfc064247e7d8b52e104121,LINK,0.5178375244140625
0xbf692d7684d6decc6cfc064247e7d8b52e104121,LTC,0.697509765625
0xbf692d7684d6decc6cfc064247e7d8b52e104121,MATIC,0.083343505859375
0xbf692d7684d6decc6cfc064247e7d8b52e104121,MAV,0.083343505859375
0xbf692d7684d6decc6cfc064247e7d8b52e104121,MBOX,0.0
0xbf692d7684d6decc6cfc064247e7d8b52e104121,MKR,0.614166259765625
0xbf692d7684d6decc6cfc064247e7d8b52e104121,MOON,0.0
0xbf692d7684d6decc6cfc064247e7d8b52e104121,NEAR,0.1744842529296875
0xbf692d7684d6decc6cfc064247e7d8b52e104121,OP,0.0
0xbf692d7684d6decc6cfc064247e7d8b52e104121,PENDLE,0.0
0xbf692d7684d6decc6cfc064247e7d8b52e104121,PEPE,0.083343505859375
0xbf692d7684d6decc6cfc064247e7d8b52e104121,PERP,0.0
0xbf692d7684d6decc6cfc064247e7d8b52e104121,PIT,0.0
0xbf692d7684d6decc6cfc064247e7d8b52e104121,POLS,0.0
0xbf692d7684d6decc6cfc064247e7d8b52e104121,PYTH,0.083343505859375
0xbf692d7684d6decc6cfc064247e7d8b52e104121,QUACK,0.3240966796875
0xbf692d7684d6decc6cfc064247e7d8b52e104121,RDNT,0.0
0xbf692d7684d6decc6cfc064247e7d8b52e104121,RNDR,0.4986114501953125
0xbf692d7684d6decc6cfc064247e7d8b52e104121,RPL,0.0911407470703125
0xbf692d7684d6decc6cfc064247e7d8b52e104121,RUNE,0.11962890625
0xbf692d7684d6decc6cfc064247e7d8b52e104121,SFP,0.5230255126953125
0xbf692d7684d6decc6cfc064247e7d8b52e104121,SFUND,0.0
0xbf692d7684d6decc6cfc064247e7d8b52e104121,SHIB,0.083343505859375
0xbf692d7684d6decc6cfc064247e7d8b52e104121,SOL,0.7414703369140625
0xbf692d7684d6decc6cfc064247e7d8b52e104121,STG,0.0
0xbf692d7684d6decc6cfc064247e7d8b52e104121,SUI,0.0
0xbf692d7684d6decc6cfc064247e7d8b52e104121,SUSHI,0.11962890625
0xbf692d7684d6decc6cfc064247e7d8b52e104121,TIA,0.0
0xbf692d7684d6decc6cfc064247e7d8b52e104121,TOKEN,0.083343505859375
0xbf692d7684d6decc6cfc064247e7d8b52e104121,TRX,0.6063690185546875
0xbf692d7684d6decc6cfc064247e7d8b52e104121,UNI,0.2097015380859375
0xbf692d7684d6decc6cfc064247e7d8b52e104121,USDT,0.9354400634765624
0xbf692d7684d6decc6cfc064247e7d8b52e104121,XLM,0.2097015380859375
0xbf692d7684d6decc6cfc064247e7d8b52e104121,XMR,0.614166259765625
0xbf692d7684d6decc6cfc064247e7d8b52e104121,XRP,0.6093597412109375
0xbf692d7684d6decc6cfc064247e7d8b52e104121,XTZ,0.0
0xbf692d7684d6decc6cfc064247e7d8b52e104121,XVS,0.5230255126953125
0xbf692d7684d6decc6cfc064247e7d8b52e104121,YFI,0.533905029296875
0xc1d8e22cfb4d0ca7326057f027570abd2f732d00,AAVE,0.1582412719726562
0xc1d8e22cfb4d0ca7326057f027570abd2f732d00,ADA,1.0
0xc1d8e22cfb4d0ca7326057f027570abd2f732d00,ALGO,0.4622955322265625
0xc1d8e22cfb4d0ca7326057f027570abd2f732d00,APE,0.2394790649414062
0xc1d8e22cfb4d0ca7326057f027570abd2f732d00,APT,0.3236618041992187
0xc1d8e22cfb4d0ca7326057f027570abd2f732d00,ATOM,0.2394790649414062
0xc1d8e22cfb4d0ca7326057f027570abd2f732d00,AVAX,0.4313888549804687
0xc1d8e22cfb4d0ca7326057f027570abd2f732d00,AXS,0.3236618041992187
0xc1d8e22cfb4d0ca7326057f027570abd2f732d00,BAL,0.389251708984375
0xc1d8e22cfb4d0ca7326057f027570abd2f732d00,BCH,0.4112091064453125
0xc1d8e22cfb4d0ca7326057f027570abd2f732d00,BLUR,0.3236618041992187
0xc1d8e22cfb4d0ca7326057f027570abd2f732d00,BNB,0.5341949462890625
0xc1d8e22cfb4d0ca7326057f027570abd2f732d00,BONK,0.2394790649414062
0xc1d8e22cfb4d0ca7326057f027570abd2f732d00,BTC,0.74359130859375
0xc1d8e22cfb4d0ca7326057f027570abd2f732d00,C98,0.1254730224609375
0xc1d8e22cfb4d0ca7326057f027570abd2f732d00,CAKE,0.389251708984375
0xc1d8e22cfb4d0ca7326057f027570abd2f732d00,COMP,0.4767990112304687
0xc1d8e22cfb4d0ca7326057f027570abd2f732d00,CRV,0.2424087524414062
0xc1d8e22cfb4d0ca7326057f027570abd2f732d00,CVX,0.2394790649414062
0xc1d8e22cfb4d0ca7326057f027570abd2f732d00,DAI,0.3176116943359375
0xc1d8e22cfb4d0ca7326057f027570abd2f732d00,DAO,0.3050765991210937
0xc1d8e22cfb4d0ca7326057f027570abd2f732d00,DOGE,0.4622955322265625
0xc1d8e22cfb4d0ca7326057f027570abd2f732d00,DOT,0.343841552734375
0xc1d8e22cfb4d0ca7326057f027570abd2f732d00,DYDX,0.2394790649414062
0xc1d8e22cfb4d0ca7326057f027570abd2f732d00,EOS,0.389251708984375
0xc1d8e22cfb4d0ca7326057f027570abd2f732d00,ETC,0.6830825805664062
0xc1d8e22cfb4d0ca7326057f027570abd2f732d00,ETH,0.6154403686523438
0xc1d8e22cfb4d0ca7326057f027570abd2f732d00,FET,0.2298202514648437
0xc1d8e22cfb4d0ca7326057f027570abd2f732d00,FIL,0.3236618041992187
0xc1d8e22cfb4d0ca7326057f027570abd2f732d00,FRAX,0.3176116943359375
0xc1d8e22cfb4d0ca7326057f027570abd2f732d00,FTM,0.19818115234375
0xc1d8e22cfb4d0ca7326057f027570abd2f732d00,FXS,0.2394790649414062
0xc1d8e22cfb4d0ca7326057f027570abd2f732d00,GRT,0.2394790649414062
0xc1d8e22cfb4d0ca7326057f027570abd2f732d00,HAI,0.3236618041992187
0xc1d8e22cfb4d0ca7326057f027570abd2f732d00,HERO,0.4892807006835937
0xc1d8e22cfb4d0ca7326057f027570abd2f732d00,ICP,0.3270416259765625
0xc1d8e22cfb4d0ca7326057f027570abd2f732d00,IMX,0.3236618041992187
0xc1d8e22cfb4d0ca7326057f027570abd2f732d00,INJ,0.4112091064453125
0xc1d8e22cfb4d0ca7326057f027570abd2f732d00,LDO,0.1254730224609375
0xc1d8e22cfb4d0ca7326057f027570abd2f732d00,LINK,0.5155563354492188
0xc1d8e22cfb4d0ca7326057f027570abd2f732d00,LTC,0.497467041015625
0xc1d8e22cfb4d0ca7326057f027570abd2f732d00,MATIC,0.4437179565429687
0xc1d8e22cfb4d0ca7326057f027570abd2f732d00,MAV,0.3236618041992187
0xc1d8e22cfb4d0ca7326057f027570abd2f732d00,MBOX,0.0
0xc1d8e22cfb4d0ca7326057f027570abd2f732d00,MKR,0.4656753540039062
0xc1d8e22cfb4d0ca7326057f027570abd2f732d00,MOON,0.3522872924804687
0xc1d8e22cfb4d0ca7326057f027570abd2f732d00,NEAR,0.3236618041992187
0xc1d8e22cfb4d0ca7326057f027570abd2f732d00,OP,0.8343963623046875
0xc1d8e22cfb4d0ca7326057f027570abd2f732d00,PENDLE,0.0841751098632812
0xc1d8e22cfb4d0ca7326057f027570abd2f732d00,PEPE,0.689697265625
0xc1d8e22cfb4d0ca7326057f027570abd2f732d00,PERP,0.3236618041992187
0xc1d8e22cfb4d0ca7326057f027570abd2f732d00,PIT,0.2394790649414062
0xc1d8e22cfb4d0ca7326057f027570abd2f732d00,POLS,0.1140060424804687
0xc1d8e22cfb4d0ca7326057f027570abd2f732d00,PYTH,0.2394790649414062
0xc1d8e22cfb4d0ca7326057f027570abd2f732d00,QUACK,0.389251708984375
0xc1d8e22cfb4d0ca7326057f027570abd2f732d00,RDNT,0.0
0xc1d8e22cfb4d0ca7326057f027570abd2f732d00,RNDR,0.1140060424804687
0xc1d8e22cfb4d0ca7326057f027570abd2f732d00,RPL,0.0875396728515625
0xc1d8e22cfb4d0ca7326057f027570abd2f732d00,RUNE,0.3236618041992187
0xc1d8e22cfb4d0ca7326057f027570abd2f732d00,SFP,0.2394790649414062
0xc1d8e22cfb4d0ca7326057f027570abd2f732d00,SFUND,0.2394790649414062
0xc1d8e22cfb4d0ca7326057f027570abd2f732d00,SHIB,0.7302780151367188
0xc1d8e22cfb4d0ca7326057f027570abd2f732d00,SOL,0.84283447265625
0xc1d8e22cfb4d0ca7326057f027570abd2f732d00,STG,0.2394790649414062
0xc1d8e22cfb4d0ca7326057f027570abd2f732d00,SUI,0.0860824584960937
0xc1d8e22cfb4d0ca7326057f027570abd2f732d00,SUSHI,0.4255752563476562
0xc1d8e22cfb4d0ca7326057f027570abd2f732d00,TIA,0.3236618041992187
0xc1d8e22cfb4d0ca7326057f027570abd2f732d00,TOKEN,0.2394790649414062
0xc1d8e22cfb4d0ca7326057f027570abd2f732d00,TRX,0.3080062866210937
0xc1d8e22cfb4d0ca7326057f027570abd2f732d00,UNI,0.2188568115234375
0xc1d8e22cfb4d0ca7326057f027570abd2f732d00,USDT,0.5252304077148438
0xc1d8e22cfb4d0ca7326057f027570abd2f732d00,XLM,0.389251708984375
0xc1d8e22cfb4d0ca7326057f027570abd2f732d00,XMR,0.66375732421875
0xc1d8e22cfb4d0ca7326057f027570abd2f732d00,XRP,0.8955001831054688
0xc1d8e22cfb4d0ca7326057f027570abd2f732d00,XTZ,0.3050765991210937
0xc1d8e22cfb4d0ca7326057f027570abd2f732d00,XVS,0.3236618041992187
0xc1d8e22cfb4d0ca7326057f027570abd2f732d00,YFI,0.492645263671875
0xcb34a53c9362ee9711fcac9f352bd7e00201dd95,AAVE,0.5059531438974993
0xcb34a53c9362ee9711fcac9f352bd7e00201dd95,ADA,0.5349129191400332
0xcb34a53c9362ee9711fcac9f352bd7e00201dd95,ALGO,0.5310548538962013
0xcb34a53c9362ee9711fcac9f352bd7e00201dd95,APE,0.5350240618525153
0xcb34a53c9362ee9711fcac9f352bd7e00201dd95,APT,0.505663053539217
0xcb34a53c9362ee9711fcac9f352bd7e00201dd95,ATOM,0.5396181724075615
0xcb34a53c9362ee9711fcac9f352bd7e00201dd95,AVAX,0.5272111078750914
0xcb34a53c9362ee9711fcac9f352bd7e00201dd95,AXS,0.5259100998827545
0xcb34a53c9362ee9711fcac9f352bd7e00201dd95,BAL,0.5237445696521742
0xcb34a53c9362ee9711fcac9f352bd7e00201dd95,BCH,0.5406515536369662
0xcb34a53c9362ee9711fcac9f352bd7e00201dd95,BLUR,0.4539081764233544
0xcb34a53c9362ee9711fcac9f352bd7e00201dd95,BNB,0.5374308457517347
0xcb34a53c9362ee9711fcac9f352bd7e00201dd95,BONK,0.5210057007166126
0xcb34a53c9362ee9711fcac9f352bd7e00201dd95,BTC,0.5667618665628179
0xcb34a53c9362ee9711fcac9f352bd7e00201dd95,C98,0.5080631681723922
0xcb34a53c9362ee9711fcac9f352bd7e00201dd95,CAKE,0.5224470605639002
0xcb34a53c9362ee9711fcac9f352bd7e00201dd95,COMP,0.5383290272547228
0xcb34a53c9362ee9711fcac9f352bd7e00201dd95,CRV,0.4760149197863385
0xcb34a53c9362ee9711fcac9f352bd7e00201dd95,CVX,0.500523540192121
0xcb34a53c9362ee9711fcac9f352bd7e00201dd95,DAI,0.5575494944271193
0xcb34a53c9362ee9711fcac9f352bd7e00201dd95,DAO,0.5210799885813101
0xcb34a53c9362ee9711fcac9f352bd7e00201dd95,DOGE,0.5325032579739485
0xcb34a53c9362ee9711fcac9f352bd7e00201dd95,DOT,0.5346886642774488
0xcb34a53c9362ee9711fcac9f352bd7e00201dd95,DYDX,0.4762635707189984
0xcb34a53c9362ee9711fcac9f352bd7e00201dd95,EOS,0.5355881470727972
0xcb34a53c9362ee9711fcac9f352bd7e00201dd95,ETC,0.542374557635014
0xcb34a53c9362ee9711fcac9f352bd7e00201dd95,ETH,0.5680506066699147
0xcb34a53c9362ee9711fcac9f352bd7e00201dd95,FET,0.5315383470326354
0xcb34a53c9362ee9711fcac9f352bd7e00201dd95,FIL,0.5222021958524278
0xcb34a53c9362ee9711fcac9f352bd7e00201dd95,FRAX,0.559774850959122
0xcb34a53c9362ee9711fcac9f352bd7e00201dd95,FTM,0.4426646333209793
0xcb34a53c9362ee9711fcac9f352bd7e00201dd95,FXS,0.4845591405672061
0xcb34a53c9362ee9711fcac9f352bd7e00201dd95,GRT,0.5203153311572144
0xcb34a53c9362ee9711fcac9f352bd7e00201dd95,HAI,0.5165800698501551
0xcb34a53c9362ee9711fcac9f352bd7e00201dd95,HERO,0.5332278515260642
0xcb34a53c9362ee9711fcac9f352bd7e00201dd95,ICP,0.4960380960732097
0xcb34a53c9362ee9711fcac9f352bd7e00201dd95,IMX,0.527038754906595
0xcb34a53c9362ee9711fcac9f352bd7e00201dd95,INJ,0.5215759155277654
0xcb34a53c9362ee9711fcac9f352bd7e00201dd95,LDO,0.5105146876742903
0xcb34a53c9362ee9711fcac9f352bd7e00201dd95,LINK,0.5439561820095052
0xcb34a53c9362ee9711fcac9f352bd7e00201dd95,LTC,0.5289024503022417
0xcb34a53c9362ee9711fcac9f352bd7e00201dd95,MATIC,0.539398718054165
0xcb34a53c9362ee9711fcac9f352bd7e00201dd95,MAV,0.4378829211474123
0xcb34a53c9362ee9711fcac9f352bd7e00201dd95,MBOX,0.5099781111284566
0xcb34a53c9362ee9711fcac9f352bd7e00201dd95,MKR,0.513619631894237
0xcb34a53c9362ee9711fcac9f352bd7e00201dd95,MOON,0.5329179436035778
0xcb34a53c9362ee9711fcac9f352bd7e00201dd95,NEAR,0.5117886057385526
0xcb34a53c9362ee9711fcac9f352bd7e00201dd95,OP,0.5216420816385517
0xcb34a53c9362ee9711fcac9f352bd7e00201dd95,PENDLE,0.4531805453268017
0xcb34a53c9362ee9711fcac9f352bd7e00201dd95,PEPE,0.5345904750419795
0xcb34a53c9362ee9711fcac9f352bd7e00201dd95,PERP,0.4543120912092997
0xcb34a53c9362ee9711fcac9f352bd7e00201dd95,PIT,0.5338649536630413
0xcb34a53c9362ee9711fcac9f352bd7e00201dd95,POLS,0.518203242615639
0xcb34a53c9362ee9711fcac9f352bd7e00201dd95,PYTH,0.5060959728075537
0xcb34a53c9362ee9711fcac9f352bd7e00201dd95,QUACK,0.5314077476755178
0xcb34a53c9362ee9711fcac9f352bd7e00201dd95,RDNT,0.5169110385416655
0xcb34a53c9362ee9711fcac9f352bd7e00201dd95,RNDR,0.5231127550642187
0xcb34a53c9362ee9711fcac9f352bd7e00201dd95,RPL,0.5165092130727923
0xcb34a53c9362ee9711fcac9f352bd7e00201dd95,RUNE,0.4407749365075408
0xcb34a53c9362ee9711fcac9f352bd7e00201dd95,SFP,0.5166439839556842
0xcb34a53c9362ee9711fcac9f352bd7e00201dd95,SFUND,0.5216236818196565
0xcb34a53c9362ee9711fcac9f352bd7e00201dd95,SHIB,0.5388992810551592
0xcb34a53c9362ee9711fcac9f352bd7e00201dd95,SOL,0.5230542349080282
0xcb34a53c9362ee9711fcac9f352bd7e00201dd95,STG,0.509870360449014
0xcb34a53c9362ee9711fcac9f352bd7e00201dd95,SUI,0.4772331950824639
0xcb34a53c9362ee9711fcac9f352bd7e00201dd95,SUSHI,0.5359060121831454
0xcb34a53c9362ee9711fcac9f352bd7e00201dd95,TIA,0.514477962433476
0xcb34a53c9362ee9711fcac9f352bd7e00201dd95,TOKEN,0.48010665397558
0xcb34a53c9362ee9711fcac9f352bd7e00201dd95,TRX,0.5525078239025041
0xcb34a53c9362ee9711fcac9f352bd7e00201dd95,UNI,0.5439473481467334
0xcb34a53c9362ee9711fcac9f352bd7e00201dd95,USDT,0.5704930218425924
0xcb34a53c9362ee9711fcac9f352bd7e00201dd95,XLM,0.5150850508886446
0xcb34a53c9362ee9711fcac9f352bd7e00201dd95,XMR,0.5370891153122801
0xcb34a53c9362ee9711fcac9f352bd7e00201dd95,XRP,0.516334592199536
0xcb34a53c9362ee9711fcac9f352bd7e00201dd95,XTZ,0.5334124631058371
0xcb34a53c9362ee9711fcac9f352bd7e00201dd95,XVS,0.474263565373704
0xcb34a53c9362ee9711fcac9f352bd7e00201dd95,YFI,0.5506310528430464
0xcbe37e37bb9ac19e87e6e495303fab60c3111529,AAVE,0.41329527
0xcbe37e37bb9ac19e87e6e495303fab60c3111529,ADA,0.44326645
0xcbe37e37bb9ac19e87e6e495303fab60c3111529,ALGO,0.52052826
0xcbe37e37bb9ac19e87e6e495303fab60c3111529,APE,0.5793959
0xcbe37e37bb9ac19e87e6e495303fab60c3111529,APT,0.5083913
0xcbe37e37bb9ac19e87e6e495303fab60c3111529,ATOM,0.56519806
0xcbe37e37bb9ac19e87e6e495303fab60c3111529,AVAX,0.54737216
0xcbe37e37bb9ac19e87e6e495303fab60c3111529,AXS,0.5261396
0xcbe37e37bb9ac19e87e6e495303fab60c3111529,BAL,0.52275354
0xcbe37e37bb9ac19e87e6e495303fab60c3111529,BCH,0.59361076
0xcbe37e37bb9ac19e87e6e495303fab60c3111529,BLUR,0.5002505
0xcbe37e37bb9ac19e87e6e495303fab60c3111529,BNB,0.5388795
0xcbe37e37bb9ac19e87e6e495303fab60c3111529,BONK,0.5019807
0xcbe37e37bb9ac19e87e6e495303fab60c3111529,BTC,0.54730463
0xcbe37e37bb9ac19e87e6e495303fab60c3111529,C98,0.5065907
0xcbe37e37bb9ac19e87e6e495303fab60c3111529,CAKE,0.45503223
0xcbe37e37bb9ac19e87e6e495303fab60c3111529,COMP,0.50727916
0xcbe37e37bb9ac19e87e6e495303fab60c3111529,CRV,0.49353367
0xcbe37e37bb9ac19e87e6e495303fab60c3111529,CVX,0.4579294
0xcbe37e37bb9ac19e87e6e495303fab60c3111529,DAI,0.5979869
0xcbe37e37bb9ac19e87e6e495303fab60c3111529,DAO,0.5511698
0xcbe37e37bb9ac19e87e6e495303fab60c3111529,DOGE,0.5543061
0xcbe37e37bb9ac19e87e6e495303fab60c3111529,DOT,0.5244454
0xcbe37e37bb9ac19e87e6e495303fab60c3111529,DYDX,0.4637034
0xcbe37e37bb9ac19e87e6e495303fab60c3111529,EOS,0.5449346
0xcbe37e37bb9ac19e87e6e495303fab60c3111529,ETC,0.57566065
0xcbe37e37bb9ac19e87e6e495303fab60c3111529,ETH,0.5468774
0xcbe37e37bb9ac19e87e6e495303fab60c3111529,FET,0.5691936
0xcbe37e37bb9ac19e87e6e495303fab60c3111529,FIL,0.53102
0xcbe37e37bb9ac19e87e6e495303fab60c3111529,FRAX,0.5976215
0xcbe37e37bb9ac19e87e6e495303fab60c3111529,FTM,0.40777385
0xcbe37e37bb9ac19e87e6e495303fab60c3111529,FXS,0.450998
0xcbe37e37bb9ac19e87e6e495303fab60c3111529,GRT,0.52480936
0xcbe37e37bb9ac19e87e6e495303fab60c3111529,HAI,0.531997
0xcbe37e37bb9ac19e87e6e495303fab60c3111529,HERO,0.46846175
0xcbe37e37bb9ac19e87e6e495303fab60c3111529,ICP,0.50913745
0xcbe37e37bb9ac19e87e6e495303fab60c3111529,IMX,0.53609043
0xcbe37e37bb9ac19e87e6e495303fab60c3111529,INJ,0.5009262
0xcbe37e37bb9ac19e87e6e495303fab60c3111529,LDO,0.5178745
0xcbe37e37bb9ac19e87e6e495303fab60c3111529,LINK,0.57220644
0xcbe37e37bb9ac19e87e6e495303fab60c3111529,LTC,0.5376525
0xcbe37e37bb9ac19e87e6e495303fab60c3111529,MATIC,0.5394273
0xcbe37e37bb9ac19e87e6e495303fab60c3111529,MAV,0.46216485
0xcbe37e37bb9ac19e87e6e495303fab60c3111529,MBOX,0.5553519
0xcbe37e37bb9ac19e87e6e495303fab60c3111529,MKR,0.54753536
0xcbe37e37bb9ac19e87e6e495303fab60c3111529,MOON,0.5977969
0xcbe37e37bb9ac19e87e6e495303fab60c3111529,NEAR,0.53634703
0xcbe37e37bb9ac19e87e6e495303fab60c3111529,OP,0.5808783
0xcbe37e37bb9ac19e87e6e495303fab60c3111529,PENDLE,0.46827835
0xcbe37e37bb9ac19e87e6e495303fab60c3111529,PEPE,0.57632595
0xcbe37e37bb9ac19e87e6e495303fab60c3111529,PERP,0.5081971
0xcbe37e37bb9ac19e87e6e495303fab60c3111529,PIT,0.55803704
0xcbe37e37bb9ac19e87e6e495303fab60c3111529,POLS,0.5628456
0xcbe37e37bb9ac19e87e6e495303fab60c3111529,PYTH,0.50823224
0xcbe37e37bb9ac19e87e6e495303fab60c3111529,QUACK,0.5537052
0xcbe37e37bb9ac19e87e6e495303fab60c3111529,RDNT,0.49584606
0xcbe37e37bb9ac19e87e6e495303fab60c3111529,RNDR,0.54537666
0xcbe37e37bb9ac19e87e6e495303fab60c3111529,RPL,0.50967747
0xcbe37e37bb9ac19e87e6e495303fab60c3111529,RUNE,0.49038452
0xcbe37e37bb9ac19e87e6e495303fab60c3111529,SFP,0.48479077
0xcbe37e37bb9ac19e87e6e495303fab60c3111529,SFUND,0.5062458
0xcbe37e37bb9ac19e87e6e495303fab60c3111529,SHIB,0.5334032
0xcbe37e37bb9ac19e87e6e495303fab60c3111529,SOL,0.5154781
0xcbe37e37bb9ac19e87e6e495303fab60c3111529,STG,0.555531
0xcbe37e37bb9ac19e87e6e495303fab60c3111529,SUI,0.45894235
0xcbe37e37bb9ac19e87e6e495303fab60c3111529,SUSHI,0.5226533
0xcbe37e37bb9ac19e87e6e495303fab60c3111529,TIA,0.4937495
0xcbe37e37bb9ac19e87e6e495303fab60c3111529,TOKEN,0.45969713
0xcbe37e37bb9ac19e87e6e495303fab60c3111529,TRX,0.5101188
0xcbe37e37bb9ac19e87e6e495303fab60c3111529,UNI,0.5102915
0xcbe37e37bb9ac19e87e6e495303fab60c3111529,USDT,0.6461278
0xcbe37e37bb9ac19e87e6e495303fab60c3111529,XLM,0.5089103
0xcbe37e37bb9ac19e87e6e495303fab60c3111529,XMR,0.49494737
0xcbe37e37bb9ac19e87e6e495303fab60c3111529,XRP,0.48411578
0xcbe37e37bb9ac19e87e6e495303fab60c3111529,XTZ,0.52536255
0xcbe37e37bb9ac19e87e6e495303fab60c3111529,XVS,0.4323175
0xcbe37e37bb9ac19e87e6e495303fab60c3111529,YFI,0.5662585
0xccc8f7bb5f28056799f8e6e8dc36e5cebefdf7c5,AAVE,-0.0185497470489038
0xccc8f7bb5f28056799f8e6e8dc36e5cebefdf7c5,ADA,0.0124789207419898
0xccc8f7bb5f28056799f8e6e8dc36e5cebefdf7c5,ALGO,0.0232715008431703
0xccc8f7bb5f28056799f8e6e8dc36e5cebefdf7c5,APE,0.0111298482293423
0xccc8f7bb5f28056799f8e6e8dc36e5cebefdf7c5,APT,-0.0198988195615514
0xccc8f7bb5f28056799f8e6e8dc36e5cebefdf7c5,ATOM,0.0077571669477234
0xccc8f7bb5f28056799f8e6e8dc36e5cebefdf7c5,AVAX,0.0246205733558178
0xccc8f7bb5f28056799f8e6e8dc36e5cebefdf7c5,AXS,0.0037099494097807
0xccc8f7bb5f28056799f8e6e8dc36e5cebefdf7c5,BAL,-0.0037099494097807
0xccc8f7bb5f28056799f8e6e8dc36e5cebefdf7c5,BCH,0.0030354131534569
0xccc8f7bb5f28056799f8e6e8dc36e5cebefdf7c5,BLUR,-0.0232715008431703
0xccc8f7bb5f28056799f8e6e8dc36e5cebefdf7c5,BNB,-0.0091062394603709
0xccc8f7bb5f28056799f8e6e8dc36e5cebefdf7c5,BONK,0.0097807757166947
0xccc8f7bb5f28056799f8e6e8dc36e5cebefdf7c5,BTC,0.0219224283305227
0xccc8f7bb5f28056799f8e6e8dc36e5cebefdf7c5,C98,-0.0111298482293423
0xccc8f7bb5f28056799f8e6e8dc36e5cebefdf7c5,CAKE,-0.0118043844856661
0xccc8f7bb5f28056799f8e6e8dc36e5cebefdf7c5,COMP,0.0010118043844856
0xccc8f7bb5f28056799f8e6e8dc36e5cebefdf7c5,CRV,-0.0252951096121416
0xccc8f7bb5f28056799f8e6e8dc36e5cebefdf7c5,CVX,-0.0165261382799325
0xccc8f7bb5f28056799f8e6e8dc36e5cebefdf7c5,DAI,-0.0064080944350758
0xccc8f7bb5f28056799f8e6e8dc36e5cebefdf7c5,DAO,0.0064080944350758
0xccc8f7bb5f28056799f8e6e8dc36e5cebefdf7c5,DOGE,0.0252951096121416
0xccc8f7bb5f28056799f8e6e8dc36e5cebefdf7c5,DOT,0.0192242833052276
0xccc8f7bb5f28056799f8e6e8dc36e5cebefdf7c5,DYDX,-0.0138279932546374
0xccc8f7bb5f28056799f8e6e8dc36e5cebefdf7c5,EOS,0.0212478920741989
0xccc8f7bb5f28056799f8e6e8dc36e5cebefdf7c5,ETC,0.023946037099494
0xccc8f7bb5f28056799f8e6e8dc36e5cebefdf7c5,ETH,0.0259696458684654
0xccc8f7bb5f28056799f8e6e8dc36e5cebefdf7c5,FET,0.0070826306913996
0xccc8f7bb5f28056799f8e6e8dc36e5cebefdf7c5,FIL,0.0057335581787521
0xccc8f7bb5f28056799f8e6e8dc36e5cebefdf7c5,FRAX,-0.0070826306913996
0xccc8f7bb5f28056799f8e6e8dc36e5cebefdf7c5,FTM,-0.0225969645868465
0xccc8f7bb5f28056799f8e6e8dc36e5cebefdf7c5,FXS,-0.0145025295109612
0xccc8f7bb5f28056799f8e6e8dc36e5cebefdf7c5,GRT,0.0084317032040472
0xccc8f7bb5f28056799f8e6e8dc36e5cebefdf7c5,HAI,0.0104553119730185
0xccc8f7bb5f28056799f8e6e8dc36e5cebefdf7c5,HERO,0.0131534569983136
0xccc8f7bb5f28056799f8e6e8dc36e5cebefdf7c5,ICP,-0.0043844856661045
0xccc8f7bb5f28056799f8e6e8dc36e5cebefdf7c5,IMX,0.0016863406408094
0xccc8f7bb5f28056799f8e6e8dc36e5cebefdf7c5,INJ,-0.0084317032040472
0xccc8f7bb5f28056799f8e6e8dc36e5cebefdf7c5,LDO,-0.0158516020236087
0xccc8f7bb5f28056799f8e6e8dc36e5cebefdf7c5,LINK,0.0118043844856661
0xccc8f7bb5f28056799f8e6e8dc36e5cebefdf7c5,LTC,0.0003372681281618
0xccc8f7bb5f28056799f8e6e8dc36e5cebefdf7c5,MATIC,0.0225969645868465
0xccc8f7bb5f28056799f8e6e8dc36e5cebefdf7c5,MAV,-0.0246205733558178
0xccc8f7bb5f28056799f8e6e8dc36e5cebefdf7c5,MBOX,-0.0124789207419898
0xccc8f7bb5f28056799f8e6e8dc36e5cebefdf7c5,MKR,-0.0030354131534569
0xccc8f7bb5f28056799f8e6e8dc36e5cebefdf7c5,MOON,-0.0050590219224283
0xccc8f7bb5f28056799f8e6e8dc36e5cebefdf7c5,NEAR,-0.0131534569983136
0xccc8f7bb5f28056799f8e6e8dc36e5cebefdf7c5,OP,0.0198988195615514
0xccc8f7bb5f28056799f8e6e8dc36e5cebefdf7c5,PENDLE,-0.0219224283305227
0xccc8f7bb5f28056799f8e6e8dc36e5cebefdf7c5,PEPE,0.01787521079258
0xccc8f7bb5f28056799f8e6e8dc36e5cebefdf7c5,PERP,-0.023946037099494
0xccc8f7bb5f28056799f8e6e8dc36e5cebefdf7c5,PIT,0.0185497470489038
0xccc8f7bb5f28056799f8e6e8dc36e5cebefdf7c5,POLS,-0.0104553119730185
0xccc8f7bb5f28056799f8e6e8dc36e5cebefdf7c5,PYTH,0.0023608768971332
0xccc8f7bb5f28056799f8e6e8dc36e5cebefdf7c5,QUACK,0.0205733558178752
0xccc8f7bb5f28056799f8e6e8dc36e5cebefdf7c5,RDNT,-0.0077571669477234
0xccc8f7bb5f28056799f8e6e8dc36e5cebefdf7c5,RNDR,-0.0010118043844856
0xccc8f7bb5f28056799f8e6e8dc36e5cebefdf7c5,RPL,-0.0016863406408094
0xccc8f7bb5f28056799f8e6e8dc36e5cebefdf7c5,RUNE,-0.0192242833052276
0xccc8f7bb5f28056799f8e6e8dc36e5cebefdf7c5,SFP,-0.0151770657672849
0xccc8f7bb5f28056799f8e6e8dc36e5cebefdf7c5,SFUND,0.0138279932546374
0xccc8f7bb5f28056799f8e6e8dc36e5cebefdf7c5,SHIB,0.0165261382799325
0xccc8f7bb5f28056799f8e6e8dc36e5cebefdf7c5,SOL,-0.0003372681281618
0xccc8f7bb5f28056799f8e6e8dc36e5cebefdf7c5,STG,0.0172006745362563
0xccc8f7bb5f28056799f8e6e8dc36e5cebefdf7c5,SUI,-0.0178752107925801
0xccc8f7bb5f28056799f8e6e8dc36e5cebefdf7c5,SUSHI,0.0043844856661045
0xccc8f7bb5f28056799f8e6e8dc36e5cebefdf7c5,TIA,-0.0057335581787521
0xccc8f7bb5f28056799f8e6e8dc36e5cebefdf7c5,TOKEN,-0.0212478920741989
0xccc8f7bb5f28056799f8e6e8dc36e5cebefdf7c5,TRX,-0.0023608768971332
0xccc8f7bb5f28056799f8e6e8dc36e5cebefdf7c5,UNI,0.0145025295109612
0xccc8f7bb5f28056799f8e6e8dc36e5cebefdf7c5,USDT,0.0050590219224283
0xccc8f7bb5f28056799f8e6e8dc36e5cebefdf7c5,XLM,-0.0172006745362563
0xccc8f7bb5f28056799f8e6e8dc36e5cebefdf7c5,XMR,0.0091062394603709
0xccc8f7bb5f28056799f8e6e8dc36e5cebefdf7c5,XRP,-0.0097807757166947
0xccc8f7bb5f28056799f8e6e8dc36e5cebefdf7c5,XTZ,0.0151770657672849
0xccc8f7bb5f28056799f8e6e8dc36e5cebefdf7c5,XVS,-0.0205733558178752
0xccc8f7bb5f28056799f8e6e8dc36e5cebefdf7c5,YFI,0.0158516020236087
0xcf28560da27700098a0efcb3f5742169948892de,AAVE,0.4454285028524671
0xcf28560da27700098a0efcb3f5742169948892de,ADA,0.5430284762804194
0xcf28560da27700098a0efcb3f5742169948892de,ALGO,0.5325947817605768
0xcf28560da27700098a0efcb3f5742169948892de,APE,0.5397743185226843
0xcf28560da27700098a0efcb3f5742169948892de,APT,0.471185774990677
0xcf28560da27700098a0efcb3f5742169948892de,ATOM,0.5562368743070586
0xcf28560da27700098a0efcb3f5742169948892de,AVAX,0.5146915966736866
0xcf28560da27700098a0efcb3f5742169948892de,AXS,0.5215716664625517
0xcf28560da27700098a0efcb3f5742169948892de,BAL,0.5314146461164929
0xcf28560da27700098a0efcb3f5742169948892de,BCH,0.5345664365855775
0xcf28560da27700098a0efcb3f5742169948892de,BLUR,0.4280043784449955
0xcf28560da27700098a0efcb3f5742169948892de,BNB,0.5260336911555747
0xcf28560da27700098a0efcb3f5742169948892de,BONK,0.5367571586445353
0xcf28560da27700098a0efcb3f5742169948892de,BTC,0.5775530880820375
0xcf28560da27700098a0efcb3f5742169948892de,C98,0.4946372326102368
0xcf28560da27700098a0efcb3f5742169948892de,CAKE,0.5095681651477362
0xcf28560da27700098a0efcb3f5742169948892de,COMP,0.5785366204859705
0xcf28560da27700098a0efcb3f5742169948892de,CRV,0.5230742098702766
0xcf28560da27700098a0efcb3f5742169948892de,CVX,0.5378319122631583
0xcf28560da27700098a0efcb3f5742169948892de,DAI,0.4647882763493422
0xcf28560da27700098a0efcb3f5742169948892de,DAO,0.5345265014358168
0xcf28560da27700098a0efcb3f5742169948892de,DOGE,0.522438017881075
0xcf28560da27700098a0efcb3f5742169948892de,DOT,0.5408187713071686
0xcf28560da27700098a0efcb3f5742169948892de,DYDX,0.49014464167664
0xcf28560da27700098a0efcb3f5742169948892de,EOS,0.5260382217772641
0xcf28560da27700098a0efcb3f5742169948892de,ETC,0.5645240493055361
0xcf28560da27700098a0efcb3f5742169948892de,ETH,0.5644832259079958
0xcf28560da27700098a0efcb3f5742169948892de,FET,0.5509733534132701
0xcf28560da27700098a0efcb3f5742169948892de,FIL,0.539055107277372
0xcf28560da27700098a0efcb3f5742169948892de,FRAX,0.4405800160634497
0xcf28560da27700098a0efcb3f5742169948892de,FTM,0.4680203012577575
0xcf28560da27700098a0efcb3f5742169948892de,FXS,0.4750566761480609
0xcf28560da27700098a0efcb3f5742169948892de,GRT,0.5275294064746249
0xcf28560da27700098a0efcb3f5742169948892de,HAI,0.5109365703174573
0xcf28560da27700098a0efcb3f5742169948892de,HERO,0.5384421071171368
0xcf28560da27700098a0efcb3f5742169948892de,ICP,0.4901885738007338
0xcf28560da27700098a0efcb3f5742169948892de,IMX,0.5204789617512314
0xcf28560da27700098a0efcb3f5742169948892de,INJ,0.5043030490880402
0xcf28560da27700098a0efcb3f5742169948892de,LDO,0.5309783318025213
0xcf28560da27700098a0efcb3f5742169948892de,LINK,0.5975149829982597
0xcf28560da27700098a0efcb3f5742169948892de,LTC,0.5921199787882626
0xcf28560da27700098a0efcb3f5742169948892de,MATIC,0.4746003438140123
0xcf28560da27700098a0efcb3f5742169948892de,MAV,0.4154585704395184
0xcf28560da27700098a0efcb3f5742169948892de,MBOX,0.5150363514489225
0xcf28560da27700098a0efcb3f5742169948892de,MKR,0.5197025368576564
0xcf28560da27700098a0efcb3f5742169948892de,MOON,0.5596425281967211
0xcf28560da27700098a0efcb3f5742169948892de,NEAR,0.5029652904078661
0xcf28560da27700098a0efcb3f5742169948892de,OP,0.5418928936159177
0xcf28560da27700098a0efcb3f5742169948892de,PENDLE,0.5001619090809933
0xcf28560da27700098a0efcb3f5742169948892de,PEPE,0.4544664682650245
0xcf28560da27700098a0efcb3f5742169948892de,PERP,0.4713575086955051
0xcf28560da27700098a0efcb3f5742169948892de,PIT,0.5193938613726052
0xcf28560da27700098a0efcb3f5742169948892de,POLS,0.5109047381405563
0xcf28560da27700098a0efcb3f5742169948892de,PYTH,0.4960758090414549
0xcf28560da27700098a0efcb3f5742169948892de,QUACK,0.5642150701474941
0xcf28560da27700098a0efcb3f5742169948892de,RDNT,0.5572866013795275
0xcf28560da27700098a0efcb3f5742169948892de,RNDR,0.4966734477255579
0xcf28560da27700098a0efcb3f5742169948892de,RPL,0.5137355891804071
0xcf28560da27700098a0efcb3f5742169948892de,RUNE,0.4997001366455612
0xcf28560da27700098a0efcb3f5742169948892de,SFP,0.5354811816603215
0xcf28560da27700098a0efcb3f5742169948892de,SFUND,0.5267594047697036
0xcf28560da27700098a0efcb3f5742169948892de,SHIB,0.5260201430565629
0xcf28560da27700098a0efcb3f5742169948892de,SOL,0.4858834189987325
0xcf28560da27700098a0efcb3f5742169948892de,STG,0.5331116959281581
0xcf28560da27700098a0efcb3f5742169948892de,SUI,0.4920369723201481
0xcf28560da27700098a0efcb3f5742169948892de,SUSHI,0.5236150367602027
0xcf28560da27700098a0efcb3f5742169948892de,TIA,0.5497407802691606
0xcf28560da27700098a0efcb3f5742169948892de,TOKEN,0.440460016552439
0xcf28560da27700098a0efcb3f5742169948892de,TRX,0.5127744925120503
0xcf28560da27700098a0efcb3f5742169948892de,UNI,0.5686533907323122
0xcf28560da27700098a0efcb3f5742169948892de,USDT,0.5069715372886109
0xcf28560da27700098a0efcb3f5742169948892de,XLM,0.4911541605145867
0xcf28560da27700098a0efcb3f5742169948892de,XMR,0.513122908030008
0xcf28560da27700098a0efcb3f5742169948892de,XRP,0.485975044995303
0xcf28560da27700098a0efcb3f5742169948892de,XTZ,0.5391382471810694
0xcf28560da27700098a0efcb3f5742169948892de,XVS,0.4972807321166012
0xcf28560da27700098a0efcb3f5742169948892de,YFI,0.563346006388711
0xe14867e41410bd7232a52b9400476c08b4e535b3,AAVE,0.4796645
0xe14867e41410bd7232a52b9400476c08b4e535b3,ADA,0.51707464
0xe14867e41410bd7232a52b9400476c08b4e535b3,ALGO,0.521964
0xe14867e41410bd7232a52b9400476c08b4e535b3,APE,0.5283127
0xe14867e41410bd7232a52b9400476c08b4e535b3,APT,0.50511247
0xe14867e41410bd7232a52b9400476c08b4e535b3,ATOM,0.53942275
0xe14867e41410bd7232a52b9400476c08b4e535b3,AVAX,0.5167633
0xe14867e41410bd7232a52b9400476c08b4e535b3,AXS,0.5233318
0xe14867e41410bd7232a52b9400476c08b4e535b3,BAL,0.50792485
0xe14867e41410bd7232a52b9400476c08b4e535b3,BCH,0.5367924
0xe14867e41410bd7232a52b9400476c08b4e535b3,BLUR,0.46483883
0xe14867e41410bd7232a52b9400476c08b4e535b3,BNB,0.5302537
0xe14867e41410bd7232a52b9400476c08b4e535b3,BONK,0.51463246
0xe14867e41410bd7232a52b9400476c08b4e535b3,BTC,0.54207915
0xe14867e41410bd7232a52b9400476c08b4e535b3,C98,0.49243525
0xe14867e41410bd7232a52b9400476c08b4e535b3,CAKE,0.49730211
0xe14867e41410bd7232a52b9400476c08b4e535b3,COMP,0.5279049
0xe14867e41410bd7232a52b9400476c08b4e535b3,CRV,0.46793044
0xe14867e41410bd7232a52b9400476c08b4e535b3,CVX,0.50259525
0xe14867e41410bd7232a52b9400476c08b4e535b3,DAI,0.5607058
0xe14867e41410bd7232a52b9400476c08b4e535b3,DAO,0.52011967
0xe14867e41410bd7232a52b9400476c08b4e535b3,DOGE,0.5224439
0xe14867e41410bd7232a52b9400476c08b4e535b3,DOT,0.52898425
0xe14867e41410bd7232a52b9400476c08b4e535b3,DYDX,0.49400023
0xe14867e41410bd7232a52b9400476c08b4e535b3,EOS,0.533368
0xe14867e41410bd7232a52b9400476c08b4e535b3,ETC,0.5317672
0xe14867e41410bd7232a52b9400476c08b4e535b3,ETH,0.54455996
0xe14867e41410bd7232a52b9400476c08b4e535b3,FET,0.5153417
0xe14867e41410bd7232a52b9400476c08b4e535b3,FIL,0.51601756
0xe14867e41410bd7232a52b9400476c08b4e535b3,FRAX,0.57098657
0xe14867e41410bd7232a52b9400476c08b4e535b3,FTM,0.46265525
0xe14867e41410bd7232a52b9400476c08b4e535b3,FXS,0.48761398
0xe14867e41410bd7232a52b9400476c08b4e535b3,GRT,0.50947094
0xe14867e41410bd7232a52b9400476c08b4e535b3,HAI,0.52141255
0xe14867e41410bd7232a52b9400476c08b4e535b3,HERO,0.51439255
0xe14867e41410bd7232a52b9400476c08b4e535b3,ICP,0.49762037
0xe14867e41410bd7232a52b9400476c08b4e535b3,IMX,0.5286966
0xe14867e41410bd7232a52b9400476c08b4e535b3,INJ,0.5031556
0xe14867e41410bd7232a52b9400476c08b4e535b3,LDO,0.50847197
0xe14867e41410bd7232a52b9400476c08b4e535b3,LINK,0.5229916
0xe14867e41410bd7232a52b9400476c08b4e535b3,LTC,0.4931299
0xe14867e41410bd7232a52b9400476c08b4e535b3,MATIC,0.52762604
0xe14867e41410bd7232a52b9400476c08b4e535b3,MAV,0.4108756
0xe14867e41410bd7232a52b9400476c08b4e535b3,MBOX,0.5079024
0xe14867e41410bd7232a52b9400476c08b4e535b3,MKR,0.511585
0xe14867e41410bd7232a52b9400476c08b4e535b3,MOON,0.5145593
0xe14867e41410bd7232a52b9400476c08b4e535b3,NEAR,0.5091888
0xe14867e41410bd7232a52b9400476c08b4e535b3,OP,0.5073718
0xe14867e41410bd7232a52b9400476c08b4e535b3,PENDLE,0.48113474
0xe14867e41410bd7232a52b9400476c08b4e535b3,PEPE,0.52017206
0xe14867e41410bd7232a52b9400476c08b4e535b3,PERP,0.44331625
0xe14867e41410bd7232a52b9400476c08b4e535b3,PIT,0.5295577
0xe14867e41410bd7232a52b9400476c08b4e535b3,POLS,0.522419
0xe14867e41410bd7232a52b9400476c08b4e535b3,PYTH,0.50681204
0xe14867e41410bd7232a52b9400476c08b4e535b3,QUACK,0.52644575
0xe14867e41410bd7232a52b9400476c08b4e535b3,RDNT,0.5163899
0xe14867e41410bd7232a52b9400476c08b4e535b3,RNDR,0.49676365
0xe14867e41410bd7232a52b9400476c08b4e535b3,RPL,0.52180946
0xe14867e41410bd7232a52b9400476c08b4e535b3,RUNE,0.48017213
0xe14867e41410bd7232a52b9400476c08b4e535b3,SFP,0.52090925
0xe14867e41410bd7232a52b9400476c08b4e535b3,SFUND,0.5232252
0xe14867e41410bd7232a52b9400476c08b4e535b3,SHIB,0.51913404
0xe14867e41410bd7232a52b9400476c08b4e535b3,SOL,0.50667226
0xe14867e41410bd7232a52b9400476c08b4e535b3,STG,0.51601106
0xe14867e41410bd7232a52b9400476c08b4e535b3,SUI,0.50498784
0xe14867e41410bd7232a52b9400476c08b4e535b3,SUSHI,0.5272035
0xe14867e41410bd7232a52b9400476c08b4e535b3,TIA,0.51428795
0xe14867e41410bd7232a52b9400476c08b4e535b3,TOKEN,0.48273212
0xe14867e41410bd7232a52b9400476c08b4e535b3,TRX,0.5379326
0xe14867e41410bd7232a52b9400476c08b4e535b3,UNI,0.5190384
0xe14867e41410bd7232a52b9400476c08b4e535b3,USDT,0.56228566
0xe14867e41410bd7232a52b9400476c08b4e535b3,XLM,0.50941664
0xe14867e41410bd7232a52b9400476c08b4e535b3,XMR,0.5296589
0xe14867e41410bd7232a52b9400476c08b4e535b3,XRP,0.49556652
0xe14867e41410bd7232a52b9400476c08b4e535b3,XTZ,0.52492386
0xe14867e41410bd7232a52b9400476c08b4e535b3,XVS,0.4644706
0xe14867e41410bd7232a52b9400476c08b4e535b3,YFI,0.53461957
0xea8b4bb8c19ee22687093e35469d4fbdc84450cb,AAVE,0.5221587869772875
0xea8b4bb8c19ee22687093e35469d4fbdc84450cb,ADA,0.5586198481033281
0xea8b4bb8c19ee22687093e35469d4fbdc84450cb,ALGO,0.5243205822527176
0xea8b4bb8c19ee22687093e35469d4fbdc84450cb,APE,0.5514924834391328
0xea8b4bb8c19ee22687093e35469d4fbdc84450cb,APT,0.4970197283101699
0xea8b4bb8c19ee22687093e35469d4fbdc84450cb,ATOM,0.525770419170028
0xea8b4bb8c19ee22687093e35469d4fbdc84450cb,AVAX,0.5501384881892213
0xea8b4bb8c19ee22687093e35469d4fbdc84450cb,AXS,0.5361762198457282
0xea8b4bb8c19ee22687093e35469d4fbdc84450cb,BAL,0.5364925916428944
0xea8b4bb8c19ee22687093e35469d4fbdc84450cb,BCH,0.5650689815732497
0xea8b4bb8c19ee22687093e35469d4fbdc84450cb,BLUR,0.4623968908451766
0xea8b4bb8c19ee22687093e35469d4fbdc84450cb,BNB,0.542141975637455
0xea8b4bb8c19ee22687093e35469d4fbdc84450cb,BONK,0.5229653119897836
0xea8b4bb8c19ee22687093e35469d4fbdc84450cb,BTC,0.5966940144462749
0xea8b4bb8c19ee22687093e35469d4fbdc84450cb,C98,0.513674795639968
0xea8b4bb8c19ee22687093e35469d4fbdc84450cb,CAKE,0.5370424946941433
0xea8b4bb8c19ee22687093e35469d4fbdc84450cb,COMP,0.5428622568525768
0xea8b4bb8c19ee22687093e35469d4fbdc84450cb,CRV,0.4631015692437237
0xea8b4bb8c19ee22687093e35469d4fbdc84450cb,CVX,0.504687236899085
0xea8b4bb8c19ee22687093e35469d4fbdc84450cb,DAI,0.5706198489158436
0xea8b4bb8c19ee22687093e35469d4fbdc84450cb,DAO,0.5288570002105798
0xea8b4bb8c19ee22687093e35469d4fbdc84450cb,DOGE,0.5218660890339297
0xea8b4bb8c19ee22687093e35469d4fbdc84450cb,DOT,0.5515976338754768
0xea8b4bb8c19ee22687093e35469d4fbdc84450cb,DYDX,0.4916548883069409
0xea8b4bb8c19ee22687093e35469d4fbdc84450cb,EOS,0.5346193032969891
0xea8b4bb8c19ee22687093e35469d4fbdc84450cb,ETC,0.5284621205910226
0xea8b4bb8c19ee22687093e35469d4fbdc84450cb,ETH,0.6080087743958561
0xea8b4bb8c19ee22687093e35469d4fbdc84450cb,FET,0.5492301070433762
0xea8b4bb8c19ee22687093e35469d4fbdc84450cb,FIL,0.5307437451636979
0xea8b4bb8c19ee22687093e35469d4fbdc84450cb,FRAX,0.5427855951771062
0xea8b4bb8c19ee22687093e35469d4fbdc84450cb,FTM,0.4346459260872006
0xea8b4bb8c19ee22687093e35469d4fbdc84450cb,FXS,0.450543857059496
0xea8b4bb8c19ee22687093e35469d4fbdc84450cb,GRT,0.5208864381696242
0xea8b4bb8c19ee22687093e35469d4fbdc84450cb,HAI,0.5140597636773562
0xea8b4bb8c19ee22687093e35469d4fbdc84450cb,HERO,0.5244224793452551
0xea8b4bb8c19ee22687093e35469d4fbdc84450cb,ICP,0.4938636555345535
0xea8b4bb8c19ee22687093e35469d4fbdc84450cb,IMX,0.5430944189143243
0xea8b4bb8c19ee22687093e35469d4fbdc84450cb,INJ,0.5155768719101916
0xea8b4bb8c19ee22687093e35469d4fbdc84450cb,LDO,0.5366436949501409
0xea8b4bb8c19ee22687093e35469d4fbdc84450cb,LINK,0.611655683406468
0xea8b4bb8c19ee22687093e35469d4fbdc84450cb,LTC,0.5373934512181003
0xea8b4bb8c19ee22687093e35469d4fbdc84450cb,MATIC,0.5283848765026782
0xea8b4bb8c19ee22687093e35469d4fbdc84450cb,MAV,0.4376291227957478
0xea8b4bb8c19ee22687093e35469d4fbdc84450cb,MBOX,0.508963228666571
0xea8b4bb8c19ee22687093e35469d4fbdc84450cb,MKR,0.5258630623377352
0xea8b4bb8c19ee22687093e35469d4fbdc84450cb,MOON,0.5442810746347005
0xea8b4bb8c19ee22687093e35469d4fbdc84450cb,NEAR,0.5284511228523807
0xea8b4bb8c19ee22687093e35469d4fbdc84450cb,OP,0.5400137503404862
0xea8b4bb8c19ee22687093e35469d4fbdc84450cb,PENDLE,0.4872352115658347
0xea8b4bb8c19ee22687093e35469d4fbdc84450cb,PEPE,0.5590283270195173
0xea8b4bb8c19ee22687093e35469d4fbdc84450cb,PERP,0.4555290566190381
0xea8b4bb8c19ee22687093e35469d4fbdc84450cb,PIT,0.5461732479998682
0xea8b4bb8c19ee22687093e35469d4fbdc84450cb,POLS,0.5296098416044096
0xea8b4bb8c19ee22687093e35469d4fbdc84450cb,PYTH,0.5166416752092635
0xea8b4bb8c19ee22687093e35469d4fbdc84450cb,QUACK,0.5240410844552925
0xea8b4bb8c19ee22687093e35469d4fbdc84450cb,RDNT,0.5420767231569371
0xea8b4bb8c19ee22687093e35469d4fbdc84450cb,RNDR,0.5400812888626256
0xea8b4bb8c19ee22687093e35469d4fbdc84450cb,RPL,0.5193977500849208
0xea8b4bb8c19ee22687093e35469d4fbdc84450cb,RUNE,0.4439252042277776
0xea8b4bb8c19ee22687093e35469d4fbdc84450cb,SFP,0.5314533018868189
0xea8b4bb8c19ee22687093e35469d4fbdc84450cb,SFUND,0.5299124232816191
0xea8b4bb8c19ee22687093e35469d4fbdc84450cb,SHIB,0.5499819589228717
0xea8b4bb8c19ee22687093e35469d4fbdc84450cb,SOL,0.5283526073966526
0xea8b4bb8c19ee22687093e35469d4fbdc84450cb,STG,0.5247582568765239
0xea8b4bb8c19ee22687093e35469d4fbdc84450cb,SUI,0.436094365514017
0xea8b4bb8c19ee22687093e35469d4fbdc84450cb,SUSHI,0.5379245153843365
0xea8b4bb8c19ee22687093e35469d4fbdc84450cb,TIA,0.5222746990429133
0xea8b4bb8c19ee22687093e35469d4fbdc84450cb,TOKEN,0.4767937500944292
0xea8b4bb8c19ee22687093e35469d4fbdc84450cb,TRX,0.540346196241008
0xea8b4bb8c19ee22687093e35469d4fbdc84450cb,UNI,0.583228627756775
0xea8b4bb8c19ee22687093e35469d4fbdc84450cb,USDT,0.5809732057839916
0xea8b4bb8c19ee22687093e35469d4fbdc84450cb,XLM,0.523657494912016
0xea8b4bb8c19ee22687093e35469d4fbdc84450cb,XMR,0.5406507281848718
0xea8b4bb8c19ee22687093e35469d4fbdc84450cb,XRP,0.5333946643254582
0xea8b4bb8c19ee22687093e35469d4fbdc84450cb,XTZ,0.5345967545311999
0xea8b4bb8c19ee22687093e35469d4fbdc84450cb,XVS,0.4771777355794525
0xea8b4bb8c19ee22687093e35469d4fbdc84450cb,YFI,0.5538315057497658
0xeba5ba85f72e40a9f2b8782c2bd51ec31a5564da,AAVE,0.4854547
0xeba5ba85f72e40a9f2b8782c2bd51ec31a5564da,ADA,0.519054
0xeba5ba85f72e40a9f2b8782c2bd51ec31a5564da,ALGO,0.52167517
0xeba5ba85f72e40a9f2b8782c2bd51ec31a5564da,APE,0.52559906
0xeba5ba85f72e40a9f2b8782c2bd51ec31a5564da,APT,0.50393873
0xeba5ba85f72e40a9f2b8782c2bd51ec31a5564da,ATOM,0.5342148
0xeba5ba85f72e40a9f2b8782c2bd51ec31a5564da,AVAX,0.5140518
0xeba5ba85f72e40a9f2b8782c2bd51ec31a5564da,AXS,0.5226254
0xeba5ba85f72e40a9f2b8782c2bd51ec31a5564da,BAL,0.50865227
0xeba5ba85f72e40a9f2b8782c2bd51ec31a5564da,BCH,0.53170186
0xeba5ba85f72e40a9f2b8782c2bd51ec31a5564da,BLUR,0.4641249
0xeba5ba85f72e40a9f2b8782c2bd51ec31a5564da,BNB,0.5293593
0xeba5ba85f72e40a9f2b8782c2bd51ec31a5564da,BONK,0.51289034
0xeba5ba85f72e40a9f2b8782c2bd51ec31a5564da,BTC,0.5382821
0xeba5ba85f72e40a9f2b8782c2bd51ec31a5564da,C98,0.4947984
0xeba5ba85f72e40a9f2b8782c2bd51ec31a5564da,CAKE,0.49764118
0xeba5ba85f72e40a9f2b8782c2bd51ec31a5564da,COMP,0.5248006
0xeba5ba85f72e40a9f2b8782c2bd51ec31a5564da,CRV,0.46634316
0xeba5ba85f72e40a9f2b8782c2bd51ec31a5564da,CVX,0.504667
0xeba5ba85f72e40a9f2b8782c2bd51ec31a5564da,DAI,0.5478335
0xeba5ba85f72e40a9f2b8782c2bd51ec31a5564da,DAO,0.51783234
0xeba5ba85f72e40a9f2b8782c2bd51ec31a5564da,DOGE,0.52151823
0xeba5ba85f72e40a9f2b8782c2bd51ec31a5564da,DOT,0.52551895
0xeba5ba85f72e40a9f2b8782c2bd51ec31a5564da,DYDX,0.49196494
0xeba5ba85f72e40a9f2b8782c2bd51ec31a5564da,EOS,0.5323828
0xeba5ba85f72e40a9f2b8782c2bd51ec31a5564da,ETC,0.5294713
0xeba5ba85f72e40a9f2b8782c2bd51ec31a5564da,ETH,0.5367304
0xeba5ba85f72e40a9f2b8782c2bd51ec31a5564da,FET,0.5150263
0xeba5ba85f72e40a9f2b8782c2bd51ec31a5564da,FIL,0.51712364
0xeba5ba85f72e40a9f2b8782c2bd51ec31a5564da,FRAX,0.5615223
0xeba5ba85f72e40a9f2b8782c2bd51ec31a5564da,FTM,0.4675583
0xeba5ba85f72e40a9f2b8782c2bd51ec31a5564da,FXS,0.48666695
0xeba5ba85f72e40a9f2b8782c2bd51ec31a5564da,GRT,0.50999814
0xeba5ba85f72e40a9f2b8782c2bd51ec31a5564da,HAI,0.5193832
0xeba5ba85f72e40a9f2b8782c2bd51ec31a5564da,HERO,0.513435
0xeba5ba85f72e40a9f2b8782c2bd51ec31a5564da,ICP,0.49886796
0xeba5ba85f72e40a9f2b8782c2bd51ec31a5564da,IMX,0.5259327
0xeba5ba85f72e40a9f2b8782c2bd51ec31a5564da,INJ,0.50316626
0xeba5ba85f72e40a9f2b8782c2bd51ec31a5564da,LDO,0.50712603
0xeba5ba85f72e40a9f2b8782c2bd51ec31a5564da,LINK,0.52198166
0xeba5ba85f72e40a9f2b8782c2bd51ec31a5564da,LTC,0.50237113
0xeba5ba85f72e40a9f2b8782c2bd51ec31a5564da,MATIC,0.5250055
0xeba5ba85f72e40a9f2b8782c2bd51ec31a5564da,MAV,0.42471495
0xeba5ba85f72e40a9f2b8782c2bd51ec31a5564da,MBOX,0.5052052
0xeba5ba85f72e40a9f2b8782c2bd51ec31a5564da,MKR,0.51005447
0xeba5ba85f72e40a9f2b8782c2bd51ec31a5564da,MOON,0.51553255
0xeba5ba85f72e40a9f2b8782c2bd51ec31a5564da,NEAR,0.5075579
0xeba5ba85f72e40a9f2b8782c2bd51ec31a5564da,OP,0.50730234
0xeba5ba85f72e40a9f2b8782c2bd51ec31a5564da,PENDLE,0.47535333
0xeba5ba85f72e40a9f2b8782c2bd51ec31a5564da,PEPE,0.5171776
0xeba5ba85f72e40a9f2b8782c2bd51ec31a5564da,PERP,0.44892943
0xeba5ba85f72e40a9f2b8782c2bd51ec31a5564da,PIT,0.52746296
0xeba5ba85f72e40a9f2b8782c2bd51ec31a5564da,POLS,0.5206344
0xeba5ba85f72e40a9f2b8782c2bd51ec31a5564da,PYTH,0.50710124
0xeba5ba85f72e40a9f2b8782c2bd51ec31a5564da,QUACK,0.52438426
0xeba5ba85f72e40a9f2b8782c2bd51ec31a5564da,RDNT,0.5135433
0xeba5ba85f72e40a9f2b8782c2bd51ec31a5564da,RNDR,0.50018716
0xeba5ba85f72e40a9f2b8782c2bd51ec31a5564da,RPL,0.51899093
0xeba5ba85f72e40a9f2b8782c2bd51ec31a5564da,RUNE,0.47535357
0xeba5ba85f72e40a9f2b8782c2bd51ec31a5564da,SFP,0.5158159
0xeba5ba85f72e40a9f2b8782c2bd51ec31a5564da,SFUND,0.5219225
0xeba5ba85f72e40a9f2b8782c2bd51ec31a5564da,SHIB,0.5200252
0xeba5ba85f72e40a9f2b8782c2bd51ec31a5564da,SOL,0.50981784
0xeba5ba85f72e40a9f2b8782c2bd51ec31a5564da,STG,0.51576835
0xeba5ba85f72e40a9f2b8782c2bd51ec31a5564da,SUI,0.49753413
0xeba5ba85f72e40a9f2b8782c2bd51ec31a5564da,SUSHI,0.52506655
0xeba5ba85f72e40a9f2b8782c2bd51ec31a5564da,TIA,0.51392055
0xeba5ba85f72e40a9f2b8782c2bd51ec31a5564da,TOKEN,0.4836003
0xeba5ba85f72e40a9f2b8782c2bd51ec31a5564da,TRX,0.5363657
0xeba5ba85f72e40a9f2b8782c2bd51ec31a5564da,UNI,0.51888883
0xeba5ba85f72e40a9f2b8782c2bd51ec31a5564da,USDT,0.5563438
0xeba5ba85f72e40a9f2b8782c2bd51ec31a5564da,XLM,0.50608665
0xeba5ba85f72e40a9f2b8782c2bd51ec31a5564da,XMR,0.52383995
0xeba5ba85f72e40a9f2b8782c2bd51ec31a5564da,XRP,0.49408928
0xeba5ba85f72e40a9f2b8782c2bd51ec31a5564da,XTZ,0.5221534
0xeba5ba85f72e40a9f2b8782c2bd51ec31a5564da,XVS,0.46965852
0xeba5ba85f72e40a9f2b8782c2bd51ec31a5564da,YFI,0.5316368
0xf097ed117dd3930f1eeb91569a6a61b4c52744c8,AAVE,0.47798133
0xf097ed117dd3930f1eeb91569a6a61b4c52744c8,ADA,0.5193737
0xf097ed117dd3930f1eeb91569a6a61b4c52744c8,ALGO,0.5252474
0xf097ed117dd3930f1eeb91569a6a61b4c52744c8,APE,0.5355137
0xf097ed117dd3930f1eeb91569a6a61b4c52744c8,APT,0.5053851
0xf097ed117dd3930f1eeb91569a6a61b4c52744c8,ATOM,0.53771555
0xf097ed117dd3930f1eeb91569a6a61b4c52744c8,AVAX,0.52409506
0xf097ed117dd3930f1eeb91569a6a61b4c52744c8,AXS,0.5319894
0xf097ed117dd3930f1eeb91569a6a61b4c52744c8,BAL,0.514912
0xf097ed117dd3930f1eeb91569a6a61b4c52744c8,BCH,0.5207632
0xf097ed117dd3930f1eeb91569a6a61b4c52744c8,BLUR,0.46510923
0xf097ed117dd3930f1eeb91569a6a61b4c52744c8,BNB,0.5411404
0xf097ed117dd3930f1eeb91569a6a61b4c52744c8,BONK,0.51506686
0xf097ed117dd3930f1eeb91569a6a61b4c52744c8,BTC,0.53292584
0xf097ed117dd3930f1eeb91569a6a61b4c52744c8,C98,0.49265364
0xf097ed117dd3930f1eeb91569a6a61b4c52744c8,CAKE,0.5013993
0xf097ed117dd3930f1eeb91569a6a61b4c52744c8,COMP,0.5218168
0xf097ed117dd3930f1eeb91569a6a61b4c52744c8,CRV,0.42549053
0xf097ed117dd3930f1eeb91569a6a61b4c52744c8,CVX,0.5026752
0xf097ed117dd3930f1eeb91569a6a61b4c52744c8,DAI,0.55640423
0xf097ed117dd3930f1eeb91569a6a61b4c52744c8,DAO,0.53601617
0xf097ed117dd3930f1eeb91569a6a61b4c52744c8,DOGE,0.5342038
0xf097ed117dd3930f1eeb91569a6a61b4c52744c8,DOT,0.53435606
0xf097ed117dd3930f1eeb91569a6a61b4c52744c8,DYDX,0.4937688
0xf097ed117dd3930f1eeb91569a6a61b4c52744c8,EOS,0.533147
0xf097ed117dd3930f1eeb91569a6a61b4c52744c8,ETC,0.5405546
0xf097ed117dd3930f1eeb91569a6a61b4c52744c8,ETH,0.544692
0xf097ed117dd3930f1eeb91569a6a61b4c52744c8,FET,0.5341665
0xf097ed117dd3930f1eeb91569a6a61b4c52744c8,FIL,0.5290897
0xf097ed117dd3930f1eeb91569a6a61b4c52744c8,FRAX,0.57356787
0xf097ed117dd3930f1eeb91569a6a61b4c52744c8,FTM,0.45352137
0xf097ed117dd3930f1eeb91569a6a61b4c52744c8,FXS,0.48872367
0xf097ed117dd3930f1eeb91569a6a61b4c52744c8,GRT,0.50799364
0xf097ed117dd3930f1eeb91569a6a61b4c52744c8,HAI,0.5246273
0xf097ed117dd3930f1eeb91569a6a61b4c52744c8,HERO,0.51835227
0xf097ed117dd3930f1eeb91569a6a61b4c52744c8,ICP,0.49126178
0xf097ed117dd3930f1eeb91569a6a61b4c52744c8,IMX,0.5348078
0xf097ed117dd3930f1eeb91569a6a61b4c52744c8,INJ,0.51316756
0xf097ed117dd3930f1eeb91569a6a61b4c52744c8,LDO,0.51092243
0xf097ed117dd3930f1eeb91569a6a61b4c52744c8,LINK,0.5434637
0xf097ed117dd3930f1eeb91569a6a61b4c52744c8,LTC,0.488194
0xf097ed117dd3930f1eeb91569a6a61b4c52744c8,MATIC,0.52885514
0xf097ed117dd3930f1eeb91569a6a61b4c52744c8,MAV,0.40904373
0xf097ed117dd3930f1eeb91569a6a61b4c52744c8,MBOX,0.50877
0xf097ed117dd3930f1eeb91569a6a61b4c52744c8,MKR,0.50498337
0xf097ed117dd3930f1eeb91569a6a61b4c52744c8,MOON,0.518378
0xf097ed117dd3930f1eeb91569a6a61b4c52744c8,NEAR,0.5134865
0xf097ed117dd3930f1eeb91569a6a61b4c52744c8,OP,0.5193193
0xf097ed117dd3930f1eeb91569a6a61b4c52744c8,PENDLE,0.4850089
0xf097ed117dd3930f1eeb91569a6a61b4c52744c8,PEPE,0.52638817
0xf097ed117dd3930f1eeb91569a6a61b4c52744c8,PERP,0.44795117
0xf097ed117dd3930f1eeb91569a6a61b4c52744c8,PIT,0.52856255
0xf097ed117dd3930f1eeb91569a6a61b4c52744c8,POLS,0.5233657
0xf097ed117dd3930f1eeb91569a6a61b4c52744c8,PYTH,0.5095913
0xf097ed117dd3930f1eeb91569a6a61b4c52744c8,QUACK,0.5241241
0xf097ed117dd3930f1eeb91569a6a61b4c52744c8,RDNT,0.5136614
0xf097ed117dd3930f1eeb91569a6a61b4c52744c8,RNDR,0.5097652
0xf097ed117dd3930f1eeb91569a6a61b4c52744c8,RPL,0.5261725
0xf097ed117dd3930f1eeb91569a6a61b4c52744c8,RUNE,0.46294916
0xf097ed117dd3930f1eeb91569a6a61b4c52744c8,SFP,0.51074356
0xf097ed117dd3930f1eeb91569a6a61b4c52744c8,SFUND,0.52690613
0xf097ed117dd3930f1eeb91569a6a61b4c52744c8,SHIB,0.52632195
0xf097ed117dd3930f1eeb91569a6a61b4c52744c8,SOL,0.48543087
0xf097ed117dd3930f1eeb91569a6a61b4c52744c8,STG,0.52182066
0xf097ed117dd3930f1eeb91569a6a61b4c52744c8,SUI,0.5020684
0xf097ed117dd3930f1eeb91569a6a61b4c52744c8,SUSHI,0.53415364
0xf097ed117dd3930f1eeb91569a6a61b4c52744c8,TIA,0.52210975
0xf097ed117dd3930f1eeb91569a6a61b4c52744c8,TOKEN,0.4722398
0xf097ed117dd3930f1eeb91569a6a61b4c52744c8,TRX,0.5538254
0xf097ed117dd3930f1eeb91569a6a61b4c52744c8,UNI,0.52460366
0xf097ed117dd3930f1eeb91569a6a61b4c52744c8,USDT,0.5902607
0xf097ed117dd3930f1eeb91569a6a61b4c52744c8,XLM,0.4998548
0xf097ed117dd3930f1eeb91569a6a61b4c52744c8,XMR,0.51687723
0xf097ed117dd3930f1eeb91569a6a61b4c52744c8,XRP,0.498518
0xf097ed117dd3930f1eeb91569a6a61b4c52744c8,XTZ,0.5284908
0xf097ed117dd3930f1eeb91569a6a61b4c52744c8,XVS,0.44429132
0xf097ed117dd3930f1eeb91569a6a61b4c52744c8,YFI,0.52769446
0xf5061bd41966374d89ddeada574602b3784e3d98,AAVE,0.48465347
0xf5061bd41966374d89ddeada574602b3784e3d98,ADA,0.53416455
0xf5061bd41966374d89ddeada574602b3784e3d98,ALGO,0.51984775
0xf5061bd41966374d89ddeada574602b3784e3d98,APE,0.5298289
0xf5061bd41966374d89ddeada574602b3784e3d98,APT,0.5090774
0xf5061bd41966374d89ddeada574602b3784e3d98,ATOM,0.5294308
0xf5061bd41966374d89ddeada574602b3784e3d98,AVAX,0.5314051
0xf5061bd41966374d89ddeada574602b3784e3d98,AXS,0.529609
0xf5061bd41966374d89ddeada574602b3784e3d98,BAL,0.51330066
0xf5061bd41966374d89ddeada574602b3784e3d98,BCH,0.5400408
0xf5061bd41966374d89ddeada574602b3784e3d98,BLUR,0.44651666
0xf5061bd41966374d89ddeada574602b3784e3d98,BNB,0.5291858
0xf5061bd41966374d89ddeada574602b3784e3d98,BONK,0.51849616
0xf5061bd41966374d89ddeada574602b3784e3d98,BTC,0.53263587
0xf5061bd41966374d89ddeada574602b3784e3d98,C98,0.50133973
0xf5061bd41966374d89ddeada574602b3784e3d98,CAKE,0.50981665
0xf5061bd41966374d89ddeada574602b3784e3d98,COMP,0.5350879
0xf5061bd41966374d89ddeada574602b3784e3d98,CRV,0.4616869
0xf5061bd41966374d89ddeada574602b3784e3d98,CVX,0.48865223
0xf5061bd41966374d89ddeada574602b3784e3d98,DAI,0.5199099
0xf5061bd41966374d89ddeada574602b3784e3d98,DAO,0.5190468
0xf5061bd41966374d89ddeada574602b3784e3d98,DOGE,0.5355303
0xf5061bd41966374d89ddeada574602b3784e3d98,DOT,0.537086
0xf5061bd41966374d89ddeada574602b3784e3d98,DYDX,0.4805457
0xf5061bd41966374d89ddeada574602b3784e3d98,EOS,0.5338352
0xf5061bd41966374d89ddeada574602b3784e3d98,ETC,0.54356515
0xf5061bd41966374d89ddeada574602b3784e3d98,ETH,0.5596259
0xf5061bd41966374d89ddeada574602b3784e3d98,FET,0.53037244
0xf5061bd41966374d89ddeada574602b3784e3d98,FIL,0.5244057
0xf5061bd41966374d89ddeada574602b3784e3d98,FRAX,0.50152546
0xf5061bd41966374d89ddeada574602b3784e3d98,FTM,0.47702068
0xf5061bd41966374d89ddeada574602b3784e3d98,FXS,0.47660518
0xf5061bd41966374d89ddeada574602b3784e3d98,GRT,0.51638305
0xf5061bd41966374d89ddeada574602b3784e3d98,HAI,0.5137136
0xf5061bd41966374d89ddeada574602b3784e3d98,HERO,0.5158867
0xf5061bd41966374d89ddeada574602b3784e3d98,ICP,0.50300884
0xf5061bd41966374d89ddeada574602b3784e3d98,IMX,0.5219405
0xf5061bd41966374d89ddeada574602b3784e3d98,INJ,0.5044563
0xf5061bd41966374d89ddeada574602b3784e3d98,LDO,0.5185689
0xf5061bd41966374d89ddeada574602b3784e3d98,LINK,0.5409943
0xf5061bd41966374d89ddeada574602b3784e3d98,LTC,0.5322405
0xf5061bd41966374d89ddeada574602b3784e3d98,MATIC,0.5289613
0xf5061bd41966374d89ddeada574602b3784e3d98,MAV,0.4326486
0xf5061bd41966374d89ddeada574602b3784e3d98,MBOX,0.51599157
0xf5061bd41966374d89ddeada574602b3784e3d98,MKR,0.5189909
0xf5061bd41966374d89ddeada574602b3784e3d98,MOON,0.52027714
0xf5061bd41966374d89ddeada574602b3784e3d98,NEAR,0.5008723
0xf5061bd41966374d89ddeada574602b3784e3d98,OP,0.524484
0xf5061bd41966374d89ddeada574602b3784e3d98,PENDLE,0.45652005
0xf5061bd41966374d89ddeada574602b3784e3d98,PEPE,0.519035
0xf5061bd41966374d89ddeada574602b3784e3d98,PERP,0.455031
0xf5061bd41966374d89ddeada574602b3784e3d98,PIT,0.53212225
0xf5061bd41966374d89ddeada574602b3784e3d98,POLS,0.52030486
0xf5061bd41966374d89ddeada574602b3784e3d98,PYTH,0.5115349
0xf5061bd41966374d89ddeada574602b3784e3d98,QUACK,0.5295893
0xf5061bd41966374d89ddeada574602b3784e3d98,RDNT,0.52537346
0xf5061bd41966374d89ddeada574602b3784e3d98,RNDR,0.5164608
0xf5061bd41966374d89ddeada574602b3784e3d98,RPL,0.5139072
0xf5061bd41966374d89ddeada574602b3784e3d98,RUNE,0.44048488
0xf5061bd41966374d89ddeada574602b3784e3d98,SFP,0.51407486
0xf5061bd41966374d89ddeada574602b3784e3d98,SFUND,0.53079534
0xf5061bd41966374d89ddeada574602b3784e3d98,SHIB,0.5368955
0xf5061bd41966374d89ddeada574602b3784e3d98,SOL,0.50796336
0xf5061bd41966374d89ddeada574602b3784e3d98,STG,0.5194365
0xf5061bd41966374d89ddeada574602b3784e3d98,SUI,0.5012093
0xf5061bd41966374d89ddeada574602b3784e3d98,SUSHI,0.5259984
0xf5061bd41966374d89ddeada574602b3784e3d98,TIA,0.52234805
0xf5061bd41966374d89ddeada574602b3784e3d98,TOKEN,0.4488592
0xf5061bd41966374d89ddeada574602b3784e3d98,TRX,0.5229579
0xf5061bd41966374d89ddeada574602b3784e3d98,UNI,0.53078985
0xf5061bd41966374d89ddeada574602b3784e3d98,USDT,0.54266256
0xf5061bd41966374d89ddeada574602b3784e3d98,XLM,0.5147278
0xf5061bd41966374d89ddeada574602b3784e3d98,XMR,0.5320676
0xf5061bd41966374d89ddeada574602b3784e3d98,XRP,0.51451874
0xf5061bd41966374d89ddeada574602b3784e3d98,XTZ,0.5290447
0xf5061bd41966374d89ddeada574602b3784e3d98,XVS,0.49012464
0xf5061bd41966374d89ddeada574602b3784e3d98,YFI,0.5290669
0xf8d50e3283fb6bf41260f7f294a48587d2a9b1fa,AAVE,0.4689443519311839
0xf8d50e3283fb6bf41260f7f294a48587d2a9b1fa,ADA,0.6280990091317434
0xf8d50e3283fb6bf41260f7f294a48587d2a9b1fa,ALGO,0.5529039105470681
0xf8d50e3283fb6bf41260f7f294a48587d2a9b1fa,APE,0.5588021440646321
0xf8d50e3283fb6bf41260f7f294a48587d2a9b1fa,APT,0.4900105545959977
0xf8d50e3283fb6bf41260f7f294a48587d2a9b1fa,ATOM,0.5331991002384903
0xf8d50e3283fb6bf41260f7f294a48587d2a9b1fa,AVAX,0.5270127475770182
0xf8d50e3283fb6bf41260f7f294a48587d2a9b1fa,AXS,0.5789145979599111
0xf8d50e3283fb6bf41260f7f294a48587d2a9b1fa,BAL,0.5605661458004183
0xf8d50e3283fb6bf41260f7f294a48587d2a9b1fa,BCH,0.6253605835468543
0xf8d50e3283fb6bf41260f7f294a48587d2a9b1fa,BLUR,0.4931142241415935
0xf8d50e3283fb6bf41260f7f294a48587d2a9b1fa,BNB,0.5949771947124776
0xf8d50e3283fb6bf41260f7f294a48587d2a9b1fa,BONK,0.4995842072988555
0xf8d50e3283fb6bf41260f7f294a48587d2a9b1fa,BTC,0.5882218579340686
0xf8d50e3283fb6bf41260f7f294a48587d2a9b1fa,C98,0.5454041661104101
0xf8d50e3283fb6bf41260f7f294a48587d2a9b1fa,CAKE,0.5516514502053768
0xf8d50e3283fb6bf41260f7f294a48587d2a9b1fa,COMP,0.5520860094428457
0xf8d50e3283fb6bf41260f7f294a48587d2a9b1fa,CRV,0.5100044540017034
0xf8d50e3283fb6bf41260f7f294a48587d2a9b1fa,CVX,0.5110910050706944
0xf8d50e3283fb6bf41260f7f294a48587d2a9b1fa,DAI,0.6183643003215238
0xf8d50e3283fb6bf41260f7f294a48587d2a9b1fa,DAO,0.5754340746887339
0xf8d50e3283fb6bf41260f7f294a48587d2a9b1fa,DOGE,0.5546230757869653
0xf8d50e3283fb6bf41260f7f294a48587d2a9b1fa,DOT,0.5486947846882676
0xf8d50e3283fb6bf41260f7f294a48587d2a9b1fa,DYDX,0.5383627941856094
0xf8d50e3283fb6bf41260f7f294a48587d2a9b1fa,EOS,0.5506512429910234
0xf8d50e3283fb6bf41260f7f294a48587d2a9b1fa,ETC,0.4748925584986641
0xf8d50e3283fb6bf41260f7f294a48587d2a9b1fa,ETH,0.5672375412017328
0xf8d50e3283fb6bf41260f7f294a48587d2a9b1fa,FET,0.5636572163587314
0xf8d50e3283fb6bf41260f7f294a48587d2a9b1fa,FIL,0.55647909386135
0xf8d50e3283fb6bf41260f7f294a48587d2a9b1fa,FRAX,0.497795756073777
0xf8d50e3283fb6bf41260f7f294a48587d2a9b1fa,FTM,0.4432412355158873
0xf8d50e3283fb6bf41260f7f294a48587d2a9b1fa,FXS,0.462429544063214
0xf8d50e3283fb6bf41260f7f294a48587d2a9b1fa,GRT,0.5427233131314981
0xf8d50e3283fb6bf41260f7f294a48587d2a9b1fa,HAI,0.4821253657476418
0xf8d50e3283fb6bf41260f7f294a48587d2a9b1fa,HERO,0.5087902145323155
0xf8d50e3283fb6bf41260f7f294a48587d2a9b1fa,ICP,0.5103101740933882
0xf8d50e3283fb6bf41260f7f294a48587d2a9b1fa,IMX,0.5621856403662426
0xf8d50e3283fb6bf41260f7f294a48587d2a9b1fa,INJ,0.4970040473180098
0xf8d50e3283fb6bf41260f7f294a48587d2a9b1fa,LDO,0.5503027875469805
0xf8d50e3283fb6bf41260f7f294a48587d2a9b1fa,LINK,0.6043210713063512
0xf8d50e3283fb6bf41260f7f294a48587d2a9b1fa,LTC,0.5724265328204186
0xf8d50e3283fb6bf41260f7f294a48587d2a9b1fa,MATIC,0.6036878633160656
0xf8d50e3283fb6bf41260f7f294a48587d2a9b1fa,MAV,0.4591935700296514
0xf8d50e3283fb6bf41260f7f294a48587d2a9b1fa,MBOX,0.5289426455099233
0xf8d50e3283fb6bf41260f7f294a48587d2a9b1fa,MKR,0.5372259058629479
0xf8d50e3283fb6bf41260f7f294a48587d2a9b1fa,MOON,0.5237937908468989
0xf8d50e3283fb6bf41260f7f294a48587d2a9b1fa,NEAR,0.5273856424713587
0xf8d50e3283fb6bf41260f7f294a48587d2a9b1fa,OP,0.5801838901295022
0xf8d50e3283fb6bf41260f7f294a48587d2a9b1fa,PENDLE,0.5355613286337851
0xf8d50e3283fb6bf41260f7f294a48587d2a9b1fa,PEPE,0.5150408189392283
0xf8d50e3283fb6bf41260f7f294a48587d2a9b1fa,PERP,0.4783386749777166
0xf8d50e3283fb6bf41260f7f294a48587d2a9b1fa,PIT,0.5263880065124598
0xf8d50e3283fb6bf41260f7f294a48587d2a9b1fa,POLS,0.5282009296072657
0xf8d50e3283fb6bf41260f7f294a48587d2a9b1fa,PYTH,0.4928411579511626
0xf8d50e3283fb6bf41260f7f294a48587d2a9b1fa,QUACK,0.5123495565205417
0xf8d50e3283fb6bf41260f7f294a48587d2a9b1fa,RDNT,0.5700784720951201
0xf8d50e3283fb6bf41260f7f294a48587d2a9b1fa,RNDR,0.5701804570670282
0xf8d50e3283fb6bf41260f7f294a48587d2a9b1fa,RPL,0.5248043557280876
0xf8d50e3283fb6bf41260f7f294a48587d2a9b1fa,RUNE,0.474848375205775
0xf8d50e3283fb6bf41260f7f294a48587d2a9b1fa,SFP,0.5272169841617574
0xf8d50e3283fb6bf41260f7f294a48587d2a9b1fa,SFUND,0.5486792457754035
0xf8d50e3283fb6bf41260f7f294a48587d2a9b1fa,SHIB,0.5380068639118726
0xf8d50e3283fb6bf41260f7f294a48587d2a9b1fa,SOL,0.6156062824117352
0xf8d50e3283fb6bf41260f7f294a48587d2a9b1fa,STG,0.5402340099290173
0xf8d50e3283fb6bf41260f7f294a48587d2a9b1fa,SUI,0.4428858251416004
0xf8d50e3283fb6bf41260f7f294a48587d2a9b1fa,SUSHI,0.5488381106290247
0xf8d50e3283fb6bf41260f7f294a48587d2a9b1fa,TIA,0.5221793755197475
0xf8d50e3283fb6bf41260f7f294a48587d2a9b1fa,TOKEN,0.4458585473439303
0xf8d50e3283fb6bf41260f7f294a48587d2a9b1fa,TRX,0.5544661734336253
0xf8d50e3283fb6bf41260f7f294a48587d2a9b1fa,UNI,0.5834399940450472
0xf8d50e3283fb6bf41260f7f294a48587d2a9b1fa,USDT,0.6039934836277415
0xf8d50e3283fb6bf41260f7f294a48587d2a9b1fa,XLM,0.5126058268237443
0xf8d50e3283fb6bf41260f7f294a48587d2a9b1fa,XMR,0.5657394364648993
0xf8d50e3283fb6bf41260f7f294a48587d2a9b1fa,XRP,0.5349294250586347
0xf8d50e3283fb6bf41260f7f294a48587d2a9b1fa,XTZ,0.5295544729783263
0xf8d50e3283fb6bf41260f7f294a48587d2a9b1fa,XVS,0.5298432481642331
0xf8d50e3283fb6bf41260f7f294a48587d2a9b1fa,YFI,0.554516170649728
0xfb2744ba3942d3bbf6717448e82299b731ca7ae7,AAVE,0.4534294749004216
0xfb2744ba3942d3bbf6717448e82299b731ca7ae7,ADA,0.5148870549024162
0xfb2744ba3942d3bbf6717448e82299b731ca7ae7,ALGO,0.5135390272276057
0xfb2744ba3942d3bbf6717448e82299b731ca7ae7,APE,0.571259663724977
0xfb2744ba3942d3bbf6717448e82299b731ca7ae7,APT,0.4798764948804503
0xfb2744ba3942d3bbf6717448e82299b731ca7ae7,ATOM,0.581877704554299
0xfb2744ba3942d3bbf6717448e82299b731ca7ae7,AVAX,0.5489910872360988
0xfb2744ba3942d3bbf6717448e82299b731ca7ae7,AXS,0.5377411788277854
0xfb2744ba3942d3bbf6717448e82299b731ca7ae7,BAL,0.535279631331005
0xfb2744ba3942d3bbf6717448e82299b731ca7ae7,BCH,0.5443922573659699
0xfb2744ba3942d3bbf6717448e82299b731ca7ae7,BLUR,0.4563638837147632
0xfb2744ba3942d3bbf6717448e82299b731ca7ae7,BNB,0.5755553897200854
0xfb2744ba3942d3bbf6717448e82299b731ca7ae7,BONK,0.5300389680465499
0xfb2744ba3942d3bbf6717448e82299b731ca7ae7,BTC,0.6152685180758518
0xfb2744ba3942d3bbf6717448e82299b731ca7ae7,C98,0.5210260441418575
0xfb2744ba3942d3bbf6717448e82299b731ca7ae7,CAKE,0.5049492258045986
0xfb2744ba3942d3bbf6717448e82299b731ca7ae7,COMP,0.5468921281689761
0xfb2744ba3942d3bbf6717448e82299b731ca7ae7,CRV,0.4844968904176501
0xfb2744ba3942d3bbf6717448e82299b731ca7ae7,CVX,0.5169701410709638
0xfb2744ba3942d3bbf6717448e82299b731ca7ae7,DAI,0.5975260519183625
0xfb2744ba3942d3bbf6717448e82299b731ca7ae7,DAO,0.5335064544178165
0xfb2744ba3942d3bbf6717448e82299b731ca7ae7,DOGE,0.5322960194413309
0xfb2744ba3942d3bbf6717448e82299b731ca7ae7,DOT,0.5620009632213812
0xfb2744ba3942d3bbf6717448e82299b731ca7ae7,DYDX,0.4634404723279289
0xfb2744ba3942d3bbf6717448e82299b731ca7ae7,EOS,0.5765501028896514
0xfb2744ba3942d3bbf6717448e82299b731ca7ae7,ETC,0.5692932363208888
0xfb2744ba3942d3bbf6717448e82299b731ca7ae7,ETH,0.583879527694658
0xfb2744ba3942d3bbf6717448e82299b731ca7ae7,FET,0.5384434174705646
0xfb2744ba3942d3bbf6717448e82299b731ca7ae7,FIL,0.5190645986494886
0xfb2744ba3942d3bbf6717448e82299b731ca7ae7,FRAX,0.5350399241254692
0xfb2744ba3942d3bbf6717448e82299b731ca7ae7,FTM,0.4482232604295939
0xfb2744ba3942d3bbf6717448e82299b731ca7ae7,FXS,0.472939936891754
0xfb2744ba3942d3bbf6717448e82299b731ca7ae7,GRT,0.5148252346246769
0xfb2744ba3942d3bbf6717448e82299b731ca7ae7,HAI,0.5394390736251189
0xfb2744ba3942d3bbf6717448e82299b731ca7ae7,HERO,0.5211841902164626
0xfb2744ba3942d3bbf6717448e82299b731ca7ae7,ICP,0.5062420747038682
0xfb2744ba3942d3bbf6717448e82299b731ca7ae7,IMX,0.5420706488701843
0xfb2744ba3942d3bbf6717448e82299b731ca7ae7,INJ,0.5324779345593362
0xfb2744ba3942d3bbf6717448e82299b731ca7ae7,LDO,0.5307941509168573
0xfb2744ba3942d3bbf6717448e82299b731ca7ae7,LINK,0.6019655485045001
0xfb2744ba3942d3bbf6717448e82299b731ca7ae7,LTC,0.549809321744121
0xfb2744ba3942d3bbf6717448e82299b731ca7ae7,MATIC,0.5579120354004355
0xfb2744ba3942d3bbf6717448e82299b731ca7ae7,MAV,0.4566843798383214
0xfb2744ba3942d3bbf6717448e82299b731ca7ae7,MBOX,0.5059246942505599
0xfb2744ba3942d3bbf6717448e82299b731ca7ae7,MKR,0.4959581002614409
0xfb2744ba3942d3bbf6717448e82299b731ca7ae7,MOON,0.563177301372655
0xfb2744ba3942d3bbf6717448e82299b731ca7ae7,NEAR,0.5081763145872402
0xfb2744ba3942d3bbf6717448e82299b731ca7ae7,OP,0.5530100188151936
0xfb2744ba3942d3bbf6717448e82299b731ca7ae7,PENDLE,0.4731590519130907
0xfb2744ba3942d3bbf6717448e82299b731ca7ae7,PEPE,0.5676011116555109
0xfb2744ba3942d3bbf6717448e82299b731ca7ae7,PERP,0.447866555177604
0xfb2744ba3942d3bbf6717448e82299b731ca7ae7,PIT,0.5530273470359648
0xfb2744ba3942d3bbf6717448e82299b731ca7ae7,POLS,0.5248963259950616
0xfb2744ba3942d3bbf6717448e82299b731ca7ae7,PYTH,0.5015401705466851
0xfb2744ba3942d3bbf6717448e82299b731ca7ae7,QUACK,0.532646134091402
0xfb2744ba3942d3bbf6717448e82299b731ca7ae7,RDNT,0.518357650713866
0xfb2744ba3942d3bbf6717448e82299b731ca7ae7,RNDR,0.5458935373033419
0xfb2744ba3942d3bbf6717448e82299b731ca7ae7,RPL,0.5142811467958365
0xfb2744ba3942d3bbf6717448e82299b731ca7ae7,RUNE,0.4170280269456014
0xfb2744ba3942d3bbf6717448e82299b731ca7ae7,SFP,0.5379921474456799
0xfb2744ba3942d3bbf6717448e82299b731ca7ae7,SFUND,0.5205713857551996
0xfb2744ba3942d3bbf6717448e82299b731ca7ae7,SHIB,0.5484111964172546
0xfb2744ba3942d3bbf6717448e82299b731ca7ae7,SOL,0.547353368416357
0xfb2744ba3942d3bbf6717448e82299b731ca7ae7,STG,0.5323177334037282
0xfb2744ba3942d3bbf6717448e82299b731ca7ae7,SUI,0.4432777998118147
0xfb2744ba3942d3bbf6717448e82299b731ca7ae7,SUSHI,0.5480993412519599
0xfb2744ba3942d3bbf6717448e82299b731ca7ae7,TIA,0.4958963763065408
0xfb2744ba3942d3bbf6717448e82299b731ca7ae7,TOKEN,0.4579154498277192
0xfb2744ba3942d3bbf6717448e82299b731ca7ae7,TRX,0.555755792423071
0xfb2744ba3942d3bbf6717448e82299b731ca7ae7,UNI,0.5575167838590849
0xfb2744ba3942d3bbf6717448e82299b731ca7ae7,USDT,0.5913580590405809
0xfb2744ba3942d3bbf6717448e82299b731ca7ae7,XLM,0.5415577920517721
0xfb2744ba3942d3bbf6717448e82299b731ca7ae7,XMR,0.5283680296806483
0xfb2744ba3942d3bbf6717448e82299b731ca7ae7,XRP,0.5181766646488063
0xfb2744ba3942d3bbf6717448e82299b731ca7ae7,XTZ,0.5280526243754956
0xfb2744ba3942d3bbf6717448e82299b731ca7ae7,XVS,0.4523629004494326
0xfb2744ba3942d3bbf6717448e82299b731ca7ae7,YFI,0.5645748748626022
0xfb8bc3433016a64a3b8aa23c0275afe7c20feb53,AAVE,0.4988047
0xfb8bc3433016a64a3b8aa23c0275afe7c20feb53,ADA,0.52210736
0xfb8bc3433016a64a3b8aa23c0275afe7c20feb53,ALGO,0.5201896
0xfb8bc3433016a64a3b8aa23c0275afe7c20feb53,APE,0.5206423
0xfb8bc3433016a64a3b8aa23c0275afe7c20feb53,APT,0.50094867
0xfb8bc3433016a64a3b8aa23c0275afe7c20feb53,ATOM,0.52426505
0xfb8bc3433016a64a3b8aa23c0275afe7c20feb53,AVAX,0.5091051
0xfb8bc3433016a64a3b8aa23c0275afe7c20feb53,AXS,0.5216881
0xfb8bc3433016a64a3b8aa23c0275afe7c20feb53,BAL,0.50944465
0xfb8bc3433016a64a3b8aa23c0275afe7c20feb53,BCH,0.5208457
0xfb8bc3433016a64a3b8aa23c0275afe7c20feb53,BLUR,0.46210337
0xfb8bc3433016a64a3b8aa23c0275afe7c20feb53,BNB,0.52767754
0xfb8bc3433016a64a3b8aa23c0275afe7c20feb53,BONK,0.5085078
0xfb8bc3433016a64a3b8aa23c0275afe7c20feb53,BTC,0.5327658
0xfb8bc3433016a64a3b8aa23c0275afe7c20feb53,C98,0.49999174
0xfb8bc3433016a64a3b8aa23c0275afe7c20feb53,CAKE,0.49881253
0xfb8bc3433016a64a3b8aa23c0275afe7c20feb53,COMP,0.5179189
0xfb8bc3433016a64a3b8aa23c0275afe7c20feb53,CRV,0.46334097
0xfb8bc3433016a64a3b8aa23c0275afe7c20feb53,CVX,0.5081482
0xfb8bc3433016a64a3b8aa23c0275afe7c20feb53,DAI,0.5244733
0xfb8bc3433016a64a3b8aa23c0275afe7c20feb53,DAO,0.5125946
0xfb8bc3433016a64a3b8aa23c0275afe7c20feb53,DOGE,0.52013683
0xfb8bc3433016a64a3b8aa23c0275afe7c20feb53,DOT,0.5190611
0xfb8bc3433016a64a3b8aa23c0275afe7c20feb53,DYDX,0.48837844
0xfb8bc3433016a64a3b8aa23c0275afe7c20feb53,EOS,0.5295118
0xfb8bc3433016a64a3b8aa23c0275afe7c20feb53,ETC,0.52535105
0xfb8bc3433016a64a3b8aa23c0275afe7c20feb53,ETH,0.52315474
0xfb8bc3433016a64a3b8aa23c0275afe7c20feb53,FET,0.51487947
0xfb8bc3433016a64a3b8aa23c0275afe7c20feb53,FIL,0.5198089
0xfb8bc3433016a64a3b8aa23c0275afe7c20feb53,FRAX,0.5421563
0xfb8bc3433016a64a3b8aa23c0275afe7c20feb53,FTM,0.4766423
0xfb8bc3433016a64a3b8aa23c0275afe7c20feb53,FXS,0.4852512
0xfb8bc3433016a64a3b8aa23c0275afe7c20feb53,GRT,0.51152474
0xfb8bc3433016a64a3b8aa23c0275afe7c20feb53,HAI,0.51466733
0xfb8bc3433016a64a3b8aa23c0275afe7c20feb53,HERO,0.51084983
0xfb8bc3433016a64a3b8aa23c0275afe7c20feb53,ICP,0.4993253
0xfb8bc3433016a64a3b8aa23c0275afe7c20feb53,IMX,0.5208825
0xfb8bc3433016a64a3b8aa23c0275afe7c20feb53,INJ,0.5036235
0xfb8bc3433016a64a3b8aa23c0275afe7c20feb53,LDO,0.50491375
0xfb8bc3433016a64a3b8aa23c0275afe7c20feb53,LINK,0.5190637
0xfb8bc3433016a64a3b8aa23c0275afe7c20feb53,LTC,0.52708507
0xfb8bc3433016a64a3b8aa23c0275afe7c20feb53,MATIC,0.5202404
0xfb8bc3433016a64a3b8aa23c0275afe7c20feb53,MAV,0.45085075
0xfb8bc3433016a64a3b8aa23c0275afe7c20feb53,MBOX,0.500298
0xfb8bc3433016a64a3b8aa23c0275afe7c20feb53,MKR,0.50907576
0xfb8bc3433016a64a3b8aa23c0275afe7c20feb53,MOON,0.51795965
0xfb8bc3433016a64a3b8aa23c0275afe7c20feb53,NEAR,0.5047614
0xfb8bc3433016a64a3b8aa23c0275afe7c20feb53,OP,0.50763595
0xfb8bc3433016a64a3b8aa23c0275afe7c20feb53,PENDLE,0.46217948
0xfb8bc3433016a64a3b8aa23c0275afe7c20feb53,PEPE,0.51166356
0xfb8bc3433016a64a3b8aa23c0275afe7c20feb53,PERP,0.46224773
0xfb8bc3433016a64a3b8aa23c0275afe7c20feb53,PIT,0.523751
0xfb8bc3433016a64a3b8aa23c0275afe7c20feb53,POLS,0.5175433
0xfb8bc3433016a64a3b8aa23c0275afe7c20feb53,PYTH,0.5081577
0xfb8bc3433016a64a3b8aa23c0275afe7c20feb53,QUACK,0.5195958
0xfb8bc3433016a64a3b8aa23c0275afe7c20feb53,RDNT,0.5083244
0xfb8bc3433016a64a3b8aa23c0275afe7c20feb53,RNDR,0.5074677
0xfb8bc3433016a64a3b8aa23c0275afe7c20feb53,RPL,0.5126916
0xfb8bc3433016a64a3b8aa23c0275afe7c20feb53,RUNE,0.4651296
0xfb8bc3433016a64a3b8aa23c0275afe7c20feb53,SFP,0.50634354
0xfb8bc3433016a64a3b8aa23c0275afe7c20feb53,SFUND,0.5197972
0xfb8bc3433016a64a3b8aa23c0275afe7c20feb53,SHIB,0.52228
0xfb8bc3433016a64a3b8aa23c0275afe7c20feb53,SOL,0.5154564
0xfb8bc3433016a64a3b8aa23c0275afe7c20feb53,STG,0.5146221
0xfb8bc3433016a64a3b8aa23c0275afe7c20feb53,SUI,0.48276812
0xfb8bc3433016a64a3b8aa23c0275afe7c20feb53,SUSHI,0.5212624
0xfb8bc3433016a64a3b8aa23c0275afe7c20feb53,TIA,0.5152747
0xfb8bc3433016a64a3b8aa23c0275afe7c20feb53,TOKEN,0.48535854
0xfb8bc3433016a64a3b8aa23c0275afe7c20feb53,TRX,0.52805084
0xfb8bc3433016a64a3b8aa23c0275afe7c20feb53,UNI,0.5190544
0xfb8bc3433016a64a3b8aa23c0275afe7c20feb53,USDT,0.53972775
0xfb8bc3433016a64a3b8aa23c0275afe7c20feb53,XLM,0.5016875
0xfb8bc3433016a64a3b8aa23c0275afe7c20feb53,XMR,0.51388747
0xfb8bc3433016a64a3b8aa23c0275afe7c20feb53,XRP,0.49358797
0xfb8bc3433016a64a3b8aa23c0275afe7c20feb53,XTZ,0.5170816
0xfb8bc3433016a64a3b8aa23c0275afe7c20feb53,XVS,0.48052746
0xfb8bc3433016a64a3b8aa23c0275afe7c20feb53,YFI,0.52614826
0xfe3c3f351e6df846566e10119e4295ed69b2cd72,AAVE,0.48099715
0xfe3c3f351e6df846566e10119e4295ed69b2cd72,ADA,0.5165464
0xfe3c3f351e6df846566e10119e4295ed69b2cd72,ALGO,0.5255944
0xfe3c3f351e6df846566e10119e4295ed69b2cd72,APE,0.534075
0xfe3c3f351e6df846566e10119e4295ed69b2cd72,APT,0.50562716
0xfe3c3f351e6df846566e10119e4295ed69b2cd72,ATOM,0.53818244
0xfe3c3f351e6df846566e10119e4295ed69b2cd72,AVAX,0.52212983
0xfe3c3f351e6df846566e10119e4295ed69b2cd72,AXS,0.5333332
0xfe3c3f351e6df846566e10119e4295ed69b2cd72,BAL,0.5119722
0xfe3c3f351e6df846566e10119e4295ed69b2cd72,BCH,0.5222642
0xfe3c3f351e6df846566e10119e4295ed69b2cd72,BLUR,0.45847046
0xfe3c3f351e6df846566e10119e4295ed69b2cd72,BNB,0.5325941
0xfe3c3f351e6df846566e10119e4295ed69b2cd72,BONK,0.51571363
0xfe3c3f351e6df846566e10119e4295ed69b2cd72,BTC,0.5294423
0xfe3c3f351e6df846566e10119e4295ed69b2cd72,C98,0.4904994
0xfe3c3f351e6df846566e10119e4295ed69b2cd72,CAKE,0.50434744
0xfe3c3f351e6df846566e10119e4295ed69b2cd72,COMP,0.5207911
0xfe3c3f351e6df846566e10119e4295ed69b2cd72,CRV,0.42536697
0xfe3c3f351e6df846566e10119e4295ed69b2cd72,CVX,0.5035431
0xfe3c3f351e6df846566e10119e4295ed69b2cd72,DAI,0.5555393
0xfe3c3f351e6df846566e10119e4295ed69b2cd72,DAO,0.53371435
0xfe3c3f351e6df846566e10119e4295ed69b2cd72,DOGE,0.5344379
0xfe3c3f351e6df846566e10119e4295ed69b2cd72,DOT,0.53338915
0xfe3c3f351e6df846566e10119e4295ed69b2cd72,DYDX,0.49071747
0xfe3c3f351e6df846566e10119e4295ed69b2cd72,EOS,0.5371497
0xfe3c3f351e6df846566e10119e4295ed69b2cd72,ETC,0.5407919
0xfe3c3f351e6df846566e10119e4295ed69b2cd72,ETH,0.54379743
0xfe3c3f351e6df846566e10119e4295ed69b2cd72,FET,0.5315745
0xfe3c3f351e6df846566e10119e4295ed69b2cd72,FIL,0.5291077
0xfe3c3f351e6df846566e10119e4295ed69b2cd72,FRAX,0.5716825
0xfe3c3f351e6df846566e10119e4295ed69b2cd72,FTM,0.45692092
0xfe3c3f351e6df846566e10119e4295ed69b2cd72,FXS,0.4864677
0xfe3c3f351e6df846566e10119e4295ed69b2cd72,GRT,0.50710624
0xfe3c3f351e6df846566e10119e4295ed69b2cd72,HAI,0.5244038
0xfe3c3f351e6df846566e10119e4295ed69b2cd72,HERO,0.51817983
0xfe3c3f351e6df846566e10119e4295ed69b2cd72,ICP,0.4959857
0xfe3c3f351e6df846566e10119e4295ed69b2cd72,IMX,0.53404695
0xfe3c3f351e6df846566e10119e4295ed69b2cd72,INJ,0.5133534
0xfe3c3f351e6df846566e10119e4295ed69b2cd72,LDO,0.50375754
0xfe3c3f351e6df846566e10119e4295ed69b2cd72,LINK,0.5452227
0xfe3c3f351e6df846566e10119e4295ed69b2cd72,LTC,0.48543316
0xfe3c3f351e6df846566e10119e4295ed69b2cd72,MATIC,0.530788
0xfe3c3f351e6df846566e10119e4295ed69b2cd72,MAV,0.41023687
0xfe3c3f351e6df846566e10119e4295ed69b2cd72,MBOX,0.50330776
0xfe3c3f351e6df846566e10119e4295ed69b2cd72,MKR,0.4965438
0xfe3c3f351e6df846566e10119e4295ed69b2cd72,MOON,0.5177583
0xfe3c3f351e6df846566e10119e4295ed69b2cd72,NEAR,0.5124262
0xfe3c3f351e6df846566e10119e4295ed69b2cd72,OP,0.5180617
0xfe3c3f351e6df846566e10119e4295ed69b2cd72,PENDLE,0.48542267
0xfe3c3f351e6df846566e10119e4295ed69b2cd72,PEPE,0.52575725
0xfe3c3f351e6df846566e10119e4295ed69b2cd72,PERP,0.44523636
0xfe3c3f351e6df846566e10119e4295ed69b2cd72,PIT,0.52715856
0xfe3c3f351e6df846566e10119e4295ed69b2cd72,POLS,0.52384466
0xfe3c3f351e6df846566e10119e4295ed69b2cd72,PYTH,0.506491
0xfe3c3f351e6df846566e10119e4295ed69b2cd72,QUACK,0.5264545
0xfe3c3f351e6df846566e10119e4295ed69b2cd72,RDNT,0.51437414
0xfe3c3f351e6df846566e10119e4295ed69b2cd72,RNDR,0.51222444
0xfe3c3f351e6df846566e10119e4295ed69b2cd72,RPL,0.51767814
0xfe3c3f351e6df846566e10119e4295ed69b2cd72,RUNE,0.46631113
0xfe3c3f351e6df846566e10119e4295ed69b2cd72,SFP,0.50700474
0xfe3c3f351e6df846566e10119e4295ed69b2cd72,SFUND,0.5262107
0xfe3c3f351e6df846566e10119e4295ed69b2cd72,SHIB,0.53039056
0xfe3c3f351e6df846566e10119e4295ed69b2cd72,SOL,0.4854507
0xfe3c3f351e6df846566e10119e4295ed69b2cd72,STG,0.52121556
0xfe3c3f351e6df846566e10119e4295ed69b2cd72,SUI,0.5007315
0xfe3c3f351e6df846566e10119e4295ed69b2cd72,SUSHI,0.5352005
0xfe3c3f351e6df846566e10119e4295ed69b2cd72,TIA,0.5220124
0xfe3c3f351e6df846566e10119e4295ed69b2cd72,TOKEN,0.47159117
0xfe3c3f351e6df846566e10119e4295ed69b2cd72,TRX,0.5554467
0xfe3c3f351e6df846566e10119e4295ed69b2cd72,UNI,0.524745
0xfe3c3f351e6df846566e10119e4295ed69b2cd72,USDT,0.58925384
0xfe3c3f351e6df846566e10119e4295ed69b2cd72,XLM,0.4996618
0xfe3c3f351e6df846566e10119e4295ed69b2cd72,XMR,0.5164167
0xfe3c3f351e6df846566e10119e4295ed69b2cd72,XRP,0.49654758
0xfe3c3f351e6df846566e10119e4295ed69b2cd72,XTZ,0.5264038
0xfe3c3f351e6df846566e10119e4295ed69b2cd72,XVS,0.44176763
0xfe3c3f351e6df846566e10119e4295ed69b2cd72,YFI,0.5268961
